[2026-09-25 11:05:45.676] [S] {"sid": "20260925_110545", "sys_t": "2026-09-25T11:05:45.676425"}
[2026-09-25 11:05:45.677] [SFX] {"sound": "hack_success", "volume": 0.8}
[2026-09-25 11:05:56.730] [SESSION_RESET] {"msg": "--- NEW LIFE STARTED ---"}
[2026-09-25 11:05:56.778] [S] {"map": "Shadowgrid"}
[2026-09-25 11:05:56.798] [JACK] Ah, im Shadowgrid angekommen... endlich.
[2026-09-25 11:05:57.337] [SFX] {"sound": "civ_move_1", "volume": 0.08}
[2026-09-25 11:05:57.517] [SFX] {"sound": "civ_move_2", "volume": 0.03}
[2026-09-25 11:05:57.739] [SFX] {"sound": "civ_move_1", "volume": 0.07}
[2026-09-25 11:05:57.908] [SFX] {"sound": "civ_move_2", "volume": 0.02}
[2026-09-25 11:05:58.026] [SFX] {"sound": "guardian_move", "volume": 0.01}
[2026-09-25 11:05:58.140] [SFX] {"sound": "civ_move_1", "volume": 0.07}
[2026-09-25 11:05:58.308] [SFX] {"sound": "civ_move_2", "volume": 0.01}
[2026-09-25 11:05:58.555] [SFX] {"sound": "civ_move_1", "volume": 0.06}
[2026-09-25 11:05:58.637] [SFX] {"sound": "guardian_move", "volume": 0.03}
[2026-09-25 11:05:58.966] [SFX] {"sound": "civ_move_1", "volume": 0.06}
[2026-09-25 11:05:59.250] [SFX] {"sound": "guardian_move", "volume": 0.04}
[2026-09-25 11:05:59.378] [SFX] {"sound": "civ_move_1", "volume": 0.05}
[2026-09-25 11:05:59.743] [M] {"button": 1, "pos": [341, 235], "ui_clicked": false}
[2026-09-25 11:05:59.750] [P] {"start": [204, 14], "goal": [206, 20], "length": 3, "is_direction_change": false}
[2026-09-25 11:05:59.751] [SFX] {"sound": "click_target", "volume": 0.65}
[2026-09-25 11:05:59.797] [SFX] {"sound": "player_move", "volume": 0.4}
[2026-09-25 11:05:59.809] [SFX] {"sound": "civ_move_1", "volume": 0.05}
[2026-09-25 11:05:59.855] [SFX] {"sound": "guardian_move", "volume": 0.08}
[2026-09-25 11:05:59.953] [SFX] {"sound": "civ_move_2", "volume": 0.01}
[2026-09-25 11:06:00.069] [SFX] {"sound": "player_move", "volume": 0.4}
[2026-09-25 11:06:00.218] [SFX] {"sound": "civ_move_1", "volume": 0.05}
[2026-09-25 11:06:00.367] [SFX] {"sound": "civ_move_2", "volume": 0.02}
[2026-09-25 11:06:00.465] [SFX] {"sound": "guardian_move", "volume": 0.13}
[2026-09-25 11:06:00.631] [SFX] {"sound": "civ_move_1", "volume": 0.04}
[2026-09-25 11:06:00.781] [SFX] {"sound": "civ_move_2", "volume": 0.02}
[2026-09-25 11:06:01.044] [SFX] {"sound": "civ_move_1", "volume": 0.03}
[2026-09-25 11:06:01.077] [SFX] {"sound": "guardian_move", "volume": 0.14}
[2026-09-25 11:06:01.186] [SFX] {"sound": "civ_move_2", "volume": 0.02}
[2026-09-25 11:06:01.450] [SFX] {"sound": "civ_move_1", "volume": 0.03}
[2026-09-25 11:06:01.600] [SFX] {"sound": "civ_move_2", "volume": 0.02}
[2026-09-25 11:06:01.685] [SFX] {"sound": "guardian_move", "volume": 0.15}
[2026-09-25 11:06:01.851] [SFX] {"sound": "civ_move_1", "volume": 0.02}
[2026-09-25 11:06:02.016] [SFX] {"sound": "civ_move_2", "volume": 0.01}
[2026-09-25 11:06:02.259] [SFX] {"sound": "civ_move_1", "volume": 0.02}
[2026-09-25 11:06:02.294] [SFX] {"sound": "guardian_move", "volume": 0.16}
[2026-09-25 11:06:02.425] [SFX] {"sound": "civ_move_2", "volume": 0.01}
[2026-09-25 11:06:02.659] [SFX] {"sound": "civ_move_1", "volume": 0.01}
[2026-09-25 11:06:02.824] [SFX] {"sound": "civ_move_2", "volume": 0.01}
[2026-09-25 11:06:02.906] [SFX] {"sound": "guardian_move", "volume": 0.17}
[2026-09-25 11:06:03.073] [SFX] {"sound": "civ_move_1", "volume": 0.0}
[2026-09-25 11:06:03.237] [SFX] {"sound": "civ_move_2", "volume": 0.0}
[2026-09-25 11:06:03.520] [SFX] {"sound": "guardian_move", "volume": 0.17}
[2026-09-25 11:06:04.134] [SFX] {"sound": "guardian_move", "volume": 0.18}
[2026-09-25 11:06:05.296] [SFX] {"sound": "civ_move_2", "volume": 0.0}
[2026-09-25 11:06:05.362] [SFX] {"sound": "guardian_move", "volume": 0.17}
[2026-09-25 11:06:05.397] [SFX] {"sound": "civ_move_2", "volume": 0.01}
[2026-09-25 11:06:05.812] [SFX] {"sound": "civ_move_2", "volume": 0.02}
[2026-09-25 11:06:05.965] [SFX] {"sound": "guardian_move", "volume": 0.17}
[2026-09-25 11:06:06.113] [SFX] {"sound": "civ_move_2", "volume": 0.02}
[2026-09-25 11:06:06.213] [SFX] {"sound": "civ_move_2", "volume": 0.03}
[2026-09-25 11:06:06.527] [SFX] {"sound": "civ_move_2", "volume": 0.02}
[2026-09-25 11:06:06.577] [SFX] {"sound": "guardian_move", "volume": 0.16}
[2026-09-25 11:06:06.625] [SFX] {"sound": "civ_move_2", "volume": 0.04}
[2026-09-25 11:06:06.941] [SFX] {"sound": "civ_move_2", "volume": 0.03}
[2026-09-25 11:06:07.039] [SFX] {"sound": "civ_move_2", "volume": 0.05}
[2026-09-25 11:06:07.189] [SFX] {"sound": "guardian_move", "volume": 0.15}
[2026-09-25 11:06:07.354] [SFX] {"sound": "civ_move_2", "volume": 0.03}
[2026-09-25 11:06:07.454] [SFX] {"sound": "civ_move_2", "volume": 0.06}
[2026-09-25 11:06:07.538] [SFX] {"sound": "guardian_move", "volume": 0.01}
[2026-09-25 11:06:07.754] [SFX] {"sound": "civ_move_2", "volume": 0.04}
[2026-09-25 11:06:07.804] [SFX] {"sound": "guardian_move", "volume": 0.14}
[2026-09-25 11:06:07.825] [SFX] {"sound": "civ_move_1", "volume": 0.0}
[2026-09-25 11:06:07.869] [SFX] {"sound": "civ_move_2", "volume": 0.07}
[2026-09-25 11:06:08.150] [SFX] {"sound": "guardian_move", "volume": 0.03}
[2026-09-25 11:06:08.174] [SFX] {"sound": "civ_move_2", "volume": 0.05}
[2026-09-25 11:06:08.233] [SFX] {"sound": "civ_move_1", "volume": 0.01}
[2026-09-25 11:06:08.282] [SFX] {"sound": "civ_move_2", "volume": 0.08}
[2026-09-25 11:06:08.413] [SFX] {"sound": "guardian_move", "volume": 0.13}
[2026-09-25 11:06:08.583] [SFX] {"sound": "civ_move_2", "volume": 0.06}
[2026-09-25 11:06:08.649] [SFX] {"sound": "civ_move_1", "volume": 0.02}
[2026-09-25 11:06:08.699] [SFX] {"sound": "civ_move_2", "volume": 0.09}
[2026-09-25 11:06:08.764] [SFX] {"sound": "guardian_move", "volume": 0.05}
[2026-09-25 11:06:08.996] [SFX] {"sound": "civ_move_2", "volume": 0.07}
[2026-09-25 11:06:09.018] [SFX] {"sound": "guardian_move", "volume": 0.11}
[2026-09-25 11:06:09.063] [SFX] {"sound": "civ_move_1", "volume": 0.03}
[2026-09-25 11:06:09.112] [SFX] {"sound": "civ_move_2", "volume": 0.1}
[2026-09-25 11:06:09.376] [SFX] {"sound": "guardian_move", "volume": 0.07}
[2026-09-25 11:06:09.410] [SFX] {"sound": "civ_move_2", "volume": 0.07}
[2026-09-25 11:06:09.476] [SFX] {"sound": "civ_move_1", "volume": 0.04}
[2026-09-25 11:06:09.527] [SFX] {"sound": "civ_move_2", "volume": 0.1}
[2026-09-25 11:06:09.627] [SFX] {"sound": "guardian_move", "volume": 0.1}
[2026-09-25 11:06:09.825] [SFX] {"sound": "civ_move_2", "volume": 0.08}
[2026-09-25 11:06:09.876] [SFX] {"sound": "civ_move_1", "volume": 0.05}
[2026-09-25 11:06:09.941] [SFX] {"sound": "civ_move_2", "volume": 0.11}
[2026-09-25 11:06:09.990] [SFX] {"sound": "guardian_move", "volume": 0.09}
[2026-09-25 11:06:10.237] [SFX] {"sound": "guardian_move", "volume": 0.08}
[2026-09-25 11:06:10.238] [SFX] {"sound": "civ_move_2", "volume": 0.09}
[2026-09-25 11:06:10.286] [SFX] {"sound": "civ_move_1", "volume": 0.06}
[2026-09-25 11:06:10.351] [SFX] {"sound": "civ_move_2", "volume": 0.12}
[2026-09-25 11:06:10.604] [SFX] {"sound": "guardian_move", "volume": 0.1}
[2026-09-25 11:06:10.637] [SFX] {"sound": "civ_move_2", "volume": 0.09}
[2026-09-25 11:06:10.688] [SFX] {"sound": "civ_move_1", "volume": 0.07}
[2026-09-25 11:06:10.755] [SFX] {"sound": "civ_move_2", "volume": 0.13}
[2026-09-25 11:06:10.838] [SFX] {"sound": "guardian_move", "volume": 0.07}
[2026-09-25 11:06:10.937] [M] {"button": 1, "pos": [330, 234], "ui_clicked": false}
[2026-09-25 11:06:11.051] [SFX] {"sound": "civ_move_2", "volume": 0.1}
[2026-09-25 11:06:11.099] [SFX] {"sound": "civ_move_1", "volume": 0.08}
[2026-09-25 11:06:11.165] [SFX] {"sound": "civ_move_2", "volume": 0.14}
[2026-09-25 11:06:11.215] [SFX] {"sound": "guardian_move", "volume": 0.12}
[2026-09-25 11:06:11.447] [SFX] {"sound": "guardian_move", "volume": 0.05}
[2026-09-25 11:06:11.470] [SFX] {"sound": "civ_move_2", "volume": 0.11}
[2026-09-25 11:06:11.514] [SFX] {"sound": "civ_move_1", "volume": 0.09}
[2026-09-25 11:06:11.580] [SFX] {"sound": "civ_move_2", "volume": 0.15}
[2026-09-25 11:06:11.747] [M] {"button": 1, "pos": [332, 219], "ui_clicked": false}
[2026-09-25 11:06:11.755] [P] {"start": [206, 20], "goal": [207, 24], "length": 2, "is_direction_change": false}
[2026-09-25 11:06:11.756] [SFX] {"sound": "click_target", "volume": 0.7}
[2026-09-25 11:06:11.788] [JACK] Kleine Schritte. Immer auf die Umgebung achten.
[2026-09-25 11:06:11.828] [SFX] {"sound": "guardian_move", "volume": 0.15}
[2026-09-25 11:06:11.878] [SFX] {"sound": "civ_move_2", "volume": 0.13}
[2026-09-25 11:06:11.926] [SFX] {"sound": "civ_move_1", "volume": 0.1}
[2026-09-25 11:06:11.959] [SFX] {"sound": "player_move", "volume": 0.4}
[2026-09-25 11:06:11.994] [SFX] {"sound": "civ_move_2", "volume": 0.16}
[2026-09-25 11:06:12.061] [SFX] {"sound": "guardian_move", "volume": 0.05}
[2026-09-25 11:06:12.291] [SFX] {"sound": "civ_move_2", "volume": 0.13}
[2026-09-25 11:06:12.292] [SFX] {"sound": "civ_move_1", "volume": 0.0}
[2026-09-25 11:06:12.325] [SFX] {"sound": "civ_move_1", "volume": 0.1}
[2026-09-25 11:06:12.406] [SFX] {"sound": "civ_move_2", "volume": 0.17}
[2026-09-25 11:06:12.438] [SFX] {"sound": "guardian_move", "volume": 0.18}
[2026-09-25 11:06:12.670] [SFX] {"sound": "guardian_move", "volume": 0.04}
[2026-09-25 11:06:12.702] [SFX] {"sound": "civ_move_2", "volume": 0.14}
[2026-09-25 11:06:12.703] [SFX] {"sound": "civ_move_1", "volume": 0.01}
[2026-09-25 11:06:12.736] [SFX] {"sound": "civ_move_1", "volume": 0.11}
[2026-09-25 11:06:12.819] [SFX] {"sound": "civ_move_2", "volume": 0.18}
[2026-09-25 11:06:13.057] [SFX] {"sound": "guardian_move", "volume": 0.19}
[2026-09-25 11:06:13.117] [SFX] {"sound": "civ_move_1", "volume": 0.0}
[2026-09-25 11:06:13.118] [SFX] {"sound": "civ_move_2", "volume": 0.15}
[2026-09-25 11:06:13.118] [SFX] {"sound": "civ_move_1", "volume": 0.01}
[2026-09-25 11:06:13.150] [SFX] {"sound": "civ_move_1", "volume": 0.12}
[2026-09-25 11:06:13.233] [SFX] {"sound": "civ_move_2", "volume": 0.19}
[2026-09-25 11:06:13.234] [SFX] {"sound": "civ_move_2", "volume": 0.0}
[2026-09-25 11:06:13.281] [SFX] {"sound": "guardian_move", "volume": 0.03}
[2026-09-25 11:06:13.517] [SFX] {"sound": "civ_move_1", "volume": 0.01}
[2026-09-25 11:06:13.518] [SFX] {"sound": "civ_move_2", "volume": 0.15}
[2026-09-25 11:06:13.518] [SFX] {"sound": "civ_move_1", "volume": 0.02}
[2026-09-25 11:06:13.550] [SFX] {"sound": "civ_move_1", "volume": 0.13}
[2026-09-25 11:06:13.567] [M] {"button": 1, "pos": [292, 201], "ui_clicked": false}
[2026-09-25 11:06:13.575] [P] {"start": [207, 24], "goal": [203, 26], "length": 5, "is_direction_change": false}
[2026-09-25 11:06:13.576] [SFX] {"sound": "click_target", "volume": 0.71}
[2026-09-25 11:06:13.634] [SFX] {"sound": "civ_move_2", "volume": 0.2}
[2026-09-25 11:06:13.635] [SFX] {"sound": "civ_move_2", "volume": 0.0}
[2026-09-25 11:06:13.666] [SFX] {"sound": "guardian_move", "volume": 0.21}
[2026-09-25 11:06:13.847] [SFX] {"sound": "player_move", "volume": 0.4}
[2026-09-25 11:06:13.896] [SFX] {"sound": "guardian_move", "volume": 0.04}
[2026-09-25 11:06:13.931] [SFX] {"sound": "civ_move_1", "volume": 0.03}
[2026-09-25 11:06:13.932] [SFX] {"sound": "civ_move_2", "volume": 0.18}
[2026-09-25 11:06:13.932] [SFX] {"sound": "civ_move_1", "volume": 0.05}
[2026-09-25 11:06:13.964] [SFX] {"sound": "civ_move_1", "volume": 0.19}
[2026-09-25 11:06:14.048] [SFX] {"sound": "civ_move_2", "volume": 0.27}
[2026-09-25 11:06:14.048] [SFX] {"sound": "civ_move_2", "volume": 0.03}
[2026-09-25 11:06:14.145] [C] {"civ_pos": [202, 26]}
[2026-09-25 11:06:14.191] [SFX] {"sound": "player_move", "volume": 0.4}
[2026-09-25 11:06:14.215] [SFX] {"sound": "civ_move_2", "volume": 0.0}
[2026-09-25 11:06:14.281] [SFX] {"sound": "guardian_move", "volume": 0.21}
[2026-09-25 11:06:14.332] [SFX] {"sound": "civ_move_1", "volume": 0.05}
[2026-09-25 11:06:14.333] [SFX] {"sound": "civ_move_2", "volume": 0.17}
[2026-09-25 11:06:14.333] [SFX] {"sound": "civ_move_1", "volume": 0.05}
[2026-09-25 11:06:14.365] [SFX] {"sound": "civ_move_1", "volume": 0.22}
[2026-09-25 11:06:14.447] [SFX] {"sound": "civ_move_2", "volume": 0.29}
[2026-09-25 11:06:14.448] [SFX] {"sound": "civ_move_2", "volume": 0.07}
[2026-09-25 11:06:14.496] [SFX] {"sound": "guardian_move", "volume": 0.04}
[2026-09-25 11:06:14.615] [SFX] {"sound": "civ_move_2", "volume": 0.01}
[2026-09-25 11:06:14.745] [SFX] {"sound": "civ_move_1", "volume": 0.05}
[2026-09-25 11:06:14.745] [SFX] {"sound": "civ_move_2", "volume": 0.17}
[2026-09-25 11:06:14.746] [SFX] {"sound": "civ_move_1", "volume": 0.05}
[2026-09-25 11:06:14.777] [M] {"button": 1, "pos": [292, 201], "ui_clicked": false}
[2026-09-25 11:06:14.785] [SFX] {"sound": "civ_move_1", "volume": 0.23}
[2026-09-25 11:06:14.861] [SFX] {"sound": "civ_move_2", "volume": 0.28}
[2026-09-25 11:06:14.861] [SFX] {"sound": "civ_move_2", "volume": 0.08}
[2026-09-25 11:06:14.892] [SFX] {"sound": "guardian_move", "volume": 0.22}
[2026-09-25 11:06:15.008] [SFX] {"sound": "civ_move_2", "volume": 0.0}
[2026-09-25 11:06:15.032] [SFX] {"sound": "civ_move_2", "volume": 0.02}
[2026-09-25 11:06:15.108] [SFX] {"sound": "guardian_move", "volume": 0.03}
[2026-09-25 11:06:15.157] [SFX] {"sound": "civ_move_1", "volume": 0.06}
[2026-09-25 11:06:15.158] [SFX] {"sound": "civ_move_2", "volume": 0.18}
[2026-09-25 11:06:15.159] [SFX] {"sound": "civ_move_1", "volume": 0.05}
[2026-09-25 11:06:15.191] [SFX] {"sound": "civ_move_1", "volume": 0.25}
[2026-09-25 11:06:15.240] [M] {"button": 1, "pos": [363, 209], "ui_clicked": false}
[2026-09-25 11:06:15.272] [SFX] {"sound": "civ_move_2", "volume": 0.22}
[2026-09-25 11:06:15.273] [SFX] {"sound": "civ_move_2", "volume": 0.09}
[2026-09-25 11:06:15.421] [SFX] {"sound": "civ_move_2", "volume": 0.01}
[2026-09-25 11:06:15.444] [SFX] {"sound": "civ_move_2", "volume": 0.04}
[2026-09-25 11:06:15.504] [SFX] {"sound": "guardian_move", "volume": 0.22}
[2026-09-25 11:06:15.573] [SFX] {"sound": "civ_move_1", "volume": 0.06}
[2026-09-25 11:06:15.573] [SFX] {"sound": "civ_move_2", "volume": 0.19}
[2026-09-25 11:06:15.574] [SFX] {"sound": "civ_move_1", "volume": 0.06}
[2026-09-25 11:06:15.604] [SFX] {"sound": "civ_move_1", "volume": 0.26}
[2026-09-25 11:06:15.686] [SFX] {"sound": "civ_move_2", "volume": 0.22}
[2026-09-25 11:06:15.687] [SFX] {"sound": "civ_move_2", "volume": 0.1}
[2026-09-25 11:06:15.719] [SFX] {"sound": "guardian_move", "volume": 0.01}
[2026-09-25 11:06:15.836] [SFX] {"sound": "civ_move_2", "volume": 0.02}
[2026-09-25 11:06:15.859] [SFX] {"sound": "civ_move_2", "volume": 0.05}
[2026-09-25 11:06:15.985] [M] {"button": 4, "pos": [325, 216], "ui_clicked": false}
[2026-09-25 11:06:15.993] [SFX] {"sound": "civ_move_1", "volume": 0.07}
[2026-09-25 11:06:15.993] [SFX] {"sound": "civ_move_2", "volume": 0.19}
[2026-09-25 11:06:15.994] [SFX] {"sound": "civ_move_1", "volume": 0.06}
[2026-09-25 11:06:16.018] [M] {"button": 4, "pos": [325, 216], "ui_clicked": false}
[2026-09-25 11:06:16.025] [SFX] {"sound": "civ_move_1", "volume": 0.27}
[2026-09-25 11:06:16.051] [M] {"button": 4, "pos": [325, 216], "ui_clicked": false}
[2026-09-25 11:06:16.102] [SFX] {"sound": "civ_move_2", "volume": 0.21}
[2026-09-25 11:06:16.103] [SFX] {"sound": "civ_move_2", "volume": 0.12}
[2026-09-25 11:06:16.123] [SFX] {"sound": "guardian_move", "volume": 0.22}
[2026-09-25 11:06:16.249] [SFX] {"sound": "civ_move_2", "volume": 0.02}
[2026-09-25 11:06:16.271] [SFX] {"sound": "civ_move_2", "volume": 0.06}
[2026-09-25 11:06:16.331] [SFX] {"sound": "guardian_move", "volume": 0.0}
[2026-09-25 11:06:16.347] [M] {"button": 4, "pos": [325, 216], "ui_clicked": false}
[2026-09-25 11:06:16.397] [SFX] {"sound": "civ_move_1", "volume": 0.08}
[2026-09-25 11:06:16.397] [SFX] {"sound": "civ_move_2", "volume": 0.2}
[2026-09-25 11:06:16.399] [SFX] {"sound": "civ_move_1", "volume": 0.06}
[2026-09-25 11:06:16.412] [M] {"button": 4, "pos": [326, 215], "ui_clicked": false}
[2026-09-25 11:06:16.429] [SFX] {"sound": "civ_move_1", "volume": 0.28}
[2026-09-25 11:06:16.511] [SFX] {"sound": "civ_move_2", "volume": 0.2}
[2026-09-25 11:06:16.511] [SFX] {"sound": "civ_move_2", "volume": 0.13}
[2026-09-25 11:06:16.646] [C] {"civ_pos": [201, 26]}
[2026-09-25 11:06:16.707] [SFX] {"sound": "civ_move_2", "volume": 0.03}
[2026-09-25 11:06:16.719] [SFX] {"sound": "civ_move_2", "volume": 0.07}
[2026-09-25 11:06:16.738] [SFX] {"sound": "guardian_move", "volume": 0.22}
[2026-09-25 11:06:16.747] [M] {"button": 4, "pos": [326, 215], "ui_clicked": false}
[2026-09-25 11:06:16.797] [SFX] {"sound": "civ_move_1", "volume": 0.09}
[2026-09-25 11:06:16.798] [SFX] {"sound": "civ_move_2", "volume": 0.21}
[2026-09-25 11:06:16.798] [SFX] {"sound": "civ_move_1", "volume": 0.06}
[2026-09-25 11:06:16.845] [SFX] {"sound": "civ_move_1", "volume": 0.3}
[2026-09-25 11:06:16.912] [SFX] {"sound": "civ_move_2", "volume": 0.19}
[2026-09-25 11:06:16.912] [SFX] {"sound": "civ_move_2", "volume": 0.14}
[2026-09-25 11:06:17.076] [SFX] {"sound": "civ_move_2", "volume": 0.04}
[2026-09-25 11:06:17.125] [SFX] {"sound": "civ_move_2", "volume": 0.09}
[2026-09-25 11:06:17.207] [SFX] {"sound": "civ_move_1", "volume": 0.09}
[2026-09-25 11:06:17.207] [SFX] {"sound": "civ_move_2", "volume": 0.22}
[2026-09-25 11:06:17.208] [SFX] {"sound": "civ_move_1", "volume": 0.06}
[2026-09-25 11:06:17.256] [SFX] {"sound": "civ_move_1", "volume": 0.29}
[2026-09-25 11:06:17.320] [SFX] {"sound": "civ_move_2", "volume": 0.18}
[2026-09-25 11:06:17.320] [SFX] {"sound": "civ_move_2", "volume": 0.15}
[2026-09-25 11:06:17.341] [SFX] {"sound": "guardian_move", "volume": 0.22}
[2026-09-25 11:06:17.486] [SFX] {"sound": "civ_move_2", "volume": 0.04}
[2026-09-25 11:06:17.535] [SFX] {"sound": "civ_move_2", "volume": 0.1}
[2026-09-25 11:06:17.618] [SFX] {"sound": "civ_move_1", "volume": 0.1}
[2026-09-25 11:06:17.618] [SFX] {"sound": "civ_move_2", "volume": 0.22}
[2026-09-25 11:06:17.619] [SFX] {"sound": "civ_move_1", "volume": 0.06}
[2026-09-25 11:06:17.667] [SFX] {"sound": "civ_move_1", "volume": 0.28}
[2026-09-25 11:06:17.734] [SFX] {"sound": "civ_move_2", "volume": 0.17}
[2026-09-25 11:06:17.901] [SFX] {"sound": "civ_move_2", "volume": 0.05}
[2026-09-25 11:06:17.951] [SFX] {"sound": "guardian_move", "volume": 0.21}
[2026-09-25 11:06:17.952] [SFX] {"sound": "civ_move_2", "volume": 0.11}
[2026-09-25 11:06:18.018] [SFX] {"sound": "civ_move_1", "volume": 0.11}
[2026-09-25 11:06:18.018] [SFX] {"sound": "civ_move_2", "volume": 0.29}
[2026-09-25 11:06:18.019] [SFX] {"sound": "civ_move_1", "volume": 0.06}
[2026-09-25 11:06:18.084] [SFX] {"sound": "civ_move_1", "volume": 0.22}
[2026-09-25 11:06:18.150] [SFX] {"sound": "civ_move_2", "volume": 0.16}
[2026-09-25 11:06:18.151] [SFX] {"sound": "civ_move_2", "volume": 0.18}
[2026-09-25 11:06:18.314] [SFX] {"sound": "civ_move_2", "volume": 0.05}
[2026-09-25 11:06:18.364] [SFX] {"sound": "civ_move_2", "volume": 0.12}
[2026-09-25 11:06:18.429] [SFX] {"sound": "civ_move_1", "volume": 0.12}
[2026-09-25 11:06:18.430] [SFX] {"sound": "civ_move_2", "volume": 0.3}
[2026-09-25 11:06:18.430] [SFX] {"sound": "civ_move_1", "volume": 0.07}
[2026-09-25 11:06:18.494] [SFX] {"sound": "civ_move_1", "volume": 0.21}
[2026-09-25 11:06:18.561] [SFX] {"sound": "guardian_move", "volume": 0.2}
[2026-09-25 11:06:18.562] [SFX] {"sound": "civ_move_2", "volume": 0.16}
[2026-09-25 11:06:18.562] [SFX] {"sound": "civ_move_2", "volume": 0.19}
[2026-09-25 11:06:18.727] [SFX] {"sound": "civ_move_2", "volume": 0.06}
[2026-09-25 11:06:18.776] [SFX] {"sound": "civ_move_2", "volume": 0.14}
[2026-09-25 11:06:18.843] [SFX] {"sound": "civ_move_1", "volume": 0.13}
[2026-09-25 11:06:18.844] [SFX] {"sound": "civ_move_1", "volume": 0.08}
[2026-09-25 11:06:18.865] [SFX] {"sound": "civ_move_2", "volume": 0.3}
[2026-09-25 11:06:18.910] [SFX] {"sound": "civ_move_1", "volume": 0.21}
[2026-09-25 11:06:18.977] [SFX] {"sound": "civ_move_2", "volume": 0.16}
[2026-09-25 11:06:18.977] [SFX] {"sound": "civ_move_2", "volume": 0.2}
[2026-09-25 11:06:19.126] [SFX] {"sound": "civ_move_2", "volume": 0.06}
[2026-09-25 11:06:19.159] [C] {"civ_pos": [203, 26]}
[2026-09-25 11:06:19.210] [JACK] Schon wieder ein ziviler Datenknoten auf unserem Schirm.
[2026-09-25 11:06:19.211] [SFX] {"sound": "guardian_move", "volume": 0.18}
[2026-09-25 11:06:19.212] [SFX] {"sound": "civ_move_2", "volume": 0.15}
[2026-09-25 11:06:19.253] [SFX] {"sound": "civ_move_1", "volume": 0.13}
[2026-09-25 11:06:19.253] [SFX] {"sound": "civ_move_1", "volume": 0.09}
[2026-09-25 11:06:19.275] [SFX] {"sound": "civ_move_2", "volume": 0.29}
[2026-09-25 11:06:19.319] [SFX] {"sound": "civ_move_1", "volume": 0.26}
[2026-09-25 11:06:19.386] [SFX] {"sound": "civ_move_2", "volume": 0.15}
[2026-09-25 11:06:19.387] [SFX] {"sound": "civ_move_2", "volume": 0.22}
[2026-09-25 11:06:19.537] [SFX] {"sound": "civ_move_2", "volume": 0.07}
[2026-09-25 11:06:19.589] [SFX] {"sound": "civ_move_2", "volume": 0.16}
[2026-09-25 11:06:19.654] [SFX] {"sound": "civ_move_1", "volume": 0.14}
[2026-09-25 11:06:19.655] [SFX] {"sound": "civ_move_1", "volume": 0.1}
[2026-09-25 11:06:19.682] [SFX] {"sound": "civ_move_2", "volume": 0.28}
[2026-09-25 11:06:19.722] [SFX] {"sound": "civ_move_1", "volume": 0.26}
[2026-09-25 11:06:19.788] [SFX] {"sound": "guardian_move", "volume": 0.17}
[2026-09-25 11:06:19.788] [SFX] {"sound": "civ_move_2", "volume": 0.15}
[2026-09-25 11:06:19.789] [SFX] {"sound": "civ_move_2", "volume": 0.23}
[2026-09-25 11:06:19.952] [SFX] {"sound": "civ_move_2", "volume": 0.08}
[2026-09-25 11:06:20.003] [SFX] {"sound": "civ_move_2", "volume": 0.17}
[2026-09-25 11:06:20.068] [SFX] {"sound": "civ_move_1", "volume": 0.15}
[2026-09-25 11:06:20.069] [SFX] {"sound": "civ_move_1", "volume": 0.11}
[2026-09-25 11:06:20.091] [SFX] {"sound": "civ_move_2", "volume": 0.22}
[2026-09-25 11:06:20.136] [SFX] {"sound": "civ_move_1", "volume": 0.27}
[2026-09-25 11:06:20.203] [SFX] {"sound": "civ_move_2", "volume": 0.14}
[2026-09-25 11:06:20.204] [SFX] {"sound": "civ_move_2", "volume": 0.24}
[2026-09-25 11:06:20.354] [SFX] {"sound": "civ_move_2", "volume": 0.09}
[2026-09-25 11:06:20.387] [SFX] {"sound": "guardian_move", "volume": 0.15}
[2026-09-25 11:06:20.410] [SFX] {"sound": "civ_move_2", "volume": 0.19}
[2026-09-25 11:06:20.470] [SFX] {"sound": "civ_move_1", "volume": 0.15}
[2026-09-25 11:06:20.471] [SFX] {"sound": "civ_move_1", "volume": 0.12}
[2026-09-25 11:06:20.493] [SFX] {"sound": "civ_move_2", "volume": 0.22}
[2026-09-25 11:06:20.537] [SFX] {"sound": "civ_move_1", "volume": 0.27}
[2026-09-25 11:06:20.617] [SFX] {"sound": "civ_move_2", "volume": 0.13}
[2026-09-25 11:06:20.640] [SFX] {"sound": "civ_move_2", "volume": 0.25}
[2026-09-25 11:06:20.766] [SFX] {"sound": "civ_move_2", "volume": 0.1}
[2026-09-25 11:06:20.816] [SFX] {"sound": "civ_move_2", "volume": 0.2}
[2026-09-25 11:06:20.850] [M] {"button": 1, "pos": [167, 196], "ui_clicked": false}
[2026-09-25 11:06:20.857] [SFX] {"sound": "civ_move_1", "volume": 0.0}
[2026-09-25 11:06:20.858] [SFX] {"sound": "click_target", "volume": 0.7}
[2026-09-25 11:06:20.882] [SFX] {"sound": "civ_move_1", "volume": 0.16}
[2026-09-25 11:06:20.883] [SFX] {"sound": "civ_move_1", "volume": 0.13}
[2026-09-25 11:06:20.904] [SFX] {"sound": "civ_move_2", "volume": 0.2}
[2026-09-25 11:06:20.951] [SFX] {"sound": "civ_move_1", "volume": 0.25}
[2026-09-25 11:06:20.973] [SFX] {"sound": "threat_pulse", "volume": 0.3}
[2026-09-25 11:06:21.000] [SFX] {"sound": "guardian_move", "volume": 0.16}
[2026-09-25 11:06:21.032] [SFX] {"sound": "civ_move_2", "volume": 0.11}
[2026-09-25 11:06:21.057] [SFX] {"sound": "civ_move_2", "volume": 0.29}
[2026-09-25 11:06:21.116] [SFX] {"sound": "player_move", "volume": 0.4}
[2026-09-25 11:06:21.180] [SFX] {"sound": "civ_move_2", "volume": 0.12}
[2026-09-25 11:06:21.231] [SFX] {"sound": "civ_move_2", "volume": 0.24}
[2026-09-25 11:06:21.264] [SFX] {"sound": "civ_move_1", "volume": 0.02}
[2026-09-25 11:06:21.297] [SFX] {"sound": "civ_move_1", "volume": 0.17}
[2026-09-25 11:06:21.297] [SFX] {"sound": "civ_move_1", "volume": 0.13}
[2026-09-25 11:06:21.319] [SFX] {"sound": "civ_move_2", "volume": 0.19}
[2026-09-25 11:06:21.362] [SFX] {"sound": "civ_move_1", "volume": 0.23}
[2026-09-25 11:06:21.430] [M] {"button": 1, "pos": [167, 196], "ui_clicked": false}
[2026-09-25 11:06:21.437] [SFX] {"sound": "player_move", "volume": 0.4}
[2026-09-25 11:06:21.438] [SFX] {"sound": "action_cancel", "volume": 1.0}
[2026-09-25 11:06:21.438] [P] {"start": [199, 26], "goal": [195, 26], "length": 1, "is_direction_change": false}
[2026-09-25 11:06:21.439] [SFX] {"sound": "click_target", "volume": 0.71}
[2026-09-25 11:06:21.471] [SFX] {"sound": "civ_move_2", "volume": 0.1}
[2026-09-25 11:06:21.483] [SFX] {"sound": "civ_move_2", "volume": 0.29}
[2026-09-25 11:06:21.592] [SFX] {"sound": "civ_move_2", "volume": 0.14}
[2026-09-25 11:06:21.615] [SFX] {"sound": "guardian_move", "volume": 0.17}
[2026-09-25 11:06:21.643] [SFX] {"sound": "civ_move_2", "volume": 0.28}
[2026-09-25 11:06:21.674] [SFX] {"sound": "civ_move_1", "volume": 0.05}
[2026-09-25 11:06:21.697] [C] {"civ_pos": [193, 26]}
[2026-09-25 11:06:21.720] [SFX] {"sound": "civ_move_1", "volume": 0.16}
[2026-09-25 11:06:21.721] [SFX] {"sound": "civ_move_1", "volume": 0.13}
[2026-09-25 11:06:21.734] [SFX] {"sound": "civ_move_2", "volume": 0.16}
[2026-09-25 11:06:21.777] [SFX] {"sound": "civ_move_1", "volume": 0.2}
[2026-09-25 11:06:21.859] [SFX] {"sound": "civ_move_2", "volume": 0.06}
[2026-09-25 11:06:21.894] [SFX] {"sound": "civ_move_2", "volume": 0.25}
[2026-09-25 11:06:22.006] [SFX] {"sound": "civ_move_2", "volume": 0.15}
[2026-09-25 11:06:22.056] [SFX] {"sound": "civ_move_2", "volume": 0.3}
[2026-09-25 11:06:22.089] [SFX] {"sound": "civ_move_1", "volume": 0.05}
[2026-09-25 11:06:22.122] [SFX] {"sound": "civ_move_1", "volume": 0.16}
[2026-09-25 11:06:22.123] [SFX] {"sound": "civ_move_1", "volume": 0.14}
[2026-09-25 11:06:22.139] [M] {"button": 1, "pos": [167, 196], "ui_clicked": false}
[2026-09-25 11:06:22.147] [SFX] {"sound": "civ_move_2", "volume": 0.15}
[2026-09-25 11:06:22.148] [P] {"start": [195, 26], "goal": [190, 26], "length": 1, "is_direction_change": false}
[2026-09-25 11:06:22.148] [SFX] {"sound": "click_target", "volume": 0.71}
[2026-09-25 11:06:22.189] [SFX] {"sound": "civ_move_1", "volume": 0.2}
[2026-09-25 11:06:22.222] [SFX] {"sound": "player_move", "volume": 0.4}
[2026-09-25 11:06:22.223] [SFX] {"sound": "guardian_move", "volume": 0.17}
[2026-09-25 11:06:22.274] [SFX] {"sound": "civ_move_2", "volume": 0.04}
[2026-09-25 11:06:22.304] [SFX] {"sound": "civ_move_2", "volume": 0.21}
[2026-09-25 11:06:22.419] [SFX] {"sound": "civ_move_2", "volume": 0.17}
[2026-09-25 11:06:22.469] [SFX] {"sound": "civ_move_2", "volume": 0.26}
[2026-09-25 11:06:22.502] [SFX] {"sound": "civ_move_1", "volume": 0.08}
[2026-09-25 11:06:22.535] [SFX] {"sound": "civ_move_1", "volume": 0.13}
[2026-09-25 11:06:22.536] [SFX] {"sound": "civ_move_1", "volume": 0.12}
[2026-09-25 11:06:22.557] [SFX] {"sound": "civ_move_2", "volume": 0.12}
[2026-09-25 11:06:22.600] [SFX] {"sound": "civ_move_1", "volume": 0.17}
[2026-09-25 11:06:22.685] [SFX] {"sound": "civ_move_2", "volume": 0.03}
[2026-09-25 11:06:22.718] [SFX] {"sound": "civ_move_2", "volume": 0.19}
[2026-09-25 11:06:22.819] [SFX] {"sound": "civ_move_2", "volume": 0.17}
[2026-09-25 11:06:22.843] [SFX] {"sound": "guardian_move", "volume": 0.17}
[2026-09-25 11:06:22.870] [SFX] {"sound": "civ_move_2", "volume": 0.24}
[2026-09-25 11:06:22.903] [SFX] {"sound": "civ_move_1", "volume": 0.09}
[2026-09-25 11:06:22.937] [SFX] {"sound": "civ_move_1", "volume": 0.13}
[2026-09-25 11:06:22.937] [SFX] {"sound": "civ_move_1", "volume": 0.11}
[2026-09-25 11:06:22.959] [SFX] {"sound": "civ_move_2", "volume": 0.12}
[2026-09-25 11:06:23.002] [SFX] {"sound": "civ_move_1", "volume": 0.17}
[2026-09-25 11:06:23.085] [SFX] {"sound": "civ_move_2", "volume": 0.02}
[2026-09-25 11:06:23.118] [SFX] {"sound": "civ_move_2", "volume": 0.14}
[2026-09-25 11:06:23.233] [SFX] {"sound": "civ_move_2", "volume": 0.17}
[2026-09-25 11:06:23.284] [SFX] {"sound": "civ_move_2", "volume": 0.23}
[2026-09-25 11:06:23.317] [SFX] {"sound": "civ_move_1", "volume": 0.1}
[2026-09-25 11:06:23.350] [SFX] {"sound": "civ_move_1", "volume": 0.12}
[2026-09-25 11:06:23.351] [SFX] {"sound": "civ_move_1", "volume": 0.1}
[2026-09-25 11:06:23.372] [SFX] {"sound": "civ_move_2", "volume": 0.13}
[2026-09-25 11:06:23.415] [SFX] {"sound": "civ_move_1", "volume": 0.16}
[2026-09-25 11:06:23.449] [M] {"button": 1, "pos": [167, 196], "ui_clicked": false}
[2026-09-25 11:06:23.456] [SFX] {"sound": "guardian_move", "volume": 0.16}
[2026-09-25 11:06:23.456] [P] {"start": [190, 26], "goal": [185, 26], "length": 1, "is_direction_change": false}
[2026-09-25 11:06:23.457] [SFX] {"sound": "click_target", "volume": 0.7}
[2026-09-25 11:06:23.502] [SFX] {"sound": "civ_move_2", "volume": 0.01}
[2026-09-25 11:06:23.526] [SFX] {"sound": "civ_move_2", "volume": 0.13}
[2026-09-25 11:06:23.601] [SFX] {"sound": "player_move", "volume": 0.4}
[2026-09-25 11:06:23.649] [SFX] {"sound": "civ_move_2", "volume": 0.15}
[2026-09-25 11:06:23.699] [SFX] {"sound": "civ_move_2", "volume": 0.18}
[2026-09-25 11:06:23.699] [SFX] {"sound": "civ_move_2", "volume": 0.03}
[2026-09-25 11:06:23.731] [SFX] {"sound": "civ_move_1", "volume": 0.12}
[2026-09-25 11:06:23.764] [SFX] {"sound": "civ_move_1", "volume": 0.1}
[2026-09-25 11:06:23.765] [SFX] {"sound": "civ_move_1", "volume": 0.07}
[2026-09-25 11:06:23.787] [SFX] {"sound": "civ_move_2", "volume": 0.12}
[2026-09-25 11:06:23.831] [SFX] {"sound": "civ_move_1", "volume": 0.12}
[2026-09-25 11:06:23.930] [SFX] {"sound": "civ_move_2", "volume": 0.1}
[2026-09-25 11:06:24.062] [SFX] {"sound": "guardian_move", "volume": 0.17}
[2026-09-25 11:06:24.063] [SFX] {"sound": "civ_move_2", "volume": 0.15}
[2026-09-25 11:06:24.109] [SFX] {"sound": "civ_move_2", "volume": 0.17}
[2026-09-25 11:06:24.110] [SFX] {"sound": "civ_move_2", "volume": 0.04}
[2026-09-25 11:06:24.142] [SFX] {"sound": "civ_move_1", "volume": 0.13}
[2026-09-25 11:06:24.174] [SFX] {"sound": "civ_move_1", "volume": 0.1}
[2026-09-25 11:06:24.174] [SFX] {"sound": "civ_move_1", "volume": 0.06}
[2026-09-25 11:06:24.195] [SFX] {"sound": "civ_move_2", "volume": 0.12}
[2026-09-25 11:06:24.240] [SFX] {"sound": "civ_move_1", "volume": 0.12}
[2026-09-25 11:06:24.341] [SFX] {"sound": "civ_move_2", "volume": 0.1}
[2026-09-25 11:06:24.475] [SFX] {"sound": "civ_move_2", "volume": 0.14}
[2026-09-25 11:06:24.525] [SFX] {"sound": "civ_move_2", "volume": 0.16}
[2026-09-25 11:06:24.526] [SFX] {"sound": "civ_move_2", "volume": 0.05}
[2026-09-25 11:06:24.548] [SFX] {"sound": "civ_move_1", "volume": 0.14}
[2026-09-25 11:06:24.574] [SFX] {"sound": "civ_move_1", "volume": 0.11}
[2026-09-25 11:06:24.574] [SFX] {"sound": "civ_move_1", "volume": 0.05}
[2026-09-25 11:06:24.599] [SFX] {"sound": "civ_move_2", "volume": 0.13}
[2026-09-25 11:06:24.655] [M] {"button": 1, "pos": [167, 196], "ui_clicked": false}
[2026-09-25 11:06:24.661] [SFX] {"sound": "civ_move_1", "volume": 0.12}
[2026-09-25 11:06:24.662] [P] {"start": [185, 26], "goal": [180, 26], "length": 1, "is_direction_change": false}
[2026-09-25 11:06:24.663] [SFX] {"sound": "click_target", "volume": 0.7}
[2026-09-25 11:06:24.685] [SFX] {"sound": "guardian_move", "volume": 0.15}
[2026-09-25 11:06:24.742] [SFX] {"sound": "civ_move_2", "volume": 0.11}
[2026-09-25 11:06:24.859] [SFX] {"sound": "player_move", "volume": 0.4}
[2026-09-25 11:06:24.882] [SFX] {"sound": "civ_move_2", "volume": 0.11}
[2026-09-25 11:06:24.925] [SFX] {"sound": "civ_move_2", "volume": 0.1}
[2026-09-25 11:06:24.947] [SFX] {"sound": "civ_move_1", "volume": 0.16}
[2026-09-25 11:06:24.976] [SFX] {"sound": "civ_move_1", "volume": 0.08}
[2026-09-25 11:06:24.977] [SFX] {"sound": "civ_move_1", "volume": 0.01}
[2026-09-25 11:06:24.999] [SFX] {"sound": "civ_move_2", "volume": 0.12}
[2026-09-25 11:06:25.058] [SFX] {"sound": "civ_move_1", "volume": 0.07}
[2026-09-25 11:06:25.141] [SFX] {"sound": "civ_move_2", "volume": 0.09}
[2026-09-25 11:06:25.223] [M] {"button": 1, "pos": [167, 196], "ui_clicked": false}
[2026-09-25 11:06:25.232] [P] {"start": [180, 26], "goal": [175, 26], "length": 1, "is_direction_change": false}
[2026-09-25 11:06:25.233] [SFX] {"sound": "click_target", "volume": 0.71}
[2026-09-25 11:06:25.265] [JACK] Vorsichtig vorantasten...
[2026-09-25 11:06:25.289] [SFX] {"sound": "guardian_move", "volume": 0.15}
[2026-09-25 11:06:25.290] [SFX] {"sound": "civ_move_2", "volume": 0.09}
[2026-09-25 11:06:25.338] [SFX] {"sound": "civ_move_2", "volume": 0.07}
[2026-09-25 11:06:25.339] [SFX] {"sound": "civ_move_2", "volume": 0.13}
[2026-09-25 11:06:25.361] [SFX] {"sound": "civ_move_1", "volume": 0.17}
[2026-09-25 11:06:25.388] [SFX] {"sound": "civ_move_1", "volume": 0.06}
[2026-09-25 11:06:25.389] [SFX] {"sound": "civ_move_1", "volume": 0.02}
[2026-09-25 11:06:25.410] [SFX] {"sound": "civ_move_2", "volume": 0.11}
[2026-09-25 11:06:25.472] [SFX] {"sound": "civ_move_1", "volume": 0.03}
[2026-09-25 11:06:25.555] [SFX] {"sound": "civ_move_2", "volume": 0.07}
[2026-09-25 11:06:25.703] [SFX] {"sound": "civ_move_2", "volume": 0.06}
[2026-09-25 11:06:25.736] [SFX] {"sound": "civ_move_2", "volume": 0.01}
[2026-09-25 11:06:25.761] [SFX] {"sound": "civ_move_2", "volume": 0.05}
[2026-09-25 11:06:25.762] [SFX] {"sound": "civ_move_2", "volume": 0.16}
[2026-09-25 11:06:25.775] [SFX] {"sound": "civ_move_1", "volume": 0.17}
[2026-09-25 11:06:25.801] [M] {"button": 1, "pos": [167, 196], "ui_clicked": false}
[2026-09-25 11:06:25.808] [SFX] {"sound": "civ_move_1", "volume": 0.05}
[2026-09-25 11:06:25.809] [SFX] {"sound": "civ_move_1", "volume": 0.01}
[2026-09-25 11:06:25.810] [P] {"start": [175, 26], "goal": [170, 26], "length": 1, "is_direction_change": false}
[2026-09-25 11:06:25.810] [SFX] {"sound": "click_target", "volume": 0.71}
[2026-09-25 11:06:25.828] [SFX] {"sound": "civ_move_2", "volume": 0.11}
[2026-09-25 11:06:25.841] [SFX] {"sound": "player_move", "volume": 0.4}
[2026-09-25 11:06:25.884] [SFX] {"sound": "civ_move_1", "volume": 0.01}
[2026-09-25 11:06:25.905] [SFX] {"sound": "guardian_move", "volume": 0.02}
[2026-09-25 11:06:25.906] [SFX] {"sound": "guardian_move", "volume": 0.13}
[2026-09-25 11:06:25.966] [SFX] {"sound": "civ_move_2", "volume": 0.04}
[2026-09-25 11:06:26.111] [SFX] {"sound": "civ_move_2", "volume": 0.03}
[2026-09-25 11:06:26.112] [SFX] {"sound": "civ_move_1", "volume": 0.02}
[2026-09-25 11:06:26.144] [SFX] {"sound": "civ_move_2", "volume": 0.03}
[2026-09-25 11:06:26.166] [SFX] {"sound": "civ_move_2", "volume": 0.02}
[2026-09-25 11:06:26.166] [SFX] {"sound": "civ_move_2", "volume": 0.21}
[2026-09-25 11:06:26.183] [SFX] {"sound": "civ_move_2", "volume": 0.0}
[2026-09-25 11:06:26.184] [SFX] {"sound": "civ_move_1", "volume": 0.15}
[2026-09-25 11:06:26.211] [SFX] {"sound": "civ_move_1", "volume": 0.01}
[2026-09-25 11:06:26.211] [SFX] {"sound": "civ_move_1", "volume": 0.02}
[2026-09-25 11:06:26.233] [SFX] {"sound": "civ_move_2", "volume": 0.09}
[2026-09-25 11:06:26.379] [SFX] {"sound": "civ_move_2", "volume": 0.03}
[2026-09-25 11:06:26.511] [SFX] {"sound": "guardian_move", "volume": 0.04}
[2026-09-25 11:06:26.512] [SFX] {"sound": "guardian_move", "volume": 0.11}
[2026-09-25 11:06:26.513] [SFX] {"sound": "civ_move_2", "volume": 0.02}
[2026-09-25 11:06:26.514] [SFX] {"sound": "civ_move_1", "volume": 0.03}
[2026-09-25 11:06:26.545] [SFX] {"sound": "civ_move_2", "volume": 0.03}
[2026-09-25 11:06:26.572] [SFX] {"sound": "civ_move_2", "volume": 0.02}
[2026-09-25 11:06:26.572] [SFX] {"sound": "civ_move_2", "volume": 0.22}
[2026-09-25 11:06:26.585] [SFX] {"sound": "civ_move_2", "volume": 0.01}
[2026-09-25 11:06:26.585] [SFX] {"sound": "civ_move_1", "volume": 0.14}
[2026-09-25 11:06:26.611] [SFX] {"sound": "civ_move_1", "volume": 0.01}
[2026-09-25 11:06:26.633] [SFX] {"sound": "civ_move_2", "volume": 0.1}
[2026-09-25 11:06:26.792] [SFX] {"sound": "civ_move_2", "volume": 0.02}
[2026-09-25 11:06:26.923] [SFX] {"sound": "civ_move_2", "volume": 0.01}
[2026-09-25 11:06:26.923] [SFX] {"sound": "civ_move_1", "volume": 0.03}
[2026-09-25 11:06:26.955] [SFX] {"sound": "civ_move_2", "volume": 0.04}
[2026-09-25 11:06:26.978] [SFX] {"sound": "civ_move_2", "volume": 0.02}
[2026-09-25 11:06:26.979] [SFX] {"sound": "civ_move_2", "volume": 0.24}
[2026-09-25 11:06:26.993] [SFX] {"sound": "civ_move_2", "volume": 0.01}
[2026-09-25 11:06:26.994] [SFX] {"sound": "civ_move_1", "volume": 0.13}
[2026-09-25 11:06:27.020] [SFX] {"sound": "civ_move_1", "volume": 0.01}
[2026-09-25 11:06:27.021] [SFX] {"sound": "civ_move_1", "volume": 0.0}
[2026-09-25 11:06:27.043] [SFX] {"sound": "civ_move_2", "volume": 0.11}
[2026-09-25 11:06:27.122] [SFX] {"sound": "guardian_move", "volume": 0.05}
[2026-09-25 11:06:27.122] [SFX] {"sound": "guardian_move", "volume": 0.09}
[2026-09-25 11:06:27.204] [SFX] {"sound": "civ_move_2", "volume": 0.03}
[2026-09-25 11:06:27.334] [SFX] {"sound": "civ_move_2", "volume": 0.02}
[2026-09-25 11:06:27.335] [SFX] {"sound": "civ_move_1", "volume": 0.04}
[2026-09-25 11:06:27.368] [SFX] {"sound": "civ_move_2", "volume": 0.04}
[2026-09-25 11:06:27.390] [SFX] {"sound": "civ_move_2", "volume": 0.02}
[2026-09-25 11:06:27.391] [SFX] {"sound": "civ_move_2", "volume": 0.25}
[2026-09-25 11:06:27.407] [SFX] {"sound": "civ_move_2", "volume": 0.02}
[2026-09-25 11:06:27.408] [SFX] {"sound": "civ_move_1", "volume": 0.13}
[2026-09-25 11:06:27.434] [SFX] {"sound": "civ_move_1", "volume": 0.02}
[2026-09-25 11:06:27.456] [SFX] {"sound": "civ_move_2", "volume": 0.11}
[2026-09-25 11:06:27.616] [SFX] {"sound": "civ_move_2", "volume": 0.04}
[2026-09-25 11:06:27.732] [SFX] {"sound": "guardian_move", "volume": 0.06}
[2026-09-25 11:06:27.733] [SFX] {"sound": "guardian_move", "volume": 0.08}
[2026-09-25 11:06:27.755] [SFX] {"sound": "civ_move_2", "volume": 0.02}
[2026-09-25 11:06:27.756] [SFX] {"sound": "civ_move_1", "volume": 0.04}
[2026-09-25 11:06:27.783] [SFX] {"sound": "civ_move_2", "volume": 0.05}
[2026-09-25 11:06:27.806] [SFX] {"sound": "civ_move_2", "volume": 0.01}
[2026-09-25 11:06:27.807] [SFX] {"sound": "civ_move_2", "volume": 0.26}
[2026-09-25 11:06:27.822] [SFX] {"sound": "civ_move_2", "volume": 0.03}
[2026-09-25 11:06:27.823] [SFX] {"sound": "civ_move_1", "volume": 0.12}
[2026-09-25 11:06:27.848] [SFX] {"sound": "civ_move_1", "volume": 0.03}
[2026-09-25 11:06:27.869] [SFX] {"sound": "civ_move_2", "volume": 0.12}
[2026-09-25 11:06:28.028] [SFX] {"sound": "civ_move_2", "volume": 0.03}
[2026-09-25 11:06:28.158] [SFX] {"sound": "civ_move_2", "volume": 0.02}
[2026-09-25 11:06:28.159] [SFX] {"sound": "civ_move_1", "volume": 0.05}
[2026-09-25 11:06:28.175] [M] {"button": 1, "pos": [607, 334], "ui_clicked": true}
[2026-09-25 11:06:28.193] [SFX] {"sound": "civ_move_2", "volume": 0.05}
[2026-09-25 11:06:28.216] [SFX] {"sound": "civ_move_2", "volume": 0.02}
[2026-09-25 11:06:28.217] [SFX] {"sound": "civ_move_2", "volume": 0.27}
[2026-09-25 11:06:28.233] [SFX] {"sound": "civ_move_2", "volume": 0.03}
[2026-09-25 11:06:28.234] [SFX] {"sound": "civ_move_1", "volume": 0.11}
[2026-09-25 11:06:28.262] [SFX] {"sound": "civ_move_1", "volume": 0.03}
[2026-09-25 11:06:28.284] [SFX] {"sound": "civ_move_2", "volume": 0.13}
[2026-09-25 11:06:28.344] [SFX] {"sound": "guardian_move", "volume": 0.07}
[2026-09-25 11:06:28.345] [SFX] {"sound": "guardian_move", "volume": 0.08}
[2026-09-25 11:06:28.377] [SFX] {"sound": "civ_move_1", "volume": 0.0}
[2026-09-25 11:06:28.428] [SFX] {"sound": "civ_move_2", "volume": 0.03}
[2026-09-25 11:06:28.562] [SFX] {"sound": "civ_move_2", "volume": 0.02}
[2026-09-25 11:06:28.563] [SFX] {"sound": "civ_move_1", "volume": 0.05}
[2026-09-25 11:06:28.563] [C] {"civ_pos": [168, 26]}
[2026-09-25 11:06:28.596] [SFX] {"sound": "civ_move_2", "volume": 0.05}
[2026-09-25 11:06:28.617] [SFX] {"sound": "civ_move_2", "volume": 0.03}
[2026-09-25 11:06:28.618] [SFX] {"sound": "civ_move_2", "volume": 0.29}
[2026-09-25 11:06:28.635] [SFX] {"sound": "civ_move_1", "volume": 0.1}
[2026-09-25 11:06:28.651] [SFX] {"sound": "civ_move_2", "volume": 0.04}
[2026-09-25 11:06:28.668] [SFX] {"sound": "civ_move_1", "volume": 0.03}
[2026-09-25 11:06:28.684] [SFX] {"sound": "civ_move_2", "volume": 0.14}
[2026-09-25 11:06:28.779] [SFX] {"sound": "civ_move_1", "volume": 0.0}
[2026-09-25 11:06:28.829] [SFX] {"sound": "civ_move_2", "volume": 0.02}
[2026-09-25 11:06:28.944] [SFX] {"sound": "guardian_move", "volume": 0.07}
[2026-09-25 11:06:28.945] [SFX] {"sound": "guardian_move", "volume": 0.08}
[2026-09-25 11:06:28.967] [SFX] {"sound": "civ_move_2", "volume": 0.02}
[2026-09-25 11:06:28.984] [SFX] {"sound": "civ_move_1", "volume": 0.05}
[2026-09-25 11:06:29.001] [SFX] {"sound": "civ_move_2", "volume": 0.06}
[2026-09-25 11:06:29.028] [SFX] {"sound": "civ_move_2", "volume": 0.01}
[2026-09-25 11:06:29.029] [SFX] {"sound": "civ_move_2", "volume": 0.04}
[2026-09-25 11:06:29.030] [SFX] {"sound": "civ_move_2", "volume": 0.3}
[2026-09-25 11:06:29.052] [SFX] {"sound": "civ_move_2", "volume": 0.04}
[2026-09-25 11:06:29.052] [SFX] {"sound": "civ_move_1", "volume": 0.09}
[2026-09-25 11:06:29.078] [SFX] {"sound": "civ_move_1", "volume": 0.02}
[2026-09-25 11:06:29.101] [SFX] {"sound": "civ_move_2", "volume": 0.14}
[2026-09-25 11:06:29.193] [SFX] {"sound": "civ_move_1", "volume": 0.01}
[2026-09-25 11:06:29.243] [SFX] {"sound": "civ_move_2", "volume": 0.02}
[2026-09-25 11:06:29.391] [SFX] {"sound": "civ_move_1", "volume": 0.04}
[2026-09-25 11:06:29.413] [SFX] {"sound": "civ_move_2", "volume": 0.06}
[2026-09-25 11:06:29.441] [SFX] {"sound": "civ_move_2", "volume": 0.01}
[2026-09-25 11:06:29.441] [SFX] {"sound": "civ_move_2", "volume": 0.05}
[2026-09-25 11:06:29.442] [SFX] {"sound": "civ_move_2", "volume": 0.29}
[2026-09-25 11:06:29.464] [SFX] {"sound": "civ_move_2", "volume": 0.04}
[2026-09-25 11:06:29.464] [SFX] {"sound": "civ_move_1", "volume": 0.09}
[2026-09-25 11:06:29.489] [SFX] {"sound": "civ_move_1", "volume": 0.03}
[2026-09-25 11:06:29.511] [SFX] {"sound": "civ_move_2", "volume": 0.15}
[2026-09-25 11:06:29.555] [SFX] {"sound": "guardian_move", "volume": 0.08}
[2026-09-25 11:06:29.604] [SFX] {"sound": "civ_move_1", "volume": 0.02}
[2026-09-25 11:06:29.654] [SFX] {"sound": "civ_move_2", "volume": 0.02}
[2026-09-25 11:06:29.789] [SFX] {"sound": "civ_move_2", "volume": 0.01}
[2026-09-25 11:06:29.811] [SFX] {"sound": "civ_move_1", "volume": 0.04}
[2026-09-25 11:06:29.825] [SFX] {"sound": "civ_move_2", "volume": 0.06}
[2026-09-25 11:06:29.853] [SFX] {"sound": "civ_move_2", "volume": 0.02}
[2026-09-25 11:06:29.853] [SFX] {"sound": "civ_move_2", "volume": 0.06}
[2026-09-25 11:06:29.854] [SFX] {"sound": "civ_move_2", "volume": 0.28}
[2026-09-25 11:06:29.875] [SFX] {"sound": "civ_move_2", "volume": 0.05}
[2026-09-25 11:06:29.875] [SFX] {"sound": "civ_move_1", "volume": 0.08}
[2026-09-25 11:06:29.903] [SFX] {"sound": "civ_move_1", "volume": 0.04}
[2026-09-25 11:06:29.926] [SFX] {"sound": "civ_move_2", "volume": 0.16}
[2026-09-25 11:06:30.020] [SFX] {"sound": "civ_move_1", "volume": 0.02}
[2026-09-25 11:06:30.054] [SFX] {"sound": "civ_move_2", "volume": 0.01}
[2026-09-25 11:06:30.170] [SFX] {"sound": "guardian_move", "volume": 0.08}
[2026-09-25 11:06:30.203] [SFX] {"sound": "civ_move_2", "volume": 0.01}
[2026-09-25 11:06:30.204] [SFX] {"sound": "civ_move_1", "volume": 0.04}
[2026-09-25 11:06:30.227] [SFX] {"sound": "civ_move_2", "volume": 0.06}
[2026-09-25 11:06:30.254] [SFX] {"sound": "civ_move_2", "volume": 0.02}
[2026-09-25 11:06:30.255] [SFX] {"sound": "civ_move_2", "volume": 0.06}
[2026-09-25 11:06:30.256] [SFX] {"sound": "civ_move_2", "volume": 0.26}
[2026-09-25 11:06:30.276] [SFX] {"sound": "civ_move_2", "volume": 0.05}
[2026-09-25 11:06:30.277] [SFX] {"sound": "civ_move_1", "volume": 0.07}
[2026-09-25 11:06:30.303] [SFX] {"sound": "civ_move_1", "volume": 0.03}
[2026-09-25 11:06:30.337] [SFX] {"sound": "civ_move_2", "volume": 0.16}
[2026-09-25 11:06:30.437] [SFX] {"sound": "civ_move_1", "volume": 0.03}
[2026-09-25 11:06:30.469] [SFX] {"sound": "civ_move_2", "volume": 0.0}
[2026-09-25 11:06:30.617] [SFX] {"sound": "civ_move_2", "volume": 0.01}
[2026-09-25 11:06:30.618] [SFX] {"sound": "civ_move_1", "volume": 0.03}
[2026-09-25 11:06:30.639] [SFX] {"sound": "civ_move_2", "volume": 0.06}
[2026-09-25 11:06:30.667] [SFX] {"sound": "civ_move_2", "volume": 0.03}
[2026-09-25 11:06:30.668] [SFX] {"sound": "civ_move_2", "volume": 0.07}
[2026-09-25 11:06:30.669] [SFX] {"sound": "civ_move_2", "volume": 0.25}
[2026-09-25 11:06:30.691] [SFX] {"sound": "civ_move_2", "volume": 0.05}
[2026-09-25 11:06:30.692] [SFX] {"sound": "civ_move_1", "volume": 0.06}
[2026-09-25 11:06:30.718] [SFX] {"sound": "civ_move_1", "volume": 0.03}
[2026-09-25 11:06:30.751] [SFX] {"sound": "civ_move_2", "volume": 0.15}
[2026-09-25 11:06:30.782] [SFX] {"sound": "guardian_move", "volume": 0.08}
[2026-09-25 11:06:30.783] [SFX] {"sound": "guardian_move", "volume": 0.07}
[2026-09-25 11:06:30.848] [SFX] {"sound": "civ_move_1", "volume": 0.03}
[2026-09-25 11:06:31.028] [SFX] {"sound": "civ_move_2", "volume": 0.02}
[2026-09-25 11:06:31.029] [SFX] {"sound": "civ_move_1", "volume": 0.03}
[2026-09-25 11:06:31.051] [SFX] {"sound": "civ_move_2", "volume": 0.06}
[2026-09-25 11:06:31.078] [SFX] {"sound": "civ_move_2", "volume": 0.03}
[2026-09-25 11:06:31.079] [SFX] {"sound": "civ_move_2", "volume": 0.08}
[2026-09-25 11:06:31.079] [SFX] {"sound": "civ_move_2", "volume": 0.24}
[2026-09-25 11:06:31.100] [SFX] {"sound": "civ_move_2", "volume": 0.06}
[2026-09-25 11:06:31.101] [SFX] {"sound": "civ_move_1", "volume": 0.05}
[2026-09-25 11:06:31.129] [SFX] {"sound": "civ_move_1", "volume": 0.02}
[2026-09-25 11:06:31.163] [SFX] {"sound": "civ_move_2", "volume": 0.14}
[2026-09-25 11:06:31.262] [SFX] {"sound": "civ_move_1", "volume": 0.04}
[2026-09-25 11:06:31.313] [SFX] {"sound": "civ_move_2", "volume": 0.01}
[2026-09-25 11:06:31.394] [SFX] {"sound": "guardian_move", "volume": 0.08}
[2026-09-25 11:06:31.395] [SFX] {"sound": "guardian_move", "volume": 0.07}
[2026-09-25 11:06:31.444] [SFX] {"sound": "civ_move_2", "volume": 0.03}
[2026-09-25 11:06:31.444] [SFX] {"sound": "civ_move_1", "volume": 0.02}
[2026-09-25 11:06:31.465] [SFX] {"sound": "civ_move_2", "volume": 0.06}
[2026-09-25 11:06:31.494] [SFX] {"sound": "civ_move_2", "volume": 0.04}
[2026-09-25 11:06:31.495] [SFX] {"sound": "civ_move_2", "volume": 0.09}
[2026-09-25 11:06:31.496] [SFX] {"sound": "civ_move_2", "volume": 0.23}
[2026-09-25 11:06:31.515] [SFX] {"sound": "civ_move_2", "volume": 0.06}
[2026-09-25 11:06:31.516] [SFX] {"sound": "civ_move_1", "volume": 0.04}
[2026-09-25 11:06:31.544] [SFX] {"sound": "civ_move_1", "volume": 0.02}
[2026-09-25 11:06:31.578] [SFX] {"sound": "civ_move_2", "volume": 0.13}
[2026-09-25 11:06:31.677] [SFX] {"sound": "civ_move_1", "volume": 0.03}
[2026-09-25 11:06:31.725] [SFX] {"sound": "civ_move_2", "volume": 0.02}
[2026-09-25 11:06:31.843] [SFX] {"sound": "civ_move_2", "volume": 0.03}
[2026-09-25 11:06:31.844] [SFX] {"sound": "civ_move_1", "volume": 0.01}
[2026-09-25 11:06:31.875] [SFX] {"sound": "civ_move_2", "volume": 0.06}
[2026-09-25 11:06:31.908] [SFX] {"sound": "civ_move_2", "volume": 0.04}
[2026-09-25 11:06:31.909] [SFX] {"sound": "civ_move_2", "volume": 0.1}
[2026-09-25 11:06:31.909] [SFX] {"sound": "civ_move_2", "volume": 0.21}
[2026-09-25 11:06:31.931] [SFX] {"sound": "civ_move_2", "volume": 0.06}
[2026-09-25 11:06:31.932] [SFX] {"sound": "civ_move_1", "volume": 0.03}
[2026-09-25 11:06:31.957] [SFX] {"sound": "civ_move_1", "volume": 0.02}
[2026-09-25 11:06:31.990] [SFX] {"sound": "civ_move_2", "volume": 0.12}
[2026-09-25 11:06:32.013] [SFX] {"sound": "guardian_move", "volume": 0.08}
[2026-09-25 11:06:32.013] [SFX] {"sound": "guardian_move", "volume": 0.06}
[2026-09-25 11:06:32.089] [SFX] {"sound": "civ_move_1", "volume": 0.02}
[2026-09-25 11:06:32.138] [SFX] {"sound": "civ_move_2", "volume": 0.03}
[2026-09-25 11:06:32.251] [SFX] {"sound": "civ_move_1", "volume": 0.01}
[2026-09-25 11:06:32.283] [SFX] {"sound": "civ_move_2", "volume": 0.06}
[2026-09-25 11:06:32.316] [SFX] {"sound": "civ_move_2", "volume": 0.05}
[2026-09-25 11:06:32.317] [SFX] {"sound": "civ_move_2", "volume": 0.11}
[2026-09-25 11:06:32.317] [SFX] {"sound": "civ_move_2", "volume": 0.2}
[2026-09-25 11:06:32.338] [SFX] {"sound": "civ_move_2", "volume": 0.06}
[2026-09-25 11:06:32.340] [SFX] {"sound": "civ_move_1", "volume": 0.02}
[2026-09-25 11:06:32.367] [SFX] {"sound": "civ_move_1", "volume": 0.0}
[2026-09-25 11:06:32.400] [SFX] {"sound": "civ_move_2", "volume": 0.11}
[2026-09-25 11:06:32.498] [SFX] {"sound": "civ_move_1", "volume": 0.03}
[2026-09-25 11:06:32.548] [SFX] {"sound": "civ_move_2", "volume": 0.03}
[2026-09-25 11:06:32.614] [SFX] {"sound": "guardian_move", "volume": 0.08}
[2026-09-25 11:06:32.615] [SFX] {"sound": "guardian_move", "volume": 0.05}
[2026-09-25 11:06:32.665] [SFX] {"sound": "civ_move_2", "volume": 0.02}
[2026-09-25 11:06:32.665] [SFX] {"sound": "civ_move_1", "volume": 0.0}
[2026-09-25 11:06:32.697] [SFX] {"sound": "civ_move_2", "volume": 0.07}
[2026-09-25 11:06:32.731] [SFX] {"sound": "civ_move_2", "volume": 0.05}
[2026-09-25 11:06:32.732] [SFX] {"sound": "civ_move_2", "volume": 0.12}
[2026-09-25 11:06:32.733] [SFX] {"sound": "civ_move_2", "volume": 0.19}
[2026-09-25 11:06:32.754] [SFX] {"sound": "civ_move_2", "volume": 0.06}
[2026-09-25 11:06:32.755] [SFX] {"sound": "civ_move_1", "volume": 0.01}
[2026-09-25 11:06:32.781] [SFX] {"sound": "civ_move_1", "volume": 0.0}
[2026-09-25 11:06:32.813] [SFX] {"sound": "civ_move_2", "volume": 0.1}
[2026-09-25 11:06:32.912] [SFX] {"sound": "civ_move_1", "volume": 0.03}
[2026-09-25 11:06:32.961] [SFX] {"sound": "civ_move_2", "volume": 0.04}
[2026-09-25 11:06:33.076] [SFX] {"sound": "civ_move_2", "volume": 0.03}
[2026-09-25 11:06:33.109] [M] {"button": 1, "pos": [607, 333], "ui_clicked": true}
[2026-09-25 11:06:33.145] [JACK] Blick ins Systemfenster... Was führen wir im Schild?
[2026-09-25 11:06:33.146] [SFX] {"sound": "civ_move_2", "volume": 0.08}
[2026-09-25 11:06:33.160] [SFX] {"sound": "civ_move_2", "volume": 0.06}
[2026-09-25 11:06:33.161] [SFX] {"sound": "civ_move_2", "volume": 0.05}
[2026-09-25 11:06:33.162] [SFX] {"sound": "civ_move_2", "volume": 0.12}
[2026-09-25 11:06:33.162] [SFX] {"sound": "civ_move_1", "volume": 0.02}
[2026-09-25 11:06:33.163] [SFX] {"sound": "civ_move_2", "volume": 0.18}
[2026-09-25 11:06:33.218] [SFX] {"sound": "guardian_move", "volume": 0.1}
[2026-09-25 11:06:33.219] [SFX] {"sound": "guardian_move", "volume": 0.04}
[2026-09-25 11:06:33.220] [SFX] {"sound": "civ_move_2", "volume": 0.09}
[2026-09-25 11:06:33.316] [SFX] {"sound": "civ_move_1", "volume": 0.03}
[2026-09-25 11:06:33.366] [SFX] {"sound": "civ_move_2", "volume": 0.05}
[2026-09-25 11:06:33.482] [SFX] {"sound": "civ_move_2", "volume": 0.04}
[2026-09-25 11:06:33.516] [SFX] {"sound": "civ_move_2", "volume": 0.09}
[2026-09-25 11:06:33.564] [SFX] {"sound": "civ_move_2", "volume": 0.06}
[2026-09-25 11:06:33.565] [SFX] {"sound": "civ_move_2", "volume": 0.13}
[2026-09-25 11:06:33.565] [SFX] {"sound": "civ_move_1", "volume": 0.02}
[2026-09-25 11:06:33.566] [SFX] {"sound": "civ_move_2", "volume": 0.17}
[2026-09-25 11:06:33.630] [SFX] {"sound": "civ_move_2", "volume": 0.08}
[2026-09-25 11:06:33.630] [SFX] {"sound": "civ_move_2", "volume": 0.01}
[2026-09-25 11:06:33.731] [SFX] {"sound": "civ_move_1", "volume": 0.02}
[2026-09-25 11:06:33.779] [SFX] {"sound": "civ_move_2", "volume": 0.06}
[2026-09-25 11:06:33.831] [SFX] {"sound": "guardian_move", "volume": 0.12}
[2026-09-25 11:06:33.831] [SFX] {"sound": "guardian_move", "volume": 0.03}
[2026-09-25 11:06:33.897] [SFX] {"sound": "civ_move_2", "volume": 0.03}
[2026-09-25 11:06:33.931] [SFX] {"sound": "civ_move_2", "volume": 0.1}
[2026-09-25 11:06:33.964] [SFX] {"sound": "civ_move_2", "volume": 0.06}
[2026-09-25 11:06:33.965] [SFX] {"sound": "civ_move_2", "volume": 0.14}
[2026-09-25 11:06:33.965] [SFX] {"sound": "civ_move_1", "volume": 0.02}
[2026-09-25 11:06:33.966] [SFX] {"sound": "civ_move_2", "volume": 0.15}
[2026-09-25 11:06:34.031] [SFX] {"sound": "civ_move_2", "volume": 0.07}
[2026-09-25 11:06:34.031] [SFX] {"sound": "civ_move_2", "volume": 0.02}
[2026-09-25 11:06:34.097] [M] {"button": 1, "pos": [146, 202], "ui_clicked": false}
[2026-09-25 11:06:34.104] [P] {"start": [170, 26], "goal": [164, 26], "length": 1, "is_direction_change": false}
[2026-09-25 11:06:34.105] [SFX] {"sound": "click_target", "volume": 0.69}
[2026-09-25 11:06:34.132] [SFX] {"sound": "civ_move_1", "volume": 0.01}
[2026-09-25 11:06:34.182] [SFX] {"sound": "civ_move_2", "volume": 0.06}
[2026-09-25 11:06:34.204] [SFX] {"sound": "player_move", "volume": 0.4}
[2026-09-25 11:06:34.344] [SFX] {"sound": "civ_move_2", "volume": 0.1}
[2026-09-25 11:06:34.378] [SFX] {"sound": "civ_move_2", "volume": 0.05}
[2026-09-25 11:06:34.379] [SFX] {"sound": "civ_move_2", "volume": 0.06}
[2026-09-25 11:06:34.379] [SFX] {"sound": "civ_move_2", "volume": 0.12}
[2026-09-25 11:06:34.380] [SFX] {"sound": "civ_move_2", "volume": 0.1}
[2026-09-25 11:06:34.444] [SFX] {"sound": "guardian_move", "volume": 0.12}
[2026-09-25 11:06:34.445] [SFX] {"sound": "guardian_move", "volume": 0.05}
[2026-09-25 11:06:34.446] [SFX] {"sound": "civ_move_2", "volume": 0.05}
[2026-09-25 11:06:34.446] [SFX] {"sound": "civ_move_2", "volume": 0.04}
[2026-09-25 11:06:34.596] [SFX] {"sound": "civ_move_2", "volume": 0.05}
[2026-09-25 11:06:34.761] [SFX] {"sound": "civ_move_2", "volume": 0.1}
[2026-09-25 11:06:34.792] [SFX] {"sound": "civ_move_2", "volume": 0.06}
[2026-09-25 11:06:34.793] [SFX] {"sound": "civ_move_2", "volume": 0.13}
[2026-09-25 11:06:34.794] [SFX] {"sound": "civ_move_2", "volume": 0.08}
[2026-09-25 11:06:34.859] [SFX] {"sound": "civ_move_2", "volume": 0.05}
[2026-09-25 11:06:34.876] [M] {"button": 1, "pos": [147, 202], "ui_clicked": false}
[2026-09-25 11:06:34.883] [P] {"start": [164, 26], "goal": [158, 26], "length": 1, "is_direction_change": false}
[2026-09-25 11:06:34.884] [SFX] {"sound": "click_target", "volume": 0.7}
[2026-09-25 11:06:34.994] [SFX] {"sound": "player_move", "volume": 0.4}
[2026-09-25 11:06:35.018] [SFX] {"sound": "civ_move_2", "volume": 0.04}
[2026-09-25 11:06:35.060] [SFX] {"sound": "guardian_move", "volume": 0.09}
[2026-09-25 11:06:35.061] [SFX] {"sound": "guardian_move", "volume": 0.05}
[2026-09-25 11:06:35.128] [SFX] {"sound": "civ_move_1", "volume": 0.01}
[2026-09-25 11:06:35.162] [SFX] {"sound": "civ_move_2", "volume": 0.09}
[2026-09-25 11:06:35.194] [SFX] {"sound": "civ_move_2", "volume": 0.05}
[2026-09-25 11:06:35.195] [SFX] {"sound": "civ_move_2", "volume": 0.11}
[2026-09-25 11:06:35.196] [SFX] {"sound": "civ_move_2", "volume": 0.03}
[2026-09-25 11:06:35.260] [SFX] {"sound": "civ_move_2", "volume": 0.04}
[2026-09-25 11:06:35.261] [SFX] {"sound": "civ_move_2", "volume": 0.06}
[2026-09-25 11:06:35.411] [SFX] {"sound": "civ_move_2", "volume": 0.03}
[2026-09-25 11:06:35.477] [M] {"button": 1, "pos": [147, 202], "ui_clicked": false}
[2026-09-25 11:06:35.485] [SFX] {"sound": "click_target", "volume": 0.7}
[2026-09-25 11:06:35.542] [SFX] {"sound": "civ_move_1", "volume": 0.01}
[2026-09-25 11:06:35.575] [SFX] {"sound": "civ_move_2", "volume": 0.08}
[2026-09-25 11:06:35.608] [SFX] {"sound": "civ_move_2", "volume": 0.05}
[2026-09-25 11:06:35.609] [SFX] {"sound": "civ_move_2", "volume": 0.04}
[2026-09-25 11:06:35.632] [SFX] {"sound": "player_move", "volume": 0.4}
[2026-09-25 11:06:35.633] [SFX] {"sound": "civ_move_2", "volume": 0.09}
[2026-09-25 11:06:35.675] [SFX] {"sound": "guardian_move", "volume": 0.07}
[2026-09-25 11:06:35.676] [SFX] {"sound": "guardian_move", "volume": 0.06}
[2026-09-25 11:06:35.677] [SFX] {"sound": "civ_move_2", "volume": 0.03}
[2026-09-25 11:06:35.677] [SFX] {"sound": "civ_move_2", "volume": 0.06}
[2026-09-25 11:06:35.824] [SFX] {"sound": "civ_move_2", "volume": 0.02}
[2026-09-25 11:06:35.891] [SFX] {"sound": "guardian_move", "volume": 0.03}
[2026-09-25 11:06:35.957] [SFX] {"sound": "civ_move_1", "volume": 0.01}
[2026-09-25 11:06:35.991] [SFX] {"sound": "civ_move_2", "volume": 0.08}
[2026-09-25 11:06:36.024] [SFX] {"sound": "civ_move_2", "volume": 0.05}
[2026-09-25 11:06:36.025] [SFX] {"sound": "civ_move_2", "volume": 0.03}
[2026-09-25 11:06:36.047] [SFX] {"sound": "civ_move_2", "volume": 0.08}
[2026-09-25 11:06:36.091] [SFX] {"sound": "civ_move_2", "volume": 0.03}
[2026-09-25 11:06:36.093] [SFX] {"sound": "civ_move_2", "volume": 0.06}
[2026-09-25 11:06:36.239] [SFX] {"sound": "civ_move_2", "volume": 0.03}
[2026-09-25 11:06:36.288] [SFX] {"sound": "guardian_move", "volume": 0.05}
[2026-09-25 11:06:36.289] [SFX] {"sound": "guardian_move", "volume": 0.06}
[2026-09-25 11:06:36.375] [SFX] {"sound": "civ_move_1", "volume": 0.01}
[2026-09-25 11:06:36.397] [SFX] {"sound": "civ_move_2", "volume": 0.08}
[2026-09-25 11:06:36.424] [SFX] {"sound": "civ_move_2", "volume": 0.06}
[2026-09-25 11:06:36.425] [SFX] {"sound": "civ_move_2", "volume": 0.02}
[2026-09-25 11:06:36.447] [SFX] {"sound": "civ_move_2", "volume": 0.08}
[2026-09-25 11:06:36.508] [SFX] {"sound": "guardian_move", "volume": 0.04}
[2026-09-25 11:06:36.509] [SFX] {"sound": "civ_move_2", "volume": 0.04}
[2026-09-25 11:06:36.510] [SFX] {"sound": "civ_move_2", "volume": 0.05}
[2026-09-25 11:06:36.642] [SFX] {"sound": "civ_move_2", "volume": 0.03}
[2026-09-25 11:06:36.776] [SFX] {"sound": "civ_move_1", "volume": 0.0}
[2026-09-25 11:06:36.799] [SFX] {"sound": "civ_move_2", "volume": 0.09}
[2026-09-25 11:06:36.824] [SFX] {"sound": "civ_move_2", "volume": 0.06}
[2026-09-25 11:06:36.825] [SFX] {"sound": "civ_move_2", "volume": 0.02}
[2026-09-25 11:06:36.847] [SFX] {"sound": "civ_move_2", "volume": 0.07}
[2026-09-25 11:06:36.891] [SFX] {"sound": "guardian_move", "volume": 0.04}
[2026-09-25 11:06:36.892] [SFX] {"sound": "guardian_move", "volume": 0.05}
[2026-09-25 11:06:36.913] [SFX] {"sound": "civ_move_2", "volume": 0.04}
[2026-09-25 11:06:36.914] [SFX] {"sound": "civ_move_2", "volume": 0.05}
[2026-09-25 11:06:37.057] [SFX] {"sound": "civ_move_2", "volume": 0.04}
[2026-09-25 11:06:37.108] [SFX] {"sound": "guardian_move", "volume": 0.05}
[2026-09-25 11:06:37.208] [SFX] {"sound": "civ_move_2", "volume": 0.08}
[2026-09-25 11:06:37.230] [SFX] {"sound": "civ_move_2", "volume": 0.07}
[2026-09-25 11:06:37.231] [SFX] {"sound": "civ_move_2", "volume": 0.02}
[2026-09-25 11:06:37.247] [SFX] {"sound": "civ_move_2", "volume": 0.06}
[2026-09-25 11:06:37.308] [SFX] {"sound": "civ_move_2", "volume": 0.05}
[2026-09-25 11:06:37.492] [SFX] {"sound": "guardian_move", "volume": 0.02}
[2026-09-25 11:06:37.493] [SFX] {"sound": "guardian_move", "volume": 0.04}
[2026-09-25 11:06:37.623] [SFX] {"sound": "civ_move_2", "volume": 0.07}
[2026-09-25 11:06:37.645] [SFX] {"sound": "civ_move_2", "volume": 0.08}
[2026-09-25 11:06:37.645] [SFX] {"sound": "civ_move_2", "volume": 0.03}
[2026-09-25 11:06:37.662] [SFX] {"sound": "civ_move_2", "volume": 0.06}
[2026-09-25 11:06:37.722] [SFX] {"sound": "guardian_move", "volume": 0.06}
[2026-09-25 11:06:37.723] [SFX] {"sound": "civ_move_2", "volume": 0.05}
[2026-09-25 11:06:37.871] [SFX] {"sound": "civ_move_2", "volume": 0.06}
[2026-09-25 11:06:38.054] [SFX] {"sound": "civ_move_2", "volume": 0.08}
[2026-09-25 11:06:38.056] [SFX] {"sound": "civ_move_2", "volume": 0.04}
[2026-09-25 11:06:38.076] [SFX] {"sound": "civ_move_2", "volume": 0.05}
[2026-09-25 11:06:38.104] [SFX] {"sound": "guardian_move", "volume": 0.03}
[2026-09-25 11:06:38.138] [M] {"button": 1, "pos": [244, 265], "ui_clicked": true}
[2026-09-25 11:06:38.152] [SFX] {"sound": "civ_move_2", "volume": 0.05}
[2026-09-25 11:06:38.153] [SFX] {"sound": "civ_move_2", "volume": 0.04}
[2026-09-25 11:06:38.167] [SFX] {"sound": "infiltrate 1", "volume": 0.5}
[2026-09-25 11:06:38.277] [SFX] {"sound": "civ_move_2", "volume": 0.07}
[2026-09-25 11:06:38.327] [SFX] {"sound": "guardian_move", "volume": 0.07}
[2026-09-25 11:06:38.445] [SFX] {"sound": "civ_move_2", "volume": 0.05}
[2026-09-25 11:06:38.470] [SFX] {"sound": "civ_move_2", "volume": 0.09}
[2026-09-25 11:06:38.471] [SFX] {"sound": "civ_move_2", "volume": 0.05}
[2026-09-25 11:06:38.486] [SFX] {"sound": "civ_move_2", "volume": 0.04}
[2026-09-25 11:06:38.547] [SFX] {"sound": "civ_move_2", "volume": 0.05}
[2026-09-25 11:06:38.547] [SFX] {"sound": "civ_move_2", "volume": 0.04}
[2026-09-25 11:06:38.572] [SFX] {"sound": "infiltrate 2", "volume": 0.5}
[2026-09-25 11:06:38.682] [SFX] {"sound": "civ_move_2", "volume": 0.08}
[2026-09-25 11:06:38.714] [SFX] {"sound": "guardian_move", "volume": 0.04}
[2026-09-25 11:06:38.714] [SFX] {"sound": "guardian_move", "volume": 0.02}
[2026-09-25 11:06:38.848] [SFX] {"sound": "civ_move_2", "volume": 0.04}
[2026-09-25 11:06:38.870] [SFX] {"sound": "civ_move_2", "volume": 0.08}
[2026-09-25 11:06:38.871] [SFX] {"sound": "civ_move_2", "volume": 0.05}
[2026-09-25 11:06:38.886] [SFX] {"sound": "civ_move_2", "volume": 0.04}
[2026-09-25 11:06:38.930] [SFX] {"sound": "guardian_move", "volume": 0.07}
[2026-09-25 11:06:38.953] [SFX] {"sound": "civ_move_2", "volume": 0.06}
[2026-09-25 11:06:38.954] [SFX] {"sound": "civ_move_2", "volume": 0.03}
[2026-09-25 11:06:38.970] [SFX] {"sound": "infiltrate 2", "volume": 0.5}
[2026-09-25 11:06:39.097] [SFX] {"sound": "civ_move_2", "volume": 0.09}
[2026-09-25 11:06:39.263] [SFX] {"sound": "civ_move_2", "volume": 0.07}
[2026-09-25 11:06:39.264] [SFX] {"sound": "civ_move_2", "volume": 0.06}
[2026-09-25 11:06:39.264] [SFX] {"sound": "civ_move_2", "volume": 0.03}
[2026-09-25 11:06:39.314] [SFX] {"sound": "guardian_move", "volume": 0.05}
[2026-09-25 11:06:39.315] [SFX] {"sound": "guardian_move", "volume": 0.01}
[2026-09-25 11:06:39.348] [SFX] {"sound": "civ_move_2", "volume": 0.06}
[2026-09-25 11:06:39.349] [SFX] {"sound": "civ_move_2", "volume": 0.03}
[2026-09-25 11:06:39.371] [SFX] {"sound": "infiltrate 2", "volume": 0.5}
[2026-09-25 11:06:39.497] [SFX] {"sound": "civ_move_2", "volume": 0.08}
[2026-09-25 11:06:39.531] [SFX] {"sound": "guardian_move", "volume": 0.08}
[2026-09-25 11:06:39.664] [SFX] {"sound": "civ_move_2", "volume": 0.07}
[2026-09-25 11:06:39.665] [SFX] {"sound": "civ_move_2", "volume": 0.02}
[2026-09-25 11:06:39.763] [SFX] {"sound": "civ_move_2", "volume": 0.06}
[2026-09-25 11:06:39.763] [SFX] {"sound": "civ_move_2", "volume": 0.02}
[2026-09-25 11:06:39.786] [SFX] {"sound": "infiltrate 2", "volume": 0.5}
[2026-09-25 11:06:39.909] [SFX] {"sound": "civ_move_2", "volume": 0.08}
[2026-09-25 11:06:39.932] [SFX] {"sound": "guardian_move", "volume": 0.06}
[2026-09-25 11:06:40.075] [SFX] {"sound": "civ_move_2", "volume": 0.06}
[2026-09-25 11:06:40.076] [SFX] {"sound": "civ_move_2", "volume": 0.07}
[2026-09-25 11:06:40.077] [SFX] {"sound": "civ_move_2", "volume": 0.01}
[2026-09-25 11:06:40.098] [SFX] {"sound": "civ_move_2", "volume": 0.02}
[2026-09-25 11:06:40.143] [SFX] {"sound": "guardian_move", "volume": 0.08}
[2026-09-25 11:06:40.177] [SFX] {"sound": "civ_move_2", "volume": 0.05}
[2026-09-25 11:06:40.178] [SFX] {"sound": "civ_move_2", "volume": 0.02}
[2026-09-25 11:06:40.200] [SFX] {"sound": "infiltrate 2", "volume": 0.5}
[2026-09-25 11:06:40.311] [SFX] {"sound": "civ_move_2", "volume": 0.07}
[2026-09-25 11:06:40.478] [SFX] {"sound": "civ_move_2", "volume": 0.05}
[2026-09-25 11:06:40.479] [SFX] {"sound": "civ_move_2", "volume": 0.08}
[2026-09-25 11:06:40.479] [SFX] {"sound": "civ_move_2", "volume": 0.01}
[2026-09-25 11:06:40.500] [SFX] {"sound": "civ_move_2", "volume": 0.02}
[2026-09-25 11:06:40.528] [SFX] {"sound": "guardian_move", "volume": 0.07}
[2026-09-25 11:06:40.578] [SFX] {"sound": "civ_move_2", "volume": 0.04}
[2026-09-25 11:06:40.579] [SFX] {"sound": "civ_move_2", "volume": 0.02}
[2026-09-25 11:06:40.602] [SFX] {"sound": "infiltrate 2", "volume": 0.5}
[2026-09-25 11:06:40.724] [SFX] {"sound": "civ_move_2", "volume": 0.07}
[2026-09-25 11:06:40.758] [SFX] {"sound": "guardian_move", "volume": 0.08}
[2026-09-25 11:06:40.891] [SFX] {"sound": "civ_move_2", "volume": 0.04}
[2026-09-25 11:06:40.892] [SFX] {"sound": "civ_move_2", "volume": 0.08}
[2026-09-25 11:06:40.912] [SFX] {"sound": "civ_move_2", "volume": 0.03}
[2026-09-25 11:06:41.007] [SFX] {"sound": "infiltrate 1", "volume": 0.5}
[2026-09-25 11:06:41.124] [SFX] {"sound": "civ_move_2", "volume": 0.06}
[2026-09-25 11:06:41.146] [SFX] {"sound": "guardian_move", "volume": 0.07}
[2026-09-25 11:06:41.147] [SFX] {"sound": "hack_success", "volume": 1.0}
[2026-09-25 11:06:41.292] [SFX] {"sound": "civ_move_2", "volume": 0.03}
[2026-09-25 11:06:41.293] [SFX] {"sound": "civ_move_2", "volume": 0.09}
[2026-09-25 11:06:41.315] [SFX] {"sound": "civ_move_2", "volume": 0.03}
[2026-09-25 11:06:41.358] [SFX] {"sound": "guardian_move", "volume": 0.08}
[2026-09-25 11:06:41.391] [SFX] {"sound": "civ_move_2", "volume": 0.02}
[2026-09-25 11:06:41.392] [SFX] {"sound": "civ_move_1", "volume": 0.01}
[2026-09-25 11:06:41.392] [SFX] {"sound": "civ_move_2", "volume": 0.04}
[2026-09-25 11:06:41.540] [SFX] {"sound": "civ_move_2", "volume": 0.05}
[2026-09-25 11:06:41.705] [SFX] {"sound": "civ_move_2", "volume": 0.02}
[2026-09-25 11:06:41.706] [SFX] {"sound": "civ_move_2", "volume": 0.08}
[2026-09-25 11:06:41.726] [SFX] {"sound": "civ_move_2", "volume": 0.04}
[2026-09-25 11:06:41.755] [SFX] {"sound": "guardian_move", "volume": 0.08}
[2026-09-25 11:06:41.804] [SFX] {"sound": "civ_move_2", "volume": 0.01}
[2026-09-25 11:06:41.805] [SFX] {"sound": "civ_move_1", "volume": 0.02}
[2026-09-25 11:06:41.805] [SFX] {"sound": "civ_move_2", "volume": 0.04}
[2026-09-25 11:06:41.936] [SFX] {"sound": "civ_move_1", "volume": 0.01}
[2026-09-25 11:06:41.959] [SFX] {"sound": "civ_move_2", "volume": 0.05}
[2026-09-25 11:06:41.975] [SFX] {"sound": "guardian_move", "volume": 0.08}
[2026-09-25 11:06:42.117] [SFX] {"sound": "civ_move_2", "volume": 0.01}
[2026-09-25 11:06:42.118] [SFX] {"sound": "civ_move_2", "volume": 0.07}
[2026-09-25 11:06:42.140] [SFX] {"sound": "civ_move_2", "volume": 0.04}
[2026-09-25 11:06:42.216] [SFX] {"sound": "civ_move_2", "volume": 0.0}
[2026-09-25 11:06:42.217] [SFX] {"sound": "civ_move_1", "volume": 0.03}
[2026-09-25 11:06:42.218] [SFX] {"sound": "civ_move_2", "volume": 0.05}
[2026-09-25 11:06:42.347] [SFX] {"sound": "civ_move_1", "volume": 0.02}
[2026-09-25 11:06:42.370] [SFX] {"sound": "guardian_move", "volume": 0.08}
[2026-09-25 11:06:42.371] [SFX] {"sound": "civ_move_2", "volume": 0.04}
[2026-09-25 11:06:42.529] [SFX] {"sound": "civ_move_2", "volume": 0.0}
[2026-09-25 11:06:42.530] [SFX] {"sound": "civ_move_2", "volume": 0.06}
[2026-09-25 11:06:42.552] [SFX] {"sound": "civ_move_2", "volume": 0.05}
[2026-09-25 11:06:42.577] [SFX] {"sound": "guardian_move", "volume": 0.07}
[2026-09-25 11:06:42.627] [SFX] {"sound": "civ_move_1", "volume": 0.04}
[2026-09-25 11:06:42.627] [SFX] {"sound": "civ_move_2", "volume": 0.06}
[2026-09-25 11:06:42.759] [SFX] {"sound": "civ_move_1", "volume": 0.03}
[2026-09-25 11:06:42.781] [SFX] {"sound": "civ_move_2", "volume": 0.03}
[2026-09-25 11:06:42.941] [SFX] {"sound": "civ_move_2", "volume": 0.05}
[2026-09-25 11:06:42.974] [SFX] {"sound": "guardian_move", "volume": 0.08}
[2026-09-25 11:06:43.043] [SFX] {"sound": "civ_move_1", "volume": 0.05}
[2026-09-25 11:06:43.044] [SFX] {"sound": "civ_move_2", "volume": 0.06}
[2026-09-25 11:06:43.159] [SFX] {"sound": "civ_move_1", "volume": 0.04}
[2026-09-25 11:06:43.182] [SFX] {"sound": "civ_move_2", "volume": 0.02}
[2026-09-25 11:06:43.199] [SFX] {"sound": "guardian_move", "volume": 0.07}
[2026-09-25 11:06:43.344] [SFX] {"sound": "civ_move_2", "volume": 0.04}
[2026-09-25 11:06:43.367] [SFX] {"sound": "civ_move_2", "volume": 0.05}
[2026-09-25 11:06:43.445] [SFX] {"sound": "civ_move_1", "volume": 0.05}
[2026-09-25 11:06:43.446] [SFX] {"sound": "civ_move_2", "volume": 0.07}
[2026-09-25 11:06:43.527] [M] {"button": 1, "pos": [317, 239], "ui_clicked": true}
[2026-09-25 11:06:43.541] [JACK] Inventar durchwühlen. Wo liegt das passende Tool?
[2026-09-25 11:06:43.564] [SFX] {"sound": "civ_move_1", "volume": 0.05}
[2026-09-25 11:06:43.588] [SFX] {"sound": "guardian_move", "volume": 0.08}
[2026-09-25 11:06:43.589] [SFX] {"sound": "civ_move_2", "volume": 0.02}
[2026-09-25 11:06:43.744] [SFX] {"sound": "civ_move_2", "volume": 0.03}
[2026-09-25 11:06:43.766] [SFX] {"sound": "civ_move_2", "volume": 0.05}
[2026-09-25 11:06:43.795] [SFX] {"sound": "guardian_move", "volume": 0.06}
[2026-09-25 11:06:43.812] [M] {"button": 3, "pos": [317, 239], "ui_clicked": true}
[2026-09-25 11:06:43.851] [SFX] {"sound": "civ_move_1", "volume": 0.06}
[2026-09-25 11:06:43.851] [SFX] {"sound": "civ_move_2", "volume": 0.08}
[2026-09-25 11:06:43.968] [SFX] {"sound": "civ_move_1", "volume": 0.05}
[2026-09-25 11:06:43.991] [SFX] {"sound": "civ_move_2", "volume": 0.02}
[2026-09-25 11:06:44.152] [SFX] {"sound": "civ_move_2", "volume": 0.03}
[2026-09-25 11:06:44.174] [SFX] {"sound": "civ_move_2", "volume": 0.06}
[2026-09-25 11:06:44.192] [SFX] {"sound": "guardian_move", "volume": 0.08}
[2026-09-25 11:06:44.252] [SFX] {"sound": "civ_move_1", "volume": 0.07}
[2026-09-25 11:06:44.253] [SFX] {"sound": "civ_move_2", "volume": 0.08}
[2026-09-25 11:06:44.369] [SFX] {"sound": "civ_move_1", "volume": 0.06}
[2026-09-25 11:06:44.393] [SFX] {"sound": "civ_move_2", "volume": 0.03}
[2026-09-25 11:06:44.420] [SFX] {"sound": "guardian_move", "volume": 0.06}
[2026-09-25 11:06:44.567] [SFX] {"sound": "civ_move_2", "volume": 0.02}
[2026-09-25 11:06:44.568] [SFX] {"sound": "civ_move_2", "volume": 0.06}
[2026-09-25 11:06:44.667] [SFX] {"sound": "civ_move_1", "volume": 0.08}
[2026-09-25 11:06:44.667] [SFX] {"sound": "civ_move_2", "volume": 0.09}
[2026-09-25 11:06:44.784] [SFX] {"sound": "civ_move_1", "volume": 0.07}
[2026-09-25 11:06:44.804] [SFX] {"sound": "guardian_move", "volume": 0.07}
[2026-09-25 11:06:44.806] [SFX] {"sound": "civ_move_2", "volume": 0.03}
[2026-09-25 11:06:44.962] [M] {"button": 1, "pos": [40, 225], "ui_clicked": true}
[2026-09-25 11:06:44.981] [SFX] {"sound": "civ_move_2", "volume": 0.01}
[2026-09-25 11:06:44.982] [SFX] {"sound": "civ_move_2", "volume": 0.06}
[2026-09-25 11:06:45.033] [SFX] {"sound": "guardian_move", "volume": 0.07}
[2026-09-25 11:06:45.081] [SFX] {"sound": "civ_move_1", "volume": 0.09}
[2026-09-25 11:06:45.081] [SFX] {"sound": "civ_move_2", "volume": 0.08}
[2026-09-25 11:06:45.196] [SFX] {"sound": "civ_move_1", "volume": 0.08}
[2026-09-25 11:06:45.217] [SFX] {"sound": "civ_move_2", "volume": 0.04}
[2026-09-25 11:06:45.395] [SFX] {"sound": "civ_move_2", "volume": 0.05}
[2026-09-25 11:06:45.417] [SFX] {"sound": "guardian_move", "volume": 0.07}
[2026-09-25 11:06:45.493] [SFX] {"sound": "civ_move_1", "volume": 0.08}
[2026-09-25 11:06:45.494] [SFX] {"sound": "civ_move_2", "volume": 0.07}
[2026-09-25 11:06:45.609] [SFX] {"sound": "civ_move_1", "volume": 0.09}
[2026-09-25 11:06:45.633] [SFX] {"sound": "civ_move_2", "volume": 0.04}
[2026-09-25 11:06:45.648] [SFX] {"sound": "guardian_move", "volume": 0.07}
[2026-09-25 11:06:45.808] [SFX] {"sound": "civ_move_2", "volume": 0.04}
[2026-09-25 11:06:45.893] [SFX] {"sound": "civ_move_1", "volume": 0.08}
[2026-09-25 11:06:45.894] [SFX] {"sound": "civ_move_2", "volume": 0.06}
[2026-09-25 11:06:46.024] [SFX] {"sound": "guardian_move", "volume": 0.06}
[2026-09-25 11:06:46.025] [SFX] {"sound": "civ_move_1", "volume": 0.08}
[2026-09-25 11:06:46.048] [SFX] {"sound": "civ_move_2", "volume": 0.04}
[2026-09-25 11:06:46.158] [M] {"button": 1, "pos": [185, 206], "ui_clicked": false}
[2026-09-25 11:06:46.165] [SFX] {"sound": "click_target", "volume": 0.71}
[2026-09-25 11:06:46.223] [SFX] {"sound": "civ_move_2", "volume": 0.03}
[2026-09-25 11:06:46.258] [SFX] {"sound": "guardian_move", "volume": 0.07}
[2026-09-25 11:06:46.306] [SFX] {"sound": "civ_move_1", "volume": 0.06}
[2026-09-25 11:06:46.307] [SFX] {"sound": "civ_move_2", "volume": 0.04}
[2026-09-25 11:06:46.437] [SFX] {"sound": "civ_move_1", "volume": 0.06}
[2026-09-25 11:06:46.459] [SFX] {"sound": "civ_move_2", "volume": 0.04}
[2026-09-25 11:06:46.635] [SFX] {"sound": "guardian_move", "volume": 0.07}
[2026-09-25 11:06:46.635] [SFX] {"sound": "civ_move_2", "volume": 0.02}
[2026-09-25 11:06:46.670] [M] {"button": 1, "pos": [185, 206], "ui_clicked": false}
[2026-09-25 11:06:46.677] [SFX] {"sound": "action_cancel", "volume": 1.0}
[2026-09-25 11:06:46.677] [P] {"start": [149, 26], "goal": [145, 26], "length": 1, "is_direction_change": false}
[2026-09-25 11:06:46.678] [SFX] {"sound": "click_target", "volume": 0.72}
[2026-09-25 11:06:46.721] [SFX] {"sound": "player_move", "volume": 0.4}
[2026-09-25 11:06:46.722] [SFX] {"sound": "civ_move_1", "volume": 0.04}
[2026-09-25 11:06:46.722] [SFX] {"sound": "civ_move_2", "volume": 0.02}
[2026-09-25 11:06:46.838] [SFX] {"sound": "civ_move_1", "volume": 0.03}
[2026-09-25 11:06:46.862] [SFX] {"sound": "civ_move_2", "volume": 0.03}
[2026-09-25 11:06:46.877] [SFX] {"sound": "guardian_move", "volume": 0.07}
[2026-09-25 11:06:47.035] [SFX] {"sound": "civ_move_2", "volume": 0.0}
[2026-09-25 11:06:47.134] [SFX] {"sound": "civ_move_1", "volume": 0.02}
[2026-09-25 11:06:47.249] [SFX] {"sound": "guardian_move", "volume": 0.07}
[2026-09-25 11:06:47.250] [SFX] {"sound": "civ_move_1", "volume": 0.02}
[2026-09-25 11:06:47.270] [SFX] {"sound": "civ_move_2", "volume": 0.03}
[2026-09-25 11:06:47.434] [SFX] {"sound": "civ_move_1", "volume": 0.0}
[2026-09-25 11:06:47.485] [SFX] {"sound": "guardian_move", "volume": 0.05}
[2026-09-25 11:06:47.534] [SFX] {"sound": "civ_move_1", "volume": 0.01}
[2026-09-25 11:06:47.652] [SFX] {"sound": "civ_move_1", "volume": 0.02}
[2026-09-25 11:06:47.674] [SFX] {"sound": "civ_move_2", "volume": 0.04}
[2026-09-25 11:06:47.849] [SFX] {"sound": "guardian_move", "volume": 0.07}
[2026-09-25 11:06:47.849] [SFX] {"sound": "civ_move_1", "volume": 0.01}
[2026-09-25 11:06:48.078] [SFX] {"sound": "civ_move_2", "volume": 0.04}
[2026-09-25 11:06:48.099] [SFX] {"sound": "guardian_move", "volume": 0.03}
[2026-09-25 11:06:48.258] [SFX] {"sound": "civ_move_1", "volume": 0.01}
[2026-09-25 11:06:48.391] [M] {"button": 1, "pos": [188, 206], "ui_clicked": false}
[2026-09-25 11:06:48.400] [P] {"start": [145, 26], "goal": [140, 26], "length": 1, "is_direction_change": false}
[2026-09-25 11:06:48.401] [SFX] {"sound": "click_target", "volume": 0.72}
[2026-09-25 11:06:48.457] [SFX] {"sound": "guardian_move", "volume": 0.06}
[2026-09-25 11:06:48.479] [SFX] {"sound": "civ_move_2", "volume": 0.0}
[2026-09-25 11:06:48.496] [SFX] {"sound": "civ_move_2", "volume": 0.04}
[2026-09-25 11:06:48.523] [SFX] {"sound": "player_move", "volume": 0.4}
[2026-09-25 11:06:48.670] [SFX] {"sound": "civ_move_1", "volume": 0.03}
[2026-09-25 11:06:48.883] [SFX] {"sound": "civ_move_2", "volume": 0.04}
[2026-09-25 11:06:49.065] [SFX] {"sound": "guardian_move", "volume": 0.07}
[2026-09-25 11:06:49.088] [SFX] {"sound": "civ_move_1", "volume": 0.04}
[2026-09-25 11:06:49.297] [SFX] {"sound": "civ_move_2", "volume": 0.05}
[2026-09-25 11:06:49.320] [SFX] {"sound": "civ_move_2", "volume": 0.04}
[2026-09-25 11:06:49.330] [M] {"button": 5, "pos": [191, 205], "ui_clicked": false}
[2026-09-25 11:06:49.482] [SFX] {"sound": "civ_move_1", "volume": 0.04}
[2026-09-25 11:06:49.678] [SFX] {"sound": "guardian_move", "volume": 0.06}
[2026-09-25 11:06:49.711] [SFX] {"sound": "civ_move_2", "volume": 0.06}
[2026-09-25 11:06:49.732] [SFX] {"sound": "civ_move_2", "volume": 0.05}
[2026-09-25 11:06:49.893] [SFX] {"sound": "civ_move_1", "volume": 0.05}
[2026-09-25 11:06:50.124] [SFX] {"sound": "civ_move_2", "volume": 0.07}
[2026-09-25 11:06:50.142] [M] {"button": 1, "pos": [212, 189], "ui_clicked": false}
[2026-09-25 11:06:50.149] [SFX] {"sound": "civ_move_2", "volume": 0.05}
[2026-09-25 11:06:50.149] [P] {"start": [140, 26], "goal": [131, 26], "length": 1, "is_direction_change": false}
[2026-09-25 11:06:50.150] [SFX] {"sound": "click_target", "volume": 0.63}
[2026-09-25 11:06:50.201] [JACK] Vorsichtig vorantasten...
[2026-09-25 11:06:50.292] [SFX] {"sound": "guardian_move", "volume": 0.06}
[2026-09-25 11:06:50.293] [SFX] {"sound": "civ_move_1", "volume": 0.06}
[2026-09-25 11:06:50.342] [SFX] {"sound": "player_move", "volume": 0.4}
[2026-09-25 11:06:50.526] [SFX] {"sound": "civ_move_2", "volume": 0.15}
[2026-09-25 11:06:50.549] [SFX] {"sound": "civ_move_2", "volume": 0.03}
[2026-09-25 11:06:50.693] [SFX] {"sound": "civ_move_1", "volume": 0.06}
[2026-09-25 11:06:50.709] [M] {"button": 1, "pos": [212, 189], "ui_clicked": false}
[2026-09-25 11:06:50.716] [P] {"start": [131, 26], "goal": [124, 26], "length": 1, "is_direction_change": false}
[2026-09-25 11:06:50.717] [SFX] {"sound": "click_target", "volume": 0.67}
[2026-09-25 11:06:50.778] [SFX] {"sound": "player_move", "volume": 0.4}
[2026-09-25 11:06:50.893] [SFX] {"sound": "guardian_move", "volume": 0.08}
[2026-09-25 11:06:50.926] [SFX] {"sound": "civ_move_2", "volume": 0.2}
[2026-09-25 11:06:50.959] [SFX] {"sound": "civ_move_2", "volume": 0.02}
[2026-09-25 11:06:51.094] [SFX] {"sound": "civ_move_1", "volume": 0.05}
[2026-09-25 11:06:51.328] [SFX] {"sound": "civ_move_2", "volume": 0.23}
[2026-09-25 11:06:51.361] [SFX] {"sound": "civ_move_2", "volume": 0.02}
[2026-09-25 11:06:51.509] [SFX] {"sound": "guardian_move", "volume": 0.08}
[2026-09-25 11:06:51.510] [SFX] {"sound": "civ_move_1", "volume": 0.05}
[2026-09-25 11:06:51.740] [SFX] {"sound": "civ_move_2", "volume": 0.24}
[2026-09-25 11:06:51.774] [SFX] {"sound": "civ_move_2", "volume": 0.03}
[2026-09-25 11:06:51.923] [SFX] {"sound": "civ_move_1", "volume": 0.04}
[2026-09-25 11:06:52.118] [SFX] {"sound": "guardian_move", "volume": 0.07}
[2026-09-25 11:06:52.152] [SFX] {"sound": "civ_move_2", "volume": 0.26}
[2026-09-25 11:06:52.184] [SFX] {"sound": "civ_move_2", "volume": 0.03}
[2026-09-25 11:06:52.333] [SFX] {"sound": "civ_move_1", "volume": 0.04}
[2026-09-25 11:06:52.551] [SFX] {"sound": "civ_move_2", "volume": 0.27}
[2026-09-25 11:06:52.585] [SFX] {"sound": "civ_move_2", "volume": 0.04}
[2026-09-25 11:06:52.730] [SFX] {"sound": "guardian_move", "volume": 0.07}
[2026-09-25 11:06:52.752] [SFX] {"sound": "civ_move_1", "volume": 0.04}
[2026-09-25 11:06:52.959] [SFX] {"sound": "civ_move_2", "volume": 0.28}
[2026-09-25 11:06:52.993] [SFX] {"sound": "civ_move_2", "volume": 0.04}
[2026-09-25 11:06:53.107] [C] {"civ_pos": [122, 26]}
[2026-09-25 11:06:53.159] [SFX] {"sound": "civ_move_1", "volume": 0.03}
[2026-09-25 11:06:53.342] [SFX] {"sound": "guardian_move", "volume": 0.06}
[2026-09-25 11:06:53.375] [SFX] {"sound": "civ_move_2", "volume": 0.29}
[2026-09-25 11:06:53.408] [SFX] {"sound": "civ_move_2", "volume": 0.04}
[2026-09-25 11:06:53.573] [SFX] {"sound": "civ_move_1", "volume": 0.03}
[2026-09-25 11:06:53.788] [SFX] {"sound": "civ_move_2", "volume": 0.3}
[2026-09-25 11:06:53.819] [SFX] {"sound": "civ_move_2", "volume": 0.05}
[2026-09-25 11:06:53.950] [SFX] {"sound": "guardian_move", "volume": 0.06}
[2026-09-25 11:06:53.983] [SFX] {"sound": "civ_move_1", "volume": 0.02}
[2026-09-25 11:06:54.202] [SFX] {"sound": "civ_move_2", "volume": 0.28}
[2026-09-25 11:06:54.236] [SFX] {"sound": "civ_move_2", "volume": 0.05}
[2026-09-25 11:06:54.382] [SFX] {"sound": "civ_move_1", "volume": 0.01}
[2026-09-25 11:06:54.565] [SFX] {"sound": "guardian_move", "volume": 0.05}
[2026-09-25 11:06:54.615] [SFX] {"sound": "civ_move_2", "volume": 0.27}
[2026-09-25 11:06:54.648] [SFX] {"sound": "civ_move_2", "volume": 0.05}
[2026-09-25 11:06:54.794] [SFX] {"sound": "civ_move_1", "volume": 0.01}
[2026-09-25 11:06:55.026] [SFX] {"sound": "civ_move_2", "volume": 0.26}
[2026-09-25 11:06:55.060] [SFX] {"sound": "civ_move_2", "volume": 0.06}
[2026-09-25 11:06:55.177] [SFX] {"sound": "guardian_move", "volume": 0.04}
[2026-09-25 11:06:55.210] [SFX] {"sound": "civ_move_1", "volume": 0.0}
[2026-09-25 11:06:55.262] [M] {"button": 1, "pos": [212, 189], "ui_clicked": false}
[2026-09-25 11:06:55.426] [SFX] {"sound": "civ_move_2", "volume": 0.25}
[2026-09-25 11:06:55.476] [SFX] {"sound": "civ_move_2", "volume": 0.06}
[2026-09-25 11:06:55.793] [SFX] {"sound": "guardian_move", "volume": 0.03}
[2026-09-25 11:06:55.843] [SFX] {"sound": "civ_move_2", "volume": 0.23}
[2026-09-25 11:06:55.877] [SFX] {"sound": "civ_move_2", "volume": 0.06}
[2026-09-25 11:06:56.108] [M] {"button": 1, "pos": [249, 191], "ui_clicked": false}
[2026-09-25 11:06:56.117] [P] {"start": [124, 26], "goal": [118, 26], "length": 1, "is_direction_change": false}
[2026-09-25 11:06:56.118] [SFX] {"sound": "click_target", "volume": 0.69}
[2026-09-25 11:06:56.156] [SFX] {"sound": "player_move", "volume": 0.4}
[2026-09-25 11:06:56.157] [SFX] {"sound": "civ_move_1", "volume": 0.0}
[2026-09-25 11:06:56.257] [SFX] {"sound": "civ_move_2", "volume": 0.2}
[2026-09-25 11:06:56.292] [SFX] {"sound": "civ_move_2", "volume": 0.06}
[2026-09-25 11:06:56.408] [SFX] {"sound": "guardian_move", "volume": 0.04}
[2026-09-25 11:06:56.658] [SFX] {"sound": "civ_move_2", "volume": 0.16}
[2026-09-25 11:06:56.691] [SFX] {"sound": "civ_move_2", "volume": 0.06}
[2026-09-25 11:06:56.724] [M] {"button": 1, "pos": [249, 191], "ui_clicked": false}
[2026-09-25 11:06:56.732] [P] {"start": [118, 26], "goal": [113, 26], "length": 1, "is_direction_change": false}
[2026-09-25 11:06:56.732] [SFX] {"sound": "click_target", "volume": 0.7}
[2026-09-25 11:06:56.794] [SFX] {"sound": "player_move", "volume": 0.4}
[2026-09-25 11:06:57.010] [SFX] {"sound": "guardian_move", "volume": 0.05}
[2026-09-25 11:06:57.011] [SFX] {"sound": "guardian_move", "volume": 0.02}
[2026-09-25 11:06:57.059] [SFX] {"sound": "civ_move_2", "volume": 0.11}
[2026-09-25 11:06:57.094] [SFX] {"sound": "civ_move_2", "volume": 0.05}
[2026-09-25 11:06:57.275] [SFX] {"sound": "civ_move_1", "volume": 0.01}
[2026-09-25 11:06:57.474] [SFX] {"sound": "civ_move_2", "volume": 0.1}
[2026-09-25 11:06:57.508] [SFX] {"sound": "civ_move_2", "volume": 0.05}
[2026-09-25 11:06:57.626] [SFX] {"sound": "guardian_move", "volume": 0.04}
[2026-09-25 11:06:57.626] [SFX] {"sound": "guardian_move", "volume": 0.03}
[2026-09-25 11:06:57.675] [SFX] {"sound": "civ_move_1", "volume": 0.02}
[2026-09-25 11:06:57.874] [SFX] {"sound": "civ_move_2", "volume": 0.09}
[2026-09-25 11:06:57.924] [SFX] {"sound": "civ_move_2", "volume": 0.06}
[2026-09-25 11:06:58.090] [SFX] {"sound": "civ_move_1", "volume": 0.02}
[2026-09-25 11:06:58.238] [SFX] {"sound": "guardian_move", "volume": 0.03}
[2026-09-25 11:06:58.240] [SFX] {"sound": "guardian_move", "volume": 0.04}
[2026-09-25 11:06:58.286] [SFX] {"sound": "civ_move_2", "volume": 0.08}
[2026-09-25 11:06:58.336] [SFX] {"sound": "civ_move_2", "volume": 0.06}
[2026-09-25 11:06:58.434] [M] {"button": 1, "pos": [249, 191], "ui_clicked": false}
[2026-09-25 11:06:58.442] [P] {"start": [113, 26], "goal": [107, 26], "length": 1, "is_direction_change": false}
[2026-09-25 11:06:58.443] [SFX] {"sound": "click_target", "volume": 0.69}
[2026-09-25 11:06:58.504] [SFX] {"sound": "civ_move_1", "volume": 0.03}
[2026-09-25 11:06:58.570] [SFX] {"sound": "player_move", "volume": 0.4}
[2026-09-25 11:06:58.686] [SFX] {"sound": "civ_move_2", "volume": 0.03}
[2026-09-25 11:06:58.751] [SFX] {"sound": "civ_move_2", "volume": 0.05}
[2026-09-25 11:06:58.850] [SFX] {"sound": "guardian_move", "volume": 0.05}
[2026-09-25 11:06:58.851] [SFX] {"sound": "guardian_move", "volume": 0.07}
[2026-09-25 11:06:58.917] [SFX] {"sound": "civ_move_1", "volume": 0.05}
[2026-09-25 11:06:59.100] [SFX] {"sound": "civ_move_2", "volume": 0.01}
[2026-09-25 11:06:59.122] [SFX] {"sound": "guardian_move", "volume": 0.03}
[2026-09-25 11:06:59.165] [SFX] {"sound": "civ_move_2", "volume": 0.06}
[2026-09-25 11:06:59.331] [SFX] {"sound": "civ_move_1", "volume": 0.05}
[2026-09-25 11:06:59.464] [SFX] {"sound": "guardian_move", "volume": 0.04}
[2026-09-25 11:06:59.465] [SFX] {"sound": "guardian_move", "volume": 0.07}
[2026-09-25 11:06:59.582] [SFX] {"sound": "civ_move_2", "volume": 0.06}
[2026-09-25 11:06:59.729] [SFX] {"sound": "guardian_move", "volume": 0.04}
[2026-09-25 11:06:59.751] [SFX] {"sound": "civ_move_1", "volume": 0.05}
[2026-09-25 11:06:59.912] [M] {"button": 1, "pos": [249, 191], "ui_clicked": false}
[2026-09-25 11:06:59.920] [P] {"start": [107, 26], "goal": [101, 26], "length": 1, "is_direction_change": false}
[2026-09-25 11:06:59.921] [SFX] {"sound": "click_target", "volume": 0.69}
[2026-09-25 11:06:59.984] [SFX] {"sound": "civ_move_2", "volume": 0.06}
[2026-09-25 11:07:00.069] [SFX] {"sound": "player_move", "volume": 0.4}
[2026-09-25 11:07:00.070] [SFX] {"sound": "guardian_move", "volume": 0.04}
[2026-09-25 11:07:00.070] [SFX] {"sound": "guardian_move", "volume": 0.08}
[2026-09-25 11:07:00.152] [SFX] {"sound": "civ_move_1", "volume": 0.06}
[2026-09-25 11:07:00.337] [SFX] {"sound": "guardian_move", "volume": 0.07}
[2026-09-25 11:07:00.386] [SFX] {"sound": "civ_move_2", "volume": 0.05}
[2026-09-25 11:07:00.569] [SFX] {"sound": "civ_move_1", "volume": 0.06}
[2026-09-25 11:07:00.684] [SFX] {"sound": "guardian_move", "volume": 0.04}
[2026-09-25 11:07:00.685] [SFX] {"sound": "guardian_move", "volume": 0.08}
[2026-09-25 11:07:00.799] [SFX] {"sound": "civ_move_2", "volume": 0.06}
[2026-09-25 11:07:00.946] [SFX] {"sound": "guardian_move", "volume": 0.07}
[2026-09-25 11:07:00.980] [SFX] {"sound": "civ_move_1", "volume": 0.06}
[2026-09-25 11:07:01.078] [SFX] {"sound": "civ_move_2", "volume": 0.0}
[2026-09-25 11:07:01.199] [SFX] {"sound": "civ_move_2", "volume": 0.06}
[2026-09-25 11:07:01.297] [SFX] {"sound": "guardian_move", "volume": 0.03}
[2026-09-25 11:07:01.297] [SFX] {"sound": "guardian_move", "volume": 0.08}
[2026-09-25 11:07:01.395] [SFX] {"sound": "civ_move_1", "volume": 0.06}
[2026-09-25 11:07:01.493] [SFX] {"sound": "civ_move_2", "volume": 0.01}
[2026-09-25 11:07:01.558] [SFX] {"sound": "guardian_move", "volume": 0.08}
[2026-09-25 11:07:01.608] [SFX] {"sound": "civ_move_2", "volume": 0.06}
[2026-09-25 11:07:01.807] [SFX] {"sound": "civ_move_1", "volume": 0.06}
[2026-09-25 11:07:01.908] [SFX] {"sound": "guardian_move", "volume": 0.02}
[2026-09-25 11:07:01.908] [SFX] {"sound": "guardian_move", "volume": 0.07}
[2026-09-25 11:07:01.909] [SFX] {"sound": "civ_move_1", "volume": 0.0}
[2026-09-25 11:07:01.910] [SFX] {"sound": "civ_move_2", "volume": 0.01}
[2026-09-25 11:07:02.023] [SFX] {"sound": "civ_move_2", "volume": 0.06}
[2026-09-25 11:07:02.174] [SFX] {"sound": "guardian_move", "volume": 0.08}
[2026-09-25 11:07:02.207] [SFX] {"sound": "civ_move_1", "volume": 0.05}
[2026-09-25 11:07:02.309] [SFX] {"sound": "civ_move_1", "volume": 0.01}
[2026-09-25 11:07:02.310] [SFX] {"sound": "civ_move_2", "volume": 0.02}
[2026-09-25 11:07:02.390] [SFX] {"sound": "civ_move_1", "volume": 0.0}
[2026-09-25 11:07:02.440] [SFX] {"sound": "civ_move_2", "volume": 0.06}
[2026-09-25 11:07:02.522] [SFX] {"sound": "guardian_move", "volume": 0.01}
[2026-09-25 11:07:02.523] [SFX] {"sound": "guardian_move", "volume": 0.06}
[2026-09-25 11:07:02.622] [SFX] {"sound": "civ_move_1", "volume": 0.05}
[2026-09-25 11:07:02.720] [SFX] {"sound": "civ_move_1", "volume": 0.02}
[2026-09-25 11:07:02.721] [SFX] {"sound": "civ_move_2", "volume": 0.01}
[2026-09-25 11:07:02.786] [SFX] {"sound": "guardian_move", "volume": 0.08}
[2026-09-25 11:07:02.810] [SFX] {"sound": "civ_move_1", "volume": 0.01}
[2026-09-25 11:07:02.854] [SFX] {"sound": "civ_move_2", "volume": 0.06}
[2026-09-25 11:07:03.022] [SFX] {"sound": "civ_move_1", "volume": 0.05}
[2026-09-25 11:07:03.121] [SFX] {"sound": "civ_move_1", "volume": 0.02}
[2026-09-25 11:07:03.121] [SFX] {"sound": "civ_move_2", "volume": 0.02}
[2026-09-25 11:07:03.143] [SFX] {"sound": "guardian_move", "volume": 0.06}
[2026-09-25 11:07:03.204] [SFX] {"sound": "civ_move_1", "volume": 0.02}
[2026-09-25 11:07:03.254] [SFX] {"sound": "civ_move_2", "volume": 0.06}
[2026-09-25 11:07:03.386] [SFX] {"sound": "guardian_move", "volume": 0.08}
[2026-09-25 11:07:03.436] [SFX] {"sound": "civ_move_1", "volume": 0.04}
[2026-09-25 11:07:03.535] [SFX] {"sound": "civ_move_1", "volume": 0.03}
[2026-09-25 11:07:03.536] [SFX] {"sound": "civ_move_2", "volume": 0.03}
[2026-09-25 11:07:03.612] [SFX] {"sound": "civ_move_1", "volume": 0.02}
[2026-09-25 11:07:03.662] [SFX] {"sound": "civ_move_2", "volume": 0.06}
[2026-09-25 11:07:03.747] [SFX] {"sound": "guardian_move", "volume": 0.05}
[2026-09-25 11:07:03.845] [SFX] {"sound": "civ_move_1", "volume": 0.04}
[2026-09-25 11:07:03.947] [SFX] {"sound": "civ_move_1", "volume": 0.03}
[2026-09-25 11:07:03.948] [SFX] {"sound": "civ_move_2", "volume": 0.03}
[2026-09-25 11:07:03.998] [SFX] {"sound": "guardian_move", "volume": 0.08}
[2026-09-25 11:07:04.020] [SFX] {"sound": "civ_move_1", "volume": 0.03}
[2026-09-25 11:07:04.064] [SFX] {"sound": "civ_move_2", "volume": 0.06}
[2026-09-25 11:07:04.246] [SFX] {"sound": "civ_move_1", "volume": 0.03}
[2026-09-25 11:07:04.279] [M] {"button": 1, "pos": [249, 191], "ui_clicked": false}
[2026-09-25 11:07:04.287] [P] {"start": [101, 26], "goal": [95, 26], "length": 1, "is_direction_change": false}
[2026-09-25 11:07:04.288] [SFX] {"sound": "click_target", "volume": 0.69}
[2026-09-25 11:07:04.359] [SFX] {"sound": "guardian_move", "volume": 0.03}
[2026-09-25 11:07:04.360] [SFX] {"sound": "civ_move_1", "volume": 0.03}
[2026-09-25 11:07:04.361] [SFX] {"sound": "civ_move_2", "volume": 0.05}
[2026-09-25 11:07:04.427] [SFX] {"sound": "civ_move_1", "volume": 0.02}
[2026-09-25 11:07:04.458] [SFX] {"sound": "player_move", "volume": 0.4}
[2026-09-25 11:07:04.482] [SFX] {"sound": "civ_move_2", "volume": 0.05}
[2026-09-25 11:07:04.607] [SFX] {"sound": "guardian_move", "volume": 0.05}
[2026-09-25 11:07:04.657] [SFX] {"sound": "civ_move_1", "volume": 0.01}
[2026-09-25 11:07:04.756] [M] {"button": 1, "pos": [249, 191], "ui_clicked": false}
[2026-09-25 11:07:04.764] [SFX] {"sound": "click_target", "volume": 0.71}
[2026-09-25 11:07:04.780] [SFX] {"sound": "civ_move_1", "volume": 0.02}
[2026-09-25 11:07:04.780] [SFX] {"sound": "civ_move_2", "volume": 0.08}
[2026-09-25 11:07:04.842] [SFX] {"sound": "civ_move_1", "volume": 0.01}
[2026-09-25 11:07:04.891] [SFX] {"sound": "civ_move_2", "volume": 0.03}
[2026-09-25 11:07:05.173] [M] {"button": 1, "pos": [249, 191], "ui_clicked": false}
[2026-09-25 11:07:05.180] [SFX] {"sound": "action_cancel", "volume": 1.0}
[2026-09-25 11:07:05.180] [P] {"start": [91, 26], "goal": [87, 26], "length": 1, "is_direction_change": false}
[2026-09-25 11:07:05.181] [SFX] {"sound": "click_target", "volume": 0.7}
[2026-09-25 11:07:05.214] [SFX] {"sound": "civ_move_1", "volume": 0.02}
[2026-09-25 11:07:05.214] [SFX] {"sound": "civ_move_2", "volume": 0.09}
[2026-09-25 11:07:05.227] [SFX] {"sound": "player_move", "volume": 0.4}
[2026-09-25 11:07:05.228] [SFX] {"sound": "guardian_move", "volume": 0.03}
[2026-09-25 11:07:05.253] [SFX] {"sound": "civ_move_1", "volume": 0.01}
[2026-09-25 11:07:05.304] [SFX] {"sound": "civ_move_2", "volume": 0.01}
[2026-09-25 11:07:05.601] [SFX] {"sound": "civ_move_1", "volume": 0.01}
[2026-09-25 11:07:05.602] [SFX] {"sound": "civ_move_2", "volume": 0.11}
[2026-09-25 11:07:06.017] [SFX] {"sound": "civ_move_1", "volume": 0.01}
[2026-09-25 11:07:06.018] [SFX] {"sound": "civ_move_2", "volume": 0.11}
[2026-09-25 11:07:06.067] [SFX] {"sound": "civ_move_1", "volume": 0.01}
[2026-09-25 11:07:06.214] [M] {"button": 1, "pos": [249, 191], "ui_clicked": false}
[2026-09-25 11:07:06.221] [SFX] {"sound": "guardian_move", "volume": 0.01}
[2026-09-25 11:07:06.222] [P] {"start": [87, 26], "goal": [81, 26], "length": 1, "is_direction_change": false}
[2026-09-25 11:07:06.223] [SFX] {"sound": "click_target", "volume": 0.69}
[2026-09-25 11:07:06.331] [SFX] {"sound": "player_move", "volume": 0.4}
[2026-09-25 11:07:06.430] [SFX] {"sound": "civ_move_1", "volume": 0.0}
[2026-09-25 11:07:06.430] [SFX] {"sound": "civ_move_2", "volume": 0.12}
[2026-09-25 11:07:06.695] [M] {"button": 1, "pos": [249, 191], "ui_clicked": false}
[2026-09-25 11:07:06.830] [SFX] {"sound": "guardian_move", "volume": 0.04}
[2026-09-25 11:07:06.831] [SFX] {"sound": "civ_move_1", "volume": 0.0}
[2026-09-25 11:07:06.831] [SFX] {"sound": "civ_move_2", "volume": 0.11}
[2026-09-25 11:07:07.245] [SFX] {"sound": "civ_move_1", "volume": 0.01}
[2026-09-25 11:07:07.245] [SFX] {"sound": "civ_move_2", "volume": 0.1}
[2026-09-25 11:07:07.294] [SFX] {"sound": "civ_move_1", "volume": 0.0}
[2026-09-25 11:07:07.444] [SFX] {"sound": "guardian_move", "volume": 0.06}
[2026-09-25 11:07:07.613] [M] {"button": 1, "pos": [289, 238], "ui_clicked": false}
[2026-09-25 11:07:07.620] [P] {"start": [81, 26], "goal": [78, 30], "length": 2, "is_direction_change": false}
[2026-09-25 11:07:07.621] [SFX] {"sound": "click_target", "volume": 0.7}
[2026-09-25 11:07:07.663] [SFX] {"sound": "civ_move_1", "volume": 0.01}
[2026-09-25 11:07:07.664] [SFX] {"sound": "civ_move_2", "volume": 0.1}
[2026-09-25 11:07:07.696] [SFX] {"sound": "civ_move_1", "volume": 0.0}
[2026-09-25 11:07:07.746] [SFX] {"sound": "player_move", "volume": 0.4}
[2026-09-25 11:07:08.047] [SFX] {"sound": "guardian_move", "volume": 0.11}
[2026-09-25 11:07:08.071] [SFX] {"sound": "civ_move_1", "volume": 0.03}
[2026-09-25 11:07:08.072] [SFX] {"sound": "civ_move_2", "volume": 0.11}
[2026-09-25 11:07:08.096] [SFX] {"sound": "civ_move_1", "volume": 0.02}
[2026-09-25 11:07:08.476] [SFX] {"sound": "civ_move_1", "volume": 0.04}
[2026-09-25 11:07:08.476] [SFX] {"sound": "civ_move_2", "volume": 0.1}
[2026-09-25 11:07:08.510] [SFX] {"sound": "civ_move_1", "volume": 0.03}
[2026-09-25 11:07:08.659] [SFX] {"sound": "guardian_move", "volume": 0.11}
[2026-09-25 11:07:08.879] [SFX] {"sound": "civ_move_1", "volume": 0.04}
[2026-09-25 11:07:08.880] [SFX] {"sound": "civ_move_2", "volume": 0.09}
[2026-09-25 11:07:08.912] [SFX] {"sound": "civ_move_1", "volume": 0.03}
[2026-09-25 11:07:09.109] [SFX] {"sound": "civ_move_1", "volume": 0.0}
[2026-09-25 11:07:09.141] [M] {"button": 1, "pos": [323, 259], "ui_clicked": false}
[2026-09-25 11:07:09.148] [P] {"start": [78, 30], "goal": [78, 36], "length": 1, "is_direction_change": false}
[2026-09-25 11:07:09.149] [SFX] {"sound": "click_target", "volume": 0.68}
[2026-09-25 11:07:09.233] [SFX] {"sound": "player_move", "volume": 0.4}
[2026-09-25 11:07:09.267] [SFX] {"sound": "guardian_move", "volume": 0.13}
[2026-09-25 11:07:09.291] [SFX] {"sound": "civ_move_1", "volume": 0.06}
[2026-09-25 11:07:09.292] [SFX] {"sound": "civ_move_2", "volume": 0.1}
[2026-09-25 11:07:09.316] [SFX] {"sound": "civ_move_1", "volume": 0.06}
[2026-09-25 11:07:09.513] [SFX] {"sound": "civ_move_1", "volume": 0.05}
[2026-09-25 11:07:09.695] [SFX] {"sound": "civ_move_1", "volume": 0.08}
[2026-09-25 11:07:09.696] [SFX] {"sound": "civ_move_2", "volume": 0.12}
[2026-09-25 11:07:09.728] [M] {"button": 1, "pos": [323, 259], "ui_clicked": false}
[2026-09-25 11:07:09.735] [SFX] {"sound": "civ_move_1", "volume": 0.07}
[2026-09-25 11:07:09.736] [P] {"start": [78, 36], "goal": [78, 41], "length": 1, "is_direction_change": false}
[2026-09-25 11:07:09.737] [SFX] {"sound": "click_target", "volume": 0.69}
[2026-09-25 11:07:09.832] [SFX] {"sound": "player_move", "volume": 0.4}
[2026-09-25 11:07:09.880] [SFX] {"sound": "guardian_move", "volume": 0.17}
[2026-09-25 11:07:09.914] [SFX] {"sound": "civ_move_1", "volume": 0.07}
[2026-09-25 11:07:10.098] [SFX] {"sound": "civ_move_1", "volume": 0.11}
[2026-09-25 11:07:10.099] [SFX] {"sound": "civ_move_2", "volume": 0.15}
[2026-09-25 11:07:10.130] [SFX] {"sound": "civ_move_1", "volume": 0.1}
[2026-09-25 11:07:10.329] [SFX] {"sound": "civ_move_1", "volume": 0.09}
[2026-09-25 11:07:10.494] [SFX] {"sound": "guardian_move", "volume": 0.18}
[2026-09-25 11:07:10.517] [SFX] {"sound": "civ_move_1", "volume": 0.12}
[2026-09-25 11:07:10.518] [SFX] {"sound": "civ_move_2", "volume": 0.15}
[2026-09-25 11:07:10.546] [SFX] {"sound": "civ_move_1", "volume": 0.11}
[2026-09-25 11:07:10.730] [SFX] {"sound": "civ_move_1", "volume": 0.09}
[2026-09-25 11:07:10.914] [SFX] {"sound": "civ_move_1", "volume": 0.12}
[2026-09-25 11:07:10.914] [SFX] {"sound": "civ_move_2", "volume": 0.15}
[2026-09-25 11:07:10.947] [SFX] {"sound": "civ_move_1", "volume": 0.12}
[2026-09-25 11:07:11.096] [SFX] {"sound": "guardian_move", "volume": 0.17}
[2026-09-25 11:07:11.146] [SFX] {"sound": "civ_move_1", "volume": 0.1}
[2026-09-25 11:07:11.327] [SFX] {"sound": "civ_move_1", "volume": 0.13}
[2026-09-25 11:07:11.328] [SFX] {"sound": "civ_move_2", "volume": 0.15}
[2026-09-25 11:07:11.361] [SFX] {"sound": "civ_move_1", "volume": 0.12}
[2026-09-25 11:07:11.561] [SFX] {"sound": "civ_move_1", "volume": 0.11}
[2026-09-25 11:07:11.710] [SFX] {"sound": "guardian_move", "volume": 0.15}
[2026-09-25 11:07:11.733] [SFX] {"sound": "civ_move_1", "volume": 0.14}
[2026-09-25 11:07:11.734] [SFX] {"sound": "civ_move_2", "volume": 0.14}
[2026-09-25 11:07:11.775] [SFX] {"sound": "civ_move_1", "volume": 0.13}
[2026-09-25 11:07:11.976] [SFX] {"sound": "civ_move_1", "volume": 0.12}
[2026-09-25 11:07:11.977] [SFX] {"sound": "civ_move_1", "volume": 0.0}
[2026-09-25 11:07:12.142] [SFX] {"sound": "civ_move_1", "volume": 0.14}
[2026-09-25 11:07:12.142] [SFX] {"sound": "civ_move_2", "volume": 0.14}
[2026-09-25 11:07:12.192] [SFX] {"sound": "civ_move_1", "volume": 0.13}
[2026-09-25 11:07:12.325] [SFX] {"sound": "guardian_move", "volume": 0.14}
[2026-09-25 11:07:12.391] [SFX] {"sound": "civ_move_1", "volume": 0.13}
[2026-09-25 11:07:12.392] [SFX] {"sound": "civ_move_1", "volume": 0.02}
[2026-09-25 11:07:12.526] [SFX] {"sound": "civ_move_1", "volume": 0.01}
[2026-09-25 11:07:12.548] [SFX] {"sound": "civ_move_1", "volume": 0.14}
[2026-09-25 11:07:12.549] [SFX] {"sound": "civ_move_2", "volume": 0.14}
[2026-09-25 11:07:12.594] [SFX] {"sound": "civ_move_1", "volume": 0.14}
[2026-09-25 11:07:12.795] [SFX] {"sound": "civ_move_1", "volume": 0.03}
[2026-09-25 11:07:12.925] [SFX] {"sound": "guardian_move", "volume": 0.12}
[2026-09-25 11:07:12.926] [SFX] {"sound": "civ_move_1", "volume": 0.02}
[2026-09-25 11:07:12.948] [SFX] {"sound": "civ_move_1", "volume": 0.15}
[2026-09-25 11:07:12.948] [SFX] {"sound": "civ_move_2", "volume": 0.13}
[2026-09-25 11:07:13.008] [SFX] {"sound": "civ_move_1", "volume": 0.14}
[2026-09-25 11:07:13.192] [M] {"button": 1, "pos": [322, 246], "ui_clicked": false}
[2026-09-25 11:07:13.199] [P] {"start": [78, 41], "goal": [78, 46], "length": 1, "is_direction_change": false}
[2026-09-25 11:07:13.200] [SFX] {"sound": "click_target", "volume": 0.7}
[2026-09-25 11:07:13.234] [JACK] Kurzer Blick um die Ecke...
[2026-09-25 11:07:13.234] [SFX] {"sound": "civ_move_1", "volume": 0.15}
[2026-09-25 11:07:13.235] [SFX] {"sound": "civ_move_1", "volume": 0.04}
[2026-09-25 11:07:13.325] [SFX] {"sound": "civ_move_1", "volume": 0.02}
[2026-09-25 11:07:13.348] [SFX] {"sound": "civ_move_1", "volume": 0.17}
[2026-09-25 11:07:13.348] [SFX] {"sound": "civ_move_2", "volume": 0.14}
[2026-09-25 11:07:13.375] [SFX] {"sound": "player_move", "volume": 0.4}
[2026-09-25 11:07:13.409] [SFX] {"sound": "civ_move_1", "volume": 0.17}
[2026-09-25 11:07:13.539] [SFX] {"sound": "guardian_move", "volume": 0.13}
[2026-09-25 11:07:13.623] [SFX] {"sound": "civ_move_1", "volume": 0.18}
[2026-09-25 11:07:13.651] [SFX] {"sound": "civ_move_1", "volume": 0.02}
[2026-09-25 11:07:13.758] [SFX] {"sound": "civ_move_1", "volume": 0.18}
[2026-09-25 11:07:13.759] [SFX] {"sound": "civ_move_2", "volume": 0.14}
[2026-09-25 11:07:13.808] [SFX] {"sound": "civ_move_1", "volume": 0.18}
[2026-09-25 11:07:13.941] [M] {"button": 1, "pos": [322, 246], "ui_clicked": false}
[2026-09-25 11:07:13.949] [P] {"start": [78, 46], "goal": [78, 50], "length": 1, "is_direction_change": false}
[2026-09-25 11:07:13.950] [SFX] {"sound": "click_target", "volume": 0.7}
[2026-09-25 11:07:14.031] [SFX] {"sound": "civ_move_1", "volume": 0.19}
[2026-09-25 11:07:14.132] [SFX] {"sound": "civ_move_1", "volume": 0.01}
[2026-09-25 11:07:14.133] [SFX] {"sound": "civ_move_1", "volume": 0.2}
[2026-09-25 11:07:14.155] [SFX] {"sound": "guardian_move", "volume": 0.12}
[2026-09-25 11:07:14.172] [SFX] {"sound": "civ_move_1", "volume": 0.2}
[2026-09-25 11:07:14.173] [SFX] {"sound": "civ_move_2", "volume": 0.14}
[2026-09-25 11:07:14.215] [SFX] {"sound": "civ_move_1", "volume": 0.2}
[2026-09-25 11:07:14.548] [SFX] {"sound": "civ_move_1", "volume": 0.02}
[2026-09-25 11:07:14.549] [SFX] {"sound": "civ_move_1", "volume": 0.2}
[2026-09-25 11:07:14.582] [SFX] {"sound": "civ_move_2", "volume": 0.13}
[2026-09-25 11:07:14.631] [SFX] {"sound": "civ_move_1", "volume": 0.2}
[2026-09-25 11:07:14.745] [M] {"button": 1, "pos": [322, 245], "ui_clicked": false}
[2026-09-25 11:07:14.753] [P] {"start": [78, 50], "goal": [78, 54], "length": 1, "is_direction_change": false}
[2026-09-25 11:07:14.754] [SFX] {"sound": "click_target", "volume": 0.7}
[2026-09-25 11:07:14.787] [SFX] {"sound": "guardian_move", "volume": 0.1}
[2026-09-25 11:07:14.800] [SFX] {"sound": "player_move", "volume": 0.4}
[2026-09-25 11:07:14.846] [SFX] {"sound": "civ_move_1", "volume": 0.2}
[2026-09-25 11:07:14.946] [SFX] {"sound": "civ_move_2", "volume": 0.01}
[2026-09-25 11:07:14.969] [SFX] {"sound": "civ_move_1", "volume": 0.01}
[2026-09-25 11:07:14.970] [SFX] {"sound": "civ_move_1", "volume": 0.22}
[2026-09-25 11:07:14.998] [SFX] {"sound": "civ_move_1", "volume": 0.21}
[2026-09-25 11:07:14.998] [SFX] {"sound": "civ_move_2", "volume": 0.13}
[2026-09-25 11:07:15.047] [SFX] {"sound": "civ_move_1", "volume": 0.22}
[2026-09-25 11:07:15.245] [SFX] {"sound": "civ_move_1", "volume": 0.19}
[2026-09-25 11:07:15.346] [SFX] {"sound": "civ_move_2", "volume": 0.02}
[2026-09-25 11:07:15.369] [SFX] {"sound": "guardian_move", "volume": 0.09}
[2026-09-25 11:07:15.370] [SFX] {"sound": "civ_move_1", "volume": 0.02}
[2026-09-25 11:07:15.371] [SFX] {"sound": "civ_move_1", "volume": 0.21}
[2026-09-25 11:07:15.413] [SFX] {"sound": "civ_move_1", "volume": 0.2}
[2026-09-25 11:07:15.414] [SFX] {"sound": "civ_move_2", "volume": 0.12}
[2026-09-25 11:07:15.447] [SFX] {"sound": "civ_move_1", "volume": 0.21}
[2026-09-25 11:07:15.647] [SFX] {"sound": "civ_move_1", "volume": 0.19}
[2026-09-25 11:07:15.748] [SFX] {"sound": "civ_move_2", "volume": 0.03}
[2026-09-25 11:07:15.770] [SFX] {"sound": "civ_move_1", "volume": 0.03}
[2026-09-25 11:07:15.771] [SFX] {"sound": "civ_move_1", "volume": 0.2}
[2026-09-25 11:07:15.813] [SFX] {"sound": "civ_move_1", "volume": 0.19}
[2026-09-25 11:07:15.814] [SFX] {"sound": "civ_move_2", "volume": 0.11}
[2026-09-25 11:07:15.864] [SFX] {"sound": "civ_move_1", "volume": 0.2}
[2026-09-25 11:07:15.914] [M] {"button": 1, "pos": [407, 217], "ui_clicked": false}
[2026-09-25 11:07:15.921] [SFX] {"sound": "click_target", "volume": 0.65}
[2026-09-25 11:07:15.979] [SFX] {"sound": "guardian_move", "volume": 0.07}
[2026-09-25 11:07:16.046] [SFX] {"sound": "civ_move_1", "volume": 0.22}
[2026-09-25 11:07:16.079] [SFX] {"sound": "player_move", "volume": 0.4}
[2026-09-25 11:07:16.163] [SFX] {"sound": "civ_move_2", "volume": 0.07}
[2026-09-25 11:07:16.185] [SFX] {"sound": "civ_move_1", "volume": 0.03}
[2026-09-25 11:07:16.186] [SFX] {"sound": "civ_move_1", "volume": 0.26}
[2026-09-25 11:07:16.229] [SFX] {"sound": "civ_move_1", "volume": 0.2}
[2026-09-25 11:07:16.229] [SFX] {"sound": "civ_move_2", "volume": 0.15}
[2026-09-25 11:07:16.294] [SFX] {"sound": "civ_move_1", "volume": 0.19}
[2026-09-25 11:07:16.361] [C] {"civ_pos": [86, 56]}
[2026-09-25 11:07:16.398] [SFX] {"sound": "player_move", "volume": 0.4}
[2026-09-25 11:07:16.448] [SFX] {"sound": "civ_move_1", "volume": 0.27}
[2026-09-25 11:07:16.565] [SFX] {"sound": "civ_move_2", "volume": 0.13}
[2026-09-25 11:07:16.588] [SFX] {"sound": "guardian_move", "volume": 0.15}
[2026-09-25 11:07:16.588] [SFX] {"sound": "civ_move_1", "volume": 0.06}
[2026-09-25 11:07:16.589] [SFX] {"sound": "civ_move_1", "volume": 0.29}
[2026-09-25 11:07:16.630] [SFX] {"sound": "civ_move_1", "volume": 0.15}
[2026-09-25 11:07:16.631] [SFX] {"sound": "civ_move_2", "volume": 0.18}
[2026-09-25 11:07:16.664] [SFX] {"sound": "threat_pulse", "volume": 0.3}
[2026-09-25 11:07:16.697] [SFX] {"sound": "player_move", "volume": 0.4}
[2026-09-25 11:07:16.698] [SFX] {"sound": "civ_move_1", "volume": 0.17}
[2026-09-25 11:07:16.721] [SFX] {"sound": "civ_move_2", "volume": 0.02}
[2026-09-25 11:07:16.862] [SFX] {"sound": "civ_move_1", "volume": 0.27}
[2026-09-25 11:07:16.978] [SFX] {"sound": "civ_move_2", "volume": 0.15}
[2026-09-25 11:07:17.002] [SFX] {"sound": "civ_move_1", "volume": 0.07}
[2026-09-25 11:07:17.003] [SFX] {"sound": "civ_move_1", "volume": 0.29}
[2026-09-25 11:07:17.018] [SFX] {"sound": "player_move", "volume": 0.4}
[2026-09-25 11:07:17.037] [SFX] {"sound": "civ_move_1", "volume": 0.13}
[2026-09-25 11:07:17.037] [SFX] {"sound": "civ_move_2", "volume": 0.18}
[2026-09-25 11:07:17.098] [SFX] {"sound": "civ_move_1", "volume": 0.15}
[2026-09-25 11:07:17.121] [SFX] {"sound": "civ_move_2", "volume": 0.04}
[2026-09-25 11:07:17.183] [SFX] {"sound": "guardian_move", "volume": 0.15}
[2026-09-25 11:07:17.266] [SFX] {"sound": "civ_move_1", "volume": 0.27}
[2026-09-25 11:07:17.316] [SFX] {"sound": "player_move", "volume": 0.4}
[2026-09-25 11:07:17.381] [SFX] {"sound": "civ_move_2", "volume": 0.18}
[2026-09-25 11:07:17.406] [SFX] {"sound": "civ_move_1", "volume": 0.07}
[2026-09-25 11:07:17.407] [SFX] {"sound": "civ_move_1", "volume": 0.29}
[2026-09-25 11:07:17.432] [SFX] {"sound": "civ_move_1", "volume": 0.11}
[2026-09-25 11:07:17.433] [SFX] {"sound": "civ_move_2", "volume": 0.18}
[2026-09-25 11:07:17.499] [SFX] {"sound": "civ_move_1", "volume": 0.15}
[2026-09-25 11:07:17.521] [SFX] {"sound": "civ_move_2", "volume": 0.07}
[2026-09-25 11:07:17.564] [SFX] {"sound": "threat_pulse", "volume": 0.31}
[2026-09-25 11:07:17.631] [SFX] {"sound": "player_move", "volume": 0.4}
[2026-09-25 11:07:17.680] [SFX] {"sound": "civ_move_1", "volume": 0.27}
[2026-09-25 11:07:17.795] [SFX] {"sound": "guardian_move", "volume": 0.15}
[2026-09-25 11:07:17.796] [SFX] {"sound": "civ_move_2", "volume": 0.2}
[2026-09-25 11:07:17.817] [SFX] {"sound": "civ_move_1", "volume": 0.07}
[2026-09-25 11:07:17.818] [SFX] {"sound": "civ_move_1", "volume": 0.29}
[2026-09-25 11:07:17.846] [SFX] {"sound": "civ_move_1", "volume": 0.08}
[2026-09-25 11:07:17.847] [SFX] {"sound": "civ_move_2", "volume": 0.18}
[2026-09-25 11:07:17.910] [SFX] {"sound": "civ_move_1", "volume": 0.14}
[2026-09-25 11:07:17.934] [SFX] {"sound": "civ_move_2", "volume": 0.09}
[2026-09-25 11:07:17.949] [SFX] {"sound": "player_move", "volume": 0.4}
[2026-09-25 11:07:18.092] [SFX] {"sound": "civ_move_1", "volume": 0.27}
[2026-09-25 11:07:18.207] [SFX] {"sound": "civ_move_2", "volume": 0.23}
[2026-09-25 11:07:18.229] [SFX] {"sound": "civ_move_1", "volume": 0.07}
[2026-09-25 11:07:18.230] [SFX] {"sound": "civ_move_1", "volume": 0.29}
[2026-09-25 11:07:18.257] [SFX] {"sound": "player_move", "volume": 0.4}
[2026-09-25 11:07:18.258] [SFX] {"sound": "civ_move_1", "volume": 0.06}
[2026-09-25 11:07:18.259] [SFX] {"sound": "civ_move_2", "volume": 0.18}
[2026-09-25 11:07:18.289] [SFX] {"sound": "civ_move_1", "volume": 0.07}
[2026-09-25 11:07:18.323] [SFX] {"sound": "civ_move_1", "volume": 0.13}
[2026-09-25 11:07:18.345] [SFX] {"sound": "civ_move_2", "volume": 0.12}
[2026-09-25 11:07:18.404] [SFX] {"sound": "guardian_move", "volume": 0.15}
[2026-09-25 11:07:18.471] [SFX] {"sound": "threat_pulse", "volume": 0.33}
[2026-09-25 11:07:18.504] [SFX] {"sound": "civ_move_1", "volume": 0.27}
[2026-09-25 11:07:18.569] [SFX] {"sound": "player_move", "volume": 0.4}
[2026-09-25 11:07:18.619] [SFX] {"sound": "civ_move_2", "volume": 0.25}
[2026-09-25 11:07:18.641] [SFX] {"sound": "civ_move_1", "volume": 0.07}
[2026-09-25 11:07:18.641] [SFX] {"sound": "civ_move_1", "volume": 0.29}
[2026-09-25 11:07:18.668] [SFX] {"sound": "civ_move_1", "volume": 0.03}
[2026-09-25 11:07:18.668] [SFX] {"sound": "civ_move_2", "volume": 0.18}
[2026-09-25 11:07:18.701] [SFX] {"sound": "civ_move_1", "volume": 0.07}
[2026-09-25 11:07:18.732] [SFX] {"sound": "civ_move_1", "volume": 0.13}
[2026-09-25 11:07:18.755] [SFX] {"sound": "civ_move_2", "volume": 0.14}
[2026-09-25 11:07:18.868] [C] {"civ_pos": [96, 56]}
[2026-09-25 11:07:18.923] [SFX] {"sound": "player_move", "volume": 0.4}
[2026-09-25 11:07:18.938] [SFX] {"sound": "civ_move_1", "volume": 0.27}
[2026-09-25 11:07:19.012] [SFX] {"sound": "guardian_move", "volume": 0.15}
[2026-09-25 11:07:19.035] [SFX] {"sound": "civ_move_2", "volume": 0.28}
[2026-09-25 11:07:19.051] [SFX] {"sound": "civ_move_1", "volume": 0.07}
[2026-09-25 11:07:19.051] [SFX] {"sound": "civ_move_1", "volume": 0.29}
[2026-09-25 11:07:19.078] [SFX] {"sound": "civ_move_1", "volume": 0.02}
[2026-09-25 11:07:19.079] [SFX] {"sound": "civ_move_2", "volume": 0.18}
[2026-09-25 11:07:19.113] [SFX] {"sound": "civ_move_1", "volume": 0.06}
[2026-09-25 11:07:19.144] [SFX] {"sound": "civ_move_1", "volume": 0.12}
[2026-09-25 11:07:19.196] [SFX] {"sound": "player_move", "volume": 0.4}
[2026-09-25 11:07:19.345] [SFX] {"sound": "civ_move_1", "volume": 0.27}
[2026-09-25 11:07:19.377] [SFX] {"sound": "threat_pulse", "volume": 0.34}
[2026-09-25 11:07:19.443] [SFX] {"sound": "civ_move_2", "volume": 0.3}
[2026-09-25 11:07:19.466] [SFX] {"sound": "civ_move_1", "volume": 0.06}
[2026-09-25 11:07:19.467] [SFX] {"sound": "civ_move_1", "volume": 0.29}
[2026-09-25 11:07:19.492] [SFX] {"sound": "civ_move_2", "volume": 0.18}
[2026-09-25 11:07:19.515] [SFX] {"sound": "player_move", "volume": 0.4}
[2026-09-25 11:07:19.531] [SFX] {"sound": "civ_move_1", "volume": 0.05}
[2026-09-25 11:07:19.550] [SFX] {"sound": "civ_move_1", "volume": 0.1}
[2026-09-25 11:07:19.627] [SFX] {"sound": "guardian_move", "volume": 0.15}
[2026-09-25 11:07:19.746] [SFX] {"sound": "civ_move_1", "volume": 0.27}
[2026-09-25 11:07:19.813] [SFX] {"sound": "player_move", "volume": 0.4}
[2026-09-25 11:07:19.845] [SFX] {"sound": "civ_move_2", "volume": 0.27}
[2026-09-25 11:07:19.866] [SFX] {"sound": "civ_move_1", "volume": 0.05}
[2026-09-25 11:07:19.867] [SFX] {"sound": "civ_move_1", "volume": 0.29}
[2026-09-25 11:07:19.894] [SFX] {"sound": "civ_move_2", "volume": 0.18}
[2026-09-25 11:07:19.928] [SFX] {"sound": "civ_move_1", "volume": 0.04}
[2026-09-25 11:07:19.950] [SFX] {"sound": "civ_move_1", "volume": 0.09}
[2026-09-25 11:07:20.111] [SFX] {"sound": "player_move", "volume": 0.4}
[2026-09-25 11:07:20.146] [SFX] {"sound": "civ_move_1", "volume": 0.27}
[2026-09-25 11:07:20.215] [SFX] {"sound": "civ_move_2", "volume": 0.1}
[2026-09-25 11:07:20.236] [SFX] {"sound": "guardian_move", "volume": 0.15}
[2026-09-25 11:07:20.253] [SFX] {"sound": "civ_move_2", "volume": 0.25}
[2026-09-25 11:07:20.269] [SFX] {"sound": "civ_move_1", "volume": 0.04}
[2026-09-25 11:07:20.270] [SFX] {"sound": "civ_move_1", "volume": 0.01}
[2026-09-25 11:07:20.271] [SFX] {"sound": "civ_move_1", "volume": 0.29}
[2026-09-25 11:07:20.285] [SFX] {"sound": "threat_pulse", "volume": 0.35}
[2026-09-25 11:07:20.304] [SFX] {"sound": "civ_move_2", "volume": 0.18}
[2026-09-25 11:07:20.331] [SFX] {"sound": "civ_move_1", "volume": 0.03}
[2026-09-25 11:07:20.355] [SFX] {"sound": "civ_move_1", "volume": 0.07}
[2026-09-25 11:07:20.416] [SFX] {"sound": "player_move", "volume": 0.4}
[2026-09-25 11:07:20.551] [SFX] {"sound": "civ_move_1", "volume": 0.27}
[2026-09-25 11:07:20.616] [SFX] {"sound": "civ_move_2", "volume": 0.09}
[2026-09-25 11:07:20.650] [SFX] {"sound": "civ_move_2", "volume": 0.23}
[2026-09-25 11:07:20.674] [SFX] {"sound": "civ_move_1", "volume": 0.02}
[2026-09-25 11:07:20.674] [SFX] {"sound": "civ_move_1", "volume": 0.04}
[2026-09-25 11:07:20.675] [SFX] {"sound": "civ_move_1", "volume": 0.29}
[2026-09-25 11:07:20.701] [SFX] {"sound": "civ_move_2", "volume": 0.18}
[2026-09-25 11:07:20.723] [SFX] {"sound": "player_move", "volume": 0.4}
[2026-09-25 11:07:20.739] [SFX] {"sound": "civ_move_1", "volume": 0.02}
[2026-09-25 11:07:20.756] [SFX] {"sound": "civ_move_1", "volume": 0.06}
[2026-09-25 11:07:20.831] [SFX] {"sound": "guardian_move", "volume": 0.15}
[2026-09-25 11:07:20.964] [SFX] {"sound": "civ_move_1", "volume": 0.27}
[2026-09-25 11:07:21.031] [SFX] {"sound": "player_move", "volume": 0.4}
[2026-09-25 11:07:21.032] [SFX] {"sound": "civ_move_2", "volume": 0.09}
[2026-09-25 11:07:21.063] [SFX] {"sound": "civ_move_2", "volume": 0.2}
[2026-09-25 11:07:21.084] [SFX] {"sound": "civ_move_1", "volume": 0.01}
[2026-09-25 11:07:21.085] [SFX] {"sound": "civ_move_1", "volume": 0.06}
[2026-09-25 11:07:21.086] [SFX] {"sound": "civ_move_1", "volume": 0.29}
[2026-09-25 11:07:21.111] [SFX] {"sound": "civ_move_2", "volume": 0.18}
[2026-09-25 11:07:21.142] [SFX] {"sound": "civ_move_1", "volume": 0.0}
[2026-09-25 11:07:21.165] [SFX] {"sound": "civ_move_1", "volume": 0.05}
[2026-09-25 11:07:21.195] [SFX] {"sound": "threat_pulse", "volume": 0.36}
[2026-09-25 11:07:21.345] [SFX] {"sound": "player_move", "volume": 0.4}
[2026-09-25 11:07:21.398] [JACK] Hörst du das Wummern? Sentinels in der Nähe... Bloß keinen falschen Schritt machen!
[2026-09-25 11:07:21.413] [SFX] {"sound": "civ_move_1", "volume": 0.27}
[2026-09-25 11:07:21.414] [C] {"civ_pos": [107, 56]}
[2026-09-25 11:07:21.442] [SFX] {"sound": "guardian_move", "volume": 0.15}
[2026-09-25 11:07:21.443] [SFX] {"sound": "civ_move_2", "volume": 0.09}
[2026-09-25 11:07:21.475] [SFX] {"sound": "civ_move_2", "volume": 0.18}
[2026-09-25 11:07:21.497] [SFX] {"sound": "civ_move_1", "volume": 0.09}
[2026-09-25 11:07:21.497] [SFX] {"sound": "civ_move_1", "volume": 0.29}
[2026-09-25 11:07:21.525] [SFX] {"sound": "civ_move_2", "volume": 0.18}
[2026-09-25 11:07:21.560] [SFX] {"sound": "civ_move_1", "volume": 0.05}
[2026-09-25 11:07:21.645] [SFX] {"sound": "player_move", "volume": 0.4}
[2026-09-25 11:07:21.809] [SFX] {"sound": "civ_move_1", "volume": 0.27}
[2026-09-25 11:07:21.843] [SFX] {"sound": "civ_move_2", "volume": 0.09}
[2026-09-25 11:07:21.877] [SFX] {"sound": "civ_move_2", "volume": 0.15}
[2026-09-25 11:07:21.899] [SFX] {"sound": "civ_move_1", "volume": 0.11}
[2026-09-25 11:07:21.900] [SFX] {"sound": "civ_move_1", "volume": 0.29}
[2026-09-25 11:07:21.927] [SFX] {"sound": "civ_move_2", "volume": 0.18}
[2026-09-25 11:07:21.950] [SFX] {"sound": "player_move", "volume": 0.4}
[2026-09-25 11:07:21.969] [SFX] {"sound": "civ_move_1", "volume": 0.04}
[2026-09-25 11:07:22.046] [SFX] {"sound": "guardian_move", "volume": 0.15}
[2026-09-25 11:07:22.098] [SFX] {"sound": "threat_pulse", "volume": 0.37}
[2026-09-25 11:07:22.215] [SFX] {"sound": "civ_move_1", "volume": 0.27}
[2026-09-25 11:07:22.248] [SFX] {"sound": "player_move", "volume": 0.4}
[2026-09-25 11:07:22.249] [SFX] {"sound": "civ_move_2", "volume": 0.09}
[2026-09-25 11:07:22.281] [SFX] {"sound": "civ_move_2", "volume": 0.13}
[2026-09-25 11:07:22.304] [SFX] {"sound": "civ_move_1", "volume": 0.13}
[2026-09-25 11:07:22.304] [SFX] {"sound": "civ_move_1", "volume": 0.29}
[2026-09-25 11:07:22.330] [SFX] {"sound": "civ_move_2", "volume": 0.18}
[2026-09-25 11:07:22.363] [SFX] {"sound": "civ_move_1", "volume": 0.04}
[2026-09-25 11:07:22.559] [SFX] {"sound": "player_move", "volume": 0.4}
[2026-09-25 11:07:22.625] [SFX] {"sound": "civ_move_1", "volume": 0.27}
[2026-09-25 11:07:22.660] [SFX] {"sound": "guardian_move", "volume": 0.15}
[2026-09-25 11:07:22.660] [SFX] {"sound": "civ_move_2", "volume": 0.09}
[2026-09-25 11:07:22.694] [SFX] {"sound": "civ_move_2", "volume": 0.1}
[2026-09-25 11:07:22.716] [SFX] {"sound": "civ_move_1", "volume": 0.16}
[2026-09-25 11:07:22.717] [SFX] {"sound": "civ_move_1", "volume": 0.29}
[2026-09-25 11:07:22.744] [SFX] {"sound": "civ_move_2", "volume": 0.18}
[2026-09-25 11:07:22.776] [SFX] {"sound": "civ_move_1", "volume": 0.04}
[2026-09-25 11:07:22.874] [SFX] {"sound": "player_move", "volume": 0.4}
[2026-09-25 11:07:23.007] [SFX] {"sound": "threat_pulse", "volume": 0.38}
[2026-09-25 11:07:23.039] [SFX] {"sound": "civ_move_1", "volume": 0.27}
[2026-09-25 11:07:23.072] [SFX] {"sound": "civ_move_2", "volume": 0.09}
[2026-09-25 11:07:23.107] [SFX] {"sound": "civ_move_2", "volume": 0.08}
[2026-09-25 11:07:23.130] [SFX] {"sound": "civ_move_1", "volume": 0.18}
[2026-09-25 11:07:23.131] [SFX] {"sound": "civ_move_1", "volume": 0.29}
[2026-09-25 11:07:23.158] [SFX] {"sound": "civ_move_2", "volume": 0.18}
[2026-09-25 11:07:23.181] [SFX] {"sound": "player_move", "volume": 0.4}
[2026-09-25 11:07:23.197] [SFX] {"sound": "civ_move_1", "volume": 0.04}
[2026-09-25 11:07:23.224] [SFX] {"sound": "civ_move_1", "volume": 0.01}
[2026-09-25 11:07:23.274] [SFX] {"sound": "guardian_move", "volume": 0.15}
[2026-09-25 11:07:23.442] [SFX] {"sound": "civ_move_1", "volume": 0.27}
[2026-09-25 11:07:23.475] [SFX] {"sound": "civ_move_2", "volume": 0.09}
[2026-09-25 11:07:23.498] [SFX] {"sound": "player_move", "volume": 0.4}
[2026-09-25 11:07:23.514] [SFX] {"sound": "civ_move_2", "volume": 0.06}
[2026-09-25 11:07:23.532] [SFX] {"sound": "civ_move_1", "volume": 0.21}
[2026-09-25 11:07:23.532] [SFX] {"sound": "civ_move_1", "volume": 0.29}
[2026-09-25 11:07:23.559] [SFX] {"sound": "civ_move_2", "volume": 0.18}
[2026-09-25 11:07:23.592] [SFX] {"sound": "civ_move_1", "volume": 0.04}
[2026-09-25 11:07:23.627] [SFX] {"sound": "civ_move_1", "volume": 0.01}
[2026-09-25 11:07:23.792] [SFX] {"sound": "player_move", "volume": 0.4}
[2026-09-25 11:07:23.814] [SFX] {"sound": "threat_pulse", "volume": 0.39}
[2026-09-25 11:07:23.842] [SFX] {"sound": "civ_move_1", "volume": 0.27}
[2026-09-25 11:07:23.876] [SFX] {"sound": "guardian_move", "volume": 0.15}
[2026-09-25 11:07:23.877] [SFX] {"sound": "civ_move_2", "volume": 0.09}
[2026-09-25 11:07:23.908] [SFX] {"sound": "civ_move_2", "volume": 0.03}
[2026-09-25 11:07:23.909] [C] {"civ_pos": [117, 56]}
[2026-09-25 11:07:23.951] [SFX] {"sound": "civ_move_1", "volume": 0.23}
[2026-09-25 11:07:23.952] [SFX] {"sound": "civ_move_1", "volume": 0.29}
[2026-09-25 11:07:23.965] [SFX] {"sound": "civ_move_2", "volume": 0.18}
[2026-09-25 11:07:23.993] [SFX] {"sound": "civ_move_1", "volume": 0.03}
[2026-09-25 11:07:24.041] [SFX] {"sound": "civ_move_1", "volume": 0.01}
[2026-09-25 11:07:24.106] [SFX] {"sound": "player_move", "volume": 0.4}
[2026-09-25 11:07:24.254] [SFX] {"sound": "civ_move_1", "volume": 0.27}
[2026-09-25 11:07:24.277] [SFX] {"sound": "civ_move_1", "volume": 0.01}
[2026-09-25 11:07:24.293] [SFX] {"sound": "civ_move_2", "volume": 0.09}
[2026-09-25 11:07:24.320] [SFX] {"sound": "civ_move_2", "volume": 0.01}
[2026-09-25 11:07:24.321] [SFX] {"sound": "civ_move_2", "volume": 0.0}
[2026-09-25 11:07:24.342] [SFX] {"sound": "civ_move_1", "volume": 0.26}
[2026-09-25 11:07:24.342] [SFX] {"sound": "civ_move_1", "volume": 0.29}
[2026-09-25 11:07:24.370] [SFX] {"sound": "civ_move_2", "volume": 0.18}
[2026-09-25 11:07:24.402] [SFX] {"sound": "civ_move_1", "volume": 0.03}
[2026-09-25 11:07:24.428] [SFX] {"sound": "player_move", "volume": 0.4}
[2026-09-25 11:07:24.453] [SFX] {"sound": "civ_move_1", "volume": 0.01}
[2026-09-25 11:07:24.487] [SFX] {"sound": "guardian_move", "volume": 0.15}
[2026-09-25 11:07:24.621] [SFX] {"sound": "threat_pulse", "volume": 0.4}
[2026-09-25 11:07:24.669] [SFX] {"sound": "civ_move_1", "volume": 0.27}
[2026-09-25 11:07:24.693] [SFX] {"sound": "civ_move_1", "volume": 0.02}
[2026-09-25 11:07:24.708] [SFX] {"sound": "civ_move_2", "volume": 0.09}
[2026-09-25 11:07:24.735] [SFX] {"sound": "player_move", "volume": 0.4}
[2026-09-25 11:07:24.736] [SFX] {"sound": "civ_move_2", "volume": 0.01}
[2026-09-25 11:07:24.757] [SFX] {"sound": "civ_move_1", "volume": 0.28}
[2026-09-25 11:07:24.758] [SFX] {"sound": "civ_move_1", "volume": 0.29}
[2026-09-25 11:07:24.785] [SFX] {"sound": "civ_move_2", "volume": 0.18}
[2026-09-25 11:07:24.819] [SFX] {"sound": "civ_move_1", "volume": 0.02}
[2026-09-25 11:07:24.869] [SFX] {"sound": "civ_move_1", "volume": 0.0}
[2026-09-25 11:07:25.034] [SFX] {"sound": "civ_move_2", "volume": 0.03}
[2026-09-25 11:07:25.056] [SFX] {"sound": "player_move", "volume": 0.4}
[2026-09-25 11:07:25.087] [SFX] {"sound": "civ_move_1", "volume": 0.27}
[2026-09-25 11:07:25.105] [SFX] {"sound": "guardian_move", "volume": 0.15}
[2026-09-25 11:07:25.106] [SFX] {"sound": "civ_move_1", "volume": 0.03}
[2026-09-25 11:07:25.122] [SFX] {"sound": "guardian_move", "volume": 0.02}
[2026-09-25 11:07:25.123] [SFX] {"sound": "civ_move_2", "volume": 0.09}
[2026-09-25 11:07:25.148] [SFX] {"sound": "civ_move_2", "volume": 0.02}
[2026-09-25 11:07:25.172] [SFX] {"sound": "civ_move_1", "volume": 0.29}
[2026-09-25 11:07:25.199] [SFX] {"sound": "civ_move_2", "volume": 0.18}
[2026-09-25 11:07:25.232] [SFX] {"sound": "civ_move_1", "volume": 0.01}
[2026-09-25 11:07:25.366] [SFX] {"sound": "player_move", "volume": 0.4}
[2026-09-25 11:07:25.432] [SFX] {"sound": "threat_pulse", "volume": 0.41}
[2026-09-25 11:07:25.454] [SFX] {"sound": "civ_move_2", "volume": 0.02}
[2026-09-25 11:07:25.483] [SFX] {"sound": "civ_move_1", "volume": 0.27}
[2026-09-25 11:07:25.506] [SFX] {"sound": "civ_move_1", "volume": 0.04}
[2026-09-25 11:07:25.522] [SFX] {"sound": "civ_move_2", "volume": 0.09}
[2026-09-25 11:07:25.549] [SFX] {"sound": "civ_move_2", "volume": 0.04}
[2026-09-25 11:07:25.581] [SFX] {"sound": "civ_move_1", "volume": 0.27}
[2026-09-25 11:07:25.582] [SFX] {"sound": "civ_move_1", "volume": 0.29}
[2026-09-25 11:07:25.604] [SFX] {"sound": "civ_move_2", "volume": 0.18}
[2026-09-25 11:07:25.681] [SFX] {"sound": "player_move", "volume": 0.4}
[2026-09-25 11:07:25.713] [SFX] {"sound": "guardian_move", "volume": 0.15}
[2026-09-25 11:07:25.736] [SFX] {"sound": "guardian_move", "volume": 0.05}
[2026-09-25 11:07:25.894] [SFX] {"sound": "civ_move_1", "volume": 0.27}
[2026-09-25 11:07:25.915] [SFX] {"sound": "civ_move_1", "volume": 0.07}
[2026-09-25 11:07:25.932] [SFX] {"sound": "civ_move_2", "volume": 0.09}
[2026-09-25 11:07:25.959] [SFX] {"sound": "civ_move_2", "volume": 0.05}
[2026-09-25 11:07:25.992] [SFX] {"sound": "player_move", "volume": 0.4}
[2026-09-25 11:07:25.993] [SFX] {"sound": "civ_move_1", "volume": 0.24}
[2026-09-25 11:07:25.993] [SFX] {"sound": "civ_move_1", "volume": 0.29}
[2026-09-25 11:07:26.014] [SFX] {"sound": "civ_move_2", "volume": 0.18}
[2026-09-25 11:07:26.243] [SFX] {"sound": "threat_pulse", "volume": 0.42}
[2026-09-25 11:07:26.292] [SFX] {"sound": "player_move", "volume": 0.4}
[2026-09-25 11:07:26.315] [SFX] {"sound": "civ_move_1", "volume": 0.27}
[2026-09-25 11:07:26.334] [SFX] {"sound": "guardian_move", "volume": 0.15}
[2026-09-25 11:07:26.335] [SFX] {"sound": "civ_move_1", "volume": 0.09}
[2026-09-25 11:07:26.347] [SFX] {"sound": "guardian_move", "volume": 0.07}
[2026-09-25 11:07:26.348] [SFX] {"sound": "civ_move_2", "volume": 0.09}
[2026-09-25 11:07:26.364] [SFX] {"sound": "civ_move_2", "volume": 0.06}
[2026-09-25 11:07:26.392] [SFX] {"sound": "civ_move_1", "volume": 0.22}
[2026-09-25 11:07:26.393] [SFX] {"sound": "civ_move_1", "volume": 0.29}
[2026-09-25 11:07:26.414] [SFX] {"sound": "civ_move_2", "volume": 0.18}
[2026-09-25 11:07:26.431] [C] {"civ_pos": [127, 56]}
[2026-09-25 11:07:26.592] [SFX] {"sound": "player_move", "volume": 0.4}
[2026-09-25 11:07:26.724] [SFX] {"sound": "civ_move_1", "volume": 0.27}
[2026-09-25 11:07:26.746] [SFX] {"sound": "civ_move_1", "volume": 0.12}
[2026-09-25 11:07:26.763] [SFX] {"sound": "civ_move_2", "volume": 0.09}
[2026-09-25 11:07:26.781] [SFX] {"sound": "civ_move_2", "volume": 0.07}
[2026-09-25 11:07:26.798] [SFX] {"sound": "civ_move_1", "volume": 0.2}
[2026-09-25 11:07:26.799] [SFX] {"sound": "civ_move_1", "volume": 0.29}
[2026-09-25 11:07:26.815] [SFX] {"sound": "civ_move_2", "volume": 0.18}
[2026-09-25 11:07:26.893] [SFX] {"sound": "player_move", "volume": 0.4}
[2026-09-25 11:07:26.927] [SFX] {"sound": "guardian_move", "volume": 0.15}
[2026-09-25 11:07:26.950] [SFX] {"sound": "guardian_move", "volume": 0.09}
[2026-09-25 11:07:27.044] [SFX] {"sound": "threat_pulse", "volume": 0.43}
[2026-09-25 11:07:27.131] [SFX] {"sound": "civ_move_1", "volume": 0.27}
[2026-09-25 11:07:27.152] [SFX] {"sound": "civ_move_1", "volume": 0.14}
[2026-09-25 11:07:27.169] [SFX] {"sound": "civ_move_2", "volume": 0.09}
[2026-09-25 11:07:27.187] [SFX] {"sound": "civ_move_2", "volume": 0.1}
[2026-09-25 11:07:27.202] [SFX] {"sound": "player_move", "volume": 0.4}
[2026-09-25 11:07:27.203] [SFX] {"sound": "civ_move_1", "volume": 0.17}
[2026-09-25 11:07:27.204] [SFX] {"sound": "civ_move_1", "volume": 0.02}
[2026-09-25 11:07:27.205] [SFX] {"sound": "civ_move_1", "volume": 0.29}
[2026-09-25 11:07:27.218] [SFX] {"sound": "civ_move_2", "volume": 0.18}
[2026-09-25 11:07:27.511] [SFX] {"sound": "player_move", "volume": 0.4}
[2026-09-25 11:07:27.533] [SFX] {"sound": "guardian_move", "volume": 0.15}
[2026-09-25 11:07:27.550] [SFX] {"sound": "guardian_move", "volume": 0.12}
[2026-09-25 11:07:27.551] [SFX] {"sound": "civ_move_1", "volume": 0.27}
[2026-09-25 11:07:27.566] [SFX] {"sound": "civ_move_1", "volume": 0.17}
[2026-09-25 11:07:27.583] [SFX] {"sound": "civ_move_2", "volume": 0.09}
[2026-09-25 11:07:27.600] [SFX] {"sound": "civ_move_2", "volume": 0.13}
[2026-09-25 11:07:27.615] [SFX] {"sound": "civ_move_1", "volume": 0.15}
[2026-09-25 11:07:27.616] [SFX] {"sound": "civ_move_1", "volume": 0.05}
[2026-09-25 11:07:27.617] [SFX] {"sound": "civ_move_1", "volume": 0.29}
[2026-09-25 11:07:27.631] [SFX] {"sound": "civ_move_2", "volume": 0.18}
[2026-09-25 11:07:27.755] [SFX] {"sound": "threat_pulse", "volume": 0.44}
[2026-09-25 11:07:27.820] [SFX] {"sound": "player_move", "volume": 0.4}
[2026-09-25 11:07:27.949] [SFX] {"sound": "civ_move_1", "volume": 0.27}
[2026-09-25 11:07:27.970] [SFX] {"sound": "civ_move_1", "volume": 0.19}
[2026-09-25 11:07:27.986] [SFX] {"sound": "civ_move_2", "volume": 0.09}
[2026-09-25 11:07:28.004] [SFX] {"sound": "civ_move_2", "volume": 0.15}
[2026-09-25 11:07:28.018] [SFX] {"sound": "civ_move_1", "volume": 0.12}
[2026-09-25 11:07:28.019] [SFX] {"sound": "civ_move_1", "volume": 0.07}
[2026-09-25 11:07:28.020] [SFX] {"sound": "civ_move_1", "volume": 0.29}
[2026-09-25 11:07:28.035] [SFX] {"sound": "civ_move_2", "volume": 0.18}
[2026-09-25 11:07:28.128] [SFX] {"sound": "player_move", "volume": 0.4}
[2026-09-25 11:07:28.129] [SFX] {"sound": "guardian_move", "volume": 0.15}
[2026-09-25 11:07:28.150] [SFX] {"sound": "guardian_move", "volume": 0.17}
[2026-09-25 11:07:28.349] [SFX] {"sound": "guardian_move", "volume": 0.03}
[2026-09-25 11:07:28.349] [SFX] {"sound": "civ_move_1", "volume": 0.27}
[2026-09-25 11:07:28.399] [SFX] {"sound": "civ_move_1", "volume": 0.22}
[2026-09-25 11:07:28.412] [SFX] {"sound": "civ_move_2", "volume": 0.18}
[2026-09-25 11:07:28.413] [SFX] {"sound": "civ_move_2", "volume": 0.09}
[2026-09-25 11:07:28.428] [SFX] {"sound": "civ_move_1", "volume": 0.1}
[2026-09-25 11:07:28.429] [SFX] {"sound": "civ_move_1", "volume": 0.29}
[2026-09-25 11:07:28.445] [SFX] {"sound": "player_move", "volume": 0.4}
[2026-09-25 11:07:28.446] [SFX] {"sound": "civ_move_2", "volume": 0.18}
[2026-09-25 11:07:28.462] [SFX] {"sound": "threat_pulse", "volume": 0.45}
[2026-09-25 11:07:28.737] [SFX] {"sound": "guardian_move", "volume": 0.15}
[2026-09-25 11:07:28.760] [SFX] {"sound": "player_move", "volume": 0.4}
[2026-09-25 11:07:28.761] [SFX] {"sound": "guardian_move", "volume": 0.22}
[2026-09-25 11:07:28.762] [SFX] {"sound": "civ_move_1", "volume": 0.27}
[2026-09-25 11:07:28.777] [SFX] {"sound": "civ_move_1", "volume": 0.24}
[2026-09-25 11:07:28.822] [SFX] {"sound": "civ_move_1", "volume": 0.07}
[2026-09-25 11:07:28.823] [SFX] {"sound": "civ_move_2", "volume": 0.2}
[2026-09-25 11:07:28.824] [SFX] {"sound": "civ_move_1", "volume": 0.12}
[2026-09-25 11:07:28.824] [SFX] {"sound": "civ_move_1", "volume": 0.29}
[2026-09-25 11:07:28.825] [SFX] {"sound": "civ_move_2", "volume": 0.09}
[2026-09-25 11:07:28.845] [SFX] {"sound": "civ_move_2", "volume": 0.18}
[2026-09-25 11:07:28.940] [C] {"civ_pos": [137, 56]}
[2026-09-25 11:07:28.969] [SFX] {"sound": "guardian_move", "volume": 0.03}
[2026-09-25 11:07:29.058] [SFX] {"sound": "player_move", "volume": 0.4}
[2026-09-25 11:07:29.158] [SFX] {"sound": "civ_move_1", "volume": 0.27}
[2026-09-25 11:07:29.159] [SFX] {"sound": "threat_pulse", "volume": 0.45}
[2026-09-25 11:07:29.185] [SFX] {"sound": "civ_move_1", "volume": 0.27}
[2026-09-25 11:07:29.226] [SFX] {"sound": "civ_move_1", "volume": 0.05}
[2026-09-25 11:07:29.227] [SFX] {"sound": "civ_move_2", "volume": 0.22}
[2026-09-25 11:07:29.228] [SFX] {"sound": "civ_move_1", "volume": 0.14}
[2026-09-25 11:07:29.229] [SFX] {"sound": "civ_move_1", "volume": 0.29}
[2026-09-25 11:07:29.229] [SFX] {"sound": "civ_move_2", "volume": 0.09}
[2026-09-25 11:07:29.249] [SFX] {"sound": "civ_move_2", "volume": 0.18}
[2026-09-25 11:07:29.309] [SFX] {"sound": "civ_move_2", "volume": 0.02}
[2026-09-25 11:07:29.342] [SFX] {"sound": "guardian_move", "volume": 0.15}
[2026-09-25 11:07:29.363] [SFX] {"sound": "player_move", "volume": 0.4}
[2026-09-25 11:07:29.364] [SFX] {"sound": "guardian_move", "volume": 0.27}
[2026-09-25 11:07:29.559] [SFX] {"sound": "guardian_move", "volume": 0.06}
[2026-09-25 11:07:29.560] [SFX] {"sound": "civ_move_1", "volume": 0.27}
[2026-09-25 11:07:29.580] [SFX] {"sound": "civ_move_1", "volume": 0.29}
[2026-09-25 11:07:29.640] [SFX] {"sound": "civ_move_1", "volume": 0.03}
[2026-09-25 11:07:29.641] [SFX] {"sound": "civ_move_2", "volume": 0.25}
[2026-09-25 11:07:29.641] [SFX] {"sound": "civ_move_1", "volume": 0.17}
[2026-09-25 11:07:29.642] [SFX] {"sound": "civ_move_1", "volume": 0.29}
[2026-09-25 11:07:29.643] [SFX] {"sound": "civ_move_2", "volume": 0.09}
[2026-09-25 11:07:29.662] [SFX] {"sound": "civ_move_2", "volume": 0.18}
[2026-09-25 11:07:29.678] [SFX] {"sound": "player_move", "volume": 0.4}
[2026-09-25 11:07:29.726] [SFX] {"sound": "civ_move_2", "volume": 0.04}
[2026-09-25 11:07:29.858] [SFX] {"sound": "threat_pulse", "volume": 0.46}
[2026-09-25 11:07:29.945] [SFX] {"sound": "guardian_move", "volume": 0.15}
[2026-09-25 11:07:29.963] [SFX] {"sound": "guardian_move", "volume": 0.32}
[2026-09-25 11:07:29.964] [SFX] {"sound": "civ_move_1", "volume": 0.27}
[2026-09-25 11:07:29.981] [SFX] {"sound": "player_move", "volume": 0.4}
[2026-09-25 11:07:29.982] [SFX] {"sound": "civ_move_1", "volume": 0.29}
[2026-09-25 11:07:30.041] [SFX] {"sound": "civ_move_1", "volume": 0.0}
[2026-09-25 11:07:30.041] [SFX] {"sound": "civ_move_2", "volume": 0.27}
[2026-09-25 11:07:30.042] [SFX] {"sound": "civ_move_1", "volume": 0.19}
[2026-09-25 11:07:30.043] [SFX] {"sound": "civ_move_1", "volume": 0.29}
[2026-09-25 11:07:30.043] [SFX] {"sound": "civ_move_2", "volume": 0.09}
[2026-09-25 11:07:30.064] [SFX] {"sound": "civ_move_2", "volume": 0.18}
[2026-09-25 11:07:30.138] [SFX] {"sound": "civ_move_2", "volume": 0.07}
[2026-09-25 11:07:30.172] [SFX] {"sound": "guardian_move", "volume": 0.06}
[2026-09-25 11:07:30.289] [SFX] {"sound": "player_move", "volume": 0.4}
[2026-09-25 11:07:30.372] [SFX] {"sound": "civ_move_1", "volume": 0.27}
[2026-09-25 11:07:30.395] [SFX] {"sound": "civ_move_1", "volume": 0.26}
[2026-09-25 11:07:30.456] [SFX] {"sound": "civ_move_2", "volume": 0.3}
[2026-09-25 11:07:30.457] [SFX] {"sound": "civ_move_1", "volume": 0.22}
[2026-09-25 11:07:30.458] [SFX] {"sound": "civ_move_1", "volume": 0.29}
[2026-09-25 11:07:30.458] [SFX] {"sound": "civ_move_2", "volume": 0.09}
[2026-09-25 11:07:30.480] [SFX] {"sound": "civ_move_2", "volume": 0.18}
[2026-09-25 11:07:30.481] [SFX] {"sound": "threat_pulse", "volume": 0.47}
[2026-09-25 11:07:30.540] [SFX] {"sound": "civ_move_2", "volume": 0.09}
[2026-09-25 11:07:30.562] [SFX] {"sound": "guardian_move", "volume": 0.15}
[2026-09-25 11:07:30.579] [SFX] {"sound": "guardian_move", "volume": 0.37}
[2026-09-25 11:07:30.596] [SFX] {"sound": "player_move", "volume": 0.4}
[2026-09-25 11:07:30.772] [SFX] {"sound": "guardian_move", "volume": 0.07}
[2026-09-25 11:07:30.796] [SFX] {"sound": "civ_move_1", "volume": 0.27}
[2026-09-25 11:07:30.810] [SFX] {"sound": "civ_move_1", "volume": 0.24}
[2026-09-25 11:07:30.871] [SFX] {"sound": "civ_move_2", "volume": 0.28}
[2026-09-25 11:07:30.872] [SFX] {"sound": "civ_move_1", "volume": 0.24}
[2026-09-25 11:07:30.873] [SFX] {"sound": "civ_move_1", "volume": 0.29}
[2026-09-25 11:07:30.874] [SFX] {"sound": "civ_move_2", "volume": 0.09}
[2026-09-25 11:07:30.895] [SFX] {"sound": "civ_move_2", "volume": 0.18}
[2026-09-25 11:07:30.911] [SFX] {"sound": "player_move", "volume": 0.4}
[2026-09-25 11:07:30.953] [SFX] {"sound": "civ_move_2", "volume": 0.12}
[2026-09-25 11:07:31.085] [SFX] {"sound": "threat_pulse", "volume": 0.5}
[2026-09-25 11:07:31.167] [SFX] {"sound": "guardian_move", "volume": 0.15}
[2026-09-25 11:07:31.201] [SFX] {"sound": "civ_move_1", "volume": 0.27}
[2026-09-25 11:07:31.224] [SFX] {"sound": "player_move", "volume": 0.4}
[2026-09-25 11:07:31.225] [SFX] {"sound": "civ_move_1", "volume": 0.21}
[2026-09-25 11:07:31.241] [SFX] {"sound": "guardian_move", "volume": 0.39}
[2026-09-25 11:07:31.283] [SFX] {"sound": "civ_move_2", "volume": 0.25}
[2026-09-25 11:07:31.284] [SFX] {"sound": "civ_move_1", "volume": 0.27}
[2026-09-25 11:07:31.285] [SFX] {"sound": "civ_move_1", "volume": 0.29}
[2026-09-25 11:07:31.285] [SFX] {"sound": "civ_move_2", "volume": 0.09}
[2026-09-25 11:07:31.307] [SFX] {"sound": "civ_move_2", "volume": 0.18}
[2026-09-25 11:07:31.365] [SFX] {"sound": "guardian_move", "volume": 0.02}
[2026-09-25 11:07:31.366] [SFX] {"sound": "civ_move_2", "volume": 0.14}
[2026-09-25 11:07:31.388] [SFX] {"sound": "guardian_move", "volume": 0.1}
[2026-09-25 11:07:31.446] [C] {"civ_pos": [147, 56]}
[2026-09-25 11:07:31.525] [SFX] {"sound": "player_move", "volume": 0.4}
[2026-09-25 11:07:31.592] [SFX] {"sound": "threat_pulse", "volume": 0.55}
[2026-09-25 11:07:31.614] [SFX] {"sound": "civ_move_1", "volume": 0.27}
[2026-09-25 11:07:31.630] [SFX] {"sound": "civ_move_1", "volume": 0.19}
[2026-09-25 11:07:31.690] [SFX] {"sound": "civ_move_2", "volume": 0.23}
[2026-09-25 11:07:31.691] [SFX] {"sound": "civ_move_1", "volume": 0.29}
[2026-09-25 11:07:31.693] [SFX] {"sound": "civ_move_2", "volume": 0.09}
[2026-09-25 11:07:31.713] [SFX] {"sound": "civ_move_2", "volume": 0.18}
[2026-09-25 11:07:31.774] [SFX] {"sound": "guardian_move", "volume": 0.15}
[2026-09-25 11:07:31.775] [SFX] {"sound": "civ_move_2", "volume": 0.17}
[2026-09-25 11:07:31.824] [SFX] {"sound": "player_move", "volume": 0.4}
[2026-09-25 11:07:31.875] [SFX] {"sound": "guardian_move", "volume": 0.39}
[2026-09-25 11:07:31.977] [SFX] {"sound": "guardian_move", "volume": 0.04}
[2026-09-25 11:07:31.999] [SFX] {"sound": "guardian_move", "volume": 0.12}
[2026-09-25 11:07:31.999] [SFX] {"sound": "threat_pulse", "volume": 0.58}
[2026-09-25 11:07:32.015] [SFX] {"sound": "civ_move_1", "volume": 0.27}
[2026-09-25 11:07:32.032] [SFX] {"sound": "civ_move_1", "volume": 0.16}
[2026-09-25 11:07:32.092] [SFX] {"sound": "civ_move_2", "volume": 0.2}
[2026-09-25 11:07:32.093] [SFX] {"sound": "civ_move_1", "volume": 0.28}
[2026-09-25 11:07:32.094] [SFX] {"sound": "civ_move_1", "volume": 0.29}
[2026-09-25 11:07:32.094] [SFX] {"sound": "civ_move_2", "volume": 0.09}
[2026-09-25 11:07:32.116] [SFX] {"sound": "civ_move_2", "volume": 0.18}
[2026-09-25 11:07:32.131] [SFX] {"sound": "player_move", "volume": 0.4}
[2026-09-25 11:07:32.190] [SFX] {"sound": "civ_move_2", "volume": 0.19}
[2026-09-25 11:07:32.388] [SFX] {"sound": "guardian_move", "volume": 0.15}
[2026-09-25 11:07:32.413] [SFX] {"sound": "threat_pulse", "volume": 0.61}
[2026-09-25 11:07:32.427] [SFX] {"sound": "civ_move_1", "volume": 0.27}
[2026-09-25 11:07:32.446] [SFX] {"sound": "player_move", "volume": 0.4}
[2026-09-25 11:07:32.446] [SFX] {"sound": "civ_move_1", "volume": 0.14}
[2026-09-25 11:07:32.505] [SFX] {"sound": "guardian_move", "volume": 0.39}
[2026-09-25 11:07:32.506] [SFX] {"sound": "civ_move_2", "volume": 0.18}
[2026-09-25 11:07:32.507] [SFX] {"sound": "civ_move_1", "volume": 0.26}
[2026-09-25 11:07:32.508] [SFX] {"sound": "civ_move_1", "volume": 0.29}
[2026-09-25 11:07:32.508] [SFX] {"sound": "civ_move_2", "volume": 0.09}
[2026-09-25 11:07:32.528] [SFX] {"sound": "civ_move_2", "volume": 0.18}
[2026-09-25 11:07:32.589] [SFX] {"sound": "guardian_move", "volume": 0.06}
[2026-09-25 11:07:32.611] [SFX] {"sound": "guardian_move", "volume": 0.12}
[2026-09-25 11:07:32.612] [SFX] {"sound": "civ_move_2", "volume": 0.21}
[2026-09-25 11:07:32.705] [SFX] {"sound": "threat_pulse", "volume": 0.63}
[2026-09-25 11:07:32.738] [SFX] {"sound": "player_move", "volume": 0.4}
[2026-09-25 11:07:32.835] [SFX] {"sound": "civ_move_1", "volume": 0.27}
[2026-09-25 11:07:32.857] [SFX] {"sound": "civ_move_1", "volume": 0.11}
[2026-09-25 11:07:32.916] [SFX] {"sound": "civ_move_2", "volume": 0.15}
[2026-09-25 11:07:32.918] [SFX] {"sound": "civ_move_1", "volume": 0.23}
[2026-09-25 11:07:32.919] [SFX] {"sound": "civ_move_1", "volume": 0.29}
[2026-09-25 11:07:32.920] [SFX] {"sound": "civ_move_2", "volume": 0.09}
[2026-09-25 11:07:32.920] [SFX] {"sound": "threat_pulse", "volume": 0.65}
[2026-09-25 11:07:32.938] [SFX] {"sound": "civ_move_2", "volume": 0.18}
[2026-09-25 11:07:32.998] [SFX] {"sound": "guardian_move", "volume": 0.16}
[2026-09-25 11:07:33.021] [SFX] {"sound": "civ_move_2", "volume": 0.24}
[2026-09-25 11:07:33.047] [SFX] {"sound": "player_move", "volume": 0.4}
[2026-09-25 11:07:33.098] [SFX] {"sound": "civ_move_1", "volume": 0.02}
[2026-09-25 11:07:33.120] [SFX] {"sound": "guardian_move", "volume": 0.39}
[2026-09-25 11:07:33.137] [SFX] {"sound": "threat_pulse", "volume": 0.67}
[2026-09-25 11:07:33.198] [SFX] {"sound": "guardian_move", "volume": 0.08}
[2026-09-25 11:07:33.220] [SFX] {"sound": "guardian_move", "volume": 0.12}
[2026-09-25 11:07:33.235] [SFX] {"sound": "threat_pulse", "volume": 0.68}
[2026-09-25 11:07:33.253] [SFX] {"sound": "civ_move_1", "volume": 0.27}
[2026-09-25 11:07:33.270] [SFX] {"sound": "civ_move_1", "volume": 0.09}
[2026-09-25 11:07:33.328] [SFX] {"sound": "civ_move_2", "volume": 0.13}
[2026-09-25 11:07:33.329] [SFX] {"sound": "civ_move_1", "volume": 0.21}
[2026-09-25 11:07:33.330] [SFX] {"sound": "civ_move_1", "volume": 0.29}
[2026-09-25 11:07:33.330] [SFX] {"sound": "civ_move_2", "volume": 0.09}
[2026-09-25 11:07:33.351] [SFX] {"sound": "civ_move_2", "volume": 0.18}
[2026-09-25 11:07:33.352] [SFX] {"sound": "threat_pulse", "volume": 0.69}
[2026-09-25 11:07:33.368] [SFX] {"sound": "player_move", "volume": 0.4}
[2026-09-25 11:07:33.428] [SFX] {"sound": "civ_move_2", "volume": 0.26}
[2026-09-25 11:07:33.461] [SFX] {"sound": "threat_pulse", "volume": 0.69}
[2026-09-25 11:07:33.511] [SFX] {"sound": "civ_move_1", "volume": 0.04}
[2026-09-25 11:07:33.533] [SFX] {"sound": "alert_trigger", "volume": 1.0}
[2026-09-25 11:07:33.561] [SFX] {"sound": "threat_pulse", "volume": 0.7}
[2026-09-25 11:07:33.612] [SFX] {"sound": "guardian_move", "volume": 0.18}
[2026-09-25 11:07:33.662] [SFX] {"sound": "player_move", "volume": 0.4}
[2026-09-25 11:07:33.663] [SFX] {"sound": "civ_move_1", "volume": 0.27}
[2026-09-25 11:07:33.664] [SFX] {"sound": "threat_pulse", "volume": 0.7}
[2026-09-25 11:07:33.686] [SFX] {"sound": "civ_move_1", "volume": 0.06}
[2026-09-25 11:07:33.744] [SFX] {"sound": "guardian_move", "volume": 0.39}
[2026-09-25 11:07:33.745] [SFX] {"sound": "civ_move_2", "volume": 0.1}
[2026-09-25 11:07:33.745] [SFX] {"sound": "civ_move_1", "volume": 0.18}
[2026-09-25 11:07:33.746] [SFX] {"sound": "civ_move_1", "volume": 0.29}
[2026-09-25 11:07:33.747] [SFX] {"sound": "civ_move_2", "volume": 0.09}
[2026-09-25 11:07:33.766] [SFX] {"sound": "civ_move_2", "volume": 0.18}
[2026-09-25 11:07:33.783] [SFX] {"sound": "threat_pulse", "volume": 0.7}
[2026-09-25 11:07:33.811] [SFX] {"sound": "guardian_move", "volume": 0.11}
[2026-09-25 11:07:33.833] [SFX] {"sound": "guardian_move", "volume": 0.12}
[2026-09-25 11:07:33.834] [SFX] {"sound": "civ_move_2", "volume": 0.29}
[2026-09-25 11:07:33.877] [SFX] {"sound": "game_over", "volume": 1.0}
[2026-09-25 11:07:51.445] [SFX] {"sound": "hack_success", "volume": 0.8}
[2026-09-25 11:07:52.296] [SESSION_RESET] {"msg": "--- NEW LIFE STARTED ---"}
[2026-09-25 11:07:52.342] [S] {"map": "Shadowgrid"}
[2026-09-25 11:07:52.363] [JACK] Ah, im Shadowgrid angekommen... endlich.
[2026-09-25 11:07:52.365] [SFX] {"sound": "guardian_move", "volume": 0.31}
[2026-09-25 11:07:52.368] [SFX] {"sound": "threat_pulse", "volume": 0.31}
[2026-09-25 11:07:52.381] [SFX] {"sound": "player_move", "volume": 0.4}
[2026-09-25 11:07:52.688] [SFX] {"sound": "guardian_move", "volume": 0.23}
[2026-09-25 11:07:52.920] [SFX] {"sound": "civ_move_2", "volume": 0.13}
[2026-09-25 11:07:52.942] [SFX] {"sound": "civ_move_2", "volume": 0.09}
[2026-09-25 11:07:52.971] [SFX] {"sound": "guardian_move", "volume": 0.34}
[2026-09-25 11:07:52.994] [SFX] {"sound": "player_move", "volume": 0.4}
[2026-09-25 11:07:53.073] [SFX] {"sound": "civ_move_1", "volume": 0.1}
[2026-09-25 11:07:53.124] [SFX] {"sound": "civ_move_2", "volume": 0.22}
[2026-09-25 11:07:53.223] [C] {"civ_pos": [215, 10]}
[2026-09-25 11:07:53.258] [SFX] {"sound": "threat_pulse", "volume": 0.3}
[2026-09-25 11:07:53.291] [SFX] {"sound": "player_move", "volume": 0.4}
[2026-09-25 11:07:53.293] [SFX] {"sound": "guardian_move", "volume": 0.23}
[2026-09-25 11:07:53.325] [SFX] {"sound": "civ_move_2", "volume": 0.13}
[2026-09-25 11:07:53.347] [SFX] {"sound": "civ_move_2", "volume": 0.12}
[2026-09-25 11:07:53.475] [SFX] {"sound": "civ_move_1", "volume": 0.13}
[2026-09-25 11:07:53.525] [SFX] {"sound": "civ_move_2", "volume": 0.29}
[2026-09-25 11:07:53.593] [SFX] {"sound": "player_move", "volume": 0.4}
[2026-09-25 11:07:53.593] [SFX] {"sound": "guardian_move", "volume": 0.26}
[2026-09-25 11:07:53.726] [SFX] {"sound": "civ_move_2", "volume": 0.12}
[2026-09-25 11:07:53.749] [SFX] {"sound": "civ_move_2", "volume": 0.14}
[2026-09-25 11:07:53.876] [SFX] {"sound": "civ_move_1", "volume": 0.13}
[2026-09-25 11:07:53.902] [SFX] {"sound": "player_move", "volume": 0.4}
[2026-09-25 11:07:53.902] [SFX] {"sound": "guardian_move", "volume": 0.18}
[2026-09-25 11:07:53.925] [SFX] {"sound": "civ_move_2", "volume": 0.24}
[2026-09-25 11:07:54.139] [SFX] {"sound": "civ_move_2", "volume": 0.13}
[2026-09-25 11:07:54.162] [SFX] {"sound": "civ_move_2", "volume": 0.15}
[2026-09-25 11:07:54.204] [SFX] {"sound": "player_move", "volume": 0.4}
[2026-09-25 11:07:54.205] [SFX] {"sound": "guardian_move", "volume": 0.23}
[2026-09-25 11:07:54.288] [SFX] {"sound": "civ_move_1", "volume": 0.15}
[2026-09-25 11:07:54.339] [SFX] {"sound": "civ_move_2", "volume": 0.22}
[2026-09-25 11:07:54.455] [SFX] {"sound": "civ_move_1", "volume": 0.02}
[2026-09-25 11:07:54.504] [SFX] {"sound": "player_move", "volume": 0.4}
[2026-09-25 11:07:54.505] [SFX] {"sound": "guardian_move", "volume": 0.16}
[2026-09-25 11:07:54.553] [SFX] {"sound": "civ_move_2", "volume": 0.11}
[2026-09-25 11:07:54.578] [SFX] {"sound": "civ_move_2", "volume": 0.17}
[2026-09-25 11:07:54.703] [SFX] {"sound": "civ_move_1", "volume": 0.17}
[2026-09-25 11:07:54.752] [SFX] {"sound": "civ_move_2", "volume": 0.23}
[2026-09-25 11:07:54.819] [SFX] {"sound": "player_move", "volume": 0.4}
[2026-09-25 11:07:54.820] [SFX] {"sound": "guardian_move", "volume": 0.2}
[2026-09-25 11:07:54.869] [SFX] {"sound": "civ_move_1", "volume": 0.04}
[2026-09-25 11:07:54.934] [SFX] {"sound": "civ_move_1", "volume": 0.03}
[2026-09-25 11:07:54.967] [SFX] {"sound": "civ_move_2", "volume": 0.08}
[2026-09-25 11:07:54.991] [SFX] {"sound": "civ_move_2", "volume": 0.17}
[2026-09-25 11:07:55.118] [SFX] {"sound": "guardian_move", "volume": 0.11}
[2026-09-25 11:07:55.118] [SFX] {"sound": "civ_move_1", "volume": 0.15}
[2026-09-25 11:07:55.141] [SFX] {"sound": "player_move", "volume": 0.4}
[2026-09-25 11:07:55.168] [SFX] {"sound": "civ_move_2", "volume": 0.18}
[2026-09-25 11:07:55.284] [SFX] {"sound": "civ_move_1", "volume": 0.03}
[2026-09-25 11:07:55.350] [SFX] {"sound": "civ_move_1", "volume": 0.08}
[2026-09-25 11:07:55.382] [SFX] {"sound": "civ_move_2", "volume": 0.04}
[2026-09-25 11:07:55.404] [SFX] {"sound": "civ_move_2", "volume": 0.12}
[2026-09-25 11:07:55.432] [SFX] {"sound": "guardian_move", "volume": 0.11}
[2026-09-25 11:07:55.456] [SFX] {"sound": "player_move", "volume": 0.4}
[2026-09-25 11:07:55.533] [SFX] {"sound": "civ_move_1", "volume": 0.1}
[2026-09-25 11:07:55.583] [SFX] {"sound": "civ_move_2", "volume": 0.12}
[2026-09-25 11:07:55.685] [SFX] {"sound": "civ_move_1", "volume": 0.0}
[2026-09-25 11:07:55.719] [SFX] {"sound": "guardian_move", "volume": 0.04}
[2026-09-25 11:07:55.752] [SFX] {"sound": "player_move", "volume": 0.4}
[2026-09-25 11:07:55.753] [SFX] {"sound": "civ_move_1", "volume": 0.12}
[2026-09-25 11:07:55.802] [SFX] {"sound": "civ_move_2", "volume": 0.07}
[2026-09-25 11:07:55.817] [M] {"button": 1, "pos": [329, 236], "ui_clicked": false}
[2026-09-25 11:07:55.935] [SFX] {"sound": "civ_move_1", "volume": 0.05}
[2026-09-25 11:07:55.984] [SFX] {"sound": "civ_move_2", "volume": 0.06}
[2026-09-25 11:07:56.032] [SFX] {"sound": "guardian_move", "volume": 0.0}
[2026-09-25 11:07:56.065] [SFX] {"sound": "player_move", "volume": 0.4}
[2026-09-25 11:07:56.164] [SFX] {"sound": "civ_move_1", "volume": 0.16}
[2026-09-25 11:07:56.213] [SFX] {"sound": "civ_move_2", "volume": 0.02}
[2026-09-25 11:07:56.329] [M] {"button": 1, "pos": [322, 236], "ui_clicked": false}
[2026-09-25 11:07:56.336] [SFX] {"sound": "action_cancel", "volume": 1.0}
[2026-09-25 11:07:56.336] [P] {"start": [208, 52], "goal": [208, 56], "length": 1, "is_direction_change": true}
[2026-09-25 11:07:56.337] [SFX] {"sound": "click_target", "volume": 0.73}
[2026-09-25 11:07:56.380] [SFX] {"sound": "player_move", "volume": 0.4}
[2026-09-25 11:07:56.565] [SFX] {"sound": "civ_move_1", "volume": 0.23}
[2026-09-25 11:07:56.980] [SFX] {"sound": "civ_move_1", "volume": 0.24}
[2026-09-25 11:07:57.395] [SFX] {"sound": "civ_move_1", "volume": 0.25}
[2026-09-25 11:07:57.807] [SFX] {"sound": "civ_move_1", "volume": 0.26}
[2026-09-25 11:07:58.220] [SFX] {"sound": "civ_move_1", "volume": 0.28}
[2026-09-25 11:07:58.536] [C] {"civ_pos": [206, 56]}
[2026-09-25 11:07:58.564] [JACK] Da drüben bewegt sich eine Civ-Subroutine! Was führt die im Schilde?
[2026-09-25 11:07:58.622] [SFX] {"sound": "civ_move_1", "volume": 0.29}
[2026-09-25 11:07:59.038] [SFX] {"sound": "civ_move_1", "volume": 0.3}
[2026-09-25 11:07:59.449] [SFX] {"sound": "civ_move_1", "volume": 0.29}
[2026-09-25 11:07:59.633] [SFX] {"sound": "civ_move_1", "volume": 0.0}
[2026-09-25 11:07:59.700] [SFX] {"sound": "guardian_move", "volume": 0.01}
[2026-09-25 11:07:59.864] [SFX] {"sound": "civ_move_1", "volume": 0.27}
[2026-09-25 11:07:59.913] [SFX] {"sound": "civ_move_2", "volume": 0.01}
[2026-09-25 11:08:00.044] [SFX] {"sound": "civ_move_1", "volume": 0.01}
[2026-09-25 11:08:00.273] [SFX] {"sound": "civ_move_1", "volume": 0.26}
[2026-09-25 11:08:00.305] [SFX] {"sound": "guardian_move", "volume": 0.04}
[2026-09-25 11:08:00.327] [SFX] {"sound": "civ_move_2", "volume": 0.01}
[2026-09-25 11:08:00.453] [SFX] {"sound": "civ_move_1", "volume": 0.0}
[2026-09-25 11:08:00.685] [SFX] {"sound": "civ_move_1", "volume": 0.25}
[2026-09-25 11:08:00.734] [SFX] {"sound": "civ_move_2", "volume": 0.0}
[2026-09-25 11:08:00.917] [SFX] {"sound": "guardian_move", "volume": 0.04}
[2026-09-25 11:08:01.099] [SFX] {"sound": "civ_move_1", "volume": 0.24}
[2026-09-25 11:08:01.502] [SFX] {"sound": "civ_move_1", "volume": 0.23}
[2026-09-25 11:08:01.525] [SFX] {"sound": "guardian_move", "volume": 0.06}
[2026-09-25 11:08:01.901] [SFX] {"sound": "civ_move_1", "volume": 0.21}
[2026-09-25 11:08:02.133] [SFX] {"sound": "guardian_move", "volume": 0.06}
[2026-09-25 11:08:02.315] [SFX] {"sound": "civ_move_1", "volume": 0.2}
[2026-09-25 11:08:02.718] [M] {"button": 1, "pos": [211, 308], "ui_clicked": true}
[2026-09-25 11:08:02.734] [SFX] {"sound": "civ_move_1", "volume": 0.19}
[2026-09-25 11:08:02.747] [SFX] {"sound": "guardian_move", "volume": 0.04}
[2026-09-25 11:08:03.123] [SFX] {"sound": "civ_move_1", "volume": 0.18}
[2026-09-25 11:08:03.353] [SFX] {"sound": "guardian_move", "volume": 0.04}
[2026-09-25 11:08:03.536] [SFX] {"sound": "civ_move_1", "volume": 0.17}
[2026-09-25 11:08:03.937] [SFX] {"sound": "civ_move_1", "volume": 0.15}
[2026-09-25 11:08:03.959] [SFX] {"sound": "guardian_move", "volume": 0.06}
[2026-09-25 11:08:04.351] [SFX] {"sound": "civ_move_1", "volume": 0.14}
[2026-09-25 11:08:04.563] [SFX] {"sound": "guardian_move", "volume": 0.09}
[2026-09-25 11:08:04.763] [SFX] {"sound": "civ_move_1", "volume": 0.13}
[2026-09-25 11:08:05.165] [SFX] {"sound": "guardian_move", "volume": 0.11}
[2026-09-25 11:08:05.166] [SFX] {"sound": "civ_move_1", "volume": 0.12}
[2026-09-25 11:08:05.578] [SFX] {"sound": "civ_move_1", "volume": 0.1}
[2026-09-25 11:08:05.778] [SFX] {"sound": "guardian_move", "volume": 0.14}
[2026-09-25 11:08:05.978] [SFX] {"sound": "civ_move_1", "volume": 0.09}
[2026-09-25 11:08:06.391] [M] {"button": 1, "pos": [45, 156], "ui_clicked": true}
[2026-09-25 11:08:06.404] [JACK] Blick ins Systemfenster... Was führen wir im Schild?
[2026-09-25 11:08:06.404] [SFX] {"sound": "guardian_move", "volume": 0.16}
[2026-09-25 11:08:06.405] [SFX] {"sound": "civ_move_1", "volume": 0.08}
[2026-09-25 11:08:06.796] [SFX] {"sound": "civ_move_1", "volume": 0.07}
[2026-09-25 11:08:06.999] [SFX] {"sound": "guardian_move", "volume": 0.19}
[2026-09-25 11:08:07.200] [SFX] {"sound": "civ_move_1", "volume": 0.05}
[2026-09-25 11:08:07.602] [SFX] {"sound": "guardian_move", "volume": 0.21}
[2026-09-25 11:08:07.603] [SFX] {"sound": "civ_move_1", "volume": 0.04}
[2026-09-25 11:08:08.015] [SFX] {"sound": "civ_move_1", "volume": 0.03}
[2026-09-25 11:08:08.216] [SFX] {"sound": "guardian_move", "volume": 0.23}
[2026-09-25 11:08:08.415] [SFX] {"sound": "civ_move_1", "volume": 0.03}
[2026-09-25 11:08:08.829] [SFX] {"sound": "guardian_move", "volume": 0.26}
[2026-09-25 11:08:08.830] [SFX] {"sound": "civ_move_1", "volume": 0.03}
[2026-09-25 11:08:09.429] [SFX] {"sound": "guardian_move", "volume": 0.28}
[2026-09-25 11:08:09.659] [SFX] {"sound": "civ_move_1", "volume": 0.03}
[2026-09-25 11:08:10.040] [SFX] {"sound": "guardian_move", "volume": 0.31}
[2026-09-25 11:08:10.073] [SFX] {"sound": "civ_move_1", "volume": 0.02}
[2026-09-25 11:08:10.650] [SFX] {"sound": "guardian_move", "volume": 0.33}
[2026-09-25 11:08:10.897] [SFX] {"sound": "civ_move_1", "volume": 0.02}
[2026-09-25 11:08:11.261] [SFX] {"sound": "guardian_move", "volume": 0.36}
[2026-09-25 11:08:11.311] [SFX] {"sound": "civ_move_1", "volume": 0.01}
[2026-09-25 11:08:11.875] [SFX] {"sound": "guardian_move", "volume": 0.38}
[2026-09-25 11:08:11.926] [SFX] {"sound": "threat_pulse", "volume": 0.34}
[2026-09-25 11:08:12.158] [SFX] {"sound": "civ_move_1", "volume": 0.0}
[2026-09-25 11:08:12.419] [JACK] Hörst du das Wummern? Sentinels in der Nähe... Bloß keinen falschen Schritt machen!
[2026-09-25 11:08:12.561] [SFX] {"sound": "guardian_move", "volume": 0.4}
[2026-09-25 11:08:12.825] [SFX] {"sound": "threat_pulse", "volume": 0.41}
[2026-09-25 11:08:13.627] [SFX] {"sound": "threat_pulse", "volume": 0.47}
[2026-09-25 11:08:13.650] [SFX] {"sound": "guardian_move", "volume": 0.4}
[2026-09-25 11:08:14.237] [SFX] {"sound": "threat_pulse", "volume": 0.52}
[2026-09-25 11:08:14.752] [SFX] {"sound": "threat_pulse", "volume": 0.56}
[2026-09-25 11:08:14.775] [SFX] {"sound": "guardian_move", "volume": 0.4}
[2026-09-25 11:08:15.167] [SFX] {"sound": "threat_pulse", "volume": 0.6}
