[2026-09-25 18:04:44.715] [S] {"sid": "20260925_180444", "sys_t": "2026-09-25T18:04:44.715107"}
[2026-09-25 18:04:44.730] [SFX] {"sound": "hack_success", "volume": 0.8}
[2026-09-25 18:04:46.553] [SESSION_RESET] {"msg": "--- NEW LIFE STARTED ---"}
[2026-09-25 18:04:46.606] [S] {"map": "Shadowgrid"}
[2026-09-25 18:04:46.630] [JACK] Ah, im Shadowgrid angekommen... endlich.
[2026-09-25 18:04:46.698] [SFX] {"sound": "guardian_move", "volume": 0.2}
[2026-09-25 18:04:47.123] [SFX] {"sound": "civ_move_1", "volume": 0.06}
[2026-09-25 18:04:47.125] [SFX] {"sound": "civ_move_2", "volume": 0.04}
[2026-09-25 18:04:47.126] [SFX] {"sound": "civ_move_1", "volume": 0.14}
[2026-09-25 18:04:47.284] [SFX] {"sound": "civ_move_1", "volume": 0.19}
[2026-09-25 18:04:47.306] [SFX] {"sound": "guardian_move", "volume": 0.18}
[2026-09-25 18:04:47.512] [SFX] {"sound": "civ_move_1", "volume": 0.06}
[2026-09-25 18:04:47.513] [SFX] {"sound": "civ_move_2", "volume": 0.04}
[2026-09-25 18:04:47.514] [SFX] {"sound": "civ_move_1", "volume": 0.14}
[2026-09-25 18:04:47.694] [SFX] {"sound": "civ_move_1", "volume": 0.18}
[2026-09-25 18:04:47.908] [SFX] {"sound": "guardian_move", "volume": 0.19}
[2026-09-25 18:04:47.930] [SFX] {"sound": "civ_move_1", "volume": 0.06}
[2026-09-25 18:04:47.931] [SFX] {"sound": "civ_move_2", "volume": 0.03}
[2026-09-25 18:04:47.931] [SFX] {"sound": "civ_move_1", "volume": 0.13}
[2026-09-25 18:04:48.109] [SFX] {"sound": "civ_move_1", "volume": 0.18}
[2026-09-25 18:04:48.170] [M] {"button": 1, "pos": [345, 210], "ui_clicked": false}
[2026-09-25 18:04:48.335] [SFX] {"sound": "civ_move_1", "volume": 0.05}
[2026-09-25 18:04:48.337] [SFX] {"sound": "civ_move_2", "volume": 0.02}
[2026-09-25 18:04:48.338] [SFX] {"sound": "civ_move_1", "volume": 0.12}
[2026-09-25 18:04:48.432] [SFX] {"sound": "civ_move_1", "volume": 0.13}
[2026-09-25 18:04:48.517] [SFX] {"sound": "guardian_move", "volume": 0.18}
[2026-09-25 18:04:48.518] [SFX] {"sound": "civ_move_1", "volume": 0.17}
[2026-09-25 18:04:48.749] [SFX] {"sound": "civ_move_1", "volume": 0.04}
[2026-09-25 18:04:48.749] [SFX] {"sound": "civ_move_2", "volume": 0.02}
[2026-09-25 18:04:48.750] [SFX] {"sound": "civ_move_1", "volume": 0.11}
[2026-09-25 18:04:48.848] [SFX] {"sound": "civ_move_1", "volume": 0.13}
[2026-09-25 18:04:48.932] [SFX] {"sound": "civ_move_1", "volume": 0.16}
[2026-09-25 18:04:49.033] [M] {"button": 1, "pos": [339, 217], "ui_clicked": false}
[2026-09-25 18:04:49.040] [P] {"start": [82, 10], "goal": [84, 14], "length": 2, "is_direction_change": false}
[2026-09-25 18:04:49.041] [SFX] {"sound": "click_target", "volume": 0.7}
[2026-09-25 18:04:49.061] [SFX] {"sound": "player_move", "volume": 0.4}
[2026-09-25 18:04:49.119] [SFX] {"sound": "guardian_move", "volume": 0.18}
[2026-09-25 18:04:49.153] [SFX] {"sound": "civ_move_1", "volume": 0.04}
[2026-09-25 18:04:49.154] [SFX] {"sound": "civ_move_2", "volume": 0.03}
[2026-09-25 18:04:49.155] [SFX] {"sound": "civ_move_1", "volume": 0.12}
[2026-09-25 18:04:49.253] [SFX] {"sound": "civ_move_1", "volume": 0.14}
[2026-09-25 18:04:49.337] [SFX] {"sound": "civ_move_1", "volume": 0.18}
[2026-09-25 18:04:49.564] [SFX] {"sound": "civ_move_1", "volume": 0.04}
[2026-09-25 18:04:49.565] [SFX] {"sound": "civ_move_2", "volume": 0.04}
[2026-09-25 18:04:49.566] [SFX] {"sound": "civ_move_1", "volume": 0.12}
[2026-09-25 18:04:49.664] [SFX] {"sound": "civ_move_1", "volume": 0.14}
[2026-09-25 18:04:49.730] [SFX] {"sound": "guardian_move", "volume": 0.18}
[2026-09-25 18:04:49.751] [SFX] {"sound": "civ_move_1", "volume": 0.17}
[2026-09-25 18:04:49.978] [SFX] {"sound": "civ_move_1", "volume": 0.03}
[2026-09-25 18:04:49.979] [SFX] {"sound": "civ_move_2", "volume": 0.03}
[2026-09-25 18:04:49.980] [SFX] {"sound": "civ_move_1", "volume": 0.11}
[2026-09-25 18:04:50.011] [SFX] {"sound": "civ_move_2", "volume": 0.0}
[2026-09-25 18:04:50.078] [SFX] {"sound": "civ_move_1", "volume": 0.13}
[2026-09-25 18:04:50.162] [SFX] {"sound": "civ_move_1", "volume": 0.16}
[2026-09-25 18:04:50.195] [M] {"button": 1, "pos": [331, 229], "ui_clicked": false}
[2026-09-25 18:04:50.344] [SFX] {"sound": "guardian_move", "volume": 0.16}
[2026-09-25 18:04:50.378] [SFX] {"sound": "civ_move_1", "volume": 0.02}
[2026-09-25 18:04:50.379] [SFX] {"sound": "civ_move_2", "volume": 0.02}
[2026-09-25 18:04:50.379] [SFX] {"sound": "civ_move_1", "volume": 0.1}
[2026-09-25 18:04:50.412] [SFX] {"sound": "civ_move_2", "volume": 0.0}
[2026-09-25 18:04:50.479] [SFX] {"sound": "civ_move_1", "volume": 0.12}
[2026-09-25 18:04:50.575] [SFX] {"sound": "civ_move_1", "volume": 0.15}
[2026-09-25 18:04:50.626] [M] {"button": 1, "pos": [332, 219], "ui_clicked": false}
[2026-09-25 18:04:50.633] [P] {"start": [84, 14], "goal": [85, 18], "length": 2, "is_direction_change": false}
[2026-09-25 18:04:50.633] [SFX] {"sound": "click_target", "volume": 0.7}
[2026-09-25 18:04:50.668] [SFX] {"sound": "player_move", "volume": 0.4}
[2026-09-25 18:04:50.781] [SFX] {"sound": "civ_move_1", "volume": 0.04}
[2026-09-25 18:04:50.782] [SFX] {"sound": "civ_move_2", "volume": 0.03}
[2026-09-25 18:04:50.782] [SFX] {"sound": "civ_move_1", "volume": 0.11}
[2026-09-25 18:04:50.814] [SFX] {"sound": "civ_move_2", "volume": 0.03}
[2026-09-25 18:04:50.881] [SFX] {"sound": "civ_move_1", "volume": 0.13}
[2026-09-25 18:04:50.949] [SFX] {"sound": "guardian_move", "volume": 0.17}
[2026-09-25 18:04:50.982] [SFX] {"sound": "civ_move_1", "volume": 0.02}
[2026-09-25 18:04:50.983] [SFX] {"sound": "civ_move_1", "volume": 0.16}
[2026-09-25 18:04:51.196] [SFX] {"sound": "civ_move_1", "volume": 0.05}
[2026-09-25 18:04:51.197] [SFX] {"sound": "civ_move_2", "volume": 0.02}
[2026-09-25 18:04:51.198] [SFX] {"sound": "civ_move_1", "volume": 0.1}
[2026-09-25 18:04:51.229] [SFX] {"sound": "civ_move_2", "volume": 0.03}
[2026-09-25 18:04:51.294] [SFX] {"sound": "civ_move_1", "volume": 0.12}
[2026-09-25 18:04:51.393] [SFX] {"sound": "civ_move_1", "volume": 0.02}
[2026-09-25 18:04:51.394] [SFX] {"sound": "civ_move_1", "volume": 0.15}
[2026-09-25 18:04:51.563] [SFX] {"sound": "guardian_move", "volume": 0.15}
[2026-09-25 18:04:51.611] [SFX] {"sound": "civ_move_1", "volume": 0.05}
[2026-09-25 18:04:51.611] [SFX] {"sound": "civ_move_2", "volume": 0.01}
[2026-09-25 18:04:51.612] [SFX] {"sound": "civ_move_1", "volume": 0.09}
[2026-09-25 18:04:51.644] [SFX] {"sound": "civ_move_2", "volume": 0.04}
[2026-09-25 18:04:51.711] [SFX] {"sound": "civ_move_1", "volume": 0.11}
[2026-09-25 18:04:51.794] [SFX] {"sound": "civ_move_1", "volume": 0.03}
[2026-09-25 18:04:51.795] [SFX] {"sound": "civ_move_1", "volume": 0.14}
[2026-09-25 18:04:52.011] [SFX] {"sound": "civ_move_1", "volume": 0.04}
[2026-09-25 18:04:52.011] [SFX] {"sound": "civ_move_2", "volume": 0.0}
[2026-09-25 18:04:52.012] [SFX] {"sound": "civ_move_1", "volume": 0.08}
[2026-09-25 18:04:52.045] [SFX] {"sound": "civ_move_2", "volume": 0.04}
[2026-09-25 18:04:52.112] [SFX] {"sound": "civ_move_1", "volume": 0.1}
[2026-09-25 18:04:52.178] [SFX] {"sound": "guardian_move", "volume": 0.13}
[2026-09-25 18:04:52.199] [SFX] {"sound": "civ_move_1", "volume": 0.03}
[2026-09-25 18:04:52.199] [SFX] {"sound": "civ_move_1", "volume": 0.13}
[2026-09-25 18:04:52.423] [M] {"button": 1, "pos": [307, 226], "ui_clicked": false}
[2026-09-25 18:04:52.430] [SFX] {"sound": "civ_move_1", "volume": 0.04}
[2026-09-25 18:04:52.431] [SFX] {"sound": "civ_move_1", "volume": 0.07}
[2026-09-25 18:04:52.457] [SFX] {"sound": "civ_move_2", "volume": 0.04}
[2026-09-25 18:04:52.523] [SFX] {"sound": "civ_move_1", "volume": 0.09}
[2026-09-25 18:04:52.604] [SFX] {"sound": "civ_move_1", "volume": 0.04}
[2026-09-25 18:04:52.605] [SFX] {"sound": "civ_move_1", "volume": 0.13}
[2026-09-25 18:04:52.787] [M] {"button": 1, "pos": [310, 228], "ui_clicked": false}
[2026-09-25 18:04:52.794] [SFX] {"sound": "guardian_move", "volume": 0.11}
[2026-09-25 18:04:52.835] [SFX] {"sound": "civ_move_1", "volume": 0.04}
[2026-09-25 18:04:52.836] [SFX] {"sound": "civ_move_1", "volume": 0.07}
[2026-09-25 18:04:52.869] [SFX] {"sound": "civ_move_2", "volume": 0.04}
[2026-09-25 18:04:52.936] [SFX] {"sound": "civ_move_1", "volume": 0.08}
[2026-09-25 18:04:53.018] [SFX] {"sound": "civ_move_1", "volume": 0.04}
[2026-09-25 18:04:53.019] [SFX] {"sound": "civ_move_1", "volume": 0.12}
[2026-09-25 18:04:53.101] [M] {"button": 1, "pos": [318, 230], "ui_clicked": false}
[2026-09-25 18:04:53.108] [P] {"start": [85, 18], "goal": [84, 24], "length": 2, "is_direction_change": false}
[2026-09-25 18:04:53.109] [SFX] {"sound": "click_target", "volume": 0.67}
[2026-09-25 18:04:53.149] [JACK] Vorsichtig vorantasten...
[2026-09-25 18:04:53.150] [SFX] {"sound": "civ_move_1", "volume": 0.0}
[2026-09-25 18:04:53.193] [SFX] {"sound": "player_move", "volume": 0.4}
[2026-09-25 18:04:53.243] [SFX] {"sound": "civ_move_1", "volume": 0.04}
[2026-09-25 18:04:53.243] [SFX] {"sound": "civ_move_1", "volume": 0.07}
[2026-09-25 18:04:53.275] [SFX] {"sound": "civ_move_2", "volume": 0.06}
[2026-09-25 18:04:53.340] [SFX] {"sound": "civ_move_1", "volume": 0.09}
[2026-09-25 18:04:53.392] [SFX] {"sound": "guardian_move", "volume": 0.13}
[2026-09-25 18:04:53.426] [SFX] {"sound": "civ_move_1", "volume": 0.07}
[2026-09-25 18:04:53.427] [SFX] {"sound": "civ_move_1", "volume": 0.14}
[2026-09-25 18:04:53.428] [SFX] {"sound": "civ_move_2", "volume": 0.01}
[2026-09-25 18:04:53.526] [SFX] {"sound": "civ_move_1", "volume": 0.02}
[2026-09-25 18:04:53.527] [SFX] {"sound": "civ_move_1", "volume": 0.04}
[2026-09-25 18:04:53.527] [SFX] {"sound": "civ_move_1", "volume": 0.03}
[2026-09-25 18:04:53.656] [SFX] {"sound": "civ_move_1", "volume": 0.06}
[2026-09-25 18:04:53.657] [SFX] {"sound": "civ_move_2", "volume": 0.01}
[2026-09-25 18:04:53.657] [SFX] {"sound": "civ_move_1", "volume": 0.08}
[2026-09-25 18:04:53.688] [SFX] {"sound": "civ_move_2", "volume": 0.08}
[2026-09-25 18:04:53.753] [SFX] {"sound": "civ_move_1", "volume": 0.1}
[2026-09-25 18:04:53.836] [SFX] {"sound": "civ_move_1", "volume": 0.08}
[2026-09-25 18:04:53.837] [SFX] {"sound": "civ_move_1", "volume": 0.13}
[2026-09-25 18:04:53.838] [SFX] {"sound": "civ_move_2", "volume": 0.01}
[2026-09-25 18:04:53.903] [SFX] {"sound": "civ_move_2", "volume": 0.02}
[2026-09-25 18:04:53.937] [SFX] {"sound": "civ_move_1", "volume": 0.03}
[2026-09-25 18:04:53.938] [SFX] {"sound": "civ_move_1", "volume": 0.05}
[2026-09-25 18:04:53.938] [SFX] {"sound": "civ_move_1", "volume": 0.04}
[2026-09-25 18:04:54.001] [SFX] {"sound": "guardian_move", "volume": 0.12}
[2026-09-25 18:04:54.068] [SFX] {"sound": "civ_move_1", "volume": 0.06}
[2026-09-25 18:04:54.069] [SFX] {"sound": "civ_move_2", "volume": 0.01}
[2026-09-25 18:04:54.070] [SFX] {"sound": "civ_move_1", "volume": 0.08}
[2026-09-25 18:04:54.085] [M] {"button": 1, "pos": [326, 229], "ui_clicked": false}
[2026-09-25 18:04:54.092] [P] {"start": [84, 24], "goal": [84, 30], "length": 1, "is_direction_change": false}
[2026-09-25 18:04:54.093] [SFX] {"sound": "click_target", "volume": 0.68}
[2026-09-25 18:04:54.118] [SFX] {"sound": "civ_move_2", "volume": 0.09}
[2026-09-25 18:04:54.133] [SFX] {"sound": "player_move", "volume": 0.4}
[2026-09-25 18:04:54.159] [SFX] {"sound": "civ_move_1", "volume": 0.1}
[2026-09-25 18:04:54.239] [SFX] {"sound": "civ_move_1", "volume": 0.14}
[2026-09-25 18:04:54.240] [SFX] {"sound": "civ_move_2", "volume": 0.03}
[2026-09-25 18:04:54.306] [SFX] {"sound": "civ_move_2", "volume": 0.04}
[2026-09-25 18:04:54.339] [SFX] {"sound": "civ_move_1", "volume": 0.07}
[2026-09-25 18:04:54.339] [SFX] {"sound": "civ_move_1", "volume": 0.09}
[2026-09-25 18:04:54.340] [SFX] {"sound": "civ_move_1", "volume": 0.07}
[2026-09-25 18:04:54.388] [SFX] {"sound": "civ_move_2", "volume": 0.03}
[2026-09-25 18:04:54.469] [SFX] {"sound": "civ_move_1", "volume": 0.08}
[2026-09-25 18:04:54.470] [SFX] {"sound": "civ_move_2", "volume": 0.05}
[2026-09-25 18:04:54.470] [SFX] {"sound": "civ_move_1", "volume": 0.12}
[2026-09-25 18:04:54.503] [SFX] {"sound": "civ_move_2", "volume": 0.12}
[2026-09-25 18:04:54.568] [SFX] {"sound": "civ_move_1", "volume": 0.12}
[2026-09-25 18:04:54.616] [SFX] {"sound": "guardian_move", "volume": 0.16}
[2026-09-25 18:04:54.649] [SFX] {"sound": "civ_move_1", "volume": 0.12}
[2026-09-25 18:04:54.650] [SFX] {"sound": "civ_move_1", "volume": 0.15}
[2026-09-25 18:04:54.651] [SFX] {"sound": "civ_move_2", "volume": 0.05}
[2026-09-25 18:04:54.714] [M] {"button": 1, "pos": [326, 229], "ui_clicked": false}
[2026-09-25 18:04:54.720] [SFX] {"sound": "civ_move_2", "volume": 0.05}
[2026-09-25 18:04:54.721] [P] {"start": [84, 30], "goal": [84, 35], "length": 1, "is_direction_change": false}
[2026-09-25 18:04:54.722] [SFX] {"sound": "click_target", "volume": 0.69}
[2026-09-25 18:04:54.767] [SFX] {"sound": "civ_move_1", "volume": 0.09}
[2026-09-25 18:04:54.768] [SFX] {"sound": "civ_move_1", "volume": 0.11}
[2026-09-25 18:04:54.769] [SFX] {"sound": "civ_move_1", "volume": 0.08}
[2026-09-25 18:04:54.791] [SFX] {"sound": "player_move", "volume": 0.4}
[2026-09-25 18:04:54.792] [SFX] {"sound": "civ_move_1", "volume": 0.01}
[2026-09-25 18:04:54.806] [SFX] {"sound": "civ_move_2", "volume": 0.04}
[2026-09-25 18:04:54.824] [SFX] {"sound": "civ_move_1", "volume": 0.01}
[2026-09-25 18:04:54.869] [SFX] {"sound": "civ_move_1", "volume": 0.09}
[2026-09-25 18:04:54.870] [SFX] {"sound": "civ_move_1", "volume": 0.13}
[2026-09-25 18:04:54.892] [SFX] {"sound": "civ_move_2", "volume": 0.07}
[2026-09-25 18:04:54.909] [SFX] {"sound": "civ_move_2", "volume": 0.14}
[2026-09-25 18:04:54.969] [SFX] {"sound": "civ_move_1", "volume": 0.15}
[2026-09-25 18:04:55.052] [SFX] {"sound": "civ_move_1", "volume": 0.17}
[2026-09-25 18:04:55.052] [SFX] {"sound": "civ_move_2", "volume": 0.09}
[2026-09-25 18:04:55.119] [SFX] {"sound": "civ_move_2", "volume": 0.08}
[2026-09-25 18:04:55.170] [SFX] {"sound": "civ_move_1", "volume": 0.12}
[2026-09-25 18:04:55.171] [SFX] {"sound": "civ_move_1", "volume": 0.14}
[2026-09-25 18:04:55.172] [SFX] {"sound": "civ_move_1", "volume": 0.11}
[2026-09-25 18:04:55.193] [SFX] {"sound": "civ_move_1", "volume": 0.04}
[2026-09-25 18:04:55.208] [SFX] {"sound": "civ_move_2", "volume": 0.05}
[2026-09-25 18:04:55.228] [SFX] {"sound": "guardian_move", "volume": 0.2}
[2026-09-25 18:04:55.229] [SFX] {"sound": "civ_move_1", "volume": 0.04}
[2026-09-25 18:04:55.237] [M] {"button": 1, "pos": [326, 229], "ui_clicked": false}
[2026-09-25 18:04:55.246] [P] {"start": [84, 35], "goal": [84, 40], "length": 1, "is_direction_change": false}
[2026-09-25 18:04:55.247] [SFX] {"sound": "click_target", "volume": 0.69}
[2026-09-25 18:04:55.275] [SFX] {"sound": "civ_move_1", "volume": 0.09}
[2026-09-25 18:04:55.276] [SFX] {"sound": "civ_move_1", "volume": 0.14}
[2026-09-25 18:04:55.299] [SFX] {"sound": "civ_move_2", "volume": 0.08}
[2026-09-25 18:04:55.313] [SFX] {"sound": "civ_move_2", "volume": 0.15}
[2026-09-25 18:04:55.375] [SFX] {"sound": "player_move", "volume": 0.4}
[2026-09-25 18:04:55.376] [SFX] {"sound": "civ_move_1", "volume": 0.16}
[2026-09-25 18:04:55.458] [SFX] {"sound": "civ_move_1", "volume": 0.18}
[2026-09-25 18:04:55.459] [SFX] {"sound": "civ_move_1", "volume": 0.19}
[2026-09-25 18:04:55.460] [SFX] {"sound": "civ_move_2", "volume": 0.13}
[2026-09-25 18:04:55.492] [SFX] {"sound": "guardian_move", "volume": 0.04}
[2026-09-25 18:04:55.525] [SFX] {"sound": "civ_move_2", "volume": 0.1}
[2026-09-25 18:04:55.574] [SFX] {"sound": "civ_move_1", "volume": 0.16}
[2026-09-25 18:04:55.574] [SFX] {"sound": "civ_move_1", "volume": 0.18}
[2026-09-25 18:04:55.575] [SFX] {"sound": "civ_move_1", "volume": 0.13}
[2026-09-25 18:04:55.596] [SFX] {"sound": "civ_move_1", "volume": 0.07}
[2026-09-25 18:04:55.612] [SFX] {"sound": "civ_move_2", "volume": 0.07}
[2026-09-25 18:04:55.631] [SFX] {"sound": "civ_move_1", "volume": 0.07}
[2026-09-25 18:04:55.675] [SFX] {"sound": "civ_move_1", "volume": 0.1}
[2026-09-25 18:04:55.676] [SFX] {"sound": "civ_move_1", "volume": 0.16}
[2026-09-25 18:04:55.697] [SFX] {"sound": "civ_move_2", "volume": 0.11}
[2026-09-25 18:04:55.713] [SFX] {"sound": "civ_move_2", "volume": 0.17}
[2026-09-25 18:04:55.776] [SFX] {"sound": "civ_move_1", "volume": 0.17}
[2026-09-25 18:04:55.826] [SFX] {"sound": "guardian_move", "volume": 0.23}
[2026-09-25 18:04:55.859] [SFX] {"sound": "civ_move_1", "volume": 0.19}
[2026-09-25 18:04:55.860] [SFX] {"sound": "civ_move_1", "volume": 0.18}
[2026-09-25 18:04:55.861] [SFX] {"sound": "civ_move_2", "volume": 0.14}
[2026-09-25 18:04:55.925] [SFX] {"sound": "civ_move_2", "volume": 0.11}
[2026-09-25 18:04:55.975] [SFX] {"sound": "civ_move_1", "volume": 0.17}
[2026-09-25 18:04:55.977] [SFX] {"sound": "civ_move_1", "volume": 0.18}
[2026-09-25 18:04:55.977] [SFX] {"sound": "civ_move_1", "volume": 0.14}
[2026-09-25 18:04:55.991] [M] {"button": 1, "pos": [326, 229], "ui_clicked": false}
[2026-09-25 18:04:55.998] [SFX] {"sound": "civ_move_1", "volume": 0.06}
[2026-09-25 18:04:55.999] [P] {"start": [84, 40], "goal": [84, 45], "length": 1, "is_direction_change": false}
[2026-09-25 18:04:55.999] [SFX] {"sound": "click_target", "volume": 0.68}
[2026-09-25 18:04:56.035] [SFX] {"sound": "civ_move_2", "volume": 0.07}
[2026-09-25 18:04:56.050] [SFX] {"sound": "civ_move_1", "volume": 0.07}
[2026-09-25 18:04:56.076] [SFX] {"sound": "civ_move_1", "volume": 0.09}
[2026-09-25 18:04:56.077] [SFX] {"sound": "civ_move_1", "volume": 0.16}
[2026-09-25 18:04:56.100] [SFX] {"sound": "guardian_move", "volume": 0.04}
[2026-09-25 18:04:56.101] [SFX] {"sound": "civ_move_2", "volume": 0.12}
[2026-09-25 18:04:56.118] [SFX] {"sound": "civ_move_2", "volume": 0.18}
[2026-09-25 18:04:56.190] [SFX] {"sound": "player_move", "volume": 0.4}
[2026-09-25 18:04:56.191] [SFX] {"sound": "civ_move_1", "volume": 0.18}
[2026-09-25 18:04:56.224] [C] {"civ_pos": [84, 46]}
[2026-09-25 18:04:56.259] [SFX] {"sound": "civ_move_1", "volume": 0.23}
[2026-09-25 18:04:56.260] [SFX] {"sound": "civ_move_1", "volume": 0.21}
[2026-09-25 18:04:56.261] [SFX] {"sound": "civ_move_2", "volume": 0.18}
[2026-09-25 18:04:56.326] [SFX] {"sound": "civ_move_2", "volume": 0.13}
[2026-09-25 18:04:56.377] [SFX] {"sound": "civ_move_1", "volume": 0.21}
[2026-09-25 18:04:56.377] [SFX] {"sound": "civ_move_1", "volume": 0.2}
[2026-09-25 18:04:56.378] [SFX] {"sound": "civ_move_1", "volume": 0.16}
[2026-09-25 18:04:56.400] [SFX] {"sound": "civ_move_1", "volume": 0.09}
[2026-09-25 18:04:56.425] [SFX] {"sound": "civ_move_2", "volume": 0.08}
[2026-09-25 18:04:56.448] [SFX] {"sound": "guardian_move", "volume": 0.24}
[2026-09-25 18:04:56.465] [SFX] {"sound": "civ_move_1", "volume": 0.09}
[2026-09-25 18:04:56.493] [SFX] {"sound": "civ_move_2", "volume": 0.15}
[2026-09-25 18:04:56.493] [SFX] {"sound": "civ_move_1", "volume": 0.16}
[2026-09-25 18:04:56.516] [SFX] {"sound": "civ_move_2", "volume": 0.18}
[2026-09-25 18:04:56.591] [SFX] {"sound": "civ_move_1", "volume": 0.18}
[2026-09-25 18:04:56.674] [SFX] {"sound": "civ_move_1", "volume": 0.3}
[2026-09-25 18:04:56.675] [SFX] {"sound": "civ_move_1", "volume": 0.2}
[2026-09-25 18:04:56.676] [SFX] {"sound": "civ_move_2", "volume": 0.19}
[2026-09-25 18:04:56.708] [SFX] {"sound": "guardian_move", "volume": 0.05}
[2026-09-25 18:04:56.741] [SFX] {"sound": "civ_move_2", "volume": 0.14}
[2026-09-25 18:04:56.790] [SFX] {"sound": "civ_move_1", "volume": 0.21}
[2026-09-25 18:04:56.791] [SFX] {"sound": "civ_move_1", "volume": 0.2}
[2026-09-25 18:04:56.792] [SFX] {"sound": "civ_move_1", "volume": 0.17}
[2026-09-25 18:04:56.813] [SFX] {"sound": "civ_move_1", "volume": 0.09}
[2026-09-25 18:04:56.839] [SFX] {"sound": "civ_move_2", "volume": 0.07}
[2026-09-25 18:04:56.873] [SFX] {"sound": "civ_move_1", "volume": 0.09}
[2026-09-25 18:04:56.906] [SFX] {"sound": "civ_move_1", "volume": 0.08}
[2026-09-25 18:04:56.907] [SFX] {"sound": "civ_move_2", "volume": 0.16}
[2026-09-25 18:04:56.907] [SFX] {"sound": "civ_move_1", "volume": 0.15}
[2026-09-25 18:04:56.922] [M] {"button": 1, "pos": [326, 229], "ui_clicked": false}
[2026-09-25 18:04:56.929] [SFX] {"sound": "civ_move_2", "volume": 0.17}
[2026-09-25 18:04:56.930] [SFX] {"sound": "click_target", "volume": 0.68}
[2026-09-25 18:04:56.991] [SFX] {"sound": "civ_move_1", "volume": 0.17}
[2026-09-25 18:04:57.057] [SFX] {"sound": "guardian_move", "volume": 0.23}
[2026-09-25 18:04:57.089] [SFX] {"sound": "civ_move_1", "volume": 0.26}
[2026-09-25 18:04:57.090] [SFX] {"sound": "civ_move_1", "volume": 0.21}
[2026-09-25 18:04:57.091] [SFX] {"sound": "civ_move_2", "volume": 0.22}
[2026-09-25 18:04:57.138] [SFX] {"sound": "threat_pulse", "volume": 0.3}
[2026-09-25 18:04:57.161] [SFX] {"sound": "civ_move_2", "volume": 0.16}
[2026-09-25 18:04:57.187] [SFX] {"sound": "player_move", "volume": 0.4}
[2026-09-25 18:04:57.209] [SFX] {"sound": "civ_move_1", "volume": 0.25}
[2026-09-25 18:04:57.210] [SFX] {"sound": "civ_move_1", "volume": 0.24}
[2026-09-25 18:04:57.226] [SFX] {"sound": "civ_move_1", "volume": 0.27}
[2026-09-25 18:04:57.226] [SFX] {"sound": "civ_move_1", "volume": 0.11}
[2026-09-25 18:04:57.254] [SFX] {"sound": "civ_move_2", "volume": 0.08}
[2026-09-25 18:04:57.287] [SFX] {"sound": "civ_move_1", "volume": 0.11}
[2026-09-25 18:04:57.321] [SFX] {"sound": "guardian_move", "volume": 0.07}
[2026-09-25 18:04:57.322] [SFX] {"sound": "civ_move_1", "volume": 0.09}
[2026-09-25 18:04:57.323] [SFX] {"sound": "civ_move_2", "volume": 0.2}
[2026-09-25 18:04:57.324] [SFX] {"sound": "civ_move_1", "volume": 0.19}
[2026-09-25 18:04:57.345] [SFX] {"sound": "civ_move_2", "volume": 0.21}
[2026-09-25 18:04:57.404] [SFX] {"sound": "civ_move_1", "volume": 0.21}
[2026-09-25 18:04:57.487] [SFX] {"sound": "player_move", "volume": 0.4}
[2026-09-25 18:04:57.511] [SFX] {"sound": "civ_move_1", "volume": 0.23}
[2026-09-25 18:04:57.511] [SFX] {"sound": "civ_move_1", "volume": 0.21}
[2026-09-25 18:04:57.512] [SFX] {"sound": "civ_move_2", "volume": 0.3}
[2026-09-25 18:04:57.571] [SFX] {"sound": "civ_move_2", "volume": 0.21}
[2026-09-25 18:04:57.619] [SFX] {"sound": "civ_move_1", "volume": 0.24}
[2026-09-25 18:04:57.620] [SFX] {"sound": "civ_move_1", "volume": 0.25}
[2026-09-25 18:04:57.641] [SFX] {"sound": "civ_move_1", "volume": 0.26}
[2026-09-25 18:04:57.642] [SFX] {"sound": "civ_move_1", "volume": 0.12}
[2026-09-25 18:04:57.668] [SFX] {"sound": "guardian_move", "volume": 0.26}
[2026-09-25 18:04:57.668] [SFX] {"sound": "civ_move_2", "volume": 0.07}
[2026-09-25 18:04:57.702] [SFX] {"sound": "civ_move_1", "volume": 0.12}
[2026-09-25 18:04:57.734] [SFX] {"sound": "civ_move_1", "volume": 0.08}
[2026-09-25 18:04:57.734] [SFX] {"sound": "civ_move_2", "volume": 0.21}
[2026-09-25 18:04:57.735] [SFX] {"sound": "civ_move_1", "volume": 0.17}
[2026-09-25 18:04:57.756] [SFX] {"sound": "civ_move_2", "volume": 0.2}
[2026-09-25 18:04:57.800] [SFX] {"sound": "player_move", "volume": 0.4}
[2026-09-25 18:04:57.824] [SFX] {"sound": "civ_move_1", "volume": 0.19}
[2026-09-25 18:04:57.921] [SFX] {"sound": "civ_move_1", "volume": 0.22}
[2026-09-25 18:04:57.921] [SFX] {"sound": "civ_move_1", "volume": 0.2}
[2026-09-25 18:04:57.922] [SFX] {"sound": "civ_move_2", "volume": 0.29}
[2026-09-25 18:04:57.943] [SFX] {"sound": "guardian_move", "volume": 0.05}
[2026-09-25 18:04:57.971] [SFX] {"sound": "civ_move_2", "volume": 0.22}
[2026-09-25 18:04:58.021] [SFX] {"sound": "civ_move_1", "volume": 0.23}
[2026-09-25 18:04:58.022] [SFX] {"sound": "civ_move_1", "volume": 0.27}
[2026-09-25 18:04:58.043] [SFX] {"sound": "civ_move_1", "volume": 0.25}
[2026-09-25 18:04:58.044] [SFX] {"sound": "civ_move_1", "volume": 0.12}
[2026-09-25 18:04:58.044] [SFX] {"sound": "threat_pulse", "volume": 0.31}
[2026-09-25 18:04:58.071] [SFX] {"sound": "civ_move_2", "volume": 0.06}
[2026-09-25 18:04:58.105] [SFX] {"sound": "player_move", "volume": 0.4}
[2026-09-25 18:04:58.106] [SFX] {"sound": "civ_move_1", "volume": 0.12}
[2026-09-25 18:04:58.137] [SFX] {"sound": "civ_move_1", "volume": 0.07}
[2026-09-25 18:04:58.137] [SFX] {"sound": "civ_move_2", "volume": 0.22}
[2026-09-25 18:04:58.138] [SFX] {"sound": "civ_move_1", "volume": 0.17}
[2026-09-25 18:04:58.158] [SFX] {"sound": "civ_move_2", "volume": 0.19}
[2026-09-25 18:04:58.220] [SFX] {"sound": "civ_move_1", "volume": 0.17}
[2026-09-25 18:04:58.269] [SFX] {"sound": "guardian_move", "volume": 0.26}
[2026-09-25 18:04:58.333] [SFX] {"sound": "civ_move_1", "volume": 0.21}
[2026-09-25 18:04:58.334] [SFX] {"sound": "civ_move_1", "volume": 0.19}
[2026-09-25 18:04:58.334] [SFX] {"sound": "civ_move_2", "volume": 0.29}
[2026-09-25 18:04:58.383] [SFX] {"sound": "civ_move_2", "volume": 0.25}
[2026-09-25 18:04:58.401] [M] {"button": 1, "pos": [351, 235], "ui_clicked": true}
[2026-09-25 18:04:58.436] [SFX] {"sound": "player_move", "volume": 0.4}
[2026-09-25 18:04:58.437] [SFX] {"sound": "civ_move_1", "volume": 0.23}
[2026-09-25 18:04:58.438] [SFX] {"sound": "civ_move_1", "volume": 0.29}
[2026-09-25 18:04:58.458] [SFX] {"sound": "civ_move_1", "volume": 0.25}
[2026-09-25 18:04:58.459] [SFX] {"sound": "civ_move_1", "volume": 0.12}
[2026-09-25 18:04:58.485] [SFX] {"sound": "civ_move_2", "volume": 0.05}
[2026-09-25 18:04:58.518] [SFX] {"sound": "civ_move_1", "volume": 0.12}
[2026-09-25 18:04:58.543] [SFX] {"sound": "civ_move_2", "volume": 0.0}
[2026-09-25 18:04:58.560] [SFX] {"sound": "guardian_move", "volume": 0.05}
[2026-09-25 18:04:58.561] [SFX] {"sound": "civ_move_1", "volume": 0.07}
[2026-09-25 18:04:58.561] [SFX] {"sound": "civ_move_2", "volume": 0.19}
[2026-09-25 18:04:58.562] [SFX] {"sound": "civ_move_2", "volume": 0.22}
[2026-09-25 18:04:58.563] [SFX] {"sound": "civ_move_1", "volume": 0.17}
[2026-09-25 18:04:58.621] [SFX] {"sound": "civ_move_1", "volume": 0.15}
[2026-09-25 18:04:58.735] [SFX] {"sound": "player_move", "volume": 0.4}
[2026-09-25 18:04:58.736] [SFX] {"sound": "civ_move_1", "volume": 0.19}
[2026-09-25 18:04:58.737] [SFX] {"sound": "civ_move_2", "volume": 0.29}
[2026-09-25 18:04:58.738] [C] {"civ_pos": [86, 50]}
[2026-09-25 18:04:58.801] [SFX] {"sound": "civ_move_2", "volume": 0.27}
[2026-09-25 18:04:58.851] [SFX] {"sound": "civ_move_1", "volume": 0.23}
[2026-09-25 18:04:58.875] [SFX] {"sound": "guardian_move", "volume": 0.26}
[2026-09-25 18:04:58.875] [SFX] {"sound": "civ_move_1", "volume": 0.25}
[2026-09-25 18:04:58.876] [SFX] {"sound": "civ_move_1", "volume": 0.12}
[2026-09-25 18:04:58.893] [SFX] {"sound": "civ_move_2", "volume": 0.03}
[2026-09-25 18:04:58.920] [SFX] {"sound": "civ_move_1", "volume": 0.12}
[2026-09-25 18:04:58.952] [SFX] {"sound": "civ_move_2", "volume": 0.01}
[2026-09-25 18:04:58.952] [SFX] {"sound": "threat_pulse", "volume": 0.32}
[2026-09-25 18:04:58.973] [SFX] {"sound": "civ_move_1", "volume": 0.07}
[2026-09-25 18:04:58.973] [SFX] {"sound": "civ_move_2", "volume": 0.19}
[2026-09-25 18:04:58.974] [SFX] {"sound": "civ_move_2", "volume": 0.21}
[2026-09-25 18:04:58.975] [SFX] {"sound": "civ_move_1", "volume": 0.17}
[2026-09-25 18:04:59.037] [SFX] {"sound": "player_move", "volume": 0.4}
[2026-09-25 18:04:59.038] [SFX] {"sound": "civ_move_1", "volume": 0.12}
[2026-09-25 18:04:59.137] [SFX] {"sound": "civ_move_1", "volume": 0.18}
[2026-09-25 18:04:59.138] [SFX] {"sound": "civ_move_1", "volume": 0.19}
[2026-09-25 18:04:59.138] [SFX] {"sound": "civ_move_2", "volume": 0.29}
[2026-09-25 18:04:59.160] [SFX] {"sound": "guardian_move", "volume": 0.05}
[2026-09-25 18:04:59.203] [SFX] {"sound": "civ_move_2", "volume": 0.3}
[2026-09-25 18:04:59.226] [SFX] {"sound": "guardian_move", "volume": 0.02}
[2026-09-25 18:04:59.255] [SFX] {"sound": "civ_move_1", "volume": 0.23}
[2026-09-25 18:04:59.256] [SFX] {"sound": "civ_move_1", "volume": 0.22}
[2026-09-25 18:04:59.277] [SFX] {"sound": "civ_move_1", "volume": 0.25}
[2026-09-25 18:04:59.278] [SFX] {"sound": "civ_move_1", "volume": 0.12}
[2026-09-25 18:04:59.288] [M] {"button": 1, "pos": [356, 210], "ui_clicked": true}
[2026-09-25 18:04:59.333] [JACK] Blick ins Systemfenster... Was führen wir im Schild?
[2026-09-25 18:04:59.334] [SFX] {"sound": "civ_move_2", "volume": 0.02}
[2026-09-25 18:04:59.350] [SFX] {"sound": "player_move", "volume": 0.4}
[2026-09-25 18:04:59.351] [SFX] {"sound": "civ_move_1", "volume": 0.12}
[2026-09-25 18:04:59.352] [SFX] {"sound": "infiltrate 1", "volume": 0.5}
[2026-09-25 18:04:59.367] [SFX] {"sound": "civ_move_2", "volume": 0.02}
[2026-09-25 18:04:59.384] [SFX] {"sound": "civ_move_1", "volume": 0.06}
[2026-09-25 18:04:59.385] [SFX] {"sound": "civ_move_2", "volume": 0.19}
[2026-09-25 18:04:59.386] [SFX] {"sound": "civ_move_2", "volume": 0.26}
[2026-09-25 18:04:59.386] [SFX] {"sound": "civ_move_1", "volume": 0.17}
[2026-09-25 18:04:59.444] [SFX] {"sound": "civ_move_1", "volume": 0.1}
[2026-09-25 18:04:59.476] [SFX] {"sound": "guardian_move", "volume": 0.27}
[2026-09-25 18:04:59.542] [SFX] {"sound": "civ_move_1", "volume": 0.16}
[2026-09-25 18:04:59.542] [SFX] {"sound": "civ_move_1", "volume": 0.2}
[2026-09-25 18:04:59.543] [SFX] {"sound": "civ_move_2", "volume": 0.29}
[2026-09-25 18:04:59.607] [SFX] {"sound": "civ_move_2", "volume": 0.28}
[2026-09-25 18:04:59.657] [SFX] {"sound": "player_move", "volume": 0.4}
[2026-09-25 18:04:59.658] [SFX] {"sound": "civ_move_1", "volume": 0.23}
[2026-09-25 18:04:59.659] [SFX] {"sound": "civ_move_1", "volume": 0.2}
[2026-09-25 18:04:59.681] [SFX] {"sound": "civ_move_1", "volume": 0.25}
[2026-09-25 18:04:59.682] [SFX] {"sound": "civ_move_1", "volume": 0.11}
[2026-09-25 18:04:59.697] [SFX] {"sound": "civ_move_2", "volume": 0.01}
[2026-09-25 18:04:59.758] [SFX] {"sound": "guardian_move", "volume": 0.06}
[2026-09-25 18:04:59.759] [SFX] {"sound": "civ_move_1", "volume": 0.12}
[2026-09-25 18:04:59.760] [SFX] {"sound": "infiltrate 2", "volume": 0.5}
[2026-09-25 18:04:59.779] [SFX] {"sound": "civ_move_2", "volume": 0.04}
[2026-09-25 18:04:59.795] [SFX] {"sound": "civ_move_1", "volume": 0.07}
[2026-09-25 18:04:59.796] [SFX] {"sound": "civ_move_2", "volume": 0.19}
[2026-09-25 18:04:59.796] [SFX] {"sound": "civ_move_2", "volume": 0.26}
[2026-09-25 18:04:59.797] [SFX] {"sound": "civ_move_1", "volume": 0.17}
[2026-09-25 18:04:59.826] [SFX] {"sound": "guardian_move", "volume": 0.04}
[2026-09-25 18:04:59.858] [SFX] {"sound": "civ_move_1", "volume": 0.07}
[2026-09-25 18:04:59.859] [SFX] {"sound": "threat_pulse", "volume": 0.33}
[2026-09-25 18:04:59.943] [SFX] {"sound": "civ_move_1", "volume": 0.15}
[2026-09-25 18:04:59.943] [SFX] {"sound": "civ_move_1", "volume": 0.2}
[2026-09-25 18:04:59.944] [SFX] {"sound": "civ_move_2", "volume": 0.29}
[2026-09-25 18:04:59.965] [SFX] {"sound": "player_move", "volume": 0.4}
[2026-09-25 18:05:00.010] [SFX] {"sound": "civ_move_2", "volume": 0.25}
[2026-09-25 18:05:00.060] [SFX] {"sound": "civ_move_1", "volume": 0.23}
[2026-09-25 18:05:00.060] [SFX] {"sound": "civ_move_1", "volume": 0.19}
[2026-09-25 18:05:00.082] [SFX] {"sound": "guardian_move", "volume": 0.32}
[2026-09-25 18:05:00.083] [SFX] {"sound": "civ_move_1", "volume": 0.25}
[2026-09-25 18:05:00.083] [SFX] {"sound": "civ_move_1", "volume": 0.11}
[2026-09-25 18:05:00.161] [SFX] {"sound": "infiltrate 1", "volume": 0.5}
[2026-09-25 18:05:00.194] [SFX] {"sound": "civ_move_1", "volume": 0.07}
[2026-09-25 18:05:00.195] [SFX] {"sound": "civ_move_2", "volume": 0.19}
[2026-09-25 18:05:00.196] [SFX] {"sound": "civ_move_2", "volume": 0.26}
[2026-09-25 18:05:00.196] [SFX] {"sound": "civ_move_2", "volume": 0.06}
[2026-09-25 18:05:00.197] [SFX] {"sound": "civ_move_1", "volume": 0.17}
[2026-09-25 18:05:00.259] [SFX] {"sound": "player_move", "volume": 0.4}
[2026-09-25 18:05:00.260] [SFX] {"sound": "civ_move_1", "volume": 0.05}
[2026-09-25 18:05:00.344] [SFX] {"sound": "civ_move_1", "volume": 0.13}
[2026-09-25 18:05:00.345] [SFX] {"sound": "civ_move_1", "volume": 0.21}
[2026-09-25 18:05:00.345] [SFX] {"sound": "civ_move_2", "volume": 0.29}
[2026-09-25 18:05:00.367] [SFX] {"sound": "guardian_move", "volume": 0.05}
[2026-09-25 18:05:00.412] [SFX] {"sound": "civ_move_2", "volume": 0.19}
[2026-09-25 18:05:00.435] [SFX] {"sound": "guardian_move", "volume": 0.06}
[2026-09-25 18:05:00.462] [SFX] {"sound": "civ_move_1", "volume": 0.23}
[2026-09-25 18:05:00.463] [SFX] {"sound": "civ_move_1", "volume": 0.18}
[2026-09-25 18:05:00.485] [SFX] {"sound": "civ_move_1", "volume": 0.25}
[2026-09-25 18:05:00.486] [SFX] {"sound": "civ_move_1", "volume": 0.11}
[2026-09-25 18:05:00.561] [SFX] {"sound": "player_move", "volume": 0.4}
[2026-09-25 18:05:00.562] [SFX] {"sound": "civ_move_1", "volume": 0.11}
[2026-09-25 18:05:00.594] [SFX] {"sound": "civ_move_1", "volume": 0.08}
[2026-09-25 18:05:00.595] [SFX] {"sound": "civ_move_2", "volume": 0.19}
[2026-09-25 18:05:00.596] [SFX] {"sound": "civ_move_2", "volume": 0.26}
[2026-09-25 18:05:00.597] [SFX] {"sound": "civ_move_2", "volume": 0.09}
[2026-09-25 18:05:00.597] [SFX] {"sound": "civ_move_1", "volume": 0.17}
[2026-09-25 18:05:00.662] [SFX] {"sound": "civ_move_1", "volume": 0.02}
[2026-09-25 18:05:00.684] [SFX] {"sound": "guardian_move", "volume": 0.36}
[2026-09-25 18:05:00.745] [SFX] {"sound": "civ_move_1", "volume": 0.12}
[2026-09-25 18:05:00.746] [SFX] {"sound": "civ_move_1", "volume": 0.2}
[2026-09-25 18:05:00.747] [SFX] {"sound": "civ_move_2", "volume": 0.29}
[2026-09-25 18:05:00.767] [SFX] {"sound": "threat_pulse", "volume": 0.51}
[2026-09-25 18:05:00.827] [SFX] {"sound": "civ_move_2", "volume": 0.18}
[2026-09-25 18:05:00.876] [SFX] {"sound": "player_move", "volume": 0.4}
[2026-09-25 18:05:00.877] [SFX] {"sound": "civ_move_1", "volume": 0.23}
[2026-09-25 18:05:00.878] [SFX] {"sound": "civ_move_1", "volume": 0.16}
[2026-09-25 18:05:00.899] [SFX] {"sound": "civ_move_1", "volume": 0.25}
[2026-09-25 18:05:00.899] [SFX] {"sound": "civ_move_1", "volume": 0.11}
[2026-09-25 18:05:00.975] [SFX] {"sound": "guardian_move", "volume": 0.06}
[2026-09-25 18:05:00.976] [SFX] {"sound": "civ_move_1", "volume": 0.11}
[2026-09-25 18:05:01.007] [SFX] {"sound": "civ_move_1", "volume": 0.09}
[2026-09-25 18:05:01.008] [SFX] {"sound": "civ_move_2", "volume": 0.19}
[2026-09-25 18:05:01.009] [SFX] {"sound": "civ_move_2", "volume": 0.26}
[2026-09-25 18:05:01.010] [SFX] {"sound": "civ_move_2", "volume": 0.11}
[2026-09-25 18:05:01.011] [SFX] {"sound": "civ_move_1", "volume": 0.17}
[2026-09-25 18:05:01.040] [SFX] {"sound": "guardian_move", "volume": 0.08}
[2026-09-25 18:05:01.072] [SFX] {"sound": "civ_move_1", "volume": 0.01}
[2026-09-25 18:05:01.093] [SFX] {"sound": "game_over", "volume": 1.0}
[2026-09-25 18:05:02.165] [SFX] {"sound": "hack_success", "volume": 0.8}
[2026-09-25 18:05:03.011] [SESSION_RESET] {"msg": "--- NEW LIFE STARTED ---"}
[2026-09-25 18:05:03.056] [S] {"map": "Shadowgrid"}
[2026-09-25 18:05:03.077] [JACK] Ah, im Shadowgrid angekommen... endlich.
[2026-09-25 18:05:03.558] [SFX] {"sound": "civ_move_1", "volume": 0.0}
[2026-09-25 18:05:03.590] [SFX] {"sound": "civ_move_1", "volume": 0.05}
[2026-09-25 18:05:03.735] [SFX] {"sound": "civ_move_2", "volume": 0.15}
[2026-09-25 18:05:03.786] [SFX] {"sound": "civ_move_1", "volume": 0.19}
[2026-09-25 18:05:03.969] [SFX] {"sound": "civ_move_1", "volume": 0.01}
[2026-09-25 18:05:04.001] [SFX] {"sound": "civ_move_1", "volume": 0.04}
[2026-09-25 18:05:04.067] [SFX] {"sound": "civ_move_1", "volume": 0.05}
[2026-09-25 18:05:04.149] [SFX] {"sound": "civ_move_2", "volume": 0.16}
[2026-09-25 18:05:04.199] [SFX] {"sound": "civ_move_1", "volume": 0.18}
[2026-09-25 18:05:04.385] [SFX] {"sound": "civ_move_1", "volume": 0.02}
[2026-09-25 18:05:04.408] [SFX] {"sound": "civ_move_1", "volume": 0.03}
[2026-09-25 18:05:04.466] [SFX] {"sound": "civ_move_1", "volume": 0.04}
[2026-09-25 18:05:04.565] [SFX] {"sound": "civ_move_2", "volume": 0.16}
[2026-09-25 18:05:04.599] [SFX] {"sound": "civ_move_1", "volume": 0.18}
[2026-09-25 18:05:04.795] [SFX] {"sound": "civ_move_1", "volume": 0.03}
[2026-09-25 18:05:04.818] [SFX] {"sound": "civ_move_1", "volume": 0.02}
[2026-09-25 18:05:04.879] [SFX] {"sound": "civ_move_1", "volume": 0.04}
[2026-09-25 18:05:04.977] [SFX] {"sound": "civ_move_2", "volume": 0.15}
[2026-09-25 18:05:05.010] [SFX] {"sound": "civ_move_1", "volume": 0.17}
[2026-09-25 18:05:05.209] [SFX] {"sound": "civ_move_1", "volume": 0.04}
[2026-09-25 18:05:05.231] [SFX] {"sound": "civ_move_1", "volume": 0.01}
[2026-09-25 18:05:05.290] [SFX] {"sound": "civ_move_1", "volume": 0.03}
[2026-09-25 18:05:05.389] [SFX] {"sound": "civ_move_2", "volume": 0.14}
[2026-09-25 18:05:05.422] [SFX] {"sound": "civ_move_1", "volume": 0.17}
[2026-09-25 18:05:05.619] [SFX] {"sound": "civ_move_1", "volume": 0.05}
[2026-09-25 18:05:05.642] [SFX] {"sound": "civ_move_1", "volume": 0.01}
[2026-09-25 18:05:05.700] [SFX] {"sound": "civ_move_1", "volume": 0.03}
[2026-09-25 18:05:05.798] [SFX] {"sound": "civ_move_2", "volume": 0.13}
[2026-09-25 18:05:05.831] [SFX] {"sound": "civ_move_1", "volume": 0.16}
[2026-09-25 18:05:06.030] [SFX] {"sound": "civ_move_1", "volume": 0.06}
[2026-09-25 18:05:06.113] [SFX] {"sound": "civ_move_1", "volume": 0.02}
[2026-09-25 18:05:06.214] [SFX] {"sound": "civ_move_2", "volume": 0.12}
[2026-09-25 18:05:06.236] [SFX] {"sound": "civ_move_1", "volume": 0.15}
[2026-09-25 18:05:06.443] [SFX] {"sound": "civ_move_1", "volume": 0.07}
[2026-09-25 18:05:06.525] [SFX] {"sound": "civ_move_1", "volume": 0.01}
[2026-09-25 18:05:06.624] [SFX] {"sound": "civ_move_2", "volume": 0.11}
[2026-09-25 18:05:06.646] [SFX] {"sound": "civ_move_1", "volume": 0.14}
[2026-09-25 18:05:06.856] [SFX] {"sound": "civ_move_1", "volume": 0.08}
[2026-09-25 18:05:06.938] [SFX] {"sound": "civ_move_1", "volume": 0.01}
[2026-09-25 18:05:07.038] [SFX] {"sound": "civ_move_2", "volume": 0.1}
[2026-09-25 18:05:07.060] [SFX] {"sound": "civ_move_1", "volume": 0.14}
[2026-09-25 18:05:07.268] [SFX] {"sound": "civ_move_1", "volume": 0.09}
[2026-09-25 18:05:07.352] [SFX] {"sound": "civ_move_1", "volume": 0.0}
[2026-09-25 18:05:07.452] [SFX] {"sound": "civ_move_2", "volume": 0.09}
[2026-09-25 18:05:07.475] [SFX] {"sound": "civ_move_1", "volume": 0.13}
[2026-09-25 18:05:07.681] [SFX] {"sound": "civ_move_1", "volume": 0.1}
[2026-09-25 18:05:07.865] [SFX] {"sound": "civ_move_2", "volume": 0.08}
[2026-09-25 18:05:07.886] [SFX] {"sound": "civ_move_1", "volume": 0.12}
[2026-09-25 18:05:07.897] [M] {"button": 4, "pos": [413, 152], "ui_clicked": false}
[2026-09-25 18:05:08.096] [SFX] {"sound": "civ_move_1", "volume": 0.11}
[2026-09-25 18:05:08.278] [SFX] {"sound": "civ_move_2", "volume": 0.07}
[2026-09-25 18:05:08.299] [SFX] {"sound": "civ_move_1", "volume": 0.12}
[2026-09-25 18:05:08.644] [M] {"button": 1, "pos": [443, 183], "ui_clicked": false}
[2026-09-25 18:05:08.651] [SFX] {"sound": "action_cancel", "volume": 1.0}
[2026-09-25 18:05:08.677] [SFX] {"sound": "civ_move_2", "volume": 0.06}
[2026-09-25 18:05:08.708] [SFX] {"sound": "civ_move_1", "volume": 0.11}
[2026-09-25 18:05:08.924] [SFX] {"sound": "civ_move_1", "volume": 0.13}
[2026-09-25 18:05:09.090] [SFX] {"sound": "civ_move_2", "volume": 0.05}
[2026-09-25 18:05:09.124] [SFX] {"sound": "civ_move_1", "volume": 0.12}
[2026-09-25 18:05:09.338] [SFX] {"sound": "civ_move_1", "volume": 0.14}
[2026-09-25 18:05:09.501] [M] {"button": 1, "pos": [411, 184], "ui_clicked": false}
[2026-09-25 18:05:09.508] [SFX] {"sound": "civ_move_2", "volume": 0.05}
[2026-09-25 18:05:09.509] [SFX] {"sound": "civ_move_2", "volume": 0.0}
[2026-09-25 18:05:09.509] [P] {"start": [58, 2], "goal": [63, 2], "length": 1, "is_direction_change": false}
[2026-09-25 18:05:09.510] [SFX] {"sound": "click_target", "volume": 0.69}
[2026-09-25 18:05:09.549] [JACK] Kleine Schritte. Immer die Augen nach IoT-Sensoren und Sentinels offen halten.
[2026-09-25 18:05:09.550] [SFX] {"sound": "player_move", "volume": 0.4}
[2026-09-25 18:05:09.565] [SFX] {"sound": "civ_move_1", "volume": 0.12}
[2026-09-25 18:05:09.739] [SFX] {"sound": "civ_move_1", "volume": 0.17}
[2026-09-25 18:05:09.905] [SFX] {"sound": "civ_move_2", "volume": 0.04}
[2026-09-25 18:05:09.973] [SFX] {"sound": "civ_move_1", "volume": 0.13}
[2026-09-25 18:05:10.154] [SFX] {"sound": "civ_move_1", "volume": 0.18}
[2026-09-25 18:05:10.321] [SFX] {"sound": "civ_move_2", "volume": 0.03}
[2026-09-25 18:05:10.388] [SFX] {"sound": "civ_move_1", "volume": 0.14}
[2026-09-25 18:05:10.472] [M] {"button": 1, "pos": [367, 219], "ui_clicked": false}
[2026-09-25 18:05:10.569] [SFX] {"sound": "civ_move_1", "volume": 0.18}
[2026-09-25 18:05:10.735] [SFX] {"sound": "civ_move_2", "volume": 0.02}
[2026-09-25 18:05:10.801] [M] {"button": 1, "pos": [345, 247], "ui_clicked": false}
[2026-09-25 18:05:10.808] [SFX] {"sound": "civ_move_1", "volume": 0.14}
[2026-09-25 18:05:10.809] [P] {"start": [63, 2], "goal": [64, 6], "length": 2, "is_direction_change": false}
[2026-09-25 18:05:10.810] [SFX] {"sound": "click_target", "volume": 0.71}
[2026-09-25 18:05:10.886] [SFX] {"sound": "player_move", "volume": 0.4}
[2026-09-25 18:05:10.968] [SFX] {"sound": "civ_move_1", "volume": 0.2}
[2026-09-25 18:05:11.135] [SFX] {"sound": "civ_move_2", "volume": 0.03}
[2026-09-25 18:05:11.136] [SFX] {"sound": "civ_move_2", "volume": 0.01}
[2026-09-25 18:05:11.202] [SFX] {"sound": "civ_move_1", "volume": 0.18}
[2026-09-25 18:05:11.382] [SFX] {"sound": "civ_move_1", "volume": 0.21}
[2026-09-25 18:05:11.547] [SFX] {"sound": "civ_move_2", "volume": 0.02}
[2026-09-25 18:05:11.548] [SFX] {"sound": "civ_move_2", "volume": 0.01}
[2026-09-25 18:05:11.613] [SFX] {"sound": "civ_move_1", "volume": 0.18}
[2026-09-25 18:05:11.629] [M] {"button": 1, "pos": [342, 248], "ui_clicked": false}
[2026-09-25 18:05:11.636] [SFX] {"sound": "click_target", "volume": 0.72}
[2026-09-25 18:05:11.746] [C] {"civ_pos": [64, 10]}
[2026-09-25 18:05:11.797] [SFX] {"sound": "player_move", "volume": 0.4}
[2026-09-25 18:05:11.797] [SFX] {"sound": "civ_move_1", "volume": 0.23}
[2026-09-25 18:05:11.961] [SFX] {"sound": "civ_move_2", "volume": 0.04}
[2026-09-25 18:05:12.027] [SFX] {"sound": "civ_move_1", "volume": 0.21}
[2026-09-25 18:05:12.109] [SFX] {"sound": "player_move", "volume": 0.4}
[2026-09-25 18:05:12.145] [SFX] {"sound": "threat_pulse", "volume": 0.3}
[2026-09-25 18:05:12.210] [SFX] {"sound": "civ_move_1", "volume": 0.23}
[2026-09-25 18:05:12.362] [SFX] {"sound": "civ_move_2", "volume": 0.04}
[2026-09-25 18:05:12.363] [SFX] {"sound": "civ_move_2", "volume": 0.03}
[2026-09-25 18:05:12.411] [SFX] {"sound": "player_move", "volume": 0.4}
[2026-09-25 18:05:12.434] [SFX] {"sound": "civ_move_1", "volume": 0.23}
[2026-09-25 18:05:12.612] [SFX] {"sound": "civ_move_1", "volume": 0.29}
[2026-09-25 18:05:12.712] [SFX] {"sound": "player_move", "volume": 0.4}
[2026-09-25 18:05:12.762] [SFX] {"sound": "civ_move_2", "volume": 0.03}
[2026-09-25 18:05:12.828] [SFX] {"sound": "civ_move_1", "volume": 0.22}
[2026-09-25 18:05:12.878] [M] {"button": 1, "pos": [244, 169], "ui_clicked": false}
[2026-09-25 18:05:12.886] [SFX] {"sound": "click_target", "volume": 0.87}
[2026-09-25 18:05:13.027] [SFX] {"sound": "player_move", "volume": 0.4}
[2026-09-25 18:05:13.028] [SFX] {"sound": "civ_move_1", "volume": 0.22}
[2026-09-25 18:05:13.060] [SFX] {"sound": "threat_pulse", "volume": 0.3}
[2026-09-25 18:05:13.175] [SFX] {"sound": "civ_move_2", "volume": 0.01}
[2026-09-25 18:05:13.176] [SFX] {"sound": "civ_move_2", "volume": 0.05}
[2026-09-25 18:05:13.243] [SFX] {"sound": "civ_move_1", "volume": 0.2}
[2026-09-25 18:05:13.440] [SFX] {"sound": "civ_move_1", "volume": 0.19}
[2026-09-25 18:05:13.588] [SFX] {"sound": "civ_move_2", "volume": 0.05}
[2026-09-25 18:05:13.655] [SFX] {"sound": "civ_move_1", "volume": 0.19}
[2026-09-25 18:05:13.854] [SFX] {"sound": "civ_move_1", "volume": 0.18}
[2026-09-25 18:05:14.000] [SFX] {"sound": "civ_move_2", "volume": 0.06}
[2026-09-25 18:05:14.067] [SFX] {"sound": "civ_move_1", "volume": 0.18}
[2026-09-25 18:05:14.411] [SFX] {"sound": "civ_move_2", "volume": 0.06}
[2026-09-25 18:05:14.477] [M] {"button": 1, "pos": [247, 179], "ui_clicked": false}
[2026-09-25 18:05:14.485] [SFX] {"sound": "civ_move_1", "volume": 0.17}
[2026-09-25 18:05:14.486] [SFX] {"sound": "action_cancel", "volume": 1.0}
[2026-09-25 18:05:14.665] [SFX] {"sound": "civ_move_1", "volume": 0.17}
[2026-09-25 18:05:14.818] [SFX] {"sound": "civ_move_2", "volume": 0.08}
[2026-09-25 18:05:14.886] [SFX] {"sound": "civ_move_1", "volume": 0.16}
[2026-09-25 18:05:15.068] [SFX] {"sound": "civ_move_1", "volume": 0.17}
[2026-09-25 18:05:15.100] [M] {"button": 1, "pos": [247, 183], "ui_clicked": false}
[2026-09-25 18:05:15.108] [P] {"start": [60, 10], "goal": [56, 10], "length": 1, "is_direction_change": false}
[2026-09-25 18:05:15.108] [SFX] {"sound": "click_target", "volume": 0.71}
[2026-09-25 18:05:15.184] [SFX] {"sound": "player_move", "volume": 0.4}
[2026-09-25 18:05:15.233] [SFX] {"sound": "civ_move_2", "volume": 0.11}
[2026-09-25 18:05:15.300] [SFX] {"sound": "civ_move_1", "volume": 0.14}
[2026-09-25 18:05:15.636] [SFX] {"sound": "civ_move_2", "volume": 0.14}
[2026-09-25 18:05:15.658] [SFX] {"sound": "guardian_move", "volume": 0.01}
[2026-09-25 18:05:15.700] [SFX] {"sound": "civ_move_1", "volume": 0.13}
[2026-09-25 18:05:16.045] [M] {"button": 1, "pos": [369, 188], "ui_clicked": false}
[2026-09-25 18:05:16.053] [SFX] {"sound": "civ_move_2", "volume": 0.15}
[2026-09-25 18:05:16.054] [P] {"start": [56, 10], "goal": [59, 10], "length": 1, "is_direction_change": false}
[2026-09-25 18:05:16.054] [SFX] {"sound": "click_target", "volume": 0.74}
[2026-09-25 18:05:16.104] [JACK] Kurzer Blick um die Ecke...
[2026-09-25 18:05:16.121] [SFX] {"sound": "civ_move_1", "volume": 0.13}
[2026-09-25 18:05:16.264] [SFX] {"sound": "guardian_move", "volume": 0.03}
[2026-09-25 18:05:16.313] [SFX] {"sound": "civ_move_1", "volume": 0.16}
[2026-09-25 18:05:16.448] [SFX] {"sound": "civ_move_2", "volume": 0.14}
[2026-09-25 18:05:16.530] [SFX] {"sound": "civ_move_1", "volume": 0.12}
[2026-09-25 18:05:16.714] [SFX] {"sound": "civ_move_1", "volume": 0.15}
[2026-09-25 18:05:16.862] [SFX] {"sound": "civ_move_2", "volume": 0.15}
[2026-09-25 18:05:16.887] [SFX] {"sound": "guardian_move", "volume": 0.05}
[2026-09-25 18:05:16.944] [SFX] {"sound": "civ_move_1", "volume": 0.11}
[2026-09-25 18:05:17.122] [SFX] {"sound": "civ_move_1", "volume": 0.16}
[2026-09-25 18:05:17.271] [SFX] {"sound": "civ_move_2", "volume": 0.16}
[2026-09-25 18:05:17.352] [SFX] {"sound": "civ_move_1", "volume": 0.1}
[2026-09-25 18:05:17.418] [M] {"button": 1, "pos": [326, 219], "ui_clicked": false}
[2026-09-25 18:05:17.425] [SFX] {"sound": "click_target", "volume": 0.75}
[2026-09-25 18:05:17.485] [SFX] {"sound": "guardian_move", "volume": 0.07}
[2026-09-25 18:05:17.535] [SFX] {"sound": "civ_move_1", "volume": 0.16}
[2026-09-25 18:05:17.686] [SFX] {"sound": "civ_move_2", "volume": 0.18}
[2026-09-25 18:05:17.752] [SFX] {"sound": "civ_move_1", "volume": 0.09}
[2026-09-25 18:05:17.951] [SFX] {"sound": "civ_move_1", "volume": 0.17}
[2026-09-25 18:05:18.099] [SFX] {"sound": "guardian_move", "volume": 0.09}
[2026-09-25 18:05:18.100] [SFX] {"sound": "civ_move_2", "volume": 0.19}
[2026-09-25 18:05:18.165] [SFX] {"sound": "civ_move_1", "volume": 0.08}
[2026-09-25 18:05:18.316] [SFX] {"sound": "threat_pulse", "volume": 0.31}
[2026-09-25 18:05:18.366] [SFX] {"sound": "civ_move_1", "volume": 0.18}
[2026-09-25 18:05:18.515] [SFX] {"sound": "civ_move_2", "volume": 0.2}
[2026-09-25 18:05:18.566] [SFX] {"sound": "civ_move_1", "volume": 0.07}
[2026-09-25 18:05:18.681] [M] {"button": 1, "pos": [362, 232], "ui_clicked": true}
[2026-09-25 18:05:18.703] [SFX] {"sound": "guardian_move", "volume": 0.11}
[2026-09-25 18:05:18.770] [SFX] {"sound": "civ_move_1", "volume": 0.18}
[2026-09-25 18:05:18.919] [SFX] {"sound": "civ_move_2", "volume": 0.21}
[2026-09-25 18:05:18.971] [SFX] {"sound": "civ_move_1", "volume": 0.06}
[2026-09-25 18:05:19.103] [M] {"button": 1, "pos": [365, 239], "ui_clicked": true}
[2026-09-25 18:05:19.125] [SFX] {"sound": "civ_move_2", "volume": 0.0}
[2026-09-25 18:05:19.183] [SFX] {"sound": "civ_move_1", "volume": 0.19}
[2026-09-25 18:05:19.205] [SFX] {"sound": "infiltrate 1", "volume": 0.5}
[2026-09-25 18:05:19.232] [SFX] {"sound": "threat_pulse", "volume": 0.32}
[2026-09-25 18:05:19.315] [SFX] {"sound": "guardian_move", "volume": 0.13}
[2026-09-25 18:05:19.338] [SFX] {"sound": "civ_move_2", "volume": 0.23}
[2026-09-25 18:05:19.381] [SFX] {"sound": "civ_move_1", "volume": 0.05}
[2026-09-25 18:05:19.515] [SFX] {"sound": "civ_move_2", "volume": 0.02}
[2026-09-25 18:05:19.583] [SFX] {"sound": "civ_move_1", "volume": 0.2}
[2026-09-25 18:05:19.605] [SFX] {"sound": "infiltrate 2", "volume": 0.5}
[2026-09-25 18:05:19.747] [SFX] {"sound": "civ_move_2", "volume": 0.24}
[2026-09-25 18:05:19.797] [SFX] {"sound": "civ_move_1", "volume": 0.04}
[2026-09-25 18:05:19.927] [SFX] {"sound": "guardian_move", "volume": 0.15}
[2026-09-25 18:05:19.927] [SFX] {"sound": "civ_move_2", "volume": 0.03}
[2026-09-25 18:05:19.992] [SFX] {"sound": "civ_move_1", "volume": 0.2}
[2026-09-25 18:05:20.013] [SFX] {"sound": "infiltrate 2", "volume": 0.5}
[2026-09-25 18:05:20.139] [SFX] {"sound": "threat_pulse", "volume": 0.33}
[2026-09-25 18:05:20.162] [SFX] {"sound": "civ_move_2", "volume": 0.25}
[2026-09-25 18:05:20.205] [SFX] {"sound": "civ_move_1", "volume": 0.03}
[2026-09-25 18:05:20.339] [SFX] {"sound": "civ_move_2", "volume": 0.04}
[2026-09-25 18:05:20.405] [SFX] {"sound": "civ_move_1", "volume": 0.19}
[2026-09-25 18:05:20.427] [SFX] {"sound": "infiltrate 2", "volume": 0.5}
[2026-09-25 18:05:20.539] [SFX] {"sound": "guardian_move", "volume": 0.17}
[2026-09-25 18:05:20.561] [SFX] {"sound": "civ_move_2", "volume": 0.26}
[2026-09-25 18:05:20.606] [SFX] {"sound": "civ_move_1", "volume": 0.02}
[2026-09-25 18:05:20.754] [SFX] {"sound": "civ_move_2", "volume": 0.05}
[2026-09-25 18:05:20.821] [SFX] {"sound": "civ_move_1", "volume": 0.19}
[2026-09-25 18:05:20.842] [SFX] {"sound": "infiltrate 2", "volume": 0.5}
[2026-09-25 18:05:20.970] [SFX] {"sound": "civ_move_2", "volume": 0.27}
[2026-09-25 18:05:21.020] [SFX] {"sound": "civ_move_1", "volume": 0.01}
[2026-09-25 18:05:21.053] [SFX] {"sound": "threat_pulse", "volume": 0.34}
[2026-09-25 18:05:21.151] [SFX] {"sound": "guardian_move", "volume": 0.18}
[2026-09-25 18:05:21.173] [SFX] {"sound": "civ_move_2", "volume": 0.07}
[2026-09-25 18:05:21.233] [SFX] {"sound": "civ_move_1", "volume": 0.18}
[2026-09-25 18:05:21.257] [SFX] {"sound": "infiltrate 1", "volume": 0.5}
[2026-09-25 18:05:21.285] [C] {"civ_pos": [57, 10]}
[2026-09-25 18:05:21.374] [SFX] {"sound": "civ_move_2", "volume": 0.29}
[2026-09-25 18:05:21.423] [SFX] {"sound": "civ_move_1", "volume": 0.0}
[2026-09-25 18:05:21.571] [SFX] {"sound": "civ_move_2", "volume": 0.08}
[2026-09-25 18:05:21.636] [SFX] {"sound": "civ_move_1", "volume": 0.17}
[2026-09-25 18:05:21.661] [SFX] {"sound": "infiltrate 1", "volume": 0.5}
[2026-09-25 18:05:21.751] [SFX] {"sound": "guardian_move", "volume": 0.2}
[2026-09-25 18:05:21.785] [SFX] {"sound": "civ_move_2", "volume": 0.3}
[2026-09-25 18:05:21.967] [SFX] {"sound": "threat_pulse", "volume": 0.35}
[2026-09-25 18:05:21.991] [SFX] {"sound": "civ_move_2", "volume": 0.09}
[2026-09-25 18:05:22.054] [SFX] {"sound": "civ_move_1", "volume": 0.16}
[2026-09-25 18:05:22.076] [SFX] {"sound": "infiltrate 1", "volume": 0.5}
[2026-09-25 18:05:22.119] [SFX] {"sound": "hack_success", "volume": 1.0}
[2026-09-25 18:05:22.186] [SFX] {"sound": "civ_move_2", "volume": 0.29}
[2026-09-25 18:05:22.368] [SFX] {"sound": "guardian_move", "volume": 0.22}
[2026-09-25 18:05:22.391] [SFX] {"sound": "civ_move_2", "volume": 0.1}
[2026-09-25 18:05:22.469] [SFX] {"sound": "civ_move_1", "volume": 0.15}
[2026-09-25 18:05:22.585] [SFX] {"sound": "civ_move_2", "volume": 0.28}
[2026-09-25 18:05:22.786] [SFX] {"sound": "civ_move_2", "volume": 0.11}
[2026-09-25 18:05:22.870] [SFX] {"sound": "civ_move_1", "volume": 0.14}
[2026-09-25 18:05:22.870] [SFX] {"sound": "threat_pulse", "volume": 0.32}
[2026-09-25 18:05:22.968] [SFX] {"sound": "guardian_move", "volume": 0.24}
[2026-09-25 18:05:22.992] [SFX] {"sound": "civ_move_2", "volume": 0.26}
[2026-09-25 18:05:23.203] [SFX] {"sound": "civ_move_2", "volume": 0.13}
[2026-09-25 18:05:23.268] [SFX] {"sound": "civ_move_1", "volume": 0.13}
[2026-09-25 18:05:23.401] [SFX] {"sound": "civ_move_2", "volume": 0.25}
[2026-09-25 18:05:23.517] [M] {"button": 1, "pos": [256, 183], "ui_clicked": false}
[2026-09-25 18:05:23.526] [P] {"start": [59, 10], "goal": [55, 10], "length": 1, "is_direction_change": false}
[2026-09-25 18:05:23.527] [SFX] {"sound": "click_target", "volume": 0.72}
[2026-09-25 18:05:23.562] [SFX] {"sound": "player_move", "volume": 0.4}
[2026-09-25 18:05:23.576] [SFX] {"sound": "guardian_move", "volume": 0.25}
[2026-09-25 18:05:23.604] [SFX] {"sound": "civ_move_2", "volume": 0.12}
[2026-09-25 18:05:23.671] [SFX] {"sound": "civ_move_1", "volume": 0.12}
[2026-09-25 18:05:23.804] [SFX] {"sound": "civ_move_2", "volume": 0.21}
[2026-09-25 18:05:24.018] [SFX] {"sound": "civ_move_2", "volume": 0.12}
[2026-09-25 18:05:24.086] [SFX] {"sound": "civ_move_1", "volume": 0.1}
[2026-09-25 18:05:24.184] [SFX] {"sound": "guardian_move", "volume": 0.24}
[2026-09-25 18:05:24.217] [SFX] {"sound": "civ_move_2", "volume": 0.2}
[2026-09-25 18:05:24.418] [SFX] {"sound": "civ_move_2", "volume": 0.13}
[2026-09-25 18:05:24.503] [SFX] {"sound": "civ_move_1", "volume": 0.1}
[2026-09-25 18:05:24.618] [SFX] {"sound": "civ_move_2", "volume": 0.19}
[2026-09-25 18:05:24.798] [SFX] {"sound": "guardian_move", "volume": 0.23}
[2026-09-25 18:05:24.832] [SFX] {"sound": "civ_move_2", "volume": 0.15}
[2026-09-25 18:05:24.914] [SFX] {"sound": "civ_move_1", "volume": 0.09}
[2026-09-25 18:05:25.028] [SFX] {"sound": "civ_move_2", "volume": 0.17}
[2026-09-25 18:05:25.245] [SFX] {"sound": "civ_move_2", "volume": 0.16}
[2026-09-25 18:05:25.328] [SFX] {"sound": "civ_move_1", "volume": 0.08}
[2026-09-25 18:05:25.376] [M] {"button": 1, "pos": [256, 183], "ui_clicked": false}
[2026-09-25 18:05:25.384] [P] {"start": [55, 10], "goal": [51, 10], "length": 1, "is_direction_change": false}
[2026-09-25 18:05:25.384] [SFX] {"sound": "click_target", "volume": 0.72}
[2026-09-25 18:05:25.441] [SFX] {"sound": "guardian_move", "volume": 0.21}
[2026-09-25 18:05:25.442] [SFX] {"sound": "civ_move_2", "volume": 0.15}
[2026-09-25 18:05:25.524] [SFX] {"sound": "player_move", "volume": 0.4}
[2026-09-25 18:05:25.657] [SFX] {"sound": "civ_move_2", "volume": 0.14}
[2026-09-25 18:05:25.741] [SFX] {"sound": "civ_move_1", "volume": 0.06}
[2026-09-25 18:05:25.856] [SFX] {"sound": "civ_move_2", "volume": 0.12}
[2026-09-25 18:05:25.987] [M] {"button": 1, "pos": [256, 183], "ui_clicked": false}
[2026-09-25 18:05:25.996] [P] {"start": [51, 10], "goal": [47, 10], "length": 1, "is_direction_change": false}
[2026-09-25 18:05:25.997] [SFX] {"sound": "click_target", "volume": 0.73}
[2026-09-25 18:05:26.057] [SFX] {"sound": "guardian_move", "volume": 0.16}
[2026-09-25 18:05:26.058] [SFX] {"sound": "civ_move_2", "volume": 0.14}
[2026-09-25 18:05:26.156] [SFX] {"sound": "civ_move_1", "volume": 0.04}
[2026-09-25 18:05:26.272] [SFX] {"sound": "civ_move_2", "volume": 0.08}
[2026-09-25 18:05:26.472] [SFX] {"sound": "civ_move_2", "volume": 0.13}
[2026-09-25 18:05:26.570] [SFX] {"sound": "civ_move_1", "volume": 0.03}
[2026-09-25 18:05:26.670] [SFX] {"sound": "guardian_move", "volume": 0.14}
[2026-09-25 18:05:26.692] [SFX] {"sound": "civ_move_2", "volume": 0.06}
[2026-09-25 18:05:26.884] [SFX] {"sound": "civ_move_2", "volume": 0.15}
[2026-09-25 18:05:26.949] [M] {"button": 1, "pos": [256, 183], "ui_clicked": false}
[2026-09-25 18:05:26.957] [P] {"start": [47, 10], "goal": [43, 10], "length": 1, "is_direction_change": false}
[2026-09-25 18:05:26.957] [SFX] {"sound": "click_target", "volume": 0.72}
[2026-09-25 18:05:27.000] [SFX] {"sound": "civ_move_1", "volume": 0.02}
[2026-09-25 18:05:27.023] [SFX] {"sound": "player_move", "volume": 0.4}
[2026-09-25 18:05:27.101] [SFX] {"sound": "civ_move_2", "volume": 0.03}
[2026-09-25 18:05:27.284] [SFX] {"sound": "guardian_move", "volume": 0.09}
[2026-09-25 18:05:27.285] [SFX] {"sound": "civ_move_2", "volume": 0.13}
[2026-09-25 18:05:27.415] [SFX] {"sound": "civ_move_1", "volume": 0.0}
[2026-09-25 18:05:27.500] [SFX] {"sound": "civ_move_2", "volume": 0.01}
[2026-09-25 18:05:27.686] [SFX] {"sound": "civ_move_2", "volume": 0.14}
[2026-09-25 18:05:27.885] [SFX] {"sound": "guardian_move", "volume": 0.09}
[2026-09-25 18:05:28.003] [M] {"button": 1, "pos": [212, 183], "ui_clicked": false}
[2026-09-25 18:05:28.012] [P] {"start": [43, 10], "goal": [36, 10], "length": 1, "is_direction_change": false}
[2026-09-25 18:05:28.013] [SFX] {"sound": "click_target", "volume": 0.67}
[2026-09-25 18:05:28.092] [SFX] {"sound": "civ_move_2", "volume": 0.1}
[2026-09-25 18:05:28.189] [SFX] {"sound": "player_move", "volume": 0.4}
[2026-09-25 18:05:28.490] [SFX] {"sound": "guardian_move", "volume": 0.03}
[2026-09-25 18:05:28.512] [SFX] {"sound": "civ_move_2", "volume": 0.07}
[2026-09-25 18:05:28.774] [M] {"button": 1, "pos": [196, 183], "ui_clicked": false}
[2026-09-25 18:05:28.909] [SFX] {"sound": "civ_move_2", "volume": 0.06}
[2026-09-25 18:05:29.104] [SFX] {"sound": "guardian_move", "volume": 0.04}
[2026-09-25 18:05:29.320] [SFX] {"sound": "civ_move_2", "volume": 0.05}
[2026-09-25 18:05:29.453] [M] {"button": 1, "pos": [274, 223], "ui_clicked": false}
[2026-09-25 18:05:29.704] [SFX] {"sound": "guardian_move", "volume": 0.05}
[2026-09-25 18:05:29.726] [SFX] {"sound": "civ_move_2", "volume": 0.04}
[2026-09-25 18:05:29.937] [M] {"button": 1, "pos": [267, 225], "ui_clicked": false}
[2026-09-25 18:05:29.945] [P] {"start": [36, 10], "goal": [32, 12], "length": 2, "is_direction_change": false}
[2026-09-25 18:05:29.946] [SFX] {"sound": "click_target", "volume": 0.72}
[2026-09-25 18:05:30.089] [SFX] {"sound": "player_move", "volume": 0.4}
[2026-09-25 18:05:30.122] [SFX] {"sound": "civ_move_2", "volume": 0.01}
[2026-09-25 18:05:30.306] [SFX] {"sound": "guardian_move", "volume": 0.02}
[2026-09-25 18:05:30.522] [SFX] {"sound": "civ_move_2", "volume": 0.01}
[2026-09-25 18:05:30.819] [M] {"button": 1, "pos": [299, 234], "ui_clicked": false}
[2026-09-25 18:05:30.825] [P] {"start": [32, 12], "goal": [30, 15], "length": 2, "is_direction_change": false}
[2026-09-25 18:05:30.826] [SFX] {"sound": "click_target", "volume": 0.73}
[2026-09-25 18:05:30.921] [SFX] {"sound": "guardian_move", "volume": 0.03}
[2026-09-25 18:05:30.971] [SFX] {"sound": "player_move", "volume": 0.4}
[2026-09-25 18:05:31.534] [SFX] {"sound": "guardian_move", "volume": 0.05}
[2026-09-25 18:05:32.137] [SFX] {"sound": "guardian_move", "volume": 0.06}
[2026-09-25 18:05:32.745] [SFX] {"sound": "guardian_move", "volume": 0.07}
[2026-09-25 18:05:32.978] [SFX] {"sound": "civ_move_2", "volume": 0.0}
[2026-09-25 18:05:33.360] [SFX] {"sound": "guardian_move", "volume": 0.1}
[2026-09-25 18:05:33.393] [SFX] {"sound": "civ_move_2", "volume": 0.01}
[2026-09-25 18:05:33.409] [M] {"button": 1, "pos": [320, 247], "ui_clicked": false}
[2026-09-25 18:05:33.416] [P] {"start": [30, 15], "goal": [30, 19], "length": 1, "is_direction_change": false}
[2026-09-25 18:05:33.417] [SFX] {"sound": "click_target", "volume": 0.72}
[2026-09-25 18:05:33.809] [SFX] {"sound": "civ_move_2", "volume": 0.01}
[2026-09-25 18:05:33.991] [SFX] {"sound": "guardian_move", "volume": 0.11}
[2026-09-25 18:05:34.223] [SFX] {"sound": "civ_move_2", "volume": 0.01}
[2026-09-25 18:05:34.604] [SFX] {"sound": "guardian_move", "volume": 0.13}
[2026-09-25 18:05:34.638] [SFX] {"sound": "civ_move_2", "volume": 0.02}
[2026-09-25 18:05:34.738] [M] {"button": 1, "pos": [325, 147], "ui_clicked": false}
[2026-09-25 18:05:34.746] [P] {"start": [30, 19], "goal": [30, 17], "length": 1, "is_direction_change": false}
[2026-09-25 18:05:34.746] [SFX] {"sound": "click_target", "volume": 0.95}
[2026-09-25 18:05:34.782] [SFX] {"sound": "player_move", "volume": 0.4}
[2026-09-25 18:05:35.039] [SFX] {"sound": "civ_move_2", "volume": 0.03}
[2026-09-25 18:05:35.218] [SFX] {"sound": "guardian_move", "volume": 0.16}
[2026-09-25 18:05:35.449] [SFX] {"sound": "civ_move_2", "volume": 0.03}
[2026-09-25 18:05:35.796] [M] {"button": 1, "pos": [338, 160], "ui_clicked": false}
[2026-09-25 18:05:35.831] [SFX] {"sound": "guardian_move", "volume": 0.19}
[2026-09-25 18:05:35.854] [SFX] {"sound": "civ_move_2", "volume": 0.04}
[2026-09-25 18:05:36.445] [SFX] {"sound": "guardian_move", "volume": 0.21}
[2026-09-25 18:05:36.676] [SFX] {"sound": "civ_move_2", "volume": 0.05}
[2026-09-25 18:05:36.725] [M] {"button": 1, "pos": [305, 150], "ui_clicked": false}
[2026-09-25 18:05:37.058] [SFX] {"sound": "guardian_move", "volume": 0.23}
[2026-09-25 18:05:37.091] [SFX] {"sound": "civ_move_2", "volume": 0.04}
[2026-09-25 18:05:37.174] [M] {"button": 1, "pos": [295, 144], "ui_clicked": false}
[2026-09-25 18:05:37.181] [P] {"start": [30, 17], "goal": [28, 14], "length": 3, "is_direction_change": false}
[2026-09-25 18:05:37.182] [SFX] {"sound": "click_target", "volume": 0.93}
[2026-09-25 18:05:37.203] [JACK] Vorsichtig vorantasten...
[2026-09-25 18:05:37.415] [SFX] {"sound": "player_move", "volume": 0.4}
[2026-09-25 18:05:37.501] [SFX] {"sound": "civ_move_2", "volume": 0.02}
[2026-09-25 18:05:37.671] [SFX] {"sound": "guardian_move", "volume": 0.25}
[2026-09-25 18:05:37.903] [M] {"button": 1, "pos": [280, 191], "ui_clicked": false}
[2026-09-25 18:05:37.911] [SFX] {"sound": "civ_move_2", "volume": 0.02}
[2026-09-25 18:05:38.287] [SFX] {"sound": "guardian_move", "volume": 0.26}
[2026-09-25 18:05:38.311] [SFX] {"sound": "civ_move_2", "volume": 0.02}
[2026-09-25 18:05:38.336] [M] {"button": 1, "pos": [253, 213], "ui_clicked": false}
[2026-09-25 18:05:38.344] [P] {"start": [28, 14], "goal": [23, 16], "length": 4, "is_direction_change": false}
[2026-09-25 18:05:38.345] [SFX] {"sound": "click_target", "volume": 0.71}
[2026-09-25 18:05:38.405] [SFX] {"sound": "civ_move_1", "volume": 0.01}
[2026-09-25 18:05:38.622] [SFX] {"sound": "player_move", "volume": 0.4}
[2026-09-25 18:05:38.706] [SFX] {"sound": "civ_move_2", "volume": 0.0}
[2026-09-25 18:05:38.887] [SFX] {"sound": "guardian_move", "volume": 0.18}
[2026-09-25 18:05:39.416] [M] {"button": 1, "pos": [258, 162], "ui_clicked": false}
[2026-09-25 18:05:39.423] [P] {"start": [23, 16], "goal": [19, 14], "length": 3, "is_direction_change": false}
[2026-09-25 18:05:39.424] [SFX] {"sound": "click_target", "volume": 0.91}
[2026-09-25 18:05:39.474] [SFX] {"sound": "player_move", "volume": 0.4}
[2026-09-25 18:05:39.499] [SFX] {"sound": "guardian_move", "volume": 0.15}
[2026-09-25 18:05:39.735] [SFX] {"sound": "player_move", "volume": 0.4}
[2026-09-25 18:05:40.116] [SFX] {"sound": "guardian_move", "volume": 0.1}
[2026-09-25 18:05:40.475] [SFX] {"sound": "civ_move_1", "volume": 0.01}
[2026-09-25 18:05:40.526] [M] {"button": 1, "pos": [282, 200], "ui_clicked": false}
[2026-09-25 18:05:40.724] [SFX] {"sound": "guardian_move", "volume": 0.07}
[2026-09-25 18:05:40.806] [M] {"button": 1, "pos": [307, 221], "ui_clicked": false}
[2026-09-25 18:05:40.812] [P] {"start": [19, 14], "goal": [18, 16], "length": 2, "is_direction_change": false}
[2026-09-25 18:05:40.813] [SFX] {"sound": "click_target", "volume": 0.75}
[2026-09-25 18:05:40.889] [SFX] {"sound": "civ_move_1", "volume": 0.01}
[2026-09-25 18:05:41.302] [SFX] {"sound": "civ_move_1", "volume": 0.02}
[2026-09-25 18:05:41.334] [SFX] {"sound": "guardian_move", "volume": 0.04}
[2026-09-25 18:05:41.716] [SFX] {"sound": "civ_move_1", "volume": 0.03}
[2026-09-25 18:05:41.948] [SFX] {"sound": "guardian_move", "volume": 0.01}
[2026-09-25 18:05:42.129] [SFX] {"sound": "civ_move_1", "volume": 0.04}
[2026-09-25 18:05:42.542] [SFX] {"sound": "civ_move_1", "volume": 0.06}
[2026-09-25 18:05:42.576] [M] {"button": 1, "pos": [496, 127], "ui_clicked": false}
[2026-09-25 18:05:42.583] [P] {"start": [18, 16], "goal": [28, 12], "length": 6, "is_direction_change": false}
[2026-09-25 18:05:42.583] [SFX] {"sound": "click_target", "volume": 0.72}
[2026-09-25 18:05:42.740] [SFX] {"sound": "player_move", "volume": 0.4}
[2026-09-25 18:05:42.953] [SFX] {"sound": "civ_move_1", "volume": 0.1}
[2026-09-25 18:05:43.051] [SFX] {"sound": "player_move", "volume": 0.4}
[2026-09-25 18:05:43.166] [SFX] {"sound": "guardian_move", "volume": 0.04}
[2026-09-25 18:05:43.364] [SFX] {"sound": "player_move", "volume": 0.4}
[2026-09-25 18:05:43.365] [SFX] {"sound": "civ_move_1", "volume": 0.14}
[2026-09-25 18:05:43.778] [SFX] {"sound": "guardian_move", "volume": 0.04}
[2026-09-25 18:05:43.779] [SFX] {"sound": "civ_move_1", "volume": 0.17}
[2026-09-25 18:05:44.190] [SFX] {"sound": "civ_move_1", "volume": 0.18}
[2026-09-25 18:05:44.388] [SFX] {"sound": "guardian_move", "volume": 0.02}
[2026-09-25 18:05:44.521] [M] {"button": 1, "pos": [525, 157], "ui_clicked": false}
[2026-09-25 18:05:44.528] [SFX] {"sound": "click_target", "volume": 0.69}
[2026-09-25 18:05:44.605] [SFX] {"sound": "civ_move_1", "volume": 0.2}
[2026-09-25 18:05:44.671] [SFX] {"sound": "player_move", "volume": 0.4}
[2026-09-25 18:05:44.840] [SCANNER_INTERCEPT] {"tile": [30, 16]}
[2026-09-25 18:05:44.882] [JACK] Verdammt! Ein Scanner-Node hat unser Pathfinding abgefangen!
[2026-09-25 18:05:44.993] [SFX] {"sound": "player_move", "volume": 0.4}
[2026-09-25 18:05:44.993] [SFX] {"sound": "guardian_move", "volume": 0.02}
[2026-09-25 18:05:45.015] [SFX] {"sound": "civ_move_1", "volume": 0.22}
[2026-09-25 18:05:45.303] [SFX] {"sound": "player_move", "volume": 0.4}
[2026-09-25 18:05:45.419] [SFX] {"sound": "civ_move_1", "volume": 0.28}
[2026-09-25 18:05:45.484] [C] {"civ_pos": [38, 10]}
[2026-09-25 18:05:45.604] [SFX] {"sound": "player_move", "volume": 0.4}
[2026-09-25 18:05:45.605] [SFX] {"sound": "guardian_move", "volume": 0.06}
[2026-09-25 18:05:45.820] [SFX] {"sound": "civ_move_1", "volume": 0.3}
[2026-09-25 18:05:45.821] [SFX] {"sound": "threat_pulse", "volume": 0.3}
[2026-09-25 18:05:45.904] [SFX] {"sound": "player_move", "volume": 0.4}
[2026-09-25 18:05:46.204] [SFX] {"sound": "guardian_move", "volume": 0.03}
[2026-09-25 18:05:46.228] [SFX] {"sound": "player_move", "volume": 0.4}
[2026-09-25 18:05:46.228] [SFX] {"sound": "civ_move_1", "volume": 0.29}
[2026-09-25 18:05:46.523] [SFX] {"sound": "player_move", "volume": 0.4}
[2026-09-25 18:05:46.636] [SFX] {"sound": "civ_move_1", "volume": 0.29}
[2026-09-25 18:05:46.717] [M] {"button": 1, "pos": [390, 206], "ui_clicked": true}
[2026-09-25 18:05:46.741] [SFX] {"sound": "threat_pulse", "volume": 0.32}
[2026-09-25 18:05:46.826] [SFX] {"sound": "player_move", "volume": 0.4}
[2026-09-25 18:05:47.056] [SFX] {"sound": "civ_move_1", "volume": 0.29}
[2026-09-25 18:05:47.406] [SFX] {"sound": "player_move", "volume": 0.4}
[2026-09-25 18:05:47.471] [M] {"button": 1, "pos": [384, 210], "ui_clicked": true}
[2026-09-25 18:05:47.506] [SFX] {"sound": "civ_move_1", "volume": 0.29}
[2026-09-25 18:05:47.645] [SFX] {"sound": "threat_pulse", "volume": 0.33}
[2026-09-25 18:05:47.709] [SFX] {"sound": "player_move", "volume": 0.4}
[2026-09-25 18:05:47.806] [SFX] {"sound": "infiltrate 1", "volume": 0.5}
[2026-09-25 18:05:47.873] [SFX] {"sound": "civ_move_1", "volume": 0.29}
[2026-09-25 18:05:47.989] [C] {"civ_pos": [35, 10]}
[2026-09-25 18:05:48.040] [SFX] {"sound": "player_move", "volume": 0.4}
[2026-09-25 18:05:48.207] [SFX] {"sound": "infiltrate 1", "volume": 0.5}
[2026-09-25 18:05:48.273] [SFX] {"sound": "civ_move_1", "volume": 0.29}
[2026-09-25 18:05:48.341] [SFX] {"sound": "player_move", "volume": 0.4}
[2026-09-25 18:05:48.557] [SFX] {"sound": "threat_pulse", "volume": 0.34}
[2026-09-25 18:05:48.623] [SFX] {"sound": "infiltrate 1", "volume": 0.5}
[2026-09-25 18:05:48.655] [SFX] {"sound": "player_move", "volume": 0.4}
[2026-09-25 18:05:48.689] [SFX] {"sound": "civ_move_1", "volume": 0.29}
[2026-09-25 18:05:48.969] [SFX] {"sound": "player_move", "volume": 0.4}
[2026-09-25 18:05:49.036] [SFX] {"sound": "infiltrate 2", "volume": 0.5}
[2026-09-25 18:05:49.101] [SFX] {"sound": "civ_move_1", "volume": 0.29}
[2026-09-25 18:05:49.269] [SFX] {"sound": "player_move", "volume": 0.4}
[2026-09-25 18:05:49.439] [SFX] {"sound": "infiltrate 1", "volume": 0.5}
[2026-09-25 18:05:49.471] [SFX] {"sound": "threat_pulse", "volume": 0.35}
[2026-09-25 18:05:49.505] [SFX] {"sound": "civ_move_1", "volume": 0.29}
[2026-09-25 18:05:49.571] [SFX] {"sound": "player_move", "volume": 0.4}
[2026-09-25 18:05:49.852] [SFX] {"sound": "infiltrate 1", "volume": 0.5}
[2026-09-25 18:05:49.885] [SFX] {"sound": "player_move", "volume": 0.4}
[2026-09-25 18:05:49.917] [SFX] {"sound": "civ_move_1", "volume": 0.29}
[2026-09-25 18:05:50.201] [SFX] {"sound": "player_move", "volume": 0.4}
[2026-09-25 18:05:50.267] [SFX] {"sound": "infiltrate 1", "volume": 0.5}
[2026-09-25 18:05:50.332] [SFX] {"sound": "civ_move_1", "volume": 0.29}
[2026-09-25 18:05:50.382] [SFX] {"sound": "threat_pulse", "volume": 0.36}
[2026-09-25 18:05:50.481] [SFX] {"sound": "hack_success", "volume": 1.0}
[2026-09-25 18:05:50.503] [C] {"civ_pos": [45, 10]}
[2026-09-25 18:05:50.734] [SFX] {"sound": "civ_move_1", "volume": 0.28}
[2026-09-25 18:05:51.149] [SFX] {"sound": "civ_move_1", "volume": 0.27}
[2026-09-25 18:05:51.282] [SFX] {"sound": "threat_pulse", "volume": 0.32}
[2026-09-25 18:05:51.562] [SFX] {"sound": "civ_move_1", "volume": 0.26}
[2026-09-25 18:05:51.972] [SFX] {"sound": "civ_move_1", "volume": 0.25}
[2026-09-25 18:05:52.382] [SFX] {"sound": "civ_move_1", "volume": 0.24}
[2026-09-25 18:05:52.594] [M] {"button": 1, "pos": [489, 190], "ui_clicked": false}
[2026-09-25 18:05:52.603] [P] {"start": [44, 10], "goal": [55, 10], "length": 1, "is_direction_change": false}
[2026-09-25 18:05:52.603] [SFX] {"sound": "click_target", "volume": 0.6}
[2026-09-25 18:05:52.637] [JACK] Kurzer Blick um die Ecke...
[2026-09-25 18:05:52.638] [SFX] {"sound": "player_move", "volume": 0.4}
[2026-09-25 18:05:52.797] [SFX] {"sound": "civ_move_1", "volume": 0.25}
[2026-09-25 18:05:52.929] [SFX] {"sound": "player_move", "volume": 0.4}
[2026-09-25 18:05:53.076] [C] {"civ_pos": [56, 10]}
[2026-09-25 18:05:53.162] [M] {"button": 1, "pos": [489, 190], "ui_clicked": false}
[2026-09-25 18:05:53.169] [P] {"start": [55, 10], "goal": [62, 10], "length": 1, "is_direction_change": false}
[2026-09-25 18:05:53.170] [SFX] {"sound": "click_target", "volume": 0.64}
[2026-09-25 18:05:53.201] [SFX] {"sound": "civ_move_1", "volume": 0.29}
[2026-09-25 18:05:53.299] [SFX] {"sound": "player_move", "volume": 0.4}
[2026-09-25 18:05:53.348] [SFX] {"sound": "civ_move_2", "volume": 0.06}
[2026-09-25 18:05:53.613] [SFX] {"sound": "civ_move_1", "volume": 0.27}
[2026-09-25 18:05:53.762] [SFX] {"sound": "civ_move_2", "volume": 0.1}
[2026-09-25 18:05:54.027] [SFX] {"sound": "civ_move_1", "volume": 0.28}
[2026-09-25 18:05:54.177] [SFX] {"sound": "civ_move_2", "volume": 0.11}
[2026-09-25 18:05:54.443] [SFX] {"sound": "civ_move_1", "volume": 0.3}
[2026-09-25 18:05:54.608] [SFX] {"sound": "civ_move_2", "volume": 0.12}
[2026-09-25 18:05:54.852] [SFX] {"sound": "civ_move_1", "volume": 0.29}
[2026-09-25 18:05:55.019] [SFX] {"sound": "civ_move_2", "volume": 0.13}
[2026-09-25 18:05:55.071] [M] {"button": 1, "pos": [289, 219], "ui_clicked": false}
[2026-09-25 18:05:55.255] [SFX] {"sound": "civ_move_1", "volume": 0.28}
[2026-09-25 18:05:55.423] [SFX] {"sound": "civ_move_2", "volume": 0.15}
[2026-09-25 18:05:55.656] [SFX] {"sound": "civ_move_1", "volume": 0.27}
[2026-09-25 18:05:55.722] [M] {"button": 1, "pos": [279, 217], "ui_clicked": false}
[2026-09-25 18:05:55.835] [SFX] {"sound": "civ_move_2", "volume": 0.16}
[2026-09-25 18:05:56.064] [SFX] {"sound": "civ_move_1", "volume": 0.25}
[2026-09-25 18:05:56.097] [M] {"button": 1, "pos": [282, 185], "ui_clicked": false}
[2026-09-25 18:05:56.105] [P] {"start": [62, 10], "goal": [59, 10], "length": 1, "is_direction_change": false}
[2026-09-25 18:05:56.105] [SFX] {"sound": "click_target", "volume": 0.75}
[2026-09-25 18:05:56.214] [SFX] {"sound": "player_move", "volume": 0.4}
[2026-09-25 18:05:56.247] [SFX] {"sound": "civ_move_2", "volume": 0.15}
[2026-09-25 18:05:56.478] [SFX] {"sound": "civ_move_1", "volume": 0.22}
[2026-09-25 18:05:56.644] [M] {"button": 1, "pos": [321, 228], "ui_clicked": false}
[2026-09-25 18:05:56.662] [SFX] {"sound": "civ_move_2", "volume": 0.16}
[2026-09-25 18:05:56.893] [SFX] {"sound": "civ_move_1", "volume": 0.21}
[2026-09-25 18:05:57.074] [M] {"button": 1, "pos": [336, 219], "ui_clicked": false}
[2026-09-25 18:05:57.081] [SFX] {"sound": "civ_move_2", "volume": 0.17}
[2026-09-25 18:05:57.304] [SFX] {"sound": "civ_move_1", "volume": 0.19}
[2026-09-25 18:05:57.488] [SFX] {"sound": "civ_move_2", "volume": 0.19}
[2026-09-25 18:05:57.718] [SFX] {"sound": "civ_move_1", "volume": 0.18}
[2026-09-25 18:05:57.902] [SFX] {"sound": "civ_move_2", "volume": 0.2}
[2026-09-25 18:05:58.131] [SFX] {"sound": "civ_move_1", "volume": 0.17}
[2026-09-25 18:05:58.229] [M] {"button": 1, "pos": [406, 61], "ui_clicked": false}
[2026-09-25 18:05:58.237] [P] {"start": [59, 10], "goal": [64, 2], "length": 4, "is_direction_change": false}
[2026-09-25 18:05:58.237] [SFX] {"sound": "click_target", "volume": 0.78}
[2026-09-25 18:05:58.280] [SFX] {"sound": "civ_move_2", "volume": 0.0}
[2026-09-25 18:05:58.307] [SFX] {"sound": "civ_move_2", "volume": 0.22}
[2026-09-25 18:05:58.521] [SFX] {"sound": "player_move", "volume": 0.4}
[2026-09-25 18:05:58.543] [SFX] {"sound": "civ_move_1", "volume": 0.15}
[2026-09-25 18:05:58.651] [SFX] {"sound": "civ_move_2", "volume": 0.04}
[2026-09-25 18:05:58.718] [SFX] {"sound": "civ_move_2", "volume": 0.2}
[2026-09-25 18:05:58.836] [SFX] {"sound": "player_move", "volume": 0.4}
[2026-09-25 18:05:58.937] [SFX] {"sound": "civ_move_1", "volume": 0.13}
[2026-09-25 18:05:59.054] [SFX] {"sound": "civ_move_2", "volume": 0.04}
[2026-09-25 18:05:59.121] [SFX] {"sound": "civ_move_2", "volume": 0.19}
[2026-09-25 18:05:59.350] [SFX] {"sound": "civ_move_1", "volume": 0.13}
[2026-09-25 18:05:59.466] [SFX] {"sound": "civ_move_2", "volume": 0.05}
[2026-09-25 18:05:59.533] [SFX] {"sound": "civ_move_2", "volume": 0.19}
[2026-09-25 18:05:59.763] [SFX] {"sound": "civ_move_1", "volume": 0.12}
[2026-09-25 18:05:59.880] [SFX] {"sound": "civ_move_2", "volume": 0.06}
[2026-09-25 18:05:59.947] [SFX] {"sound": "civ_move_2", "volume": 0.19}
[2026-09-25 18:06:00.164] [SFX] {"sound": "civ_move_1", "volume": 0.11}
[2026-09-25 18:06:00.262] [M] {"button": 1, "pos": [421, 309], "ui_clicked": false}
[2026-09-25 18:06:00.295] [SFX] {"sound": "civ_move_2", "volume": 0.07}
[2026-09-25 18:06:00.347] [SFX] {"sound": "civ_move_2", "volume": 0.19}
[2026-09-25 18:06:00.577] [SFX] {"sound": "civ_move_1", "volume": 0.1}
[2026-09-25 18:06:00.709] [SFX] {"sound": "civ_move_2", "volume": 0.08}
[2026-09-25 18:06:00.742] [M] {"button": 1, "pos": [401, 318], "ui_clicked": false}
[2026-09-25 18:06:00.750] [P] {"start": [64, 2], "goal": [68, 10], "length": 4, "is_direction_change": false}
[2026-09-25 18:06:00.751] [SFX] {"sound": "click_target", "volume": 0.61}
[2026-09-25 18:06:00.772] [JACK] Vorsichtig vorantasten...
[2026-09-25 18:06:00.773] [SFX] {"sound": "civ_move_2", "volume": 0.19}
[2026-09-25 18:06:00.981] [SFX] {"sound": "player_move", "volume": 0.4}
[2026-09-25 18:06:00.981] [SFX] {"sound": "civ_move_1", "volume": 0.1}
[2026-09-25 18:06:01.111] [SFX] {"sound": "civ_move_2", "volume": 0.09}
[2026-09-25 18:06:01.176] [SFX] {"sound": "civ_move_2", "volume": 0.22}
[2026-09-25 18:06:01.294] [SFX] {"sound": "player_move", "volume": 0.4}
[2026-09-25 18:06:01.393] [SFX] {"sound": "civ_move_1", "volume": 0.11}
[2026-09-25 18:06:01.524] [SFX] {"sound": "civ_move_2", "volume": 0.16}
[2026-09-25 18:06:01.592] [SFX] {"sound": "civ_move_2", "volume": 0.22}
[2026-09-25 18:06:01.792] [SFX] {"sound": "civ_move_1", "volume": 0.13}
[2026-09-25 18:06:01.926] [SFX] {"sound": "civ_move_2", "volume": 0.18}
[2026-09-25 18:06:02.006] [SFX] {"sound": "civ_move_2", "volume": 0.21}
[2026-09-25 18:06:02.207] [SFX] {"sound": "civ_move_1", "volume": 0.11}
[2026-09-25 18:06:02.340] [SFX] {"sound": "civ_move_2", "volume": 0.19}
[2026-09-25 18:06:02.421] [SFX] {"sound": "civ_move_2", "volume": 0.2}
[2026-09-25 18:06:02.622] [SFX] {"sound": "civ_move_1", "volume": 0.1}
[2026-09-25 18:06:02.754] [SFX] {"sound": "civ_move_2", "volume": 0.2}
[2026-09-25 18:06:02.820] [SFX] {"sound": "civ_move_2", "volume": 0.19}
[2026-09-25 18:06:03.022] [SFX] {"sound": "civ_move_1", "volume": 0.09}
[2026-09-25 18:06:03.156] [SFX] {"sound": "civ_move_2", "volume": 0.21}
[2026-09-25 18:06:03.237] [SFX] {"sound": "civ_move_2", "volume": 0.17}
[2026-09-25 18:06:03.417] [M] {"button": 1, "pos": [331, 225], "ui_clicked": false}
[2026-09-25 18:06:03.425] [P] {"start": [68, 10], "goal": [68, 12], "length": 3, "is_direction_change": false}
[2026-09-25 18:06:03.426] [SFX] {"sound": "click_target", "volume": 0.74}
[2026-09-25 18:06:03.459] [SFX] {"sound": "player_move", "volume": 0.4}
[2026-09-25 18:06:03.460] [SFX] {"sound": "civ_move_1", "volume": 0.07}
[2026-09-25 18:06:03.570] [SFX] {"sound": "civ_move_2", "volume": 0.2}
[2026-09-25 18:06:03.637] [SFX] {"sound": "civ_move_2", "volume": 0.19}
[2026-09-25 18:06:03.738] [SFX] {"sound": "player_move", "volume": 0.4}
[2026-09-25 18:06:03.838] [SFX] {"sound": "civ_move_1", "volume": 0.05}
[2026-09-25 18:06:03.987] [SFX] {"sound": "civ_move_2", "volume": 0.24}
[2026-09-25 18:06:04.051] [SFX] {"sound": "civ_move_2", "volume": 0.15}
[2026-09-25 18:06:04.250] [SFX] {"sound": "civ_move_1", "volume": 0.05}
[2026-09-25 18:06:04.394] [SFX] {"sound": "civ_move_2", "volume": 0.25}
[2026-09-25 18:06:04.428] [SFX] {"sound": "threat_pulse", "volume": 0.31}
[2026-09-25 18:06:04.460] [SFX] {"sound": "civ_move_2", "volume": 0.14}
[2026-09-25 18:06:04.574] [M] {"button": 1, "pos": [326, 180], "ui_clicked": false}
[2026-09-25 18:06:04.657] [SFX] {"sound": "civ_move_1", "volume": 0.04}
[2026-09-25 18:06:04.706] [SFX] {"sound": "guardian_move", "volume": 0.0}
[2026-09-25 18:06:04.806] [SFX] {"sound": "civ_move_2", "volume": 0.26}
[2026-09-25 18:06:04.829] [SFX] {"sound": "civ_move_1", "volume": 0.01}
[2026-09-25 18:06:04.872] [SFX] {"sound": "civ_move_2", "volume": 0.12}
[2026-09-25 18:06:05.073] [SFX] {"sound": "civ_move_1", "volume": 0.03}
[2026-09-25 18:06:05.206] [SFX] {"sound": "civ_move_2", "volume": 0.27}
[2026-09-25 18:06:05.287] [SFX] {"sound": "civ_move_2", "volume": 0.11}
[2026-09-25 18:06:05.321] [SFX] {"sound": "guardian_move", "volume": 0.02}
[2026-09-25 18:06:05.344] [SFX] {"sound": "threat_pulse", "volume": 0.33}
[2026-09-25 18:06:05.486] [SFX] {"sound": "civ_move_1", "volume": 0.02}
[2026-09-25 18:06:05.617] [SFX] {"sound": "civ_move_2", "volume": 0.28}
[2026-09-25 18:06:05.702] [SFX] {"sound": "civ_move_2", "volume": 0.1}
[2026-09-25 18:06:05.800] [C] {"civ_pos": [68, 10]}
[2026-09-25 18:06:05.887] [SFX] {"sound": "civ_move_1", "volume": 0.0}
[2026-09-25 18:06:05.922] [SFX] {"sound": "guardian_move", "volume": 0.04}
[2026-09-25 18:06:06.021] [SFX] {"sound": "civ_move_2", "volume": 0.28}
[2026-09-25 18:06:06.087] [M] {"button": 1, "pos": [384, 257], "ui_clicked": false}
[2026-09-25 18:06:06.094] [P] {"start": [68, 12], "goal": [71, 16], "length": 3, "is_direction_change": false}
[2026-09-25 18:06:06.095] [SFX] {"sound": "click_target", "volume": 0.68}
[2026-09-25 18:06:06.130] [JACK] IoT-Überwachung überall... Kameras, Mikrofone und Scanner wollen uns ertappen!
[2026-09-25 18:06:06.131] [SFX] {"sound": "civ_move_2", "volume": 0.08}
[2026-09-25 18:06:06.208] [SFX] {"sound": "player_move", "volume": 0.4}
[2026-09-25 18:06:06.240] [SFX] {"sound": "threat_pulse", "volume": 0.35}
[2026-09-25 18:06:06.292] [SFX] {"sound": "civ_move_1", "volume": 0.01}
[2026-09-25 18:06:06.424] [SFX] {"sound": "civ_move_2", "volume": 0.25}
[2026-09-25 18:06:06.506] [SFX] {"sound": "civ_move_2", "volume": 0.05}
[2026-09-25 18:06:06.528] [SFX] {"sound": "guardian_move", "volume": 0.09}
[2026-09-25 18:06:06.836] [SFX] {"sound": "civ_move_2", "volume": 0.24}
[2026-09-25 18:06:06.920] [SFX] {"sound": "civ_move_2", "volume": 0.04}
[2026-09-25 18:06:07.134] [SFX] {"sound": "guardian_move", "volume": 0.11}
[2026-09-25 18:06:07.156] [SFX] {"sound": "threat_pulse", "volume": 0.3}
[2026-09-25 18:06:07.249] [SFX] {"sound": "civ_move_2", "volume": 0.23}
[2026-09-25 18:06:07.334] [SFX] {"sound": "civ_move_2", "volume": 0.02}
[2026-09-25 18:06:07.497] [M] {"button": 1, "pos": [313, 261], "ui_clicked": false}
[2026-09-25 18:06:07.503] [P] {"start": [71, 16], "goal": [70, 20], "length": 4, "is_direction_change": false}
[2026-09-25 18:06:07.504] [SFX] {"sound": "click_target", "volume": 0.7}
[2026-09-25 18:06:07.557] [SFX] {"sound": "player_move", "volume": 0.4}
[2026-09-25 18:06:07.656] [SFX] {"sound": "civ_move_2", "volume": 0.2}
[2026-09-25 18:06:07.740] [SFX] {"sound": "guardian_move", "volume": 0.14}
[2026-09-25 18:06:07.741] [SFX] {"sound": "civ_move_2", "volume": 0.01}
[2026-09-25 18:06:07.874] [SFX] {"sound": "player_move", "volume": 0.4}
[2026-09-25 18:06:08.057] [SFX] {"sound": "civ_move_2", "volume": 0.19}
[2026-09-25 18:06:08.156] [SFX] {"sound": "civ_move_2", "volume": 0.0}
[2026-09-25 18:06:08.206] [SFX] {"sound": "civ_move_2", "volume": 0.02}
[2026-09-25 18:06:08.340] [SFX] {"sound": "guardian_move", "volume": 0.18}
[2026-09-25 18:06:08.457] [SFX] {"sound": "civ_move_2", "volume": 0.18}
[2026-09-25 18:06:08.608] [SFX] {"sound": "civ_move_2", "volume": 0.03}
[2026-09-25 18:06:08.857] [SFX] {"sound": "civ_move_2", "volume": 0.17}
[2026-09-25 18:06:08.956] [SFX] {"sound": "guardian_move", "volume": 0.2}
[2026-09-25 18:06:09.022] [SFX] {"sound": "civ_move_2", "volume": 0.04}
[2026-09-25 18:06:09.284] [SFX] {"sound": "civ_move_2", "volume": 0.18}
[2026-09-25 18:06:09.431] [SFX] {"sound": "civ_move_2", "volume": 0.04}
[2026-09-25 18:06:09.565] [SFX] {"sound": "guardian_move", "volume": 0.21}
[2026-09-25 18:06:09.697] [SFX] {"sound": "civ_move_2", "volume": 0.19}
[2026-09-25 18:06:09.846] [SFX] {"sound": "civ_move_2", "volume": 0.05}
[2026-09-25 18:06:10.099] [SFX] {"sound": "civ_move_2", "volume": 0.19}
[2026-09-25 18:06:10.180] [SFX] {"sound": "guardian_move", "volume": 0.23}
[2026-09-25 18:06:10.246] [SFX] {"sound": "civ_move_2", "volume": 0.06}
[2026-09-25 18:06:10.511] [SFX] {"sound": "civ_move_2", "volume": 0.2}
[2026-09-25 18:06:10.659] [SFX] {"sound": "civ_move_2", "volume": 0.07}
[2026-09-25 18:06:10.790] [SFX] {"sound": "guardian_move", "volume": 0.25}
[2026-09-25 18:06:10.840] [M] {"button": 1, "pos": [234, 137], "ui_clicked": false}
[2026-09-25 18:06:10.848] [P] {"start": [70, 20], "goal": [64, 17], "length": 6, "is_direction_change": false}
[2026-09-25 18:06:10.849] [SFX] {"sound": "click_target", "volume": 0.86}
[2026-09-25 18:06:10.910] [SFX] {"sound": "civ_move_2", "volume": 0.22}
[2026-09-25 18:06:11.059] [SFX] {"sound": "civ_move_2", "volume": 0.07}
[2026-09-25 18:06:11.060] [SFX] {"sound": "civ_move_2", "volume": 0.01}
[2026-09-25 18:06:11.125] [SFX] {"sound": "player_move", "volume": 0.4}
[2026-09-25 18:06:11.320] [SFX] {"sound": "civ_move_2", "volume": 0.26}
[2026-09-25 18:06:11.402] [SFX] {"sound": "guardian_move", "volume": 0.24}
[2026-09-25 18:06:11.435] [SFX] {"sound": "player_move", "volume": 0.4}
[2026-09-25 18:06:11.436] [SFX] {"sound": "civ_move_2", "volume": 0.02}
[2026-09-25 18:06:11.468] [SFX] {"sound": "civ_move_2", "volume": 0.06}
[2026-09-25 18:06:11.470] [SFX] {"sound": "civ_move_2", "volume": 0.04}
[2026-09-25 18:06:11.647] [SFX] {"sound": "civ_move_2", "volume": 0.02}
[2026-09-25 18:06:11.727] [SFX] {"sound": "civ_move_2", "volume": 0.24}
[2026-09-25 18:06:11.844] [SFX] {"sound": "civ_move_2", "volume": 0.02}
[2026-09-25 18:06:11.877] [SFX] {"sound": "civ_move_2", "volume": 0.09}
[2026-09-25 18:06:11.877] [SFX] {"sound": "civ_move_2", "volume": 0.04}
[2026-09-25 18:06:12.008] [SFX] {"sound": "guardian_move", "volume": 0.28}
[2026-09-25 18:06:12.058] [SFX] {"sound": "civ_move_2", "volume": 0.02}
[2026-09-25 18:06:12.130] [JACK] Hörst du das Wummern? Sentinels in der Nähe... Bloß keinen falschen Schritt machen!
[2026-09-25 18:06:12.146] [SFX] {"sound": "civ_move_2", "volume": 0.24}
[2026-09-25 18:06:12.258] [SFX] {"sound": "civ_move_2", "volume": 0.01}
[2026-09-25 18:06:12.294] [SFX] {"sound": "civ_move_2", "volume": 0.1}
[2026-09-25 18:06:12.295] [SFX] {"sound": "civ_move_2", "volume": 0.0}
[2026-09-25 18:06:12.296] [SFX] {"sound": "civ_move_2", "volume": 0.04}
[2026-09-25 18:06:12.393] [M] {"button": 1, "pos": [322, 283], "ui_clicked": false}
[2026-09-25 18:06:12.400] [P] {"start": [64, 17], "goal": [64, 23], "length": 1, "is_direction_change": false}
[2026-09-25 18:06:12.401] [SFX] {"sound": "click_target", "volume": 0.68}
[2026-09-25 18:06:12.464] [SFX] {"sound": "civ_move_2", "volume": 0.03}
[2026-09-25 18:06:12.489] [SFX] {"sound": "player_move", "volume": 0.4}
[2026-09-25 18:06:12.547] [SFX] {"sound": "civ_move_2", "volume": 0.21}
[2026-09-25 18:06:12.629] [SFX] {"sound": "guardian_move", "volume": 0.38}
[2026-09-25 18:06:12.696] [SFX] {"sound": "civ_move_2", "volume": 0.14}
[2026-09-25 18:06:12.697] [SFX] {"sound": "civ_move_2", "volume": 0.05}
[2026-09-25 18:06:12.698] [SFX] {"sound": "civ_move_2", "volume": 0.04}
[2026-09-25 18:06:12.865] [SFX] {"sound": "civ_move_2", "volume": 0.03}
[2026-09-25 18:06:12.963] [SFX] {"sound": "civ_move_2", "volume": 0.19}
[2026-09-25 18:06:13.110] [SFX] {"sound": "civ_move_2", "volume": 0.15}
[2026-09-25 18:06:13.111] [SFX] {"sound": "civ_move_2", "volume": 0.06}
[2026-09-25 18:06:13.132] [SFX] {"sound": "civ_move_2", "volume": 0.05}
[2026-09-25 18:06:13.133] [SFX] {"sound": "threat_pulse", "volume": 0.36}
[2026-09-25 18:06:13.208] [SFX] {"sound": "civ_move_1", "volume": 0.0}
[2026-09-25 18:06:13.242] [M] {"button": 1, "pos": [322, 283], "ui_clicked": false}
[2026-09-25 18:06:13.249] [SFX] {"sound": "guardian_move", "volume": 0.4}
[2026-09-25 18:06:13.250] [P] {"start": [64, 23], "goal": [64, 29], "length": 1, "is_direction_change": false}
[2026-09-25 18:06:13.251] [SFX] {"sound": "click_target", "volume": 0.68}
[2026-09-25 18:06:13.284] [JACK] Diese Bedrohung ist greifbar... Die Wachen dürfen unser Signal nicht isolieren.
[2026-09-25 18:06:13.300] [SFX] {"sound": "civ_move_2", "volume": 0.04}
[2026-09-25 18:06:13.345] [SFX] {"sound": "player_move", "volume": 0.4}
[2026-09-25 18:06:13.377] [SFX] {"sound": "civ_move_2", "volume": 0.16}
[2026-09-25 18:06:13.511] [SFX] {"sound": "civ_move_2", "volume": 0.2}
[2026-09-25 18:06:13.511] [SFX] {"sound": "civ_move_2", "volume": 0.1}
[2026-09-25 18:06:13.534] [SFX] {"sound": "civ_move_2", "volume": 0.03}
[2026-09-25 18:06:13.610] [SFX] {"sound": "civ_move_1", "volume": 0.02}
[2026-09-25 18:06:13.708] [SFX] {"sound": "civ_move_2", "volume": 0.04}
[2026-09-25 18:06:13.792] [SFX] {"sound": "civ_move_2", "volume": 0.14}
[2026-09-25 18:06:13.859] [SFX] {"sound": "guardian_move", "volume": 0.36}
[2026-09-25 18:06:13.924] [SFX] {"sound": "civ_move_2", "volume": 0.21}
[2026-09-25 18:06:13.925] [SFX] {"sound": "civ_move_2", "volume": 0.11}
[2026-09-25 18:06:13.940] [M] {"button": 1, "pos": [322, 283], "ui_clicked": false}
[2026-09-25 18:06:13.946] [SFX] {"sound": "civ_move_2", "volume": 0.02}
[2026-09-25 18:06:13.947] [SFX] {"sound": "click_target", "volume": 0.68}
[2026-09-25 18:06:14.010] [SFX] {"sound": "civ_move_1", "volume": 0.03}
[2026-09-25 18:06:14.033] [SFX] {"sound": "threat_pulse", "volume": 0.38}
[2026-09-25 18:06:14.059] [SFX] {"sound": "player_move", "volume": 0.4}
[2026-09-25 18:06:14.059] [C] {"civ_pos": [64, 33]}
[2026-09-25 18:06:14.123] [SFX] {"sound": "civ_move_2", "volume": 0.03}
[2026-09-25 18:06:14.206] [SFX] {"sound": "civ_move_2", "volume": 0.11}
[2026-09-25 18:06:14.340] [SFX] {"sound": "civ_move_2", "volume": 0.24}
[2026-09-25 18:06:14.340] [SFX] {"sound": "civ_move_2", "volume": 0.14}
[2026-09-25 18:06:14.341] [SFX] {"sound": "civ_move_2", "volume": 0.0}
[2026-09-25 18:06:14.374] [SFX] {"sound": "player_move", "volume": 0.4}
[2026-09-25 18:06:14.422] [SFX] {"sound": "civ_move_1", "volume": 0.03}
[2026-09-25 18:06:14.489] [SFX] {"sound": "guardian_move", "volume": 0.32}
[2026-09-25 18:06:14.539] [SFX] {"sound": "civ_move_2", "volume": 0.03}
[2026-09-25 18:06:14.607] [SFX] {"sound": "civ_move_2", "volume": 0.1}
[2026-09-25 18:06:14.673] [SFX] {"sound": "player_move", "volume": 0.4}
[2026-09-25 18:06:14.741] [SFX] {"sound": "civ_move_2", "volume": 0.29}
[2026-09-25 18:06:14.741] [SFX] {"sound": "civ_move_2", "volume": 0.15}
[2026-09-25 18:06:14.742] [SFX] {"sound": "civ_move_2", "volume": 0.01}
[2026-09-25 18:06:14.822] [SFX] {"sound": "civ_move_1", "volume": 0.03}
[2026-09-25 18:06:14.844] [SFX] {"sound": "threat_pulse", "volume": 0.39}
[2026-09-25 18:06:14.953] [SFX] {"sound": "civ_move_2", "volume": 0.03}
[2026-09-25 18:06:14.987] [SFX] {"sound": "player_move", "volume": 0.4}
[2026-09-25 18:06:15.020] [SFX] {"sound": "civ_move_2", "volume": 0.11}
[2026-09-25 18:06:15.053] [M] {"button": 1, "pos": [341, 269], "ui_clicked": true}
[2026-09-25 18:06:15.103] [SFX] {"sound": "guardian_move", "volume": 0.32}
[2026-09-25 18:06:15.154] [SFX] {"sound": "civ_move_2", "volume": 0.29}
[2026-09-25 18:06:15.154] [SFX] {"sound": "civ_move_2", "volume": 0.15}
[2026-09-25 18:06:15.155] [SFX] {"sound": "civ_move_2", "volume": 0.02}
[2026-09-25 18:06:15.235] [SFX] {"sound": "civ_move_1", "volume": 0.03}
[2026-09-25 18:06:15.300] [SFX] {"sound": "player_move", "volume": 0.4}
[2026-09-25 18:06:15.366] [SFX] {"sound": "civ_move_2", "volume": 0.03}
[2026-09-25 18:06:15.432] [SFX] {"sound": "civ_move_2", "volume": 0.11}
[2026-09-25 18:06:15.565] [SFX] {"sound": "civ_move_2", "volume": 0.29}
[2026-09-25 18:06:15.566] [SFX] {"sound": "civ_move_2", "volume": 0.15}
[2026-09-25 18:06:15.567] [SFX] {"sound": "civ_move_2", "volume": 0.03}
[2026-09-25 18:06:15.583] [M] {"button": 1, "pos": [347, 260], "ui_clicked": true}
[2026-09-25 18:06:15.604] [SFX] {"sound": "player_move", "volume": 0.4}
[2026-09-25 18:06:15.637] [SFX] {"sound": "civ_move_1", "volume": 0.03}
[2026-09-25 18:06:15.659] [SFX] {"sound": "threat_pulse", "volume": 0.4}
[2026-09-25 18:06:15.719] [SFX] {"sound": "guardian_move", "volume": 0.33}
[2026-09-25 18:06:15.769] [SFX] {"sound": "civ_move_2", "volume": 0.03}
[2026-09-25 18:06:15.769] [SFX] {"sound": "infiltrate 2", "volume": 0.5}
[2026-09-25 18:06:15.836] [SFX] {"sound": "civ_move_2", "volume": 0.11}
[2026-09-25 18:06:15.916] [SFX] {"sound": "player_move", "volume": 0.4}
[2026-09-25 18:06:15.967] [SFX] {"sound": "civ_move_2", "volume": 0.29}
[2026-09-25 18:06:15.968] [SFX] {"sound": "civ_move_2", "volume": 0.15}
[2026-09-25 18:06:15.969] [SFX] {"sound": "civ_move_2", "volume": 0.04}
[2026-09-25 18:06:16.049] [SFX] {"sound": "civ_move_1", "volume": 0.03}
[2026-09-25 18:06:16.181] [SFX] {"sound": "civ_move_2", "volume": 0.03}
[2026-09-25 18:06:16.232] [SFX] {"sound": "player_move", "volume": 0.4}
[2026-09-25 18:06:16.255] [SFX] {"sound": "civ_move_2", "volume": 0.1}
[2026-09-25 18:06:16.331] [SFX] {"sound": "guardian_move", "volume": 0.38}
[2026-09-25 18:06:16.380] [SFX] {"sound": "civ_move_2", "volume": 0.29}
[2026-09-25 18:06:16.381] [SFX] {"sound": "civ_move_2", "volume": 0.15}
[2026-09-25 18:06:16.381] [SFX] {"sound": "civ_move_2", "volume": 0.04}
[2026-09-25 18:06:16.382] [SFX] {"sound": "alert_trigger", "volume": 1.0}
[2026-09-25 18:06:16.462] [SFX] {"sound": "civ_move_1", "volume": 0.03}
[2026-09-25 18:06:16.463] [SFX] {"sound": "threat_pulse", "volume": 0.7}
[2026-09-25 18:06:16.544] [SFX] {"sound": "player_move", "volume": 0.4}
[2026-09-25 18:06:16.544] [SFX] {"sound": "game_over", "volume": 1.0}
[2026-09-25 18:06:20.801] [SFX] {"sound": "hack_success", "volume": 0.8}
[2026-09-25 18:06:21.644] [SESSION_RESET] {"msg": "--- NEW LIFE STARTED ---"}
[2026-09-25 18:06:21.690] [S] {"map": "Shadowgrid"}
[2026-09-25 18:06:21.714] [JACK] Ah, im Shadowgrid angekommen... endlich.
[2026-09-25 18:06:22.470] [SFX] {"sound": "civ_move_1", "volume": 0.17}
[2026-09-25 18:06:22.884] [SFX] {"sound": "civ_move_1", "volume": 0.16}
[2026-09-25 18:06:23.296] [SFX] {"sound": "civ_move_1", "volume": 0.15}
[2026-09-25 18:06:23.711] [SFX] {"sound": "civ_move_1", "volume": 0.14}
[2026-09-25 18:06:23.878] [M] {"button": 1, "pos": [346, 220], "ui_clicked": false}
[2026-09-25 18:06:23.885] [SFX] {"sound": "action_cancel", "volume": 1.0}
[2026-09-25 18:06:24.123] [SFX] {"sound": "civ_move_1", "volume": 0.13}
[2026-09-25 18:06:24.527] [SFX] {"sound": "civ_move_1", "volume": 0.12}
[2026-09-25 18:06:24.660] [M] {"button": 1, "pos": [345, 215], "ui_clicked": false}
[2026-09-25 18:06:24.668] [P] {"start": [200, 56], "goal": [203, 60], "length": 2, "is_direction_change": false}
[2026-09-25 18:06:24.669] [SFX] {"sound": "click_target", "volume": 0.69}
[2026-09-25 18:06:24.703] [SFX] {"sound": "player_move", "volume": 0.4}
[2026-09-25 18:06:24.928] [SFX] {"sound": "civ_move_1", "volume": 0.13}
[2026-09-25 18:06:24.979] [SFX] {"sound": "player_move", "volume": 0.4}
[2026-09-25 18:06:25.342] [SFX] {"sound": "civ_move_1", "volume": 0.12}
[2026-09-25 18:06:25.754] [SFX] {"sound": "civ_move_1", "volume": 0.11}
[2026-09-25 18:06:25.966] [M] {"button": 1, "pos": [324, 166], "ui_clicked": false}
[2026-09-25 18:06:25.974] [SFX] {"sound": "click_target", "volume": 0.95}
[2026-09-25 18:06:26.001] [SFX] {"sound": "threat_pulse", "volume": 0.3}
[2026-09-25 18:06:26.167] [SFX] {"sound": "civ_move_1", "volume": 0.11}
[2026-09-25 18:06:26.568] [SFX] {"sound": "civ_move_1", "volume": 0.1}
[2026-09-25 18:06:26.671] [M] {"button": 1, "pos": [393, 201], "ui_clicked": true}
[2026-09-25 18:06:26.901] [SFX] {"sound": "threat_pulse", "volume": 0.31}
[2026-09-25 18:06:26.969] [SFX] {"sound": "civ_move_1", "volume": 0.1}
[2026-09-25 18:06:27.217] [M] {"button": 1, "pos": [390, 191], "ui_clicked": true}
[2026-09-25 18:06:27.370] [SFX] {"sound": "civ_move_1", "volume": 0.09}
[2026-09-25 18:06:27.502] [SFX] {"sound": "infiltrate 1", "volume": 0.5}
[2026-09-25 18:06:27.781] [SFX] {"sound": "civ_move_1", "volume": 0.09}
[2026-09-25 18:06:27.815] [SFX] {"sound": "threat_pulse", "volume": 0.32}
[2026-09-25 18:06:27.916] [SFX] {"sound": "infiltrate 1", "volume": 0.5}
[2026-09-25 18:06:28.181] [SFX] {"sound": "civ_move_1", "volume": 0.08}
[2026-09-25 18:06:28.331] [SFX] {"sound": "infiltrate 1", "volume": 0.5}
[2026-09-25 18:06:28.584] [SFX] {"sound": "civ_move_1", "volume": 0.07}
[2026-09-25 18:06:28.731] [SFX] {"sound": "threat_pulse", "volume": 0.33}
[2026-09-25 18:06:28.732] [SFX] {"sound": "infiltrate 2", "volume": 0.5}
[2026-09-25 18:06:28.997] [SFX] {"sound": "civ_move_1", "volume": 0.07}
[2026-09-25 18:06:29.146] [SFX] {"sound": "infiltrate 2", "volume": 0.5}
[2026-09-25 18:06:29.397] [SFX] {"sound": "civ_move_1", "volume": 0.06}
[2026-09-25 18:06:29.546] [SFX] {"sound": "infiltrate 2", "volume": 0.5}
[2026-09-25 18:06:29.646] [SFX] {"sound": "threat_pulse", "volume": 0.34}
[2026-09-25 18:06:29.809] [SFX] {"sound": "civ_move_1", "volume": 0.05}
[2026-09-25 18:06:29.958] [SFX] {"sound": "infiltrate 1", "volume": 0.5}
[2026-09-25 18:06:30.224] [SFX] {"sound": "civ_move_1", "volume": 0.01}
[2026-09-25 18:06:30.225] [SFX] {"sound": "civ_move_1", "volume": 0.05}
[2026-09-25 18:06:30.226] [SFX] {"sound": "hack_success", "volume": 1.0}
[2026-09-25 18:06:30.556] [SFX] {"sound": "threat_pulse", "volume": 0.33}
[2026-09-25 18:06:30.638] [SFX] {"sound": "civ_move_1", "volume": 0.02}
[2026-09-25 18:06:30.638] [SFX] {"sound": "civ_move_1", "volume": 0.04}
[2026-09-25 18:06:30.704] [M] {"button": 1, "pos": [302, 197], "ui_clicked": false}
[2026-09-25 18:06:30.712] [P] {"start": [203, 60], "goal": [200, 62], "length": 3, "is_direction_change": false}
[2026-09-25 18:06:30.712] [SFX] {"sound": "click_target", "volume": 0.74}
[2026-09-25 18:06:30.747] [JACK] Kleine Schritte. Immer die Augen nach IoT-Sensoren und Sentinels offen halten.
[2026-09-25 18:06:30.988] [SFX] {"sound": "player_move", "volume": 0.4}
[2026-09-25 18:06:31.038] [SFX] {"sound": "civ_move_1", "volume": 0.05}
[2026-09-25 18:06:31.257] [SFX] {"sound": "civ_move_2", "volume": 0.0}
[2026-09-25 18:06:31.443] [SFX] {"sound": "civ_move_1", "volume": 0.07}
[2026-09-25 18:06:31.443] [SFX] {"sound": "civ_move_1", "volume": 0.04}
[2026-09-25 18:06:31.660] [SFX] {"sound": "civ_move_2", "volume": 0.01}
[2026-09-25 18:06:31.844] [SFX] {"sound": "civ_move_1", "volume": 0.08}
[2026-09-25 18:06:31.844] [SFX] {"sound": "civ_move_1", "volume": 0.04}
[2026-09-25 18:06:32.074] [SFX] {"sound": "civ_move_2", "volume": 0.02}
[2026-09-25 18:06:32.258] [SFX] {"sound": "civ_move_1", "volume": 0.09}
[2026-09-25 18:06:32.259] [SFX] {"sound": "civ_move_1", "volume": 0.03}
[2026-09-25 18:06:32.424] [M] {"button": 1, "pos": [366, 171], "ui_clicked": false}
[2026-09-25 18:06:32.489] [SFX] {"sound": "civ_move_2", "volume": 0.03}
[2026-09-25 18:06:32.673] [SFX] {"sound": "civ_move_1", "volume": 0.11}
[2026-09-25 18:06:32.674] [SFX] {"sound": "civ_move_1", "volume": 0.02}
[2026-09-25 18:06:32.891] [SFX] {"sound": "civ_move_2", "volume": 0.04}
[2026-09-25 18:06:32.924] [M] {"button": 1, "pos": [359, 150], "ui_clicked": false}
[2026-09-25 18:06:33.074] [SFX] {"sound": "civ_move_1", "volume": 0.12}
[2026-09-25 18:06:33.075] [SFX] {"sound": "civ_move_1", "volume": 0.01}
[2026-09-25 18:06:33.302] [SFX] {"sound": "civ_move_2", "volume": 0.05}
[2026-09-25 18:06:33.486] [SFX] {"sound": "civ_move_1", "volume": 0.13}
[2026-09-25 18:06:33.486] [SFX] {"sound": "civ_move_1", "volume": 0.0}
[2026-09-25 18:06:33.706] [SFX] {"sound": "civ_move_2", "volume": 0.06}
[2026-09-25 18:06:33.822] [M] {"button": 1, "pos": [347, 153], "ui_clicked": false}
[2026-09-25 18:06:33.893] [SFX] {"sound": "civ_move_1", "volume": 0.14}
[2026-09-25 18:06:34.109] [SFX] {"sound": "civ_move_2", "volume": 0.07}
[2026-09-25 18:06:34.310] [SFX] {"sound": "civ_move_1", "volume": 0.16}
[2026-09-25 18:06:34.510] [SFX] {"sound": "civ_move_2", "volume": 0.08}
[2026-09-25 18:06:34.725] [SFX] {"sound": "civ_move_1", "volume": 0.17}
[2026-09-25 18:06:34.906] [M] {"button": 1, "pos": [305, 216], "ui_clicked": false}
[2026-09-25 18:06:34.913] [P] {"start": [200, 62], "goal": [198, 66], "length": 2, "is_direction_change": false}
[2026-09-25 18:06:34.914] [SFX] {"sound": "click_target", "volume": 0.7}
[2026-09-25 18:06:34.959] [SFX] {"sound": "civ_move_2", "volume": 0.09}
[2026-09-25 18:06:35.137] [SFX] {"sound": "civ_move_1", "volume": 0.19}
[2026-09-25 18:06:35.159] [SFX] {"sound": "player_move", "volume": 0.4}
[2026-09-25 18:06:35.337] [SFX] {"sound": "civ_move_2", "volume": 0.12}
[2026-09-25 18:06:35.520] [SFX] {"sound": "civ_move_2", "volume": 0.0}
[2026-09-25 18:06:35.554] [SFX] {"sound": "civ_move_1", "volume": 0.2}
[2026-09-25 18:06:35.739] [SFX] {"sound": "civ_move_2", "volume": 0.12}
[2026-09-25 18:06:35.921] [SFX] {"sound": "civ_move_2", "volume": 0.01}
[2026-09-25 18:06:35.954] [SFX] {"sound": "civ_move_1", "volume": 0.21}
[2026-09-25 18:06:36.151] [M] {"button": 1, "pos": [312, 206], "ui_clicked": false}
[2026-09-25 18:06:36.159] [SFX] {"sound": "civ_move_2", "volume": 0.13}
[2026-09-25 18:06:36.336] [SFX] {"sound": "civ_move_2", "volume": 0.02}
[2026-09-25 18:06:36.371] [SFX] {"sound": "civ_move_1", "volume": 0.23}
[2026-09-25 18:06:36.566] [SFX] {"sound": "civ_move_2", "volume": 0.14}
[2026-09-25 18:06:36.748] [SFX] {"sound": "civ_move_2", "volume": 0.03}
[2026-09-25 18:06:36.781] [SFX] {"sound": "civ_move_1", "volume": 0.24}
[2026-09-25 18:06:36.966] [SFX] {"sound": "civ_move_2", "volume": 0.14}
[2026-09-25 18:06:37.014] [SFX] {"sound": "civ_move_2", "volume": 0.01}
[2026-09-25 18:06:37.162] [SFX] {"sound": "civ_move_2", "volume": 0.04}
[2026-09-25 18:06:37.196] [SFX] {"sound": "civ_move_1", "volume": 0.25}
[2026-09-25 18:06:37.197] [SFX] {"sound": "civ_move_2", "volume": 0.0}
[2026-09-25 18:06:37.378] [SFX] {"sound": "civ_move_2", "volume": 0.15}
[2026-09-25 18:06:37.430] [SFX] {"sound": "civ_move_2", "volume": 0.02}
[2026-09-25 18:06:37.576] [SFX] {"sound": "civ_move_2", "volume": 0.05}
[2026-09-25 18:06:37.608] [SFX] {"sound": "civ_move_1", "volume": 0.26}
[2026-09-25 18:06:37.609] [SFX] {"sound": "civ_move_2", "volume": 0.01}
[2026-09-25 18:06:37.781] [SFX] {"sound": "civ_move_2", "volume": 0.15}
[2026-09-25 18:06:37.830] [SFX] {"sound": "civ_move_2", "volume": 0.03}
[2026-09-25 18:06:37.980] [SFX] {"sound": "civ_move_2", "volume": 0.06}
[2026-09-25 18:06:38.013] [SFX] {"sound": "civ_move_1", "volume": 0.26}
[2026-09-25 18:06:38.014] [SFX] {"sound": "civ_move_2", "volume": 0.02}
[2026-09-25 18:06:38.165] [M] {"button": 1, "pos": [321, 222], "ui_clicked": false}
[2026-09-25 18:06:38.173] [P] {"start": [198, 66], "goal": [198, 71], "length": 5, "is_direction_change": false}
[2026-09-25 18:06:38.174] [SFX] {"sound": "click_target", "volume": 0.69}
[2026-09-25 18:06:38.195] [JACK] Vorsichtig vorantasten...
[2026-09-25 18:06:38.196] [SFX] {"sound": "civ_move_2", "volume": 0.16}
[2026-09-25 18:06:38.238] [SFX] {"sound": "civ_move_2", "volume": 0.04}
[2026-09-25 18:06:38.389] [SFX] {"sound": "civ_move_2", "volume": 0.07}
[2026-09-25 18:06:38.421] [SFX] {"sound": "player_move", "volume": 0.4}
[2026-09-25 18:06:38.421] [SFX] {"sound": "civ_move_1", "volume": 0.26}
[2026-09-25 18:06:38.422] [SFX] {"sound": "civ_move_2", "volume": 0.04}
[2026-09-25 18:06:38.589] [SFX] {"sound": "civ_move_2", "volume": 0.18}
[2026-09-25 18:06:38.655] [SFX] {"sound": "civ_move_2", "volume": 0.07}
[2026-09-25 18:06:38.803] [SFX] {"sound": "civ_move_2", "volume": 0.1}
[2026-09-25 18:06:38.836] [SFX] {"sound": "civ_move_1", "volume": 0.25}
[2026-09-25 18:06:38.837] [SFX] {"sound": "civ_move_2", "volume": 0.07}
[2026-09-25 18:06:39.003] [SFX] {"sound": "civ_move_2", "volume": 0.19}
[2026-09-25 18:06:39.054] [SFX] {"sound": "civ_move_2", "volume": 0.08}
[2026-09-25 18:06:39.203] [SFX] {"sound": "civ_move_2", "volume": 0.11}
[2026-09-25 18:06:39.237] [SFX] {"sound": "civ_move_1", "volume": 0.26}
[2026-09-25 18:06:39.237] [SFX] {"sound": "civ_move_2", "volume": 0.08}
[2026-09-25 18:06:39.418] [SFX] {"sound": "civ_move_2", "volume": 0.18}
[2026-09-25 18:06:39.419] [SFX] {"sound": "civ_move_1", "volume": 0.0}
[2026-09-25 18:06:39.467] [SFX] {"sound": "civ_move_2", "volume": 0.09}
[2026-09-25 18:06:39.619] [SFX] {"sound": "civ_move_2", "volume": 0.12}
[2026-09-25 18:06:39.651] [SFX] {"sound": "civ_move_1", "volume": 0.27}
[2026-09-25 18:06:39.652] [SFX] {"sound": "civ_move_2", "volume": 0.08}
[2026-09-25 18:06:39.831] [SFX] {"sound": "civ_move_2", "volume": 0.18}
[2026-09-25 18:06:39.832] [SFX] {"sound": "civ_move_1", "volume": 0.01}
[2026-09-25 18:06:39.881] [SFX] {"sound": "civ_move_2", "volume": 0.1}
[2026-09-25 18:06:40.031] [SFX] {"sound": "civ_move_2", "volume": 0.13}
[2026-09-25 18:06:40.066] [SFX] {"sound": "civ_move_1", "volume": 0.28}
[2026-09-25 18:06:40.066] [SFX] {"sound": "civ_move_2", "volume": 0.09}
[2026-09-25 18:06:40.234] [SFX] {"sound": "civ_move_2", "volume": 0.17}
[2026-09-25 18:06:40.235] [SFX] {"sound": "civ_move_1", "volume": 0.01}
[2026-09-25 18:06:40.283] [SFX] {"sound": "civ_move_2", "volume": 0.11}
[2026-09-25 18:06:40.382] [C] {"civ_pos": [196, 71]}
[2026-09-25 18:06:40.431] [SFX] {"sound": "civ_move_2", "volume": 0.14}
[2026-09-25 18:06:40.481] [SFX] {"sound": "civ_move_1", "volume": 0.23}
[2026-09-25 18:06:40.481] [SFX] {"sound": "civ_move_2", "volume": 0.1}
[2026-09-25 18:06:40.648] [SFX] {"sound": "civ_move_2", "volume": 0.17}
[2026-09-25 18:06:40.648] [SFX] {"sound": "civ_move_1", "volume": 0.01}
[2026-09-25 18:06:40.698] [SFX] {"sound": "civ_move_2", "volume": 0.12}
[2026-09-25 18:06:40.845] [SFX] {"sound": "civ_move_2", "volume": 0.15}
[2026-09-25 18:06:40.894] [M] {"button": 1, "pos": [323, 233], "ui_clicked": false}
[2026-09-25 18:06:40.901] [SFX] {"sound": "civ_move_1", "volume": 0.22}
[2026-09-25 18:06:40.902] [SFX] {"sound": "civ_move_2", "volume": 0.11}
[2026-09-25 18:06:41.063] [SFX] {"sound": "civ_move_2", "volume": 0.16}
[2026-09-25 18:06:41.063] [SFX] {"sound": "civ_move_1", "volume": 0.02}
[2026-09-25 18:06:41.112] [SFX] {"sound": "civ_move_2", "volume": 0.13}
[2026-09-25 18:06:41.244] [SFX] {"sound": "civ_move_2", "volume": 0.15}
[2026-09-25 18:06:41.296] [SFX] {"sound": "civ_move_1", "volume": 0.22}
[2026-09-25 18:06:41.296] [SFX] {"sound": "civ_move_2", "volume": 0.12}
[2026-09-25 18:06:41.329] [SFX] {"sound": "civ_move_2", "volume": 0.0}
[2026-09-25 18:06:41.429] [M] {"button": 1, "pos": [322, 225], "ui_clicked": false}
[2026-09-25 18:06:41.437] [P] {"start": [198, 71], "goal": [198, 76], "length": 4, "is_direction_change": false}
[2026-09-25 18:06:41.438] [SFX] {"sound": "click_target", "volume": 0.69}
[2026-09-25 18:06:41.482] [SFX] {"sound": "civ_move_2", "volume": 0.15}
[2026-09-25 18:06:41.482] [SFX] {"sound": "civ_move_1", "volume": 0.02}
[2026-09-25 18:06:41.506] [SFX] {"sound": "player_move", "volume": 0.4}
[2026-09-25 18:06:41.521] [SFX] {"sound": "civ_move_2", "volume": 0.13}
[2026-09-25 18:06:41.647] [SFX] {"sound": "civ_move_2", "volume": 0.15}
[2026-09-25 18:06:41.697] [SFX] {"sound": "guardian_move", "volume": 0.01}
[2026-09-25 18:06:41.698] [SFX] {"sound": "civ_move_1", "volume": 0.21}
[2026-09-25 18:06:41.699] [SFX] {"sound": "civ_move_2", "volume": 0.13}
[2026-09-25 18:06:41.732] [SFX] {"sound": "civ_move_2", "volume": 0.02}
[2026-09-25 18:06:41.798] [SFX] {"sound": "player_move", "volume": 0.4}
[2026-09-25 18:06:41.898] [SFX] {"sound": "civ_move_2", "volume": 0.18}
[2026-09-25 18:06:41.899] [SFX] {"sound": "civ_move_1", "volume": 0.04}
[2026-09-25 18:06:41.930] [SFX] {"sound": "civ_move_2", "volume": 0.16}
[2026-09-25 18:06:41.951] [SFX] {"sound": "guardian_move", "volume": 0.04}
[2026-09-25 18:06:42.059] [SFX] {"sound": "civ_move_2", "volume": 0.18}
[2026-09-25 18:06:42.108] [SFX] {"sound": "civ_move_1", "volume": 0.22}
[2026-09-25 18:06:42.108] [SFX] {"sound": "civ_move_2", "volume": 0.16}
[2026-09-25 18:06:42.141] [SFX] {"sound": "civ_move_2", "volume": 0.05}
[2026-09-25 18:06:42.307] [SFX] {"sound": "guardian_move", "volume": 0.01}
[2026-09-25 18:06:42.307] [SFX] {"sound": "civ_move_2", "volume": 0.16}
[2026-09-25 18:06:42.308] [SFX] {"sound": "civ_move_1", "volume": 0.03}
[2026-09-25 18:06:42.340] [SFX] {"sound": "civ_move_2", "volume": 0.17}
[2026-09-25 18:06:42.473] [SFX] {"sound": "civ_move_2", "volume": 0.19}
[2026-09-25 18:06:42.523] [SFX] {"sound": "civ_move_1", "volume": 0.22}
[2026-09-25 18:06:42.524] [SFX] {"sound": "civ_move_2", "volume": 0.17}
[2026-09-25 18:06:42.556] [SFX] {"sound": "guardian_move", "volume": 0.06}
[2026-09-25 18:06:42.557] [SFX] {"sound": "civ_move_2", "volume": 0.06}
[2026-09-25 18:06:42.722] [SFX] {"sound": "civ_move_1", "volume": 0.04}
[2026-09-25 18:06:42.746] [SFX] {"sound": "civ_move_2", "volume": 0.17}
[2026-09-25 18:06:42.888] [SFX] {"sound": "civ_move_2", "volume": 0.19}
[2026-09-25 18:06:42.921] [SFX] {"sound": "guardian_move", "volume": 0.02}
[2026-09-25 18:06:42.945] [SFX] {"sound": "civ_move_1", "volume": 0.22}
[2026-09-25 18:06:42.946] [SFX] {"sound": "civ_move_2", "volume": 0.17}
[2026-09-25 18:06:42.962] [SFX] {"sound": "civ_move_2", "volume": 0.07}
[2026-09-25 18:06:43.023] [M] {"button": 1, "pos": [311, 230], "ui_clicked": false}
[2026-09-25 18:06:43.032] [P] {"start": [198, 76], "goal": [196, 82], "length": 2, "is_direction_change": false}
[2026-09-25 18:06:43.033] [SFX] {"sound": "click_target", "volume": 0.67}
[2026-09-25 18:06:43.118] [SFX] {"sound": "player_move", "volume": 0.4}
[2026-09-25 18:06:43.142] [SFX] {"sound": "civ_move_1", "volume": 0.06}
[2026-09-25 18:06:43.159] [SFX] {"sound": "civ_move_2", "volume": 0.18}
[2026-09-25 18:06:43.174] [SFX] {"sound": "guardian_move", "volume": 0.08}
[2026-09-25 18:06:43.175] [SFX] {"sound": "civ_move_2", "volume": 0.17}
[2026-09-25 18:06:43.300] [SFX] {"sound": "civ_move_2", "volume": 0.22}
[2026-09-25 18:06:43.350] [SFX] {"sound": "civ_move_1", "volume": 0.28}
[2026-09-25 18:06:43.351] [SFX] {"sound": "civ_move_2", "volume": 0.21}
[2026-09-25 18:06:43.371] [SFX] {"sound": "civ_move_2", "volume": 0.1}
[2026-09-25 18:06:43.372] [C] {"civ_pos": [198, 80]}
[2026-09-25 18:06:43.431] [SFX] {"sound": "player_move", "volume": 0.4}
[2026-09-25 18:06:43.531] [SFX] {"sound": "guardian_move", "volume": 0.05}
[2026-09-25 18:06:43.555] [SFX] {"sound": "civ_move_1", "volume": 0.05}
[2026-09-25 18:06:43.571] [SFX] {"sound": "civ_move_2", "volume": 0.26}
[2026-09-25 18:06:43.587] [SFX] {"sound": "civ_move_2", "volume": 0.23}
[2026-09-25 18:06:43.713] [SFX] {"sound": "civ_move_2", "volume": 0.21}
[2026-09-25 18:06:43.763] [SFX] {"sound": "civ_move_1", "volume": 0.26}
[2026-09-25 18:06:43.764] [SFX] {"sound": "civ_move_2", "volume": 0.21}
[2026-09-25 18:06:43.785] [SFX] {"sound": "guardian_move", "volume": 0.13}
[2026-09-25 18:06:43.786] [SFX] {"sound": "civ_move_2", "volume": 0.12}
[2026-09-25 18:06:43.964] [SFX] {"sound": "civ_move_1", "volume": 0.06}
[2026-09-25 18:06:43.988] [SFX] {"sound": "civ_move_2", "volume": 0.27}
[2026-09-25 18:06:44.004] [SFX] {"sound": "civ_move_2", "volume": 0.24}
[2026-09-25 18:06:44.114] [SFX] {"sound": "civ_move_2", "volume": 0.21}
[2026-09-25 18:06:44.146] [SFX] {"sound": "guardian_move", "volume": 0.06}
[2026-09-25 18:06:44.169] [SFX] {"sound": "civ_move_1", "volume": 0.25}
[2026-09-25 18:06:44.170] [SFX] {"sound": "civ_move_2", "volume": 0.21}
[2026-09-25 18:06:44.181] [M] {"button": 1, "pos": [261, 176], "ui_clicked": false}
[2026-09-25 18:06:44.188] [SFX] {"sound": "civ_move_2", "volume": 0.12}
[2026-09-25 18:06:44.367] [SFX] {"sound": "civ_move_1", "volume": 0.06}
[2026-09-25 18:06:44.392] [SFX] {"sound": "guardian_move", "volume": 0.15}
[2026-09-25 18:06:44.392] [SFX] {"sound": "civ_move_2", "volume": 0.28}
[2026-09-25 18:06:44.410] [SFX] {"sound": "civ_move_2", "volume": 0.25}
[2026-09-25 18:06:44.519] [SFX] {"sound": "civ_move_2", "volume": 0.22}
[2026-09-25 18:06:44.569] [SFX] {"sound": "civ_move_1", "volume": 0.24}
[2026-09-25 18:06:44.570] [SFX] {"sound": "civ_move_2", "volume": 0.22}
[2026-09-25 18:06:44.586] [M] {"button": 1, "pos": [286, 190], "ui_clicked": false}
[2026-09-25 18:06:44.594] [SFX] {"sound": "civ_move_2", "volume": 0.13}
[2026-09-25 18:06:44.753] [SFX] {"sound": "guardian_move", "volume": 0.08}
[2026-09-25 18:06:44.775] [SFX] {"sound": "civ_move_1", "volume": 0.07}
[2026-09-25 18:06:44.792] [SFX] {"sound": "civ_move_2", "volume": 0.3}
[2026-09-25 18:06:44.808] [SFX] {"sound": "civ_move_2", "volume": 0.26}
[2026-09-25 18:06:44.933] [SFX] {"sound": "civ_move_2", "volume": 0.23}
[2026-09-25 18:06:44.981] [SFX] {"sound": "civ_move_1", "volume": 0.23}
[2026-09-25 18:06:44.982] [SFX] {"sound": "civ_move_2", "volume": 0.21}
[2026-09-25 18:06:44.997] [M] {"button": 1, "pos": [271, 185], "ui_clicked": false}
[2026-09-25 18:06:45.005] [SFX] {"sound": "guardian_move", "volume": 0.17}
[2026-09-25 18:06:45.006] [SFX] {"sound": "civ_move_2", "volume": 0.14}
[2026-09-25 18:06:45.006] [P] {"start": [196, 82], "goal": [189, 82], "length": 1, "is_direction_change": false}
[2026-09-25 18:06:45.007] [SFX] {"sound": "click_target", "volume": 0.68}
[2026-09-25 18:06:45.043] [JACK] Kurzer Blick um die Ecke...
[2026-09-25 18:06:45.185] [SFX] {"sound": "civ_move_1", "volume": 0.1}
[2026-09-25 18:06:45.208] [SFX] {"sound": "civ_move_2", "volume": 0.27}
[2026-09-25 18:06:45.224] [SFX] {"sound": "civ_move_2", "volume": 0.24}
[2026-09-25 18:06:45.301] [SFX] {"sound": "player_move", "volume": 0.4}
[2026-09-25 18:06:45.336] [SFX] {"sound": "civ_move_2", "volume": 0.2}
[2026-09-25 18:06:45.359] [SFX] {"sound": "guardian_move", "volume": 0.17}
[2026-09-25 18:06:45.386] [SFX] {"sound": "civ_move_1", "volume": 0.17}
[2026-09-25 18:06:45.386] [SFX] {"sound": "civ_move_2", "volume": 0.16}
[2026-09-25 18:06:45.407] [SFX] {"sound": "civ_move_2", "volume": 0.11}
[2026-09-25 18:06:45.407] [SFX] {"sound": "civ_move_1", "volume": 0.02}
[2026-09-25 18:06:45.598] [SFX] {"sound": "guardian_move", "volume": 0.14}
[2026-09-25 18:06:45.599] [SFX] {"sound": "civ_move_2", "volume": 0.04}
[2026-09-25 18:06:45.600] [SFX] {"sound": "civ_move_1", "volume": 0.13}
[2026-09-25 18:06:45.620] [SFX] {"sound": "civ_move_2", "volume": 0.24}
[2026-09-25 18:06:45.714] [M] {"button": 1, "pos": [256, 179], "ui_clicked": false}
[2026-09-25 18:06:45.748] [SFX] {"sound": "civ_move_2", "volume": 0.19}
[2026-09-25 18:06:45.797] [SFX] {"sound": "civ_move_1", "volume": 0.16}
[2026-09-25 18:06:45.798] [SFX] {"sound": "civ_move_2", "volume": 0.17}
[2026-09-25 18:06:45.819] [SFX] {"sound": "civ_move_2", "volume": 0.11}
[2026-09-25 18:06:45.820] [SFX] {"sound": "civ_move_1", "volume": 0.03}
[2026-09-25 18:06:45.977] [SFX] {"sound": "guardian_move", "volume": 0.17}
[2026-09-25 18:06:46.009] [SFX] {"sound": "civ_move_2", "volume": 0.05}
[2026-09-25 18:06:46.010] [SFX] {"sound": "civ_move_1", "volume": 0.14}
[2026-09-25 18:06:46.031] [SFX] {"sound": "civ_move_2", "volume": 0.24}
[2026-09-25 18:06:46.155] [SFX] {"sound": "civ_move_2", "volume": 0.2}
[2026-09-25 18:06:46.172] [M] {"button": 1, "pos": [272, 182], "ui_clicked": false}
[2026-09-25 18:06:46.180] [P] {"start": [189, 82], "goal": [183, 82], "length": 1, "is_direction_change": false}
[2026-09-25 18:06:46.181] [SFX] {"sound": "click_target", "volume": 0.68}
[2026-09-25 18:06:46.210] [SFX] {"sound": "guardian_move", "volume": 0.14}
[2026-09-25 18:06:46.211] [SFX] {"sound": "civ_move_1", "volume": 0.12}
[2026-09-25 18:06:46.212] [SFX] {"sound": "civ_move_2", "volume": 0.18}
[2026-09-25 18:06:46.232] [SFX] {"sound": "civ_move_2", "volume": 0.11}
[2026-09-25 18:06:46.233] [SFX] {"sound": "civ_move_1", "volume": 0.06}
[2026-09-25 18:06:46.341] [SFX] {"sound": "guardian_move", "volume": 0.03}
[2026-09-25 18:06:46.426] [SFX] {"sound": "civ_move_2", "volume": 0.1}
[2026-09-25 18:06:46.427] [SFX] {"sound": "civ_move_2", "volume": 0.2}
[2026-09-25 18:06:46.427] [SFX] {"sound": "civ_move_1", "volume": 0.17}
[2026-09-25 18:06:46.448] [SFX] {"sound": "player_move", "volume": 0.4}
[2026-09-25 18:06:46.449] [SFX] {"sound": "civ_move_2", "volume": 0.2}
[2026-09-25 18:06:46.558] [SFX] {"sound": "civ_move_2", "volume": 0.16}
[2026-09-25 18:06:46.609] [SFX] {"sound": "guardian_move", "volume": 0.23}
[2026-09-25 18:06:46.632] [SFX] {"sound": "civ_move_1", "volume": 0.09}
[2026-09-25 18:06:46.633] [SFX] {"sound": "civ_move_2", "volume": 0.15}
[2026-09-25 18:06:46.633] [SFX] {"sound": "civ_move_2", "volume": 0.09}
[2026-09-25 18:06:46.634] [SFX] {"sound": "civ_move_1", "volume": 0.1}
[2026-09-25 18:06:46.824] [SFX] {"sound": "guardian_move", "volume": 0.11}
[2026-09-25 18:06:46.846] [SFX] {"sound": "civ_move_2", "volume": 0.12}
[2026-09-25 18:06:46.847] [SFX] {"sound": "civ_move_2", "volume": 0.19}
[2026-09-25 18:06:46.847] [SFX] {"sound": "civ_move_1", "volume": 0.17}
[2026-09-25 18:06:46.864] [SFX] {"sound": "civ_move_2", "volume": 0.19}
[2026-09-25 18:06:46.957] [SFX] {"sound": "guardian_move", "volume": 0.08}
[2026-09-25 18:06:46.979] [SFX] {"sound": "civ_move_2", "volume": 0.16}
[2026-09-25 18:06:47.039] [SFX] {"sound": "civ_move_1", "volume": 0.09}
[2026-09-25 18:06:47.039] [SFX] {"sound": "civ_move_2", "volume": 0.16}
[2026-09-25 18:06:47.040] [SFX] {"sound": "civ_move_2", "volume": 0.09}
[2026-09-25 18:06:47.040] [SFX] {"sound": "civ_move_1", "volume": 0.01}
[2026-09-25 18:06:47.041] [SFX] {"sound": "civ_move_1", "volume": 0.12}
[2026-09-25 18:06:47.222] [SFX] {"sound": "guardian_move", "volume": 0.23}
[2026-09-25 18:06:47.256] [SFX] {"sound": "civ_move_2", "volume": 0.13}
[2026-09-25 18:06:47.256] [SFX] {"sound": "civ_move_2", "volume": 0.18}
[2026-09-25 18:06:47.257] [SFX] {"sound": "civ_move_1", "volume": 0.17}
[2026-09-25 18:06:47.278] [SFX] {"sound": "civ_move_2", "volume": 0.19}
[2026-09-25 18:06:47.389] [SFX] {"sound": "civ_move_2", "volume": 0.16}
[2026-09-25 18:06:47.439] [SFX] {"sound": "guardian_move", "volume": 0.12}
[2026-09-25 18:06:47.439] [SFX] {"sound": "civ_move_1", "volume": 0.09}
[2026-09-25 18:06:47.440] [SFX] {"sound": "civ_move_2", "volume": 0.15}
[2026-09-25 18:06:47.440] [SFX] {"sound": "civ_move_2", "volume": 0.09}
[2026-09-25 18:06:47.441] [SFX] {"sound": "civ_move_1", "volume": 0.02}
[2026-09-25 18:06:47.442] [SFX] {"sound": "civ_move_1", "volume": 0.13}
[2026-09-25 18:06:47.570] [SFX] {"sound": "guardian_move", "volume": 0.11}
[2026-09-25 18:06:47.670] [SFX] {"sound": "civ_move_2", "volume": 0.14}
[2026-09-25 18:06:47.671] [SFX] {"sound": "civ_move_2", "volume": 0.17}
[2026-09-25 18:06:47.672] [SFX] {"sound": "civ_move_1", "volume": 0.18}
[2026-09-25 18:06:47.693] [SFX] {"sound": "civ_move_2", "volume": 0.18}
[2026-09-25 18:06:47.804] [SFX] {"sound": "civ_move_2", "volume": 0.16}
[2026-09-25 18:06:47.838] [SFX] {"sound": "guardian_move", "volume": 0.22}
[2026-09-25 18:06:47.839] [SFX] {"sound": "civ_move_1", "volume": 0.08}
[2026-09-25 18:06:47.840] [SFX] {"sound": "civ_move_2", "volume": 0.16}
[2026-09-25 18:06:47.840] [SFX] {"sound": "civ_move_2", "volume": 0.09}
[2026-09-25 18:06:47.841] [SFX] {"sound": "civ_move_1", "volume": 0.04}
[2026-09-25 18:06:47.842] [SFX] {"sound": "civ_move_1", "volume": 0.14}
[2026-09-25 18:06:48.055] [SFX] {"sound": "guardian_move", "volume": 0.12}
[2026-09-25 18:06:48.077] [SFX] {"sound": "civ_move_2", "volume": 0.15}
[2026-09-25 18:06:48.078] [SFX] {"sound": "civ_move_2", "volume": 0.16}
[2026-09-25 18:06:48.079] [SFX] {"sound": "civ_move_1", "volume": 0.2}
[2026-09-25 18:06:48.095] [SFX] {"sound": "civ_move_2", "volume": 0.17}
[2026-09-25 18:06:48.187] [SFX] {"sound": "guardian_move", "volume": 0.13}
[2026-09-25 18:06:48.219] [SFX] {"sound": "civ_move_2", "volume": 0.15}
[2026-09-25 18:06:48.251] [SFX] {"sound": "civ_move_1", "volume": 0.08}
[2026-09-25 18:06:48.252] [SFX] {"sound": "civ_move_2", "volume": 0.16}
[2026-09-25 18:06:48.253] [SFX] {"sound": "civ_move_2", "volume": 0.11}
[2026-09-25 18:06:48.253] [SFX] {"sound": "civ_move_1", "volume": 0.05}
[2026-09-25 18:06:48.254] [SFX] {"sound": "civ_move_1", "volume": 0.15}
[2026-09-25 18:06:48.450] [SFX] {"sound": "guardian_move", "volume": 0.2}
[2026-09-25 18:06:48.483] [SFX] {"sound": "civ_move_2", "volume": 0.17}
[2026-09-25 18:06:48.484] [SFX] {"sound": "civ_move_2", "volume": 0.16}
[2026-09-25 18:06:48.485] [SFX] {"sound": "civ_move_1", "volume": 0.21}
[2026-09-25 18:06:48.507] [SFX] {"sound": "civ_move_2", "volume": 0.17}
[2026-09-25 18:06:48.622] [SFX] {"sound": "civ_move_2", "volume": 0.14}
[2026-09-25 18:06:48.656] [SFX] {"sound": "guardian_move", "volume": 0.12}
[2026-09-25 18:06:48.657] [SFX] {"sound": "civ_move_1", "volume": 0.08}
[2026-09-25 18:06:48.658] [SFX] {"sound": "civ_move_2", "volume": 0.16}
[2026-09-25 18:06:48.658] [SFX] {"sound": "civ_move_2", "volume": 0.12}
[2026-09-25 18:06:48.659] [SFX] {"sound": "civ_move_1", "volume": 0.06}
[2026-09-25 18:06:48.660] [SFX] {"sound": "civ_move_1", "volume": 0.16}
[2026-09-25 18:06:48.790] [SFX] {"sound": "guardian_move", "volume": 0.16}
[2026-09-25 18:06:48.888] [SFX] {"sound": "civ_move_2", "volume": 0.17}
[2026-09-25 18:06:48.889] [SFX] {"sound": "civ_move_2", "volume": 0.15}
[2026-09-25 18:06:48.889] [SFX] {"sound": "civ_move_1", "volume": 0.22}
[2026-09-25 18:06:48.910] [SFX] {"sound": "civ_move_2", "volume": 0.16}
[2026-09-25 18:06:49.038] [SFX] {"sound": "civ_move_2", "volume": 0.13}
[2026-09-25 18:06:49.059] [SFX] {"sound": "guardian_move", "volume": 0.15}
[2026-09-25 18:06:49.077] [SFX] {"sound": "civ_move_1", "volume": 0.07}
[2026-09-25 18:06:49.078] [SFX] {"sound": "civ_move_2", "volume": 0.16}
[2026-09-25 18:06:49.078] [SFX] {"sound": "civ_move_2", "volume": 0.13}
[2026-09-25 18:06:49.079] [SFX] {"sound": "civ_move_1", "volume": 0.07}
[2026-09-25 18:06:49.080] [SFX] {"sound": "civ_move_1", "volume": 0.18}
[2026-09-25 18:06:49.140] [SFX] {"sound": "civ_move_2", "volume": 0.0}
[2026-09-25 18:06:49.258] [SFX] {"sound": "guardian_move", "volume": 0.15}
[2026-09-25 18:06:49.291] [SFX] {"sound": "civ_move_2", "volume": 0.17}
[2026-09-25 18:06:49.292] [SFX] {"sound": "civ_move_2", "volume": 0.15}
[2026-09-25 18:06:49.293] [SFX] {"sound": "civ_move_1", "volume": 0.23}
[2026-09-25 18:06:49.314] [SFX] {"sound": "civ_move_2", "volume": 0.15}
[2026-09-25 18:06:49.329] [SFX] {"sound": "civ_move_2", "volume": 0.01}
[2026-09-25 18:06:49.357] [M] {"button": 1, "pos": [324, 152], "ui_clicked": false}
[2026-09-25 18:06:49.365] [SFX] {"sound": "click_target", "volume": 0.91}
[2026-09-25 18:06:49.390] [SFX] {"sound": "guardian_move", "volume": 0.17}
[2026-09-25 18:06:49.439] [SFX] {"sound": "civ_move_2", "volume": 0.13}
[2026-09-25 18:06:49.474] [SFX] {"sound": "civ_move_1", "volume": 0.08}
[2026-09-25 18:06:49.474] [SFX] {"sound": "civ_move_2", "volume": 0.17}
[2026-09-25 18:06:49.475] [SFX] {"sound": "civ_move_2", "volume": 0.16}
[2026-09-25 18:06:49.476] [SFX] {"sound": "civ_move_1", "volume": 0.07}
[2026-09-25 18:06:49.476] [SFX] {"sound": "civ_move_1", "volume": 0.17}
[2026-09-25 18:06:49.653] [SFX] {"sound": "player_move", "volume": 0.4}
[2026-09-25 18:06:49.676] [SFX] {"sound": "guardian_move", "volume": 0.1}
[2026-09-25 18:06:49.702] [SFX] {"sound": "civ_move_2", "volume": 0.13}
[2026-09-25 18:06:49.703] [SFX] {"sound": "civ_move_2", "volume": 0.17}
[2026-09-25 18:06:49.704] [SFX] {"sound": "civ_move_1", "volume": 0.19}
[2026-09-25 18:06:49.726] [SFX] {"sound": "civ_move_2", "volume": 0.16}
[2026-09-25 18:06:49.853] [SFX] {"sound": "civ_move_2", "volume": 0.14}
[2026-09-25 18:06:49.875] [SFX] {"sound": "guardian_move", "volume": 0.28}
[2026-09-25 18:06:49.891] [SFX] {"sound": "civ_move_1", "volume": 0.12}
[2026-09-25 18:06:49.892] [SFX] {"sound": "civ_move_2", "volume": 0.19}
[2026-09-25 18:06:49.893] [SFX] {"sound": "civ_move_2", "volume": 0.23}
[2026-09-25 18:06:49.894] [SFX] {"sound": "civ_move_1", "volume": 0.02}
[2026-09-25 18:06:49.894] [SFX] {"sound": "civ_move_1", "volume": 0.12}
[2026-09-25 18:06:49.953] [SFX] {"sound": "player_move", "volume": 0.4}
[2026-09-25 18:06:50.003] [SFX] {"sound": "guardian_move", "volume": 0.08}
[2026-09-25 18:06:50.103] [SFX] {"sound": "civ_move_2", "volume": 0.09}
[2026-09-25 18:06:50.104] [SFX] {"sound": "civ_move_2", "volume": 0.18}
[2026-09-25 18:06:50.105] [SFX] {"sound": "civ_move_1", "volume": 0.16}
[2026-09-25 18:06:50.124] [SFX] {"sound": "civ_move_2", "volume": 0.17}
[2026-09-25 18:06:50.252] [SFX] {"sound": "guardian_move", "volume": 0.0}
[2026-09-25 18:06:50.274] [SFX] {"sound": "player_move", "volume": 0.4}
[2026-09-25 18:06:50.275] [SFX] {"sound": "civ_move_2", "volume": 0.16}
[2026-09-25 18:06:50.291] [SFX] {"sound": "guardian_move", "volume": 0.06}
[2026-09-25 18:06:50.292] [SFX] {"sound": "civ_move_1", "volume": 0.1}
[2026-09-25 18:06:50.293] [SFX] {"sound": "civ_move_2", "volume": 0.19}
[2026-09-25 18:06:50.294] [SFX] {"sound": "civ_move_2", "volume": 0.24}
[2026-09-25 18:06:50.295] [SFX] {"sound": "civ_move_1", "volume": 0.03}
[2026-09-25 18:06:50.295] [SFX] {"sound": "civ_move_1", "volume": 0.14}
[2026-09-25 18:06:50.487] [SFX] {"sound": "guardian_move", "volume": 0.26}
[2026-09-25 18:06:50.509] [SFX] {"sound": "civ_move_2", "volume": 0.13}
[2026-09-25 18:06:50.510] [SFX] {"sound": "civ_move_1", "volume": 0.23}
[2026-09-25 18:06:50.525] [SFX] {"sound": "civ_move_2", "volume": 0.17}
[2026-09-25 18:06:50.526] [SFX] {"sound": "civ_move_2", "volume": 0.15}
[2026-09-25 18:06:50.543] [SFX] {"sound": "civ_move_2", "volume": 0.01}
[2026-09-25 18:06:50.570] [SFX] {"sound": "player_move", "volume": 0.4}
[2026-09-25 18:06:50.607] [SFX] {"sound": "guardian_move", "volume": 0.19}
[2026-09-25 18:06:50.672] [SFX] {"sound": "civ_move_2", "volume": 0.12}
[2026-09-25 18:06:50.694] [SFX] {"sound": "civ_move_1", "volume": 0.06}
[2026-09-25 18:06:50.694] [SFX] {"sound": "civ_move_2", "volume": 0.16}
[2026-09-25 18:06:50.695] [SFX] {"sound": "civ_move_2", "volume": 0.2}
[2026-09-25 18:06:50.696] [SFX] {"sound": "civ_move_1", "volume": 0.1}
[2026-09-25 18:06:50.696] [SFX] {"sound": "civ_move_1", "volume": 0.2}
[2026-09-25 18:06:50.756] [SFX] {"sound": "civ_move_2", "volume": 0.03}
[2026-09-25 18:06:50.890] [SFX] {"sound": "guardian_move", "volume": 0.11}
[2026-09-25 18:06:50.912] [SFX] {"sound": "civ_move_2", "volume": 0.15}
[2026-09-25 18:06:50.913] [SFX] {"sound": "civ_move_1", "volume": 0.26}
[2026-09-25 18:06:50.929] [SFX] {"sound": "civ_move_2", "volume": 0.18}
[2026-09-25 18:06:50.930] [SFX] {"sound": "civ_move_2", "volume": 0.15}
[2026-09-25 18:06:50.946] [SFX] {"sound": "civ_move_2", "volume": 0.03}
[2026-09-25 18:06:51.076] [SFX] {"sound": "civ_move_2", "volume": 0.11}
[2026-09-25 18:06:51.098] [SFX] {"sound": "guardian_move", "volume": 0.25}
[2026-09-25 18:06:51.099] [SFX] {"sound": "civ_move_1", "volume": 0.05}
[2026-09-25 18:06:51.100] [SFX] {"sound": "civ_move_2", "volume": 0.15}
[2026-09-25 18:06:51.100] [SFX] {"sound": "civ_move_2", "volume": 0.21}
[2026-09-25 18:06:51.101] [SFX] {"sound": "civ_move_1", "volume": 0.11}
[2026-09-25 18:06:51.102] [SFX] {"sound": "civ_move_1", "volume": 0.22}
[2026-09-25 18:06:51.161] [SFX] {"sound": "civ_move_2", "volume": 0.04}
[2026-09-25 18:06:51.210] [SFX] {"sound": "guardian_move", "volume": 0.16}
[2026-09-25 18:06:51.311] [SFX] {"sound": "civ_move_2", "volume": 0.14}
[2026-09-25 18:06:51.312] [SFX] {"sound": "civ_move_1", "volume": 0.27}
[2026-09-25 18:06:51.334] [SFX] {"sound": "civ_move_2", "volume": 0.17}
[2026-09-25 18:06:51.335] [SFX] {"sound": "civ_move_2", "volume": 0.16}
[2026-09-25 18:06:51.350] [SFX] {"sound": "civ_move_2", "volume": 0.05}
[2026-09-25 18:06:51.461] [SFX] {"sound": "guardian_move", "volume": 0.01}
[2026-09-25 18:06:51.483] [SFX] {"sound": "civ_move_2", "volume": 0.1}
[2026-09-25 18:06:51.499] [SFX] {"sound": "guardian_move", "volume": 0.1}
[2026-09-25 18:06:51.500] [SFX] {"sound": "civ_move_1", "volume": 0.05}
[2026-09-25 18:06:51.500] [SFX] {"sound": "civ_move_2", "volume": 0.14}
[2026-09-25 18:06:51.501] [SFX] {"sound": "civ_move_2", "volume": 0.22}
[2026-09-25 18:06:51.502] [SFX] {"sound": "civ_move_1", "volume": 0.12}
[2026-09-25 18:06:51.503] [SFX] {"sound": "civ_move_1", "volume": 0.23}
[2026-09-25 18:06:51.518] [C] {"civ_pos": [183, 80]}
[2026-09-25 18:06:51.564] [JACK] Subroutine gesichtet. Ob der wertvollen Loot geladen hat?
[2026-09-25 18:06:51.579] [SFX] {"sound": "civ_move_2", "volume": 0.06}
[2026-09-25 18:06:51.607] [M] {"button": 1, "pos": [311, 190], "ui_clicked": true}
[2026-09-25 18:06:51.696] [SFX] {"sound": "guardian_move", "volume": 0.28}
[2026-09-25 18:06:51.719] [SFX] {"sound": "civ_move_2", "volume": 0.14}
[2026-09-25 18:06:51.720] [SFX] {"sound": "civ_move_1", "volume": 0.28}
[2026-09-25 18:06:51.735] [SFX] {"sound": "civ_move_2", "volume": 0.17}
[2026-09-25 18:06:51.736] [SFX] {"sound": "civ_move_2", "volume": 0.16}
[2026-09-25 18:06:51.750] [SFX] {"sound": "civ_move_2", "volume": 0.06}
[2026-09-25 18:06:51.751] [SFX] {"sound": "civ_move_1", "volume": 0.0}
[2026-09-25 18:06:51.752] [SFX] {"sound": "infiltrate 1", "volume": 0.5}
[2026-09-25 18:06:51.811] [SFX] {"sound": "guardian_move", "volume": 0.15}
[2026-09-25 18:06:51.879] [SFX] {"sound": "civ_move_2", "volume": 0.1}
[2026-09-25 18:06:51.900] [SFX] {"sound": "civ_move_2", "volume": 0.01}
[2026-09-25 18:06:51.901] [SFX] {"sound": "civ_move_1", "volume": 0.04}
[2026-09-25 18:06:51.902] [SFX] {"sound": "civ_move_2", "volume": 0.13}
[2026-09-25 18:06:51.902] [SFX] {"sound": "civ_move_2", "volume": 0.22}
[2026-09-25 18:06:51.903] [SFX] {"sound": "civ_move_1", "volume": 0.13}
[2026-09-25 18:06:51.904] [SFX] {"sound": "civ_move_1", "volume": 0.24}
[2026-09-25 18:06:51.980] [SFX] {"sound": "civ_move_2", "volume": 0.07}
[2026-09-25 18:06:52.063] [SFX] {"sound": "guardian_move", "volume": 0.03}
[2026-09-25 18:06:52.095] [SFX] {"sound": "guardian_move", "volume": 0.09}
[2026-09-25 18:06:52.117] [SFX] {"sound": "civ_move_2", "volume": 0.13}
[2026-09-25 18:06:52.118] [SFX] {"sound": "civ_move_1", "volume": 0.3}
[2026-09-25 18:06:52.134] [SFX] {"sound": "civ_move_2", "volume": 0.18}
[2026-09-25 18:06:52.135] [SFX] {"sound": "civ_move_2", "volume": 0.16}
[2026-09-25 18:06:52.153] [SFX] {"sound": "civ_move_2", "volume": 0.07}
[2026-09-25 18:06:52.154] [SFX] {"sound": "civ_move_1", "volume": 0.01}
[2026-09-25 18:06:52.155] [SFX] {"sound": "infiltrate 1", "volume": 0.5}
[2026-09-25 18:06:52.281] [SFX] {"sound": "civ_move_2", "volume": 0.0}
[2026-09-25 18:06:52.304] [SFX] {"sound": "guardian_move", "volume": 0.3}
[2026-09-25 18:06:52.305] [SFX] {"sound": "civ_move_2", "volume": 0.02}
[2026-09-25 18:06:52.305] [SFX] {"sound": "civ_move_2", "volume": 0.1}
[2026-09-25 18:06:52.306] [SFX] {"sound": "civ_move_1", "volume": 0.03}
[2026-09-25 18:06:52.307] [SFX] {"sound": "civ_move_2", "volume": 0.22}
[2026-09-25 18:06:52.308] [SFX] {"sound": "civ_move_1", "volume": 0.15}
[2026-09-25 18:06:52.308] [SFX] {"sound": "civ_move_1", "volume": 0.25}
[2026-09-25 18:06:52.324] [SFX] {"sound": "civ_move_2", "volume": 0.13}
[2026-09-25 18:06:52.385] [SFX] {"sound": "civ_move_2", "volume": 0.07}
[2026-09-25 18:06:52.418] [SFX] {"sound": "guardian_move", "volume": 0.16}
[2026-09-25 18:06:52.518] [SFX] {"sound": "civ_move_2", "volume": 0.13}
[2026-09-25 18:06:52.518] [SFX] {"sound": "civ_move_1", "volume": 0.29}
[2026-09-25 18:06:52.541] [SFX] {"sound": "civ_move_2", "volume": 0.19}
[2026-09-25 18:06:52.541] [SFX] {"sound": "civ_move_2", "volume": 0.16}
[2026-09-25 18:06:52.558] [SFX] {"sound": "civ_move_2", "volume": 0.08}
[2026-09-25 18:06:52.559] [SFX] {"sound": "civ_move_1", "volume": 0.02}
[2026-09-25 18:06:52.560] [SFX] {"sound": "infiltrate 2", "volume": 0.5}
[2026-09-25 18:06:52.669] [SFX] {"sound": "guardian_move", "volume": 0.04}
[2026-09-25 18:06:52.692] [SFX] {"sound": "civ_move_2", "volume": 0.01}
[2026-09-25 18:06:52.692] [SFX] {"sound": "threat_pulse", "volume": 0.32}
[2026-09-25 18:06:52.709] [SFX] {"sound": "civ_move_2", "volume": 0.03}
[2026-09-25 18:06:52.709] [SFX] {"sound": "civ_move_2", "volume": 0.11}
[2026-09-25 18:06:52.710] [SFX] {"sound": "civ_move_1", "volume": 0.03}
[2026-09-25 18:06:52.711] [SFX] {"sound": "civ_move_2", "volume": 0.22}
[2026-09-25 18:06:52.711] [SFX] {"sound": "civ_move_1", "volume": 0.12}
[2026-09-25 18:06:52.712] [SFX] {"sound": "civ_move_1", "volume": 0.27}
[2026-09-25 18:06:52.727] [SFX] {"sound": "guardian_move", "volume": 0.08}
[2026-09-25 18:06:52.727] [SFX] {"sound": "civ_move_2", "volume": 0.13}
[2026-09-25 18:06:52.787] [SFX] {"sound": "civ_move_2", "volume": 0.08}
[2026-09-25 18:06:52.904] [SFX] {"sound": "guardian_move", "volume": 0.33}
[2026-09-25 18:06:52.927] [SFX] {"sound": "civ_move_2", "volume": 0.13}
[2026-09-25 18:06:52.928] [SFX] {"sound": "civ_move_1", "volume": 0.28}
[2026-09-25 18:06:52.947] [SFX] {"sound": "civ_move_1", "volume": 0.0}
[2026-09-25 18:06:52.948] [SFX] {"sound": "civ_move_2", "volume": 0.2}
[2026-09-25 18:06:52.948] [SFX] {"sound": "civ_move_2", "volume": 0.17}
[2026-09-25 18:06:52.964] [SFX] {"sound": "civ_move_2", "volume": 0.09}
[2026-09-25 18:06:52.965] [SFX] {"sound": "civ_move_1", "volume": 0.02}
[2026-09-25 18:06:52.966] [SFX] {"sound": "infiltrate 2", "volume": 0.5}
[2026-09-25 18:06:53.026] [SFX] {"sound": "guardian_move", "volume": 0.21}
[2026-09-25 18:06:53.093] [SFX] {"sound": "civ_move_2", "volume": 0.02}
[2026-09-25 18:06:53.115] [SFX] {"sound": "civ_move_2", "volume": 0.05}
[2026-09-25 18:06:53.116] [SFX] {"sound": "civ_move_2", "volume": 0.12}
[2026-09-25 18:06:53.116] [SFX] {"sound": "civ_move_1", "volume": 0.02}
[2026-09-25 18:06:53.117] [SFX] {"sound": "civ_move_2", "volume": 0.21}
[2026-09-25 18:06:53.118] [SFX] {"sound": "civ_move_1", "volume": 0.12}
[2026-09-25 18:06:53.118] [SFX] {"sound": "civ_move_1", "volume": 0.28}
[2026-09-25 18:06:53.134] [SFX] {"sound": "civ_move_2", "volume": 0.14}
[2026-09-25 18:06:53.195] [SFX] {"sound": "civ_move_2", "volume": 0.09}
[2026-09-25 18:06:53.276] [SFX] {"sound": "guardian_move", "volume": 0.06}
[2026-09-25 18:06:53.326] [SFX] {"sound": "guardian_move", "volume": 0.07}
[2026-09-25 18:06:53.327] [SFX] {"sound": "civ_move_2", "volume": 0.13}
[2026-09-25 18:06:53.328] [SFX] {"sound": "civ_move_1", "volume": 0.27}
[2026-09-25 18:06:53.350] [SFX] {"sound": "civ_move_1", "volume": 0.01}
[2026-09-25 18:06:53.351] [SFX] {"sound": "civ_move_2", "volume": 0.21}
[2026-09-25 18:06:53.352] [SFX] {"sound": "civ_move_2", "volume": 0.16}
[2026-09-25 18:06:53.367] [SFX] {"sound": "civ_move_2", "volume": 0.1}
[2026-09-25 18:06:53.368] [SFX] {"sound": "civ_move_1", "volume": 0.03}
[2026-09-25 18:06:53.369] [SFX] {"sound": "infiltrate 1", "volume": 0.5}
[2026-09-25 18:06:53.495] [SFX] {"sound": "civ_move_2", "volume": 0.03}
[2026-09-25 18:06:53.517] [SFX] {"sound": "guardian_move", "volume": 0.01}
[2026-09-25 18:06:53.518] [SFX] {"sound": "guardian_move", "volume": 0.35}
[2026-09-25 18:06:53.519] [SFX] {"sound": "civ_move_2", "volume": 0.06}
[2026-09-25 18:06:53.519] [SFX] {"sound": "civ_move_2", "volume": 0.12}
[2026-09-25 18:06:53.520] [SFX] {"sound": "civ_move_1", "volume": 0.01}
[2026-09-25 18:06:53.521] [SFX] {"sound": "civ_move_2", "volume": 0.2}
[2026-09-25 18:06:53.521] [SFX] {"sound": "civ_move_1", "volume": 0.13}
[2026-09-25 18:06:53.522] [SFX] {"sound": "civ_move_1", "volume": 0.29}
[2026-09-25 18:06:53.537] [SFX] {"sound": "civ_move_2", "volume": 0.15}
[2026-09-25 18:06:53.598] [SFX] {"sound": "civ_move_2", "volume": 0.1}
[2026-09-25 18:06:53.599] [SFX] {"sound": "threat_pulse", "volume": 0.44}
[2026-09-25 18:06:53.631] [SFX] {"sound": "guardian_move", "volume": 0.24}
[2026-09-25 18:06:53.731] [SFX] {"sound": "civ_move_2", "volume": 0.12}
[2026-09-25 18:06:53.732] [SFX] {"sound": "civ_move_1", "volume": 0.26}
[2026-09-25 18:06:53.754] [SFX] {"sound": "civ_move_1", "volume": 0.02}
[2026-09-25 18:06:53.755] [SFX] {"sound": "civ_move_2", "volume": 0.21}
[2026-09-25 18:06:53.756] [SFX] {"sound": "civ_move_2", "volume": 0.16}
[2026-09-25 18:06:53.771] [SFX] {"sound": "civ_move_2", "volume": 0.12}
[2026-09-25 18:06:53.772] [SFX] {"sound": "civ_move_1", "volume": 0.04}
[2026-09-25 18:06:53.880] [SFX] {"sound": "guardian_move", "volume": 0.07}
[2026-09-25 18:06:53.904] [SFX] {"sound": "civ_move_2", "volume": 0.04}
[2026-09-25 18:06:53.919] [SFX] {"sound": "civ_move_2", "volume": 0.07}
[2026-09-25 18:06:53.920] [SFX] {"sound": "civ_move_2", "volume": 0.13}
[2026-09-25 18:06:53.921] [SFX] {"sound": "civ_move_1", "volume": 0.0}
[2026-09-25 18:06:53.922] [SFX] {"sound": "civ_move_2", "volume": 0.2}
[2026-09-25 18:06:53.922] [SFX] {"sound": "civ_move_1", "volume": 0.14}
[2026-09-25 18:06:53.923] [SFX] {"sound": "civ_move_1", "volume": 0.3}
[2026-09-25 18:06:53.938] [SFX] {"sound": "guardian_move", "volume": 0.05}
[2026-09-25 18:06:53.938] [SFX] {"sound": "civ_move_2", "volume": 0.16}
[2026-09-25 18:06:53.998] [SFX] {"sound": "civ_move_2", "volume": 0.11}
[2026-09-25 18:06:54.021] [C] {"civ_pos": [186, 80]}
[2026-09-25 18:06:54.045] [SFX] {"sound": "alert_trigger", "volume": 1.0}
[2026-09-25 18:06:54.124] [SFX] {"sound": "guardian_move", "volume": 0.04}
[2026-09-25 18:06:54.125] [SFX] {"sound": "guardian_move", "volume": 0.37}
[2026-09-25 18:06:54.147] [SFX] {"sound": "civ_move_2", "volume": 0.12}
[2026-09-25 18:06:54.148] [SFX] {"sound": "civ_move_1", "volume": 0.24}
[2026-09-25 18:06:54.163] [SFX] {"sound": "civ_move_1", "volume": 0.03}
[2026-09-25 18:06:54.164] [SFX] {"sound": "civ_move_2", "volume": 0.22}
[2026-09-25 18:06:54.165] [SFX] {"sound": "civ_move_2", "volume": 0.16}
[2026-09-25 18:06:54.182] [SFX] {"sound": "civ_move_2", "volume": 0.13}
[2026-09-25 18:06:54.183] [SFX] {"sound": "civ_move_1", "volume": 0.04}
[2026-09-25 18:06:54.243] [SFX] {"sound": "guardian_move", "volume": 0.26}
[2026-09-25 18:06:54.308] [SFX] {"sound": "civ_move_2", "volume": 0.05}
[2026-09-25 18:06:54.309] [SFX] {"sound": "threat_pulse", "volume": 0.7}
[2026-09-25 18:06:54.331] [SFX] {"sound": "civ_move_2", "volume": 0.08}
[2026-09-25 18:06:54.332] [SFX] {"sound": "civ_move_2", "volume": 0.14}
[2026-09-25 18:06:54.332] [SFX] {"sound": "civ_move_2", "volume": 0.19}
[2026-09-25 18:06:54.333] [SFX] {"sound": "civ_move_1", "volume": 0.15}
[2026-09-25 18:06:54.333] [SFX] {"sound": "civ_move_1", "volume": 0.29}
[2026-09-25 18:06:54.349] [SFX] {"sound": "civ_move_2", "volume": 0.17}
[2026-09-25 18:06:54.407] [SFX] {"sound": "civ_move_2", "volume": 0.12}
[2026-09-25 18:06:54.429] [SFX] {"sound": "threat_pulse", "volume": 0.7}
[2026-09-25 18:06:54.491] [SFX] {"sound": "guardian_move", "volume": 0.08}
[2026-09-25 18:06:54.524] [SFX] {"sound": "threat_pulse", "volume": 0.7}
[2026-09-25 18:06:54.545] [SFX] {"sound": "guardian_move", "volume": 0.04}
[2026-09-25 18:06:54.563] [SFX] {"sound": "civ_move_1", "volume": 0.03}
[2026-09-25 18:06:54.563] [SFX] {"sound": "civ_move_2", "volume": 0.11}
[2026-09-25 18:06:54.564] [SFX] {"sound": "civ_move_2", "volume": 0.22}
[2026-09-25 18:06:54.565] [SFX] {"sound": "civ_move_2", "volume": 0.16}
[2026-09-25 18:06:54.566] [SFX] {"sound": "civ_move_1", "volume": 0.23}
[2026-09-25 18:06:54.582] [SFX] {"sound": "civ_move_2", "volume": 0.14}
[2026-09-25 18:06:54.583] [SFX] {"sound": "civ_move_1", "volume": 0.05}
[2026-09-25 18:06:54.626] [SFX] {"sound": "threat_pulse", "volume": 0.7}
[2026-09-25 18:06:54.648] [SFX] {"sound": "game_over", "volume": 1.0}
[2026-09-25 18:06:56.805] [SFX] {"sound": "hack_success", "volume": 0.8}
[2026-09-25 18:06:57.658] [SESSION_RESET] {"msg": "--- NEW LIFE STARTED ---"}
[2026-09-25 18:06:57.705] [S] {"map": "Shadowgrid"}
[2026-09-25 18:06:57.731] [JACK] Ah, im Shadowgrid angekommen... endlich.
[2026-09-25 18:06:57.735] [SFX] {"sound": "threat_pulse", "volume": 0.31}
[2026-09-25 18:06:58.296] [SFX] {"sound": "civ_move_1", "volume": 0.19}
[2026-09-25 18:06:58.461] [M] {"button": 1, "pos": [139, 293], "ui_clicked": true}
[2026-09-25 18:06:58.629] [SFX] {"sound": "threat_pulse", "volume": 0.4}
[2026-09-25 18:06:58.695] [SFX] {"sound": "civ_move_1", "volume": 0.19}
[2026-09-25 18:06:59.095] [SFX] {"sound": "civ_move_1", "volume": 0.18}
[2026-09-25 18:06:59.429] [SFX] {"sound": "threat_pulse", "volume": 0.48}
[2026-09-25 18:06:59.495] [SFX] {"sound": "civ_move_1", "volume": 0.18}
[2026-09-25 18:06:59.691] [M] {"button": 1, "pos": [139, 292], "ui_clicked": true}
[2026-09-25 18:06:59.909] [SFX] {"sound": "civ_move_1", "volume": 0.17}
[2026-09-25 18:07:00.040] [SFX] {"sound": "threat_pulse", "volume": 0.54}
[2026-09-25 18:07:00.320] [SFX] {"sound": "civ_move_1", "volume": 0.16}
[2026-09-25 18:07:00.453] [SFX] {"sound": "threat_pulse", "volume": 0.58}
[2026-09-25 18:07:00.723] [SFX] {"sound": "civ_move_1", "volume": 0.15}
[2026-09-25 18:07:00.757] [SFX] {"sound": "threat_pulse", "volume": 0.61}
[2026-09-25 18:07:00.906] [M] {"button": 3, "pos": [139, 291], "ui_clicked": true}
[2026-09-25 18:07:01.064] [SFX] {"sound": "threat_pulse", "volume": 0.65}
[2026-09-25 18:07:01.130] [SFX] {"sound": "civ_move_1", "volume": 0.14}
[2026-09-25 18:07:01.279] [SFX] {"sound": "threat_pulse", "volume": 0.67}
[2026-09-25 18:07:01.379] [SFX] {"sound": "threat_pulse", "volume": 0.68}
[2026-09-25 18:07:01.494] [SFX] {"sound": "threat_pulse", "volume": 0.69}
[2026-09-25 18:07:01.543] [SFX] {"sound": "civ_move_1", "volume": 0.13}
[2026-09-25 18:07:01.594] [M] {"button": 1, "pos": [159, 326], "ui_clicked": true}
[2026-09-25 18:07:01.630] [SFX] {"sound": "threat_pulse", "volume": 0.7}
[2026-09-25 18:07:01.645] [SFX] {"sound": "alert_trigger", "volume": 1.0}
[2026-09-25 18:07:01.706] [SFX] {"sound": "threat_pulse", "volume": 0.7}
[2026-09-25 18:07:01.954] [SFX] {"sound": "civ_move_1", "volume": 0.13}
[2026-09-25 18:07:02.051] [SFX] {"sound": "threat_pulse", "volume": 0.7}
[2026-09-25 18:07:02.366] [SFX] {"sound": "civ_move_1", "volume": 0.12}
[2026-09-25 18:07:02.389] [SFX] {"sound": "threat_pulse", "volume": 0.7}
[2026-09-25 18:07:02.615] [M] {"button": 1, "pos": [305, 204], "ui_clicked": false}
[2026-09-25 18:07:02.624] [SFX] {"sound": "action_cancel", "volume": 1.0}
[2026-09-25 18:07:02.699] [SFX] {"sound": "threat_pulse", "volume": 0.7}
[2026-09-25 18:07:02.766] [SFX] {"sound": "civ_move_1", "volume": 0.11}
[2026-09-25 18:07:02.800] [SFX] {"sound": "threat_pulse", "volume": 0.7}
[2026-09-25 18:07:03.165] [M] {"button": 1, "pos": [292, 196], "ui_clicked": false}
[2026-09-25 18:07:03.173] [P] {"start": [40, 26], "goal": [36, 28], "length": 2, "is_direction_change": false}
[2026-09-25 18:07:03.174] [SFX] {"sound": "click_target", "volume": 0.72}
[2026-09-25 18:07:03.196] [JACK] Hörst du das Wummern? Sentinels in der Nähe... Bloß keinen falschen Schritt machen!
[2026-09-25 18:07:03.197] [SFX] {"sound": "player_move", "volume": 0.4}
[2026-09-25 18:07:03.197] [SFX] {"sound": "civ_move_1", "volume": 0.1}
[2026-09-25 18:07:03.239] [SFX] {"sound": "threat_pulse", "volume": 0.7}
[2026-09-25 18:07:03.586] [SFX] {"sound": "civ_move_1", "volume": 0.07}
[2026-09-25 18:07:03.608] [SFX] {"sound": "alert_trigger", "volume": 1.0}
[2026-09-25 18:07:03.683] [SFX] {"sound": "threat_pulse", "volume": 0.7}
[2026-09-25 18:07:03.830] [M] {"button": 1, "pos": [292, 196], "ui_clicked": false}
[2026-09-25 18:07:03.898] [SFX] {"sound": "threat_pulse", "volume": 0.7}
[2026-09-25 18:07:03.996] [SFX] {"sound": "civ_move_1", "volume": 0.06}
[2026-09-25 18:07:04.019] [SFX] {"sound": "threat_pulse", "volume": 0.7}
[2026-09-25 18:07:04.162] [M] {"button": 1, "pos": [286, 185], "ui_clicked": false}
[2026-09-25 18:07:04.170] [P] {"start": [36, 28], "goal": [31, 28], "length": 1, "is_direction_change": false}
[2026-09-25 18:07:04.171] [SFX] {"sound": "click_target", "volume": 0.72}
[2026-09-25 18:07:04.212] [SFX] {"sound": "player_move", "volume": 0.4}
[2026-09-25 18:07:04.230] [SFX] {"sound": "threat_pulse", "volume": 0.7}
[2026-09-25 18:07:04.409] [SFX] {"sound": "civ_move_1", "volume": 0.02}
[2026-09-25 18:07:04.442] [SFX] {"sound": "threat_pulse", "volume": 0.7}
[2026-09-25 18:07:04.642] [M] {"button": 1, "pos": [286, 185], "ui_clicked": false}
[2026-09-25 18:07:04.659] [SFX] {"sound": "threat_pulse", "volume": 0.7}
[2026-09-25 18:07:04.808] [SFX] {"sound": "civ_move_1", "volume": 0.01}
[2026-09-25 18:07:04.892] [SFX] {"sound": "threat_pulse", "volume": 0.7}
[2026-09-25 18:07:05.159] [M] {"button": 1, "pos": [371, 217], "ui_clicked": false}
[2026-09-25 18:07:05.167] [P] {"start": [31, 28], "goal": [37, 32], "length": 5, "is_direction_change": false}
[2026-09-25 18:07:05.167] [SFX] {"sound": "click_target", "volume": 0.64}
[2026-09-25 18:07:05.196] [JACK] Verdammt, die Sentinels kreisen um uns... Ich habe echte Angst, ertappt zu werden!
[2026-09-25 18:07:05.212] [SFX] {"sound": "threat_pulse", "volume": 0.7}
[2026-09-25 18:07:05.239] [SFX] {"sound": "player_move", "volume": 0.4}
[2026-09-25 18:07:05.306] [SFX] {"sound": "threat_pulse", "volume": 0.7}
[2026-09-25 18:07:05.540] [SFX] {"sound": "player_move", "volume": 0.4}
[2026-09-25 18:07:05.605] [SFX] {"sound": "alert_trigger", "volume": 1.0}
[2026-09-25 18:07:05.627] [SFX] {"sound": "threat_pulse", "volume": 0.7}
[2026-09-25 18:07:05.644] [SFX] {"sound": "civ_move_1", "volume": 0.0}
[2026-09-25 18:07:05.734] [SFX] {"sound": "threat_pulse", "volume": 0.7}
[2026-09-25 18:07:05.964] [M] {"button": 1, "pos": [380, 207], "ui_clicked": false}
[2026-09-25 18:07:06.047] [SFX] {"sound": "civ_move_1", "volume": 0.02}
[2026-09-25 18:07:06.069] [SFX] {"sound": "threat_pulse", "volume": 0.7}
[2026-09-25 18:07:06.448] [M] {"button": 1, "pos": [371, 190], "ui_clicked": false}
[2026-09-25 18:07:06.455] [SFX] {"sound": "civ_move_1", "volume": 0.01}
[2026-09-25 18:07:06.471] [SFX] {"sound": "threat_pulse", "volume": 0.7}
[2026-09-25 18:07:06.877] [M] {"button": 1, "pos": [372, 186], "ui_clicked": false}
[2026-09-25 18:07:06.884] [P] {"start": [37, 32], "goal": [43, 32], "length": 1, "is_direction_change": false}
[2026-09-25 18:07:06.885] [SFX] {"sound": "click_target", "volume": 0.67}
[2026-09-25 18:07:06.932] [JACK] Diese Bedrohung ist greifbar... Die Wachen dürfen unser Signal nicht isolieren.
[2026-09-25 18:07:06.933] [SFX] {"sound": "threat_pulse", "volume": 0.7}
[2026-09-25 18:07:06.947] [SFX] {"sound": "player_move", "volume": 0.4}
[2026-09-25 18:07:07.008] [SFX] {"sound": "threat_pulse", "volume": 0.7}
[2026-09-25 18:07:07.276] [SFX] {"sound": "civ_move_1", "volume": 0.03}
[2026-09-25 18:07:07.341] [SFX] {"sound": "threat_pulse", "volume": 0.7}
[2026-09-25 18:07:07.537] [M] {"button": 1, "pos": [372, 186], "ui_clicked": false}
[2026-09-25 18:07:07.544] [P] {"start": [43, 32], "goal": [49, 32], "length": 1, "is_direction_change": false}
[2026-09-25 18:07:07.545] [SFX] {"sound": "click_target", "volume": 0.68}
[2026-09-25 18:07:07.591] [JACK] Achtung! Guardians patrouillieren den Sektor. Wir müssen extrem vorsichtig sein!
[2026-09-25 18:07:07.607] [SFX] {"sound": "threat_pulse", "volume": 0.7}
[2026-09-25 18:07:07.624] [SFX] {"sound": "player_move", "volume": 0.4}
[2026-09-25 18:07:07.625] [SFX] {"sound": "alert_trigger", "volume": 1.0}
[2026-09-25 18:07:07.684] [SFX] {"sound": "civ_move_1", "volume": 0.04}
[2026-09-25 18:07:07.708] [SFX] {"sound": "threat_pulse", "volume": 0.7}
[2026-09-25 18:07:08.066] [M] {"button": 1, "pos": [372, 186], "ui_clicked": false}
[2026-09-25 18:07:08.073] [P] {"start": [49, 32], "goal": [54, 32], "length": 1, "is_direction_change": false}
[2026-09-25 18:07:08.074] [SFX] {"sound": "click_target", "volume": 0.69}
[2026-09-25 18:07:08.096] [JACK] Überall Wacheinheiten... Ihr bedrohliches Summen brennt sich ins Deck.
[2026-09-25 18:07:08.097] [SFX] {"sound": "civ_move_1", "volume": 0.05}
[2026-09-25 18:07:08.138] [SFX] {"sound": "threat_pulse", "volume": 0.7}
[2026-09-25 18:07:08.160] [SFX] {"sound": "player_move", "volume": 0.4}
[2026-09-25 18:07:08.239] [SFX] {"sound": "threat_pulse", "volume": 0.7}
[2026-09-25 18:07:08.489] [SFX] {"sound": "civ_move_1", "volume": 0.07}
[2026-09-25 18:07:08.555] [SFX] {"sound": "threat_pulse", "volume": 0.7}
[2026-09-25 18:07:08.588] [M] {"button": 1, "pos": [372, 186], "ui_clicked": false}
[2026-09-25 18:07:08.596] [P] {"start": [54, 32], "goal": [59, 32], "length": 1, "is_direction_change": false}
[2026-09-25 18:07:08.597] [SFX] {"sound": "click_target", "volume": 0.68}
[2026-09-25 18:07:08.669] [SFX] {"sound": "threat_pulse", "volume": 0.7}
[2026-09-25 18:07:08.752] [SFX] {"sound": "player_move", "volume": 0.4}
[2026-09-25 18:07:08.774] [SFX] {"sound": "threat_pulse", "volume": 0.7}
[2026-09-25 18:07:08.900] [SFX] {"sound": "civ_move_1", "volume": 0.1}
[2026-09-25 18:07:08.984] [SFX] {"sound": "threat_pulse", "volume": 0.7}
[2026-09-25 18:07:09.281] [M] {"button": 1, "pos": [372, 186], "ui_clicked": false}
[2026-09-25 18:07:09.290] [P] {"start": [59, 32], "goal": [65, 32], "length": 1, "is_direction_change": false}
[2026-09-25 18:07:09.291] [SFX] {"sound": "click_target", "volume": 0.67}
[2026-09-25 18:07:09.325] [JACK] Diese Bedrohung ist greifbar... Die Wachen dürfen unser Signal nicht isolieren.
[2026-09-25 18:07:09.326] [SFX] {"sound": "civ_move_1", "volume": 0.09}
[2026-09-25 18:07:09.326] [SFX] {"sound": "threat_pulse", "volume": 0.7}
[2026-09-25 18:07:09.503] [SFX] {"sound": "player_move", "volume": 0.4}
[2026-09-25 18:07:09.504] [SFX] {"sound": "threat_pulse", "volume": 0.7}
[2026-09-25 18:07:09.618] [SFX] {"sound": "alert_trigger", "volume": 1.0}
[2026-09-25 18:07:09.701] [SFX] {"sound": "civ_move_1", "volume": 0.12}
[2026-09-25 18:07:09.724] [SFX] {"sound": "threat_pulse", "volume": 0.7}
[2026-09-25 18:07:09.890] [M] {"button": 1, "pos": [372, 186], "ui_clicked": false}
[2026-09-25 18:07:09.897] [P] {"start": [65, 32], "goal": [70, 32], "length": 1, "is_direction_change": false}
[2026-09-25 18:07:09.897] [SFX] {"sound": "click_target", "volume": 0.68}
[2026-09-25 18:07:09.932] [SFX] {"sound": "threat_pulse", "volume": 0.7}
[2026-09-25 18:07:10.113] [SFX] {"sound": "civ_move_1", "volume": 0.14}
[2026-09-25 18:07:10.137] [SFX] {"sound": "player_move", "volume": 0.4}
[2026-09-25 18:07:10.163] [SFX] {"sound": "threat_pulse", "volume": 0.7}
[2026-09-25 18:07:10.525] [SFX] {"sound": "civ_move_1", "volume": 0.13}
[2026-09-25 18:07:10.559] [M] {"button": 1, "pos": [372, 186], "ui_clicked": false}
[2026-09-25 18:07:10.567] [P] {"start": [70, 32], "goal": [76, 32], "length": 1, "is_direction_change": false}
[2026-09-25 18:07:10.568] [SFX] {"sound": "click_target", "volume": 0.68}
[2026-09-25 18:07:10.614] [JACK] Achtung! Guardians patrouillieren den Sektor. Wir müssen extrem vorsichtig sein!
[2026-09-25 18:07:10.629] [SFX] {"sound": "threat_pulse", "volume": 0.7}
[2026-09-25 18:07:10.939] [SFX] {"sound": "civ_move_1", "volume": 0.16}
[2026-09-25 18:07:10.961] [SFX] {"sound": "threat_pulse", "volume": 0.7}
[2026-09-25 18:07:11.217] [M] {"button": 1, "pos": [372, 186], "ui_clicked": false}
[2026-09-25 18:07:11.225] [P] {"start": [76, 32], "goal": [82, 32], "length": 1, "is_direction_change": false}
[2026-09-25 18:07:11.226] [SFX] {"sound": "click_target", "volume": 0.68}
[2026-09-25 18:07:11.248] [JACK] Diese Bedrohung ist greifbar... Die Wachen dürfen unser Signal nicht isolieren.
[2026-09-25 18:07:11.249] [SFX] {"sound": "player_move", "volume": 0.4}
[2026-09-25 18:07:11.274] [SFX] {"sound": "threat_pulse", "volume": 0.7}
[2026-09-25 18:07:11.339] [SFX] {"sound": "civ_move_1", "volume": 0.17}
[2026-09-25 18:07:11.390] [SFX] {"sound": "threat_pulse", "volume": 0.7}
[2026-09-25 18:07:11.721] [SFX] {"sound": "threat_pulse", "volume": 0.69}
[2026-09-25 18:07:11.754] [SFX] {"sound": "civ_move_1", "volume": 0.18}
[2026-09-25 18:07:11.788] [M] {"button": 1, "pos": [372, 186], "ui_clicked": false}
[2026-09-25 18:07:11.795] [P] {"start": [82, 32], "goal": [87, 32], "length": 1, "is_direction_change": false}
[2026-09-25 18:07:11.796] [SFX] {"sound": "click_target", "volume": 0.68}
[2026-09-25 18:07:11.840] [SFX] {"sound": "player_move", "volume": 0.4}
[2026-09-25 18:07:11.841] [SFX] {"sound": "threat_pulse", "volume": 0.69}
[2026-09-25 18:07:11.941] [SFX] {"sound": "threat_pulse", "volume": 0.68}
[2026-09-25 18:07:12.143] [SFX] {"sound": "threat_pulse", "volume": 0.67}
[2026-09-25 18:07:12.166] [SFX] {"sound": "civ_move_1", "volume": 0.21}
[2026-09-25 18:07:12.245] [SFX] {"sound": "threat_pulse", "volume": 0.67}
[2026-09-25 18:07:12.261] [M] {"button": 1, "pos": [383, 186], "ui_clicked": false}
[2026-09-25 18:07:12.270] [P] {"start": [87, 32], "goal": [93, 32], "length": 1, "is_direction_change": false}
[2026-09-25 18:07:12.270] [SFX] {"sound": "click_target", "volume": 0.66}
[2026-09-25 18:07:12.310] [JACK] Achtung! Guardians patrouillieren den Sektor. Wir müssen extrem vorsichtig sein!
[2026-09-25 18:07:12.352] [SFX] {"sound": "threat_pulse", "volume": 0.66}
[2026-09-25 18:07:12.384] [SFX] {"sound": "player_move", "volume": 0.4}
[2026-09-25 18:07:12.466] [SFX] {"sound": "threat_pulse", "volume": 0.66}
[2026-09-25 18:07:12.566] [SFX] {"sound": "civ_move_1", "volume": 0.24}
[2026-09-25 18:07:12.681] [SFX] {"sound": "threat_pulse", "volume": 0.65}
[2026-09-25 18:07:12.698] [M] {"button": 1, "pos": [386, 186], "ui_clicked": false}
[2026-09-25 18:07:12.705] [P] {"start": [93, 32], "goal": [99, 32], "length": 1, "is_direction_change": false}
[2026-09-25 18:07:12.706] [SFX] {"sound": "click_target", "volume": 0.66}
[2026-09-25 18:07:12.728] [JACK] Überall Wacheinheiten... Ihr bedrohliches Summen brennt sich ins Deck.
[2026-09-25 18:07:12.837] [SFX] {"sound": "player_move", "volume": 0.4}
[2026-09-25 18:07:12.886] [SFX] {"sound": "threat_pulse", "volume": 0.64}
[2026-09-25 18:07:12.968] [SFX] {"sound": "civ_move_1", "volume": 0.27}
[2026-09-25 18:07:13.099] [SFX] {"sound": "threat_pulse", "volume": 0.63}
[2026-09-25 18:07:13.299] [SFX] {"sound": "threat_pulse", "volume": 0.62}
[2026-09-25 18:07:13.315] [M] {"button": 1, "pos": [386, 186], "ui_clicked": false}
[2026-09-25 18:07:13.322] [P] {"start": [99, 32], "goal": [106, 32], "length": 1, "is_direction_change": false}
[2026-09-25 18:07:13.323] [SFX] {"sound": "click_target", "volume": 0.65}
[2026-09-25 18:07:13.358] [JACK] Achtung! Guardians patrouillieren den Sektor. Wir müssen extrem vorsichtig sein!
[2026-09-25 18:07:13.374] [SFX] {"sound": "civ_move_1", "volume": 0.27}
[2026-09-25 18:07:13.483] [SFX] {"sound": "player_move", "volume": 0.4}
[2026-09-25 18:07:13.504] [C] {"civ_pos": [104, 32]}
[2026-09-25 18:07:13.603] [SFX] {"sound": "threat_pulse", "volume": 0.6}
[2026-09-25 18:07:13.718] [SFX] {"sound": "civ_move_2", "volume": 0.04}
[2026-09-25 18:07:13.783] [SFX] {"sound": "civ_move_1", "volume": 0.3}
[2026-09-25 18:07:13.902] [SFX] {"sound": "civ_move_2", "volume": 0.01}
[2026-09-25 18:07:13.903] [SFX] {"sound": "civ_move_2", "volume": 0.02}
[2026-09-25 18:07:13.925] [SFX] {"sound": "threat_pulse", "volume": 0.59}
[2026-09-25 18:07:14.119] [SFX] {"sound": "civ_move_2", "volume": 0.05}
[2026-09-25 18:07:14.187] [SFX] {"sound": "civ_move_1", "volume": 0.29}
[2026-09-25 18:07:14.220] [SFX] {"sound": "threat_pulse", "volume": 0.57}
[2026-09-25 18:07:14.307] [SFX] {"sound": "civ_move_2", "volume": 0.01}
[2026-09-25 18:07:14.523] [SFX] {"sound": "civ_move_2", "volume": 0.06}
[2026-09-25 18:07:14.589] [SFX] {"sound": "civ_move_1", "volume": 0.28}
[2026-09-25 18:07:14.621] [SFX] {"sound": "threat_pulse", "volume": 0.55}
[2026-09-25 18:07:14.707] [SFX] {"sound": "civ_move_2", "volume": 0.01}
[2026-09-25 18:07:14.923] [SFX] {"sound": "civ_move_2", "volume": 0.08}
[2026-09-25 18:07:14.991] [SFX] {"sound": "civ_move_1", "volume": 0.27}
[2026-09-25 18:07:15.024] [SFX] {"sound": "threat_pulse", "volume": 0.53}
[2026-09-25 18:07:15.108] [SFX] {"sound": "civ_move_2", "volume": 0.0}
[2026-09-25 18:07:15.337] [M] {"button": 1, "pos": [356, 188], "ui_clicked": false}
[2026-09-25 18:07:15.345] [SFX] {"sound": "civ_move_2", "volume": 0.09}
[2026-09-25 18:07:15.346] [SFX] {"sound": "click_target", "volume": 0.71}
[2026-09-25 18:07:15.406] [SFX] {"sound": "civ_move_1", "volume": 0.26}
[2026-09-25 18:07:15.473] [SFX] {"sound": "player_move", "volume": 0.4}
[2026-09-25 18:07:15.521] [SFX] {"sound": "civ_move_2", "volume": 0.01}
[2026-09-25 18:07:15.543] [SFX] {"sound": "threat_pulse", "volume": 0.51}
[2026-09-25 18:07:15.753] [SFX] {"sound": "civ_move_1", "volume": 0.01}
[2026-09-25 18:07:15.754] [SFX] {"sound": "civ_move_2", "volume": 0.15}
[2026-09-25 18:07:15.787] [SFX] {"sound": "player_move", "volume": 0.4}
[2026-09-25 18:07:15.819] [SFX] {"sound": "civ_move_1", "volume": 0.29}
[2026-09-25 18:07:15.937] [SFX] {"sound": "civ_move_2", "volume": 0.0}
[2026-09-25 18:07:15.938] [SFX] {"sound": "civ_move_2", "volume": 0.03}
[2026-09-25 18:07:16.003] [C] {"civ_pos": [114, 32]}
[2026-09-25 18:07:16.052] [SFX] {"sound": "threat_pulse", "volume": 0.51}
[2026-09-25 18:07:16.086] [SFX] {"sound": "player_move", "volume": 0.4}
[2026-09-25 18:07:16.153] [SFX] {"sound": "civ_move_1", "volume": 0.02}
[2026-09-25 18:07:16.154] [SFX] {"sound": "civ_move_2", "volume": 0.17}
[2026-09-25 18:07:16.219] [SFX] {"sound": "civ_move_1", "volume": 0.29}
[2026-09-25 18:07:16.349] [SFX] {"sound": "civ_move_2", "volume": 0.03}
[2026-09-25 18:07:16.397] [SFX] {"sound": "player_move", "volume": 0.4}
[2026-09-25 18:07:16.429] [M] {"button": 1, "pos": [370, 195], "ui_clicked": true}
[2026-09-25 18:07:16.553] [SFX] {"sound": "civ_move_1", "volume": 0.02}
[2026-09-25 18:07:16.554] [SFX] {"sound": "civ_move_2", "volume": 0.2}
[2026-09-25 18:07:16.555] [SFX] {"sound": "civ_move_1", "volume": 0.01}
[2026-09-25 18:07:16.555] [SFX] {"sound": "threat_pulse", "volume": 0.52}
[2026-09-25 18:07:16.619] [SFX] {"sound": "civ_move_1", "volume": 0.29}
[2026-09-25 18:07:16.704] [SFX] {"sound": "player_move", "volume": 0.4}
[2026-09-25 18:07:16.755] [SFX] {"sound": "civ_move_2", "volume": 0.03}
[2026-09-25 18:07:16.922] [M] {"button": 1, "pos": [374, 211], "ui_clicked": true}
[2026-09-25 18:07:16.964] [SFX] {"sound": "civ_move_1", "volume": 0.02}
[2026-09-25 18:07:16.965] [SFX] {"sound": "civ_move_2", "volume": 0.22}
[2026-09-25 18:07:16.966] [SFX] {"sound": "civ_move_1", "volume": 0.03}
[2026-09-25 18:07:17.015] [SFX] {"sound": "player_move", "volume": 0.4}
[2026-09-25 18:07:17.036] [SFX] {"sound": "civ_move_1", "volume": 0.29}
[2026-09-25 18:07:17.063] [SFX] {"sound": "threat_pulse", "volume": 0.52}
[2026-09-25 18:07:17.162] [SFX] {"sound": "civ_move_2", "volume": 0.02}
[2026-09-25 18:07:17.163] [SFX] {"sound": "infiltrate 1", "volume": 0.5}
[2026-09-25 18:07:17.329] [SFX] {"sound": "player_move", "volume": 0.4}
[2026-09-25 18:07:17.377] [SFX] {"sound": "civ_move_1", "volume": 0.03}
[2026-09-25 18:07:17.378] [SFX] {"sound": "civ_move_2", "volume": 0.25}
[2026-09-25 18:07:17.379] [SFX] {"sound": "civ_move_1", "volume": 0.06}
[2026-09-25 18:07:17.442] [SFX] {"sound": "civ_move_1", "volume": 0.29}
[2026-09-25 18:07:17.574] [SFX] {"sound": "threat_pulse", "volume": 0.53}
[2026-09-25 18:07:17.575] [SFX] {"sound": "infiltrate 2", "volume": 0.5}
[2026-09-25 18:07:17.597] [SFX] {"sound": "civ_move_2", "volume": 0.03}
[2026-09-25 18:07:17.636] [SFX] {"sound": "player_move", "volume": 0.4}
[2026-09-25 18:07:17.786] [SFX] {"sound": "civ_move_1", "volume": 0.03}
[2026-09-25 18:07:17.787] [SFX] {"sound": "civ_move_2", "volume": 0.27}
[2026-09-25 18:07:17.788] [SFX] {"sound": "civ_move_1", "volume": 0.08}
[2026-09-25 18:07:17.853] [SFX] {"sound": "civ_move_1", "volume": 0.29}
[2026-09-25 18:07:17.938] [SFX] {"sound": "player_move", "volume": 0.4}
[2026-09-25 18:07:17.987] [SFX] {"sound": "infiltrate 2", "volume": 0.5}
[2026-09-25 18:07:18.010] [SFX] {"sound": "civ_move_2", "volume": 0.04}
[2026-09-25 18:07:18.089] [SFX] {"sound": "threat_pulse", "volume": 0.54}
[2026-09-25 18:07:18.203] [SFX] {"sound": "civ_move_1", "volume": 0.03}
[2026-09-25 18:07:18.205] [SFX] {"sound": "civ_move_2", "volume": 0.3}
[2026-09-25 18:07:18.206] [SFX] {"sound": "civ_move_1", "volume": 0.11}
[2026-09-25 18:07:18.251] [SFX] {"sound": "player_move", "volume": 0.4}
[2026-09-25 18:07:18.274] [SFX] {"sound": "civ_move_1", "volume": 0.29}
[2026-09-25 18:07:18.400] [SFX] {"sound": "civ_move_2", "volume": 0.0}
[2026-09-25 18:07:18.401] [SFX] {"sound": "infiltrate 2", "volume": 0.5}
[2026-09-25 18:07:18.423] [SFX] {"sound": "civ_move_2", "volume": 0.06}
[2026-09-25 18:07:18.513] [C] {"civ_pos": [121, 32]}
[2026-09-25 18:07:18.565] [SFX] {"sound": "player_move", "volume": 0.4}
[2026-09-25 18:07:18.598] [SFX] {"sound": "threat_pulse", "volume": 0.56}
[2026-09-25 18:07:18.622] [SFX] {"sound": "civ_move_1", "volume": 0.03}
[2026-09-25 18:07:18.623] [SFX] {"sound": "civ_move_2", "volume": 0.28}
[2026-09-25 18:07:18.624] [SFX] {"sound": "civ_move_1", "volume": 0.13}
[2026-09-25 18:07:18.682] [SFX] {"sound": "civ_move_1", "volume": 0.29}
[2026-09-25 18:07:18.812] [SFX] {"sound": "infiltrate 1", "volume": 0.5}
[2026-09-25 18:07:18.834] [SFX] {"sound": "civ_move_2", "volume": 0.06}
[2026-09-25 18:07:18.878] [SFX] {"sound": "player_move", "volume": 0.4}
[2026-09-25 18:07:19.010] [SFX] {"sound": "threat_pulse", "volume": 0.6}
[2026-09-25 18:07:19.031] [SFX] {"sound": "civ_move_1", "volume": 0.02}
[2026-09-25 18:07:19.032] [SFX] {"sound": "civ_move_2", "volume": 0.27}
[2026-09-25 18:07:19.032] [SFX] {"sound": "civ_move_1", "volume": 0.14}
[2026-09-25 18:07:19.092] [SFX] {"sound": "civ_move_1", "volume": 0.29}
[2026-09-25 18:07:19.192] [SFX] {"sound": "player_move", "volume": 0.4}
[2026-09-25 18:07:19.225] [SFX] {"sound": "infiltrate 2", "volume": 0.5}
[2026-09-25 18:07:19.249] [SFX] {"sound": "civ_move_2", "volume": 0.06}
[2026-09-25 18:07:19.324] [SFX] {"sound": "threat_pulse", "volume": 0.63}
[2026-09-25 18:07:19.364] [JACK] Verdammt, die Sentinels kreisen um uns... Ich habe echte Angst, ertappt zu werden!
[2026-09-25 18:07:19.441] [SFX] {"sound": "civ_move_1", "volume": 0.01}
[2026-09-25 18:07:19.442] [SFX] {"sound": "civ_move_2", "volume": 0.26}
[2026-09-25 18:07:19.442] [SFX] {"sound": "civ_move_1", "volume": 0.15}
[2026-09-25 18:07:19.507] [SFX] {"sound": "player_move", "volume": 0.4}
[2026-09-25 18:07:19.508] [SFX] {"sound": "civ_move_1", "volume": 0.29}
[2026-09-25 18:07:19.530] [SFX] {"sound": "threat_pulse", "volume": 0.65}
[2026-09-25 18:07:19.624] [SFX] {"sound": "infiltrate 2", "volume": 0.5}
[2026-09-25 18:07:19.646] [SFX] {"sound": "civ_move_2", "volume": 0.07}
[2026-09-25 18:07:19.726] [SFX] {"sound": "threat_pulse", "volume": 0.67}
[2026-09-25 18:07:19.809] [SFX] {"sound": "player_move", "volume": 0.4}
[2026-09-25 18:07:19.832] [SFX] {"sound": "threat_pulse", "volume": 0.68}
[2026-09-25 18:07:19.847] [SFX] {"sound": "civ_move_1", "volume": 0.0}
[2026-09-25 18:07:19.848] [SFX] {"sound": "civ_move_2", "volume": 0.0}
[2026-09-25 18:07:19.849] [SFX] {"sound": "civ_move_2", "volume": 0.25}
[2026-09-25 18:07:19.849] [SFX] {"sound": "civ_move_1", "volume": 0.17}
[2026-09-25 18:07:19.909] [SFX] {"sound": "civ_move_1", "volume": 0.29}
[2026-09-25 18:07:19.932] [SFX] {"sound": "threat_pulse", "volume": 0.69}
[2026-09-25 18:07:19.933] [SFX] {"sound": "hack_success", "volume": 1.0}
[2026-09-25 18:07:20.040] [SFX] {"sound": "threat_pulse", "volume": 0.68}
[2026-09-25 18:07:20.062] [SFX] {"sound": "civ_move_2", "volume": 0.08}
[2026-09-25 18:07:20.155] [SFX] {"sound": "threat_pulse", "volume": 0.68}
[2026-09-25 18:07:20.255] [SFX] {"sound": "civ_move_2", "volume": 0.01}
[2026-09-25 18:07:20.256] [SFX] {"sound": "civ_move_2", "volume": 0.24}
[2026-09-25 18:07:20.270] [SFX] {"sound": "civ_move_1", "volume": 0.18}
[2026-09-25 18:07:20.271] [SFX] {"sound": "threat_pulse", "volume": 0.67}
[2026-09-25 18:07:20.316] [SFX] {"sound": "civ_move_1", "volume": 0.29}
[2026-09-25 18:07:20.366] [SFX] {"sound": "threat_pulse", "volume": 0.67}
[2026-09-25 18:07:20.465] [SFX] {"sound": "civ_move_2", "volume": 0.08}
[2026-09-25 18:07:20.466] [SFX] {"sound": "threat_pulse", "volume": 0.66}
[2026-09-25 18:07:20.664] [SFX] {"sound": "civ_move_2", "volume": 0.02}
[2026-09-25 18:07:20.665] [SFX] {"sound": "civ_move_2", "volume": 0.22}
[2026-09-25 18:07:20.666] [SFX] {"sound": "civ_move_1", "volume": 0.19}
[2026-09-25 18:07:20.697] [M] {"button": 1, "pos": [261, 170], "ui_clicked": false}
[2026-09-25 18:07:20.730] [SFX] {"sound": "civ_move_1", "volume": 0.29}
[2026-09-25 18:07:20.796] [SFX] {"sound": "threat_pulse", "volume": 0.65}
[2026-09-25 18:07:20.879] [SFX] {"sound": "civ_move_2", "volume": 0.08}
[2026-09-25 18:07:20.996] [SFX] {"sound": "threat_pulse", "volume": 0.63}
[2026-09-25 18:07:21.029] [C] {"civ_pos": [124, 32]}
[2026-09-25 18:07:21.085] [SFX] {"sound": "civ_move_2", "volume": 0.02}
[2026-09-25 18:07:21.086] [SFX] {"sound": "civ_move_2", "volume": 0.21}
[2026-09-25 18:07:21.086] [SFX] {"sound": "civ_move_1", "volume": 0.2}
[2026-09-25 18:07:21.101] [M] {"button": 1, "pos": [268, 185], "ui_clicked": false}
[2026-09-25 18:07:21.109] [P] {"start": [123, 32], "goal": [116, 32], "length": 1, "is_direction_change": false}
[2026-09-25 18:07:21.110] [SFX] {"sound": "click_target", "volume": 0.67}
[2026-09-25 18:07:21.130] [JACK] Achtung! Guardians patrouillieren den Sektor. Wir müssen extrem vorsichtig sein!
[2026-09-25 18:07:21.146] [SFX] {"sound": "civ_move_1", "volume": 0.29}
[2026-09-25 18:07:21.207] [SFX] {"sound": "threat_pulse", "volume": 0.62}
[2026-09-25 18:07:21.290] [SFX] {"sound": "player_move", "volume": 0.4}
[2026-09-25 18:07:21.291] [SFX] {"sound": "civ_move_2", "volume": 0.06}
[2026-09-25 18:07:21.405] [SFX] {"sound": "threat_pulse", "volume": 0.61}
[2026-09-25 18:07:21.489] [SFX] {"sound": "civ_move_2", "volume": 0.25}
[2026-09-25 18:07:21.489] [SFX] {"sound": "civ_move_1", "volume": 0.16}
[2026-09-25 18:07:21.554] [SFX] {"sound": "civ_move_1", "volume": 0.24}
[2026-09-25 18:07:21.705] [SFX] {"sound": "civ_move_2", "volume": 0.06}
[2026-09-25 18:07:21.726] [SFX] {"sound": "threat_pulse", "volume": 0.6}
[2026-09-25 18:07:21.901] [SFX] {"sound": "civ_move_2", "volume": 0.0}
[2026-09-25 18:07:21.902] [SFX] {"sound": "civ_move_2", "volume": 0.24}
[2026-09-25 18:07:21.902] [SFX] {"sound": "civ_move_1", "volume": 0.17}
[2026-09-25 18:07:21.969] [SFX] {"sound": "civ_move_1", "volume": 0.24}
[2026-09-25 18:07:22.036] [SFX] {"sound": "threat_pulse", "volume": 0.58}
[2026-09-25 18:07:22.119] [SFX] {"sound": "civ_move_2", "volume": 0.07}
[2026-09-25 18:07:22.302] [SFX] {"sound": "civ_move_2", "volume": 0.01}
[2026-09-25 18:07:22.302] [SFX] {"sound": "civ_move_2", "volume": 0.23}
[2026-09-25 18:07:22.303] [SFX] {"sound": "civ_move_1", "volume": 0.19}
[2026-09-25 18:07:22.353] [SFX] {"sound": "threat_pulse", "volume": 0.57}
[2026-09-25 18:07:22.375] [SFX] {"sound": "civ_move_1", "volume": 0.24}
[2026-09-25 18:07:22.534] [SFX] {"sound": "civ_move_2", "volume": 0.07}
[2026-09-25 18:07:22.716] [SFX] {"sound": "civ_move_2", "volume": 0.01}
[2026-09-25 18:07:22.717] [SFX] {"sound": "civ_move_2", "volume": 0.22}
[2026-09-25 18:07:22.718] [SFX] {"sound": "civ_move_1", "volume": 0.2}
[2026-09-25 18:07:22.767] [SFX] {"sound": "threat_pulse", "volume": 0.55}
[2026-09-25 18:07:22.789] [SFX] {"sound": "civ_move_1", "volume": 0.24}
[2026-09-25 18:07:22.949] [SFX] {"sound": "civ_move_2", "volume": 0.07}
[2026-09-25 18:07:23.129] [SFX] {"sound": "civ_move_2", "volume": 0.02}
[2026-09-25 18:07:23.130] [SFX] {"sound": "civ_move_2", "volume": 0.2}
[2026-09-25 18:07:23.130] [SFX] {"sound": "civ_move_1", "volume": 0.21}
[2026-09-25 18:07:23.178] [SFX] {"sound": "threat_pulse", "volume": 0.53}
[2026-09-25 18:07:23.202] [SFX] {"sound": "civ_move_1", "volume": 0.24}
[2026-09-25 18:07:23.362] [SFX] {"sound": "civ_move_2", "volume": 0.07}
[2026-09-25 18:07:23.542] [SFX] {"sound": "civ_move_2", "volume": 0.02}
[2026-09-25 18:07:23.543] [SFX] {"sound": "civ_move_2", "volume": 0.19}
[2026-09-25 18:07:23.544] [SFX] {"sound": "civ_move_1", "volume": 0.22}
[2026-09-25 18:07:23.603] [SFX] {"sound": "civ_move_1", "volume": 0.24}
[2026-09-25 18:07:23.686] [SFX] {"sound": "threat_pulse", "volume": 0.5}
[2026-09-25 18:07:23.769] [SFX] {"sound": "civ_move_2", "volume": 0.08}
[2026-09-25 18:07:23.936] [SFX] {"sound": "civ_move_2", "volume": 0.03}
[2026-09-25 18:07:23.937] [SFX] {"sound": "civ_move_2", "volume": 0.18}
[2026-09-25 18:07:23.937] [SFX] {"sound": "civ_move_1", "volume": 0.23}
[2026-09-25 18:07:24.017] [SFX] {"sound": "civ_move_1", "volume": 0.24}
[2026-09-25 18:07:24.183] [SFX] {"sound": "civ_move_2", "volume": 0.09}
[2026-09-25 18:07:24.206] [SFX] {"sound": "threat_pulse", "volume": 0.47}
[2026-09-25 18:07:24.349] [SFX] {"sound": "civ_move_2", "volume": 0.03}
[2026-09-25 18:07:24.350] [SFX] {"sound": "civ_move_2", "volume": 0.17}
[2026-09-25 18:07:24.351] [SFX] {"sound": "civ_move_1", "volume": 0.25}
[2026-09-25 18:07:24.432] [SFX] {"sound": "civ_move_1", "volume": 0.24}
[2026-09-25 18:07:24.598] [SFX] {"sound": "civ_move_2", "volume": 0.09}
[2026-09-25 18:07:24.762] [SFX] {"sound": "civ_move_2", "volume": 0.02}
[2026-09-25 18:07:24.763] [SFX] {"sound": "civ_move_2", "volume": 0.15}
[2026-09-25 18:07:24.764] [SFX] {"sound": "civ_move_1", "volume": 0.26}
[2026-09-25 18:07:24.799] [SFX] {"sound": "threat_pulse", "volume": 0.44}
[2026-09-25 18:07:24.832] [SFX] {"sound": "civ_move_1", "volume": 0.24}
[2026-09-25 18:07:24.951] [SFX] {"sound": "guardian_move", "volume": 0.01}
[2026-09-25 18:07:25.000] [SFX] {"sound": "civ_move_2", "volume": 0.1}
[2026-09-25 18:07:25.169] [SFX] {"sound": "civ_move_2", "volume": 0.01}
[2026-09-25 18:07:25.169] [SFX] {"sound": "civ_move_2", "volume": 0.14}
[2026-09-25 18:07:25.170] [SFX] {"sound": "civ_move_1", "volume": 0.27}
[2026-09-25 18:07:25.236] [SFX] {"sound": "civ_move_1", "volume": 0.24}
[2026-09-25 18:07:25.386] [C] {"civ_pos": [118, 32]}
[2026-09-25 18:07:25.423] [SFX] {"sound": "civ_move_2", "volume": 0.1}
[2026-09-25 18:07:25.514] [SFX] {"sound": "threat_pulse", "volume": 0.41}
[2026-09-25 18:07:25.564] [SFX] {"sound": "guardian_move", "volume": 0.02}
[2026-09-25 18:07:25.587] [SFX] {"sound": "civ_move_2", "volume": 0.13}
[2026-09-25 18:07:25.588] [SFX] {"sound": "civ_move_1", "volume": 0.28}
[2026-09-25 18:07:25.646] [SFX] {"sound": "civ_move_1", "volume": 0.24}
[2026-09-25 18:07:25.813] [SFX] {"sound": "civ_move_2", "volume": 0.09}
[2026-09-25 18:07:25.996] [SFX] {"sound": "civ_move_2", "volume": 0.12}
[2026-09-25 18:07:25.996] [SFX] {"sound": "civ_move_1", "volume": 0.3}
[2026-09-25 18:07:26.046] [SFX] {"sound": "civ_move_1", "volume": 0.24}
[2026-09-25 18:07:26.180] [SFX] {"sound": "guardian_move", "volume": 0.03}
[2026-09-25 18:07:26.213] [SFX] {"sound": "civ_move_2", "volume": 0.09}
[2026-09-25 18:07:26.316] [SFX] {"sound": "threat_pulse", "volume": 0.37}
[2026-09-25 18:07:26.402] [SFX] {"sound": "civ_move_2", "volume": 0.1}
[2026-09-25 18:07:26.425] [SFX] {"sound": "civ_move_1", "volume": 0.29}
[2026-09-25 18:07:26.451] [SFX] {"sound": "civ_move_1", "volume": 0.24}
[2026-09-25 18:07:26.619] [SFX] {"sound": "civ_move_2", "volume": 0.08}
[2026-09-25 18:07:26.784] [SFX] {"sound": "guardian_move", "volume": 0.04}
[2026-09-25 18:07:26.818] [SFX] {"sound": "civ_move_2", "volume": 0.09}
[2026-09-25 18:07:26.840] [SFX] {"sound": "civ_move_1", "volume": 0.29}
[2026-09-25 18:07:26.867] [SFX] {"sound": "civ_move_1", "volume": 0.24}
[2026-09-25 18:07:27.033] [SFX] {"sound": "civ_move_2", "volume": 0.07}
[2026-09-25 18:07:27.230] [SFX] {"sound": "civ_move_2", "volume": 0.08}
[2026-09-25 18:07:27.231] [SFX] {"sound": "threat_pulse", "volume": 0.32}
[2026-09-25 18:07:27.253] [SFX] {"sound": "civ_move_1", "volume": 0.28}
[2026-09-25 18:07:27.279] [SFX] {"sound": "civ_move_1", "volume": 0.24}
[2026-09-25 18:07:27.395] [SFX] {"sound": "guardian_move", "volume": 0.03}
[2026-09-25 18:07:27.446] [SFX] {"sound": "civ_move_2", "volume": 0.07}
[2026-09-25 18:07:27.661] [SFX] {"sound": "civ_move_1", "volume": 0.27}
[2026-09-25 18:07:27.695] [SFX] {"sound": "civ_move_1", "volume": 0.24}
[2026-09-25 18:07:27.859] [SFX] {"sound": "civ_move_2", "volume": 0.06}
[2026-09-25 18:07:28.008] [SFX] {"sound": "guardian_move", "volume": 0.01}
[2026-09-25 18:07:28.059] [SFX] {"sound": "civ_move_2", "volume": 0.06}
[2026-09-25 18:07:28.083] [SFX] {"sound": "civ_move_1", "volume": 0.26}
[2026-09-25 18:07:28.093] [M] {"button": 1, "pos": [431, 184], "ui_clicked": false}
[2026-09-25 18:07:28.101] [P] {"start": [116, 32], "goal": [129, 32], "length": 1, "is_direction_change": false}
[2026-09-25 18:07:28.102] [SFX] {"sound": "click_target", "volume": 0.52}
[2026-09-25 18:07:28.135] [JACK] Kleine Schritte. Immer auf die Umgebung achten.
[2026-09-25 18:07:28.136] [SFX] {"sound": "civ_move_1", "volume": 0.24}
[2026-09-25 18:07:28.232] [SFX] {"sound": "player_move", "volume": 0.4}
[2026-09-25 18:07:28.266] [SFX] {"sound": "civ_move_2", "volume": 0.07}
[2026-09-25 18:07:28.315] [C] {"civ_pos": [122, 32]}
[2026-09-25 18:07:28.487] [SFX] {"sound": "civ_move_1", "volume": 0.3}
[2026-09-25 18:07:28.537] [SFX] {"sound": "player_move", "volume": 0.4}
[2026-09-25 18:07:28.621] [SFX] {"sound": "guardian_move", "volume": 0.07}
[2026-09-25 18:07:28.638] [M] {"button": 1, "pos": [431, 184], "ui_clicked": false}
[2026-09-25 18:07:28.646] [P] {"start": [126, 32], "goal": [137, 32], "length": 1, "is_direction_change": false}
[2026-09-25 18:07:28.646] [SFX] {"sound": "click_target", "volume": 0.59}
[2026-09-25 18:07:28.690] [SFX] {"sound": "civ_move_2", "volume": 0.11}
[2026-09-25 18:07:28.822] [SFX] {"sound": "guardian_move", "volume": 0.07}
[2026-09-25 18:07:28.845] [SFX] {"sound": "player_move", "volume": 0.4}
[2026-09-25 18:07:28.872] [SFX] {"sound": "civ_move_2", "volume": 0.01}
[2026-09-25 18:07:28.895] [SFX] {"sound": "civ_move_1", "volume": 0.25}
[2026-09-25 18:07:28.922] [SFX] {"sound": "civ_move_1", "volume": 0.24}
[2026-09-25 18:07:29.090] [SFX] {"sound": "civ_move_2", "volume": 0.14}
[2026-09-25 18:07:29.114] [SFX] {"sound": "civ_move_2", "volume": 0.02}
[2026-09-25 18:07:29.139] [SFX] {"sound": "player_move", "volume": 0.4}
[2026-09-25 18:07:29.206] [M] {"button": 1, "pos": [431, 184], "ui_clicked": false}
[2026-09-25 18:07:29.213] [P] {"start": [137, 32], "goal": [148, 32], "length": 1, "is_direction_change": false}
[2026-09-25 18:07:29.214] [SFX] {"sound": "click_target", "volume": 0.58}
[2026-09-25 18:07:29.248] [SFX] {"sound": "guardian_move", "volume": 0.13}
[2026-09-25 18:07:29.276] [SFX] {"sound": "civ_move_2", "volume": 0.04}
[2026-09-25 18:07:29.299] [SFX] {"sound": "civ_move_1", "volume": 0.21}
[2026-09-25 18:07:29.327] [SFX] {"sound": "civ_move_1", "volume": 0.19}
[2026-09-25 18:07:29.426] [SFX] {"sound": "guardian_move", "volume": 0.12}
[2026-09-25 18:07:29.492] [SFX] {"sound": "civ_move_2", "volume": 0.14}
[2026-09-25 18:07:29.515] [SFX] {"sound": "player_move", "volume": 0.4}
[2026-09-25 18:07:29.516] [SFX] {"sound": "civ_move_2", "volume": 0.04}
[2026-09-25 18:07:29.690] [SFX] {"sound": "civ_move_2", "volume": 0.08}
[2026-09-25 18:07:29.691] [SFX] {"sound": "civ_move_2", "volume": 0.04}
[2026-09-25 18:07:29.712] [SFX] {"sound": "civ_move_1", "volume": 0.16}
[2026-09-25 18:07:29.740] [SFX] {"sound": "civ_move_1", "volume": 0.12}
[2026-09-25 18:07:29.839] [SFX] {"sound": "guardian_move", "volume": 0.18}
[2026-09-25 18:07:29.862] [M] {"button": 1, "pos": [431, 184], "ui_clicked": false}
[2026-09-25 18:07:29.871] [P] {"start": [148, 32], "goal": [159, 32], "length": 1, "is_direction_change": false}
[2026-09-25 18:07:29.872] [SFX] {"sound": "click_target", "volume": 0.57}
[2026-09-25 18:07:29.902] [SFX] {"sound": "civ_move_2", "volume": 0.13}
[2026-09-25 18:07:29.924] [SFX] {"sound": "player_move", "volume": 0.4}
[2026-09-25 18:07:29.925] [SFX] {"sound": "civ_move_2", "volume": 0.05}
[2026-09-25 18:07:30.032] [SFX] {"sound": "guardian_move", "volume": 0.15}
[2026-09-25 18:07:30.099] [SFX] {"sound": "civ_move_2", "volume": 0.1}
[2026-09-25 18:07:30.121] [SFX] {"sound": "civ_move_1", "volume": 0.13}
[2026-09-25 18:07:30.148] [SFX] {"sound": "civ_move_1", "volume": 0.08}
[2026-09-25 18:07:30.231] [SFX] {"sound": "player_move", "volume": 0.4}
[2026-09-25 18:07:30.316] [SFX] {"sound": "civ_move_2", "volume": 0.1}
[2026-09-25 18:07:30.337] [SFX] {"sound": "civ_move_2", "volume": 0.06}
[2026-09-25 18:07:30.446] [SFX] {"sound": "guardian_move", "volume": 0.21}
[2026-09-25 18:07:30.461] [M] {"button": 1, "pos": [431, 184], "ui_clicked": false}
[2026-09-25 18:07:30.469] [P] {"start": [159, 32], "goal": [170, 32], "length": 1, "is_direction_change": false}
[2026-09-25 18:07:30.470] [SFX] {"sound": "click_target", "volume": 0.58}
[2026-09-25 18:07:30.500] [SFX] {"sound": "civ_move_2", "volume": 0.13}
[2026-09-25 18:07:30.501] [SFX] {"sound": "civ_move_2", "volume": 0.16}
[2026-09-25 18:07:30.524] [SFX] {"sound": "civ_move_1", "volume": 0.09}
[2026-09-25 18:07:30.551] [SFX] {"sound": "civ_move_1", "volume": 0.03}
[2026-09-25 18:07:30.600] [SFX] {"sound": "player_move", "volume": 0.4}
[2026-09-25 18:07:30.634] [SFX] {"sound": "guardian_move", "volume": 0.13}
[2026-09-25 18:07:30.718] [SFX] {"sound": "civ_move_2", "volume": 0.07}
[2026-09-25 18:07:30.741] [SFX] {"sound": "civ_move_2", "volume": 0.05}
[2026-09-25 18:07:30.914] [SFX] {"sound": "player_move", "volume": 0.4}
[2026-09-25 18:07:30.915] [SFX] {"sound": "civ_move_2", "volume": 0.17}
[2026-09-25 18:07:30.916] [SFX] {"sound": "civ_move_2", "volume": 0.23}
[2026-09-25 18:07:30.938] [SFX] {"sound": "civ_move_1", "volume": 0.04}
[2026-09-25 18:07:31.047] [SFX] {"sound": "guardian_move", "volume": 0.2}
[2026-09-25 18:07:31.062] [M] {"button": 1, "pos": [431, 184], "ui_clicked": false}
[2026-09-25 18:07:31.070] [P] {"start": [170, 32], "goal": [181, 32], "length": 1, "is_direction_change": false}
[2026-09-25 18:07:31.071] [SFX] {"sound": "click_target", "volume": 0.58}
[2026-09-25 18:07:31.129] [SFX] {"sound": "civ_move_2", "volume": 0.04}
[2026-09-25 18:07:31.153] [SFX] {"sound": "civ_move_1", "volume": 0.06}
[2026-09-25 18:07:31.153] [SFX] {"sound": "civ_move_2", "volume": 0.03}
[2026-09-25 18:07:31.245] [SFX] {"sound": "guardian_move", "volume": 0.08}
[2026-09-25 18:07:31.246] [C] {"civ_pos": [175, 32]}
[2026-09-25 18:07:31.282] [SFX] {"sound": "player_move", "volume": 0.4}
[2026-09-25 18:07:31.314] [SFX] {"sound": "civ_move_2", "volume": 0.18}
[2026-09-25 18:07:31.315] [SFX] {"sound": "civ_move_2", "volume": 0.3}
[2026-09-25 18:07:31.514] [SFX] {"sound": "civ_move_2", "volume": 0.03}
[2026-09-25 18:07:31.547] [SFX] {"sound": "civ_move_1", "volume": 0.14}
[2026-09-25 18:07:31.547] [SFX] {"sound": "civ_move_2", "volume": 0.1}
[2026-09-25 18:07:31.548] [SFX] {"sound": "civ_move_2", "volume": 0.0}
[2026-09-25 18:07:31.598] [SFX] {"sound": "player_move", "volume": 0.4}
[2026-09-25 18:07:31.649] [SFX] {"sound": "guardian_move", "volume": 0.16}
[2026-09-25 18:07:31.714] [SFX] {"sound": "civ_move_2", "volume": 0.17}
[2026-09-25 18:07:31.715] [SFX] {"sound": "civ_move_2", "volume": 0.24}
[2026-09-25 18:07:31.846] [SFX] {"sound": "guardian_move", "volume": 0.03}
[2026-09-25 18:07:31.928] [SFX] {"sound": "civ_move_2", "volume": 0.03}
[2026-09-25 18:07:31.962] [SFX] {"sound": "civ_move_1", "volume": 0.16}
[2026-09-25 18:07:31.962] [SFX] {"sound": "civ_move_2", "volume": 0.12}
[2026-09-25 18:07:32.127] [SFX] {"sound": "civ_move_2", "volume": 0.18}
[2026-09-25 18:07:32.128] [SFX] {"sound": "civ_move_2", "volume": 0.23}
[2026-09-25 18:07:32.257] [SFX] {"sound": "guardian_move", "volume": 0.17}
[2026-09-25 18:07:32.339] [SFX] {"sound": "civ_move_2", "volume": 0.02}
[2026-09-25 18:07:32.373] [SFX] {"sound": "civ_move_1", "volume": 0.17}
[2026-09-25 18:07:32.374] [SFX] {"sound": "civ_move_2", "volume": 0.13}
[2026-09-25 18:07:32.375] [SFX] {"sound": "civ_move_2", "volume": 0.01}
[2026-09-25 18:07:32.455] [SFX] {"sound": "guardian_move", "volume": 0.05}
[2026-09-25 18:07:32.537] [SFX] {"sound": "civ_move_2", "volume": 0.18}
[2026-09-25 18:07:32.538] [SFX] {"sound": "civ_move_2", "volume": 0.22}
[2026-09-25 18:07:32.569] [M] {"button": 1, "pos": [246, 179], "ui_clicked": false}
[2026-09-25 18:07:32.577] [SFX] {"sound": "click_target", "volume": 0.77}
[2026-09-25 18:07:32.766] [SFX] {"sound": "civ_move_2", "volume": 0.02}
[2026-09-25 18:07:32.789] [SFX] {"sound": "civ_move_1", "volume": 0.15}
[2026-09-25 18:07:32.790] [SFX] {"sound": "civ_move_2", "volume": 0.11}
[2026-09-25 18:07:32.791] [SFX] {"sound": "civ_move_2", "volume": 0.03}
[2026-09-25 18:07:32.866] [SFX] {"sound": "guardian_move", "volume": 0.2}
[2026-09-25 18:07:32.888] [SFX] {"sound": "player_move", "volume": 0.4}
[2026-09-25 18:07:32.947] [SFX] {"sound": "civ_move_2", "volume": 0.22}
[2026-09-25 18:07:32.948] [SFX] {"sound": "civ_move_2", "volume": 0.26}
[2026-09-25 18:07:32.981] [SFX] {"sound": "civ_move_1", "volume": 0.06}
[2026-09-25 18:07:33.063] [SFX] {"sound": "guardian_move", "volume": 0.13}
[2026-09-25 18:07:33.181] [SFX] {"sound": "civ_move_2", "volume": 0.08}
[2026-09-25 18:07:33.203] [SFX] {"sound": "player_move", "volume": 0.4}
[2026-09-25 18:07:33.204] [SFX] {"sound": "civ_move_1", "volume": 0.1}
[2026-09-25 18:07:33.205] [SFX] {"sound": "civ_move_2", "volume": 0.07}
[2026-09-25 18:07:33.206] [SFX] {"sound": "civ_move_2", "volume": 0.08}
[2026-09-25 18:07:33.349] [SFX] {"sound": "civ_move_2", "volume": 0.22}
[2026-09-25 18:07:33.350] [SFX] {"sound": "civ_move_2", "volume": 0.29}
[2026-09-25 18:07:33.382] [SFX] {"sound": "civ_move_1", "volume": 0.11}
[2026-09-25 18:07:33.498] [SFX] {"sound": "player_move", "volume": 0.4}
[2026-09-25 18:07:33.499] [SFX] {"sound": "guardian_move", "volume": 0.21}
[2026-09-25 18:07:33.500] [SFX] {"sound": "threat_pulse", "volume": 0.31}
[2026-09-25 18:07:33.597] [SFX] {"sound": "civ_move_1", "volume": 0.1}
[2026-09-25 18:07:33.598] [SFX] {"sound": "civ_move_2", "volume": 0.07}
[2026-09-25 18:07:33.599] [SFX] {"sound": "civ_move_2", "volume": 0.09}
[2026-09-25 18:07:33.663] [SFX] {"sound": "guardian_move", "volume": 0.17}
[2026-09-25 18:07:33.747] [C] {"civ_pos": [165, 32]}
[2026-09-25 18:07:33.792] [SFX] {"sound": "civ_move_2", "volume": 0.26}
[2026-09-25 18:07:33.793] [SFX] {"sound": "civ_move_2", "volume": 0.29}
[2026-09-25 18:07:33.808] [SFX] {"sound": "player_move", "volume": 0.4}
[2026-09-25 18:07:33.809] [SFX] {"sound": "civ_move_1", "volume": 0.14}
[2026-09-25 18:07:34.005] [SFX] {"sound": "civ_move_1", "volume": 0.1}
[2026-09-25 18:07:34.005] [SFX] {"sound": "civ_move_2", "volume": 0.07}
[2026-09-25 18:07:34.006] [SFX] {"sound": "civ_move_2", "volume": 0.1}
[2026-09-25 18:07:34.105] [SFX] {"sound": "player_move", "volume": 0.4}
[2026-09-25 18:07:34.106] [SFX] {"sound": "guardian_move", "volume": 0.22}
[2026-09-25 18:07:34.170] [SFX] {"sound": "civ_move_2", "volume": 0.26}
[2026-09-25 18:07:34.171] [SFX] {"sound": "civ_move_2", "volume": 0.29}
[2026-09-25 18:07:34.204] [SFX] {"sound": "civ_move_1", "volume": 0.16}
[2026-09-25 18:07:34.270] [SFX] {"sound": "guardian_move", "volume": 0.19}
[2026-09-25 18:07:34.401] [SFX] {"sound": "threat_pulse", "volume": 0.32}
[2026-09-25 18:07:34.424] [SFX] {"sound": "player_move", "volume": 0.4}
[2026-09-25 18:07:34.425] [SFX] {"sound": "civ_move_1", "volume": 0.1}
[2026-09-25 18:07:34.426] [SFX] {"sound": "civ_move_2", "volume": 0.07}
[2026-09-25 18:07:34.426] [SFX] {"sound": "civ_move_2", "volume": 0.1}
[2026-09-25 18:07:34.427] [SFX] {"sound": "civ_move_2", "volume": 0.12}
[2026-09-25 18:07:34.437] [M] {"button": 1, "pos": [359, 208], "ui_clicked": true}
[2026-09-25 18:07:34.450] [JACK] Inventar durchwühlen. Wo liegt das passende Tool?
[2026-09-25 18:07:34.541] [SFX] {"sound": "infiltrate 1", "volume": 0.5}
[2026-09-25 18:07:34.574] [SFX] {"sound": "civ_move_2", "volume": 0.26}
[2026-09-25 18:07:34.575] [SFX] {"sound": "civ_move_2", "volume": 0.29}
[2026-09-25 18:07:34.608] [SFX] {"sound": "civ_move_1", "volume": 0.19}
[2026-09-25 18:07:34.658] [SFX] {"sound": "civ_move_1", "volume": 0.01}
[2026-09-25 18:07:34.707] [SFX] {"sound": "guardian_move", "volume": 0.22}
[2026-09-25 18:07:34.730] [SFX] {"sound": "player_move", "volume": 0.4}
[2026-09-25 18:07:34.822] [SFX] {"sound": "civ_move_1", "volume": 0.1}
[2026-09-25 18:07:34.823] [SFX] {"sound": "civ_move_2", "volume": 0.07}
[2026-09-25 18:07:34.823] [SFX] {"sound": "civ_move_2", "volume": 0.12}
[2026-09-25 18:07:34.824] [SFX] {"sound": "civ_move_2", "volume": 0.13}
[2026-09-25 18:07:34.873] [SFX] {"sound": "guardian_move", "volume": 0.21}
[2026-09-25 18:07:34.955] [SFX] {"sound": "infiltrate 2", "volume": 0.5}
[2026-09-25 18:07:34.988] [SFX] {"sound": "civ_move_2", "volume": 0.26}
[2026-09-25 18:07:34.989] [SFX] {"sound": "civ_move_2", "volume": 0.29}
[2026-09-25 18:07:35.023] [SFX] {"sound": "civ_move_1", "volume": 0.21}
[2026-09-25 18:07:35.045] [SFX] {"sound": "player_move", "volume": 0.4}
[2026-09-25 18:07:35.073] [SFX] {"sound": "civ_move_1", "volume": 0.02}
[2026-09-25 18:07:35.224] [SFX] {"sound": "civ_move_1", "volume": 0.1}
[2026-09-25 18:07:35.225] [SFX] {"sound": "civ_move_2", "volume": 0.07}
[2026-09-25 18:07:35.226] [SFX] {"sound": "civ_move_2", "volume": 0.12}
[2026-09-25 18:07:35.226] [SFX] {"sound": "civ_move_2", "volume": 0.14}
[2026-09-25 18:07:35.306] [SFX] {"sound": "threat_pulse", "volume": 0.33}
[2026-09-25 18:07:35.328] [SFX] {"sound": "guardian_move", "volume": 0.22}
[2026-09-25 18:07:35.357] [SFX] {"sound": "player_move", "volume": 0.4}
[2026-09-25 18:07:35.358] [SFX] {"sound": "infiltrate 2", "volume": 0.5}
[2026-09-25 18:07:35.393] [SFX] {"sound": "civ_move_2", "volume": 0.26}
[2026-09-25 18:07:35.394] [SFX] {"sound": "civ_move_2", "volume": 0.29}
[2026-09-25 18:07:35.427] [SFX] {"sound": "civ_move_1", "volume": 0.24}
[2026-09-25 18:07:35.477] [SFX] {"sound": "guardian_move", "volume": 0.21}
[2026-09-25 18:07:35.477] [SFX] {"sound": "civ_move_1", "volume": 0.03}
[2026-09-25 18:07:35.626] [SFX] {"sound": "civ_move_1", "volume": 0.1}
[2026-09-25 18:07:35.626] [SFX] {"sound": "civ_move_2", "volume": 0.07}
[2026-09-25 18:07:35.627] [SFX] {"sound": "civ_move_2", "volume": 0.13}
[2026-09-25 18:07:35.628] [SFX] {"sound": "civ_move_2", "volume": 0.15}
[2026-09-25 18:07:35.661] [SFX] {"sound": "player_move", "volume": 0.4}
[2026-09-25 18:07:35.758] [SFX] {"sound": "infiltrate 2", "volume": 0.5}
[2026-09-25 18:07:35.806] [SFX] {"sound": "civ_move_2", "volume": 0.27}
[2026-09-25 18:07:35.807] [SFX] {"sound": "civ_move_2", "volume": 0.29}
[2026-09-25 18:07:35.839] [SFX] {"sound": "civ_move_1", "volume": 0.25}
[2026-09-25 18:07:35.890] [SFX] {"sound": "civ_move_1", "volume": 0.04}
[2026-09-25 18:07:35.938] [SFX] {"sound": "guardian_move", "volume": 0.21}
[2026-09-25 18:07:35.971] [SFX] {"sound": "player_move", "volume": 0.4}
[2026-09-25 18:07:36.037] [SFX] {"sound": "civ_move_1", "volume": 0.12}
[2026-09-25 18:07:36.038] [SFX] {"sound": "civ_move_2", "volume": 0.08}
[2026-09-25 18:07:36.039] [SFX] {"sound": "civ_move_2", "volume": 0.13}
[2026-09-25 18:07:36.039] [SFX] {"sound": "civ_move_2", "volume": 0.15}
[2026-09-25 18:07:36.088] [SFX] {"sound": "guardian_move", "volume": 0.2}
[2026-09-25 18:07:36.172] [SFX] {"sound": "infiltrate 1", "volume": 0.5}
[2026-09-25 18:07:36.205] [SFX] {"sound": "threat_pulse", "volume": 0.39}
[2026-09-25 18:07:36.228] [SFX] {"sound": "civ_move_2", "volume": 0.28}
[2026-09-25 18:07:36.229] [SFX] {"sound": "civ_move_2", "volume": 0.29}
[2026-09-25 18:07:36.254] [SFX] {"sound": "civ_move_1", "volume": 0.27}
[2026-09-25 18:07:36.255] [C] {"civ_pos": [161, 32]}
[2026-09-25 18:07:36.297] [SFX] {"sound": "player_move", "volume": 0.4}
[2026-09-25 18:07:36.313] [SFX] {"sound": "civ_move_1", "volume": 0.04}
[2026-09-25 18:07:36.441] [SFX] {"sound": "civ_move_1", "volume": 0.13}
[2026-09-25 18:07:36.441] [SFX] {"sound": "civ_move_2", "volume": 0.09}
[2026-09-25 18:07:36.442] [SFX] {"sound": "civ_move_2", "volume": 0.12}
[2026-09-25 18:07:36.443] [SFX] {"sound": "civ_move_2", "volume": 0.16}
[2026-09-25 18:07:36.540] [SFX] {"sound": "guardian_move", "volume": 0.22}
[2026-09-25 18:07:36.575] [SFX] {"sound": "player_move", "volume": 0.4}
[2026-09-25 18:07:36.576] [SFX] {"sound": "infiltrate 2", "volume": 0.5}
[2026-09-25 18:07:36.625] [SFX] {"sound": "civ_move_2", "volume": 0.29}
[2026-09-25 18:07:36.658] [SFX] {"sound": "civ_move_1", "volume": 0.28}
[2026-09-25 18:07:36.692] [SFX] {"sound": "guardian_move", "volume": 0.19}
[2026-09-25 18:07:36.715] [SFX] {"sound": "civ_move_1", "volume": 0.04}
[2026-09-25 18:07:36.856] [SFX] {"sound": "civ_move_1", "volume": 0.14}
[2026-09-25 18:07:36.857] [SFX] {"sound": "civ_move_2", "volume": 0.1}
[2026-09-25 18:07:36.857] [SFX] {"sound": "civ_move_2", "volume": 0.11}
[2026-09-25 18:07:36.858] [SFX] {"sound": "civ_move_2", "volume": 0.16}
[2026-09-25 18:07:36.888] [SFX] {"sound": "player_move", "volume": 0.4}
[2026-09-25 18:07:36.987] [SFX] {"sound": "infiltrate 1", "volume": 0.5}
[2026-09-25 18:07:37.020] [SFX] {"sound": "threat_pulse", "volume": 0.47}
[2026-09-25 18:07:37.042] [SFX] {"sound": "civ_move_2", "volume": 0.3}
[2026-09-25 18:07:37.043] [SFX] {"sound": "civ_move_2", "volume": 0.29}
[2026-09-25 18:07:37.070] [SFX] {"sound": "civ_move_1", "volume": 0.29}
[2026-09-25 18:07:37.119] [SFX] {"sound": "civ_move_1", "volume": 0.04}
[2026-09-25 18:07:37.152] [SFX] {"sound": "guardian_move", "volume": 0.29}
[2026-09-25 18:07:37.204] [SFX] {"sound": "player_move", "volume": 0.4}
[2026-09-25 18:07:37.268] [SFX] {"sound": "civ_move_1", "volume": 0.15}
[2026-09-25 18:07:37.269] [SFX] {"sound": "civ_move_2", "volume": 0.12}
[2026-09-25 18:07:37.270] [SFX] {"sound": "civ_move_2", "volume": 0.11}
[2026-09-25 18:07:37.271] [SFX] {"sound": "civ_move_2", "volume": 0.16}
[2026-09-25 18:07:37.301] [SFX] {"sound": "guardian_move", "volume": 0.18}
[2026-09-25 18:07:37.400] [SFX] {"sound": "infiltrate 2", "volume": 0.5}
[2026-09-25 18:07:37.449] [SFX] {"sound": "civ_move_2", "volume": 0.28}
[2026-09-25 18:07:37.450] [SFX] {"sound": "civ_move_2", "volume": 0.29}
[2026-09-25 18:07:37.450] [SFX] {"sound": "hack_success", "volume": 1.0}
[2026-09-25 18:07:37.482] [SFX] {"sound": "civ_move_1", "volume": 0.3}
[2026-09-25 18:07:37.533] [SFX] {"sound": "civ_move_1", "volume": 0.04}
[2026-09-25 18:07:37.633] [SFX] {"sound": "threat_pulse", "volume": 0.51}
[2026-09-25 18:07:37.683] [SFX] {"sound": "civ_move_1", "volume": 0.17}
[2026-09-25 18:07:37.684] [SFX] {"sound": "civ_move_2", "volume": 0.13}
[2026-09-25 18:07:37.685] [SFX] {"sound": "civ_move_2", "volume": 0.1}
[2026-09-25 18:07:37.685] [SFX] {"sound": "civ_move_2", "volume": 0.15}
[2026-09-25 18:07:37.764] [SFX] {"sound": "guardian_move", "volume": 0.32}
[2026-09-25 18:07:37.849] [SFX] {"sound": "civ_move_2", "volume": 0.27}
[2026-09-25 18:07:37.849] [SFX] {"sound": "civ_move_2", "volume": 0.29}
[2026-09-25 18:07:37.882] [SFX] {"sound": "civ_move_1", "volume": 0.29}
[2026-09-25 18:07:37.915] [SFX] {"sound": "guardian_move", "volume": 0.17}
[2026-09-25 18:07:37.948] [SFX] {"sound": "civ_move_1", "volume": 0.04}
[2026-09-25 18:07:38.098] [SFX] {"sound": "civ_move_1", "volume": 0.18}
[2026-09-25 18:07:38.099] [SFX] {"sound": "civ_move_2", "volume": 0.14}
[2026-09-25 18:07:38.100] [SFX] {"sound": "civ_move_2", "volume": 0.09}
[2026-09-25 18:07:38.100] [SFX] {"sound": "civ_move_2", "volume": 0.14}
[2026-09-25 18:07:38.149] [SFX] {"sound": "threat_pulse", "volume": 0.48}
[2026-09-25 18:07:38.261] [SFX] {"sound": "civ_move_2", "volume": 0.26}
[2026-09-25 18:07:38.262] [SFX] {"sound": "civ_move_2", "volume": 0.29}
[2026-09-25 18:07:38.293] [SFX] {"sound": "civ_move_1", "volume": 0.27}
[2026-09-25 18:07:38.359] [SFX] {"sound": "civ_move_1", "volume": 0.04}
[2026-09-25 18:07:38.381] [SFX] {"sound": "guardian_move", "volume": 0.34}
[2026-09-25 18:07:38.507] [SFX] {"sound": "civ_move_1", "volume": 0.19}
[2026-09-25 18:07:38.508] [SFX] {"sound": "civ_move_2", "volume": 0.15}
[2026-09-25 18:07:38.509] [SFX] {"sound": "civ_move_2", "volume": 0.08}
[2026-09-25 18:07:38.510] [SFX] {"sound": "civ_move_2", "volume": 0.14}
[2026-09-25 18:07:38.523] [M] {"button": 1, "pos": [414, 185], "ui_clicked": false}
[2026-09-25 18:07:38.530] [SFX] {"sound": "guardian_move", "volume": 0.18}
[2026-09-25 18:07:38.531] [P] {"start": [159, 32], "goal": [170, 32], "length": 1, "is_direction_change": false}
[2026-09-25 18:07:38.531] [SFX] {"sound": "click_target", "volume": 0.56}
[2026-09-25 18:07:38.553] [JACK] Überall Wacheinheiten... Ihr bedrohliches Summen brennt sich ins Deck.
[2026-09-25 18:07:38.578] [SFX] {"sound": "player_move", "volume": 0.4}
[2026-09-25 18:07:38.662] [SFX] {"sound": "civ_move_2", "volume": 0.23}
[2026-09-25 18:07:38.662] [SFX] {"sound": "civ_move_2", "volume": 0.27}
[2026-09-25 18:07:38.693] [SFX] {"sound": "civ_move_1", "volume": 0.29}
[2026-09-25 18:07:38.759] [SFX] {"sound": "civ_move_1", "volume": 0.0}
[2026-09-25 18:07:38.759] [C] {"civ_pos": [164, 32]}
[2026-09-25 18:07:38.760] [SFX] {"sound": "threat_pulse", "volume": 0.47}
[2026-09-25 18:07:38.892] [SFX] {"sound": "player_move", "volume": 0.4}
[2026-09-25 18:07:38.914] [SFX] {"sound": "civ_move_1", "volume": 0.26}
[2026-09-25 18:07:38.915] [SFX] {"sound": "civ_move_2", "volume": 0.22}
[2026-09-25 18:07:38.916] [SFX] {"sound": "civ_move_2", "volume": 0.05}
[2026-09-25 18:07:38.916] [SFX] {"sound": "civ_move_2", "volume": 0.14}
[2026-09-25 18:07:38.975] [SFX] {"sound": "guardian_move", "volume": 0.36}
[2026-09-25 18:07:39.074] [SFX] {"sound": "civ_move_2", "volume": 0.15}
[2026-09-25 18:07:39.075] [SFX] {"sound": "civ_move_2", "volume": 0.21}
[2026-09-25 18:07:39.109] [SFX] {"sound": "civ_move_1", "volume": 0.27}
[2026-09-25 18:07:39.132] [SFX] {"sound": "guardian_move", "volume": 0.25}
[2026-09-25 18:07:39.323] [SFX] {"sound": "civ_move_1", "volume": 0.22}
[2026-09-25 18:07:39.325] [SFX] {"sound": "civ_move_2", "volume": 0.26}
[2026-09-25 18:07:39.325] [SFX] {"sound": "civ_move_2", "volume": 0.03}
[2026-09-25 18:07:39.326] [SFX] {"sound": "civ_move_2", "volume": 0.14}
[2026-09-25 18:07:39.374] [SFX] {"sound": "threat_pulse", "volume": 0.49}
[2026-09-25 18:07:39.488] [SFX] {"sound": "civ_move_2", "volume": 0.14}
[2026-09-25 18:07:39.488] [SFX] {"sound": "civ_move_2", "volume": 0.21}
[2026-09-25 18:07:39.521] [SFX] {"sound": "civ_move_1", "volume": 0.28}
[2026-09-25 18:07:39.588] [SFX] {"sound": "guardian_move", "volume": 0.37}
[2026-09-25 18:07:39.736] [SFX] {"sound": "guardian_move", "volume": 0.26}
[2026-09-25 18:07:39.737] [SFX] {"sound": "civ_move_1", "volume": 0.22}
[2026-09-25 18:07:39.737] [SFX] {"sound": "civ_move_2", "volume": 0.27}
[2026-09-25 18:07:39.738] [SFX] {"sound": "civ_move_2", "volume": 0.02}
[2026-09-25 18:07:39.759] [SFX] {"sound": "civ_move_2", "volume": 0.14}
[2026-09-25 18:07:39.888] [SFX] {"sound": "civ_move_2", "volume": 0.13}
[2026-09-25 18:07:39.888] [SFX] {"sound": "civ_move_2", "volume": 0.21}
[2026-09-25 18:07:39.925] [SFX] {"sound": "civ_move_1", "volume": 0.29}
[2026-09-25 18:07:39.975] [SFX] {"sound": "threat_pulse", "volume": 0.52}
[2026-09-25 18:07:40.138] [SFX] {"sound": "civ_move_1", "volume": 0.21}
[2026-09-25 18:07:40.139] [SFX] {"sound": "civ_move_2", "volume": 0.28}
[2026-09-25 18:07:40.140] [SFX] {"sound": "civ_move_2", "volume": 0.01}
[2026-09-25 18:07:40.162] [SFX] {"sound": "civ_move_2", "volume": 0.14}
[2026-09-25 18:07:40.208] [SFX] {"sound": "guardian_move", "volume": 0.39}
[2026-09-25 18:07:40.289] [SFX] {"sound": "civ_move_2", "volume": 0.12}
[2026-09-25 18:07:40.290] [SFX] {"sound": "civ_move_2", "volume": 0.21}
[2026-09-25 18:07:40.340] [M] {"button": 1, "pos": [340, 214], "ui_clicked": false}
[2026-09-25 18:07:40.348] [SFX] {"sound": "guardian_move", "volume": 0.28}
[2026-09-25 18:07:40.348] [SFX] {"sound": "civ_move_1", "volume": 0.29}
[2026-09-25 18:07:40.349] [SFX] {"sound": "click_target", "volume": 0.7}
[2026-09-25 18:07:40.491] [SFX] {"sound": "player_move", "volume": 0.4}
[2026-09-25 18:07:40.492] [SFX] {"sound": "threat_pulse", "volume": 0.56}
[2026-09-25 18:07:40.541] [SFX] {"sound": "civ_move_1", "volume": 0.21}
[2026-09-25 18:07:40.541] [SFX] {"sound": "civ_move_2", "volume": 0.28}
[2026-09-25 18:07:40.542] [SFX] {"sound": "civ_move_2", "volume": 0.01}
[2026-09-25 18:07:40.563] [SFX] {"sound": "civ_move_2", "volume": 0.15}
[2026-09-25 18:07:40.692] [SFX] {"sound": "civ_move_2", "volume": 0.09}
[2026-09-25 18:07:40.693] [SFX] {"sound": "civ_move_2", "volume": 0.19}
[2026-09-25 18:07:40.743] [SFX] {"sound": "civ_move_1", "volume": 0.25}
[2026-09-25 18:07:40.792] [SFX] {"sound": "player_move", "volume": 0.4}
[2026-09-25 18:07:40.825] [SFX] {"sound": "guardian_move", "volume": 0.34}
[2026-09-25 18:07:40.891] [SFX] {"sound": "threat_pulse", "volume": 0.59}
[2026-09-25 18:07:40.924] [SFX] {"sound": "civ_move_2", "volume": 0.0}
[2026-09-25 18:07:40.925] [SFX] {"sound": "civ_move_1", "volume": 0.02}
[2026-09-25 18:07:40.947] [SFX] {"sound": "guardian_move", "volume": 0.37}
[2026-09-25 18:07:40.947] [SFX] {"sound": "civ_move_1", "volume": 0.23}
[2026-09-25 18:07:40.948] [SFX] {"sound": "civ_move_2", "volume": 0.24}
[2026-09-25 18:07:40.950] [SFX] {"sound": "civ_move_2", "volume": 0.02}
[2026-09-25 18:07:40.966] [SFX] {"sound": "civ_move_2", "volume": 0.16}
[2026-09-25 18:07:41.108] [SFX] {"sound": "player_move", "volume": 0.4}
[2026-09-25 18:07:41.109] [SFX] {"sound": "civ_move_2", "volume": 0.07}
[2026-09-25 18:07:41.110] [SFX] {"sound": "civ_move_2", "volume": 0.18}
[2026-09-25 18:07:41.156] [SFX] {"sound": "civ_move_1", "volume": 0.24}
[2026-09-25 18:07:41.206] [SFX] {"sound": "threat_pulse", "volume": 0.61}
[2026-09-25 18:07:41.272] [C] {"civ_pos": [172, 41]}
[2026-09-25 18:07:41.330] [SFX] {"sound": "civ_move_2", "volume": 0.01}
[2026-09-25 18:07:41.331] [SFX] {"sound": "civ_move_1", "volume": 0.03}
[2026-09-25 18:07:41.355] [SFX] {"sound": "civ_move_1", "volume": 0.23}
[2026-09-25 18:07:41.356] [SFX] {"sound": "civ_move_2", "volume": 0.23}
[2026-09-25 18:07:41.357] [SFX] {"sound": "civ_move_2", "volume": 0.02}
[2026-09-25 18:07:41.374] [SFX] {"sound": "civ_move_2", "volume": 0.17}
[2026-09-25 18:07:41.415] [SFX] {"sound": "player_move", "volume": 0.4}
[2026-09-25 18:07:41.447] [SFX] {"sound": "guardian_move", "volume": 0.33}
[2026-09-25 18:07:41.512] [SFX] {"sound": "civ_move_2", "volume": 0.05}
[2026-09-25 18:07:41.513] [SFX] {"sound": "civ_move_2", "volume": 0.17}
[2026-09-25 18:07:41.514] [SFX] {"sound": "threat_pulse", "volume": 0.64}
[2026-09-25 18:07:41.547] [SFX] {"sound": "guardian_move", "volume": 0.37}
[2026-09-25 18:07:41.569] [SFX] {"sound": "civ_move_1", "volume": 0.22}
[2026-09-25 18:07:41.715] [SFX] {"sound": "threat_pulse", "volume": 0.65}
[2026-09-25 18:07:41.737] [SFX] {"sound": "player_move", "volume": 0.4}
[2026-09-25 18:07:41.758] [SFX] {"sound": "civ_move_2", "volume": 0.02}
[2026-09-25 18:07:41.759] [SFX] {"sound": "civ_move_1", "volume": 0.05}
[2026-09-25 18:07:41.779] [SFX] {"sound": "civ_move_1", "volume": 0.23}
[2026-09-25 18:07:41.780] [SFX] {"sound": "civ_move_2", "volume": 0.21}
[2026-09-25 18:07:41.780] [SFX] {"sound": "civ_move_2", "volume": 0.02}
[2026-09-25 18:07:41.781] [SFX] {"sound": "civ_move_2", "volume": 0.18}
[2026-09-25 18:07:41.926] [SFX] {"sound": "civ_move_2", "volume": 0.04}
[2026-09-25 18:07:41.927] [SFX] {"sound": "civ_move_2", "volume": 0.17}
[2026-09-25 18:07:41.928] [SFX] {"sound": "threat_pulse", "volume": 0.67}
[2026-09-25 18:07:41.975] [SFX] {"sound": "civ_move_1", "volume": 0.21}
[2026-09-25 18:07:42.024] [M] {"button": 1, "pos": [317, 224], "ui_clicked": false}
[2026-09-25 18:07:42.032] [SFX] {"sound": "action_cancel", "volume": 1.0}
[2026-09-25 18:07:42.050] [SFX] {"sound": "player_move", "volume": 0.4}
[2026-09-25 18:07:42.051] [SFX] {"sound": "threat_pulse", "volume": 0.68}
[2026-09-25 18:07:42.066] [SFX] {"sound": "guardian_move", "volume": 0.32}
[2026-09-25 18:07:42.144] [SFX] {"sound": "threat_pulse", "volume": 0.68}
[2026-09-25 18:07:42.167] [SFX] {"sound": "guardian_move", "volume": 0.35}
[2026-09-25 18:07:42.168] [SFX] {"sound": "civ_move_2", "volume": 0.02}
[2026-09-25 18:07:42.169] [SFX] {"sound": "civ_move_1", "volume": 0.07}
[2026-09-25 18:07:42.185] [SFX] {"sound": "civ_move_1", "volume": 0.29}
[2026-09-25 18:07:42.186] [SFX] {"sound": "civ_move_2", "volume": 0.18}
[2026-09-25 18:07:42.187] [SFX] {"sound": "civ_move_2", "volume": 0.03}
[2026-09-25 18:07:42.188] [SFX] {"sound": "civ_move_2", "volume": 0.24}
[2026-09-25 18:07:42.249] [SFX] {"sound": "threat_pulse", "volume": 0.68}
[2026-09-25 18:07:42.331] [SFX] {"sound": "civ_move_2", "volume": 0.02}
[2026-09-25 18:07:42.332] [SFX] {"sound": "civ_move_2", "volume": 0.15}
[2026-09-25 18:07:42.365] [SFX] {"sound": "threat_pulse", "volume": 0.68}
[2026-09-25 18:07:42.385] [SFX] {"sound": "civ_move_1", "volume": 0.18}
[2026-09-25 18:07:42.476] [SFX] {"sound": "threat_pulse", "volume": 0.69}
[2026-09-25 18:07:42.576] [SFX] {"sound": "civ_move_2", "volume": 0.03}
[2026-09-25 18:07:42.577] [SFX] {"sound": "civ_move_1", "volume": 0.07}
[2026-09-25 18:07:42.600] [SFX] {"sound": "civ_move_1", "volume": 0.29}
[2026-09-25 18:07:42.601] [SFX] {"sound": "civ_move_2", "volume": 0.17}
[2026-09-25 18:07:42.602] [SFX] {"sound": "civ_move_2", "volume": 0.02}
[2026-09-25 18:07:42.603] [SFX] {"sound": "civ_move_2", "volume": 0.25}
[2026-09-25 18:07:42.604] [SFX] {"sound": "threat_pulse", "volume": 0.69}
[2026-09-25 18:07:42.614] [M] {"button": 1, "pos": [296, 180], "ui_clicked": false}
[2026-09-25 18:07:42.663] [SFX] {"sound": "guardian_move", "volume": 0.33}
[2026-09-25 18:07:42.696] [SFX] {"sound": "threat_pulse", "volume": 0.69}
[2026-09-25 18:07:42.747] [SFX] {"sound": "civ_move_2", "volume": 0.01}
[2026-09-25 18:07:42.747] [SFX] {"sound": "civ_move_2", "volume": 0.15}
[2026-09-25 18:07:42.778] [SFX] {"sound": "guardian_move", "volume": 0.38}
[2026-09-25 18:07:42.779] [SFX] {"sound": "alert_trigger", "volume": 1.0}
[2026-09-25 18:07:42.801] [SFX] {"sound": "civ_move_1", "volume": 0.18}
[2026-09-25 18:07:42.802] [SFX] {"sound": "threat_pulse", "volume": 0.7}
[2026-09-25 18:07:42.990] [M] {"button": 1, "pos": [293, 186], "ui_clicked": false}
[2026-09-25 18:07:42.998] [SFX] {"sound": "civ_move_2", "volume": 0.05}
[2026-09-25 18:07:42.999] [SFX] {"sound": "civ_move_1", "volume": 0.08}
[2026-09-25 18:07:43.000] [SFX] {"sound": "click_target", "volume": 0.73}
[2026-09-25 18:07:43.017] [SFX] {"sound": "civ_move_1", "volume": 0.28}
[2026-09-25 18:07:43.017] [SFX] {"sound": "civ_move_2", "volume": 0.17}
[2026-09-25 18:07:43.018] [SFX] {"sound": "civ_move_2", "volume": 0.02}
[2026-09-25 18:07:43.019] [SFX] {"sound": "civ_move_2", "volume": 0.27}
[2026-09-25 18:07:43.020] [SFX] {"sound": "threat_pulse", "volume": 0.7}
[2026-09-25 18:07:43.145] [SFX] {"sound": "civ_move_2", "volume": 0.01}
[2026-09-25 18:07:43.146] [SFX] {"sound": "civ_move_2", "volume": 0.16}
[2026-09-25 18:07:43.195] [SFX] {"sound": "player_move", "volume": 0.4}
[2026-09-25 18:07:43.219] [SFX] {"sound": "civ_move_1", "volume": 0.16}
[2026-09-25 18:07:43.220] [SFX] {"sound": "threat_pulse", "volume": 0.7}
[2026-09-25 18:07:43.279] [SFX] {"sound": "guardian_move", "volume": 0.35}
[2026-09-25 18:07:43.312] [SFX] {"sound": "threat_pulse", "volume": 0.7}
[2026-09-25 18:07:43.378] [SFX] {"sound": "guardian_move", "volume": 0.38}
[2026-09-25 18:07:43.401] [SFX] {"sound": "civ_move_2", "volume": 0.04}
[2026-09-25 18:07:43.401] [SFX] {"sound": "civ_move_1", "volume": 0.1}
[2026-09-25 18:07:43.417] [SFX] {"sound": "civ_move_1", "volume": 0.29}
[2026-09-25 18:07:43.418] [SFX] {"sound": "civ_move_2", "volume": 0.17}
[2026-09-25 18:07:43.419] [SFX] {"sound": "civ_move_2", "volume": 0.02}
[2026-09-25 18:07:43.420] [SFX] {"sound": "civ_move_2", "volume": 0.3}
[2026-09-25 18:07:43.420] [SFX] {"sound": "threat_pulse", "volume": 0.7}
[2026-09-25 18:07:43.497] [SFX] {"sound": "player_move", "volume": 0.4}
[2026-09-25 18:07:43.518] [SFX] {"sound": "threat_pulse", "volume": 0.7}
[2026-09-25 18:07:43.547] [SFX] {"sound": "civ_move_2", "volume": 0.17}
[2026-09-25 18:07:43.571] [SFX] {"sound": "civ_move_2", "volume": 0.02}
[2026-09-25 18:07:43.580] [M] {"button": 1, "pos": [288, 185], "ui_clicked": false}
[2026-09-25 18:07:43.588] [SFX] {"sound": "action_cancel", "volume": 1.0}
[2026-09-25 18:07:43.589] [P] {"start": [168, 46], "goal": [165, 46], "length": 1, "is_direction_change": false}
[2026-09-25 18:07:43.590] [SFX] {"sound": "click_target", "volume": 0.73}
[2026-09-25 18:07:43.627] [JACK] Diese Bedrohung ist greifbar... Die Wachen dürfen unser Signal nicht isolieren.
[2026-09-25 18:07:43.642] [SFX] {"sound": "civ_move_1", "volume": 0.14}
[2026-09-25 18:07:43.643] [SFX] {"sound": "threat_pulse", "volume": 0.7}
[2026-09-25 18:07:43.785] [C] {"civ_pos": [166, 46]}
[2026-09-25 18:07:43.813] [SFX] {"sound": "civ_move_2", "volume": 0.02}
[2026-09-25 18:07:43.813] [SFX] {"sound": "civ_move_1", "volume": 0.12}
[2026-09-25 18:07:43.831] [SFX] {"sound": "civ_move_1", "volume": 0.29}
[2026-09-25 18:07:43.832] [SFX] {"sound": "civ_move_2", "volume": 0.02}
[2026-09-25 18:07:43.832] [SFX] {"sound": "civ_move_2", "volume": 0.26}
[2026-09-25 18:07:43.849] [SFX] {"sound": "civ_move_2", "volume": 0.18}
[2026-09-25 18:07:43.850] [SFX] {"sound": "threat_pulse", "volume": 0.7}
[2026-09-25 18:07:43.893] [SFX] {"sound": "guardian_move", "volume": 0.33}
[2026-09-25 18:07:43.958] [SFX] {"sound": "civ_move_2", "volume": 0.18}
[2026-09-25 18:07:43.959] [SFX] {"sound": "threat_pulse", "volume": 0.7}
[2026-09-25 18:07:43.979] [SFX] {"sound": "civ_move_2", "volume": 0.05}
[2026-09-25 18:07:43.997] [SFX] {"sound": "guardian_move", "volume": 0.37}
[2026-09-25 18:07:44.040] [SFX] {"sound": "civ_move_1", "volume": 0.11}
[2026-09-25 18:07:44.073] [SFX] {"sound": "threat_pulse", "volume": 0.7}
[2026-09-25 18:07:44.137] [M] {"button": 1, "pos": [288, 185], "ui_clicked": false}
[2026-09-25 18:07:44.144] [P] {"start": [165, 46], "goal": [161, 46], "length": 1, "is_direction_change": false}
[2026-09-25 18:07:44.145] [SFX] {"sound": "click_target", "volume": 0.73}
[2026-09-25 18:07:44.167] [JACK] Verdammt, die Sentinels kreisen um uns... Ich habe echte Angst, ertappt zu werden!
[2026-09-25 18:07:44.188] [SFX] {"sound": "threat_pulse", "volume": 0.7}
[2026-09-25 18:07:44.213] [SFX] {"sound": "player_move", "volume": 0.4}
[2026-09-25 18:07:44.213] [SFX] {"sound": "civ_move_2", "volume": 0.02}
[2026-09-25 18:07:44.214] [SFX] {"sound": "civ_move_1", "volume": 0.14}
[2026-09-25 18:07:44.235] [SFX] {"sound": "civ_move_1", "volume": 0.29}
[2026-09-25 18:07:44.236] [SFX] {"sound": "civ_move_2", "volume": 0.02}
[2026-09-25 18:07:44.237] [SFX] {"sound": "civ_move_2", "volume": 0.23}
[2026-09-25 18:07:44.253] [SFX] {"sound": "civ_move_2", "volume": 0.18}
[2026-09-25 18:07:44.295] [SFX] {"sound": "threat_pulse", "volume": 0.7}
[2026-09-25 18:07:44.361] [SFX] {"sound": "civ_move_2", "volume": 0.19}
[2026-09-25 18:07:44.384] [SFX] {"sound": "civ_move_2", "volume": 0.09}
[2026-09-25 18:07:44.411] [SFX] {"sound": "threat_pulse", "volume": 0.7}
[2026-09-25 18:07:44.444] [SFX] {"sound": "civ_move_1", "volume": 0.08}
[2026-09-25 18:07:44.445] [SFX] {"sound": "civ_move_1", "volume": 0.0}
[2026-09-25 18:07:44.494] [SFX] {"sound": "guardian_move", "volume": 0.29}
[2026-09-25 18:07:44.516] [SFX] {"sound": "threat_pulse", "volume": 0.7}
[2026-09-25 18:07:44.595] [SFX] {"sound": "guardian_move", "volume": 0.36}
[2026-09-25 18:07:44.610] [M] {"button": 1, "pos": [288, 185], "ui_clicked": false}
[2026-09-25 18:07:44.617] [P] {"start": [161, 46], "goal": [157, 46], "length": 1, "is_direction_change": false}
[2026-09-25 18:07:44.618] [SFX] {"sound": "click_target", "volume": 0.73}
[2026-09-25 18:07:44.654] [JACK] Achtung! Guardians patrouillieren den Sektor. Wir müssen extrem vorsichtig sein!
[2026-09-25 18:07:44.655] [SFX] {"sound": "civ_move_2", "volume": 0.01}
[2026-09-25 18:07:44.655] [SFX] {"sound": "civ_move_1", "volume": 0.16}
[2026-09-25 18:07:44.656] [SFX] {"sound": "threat_pulse", "volume": 0.7}
[2026-09-25 18:07:44.673] [SFX] {"sound": "civ_move_1", "volume": 0.28}
[2026-09-25 18:07:44.674] [SFX] {"sound": "civ_move_2", "volume": 0.19}
[2026-09-25 18:07:44.674] [SFX] {"sound": "civ_move_2", "volume": 0.02}
[2026-09-25 18:07:44.675] [SFX] {"sound": "civ_move_2", "volume": 0.21}
[2026-09-25 18:07:44.735] [SFX] {"sound": "threat_pulse", "volume": 0.7}
[2026-09-25 18:07:44.769] [SFX] {"sound": "civ_move_2", "volume": 0.19}
[2026-09-25 18:07:44.770] [SFX] {"sound": "alert_trigger", "volume": 1.0}
[2026-09-25 18:07:44.790] [SFX] {"sound": "civ_move_2", "volume": 0.12}
[2026-09-25 18:07:44.807] [SFX] {"sound": "player_move", "volume": 0.4}
[2026-09-25 18:07:44.850] [SFX] {"sound": "civ_move_1", "volume": 0.04}
[2026-09-25 18:07:44.851] [SFX] {"sound": "civ_move_1", "volume": 0.03}
[2026-09-25 18:07:44.852] [SFX] {"sound": "threat_pulse", "volume": 0.7}
[2026-09-25 18:07:45.035] [SFX] {"sound": "civ_move_1", "volume": 0.18}
[2026-09-25 18:07:45.058] [SFX] {"sound": "threat_pulse", "volume": 0.7}
[2026-09-25 18:07:45.068] [M] {"button": 1, "pos": [288, 185], "ui_clicked": false}
[2026-09-25 18:07:45.076] [SFX] {"sound": "civ_move_1", "volume": 0.27}
[2026-09-25 18:07:45.077] [SFX] {"sound": "civ_move_2", "volume": 0.19}
[2026-09-25 18:07:45.077] [SFX] {"sound": "civ_move_2", "volume": 0.01}
[2026-09-25 18:07:45.078] [SFX] {"sound": "civ_move_2", "volume": 0.18}
[2026-09-25 18:07:45.079] [P] {"start": [157, 46], "goal": [153, 46], "length": 1, "is_direction_change": false}
[2026-09-25 18:07:45.079] [SFX] {"sound": "click_target", "volume": 0.73}
[2026-09-25 18:07:45.123] [SFX] {"sound": "guardian_move", "volume": 0.27}
[2026-09-25 18:07:45.157] [SFX] {"sound": "threat_pulse", "volume": 0.7}
[2026-09-25 18:07:45.177] [SFX] {"sound": "civ_move_2", "volume": 0.19}
[2026-09-25 18:07:45.194] [SFX] {"sound": "civ_move_2", "volume": 0.15}
[2026-09-25 18:07:45.210] [SFX] {"sound": "guardian_move", "volume": 0.31}
[2026-09-25 18:07:45.256] [SFX] {"sound": "civ_move_1", "volume": 0.0}
[2026-09-25 18:07:45.256] [SFX] {"sound": "civ_move_1", "volume": 0.06}
[2026-09-25 18:07:45.278] [SFX] {"sound": "threat_pulse", "volume": 0.7}
[2026-09-25 18:07:45.437] [SFX] {"sound": "civ_move_1", "volume": 0.21}
[2026-09-25 18:07:45.470] [SFX] {"sound": "civ_move_1", "volume": 0.25}
[2026-09-25 18:07:45.471] [SFX] {"sound": "civ_move_2", "volume": 0.19}
[2026-09-25 18:07:45.471] [SFX] {"sound": "civ_move_2", "volume": 0.01}
[2026-09-25 18:07:45.472] [SFX] {"sound": "civ_move_2", "volume": 0.15}
[2026-09-25 18:07:45.503] [SFX] {"sound": "threat_pulse", "volume": 0.7}
[2026-09-25 18:07:45.552] [M] {"button": 1, "pos": [288, 185], "ui_clicked": false}
[2026-09-25 18:07:45.559] [P] {"start": [153, 46], "goal": [149, 46], "length": 1, "is_direction_change": false}
[2026-09-25 18:07:45.559] [SFX] {"sound": "click_target", "volume": 0.73}
[2026-09-25 18:07:45.594] [JACK] Verdammt, die Sentinels kreisen um uns... Ich habe echte Angst, ertappt zu werden!
[2026-09-25 18:07:45.609] [SFX] {"sound": "civ_move_2", "volume": 0.17}
[2026-09-25 18:07:45.610] [SFX] {"sound": "civ_move_2", "volume": 0.19}
[2026-09-25 18:07:45.611] [SFX] {"sound": "threat_pulse", "volume": 0.7}
[2026-09-25 18:07:45.655] [SFX] {"sound": "civ_move_1", "volume": 0.07}
[2026-09-25 18:07:45.677] [SFX] {"sound": "player_move", "volume": 0.4}
[2026-09-25 18:07:45.705] [SFX] {"sound": "threat_pulse", "volume": 0.7}
[2026-09-25 18:07:45.737] [SFX] {"sound": "guardian_move", "volume": 0.23}
[2026-09-25 18:07:45.820] [SFX] {"sound": "guardian_move", "volume": 0.29}
[2026-09-25 18:07:45.821] [SFX] {"sound": "threat_pulse", "volume": 0.7}
[2026-09-25 18:07:45.852] [SFX] {"sound": "civ_move_1", "volume": 0.23}
[2026-09-25 18:07:45.885] [SFX] {"sound": "civ_move_2", "volume": 0.19}
[2026-09-25 18:07:45.886] [SFX] {"sound": "civ_move_2", "volume": 0.12}
[2026-09-25 18:07:45.934] [SFX] {"sound": "threat_pulse", "volume": 0.7}
[2026-09-25 18:07:45.999] [M] {"button": 1, "pos": [288, 185], "ui_clicked": false}
[2026-09-25 18:07:46.015] [SFX] {"sound": "civ_move_2", "volume": 0.17}
[2026-09-25 18:07:46.037] [SFX] {"sound": "civ_move_2", "volume": 0.19}
[2026-09-25 18:07:46.053] [SFX] {"sound": "threat_pulse", "volume": 0.7}
[2026-09-25 18:07:46.071] [SFX] {"sound": "civ_move_1", "volume": 0.09}
[2026-09-25 18:07:46.148] [SFX] {"sound": "threat_pulse", "volume": 0.7}
[2026-09-25 18:07:46.264] [SFX] {"sound": "civ_move_1", "volume": 0.3}
[2026-09-25 18:07:46.298] [SFX] {"sound": "civ_move_2", "volume": 0.19}
[2026-09-25 18:07:46.299] [SFX] {"sound": "civ_move_2", "volume": 0.12}
[2026-09-25 18:07:46.299] [C] {"civ_pos": [148, 46]}
[2026-09-25 18:07:46.348] [SFX] {"sound": "civ_move_1", "volume": 0.24}
[2026-09-25 18:07:46.362] [SFX] {"sound": "guardian_move", "volume": 0.25}
[2026-09-25 18:07:46.364] [SFX] {"sound": "threat_pulse", "volume": 0.7}
[2026-09-25 18:07:46.424] [SFX] {"sound": "civ_move_2", "volume": 0.17}
[2026-09-25 18:07:46.447] [SFX] {"sound": "guardian_move", "volume": 0.29}
[2026-09-25 18:07:46.448] [SFX] {"sound": "civ_move_2", "volume": 0.19}
[2026-09-25 18:07:46.464] [SFX] {"sound": "threat_pulse", "volume": 0.7}
[2026-09-25 18:07:46.482] [SFX] {"sound": "civ_move_1", "volume": 0.09}
[2026-09-25 18:07:46.555] [M] {"button": 1, "pos": [303, 197], "ui_clicked": false}
[2026-09-25 18:07:46.573] [SFX] {"sound": "threat_pulse", "volume": 0.7}
[2026-09-25 18:07:46.671] [SFX] {"sound": "civ_move_1", "volume": 0.29}
[2026-09-25 18:07:46.694] [SFX] {"sound": "threat_pulse", "volume": 0.7}
[2026-09-25 18:07:46.710] [SFX] {"sound": "civ_move_2", "volume": 0.19}
[2026-09-25 18:07:46.710] [SFX] {"sound": "civ_move_2", "volume": 0.11}
[2026-09-25 18:07:46.728] [SFX] {"sound": "civ_move_1", "volume": 0.22}
[2026-09-25 18:07:46.772] [SFX] {"sound": "alert_trigger", "volume": 1.0}
[2026-09-25 18:07:46.795] [SFX] {"sound": "threat_pulse", "volume": 0.7}
[2026-09-25 18:07:46.838] [SFX] {"sound": "civ_move_2", "volume": 0.17}
[2026-09-25 18:07:46.861] [SFX] {"sound": "civ_move_2", "volume": 0.19}
[2026-09-25 18:07:46.872] [M] {"button": 1, "pos": [325, 218], "ui_clicked": false}
[2026-09-25 18:07:46.890] [SFX] {"sound": "civ_move_1", "volume": 0.09}
[2026-09-25 18:07:46.890] [SFX] {"sound": "threat_pulse", "volume": 0.7}
[2026-09-25 18:07:46.972] [SFX] {"sound": "guardian_move", "volume": 0.27}
[2026-09-25 18:07:47.006] [SFX] {"sound": "threat_pulse", "volume": 0.7}
[2026-09-25 18:07:47.056] [SFX] {"sound": "guardian_move", "volume": 0.22}
[2026-09-25 18:07:47.078] [SFX] {"sound": "civ_move_1", "volume": 0.28}
[2026-09-25 18:07:47.106] [SFX] {"sound": "civ_move_2", "volume": 0.19}
[2026-09-25 18:07:47.107] [SFX] {"sound": "civ_move_2", "volume": 0.11}
[2026-09-25 18:07:47.108] [SFX] {"sound": "threat_pulse", "volume": 0.7}
[2026-09-25 18:07:47.129] [SFX] {"sound": "civ_move_1", "volume": 0.21}
[2026-09-25 18:07:47.208] [SFX] {"sound": "threat_pulse", "volume": 0.7}
[2026-09-25 18:07:47.240] [SFX] {"sound": "civ_move_2", "volume": 0.17}
[2026-09-25 18:07:47.255] [M] {"button": 1, "pos": [317, 216], "ui_clicked": false}
[2026-09-25 18:07:47.263] [SFX] {"sound": "civ_move_2", "volume": 0.19}
[2026-09-25 18:07:47.264] [P] {"start": [149, 46], "goal": [148, 50], "length": 2, "is_direction_change": false}
[2026-09-25 18:07:47.265] [SFX] {"sound": "click_target", "volume": 0.71}
[2026-09-25 18:07:47.314] [SFX] {"sound": "civ_move_1", "volume": 0.09}
[2026-09-25 18:07:47.314] [SFX] {"sound": "threat_pulse", "volume": 0.7}
[2026-09-25 18:07:47.428] [M] {"button": 1, "pos": [315, 215], "ui_clicked": false}
[2026-09-25 18:07:47.435] [SFX] {"sound": "threat_pulse", "volume": 0.7}
[2026-09-25 18:07:47.479] [SFX] {"sound": "civ_move_1", "volume": 0.25}
[2026-09-25 18:07:47.501] [SFX] {"sound": "player_move", "volume": 0.4}
[2026-09-25 18:07:47.521] [SFX] {"sound": "civ_move_2", "volume": 0.16}
[2026-09-25 18:07:47.522] [SFX] {"sound": "civ_move_2", "volume": 0.08}
[2026-09-25 18:07:47.539] [SFX] {"sound": "civ_move_1", "volume": 0.19}
[2026-09-25 18:07:47.540] [SFX] {"sound": "threat_pulse", "volume": 0.7}
[2026-09-25 18:07:47.582] [SFX] {"sound": "guardian_move", "volume": 0.28}
[2026-09-25 18:07:47.631] [SFX] {"sound": "threat_pulse", "volume": 0.7}
[2026-09-25 18:07:47.653] [SFX] {"sound": "civ_move_2", "volume": 0.15}
[2026-09-25 18:07:47.671] [SFX] {"sound": "guardian_move", "volume": 0.25}
[2026-09-25 18:07:47.672] [SFX] {"sound": "civ_move_2", "volume": 0.16}
[2026-09-25 18:07:47.716] [SFX] {"sound": "civ_move_1", "volume": 0.08}
[2026-09-25 18:07:47.740] [SFX] {"sound": "threat_pulse", "volume": 0.7}
[2026-09-25 18:07:47.765] [M] {"button": 1, "pos": [315, 216], "ui_clicked": false}
[2026-09-25 18:07:47.834] [SFX] {"sound": "threat_pulse", "volume": 0.7}
[2026-09-25 18:07:47.883] [SFX] {"sound": "civ_move_2", "volume": 0.0}
[2026-09-25 18:07:47.884] [SFX] {"sound": "civ_move_1", "volume": 0.24}
[2026-09-25 18:07:47.917] [SFX] {"sound": "civ_move_2", "volume": 0.16}
[2026-09-25 18:07:47.918] [SFX] {"sound": "civ_move_2", "volume": 0.08}
[2026-09-25 18:07:47.941] [SFX] {"sound": "civ_move_1", "volume": 0.18}
[2026-09-25 18:07:47.942] [SFX] {"sound": "threat_pulse", "volume": 0.7}
[2026-09-25 18:07:48.054] [M] {"button": 1, "pos": [319, 218], "ui_clicked": false}
[2026-09-25 18:07:48.062] [SFX] {"sound": "civ_move_2", "volume": 0.15}
[2026-09-25 18:07:48.080] [SFX] {"sound": "civ_move_2", "volume": 0.16}
[2026-09-25 18:07:48.125] [SFX] {"sound": "civ_move_1", "volume": 0.08}
[2026-09-25 18:07:48.147] [SFX] {"sound": "threat_pulse", "volume": 0.7}
[2026-09-25 18:07:48.191] [SFX] {"sound": "guardian_move", "volume": 0.3}
[2026-09-25 18:07:48.242] [SFX] {"sound": "threat_pulse", "volume": 0.7}
[2026-09-25 18:07:48.275] [SFX] {"sound": "guardian_move", "volume": 0.23}
[2026-09-25 18:07:48.298] [SFX] {"sound": "civ_move_2", "volume": 0.01}
[2026-09-25 18:07:48.299] [SFX] {"sound": "civ_move_1", "volume": 0.23}
[2026-09-25 18:07:48.325] [SFX] {"sound": "civ_move_2", "volume": 0.15}
[2026-09-25 18:07:48.326] [SFX] {"sound": "civ_move_2", "volume": 0.09}
[2026-09-25 18:07:48.341] [M] {"button": 1, "pos": [322, 219], "ui_clicked": false}
[2026-09-25 18:07:48.349] [SFX] {"sound": "civ_move_1", "volume": 0.16}
[2026-09-25 18:07:48.350] [P] {"start": [148, 50], "goal": [148, 54], "length": 1, "is_direction_change": false}
[2026-09-25 18:07:48.351] [SFX] {"sound": "click_target", "volume": 0.7}
[2026-09-25 18:07:48.386] [JACK] Überall Wacheinheiten... Ihr bedrohliches Summen brennt sich ins Deck.
[2026-09-25 18:07:48.387] [SFX] {"sound": "threat_pulse", "volume": 0.7}
[2026-09-25 18:07:48.465] [SFX] {"sound": "civ_move_2", "volume": 0.13}
[2026-09-25 18:07:48.466] [SFX] {"sound": "threat_pulse", "volume": 0.7}
[2026-09-25 18:07:48.487] [SFX] {"sound": "civ_move_2", "volume": 0.14}
[2026-09-25 18:07:48.533] [SFX] {"sound": "civ_move_1", "volume": 0.06}
[2026-09-25 18:07:48.566] [SFX] {"sound": "threat_pulse", "volume": 0.7}
[2026-09-25 18:07:48.698] [SFX] {"sound": "civ_move_2", "volume": 0.01}
[2026-09-25 18:07:48.698] [SFX] {"sound": "civ_move_1", "volume": 0.2}
[2026-09-25 18:07:48.731] [SFX] {"sound": "civ_move_2", "volume": 0.12}
[2026-09-25 18:07:48.731] [SFX] {"sound": "civ_move_2", "volume": 0.08}
[2026-09-25 18:07:48.753] [SFX] {"sound": "civ_move_1", "volume": 0.14}
[2026-09-25 18:07:48.764] [M] {"button": 1, "pos": [323, 220], "ui_clicked": false}
[2026-09-25 18:07:48.771] [P] {"start": [148, 54], "goal": [148, 58], "length": 1, "is_direction_change": false}
[2026-09-25 18:07:48.772] [SFX] {"sound": "click_target", "volume": 0.71}
[2026-09-25 18:07:48.814] [JACK] Achtung! Guardians patrouillieren den Sektor. Wir müssen extrem vorsichtig sein!
[2026-09-25 18:07:48.815] [SFX] {"sound": "threat_pulse", "volume": 0.7}
[2026-09-25 18:07:48.816] [SFX] {"sound": "alert_trigger", "volume": 1.0}
[2026-09-25 18:07:48.832] [SFX] {"sound": "guardian_move", "volume": 0.29}
[2026-09-25 18:07:48.857] [SFX] {"sound": "player_move", "volume": 0.4}
[2026-09-25 18:07:48.880] [SFX] {"sound": "civ_move_2", "volume": 0.1}
[2026-09-25 18:07:48.898] [SFX] {"sound": "guardian_move", "volume": 0.18}
[2026-09-25 18:07:48.899] [SFX] {"sound": "civ_move_2", "volume": 0.11}
[2026-09-25 18:07:48.900] [SFX] {"sound": "threat_pulse", "volume": 0.7}
[2026-09-25 18:07:48.942] [SFX] {"sound": "civ_move_1", "volume": 0.04}
[2026-09-25 18:07:48.991] [SFX] {"sound": "threat_pulse", "volume": 0.7}
[2026-09-25 18:07:49.107] [SFX] {"sound": "civ_move_2", "volume": 0.0}
[2026-09-25 18:07:49.107] [SFX] {"sound": "civ_move_1", "volume": 0.17}
[2026-09-25 18:07:49.108] [SFX] {"sound": "threat_pulse", "volume": 0.7}
[2026-09-25 18:07:49.140] [M] {"button": 1, "pos": [323, 220], "ui_clicked": false}
[2026-09-25 18:07:49.148] [SFX] {"sound": "civ_move_2", "volume": 0.09}
[2026-09-25 18:07:49.149] [SFX] {"sound": "civ_move_2", "volume": 0.06}
[2026-09-25 18:07:49.150] [P] {"start": [148, 58], "goal": [148, 61], "length": 1, "is_direction_change": false}
[2026-09-25 18:07:49.150] [SFX] {"sound": "click_target", "volume": 0.72}
[2026-09-25 18:07:49.186] [JACK] Überall Wacheinheiten... Ihr bedrohliches Summen brennt sich ins Deck.
[2026-09-25 18:07:49.187] [SFX] {"sound": "civ_move_1", "volume": 0.12}
[2026-09-25 18:07:49.215] [SFX] {"sound": "threat_pulse", "volume": 0.7}
[2026-09-25 18:07:49.281] [SFX] {"sound": "civ_move_2", "volume": 0.07}
[2026-09-25 18:07:49.316] [SFX] {"sound": "threat_pulse", "volume": 0.7}
[2026-09-25 18:07:49.348] [SFX] {"sound": "civ_move_1", "volume": 0.02}
[2026-09-25 18:07:49.431] [SFX] {"sound": "guardian_move", "volume": 0.25}
[2026-09-25 18:07:49.432] [SFX] {"sound": "threat_pulse", "volume": 0.7}
[2026-09-25 18:07:49.498] [SFX] {"sound": "guardian_move", "volume": 0.17}
[2026-09-25 18:07:49.522] [SFX] {"sound": "civ_move_1", "volume": 0.15}
[2026-09-25 18:07:49.531] [M] {"button": 1, "pos": [323, 220], "ui_clicked": false}
[2026-09-25 18:07:49.539] [SFX] {"sound": "threat_pulse", "volume": 0.7}
[2026-09-25 18:07:49.540] [P] {"start": [148, 61], "goal": [148, 65], "length": 1, "is_direction_change": false}
[2026-09-25 18:07:49.540] [SFX] {"sound": "click_target", "volume": 0.71}
[2026-09-25 18:07:49.561] [JACK] Verdammt, die Sentinels kreisen um uns... Ich habe echte Angst, ertappt zu werden!
[2026-09-25 18:07:49.562] [SFX] {"sound": "civ_move_2", "volume": 0.06}
[2026-09-25 18:07:49.563] [SFX] {"sound": "civ_move_2", "volume": 0.0}
[2026-09-25 18:07:49.564] [SFX] {"sound": "civ_move_2", "volume": 0.05}
[2026-09-25 18:07:49.580] [SFX] {"sound": "civ_move_1", "volume": 0.09}
[2026-09-25 18:07:49.606] [SFX] {"sound": "player_move", "volume": 0.4}
[2026-09-25 18:07:49.639] [SFX] {"sound": "threat_pulse", "volume": 0.7}
[2026-09-25 18:07:49.688] [SFX] {"sound": "civ_move_2", "volume": 0.05}
[2026-09-25 18:07:49.754] [SFX] {"sound": "threat_pulse", "volume": 0.7}
[2026-09-25 18:07:49.916] [SFX] {"sound": "civ_move_1", "volume": 0.12}
[2026-09-25 18:07:49.966] [SFX] {"sound": "civ_move_2", "volume": 0.03}
[2026-09-25 18:07:49.967] [SFX] {"sound": "civ_move_2", "volume": 0.02}
[2026-09-25 18:07:49.968] [SFX] {"sound": "civ_move_2", "volume": 0.03}
[2026-09-25 18:07:49.990] [SFX] {"sound": "civ_move_1", "volume": 0.07}
[2026-09-25 18:07:49.990] [SFX] {"sound": "threat_pulse", "volume": 0.7}
[2026-09-25 18:07:50.034] [SFX] {"sound": "guardian_move", "volume": 0.21}
[2026-09-25 18:07:50.064] [M] {"button": 1, "pos": [323, 228], "ui_clicked": false}
[2026-09-25 18:07:50.072] [P] {"start": [148, 65], "goal": [148, 70], "length": 1, "is_direction_change": false}
[2026-09-25 18:07:50.073] [SFX] {"sound": "click_target", "volume": 0.69}
[2026-09-25 18:07:50.117] [SFX] {"sound": "threat_pulse", "volume": 0.7}
[2026-09-25 18:07:50.137] [SFX] {"sound": "guardian_move", "volume": 0.16}
[2026-09-25 18:07:50.138] [SFX] {"sound": "civ_move_2", "volume": 0.03}
[2026-09-25 18:07:50.197] [SFX] {"sound": "threat_pulse", "volume": 0.7}
[2026-09-25 18:07:50.260] [SFX] {"sound": "player_move", "volume": 0.4}
[2026-09-25 18:07:50.312] [SFX] {"sound": "threat_pulse", "volume": 0.7}
[2026-09-25 18:07:50.343] [SFX] {"sound": "civ_move_1", "volume": 0.08}
[2026-09-25 18:07:50.376] [SFX] {"sound": "civ_move_2", "volume": 0.04}
[2026-09-25 18:07:50.398] [SFX] {"sound": "civ_move_1", "volume": 0.03}
[2026-09-25 18:07:50.425] [SFX] {"sound": "threat_pulse", "volume": 0.7}
[2026-09-25 18:07:50.542] [SFX] {"sound": "civ_move_2", "volume": 0.01}
[2026-09-25 18:07:50.607] [M] {"button": 1, "pos": [323, 228], "ui_clicked": false}
[2026-09-25 18:07:50.614] [P] {"start": [148, 70], "goal": [148, 75], "length": 1, "is_direction_change": false}
[2026-09-25 18:07:50.615] [SFX] {"sound": "click_target", "volume": 0.69}
[2026-09-25 18:07:50.655] [JACK] Achtung! Guardians patrouillieren den Sektor. Wir müssen extrem vorsichtig sein!
[2026-09-25 18:07:50.674] [SFX] {"sound": "guardian_move", "volume": 0.16}
[2026-09-25 18:07:50.674] [SFX] {"sound": "threat_pulse", "volume": 0.7}
[2026-09-25 18:07:50.733] [SFX] {"sound": "guardian_move", "volume": 0.14}
[2026-09-25 18:07:50.755] [SFX] {"sound": "civ_move_1", "volume": 0.06}
[2026-09-25 18:07:50.775] [SFX] {"sound": "threat_pulse", "volume": 0.7}
[2026-09-25 18:07:50.791] [SFX] {"sound": "civ_move_2", "volume": 0.05}
[2026-09-25 18:07:50.793] [SFX] {"sound": "alert_trigger", "volume": 1.0}
[2026-09-25 18:07:50.809] [SFX] {"sound": "civ_move_1", "volume": 0.0}
[2026-09-25 18:07:50.868] [SFX] {"sound": "threat_pulse", "volume": 0.7}
[2026-09-25 18:07:51.151] [M] {"button": 1, "pos": [323, 228], "ui_clicked": false}
[2026-09-25 18:07:51.159] [SFX] {"sound": "civ_move_1", "volume": 0.04}
[2026-09-25 18:07:51.160] [P] {"start": [148, 75], "goal": [148, 80], "length": 1, "is_direction_change": false}
[2026-09-25 18:07:51.161] [SFX] {"sound": "click_target", "volume": 0.69}
[2026-09-25 18:07:51.205] [JACK] Diese Bedrohung ist greifbar... Die Wachen dürfen unser Signal nicht isolieren.
[2026-09-25 18:07:51.205] [SFX] {"sound": "player_move", "volume": 0.4}
[2026-09-25 18:07:51.223] [SFX] {"sound": "civ_move_2", "volume": 0.05}
[2026-09-25 18:07:51.224] [SFX] {"sound": "threat_pulse", "volume": 0.7}
[2026-09-25 18:07:51.281] [SFX] {"sound": "guardian_move", "volume": 0.12}
[2026-09-25 18:07:51.332] [SFX] {"sound": "threat_pulse", "volume": 0.7}
[2026-09-25 18:07:51.354] [SFX] {"sound": "guardian_move", "volume": 0.1}
[2026-09-25 18:07:51.447] [SFX] {"sound": "threat_pulse", "volume": 0.7}
[2026-09-25 18:07:51.630] [SFX] {"sound": "civ_move_2", "volume": 0.07}
[2026-09-25 18:07:51.664] [SFX] {"sound": "threat_pulse", "volume": 0.7}
[2026-09-25 18:07:51.862] [M] {"button": 1, "pos": [323, 228], "ui_clicked": false}
[2026-09-25 18:07:51.871] [P] {"start": [148, 80], "goal": [148, 85], "length": 1, "is_direction_change": false}
[2026-09-25 18:07:51.872] [SFX] {"sound": "click_target", "volume": 0.68}
[2026-09-25 18:07:51.907] [JACK] Überall Wacheinheiten... Ihr bedrohliches Summen brennt sich ins Deck.
[2026-09-25 18:07:51.908] [SFX] {"sound": "guardian_move", "volume": 0.11}
[2026-09-25 18:07:51.909] [SFX] {"sound": "threat_pulse", "volume": 0.7}
[2026-09-25 18:07:51.951] [SFX] {"sound": "player_move", "volume": 0.4}
[2026-09-25 18:07:51.951] [SFX] {"sound": "guardian_move", "volume": 0.09}
[2026-09-25 18:07:51.985] [SFX] {"sound": "threat_pulse", "volume": 0.7}
[2026-09-25 18:07:52.034] [SFX] {"sound": "civ_move_2", "volume": 0.08}
[2026-09-25 18:07:52.084] [SFX] {"sound": "threat_pulse", "volume": 0.7}
[2026-09-25 18:07:52.445] [SFX] {"sound": "civ_move_2", "volume": 0.01}
[2026-09-25 18:07:52.446] [SFX] {"sound": "civ_move_2", "volume": 0.08}
[2026-09-25 18:07:52.461] [M] {"button": 1, "pos": [323, 228], "ui_clicked": false}
[2026-09-25 18:07:52.469] [P] {"start": [148, 85], "goal": [148, 90], "length": 1, "is_direction_change": false}
[2026-09-25 18:07:52.470] [SFX] {"sound": "click_target", "volume": 0.69}
[2026-09-25 18:07:52.504] [JACK] Achtung! Guardians patrouillieren den Sektor. Wir müssen extrem vorsichtig sein!
[2026-09-25 18:07:52.520] [SFX] {"sound": "guardian_move", "volume": 0.08}
[2026-09-25 18:07:52.521] [SFX] {"sound": "threat_pulse", "volume": 0.7}
[2026-09-25 18:07:52.562] [SFX] {"sound": "guardian_move", "volume": 0.05}
[2026-09-25 18:07:52.628] [SFX] {"sound": "player_move", "volume": 0.4}
[2026-09-25 18:07:52.629] [SFX] {"sound": "threat_pulse", "volume": 0.7}
[2026-09-25 18:07:52.861] [SFX] {"sound": "civ_move_2", "volume": 0.04}
[2026-09-25 18:07:52.862] [SFX] {"sound": "civ_move_2", "volume": 0.1}
[2026-09-25 18:07:52.928] [SFX] {"sound": "guardian_move", "volume": 0.04}
[2026-09-25 18:07:52.951] [SFX] {"sound": "threat_pulse", "volume": 0.69}
[2026-09-25 18:07:53.129] [SFX] {"sound": "guardian_move", "volume": 0.07}
[2026-09-25 18:07:53.162] [SFX] {"sound": "threat_pulse", "volume": 0.68}
[2026-09-25 18:07:53.194] [M] {"button": 1, "pos": [324, 236], "ui_clicked": false}
[2026-09-25 18:07:53.201] [SFX] {"sound": "guardian_move", "volume": 0.02}
[2026-09-25 18:07:53.202] [P] {"start": [148, 90], "goal": [148, 96], "length": 1, "is_direction_change": false}
[2026-09-25 18:07:53.202] [SFX] {"sound": "click_target", "volume": 0.66}
[2026-09-25 18:07:53.240] [JACK] Überall Wacheinheiten... Ihr bedrohliches Summen brennt sich ins Deck.
[2026-09-25 18:07:53.268] [SFX] {"sound": "civ_move_2", "volume": 0.05}
[2026-09-25 18:07:53.269] [SFX] {"sound": "civ_move_2", "volume": 0.09}
[2026-09-25 18:07:53.270] [SFX] {"sound": "threat_pulse", "volume": 0.67}
[2026-09-25 18:07:53.433] [SFX] {"sound": "player_move", "volume": 0.4}
[2026-09-25 18:07:53.499] [SFX] {"sound": "threat_pulse", "volume": 0.66}
[2026-09-25 18:07:53.530] [SFX] {"sound": "guardian_move", "volume": 0.09}
[2026-09-25 18:07:53.613] [SFX] {"sound": "threat_pulse", "volume": 0.66}
[2026-09-25 18:07:53.680] [SFX] {"sound": "civ_move_2", "volume": 0.08}
[2026-09-25 18:07:53.680] [SFX] {"sound": "civ_move_2", "volume": 0.11}
[2026-09-25 18:07:53.729] [SFX] {"sound": "guardian_move", "volume": 0.03}
[2026-09-25 18:07:53.778] [M] {"button": 1, "pos": [324, 236], "ui_clicked": false}
[2026-09-25 18:07:53.787] [P] {"start": [148, 96], "goal": [148, 102], "length": 1, "is_direction_change": false}
[2026-09-25 18:07:53.788] [SFX] {"sound": "click_target", "volume": 0.67}
[2026-09-25 18:07:53.823] [JACK] Verdammt, die Sentinels kreisen um uns... Ich habe echte Angst, ertappt zu werden!
[2026-09-25 18:07:53.842] [SFX] {"sound": "threat_pulse", "volume": 0.65}
[2026-09-25 18:07:54.036] [SFX] {"sound": "player_move", "volume": 0.4}
[2026-09-25 18:07:54.037] [SFX] {"sound": "threat_pulse", "volume": 0.64}
[2026-09-25 18:07:54.086] [SFX] {"sound": "civ_move_2", "volume": 0.11}
[2026-09-25 18:07:54.087] [SFX] {"sound": "civ_move_2", "volume": 0.14}
[2026-09-25 18:07:54.134] [SFX] {"sound": "guardian_move", "volume": 0.14}
[2026-09-25 18:07:54.237] [SFX] {"sound": "threat_pulse", "volume": 0.63}
[2026-09-25 18:07:54.451] [SFX] {"sound": "threat_pulse", "volume": 0.62}
[2026-09-25 18:07:54.499] [SFX] {"sound": "civ_move_2", "volume": 0.12}
[2026-09-25 18:07:54.500] [SFX] {"sound": "civ_move_2", "volume": 0.14}
[2026-09-25 18:07:54.747] [SFX] {"sound": "guardian_move", "volume": 0.16}
[2026-09-25 18:07:54.770] [SFX] {"sound": "threat_pulse", "volume": 0.6}
[2026-09-25 18:07:54.909] [SFX] {"sound": "civ_move_2", "volume": 0.12}
[2026-09-25 18:07:54.910] [SFX] {"sound": "civ_move_2", "volume": 0.14}
[2026-09-25 18:07:54.941] [SFX] {"sound": "guardian_move", "volume": 0.02}
[2026-09-25 18:07:54.990] [M] {"button": 1, "pos": [326, 250], "ui_clicked": false}
[2026-09-25 18:07:55.000] [P] {"start": [148, 102], "goal": [148, 110], "length": 1, "is_direction_change": false}
[2026-09-25 18:07:55.001] [SFX] {"sound": "click_target", "volume": 0.62}
[2026-09-25 18:07:55.025] [JACK] Überall Wacheinheiten... Ihr bedrohliches Summen brennt sich ins Deck.
[2026-09-25 18:07:55.070] [SFX] {"sound": "threat_pulse", "volume": 0.58}
[2026-09-25 18:07:55.268] [SFX] {"sound": "player_move", "volume": 0.4}
[2026-09-25 18:07:55.316] [SFX] {"sound": "civ_move_2", "volume": 0.16}
[2026-09-25 18:07:55.317] [SFX] {"sound": "civ_move_2", "volume": 0.17}
[2026-09-25 18:07:55.350] [SFX] {"sound": "guardian_move", "volume": 0.21}
[2026-09-25 18:07:55.382] [SFX] {"sound": "threat_pulse", "volume": 0.57}
[2026-09-25 18:07:55.726] [M] {"button": 1, "pos": [327, 245], "ui_clicked": false}
[2026-09-25 18:07:55.734] [SFX] {"sound": "civ_move_2", "volume": 0.17}
[2026-09-25 18:07:55.735] [P] {"start": [148, 110], "goal": [148, 117], "length": 1, "is_direction_change": false}
[2026-09-25 18:07:55.736] [SFX] {"sound": "click_target", "volume": 0.65}
[2026-09-25 18:07:55.759] [JACK] Achtung! Guardians patrouillieren den Sektor. Wir müssen extrem vorsichtig sein!
[2026-09-25 18:07:55.787] [SFX] {"sound": "threat_pulse", "volume": 0.55}
[2026-09-25 18:07:55.919] [SFX] {"sound": "player_move", "volume": 0.4}
[2026-09-25 18:07:55.953] [SFX] {"sound": "guardian_move", "volume": 0.25}
[2026-09-25 18:07:56.136] [SFX] {"sound": "civ_move_2", "volume": 0.2}
[2026-09-25 18:07:56.137] [SFX] {"sound": "civ_move_2", "volume": 0.18}
[2026-09-25 18:07:56.203] [SFX] {"sound": "threat_pulse", "volume": 0.53}
[2026-09-25 18:07:56.537] [SFX] {"sound": "civ_move_2", "volume": 0.21}
[2026-09-25 18:07:56.537] [SFX] {"sound": "civ_move_2", "volume": 0.18}
[2026-09-25 18:07:56.569] [SFX] {"sound": "guardian_move", "volume": 0.28}
[2026-09-25 18:07:56.704] [SFX] {"sound": "threat_pulse", "volume": 0.5}
[2026-09-25 18:07:56.787] [M] {"button": 1, "pos": [424, 204], "ui_clicked": false}
[2026-09-25 18:07:56.951] [SFX] {"sound": "civ_move_2", "volume": 0.22}
[2026-09-25 18:07:56.952] [SFX] {"sound": "civ_move_2", "volume": 0.17}
[2026-09-25 18:07:57.182] [SFX] {"sound": "guardian_move", "volume": 0.29}
[2026-09-25 18:07:57.215] [SFX] {"sound": "threat_pulse", "volume": 0.48}
[2026-09-25 18:07:57.231] [M] {"button": 1, "pos": [419, 192], "ui_clicked": false}
[2026-09-25 18:07:57.242] [SFX] {"sound": "click_target", "volume": 0.55}
[2026-09-25 18:07:57.284] [C] {"civ_pos": [146, 118]}
[2026-09-25 18:07:57.356] [SFX] {"sound": "civ_move_2", "volume": 0.28}
[2026-09-25 18:07:57.357] [SFX] {"sound": "civ_move_2", "volume": 0.21}
[2026-09-25 18:07:57.390] [SFX] {"sound": "player_move", "volume": 0.4}
[2026-09-25 18:07:57.772] [SFX] {"sound": "civ_move_2", "volume": 0.23}
[2026-09-25 18:07:57.773] [SFX] {"sound": "civ_move_2", "volume": 0.26}
[2026-09-25 18:07:57.795] [SFX] {"sound": "guardian_move", "volume": 0.33}
[2026-09-25 18:07:57.823] [SFX] {"sound": "threat_pulse", "volume": 0.5}
[2026-09-25 18:07:57.991] [SFX] {"sound": "player_move", "volume": 0.4}
[2026-09-25 18:07:58.174] [SFX] {"sound": "civ_move_2", "volume": 0.18}
[2026-09-25 18:07:58.175] [SFX] {"sound": "civ_move_2", "volume": 0.29}
[2026-09-25 18:07:58.291] [SFX] {"sound": "player_move", "volume": 0.4}
[2026-09-25 18:07:58.408] [SFX] {"sound": "guardian_move", "volume": 0.27}
[2026-09-25 18:07:58.429] [SFX] {"sound": "threat_pulse", "volume": 0.49}
[2026-09-25 18:07:58.588] [SFX] {"sound": "civ_move_2", "volume": 0.16}
[2026-09-25 18:07:58.589] [SFX] {"sound": "civ_move_2", "volume": 0.29}
[2026-09-25 18:07:58.611] [SFX] {"sound": "player_move", "volume": 0.4}
[2026-09-25 18:07:59.004] [SFX] {"sound": "civ_move_2", "volume": 0.15}
[2026-09-25 18:07:59.004] [SFX] {"sound": "civ_move_2", "volume": 0.29}
[2026-09-25 18:07:59.020] [M] {"button": 1, "pos": [397, 209], "ui_clicked": true}
[2026-09-25 18:07:59.037] [SFX] {"sound": "guardian_move", "volume": 0.22}
[2026-09-25 18:07:59.052] [SFX] {"sound": "threat_pulse", "volume": 0.5}
[2026-09-25 18:07:59.227] [SFX] {"sound": "player_move", "volume": 0.4}
[2026-09-25 18:07:59.379] [SFX] {"sound": "infiltrate 1", "volume": 0.5}
[2026-09-25 18:07:59.414] [SFX] {"sound": "civ_move_2", "volume": 0.13}
[2026-09-25 18:07:59.415] [SFX] {"sound": "civ_move_2", "volume": 0.29}
[2026-09-25 18:07:59.528] [SFX] {"sound": "player_move", "volume": 0.4}
[2026-09-25 18:07:59.560] [SFX] {"sound": "threat_pulse", "volume": 0.51}
[2026-09-25 18:07:59.625] [SFX] {"sound": "guardian_move", "volume": 0.22}
[2026-09-25 18:07:59.791] [C] {"civ_pos": [171, 118]}
[2026-09-25 18:07:59.792] [SFX] {"sound": "infiltrate 1", "volume": 0.5}
[2026-09-25 18:07:59.844] [SFX] {"sound": "player_move", "volume": 0.4}
[2026-09-25 18:07:59.845] [SFX] {"sound": "civ_move_2", "volume": 0.12}
[2026-09-25 18:07:59.846] [SFX] {"sound": "civ_move_2", "volume": 0.29}
[2026-09-25 18:08:00.076] [SFX] {"sound": "threat_pulse", "volume": 0.51}
[2026-09-25 18:08:00.156] [SFX] {"sound": "player_move", "volume": 0.4}
[2026-09-25 18:08:00.206] [SFX] {"sound": "infiltrate 1", "volume": 0.5}
[2026-09-25 18:08:00.241] [SFX] {"sound": "guardian_move", "volume": 0.22}
[2026-09-25 18:08:00.264] [SFX] {"sound": "civ_move_2", "volume": 0.1}
[2026-09-25 18:08:00.264] [SFX] {"sound": "civ_move_2", "volume": 0.29}
[2026-09-25 18:08:00.472] [SFX] {"sound": "player_move", "volume": 0.4}
[2026-09-25 18:08:00.588] [SFX] {"sound": "threat_pulse", "volume": 0.52}
[2026-09-25 18:08:00.620] [SFX] {"sound": "infiltrate 1", "volume": 0.5}
[2026-09-25 18:08:00.668] [SFX] {"sound": "civ_move_2", "volume": 0.08}
[2026-09-25 18:08:00.669] [SFX] {"sound": "civ_move_2", "volume": 0.29}
[2026-09-25 18:08:00.784] [SFX] {"sound": "player_move", "volume": 0.4}
[2026-09-25 18:08:00.849] [SFX] {"sound": "guardian_move", "volume": 0.22}
[2026-09-25 18:08:01.030] [SFX] {"sound": "infiltrate 2", "volume": 0.5}
[2026-09-25 18:08:01.080] [SFX] {"sound": "civ_move_2", "volume": 0.07}
[2026-09-25 18:08:01.081] [SFX] {"sound": "civ_move_2", "volume": 0.29}
[2026-09-25 18:08:01.102] [SFX] {"sound": "player_move", "volume": 0.4}
[2026-09-25 18:08:01.103] [SFX] {"sound": "threat_pulse", "volume": 0.53}
[2026-09-25 18:08:01.397] [SFX] {"sound": "player_move", "volume": 0.4}
[2026-09-25 18:08:01.431] [SFX] {"sound": "infiltrate 1", "volume": 0.5}
[2026-09-25 18:08:01.465] [SFX] {"sound": "guardian_move", "volume": 0.22}
[2026-09-25 18:08:01.488] [SFX] {"sound": "civ_move_2", "volume": 0.05}
[2026-09-25 18:08:01.489] [SFX] {"sound": "civ_move_2", "volume": 0.29}
[2026-09-25 18:08:01.596] [SFX] {"sound": "threat_pulse", "volume": 0.53}
[2026-09-25 18:08:01.710] [SFX] {"sound": "player_move", "volume": 0.4}
[2026-09-25 18:08:01.843] [SFX] {"sound": "infiltrate 1", "volume": 0.5}
[2026-09-25 18:08:01.895] [SFX] {"sound": "civ_move_2", "volume": 0.03}
[2026-09-25 18:08:01.896] [SFX] {"sound": "civ_move_2", "volume": 0.29}
[2026-09-25 18:08:02.012] [SFX] {"sound": "player_move", "volume": 0.4}
[2026-09-25 18:08:02.036] [SFX] {"sound": "hack_success", "volume": 1.0}
[2026-09-25 18:08:02.079] [SFX] {"sound": "guardian_move", "volume": 0.22}
[2026-09-25 18:08:02.112] [SFX] {"sound": "threat_pulse", "volume": 0.53}
[2026-09-25 18:08:02.294] [C] {"civ_pos": [181, 118]}
[2026-09-25 18:08:02.343] [SFX] {"sound": "civ_move_2", "volume": 0.02}
[2026-09-25 18:08:02.344] [SFX] {"sound": "civ_move_2", "volume": 0.28}
[2026-09-25 18:08:02.617] [SFX] {"sound": "threat_pulse", "volume": 0.51}
[2026-09-25 18:08:02.686] [SFX] {"sound": "guardian_move", "volume": 0.25}
[2026-09-25 18:08:02.720] [SFX] {"sound": "civ_move_2", "volume": 0.02}
[2026-09-25 18:08:02.720] [SFX] {"sound": "civ_move_2", "volume": 0.27}
[2026-09-25 18:08:02.853] [SFX] {"sound": "guardian_move", "volume": 0.01}
[2026-09-25 18:08:03.119] [SFX] {"sound": "civ_move_2", "volume": 0.01}
[2026-09-25 18:08:03.120] [SFX] {"sound": "civ_move_2", "volume": 0.26}
[2026-09-25 18:08:03.121] [SFX] {"sound": "threat_pulse", "volume": 0.48}
[2026-09-25 18:08:03.202] [M] {"button": 1, "pos": [431, 187], "ui_clicked": false}
[2026-09-25 18:08:03.211] [P] {"start": [179, 118], "goal": [193, 118], "length": 1, "is_direction_change": false}
[2026-09-25 18:08:03.212] [SFX] {"sound": "click_target", "volume": 0.52}
[2026-09-25 18:08:03.235] [JACK] Verdammt, die Sentinels kreisen um uns... Ich habe echte Angst, ertappt zu werden!
[2026-09-25 18:08:03.296] [SFX] {"sound": "guardian_move", "volume": 0.25}
[2026-09-25 18:08:03.381] [SFX] {"sound": "civ_move_2", "volume": 0.02}
[2026-09-25 18:08:03.497] [SFX] {"sound": "player_move", "volume": 0.4}
[2026-09-25 18:08:03.530] [SFX] {"sound": "civ_move_2", "volume": 0.3}
[2026-09-25 18:08:03.732] [SFX] {"sound": "threat_pulse", "volume": 0.45}
[2026-09-25 18:08:03.782] [SFX] {"sound": "civ_move_2", "volume": 0.08}
[2026-09-25 18:08:03.806] [SFX] {"sound": "player_move", "volume": 0.4}
[2026-09-25 18:08:03.815] [M] {"button": 1, "pos": [431, 187], "ui_clicked": false}
[2026-09-25 18:08:03.824] [P] {"start": [191, 118], "goal": [202, 118], "length": 1, "is_direction_change": false}
[2026-09-25 18:08:03.825] [SFX] {"sound": "click_target", "volume": 0.59}
[2026-09-25 18:08:03.860] [JACK] Diese Bedrohung ist greifbar... Die Wachen dürfen unser Signal nicht isolieren.
[2026-09-25 18:08:03.904] [SFX] {"sound": "guardian_move", "volume": 0.15}
[2026-09-25 18:08:03.935] [SFX] {"sound": "civ_move_2", "volume": 0.26}
[2026-09-25 18:08:04.100] [SFX] {"sound": "player_move", "volume": 0.4}
[2026-09-25 18:08:04.197] [SFX] {"sound": "civ_move_2", "volume": 0.14}
[2026-09-25 18:08:04.346] [SFX] {"sound": "civ_move_2", "volume": 0.21}
[2026-09-25 18:08:04.410] [M] {"button": 1, "pos": [431, 187], "ui_clicked": false}
[2026-09-25 18:08:04.420] [P] {"start": [202, 118], "goal": [213, 118], "length": 1, "is_direction_change": false}
[2026-09-25 18:08:04.420] [SFX] {"sound": "click_target", "volume": 0.57}
[2026-09-25 18:08:04.443] [JACK] Achtung! Guardians patrouillieren den Sektor. Wir müssen extrem vorsichtig sein!
[2026-09-25 18:08:04.461] [SFX] {"sound": "threat_pulse", "volume": 0.42}
[2026-09-25 18:08:04.504] [SFX] {"sound": "player_move", "volume": 0.4}
[2026-09-25 18:08:04.505] [SFX] {"sound": "guardian_move", "volume": 0.08}
[2026-09-25 18:08:04.602] [SFX] {"sound": "civ_move_2", "volume": 0.19}
[2026-09-25 18:08:04.750] [SFX] {"sound": "civ_move_2", "volume": 0.17}
[2026-09-25 18:08:04.817] [SFX] {"sound": "player_move", "volume": 0.4}
[2026-09-25 18:08:05.016] [SFX] {"sound": "civ_move_2", "volume": 0.25}
[2026-09-25 18:08:05.116] [SFX] {"sound": "guardian_move", "volume": 0.01}
[2026-09-25 18:08:05.166] [SFX] {"sound": "civ_move_2", "volume": 0.15}
[2026-09-25 18:08:05.266] [SFX] {"sound": "threat_pulse", "volume": 0.38}
[2026-09-25 18:08:05.433] [SFX] {"sound": "civ_move_2", "volume": 0.25}
[2026-09-25 18:08:05.550] [M] {"button": 1, "pos": [431, 187], "ui_clicked": false}
[2026-09-25 18:08:05.566] [SFX] {"sound": "civ_move_2", "volume": 0.16}
[2026-09-25 18:08:05.729] [SFX] {"sound": "guardian_move", "volume": 0.03}
[2026-09-25 18:08:05.844] [SFX] {"sound": "civ_move_2", "volume": 0.26}
[2026-09-25 18:08:05.981] [SFX] {"sound": "civ_move_2", "volume": 0.18}
[2026-09-25 18:08:06.145] [M] {"button": 1, "pos": [431, 187], "ui_clicked": false}
[2026-09-25 18:08:06.178] [SFX] {"sound": "threat_pulse", "volume": 0.33}
[2026-09-25 18:08:06.247] [SFX] {"sound": "civ_move_2", "volume": 0.28}
[2026-09-25 18:08:06.296] [C] {"civ_pos": [215, 118]}
[2026-09-25 18:08:06.335] [SFX] {"sound": "guardian_move", "volume": 0.06}
[2026-09-25 18:08:06.384] [SFX] {"sound": "civ_move_2", "volume": 0.19}
[2026-09-25 18:08:06.649] [SFX] {"sound": "civ_move_2", "volume": 0.29}
[2026-09-25 18:08:06.715] [M] {"button": 1, "pos": [410, 191], "ui_clicked": false}
[2026-09-25 18:08:06.799] [SFX] {"sound": "civ_move_2", "volume": 0.2}
[2026-09-25 18:08:06.951] [SFX] {"sound": "guardian_move", "volume": 0.08}
[2026-09-25 18:08:07.064] [SFX] {"sound": "civ_move_2", "volume": 0.3}
[2026-09-25 18:08:07.146] [M] {"button": 1, "pos": [416, 183], "ui_clicked": false}
[2026-09-25 18:08:07.214] [SFX] {"sound": "civ_move_2", "volume": 0.21}
[2026-09-25 18:08:07.466] [SFX] {"sound": "civ_move_2", "volume": 0.29}
[2026-09-25 18:08:07.564] [SFX] {"sound": "guardian_move", "volume": 0.1}
[2026-09-25 18:08:07.629] [SFX] {"sound": "civ_move_2", "volume": 0.22}
[2026-09-25 18:08:07.661] [M] {"button": 1, "pos": [402, 183], "ui_clicked": false}
[2026-09-25 18:08:07.877] [SFX] {"sound": "civ_move_2", "volume": 0.27}
[2026-09-25 18:08:08.028] [SFX] {"sound": "civ_move_2", "volume": 0.24}
[2026-09-25 18:08:08.163] [SFX] {"sound": "guardian_move", "volume": 0.13}
[2026-09-25 18:08:08.227] [M] {"button": 1, "pos": [365, 185], "ui_clicked": false}
[2026-09-25 18:08:08.235] [P] {"start": [213, 118], "goal": [218, 118], "length": 1, "is_direction_change": false}
[2026-09-25 18:08:08.236] [SFX] {"sound": "click_target", "volume": 0.69}
[2026-09-25 18:08:08.287] [SFX] {"sound": "civ_move_2", "volume": 0.25}
[2026-09-25 18:08:08.403] [SFX] {"sound": "player_move", "volume": 0.4}
[2026-09-25 18:08:08.435] [SFX] {"sound": "civ_move_2", "volume": 0.22}
[2026-09-25 18:08:08.537] [SFX] {"sound": "civ_move_1", "volume": 0.02}
[2026-09-25 18:08:08.703] [SFX] {"sound": "civ_move_2", "volume": 0.21}
[2026-09-25 18:08:08.770] [SFX] {"sound": "guardian_move", "volume": 0.1}
[2026-09-25 18:08:08.837] [SFX] {"sound": "civ_move_2", "volume": 0.22}
[2026-09-25 18:08:08.902] [M] {"button": 1, "pos": [364, 185], "ui_clicked": false}
[2026-09-25 18:08:08.951] [SFX] {"sound": "civ_move_1", "volume": 0.03}
[2026-09-25 18:08:09.116] [SFX] {"sound": "civ_move_2", "volume": 0.2}
[2026-09-25 18:08:09.247] [SFX] {"sound": "civ_move_2", "volume": 0.24}
[2026-09-25 18:08:09.364] [SFX] {"sound": "civ_move_1", "volume": 0.04}
[2026-09-25 18:08:09.386] [SFX] {"sound": "guardian_move", "volume": 0.13}
[2026-09-25 18:08:09.462] [M] {"button": 1, "pos": [337, 151], "ui_clicked": false}
[2026-09-25 18:08:09.471] [P] {"start": [218, 118], "goal": [220, 114], "length": 2, "is_direction_change": false}
[2026-09-25 18:08:09.472] [SFX] {"sound": "click_target", "volume": 0.9}
[2026-09-25 18:08:09.532] [SFX] {"sound": "civ_move_2", "volume": 0.18}
[2026-09-25 18:08:09.649] [SFX] {"sound": "civ_move_2", "volume": 0.19}
[2026-09-25 18:08:09.699] [SFX] {"sound": "player_move", "volume": 0.4}
[2026-09-25 18:08:09.767] [SFX] {"sound": "civ_move_1", "volume": 0.09}
[2026-09-25 18:08:09.935] [SFX] {"sound": "civ_move_2", "volume": 0.13}
[2026-09-25 18:08:09.986] [SFX] {"sound": "guardian_move", "volume": 0.1}
[2026-09-25 18:08:10.052] [SFX] {"sound": "civ_move_2", "volume": 0.19}
[2026-09-25 18:08:10.169] [SFX] {"sound": "civ_move_1", "volume": 0.1}
[2026-09-25 18:08:10.339] [SFX] {"sound": "civ_move_2", "volume": 0.12}
[2026-09-25 18:08:10.389] [M] {"button": 1, "pos": [323, 139], "ui_clicked": false}
[2026-09-25 18:08:10.397] [P] {"start": [220, 114], "goal": [220, 108], "length": 1, "is_direction_change": false}
[2026-09-25 18:08:10.398] [SFX] {"sound": "click_target", "volume": 0.87}
[2026-09-25 18:08:10.463] [SFX] {"sound": "civ_move_2", "volume": 0.19}
[2026-09-25 18:08:10.579] [SFX] {"sound": "civ_move_1", "volume": 0.13}
[2026-09-25 18:08:10.600] [SFX] {"sound": "guardian_move", "volume": 0.11}
[2026-09-25 18:08:10.643] [SFX] {"sound": "player_move", "volume": 0.4}
[2026-09-25 18:08:10.744] [SFX] {"sound": "civ_move_2", "volume": 0.1}
[2026-09-25 18:08:10.877] [SFX] {"sound": "civ_move_2", "volume": 0.18}
[2026-09-25 18:08:10.925] [M] {"button": 1, "pos": [323, 139], "ui_clicked": false}
[2026-09-25 18:08:10.932] [P] {"start": [220, 108], "goal": [220, 103], "length": 1, "is_direction_change": false}
[2026-09-25 18:08:10.933] [SFX] {"sound": "click_target", "volume": 0.89}
[2026-09-25 18:08:10.970] [JACK] Vorsichtig vorantasten...
[2026-09-25 18:08:10.986] [SFX] {"sound": "civ_move_1", "volume": 0.16}
[2026-09-25 18:08:11.146] [SFX] {"sound": "civ_move_2", "volume": 0.07}
[2026-09-25 18:08:11.196] [SFX] {"sound": "guardian_move", "volume": 0.11}
[2026-09-25 18:08:11.279] [SFX] {"sound": "civ_move_2", "volume": 0.15}
[2026-09-25 18:08:11.394] [SFX] {"sound": "civ_move_1", "volume": 0.19}
[2026-09-25 18:08:11.558] [SFX] {"sound": "civ_move_2", "volume": 0.06}
[2026-09-25 18:08:11.691] [SFX] {"sound": "civ_move_2", "volume": 0.15}
[2026-09-25 18:08:11.808] [M] {"button": 1, "pos": [323, 139], "ui_clicked": false}
[2026-09-25 18:08:11.816] [SFX] {"sound": "guardian_move", "volume": 0.12}
[2026-09-25 18:08:11.817] [SFX] {"sound": "civ_move_1", "volume": 0.2}
[2026-09-25 18:08:11.818] [P] {"start": [220, 103], "goal": [220, 97], "length": 1, "is_direction_change": false}
[2026-09-25 18:08:11.819] [SFX] {"sound": "click_target", "volume": 0.87}
[2026-09-25 18:08:11.866] [SFX] {"sound": "player_move", "volume": 0.4}
[2026-09-25 18:08:11.966] [SFX] {"sound": "civ_move_2", "volume": 0.05}
[2026-09-25 18:08:12.098] [SFX] {"sound": "civ_move_2", "volume": 0.12}
[2026-09-25 18:08:12.214] [SFX] {"sound": "civ_move_1", "volume": 0.17}
[2026-09-25 18:08:12.365] [SFX] {"sound": "civ_move_2", "volume": 0.03}
[2026-09-25 18:08:12.417] [SFX] {"sound": "guardian_move", "volume": 0.1}
[2026-09-25 18:08:12.500] [SFX] {"sound": "civ_move_2", "volume": 0.13}
[2026-09-25 18:08:12.626] [SFX] {"sound": "civ_move_1", "volume": 0.17}
[2026-09-25 18:08:12.766] [SFX] {"sound": "civ_move_2", "volume": 0.02}
[2026-09-25 18:08:12.916] [SFX] {"sound": "civ_move_2", "volume": 0.14}
[2026-09-25 18:08:13.027] [SFX] {"sound": "guardian_move", "volume": 0.12}
[2026-09-25 18:08:13.028] [SFX] {"sound": "civ_move_1", "volume": 0.16}
[2026-09-25 18:08:13.174] [SFX] {"sound": "civ_move_2", "volume": 0.01}
[2026-09-25 18:08:13.290] [M] {"button": 1, "pos": [356, 166], "ui_clicked": false}
[2026-09-25 18:08:13.324] [SFX] {"sound": "civ_move_2", "volume": 0.15}
[2026-09-25 18:08:13.438] [SFX] {"sound": "civ_move_1", "volume": 0.16}
[2026-09-25 18:08:13.586] [SFX] {"sound": "civ_move_2", "volume": 0.0}
[2026-09-25 18:08:13.601] [M] {"button": 1, "pos": [359, 170], "ui_clicked": false}
[2026-09-25 18:08:13.634] [SFX] {"sound": "guardian_move", "volume": 0.13}
[2026-09-25 18:08:13.752] [SFX] {"sound": "civ_move_2", "volume": 0.14}
[2026-09-25 18:08:13.851] [SFX] {"sound": "civ_move_1", "volume": 0.15}
[2026-09-25 18:08:13.933] [M] {"button": 1, "pos": [359, 176], "ui_clicked": false}
[2026-09-25 18:08:13.942] [P] {"start": [220, 97], "goal": [224, 96], "length": 5, "is_direction_change": false}
[2026-09-25 18:08:13.943] [SFX] {"sound": "click_target", "volume": 0.88}
[2026-09-25 18:08:14.013] [SFX] {"sound": "player_move", "volume": 0.4}
[2026-09-25 18:08:14.160] [SFX] {"sound": "civ_move_2", "volume": 0.15}
[2026-09-25 18:08:14.242] [SFX] {"sound": "guardian_move", "volume": 0.14}
[2026-09-25 18:08:14.265] [SFX] {"sound": "civ_move_1", "volume": 0.17}
[2026-09-25 18:08:14.324] [SFX] {"sound": "player_move", "volume": 0.4}
[2026-09-25 18:08:14.572] [SFX] {"sound": "civ_move_2", "volume": 0.11}
[2026-09-25 18:08:14.670] [SFX] {"sound": "civ_move_2", "volume": 0.01}
[2026-09-25 18:08:14.671] [SFX] {"sound": "civ_move_1", "volume": 0.15}
[2026-09-25 18:08:14.851] [SFX] {"sound": "guardian_move", "volume": 0.12}
[2026-09-25 18:08:14.983] [SFX] {"sound": "civ_move_2", "volume": 0.11}
[2026-09-25 18:08:15.083] [SFX] {"sound": "civ_move_2", "volume": 0.02}
[2026-09-25 18:08:15.084] [SFX] {"sound": "civ_move_1", "volume": 0.15}
[2026-09-25 18:08:15.352] [M] {"button": 1, "pos": [353, 175], "ui_clicked": false}
[2026-09-25 18:08:15.360] [P] {"start": [224, 96], "goal": [228, 95], "length": 2, "is_direction_change": false}
[2026-09-25 18:08:15.361] [SFX] {"sound": "click_target", "volume": 0.9}
[2026-09-25 18:08:15.392] [SFX] {"sound": "civ_move_2", "volume": 0.1}
[2026-09-25 18:08:15.441] [SFX] {"sound": "player_move", "volume": 0.4}
[2026-09-25 18:08:15.465] [SFX] {"sound": "guardian_move", "volume": 0.12}
[2026-09-25 18:08:15.492] [SFX] {"sound": "civ_move_2", "volume": 0.04}
[2026-09-25 18:08:15.493] [SFX] {"sound": "civ_move_1", "volume": 0.14}
[2026-09-25 18:08:15.807] [SFX] {"sound": "civ_move_2", "volume": 0.09}
[2026-09-25 18:08:15.907] [SFX] {"sound": "civ_move_2", "volume": 0.06}
[2026-09-25 18:08:15.908] [SFX] {"sound": "civ_move_1", "volume": 0.13}
[2026-09-25 18:08:16.073] [SFX] {"sound": "guardian_move", "volume": 0.12}
[2026-09-25 18:08:16.221] [SFX] {"sound": "civ_move_2", "volume": 0.08}
[2026-09-25 18:08:16.319] [SFX] {"sound": "civ_move_2", "volume": 0.07}
[2026-09-25 18:08:16.320] [SFX] {"sound": "civ_move_1", "volume": 0.12}
[2026-09-25 18:08:16.354] [M] {"button": 1, "pos": [330, 156], "ui_clicked": false}
[2026-09-25 18:08:16.633] [SFX] {"sound": "civ_move_2", "volume": 0.08}
[2026-09-25 18:08:16.681] [SFX] {"sound": "guardian_move", "volume": 0.13}
[2026-09-25 18:08:16.732] [SFX] {"sound": "civ_move_2", "volume": 0.08}
[2026-09-25 18:08:16.732] [SFX] {"sound": "civ_move_1", "volume": 0.11}
[2026-09-25 18:08:16.847] [M] {"button": 1, "pos": [325, 148], "ui_clicked": false}
[2026-09-25 18:08:16.855] [P] {"start": [228, 95], "goal": [228, 91], "length": 1, "is_direction_change": false}
[2026-09-25 18:08:16.855] [SFX] {"sound": "click_target", "volume": 0.9}
[2026-09-25 18:08:16.985] [SFX] {"sound": "player_move", "volume": 0.4}
[2026-09-25 18:08:17.033] [SFX] {"sound": "civ_move_2", "volume": 0.05}
[2026-09-25 18:08:17.133] [SFX] {"sound": "civ_move_2", "volume": 0.12}
[2026-09-25 18:08:17.133] [SFX] {"sound": "civ_move_1", "volume": 0.08}
[2026-09-25 18:08:17.297] [M] {"button": 1, "pos": [325, 148], "ui_clicked": false}
[2026-09-25 18:08:17.304] [SFX] {"sound": "guardian_move", "volume": 0.11}
[2026-09-25 18:08:17.447] [SFX] {"sound": "civ_move_2", "volume": 0.04}
[2026-09-25 18:08:17.546] [SFX] {"sound": "civ_move_2", "volume": 0.14}
[2026-09-25 18:08:17.546] [SFX] {"sound": "civ_move_1", "volume": 0.07}
[2026-09-25 18:08:17.858] [M] {"button": 1, "pos": [325, 156], "ui_clicked": false}
[2026-09-25 18:08:17.865] [SFX] {"sound": "civ_move_2", "volume": 0.04}
[2026-09-25 18:08:17.866] [P] {"start": [228, 91], "goal": [228, 88], "length": 1, "is_direction_change": false}
[2026-09-25 18:08:17.866] [SFX] {"sound": "click_target", "volume": 0.92}
[2026-09-25 18:08:17.914] [SFX] {"sound": "guardian_move", "volume": 0.12}
[2026-09-25 18:08:17.946] [SFX] {"sound": "civ_move_2", "volume": 0.16}
[2026-09-25 18:08:17.947] [SFX] {"sound": "civ_move_1", "volume": 0.05}
[2026-09-25 18:08:18.215] [SFX] {"sound": "civ_move_1", "volume": 0.03}
[2026-09-25 18:08:18.266] [SFX] {"sound": "civ_move_2", "volume": 0.02}
[2026-09-25 18:08:18.348] [SFX] {"sound": "civ_move_2", "volume": 0.18}
[2026-09-25 18:08:18.349] [SFX] {"sound": "civ_move_1", "volume": 0.03}
[2026-09-25 18:08:18.514] [SFX] {"sound": "guardian_move", "volume": 0.13}
[2026-09-25 18:08:18.629] [SFX] {"sound": "civ_move_1", "volume": 0.04}
[2026-09-25 18:08:18.679] [SFX] {"sound": "civ_move_2", "volume": 0.01}
