[2026-09-24 21:41:17.344] [S] {"sid": "20260924_214117", "sys_t": "2026-09-24T21:41:17.343857"}
[2026-09-24 21:41:17.345] [SFX] {"sound": "hack_success", "volume": 0.8}
[2026-09-24 21:41:18.142] [SESSION_RESET] {"msg": "--- NEW LIFE STARTED ---"}
[2026-09-24 21:41:18.208] [JACK] CYBERDECK OS v4.2 // SYSTEME BEREIT
[2026-09-24 21:41:18.331] [SFX] {"sound": "guardian_move", "volume": 0.23}
[2026-09-24 21:41:18.938] [SFX] {"sound": "guardian_move", "volume": 0.24}
[2026-09-24 21:41:19.383] [M] {"button": 1, "pos": [356, 216], "ui_clicked": false}
[2026-09-24 21:41:19.546] [SFX] {"sound": "guardian_move", "volume": 0.3}
[2026-09-24 21:41:19.892] [M] {"button": 1, "pos": [354, 216], "ui_clicked": false}
[2026-09-24 21:41:20.155] [SFX] {"sound": "guardian_move", "volume": 0.31}
[2026-09-24 21:41:20.613] [M] {"button": 1, "pos": [342, 217], "ui_clicked": false}
[2026-09-24 21:41:20.620] [P] {"start": [202, 2], "goal": [204, 6], "length": 2, "is_direction_change": false}
[2026-09-24 21:41:20.621] [SFX] {"sound": "click_target", "volume": 0.69}
[2026-09-24 21:41:20.643] [SFX] {"sound": "player_move", "volume": 0.4}
[2026-09-24 21:41:20.765] [SFX] {"sound": "guardian_move", "volume": 0.32}
[2026-09-24 21:41:21.224] [M] {"button": 1, "pos": [342, 217], "ui_clicked": false}
[2026-09-24 21:41:21.233] [P] {"start": [204, 6], "goal": [206, 10], "length": 3, "is_direction_change": false}
[2026-09-24 21:41:21.234] [SFX] {"sound": "click_target", "volume": 0.7}
[2026-09-24 21:41:21.271] [SFX] {"sound": "player_move", "volume": 0.4}
[2026-09-24 21:41:21.376] [SFX] {"sound": "guardian_move", "volume": 0.35}
[2026-09-24 21:41:21.398] [SFX] {"sound": "civ_move_2", "volume": 0.0}
[2026-09-24 21:41:21.544] [SFX] {"sound": "player_move", "volume": 0.4}
[2026-09-24 21:41:21.791] [M] {"button": 1, "pos": [342, 216], "ui_clicked": false}
[2026-09-24 21:41:21.797] [P] {"start": [206, 10], "goal": [208, 13], "length": 2, "is_direction_change": false}
[2026-09-24 21:41:21.798] [SFX] {"sound": "click_target", "volume": 0.71}
[2026-09-24 21:41:21.836] [SFX] {"sound": "civ_move_2", "volume": 0.01}
[2026-09-24 21:41:21.990] [SFX] {"sound": "guardian_move", "volume": 0.3}
[2026-09-24 21:41:22.207] [SFX] {"sound": "civ_move_2", "volume": 0.01}
[2026-09-24 21:41:22.603] [SFX] {"sound": "guardian_move", "volume": 0.29}
[2026-09-24 21:41:22.625] [SFX] {"sound": "civ_move_2", "volume": 0.0}
[2026-09-24 21:41:22.652] [M] {"button": 1, "pos": [297, 202], "ui_clicked": false}
[2026-09-24 21:41:23.063] [M] {"button": 1, "pos": [289, 185], "ui_clicked": false}
[2026-09-24 21:41:23.213] [SFX] {"sound": "guardian_move", "volume": 0.3}
[2026-09-24 21:41:23.430] [M] {"button": 1, "pos": [265, 191], "ui_clicked": false}
[2026-09-24 21:41:23.437] [P] {"start": [208, 13], "goal": [201, 14], "length": 2, "is_direction_change": false}
[2026-09-24 21:41:23.438] [SFX] {"sound": "click_target", "volume": 0.66}
[2026-09-24 21:41:23.467] [SFX] {"sound": "player_move", "volume": 0.4}
[2026-09-24 21:41:23.532] [SFX] {"sound": "civ_move_2", "volume": 0.01}
[2026-09-24 21:41:23.781] [SFX] {"sound": "player_move", "volume": 0.4}
[2026-09-24 21:41:23.814] [SFX] {"sound": "guardian_move", "volume": 0.28}
[2026-09-24 21:41:23.847] [SFX] {"sound": "civ_move_2", "volume": 0.02}
[2026-09-24 21:41:23.947] [SFX] {"sound": "civ_move_2", "volume": 0.04}
[2026-09-24 21:41:24.063] [M] {"button": 1, "pos": [260, 189], "ui_clicked": false}
[2026-09-24 21:41:24.260] [SFX] {"sound": "civ_move_2", "volume": 0.01}
[2026-09-24 21:41:24.359] [SFX] {"sound": "civ_move_2", "volume": 0.04}
[2026-09-24 21:41:24.426] [SFX] {"sound": "guardian_move", "volume": 0.28}
[2026-09-24 21:41:24.672] [SFX] {"sound": "civ_move_2", "volume": 0.01}
[2026-09-24 21:41:24.769] [SFX] {"sound": "civ_move_2", "volume": 0.05}
[2026-09-24 21:41:24.785] [M] {"button": 1, "pos": [284, 187], "ui_clicked": false}
[2026-09-24 21:41:24.792] [P] {"start": [201, 14], "goal": [196, 14], "length": 1, "is_direction_change": false}
[2026-09-24 21:41:24.793] [SFX] {"sound": "click_target", "volume": 0.71}
[2026-09-24 21:41:24.824] [JACK] Sektor sieht ruhig aus. Erstmal Daten-Traces scannen.
[2026-09-24 21:41:25.026] [SFX] {"sound": "guardian_move", "volume": 0.29}
[2026-09-24 21:41:25.077] [SFX] {"sound": "civ_move_2", "volume": 0.02}
[2026-09-24 21:41:25.178] [SFX] {"sound": "civ_move_2", "volume": 0.06}
[2026-09-24 21:41:25.489] [SFX] {"sound": "civ_move_2", "volume": 0.01}
[2026-09-24 21:41:25.586] [SFX] {"sound": "civ_move_2", "volume": 0.06}
[2026-09-24 21:41:25.636] [SFX] {"sound": "guardian_move", "volume": 0.3}
[2026-09-24 21:41:25.899] [SFX] {"sound": "civ_move_2", "volume": 0.01}
[2026-09-24 21:41:25.997] [SFX] {"sound": "civ_move_2", "volume": 0.06}
[2026-09-24 21:41:26.246] [SFX] {"sound": "guardian_move", "volume": 0.29}
[2026-09-24 21:41:26.408] [SFX] {"sound": "civ_move_2", "volume": 0.06}
[2026-09-24 21:41:26.575] [SFX] {"sound": "guardian_move", "volume": 0.0}
[2026-09-24 21:41:26.822] [SFX] {"sound": "civ_move_2", "volume": 0.06}
[2026-09-24 21:41:26.856] [SFX] {"sound": "guardian_move", "volume": 0.29}
[2026-09-24 21:41:26.888] [M] {"button": 1, "pos": [295, 188], "ui_clicked": false}
[2026-09-24 21:41:26.895] [P] {"start": [196, 14], "goal": [192, 14], "length": 1, "is_direction_change": false}
[2026-09-24 21:41:26.895] [SFX] {"sound": "click_target", "volume": 0.73}
[2026-09-24 21:41:26.940] [SFX] {"sound": "player_move", "volume": 0.4}
[2026-09-24 21:41:27.128] [SFX] {"sound": "civ_move_2", "volume": 0.0}
[2026-09-24 21:41:27.229] [SFX] {"sound": "civ_move_2", "volume": 0.06}
[2026-09-24 21:41:27.464] [SFX] {"sound": "guardian_move", "volume": 0.25}
[2026-09-24 21:41:27.645] [SFX] {"sound": "civ_move_2", "volume": 0.05}
[2026-09-24 21:41:27.792] [SFX] {"sound": "guardian_move", "volume": 0.01}
[2026-09-24 21:41:28.055] [SFX] {"sound": "civ_move_2", "volume": 0.05}
[2026-09-24 21:41:28.078] [SFX] {"sound": "guardian_move", "volume": 0.24}
[2026-09-24 21:41:28.204] [M] {"button": 1, "pos": [278, 180], "ui_clicked": false}
[2026-09-24 21:41:28.401] [SFX] {"sound": "guardian_move", "volume": 0.01}
[2026-09-24 21:41:28.468] [SFX] {"sound": "civ_move_2", "volume": 0.05}
[2026-09-24 21:41:28.584] [M] {"button": 1, "pos": [275, 183], "ui_clicked": false}
[2026-09-24 21:41:28.590] [P] {"start": [192, 14], "goal": [186, 14], "length": 1, "is_direction_change": false}
[2026-09-24 21:41:28.591] [SFX] {"sound": "click_target", "volume": 0.69}
[2026-09-24 21:41:28.676] [SFX] {"sound": "guardian_move", "volume": 0.22}
[2026-09-24 21:41:28.709] [SFX] {"sound": "player_move", "volume": 0.4}
[2026-09-24 21:41:28.872] [SFX] {"sound": "civ_move_2", "volume": 0.03}
[2026-09-24 21:41:29.003] [SFX] {"sound": "guardian_move", "volume": 0.0}
[2026-09-24 21:41:29.170] [M] {"button": 1, "pos": [265, 185], "ui_clicked": false}
[2026-09-24 21:41:29.176] [P] {"start": [186, 14], "goal": [179, 14], "length": 1, "is_direction_change": false}
[2026-09-24 21:41:29.177] [SFX] {"sound": "click_target", "volume": 0.67}
[2026-09-24 21:41:29.285] [SFX] {"sound": "guardian_move", "volume": 0.15}
[2026-09-24 21:41:29.285] [SFX] {"sound": "civ_move_2", "volume": 0.01}
[2026-09-24 21:41:29.316] [SFX] {"sound": "player_move", "volume": 0.4}
[2026-09-24 21:41:29.417] [SFX] {"sound": "civ_move_1", "volume": 0.0}
[2026-09-24 21:41:29.579] [SFX] {"sound": "civ_move_2", "volume": 0.01}
[2026-09-24 21:41:29.677] [M] {"button": 1, "pos": [265, 185], "ui_clicked": false}
[2026-09-24 21:41:29.685] [P] {"start": [179, 14], "goal": [173, 14], "length": 1, "is_direction_change": false}
[2026-09-24 21:41:29.686] [SFX] {"sound": "click_target", "volume": 0.69}
[2026-09-24 21:41:29.791] [SFX] {"sound": "player_move", "volume": 0.4}
[2026-09-24 21:41:29.824] [SFX] {"sound": "civ_move_1", "volume": 0.03}
[2026-09-24 21:41:29.874] [SFX] {"sound": "civ_move_2", "volume": 0.03}
[2026-09-24 21:41:29.895] [SFX] {"sound": "guardian_move", "volume": 0.04}
[2026-09-24 21:41:29.988] [SFX] {"sound": "civ_move_2", "volume": 0.02}
[2026-09-24 21:41:30.072] [SFX] {"sound": "civ_move_1", "volume": 0.01}
[2026-09-24 21:41:30.122] [M] {"button": 1, "pos": [266, 185], "ui_clicked": false}
[2026-09-24 21:41:30.129] [P] {"start": [173, 14], "goal": [167, 14], "length": 1, "is_direction_change": false}
[2026-09-24 21:41:30.129] [SFX] {"sound": "click_target", "volume": 0.69}
[2026-09-24 21:41:30.238] [SFX] {"sound": "civ_move_1", "volume": 0.05}
[2026-09-24 21:41:30.260] [SFX] {"sound": "player_move", "volume": 0.4}
[2026-09-24 21:41:30.288] [SFX] {"sound": "civ_move_2", "volume": 0.08}
[2026-09-24 21:41:30.404] [SFX] {"sound": "civ_move_2", "volume": 0.02}
[2026-09-24 21:41:30.487] [SFX] {"sound": "civ_move_1", "volume": 0.01}
[2026-09-24 21:41:30.521] [M] {"button": 1, "pos": [266, 185], "ui_clicked": false}
[2026-09-24 21:41:30.528] [P] {"start": [167, 14], "goal": [162, 14], "length": 1, "is_direction_change": false}
[2026-09-24 21:41:30.529] [SFX] {"sound": "click_target", "volume": 0.7}
[2026-09-24 21:41:30.651] [SFX] {"sound": "civ_move_1", "volume": 0.06}
[2026-09-24 21:41:30.674] [SFX] {"sound": "player_move", "volume": 0.4}
[2026-09-24 21:41:30.698] [SFX] {"sound": "civ_move_2", "volume": 0.14}
[2026-09-24 21:41:30.814] [SFX] {"sound": "civ_move_2", "volume": 0.02}
[2026-09-24 21:41:30.912] [SFX] {"sound": "civ_move_1", "volume": 0.01}
[2026-09-24 21:41:30.993] [M] {"button": 1, "pos": [266, 185], "ui_clicked": false}
[2026-09-24 21:41:30.999] [P] {"start": [162, 14], "goal": [156, 14], "length": 1, "is_direction_change": false}
[2026-09-24 21:41:31.000] [SFX] {"sound": "click_target", "volume": 0.68}
[2026-09-24 21:41:31.055] [SFX] {"sound": "civ_move_1", "volume": 0.06}
[2026-09-24 21:41:31.105] [SFX] {"sound": "civ_move_2", "volume": 0.18}
[2026-09-24 21:41:31.205] [SFX] {"sound": "player_move", "volume": 0.4}
[2026-09-24 21:41:31.230] [SFX] {"sound": "civ_move_2", "volume": 0.01}
[2026-09-24 21:41:31.320] [SFX] {"sound": "civ_move_1", "volume": 0.0}
[2026-09-24 21:41:31.386] [M] {"button": 1, "pos": [266, 185], "ui_clicked": false}
[2026-09-24 21:41:31.394] [P] {"start": [156, 14], "goal": [151, 14], "length": 1, "is_direction_change": false}
[2026-09-24 21:41:31.395] [SFX] {"sound": "click_target", "volume": 0.7}
[2026-09-24 21:41:31.455] [SFX] {"sound": "civ_move_1", "volume": 0.05}
[2026-09-24 21:41:31.506] [SFX] {"sound": "civ_move_2", "volume": 0.24}
[2026-09-24 21:41:31.605] [SFX] {"sound": "player_move", "volume": 0.4}
[2026-09-24 21:41:31.626] [SFX] {"sound": "civ_move_2", "volume": 0.01}
[2026-09-24 21:41:31.802] [M] {"button": 1, "pos": [266, 185], "ui_clicked": false}
[2026-09-24 21:41:31.811] [SFX] {"sound": "click_target", "volume": 0.69}
[2026-09-24 21:41:31.868] [SFX] {"sound": "civ_move_1", "volume": 0.04}
[2026-09-24 21:41:31.902] [C] {"civ_pos": [147, 14]}
[2026-09-24 21:41:31.902] [SFX] {"sound": "threat_pulse", "volume": 0.3}
[2026-09-24 21:41:31.944] [SFX] {"sound": "civ_move_2", "volume": 0.29}
[2026-09-24 21:41:32.034] [SFX] {"sound": "civ_move_2", "volume": 0.01}
[2026-09-24 21:41:32.083] [SFX] {"sound": "player_move", "volume": 0.4}
[2026-09-24 21:41:32.214] [M] {"button": 1, "pos": [266, 185], "ui_clicked": false}
[2026-09-24 21:41:32.223] [SFX] {"sound": "action_cancel", "volume": 1.0}
[2026-09-24 21:41:32.223] [P] {"start": [148, 14], "goal": [142, 14], "length": 1, "is_direction_change": false}
[2026-09-24 21:41:32.224] [SFX] {"sound": "click_target", "volume": 0.67}
[2026-09-24 21:41:32.275] [SFX] {"sound": "civ_move_1", "volume": 0.02}
[2026-09-24 21:41:32.324] [SFX] {"sound": "civ_move_2", "volume": 0.28}
[2026-09-24 21:41:32.392] [SFX] {"sound": "player_move", "volume": 0.4}
[2026-09-24 21:41:32.441] [SFX] {"sound": "civ_move_2", "volume": 0.01}
[2026-09-24 21:41:32.738] [SFX] {"sound": "civ_move_2", "volume": 0.24}
[2026-09-24 21:41:32.853] [SFX] {"sound": "civ_move_2", "volume": 0.01}
[2026-09-24 21:41:33.147] [SFX] {"sound": "civ_move_2", "volume": 0.22}
[2026-09-24 21:41:33.263] [SFX] {"sound": "civ_move_2", "volume": 0.01}
[2026-09-24 21:41:33.557] [SFX] {"sound": "civ_move_2", "volume": 0.21}
[2026-09-24 21:41:33.674] [SFX] {"sound": "civ_move_2", "volume": 0.01}
[2026-09-24 21:41:33.970] [M] {"button": 1, "pos": [279, 179], "ui_clicked": false}
[2026-09-24 21:41:33.976] [SFX] {"sound": "civ_move_2", "volume": 0.2}
[2026-09-24 21:41:34.085] [SFX] {"sound": "civ_move_2", "volume": 0.01}
[2026-09-24 21:41:34.198] [SFX] {"sound": "civ_move_1", "volume": 0.0}
[2026-09-24 21:41:34.344] [M] {"button": 1, "pos": [278, 183], "ui_clicked": false}
[2026-09-24 21:41:34.352] [P] {"start": [142, 14], "goal": [136, 14], "length": 1, "is_direction_change": false}
[2026-09-24 21:41:34.352] [SFX] {"sound": "click_target", "volume": 0.69}
[2026-09-24 21:41:34.394] [SFX] {"sound": "civ_move_2", "volume": 0.2}
[2026-09-24 21:41:34.494] [SFX] {"sound": "civ_move_2", "volume": 0.01}
[2026-09-24 21:41:34.514] [SFX] {"sound": "player_move", "volume": 0.4}
[2026-09-24 21:41:34.804] [SFX] {"sound": "civ_move_2", "volume": 0.17}
[2026-09-24 21:41:34.871] [M] {"button": 1, "pos": [278, 186], "ui_clicked": false}
[2026-09-24 21:41:34.879] [P] {"start": [136, 14], "goal": [131, 14], "length": 1, "is_direction_change": false}
[2026-09-24 21:41:34.879] [SFX] {"sound": "click_target", "volume": 0.71}
[2026-09-24 21:41:34.917] [SFX] {"sound": "civ_move_2", "volume": 0.01}
[2026-09-24 21:41:35.050] [SFX] {"sound": "player_move", "volume": 0.4}
[2026-09-24 21:41:35.197] [SFX] {"sound": "civ_move_2", "volume": 0.05}
[2026-09-24 21:41:35.218] [SFX] {"sound": "civ_move_2", "volume": 0.15}
[2026-09-24 21:41:35.328] [SFX] {"sound": "civ_move_2", "volume": 0.0}
[2026-09-24 21:41:35.377] [M] {"button": 1, "pos": [278, 186], "ui_clicked": false}
[2026-09-24 21:41:35.386] [P] {"start": [131, 14], "goal": [126, 14], "length": 1, "is_direction_change": false}
[2026-09-24 21:41:35.387] [SFX] {"sound": "click_target", "volume": 0.71}
[2026-09-24 21:41:35.610] [SFX] {"sound": "civ_move_2", "volume": 0.09}
[2026-09-24 21:41:35.632] [SFX] {"sound": "player_move", "volume": 0.4}
[2026-09-24 21:41:35.632] [SFX] {"sound": "civ_move_2", "volume": 0.12}
[2026-09-24 21:41:35.874] [M] {"button": 1, "pos": [278, 186], "ui_clicked": false}
[2026-09-24 21:41:35.883] [P] {"start": [126, 14], "goal": [121, 14], "length": 1, "is_direction_change": false}
[2026-09-24 21:41:35.884] [SFX] {"sound": "click_target", "volume": 0.71}
[2026-09-24 21:41:36.017] [SFX] {"sound": "civ_move_2", "volume": 0.13}
[2026-09-24 21:41:36.039] [SFX] {"sound": "civ_move_2", "volume": 0.11}
[2026-09-24 21:41:36.377] [M] {"button": 1, "pos": [278, 186], "ui_clicked": false}
[2026-09-24 21:41:36.384] [P] {"start": [121, 14], "goal": [116, 14], "length": 1, "is_direction_change": false}
[2026-09-24 21:41:36.385] [SFX] {"sound": "click_target", "volume": 0.71}
[2026-09-24 21:41:36.426] [SFX] {"sound": "civ_move_2", "volume": 0.17}
[2026-09-24 21:41:36.448] [SFX] {"sound": "player_move", "volume": 0.4}
[2026-09-24 21:41:36.449] [SFX] {"sound": "civ_move_2", "volume": 0.1}
[2026-09-24 21:41:36.771] [M] {"button": 1, "pos": [278, 186], "ui_clicked": false}
[2026-09-24 21:41:36.777] [P] {"start": [116, 14], "goal": [112, 14], "length": 1, "is_direction_change": false}
[2026-09-24 21:41:36.778] [SFX] {"sound": "click_target", "volume": 0.72}
[2026-09-24 21:41:36.839] [SFX] {"sound": "civ_move_2", "volume": 0.22}
[2026-09-24 21:41:36.863] [SFX] {"sound": "civ_move_2", "volume": 0.07}
[2026-09-24 21:41:36.906] [SFX] {"sound": "player_move", "volume": 0.4}
[2026-09-24 21:41:37.153] [SFX] {"sound": "civ_move_1", "volume": 0.0}
[2026-09-24 21:41:37.186] [M] {"button": 1, "pos": [278, 186], "ui_clicked": false}
[2026-09-24 21:41:37.196] [P] {"start": [112, 14], "goal": [107, 14], "length": 1, "is_direction_change": false}
[2026-09-24 21:41:37.196] [SFX] {"sound": "click_target", "volume": 0.71}
[2026-09-24 21:41:37.212] [JACK] Kurzer Blick um die Ecke...
[2026-09-24 21:41:37.252] [SFX] {"sound": "civ_move_2", "volume": 0.26}
[2026-09-24 21:41:37.274] [SFX] {"sound": "civ_move_2", "volume": 0.05}
[2026-09-24 21:41:37.401] [C] {"civ_pos": [106, 14]}
[2026-09-24 21:41:37.564] [SFX] {"sound": "civ_move_1", "volume": 0.01}
[2026-09-24 21:41:37.596] [M] {"button": 1, "pos": [278, 186], "ui_clicked": false}
[2026-09-24 21:41:37.603] [P] {"start": [107, 14], "goal": [103, 14], "length": 1, "is_direction_change": false}
[2026-09-24 21:41:37.604] [SFX] {"sound": "click_target", "volume": 0.72}
[2026-09-24 21:41:37.629] [SFX] {"sound": "player_move", "volume": 0.4}
[2026-09-24 21:41:37.653] [SFX] {"sound": "civ_move_2", "volume": 0.29}
[2026-09-24 21:41:37.674] [SFX] {"sound": "civ_move_2", "volume": 0.03}
[2026-09-24 21:41:37.978] [SFX] {"sound": "civ_move_1", "volume": 0.0}
[2026-09-24 21:41:37.978] [SFX] {"sound": "civ_move_1", "volume": 0.01}
[2026-09-24 21:41:38.061] [SFX] {"sound": "civ_move_2", "volume": 0.26}
[2026-09-24 21:41:38.084] [SFX] {"sound": "civ_move_2", "volume": 0.02}
[2026-09-24 21:41:38.158] [M] {"button": 1, "pos": [266, 182], "ui_clicked": false}
[2026-09-24 21:41:38.165] [P] {"start": [103, 14], "goal": [96, 14], "length": 1, "is_direction_change": false}
[2026-09-24 21:41:38.166] [SFX] {"sound": "click_target", "volume": 0.67}
[2026-09-24 21:41:38.286] [SFX] {"sound": "player_move", "volume": 0.4}
[2026-09-24 21:41:38.384] [SFX] {"sound": "civ_move_1", "volume": 0.01}
[2026-09-24 21:41:38.467] [SFX] {"sound": "civ_move_2", "volume": 0.2}
[2026-09-24 21:41:38.796] [SFX] {"sound": "civ_move_1", "volume": 0.01}
[2026-09-24 21:41:38.879] [SFX] {"sound": "civ_move_2", "volume": 0.18}
[2026-09-24 21:41:38.911] [M] {"button": 1, "pos": [266, 182], "ui_clicked": false}
[2026-09-24 21:41:38.922] [P] {"start": [96, 14], "goal": [89, 14], "length": 1, "is_direction_change": false}
[2026-09-24 21:41:38.923] [SFX] {"sound": "click_target", "volume": 0.67}
[2026-09-24 21:41:38.998] [SFX] {"sound": "player_move", "volume": 0.4}
[2026-09-24 21:41:39.210] [SFX] {"sound": "civ_move_1", "volume": 0.01}
[2026-09-24 21:41:39.294] [SFX] {"sound": "civ_move_2", "volume": 0.12}
[2026-09-24 21:41:39.344] [M] {"button": 1, "pos": [266, 182], "ui_clicked": false}
[2026-09-24 21:41:39.350] [P] {"start": [89, 14], "goal": [84, 14], "length": 1, "is_direction_change": false}
[2026-09-24 21:41:39.351] [SFX] {"sound": "click_target", "volume": 0.7}
[2026-09-24 21:41:39.393] [SFX] {"sound": "player_move", "volume": 0.4}
[2026-09-24 21:41:39.627] [SFX] {"sound": "civ_move_1", "volume": 0.01}
[2026-09-24 21:41:39.706] [SFX] {"sound": "civ_move_2", "volume": 0.07}
[2026-09-24 21:41:39.738] [M] {"button": 1, "pos": [266, 182], "ui_clicked": false}
[2026-09-24 21:41:39.746] [P] {"start": [84, 14], "goal": [78, 14], "length": 1, "is_direction_change": false}
[2026-09-24 21:41:39.747] [SFX] {"sound": "click_target", "volume": 0.69}
[2026-09-24 21:41:39.853] [SFX] {"sound": "player_move", "volume": 0.4}
[2026-09-24 21:41:40.035] [SFX] {"sound": "civ_move_1", "volume": 0.01}
[2026-09-24 21:41:40.116] [SFX] {"sound": "civ_move_2", "volume": 0.01}
[2026-09-24 21:41:40.133] [M] {"button": 1, "pos": [266, 182], "ui_clicked": false}
[2026-09-24 21:41:40.141] [P] {"start": [78, 14], "goal": [73, 14], "length": 1, "is_direction_change": false}
[2026-09-24 21:41:40.141] [SFX] {"sound": "click_target", "volume": 0.7}
[2026-09-24 21:41:40.261] [SFX] {"sound": "player_move", "volume": 0.4}
[2026-09-24 21:41:40.439] [SFX] {"sound": "civ_move_1", "volume": 0.01}
[2026-09-24 21:41:40.523] [M] {"button": 1, "pos": [266, 182], "ui_clicked": false}
[2026-09-24 21:41:40.530] [P] {"start": [73, 14], "goal": [67, 14], "length": 1, "is_direction_change": false}
[2026-09-24 21:41:40.531] [SFX] {"sound": "click_target", "volume": 0.69}
[2026-09-24 21:41:40.723] [SFX] {"sound": "player_move", "volume": 0.4}
[2026-09-24 21:41:40.884] [M] {"button": 1, "pos": [266, 182], "ui_clicked": false}
[2026-09-24 21:41:40.895] [P] {"start": [67, 14], "goal": [62, 14], "length": 1, "is_direction_change": false}
[2026-09-24 21:41:40.895] [SFX] {"sound": "click_target", "volume": 0.71}
[2026-09-24 21:41:40.941] [SFX] {"sound": "civ_move_2", "volume": 0.0}
[2026-09-24 21:41:41.096] [SFX] {"sound": "player_move", "volume": 0.4}
[2026-09-24 21:41:41.259] [M] {"button": 1, "pos": [266, 182], "ui_clicked": false}
[2026-09-24 21:41:41.267] [SFX] {"sound": "civ_move_2", "volume": 0.01}
[2026-09-24 21:41:41.268] [P] {"start": [62, 14], "goal": [56, 14], "length": 1, "is_direction_change": false}
[2026-09-24 21:41:41.269] [SFX] {"sound": "click_target", "volume": 0.7}
[2026-09-24 21:41:41.309] [SFX] {"sound": "civ_move_2", "volume": 0.03}
[2026-09-24 21:41:41.357] [SFX] {"sound": "civ_move_2", "volume": 0.01}
[2026-09-24 21:41:41.539] [SFX] {"sound": "player_move", "volume": 0.4}
[2026-09-24 21:41:41.563] [SFX] {"sound": "civ_move_1", "volume": 0.0}
[2026-09-24 21:41:41.606] [M] {"button": 1, "pos": [266, 182], "ui_clicked": false}
[2026-09-24 21:41:41.614] [P] {"start": [56, 14], "goal": [51, 14], "length": 1, "is_direction_change": false}
[2026-09-24 21:41:41.614] [SFX] {"sound": "click_target", "volume": 0.72}
[2026-09-24 21:41:41.667] [SFX] {"sound": "civ_move_2", "volume": 0.02}
[2026-09-24 21:41:41.717] [SFX] {"sound": "civ_move_2", "volume": 0.06}
[2026-09-24 21:41:41.765] [SFX] {"sound": "civ_move_2", "volume": 0.01}
[2026-09-24 21:41:41.945] [M] {"button": 1, "pos": [266, 182], "ui_clicked": false}
[2026-09-24 21:41:41.953] [P] {"start": [51, 14], "goal": [46, 14], "length": 1, "is_direction_change": false}
[2026-09-24 21:41:41.953] [SFX] {"sound": "click_target", "volume": 0.71}
[2026-09-24 21:41:41.988] [SFX] {"sound": "civ_move_1", "volume": 0.01}
[2026-09-24 21:41:41.999] [SFX] {"sound": "player_move", "volume": 0.4}
[2026-09-24 21:41:42.075] [SFX] {"sound": "civ_move_2", "volume": 0.03}
[2026-09-24 21:41:42.126] [SFX] {"sound": "civ_move_2", "volume": 0.09}
[2026-09-24 21:41:42.175] [SFX] {"sound": "civ_move_2", "volume": 0.0}
[2026-09-24 21:41:42.291] [M] {"button": 1, "pos": [266, 182], "ui_clicked": false}
[2026-09-24 21:41:42.298] [P] {"start": [46, 14], "goal": [41, 14], "length": 1, "is_direction_change": false}
[2026-09-24 21:41:42.299] [SFX] {"sound": "click_target", "volume": 0.7}
[2026-09-24 21:41:42.375] [SFX] {"sound": "civ_move_1", "volume": 0.01}
[2026-09-24 21:41:42.408] [SFX] {"sound": "player_move", "volume": 0.4}
[2026-09-24 21:41:42.491] [SFX] {"sound": "civ_move_2", "volume": 0.02}
[2026-09-24 21:41:42.539] [SFX] {"sound": "civ_move_2", "volume": 0.1}
[2026-09-24 21:41:42.785] [SFX] {"sound": "civ_move_1", "volume": 0.01}
[2026-09-24 21:41:42.901] [SFX] {"sound": "civ_move_2", "volume": 0.01}
[2026-09-24 21:41:42.951] [SFX] {"sound": "civ_move_2", "volume": 0.11}
[2026-09-24 21:41:43.197] [SFX] {"sound": "civ_move_1", "volume": 0.01}
[2026-09-24 21:41:43.313] [SFX] {"sound": "civ_move_2", "volume": 0.01}
[2026-09-24 21:41:43.365] [SFX] {"sound": "civ_move_2", "volume": 0.12}
[2026-09-24 21:41:43.412] [SFX] {"sound": "civ_move_2", "volume": 0.0}
[2026-09-24 21:41:43.628] [SFX] {"sound": "civ_move_1", "volume": 0.01}
[2026-09-24 21:41:43.727] [SFX] {"sound": "civ_move_2", "volume": 0.01}
[2026-09-24 21:41:43.775] [M] {"button": 1, "pos": [356, 216], "ui_clicked": false}
[2026-09-24 21:41:43.782] [SFX] {"sound": "civ_move_2", "volume": 0.13}
[2026-09-24 21:41:43.783] [P] {"start": [41, 14], "goal": [45, 18], "length": 5, "is_direction_change": false}
[2026-09-24 21:41:43.784] [SFX] {"sound": "click_target", "volume": 0.67}
[2026-09-24 21:41:43.827] [SFX] {"sound": "civ_move_2", "volume": 0.0}
[2026-09-24 21:41:43.958] [SFX] {"sound": "player_move", "volume": 0.4}
[2026-09-24 21:41:44.044] [SFX] {"sound": "civ_move_1", "volume": 0.01}
[2026-09-24 21:41:44.143] [SFX] {"sound": "civ_move_2", "volume": 0.02}
[2026-09-24 21:41:44.175] [SFX] {"sound": "civ_move_2", "volume": 0.15}
[2026-09-24 21:41:44.242] [SFX] {"sound": "civ_move_2", "volume": 0.0}
[2026-09-24 21:41:44.273] [SFX] {"sound": "player_move", "volume": 0.4}
[2026-09-24 21:41:44.455] [SFX] {"sound": "civ_move_1", "volume": 0.04}
[2026-09-24 21:41:44.555] [SFX] {"sound": "civ_move_1", "volume": 0.0}
[2026-09-24 21:41:44.556] [SFX] {"sound": "civ_move_2", "volume": 0.04}
[2026-09-24 21:41:44.589] [SFX] {"sound": "civ_move_2", "volume": 0.17}
[2026-09-24 21:41:44.656] [SFX] {"sound": "civ_move_2", "volume": 0.03}
[2026-09-24 21:41:44.871] [SFX] {"sound": "civ_move_1", "volume": 0.04}
[2026-09-24 21:41:44.970] [SFX] {"sound": "civ_move_1", "volume": 0.01}
[2026-09-24 21:41:44.971] [SFX] {"sound": "civ_move_2", "volume": 0.04}
[2026-09-24 21:41:45.002] [SFX] {"sound": "civ_move_2", "volume": 0.18}
[2026-09-24 21:41:45.067] [SFX] {"sound": "civ_move_2", "volume": 0.03}
[2026-09-24 21:41:45.083] [M] {"button": 1, "pos": [318, 227], "ui_clicked": false}
[2026-09-24 21:41:45.090] [P] {"start": [45, 18], "goal": [44, 23], "length": 2, "is_direction_change": false}
[2026-09-24 21:41:45.091] [SFX] {"sound": "click_target", "volume": 0.68}
[2026-09-24 21:41:45.137] [SFX] {"sound": "player_move", "volume": 0.4}
[2026-09-24 21:41:45.270] [SFX] {"sound": "civ_move_1", "volume": 0.05}
[2026-09-24 21:41:45.370] [SFX] {"sound": "civ_move_1", "volume": 0.03}
[2026-09-24 21:41:45.371] [SFX] {"sound": "civ_move_2", "volume": 0.06}
[2026-09-24 21:41:45.404] [SFX] {"sound": "civ_move_2", "volume": 0.21}
[2026-09-24 21:41:45.470] [SFX] {"sound": "civ_move_2", "volume": 0.06}
[2026-09-24 21:41:45.682] [SFX] {"sound": "civ_move_1", "volume": 0.06}
[2026-09-24 21:41:45.779] [SFX] {"sound": "civ_move_1", "volume": 0.04}
[2026-09-24 21:41:45.780] [SFX] {"sound": "civ_move_2", "volume": 0.06}
[2026-09-24 21:41:45.813] [SFX] {"sound": "civ_move_2", "volume": 0.22}
[2026-09-24 21:41:45.846] [M] {"button": 1, "pos": [317, 225], "ui_clicked": false}
[2026-09-24 21:41:45.880] [SFX] {"sound": "civ_move_2", "volume": 0.06}
[2026-09-24 21:41:46.094] [SFX] {"sound": "civ_move_1", "volume": 0.06}
[2026-09-24 21:41:46.192] [SFX] {"sound": "civ_move_1", "volume": 0.04}
[2026-09-24 21:41:46.193] [SFX] {"sound": "civ_move_2", "volume": 0.06}
[2026-09-24 21:41:46.224] [SFX] {"sound": "civ_move_2", "volume": 0.27}
[2026-09-24 21:41:46.241] [M] {"button": 1, "pos": [331, 223], "ui_clicked": false}
[2026-09-24 21:41:46.247] [P] {"start": [44, 23], "goal": [45, 28], "length": 6, "is_direction_change": false}
[2026-09-24 21:41:46.248] [SFX] {"sound": "click_target", "volume": 0.69}
[2026-09-24 21:41:46.286] [SFX] {"sound": "civ_move_2", "volume": 0.07}
[2026-09-24 21:41:46.309] [SFX] {"sound": "player_move", "volume": 0.4}
[2026-09-24 21:41:46.499] [SFX] {"sound": "civ_move_1", "volume": 0.07}
[2026-09-24 21:41:46.600] [SFX] {"sound": "civ_move_1", "volume": 0.06}
[2026-09-24 21:41:46.600] [SFX] {"sound": "civ_move_2", "volume": 0.07}
[2026-09-24 21:41:46.625] [SFX] {"sound": "player_move", "volume": 0.4}
[2026-09-24 21:41:46.638] [SFX] {"sound": "civ_move_2", "volume": 0.25}
[2026-09-24 21:41:46.698] [SFX] {"sound": "civ_move_2", "volume": 0.09}
[2026-09-24 21:41:46.798] [SFX] {"sound": "civ_move_1", "volume": 0.02}
[2026-09-24 21:41:46.914] [SFX] {"sound": "civ_move_1", "volume": 0.09}
[2026-09-24 21:41:47.014] [SFX] {"sound": "civ_move_1", "volume": 0.08}
[2026-09-24 21:41:47.016] [SFX] {"sound": "civ_move_2", "volume": 0.08}
[2026-09-24 21:41:47.047] [SFX] {"sound": "civ_move_2", "volume": 0.22}
[2026-09-24 21:41:47.098] [SFX] {"sound": "civ_move_2", "volume": 0.11}
[2026-09-24 21:41:47.213] [SFX] {"sound": "civ_move_1", "volume": 0.03}
[2026-09-24 21:41:47.329] [SFX] {"sound": "civ_move_1", "volume": 0.08}
[2026-09-24 21:41:47.426] [SFX] {"sound": "civ_move_1", "volume": 0.09}
[2026-09-24 21:41:47.427] [SFX] {"sound": "civ_move_2", "volume": 0.08}
[2026-09-24 21:41:47.458] [SFX] {"sound": "civ_move_2", "volume": 0.21}
[2026-09-24 21:41:47.508] [SFX] {"sound": "civ_move_2", "volume": 0.12}
[2026-09-24 21:41:47.622] [SFX] {"sound": "civ_move_1", "volume": 0.04}
[2026-09-24 21:41:47.640] [M] {"button": 1, "pos": [306, 206], "ui_clicked": false}
[2026-09-24 21:41:47.737] [SFX] {"sound": "civ_move_1", "volume": 0.08}
[2026-09-24 21:41:47.836] [SFX] {"sound": "civ_move_1", "volume": 0.09}
[2026-09-24 21:41:47.837] [SFX] {"sound": "civ_move_2", "volume": 0.07}
[2026-09-24 21:41:47.869] [SFX] {"sound": "civ_move_2", "volume": 0.2}
[2026-09-24 21:41:47.918] [SFX] {"sound": "civ_move_2", "volume": 0.13}
[2026-09-24 21:41:48.035] [SFX] {"sound": "civ_move_1", "volume": 0.05}
[2026-09-24 21:41:48.149] [SFX] {"sound": "civ_move_1", "volume": 0.08}
[2026-09-24 21:41:48.246] [SFX] {"sound": "civ_move_1", "volume": 0.09}
[2026-09-24 21:41:48.246] [SFX] {"sound": "civ_move_2", "volume": 0.07}
[2026-09-24 21:41:48.280] [SFX] {"sound": "civ_move_2", "volume": 0.19}
[2026-09-24 21:41:48.295] [M] {"button": 1, "pos": [300, 129], "ui_clicked": false}
[2026-09-24 21:41:48.328] [SFX] {"sound": "civ_move_2", "volume": 0.14}
[2026-09-24 21:41:48.441] [SFX] {"sound": "civ_move_1", "volume": 0.06}
[2026-09-24 21:41:48.557] [SFX] {"sound": "civ_move_1", "volume": 0.07}
[2026-09-24 21:41:48.657] [SFX] {"sound": "civ_move_1", "volume": 0.09}
[2026-09-24 21:41:48.657] [SFX] {"sound": "civ_move_2", "volume": 0.06}
[2026-09-24 21:41:48.691] [SFX] {"sound": "civ_move_2", "volume": 0.19}
[2026-09-24 21:41:48.739] [SFX] {"sound": "civ_move_2", "volume": 0.15}
[2026-09-24 21:41:48.855] [SFX] {"sound": "civ_move_1", "volume": 0.07}
[2026-09-24 21:41:48.872] [M] {"button": 1, "pos": [283, 175], "ui_clicked": false}
[2026-09-24 21:41:48.880] [P] {"start": [45, 28], "goal": [40, 27], "length": 4, "is_direction_change": false}
[2026-09-24 21:41:48.880] [SFX] {"sound": "click_target", "volume": 0.88}
[2026-09-24 21:41:48.917] [SFX] {"sound": "player_move", "volume": 0.4}
[2026-09-24 21:41:48.968] [SFX] {"sound": "civ_move_1", "volume": 0.07}
[2026-09-24 21:41:49.065] [SFX] {"sound": "civ_move_1", "volume": 0.11}
[2026-09-24 21:41:49.066] [SFX] {"sound": "civ_move_2", "volume": 0.06}
[2026-09-24 21:41:49.099] [SFX] {"sound": "civ_move_2", "volume": 0.18}
[2026-09-24 21:41:49.217] [SFX] {"sound": "player_move", "volume": 0.4}
[2026-09-24 21:41:49.266] [SFX] {"sound": "civ_move_1", "volume": 0.1}
[2026-09-24 21:41:49.380] [SFX] {"sound": "civ_move_1", "volume": 0.04}
[2026-09-24 21:41:49.479] [SFX] {"sound": "civ_move_1", "volume": 0.09}
[2026-09-24 21:41:49.479] [SFX] {"sound": "civ_move_2", "volume": 0.02}
[2026-09-24 21:41:49.511] [SFX] {"sound": "civ_move_2", "volume": 0.2}
[2026-09-24 21:41:49.561] [SFX] {"sound": "civ_move_2", "volume": 0.17}
[2026-09-24 21:41:49.675] [SFX] {"sound": "civ_move_1", "volume": 0.09}
[2026-09-24 21:41:49.791] [SFX] {"sound": "civ_move_1", "volume": 0.03}
[2026-09-24 21:41:49.889] [SFX] {"sound": "civ_move_1", "volume": 0.09}
[2026-09-24 21:41:49.890] [SFX] {"sound": "civ_move_2", "volume": 0.02}
[2026-09-24 21:41:49.922] [SFX] {"sound": "civ_move_2", "volume": 0.19}
[2026-09-24 21:41:49.970] [SFX] {"sound": "civ_move_2", "volume": 0.18}
[2026-09-24 21:41:50.084] [SFX] {"sound": "civ_move_1", "volume": 0.09}
[2026-09-24 21:41:50.200] [SFX] {"sound": "civ_move_1", "volume": 0.02}
[2026-09-24 21:41:50.299] [SFX] {"sound": "civ_move_1", "volume": 0.09}
[2026-09-24 21:41:50.300] [SFX] {"sound": "civ_move_2", "volume": 0.01}
[2026-09-24 21:41:50.331] [SFX] {"sound": "civ_move_2", "volume": 0.19}
[2026-09-24 21:41:50.494] [SFX] {"sound": "civ_move_1", "volume": 0.09}
[2026-09-24 21:41:50.613] [SFX] {"sound": "civ_move_1", "volume": 0.02}
[2026-09-24 21:41:50.630] [M] {"button": 1, "pos": [301, 226], "ui_clicked": false}
[2026-09-24 21:41:50.711] [SFX] {"sound": "civ_move_1", "volume": 0.09}
[2026-09-24 21:41:50.712] [SFX] {"sound": "civ_move_2", "volume": 0.0}
[2026-09-24 21:41:50.744] [SFX] {"sound": "civ_move_2", "volume": 0.18}
[2026-09-24 21:41:50.793] [SFX] {"sound": "civ_move_2", "volume": 0.2}
[2026-09-24 21:41:50.894] [SFX] {"sound": "civ_move_1", "volume": 0.09}
[2026-09-24 21:41:50.928] [M] {"button": 1, "pos": [325, 236], "ui_clicked": false}
[2026-09-24 21:41:50.935] [P] {"start": [40, 27], "goal": [40, 34], "length": 1, "is_direction_change": false}
[2026-09-24 21:41:50.935] [SFX] {"sound": "click_target", "volume": 0.66}
[2026-09-24 21:41:51.022] [SFX] {"sound": "civ_move_1", "volume": 0.02}
[2026-09-24 21:41:51.055] [SFX] {"sound": "player_move", "volume": 0.4}
[2026-09-24 21:41:51.104] [C] {"civ_pos": [40, 32]}
[2026-09-24 21:41:51.132] [SFX] {"sound": "civ_move_1", "volume": 0.12}
[2026-09-24 21:41:51.132] [SFX] {"sound": "civ_move_2", "volume": 0.01}
[2026-09-24 21:41:51.155] [SFX] {"sound": "civ_move_2", "volume": 0.14}
[2026-09-24 21:41:51.204] [SFX] {"sound": "civ_move_2", "volume": 0.3}
[2026-09-24 21:41:51.302] [SFX] {"sound": "civ_move_1", "volume": 0.13}
[2026-09-24 21:41:51.435] [SFX] {"sound": "civ_move_1", "volume": 0.02}
[2026-09-24 21:41:51.532] [SFX] {"sound": "civ_move_1", "volume": 0.15}
[2026-09-24 21:41:51.532] [SFX] {"sound": "civ_move_2", "volume": 0.01}
[2026-09-24 21:41:51.565] [SFX] {"sound": "civ_move_2", "volume": 0.12}
[2026-09-24 21:41:51.598] [M] {"button": 1, "pos": [326, 236], "ui_clicked": false}
[2026-09-24 21:41:51.606] [P] {"start": [40, 34], "goal": [40, 40], "length": 1, "is_direction_change": false}
[2026-09-24 21:41:51.607] [SFX] {"sound": "click_target", "volume": 0.67}
[2026-09-24 21:41:51.626] [SFX] {"sound": "civ_move_2", "volume": 0.27}
[2026-09-24 21:41:51.685] [SFX] {"sound": "player_move", "volume": 0.4}
[2026-09-24 21:41:51.717] [SFX] {"sound": "civ_move_1", "volume": 0.13}
[2026-09-24 21:41:51.738] [SFX] {"sound": "civ_move_2", "volume": 0.01}
[2026-09-24 21:41:51.847] [SFX] {"sound": "civ_move_1", "volume": 0.03}
[2026-09-24 21:41:51.947] [SFX] {"sound": "civ_move_1", "volume": 0.19}
[2026-09-24 21:41:51.947] [SFX] {"sound": "civ_move_2", "volume": 0.01}
[2026-09-24 21:41:51.979] [SFX] {"sound": "civ_move_2", "volume": 0.08}
[2026-09-24 21:41:52.032] [SFX] {"sound": "civ_move_2", "volume": 0.22}
[2026-09-24 21:41:52.131] [SFX] {"sound": "civ_move_1", "volume": 0.15}
[2026-09-24 21:41:52.153] [SFX] {"sound": "civ_move_2", "volume": 0.02}
[2026-09-24 21:41:52.248] [SFX] {"sound": "civ_move_1", "volume": 0.02}
[2026-09-24 21:41:52.295] [M] {"button": 1, "pos": [330, 234], "ui_clicked": false}
[2026-09-24 21:41:52.346] [SFX] {"sound": "civ_move_1", "volume": 0.2}
[2026-09-24 21:41:52.347] [SFX] {"sound": "civ_move_2", "volume": 0.0}
[2026-09-24 21:41:52.379] [SFX] {"sound": "civ_move_2", "volume": 0.07}
[2026-09-24 21:41:52.446] [SFX] {"sound": "civ_move_2", "volume": 0.22}
[2026-09-24 21:41:52.545] [SFX] {"sound": "civ_move_1", "volume": 0.14}
[2026-09-24 21:41:52.567] [SFX] {"sound": "civ_move_2", "volume": 0.03}
[2026-09-24 21:41:52.657] [SFX] {"sound": "civ_move_1", "volume": 0.01}
[2026-09-24 21:41:52.758] [SFX] {"sound": "civ_move_1", "volume": 0.21}
[2026-09-24 21:41:52.790] [SFX] {"sound": "civ_move_2", "volume": 0.06}
[2026-09-24 21:41:52.855] [SFX] {"sound": "civ_move_2", "volume": 0.21}
[2026-09-24 21:41:52.954] [M] {"button": 1, "pos": [330, 227], "ui_clicked": false}
[2026-09-24 21:41:52.960] [SFX] {"sound": "civ_move_1", "volume": 0.13}
[2026-09-24 21:41:52.976] [SFX] {"sound": "civ_move_2", "volume": 0.04}
[2026-09-24 21:41:53.069] [SFX] {"sound": "civ_move_1", "volume": 0.0}
[2026-09-24 21:41:53.168] [SFX] {"sound": "civ_move_1", "volume": 0.22}
[2026-09-24 21:41:53.201] [SFX] {"sound": "civ_move_2", "volume": 0.06}
[2026-09-24 21:41:53.268] [SFX] {"sound": "civ_move_2", "volume": 0.2}
[2026-09-24 21:41:53.366] [SFX] {"sound": "civ_move_1", "volume": 0.13}
[2026-09-24 21:41:53.388] [SFX] {"sound": "civ_move_2", "volume": 0.05}
[2026-09-24 21:41:53.516] [M] {"button": 1, "pos": [320, 225], "ui_clicked": false}
[2026-09-24 21:41:53.524] [P] {"start": [40, 40], "goal": [40, 45], "length": 1, "is_direction_change": false}
[2026-09-24 21:41:53.525] [SFX] {"sound": "click_target", "volume": 0.69}
[2026-09-24 21:41:53.544] [SFX] {"sound": "civ_move_1", "volume": 0.01}
[2026-09-24 21:41:53.584] [SFX] {"sound": "civ_move_1", "volume": 0.24}
[2026-09-24 21:41:53.615] [SFX] {"sound": "player_move", "volume": 0.4}
[2026-09-24 21:41:53.616] [SFX] {"sound": "civ_move_2", "volume": 0.04}
[2026-09-24 21:41:53.617] [C] {"civ_pos": [40, 41]}
[2026-09-24 21:41:53.684] [SFX] {"sound": "civ_move_2", "volume": 0.18}
[2026-09-24 21:41:53.767] [SFX] {"sound": "civ_move_1", "volume": 0.13}
[2026-09-24 21:41:53.789] [SFX] {"sound": "civ_move_2", "volume": 0.07}
[2026-09-24 21:41:53.946] [SFX] {"sound": "civ_move_1", "volume": 0.03}
[2026-09-24 21:41:53.996] [SFX] {"sound": "civ_move_1", "volume": 0.26}
[2026-09-24 21:41:54.028] [SFX] {"sound": "civ_move_2", "volume": 0.01}
[2026-09-24 21:41:54.095] [SFX] {"sound": "civ_move_2", "volume": 0.18}
[2026-09-24 21:41:54.145] [M] {"button": 1, "pos": [320, 225], "ui_clicked": false}
[2026-09-24 21:41:54.151] [P] {"start": [40, 45], "goal": [40, 50], "length": 1, "is_direction_change": false}
[2026-09-24 21:41:54.152] [SFX] {"sound": "click_target", "volume": 0.69}
[2026-09-24 21:41:54.195] [SFX] {"sound": "civ_move_2", "volume": 0.08}
[2026-09-24 21:41:54.196] [SFX] {"sound": "civ_move_1", "volume": 0.13}
[2026-09-24 21:41:54.311] [SFX] {"sound": "player_move", "volume": 0.4}
[2026-09-24 21:41:54.359] [SFX] {"sound": "civ_move_1", "volume": 0.04}
[2026-09-24 21:41:54.409] [SFX] {"sound": "civ_move_1", "volume": 0.21}
[2026-09-24 21:41:54.508] [SFX] {"sound": "civ_move_2", "volume": 0.15}
[2026-09-24 21:41:54.606] [SFX] {"sound": "civ_move_2", "volume": 0.09}
[2026-09-24 21:41:54.607] [SFX] {"sound": "civ_move_1", "volume": 0.12}
[2026-09-24 21:41:54.769] [SFX] {"sound": "civ_move_1", "volume": 0.05}
[2026-09-24 21:41:54.821] [SFX] {"sound": "civ_move_1", "volume": 0.2}
[2026-09-24 21:41:54.918] [SFX] {"sound": "civ_move_2", "volume": 0.15}
[2026-09-24 21:41:55.018] [SFX] {"sound": "civ_move_2", "volume": 0.1}
[2026-09-24 21:41:55.019] [SFX] {"sound": "civ_move_1", "volume": 0.11}
[2026-09-24 21:41:55.184] [M] {"button": 1, "pos": [321, 223], "ui_clicked": false}
[2026-09-24 21:41:55.193] [SFX] {"sound": "civ_move_1", "volume": 0.06}
[2026-09-24 21:41:55.194] [P] {"start": [40, 50], "goal": [40, 55], "length": 1, "is_direction_change": false}
[2026-09-24 21:41:55.194] [SFX] {"sound": "click_target", "volume": 0.69}
[2026-09-24 21:41:55.220] [SFX] {"sound": "civ_move_1", "volume": 0.18}
[2026-09-24 21:41:55.324] [SFX] {"sound": "civ_move_2", "volume": 0.13}
[2026-09-24 21:41:55.406] [SFX] {"sound": "player_move", "volume": 0.4}
[2026-09-24 21:41:55.427] [SFX] {"sound": "civ_move_2", "volume": 0.14}
[2026-09-24 21:41:55.428] [SFX] {"sound": "civ_move_1", "volume": 0.13}
[2026-09-24 21:41:55.585] [SFX] {"sound": "civ_move_1", "volume": 0.09}
[2026-09-24 21:41:55.635] [SFX] {"sound": "civ_move_1", "volume": 0.14}
[2026-09-24 21:41:55.730] [SFX] {"sound": "civ_move_2", "volume": 0.13}
[2026-09-24 21:41:55.829] [SFX] {"sound": "civ_move_2", "volume": 0.15}
[2026-09-24 21:41:55.830] [SFX] {"sound": "civ_move_1", "volume": 0.12}
[2026-09-24 21:41:55.862] [M] {"button": 1, "pos": [321, 223], "ui_clicked": false}
[2026-09-24 21:41:55.870] [P] {"start": [40, 55], "goal": [40, 60], "length": 1, "is_direction_change": false}
[2026-09-24 21:41:55.871] [SFX] {"sound": "click_target", "volume": 0.7}
[2026-09-24 21:41:55.994] [SFX] {"sound": "civ_move_1", "volume": 0.1}
[2026-09-24 21:41:56.140] [SFX] {"sound": "civ_move_2", "volume": 0.1}
[2026-09-24 21:41:56.239] [SFX] {"sound": "civ_move_2", "volume": 0.15}
[2026-09-24 21:41:56.240] [SFX] {"sound": "civ_move_1", "volume": 0.1}
[2026-09-24 21:41:56.408] [M] {"button": 1, "pos": [321, 223], "ui_clicked": false}
[2026-09-24 21:41:56.415] [SFX] {"sound": "civ_move_1", "volume": 0.1}
[2026-09-24 21:41:56.416] [P] {"start": [40, 60], "goal": [40, 64], "length": 1, "is_direction_change": false}
[2026-09-24 21:41:56.417] [SFX] {"sound": "click_target", "volume": 0.7}
[2026-09-24 21:41:56.455] [SFX] {"sound": "player_move", "volume": 0.4}
[2026-09-24 21:41:56.456] [SFX] {"sound": "civ_move_1", "volume": 0.07}
[2026-09-24 21:41:56.554] [SFX] {"sound": "civ_move_2", "volume": 0.09}
[2026-09-24 21:41:56.653] [SFX] {"sound": "civ_move_2", "volume": 0.15}
[2026-09-24 21:41:56.654] [SFX] {"sound": "civ_move_1", "volume": 0.07}
[2026-09-24 21:41:56.819] [SFX] {"sound": "civ_move_1", "volume": 0.1}
[2026-09-24 21:41:56.820] [SFX] {"sound": "civ_move_1", "volume": 0.0}
[2026-09-24 21:41:56.869] [SFX] {"sound": "civ_move_1", "volume": 0.03}
[2026-09-24 21:41:56.967] [SFX] {"sound": "civ_move_2", "volume": 0.1}
[2026-09-24 21:41:57.067] [SFX] {"sound": "civ_move_2", "volume": 0.16}
[2026-09-24 21:41:57.068] [SFX] {"sound": "civ_move_1", "volume": 0.06}
[2026-09-24 21:41:57.235] [SFX] {"sound": "civ_move_1", "volume": 0.11}
[2026-09-24 21:41:57.236] [SFX] {"sound": "civ_move_1", "volume": 0.01}
[2026-09-24 21:41:57.284] [SFX] {"sound": "civ_move_1", "volume": 0.02}
[2026-09-24 21:41:57.369] [SFX] {"sound": "civ_move_2", "volume": 0.11}
[2026-09-24 21:41:57.438] [M] {"button": 1, "pos": [322, 223], "ui_clicked": false}
[2026-09-24 21:41:57.446] [P] {"start": [40, 64], "goal": [40, 69], "length": 1, "is_direction_change": false}
[2026-09-24 21:41:57.446] [SFX] {"sound": "click_target", "volume": 0.69}
[2026-09-24 21:41:57.472] [SFX] {"sound": "civ_move_2", "volume": 0.17}
[2026-09-24 21:41:57.473] [SFX] {"sound": "civ_move_1", "volume": 0.05}
[2026-09-24 21:41:57.602] [SFX] {"sound": "player_move", "volume": 0.4}
[2026-09-24 21:41:57.652] [SFX] {"sound": "civ_move_1", "volume": 0.11}
[2026-09-24 21:41:57.654] [SFX] {"sound": "civ_move_1", "volume": 0.03}
[2026-09-24 21:41:57.781] [SFX] {"sound": "civ_move_2", "volume": 0.08}
[2026-09-24 21:41:57.882] [SFX] {"sound": "civ_move_2", "volume": 0.15}
[2026-09-24 21:41:57.883] [SFX] {"sound": "civ_move_1", "volume": 0.02}
[2026-09-24 21:41:57.915] [M] {"button": 1, "pos": [322, 223], "ui_clicked": false}
[2026-09-24 21:41:57.923] [P] {"start": [40, 69], "goal": [40, 73], "length": 1, "is_direction_change": false}
[2026-09-24 21:41:57.923] [SFX] {"sound": "click_target", "volume": 0.71}
[2026-09-24 21:41:58.066] [SFX] {"sound": "civ_move_1", "volume": 0.1}
[2026-09-24 21:41:58.067] [SFX] {"sound": "civ_move_1", "volume": 0.05}
[2026-09-24 21:41:58.181] [SFX] {"sound": "civ_move_2", "volume": 0.07}
[2026-09-24 21:41:58.298] [SFX] {"sound": "civ_move_2", "volume": 0.13}
[2026-09-24 21:41:58.364] [M] {"button": 1, "pos": [322, 223], "ui_clicked": false}
[2026-09-24 21:41:58.371] [P] {"start": [40, 73], "goal": [40, 77], "length": 1, "is_direction_change": false}
[2026-09-24 21:41:58.372] [SFX] {"sound": "click_target", "volume": 0.71}
[2026-09-24 21:41:58.420] [SFX] {"sound": "player_move", "volume": 0.4}
[2026-09-24 21:41:58.472] [SFX] {"sound": "civ_move_1", "volume": 0.09}
[2026-09-24 21:41:58.472] [SFX] {"sound": "civ_move_1", "volume": 0.06}
[2026-09-24 21:41:58.589] [SFX] {"sound": "civ_move_2", "volume": 0.05}
[2026-09-24 21:41:58.708] [SFX] {"sound": "civ_move_2", "volume": 0.1}
[2026-09-24 21:41:58.791] [M] {"button": 1, "pos": [322, 223], "ui_clicked": false}
[2026-09-24 21:41:58.798] [P] {"start": [40, 77], "goal": [40, 81], "length": 1, "is_direction_change": false}
[2026-09-24 21:41:58.799] [SFX] {"sound": "click_target", "volume": 0.71}
[2026-09-24 21:41:58.877] [SFX] {"sound": "civ_move_1", "volume": 0.07}
[2026-09-24 21:41:58.878] [SFX] {"sound": "civ_move_1", "volume": 0.08}
[2026-09-24 21:41:58.960] [SFX] {"sound": "player_move", "volume": 0.4}
[2026-09-24 21:41:58.992] [SFX] {"sound": "civ_move_2", "volume": 0.03}
[2026-09-24 21:41:59.124] [SFX] {"sound": "civ_move_2", "volume": 0.08}
[2026-09-24 21:41:59.288] [SFX] {"sound": "civ_move_1", "volume": 0.06}
[2026-09-24 21:41:59.289] [SFX] {"sound": "civ_move_1", "volume": 0.09}
[2026-09-24 21:41:59.402] [SFX] {"sound": "civ_move_2", "volume": 0.04}
[2026-09-24 21:41:59.532] [SFX] {"sound": "civ_move_2", "volume": 0.08}
[2026-09-24 21:41:59.548] [M] {"button": 1, "pos": [322, 223], "ui_clicked": false}
[2026-09-24 21:41:59.555] [P] {"start": [40, 81], "goal": [40, 86], "length": 1, "is_direction_change": false}
[2026-09-24 21:41:59.555] [SFX] {"sound": "click_target", "volume": 0.7}
[2026-09-24 21:41:59.701] [SFX] {"sound": "civ_move_1", "volume": 0.04}
[2026-09-24 21:41:59.701] [SFX] {"sound": "civ_move_1", "volume": 0.12}
[2026-09-24 21:41:59.816] [SFX] {"sound": "civ_move_2", "volume": 0.02}
[2026-09-24 21:41:59.948] [SFX] {"sound": "civ_move_2", "volume": 0.04}
[2026-09-24 21:42:00.111] [SFX] {"sound": "civ_move_1", "volume": 0.03}
[2026-09-24 21:42:00.112] [SFX] {"sound": "civ_move_1", "volume": 0.13}
[2026-09-24 21:42:00.159] [M] {"button": 1, "pos": [322, 223], "ui_clicked": false}
[2026-09-24 21:42:00.168] [P] {"start": [40, 86], "goal": [40, 90], "length": 1, "is_direction_change": false}
[2026-09-24 21:42:00.168] [SFX] {"sound": "click_target", "volume": 0.7}
[2026-09-24 21:42:00.193] [SFX] {"sound": "player_move", "volume": 0.4}
[2026-09-24 21:42:00.227] [SFX] {"sound": "civ_move_2", "volume": 0.02}
[2026-09-24 21:42:00.361] [SFX] {"sound": "civ_move_2", "volume": 0.01}
[2026-09-24 21:42:00.525] [SFX] {"sound": "civ_move_1", "volume": 0.01}
[2026-09-24 21:42:00.526] [SFX] {"sound": "civ_move_1", "volume": 0.13}
[2026-09-24 21:42:00.640] [SFX] {"sound": "civ_move_2", "volume": 0.01}
[2026-09-24 21:42:00.657] [M] {"button": 1, "pos": [323, 231], "ui_clicked": false}
[2026-09-24 21:42:00.664] [P] {"start": [40, 90], "goal": [40, 95], "length": 1, "is_direction_change": false}
[2026-09-24 21:42:00.665] [SFX] {"sound": "click_target", "volume": 0.68}
[2026-09-24 21:42:00.807] [SFX] {"sound": "player_move", "volume": 0.4}
[2026-09-24 21:42:00.925] [SFX] {"sound": "civ_move_1", "volume": 0.13}
[2026-09-24 21:42:01.175] [M] {"button": 1, "pos": [323, 232], "ui_clicked": false}
[2026-09-24 21:42:01.182] [P] {"start": [40, 95], "goal": [40, 100], "length": 1, "is_direction_change": false}
[2026-09-24 21:42:01.183] [SFX] {"sound": "click_target", "volume": 0.68}
[2026-09-24 21:42:01.339] [SFX] {"sound": "civ_move_1", "volume": 0.12}
[2026-09-24 21:42:01.406] [SFX] {"sound": "player_move", "volume": 0.4}
[2026-09-24 21:42:01.651] [M] {"button": 1, "pos": [323, 232], "ui_clicked": false}
[2026-09-24 21:42:01.660] [P] {"start": [40, 100], "goal": [40, 105], "length": 1, "is_direction_change": false}
[2026-09-24 21:42:01.661] [SFX] {"sound": "click_target", "volume": 0.69}
[2026-09-24 21:42:01.751] [SFX] {"sound": "civ_move_1", "volume": 0.11}
[2026-09-24 21:42:02.113] [M] {"button": 1, "pos": [323, 233], "ui_clicked": false}
[2026-09-24 21:42:02.121] [P] {"start": [40, 105], "goal": [40, 110], "length": 1, "is_direction_change": false}
[2026-09-24 21:42:02.121] [SFX] {"sound": "click_target", "volume": 0.69}
[2026-09-24 21:42:02.161] [SFX] {"sound": "player_move", "volume": 0.4}
[2026-09-24 21:42:02.161] [SFX] {"sound": "civ_move_1", "volume": 0.09}
[2026-09-24 21:42:02.571] [SFX] {"sound": "civ_move_1", "volume": 0.07}
[2026-09-24 21:42:02.984] [SFX] {"sound": "civ_move_1", "volume": 0.08}
[2026-09-24 21:42:03.284] [M] {"button": 1, "pos": [261, 190], "ui_clicked": false}
[2026-09-24 21:42:03.384] [SFX] {"sound": "civ_move_1", "volume": 0.08}
[2026-09-24 21:42:03.661] [M] {"button": 1, "pos": [278, 187], "ui_clicked": false}
[2026-09-24 21:42:03.668] [P] {"start": [40, 110], "goal": [34, 110], "length": 1, "is_direction_change": false}
[2026-09-24 21:42:03.669] [SFX] {"sound": "click_target", "volume": 0.69}
[2026-09-24 21:42:03.689] [JACK] Sektor sieht ruhig aus. Erstmal Daten-Traces scannen.
[2026-09-24 21:42:03.779] [SFX] {"sound": "player_move", "volume": 0.4}
[2026-09-24 21:42:03.799] [SFX] {"sound": "civ_move_1", "volume": 0.08}
[2026-09-24 21:42:04.157] [M] {"button": 1, "pos": [279, 186], "ui_clicked": false}
[2026-09-24 21:42:04.164] [P] {"start": [34, 110], "goal": [29, 110], "length": 1, "is_direction_change": false}
[2026-09-24 21:42:04.165] [SFX] {"sound": "click_target", "volume": 0.72}
[2026-09-24 21:42:04.206] [SFX] {"sound": "civ_move_1", "volume": 0.07}
[2026-09-24 21:42:04.289] [SFX] {"sound": "player_move", "volume": 0.4}
[2026-09-24 21:42:04.570] [M] {"button": 1, "pos": [279, 186], "ui_clicked": false}
[2026-09-24 21:42:04.577] [P] {"start": [29, 110], "goal": [25, 110], "length": 1, "is_direction_change": false}
[2026-09-24 21:42:04.578] [SFX] {"sound": "click_target", "volume": 0.72}
[2026-09-24 21:42:04.617] [SFX] {"sound": "civ_move_1", "volume": 0.06}
[2026-09-24 21:42:04.763] [SFX] {"sound": "player_move", "volume": 0.4}
[2026-09-24 21:42:04.960] [M] {"button": 1, "pos": [279, 186], "ui_clicked": false}
[2026-09-24 21:42:04.967] [P] {"start": [25, 110], "goal": [20, 110], "length": 1, "is_direction_change": false}
[2026-09-24 21:42:04.968] [SFX] {"sound": "click_target", "volume": 0.72}
[2026-09-24 21:42:05.024] [SFX] {"sound": "civ_move_1", "volume": 0.05}
[2026-09-24 21:42:05.350] [M] {"button": 1, "pos": [279, 186], "ui_clicked": false}
[2026-09-24 21:42:05.357] [P] {"start": [20, 110], "goal": [16, 110], "length": 1, "is_direction_change": false}
[2026-09-24 21:42:05.358] [SFX] {"sound": "click_target", "volume": 0.72}
[2026-09-24 21:42:05.414] [SFX] {"sound": "player_move", "volume": 0.4}
[2026-09-24 21:42:05.436] [SFX] {"sound": "civ_move_1", "volume": 0.03}
[2026-09-24 21:42:06.406] [M] {"button": 1, "pos": [279, 186], "ui_clicked": false}
[2026-09-24 21:42:06.414] [P] {"start": [16, 110], "goal": [10, 110], "length": 1, "is_direction_change": false}
[2026-09-24 21:42:06.415] [SFX] {"sound": "click_target", "volume": 0.7}
[2026-09-24 21:42:06.584] [SFX] {"sound": "player_move", "volume": 0.4}
[2026-09-24 21:42:06.650] [SFX] {"sound": "civ_move_1", "volume": 0.02}
[2026-09-24 21:42:07.473] [SFX] {"sound": "civ_move_1", "volume": 0.03}
[2026-09-24 21:42:07.887] [SFX] {"sound": "civ_move_1", "volume": 0.04}
[2026-09-24 21:42:08.712] [SFX] {"sound": "civ_move_1", "volume": 0.05}
[2026-09-24 21:42:09.121] [SFX] {"sound": "civ_move_1", "volume": 0.06}
[2026-09-24 21:42:09.332] [M] {"button": 1, "pos": [330, 139], "ui_clicked": false}
[2026-09-24 21:42:09.529] [SFX] {"sound": "civ_move_1", "volume": 0.06}
[2026-09-24 21:42:09.823] [M] {"button": 1, "pos": [330, 144], "ui_clicked": false}
[2026-09-24 21:42:09.940] [SFX] {"sound": "civ_move_1", "volume": 0.07}
[2026-09-24 21:42:10.170] [M] {"button": 1, "pos": [336, 154], "ui_clicked": false}
[2026-09-24 21:42:10.177] [P] {"start": [10, 110], "goal": [12, 106], "length": 2, "is_direction_change": false}
[2026-09-24 21:42:10.178] [SFX] {"sound": "click_target", "volume": 0.9}
[2026-09-24 21:42:10.347] [SFX] {"sound": "civ_move_1", "volume": 0.09}
[2026-09-24 21:42:10.370] [SFX] {"sound": "player_move", "volume": 0.4}
[2026-09-24 21:42:10.758] [SFX] {"sound": "civ_move_1", "volume": 0.11}
[2026-09-24 21:42:10.839] [M] {"button": 1, "pos": [330, 146], "ui_clicked": false}
[2026-09-24 21:42:11.173] [SFX] {"sound": "civ_move_1", "volume": 0.11}
[2026-09-24 21:42:11.270] [M] {"button": 1, "pos": [328, 145], "ui_clicked": false}
[2026-09-24 21:42:11.278] [P] {"start": [12, 106], "goal": [12, 101], "length": 1, "is_direction_change": false}
[2026-09-24 21:42:11.279] [SFX] {"sound": "click_target", "volume": 0.89}
[2026-09-24 21:42:11.453] [SFX] {"sound": "player_move", "volume": 0.4}
[2026-09-24 21:42:11.454] [SFX] {"sound": "civ_move_2", "volume": 0.04}
[2026-09-24 21:42:11.587] [SFX] {"sound": "civ_move_1", "volume": 0.15}
[2026-09-24 21:42:11.866] [SFX] {"sound": "civ_move_2", "volume": 0.06}
[2026-09-24 21:42:11.996] [SFX] {"sound": "civ_move_1", "volume": 0.0}
[2026-09-24 21:42:11.996] [SFX] {"sound": "civ_move_1", "volume": 0.16}
[2026-09-24 21:42:12.273] [SFX] {"sound": "civ_move_2", "volume": 0.07}
[2026-09-24 21:42:12.405] [SFX] {"sound": "civ_move_1", "volume": 0.01}
[2026-09-24 21:42:12.406] [SFX] {"sound": "civ_move_1", "volume": 0.16}
[2026-09-24 21:42:12.522] [M] {"button": 1, "pos": [326, 144], "ui_clicked": false}
[2026-09-24 21:42:12.529] [P] {"start": [12, 101], "goal": [12, 96], "length": 1, "is_direction_change": false}
[2026-09-24 21:42:12.530] [SFX] {"sound": "click_target", "volume": 0.89}
[2026-09-24 21:42:12.673] [SFX] {"sound": "civ_move_2", "volume": 0.1}
[2026-09-24 21:42:12.771] [SFX] {"sound": "player_move", "volume": 0.4}
[2026-09-24 21:42:12.821] [SFX] {"sound": "civ_move_1", "volume": 0.06}
[2026-09-24 21:42:12.821] [SFX] {"sound": "civ_move_1", "volume": 0.19}
[2026-09-24 21:42:13.081] [SFX] {"sound": "civ_move_2", "volume": 0.12}
[2026-09-24 21:42:13.099] [M] {"button": 1, "pos": [326, 144], "ui_clicked": false}
[2026-09-24 21:42:13.109] [P] {"start": [12, 96], "goal": [12, 91], "length": 1, "is_direction_change": false}
[2026-09-24 21:42:13.110] [SFX] {"sound": "click_target", "volume": 0.9}
[2026-09-24 21:42:13.228] [SFX] {"sound": "civ_move_1", "volume": 0.09}
[2026-09-24 21:42:13.229] [SFX] {"sound": "civ_move_1", "volume": 0.2}
[2026-09-24 21:42:13.488] [SFX] {"sound": "civ_move_2", "volume": 0.17}
[2026-09-24 21:42:13.636] [SFX] {"sound": "civ_move_1", "volume": 0.12}
[2026-09-24 21:42:13.637] [SFX] {"sound": "civ_move_1", "volume": 0.2}
[2026-09-24 21:42:13.658] [M] {"button": 1, "pos": [326, 144], "ui_clicked": false}
[2026-09-24 21:42:13.665] [P] {"start": [12, 91], "goal": [12, 87], "length": 1, "is_direction_change": false}
[2026-09-24 21:42:13.665] [SFX] {"sound": "click_target", "volume": 0.9}
[2026-09-24 21:42:13.721] [SFX] {"sound": "player_move", "volume": 0.4}
[2026-09-24 21:42:13.904] [SFX] {"sound": "civ_move_2", "volume": 0.2}
[2026-09-24 21:42:14.037] [SFX] {"sound": "civ_move_1", "volume": 0.17}
[2026-09-24 21:42:14.038] [SFX] {"sound": "civ_move_1", "volume": 0.22}
[2026-09-24 21:42:14.069] [SFX] {"sound": "guardian_move", "volume": 0.03}
[2026-09-24 21:42:14.314] [SFX] {"sound": "civ_move_2", "volume": 0.2}
[2026-09-24 21:42:14.395] [M] {"button": 1, "pos": [326, 144], "ui_clicked": false}
[2026-09-24 21:42:14.402] [P] {"start": [12, 87], "goal": [12, 82], "length": 1, "is_direction_change": false}
[2026-09-24 21:42:14.402] [SFX] {"sound": "click_target", "volume": 0.89}
[2026-09-24 21:42:14.441] [SFX] {"sound": "civ_move_1", "volume": 0.19}
[2026-09-24 21:42:14.442] [SFX] {"sound": "civ_move_1", "volume": 0.22}
[2026-09-24 21:42:14.572] [SFX] {"sound": "player_move", "volume": 0.4}
[2026-09-24 21:42:14.604] [SFX] {"sound": "civ_move_2", "volume": 0.02}
[2026-09-24 21:42:14.684] [SFX] {"sound": "guardian_move", "volume": 0.07}
[2026-09-24 21:42:14.718] [SFX] {"sound": "civ_move_2", "volume": 0.25}
[2026-09-24 21:42:14.849] [SFX] {"sound": "civ_move_1", "volume": 0.23}
[2026-09-24 21:42:14.850] [SFX] {"sound": "civ_move_1", "volume": 0.24}
[2026-09-24 21:42:14.951] [M] {"button": 1, "pos": [326, 144], "ui_clicked": false}
[2026-09-24 21:42:14.959] [P] {"start": [12, 82], "goal": [12, 78], "length": 1, "is_direction_change": false}
[2026-09-24 21:42:14.960] [SFX] {"sound": "click_target", "volume": 0.9}
[2026-09-24 21:42:15.015] [SFX] {"sound": "civ_move_2", "volume": 0.04}
[2026-09-24 21:42:15.129] [SFX] {"sound": "civ_move_2", "volume": 0.27}
[2026-09-24 21:42:15.263] [SFX] {"sound": "civ_move_1", "volume": 0.27}
[2026-09-24 21:42:15.295] [SFX] {"sound": "guardian_move", "volume": 0.1}
[2026-09-24 21:42:15.427] [SFX] {"sound": "civ_move_2", "volume": 0.07}
[2026-09-24 21:42:15.540] [SFX] {"sound": "civ_move_2", "volume": 0.26}
[2026-09-24 21:42:15.674] [SFX] {"sound": "civ_move_1", "volume": 0.28}
[2026-09-24 21:42:15.723] [C] {"civ_pos": [12, 76]}
[2026-09-24 21:42:15.841] [SFX] {"sound": "civ_move_2", "volume": 0.07}
[2026-09-24 21:42:15.904] [SFX] {"sound": "guardian_move", "volume": 0.11}
[2026-09-24 21:42:15.953] [SFX] {"sound": "civ_move_2", "volume": 0.25}
[2026-09-24 21:42:16.085] [SFX] {"sound": "civ_move_1", "volume": 0.3}
[2026-09-24 21:42:16.101] [M] {"button": 1, "pos": [326, 144], "ui_clicked": false}
[2026-09-24 21:42:16.108] [SFX] {"sound": "civ_move_1", "volume": 0.3}
[2026-09-24 21:42:16.109] [P] {"start": [12, 78], "goal": [12, 73], "length": 1, "is_direction_change": false}
[2026-09-24 21:42:16.110] [SFX] {"sound": "click_target", "volume": 0.89}
[2026-09-24 21:42:16.147] [SFX] {"sound": "player_move", "volume": 0.4}
[2026-09-24 21:42:16.170] [SFX] {"sound": "civ_move_1", "volume": 0.1}
[2026-09-24 21:42:16.249] [SFX] {"sound": "civ_move_2", "volume": 0.1}
[2026-09-24 21:42:16.366] [SFX] {"sound": "civ_move_2", "volume": 0.19}
[2026-09-24 21:42:16.497] [SFX] {"sound": "civ_move_1", "volume": 0.2}
[2026-09-24 21:42:16.518] [SFX] {"sound": "guardian_move", "volume": 0.12}
[2026-09-24 21:42:16.519] [SFX] {"sound": "civ_move_1", "volume": 0.2}
[2026-09-24 21:42:16.580] [SFX] {"sound": "civ_move_1", "volume": 0.08}
[2026-09-24 21:42:16.662] [M] {"button": 1, "pos": [326, 144], "ui_clicked": false}
[2026-09-24 21:42:16.669] [SFX] {"sound": "civ_move_2", "volume": 0.12}
[2026-09-24 21:42:16.670] [P] {"start": [12, 73], "goal": [12, 69], "length": 1, "is_direction_change": false}
[2026-09-24 21:42:16.670] [SFX] {"sound": "click_target", "volume": 0.9}
[2026-09-24 21:42:16.702] [JACK] Kurzer Blick um die Ecke...
[2026-09-24 21:42:16.775] [SFX] {"sound": "player_move", "volume": 0.4}
[2026-09-24 21:42:16.796] [SFX] {"sound": "civ_move_2", "volume": 0.18}
[2026-09-24 21:42:16.905] [SFX] {"sound": "civ_move_1", "volume": 0.17}
[2026-09-24 21:42:16.984] [SFX] {"sound": "civ_move_1", "volume": 0.06}
[2026-09-24 21:42:17.067] [SFX] {"sound": "civ_move_2", "volume": 0.15}
[2026-09-24 21:42:17.116] [SFX] {"sound": "guardian_move", "volume": 0.09}
[2026-09-24 21:42:17.201] [SFX] {"sound": "civ_move_2", "volume": 0.17}
[2026-09-24 21:42:17.250] [M] {"button": 1, "pos": [326, 144], "ui_clicked": false}
[2026-09-24 21:42:17.260] [P] {"start": [12, 69], "goal": [12, 64], "length": 1, "is_direction_change": false}
[2026-09-24 21:42:17.260] [SFX] {"sound": "click_target", "volume": 0.89}
[2026-09-24 21:42:17.304] [SFX] {"sound": "civ_move_1", "volume": 0.15}
[2026-09-24 21:42:17.386] [SFX] {"sound": "civ_move_1", "volume": 0.05}
[2026-09-24 21:42:17.469] [SFX] {"sound": "civ_move_2", "volume": 0.18}
[2026-09-24 21:42:17.490] [SFX] {"sound": "player_move", "volume": 0.4}
[2026-09-24 21:42:17.601] [SFX] {"sound": "civ_move_2", "volume": 0.15}
[2026-09-24 21:42:17.716] [SFX] {"sound": "guardian_move", "volume": 0.07}
[2026-09-24 21:42:17.717] [SFX] {"sound": "civ_move_1", "volume": 0.12}
[2026-09-24 21:42:17.738] [SFX] {"sound": "civ_move_1", "volume": 0.13}
[2026-09-24 21:42:17.798] [SFX] {"sound": "civ_move_1", "volume": 0.03}
[2026-09-24 21:42:17.816] [M] {"button": 1, "pos": [326, 144], "ui_clicked": false}
[2026-09-24 21:42:17.823] [P] {"start": [12, 64], "goal": [12, 60], "length": 1, "is_direction_change": false}
[2026-09-24 21:42:17.824] [SFX] {"sound": "click_target", "volume": 0.9}
[2026-09-24 21:42:17.881] [SFX] {"sound": "civ_move_2", "volume": 0.2}
[2026-09-24 21:42:18.012] [SFX] {"sound": "civ_move_2", "volume": 0.13}
[2026-09-24 21:42:18.127] [SFX] {"sound": "civ_move_1", "volume": 0.09}
[2026-09-24 21:42:18.148] [SFX] {"sound": "civ_move_1", "volume": 0.11}
[2026-09-24 21:42:18.209] [SFX] {"sound": "civ_move_1", "volume": 0.01}
[2026-09-24 21:42:18.292] [SFX] {"sound": "civ_move_2", "volume": 0.23}
[2026-09-24 21:42:18.324] [SFX] {"sound": "guardian_move", "volume": 0.05}
[2026-09-24 21:42:18.392] [M] {"button": 1, "pos": [326, 144], "ui_clicked": false}
[2026-09-24 21:42:18.400] [P] {"start": [12, 60], "goal": [12, 55], "length": 1, "is_direction_change": false}
[2026-09-24 21:42:18.400] [SFX] {"sound": "click_target", "volume": 0.89}
[2026-09-24 21:42:18.442] [SFX] {"sound": "civ_move_2", "volume": 0.13}
[2026-09-24 21:42:18.492] [SFX] {"sound": "player_move", "volume": 0.4}
[2026-09-24 21:42:18.543] [SFX] {"sound": "civ_move_1", "volume": 0.06}
[2026-09-24 21:42:18.543] [SFX] {"sound": "civ_move_1", "volume": 0.09}
[2026-09-24 21:42:18.707] [SFX] {"sound": "civ_move_2", "volume": 0.26}
[2026-09-24 21:42:18.852] [M] {"button": 1, "pos": [326, 144], "ui_clicked": false}
[2026-09-24 21:42:18.860] [SFX] {"sound": "civ_move_2", "volume": 0.11}
[2026-09-24 21:42:18.934] [SFX] {"sound": "guardian_move", "volume": 0.01}
[2026-09-24 21:42:18.956] [SFX] {"sound": "civ_move_1", "volume": 0.04}
[2026-09-24 21:42:18.957] [SFX] {"sound": "civ_move_1", "volume": 0.07}
[2026-09-24 21:42:19.115] [SFX] {"sound": "civ_move_2", "volume": 0.27}
[2026-09-24 21:42:19.247] [M] {"button": 1, "pos": [326, 144], "ui_clicked": false}
[2026-09-24 21:42:19.263] [SFX] {"sound": "civ_move_2", "volume": 0.12}
[2026-09-24 21:42:19.360] [SFX] {"sound": "civ_move_1", "volume": 0.03}
[2026-09-24 21:42:19.362] [SFX] {"sound": "civ_move_1", "volume": 0.07}
[2026-09-24 21:42:19.460] [SFX] {"sound": "civ_move_1", "volume": 0.0}
[2026-09-24 21:42:19.525] [SFX] {"sound": "civ_move_2", "volume": 0.28}
[2026-09-24 21:42:19.559] [SFX] {"sound": "guardian_move", "volume": 0.02}
[2026-09-24 21:42:19.591] [M] {"button": 1, "pos": [333, 149], "ui_clicked": false}
[2026-09-24 21:42:19.673] [SFX] {"sound": "civ_move_2", "volume": 0.13}
[2026-09-24 21:42:19.771] [SFX] {"sound": "civ_move_1", "volume": 0.02}
[2026-09-24 21:42:19.771] [SFX] {"sound": "civ_move_1", "volume": 0.07}
[2026-09-24 21:42:19.871] [SFX] {"sound": "civ_move_1", "volume": 0.01}
[2026-09-24 21:42:19.938] [SFX] {"sound": "civ_move_2", "volume": 0.28}
[2026-09-24 21:42:19.961] [C] {"civ_pos": [12, 53]}
[2026-09-24 21:42:19.969] [M] {"button": 1, "pos": [339, 154], "ui_clicked": false}
[2026-09-24 21:42:20.087] [SFX] {"sound": "civ_move_2", "volume": 0.13}
[2026-09-24 21:42:20.170] [SFX] {"sound": "guardian_move", "volume": 0.01}
[2026-09-24 21:42:20.192] [SFX] {"sound": "civ_move_1", "volume": 0.01}
[2026-09-24 21:42:20.193] [SFX] {"sound": "civ_move_1", "volume": 0.06}
[2026-09-24 21:42:20.317] [M] {"button": 1, "pos": [341, 156], "ui_clicked": false}
[2026-09-24 21:42:20.326] [P] {"start": [12, 55], "goal": [14, 52], "length": 2, "is_direction_change": false}
[2026-09-24 21:42:20.327] [SFX] {"sound": "click_target", "volume": 0.9}
[2026-09-24 21:42:20.365] [SFX] {"sound": "civ_move_2", "volume": 0.28}
[2026-09-24 21:42:20.479] [SFX] {"sound": "player_move", "volume": 0.4}
[2026-09-24 21:42:20.501] [SFX] {"sound": "civ_move_2", "volume": 0.12}
[2026-09-24 21:42:20.593] [SFX] {"sound": "civ_move_1", "volume": 0.05}
[2026-09-24 21:42:20.723] [SFX] {"sound": "civ_move_1", "volume": 0.01}
[2026-09-24 21:42:20.773] [SFX] {"sound": "guardian_move", "volume": 0.02}
[2026-09-24 21:42:20.774] [SFX] {"sound": "civ_move_2", "volume": 0.3}
[2026-09-24 21:42:20.790] [M] {"button": 1, "pos": [349, 162], "ui_clicked": false}
[2026-09-24 21:42:20.908] [SFX] {"sound": "civ_move_2", "volume": 0.12}
[2026-09-24 21:42:21.005] [SFX] {"sound": "civ_move_1", "volume": 0.04}
[2026-09-24 21:42:21.056] [M] {"button": 1, "pos": [361, 173], "ui_clicked": false}
[2026-09-24 21:42:21.062] [SFX] {"sound": "guardian_move", "volume": 0.04}
[2026-09-24 21:42:21.140] [SFX] {"sound": "civ_move_1", "volume": 0.0}
[2026-09-24 21:42:21.190] [SFX] {"sound": "civ_move_2", "volume": 0.29}
[2026-09-24 21:42:21.318] [M] {"button": 1, "pos": [386, 178], "ui_clicked": false}
[2026-09-24 21:42:21.328] [SFX] {"sound": "civ_move_2", "volume": 0.13}
[2026-09-24 21:42:21.385] [SFX] {"sound": "guardian_move", "volume": 0.03}
[2026-09-24 21:42:21.416] [SFX] {"sound": "civ_move_1", "volume": 0.04}
[2026-09-24 21:42:21.599] [M] {"button": 1, "pos": [386, 178], "ui_clicked": false}
[2026-09-24 21:42:21.607] [SFX] {"sound": "civ_move_2", "volume": 0.27}
[2026-09-24 21:42:21.665] [SFX] {"sound": "guardian_move", "volume": 0.06}
[2026-09-24 21:42:21.730] [SFX] {"sound": "civ_move_2", "volume": 0.14}
[2026-09-24 21:42:21.828] [SFX] {"sound": "civ_move_1", "volume": 0.04}
[2026-09-24 21:42:21.975] [SFX] {"sound": "civ_move_1", "volume": 0.0}
[2026-09-24 21:42:22.007] [SFX] {"sound": "guardian_move", "volume": 0.03}
[2026-09-24 21:42:22.008] [SFX] {"sound": "civ_move_2", "volume": 0.26}
[2026-09-24 21:42:22.141] [M] {"button": 1, "pos": [383, 182], "ui_clicked": false}
[2026-09-24 21:42:22.147] [SFX] {"sound": "civ_move_2", "volume": 0.15}
[2026-09-24 21:42:22.148] [P] {"start": [14, 52], "goal": [21, 52], "length": 1, "is_direction_change": false}
[2026-09-24 21:42:22.149] [SFX] {"sound": "click_target", "volume": 0.64}
[2026-09-24 21:42:22.239] [SFX] {"sound": "civ_move_2", "volume": 0.01}
[2026-09-24 21:42:22.240] [SFX] {"sound": "civ_move_1", "volume": 0.04}
[2026-09-24 21:42:22.273] [SFX] {"sound": "guardian_move", "volume": 0.11}
[2026-09-24 21:42:22.356] [SFX] {"sound": "player_move", "volume": 0.4}
[2026-09-24 21:42:22.377] [SFX] {"sound": "civ_move_1", "volume": 0.03}
[2026-09-24 21:42:22.393] [SFX] {"sound": "civ_move_1", "volume": 0.05}
[2026-09-24 21:42:22.422] [SFX] {"sound": "civ_move_2", "volume": 0.29}
[2026-09-24 21:42:22.455] [C] {"civ_pos": [20, 52]}
[2026-09-24 21:42:22.549] [SFX] {"sound": "civ_move_2", "volume": 0.15}
[2026-09-24 21:42:22.615] [SFX] {"sound": "guardian_move", "volume": 0.05}
[2026-09-24 21:42:22.647] [SFX] {"sound": "civ_move_2", "volume": 0.04}
[2026-09-24 21:42:22.648] [SFX] {"sound": "civ_move_1", "volume": 0.04}
[2026-09-24 21:42:22.732] [M] {"button": 1, "pos": [372, 185], "ui_clicked": false}
[2026-09-24 21:42:22.739] [P] {"start": [21, 52], "goal": [26, 52], "length": 1, "is_direction_change": false}
[2026-09-24 21:42:22.740] [SFX] {"sound": "click_target", "volume": 0.69}
[2026-09-24 21:42:22.782] [SFX] {"sound": "civ_move_1", "volume": 0.06}
[2026-09-24 21:42:22.803] [SFX] {"sound": "civ_move_1", "volume": 0.09}
[2026-09-24 21:42:22.831] [SFX] {"sound": "civ_move_2", "volume": 0.3}
[2026-09-24 21:42:22.880] [SFX] {"sound": "guardian_move", "volume": 0.21}
[2026-09-24 21:42:22.929] [SFX] {"sound": "player_move", "volume": 0.4}
[2026-09-24 21:42:22.962] [SFX] {"sound": "civ_move_2", "volume": 0.14}
[2026-09-24 21:42:23.062] [SFX] {"sound": "civ_move_2", "volume": 0.08}
[2026-09-24 21:42:23.062] [SFX] {"sound": "civ_move_1", "volume": 0.05}
[2026-09-24 21:42:23.175] [M] {"button": 1, "pos": [372, 185], "ui_clicked": false}
[2026-09-24 21:42:23.182] [P] {"start": [26, 52], "goal": [31, 52], "length": 1, "is_direction_change": false}
[2026-09-24 21:42:23.183] [SFX] {"sound": "click_target", "volume": 0.69}
[2026-09-24 21:42:23.232] [SFX] {"sound": "civ_move_1", "volume": 0.09}
[2026-09-24 21:42:23.244] [SFX] {"sound": "guardian_move", "volume": 0.06}
[2026-09-24 21:42:23.245] [SFX] {"sound": "civ_move_2", "volume": 0.28}
[2026-09-24 21:42:23.246] [SFX] {"sound": "civ_move_1", "volume": 0.14}
[2026-09-24 21:42:23.371] [SFX] {"sound": "civ_move_2", "volume": 0.12}
[2026-09-24 21:42:23.471] [SFX] {"sound": "civ_move_2", "volume": 0.1}
[2026-09-24 21:42:23.472] [SFX] {"sound": "civ_move_1", "volume": 0.06}
[2026-09-24 21:42:23.493] [SFX] {"sound": "guardian_move", "volume": 0.31}
[2026-09-24 21:42:23.572] [SFX] {"sound": "civ_move_1", "volume": 0.01}
[2026-09-24 21:42:23.603] [SFX] {"sound": "civ_move_1", "volume": 0.12}
[2026-09-24 21:42:23.650] [M] {"button": 1, "pos": [375, 185], "ui_clicked": false}
[2026-09-24 21:42:23.658] [SFX] {"sound": "civ_move_2", "volume": 0.26}
[2026-09-24 21:42:23.658] [SFX] {"sound": "civ_move_1", "volume": 0.18}
[2026-09-24 21:42:23.659] [P] {"start": [31, 52], "goal": [36, 52], "length": 1, "is_direction_change": false}
[2026-09-24 21:42:23.660] [SFX] {"sound": "click_target", "volume": 0.68}
[2026-09-24 21:42:23.702] [SFX] {"sound": "player_move", "volume": 0.4}
[2026-09-24 21:42:23.774] [SFX] {"sound": "civ_move_2", "volume": 0.1}
[2026-09-24 21:42:23.841] [SFX] {"sound": "guardian_move", "volume": 0.07}
[2026-09-24 21:42:23.874] [SFX] {"sound": "civ_move_2", "volume": 0.12}
[2026-09-24 21:42:23.875] [SFX] {"sound": "civ_move_1", "volume": 0.06}
[2026-09-24 21:42:23.975] [SFX] {"sound": "civ_move_1", "volume": 0.02}
[2026-09-24 21:42:24.007] [SFX] {"sound": "civ_move_1", "volume": 0.13}
[2026-09-24 21:42:24.056] [SFX] {"sound": "civ_move_2", "volume": 0.23}
[2026-09-24 21:42:24.057] [SFX] {"sound": "civ_move_1", "volume": 0.23}
[2026-09-24 21:42:24.073] [M] {"button": 1, "pos": [375, 185], "ui_clicked": false}
[2026-09-24 21:42:24.080] [P] {"start": [36, 52], "goal": [41, 52], "length": 1, "is_direction_change": false}
[2026-09-24 21:42:24.081] [SFX] {"sound": "click_target", "volume": 0.69}
[2026-09-24 21:42:24.132] [SFX] {"sound": "guardian_move", "volume": 0.29}
[2026-09-24 21:42:24.156] [SFX] {"sound": "player_move", "volume": 0.4}
[2026-09-24 21:42:24.189] [SFX] {"sound": "civ_move_2", "volume": 0.08}
[2026-09-24 21:42:24.286] [SFX] {"sound": "civ_move_2", "volume": 0.14}
[2026-09-24 21:42:24.287] [SFX] {"sound": "civ_move_1", "volume": 0.06}
[2026-09-24 21:42:24.385] [SFX] {"sound": "civ_move_1", "volume": 0.03}
[2026-09-24 21:42:24.417] [SFX] {"sound": "civ_move_1", "volume": 0.14}
[2026-09-24 21:42:24.450] [SFX] {"sound": "guardian_move", "volume": 0.08}
[2026-09-24 21:42:24.473] [SFX] {"sound": "civ_move_2", "volume": 0.21}
[2026-09-24 21:42:24.473] [SFX] {"sound": "civ_move_1", "volume": 0.28}
[2026-09-24 21:42:24.597] [SFX] {"sound": "civ_move_2", "volume": 0.06}
[2026-09-24 21:42:24.697] [SFX] {"sound": "guardian_move", "volume": 0.31}
[2026-09-24 21:42:24.698] [SFX] {"sound": "civ_move_2", "volume": 0.15}
[2026-09-24 21:42:24.698] [SFX] {"sound": "civ_move_1", "volume": 0.06}
[2026-09-24 21:42:24.699] [SFX] {"sound": "threat_pulse", "volume": 0.31}
[2026-09-24 21:42:24.795] [SFX] {"sound": "civ_move_1", "volume": 0.03}
[2026-09-24 21:42:24.827] [SFX] {"sound": "civ_move_1", "volume": 0.15}
[2026-09-24 21:42:24.876] [SFX] {"sound": "civ_move_2", "volume": 0.22}
[2026-09-24 21:42:24.877] [SFX] {"sound": "civ_move_1", "volume": 0.29}
[2026-09-24 21:42:24.958] [C] {"civ_pos": [42, 52]}
[2026-09-24 21:42:25.027] [SFX] {"sound": "civ_move_2", "volume": 0.07}
[2026-09-24 21:42:25.059] [SFX] {"sound": "guardian_move", "volume": 0.07}
[2026-09-24 21:42:25.109] [SFX] {"sound": "civ_move_2", "volume": 0.16}
[2026-09-24 21:42:25.109] [SFX] {"sound": "civ_move_1", "volume": 0.06}
[2026-09-24 21:42:25.207] [SFX] {"sound": "civ_move_1", "volume": 0.02}
[2026-09-24 21:42:25.240] [SFX] {"sound": "civ_move_1", "volume": 0.17}
[2026-09-24 21:42:25.289] [SFX] {"sound": "civ_move_2", "volume": 0.23}
[2026-09-24 21:42:25.290] [SFX] {"sound": "civ_move_1", "volume": 0.3}
[2026-09-24 21:42:25.354] [SFX] {"sound": "guardian_move", "volume": 0.4}
[2026-09-24 21:42:25.436] [SFX] {"sound": "civ_move_2", "volume": 0.07}
[2026-09-24 21:42:25.519] [SFX] {"sound": "civ_move_2", "volume": 0.17}
[2026-09-24 21:42:25.520] [SFX] {"sound": "civ_move_1", "volume": 0.06}
[2026-09-24 21:42:25.602] [SFX] {"sound": "threat_pulse", "volume": 0.39}
[2026-09-24 21:42:25.625] [SFX] {"sound": "civ_move_1", "volume": 0.02}
[2026-09-24 21:42:25.652] [SFX] {"sound": "civ_move_1", "volume": 0.18}
[2026-09-24 21:42:25.675] [SFX] {"sound": "guardian_move", "volume": 0.07}
[2026-09-24 21:42:25.704] [SFX] {"sound": "civ_move_2", "volume": 0.25}
[2026-09-24 21:42:25.705] [SFX] {"sound": "civ_move_1", "volume": 0.29}
[2026-09-24 21:42:25.851] [SFX] {"sound": "civ_move_2", "volume": 0.08}
[2026-09-24 21:42:25.931] [SFX] {"sound": "civ_move_2", "volume": 0.19}
[2026-09-24 21:42:25.931] [SFX] {"sound": "civ_move_1", "volume": 0.06}
[2026-09-24 21:42:25.980] [SFX] {"sound": "guardian_move", "volume": 0.39}
[2026-09-24 21:42:26.030] [SFX] {"sound": "civ_move_1", "volume": 0.01}
[2026-09-24 21:42:26.063] [SFX] {"sound": "civ_move_1", "volume": 0.19}
[2026-09-24 21:42:26.114] [SFX] {"sound": "civ_move_2", "volume": 0.26}
[2026-09-24 21:42:26.115] [SFX] {"sound": "civ_move_1", "volume": 0.28}
[2026-09-24 21:42:26.263] [SFX] {"sound": "civ_move_2", "volume": 0.1}
[2026-09-24 21:42:26.285] [SFX] {"sound": "guardian_move", "volume": 0.06}
[2026-09-24 21:42:26.345] [SFX] {"sound": "civ_move_2", "volume": 0.2}
[2026-09-24 21:42:26.346] [SFX] {"sound": "civ_move_1", "volume": 0.05}
[2026-09-24 21:42:26.411] [SFX] {"sound": "threat_pulse", "volume": 0.45}
[2026-09-24 21:42:26.443] [M] {"button": 1, "pos": [368, 173], "ui_clicked": false}
[2026-09-24 21:42:26.450] [SFX] {"sound": "civ_move_1", "volume": 0.0}
[2026-09-24 21:42:26.477] [SFX] {"sound": "civ_move_1", "volume": 0.2}
[2026-09-24 21:42:26.525] [SFX] {"sound": "civ_move_2", "volume": 0.27}
[2026-09-24 21:42:26.526] [SFX] {"sound": "civ_move_1", "volume": 0.27}
[2026-09-24 21:42:26.643] [SFX] {"sound": "guardian_move", "volume": 0.39}
[2026-09-24 21:42:26.675] [SFX] {"sound": "civ_move_2", "volume": 0.11}
[2026-09-24 21:42:26.725] [M] {"button": 1, "pos": [384, 183], "ui_clicked": false}
[2026-09-24 21:42:26.732] [P] {"start": [41, 52], "goal": [48, 52], "length": 1, "is_direction_change": false}
[2026-09-24 21:42:26.733] [SFX] {"sound": "click_target", "volume": 0.64}
[2026-09-24 21:42:26.799] [SFX] {"sound": "civ_move_2", "volume": 0.21}
[2026-09-24 21:42:26.799] [SFX] {"sound": "civ_move_1", "volume": 0.05}
[2026-09-24 21:42:26.850] [SFX] {"sound": "civ_move_1", "volume": 0.01}
[2026-09-24 21:42:26.873] [SFX] {"sound": "player_move", "volume": 0.4}
[2026-09-24 21:42:26.889] [SFX] {"sound": "guardian_move", "volume": 0.06}
[2026-09-24 21:42:26.890] [SFX] {"sound": "civ_move_1", "volume": 0.21}
[2026-09-24 21:42:26.932] [SFX] {"sound": "civ_move_2", "volume": 0.25}
[2026-09-24 21:42:26.933] [SFX] {"sound": "civ_move_1", "volume": 0.24}
[2026-09-24 21:42:27.078] [SFX] {"sound": "civ_move_2", "volume": 0.07}
[2026-09-24 21:42:27.112] [SFX] {"sound": "threat_pulse", "volume": 0.49}
[2026-09-24 21:42:27.209] [SFX] {"sound": "civ_move_2", "volume": 0.2}
[2026-09-24 21:42:27.210] [SFX] {"sound": "civ_move_1", "volume": 0.06}
[2026-09-24 21:42:27.258] [SFX] {"sound": "guardian_move", "volume": 0.35}
[2026-09-24 21:42:27.259] [SFX] {"sound": "civ_move_1", "volume": 0.02}
[2026-09-24 21:42:27.291] [SFX] {"sound": "civ_move_1", "volume": 0.21}
[2026-09-24 21:42:27.341] [SFX] {"sound": "civ_move_2", "volume": 0.24}
[2026-09-24 21:42:27.342] [SFX] {"sound": "civ_move_1", "volume": 0.22}
[2026-09-24 21:42:27.373] [M] {"button": 1, "pos": [390, 184], "ui_clicked": false}
[2026-09-24 21:42:27.380] [P] {"start": [48, 52], "goal": [56, 52], "length": 1, "is_direction_change": false}
[2026-09-24 21:42:27.380] [SFX] {"sound": "click_target", "volume": 0.64}
[2026-09-24 21:42:27.491] [SFX] {"sound": "player_move", "volume": 0.4}
[2026-09-24 21:42:27.491] [SFX] {"sound": "guardian_move", "volume": 0.07}
[2026-09-24 21:42:27.492] [SFX] {"sound": "civ_move_2", "volume": 0.06}
[2026-09-24 21:42:27.622] [SFX] {"sound": "civ_move_2", "volume": 0.18}
[2026-09-24 21:42:27.624] [SFX] {"sound": "civ_move_1", "volume": 0.06}
[2026-09-24 21:42:27.673] [SFX] {"sound": "civ_move_1", "volume": 0.03}
[2026-09-24 21:42:27.707] [SFX] {"sound": "civ_move_1", "volume": 0.18}
[2026-09-24 21:42:27.728] [SFX] {"sound": "threat_pulse", "volume": 0.48}
[2026-09-24 21:42:27.756] [SFX] {"sound": "civ_move_2", "volume": 0.2}
[2026-09-24 21:42:27.756] [SFX] {"sound": "civ_move_1", "volume": 0.16}
[2026-09-24 21:42:27.838] [M] {"button": 1, "pos": [390, 183], "ui_clicked": false}
[2026-09-24 21:42:27.848] [P] {"start": [56, 52], "goal": [62, 52], "length": 1, "is_direction_change": false}
[2026-09-24 21:42:27.849] [SFX] {"sound": "click_target", "volume": 0.67}
[2026-09-24 21:42:27.880] [SFX] {"sound": "player_move", "volume": 0.4}
[2026-09-24 21:42:27.881] [SFX] {"sound": "guardian_move", "volume": 0.27}
[2026-09-24 21:42:27.903] [SFX] {"sound": "civ_move_2", "volume": 0.02}
[2026-09-24 21:42:28.029] [SFX] {"sound": "civ_move_2", "volume": 0.14}
[2026-09-24 21:42:28.030] [SFX] {"sound": "civ_move_1", "volume": 0.06}
[2026-09-24 21:42:28.081] [SFX] {"sound": "civ_move_1", "volume": 0.05}
[2026-09-24 21:42:28.102] [SFX] {"sound": "guardian_move", "volume": 0.08}
[2026-09-24 21:42:28.123] [SFX] {"sound": "civ_move_1", "volume": 0.13}
[2026-09-24 21:42:28.163] [SFX] {"sound": "civ_move_2", "volume": 0.16}
[2026-09-24 21:42:28.164] [SFX] {"sound": "civ_move_1", "volume": 0.12}
[2026-09-24 21:42:28.243] [M] {"button": 1, "pos": [390, 183], "ui_clicked": false}
[2026-09-24 21:42:28.250] [P] {"start": [62, 52], "goal": [68, 52], "length": 1, "is_direction_change": false}
[2026-09-24 21:42:28.250] [SFX] {"sound": "click_target", "volume": 0.66}
[2026-09-24 21:42:28.307] [SFX] {"sound": "player_move", "volume": 0.4}
[2026-09-24 21:42:28.328] [SFX] {"sound": "threat_pulse", "volume": 0.45}
[2026-09-24 21:42:28.438] [SFX] {"sound": "civ_move_2", "volume": 0.1}
[2026-09-24 21:42:28.439] [SFX] {"sound": "civ_move_1", "volume": 0.05}
[2026-09-24 21:42:28.488] [SFX] {"sound": "guardian_move", "volume": 0.15}
[2026-09-24 21:42:28.488] [SFX] {"sound": "civ_move_1", "volume": 0.05}
[2026-09-24 21:42:28.520] [SFX] {"sound": "civ_move_1", "volume": 0.09}
[2026-09-24 21:42:28.570] [SFX] {"sound": "civ_move_2", "volume": 0.13}
[2026-09-24 21:42:28.571] [SFX] {"sound": "civ_move_1", "volume": 0.07}
[2026-09-24 21:42:28.651] [M] {"button": 1, "pos": [390, 183], "ui_clicked": false}
[2026-09-24 21:42:28.658] [P] {"start": [68, 52], "goal": [74, 52], "length": 1, "is_direction_change": false}
[2026-09-24 21:42:28.659] [SFX] {"sound": "click_target", "volume": 0.66}
[2026-09-24 21:42:28.703] [SFX] {"sound": "guardian_move", "volume": 0.07}
[2026-09-24 21:42:28.735] [SFX] {"sound": "player_move", "volume": 0.4}
[2026-09-24 21:42:28.850] [SFX] {"sound": "civ_move_2", "volume": 0.06}
[2026-09-24 21:42:28.850] [SFX] {"sound": "civ_move_1", "volume": 0.04}
[2026-09-24 21:42:28.901] [SFX] {"sound": "civ_move_1", "volume": 0.06}
[2026-09-24 21:42:28.934] [SFX] {"sound": "civ_move_1", "volume": 0.05}
[2026-09-24 21:42:28.983] [SFX] {"sound": "civ_move_2", "volume": 0.1}
[2026-09-24 21:42:28.984] [SFX] {"sound": "civ_move_1", "volume": 0.02}
[2026-09-24 21:42:29.033] [SFX] {"sound": "threat_pulse", "volume": 0.41}
[2026-09-24 21:42:29.099] [M] {"button": 1, "pos": [390, 183], "ui_clicked": false}
[2026-09-24 21:42:29.106] [SFX] {"sound": "guardian_move", "volume": 0.05}
[2026-09-24 21:42:29.107] [P] {"start": [74, 52], "goal": [81, 52], "length": 1, "is_direction_change": false}
[2026-09-24 21:42:29.107] [SFX] {"sound": "click_target", "volume": 0.66}
[2026-09-24 21:42:29.165] [JACK] Sektor sieht ruhig aus. Erstmal Daten-Traces scannen.
[2026-09-24 21:42:29.192] [SFX] {"sound": "player_move", "volume": 0.4}
[2026-09-24 21:42:29.256] [SFX] {"sound": "civ_move_2", "volume": 0.02}
[2026-09-24 21:42:29.257] [SFX] {"sound": "civ_move_1", "volume": 0.03}
[2026-09-24 21:42:29.305] [SFX] {"sound": "guardian_move", "volume": 0.06}
[2026-09-24 21:42:29.306] [SFX] {"sound": "civ_move_1", "volume": 0.06}
[2026-09-24 21:42:29.337] [SFX] {"sound": "civ_move_1", "volume": 0.01}
[2026-09-24 21:42:29.385] [SFX] {"sound": "civ_move_2", "volume": 0.07}
[2026-09-24 21:42:29.484] [M] {"button": 1, "pos": [390, 183], "ui_clicked": false}
[2026-09-24 21:42:29.491] [P] {"start": [81, 52], "goal": [86, 52], "length": 1, "is_direction_change": false}
[2026-09-24 21:42:29.492] [SFX] {"sound": "click_target", "volume": 0.68}
[2026-09-24 21:42:29.545] [SFX] {"sound": "player_move", "volume": 0.4}
[2026-09-24 21:42:29.660] [SFX] {"sound": "civ_move_1", "volume": 0.01}
[2026-09-24 21:42:29.709] [SFX] {"sound": "civ_move_1", "volume": 0.06}
[2026-09-24 21:42:29.793] [SFX] {"sound": "civ_move_2", "volume": 0.03}
[2026-09-24 21:42:29.843] [SFX] {"sound": "threat_pulse", "volume": 0.37}
[2026-09-24 21:42:29.876] [SFX] {"sound": "guardian_move", "volume": 0.02}
[2026-09-24 21:42:29.909] [SFX] {"sound": "guardian_move", "volume": 0.04}
[2026-09-24 21:42:30.075] [SFX] {"sound": "civ_move_1", "volume": 0.01}
[2026-09-24 21:42:30.122] [SFX] {"sound": "civ_move_1", "volume": 0.06}
[2026-09-24 21:42:30.207] [SFX] {"sound": "civ_move_2", "volume": 0.04}
[2026-09-24 21:42:30.487] [SFX] {"sound": "guardian_move", "volume": 0.02}
[2026-09-24 21:42:30.488] [SFX] {"sound": "civ_move_1", "volume": 0.02}
[2026-09-24 21:42:30.520] [SFX] {"sound": "guardian_move", "volume": 0.05}
[2026-09-24 21:42:30.542] [SFX] {"sound": "civ_move_1", "volume": 0.06}
[2026-09-24 21:42:30.620] [SFX] {"sound": "civ_move_2", "volume": 0.06}
[2026-09-24 21:42:30.750] [SFX] {"sound": "threat_pulse", "volume": 0.33}
[2026-09-24 21:42:30.897] [SFX] {"sound": "civ_move_1", "volume": 0.03}
[2026-09-24 21:42:30.948] [SFX] {"sound": "civ_move_1", "volume": 0.06}
[2026-09-24 21:42:31.030] [SFX] {"sound": "civ_move_2", "volume": 0.07}
[2026-09-24 21:42:31.097] [SFX] {"sound": "guardian_move", "volume": 0.02}
[2026-09-24 21:42:31.130] [SFX] {"sound": "guardian_move", "volume": 0.06}
[2026-09-24 21:42:31.313] [SFX] {"sound": "civ_move_2", "volume": 0.0}
[2026-09-24 21:42:31.314] [SFX] {"sound": "civ_move_1", "volume": 0.03}
[2026-09-24 21:42:31.362] [SFX] {"sound": "civ_move_1", "volume": 0.06}
[2026-09-24 21:42:31.393] [M] {"button": 1, "pos": [390, 183], "ui_clicked": false}
[2026-09-24 21:42:31.400] [SFX] {"sound": "civ_move_1", "volume": 0.01}
[2026-09-24 21:42:31.401] [P] {"start": [86, 52], "goal": [94, 52], "length": 1, "is_direction_change": false}
[2026-09-24 21:42:31.402] [SFX] {"sound": "click_target", "volume": 0.62}
[2026-09-24 21:42:31.439] [SFX] {"sound": "civ_move_2", "volume": 0.07}
[2026-09-24 21:42:31.521] [SFX] {"sound": "player_move", "volume": 0.4}
[2026-09-24 21:42:31.702] [SFX] {"sound": "guardian_move", "volume": 0.01}
[2026-09-24 21:42:31.725] [SFX] {"sound": "civ_move_1", "volume": 0.01}
[2026-09-24 21:42:31.740] [SFX] {"sound": "guardian_move", "volume": 0.04}
[2026-09-24 21:42:31.767] [SFX] {"sound": "civ_move_1", "volume": 0.06}
[2026-09-24 21:42:31.798] [M] {"button": 1, "pos": [390, 183], "ui_clicked": false}
[2026-09-24 21:42:31.805] [P] {"start": [94, 52], "goal": [99, 52], "length": 1, "is_direction_change": false}
[2026-09-24 21:42:31.806] [SFX] {"sound": "click_target", "volume": 0.69}
[2026-09-24 21:42:31.843] [SFX] {"sound": "player_move", "volume": 0.4}
[2026-09-24 21:42:31.843] [SFX] {"sound": "civ_move_2", "volume": 0.03}
[2026-09-24 21:42:32.174] [SFX] {"sound": "civ_move_1", "volume": 0.05}
[2026-09-24 21:42:32.208] [M] {"button": 1, "pos": [391, 183], "ui_clicked": false}
[2026-09-24 21:42:32.214] [P] {"start": [99, 52], "goal": [106, 52], "length": 1, "is_direction_change": false}
[2026-09-24 21:42:32.215] [SFX] {"sound": "click_target", "volume": 0.65}
[2026-09-24 21:42:32.268] [SFX] {"sound": "civ_move_2", "volume": 0.0}
[2026-09-24 21:42:32.321] [SFX] {"sound": "player_move", "volume": 0.4}
[2026-09-24 21:42:32.343] [SFX] {"sound": "guardian_move", "volume": 0.01}
[2026-09-24 21:42:32.565] [M] {"button": 1, "pos": [391, 183], "ui_clicked": false}
[2026-09-24 21:42:32.573] [P] {"start": [106, 52], "goal": [111, 52], "length": 1, "is_direction_change": false}
[2026-09-24 21:42:32.573] [SFX] {"sound": "click_target", "volume": 0.69}
[2026-09-24 21:42:32.606] [SFX] {"sound": "civ_move_1", "volume": 0.04}
[2026-09-24 21:42:32.646] [SFX] {"sound": "player_move", "volume": 0.4}
[2026-09-24 21:42:32.679] [SFX] {"sound": "civ_move_2", "volume": 0.0}
[2026-09-24 21:42:32.893] [M] {"button": 1, "pos": [391, 183], "ui_clicked": false}
[2026-09-24 21:42:32.899] [P] {"start": [111, 52], "goal": [117, 52], "length": 1, "is_direction_change": false}
[2026-09-24 21:42:32.900] [SFX] {"sound": "click_target", "volume": 0.67}
[2026-09-24 21:42:32.994] [SFX] {"sound": "civ_move_1", "volume": 0.02}
[2026-09-24 21:42:33.043] [SFX] {"sound": "player_move", "volume": 0.4}
[2026-09-24 21:42:33.093] [SFX] {"sound": "civ_move_2", "volume": 0.01}
[2026-09-24 21:42:33.160] [SFX] {"sound": "civ_move_2", "volume": 0.02}
[2026-09-24 21:42:33.225] [M] {"button": 1, "pos": [391, 183], "ui_clicked": false}
[2026-09-24 21:42:33.233] [P] {"start": [117, 52], "goal": [122, 52], "length": 1, "is_direction_change": false}
[2026-09-24 21:42:33.234] [SFX] {"sound": "click_target", "volume": 0.68}
[2026-09-24 21:42:33.387] [SFX] {"sound": "player_move", "volume": 0.4}
[2026-09-24 21:42:33.411] [SFX] {"sound": "civ_move_1", "volume": 0.0}
[2026-09-24 21:42:33.454] [M] {"button": 1, "pos": [391, 183], "ui_clicked": false}
[2026-09-24 21:42:33.462] [P] {"start": [121, 52], "goal": [126, 52], "length": 1, "is_direction_change": false}
[2026-09-24 21:42:33.462] [SFX] {"sound": "click_target", "volume": 0.69}
[2026-09-24 21:42:33.504] [SFX] {"sound": "civ_move_2", "volume": 0.01}
[2026-09-24 21:42:33.505] [SFX] {"sound": "civ_move_2", "volume": 0.03}
[2026-09-24 21:42:33.570] [SFX] {"sound": "civ_move_2", "volume": 0.07}
[2026-09-24 21:42:33.684] [M] {"button": 1, "pos": [391, 183], "ui_clicked": false}
[2026-09-24 21:42:33.692] [P] {"start": [126, 52], "goal": [131, 52], "length": 1, "is_direction_change": false}
[2026-09-24 21:42:33.692] [SFX] {"sound": "click_target", "volume": 0.69}
[2026-09-24 21:42:33.734] [SFX] {"sound": "player_move", "volume": 0.4}
[2026-09-24 21:42:33.880] [M] {"button": 1, "pos": [391, 183], "ui_clicked": false}
[2026-09-24 21:42:33.887] [P] {"start": [129, 52], "goal": [135, 52], "length": 1, "is_direction_change": false}
[2026-09-24 21:42:33.887] [SFX] {"sound": "click_target", "volume": 0.69}
[2026-09-24 21:42:33.919] [SFX] {"sound": "civ_move_2", "volume": 0.08}
[2026-09-24 21:42:33.920] [SFX] {"sound": "civ_move_2", "volume": 0.04}
[2026-09-24 21:42:33.970] [SFX] {"sound": "civ_move_2", "volume": 0.11}
[2026-09-24 21:42:34.035] [SFX] {"sound": "player_move", "volume": 0.4}
[2026-09-24 21:42:34.100] [M] {"button": 1, "pos": [391, 183], "ui_clicked": false}
[2026-09-24 21:42:34.107] [P] {"start": [133, 52], "goal": [139, 52], "length": 1, "is_direction_change": false}
[2026-09-24 21:42:34.108] [SFX] {"sound": "click_target", "volume": 0.69}
[2026-09-24 21:42:34.298] [M] {"button": 1, "pos": [391, 183], "ui_clicked": false}
[2026-09-24 21:42:34.306] [P] {"start": [137, 52], "goal": [143, 52], "length": 1, "is_direction_change": false}
[2026-09-24 21:42:34.307] [SFX] {"sound": "click_target", "volume": 0.7}
[2026-09-24 21:42:34.333] [SFX] {"sound": "civ_move_2", "volume": 0.12}
[2026-09-24 21:42:34.357] [SFX] {"sound": "player_move", "volume": 0.4}
[2026-09-24 21:42:34.383] [SFX] {"sound": "civ_move_2", "volume": 0.16}
[2026-09-24 21:42:34.734] [SFX] {"sound": "civ_move_2", "volume": 0.15}
[2026-09-24 21:42:34.734] [SFX] {"sound": "civ_move_2", "volume": 0.16}
[2026-09-24 21:42:34.784] [SFX] {"sound": "civ_move_2", "volume": 0.19}
[2026-09-24 21:42:35.076] [M] {"button": 1, "pos": [391, 184], "ui_clicked": false}
[2026-09-24 21:42:35.084] [P] {"start": [143, 52], "goal": [151, 52], "length": 1, "is_direction_change": false}
[2026-09-24 21:42:35.084] [SFX] {"sound": "click_target", "volume": 0.63}
[2026-09-24 21:42:35.137] [SFX] {"sound": "civ_move_2", "volume": 0.17}
[2026-09-24 21:42:35.138] [SFX] {"sound": "civ_move_2", "volume": 0.18}
[2026-09-24 21:42:35.188] [SFX] {"sound": "civ_move_2", "volume": 0.2}
[2026-09-24 21:42:35.209] [SFX] {"sound": "player_move", "volume": 0.4}
[2026-09-24 21:42:35.487] [M] {"button": 1, "pos": [391, 184], "ui_clicked": false}
[2026-09-24 21:42:35.499] [P] {"start": [151, 52], "goal": [156, 52], "length": 1, "is_direction_change": false}
[2026-09-24 21:42:35.499] [SFX] {"sound": "click_target", "volume": 0.68}
[2026-09-24 21:42:35.528] [SFX] {"sound": "player_move", "volume": 0.4}
[2026-09-24 21:42:35.551] [SFX] {"sound": "civ_move_2", "volume": 0.21}
[2026-09-24 21:42:35.551] [SFX] {"sound": "civ_move_2", "volume": 0.25}
[2026-09-24 21:42:35.675] [SFX] {"sound": "guardian_move", "volume": 0.01}
[2026-09-24 21:42:35.707] [C] {"civ_pos": [157, 52]}
[2026-09-24 21:42:35.907] [M] {"button": 1, "pos": [391, 184], "ui_clicked": false}
[2026-09-24 21:42:35.913] [P] {"start": [156, 52], "goal": [163, 52], "length": 1, "is_direction_change": false}
[2026-09-24 21:42:35.914] [SFX] {"sound": "click_target", "volume": 0.65}
[2026-09-24 21:42:35.958] [SFX] {"sound": "civ_move_2", "volume": 0.2}
[2026-09-24 21:42:35.959] [SFX] {"sound": "civ_move_2", "volume": 0.3}
[2026-09-24 21:42:36.008] [SFX] {"sound": "civ_move_2", "volume": 0.25}
[2026-09-24 21:42:36.030] [SFX] {"sound": "player_move", "volume": 0.4}
[2026-09-24 21:42:36.091] [SFX] {"sound": "civ_move_2", "volume": 0.04}
[2026-09-24 21:42:36.289] [SFX] {"sound": "guardian_move", "volume": 0.02}
[2026-09-24 21:42:36.313] [SFX] {"sound": "civ_move_2", "volume": 0.02}
[2026-09-24 21:42:36.337] [M] {"button": 1, "pos": [390, 184], "ui_clicked": false}
[2026-09-24 21:42:36.344] [P] {"start": [163, 52], "goal": [169, 52], "length": 1, "is_direction_change": false}
[2026-09-24 21:42:36.345] [SFX] {"sound": "click_target", "volume": 0.67}
[2026-09-24 21:42:36.383] [SFX] {"sound": "civ_move_2", "volume": 0.16}
[2026-09-24 21:42:36.384] [SFX] {"sound": "civ_move_2", "volume": 0.23}
[2026-09-24 21:42:36.417] [SFX] {"sound": "player_move", "volume": 0.4}
[2026-09-24 21:42:36.418] [SFX] {"sound": "civ_move_2", "volume": 0.22}
[2026-09-24 21:42:36.498] [SFX] {"sound": "civ_move_2", "volume": 0.05}
[2026-09-24 21:42:36.714] [SFX] {"sound": "civ_move_2", "volume": 0.04}
[2026-09-24 21:42:36.779] [M] {"button": 1, "pos": [390, 184], "ui_clicked": false}
[2026-09-24 21:42:36.786] [P] {"start": [169, 52], "goal": [176, 52], "length": 1, "is_direction_change": false}
[2026-09-24 21:42:36.786] [SFX] {"sound": "click_target", "volume": 0.66}
[2026-09-24 21:42:36.820] [SFX] {"sound": "civ_move_2", "volume": 0.13}
[2026-09-24 21:42:36.822] [SFX] {"sound": "civ_move_2", "volume": 0.18}
[2026-09-24 21:42:36.835] [SFX] {"sound": "civ_move_2", "volume": 0.2}
[2026-09-24 21:42:36.863] [SFX] {"sound": "civ_move_1", "volume": 0.03}
[2026-09-24 21:42:36.886] [SFX] {"sound": "player_move", "volume": 0.4}
[2026-09-24 21:42:36.901] [SFX] {"sound": "guardian_move", "volume": 0.0}
[2026-09-24 21:42:36.918] [SFX] {"sound": "civ_move_2", "volume": 0.06}
[2026-09-24 21:42:37.193] [M] {"button": 1, "pos": [390, 184], "ui_clicked": false}
[2026-09-24 21:42:37.199] [P] {"start": [176, 52], "goal": [182, 52], "length": 1, "is_direction_change": false}
[2026-09-24 21:42:37.200] [SFX] {"sound": "click_target", "volume": 0.67}
[2026-09-24 21:42:37.233] [SFX] {"sound": "civ_move_1", "volume": 0.02}
[2026-09-24 21:42:37.234] [SFX] {"sound": "civ_move_2", "volume": 0.09}
[2026-09-24 21:42:37.235] [SFX] {"sound": "civ_move_2", "volume": 0.12}
[2026-09-24 21:42:37.248] [SFX] {"sound": "civ_move_2", "volume": 0.17}
[2026-09-24 21:42:37.262] [SFX] {"sound": "player_move", "volume": 0.4}
[2026-09-24 21:42:37.280] [SFX] {"sound": "civ_move_1", "volume": 0.09}
[2026-09-24 21:42:37.324] [SFX] {"sound": "civ_move_2", "volume": 0.05}
[2026-09-24 21:42:37.542] [SFX] {"sound": "civ_move_2", "volume": 0.06}
[2026-09-24 21:42:37.623] [SFX] {"sound": "civ_move_2", "volume": 0.02}
[2026-09-24 21:42:37.624] [SFX] {"sound": "civ_move_1", "volume": 0.05}
[2026-09-24 21:42:37.624] [SFX] {"sound": "civ_move_2", "volume": 0.05}
[2026-09-24 21:42:37.625] [SFX] {"sound": "civ_move_2", "volume": 0.06}
[2026-09-24 21:42:37.655] [SFX] {"sound": "civ_move_2", "volume": 0.15}
[2026-09-24 21:42:37.689] [SFX] {"sound": "civ_move_1", "volume": 0.13}
[2026-09-24 21:42:37.740] [SFX] {"sound": "civ_move_2", "volume": 0.04}
[2026-09-24 21:42:37.837] [M] {"button": 1, "pos": [277, 154], "ui_clicked": false}
[2026-09-24 21:42:37.951] [SFX] {"sound": "civ_move_2", "volume": 0.06}
[2026-09-24 21:42:38.034] [SFX] {"sound": "civ_move_2", "volume": 0.02}
[2026-09-24 21:42:38.035] [SFX] {"sound": "civ_move_1", "volume": 0.06}
[2026-09-24 21:42:38.035] [SFX] {"sound": "civ_move_2", "volume": 0.05}
[2026-09-24 21:42:38.067] [SFX] {"sound": "civ_move_2", "volume": 0.16}
[2026-09-24 21:42:38.099] [SFX] {"sound": "civ_move_1", "volume": 0.14}
[2026-09-24 21:42:38.150] [SFX] {"sound": "civ_move_2", "volume": 0.04}
[2026-09-24 21:42:38.366] [SFX] {"sound": "civ_move_2", "volume": 0.06}
[2026-09-24 21:42:38.433] [SFX] {"sound": "civ_move_2", "volume": 0.01}
[2026-09-24 21:42:38.434] [SFX] {"sound": "civ_move_1", "volume": 0.06}
[2026-09-24 21:42:38.435] [SFX] {"sound": "civ_move_2", "volume": 0.04}
[2026-09-24 21:42:38.482] [SFX] {"sound": "civ_move_2", "volume": 0.17}
[2026-09-24 21:42:38.514] [SFX] {"sound": "civ_move_1", "volume": 0.16}
[2026-09-24 21:42:38.564] [SFX] {"sound": "civ_move_2", "volume": 0.03}
[2026-09-24 21:42:38.778] [SFX] {"sound": "civ_move_2", "volume": 0.05}
[2026-09-24 21:42:38.779] [SFX] {"sound": "civ_move_2", "volume": 0.01}
[2026-09-24 21:42:38.842] [SFX] {"sound": "civ_move_1", "volume": 0.06}
[2026-09-24 21:42:38.843] [SFX] {"sound": "civ_move_2", "volume": 0.04}
[2026-09-24 21:42:38.844] [SFX] {"sound": "civ_move_2", "volume": 0.02}
[2026-09-24 21:42:38.892] [M] {"button": 1, "pos": [185, 157], "ui_clicked": false}
[2026-09-24 21:42:38.898] [SFX] {"sound": "civ_move_2", "volume": 0.18}
[2026-09-24 21:42:38.926] [SFX] {"sound": "civ_move_1", "volume": 0.17}
[2026-09-24 21:42:38.974] [SFX] {"sound": "civ_move_2", "volume": 0.03}
[2026-09-24 21:42:39.189] [SFX] {"sound": "civ_move_2", "volume": 0.05}
[2026-09-24 21:42:39.190] [SFX] {"sound": "civ_move_2", "volume": 0.01}
[2026-09-24 21:42:39.254] [SFX] {"sound": "civ_move_1", "volume": 0.07}
[2026-09-24 21:42:39.254] [SFX] {"sound": "civ_move_2", "volume": 0.03}
[2026-09-24 21:42:39.255] [SFX] {"sound": "civ_move_2", "volume": 0.01}
[2026-09-24 21:42:39.287] [M] {"button": 1, "pos": [154, 156], "ui_clicked": false}
[2026-09-24 21:42:39.304] [SFX] {"sound": "civ_move_2", "volume": 0.19}
[2026-09-24 21:42:39.336] [SFX] {"sound": "civ_move_1", "volume": 0.18}
[2026-09-24 21:42:39.378] [SFX] {"sound": "civ_move_2", "volume": 0.02}
[2026-09-24 21:42:39.601] [M] {"button": 1, "pos": [166, 156], "ui_clicked": false}
[2026-09-24 21:42:39.611] [SFX] {"sound": "civ_move_2", "volume": 0.05}
[2026-09-24 21:42:39.612] [SFX] {"sound": "civ_move_2", "volume": 0.02}
[2026-09-24 21:42:39.612] [P] {"start": [182, 52], "goal": [162, 49], "length": 4, "is_direction_change": false}
[2026-09-24 21:42:39.613] [SFX] {"sound": "click_target", "volume": 0.51}
[2026-09-24 21:42:39.654] [SFX] {"sound": "civ_move_1", "volume": 0.06}
[2026-09-24 21:42:39.654] [SFX] {"sound": "civ_move_2", "volume": 0.04}
[2026-09-24 21:42:39.656] [SFX] {"sound": "civ_move_2", "volume": 0.01}
[2026-09-24 21:42:39.674] [SFX] {"sound": "player_move", "volume": 0.4}
[2026-09-24 21:42:39.719] [SFX] {"sound": "civ_move_2", "volume": 0.22}
[2026-09-24 21:42:39.741] [SFX] {"sound": "civ_move_1", "volume": 0.17}
[2026-09-24 21:42:39.786] [SFX] {"sound": "civ_move_2", "volume": 0.03}
[2026-09-24 21:42:39.984] [SFX] {"sound": "player_move", "volume": 0.4}
[2026-09-24 21:42:40.009] [SFX] {"sound": "civ_move_2", "volume": 0.06}
[2026-09-24 21:42:40.068] [SFX] {"sound": "civ_move_1", "volume": 0.01}
[2026-09-24 21:42:40.068] [SFX] {"sound": "civ_move_2", "volume": 0.07}
[2026-09-24 21:42:40.069] [SFX] {"sound": "civ_move_2", "volume": 0.06}
[2026-09-24 21:42:40.133] [SFX] {"sound": "civ_move_2", "volume": 0.24}
[2026-09-24 21:42:40.156] [SFX] {"sound": "civ_move_1", "volume": 0.12}
[2026-09-24 21:42:40.199] [SFX] {"sound": "civ_move_2", "volume": 0.05}
[2026-09-24 21:42:40.298] [SFX] {"sound": "player_move", "volume": 0.4}
[2026-09-24 21:42:40.414] [SFX] {"sound": "civ_move_2", "volume": 0.06}
[2026-09-24 21:42:40.480] [SFX] {"sound": "civ_move_2", "volume": 0.09}
[2026-09-24 21:42:40.481] [SFX] {"sound": "civ_move_2", "volume": 0.11}
[2026-09-24 21:42:40.546] [SFX] {"sound": "civ_move_2", "volume": 0.19}
[2026-09-24 21:42:40.568] [SFX] {"sound": "civ_move_1", "volume": 0.08}
[2026-09-24 21:42:40.610] [SFX] {"sound": "player_move", "volume": 0.4}
[2026-09-24 21:42:40.610] [SFX] {"sound": "civ_move_2", "volume": 0.06}
[2026-09-24 21:42:40.825] [SFX] {"sound": "civ_move_2", "volume": 0.05}
[2026-09-24 21:42:40.890] [SFX] {"sound": "civ_move_2", "volume": 0.08}
[2026-09-24 21:42:40.891] [SFX] {"sound": "civ_move_2", "volume": 0.11}
[2026-09-24 21:42:40.923] [SFX] {"sound": "player_move", "volume": 0.4}
[2026-09-24 21:42:40.965] [SFX] {"sound": "civ_move_2", "volume": 0.16}
[2026-09-24 21:42:40.980] [SFX] {"sound": "civ_move_1", "volume": 0.07}
[2026-09-24 21:42:41.025] [SFX] {"sound": "civ_move_2", "volume": 0.05}
[2026-09-24 21:42:41.226] [SFX] {"sound": "civ_move_2", "volume": 0.04}
[2026-09-24 21:42:41.292] [SFX] {"sound": "civ_move_2", "volume": 0.06}
[2026-09-24 21:42:41.292] [SFX] {"sound": "civ_move_2", "volume": 0.08}
[2026-09-24 21:42:41.357] [SFX] {"sound": "civ_move_2", "volume": 0.17}
[2026-09-24 21:42:41.390] [SFX] {"sound": "civ_move_1", "volume": 0.1}
[2026-09-24 21:42:41.439] [SFX] {"sound": "civ_move_2", "volume": 0.04}
[2026-09-24 21:42:41.700] [SFX] {"sound": "civ_move_2", "volume": 0.05}
[2026-09-24 21:42:41.701] [SFX] {"sound": "civ_move_2", "volume": 0.07}
[2026-09-24 21:42:41.766] [SFX] {"sound": "civ_move_2", "volume": 0.16}
[2026-09-24 21:42:41.798] [SFX] {"sound": "civ_move_1", "volume": 0.11}
[2026-09-24 21:42:41.847] [SFX] {"sound": "civ_move_2", "volume": 0.03}
[2026-09-24 21:42:42.042] [SFX] {"sound": "civ_move_2", "volume": 0.04}
[2026-09-24 21:42:42.108] [SFX] {"sound": "civ_move_2", "volume": 0.06}
[2026-09-24 21:42:42.174] [SFX] {"sound": "civ_move_2", "volume": 0.15}
[2026-09-24 21:42:42.207] [SFX] {"sound": "civ_move_1", "volume": 0.13}
[2026-09-24 21:42:42.254] [SFX] {"sound": "civ_move_2", "volume": 0.04}
[2026-09-24 21:42:42.371] [M] {"button": 1, "pos": [328, 162], "ui_clicked": false}
[2026-09-24 21:42:42.377] [P] {"start": [162, 49], "goal": [162, 46], "length": 8, "is_direction_change": false}
[2026-09-24 21:42:42.378] [SFX] {"sound": "click_target", "volume": 0.94}
[2026-09-24 21:42:42.439] [SFX] {"sound": "player_move", "volume": 0.4}
[2026-09-24 21:42:42.460] [SFX] {"sound": "civ_move_2", "volume": 0.04}
[2026-09-24 21:42:42.519] [SFX] {"sound": "civ_move_2", "volume": 0.03}
[2026-09-24 21:42:42.520] [SFX] {"sound": "civ_move_2", "volume": 0.06}
[2026-09-24 21:42:42.585] [SFX] {"sound": "civ_move_2", "volume": 0.11}
[2026-09-24 21:42:42.617] [SFX] {"sound": "civ_move_1", "volume": 0.11}
[2026-09-24 21:42:42.667] [SFX] {"sound": "civ_move_2", "volume": 0.04}
[2026-09-24 21:42:42.749] [SFX] {"sound": "player_move", "volume": 0.4}
[2026-09-24 21:42:42.866] [SFX] {"sound": "civ_move_2", "volume": 0.02}
[2026-09-24 21:42:42.932] [SFX] {"sound": "civ_move_2", "volume": 0.01}
[2026-09-24 21:42:42.933] [SFX] {"sound": "civ_move_2", "volume": 0.05}
[2026-09-24 21:42:42.998] [SFX] {"sound": "guardian_move", "volume": 0.01}
[2026-09-24 21:42:42.998] [SFX] {"sound": "civ_move_2", "volume": 0.12}
[2026-09-24 21:42:43.031] [SFX] {"sound": "civ_move_1", "volume": 0.15}
[2026-09-24 21:42:43.063] [SFX] {"sound": "player_move", "volume": 0.4}
[2026-09-24 21:42:43.085] [SFX] {"sound": "civ_move_2", "volume": 0.03}
[2026-09-24 21:42:43.277] [SFX] {"sound": "civ_move_2", "volume": 0.02}
[2026-09-24 21:42:43.343] [SFX] {"sound": "civ_move_2", "volume": 0.01}
[2026-09-24 21:42:43.344] [SFX] {"sound": "civ_move_2", "volume": 0.02}
[2026-09-24 21:42:43.375] [SFX] {"sound": "player_move", "volume": 0.4}
[2026-09-24 21:42:43.407] [SFX] {"sound": "civ_move_2", "volume": 0.12}
[2026-09-24 21:42:43.442] [SFX] {"sound": "civ_move_1", "volume": 0.17}
[2026-09-24 21:42:43.489] [SFX] {"sound": "civ_move_2", "volume": 0.05}
[2026-09-24 21:42:43.688] [SFX] {"sound": "civ_move_2", "volume": 0.02}
[2026-09-24 21:42:43.757] [SFX] {"sound": "civ_move_2", "volume": 0.01}
[2026-09-24 21:42:43.759] [SFX] {"sound": "civ_move_2", "volume": 0.02}
[2026-09-24 21:42:43.823] [SFX] {"sound": "civ_move_2", "volume": 0.1}
[2026-09-24 21:42:43.855] [SFX] {"sound": "civ_move_1", "volume": 0.18}
[2026-09-24 21:42:43.890] [SFX] {"sound": "civ_move_2", "volume": 0.06}
[2026-09-24 21:42:44.099] [SFX] {"sound": "civ_move_2", "volume": 0.02}
[2026-09-24 21:42:44.167] [SFX] {"sound": "civ_move_2", "volume": 0.0}
[2026-09-24 21:42:44.168] [SFX] {"sound": "civ_move_2", "volume": 0.01}
[2026-09-24 21:42:44.232] [SFX] {"sound": "civ_move_2", "volume": 0.09}
[2026-09-24 21:42:44.265] [SFX] {"sound": "civ_move_1", "volume": 0.19}
[2026-09-24 21:42:44.298] [SFX] {"sound": "civ_move_2", "volume": 0.07}
[2026-09-24 21:42:44.509] [SFX] {"sound": "civ_move_2", "volume": 0.02}
[2026-09-24 21:42:44.625] [M] {"button": 1, "pos": [275, 150], "ui_clicked": false}
[2026-09-24 21:42:44.632] [P] {"start": [162, 46], "goal": [156, 42], "length": 5, "is_direction_change": false}
[2026-09-24 21:42:44.633] [SFX] {"sound": "click_target", "volume": 0.83}
[2026-09-24 21:42:44.666] [SFX] {"sound": "civ_move_2", "volume": 0.08}
[2026-09-24 21:42:44.678] [SFX] {"sound": "civ_move_1", "volume": 0.21}
[2026-09-24 21:42:44.706] [SFX] {"sound": "civ_move_2", "volume": 0.07}
[2026-09-24 21:42:44.905] [SFX] {"sound": "player_move", "volume": 0.4}
[2026-09-24 21:42:44.927] [SFX] {"sound": "civ_move_2", "volume": 0.0}
[2026-09-24 21:42:45.049] [SFX] {"sound": "civ_move_2", "volume": 0.05}
[2026-09-24 21:42:45.083] [SFX] {"sound": "civ_move_1", "volume": 0.2}
[2026-09-24 21:42:45.115] [SFX] {"sound": "civ_move_2", "volume": 0.08}
[2026-09-24 21:42:45.137] [SFX] {"sound": "civ_move_1", "volume": 0.1}
[2026-09-24 21:42:45.213] [SFX] {"sound": "player_move", "volume": 0.4}
[2026-09-24 21:42:45.395] [SFX] {"sound": "civ_move_2", "volume": 0.01}
[2026-09-24 21:42:45.428] [SFX] {"sound": "civ_move_1", "volume": 0.18}
[2026-09-24 21:42:45.462] [SFX] {"sound": "civ_move_2", "volume": 0.01}
[2026-09-24 21:42:45.495] [SFX] {"sound": "civ_move_1", "volume": 0.15}
[2026-09-24 21:42:45.528] [SFX] {"sound": "civ_move_2", "volume": 0.08}
[2026-09-24 21:42:45.548] [SFX] {"sound": "civ_move_1", "volume": 0.11}
[2026-09-24 21:42:45.839] [SFX] {"sound": "civ_move_1", "volume": 0.18}
[2026-09-24 21:42:45.907] [SFX] {"sound": "civ_move_1", "volume": 0.16}
[2026-09-24 21:42:45.939] [SFX] {"sound": "civ_move_2", "volume": 0.09}
[2026-09-24 21:42:45.963] [SFX] {"sound": "civ_move_1", "volume": 0.12}
[2026-09-24 21:42:46.205] [M] {"button": 1, "pos": [321, 234], "ui_clicked": false}
[2026-09-24 21:42:46.212] [P] {"start": [156, 42], "goal": [156, 48], "length": 4, "is_direction_change": false}
[2026-09-24 21:42:46.212] [SFX] {"sound": "click_target", "volume": 0.66}
[2026-09-24 21:42:46.253] [SFX] {"sound": "civ_move_1", "volume": 0.19}
[2026-09-24 21:42:46.319] [SFX] {"sound": "civ_move_1", "volume": 0.15}
[2026-09-24 21:42:46.352] [SFX] {"sound": "player_move", "volume": 0.4}
[2026-09-24 21:42:46.353] [SFX] {"sound": "civ_move_2", "volume": 0.11}
[2026-09-24 21:42:46.374] [SFX] {"sound": "civ_move_1", "volume": 0.14}
[2026-09-24 21:42:46.515] [SFX] {"sound": "civ_move_1", "volume": 0.0}
[2026-09-24 21:42:46.565] [SFX] {"sound": "civ_move_2", "volume": 0.0}
[2026-09-24 21:42:46.615] [SFX] {"sound": "civ_move_2", "volume": 0.01}
[2026-09-24 21:42:46.665] [SFX] {"sound": "player_move", "volume": 0.4}
[2026-09-24 21:42:46.666] [SFX] {"sound": "civ_move_1", "volume": 0.21}
[2026-09-24 21:42:46.732] [SFX] {"sound": "civ_move_1", "volume": 0.22}
[2026-09-24 21:42:46.765] [SFX] {"sound": "civ_move_2", "volume": 0.15}
[2026-09-24 21:42:46.789] [SFX] {"sound": "civ_move_1", "volume": 0.15}
[2026-09-24 21:42:46.931] [SFX] {"sound": "civ_move_1", "volume": 0.03}
[2026-09-24 21:42:46.953] [SFX] {"sound": "guardian_move", "volume": 0.0}
[2026-09-24 21:42:46.979] [SFX] {"sound": "civ_move_2", "volume": 0.02}
[2026-09-24 21:42:47.029] [SFX] {"sound": "civ_move_2", "volume": 0.01}
[2026-09-24 21:42:47.077] [SFX] {"sound": "civ_move_1", "volume": 0.21}
[2026-09-24 21:42:47.143] [SFX] {"sound": "civ_move_1", "volume": 0.23}
[2026-09-24 21:42:47.176] [SFX] {"sound": "civ_move_2", "volume": 0.16}
[2026-09-24 21:42:47.200] [SFX] {"sound": "civ_move_1", "volume": 0.15}
[2026-09-24 21:42:47.228] [M] {"button": 1, "pos": [251, 225], "ui_clicked": false}
[2026-09-24 21:42:47.343] [SFX] {"sound": "civ_move_1", "volume": 0.03}
[2026-09-24 21:42:47.391] [SFX] {"sound": "civ_move_2", "volume": 0.02}
[2026-09-24 21:42:47.440] [SFX] {"sound": "civ_move_2", "volume": 0.03}
[2026-09-24 21:42:47.441] [SFX] {"sound": "civ_move_2", "volume": 0.0}
[2026-09-24 21:42:47.506] [SFX] {"sound": "civ_move_1", "volume": 0.21}
[2026-09-24 21:42:47.553] [SFX] {"sound": "guardian_move", "volume": 0.01}
[2026-09-24 21:42:47.554] [SFX] {"sound": "civ_move_1", "volume": 0.24}
[2026-09-24 21:42:47.587] [SFX] {"sound": "civ_move_2", "volume": 0.17}
[2026-09-24 21:42:47.609] [SFX] {"sound": "civ_move_1", "volume": 0.15}
[2026-09-24 21:42:47.683] [M] {"button": 1, "pos": [256, 214], "ui_clicked": false}
[2026-09-24 21:42:47.690] [P] {"start": [156, 48], "goal": [147, 52], "length": 4, "is_direction_change": false}
[2026-09-24 21:42:47.691] [SFX] {"sound": "click_target", "volume": 0.62}
[2026-09-24 21:42:47.753] [SFX] {"sound": "civ_move_1", "volume": 0.04}
[2026-09-24 21:42:47.804] [SFX] {"sound": "civ_move_2", "volume": 0.03}
[2026-09-24 21:42:47.852] [SFX] {"sound": "civ_move_2", "volume": 0.0}
[2026-09-24 21:42:47.853] [C] {"civ_pos": [158, 50]}
[2026-09-24 21:42:47.907] [SFX] {"sound": "player_move", "volume": 0.4}
[2026-09-24 21:42:47.907] [SFX] {"sound": "civ_move_1", "volume": 0.24}
[2026-09-24 21:42:47.988] [SFX] {"sound": "civ_move_2", "volume": 0.19}
[2026-09-24 21:42:48.010] [SFX] {"sound": "civ_move_1", "volume": 0.15}
[2026-09-24 21:42:48.086] [SFX] {"sound": "civ_move_1", "volume": 0.02}
[2026-09-24 21:42:48.154] [SFX] {"sound": "guardian_move", "volume": 0.05}
[2026-09-24 21:42:48.155] [SFX] {"sound": "civ_move_1", "volume": 0.06}
[2026-09-24 21:42:48.204] [SFX] {"sound": "civ_move_2", "volume": 0.04}
[2026-09-24 21:42:48.225] [SFX] {"sound": "player_move", "volume": 0.4}
[2026-09-24 21:42:48.252] [SFX] {"sound": "civ_move_2", "volume": 0.08}
[2026-09-24 21:42:48.253] [SFX] {"sound": "civ_move_2", "volume": 0.02}
[2026-09-24 21:42:48.319] [SFX] {"sound": "civ_move_1", "volume": 0.25}
[2026-09-24 21:42:48.369] [SFX] {"sound": "civ_move_1", "volume": 0.21}
[2026-09-24 21:42:48.401] [SFX] {"sound": "civ_move_2", "volume": 0.21}
[2026-09-24 21:42:48.424] [SFX] {"sound": "civ_move_1", "volume": 0.21}
[2026-09-24 21:42:48.500] [SFX] {"sound": "civ_move_1", "volume": 0.05}
[2026-09-24 21:42:48.534] [SFX] {"sound": "player_move", "volume": 0.4}
[2026-09-24 21:42:48.568] [SFX] {"sound": "civ_move_1", "volume": 0.06}
[2026-09-24 21:42:48.601] [SFX] {"sound": "civ_move_1", "volume": 0.07}
[2026-09-24 21:42:48.622] [SFX] {"sound": "civ_move_2", "volume": 0.05}
[2026-09-24 21:42:48.668] [SFX] {"sound": "civ_move_2", "volume": 0.14}
[2026-09-24 21:42:48.668] [SFX] {"sound": "civ_move_2", "volume": 0.03}
[2026-09-24 21:42:48.734] [SFX] {"sound": "civ_move_1", "volume": 0.21}
[2026-09-24 21:42:48.767] [SFX] {"sound": "guardian_move", "volume": 0.08}
[2026-09-24 21:42:48.789] [SFX] {"sound": "civ_move_1", "volume": 0.19}
[2026-09-24 21:42:48.818] [SFX] {"sound": "civ_move_2", "volume": 0.2}
[2026-09-24 21:42:48.819] [SFX] {"sound": "civ_move_1", "volume": 0.23}
[2026-09-24 21:42:48.917] [SFX] {"sound": "civ_move_1", "volume": 0.05}
[2026-09-24 21:42:48.967] [SFX] {"sound": "civ_move_1", "volume": 0.06}
[2026-09-24 21:42:49.001] [SFX] {"sound": "civ_move_1", "volume": 0.08}
[2026-09-24 21:42:49.024] [SFX] {"sound": "civ_move_2", "volume": 0.05}
[2026-09-24 21:42:49.067] [SFX] {"sound": "civ_move_2", "volume": 0.15}
[2026-09-24 21:42:49.068] [SFX] {"sound": "civ_move_2", "volume": 0.03}
[2026-09-24 21:42:49.135] [SFX] {"sound": "civ_move_1", "volume": 0.21}
[2026-09-24 21:42:49.185] [SFX] {"sound": "civ_move_1", "volume": 0.2}
[2026-09-24 21:42:49.233] [SFX] {"sound": "civ_move_2", "volume": 0.19}
[2026-09-24 21:42:49.233] [SFX] {"sound": "civ_move_1", "volume": 0.22}
[2026-09-24 21:42:49.331] [SFX] {"sound": "civ_move_1", "volume": 0.06}
[2026-09-24 21:42:49.382] [SFX] {"sound": "guardian_move", "volume": 0.08}
[2026-09-24 21:42:49.383] [SFX] {"sound": "civ_move_1", "volume": 0.05}
[2026-09-24 21:42:49.415] [SFX] {"sound": "civ_move_1", "volume": 0.09}
[2026-09-24 21:42:49.437] [SFX] {"sound": "civ_move_2", "volume": 0.05}
[2026-09-24 21:42:49.481] [SFX] {"sound": "civ_move_2", "volume": 0.17}
[2026-09-24 21:42:49.482] [SFX] {"sound": "civ_move_2", "volume": 0.02}
[2026-09-24 21:42:49.546] [SFX] {"sound": "civ_move_1", "volume": 0.2}
[2026-09-24 21:42:49.596] [SFX] {"sound": "civ_move_1", "volume": 0.21}
[2026-09-24 21:42:49.645] [SFX] {"sound": "civ_move_2", "volume": 0.18}
[2026-09-24 21:42:49.646] [SFX] {"sound": "civ_move_1", "volume": 0.22}
[2026-09-24 21:42:49.746] [SFX] {"sound": "civ_move_1", "volume": 0.06}
[2026-09-24 21:42:49.794] [SFX] {"sound": "civ_move_1", "volume": 0.05}
[2026-09-24 21:42:49.828] [SFX] {"sound": "civ_move_1", "volume": 0.1}
[2026-09-24 21:42:49.845] [M] {"button": 1, "pos": [391, 225], "ui_clicked": false}
[2026-09-24 21:42:49.851] [SFX] {"sound": "civ_move_2", "volume": 0.04}
[2026-09-24 21:42:49.893] [SFX] {"sound": "civ_move_2", "volume": 0.18}
[2026-09-24 21:42:49.894] [SFX] {"sound": "civ_move_2", "volume": 0.02}
[2026-09-24 21:42:49.960] [SFX] {"sound": "civ_move_1", "volume": 0.19}
[2026-09-24 21:42:49.993] [SFX] {"sound": "guardian_move", "volume": 0.08}
[2026-09-24 21:42:50.015] [SFX] {"sound": "civ_move_1", "volume": 0.21}
[2026-09-24 21:42:50.060] [SFX] {"sound": "civ_move_2", "volume": 0.17}
[2026-09-24 21:42:50.060] [SFX] {"sound": "civ_move_1", "volume": 0.21}
[2026-09-24 21:42:50.157] [SFX] {"sound": "civ_move_1", "volume": 0.06}
[2026-09-24 21:42:50.208] [SFX] {"sound": "civ_move_1", "volume": 0.05}
[2026-09-24 21:42:50.240] [SFX] {"sound": "civ_move_1", "volume": 0.12}
[2026-09-24 21:42:50.262] [SFX] {"sound": "civ_move_2", "volume": 0.04}
[2026-09-24 21:42:50.288] [M] {"button": 1, "pos": [392, 220], "ui_clicked": false}
[2026-09-24 21:42:50.296] [P] {"start": [147, 52], "goal": [156, 56], "length": 3, "is_direction_change": false}
[2026-09-24 21:42:50.297] [SFX] {"sound": "click_target", "volume": 0.59}
[2026-09-24 21:42:50.316] [SFX] {"sound": "civ_move_2", "volume": 0.19}
[2026-09-24 21:42:50.317] [SFX] {"sound": "civ_move_2", "volume": 0.01}
[2026-09-24 21:42:50.374] [SFX] {"sound": "civ_move_1", "volume": 0.19}
[2026-09-24 21:42:50.425] [SFX] {"sound": "civ_move_1", "volume": 0.24}
[2026-09-24 21:42:50.475] [SFX] {"sound": "civ_move_2", "volume": 0.19}
[2026-09-24 21:42:50.476] [SFX] {"sound": "civ_move_1", "volume": 0.21}
[2026-09-24 21:42:50.559] [SFX] {"sound": "civ_move_1", "volume": 0.05}
[2026-09-24 21:42:50.582] [SFX] {"sound": "player_move", "volume": 0.4}
[2026-09-24 21:42:50.608] [SFX] {"sound": "guardian_move", "volume": 0.08}
[2026-09-24 21:42:50.609] [SFX] {"sound": "civ_move_1", "volume": 0.06}
[2026-09-24 21:42:50.642] [SFX] {"sound": "civ_move_1", "volume": 0.07}
[2026-09-24 21:42:50.663] [SFX] {"sound": "civ_move_2", "volume": 0.01}
[2026-09-24 21:42:50.664] [SFX] {"sound": "civ_move_2", "volume": 0.07}
[2026-09-24 21:42:50.709] [SFX] {"sound": "civ_move_2", "volume": 0.14}
[2026-09-24 21:42:50.777] [SFX] {"sound": "civ_move_1", "volume": 0.23}
[2026-09-24 21:42:50.777] [C] {"civ_pos": [158, 52]}
[2026-09-24 21:42:50.828] [SFX] {"sound": "civ_move_1", "volume": 0.3}
[2026-09-24 21:42:50.877] [SFX] {"sound": "player_move", "volume": 0.4}
[2026-09-24 21:42:50.878] [SFX] {"sound": "civ_move_2", "volume": 0.3}
[2026-09-24 21:42:50.879] [SFX] {"sound": "civ_move_1", "volume": 0.19}
[2026-09-24 21:42:50.974] [SFX] {"sound": "civ_move_1", "volume": 0.05}
[2026-09-24 21:42:51.023] [SFX] {"sound": "civ_move_1", "volume": 0.08}
[2026-09-24 21:42:51.056] [SFX] {"sound": "civ_move_1", "volume": 0.06}
[2026-09-24 21:42:51.079] [SFX] {"sound": "civ_move_2", "volume": 0.01}
[2026-09-24 21:42:51.080] [SFX] {"sound": "civ_move_2", "volume": 0.1}
[2026-09-24 21:42:51.122] [SFX] {"sound": "civ_move_2", "volume": 0.14}
[2026-09-24 21:42:51.187] [SFX] {"sound": "civ_move_1", "volume": 0.19}
[2026-09-24 21:42:51.221] [SFX] {"sound": "guardian_move", "volume": 0.11}
[2026-09-24 21:42:51.244] [SFX] {"sound": "civ_move_1", "volume": 0.27}
[2026-09-24 21:42:51.287] [SFX] {"sound": "civ_move_2", "volume": 0.26}
[2026-09-24 21:42:51.287] [SFX] {"sound": "civ_move_1", "volume": 0.21}
[2026-09-24 21:42:51.385] [SFX] {"sound": "civ_move_1", "volume": 0.07}
[2026-09-24 21:42:51.434] [SFX] {"sound": "civ_move_1", "volume": 0.08}
[2026-09-24 21:42:51.484] [SFX] {"sound": "civ_move_2", "volume": 0.01}
[2026-09-24 21:42:51.485] [SFX] {"sound": "civ_move_2", "volume": 0.1}
[2026-09-24 21:42:51.533] [SFX] {"sound": "civ_move_2", "volume": 0.14}
[2026-09-24 21:42:51.602] [SFX] {"sound": "civ_move_1", "volume": 0.18}
[2026-09-24 21:42:51.651] [SFX] {"sound": "civ_move_1", "volume": 0.28}
[2026-09-24 21:42:51.701] [SFX] {"sound": "civ_move_2", "volume": 0.25}
[2026-09-24 21:42:51.702] [SFX] {"sound": "civ_move_1", "volume": 0.2}
[2026-09-24 21:42:51.799] [SFX] {"sound": "civ_move_1", "volume": 0.08}
[2026-09-24 21:42:51.834] [SFX] {"sound": "guardian_move", "volume": 0.11}
[2026-09-24 21:42:51.857] [SFX] {"sound": "civ_move_1", "volume": 0.07}
[2026-09-24 21:42:51.883] [SFX] {"sound": "civ_move_1", "volume": 0.09}
[2026-09-24 21:42:51.906] [SFX] {"sound": "civ_move_2", "volume": 0.11}
[2026-09-24 21:42:51.933] [SFX] {"sound": "civ_move_2", "volume": 0.14}
[2026-09-24 21:42:52.015] [SFX] {"sound": "civ_move_1", "volume": 0.17}
[2026-09-24 21:42:52.066] [SFX] {"sound": "civ_move_1", "volume": 0.29}
[2026-09-24 21:42:52.099] [M] {"button": 1, "pos": [277, 223], "ui_clicked": false}
[2026-09-24 21:42:52.116] [SFX] {"sound": "civ_move_2", "volume": 0.23}
[2026-09-24 21:42:52.117] [SFX] {"sound": "civ_move_1", "volume": 0.2}
[2026-09-24 21:42:52.199] [SFX] {"sound": "civ_move_1", "volume": 0.08}
[2026-09-24 21:42:52.267] [SFX] {"sound": "civ_move_1", "volume": 0.07}
[2026-09-24 21:42:52.289] [SFX] {"sound": "civ_move_1", "volume": 0.11}
[2026-09-24 21:42:52.315] [SFX] {"sound": "civ_move_2", "volume": 0.13}
[2026-09-24 21:42:52.428] [SFX] {"sound": "civ_move_1", "volume": 0.17}
[2026-09-24 21:42:52.450] [SFX] {"sound": "guardian_move", "volume": 0.11}
[2026-09-24 21:42:52.478] [SFX] {"sound": "civ_move_1", "volume": 0.3}
[2026-09-24 21:42:52.531] [SFX] {"sound": "civ_move_2", "volume": 0.22}
[2026-09-24 21:42:52.532] [SFX] {"sound": "civ_move_1", "volume": 0.19}
[2026-09-24 21:42:52.563] [M] {"button": 1, "pos": [286, 222], "ui_clicked": false}
[2026-09-24 21:42:52.611] [SFX] {"sound": "civ_move_1", "volume": 0.08}
[2026-09-24 21:42:52.678] [SFX] {"sound": "civ_move_1", "volume": 0.07}
[2026-09-24 21:42:52.702] [SFX] {"sound": "civ_move_1", "volume": 0.12}
[2026-09-24 21:42:52.728] [SFX] {"sound": "civ_move_2", "volume": 0.14}
[2026-09-24 21:42:52.761] [SFX] {"sound": "civ_move_2", "volume": 0.12}
[2026-09-24 21:42:52.841] [SFX] {"sound": "civ_move_1", "volume": 0.16}
[2026-09-24 21:42:52.889] [SFX] {"sound": "civ_move_1", "volume": 0.29}
[2026-09-24 21:42:52.905] [M] {"button": 1, "pos": [291, 206], "ui_clicked": false}
[2026-09-24 21:42:52.914] [P] {"start": [156, 56], "goal": [152, 59], "length": 2, "is_direction_change": false}
[2026-09-24 21:42:52.915] [SFX] {"sound": "click_target", "volume": 0.7}
[2026-09-24 21:42:52.946] [SFX] {"sound": "player_move", "volume": 0.4}
[2026-09-24 21:42:52.947] [SFX] {"sound": "civ_move_2", "volume": 0.21}
[2026-09-24 21:42:52.947] [SFX] {"sound": "civ_move_1", "volume": 0.18}
[2026-09-24 21:42:53.011] [SFX] {"sound": "civ_move_1", "volume": 0.08}
[2026-09-24 21:42:53.061] [SFX] {"sound": "guardian_move", "volume": 0.11}
[2026-09-24 21:42:53.083] [SFX] {"sound": "civ_move_1", "volume": 0.05}
[2026-09-24 21:42:53.112] [SFX] {"sound": "civ_move_1", "volume": 0.16}
[2026-09-24 21:42:53.134] [SFX] {"sound": "civ_move_2", "volume": 0.12}
[2026-09-24 21:42:53.161] [SFX] {"sound": "civ_move_2", "volume": 0.14}
[2026-09-24 21:42:53.245] [SFX] {"sound": "player_move", "volume": 0.4}
[2026-09-24 21:42:53.246] [SFX] {"sound": "civ_move_1", "volume": 0.11}
[2026-09-24 21:42:53.296] [SFX] {"sound": "civ_move_1", "volume": 0.28}
[2026-09-24 21:42:53.346] [SFX] {"sound": "civ_move_2", "volume": 0.18}
[2026-09-24 21:42:53.346] [SFX] {"sound": "civ_move_1", "volume": 0.19}
[2026-09-24 21:42:53.412] [SFX] {"sound": "civ_move_1", "volume": 0.1}
[2026-09-24 21:42:53.477] [SFX] {"sound": "civ_move_1", "volume": 0.06}
[2026-09-24 21:42:53.528] [SFX] {"sound": "civ_move_1", "volume": 0.17}
[2026-09-24 21:42:53.549] [SFX] {"sound": "civ_move_2", "volume": 0.13}
[2026-09-24 21:42:53.576] [SFX] {"sound": "civ_move_2", "volume": 0.12}
[2026-09-24 21:42:53.659] [SFX] {"sound": "civ_move_1", "volume": 0.1}
[2026-09-24 21:42:53.681] [SFX] {"sound": "guardian_move", "volume": 0.14}
[2026-09-24 21:42:53.708] [SFX] {"sound": "civ_move_1", "volume": 0.28}
[2026-09-24 21:42:53.708] [C] {"civ_pos": [152, 57]}
[2026-09-24 21:42:53.761] [SFX] {"sound": "civ_move_2", "volume": 0.17}
[2026-09-24 21:42:53.761] [SFX] {"sound": "civ_move_1", "volume": 0.18}
[2026-09-24 21:42:53.813] [SFX] {"sound": "civ_move_1", "volume": 0.1}
[2026-09-24 21:42:53.911] [SFX] {"sound": "civ_move_1", "volume": 0.06}
[2026-09-24 21:42:53.943] [SFX] {"sound": "civ_move_1", "volume": 0.18}
[2026-09-24 21:42:53.965] [SFX] {"sound": "civ_move_2", "volume": 0.14}
[2026-09-24 21:42:53.982] [SFX] {"sound": "civ_move_2", "volume": 0.11}
[2026-09-24 21:42:54.057] [M] {"button": 1, "pos": [317, 216], "ui_clicked": false}
[2026-09-24 21:42:54.073] [SFX] {"sound": "civ_move_1", "volume": 0.09}
[2026-09-24 21:42:54.124] [SFX] {"sound": "civ_move_1", "volume": 0.3}
[2026-09-24 21:42:54.174] [SFX] {"sound": "civ_move_2", "volume": 0.16}
[2026-09-24 21:42:54.174] [SFX] {"sound": "civ_move_1", "volume": 0.17}
[2026-09-24 21:42:54.223] [SFX] {"sound": "civ_move_1", "volume": 0.1}
[2026-09-24 21:42:54.288] [SFX] {"sound": "guardian_move", "volume": 0.14}
[2026-09-24 21:42:54.321] [SFX] {"sound": "civ_move_1", "volume": 0.06}
[2026-09-24 21:42:54.354] [SFX] {"sound": "civ_move_1", "volume": 0.19}
[2026-09-24 21:42:54.371] [M] {"button": 1, "pos": [319, 220], "ui_clicked": false}
[2026-09-24 21:42:54.378] [SFX] {"sound": "civ_move_2", "volume": 0.15}
[2026-09-24 21:42:54.394] [SFX] {"sound": "civ_move_2", "volume": 0.11}
[2026-09-24 21:42:54.487] [SFX] {"sound": "civ_move_1", "volume": 0.08}
[2026-09-24 21:42:54.536] [SFX] {"sound": "civ_move_1", "volume": 0.23}
[2026-09-24 21:42:54.586] [SFX] {"sound": "civ_move_2", "volume": 0.16}
[2026-09-24 21:42:54.587] [SFX] {"sound": "civ_move_1", "volume": 0.16}
[2026-09-24 21:42:54.637] [SFX] {"sound": "civ_move_1", "volume": 0.1}
[2026-09-24 21:42:54.653] [M] {"button": 1, "pos": [321, 222], "ui_clicked": false}
[2026-09-24 21:42:54.659] [P] {"start": [152, 59], "goal": [152, 64], "length": 1, "is_direction_change": false}
[2026-09-24 21:42:54.660] [SFX] {"sound": "click_target", "volume": 0.69}
[2026-09-24 21:42:54.722] [SFX] {"sound": "civ_move_1", "volume": 0.07}
[2026-09-24 21:42:54.756] [SFX] {"sound": "civ_move_1", "volume": 0.19}
[2026-09-24 21:42:54.777] [SFX] {"sound": "civ_move_2", "volume": 0.15}
[2026-09-24 21:42:54.795] [SFX] {"sound": "civ_move_2", "volume": 0.1}
[2026-09-24 21:42:54.889] [SFX] {"sound": "guardian_move", "volume": 0.17}
[2026-09-24 21:42:54.889] [SFX] {"sound": "civ_move_1", "volume": 0.05}
[2026-09-24 21:42:54.938] [SFX] {"sound": "civ_move_1", "volume": 0.28}
[2026-09-24 21:42:54.988] [SFX] {"sound": "civ_move_2", "volume": 0.12}
[2026-09-24 21:42:54.989] [SFX] {"sound": "civ_move_1", "volume": 0.18}
[2026-09-24 21:42:55.036] [SFX] {"sound": "civ_move_1", "volume": 0.12}
[2026-09-24 21:42:55.052] [M] {"button": 1, "pos": [322, 222], "ui_clicked": false}
[2026-09-24 21:42:55.059] [P] {"start": [152, 64], "goal": [152, 68], "length": 1, "is_direction_change": false}
[2026-09-24 21:42:55.060] [SFX] {"sound": "click_target", "volume": 0.72}
[2026-09-24 21:42:55.103] [SFX] {"sound": "player_move", "volume": 0.4}
[2026-09-24 21:42:55.136] [SFX] {"sound": "civ_move_1", "volume": 0.1}
[2026-09-24 21:42:55.169] [SFX] {"sound": "civ_move_1", "volume": 0.17}
[2026-09-24 21:42:55.190] [SFX] {"sound": "civ_move_2", "volume": 0.14}
[2026-09-24 21:42:55.284] [SFX] {"sound": "guardian_move", "volume": 0.01}
[2026-09-24 21:42:55.306] [SFX] {"sound": "civ_move_1", "volume": 0.02}
[2026-09-24 21:42:55.349] [SFX] {"sound": "civ_move_1", "volume": 0.27}
[2026-09-24 21:42:55.383] [M] {"button": 1, "pos": [322, 222], "ui_clicked": false}
[2026-09-24 21:42:55.392] [P] {"start": [152, 68], "goal": [152, 71], "length": 1, "is_direction_change": false}
[2026-09-24 21:42:55.393] [SFX] {"sound": "click_target", "volume": 0.72}
[2026-09-24 21:42:55.411] [SFX] {"sound": "civ_move_2", "volume": 0.08}
[2026-09-24 21:42:55.412] [SFX] {"sound": "civ_move_1", "volume": 0.2}
[2026-09-24 21:42:55.436] [SFX] {"sound": "civ_move_1", "volume": 0.14}
[2026-09-24 21:42:55.503] [SFX] {"sound": "guardian_move", "volume": 0.21}
[2026-09-24 21:42:55.537] [SFX] {"sound": "civ_move_1", "volume": 0.13}
[2026-09-24 21:42:55.569] [SFX] {"sound": "civ_move_1", "volume": 0.15}
[2026-09-24 21:42:55.591] [SFX] {"sound": "civ_move_2", "volume": 0.12}
[2026-09-24 21:42:55.752] [SFX] {"sound": "civ_move_1", "volume": 0.26}
[2026-09-24 21:42:55.768] [M] {"button": 1, "pos": [322, 222], "ui_clicked": false}
[2026-09-24 21:42:55.776] [SFX] {"sound": "click_target", "volume": 0.71}
[2026-09-24 21:42:55.792] [SFX] {"sound": "player_move", "volume": 0.4}
[2026-09-24 21:42:55.807] [SFX] {"sound": "civ_move_2", "volume": 0.06}
[2026-09-24 21:42:55.808] [SFX] {"sound": "civ_move_1", "volume": 0.21}
[2026-09-24 21:42:55.852] [SFX] {"sound": "civ_move_1", "volume": 0.15}
[2026-09-24 21:42:55.884] [SFX] {"sound": "guardian_move", "volume": 0.04}
[2026-09-24 21:42:55.951] [SFX] {"sound": "civ_move_1", "volume": 0.15}
[2026-09-24 21:42:55.983] [SFX] {"sound": "civ_move_1", "volume": 0.13}
[2026-09-24 21:42:56.005] [SFX] {"sound": "civ_move_2", "volume": 0.1}
[2026-09-24 21:42:56.098] [SFX] {"sound": "player_move", "volume": 0.4}
[2026-09-24 21:42:56.122] [SFX] {"sound": "guardian_move", "volume": 0.24}
[2026-09-24 21:42:56.132] [M] {"button": 1, "pos": [322, 222], "ui_clicked": false}
[2026-09-24 21:42:56.140] [SFX] {"sound": "click_target", "volume": 0.74}
[2026-09-24 21:42:56.167] [SFX] {"sound": "civ_move_1", "volume": 0.22}
[2026-09-24 21:42:56.215] [SFX] {"sound": "civ_move_2", "volume": 0.01}
[2026-09-24 21:42:56.216] [SFX] {"sound": "civ_move_1", "volume": 0.23}
[2026-09-24 21:42:56.216] [C] {"civ_pos": [152, 78]}
[2026-09-24 21:42:56.253] [SFX] {"sound": "civ_move_1", "volume": 0.16}
[2026-09-24 21:42:56.335] [SFX] {"sound": "threat_pulse", "volume": 0.3}
[2026-09-24 21:42:56.356] [SFX] {"sound": "civ_move_1", "volume": 0.17}
[2026-09-24 21:42:56.384] [SFX] {"sound": "civ_move_1", "volume": 0.11}
[2026-09-24 21:42:56.406] [SFX] {"sound": "player_move", "volume": 0.4}
[2026-09-24 21:42:56.407] [SFX] {"sound": "civ_move_2", "volume": 0.09}
[2026-09-24 21:42:56.499] [SFX] {"sound": "guardian_move", "volume": 0.06}
[2026-09-24 21:42:56.581] [SFX] {"sound": "civ_move_1", "volume": 0.22}
[2026-09-24 21:42:56.631] [SFX] {"sound": "civ_move_1", "volume": 0.23}
[2026-09-24 21:42:56.663] [M] {"button": 1, "pos": [322, 222], "ui_clicked": false}
[2026-09-24 21:42:56.670] [SFX] {"sound": "civ_move_1", "volume": 0.15}
[2026-09-24 21:42:56.697] [SFX] {"sound": "civ_move_2", "volume": 0.0}
[2026-09-24 21:42:56.720] [SFX] {"sound": "player_move", "volume": 0.4}
[2026-09-24 21:42:56.736] [SFX] {"sound": "guardian_move", "volume": 0.24}
[2026-09-24 21:42:56.764] [SFX] {"sound": "civ_move_1", "volume": 0.18}
[2026-09-24 21:42:56.795] [SFX] {"sound": "civ_move_1", "volume": 0.1}
[2026-09-24 21:42:56.818] [SFX] {"sound": "civ_move_2", "volume": 0.08}
[2026-09-24 21:42:56.994] [SFX] {"sound": "civ_move_1", "volume": 0.22}
[2026-09-24 21:42:57.028] [SFX] {"sound": "player_move", "volume": 0.4}
[2026-09-24 21:42:57.049] [SFX] {"sound": "civ_move_1", "volume": 0.23}
[2026-09-24 21:42:57.077] [SFX] {"sound": "civ_move_1", "volume": 0.14}
[2026-09-24 21:42:57.110] [SFX] {"sound": "guardian_move", "volume": 0.08}
[2026-09-24 21:42:57.111] [SFX] {"sound": "civ_move_2", "volume": 0.01}
[2026-09-24 21:42:57.176] [SFX] {"sound": "civ_move_1", "volume": 0.19}
[2026-09-24 21:42:57.208] [SFX] {"sound": "civ_move_1", "volume": 0.09}
[2026-09-24 21:42:57.230] [SFX] {"sound": "civ_move_2", "volume": 0.07}
[2026-09-24 21:42:57.246] [SFX] {"sound": "threat_pulse", "volume": 0.32}
[2026-09-24 21:42:57.340] [SFX] {"sound": "player_move", "volume": 0.4}
[2026-09-24 21:42:57.340] [SFX] {"sound": "guardian_move", "volume": 0.29}
[2026-09-24 21:42:57.408] [SFX] {"sound": "civ_move_1", "volume": 0.22}
[2026-09-24 21:42:57.457] [SFX] {"sound": "civ_move_1", "volume": 0.29}
[2026-09-24 21:42:57.490] [SFX] {"sound": "civ_move_1", "volume": 0.17}
[2026-09-24 21:42:57.522] [SFX] {"sound": "civ_move_2", "volume": 0.02}
[2026-09-24 21:42:57.587] [SFX] {"sound": "civ_move_1", "volume": 0.26}
[2026-09-24 21:42:57.620] [SFX] {"sound": "civ_move_1", "volume": 0.09}
[2026-09-24 21:42:57.642] [SFX] {"sound": "civ_move_2", "volume": 0.07}
[2026-09-24 21:42:57.657] [SFX] {"sound": "player_move", "volume": 0.4}
[2026-09-24 21:42:57.716] [M] {"button": 1, "pos": [303, 189], "ui_clicked": false}
[2026-09-24 21:42:57.723] [SFX] {"sound": "guardian_move", "volume": 0.11}
[2026-09-24 21:42:57.816] [SFX] {"sound": "civ_move_1", "volume": 0.23}
[2026-09-24 21:42:57.865] [SFX] {"sound": "civ_move_1", "volume": 0.29}
[2026-09-24 21:42:57.897] [SFX] {"sound": "civ_move_1", "volume": 0.17}
[2026-09-24 21:42:57.930] [SFX] {"sound": "civ_move_2", "volume": 0.02}
[2026-09-24 21:42:57.951] [SFX] {"sound": "guardian_move", "volume": 0.24}
[2026-09-24 21:42:57.967] [SFX] {"sound": "player_move", "volume": 0.4}
[2026-09-24 21:42:57.994] [SFX] {"sound": "civ_move_1", "volume": 0.29}
[2026-09-24 21:42:58.026] [SFX] {"sound": "civ_move_1", "volume": 0.1}
[2026-09-24 21:42:58.049] [SFX] {"sound": "civ_move_2", "volume": 0.07}
[2026-09-24 21:42:58.145] [SFX] {"sound": "threat_pulse", "volume": 0.33}
[2026-09-24 21:42:58.225] [SFX] {"sound": "civ_move_1", "volume": 0.24}
[2026-09-24 21:42:58.275] [SFX] {"sound": "player_move", "volume": 0.4}
[2026-09-24 21:42:58.276] [SFX] {"sound": "civ_move_1", "volume": 0.29}
[2026-09-24 21:42:58.310] [SFX] {"sound": "civ_move_1", "volume": 0.17}
[2026-09-24 21:42:58.332] [SFX] {"sound": "guardian_move", "volume": 0.11}
[2026-09-24 21:42:58.349] [SFX] {"sound": "civ_move_2", "volume": 0.02}
[2026-09-24 21:42:58.409] [SFX] {"sound": "civ_move_1", "volume": 0.29}
[2026-09-24 21:42:58.442] [SFX] {"sound": "civ_move_1", "volume": 0.11}
[2026-09-24 21:42:58.463] [SFX] {"sound": "civ_move_2", "volume": 0.07}
[2026-09-24 21:42:58.557] [SFX] {"sound": "guardian_move", "volume": 0.19}
[2026-09-24 21:42:58.589] [SFX] {"sound": "player_move", "volume": 0.4}
[2026-09-24 21:42:58.606] [M] {"button": 1, "pos": [301, 186], "ui_clicked": false}
[2026-09-24 21:42:58.612] [SFX] {"sound": "click_target", "volume": 0.74}
[2026-09-24 21:42:58.638] [SFX] {"sound": "civ_move_1", "volume": 0.25}
[2026-09-24 21:42:58.689] [SFX] {"sound": "civ_move_1", "volume": 0.28}
[2026-09-24 21:42:58.723] [SFX] {"sound": "civ_move_1", "volume": 0.15}
[2026-09-24 21:42:58.723] [C] {"civ_pos": [153, 82]}
[2026-09-24 21:42:58.750] [JACK] Diese Nodes wandern völlig ahnungslos durch das Grid.
[2026-09-24 21:42:58.765] [SFX] {"sound": "civ_move_2", "volume": 0.04}
[2026-09-24 21:42:58.823] [SFX] {"sound": "civ_move_1", "volume": 0.29}
[2026-09-24 21:42:58.857] [SFX] {"sound": "civ_move_1", "volume": 0.12}
[2026-09-24 21:42:58.877] [SFX] {"sound": "civ_move_2", "volume": 0.07}
[2026-09-24 21:42:58.906] [SFX] {"sound": "player_move", "volume": 0.4}
[2026-09-24 21:42:58.937] [SFX] {"sound": "guardian_move", "volume": 0.16}
[2026-09-24 21:42:59.054] [SFX] {"sound": "civ_move_1", "volume": 0.27}
[2026-09-24 21:42:59.054] [SFX] {"sound": "threat_pulse", "volume": 0.33}
[2026-09-24 21:42:59.104] [SFX] {"sound": "civ_move_1", "volume": 0.25}
[2026-09-24 21:42:59.137] [SFX] {"sound": "civ_move_1", "volume": 0.12}
[2026-09-24 21:42:59.169] [SFX] {"sound": "guardian_move", "volume": 0.21}
[2026-09-24 21:42:59.170] [SFX] {"sound": "civ_move_2", "volume": 0.07}
[2026-09-24 21:42:59.220] [SFX] {"sound": "player_move", "volume": 0.4}
[2026-09-24 21:42:59.242] [SFX] {"sound": "civ_move_1", "volume": 0.29}
[2026-09-24 21:42:59.270] [SFX] {"sound": "civ_move_1", "volume": 0.12}
[2026-09-24 21:42:59.291] [SFX] {"sound": "civ_move_2", "volume": 0.07}
[2026-09-24 21:42:59.466] [SFX] {"sound": "civ_move_1", "volume": 0.29}
[2026-09-24 21:42:59.531] [SFX] {"sound": "player_move", "volume": 0.4}
[2026-09-24 21:42:59.532] [SFX] {"sound": "civ_move_1", "volume": 0.19}
[2026-09-24 21:42:59.554] [SFX] {"sound": "guardian_move", "volume": 0.16}
[2026-09-24 21:42:59.555] [SFX] {"sound": "civ_move_1", "volume": 0.08}
[2026-09-24 21:42:59.582] [SFX] {"sound": "civ_move_2", "volume": 0.07}
[2026-09-24 21:42:59.646] [SFX] {"sound": "civ_move_1", "volume": 0.29}
[2026-09-24 21:42:59.696] [SFX] {"sound": "civ_move_2", "volume": 0.09}
[2026-09-24 21:42:59.712] [M] {"button": 1, "pos": [273, 185], "ui_clicked": false}
[2026-09-24 21:42:59.780] [SFX] {"sound": "guardian_move", "volume": 0.15}
[2026-09-24 21:42:59.844] [SFX] {"sound": "player_move", "volume": 0.4}
[2026-09-24 21:42:59.867] [SFX] {"sound": "civ_move_2", "volume": 0.0}
[2026-09-24 21:42:59.882] [SFX] {"sound": "civ_move_1", "volume": 0.23}
[2026-09-24 21:42:59.943] [SFX] {"sound": "civ_move_1", "volume": 0.2}
[2026-09-24 21:42:59.965] [SFX] {"sound": "civ_move_1", "volume": 0.07}
[2026-09-24 21:42:59.966] [SFX] {"sound": "threat_pulse", "volume": 0.34}
[2026-09-24 21:42:59.993] [SFX] {"sound": "civ_move_2", "volume": 0.08}
[2026-09-24 21:43:00.059] [SFX] {"sound": "civ_move_1", "volume": 0.29}
[2026-09-24 21:43:00.110] [SFX] {"sound": "civ_move_2", "volume": 0.1}
[2026-09-24 21:43:00.159] [M] {"button": 1, "pos": [290, 196], "ui_clicked": false}
[2026-09-24 21:43:00.165] [SFX] {"sound": "player_move", "volume": 0.4}
[2026-09-24 21:43:00.166] [SFX] {"sound": "guardian_move", "volume": 0.18}
[2026-09-24 21:43:00.274] [SFX] {"sound": "civ_move_2", "volume": 0.02}
[2026-09-24 21:43:00.297] [SFX] {"sound": "civ_move_1", "volume": 0.22}
[2026-09-24 21:43:00.358] [SFX] {"sound": "civ_move_1", "volume": 0.2}
[2026-09-24 21:43:00.383] [SFX] {"sound": "civ_move_1", "volume": 0.06}
[2026-09-24 21:43:00.398] [SFX] {"sound": "guardian_move", "volume": 0.13}
[2026-09-24 21:43:00.408] [M] {"button": 1, "pos": [292, 207], "ui_clicked": false}
[2026-09-24 21:43:00.415] [SFX] {"sound": "civ_move_2", "volume": 0.09}
[2026-09-24 21:43:00.459] [SFX] {"sound": "civ_move_1", "volume": 0.29}
[2026-09-24 21:43:00.481] [SFX] {"sound": "player_move", "volume": 0.4}
[2026-09-24 21:43:00.525] [SFX] {"sound": "civ_move_2", "volume": 0.11}
[2026-09-24 21:43:00.591] [SFX] {"sound": "civ_move_2", "volume": 0.05}
[2026-09-24 21:43:00.625] [M] {"button": 1, "pos": [295, 221], "ui_clicked": false}
[2026-09-24 21:43:00.631] [SFX] {"sound": "click_target", "volume": 0.67}
[2026-09-24 21:43:00.690] [SFX] {"sound": "civ_move_2", "volume": 0.02}
[2026-09-24 21:43:00.712] [SFX] {"sound": "civ_move_1", "volume": 0.21}
[2026-09-24 21:43:00.771] [SFX] {"sound": "guardian_move", "volume": 0.2}
[2026-09-24 21:43:00.771] [SFX] {"sound": "civ_move_1", "volume": 0.22}
[2026-09-24 21:43:00.793] [SFX] {"sound": "player_move", "volume": 0.4}
[2026-09-24 21:43:00.794] [SFX] {"sound": "civ_move_1", "volume": 0.05}
[2026-09-24 21:43:00.821] [SFX] {"sound": "civ_move_2", "volume": 0.1}
[2026-09-24 21:43:00.870] [SFX] {"sound": "civ_move_1", "volume": 0.25}
[2026-09-24 21:43:00.871] [SFX] {"sound": "threat_pulse", "volume": 0.34}
[2026-09-24 21:43:00.936] [SFX] {"sound": "civ_move_2", "volume": 0.07}
[2026-09-24 21:43:01.003] [SFX] {"sound": "guardian_move", "volume": 0.16}
[2026-09-24 21:43:01.004] [SFX] {"sound": "civ_move_2", "volume": 0.01}
[2026-09-24 21:43:01.102] [SFX] {"sound": "player_move", "volume": 0.4}
[2026-09-24 21:43:01.123] [SFX] {"sound": "civ_move_1", "volume": 0.29}
[2026-09-24 21:43:01.184] [SFX] {"sound": "civ_move_1", "volume": 0.26}
[2026-09-24 21:43:01.208] [SFX] {"sound": "civ_move_1", "volume": 0.02}
[2026-09-24 21:43:01.235] [SFX] {"sound": "civ_move_2", "volume": 0.17}
[2026-09-24 21:43:01.236] [C] {"civ_pos": [146, 82]}
[2026-09-24 21:43:01.284] [SFX] {"sound": "civ_move_1", "volume": 0.23}
[2026-09-24 21:43:01.352] [SFX] {"sound": "civ_move_2", "volume": 0.07}
[2026-09-24 21:43:01.384] [SFX] {"sound": "guardian_move", "volume": 0.32}
[2026-09-24 21:43:01.416] [SFX] {"sound": "player_move", "volume": 0.4}
[2026-09-24 21:43:01.418] [SFX] {"sound": "civ_move_2", "volume": 0.01}
[2026-09-24 21:43:01.530] [SFX] {"sound": "civ_move_1", "volume": 0.29}
[2026-09-24 21:43:01.596] [SFX] {"sound": "civ_move_1", "volume": 0.26}
[2026-09-24 21:43:01.617] [SFX] {"sound": "guardian_move", "volume": 0.17}
[2026-09-24 21:43:01.645] [SFX] {"sound": "civ_move_2", "volume": 0.19}
[2026-09-24 21:43:01.694] [SFX] {"sound": "civ_move_1", "volume": 0.21}
[2026-09-24 21:43:01.727] [SFX] {"sound": "player_move", "volume": 0.4}
[2026-09-24 21:43:01.760] [SFX] {"sound": "civ_move_2", "volume": 0.07}
[2026-09-24 21:43:01.783] [SFX] {"sound": "threat_pulse", "volume": 0.35}
[2026-09-24 21:43:01.827] [SFX] {"sound": "civ_move_2", "volume": 0.02}
[2026-09-24 21:43:01.945] [SFX] {"sound": "civ_move_1", "volume": 0.29}
[2026-09-24 21:43:01.995] [SFX] {"sound": "guardian_move", "volume": 0.37}
[2026-09-24 21:43:02.017] [SFX] {"sound": "civ_move_1", "volume": 0.24}
[2026-09-24 21:43:02.033] [SFX] {"sound": "player_move", "volume": 0.4}
[2026-09-24 21:43:02.061] [SFX] {"sound": "civ_move_2", "volume": 0.22}
[2026-09-24 21:43:02.095] [SFX] {"sound": "civ_move_1", "volume": 0.19}
[2026-09-24 21:43:02.162] [SFX] {"sound": "civ_move_2", "volume": 0.07}
[2026-09-24 21:43:02.227] [SFX] {"sound": "guardian_move", "volume": 0.17}
[2026-09-24 21:43:02.228] [SFX] {"sound": "civ_move_2", "volume": 0.02}
[2026-09-24 21:43:02.342] [SFX] {"sound": "player_move", "volume": 0.4}
[2026-09-24 21:43:02.364] [SFX] {"sound": "civ_move_1", "volume": 0.29}
[2026-09-24 21:43:02.423] [SFX] {"sound": "civ_move_1", "volume": 0.23}
[2026-09-24 21:43:02.473] [SFX] {"sound": "civ_move_2", "volume": 0.24}
[2026-09-24 21:43:02.505] [SFX] {"sound": "civ_move_1", "volume": 0.18}
[2026-09-24 21:43:02.569] [SFX] {"sound": "civ_move_2", "volume": 0.07}
[2026-09-24 21:43:02.603] [SFX] {"sound": "guardian_move", "volume": 0.39}
[2026-09-24 21:43:02.636] [SFX] {"sound": "civ_move_2", "volume": 0.03}
[2026-09-24 21:43:02.660] [SFX] {"sound": "player_move", "volume": 0.4}
[2026-09-24 21:43:02.686] [SFX] {"sound": "threat_pulse", "volume": 0.41}
[2026-09-24 21:43:02.771] [SFX] {"sound": "civ_move_1", "volume": 0.29}
[2026-09-24 21:43:02.838] [SFX] {"sound": "guardian_move", "volume": 0.15}
[2026-09-24 21:43:02.839] [SFX] {"sound": "civ_move_1", "volume": 0.22}
[2026-09-24 21:43:02.872] [SFX] {"sound": "civ_move_2", "volume": 0.25}
[2026-09-24 21:43:02.921] [SFX] {"sound": "civ_move_1", "volume": 0.17}
[2026-09-24 21:43:02.958] [SFX] {"sound": "player_move", "volume": 0.4}
[2026-09-24 21:43:02.982] [SFX] {"sound": "civ_move_2", "volume": 0.07}
[2026-09-24 21:43:03.042] [SFX] {"sound": "civ_move_2", "volume": 0.04}
[2026-09-24 21:43:03.157] [SFX] {"sound": "civ_move_2", "volume": 0.0}
[2026-09-24 21:43:03.180] [SFX] {"sound": "civ_move_1", "volume": 0.29}
[2026-09-24 21:43:03.239] [SFX] {"sound": "civ_move_1", "volume": 0.21}
[2026-09-24 21:43:03.273] [SFX] {"sound": "player_move", "volume": 0.4}
[2026-09-24 21:43:03.274] [SFX] {"sound": "civ_move_2", "volume": 0.27}
[2026-09-24 21:43:03.295] [SFX] {"sound": "guardian_move", "volume": 0.39}
[2026-09-24 21:43:03.322] [SFX] {"sound": "civ_move_1", "volume": 0.15}
[2026-09-24 21:43:03.391] [SFX] {"sound": "civ_move_2", "volume": 0.07}
[2026-09-24 21:43:03.441] [SFX] {"sound": "guardian_move", "volume": 0.14}
[2026-09-24 21:43:03.442] [SFX] {"sound": "civ_move_2", "volume": 0.05}
[2026-09-24 21:43:03.493] [SFX] {"sound": "threat_pulse", "volume": 0.46}
[2026-09-24 21:43:03.557] [SFX] {"sound": "civ_move_2", "volume": 0.01}
[2026-09-24 21:43:03.580] [SFX] {"sound": "player_move", "volume": 0.4}
[2026-09-24 21:43:03.580] [SFX] {"sound": "civ_move_1", "volume": 0.29}
[2026-09-24 21:43:03.642] [SFX] {"sound": "civ_move_1", "volume": 0.2}
[2026-09-24 21:43:03.674] [SFX] {"sound": "civ_move_2", "volume": 0.29}
[2026-09-24 21:43:03.724] [SFX] {"sound": "civ_move_1", "volume": 0.14}
[2026-09-24 21:43:03.745] [C] {"civ_pos": [139, 82]}
[2026-09-24 21:43:03.803] [SFX] {"sound": "civ_move_2", "volume": 0.07}
[2026-09-24 21:43:03.855] [SFX] {"sound": "civ_move_2", "volume": 0.05}
[2026-09-24 21:43:03.889] [SFX] {"sound": "player_move", "volume": 0.4}
[2026-09-24 21:43:03.911] [SFX] {"sound": "guardian_move", "volume": 0.38}
[2026-09-24 21:43:03.971] [SFX] {"sound": "civ_move_2", "volume": 0.01}
[2026-09-24 21:43:03.992] [SFX] {"sound": "civ_move_1", "volume": 0.29}
[2026-09-24 21:43:04.052] [SFX] {"sound": "guardian_move", "volume": 0.15}
[2026-09-24 21:43:04.053] [SFX] {"sound": "civ_move_1", "volume": 0.18}
[2026-09-24 21:43:04.085] [SFX] {"sound": "civ_move_2", "volume": 0.28}
[2026-09-24 21:43:04.109] [SFX] {"sound": "threat_pulse", "volume": 0.49}
[2026-09-24 21:43:04.133] [SFX] {"sound": "civ_move_1", "volume": 0.12}
[2026-09-24 21:43:04.168] [M] {"button": 1, "pos": [291, 184], "ui_clicked": false}
[2026-09-24 21:43:04.174] [SFX] {"sound": "action_cancel", "volume": 1.0}
[2026-09-24 21:43:04.175] [P] {"start": [139, 82], "goal": [136, 82], "length": 1, "is_direction_change": false}
[2026-09-24 21:43:04.175] [SFX] {"sound": "click_target", "volume": 0.74}
[2026-09-24 21:43:04.200] [SFX] {"sound": "player_move", "volume": 0.4}
[2026-09-24 21:43:04.223] [SFX] {"sound": "civ_move_2", "volume": 0.07}
[2026-09-24 21:43:04.267] [SFX] {"sound": "civ_move_2", "volume": 0.04}
[2026-09-24 21:43:04.347] [SFX] {"sound": "civ_move_1", "volume": 0.23}
[2026-09-24 21:43:04.379] [SFX] {"sound": "civ_move_2", "volume": 0.01}
[2026-09-24 21:43:04.400] [SFX] {"sound": "civ_move_1", "volume": 0.29}
[2026-09-24 21:43:04.462] [SFX] {"sound": "civ_move_1", "volume": 0.15}
[2026-09-24 21:43:04.494] [SFX] {"sound": "civ_move_2", "volume": 0.25}
[2026-09-24 21:43:04.516] [SFX] {"sound": "guardian_move", "volume": 0.35}
[2026-09-24 21:43:04.545] [SFX] {"sound": "civ_move_1", "volume": 0.1}
[2026-09-24 21:43:04.627] [SFX] {"sound": "civ_move_2", "volume": 0.07}
[2026-09-24 21:43:04.660] [SFX] {"sound": "guardian_move", "volume": 0.15}
[2026-09-24 21:43:04.682] [SFX] {"sound": "civ_move_2", "volume": 0.04}
[2026-09-24 21:43:04.709] [SFX] {"sound": "threat_pulse", "volume": 0.47}
[2026-09-24 21:43:04.758] [SFX] {"sound": "civ_move_1", "volume": 0.24}
[2026-09-24 21:43:04.791] [SFX] {"sound": "civ_move_2", "volume": 0.02}
[2026-09-24 21:43:04.812] [SFX] {"sound": "civ_move_1", "volume": 0.3}
[2026-09-24 21:43:04.873] [SFX] {"sound": "civ_move_1", "volume": 0.14}
[2026-09-24 21:43:04.906] [SFX] {"sound": "civ_move_2", "volume": 0.25}
[2026-09-24 21:43:04.955] [SFX] {"sound": "civ_move_1", "volume": 0.09}
[2026-09-24 21:43:05.035] [SFX] {"sound": "civ_move_2", "volume": 0.07}
[2026-09-24 21:43:05.087] [SFX] {"sound": "civ_move_2", "volume": 0.05}
[2026-09-24 21:43:05.120] [SFX] {"sound": "guardian_move", "volume": 0.38}
[2026-09-24 21:43:05.169] [SFX] {"sound": "civ_move_1", "volume": 0.25}
[2026-09-24 21:43:05.202] [SFX] {"sound": "civ_move_2", "volume": 0.03}
[2026-09-24 21:43:05.223] [SFX] {"sound": "civ_move_1", "volume": 0.28}
[2026-09-24 21:43:05.266] [SFX] {"sound": "guardian_move", "volume": 0.13}
[2026-09-24 21:43:05.288] [SFX] {"sound": "civ_move_1", "volume": 0.14}
[2026-09-24 21:43:05.317] [SFX] {"sound": "civ_move_2", "volume": 0.24}
[2026-09-24 21:43:05.318] [SFX] {"sound": "threat_pulse", "volume": 0.49}
[2026-09-24 21:43:05.363] [SFX] {"sound": "civ_move_1", "volume": 0.09}
[2026-09-24 21:43:05.446] [SFX] {"sound": "civ_move_2", "volume": 0.06}
[2026-09-24 21:43:05.495] [SFX] {"sound": "civ_move_2", "volume": 0.05}
[2026-09-24 21:43:05.577] [SFX] {"sound": "civ_move_1", "volume": 0.25}
[2026-09-24 21:43:05.611] [SFX] {"sound": "civ_move_2", "volume": 0.04}
[2026-09-24 21:43:05.631] [SFX] {"sound": "civ_move_1", "volume": 0.27}
[2026-09-24 21:43:05.693] [SFX] {"sound": "civ_move_1", "volume": 0.13}
[2026-09-24 21:43:05.725] [M] {"button": 1, "pos": [281, 183], "ui_clicked": false}
[2026-09-24 21:43:05.731] [SFX] {"sound": "guardian_move", "volume": 0.4}
[2026-09-24 21:43:05.732] [SFX] {"sound": "civ_move_2", "volume": 0.23}
[2026-09-24 21:43:05.733] [SFX] {"sound": "click_target", "volume": 0.7}
[2026-09-24 21:43:05.774] [SFX] {"sound": "civ_move_1", "volume": 0.08}
[2026-09-24 21:43:05.855] [SFX] {"sound": "civ_move_2", "volume": 0.07}
[2026-09-24 21:43:05.879] [SFX] {"sound": "guardian_move", "volume": 0.14}
[2026-09-24 21:43:05.906] [SFX] {"sound": "civ_move_2", "volume": 0.05}
[2026-09-24 21:43:05.928] [SFX] {"sound": "player_move", "volume": 0.4}
[2026-09-24 21:43:05.929] [SFX] {"sound": "threat_pulse", "volume": 0.53}
[2026-09-24 21:43:05.991] [SFX] {"sound": "civ_move_1", "volume": 0.22}
[2026-09-24 21:43:06.022] [SFX] {"sound": "civ_move_2", "volume": 0.03}
[2026-09-24 21:43:06.042] [SFX] {"sound": "civ_move_1", "volume": 0.29}
[2026-09-24 21:43:06.102] [SFX] {"sound": "civ_move_1", "volume": 0.09}
[2026-09-24 21:43:06.135] [SFX] {"sound": "civ_move_2", "volume": 0.18}
[2026-09-24 21:43:06.184] [SFX] {"sound": "civ_move_1", "volume": 0.06}
[2026-09-24 21:43:06.235] [SFX] {"sound": "player_move", "volume": 0.4}
[2026-09-24 21:43:06.257] [C] {"civ_pos": [129, 82]}
[2026-09-24 21:43:06.280] [JACK] Subroutine gesichtet. Ob der wertvollen Loot geladen hat?
[2026-09-24 21:43:06.281] [SFX] {"sound": "civ_move_2", "volume": 0.07}
[2026-09-24 21:43:06.309] [SFX] {"sound": "civ_move_2", "volume": 0.05}
[2026-09-24 21:43:06.341] [SFX] {"sound": "guardian_move", "volume": 0.37}
[2026-09-24 21:43:06.391] [SFX] {"sound": "civ_move_1", "volume": 0.22}
[2026-09-24 21:43:06.424] [SFX] {"sound": "civ_move_2", "volume": 0.03}
[2026-09-24 21:43:06.425] [SFX] {"sound": "threat_pulse", "volume": 0.54}
[2026-09-24 21:43:06.474] [SFX] {"sound": "guardian_move", "volume": 0.14}
[2026-09-24 21:43:06.508] [SFX] {"sound": "civ_move_1", "volume": 0.08}
[2026-09-24 21:43:06.542] [SFX] {"sound": "civ_move_2", "volume": 0.16}
[2026-09-24 21:43:06.592] [SFX] {"sound": "civ_move_1", "volume": 0.04}
[2026-09-24 21:43:06.672] [SFX] {"sound": "civ_move_2", "volume": 0.07}
[2026-09-24 21:43:06.722] [SFX] {"sound": "civ_move_2", "volume": 0.05}
[2026-09-24 21:43:06.806] [SFX] {"sound": "civ_move_1", "volume": 0.23}
[2026-09-24 21:43:06.837] [SFX] {"sound": "civ_move_2", "volume": 0.03}
[2026-09-24 21:43:06.838] [SFX] {"sound": "threat_pulse", "volume": 0.56}
[2026-09-24 21:43:06.920] [SFX] {"sound": "civ_move_1", "volume": 0.07}
[2026-09-24 21:43:06.953] [SFX] {"sound": "guardian_move", "volume": 0.39}
[2026-09-24 21:43:06.955] [SFX] {"sound": "civ_move_2", "volume": 0.15}
[2026-09-24 21:43:06.987] [M] {"button": 1, "pos": [380, 193], "ui_clicked": false}
[2026-09-24 21:43:07.004] [SFX] {"sound": "civ_move_1", "volume": 0.05}
[2026-09-24 21:43:07.087] [SFX] {"sound": "guardian_move", "volume": 0.12}
[2026-09-24 21:43:07.088] [SFX] {"sound": "civ_move_2", "volume": 0.06}
[2026-09-24 21:43:07.220] [SFX] {"sound": "civ_move_1", "volume": 0.25}
[2026-09-24 21:43:07.254] [SFX] {"sound": "civ_move_2", "volume": 0.04}
[2026-09-24 21:43:07.254] [SFX] {"sound": "threat_pulse", "volume": 0.59}
[2026-09-24 21:43:07.335] [SFX] {"sound": "civ_move_1", "volume": 0.06}
[2026-09-24 21:43:07.368] [SFX] {"sound": "civ_move_2", "volume": 0.13}
[2026-09-24 21:43:07.417] [SFX] {"sound": "civ_move_1", "volume": 0.05}
[2026-09-24 21:43:07.500] [SFX] {"sound": "civ_move_2", "volume": 0.06}
[2026-09-24 21:43:07.548] [M] {"button": 1, "pos": [544, 178], "ui_clicked": false}
[2026-09-24 21:43:07.555] [SFX] {"sound": "civ_move_2", "volume": 0.06}
[2026-09-24 21:43:07.572] [SFX] {"sound": "threat_pulse", "volume": 0.61}
[2026-09-24 21:43:07.588] [SFX] {"sound": "guardian_move", "volume": 0.39}
[2026-09-24 21:43:07.630] [SFX] {"sound": "civ_move_1", "volume": 0.26}
[2026-09-24 21:43:07.663] [SFX] {"sound": "civ_move_2", "volume": 0.05}
[2026-09-24 21:43:07.697] [SFX] {"sound": "guardian_move", "volume": 0.09}
[2026-09-24 21:43:07.746] [SFX] {"sound": "civ_move_2", "volume": 0.0}
[2026-09-24 21:43:07.747] [SFX] {"sound": "civ_move_1", "volume": 0.05}
[2026-09-24 21:43:07.778] [SFX] {"sound": "civ_move_2", "volume": 0.13}
[2026-09-24 21:43:07.827] [SFX] {"sound": "civ_move_1", "volume": 0.06}
[2026-09-24 21:43:07.876] [SFX] {"sound": "threat_pulse", "volume": 0.64}
[2026-09-24 21:43:07.909] [M] {"button": 1, "pos": [544, 184], "ui_clicked": false}
[2026-09-24 21:43:07.916] [SFX] {"sound": "civ_move_2", "volume": 0.05}
[2026-09-24 21:43:07.917] [P] {"start": [129, 82], "goal": [157, 82], "length": 1, "is_direction_change": false}
[2026-09-24 21:43:07.918] [SFX] {"sound": "click_target", "volume": 0.24}
[2026-09-24 21:43:07.956] [SFX] {"sound": "civ_move_2", "volume": 0.07}
[2026-09-24 21:43:08.023] [SFX] {"sound": "player_move", "volume": 0.4}
[2026-09-24 21:43:08.046] [SFX] {"sound": "civ_move_1", "volume": 0.29}
[2026-09-24 21:43:08.072] [SFX] {"sound": "civ_move_2", "volume": 0.08}
[2026-09-24 21:43:08.094] [SFX] {"sound": "threat_pulse", "volume": 0.65}
[2026-09-24 21:43:08.157] [SFX] {"sound": "civ_move_1", "volume": 0.07}
[2026-09-24 21:43:08.189] [SFX] {"sound": "guardian_move", "volume": 0.35}
[2026-09-24 21:43:08.190] [SFX] {"sound": "civ_move_2", "volume": 0.17}
[2026-09-24 21:43:08.238] [SFX] {"sound": "civ_move_1", "volume": 0.08}
[2026-09-24 21:43:08.304] [SFX] {"sound": "threat_pulse", "volume": 0.65}
[2026-09-24 21:43:08.327] [SFX] {"sound": "civ_move_2", "volume": 0.02}
[2026-09-24 21:43:08.344] [SFX] {"sound": "player_move", "volume": 0.4}
[2026-09-24 21:43:08.372] [SFX] {"sound": "civ_move_2", "volume": 0.07}
[2026-09-24 21:43:08.455] [SFX] {"sound": "civ_move_1", "volume": 0.23}
[2026-09-24 21:43:08.488] [SFX] {"sound": "civ_move_2", "volume": 0.12}
[2026-09-24 21:43:08.512] [SFX] {"sound": "threat_pulse", "volume": 0.64}
[2026-09-24 21:43:08.571] [SFX] {"sound": "civ_move_1", "volume": 0.09}
[2026-09-24 21:43:08.604] [SFX] {"sound": "civ_move_2", "volume": 0.22}
[2026-09-24 21:43:08.654] [SFX] {"sound": "player_move", "volume": 0.4}
[2026-09-24 21:43:08.654] [SFX] {"sound": "civ_move_1", "volume": 0.09}
[2026-09-24 21:43:08.719] [SFX] {"sound": "threat_pulse", "volume": 0.64}
[2026-09-24 21:43:08.785] [SFX] {"sound": "civ_move_2", "volume": 0.06}
[2026-09-24 21:43:08.807] [SFX] {"sound": "guardian_move", "volume": 0.28}
[2026-09-24 21:43:08.865] [SFX] {"sound": "civ_move_1", "volume": 0.18}
[2026-09-24 21:43:08.899] [SFX] {"sound": "civ_move_2", "volume": 0.15}
[2026-09-24 21:43:08.933] [SFX] {"sound": "threat_pulse", "volume": 0.63}
[2026-09-24 21:43:08.966] [SFX] {"sound": "player_move", "volume": 0.4}
[2026-09-24 21:43:08.989] [SFX] {"sound": "civ_move_1", "volume": 0.1}
[2026-09-24 21:43:09.017] [SFX] {"sound": "civ_move_2", "volume": 0.04}
[2026-09-24 21:43:09.017] [SFX] {"sound": "civ_move_2", "volume": 0.25}
[2026-09-24 21:43:09.064] [SFX] {"sound": "civ_move_1", "volume": 0.07}
[2026-09-24 21:43:09.148] [SFX] {"sound": "threat_pulse", "volume": 0.62}
[2026-09-24 21:43:09.197] [SFX] {"sound": "civ_move_2", "volume": 0.03}
[2026-09-24 21:43:09.279] [SFX] {"sound": "player_move", "volume": 0.4}
[2026-09-24 21:43:09.280] [SFX] {"sound": "civ_move_1", "volume": 0.1}
[2026-09-24 21:43:09.312] [SFX] {"sound": "civ_move_2", "volume": 0.16}
[2026-09-24 21:43:09.398] [SFX] {"sound": "civ_move_1", "volume": 0.1}
[2026-09-24 21:43:09.431] [SFX] {"sound": "guardian_move", "volume": 0.14}
[2026-09-24 21:43:09.432] [SFX] {"sound": "civ_move_2", "volume": 0.06}
[2026-09-24 21:43:09.433] [SFX] {"sound": "civ_move_2", "volume": 0.23}
[2026-09-24 21:43:09.453] [SFX] {"sound": "threat_pulse", "volume": 0.6}
[2026-09-24 21:43:09.470] [SFX] {"sound": "civ_move_1", "volume": 0.04}
[2026-09-24 21:43:09.612] [SFX] {"sound": "civ_move_2", "volume": 0.01}
[2026-09-24 21:43:09.679] [SFX] {"sound": "civ_move_1", "volume": 0.08}
[2026-09-24 21:43:09.712] [SFX] {"sound": "civ_move_2", "volume": 0.17}
[2026-09-24 21:43:09.763] [SFX] {"sound": "threat_pulse", "volume": 0.59}
[2026-09-24 21:43:09.812] [SFX] {"sound": "civ_move_1", "volume": 0.1}
[2026-09-24 21:43:09.844] [SFX] {"sound": "civ_move_2", "volume": 0.07}
[2026-09-24 21:43:09.845] [SFX] {"sound": "civ_move_2", "volume": 0.22}
[2026-09-24 21:43:09.876] [SFX] {"sound": "civ_move_1", "volume": 0.04}
[2026-09-24 21:43:10.027] [SFX] {"sound": "civ_move_2", "volume": 0.0}
[2026-09-24 21:43:10.050] [SFX] {"sound": "guardian_move", "volume": 0.11}
[2026-09-24 21:43:10.078] [SFX] {"sound": "threat_pulse", "volume": 0.57}
[2026-09-24 21:43:10.099] [SFX] {"sound": "civ_move_1", "volume": 0.06}
[2026-09-24 21:43:10.126] [SFX] {"sound": "civ_move_2", "volume": 0.18}
[2026-09-24 21:43:10.222] [SFX] {"sound": "civ_move_1", "volume": 0.09}
[2026-09-24 21:43:10.254] [SFX] {"sound": "civ_move_2", "volume": 0.07}
[2026-09-24 21:43:10.255] [SFX] {"sound": "civ_move_2", "volume": 0.21}
[2026-09-24 21:43:10.287] [SFX] {"sound": "civ_move_1", "volume": 0.03}
[2026-09-24 21:43:10.485] [SFX] {"sound": "threat_pulse", "volume": 0.55}
[2026-09-24 21:43:10.507] [SFX] {"sound": "civ_move_1", "volume": 0.05}
[2026-09-24 21:43:10.533] [SFX] {"sound": "civ_move_2", "volume": 0.19}
[2026-09-24 21:43:10.632] [SFX] {"sound": "civ_move_1", "volume": 0.07}
[2026-09-24 21:43:10.654] [SFX] {"sound": "guardian_move", "volume": 0.09}
[2026-09-24 21:43:10.665] [M] {"button": 1, "pos": [545, 182], "ui_clicked": false}
[2026-09-24 21:43:10.673] [SFX] {"sound": "civ_move_2", "volume": 0.07}
[2026-09-24 21:43:10.674] [SFX] {"sound": "civ_move_2", "volume": 0.19}
[2026-09-24 21:43:10.674] [P] {"start": [157, 82], "goal": [185, 82], "length": 1, "is_direction_change": false}
[2026-09-24 21:43:10.675] [SFX] {"sound": "click_target", "volume": 0.24}
[2026-09-24 21:43:10.716] [SFX] {"sound": "civ_move_1", "volume": 0.02}
[2026-09-24 21:43:10.866] [SFX] {"sound": "player_move", "volume": 0.4}
[2026-09-24 21:43:10.899] [SFX] {"sound": "threat_pulse", "volume": 0.53}
[2026-09-24 21:43:10.922] [SFX] {"sound": "civ_move_1", "volume": 0.0}
[2026-09-24 21:43:10.947] [SFX] {"sound": "civ_move_2", "volume": 0.18}
[2026-09-24 21:43:11.047] [SFX] {"sound": "civ_move_1", "volume": 0.06}
[2026-09-24 21:43:11.080] [SFX] {"sound": "civ_move_2", "volume": 0.07}
[2026-09-24 21:43:11.081] [SFX] {"sound": "civ_move_2", "volume": 0.15}
[2026-09-24 21:43:11.179] [SFX] {"sound": "player_move", "volume": 0.4}
[2026-09-24 21:43:11.280] [M] {"button": 1, "pos": [546, 187], "ui_clicked": false}
[2026-09-24 21:43:11.287] [P] {"start": [168, 82], "goal": [193, 82], "length": 1, "is_direction_change": false}
[2026-09-24 21:43:11.288] [SFX] {"sound": "click_target", "volume": 0.31}
[2026-09-24 21:43:11.361] [SFX] {"sound": "civ_move_2", "volume": 0.14}
[2026-09-24 21:43:11.411] [SFX] {"sound": "threat_pulse", "volume": 0.51}
[2026-09-24 21:43:11.461] [SFX] {"sound": "civ_move_1", "volume": 0.01}
[2026-09-24 21:43:11.462] [SFX] {"sound": "civ_move_1", "volume": 0.03}
[2026-09-24 21:43:11.493] [SFX] {"sound": "player_move", "volume": 0.4}
[2026-09-24 21:43:11.494] [SFX] {"sound": "civ_move_2", "volume": 0.05}
[2026-09-24 21:43:11.494] [SFX] {"sound": "civ_move_2", "volume": 0.1}
[2026-09-24 21:43:11.775] [SFX] {"sound": "civ_move_2", "volume": 0.09}
[2026-09-24 21:43:11.807] [SFX] {"sound": "player_move", "volume": 0.4}
[2026-09-24 21:43:11.907] [SFX] {"sound": "civ_move_2", "volume": 0.01}
[2026-09-24 21:43:11.908] [SFX] {"sound": "civ_move_2", "volume": 0.04}
[2026-09-24 21:43:11.929] [SFX] {"sound": "threat_pulse", "volume": 0.48}
[2026-09-24 21:43:11.956] [SFX] {"sound": "guardian_move", "volume": 0.09}
[2026-09-24 21:43:12.122] [SFX] {"sound": "player_move", "volume": 0.4}
[2026-09-24 21:43:12.188] [SFX] {"sound": "civ_move_2", "volume": 0.03}
[2026-09-24 21:43:12.436] [M] {"button": 1, "pos": [546, 187], "ui_clicked": false}
[2026-09-24 21:43:12.443] [SFX] {"sound": "player_move", "volume": 0.4}
[2026-09-24 21:43:12.533] [SFX] {"sound": "threat_pulse", "volume": 0.45}
[2026-09-24 21:43:12.566] [SFX] {"sound": "guardian_move", "volume": 0.18}
[2026-09-24 21:43:12.795] [SFX] {"sound": "civ_move_1", "volume": 0.01}
[2026-09-24 21:43:13.179] [SFX] {"sound": "guardian_move", "volume": 0.18}
[2026-09-24 21:43:13.201] [SFX] {"sound": "civ_move_1", "volume": 0.01}
[2026-09-24 21:43:13.244] [SFX] {"sound": "threat_pulse", "volume": 0.41}
[2026-09-24 21:43:13.608] [SFX] {"sound": "civ_move_1", "volume": 0.01}
[2026-09-24 21:43:13.787] [SFX] {"sound": "guardian_move", "volume": 0.18}
[2026-09-24 21:43:14.015] [SFX] {"sound": "civ_move_1", "volume": 0.01}
[2026-09-24 21:43:14.047] [SFX] {"sound": "threat_pulse", "volume": 0.37}
[2026-09-24 21:43:14.393] [SFX] {"sound": "guardian_move", "volume": 0.23}
[2026-09-24 21:43:14.427] [SFX] {"sound": "civ_move_1", "volume": 0.01}
[2026-09-24 21:43:14.642] [SFX] {"sound": "civ_move_2", "volume": 0.0}
[2026-09-24 21:43:14.835] [SFX] {"sound": "civ_move_1", "volume": 0.01}
[2026-09-24 21:43:14.950] [SFX] {"sound": "threat_pulse", "volume": 0.33}
[2026-09-24 21:43:15.003] [SFX] {"sound": "guardian_move", "volume": 0.23}
[2026-09-24 21:43:15.017] [M] {"button": 1, "pos": [14, 185], "ui_clicked": false}
[2026-09-24 21:43:15.025] [P] {"start": [193, 82], "goal": [154, 82], "length": 1, "is_direction_change": false}
[2026-09-24 21:43:15.026] [SFX] {"sound": "click_target", "volume": 0.03}
[2026-09-24 21:43:15.061] [JACK] Kurzer Blick um die Ecke...
[2026-09-24 21:43:15.075] [SFX] {"sound": "civ_move_2", "volume": 0.0}
[2026-09-24 21:43:15.250] [SFX] {"sound": "civ_move_1", "volume": 0.01}
[2026-09-24 21:43:15.315] [SFX] {"sound": "player_move", "volume": 0.4}
[2026-09-24 21:43:15.478] [SFX] {"sound": "civ_move_2", "volume": 0.01}
[2026-09-24 21:43:15.578] [SFX] {"sound": "civ_move_1", "volume": 0.0}
[2026-09-24 21:43:15.609] [SFX] {"sound": "guardian_move", "volume": 0.1}
[2026-09-24 21:43:15.610] [SFX] {"sound": "civ_move_2", "volume": 0.03}
[2026-09-24 21:43:15.630] [SFX] {"sound": "player_move", "volume": 0.4}
[2026-09-24 21:43:15.659] [SFX] {"sound": "civ_move_1", "volume": 0.01}
[2026-09-24 21:43:15.891] [SFX] {"sound": "civ_move_2", "volume": 0.06}
[2026-09-24 21:43:15.939] [SFX] {"sound": "player_move", "volume": 0.4}
[2026-09-24 21:43:15.989] [SFX] {"sound": "civ_move_1", "volume": 0.01}
[2026-09-24 21:43:16.022] [SFX] {"sound": "civ_move_2", "volume": 0.06}
[2026-09-24 21:43:16.251] [SFX] {"sound": "player_move", "volume": 0.4}
[2026-09-24 21:43:16.301] [SFX] {"sound": "civ_move_2", "volume": 0.12}
[2026-09-24 21:43:16.401] [SFX] {"sound": "civ_move_1", "volume": 0.01}
[2026-09-24 21:43:16.435] [SFX] {"sound": "civ_move_2", "volume": 0.0}
[2026-09-24 21:43:16.435] [SFX] {"sound": "civ_move_2", "volume": 0.07}
[2026-09-24 21:43:16.567] [SFX] {"sound": "player_move", "volume": 0.4}
[2026-09-24 21:43:16.592] [SFX] {"sound": "civ_move_2", "volume": 0.02}
[2026-09-24 21:43:16.717] [SFX] {"sound": "civ_move_2", "volume": 0.17}
[2026-09-24 21:43:16.815] [SFX] {"sound": "civ_move_2", "volume": 0.04}
[2026-09-24 21:43:16.848] [SFX] {"sound": "civ_move_2", "volume": 0.03}
[2026-09-24 21:43:16.849] [SFX] {"sound": "civ_move_2", "volume": 0.06}
[2026-09-24 21:43:16.881] [SFX] {"sound": "player_move", "volume": 0.4}
[2026-09-24 21:43:16.997] [SFX] {"sound": "civ_move_2", "volume": 0.09}
[2026-09-24 21:43:17.129] [SFX] {"sound": "civ_move_2", "volume": 0.21}
[2026-09-24 21:43:17.226] [SFX] {"sound": "civ_move_2", "volume": 0.06}
[2026-09-24 21:43:17.257] [SFX] {"sound": "civ_move_2", "volume": 0.03}
[2026-09-24 21:43:17.258] [SFX] {"sound": "civ_move_2", "volume": 0.05}
[2026-09-24 21:43:17.407] [SFX] {"sound": "civ_move_2", "volume": 0.11}
[2026-09-24 21:43:17.541] [SFX] {"sound": "civ_move_2", "volume": 0.2}
[2026-09-24 21:43:17.626] [SFX] {"sound": "civ_move_2", "volume": 0.06}
[2026-09-24 21:43:17.660] [SFX] {"sound": "civ_move_2", "volume": 0.03}
[2026-09-24 21:43:17.807] [SFX] {"sound": "civ_move_2", "volume": 0.12}
[2026-09-24 21:43:17.954] [M] {"button": 1, "pos": [13, 185], "ui_clicked": false}
[2026-09-24 21:43:17.961] [SFX] {"sound": "civ_move_2", "volume": 0.18}
[2026-09-24 21:43:17.962] [P] {"start": [154, 82], "goal": [115, 82], "length": 1, "is_direction_change": false}
[2026-09-24 21:43:17.963] [SFX] {"sound": "click_target", "volume": 0.03}
[2026-09-24 21:43:18.029] [SFX] {"sound": "civ_move_2", "volume": 0.07}
[2026-09-24 21:43:18.062] [SFX] {"sound": "civ_move_2", "volume": 0.03}
[2026-09-24 21:43:18.063] [SFX] {"sound": "civ_move_2", "volume": 0.02}
[2026-09-24 21:43:18.177] [SFX] {"sound": "player_move", "volume": 0.4}
[2026-09-24 21:43:18.212] [SFX] {"sound": "civ_move_2", "volume": 0.17}
[2026-09-24 21:43:18.359] [SFX] {"sound": "civ_move_2", "volume": 0.23}
[2026-09-24 21:43:18.443] [SFX] {"sound": "civ_move_2", "volume": 0.07}
[2026-09-24 21:43:18.476] [SFX] {"sound": "civ_move_2", "volume": 0.05}
[2026-09-24 21:43:18.498] [SFX] {"sound": "player_move", "volume": 0.4}
[2026-09-24 21:43:18.624] [SFX] {"sound": "civ_move_2", "volume": 0.23}
[2026-09-24 21:43:18.625] [SFX] {"sound": "civ_move_1", "volume": 0.02}
[2026-09-24 21:43:18.772] [SFX] {"sound": "civ_move_2", "volume": 0.26}
[2026-09-24 21:43:18.804] [SFX] {"sound": "player_move", "volume": 0.4}
[2026-09-24 21:43:18.853] [SFX] {"sound": "civ_move_2", "volume": 0.06}
[2026-09-24 21:43:18.984] [C] {"civ_pos": [134, 82]}
[2026-09-24 21:43:19.037] [SFX] {"sound": "civ_move_2", "volume": 0.3}
[2026-09-24 21:43:19.038] [SFX] {"sound": "civ_move_1", "volume": 0.04}
[2026-09-24 21:43:19.119] [SFX] {"sound": "player_move", "volume": 0.4}
[2026-09-24 21:43:19.183] [SFX] {"sound": "civ_move_2", "volume": 0.29}
[2026-09-24 21:43:19.266] [SFX] {"sound": "civ_move_2", "volume": 0.03}
[2026-09-24 21:43:19.299] [SFX] {"sound": "civ_move_2", "volume": 0.07}
[2026-09-24 21:43:19.429] [SFX] {"sound": "player_move", "volume": 0.4}
[2026-09-24 21:43:19.452] [SFX] {"sound": "civ_move_2", "volume": 0.23}
[2026-09-24 21:43:19.453] [SFX] {"sound": "civ_move_1", "volume": 0.06}
[2026-09-24 21:43:19.545] [SFX] {"sound": "civ_move_1", "volume": 0.02}
[2026-09-24 21:43:19.593] [SFX] {"sound": "civ_move_2", "volume": 0.24}
[2026-09-24 21:43:19.709] [SFX] {"sound": "civ_move_2", "volume": 0.07}
[2026-09-24 21:43:19.744] [SFX] {"sound": "player_move", "volume": 0.4}
[2026-09-24 21:43:19.793] [SFX] {"sound": "guardian_move", "volume": 0.09}
[2026-09-24 21:43:19.862] [SFX] {"sound": "civ_move_2", "volume": 0.16}
[2026-09-24 21:43:19.863] [SFX] {"sound": "civ_move_1", "volume": 0.07}
[2026-09-24 21:43:20.009] [SFX] {"sound": "civ_move_2", "volume": 0.19}
[2026-09-24 21:43:20.124] [SFX] {"sound": "civ_move_2", "volume": 0.07}
[2026-09-24 21:43:20.273] [SFX] {"sound": "civ_move_2", "volume": 0.12}
[2026-09-24 21:43:20.274] [SFX] {"sound": "civ_move_2", "volume": 0.01}
[2026-09-24 21:43:20.275] [SFX] {"sound": "civ_move_1", "volume": 0.07}
[2026-09-24 21:43:20.405] [SFX] {"sound": "guardian_move", "volume": 0.12}
[2026-09-24 21:43:20.438] [SFX] {"sound": "civ_move_2", "volume": 0.19}
[2026-09-24 21:43:20.537] [SFX] {"sound": "civ_move_2", "volume": 0.07}
[2026-09-24 21:43:20.603] [M] {"button": 1, "pos": [459, 191], "ui_clicked": false}
[2026-09-24 21:43:20.684] [SFX] {"sound": "civ_move_2", "volume": 0.1}
[2026-09-24 21:43:20.685] [SFX] {"sound": "civ_move_1", "volume": 0.07}
[2026-09-24 21:43:20.785] [SFX] {"sound": "civ_move_1", "volume": 0.06}
[2026-09-24 21:43:20.852] [SFX] {"sound": "civ_move_2", "volume": 0.18}
[2026-09-24 21:43:20.952] [SFX] {"sound": "civ_move_2", "volume": 0.07}
[2026-09-24 21:43:21.018] [SFX] {"sound": "guardian_move", "volume": 0.09}
[2026-09-24 21:43:21.099] [SFX] {"sound": "civ_move_2", "volume": 0.1}
[2026-09-24 21:43:21.100] [SFX] {"sound": "civ_move_1", "volume": 0.07}
[2026-09-24 21:43:21.131] [M] {"button": 1, "pos": [460, 188], "ui_clicked": false}
[2026-09-24 21:43:21.140] [SFX] {"sound": "click_target", "volume": 0.45}
[2026-09-24 21:43:21.155] [SFX] {"sound": "player_move", "volume": 0.4}
[2026-09-24 21:43:21.199] [SFX] {"sound": "civ_move_1", "volume": 0.04}
[2026-09-24 21:43:21.264] [SFX] {"sound": "civ_move_2", "volume": 0.19}
[2026-09-24 21:43:21.366] [SFX] {"sound": "civ_move_2", "volume": 0.07}
[2026-09-24 21:43:21.464] [SFX] {"sound": "player_move", "volume": 0.4}
[2026-09-24 21:43:21.512] [SFX] {"sound": "civ_move_2", "volume": 0.15}
[2026-09-24 21:43:21.513] [SFX] {"sound": "civ_move_1", "volume": 0.05}
[2026-09-24 21:43:21.677] [SFX] {"sound": "civ_move_2", "volume": 0.24}
[2026-09-24 21:43:21.777] [SFX] {"sound": "player_move", "volume": 0.4}
[2026-09-24 21:43:21.778] [SFX] {"sound": "civ_move_2", "volume": 0.06}
[2026-09-24 21:43:21.927] [SFX] {"sound": "civ_move_2", "volume": 0.21}
[2026-09-24 21:43:21.928] [SFX] {"sound": "civ_move_1", "volume": 0.01}
[2026-09-24 21:43:22.058] [C] {"civ_pos": [135, 82]}
[2026-09-24 21:43:22.088] [JACK] Sieht aus wie ein harmloses Datenpaket. Oder verbirgt er was?
[2026-09-24 21:43:22.102] [SFX] {"sound": "player_move", "volume": 0.4}
[2026-09-24 21:43:22.103] [SFX] {"sound": "civ_move_2", "volume": 0.29}
[2026-09-24 21:43:22.103] [SFX] {"sound": "threat_pulse", "volume": 0.3}
[2026-09-24 21:43:22.145] [SFX] {"sound": "civ_move_2", "volume": 0.0}
[2026-09-24 21:43:22.178] [SFX] {"sound": "civ_move_2", "volume": 0.03}
[2026-09-24 21:43:22.342] [SFX] {"sound": "civ_move_2", "volume": 0.23}
[2026-09-24 21:43:22.407] [SFX] {"sound": "player_move", "volume": 0.4}
[2026-09-24 21:43:22.508] [SFX] {"sound": "civ_move_2", "volume": 0.29}
[2026-09-24 21:43:22.557] [SFX] {"sound": "civ_move_2", "volume": 0.0}
[2026-09-24 21:43:22.592] [SFX] {"sound": "civ_move_2", "volume": 0.01}
[2026-09-24 21:43:22.723] [SFX] {"sound": "player_move", "volume": 0.4}
[2026-09-24 21:43:22.757] [SFX] {"sound": "civ_move_2", "volume": 0.23}
[2026-09-24 21:43:22.919] [SFX] {"sound": "civ_move_2", "volume": 0.29}
[2026-09-24 21:43:22.970] [SFX] {"sound": "civ_move_2", "volume": 0.0}
[2026-09-24 21:43:23.003] [SFX] {"sound": "threat_pulse", "volume": 0.31}
[2026-09-24 21:43:23.035] [SFX] {"sound": "player_move", "volume": 0.4}
[2026-09-24 21:43:23.166] [SFX] {"sound": "civ_move_2", "volume": 0.23}
[2026-09-24 21:43:23.329] [SFX] {"sound": "civ_move_2", "volume": 0.29}
[2026-09-24 21:43:23.351] [SFX] {"sound": "player_move", "volume": 0.4}
[2026-09-24 21:43:23.377] [SFX] {"sound": "civ_move_2", "volume": 0.0}
[2026-09-24 21:43:23.426] [M] {"button": 1, "pos": [390, 191], "ui_clicked": true}
[2026-09-24 21:43:23.580] [SFX] {"sound": "civ_move_2", "volume": 0.23}
[2026-09-24 21:43:23.647] [SFX] {"sound": "player_move", "volume": 0.4}
[2026-09-24 21:43:23.743] [SFX] {"sound": "civ_move_2", "volume": 0.29}
[2026-09-24 21:43:23.876] [SFX] {"sound": "civ_move_1", "volume": 0.01}
[2026-09-24 21:43:23.911] [SFX] {"sound": "threat_pulse", "volume": 0.32}
[2026-09-24 21:43:23.960] [SFX] {"sound": "player_move", "volume": 0.4}
[2026-09-24 21:43:23.993] [SFX] {"sound": "civ_move_2", "volume": 0.22}
[2026-09-24 21:43:24.144] [SFX] {"sound": "civ_move_2", "volume": 0.29}
[2026-09-24 21:43:24.261] [SFX] {"sound": "player_move", "volume": 0.4}
[2026-09-24 21:43:24.284] [SFX] {"sound": "civ_move_1", "volume": 0.02}
[2026-09-24 21:43:24.395] [SFX] {"sound": "civ_move_2", "volume": 0.22}
[2026-09-24 21:43:24.559] [SFX] {"sound": "civ_move_2", "volume": 0.29}
[2026-09-24 21:43:24.560] [C] {"civ_pos": [143, 82]}
[2026-09-24 21:43:24.589] [SFX] {"sound": "player_move", "volume": 0.4}
[2026-09-24 21:43:24.681] [SFX] {"sound": "civ_move_1", "volume": 0.04}
[2026-09-24 21:43:24.798] [SFX] {"sound": "civ_move_2", "volume": 0.23}
[2026-09-24 21:43:24.821] [SFX] {"sound": "threat_pulse", "volume": 0.34}
[2026-09-24 21:43:24.879] [SFX] {"sound": "player_move", "volume": 0.4}
[2026-09-24 21:43:24.962] [SFX] {"sound": "civ_move_2", "volume": 0.29}
[2026-09-24 21:43:25.094] [SFX] {"sound": "civ_move_1", "volume": 0.05}
[2026-09-24 21:43:25.194] [SFX] {"sound": "player_move", "volume": 0.4}
[2026-09-24 21:43:25.217] [SFX] {"sound": "civ_move_2", "volume": 0.23}
[2026-09-24 21:43:25.375] [SFX] {"sound": "civ_move_2", "volume": 0.29}
[2026-09-24 21:43:25.506] [SFX] {"sound": "player_move", "volume": 0.4}
[2026-09-24 21:43:25.506] [SFX] {"sound": "civ_move_1", "volume": 0.06}
[2026-09-24 21:43:25.621] [SFX] {"sound": "civ_move_2", "volume": 0.24}
[2026-09-24 21:43:25.720] [SFX] {"sound": "threat_pulse", "volume": 0.35}
[2026-09-24 21:43:25.785] [SFX] {"sound": "civ_move_2", "volume": 0.29}
[2026-09-24 21:43:25.818] [SFX] {"sound": "player_move", "volume": 0.4}
[2026-09-24 21:43:25.917] [SFX] {"sound": "civ_move_1", "volume": 0.07}
[2026-09-24 21:43:26.031] [SFX] {"sound": "civ_move_2", "volume": 0.23}
[2026-09-24 21:43:26.128] [SFX] {"sound": "player_move", "volume": 0.4}
[2026-09-24 21:43:26.177] [SFX] {"sound": "civ_move_2", "volume": 0.01}
[2026-09-24 21:43:26.200] [SFX] {"sound": "civ_move_2", "volume": 0.29}
[2026-09-24 21:43:26.329] [SFX] {"sound": "civ_move_1", "volume": 0.07}
[2026-09-24 21:43:26.443] [SFX] {"sound": "player_move", "volume": 0.4}
[2026-09-24 21:43:26.444] [SFX] {"sound": "civ_move_2", "volume": 0.23}
[2026-09-24 21:43:26.593] [SFX] {"sound": "civ_move_2", "volume": 0.02}
[2026-09-24 21:43:26.616] [SFX] {"sound": "civ_move_2", "volume": 0.29}
[2026-09-24 21:43:26.631] [SFX] {"sound": "threat_pulse", "volume": 0.36}
[2026-09-24 21:43:26.741] [SFX] {"sound": "civ_move_1", "volume": 0.07}
[2026-09-24 21:43:26.764] [SFX] {"sound": "player_move", "volume": 0.4}
[2026-09-24 21:43:26.855] [SFX] {"sound": "civ_move_2", "volume": 0.22}
[2026-09-24 21:43:27.002] [SFX] {"sound": "civ_move_2", "volume": 0.03}
[2026-09-24 21:43:27.025] [SFX] {"sound": "civ_move_2", "volume": 0.29}
[2026-09-24 21:43:27.067] [SFX] {"sound": "player_move", "volume": 0.4}
[2026-09-24 21:43:27.068] [SFX] {"sound": "civ_move_2", "volume": 0.01}
[2026-09-24 21:43:27.069] [C] {"civ_pos": [152, 81]}
[2026-09-24 21:43:27.153] [SFX] {"sound": "civ_move_1", "volume": 0.08}
[2026-09-24 21:43:27.221] [M] {"button": 1, "pos": [448, 263], "ui_clicked": true}
[2026-09-24 21:43:27.243] [SFX] {"sound": "infiltrate 1", "volume": 0.5}
[2026-09-24 21:43:27.266] [SFX] {"sound": "civ_move_2", "volume": 0.21}
[2026-09-24 21:43:27.376] [SFX] {"sound": "player_move", "volume": 0.4}
[2026-09-24 21:43:27.409] [SFX] {"sound": "civ_move_2", "volume": 0.06}
[2026-09-24 21:43:27.431] [SFX] {"sound": "civ_move_2", "volume": 0.29}
[2026-09-24 21:43:27.475] [SFX] {"sound": "civ_move_2", "volume": 0.02}
[2026-09-24 21:43:27.526] [SFX] {"sound": "threat_pulse", "volume": 0.37}
[2026-09-24 21:43:27.576] [SFX] {"sound": "civ_move_1", "volume": 0.09}
[2026-09-24 21:43:27.658] [SFX] {"sound": "infiltrate 1", "volume": 0.5}
[2026-09-24 21:43:27.679] [SFX] {"sound": "civ_move_2", "volume": 0.21}
[2026-09-24 21:43:27.695] [SFX] {"sound": "player_move", "volume": 0.4}
[2026-09-24 21:43:27.822] [SFX] {"sound": "civ_move_2", "volume": 0.08}
[2026-09-24 21:43:27.846] [SFX] {"sound": "civ_move_2", "volume": 0.29}
[2026-09-24 21:43:27.888] [SFX] {"sound": "civ_move_2", "volume": 0.04}
[2026-09-24 21:43:27.986] [SFX] {"sound": "civ_move_1", "volume": 0.1}
[2026-09-24 21:43:28.008] [SFX] {"sound": "player_move", "volume": 0.4}
[2026-09-24 21:43:28.067] [SFX] {"sound": "infiltrate 1", "volume": 0.5}
[2026-09-24 21:43:28.089] [SFX] {"sound": "civ_move_2", "volume": 0.21}
[2026-09-24 21:43:28.217] [SFX] {"sound": "civ_move_2", "volume": 0.15}
[2026-09-24 21:43:28.241] [SFX] {"sound": "civ_move_2", "volume": 0.11}
[2026-09-24 21:43:28.256] [SFX] {"sound": "civ_move_2", "volume": 0.29}
[2026-09-24 21:43:28.300] [SFX] {"sound": "civ_move_2", "volume": 0.05}
[2026-09-24 21:43:28.324] [SFX] {"sound": "player_move", "volume": 0.4}
[2026-09-24 21:43:28.401] [SFX] {"sound": "civ_move_1", "volume": 0.11}
[2026-09-24 21:43:28.422] [SFX] {"sound": "guardian_move", "volume": 0.01}
[2026-09-24 21:43:28.440] [SFX] {"sound": "threat_pulse", "volume": 0.38}
[2026-09-24 21:43:28.467] [SFX] {"sound": "infiltrate 2", "volume": 0.5}
[2026-09-24 21:43:28.500] [SFX] {"sound": "civ_move_2", "volume": 0.21}
[2026-09-24 21:43:28.617] [SFX] {"sound": "player_move", "volume": 0.4}
[2026-09-24 21:43:28.618] [SFX] {"sound": "civ_move_2", "volume": 0.15}
[2026-09-24 21:43:28.650] [SFX] {"sound": "civ_move_2", "volume": 0.12}
[2026-09-24 21:43:28.674] [SFX] {"sound": "civ_move_2", "volume": 0.29}
[2026-09-24 21:43:28.701] [SFX] {"sound": "civ_move_2", "volume": 0.07}
[2026-09-24 21:43:28.815] [SFX] {"sound": "civ_move_1", "volume": 0.11}
[2026-09-24 21:43:28.879] [SFX] {"sound": "infiltrate 1", "volume": 0.5}
[2026-09-24 21:43:28.911] [SFX] {"sound": "civ_move_2", "volume": 0.2}
[2026-09-24 21:43:28.934] [SFX] {"sound": "player_move", "volume": 0.4}
[2026-09-24 21:43:29.024] [SFX] {"sound": "guardian_move", "volume": 0.03}
[2026-09-24 21:43:29.025] [SFX] {"sound": "civ_move_2", "volume": 0.16}
[2026-09-24 21:43:29.058] [SFX] {"sound": "civ_move_2", "volume": 0.12}
[2026-09-24 21:43:29.078] [SFX] {"sound": "civ_move_2", "volume": 0.29}
[2026-09-24 21:43:29.106] [SFX] {"sound": "civ_move_2", "volume": 0.09}
[2026-09-24 21:43:29.223] [SFX] {"sound": "civ_move_1", "volume": 0.1}
[2026-09-24 21:43:29.247] [SFX] {"sound": "player_move", "volume": 0.4}
[2026-09-24 21:43:29.290] [SFX] {"sound": "infiltrate 2", "volume": 0.5}
[2026-09-24 21:43:29.323] [SFX] {"sound": "civ_move_2", "volume": 0.19}
[2026-09-24 21:43:29.345] [SFX] {"sound": "threat_pulse", "volume": 0.46}
[2026-09-24 21:43:29.438] [SFX] {"sound": "civ_move_2", "volume": 0.17}
[2026-09-24 21:43:29.471] [SFX] {"sound": "civ_move_2", "volume": 0.12}
[2026-09-24 21:43:29.492] [SFX] {"sound": "civ_move_2", "volume": 0.29}
[2026-09-24 21:43:29.520] [SFX] {"sound": "civ_move_2", "volume": 0.1}
[2026-09-24 21:43:29.553] [SFX] {"sound": "player_move", "volume": 0.4}
[2026-09-24 21:43:29.577] [C] {"civ_pos": [152, 74]}
[2026-09-24 21:43:29.598] [JACK] Interessante Signatur... Ein ziviler Node. Sollen wir näher ran?
[2026-09-24 21:43:29.639] [SFX] {"sound": "guardian_move", "volume": 0.05}
[2026-09-24 21:43:29.640] [SFX] {"sound": "civ_move_1", "volume": 0.1}
[2026-09-24 21:43:29.705] [SFX] {"sound": "infiltrate 2", "volume": 0.5}
[2026-09-24 21:43:29.738] [SFX] {"sound": "civ_move_2", "volume": 0.18}
[2026-09-24 21:43:29.852] [SFX] {"sound": "civ_move_2", "volume": 0.17}
[2026-09-24 21:43:29.875] [SFX] {"sound": "player_move", "volume": 0.4}
[2026-09-24 21:43:29.889] [SFX] {"sound": "civ_move_2", "volume": 0.12}
[2026-09-24 21:43:29.906] [SFX] {"sound": "civ_move_2", "volume": 0.29}
[2026-09-24 21:43:29.934] [SFX] {"sound": "civ_move_2", "volume": 0.11}
[2026-09-24 21:43:30.050] [SFX] {"sound": "civ_move_1", "volume": 0.09}
[2026-09-24 21:43:30.051] [SFX] {"sound": "threat_pulse", "volume": 0.53}
[2026-09-24 21:43:30.118] [SFX] {"sound": "infiltrate 1", "volume": 0.5}
[2026-09-24 21:43:30.149] [SFX] {"sound": "civ_move_2", "volume": 0.16}
[2026-09-24 21:43:30.183] [SFX] {"sound": "player_move", "volume": 0.4}
[2026-09-24 21:43:30.234] [SFX] {"sound": "hack_success", "volume": 1.0}
[2026-09-24 21:43:30.257] [SFX] {"sound": "guardian_move", "volume": 0.07}
[2026-09-24 21:43:30.273] [SFX] {"sound": "civ_move_2", "volume": 0.17}
[2026-09-24 21:43:30.299] [SFX] {"sound": "civ_move_2", "volume": 0.12}
[2026-09-24 21:43:30.321] [SFX] {"sound": "civ_move_2", "volume": 0.29}
[2026-09-24 21:43:30.348] [SFX] {"sound": "civ_move_2", "volume": 0.12}
[2026-09-24 21:43:30.382] [SFX] {"sound": "civ_move_1", "volume": 0.01}
[2026-09-24 21:43:30.449] [SFX] {"sound": "civ_move_1", "volume": 0.09}
[2026-09-24 21:43:30.551] [SFX] {"sound": "civ_move_2", "volume": 0.15}
[2026-09-24 21:43:30.552] [SFX] {"sound": "threat_pulse", "volume": 0.53}
[2026-09-24 21:43:30.667] [SFX] {"sound": "civ_move_2", "volume": 0.18}
[2026-09-24 21:43:30.700] [SFX] {"sound": "civ_move_2", "volume": 0.12}
[2026-09-24 21:43:30.723] [SFX] {"sound": "civ_move_2", "volume": 0.29}
[2026-09-24 21:43:30.763] [SFX] {"sound": "civ_move_2", "volume": 0.12}
[2026-09-24 21:43:30.797] [SFX] {"sound": "civ_move_1", "volume": 0.01}
[2026-09-24 21:43:30.862] [SFX] {"sound": "guardian_move", "volume": 0.09}
[2026-09-24 21:43:30.863] [SFX] {"sound": "civ_move_1", "volume": 0.08}
[2026-09-24 21:43:30.878] [M] {"button": 1, "pos": [277, 230], "ui_clicked": false}
[2026-09-24 21:43:30.885] [SFX] {"sound": "click_target", "volume": 0.64}
[2026-09-24 21:43:30.959] [SFX] {"sound": "civ_move_2", "volume": 0.14}
[2026-09-24 21:43:31.058] [SFX] {"sound": "threat_pulse", "volume": 0.5}
[2026-09-24 21:43:31.081] [SFX] {"sound": "civ_move_2", "volume": 0.2}
[2026-09-24 21:43:31.109] [SFX] {"sound": "civ_move_2", "volume": 0.08}
[2026-09-24 21:43:31.131] [SFX] {"sound": "civ_move_2", "volume": 0.26}
[2026-09-24 21:43:31.150] [SFX] {"sound": "player_move", "volume": 0.4}
[2026-09-24 21:43:31.175] [SFX] {"sound": "civ_move_2", "volume": 0.08}
[2026-09-24 21:43:31.275] [SFX] {"sound": "civ_move_1", "volume": 0.04}
[2026-09-24 21:43:31.374] [SFX] {"sound": "civ_move_2", "volume": 0.1}
[2026-09-24 21:43:31.455] [SFX] {"sound": "player_move", "volume": 0.4}
[2026-09-24 21:43:31.477] [SFX] {"sound": "guardian_move", "volume": 0.03}
[2026-09-24 21:43:31.494] [SFX] {"sound": "civ_move_2", "volume": 0.29}
[2026-09-24 21:43:31.520] [SFX] {"sound": "civ_move_2", "volume": 0.07}
[2026-09-24 21:43:31.542] [SFX] {"sound": "civ_move_2", "volume": 0.24}
[2026-09-24 21:43:31.568] [SFX] {"sound": "threat_pulse", "volume": 0.49}
[2026-09-24 21:43:31.590] [SFX] {"sound": "civ_move_2", "volume": 0.07}
[2026-09-24 21:43:31.683] [SFX] {"sound": "civ_move_1", "volume": 0.04}
[2026-09-24 21:43:31.765] [SFX] {"sound": "player_move", "volume": 0.4}
[2026-09-24 21:43:31.788] [SFX] {"sound": "civ_move_2", "volume": 0.1}
[2026-09-24 21:43:31.897] [SFX] {"sound": "civ_move_2", "volume": 0.3}
[2026-09-24 21:43:31.931] [SFX] {"sound": "civ_move_2", "volume": 0.07}
[2026-09-24 21:43:31.953] [SFX] {"sound": "civ_move_2", "volume": 0.24}
[2026-09-24 21:43:31.964] [M] {"button": 1, "pos": [238, 194], "ui_clicked": false}
[2026-09-24 21:43:31.998] [SFX] {"sound": "civ_move_2", "volume": 0.07}
[2026-09-24 21:43:32.064] [SFX] {"sound": "player_move", "volume": 0.4}
[2026-09-24 21:43:32.088] [SFX] {"sound": "guardian_move", "volume": 0.05}
[2026-09-24 21:43:32.088] [C] {"civ_pos": [150, 82]}
[2026-09-24 21:43:32.113] [SFX] {"sound": "civ_move_1", "volume": 0.03}
[2026-09-24 21:43:32.171] [SFX] {"sound": "threat_pulse", "volume": 0.5}
[2026-09-24 21:43:32.193] [SFX] {"sound": "civ_move_2", "volume": 0.09}
[2026-09-24 21:43:32.305] [SFX] {"sound": "civ_move_2", "volume": 0.29}
[2026-09-24 21:43:32.339] [SFX] {"sound": "civ_move_2", "volume": 0.07}
[2026-09-24 21:43:32.362] [SFX] {"sound": "civ_move_2", "volume": 0.24}
[2026-09-24 21:43:32.378] [SFX] {"sound": "player_move", "volume": 0.4}
[2026-09-24 21:43:32.404] [SFX] {"sound": "civ_move_2", "volume": 0.07}
[2026-09-24 21:43:32.486] [M] {"button": 1, "pos": [222, 179], "ui_clicked": false}
[2026-09-24 21:43:32.503] [SFX] {"sound": "civ_move_1", "volume": 0.02}
[2026-09-24 21:43:32.601] [SFX] {"sound": "civ_move_2", "volume": 0.08}
[2026-09-24 21:43:32.682] [SFX] {"sound": "player_move", "volume": 0.4}
[2026-09-24 21:43:32.683] [SFX] {"sound": "guardian_move", "volume": 0.07}
[2026-09-24 21:43:32.683] [SFX] {"sound": "threat_pulse", "volume": 0.51}
[2026-09-24 21:43:32.714] [SFX] {"sound": "civ_move_2", "volume": 0.3}
[2026-09-24 21:43:32.748] [SFX] {"sound": "civ_move_2", "volume": 0.06}
[2026-09-24 21:43:32.770] [SFX] {"sound": "civ_move_2", "volume": 0.25}
[2026-09-24 21:43:32.814] [SFX] {"sound": "civ_move_2", "volume": 0.07}
[2026-09-24 21:43:32.910] [M] {"button": 1, "pos": [224, 185], "ui_clicked": false}
[2026-09-24 21:43:32.918] [SFX] {"sound": "civ_move_1", "volume": 0.01}
[2026-09-24 21:43:32.919] [SFX] {"sound": "action_cancel", "volume": 1.0}
[2026-09-24 21:43:32.920] [P] {"start": [152, 81], "goal": [139, 82], "length": 2, "is_direction_change": false}
[2026-09-24 21:43:32.921] [SFX] {"sound": "click_target", "volume": 0.55}
[2026-09-24 21:43:32.997] [SFX] {"sound": "player_move", "volume": 0.4}
[2026-09-24 21:43:33.018] [SFX] {"sound": "civ_move_2", "volume": 0.07}
[2026-09-24 21:43:33.128] [SFX] {"sound": "civ_move_2", "volume": 0.27}
[2026-09-24 21:43:33.161] [SFX] {"sound": "civ_move_2", "volume": 0.06}
[2026-09-24 21:43:33.182] [SFX] {"sound": "civ_move_2", "volume": 0.23}
[2026-09-24 21:43:33.199] [SFX] {"sound": "threat_pulse", "volume": 0.5}
[2026-09-24 21:43:33.227] [SFX] {"sound": "civ_move_2", "volume": 0.07}
[2026-09-24 21:43:33.293] [SFX] {"sound": "guardian_move", "volume": 0.05}
[2026-09-24 21:43:33.315] [SFX] {"sound": "player_move", "volume": 0.4}
[2026-09-24 21:43:33.332] [SFX] {"sound": "civ_move_1", "volume": 0.03}
[2026-09-24 21:43:33.392] [SFX] {"sound": "civ_move_2", "volume": 0.04}
[2026-09-24 21:43:33.541] [SFX] {"sound": "civ_move_2", "volume": 0.22}
[2026-09-24 21:43:33.574] [SFX] {"sound": "civ_move_2", "volume": 0.07}
[2026-09-24 21:43:33.597] [SFX] {"sound": "civ_move_2", "volume": 0.2}
[2026-09-24 21:43:33.625] [SFX] {"sound": "player_move", "volume": 0.4}
[2026-09-24 21:43:33.647] [SFX] {"sound": "civ_move_2", "volume": 0.07}
[2026-09-24 21:43:33.739] [SFX] {"sound": "civ_move_1", "volume": 0.05}
[2026-09-24 21:43:33.807] [SFX] {"sound": "civ_move_2", "volume": 0.06}
[2026-09-24 21:43:33.807] [SFX] {"sound": "threat_pulse", "volume": 0.48}
[2026-09-24 21:43:33.839] [SFX] {"sound": "civ_move_2", "volume": 0.01}
[2026-09-24 21:43:33.903] [SFX] {"sound": "guardian_move", "volume": 0.03}
[2026-09-24 21:43:33.952] [SFX] {"sound": "civ_move_2", "volume": 0.19}
[2026-09-24 21:43:33.984] [SFX] {"sound": "civ_move_2", "volume": 0.07}
[2026-09-24 21:43:34.006] [SFX] {"sound": "civ_move_2", "volume": 0.19}
[2026-09-24 21:43:34.050] [SFX] {"sound": "civ_move_2", "volume": 0.07}
[2026-09-24 21:43:34.147] [SFX] {"sound": "civ_move_1", "volume": 0.04}
[2026-09-24 21:43:34.214] [SFX] {"sound": "civ_move_2", "volume": 0.06}
[2026-09-24 21:43:34.247] [SFX] {"sound": "civ_move_2", "volume": 0.0}
[2026-09-24 21:43:34.365] [SFX] {"sound": "civ_move_2", "volume": 0.19}
[2026-09-24 21:43:34.398] [SFX] {"sound": "civ_move_2", "volume": 0.07}
[2026-09-24 21:43:34.421] [SFX] {"sound": "civ_move_2", "volume": 0.19}
[2026-09-24 21:43:34.422] [SFX] {"sound": "threat_pulse", "volume": 0.45}
[2026-09-24 21:43:34.466] [SFX] {"sound": "civ_move_2", "volume": 0.07}
[2026-09-24 21:43:34.516] [SFX] {"sound": "guardian_move", "volume": 0.0}
[2026-09-24 21:43:34.516] [SFX] {"sound": "guardian_move", "volume": 0.05}
[2026-09-24 21:43:34.547] [SFX] {"sound": "civ_move_1", "volume": 0.03}
[2026-09-24 21:43:34.628] [SFX] {"sound": "civ_move_2", "volume": 0.07}
[2026-09-24 21:43:34.778] [SFX] {"sound": "civ_move_2", "volume": 0.18}
[2026-09-24 21:43:34.813] [SFX] {"sound": "civ_move_2", "volume": 0.07}
[2026-09-24 21:43:34.834] [SFX] {"sound": "civ_move_2", "volume": 0.19}
[2026-09-24 21:43:34.877] [SFX] {"sound": "civ_move_2", "volume": 0.07}
[2026-09-24 21:43:34.961] [SFX] {"sound": "civ_move_1", "volume": 0.03}
[2026-09-24 21:43:35.044] [SFX] {"sound": "civ_move_2", "volume": 0.07}
[2026-09-24 21:43:35.126] [SFX] {"sound": "guardian_move", "volume": 0.03}
[2026-09-24 21:43:35.127] [SFX] {"sound": "guardian_move", "volume": 0.06}
[2026-09-24 21:43:35.127] [SFX] {"sound": "threat_pulse", "volume": 0.41}
[2026-09-24 21:43:35.191] [SFX] {"sound": "civ_move_2", "volume": 0.17}
[2026-09-24 21:43:35.224] [SFX] {"sound": "civ_move_2", "volume": 0.06}
[2026-09-24 21:43:35.247] [SFX] {"sound": "civ_move_2", "volume": 0.19}
[2026-09-24 21:43:35.289] [SFX] {"sound": "civ_move_2", "volume": 0.07}
[2026-09-24 21:43:35.371] [SFX] {"sound": "civ_move_1", "volume": 0.02}
[2026-09-24 21:43:35.453] [SFX] {"sound": "civ_move_2", "volume": 0.07}
[2026-09-24 21:43:35.600] [SFX] {"sound": "civ_move_2", "volume": 0.17}
[2026-09-24 21:43:35.633] [SFX] {"sound": "civ_move_2", "volume": 0.06}
[2026-09-24 21:43:35.656] [SFX] {"sound": "civ_move_2", "volume": 0.19}
[2026-09-24 21:43:35.701] [SFX] {"sound": "civ_move_2", "volume": 0.07}
[2026-09-24 21:43:35.723] [SFX] {"sound": "civ_move_1", "volume": 0.01}
[2026-09-24 21:43:35.739] [SFX] {"sound": "guardian_move", "volume": 0.05}
[2026-09-24 21:43:35.740] [SFX] {"sound": "guardian_move", "volume": 0.07}
[2026-09-24 21:43:35.781] [SFX] {"sound": "civ_move_1", "volume": 0.01}
[2026-09-24 21:43:35.865] [SFX] {"sound": "civ_move_2", "volume": 0.07}
[2026-09-24 21:43:35.933] [SFX] {"sound": "threat_pulse", "volume": 0.37}
[2026-09-24 21:43:36.015] [SFX] {"sound": "civ_move_2", "volume": 0.16}
[2026-09-24 21:43:36.047] [SFX] {"sound": "civ_move_2", "volume": 0.06}
[2026-09-24 21:43:36.070] [SFX] {"sound": "civ_move_2", "volume": 0.19}
[2026-09-24 21:43:36.116] [SFX] {"sound": "civ_move_2", "volume": 0.07}
[2026-09-24 21:43:36.138] [SFX] {"sound": "civ_move_1", "volume": 0.02}
[2026-09-24 21:43:36.196] [SFX] {"sound": "civ_move_1", "volume": 0.0}
[2026-09-24 21:43:36.279] [SFX] {"sound": "civ_move_2", "volume": 0.07}
[2026-09-24 21:43:36.344] [SFX] {"sound": "guardian_move", "volume": 0.08}
[2026-09-24 21:43:36.345] [SFX] {"sound": "civ_move_2", "volume": 0.0}
[2026-09-24 21:43:36.427] [SFX] {"sound": "civ_move_2", "volume": 0.15}
[2026-09-24 21:43:36.460] [SFX] {"sound": "civ_move_2", "volume": 0.05}
[2026-09-24 21:43:36.483] [SFX] {"sound": "civ_move_2", "volume": 0.19}
[2026-09-24 21:43:36.525] [SFX] {"sound": "civ_move_2", "volume": 0.07}
[2026-09-24 21:43:36.547] [SFX] {"sound": "civ_move_1", "volume": 0.03}
[2026-09-24 21:43:36.688] [SFX] {"sound": "civ_move_2", "volume": 0.07}
[2026-09-24 21:43:36.753] [SFX] {"sound": "civ_move_2", "volume": 0.01}
[2026-09-24 21:43:36.836] [SFX] {"sound": "civ_move_2", "volume": 0.14}
[2026-09-24 21:43:36.837] [SFX] {"sound": "threat_pulse", "volume": 0.32}
[2026-09-24 21:43:36.869] [SFX] {"sound": "civ_move_2", "volume": 0.05}
[2026-09-24 21:43:36.889] [SFX] {"sound": "civ_move_2", "volume": 0.19}
[2026-09-24 21:43:36.933] [SFX] {"sound": "civ_move_2", "volume": 0.07}
[2026-09-24 21:43:36.956] [SFX] {"sound": "guardian_move", "volume": 0.1}
[2026-09-24 21:43:36.957] [SFX] {"sound": "guardian_move", "volume": 0.09}
[2026-09-24 21:43:36.957] [SFX] {"sound": "civ_move_1", "volume": 0.04}
[2026-09-24 21:43:37.100] [SFX] {"sound": "civ_move_2", "volume": 0.07}
[2026-09-24 21:43:37.167] [SFX] {"sound": "civ_move_2", "volume": 0.02}
[2026-09-24 21:43:37.251] [SFX] {"sound": "civ_move_2", "volume": 0.13}
[2026-09-24 21:43:37.284] [SFX] {"sound": "civ_move_2", "volume": 0.19}
[2026-09-24 21:43:37.284] [SFX] {"sound": "civ_move_2", "volume": 0.04}
[2026-09-24 21:43:37.349] [SFX] {"sound": "civ_move_2", "volume": 0.06}
[2026-09-24 21:43:37.372] [SFX] {"sound": "civ_move_1", "volume": 0.04}
[2026-09-24 21:43:37.512] [SFX] {"sound": "civ_move_2", "volume": 0.07}
[2026-09-24 21:43:37.562] [SFX] {"sound": "guardian_move", "volume": 0.12}
[2026-09-24 21:43:37.563] [SFX] {"sound": "guardian_move", "volume": 0.09}
[2026-09-24 21:43:37.583] [SFX] {"sound": "civ_move_2", "volume": 0.02}
[2026-09-24 21:43:37.627] [M] {"button": 1, "pos": [342, 182], "ui_clicked": false}
[2026-09-24 21:43:37.634] [P] {"start": [139, 82], "goal": [141, 82], "length": 1, "is_direction_change": false}
[2026-09-24 21:43:37.635] [SFX] {"sound": "click_target", "volume": 0.74}
[2026-09-24 21:43:37.655] [JACK] Kurzer Blick um die Ecke...
[2026-09-24 21:43:37.668] [SFX] {"sound": "civ_move_2", "volume": 0.12}
[2026-09-24 21:43:37.696] [SFX] {"sound": "civ_move_2", "volume": 0.2}
[2026-09-24 21:43:37.697] [SFX] {"sound": "civ_move_2", "volume": 0.03}
[2026-09-24 21:43:37.760] [SFX] {"sound": "civ_move_2", "volume": 0.05}
[2026-09-24 21:43:37.783] [SFX] {"sound": "civ_move_1", "volume": 0.06}
[2026-09-24 21:43:37.923] [SFX] {"sound": "civ_move_2", "volume": 0.07}
[2026-09-24 21:43:37.988] [SFX] {"sound": "civ_move_2", "volume": 0.02}
[2026-09-24 21:43:38.071] [SFX] {"sound": "civ_move_2", "volume": 0.12}
[2026-09-24 21:43:38.104] [SFX] {"sound": "civ_move_2", "volume": 0.2}
[2026-09-24 21:43:38.105] [SFX] {"sound": "civ_move_2", "volume": 0.02}
[2026-09-24 21:43:38.169] [SFX] {"sound": "guardian_move", "volume": 0.13}
[2026-09-24 21:43:38.170] [SFX] {"sound": "guardian_move", "volume": 0.1}
[2026-09-24 21:43:38.171] [SFX] {"sound": "civ_move_2", "volume": 0.05}
[2026-09-24 21:43:38.192] [SFX] {"sound": "civ_move_1", "volume": 0.06}
[2026-09-24 21:43:38.337] [SFX] {"sound": "civ_move_2", "volume": 0.07}
[2026-09-24 21:43:38.390] [SFX] {"sound": "civ_move_2", "volume": 0.03}
[2026-09-24 21:43:38.472] [SFX] {"sound": "civ_move_2", "volume": 0.1}
[2026-09-24 21:43:38.505] [SFX] {"sound": "civ_move_2", "volume": 0.2}
[2026-09-24 21:43:38.506] [SFX] {"sound": "civ_move_2", "volume": 0.01}
[2026-09-24 21:43:38.570] [SFX] {"sound": "civ_move_2", "volume": 0.04}
[2026-09-24 21:43:38.596] [SFX] {"sound": "civ_move_1", "volume": 0.06}
[2026-09-24 21:43:38.752] [SFX] {"sound": "civ_move_2", "volume": 0.07}
[2026-09-24 21:43:38.785] [SFX] {"sound": "guardian_move", "volume": 0.15}
[2026-09-24 21:43:38.786] [SFX] {"sound": "guardian_move", "volume": 0.1}
[2026-09-24 21:43:39.151] [SFX] {"sound": "civ_move_2", "volume": 0.04}
[2026-09-24 21:43:39.167] [SFX] {"sound": "civ_move_2", "volume": 0.2}
[2026-09-24 21:43:39.168] [SFX] {"sound": "civ_move_2", "volume": 0.03}
[2026-09-24 21:43:39.168] [SFX] {"sound": "civ_move_1", "volume": 0.07}
[2026-09-24 21:43:39.169] [SFX] {"sound": "civ_move_2", "volume": 0.07}
[2026-09-24 21:43:39.170] [SFX] {"sound": "civ_move_1", "volume": 0.0}
[2026-09-24 21:43:39.170] [SFX] {"sound": "civ_move_2", "volume": 0.09}
[2026-09-24 21:43:39.211] [SFX] {"sound": "civ_move_2", "volume": 0.04}
[2026-09-24 21:43:39.394] [SFX] {"sound": "guardian_move", "volume": 0.18}
[2026-09-24 21:43:39.395] [SFX] {"sound": "guardian_move", "volume": 0.1}
[2026-09-24 21:43:39.575] [SFX] {"sound": "civ_move_2", "volume": 0.2}
[2026-09-24 21:43:39.576] [SFX] {"sound": "civ_move_2", "volume": 0.03}
[2026-09-24 21:43:39.577] [SFX] {"sound": "civ_move_1", "volume": 0.07}
[2026-09-24 21:43:39.577] [SFX] {"sound": "civ_move_2", "volume": 0.06}
[2026-09-24 21:43:39.578] [SFX] {"sound": "civ_move_1", "volume": 0.01}
[2026-09-24 21:43:39.579] [SFX] {"sound": "civ_move_2", "volume": 0.08}
[2026-09-24 21:43:39.625] [SFX] {"sound": "civ_move_2", "volume": 0.05}
[2026-09-24 21:43:40.047] [SFX] {"sound": "civ_move_2", "volume": 0.2}
[2026-09-24 21:43:40.048] [SFX] {"sound": "civ_move_2", "volume": 0.02}
[2026-09-24 21:43:40.049] [SFX] {"sound": "civ_move_1", "volume": 0.07}
[2026-09-24 21:43:40.050] [SFX] {"sound": "civ_move_2", "volume": 0.06}
[2026-09-24 21:43:40.051] [SFX] {"sound": "civ_move_1", "volume": 0.02}
[2026-09-24 21:43:40.052] [SFX] {"sound": "civ_move_2", "volume": 0.08}
[2026-09-24 21:43:40.067] [SFX] {"sound": "guardian_move", "volume": 0.2}
[2026-09-24 21:43:40.068] [SFX] {"sound": "guardian_move", "volume": 0.1}
[2026-09-24 21:43:40.068] [SFX] {"sound": "civ_move_2", "volume": 0.05}
[2026-09-24 21:43:40.397] [SFX] {"sound": "civ_move_2", "volume": 0.2}
[2026-09-24 21:43:40.398] [SFX] {"sound": "civ_move_2", "volume": 0.01}
[2026-09-24 21:43:40.399] [SFX] {"sound": "civ_move_1", "volume": 0.07}
[2026-09-24 21:43:40.399] [SFX] {"sound": "civ_move_2", "volume": 0.06}
[2026-09-24 21:43:40.400] [SFX] {"sound": "civ_move_1", "volume": 0.03}
[2026-09-24 21:43:40.401] [SFX] {"sound": "civ_move_2", "volume": 0.07}
[2026-09-24 21:43:40.465] [SFX] {"sound": "civ_move_2", "volume": 0.06}
[2026-09-24 21:43:40.530] [M] {"button": 1, "pos": [329, 179], "ui_clicked": false}
[2026-09-24 21:43:40.664] [SFX] {"sound": "guardian_move", "volume": 0.23}
[2026-09-24 21:43:40.664] [SFX] {"sound": "guardian_move", "volume": 0.09}
[2026-09-24 21:43:40.796] [SFX] {"sound": "civ_move_2", "volume": 0.2}
[2026-09-24 21:43:40.797] [SFX] {"sound": "civ_move_1", "volume": 0.07}
[2026-09-24 21:43:40.798] [SFX] {"sound": "civ_move_2", "volume": 0.05}
[2026-09-24 21:43:40.798] [SFX] {"sound": "civ_move_1", "volume": 0.03}
[2026-09-24 21:43:40.799] [SFX] {"sound": "civ_move_2", "volume": 0.06}
[2026-09-24 21:43:40.819] [SFX] {"sound": "civ_move_2", "volume": 0.01}
[2026-09-24 21:43:40.878] [SFX] {"sound": "civ_move_2", "volume": 0.06}
[2026-09-24 21:43:41.060] [M] {"button": 1, "pos": [334, 179], "ui_clicked": false}
[2026-09-24 21:43:41.213] [SFX] {"sound": "civ_move_2", "volume": 0.2}
[2026-09-24 21:43:41.213] [SFX] {"sound": "civ_move_1", "volume": 0.07}
[2026-09-24 21:43:41.214] [SFX] {"sound": "civ_move_2", "volume": 0.05}
[2026-09-24 21:43:41.215] [SFX] {"sound": "civ_move_1", "volume": 0.04}
[2026-09-24 21:43:41.215] [SFX] {"sound": "civ_move_2", "volume": 0.05}
[2026-09-24 21:43:41.234] [SFX] {"sound": "civ_move_2", "volume": 0.02}
[2026-09-24 21:43:41.280] [SFX] {"sound": "guardian_move", "volume": 0.25}
[2026-09-24 21:43:41.281] [SFX] {"sound": "guardian_move", "volume": 0.08}
[2026-09-24 21:43:41.281] [SFX] {"sound": "civ_move_2", "volume": 0.07}
[2026-09-24 21:43:41.525] [M] {"button": 1, "pos": [336, 181], "ui_clicked": false}
[2026-09-24 21:43:41.533] [P] {"start": [141, 82], "goal": [143, 82], "length": 1, "is_direction_change": false}
[2026-09-24 21:43:41.534] [SFX] {"sound": "click_target", "volume": 0.76}
[2026-09-24 21:43:41.612] [SFX] {"sound": "civ_move_2", "volume": 0.21}
[2026-09-24 21:43:41.613] [SFX] {"sound": "civ_move_1", "volume": 0.07}
[2026-09-24 21:43:41.614] [SFX] {"sound": "civ_move_2", "volume": 0.04}
[2026-09-24 21:43:41.614] [SFX] {"sound": "civ_move_1", "volume": 0.05}
[2026-09-24 21:43:41.615] [SFX] {"sound": "civ_move_2", "volume": 0.05}
[2026-09-24 21:43:41.634] [SFX] {"sound": "civ_move_2", "volume": 0.02}
[2026-09-24 21:43:41.677] [SFX] {"sound": "player_move", "volume": 0.4}
[2026-09-24 21:43:41.700] [SFX] {"sound": "civ_move_2", "volume": 0.07}
[2026-09-24 21:43:41.890] [SFX] {"sound": "guardian_move", "volume": 0.26}
[2026-09-24 21:43:41.890] [SFX] {"sound": "guardian_move", "volume": 0.07}
[2026-09-24 21:43:42.022] [SFX] {"sound": "civ_move_2", "volume": 0.21}
[2026-09-24 21:43:42.023] [SFX] {"sound": "civ_move_1", "volume": 0.07}
[2026-09-24 21:43:42.024] [SFX] {"sound": "civ_move_2", "volume": 0.03}
[2026-09-24 21:43:42.024] [SFX] {"sound": "civ_move_1", "volume": 0.06}
[2026-09-24 21:43:42.025] [SFX] {"sound": "civ_move_2", "volume": 0.04}
[2026-09-24 21:43:42.044] [SFX] {"sound": "civ_move_2", "volume": 0.02}
[2026-09-24 21:43:42.104] [SFX] {"sound": "civ_move_2", "volume": 0.07}
[2026-09-24 21:43:42.433] [SFX] {"sound": "civ_move_2", "volume": 0.21}
[2026-09-24 21:43:42.434] [SFX] {"sound": "civ_move_1", "volume": 0.07}
[2026-09-24 21:43:42.434] [SFX] {"sound": "civ_move_2", "volume": 0.03}
[2026-09-24 21:43:42.435] [SFX] {"sound": "civ_move_1", "volume": 0.06}
[2026-09-24 21:43:42.436] [SFX] {"sound": "civ_move_2", "volume": 0.03}
[2026-09-24 21:43:42.498] [SFX] {"sound": "guardian_move", "volume": 0.28}
[2026-09-24 21:43:42.499] [SFX] {"sound": "guardian_move", "volume": 0.05}
[2026-09-24 21:43:42.521] [SFX] {"sound": "civ_move_2", "volume": 0.07}
[2026-09-24 21:43:42.834] [SFX] {"sound": "civ_move_2", "volume": 0.21}
[2026-09-24 21:43:42.834] [SFX] {"sound": "civ_move_1", "volume": 0.06}
[2026-09-24 21:43:42.835] [SFX] {"sound": "civ_move_2", "volume": 0.02}
[2026-09-24 21:43:42.836] [SFX] {"sound": "civ_move_1", "volume": 0.06}
[2026-09-24 21:43:42.837] [SFX] {"sound": "civ_move_2", "volume": 0.02}
[2026-09-24 21:43:42.857] [SFX] {"sound": "civ_move_2", "volume": 0.04}
[2026-09-24 21:43:42.931] [SFX] {"sound": "civ_move_2", "volume": 0.07}
[2026-09-24 21:43:43.081] [M] {"button": 1, "pos": [323, 185], "ui_clicked": false}
[2026-09-24 21:43:43.114] [SFX] {"sound": "guardian_move", "volume": 0.3}
[2026-09-24 21:43:43.115] [SFX] {"sound": "guardian_move", "volume": 0.04}
[2026-09-24 21:43:43.245] [SFX] {"sound": "civ_move_2", "volume": 0.21}
[2026-09-24 21:43:43.246] [SFX] {"sound": "civ_move_1", "volume": 0.06}
[2026-09-24 21:43:43.247] [SFX] {"sound": "civ_move_1", "volume": 0.07}
[2026-09-24 21:43:43.247] [SFX] {"sound": "civ_move_2", "volume": 0.0}
[2026-09-24 21:43:43.268] [SFX] {"sound": "civ_move_2", "volume": 0.04}
[2026-09-24 21:43:43.268] [SFX] {"sound": "civ_move_2", "volume": 0.02}
[2026-09-24 21:43:43.345] [SFX] {"sound": "civ_move_2", "volume": 0.07}
[2026-09-24 21:43:43.658] [SFX] {"sound": "civ_move_2", "volume": 0.21}
[2026-09-24 21:43:43.658] [SFX] {"sound": "civ_move_1", "volume": 0.05}
[2026-09-24 21:43:43.659] [SFX] {"sound": "civ_move_1", "volume": 0.07}
[2026-09-24 21:43:43.679] [SFX] {"sound": "civ_move_2", "volume": 0.05}
[2026-09-24 21:43:43.680] [SFX] {"sound": "civ_move_2", "volume": 0.03}
[2026-09-24 21:43:43.724] [SFX] {"sound": "guardian_move", "volume": 0.33}
[2026-09-24 21:43:43.725] [SFX] {"sound": "guardian_move", "volume": 0.03}
[2026-09-24 21:43:43.758] [SFX] {"sound": "civ_move_2", "volume": 0.07}
[2026-09-24 21:43:43.791] [M] {"button": 1, "pos": [299, 180], "ui_clicked": false}
[2026-09-24 21:43:43.798] [P] {"start": [143, 82], "goal": [140, 82], "length": 1, "is_direction_change": false}
[2026-09-24 21:43:43.798] [SFX] {"sound": "click_target", "volume": 0.75}
[2026-09-24 21:43:43.838] [JACK] Sektor sieht ruhig aus. Erstmal Daten-Traces scannen.
[2026-09-24 21:43:43.945] [SFX] {"sound": "threat_pulse", "volume": 0.3}
[2026-09-24 21:43:44.011] [SFX] {"sound": "player_move", "volume": 0.4}
[2026-09-24 21:43:44.061] [SFX] {"sound": "civ_move_2", "volume": 0.2}
[2026-09-24 21:43:44.062] [SFX] {"sound": "civ_move_1", "volume": 0.06}
[2026-09-24 21:43:44.063] [SFX] {"sound": "civ_move_1", "volume": 0.07}
[2026-09-24 21:43:44.082] [SFX] {"sound": "civ_move_2", "volume": 0.06}
[2026-09-24 21:43:44.083] [SFX] {"sound": "civ_move_2", "volume": 0.03}
[2026-09-24 21:43:44.162] [SFX] {"sound": "civ_move_2", "volume": 0.07}
[2026-09-24 21:43:44.326] [SFX] {"sound": "guardian_move", "volume": 0.38}
[2026-09-24 21:43:44.327] [SFX] {"sound": "guardian_move", "volume": 0.03}
[2026-09-24 21:43:44.462] [SFX] {"sound": "civ_move_2", "volume": 0.2}
[2026-09-24 21:43:44.464] [SFX] {"sound": "civ_move_1", "volume": 0.05}
[2026-09-24 21:43:44.465] [SFX] {"sound": "civ_move_1", "volume": 0.07}
[2026-09-24 21:43:44.484] [SFX] {"sound": "civ_move_2", "volume": 0.07}
[2026-09-24 21:43:44.485] [SFX] {"sound": "civ_move_2", "volume": 0.04}
[2026-09-24 21:43:44.579] [SFX] {"sound": "civ_move_2", "volume": 0.07}
[2026-09-24 21:43:44.855] [SFX] {"sound": "threat_pulse", "volume": 0.37}
[2026-09-24 21:43:44.877] [SFX] {"sound": "civ_move_2", "volume": 0.2}
[2026-09-24 21:43:44.878] [SFX] {"sound": "civ_move_1", "volume": 0.05}
[2026-09-24 21:43:44.878] [SFX] {"sound": "civ_move_1", "volume": 0.07}
[2026-09-24 21:43:44.893] [SFX] {"sound": "civ_move_2", "volume": 0.07}
[2026-09-24 21:43:44.894] [SFX] {"sound": "civ_move_2", "volume": 0.05}
[2026-09-24 21:43:44.937] [SFX] {"sound": "guardian_move", "volume": 0.02}
[2026-09-24 21:43:44.959] [SFX] {"sound": "guardian_move", "volume": 0.39}
[2026-09-24 21:43:44.987] [SFX] {"sound": "civ_move_2", "volume": 0.07}
[2026-09-24 21:43:45.285] [SFX] {"sound": "civ_move_2", "volume": 0.2}
[2026-09-24 21:43:45.285] [SFX] {"sound": "civ_move_1", "volume": 0.04}
[2026-09-24 21:43:45.286] [SFX] {"sound": "civ_move_1", "volume": 0.07}
[2026-09-24 21:43:45.307] [SFX] {"sound": "civ_move_2", "volume": 0.07}
[2026-09-24 21:43:45.307] [SFX] {"sound": "civ_move_2", "volume": 0.06}
[2026-09-24 21:43:45.401] [SFX] {"sound": "civ_move_2", "volume": 0.07}
[2026-09-24 21:43:45.548] [SFX] {"sound": "guardian_move", "volume": 0.0}
[2026-09-24 21:43:45.582] [SFX] {"sound": "guardian_move", "volume": 0.39}
[2026-09-24 21:43:45.697] [SFX] {"sound": "civ_move_2", "volume": 0.2}
[2026-09-24 21:43:45.698] [SFX] {"sound": "civ_move_1", "volume": 0.04}
[2026-09-24 21:43:45.699] [SFX] {"sound": "civ_move_1", "volume": 0.0}
[2026-09-24 21:43:45.700] [SFX] {"sound": "civ_move_1", "volume": 0.07}
[2026-09-24 21:43:45.721] [SFX] {"sound": "civ_move_2", "volume": 0.07}
[2026-09-24 21:43:45.761] [SFX] {"sound": "threat_pulse", "volume": 0.44}
[2026-09-24 21:43:45.809] [M] {"button": 1, "pos": [227, 181], "ui_clicked": false}
[2026-09-24 21:43:45.815] [SFX] {"sound": "civ_move_2", "volume": 0.06}
[2026-09-24 21:43:45.816] [P] {"start": [140, 82], "goal": [128, 82], "length": 1, "is_direction_change": false}
[2026-09-24 21:43:45.817] [SFX] {"sound": "click_target", "volume": 0.57}
[2026-09-24 21:43:46.098] [SFX] {"sound": "player_move", "volume": 0.4}
[2026-09-24 21:43:46.099] [SFX] {"sound": "civ_move_2", "volume": 0.16}
[2026-09-24 21:43:46.100] [SFX] {"sound": "civ_move_1", "volume": 0.05}
[2026-09-24 21:43:46.101] [SFX] {"sound": "civ_move_1", "volume": 0.03}
[2026-09-24 21:43:46.102] [SFX] {"sound": "civ_move_1", "volume": 0.07}
[2026-09-24 21:43:46.120] [SFX] {"sound": "civ_move_2", "volume": 0.07}
[2026-09-24 21:43:46.121] [SFX] {"sound": "civ_move_2", "volume": 0.05}
[2026-09-24 21:43:46.163] [SFX] {"sound": "guardian_move", "volume": 0.03}
[2026-09-24 21:43:46.211] [SFX] {"sound": "guardian_move", "volume": 0.33}
[2026-09-24 21:43:46.212] [SFX] {"sound": "civ_move_2", "volume": 0.03}
[2026-09-24 21:43:46.408] [SFX] {"sound": "player_move", "volume": 0.4}
[2026-09-24 21:43:46.473] [SFX] {"sound": "threat_pulse", "volume": 0.44}
[2026-09-24 21:43:46.506] [SFX] {"sound": "civ_move_2", "volume": 0.11}
[2026-09-24 21:43:46.506] [SFX] {"sound": "civ_move_1", "volume": 0.06}
[2026-09-24 21:43:46.528] [SFX] {"sound": "civ_move_2", "volume": 0.06}
[2026-09-24 21:43:46.529] [SFX] {"sound": "civ_move_2", "volume": 0.02}
[2026-09-24 21:43:46.621] [SFX] {"sound": "civ_move_2", "volume": 0.0}
[2026-09-24 21:43:46.771] [SFX] {"sound": "guardian_move", "volume": 0.04}
[2026-09-24 21:43:46.820] [SFX] {"sound": "guardian_move", "volume": 0.32}
[2026-09-24 21:43:46.920] [SFX] {"sound": "civ_move_2", "volume": 0.11}
[2026-09-24 21:43:46.921] [SFX] {"sound": "civ_move_1", "volume": 0.06}
[2026-09-24 21:43:46.922] [SFX] {"sound": "civ_move_1", "volume": 0.07}
[2026-09-24 21:43:46.944] [SFX] {"sound": "civ_move_2", "volume": 0.05}
[2026-09-24 21:43:46.945] [SFX] {"sound": "civ_move_2", "volume": 0.03}
[2026-09-24 21:43:47.187] [SFX] {"sound": "threat_pulse", "volume": 0.4}
[2026-09-24 21:43:47.335] [SFX] {"sound": "civ_move_2", "volume": 0.11}
[2026-09-24 21:43:47.337] [SFX] {"sound": "civ_move_1", "volume": 0.06}
[2026-09-24 21:43:47.338] [SFX] {"sound": "civ_move_1", "volume": 0.07}
[2026-09-24 21:43:47.355] [SFX] {"sound": "civ_move_2", "volume": 0.05}
[2026-09-24 21:43:47.356] [SFX] {"sound": "civ_move_2", "volume": 0.04}
[2026-09-24 21:43:47.381] [SFX] {"sound": "guardian_move", "volume": 0.03}
[2026-09-24 21:43:47.446] [SFX] {"sound": "guardian_move", "volume": 0.3}
[2026-09-24 21:43:47.447] [SFX] {"sound": "civ_move_1", "volume": 0.01}
[2026-09-24 21:43:47.742] [SFX] {"sound": "civ_move_2", "volume": 0.11}
[2026-09-24 21:43:47.743] [SFX] {"sound": "civ_move_1", "volume": 0.05}
[2026-09-24 21:43:47.744] [SFX] {"sound": "civ_move_1", "volume": 0.07}
[2026-09-24 21:43:47.765] [SFX] {"sound": "civ_move_2", "volume": 0.04}
[2026-09-24 21:43:47.765] [SFX] {"sound": "civ_move_2", "volume": 0.05}
[2026-09-24 21:43:47.861] [SFX] {"sound": "civ_move_1", "volume": 0.01}
[2026-09-24 21:43:47.997] [SFX] {"sound": "guardian_move", "volume": 0.02}
[2026-09-24 21:43:47.999] [SFX] {"sound": "threat_pulse", "volume": 0.36}
[2026-09-24 21:43:48.062] [SFX] {"sound": "guardian_move", "volume": 0.27}
[2026-09-24 21:43:48.214] [SFX] {"sound": "civ_move_2", "volume": 0.11}
[2026-09-24 21:43:48.214] [SFX] {"sound": "civ_move_1", "volume": 0.05}
[2026-09-24 21:43:48.215] [SFX] {"sound": "civ_move_1", "volume": 0.07}
