[2026-09-25 16:36:47.459] [S] {"sid": "20260925_163647", "sys_t": "2026-09-25T16:36:47.459414"}
[2026-09-25 16:36:47.461] [SFX] {"sound": "hack_success", "volume": 0.8}
[2026-09-25 16:36:58.466] [SESSION_RESET] {"msg": "--- NEW LIFE STARTED ---"}
[2026-09-25 16:36:58.515] [S] {"map": "Shadowgrid"}
[2026-09-25 16:36:58.537] [JACK] Ah, im Shadowgrid angekommen... endlich.
[2026-09-25 16:36:59.035] [SFX] {"sound": "civ_move_1", "volume": 0.09}
[2026-09-25 16:36:59.199] [SFX] {"sound": "civ_move_1", "volume": 0.14}
[2026-09-25 16:36:59.441] [SFX] {"sound": "civ_move_1", "volume": 0.09}
[2026-09-25 16:36:59.594] [SFX] {"sound": "civ_move_1", "volume": 0.15}
[2026-09-25 16:36:59.856] [SFX] {"sound": "civ_move_1", "volume": 0.08}
[2026-09-25 16:37:00.005] [SFX] {"sound": "civ_move_1", "volume": 0.16}
[2026-09-25 16:37:00.271] [SFX] {"sound": "civ_move_1", "volume": 0.08}
[2026-09-25 16:37:00.406] [SFX] {"sound": "civ_move_1", "volume": 0.17}
[2026-09-25 16:37:00.688] [SFX] {"sound": "civ_move_1", "volume": 0.07}
[2026-09-25 16:37:00.818] [SFX] {"sound": "civ_move_1", "volume": 0.18}
[2026-09-25 16:37:01.099] [SFX] {"sound": "civ_move_1", "volume": 0.07}
[2026-09-25 16:37:01.230] [SFX] {"sound": "civ_move_1", "volume": 0.2}
[2026-09-25 16:37:01.508] [SFX] {"sound": "civ_move_1", "volume": 0.06}
[2026-09-25 16:37:01.635] [SFX] {"sound": "civ_move_1", "volume": 0.21}
[2026-09-25 16:37:01.919] [SFX] {"sound": "civ_move_1", "volume": 0.05}
[2026-09-25 16:37:01.941] [SFX] {"sound": "civ_move_1", "volume": 0.0}
[2026-09-25 16:37:02.034] [SFX] {"sound": "civ_move_1", "volume": 0.22}
[2026-09-25 16:37:02.330] [SFX] {"sound": "civ_move_1", "volume": 0.05}
[2026-09-25 16:37:02.354] [SFX] {"sound": "civ_move_1", "volume": 0.01}
[2026-09-25 16:37:02.447] [SFX] {"sound": "civ_move_1", "volume": 0.23}
[2026-09-25 16:37:02.731] [SFX] {"sound": "civ_move_1", "volume": 0.04}
[2026-09-25 16:37:02.755] [SFX] {"sound": "civ_move_1", "volume": 0.02}
[2026-09-25 16:37:02.850] [SFX] {"sound": "civ_move_1", "volume": 0.25}
[2026-09-25 16:37:03.141] [SFX] {"sound": "civ_move_1", "volume": 0.03}
[2026-09-25 16:37:03.258] [SFX] {"sound": "civ_move_1", "volume": 0.26}
[2026-09-25 16:37:03.551] [SFX] {"sound": "civ_move_1", "volume": 0.02}
[2026-09-25 16:37:03.575] [SFX] {"sound": "civ_move_1", "volume": 0.03}
[2026-09-25 16:37:03.666] [SFX] {"sound": "civ_move_1", "volume": 0.27}
[2026-09-25 16:37:03.949] [C] {"civ_pos": [86, 22]}
[2026-09-25 16:37:03.996] [SFX] {"sound": "civ_move_1", "volume": 0.02}
[2026-09-25 16:37:04.011] [SFX] {"sound": "civ_move_1", "volume": 0.03}
[2026-09-25 16:37:04.072] [SFX] {"sound": "civ_move_1", "volume": 0.28}
[2026-09-25 16:37:04.370] [SFX] {"sound": "civ_move_1", "volume": 0.01}
[2026-09-25 16:37:04.420] [SFX] {"sound": "civ_move_1", "volume": 0.04}
[2026-09-25 16:37:04.487] [SFX] {"sound": "civ_move_1", "volume": 0.23}
[2026-09-25 16:37:04.585] [SFX] {"sound": "civ_move_2", "volume": 0.0}
[2026-09-25 16:37:04.786] [SFX] {"sound": "civ_move_1", "volume": 0.0}
[2026-09-25 16:37:04.836] [SFX] {"sound": "civ_move_1", "volume": 0.05}
[2026-09-25 16:37:04.902] [SFX] {"sound": "civ_move_1", "volume": 0.22}
[2026-09-25 16:37:04.996] [SFX] {"sound": "civ_move_2", "volume": 0.02}
[2026-09-25 16:37:05.243] [SFX] {"sound": "civ_move_1", "volume": 0.05}
[2026-09-25 16:37:05.308] [SFX] {"sound": "civ_move_1", "volume": 0.21}
[2026-09-25 16:37:05.410] [SFX] {"sound": "civ_move_2", "volume": 0.03}
[2026-09-25 16:37:05.643] [SFX] {"sound": "civ_move_1", "volume": 0.06}
[2026-09-25 16:37:05.708] [SFX] {"sound": "civ_move_1", "volume": 0.2}
[2026-09-25 16:37:05.809] [SFX] {"sound": "civ_move_2", "volume": 0.04}
[2026-09-25 16:37:06.059] [SFX] {"sound": "civ_move_1", "volume": 0.06}
[2026-09-25 16:37:06.125] [SFX] {"sound": "civ_move_1", "volume": 0.19}
[2026-09-25 16:37:06.225] [SFX] {"sound": "civ_move_2", "volume": 0.05}
[2026-09-25 16:37:06.473] [SFX] {"sound": "civ_move_1", "volume": 0.07}
[2026-09-25 16:37:06.539] [SFX] {"sound": "civ_move_1", "volume": 0.18}
[2026-09-25 16:37:06.641] [SFX] {"sound": "civ_move_2", "volume": 0.07}
[2026-09-25 16:37:06.873] [SFX] {"sound": "civ_move_1", "volume": 0.07}
[2026-09-25 16:37:06.940] [SFX] {"sound": "civ_move_1", "volume": 0.17}
[2026-09-25 16:37:07.041] [SFX] {"sound": "civ_move_2", "volume": 0.08}
[2026-09-25 16:37:07.275] [SFX] {"sound": "civ_move_1", "volume": 0.07}
[2026-09-25 16:37:07.342] [SFX] {"sound": "civ_move_1", "volume": 0.16}
[2026-09-25 16:37:07.443] [SFX] {"sound": "civ_move_2", "volume": 0.09}
[2026-09-25 16:37:07.678] [SFX] {"sound": "civ_move_1", "volume": 0.08}
[2026-09-25 16:37:07.745] [SFX] {"sound": "civ_move_1", "volume": 0.15}
[2026-09-25 16:37:07.810] [SFX] {"sound": "civ_move_2", "volume": 0.0}
[2026-09-25 16:37:07.842] [SFX] {"sound": "civ_move_2", "volume": 0.1}
[2026-09-25 16:37:08.092] [SFX] {"sound": "civ_move_1", "volume": 0.09}
[2026-09-25 16:37:08.159] [SFX] {"sound": "civ_move_1", "volume": 0.14}
[2026-09-25 16:37:08.225] [SFX] {"sound": "civ_move_2", "volume": 0.01}
[2026-09-25 16:37:08.257] [SFX] {"sound": "civ_move_2", "volume": 0.12}
[2026-09-25 16:37:08.506] [SFX] {"sound": "civ_move_1", "volume": 0.1}
[2026-09-25 16:37:08.572] [SFX] {"sound": "civ_move_1", "volume": 0.13}
[2026-09-25 16:37:08.639] [SFX] {"sound": "civ_move_2", "volume": 0.02}
[2026-09-25 16:37:08.672] [SFX] {"sound": "civ_move_2", "volume": 0.13}
[2026-09-25 16:37:08.739] [SFX] {"sound": "civ_move_2", "volume": 0.0}
[2026-09-25 16:37:08.922] [SFX] {"sound": "civ_move_1", "volume": 0.11}
[2026-09-25 16:37:08.973] [SFX] {"sound": "civ_move_1", "volume": 0.12}
[2026-09-25 16:37:09.039] [SFX] {"sound": "civ_move_2", "volume": 0.03}
[2026-09-25 16:37:09.072] [SFX] {"sound": "civ_move_2", "volume": 0.14}
[2026-09-25 16:37:09.155] [SFX] {"sound": "civ_move_2", "volume": 0.02}
[2026-09-25 16:37:09.338] [SFX] {"sound": "civ_move_1", "volume": 0.11}
[2026-09-25 16:37:09.338] [SFX] {"sound": "civ_move_1", "volume": 0.0}
[2026-09-25 16:37:09.388] [SFX] {"sound": "civ_move_1", "volume": 0.11}
[2026-09-25 16:37:09.421] [M] {"button": 1, "pos": [322, 227], "ui_clicked": false}
[2026-09-25 16:37:09.429] [P] {"start": [84, 22], "goal": [84, 27], "length": 5, "is_direction_change": false}
[2026-09-25 16:37:09.429] [SFX] {"sound": "click_target", "volume": 0.68}
[2026-09-25 16:37:09.476] [JACK] Kleine Schritte. Immer die Augen nach IoT-Sensoren und Sentinels offen halten.
[2026-09-25 16:37:09.476] [SFX] {"sound": "player_move", "volume": 0.4}
[2026-09-25 16:37:09.492] [SFX] {"sound": "civ_move_2", "volume": 0.04}
[2026-09-25 16:37:09.493] [SFX] {"sound": "civ_move_2", "volume": 0.15}
[2026-09-25 16:37:09.568] [SFX] {"sound": "civ_move_2", "volume": 0.02}
[2026-09-25 16:37:09.751] [SFX] {"sound": "player_move", "volume": 0.4}
[2026-09-25 16:37:09.752] [SFX] {"sound": "civ_move_1", "volume": 0.12}
[2026-09-25 16:37:09.753] [SFX] {"sound": "civ_move_1", "volume": 0.0}
[2026-09-25 16:37:09.801] [SFX] {"sound": "civ_move_1", "volume": 0.13}
[2026-09-25 16:37:09.885] [SFX] {"sound": "civ_move_2", "volume": 0.06}
[2026-09-25 16:37:09.886] [SFX] {"sound": "civ_move_2", "volume": 0.16}
[2026-09-25 16:37:09.968] [SFX] {"sound": "civ_move_2", "volume": 0.04}
[2026-09-25 16:37:10.151] [SFX] {"sound": "civ_move_1", "volume": 0.13}
[2026-09-25 16:37:10.152] [SFX] {"sound": "civ_move_1", "volume": 0.03}
[2026-09-25 16:37:10.202] [SFX] {"sound": "civ_move_1", "volume": 0.14}
[2026-09-25 16:37:10.286] [SFX] {"sound": "civ_move_2", "volume": 0.07}
[2026-09-25 16:37:10.287] [SFX] {"sound": "civ_move_2", "volume": 0.17}
[2026-09-25 16:37:10.371] [SFX] {"sound": "civ_move_2", "volume": 0.05}
[2026-09-25 16:37:10.555] [SFX] {"sound": "civ_move_1", "volume": 0.13}
[2026-09-25 16:37:10.556] [SFX] {"sound": "civ_move_1", "volume": 0.04}
[2026-09-25 16:37:10.605] [SFX] {"sound": "civ_move_1", "volume": 0.13}
[2026-09-25 16:37:10.689] [SFX] {"sound": "civ_move_2", "volume": 0.08}
[2026-09-25 16:37:10.689] [SFX] {"sound": "civ_move_2", "volume": 0.18}
[2026-09-25 16:37:10.772] [SFX] {"sound": "civ_move_2", "volume": 0.06}
[2026-09-25 16:37:10.956] [SFX] {"sound": "civ_move_1", "volume": 0.12}
[2026-09-25 16:37:10.957] [SFX] {"sound": "civ_move_1", "volume": 0.05}
[2026-09-25 16:37:11.005] [SFX] {"sound": "civ_move_1", "volume": 0.13}
[2026-09-25 16:37:11.089] [SFX] {"sound": "civ_move_2", "volume": 0.09}
[2026-09-25 16:37:11.090] [SFX] {"sound": "civ_move_2", "volume": 0.19}
[2026-09-25 16:37:11.174] [SFX] {"sound": "civ_move_2", "volume": 0.07}
[2026-09-25 16:37:11.358] [SFX] {"sound": "civ_move_1", "volume": 0.12}
[2026-09-25 16:37:11.359] [SFX] {"sound": "civ_move_1", "volume": 0.06}
[2026-09-25 16:37:11.408] [SFX] {"sound": "civ_move_1", "volume": 0.13}
[2026-09-25 16:37:11.490] [SFX] {"sound": "civ_move_2", "volume": 0.09}
[2026-09-25 16:37:11.490] [SFX] {"sound": "civ_move_2", "volume": 0.2}
[2026-09-25 16:37:11.575] [SFX] {"sound": "civ_move_2", "volume": 0.08}
[2026-09-25 16:37:11.757] [SFX] {"sound": "guardian_move", "volume": 0.02}
[2026-09-25 16:37:11.758] [SFX] {"sound": "civ_move_1", "volume": 0.11}
[2026-09-25 16:37:11.759] [SFX] {"sound": "civ_move_1", "volume": 0.07}
[2026-09-25 16:37:11.824] [SFX] {"sound": "civ_move_1", "volume": 0.12}
[2026-09-25 16:37:11.892] [SFX] {"sound": "civ_move_2", "volume": 0.1}
[2026-09-25 16:37:11.893] [SFX] {"sound": "civ_move_2", "volume": 0.22}
[2026-09-25 16:37:11.990] [SFX] {"sound": "civ_move_2", "volume": 0.1}
[2026-09-25 16:37:12.159] [SFX] {"sound": "civ_move_1", "volume": 0.11}
[2026-09-25 16:37:12.160] [SFX] {"sound": "civ_move_1", "volume": 0.09}
[2026-09-25 16:37:12.227] [SFX] {"sound": "civ_move_1", "volume": 0.12}
[2026-09-25 16:37:12.307] [SFX] {"sound": "civ_move_2", "volume": 0.11}
[2026-09-25 16:37:12.308] [SFX] {"sound": "civ_move_2", "volume": 0.23}
[2026-09-25 16:37:12.358] [SFX] {"sound": "guardian_move", "volume": 0.04}
[2026-09-25 16:37:12.391] [SFX] {"sound": "civ_move_2", "volume": 0.11}
[2026-09-25 16:37:12.574] [SFX] {"sound": "civ_move_1", "volume": 0.1}
[2026-09-25 16:37:12.640] [SFX] {"sound": "civ_move_1", "volume": 0.11}
[2026-09-25 16:37:12.707] [SFX] {"sound": "civ_move_2", "volume": 0.11}
[2026-09-25 16:37:12.708] [SFX] {"sound": "civ_move_2", "volume": 0.24}
[2026-09-25 16:37:12.807] [SFX] {"sound": "civ_move_2", "volume": 0.12}
[2026-09-25 16:37:12.972] [SFX] {"sound": "guardian_move", "volume": 0.07}
[2026-09-25 16:37:12.995] [SFX] {"sound": "civ_move_1", "volume": 0.09}
[2026-09-25 16:37:12.996] [SFX] {"sound": "civ_move_1", "volume": 0.11}
[2026-09-25 16:37:13.056] [SFX] {"sound": "civ_move_1", "volume": 0.1}
[2026-09-25 16:37:13.122] [SFX] {"sound": "civ_move_2", "volume": 0.12}
[2026-09-25 16:37:13.123] [SFX] {"sound": "civ_move_2", "volume": 0.25}
[2026-09-25 16:37:13.224] [SFX] {"sound": "civ_move_2", "volume": 0.13}
[2026-09-25 16:37:13.391] [SFX] {"sound": "civ_move_1", "volume": 0.09}
[2026-09-25 16:37:13.392] [SFX] {"sound": "civ_move_1", "volume": 0.12}
[2026-09-25 16:37:13.456] [SFX] {"sound": "civ_move_1", "volume": 0.1}
[2026-09-25 16:37:13.523] [SFX] {"sound": "civ_move_2", "volume": 0.12}
[2026-09-25 16:37:13.524] [SFX] {"sound": "civ_move_2", "volume": 0.25}
[2026-09-25 16:37:13.574] [SFX] {"sound": "guardian_move", "volume": 0.09}
[2026-09-25 16:37:13.625] [SFX] {"sound": "civ_move_2", "volume": 0.14}
[2026-09-25 16:37:13.806] [SFX] {"sound": "civ_move_1", "volume": 0.08}
[2026-09-25 16:37:13.807] [SFX] {"sound": "civ_move_1", "volume": 0.13}
[2026-09-25 16:37:13.872] [SFX] {"sound": "civ_move_1", "volume": 0.09}
[2026-09-25 16:37:13.938] [SFX] {"sound": "civ_move_2", "volume": 0.13}
[2026-09-25 16:37:13.939] [SFX] {"sound": "civ_move_2", "volume": 0.26}
[2026-09-25 16:37:14.039] [SFX] {"sound": "civ_move_2", "volume": 0.16}
[2026-09-25 16:37:14.190] [SFX] {"sound": "guardian_move", "volume": 0.12}
[2026-09-25 16:37:14.212] [SFX] {"sound": "civ_move_1", "volume": 0.07}
[2026-09-25 16:37:14.213] [SFX] {"sound": "civ_move_1", "volume": 0.15}
[2026-09-25 16:37:14.272] [SFX] {"sound": "civ_move_1", "volume": 0.08}
[2026-09-25 16:37:14.339] [SFX] {"sound": "civ_move_2", "volume": 0.13}
[2026-09-25 16:37:14.339] [SFX] {"sound": "civ_move_2", "volume": 0.27}
[2026-09-25 16:37:14.454] [SFX] {"sound": "civ_move_2", "volume": 0.17}
[2026-09-25 16:37:14.533] [SFX] {"sound": "guardian_move", "volume": 0.0}
[2026-09-25 16:37:14.618] [SFX] {"sound": "civ_move_1", "volume": 0.06}
[2026-09-25 16:37:14.619] [SFX] {"sound": "civ_move_1", "volume": 0.16}
[2026-09-25 16:37:14.683] [SFX] {"sound": "civ_move_1", "volume": 0.07}
[2026-09-25 16:37:14.700] [M] {"button": 1, "pos": [284, 203], "ui_clicked": false}
[2026-09-25 16:37:14.752] [SFX] {"sound": "civ_move_2", "volume": 0.13}
[2026-09-25 16:37:14.753] [SFX] {"sound": "civ_move_2", "volume": 0.28}
[2026-09-25 16:37:14.802] [SFX] {"sound": "guardian_move", "volume": 0.14}
[2026-09-25 16:37:14.866] [SFX] {"sound": "civ_move_2", "volume": 0.18}
[2026-09-25 16:37:15.031] [SFX] {"sound": "civ_move_1", "volume": 0.05}
[2026-09-25 16:37:15.031] [SFX] {"sound": "civ_move_2", "volume": 0.01}
[2026-09-25 16:37:15.032] [SFX] {"sound": "civ_move_1", "volume": 0.17}
[2026-09-25 16:37:15.095] [SFX] {"sound": "civ_move_1", "volume": 0.07}
[2026-09-25 16:37:15.146] [SFX] {"sound": "guardian_move", "volume": 0.02}
[2026-09-25 16:37:15.168] [SFX] {"sound": "civ_move_2", "volume": 0.14}
[2026-09-25 16:37:15.169] [SFX] {"sound": "civ_move_2", "volume": 0.28}
[2026-09-25 16:37:15.195] [C] {"civ_pos": [86, 27]}
[2026-09-25 16:37:15.276] [SFX] {"sound": "civ_move_2", "volume": 0.19}
[2026-09-25 16:37:15.408] [SFX] {"sound": "guardian_move", "volume": 0.16}
[2026-09-25 16:37:15.442] [SFX] {"sound": "civ_move_1", "volume": 0.05}
[2026-09-25 16:37:15.442] [SFX] {"sound": "civ_move_2", "volume": 0.02}
[2026-09-25 16:37:15.443] [SFX] {"sound": "civ_move_1", "volume": 0.18}
[2026-09-25 16:37:15.507] [SFX] {"sound": "civ_move_1", "volume": 0.06}
[2026-09-25 16:37:15.575] [SFX] {"sound": "civ_move_2", "volume": 0.14}
[2026-09-25 16:37:15.576] [SFX] {"sound": "civ_move_2", "volume": 0.22}
[2026-09-25 16:37:15.691] [SFX] {"sound": "civ_move_2", "volume": 0.2}
[2026-09-25 16:37:15.758] [SFX] {"sound": "guardian_move", "volume": 0.04}
[2026-09-25 16:37:15.857] [SFX] {"sound": "civ_move_1", "volume": 0.04}
[2026-09-25 16:37:15.858] [SFX] {"sound": "civ_move_2", "volume": 0.03}
[2026-09-25 16:37:15.858] [SFX] {"sound": "civ_move_1", "volume": 0.19}
[2026-09-25 16:37:15.907] [SFX] {"sound": "civ_move_1", "volume": 0.05}
[2026-09-25 16:37:15.990] [SFX] {"sound": "civ_move_2", "volume": 0.12}
[2026-09-25 16:37:15.991] [SFX] {"sound": "civ_move_2", "volume": 0.22}
[2026-09-25 16:37:16.024] [SFX] {"sound": "guardian_move", "volume": 0.19}
[2026-09-25 16:37:16.106] [SFX] {"sound": "civ_move_2", "volume": 0.21}
[2026-09-25 16:37:16.270] [SFX] {"sound": "civ_move_1", "volume": 0.03}
[2026-09-25 16:37:16.271] [SFX] {"sound": "civ_move_2", "volume": 0.05}
[2026-09-25 16:37:16.272] [SFX] {"sound": "civ_move_1", "volume": 0.21}
[2026-09-25 16:37:16.319] [SFX] {"sound": "civ_move_1", "volume": 0.04}
[2026-09-25 16:37:16.369] [SFX] {"sound": "guardian_move", "volume": 0.06}
[2026-09-25 16:37:16.402] [SFX] {"sound": "civ_move_2", "volume": 0.11}
[2026-09-25 16:37:16.403] [SFX] {"sound": "civ_move_2", "volume": 0.21}
[2026-09-25 16:37:16.518] [SFX] {"sound": "civ_move_2", "volume": 0.23}
[2026-09-25 16:37:16.636] [SFX] {"sound": "guardian_move", "volume": 0.21}
[2026-09-25 16:37:16.685] [SFX] {"sound": "civ_move_1", "volume": 0.02}
[2026-09-25 16:37:16.686] [SFX] {"sound": "civ_move_2", "volume": 0.01}
[2026-09-25 16:37:16.687] [SFX] {"sound": "civ_move_2", "volume": 0.06}
[2026-09-25 16:37:16.688] [SFX] {"sound": "civ_move_1", "volume": 0.22}
[2026-09-25 16:37:16.733] [SFX] {"sound": "civ_move_1", "volume": 0.03}
[2026-09-25 16:37:16.816] [SFX] {"sound": "civ_move_2", "volume": 0.11}
[2026-09-25 16:37:16.816] [SFX] {"sound": "civ_move_2", "volume": 0.2}
[2026-09-25 16:37:16.933] [SFX] {"sound": "civ_move_2", "volume": 0.24}
[2026-09-25 16:37:16.983] [SFX] {"sound": "guardian_move", "volume": 0.07}
[2026-09-25 16:37:17.086] [SFX] {"sound": "civ_move_1", "volume": 0.01}
[2026-09-25 16:37:17.087] [SFX] {"sound": "civ_move_2", "volume": 0.01}
[2026-09-25 16:37:17.087] [SFX] {"sound": "civ_move_2", "volume": 0.07}
[2026-09-25 16:37:17.088] [SFX] {"sound": "civ_move_1", "volume": 0.23}
[2026-09-25 16:37:17.135] [SFX] {"sound": "civ_move_1", "volume": 0.02}
[2026-09-25 16:37:17.219] [SFX] {"sound": "civ_move_2", "volume": 0.1}
[2026-09-25 16:37:17.220] [SFX] {"sound": "civ_move_2", "volume": 0.19}
[2026-09-25 16:37:17.241] [SFX] {"sound": "guardian_move", "volume": 0.23}
[2026-09-25 16:37:17.334] [SFX] {"sound": "civ_move_2", "volume": 0.24}
[2026-09-25 16:37:17.485] [SFX] {"sound": "civ_move_1", "volume": 0.0}
[2026-09-25 16:37:17.486] [SFX] {"sound": "civ_move_2", "volume": 0.02}
[2026-09-25 16:37:17.487] [SFX] {"sound": "civ_move_2", "volume": 0.08}
[2026-09-25 16:37:17.488] [SFX] {"sound": "civ_move_1", "volume": 0.24}
[2026-09-25 16:37:17.535] [SFX] {"sound": "civ_move_1", "volume": 0.02}
[2026-09-25 16:37:17.588] [SFX] {"sound": "guardian_move", "volume": 0.09}
[2026-09-25 16:37:17.622] [SFX] {"sound": "civ_move_2", "volume": 0.1}
[2026-09-25 16:37:17.623] [SFX] {"sound": "civ_move_2", "volume": 0.18}
[2026-09-25 16:37:17.739] [SFX] {"sound": "civ_move_2", "volume": 0.25}
[2026-09-25 16:37:17.839] [SFX] {"sound": "guardian_move", "volume": 0.26}
[2026-09-25 16:37:17.889] [SFX] {"sound": "civ_move_2", "volume": 0.03}
[2026-09-25 16:37:17.890] [SFX] {"sound": "civ_move_2", "volume": 0.09}
[2026-09-25 16:37:17.890] [SFX] {"sound": "civ_move_1", "volume": 0.25}
[2026-09-25 16:37:17.937] [SFX] {"sound": "civ_move_1", "volume": 0.01}
[2026-09-25 16:37:18.022] [SFX] {"sound": "civ_move_2", "volume": 0.1}
[2026-09-25 16:37:18.022] [SFX] {"sound": "civ_move_2", "volume": 0.17}
[2026-09-25 16:37:18.140] [SFX] {"sound": "civ_move_2", "volume": 0.26}
[2026-09-25 16:37:18.191] [SFX] {"sound": "guardian_move", "volume": 0.1}
[2026-09-25 16:37:18.291] [SFX] {"sound": "civ_move_2", "volume": 0.04}
[2026-09-25 16:37:18.292] [SFX] {"sound": "civ_move_2", "volume": 0.11}
[2026-09-25 16:37:18.292] [SFX] {"sound": "civ_move_1", "volume": 0.25}
[2026-09-25 16:37:18.426] [SFX] {"sound": "civ_move_2", "volume": 0.09}
[2026-09-25 16:37:18.427] [SFX] {"sound": "civ_move_2", "volume": 0.16}
[2026-09-25 16:37:18.453] [SFX] {"sound": "guardian_move", "volume": 0.28}
[2026-09-25 16:37:18.547] [SFX] {"sound": "civ_move_2", "volume": 0.27}
[2026-09-25 16:37:18.698] [SFX] {"sound": "civ_move_2", "volume": 0.05}
[2026-09-25 16:37:18.698] [SFX] {"sound": "civ_move_2", "volume": 0.12}
[2026-09-25 16:37:18.699] [SFX] {"sound": "civ_move_1", "volume": 0.26}
[2026-09-25 16:37:18.798] [SFX] {"sound": "guardian_move", "volume": 0.12}
[2026-09-25 16:37:18.832] [SFX] {"sound": "civ_move_2", "volume": 0.09}
[2026-09-25 16:37:18.832] [SFX] {"sound": "civ_move_2", "volume": 0.15}
[2026-09-25 16:37:18.950] [SFX] {"sound": "civ_move_2", "volume": 0.28}
[2026-09-25 16:37:19.049] [SFX] {"sound": "guardian_move", "volume": 0.3}
[2026-09-25 16:37:19.098] [SFX] {"sound": "civ_move_2", "volume": 0.06}
[2026-09-25 16:37:19.099] [SFX] {"sound": "civ_move_2", "volume": 0.13}
[2026-09-25 16:37:19.099] [SFX] {"sound": "civ_move_1", "volume": 0.27}
[2026-09-25 16:37:19.244] [SFX] {"sound": "civ_move_2", "volume": 0.08}
[2026-09-25 16:37:19.245] [SFX] {"sound": "civ_move_2", "volume": 0.14}
[2026-09-25 16:37:19.364] [SFX] {"sound": "civ_move_2", "volume": 0.28}
[2026-09-25 16:37:19.412] [SFX] {"sound": "guardian_move", "volume": 0.13}
[2026-09-25 16:37:19.444] [C] {"civ_pos": [86, 27]}
[2026-09-25 16:37:19.490] [JACK] Diese Nodes wandern völlig ahnungslos durch das Grid.
[2026-09-25 16:37:19.507] [SFX] {"sound": "civ_move_2", "volume": 0.06}
[2026-09-25 16:37:19.508] [SFX] {"sound": "civ_move_2", "volume": 0.14}
[2026-09-25 16:37:19.509] [SFX] {"sound": "civ_move_1", "volume": 0.28}
[2026-09-25 16:37:19.650] [SFX] {"sound": "guardian_move", "volume": 0.32}
[2026-09-25 16:37:19.651] [SFX] {"sound": "civ_move_2", "volume": 0.08}
[2026-09-25 16:37:19.651] [SFX] {"sound": "civ_move_2", "volume": 0.14}
[2026-09-25 16:37:19.766] [SFX] {"sound": "civ_move_2", "volume": 0.23}
[2026-09-25 16:37:19.900] [SFX] {"sound": "civ_move_2", "volume": 0.07}
[2026-09-25 16:37:19.900] [SFX] {"sound": "civ_move_2", "volume": 0.15}
[2026-09-25 16:37:19.901] [SFX] {"sound": "civ_move_1", "volume": 0.28}
[2026-09-25 16:37:20.016] [SFX] {"sound": "guardian_move", "volume": 0.15}
[2026-09-25 16:37:20.066] [SFX] {"sound": "civ_move_2", "volume": 0.07}
[2026-09-25 16:37:20.067] [SFX] {"sound": "civ_move_2", "volume": 0.13}
[2026-09-25 16:37:20.166] [SFX] {"sound": "civ_move_2", "volume": 0.22}
[2026-09-25 16:37:20.250] [SFX] {"sound": "guardian_move", "volume": 0.34}
[2026-09-25 16:37:20.315] [SFX] {"sound": "civ_move_2", "volume": 0.08}
[2026-09-25 16:37:20.315] [SFX] {"sound": "civ_move_2", "volume": 0.16}
[2026-09-25 16:37:20.316] [SFX] {"sound": "civ_move_1", "volume": 0.23}
[2026-09-25 16:37:20.467] [SFX] {"sound": "civ_move_2", "volume": 0.06}
[2026-09-25 16:37:20.468] [SFX] {"sound": "civ_move_2", "volume": 0.13}
[2026-09-25 16:37:20.569] [SFX] {"sound": "civ_move_2", "volume": 0.21}
[2026-09-25 16:37:20.635] [SFX] {"sound": "guardian_move", "volume": 0.15}
[2026-09-25 16:37:20.719] [SFX] {"sound": "civ_move_2", "volume": 0.09}
[2026-09-25 16:37:20.720] [SFX] {"sound": "civ_move_2", "volume": 0.18}
[2026-09-25 16:37:20.721] [SFX] {"sound": "civ_move_1", "volume": 0.22}
[2026-09-25 16:37:20.851] [SFX] {"sound": "guardian_move", "volume": 0.35}
[2026-09-25 16:37:20.875] [SFX] {"sound": "civ_move_2", "volume": 0.06}
[2026-09-25 16:37:20.876] [SFX] {"sound": "civ_move_2", "volume": 0.13}
[2026-09-25 16:37:20.902] [SFX] {"sound": "civ_move_2", "volume": 0.01}
[2026-09-25 16:37:20.953] [SFX] {"sound": "threat_pulse", "volume": 0.3}
[2026-09-25 16:37:20.976] [SFX] {"sound": "civ_move_2", "volume": 0.2}
[2026-09-25 16:37:21.135] [SFX] {"sound": "civ_move_2", "volume": 0.09}
[2026-09-25 16:37:21.136] [SFX] {"sound": "civ_move_2", "volume": 0.19}
[2026-09-25 16:37:21.137] [SFX] {"sound": "civ_move_1", "volume": 0.21}
[2026-09-25 16:37:21.250] [SFX] {"sound": "guardian_move", "volume": 0.14}
[2026-09-25 16:37:21.273] [SFX] {"sound": "civ_move_2", "volume": 0.06}
[2026-09-25 16:37:21.274] [SFX] {"sound": "civ_move_1", "volume": 0.0}
[2026-09-25 16:37:21.275] [SFX] {"sound": "civ_move_2", "volume": 0.12}
[2026-09-25 16:37:21.316] [SFX] {"sound": "civ_move_2", "volume": 0.02}
[2026-09-25 16:37:21.384] [SFX] {"sound": "civ_move_2", "volume": 0.19}
[2026-09-25 16:37:21.451] [SFX] {"sound": "guardian_move", "volume": 0.37}
[2026-09-25 16:37:21.535] [SFX] {"sound": "civ_move_2", "volume": 0.1}
[2026-09-25 16:37:21.536] [SFX] {"sound": "civ_move_2", "volume": 0.2}
[2026-09-25 16:37:21.537] [SFX] {"sound": "civ_move_1", "volume": 0.2}
[2026-09-25 16:37:21.668] [SFX] {"sound": "civ_move_2", "volume": 0.05}
[2026-09-25 16:37:21.669] [SFX] {"sound": "civ_move_1", "volume": 0.01}
[2026-09-25 16:37:21.670] [SFX] {"sound": "civ_move_2", "volume": 0.12}
[2026-09-25 16:37:21.721] [SFX] {"sound": "civ_move_2", "volume": 0.04}
[2026-09-25 16:37:21.785] [SFX] {"sound": "civ_move_2", "volume": 0.18}
[2026-09-25 16:37:21.867] [SFX] {"sound": "guardian_move", "volume": 0.12}
[2026-09-25 16:37:21.868] [SFX] {"sound": "threat_pulse", "volume": 0.33}
[2026-09-25 16:37:21.948] [SFX] {"sound": "civ_move_2", "volume": 0.11}
[2026-09-25 16:37:21.948] [SFX] {"sound": "civ_move_2", "volume": 0.21}
[2026-09-25 16:37:21.949] [SFX] {"sound": "civ_move_1", "volume": 0.19}
[2026-09-25 16:37:22.065] [SFX] {"sound": "guardian_move", "volume": 0.3}
[2026-09-25 16:37:22.089] [SFX] {"sound": "civ_move_2", "volume": 0.04}
[2026-09-25 16:37:22.090] [SFX] {"sound": "civ_move_1", "volume": 0.02}
[2026-09-25 16:37:22.090] [SFX] {"sound": "civ_move_2", "volume": 0.11}
[2026-09-25 16:37:22.117] [SFX] {"sound": "civ_move_2", "volume": 0.05}
[2026-09-25 16:37:22.201] [SFX] {"sound": "civ_move_2", "volume": 0.17}
[2026-09-25 16:37:22.353] [SFX] {"sound": "civ_move_2", "volume": 0.11}
[2026-09-25 16:37:22.353] [SFX] {"sound": "civ_move_2", "volume": 0.22}
[2026-09-25 16:37:22.354] [SFX] {"sound": "civ_move_1", "volume": 0.18}
[2026-09-25 16:37:22.470] [SFX] {"sound": "guardian_move", "volume": 0.11}
[2026-09-25 16:37:22.497] [SFX] {"sound": "civ_move_2", "volume": 0.03}
[2026-09-25 16:37:22.498] [SFX] {"sound": "civ_move_1", "volume": 0.04}
[2026-09-25 16:37:22.499] [SFX] {"sound": "civ_move_2", "volume": 0.12}
[2026-09-25 16:37:22.526] [SFX] {"sound": "civ_move_2", "volume": 0.06}
[2026-09-25 16:37:22.609] [SFX] {"sound": "civ_move_2", "volume": 0.16}
[2026-09-25 16:37:22.676] [SFX] {"sound": "guardian_move", "volume": 0.31}
[2026-09-25 16:37:22.761] [SFX] {"sound": "civ_move_2", "volume": 0.12}
[2026-09-25 16:37:22.761] [SFX] {"sound": "civ_move_2", "volume": 0.23}
[2026-09-25 16:37:22.762] [SFX] {"sound": "civ_move_1", "volume": 0.17}
[2026-09-25 16:37:22.786] [SFX] {"sound": "threat_pulse", "volume": 0.37}
[2026-09-25 16:37:22.894] [SFX] {"sound": "civ_move_2", "volume": 0.03}
[2026-09-25 16:37:22.895] [SFX] {"sound": "civ_move_1", "volume": 0.05}
[2026-09-25 16:37:22.918] [SFX] {"sound": "civ_move_2", "volume": 0.12}
[2026-09-25 16:37:22.936] [SFX] {"sound": "civ_move_2", "volume": 0.07}
[2026-09-25 16:37:23.013] [SFX] {"sound": "civ_move_2", "volume": 0.15}
[2026-09-25 16:37:23.080] [SFX] {"sound": "guardian_move", "volume": 0.09}
[2026-09-25 16:37:23.164] [SFX] {"sound": "civ_move_2", "volume": 0.12}
[2026-09-25 16:37:23.165] [SFX] {"sound": "civ_move_2", "volume": 0.24}
[2026-09-25 16:37:23.166] [SFX] {"sound": "civ_move_1", "volume": 0.16}
[2026-09-25 16:37:23.231] [M] {"button": 1, "pos": [282, 208], "ui_clicked": false}
[2026-09-25 16:37:23.239] [P] {"start": [84, 27], "goal": [79, 30], "length": 8, "is_direction_change": false}
[2026-09-25 16:37:23.240] [SFX] {"sound": "click_target", "volume": 0.68}
[2026-09-25 16:37:23.274] [JACK] Hörst du das Wummern? Sentinels in der Nähe... Bloß keinen falschen Schritt machen!
[2026-09-25 16:37:23.298] [SFX] {"sound": "guardian_move", "volume": 0.4}
[2026-09-25 16:37:23.299] [SFX] {"sound": "civ_move_2", "volume": 0.02}
[2026-09-25 16:37:23.300] [SFX] {"sound": "civ_move_1", "volume": 0.06}
[2026-09-25 16:37:23.323] [SFX] {"sound": "civ_move_2", "volume": 0.12}
[2026-09-25 16:37:23.339] [SFX] {"sound": "civ_move_2", "volume": 0.09}
[2026-09-25 16:37:23.356] [SFX] {"sound": "player_move", "volume": 0.4}
[2026-09-25 16:37:23.414] [SFX] {"sound": "civ_move_2", "volume": 0.15}
[2026-09-25 16:37:23.578] [SFX] {"sound": "civ_move_2", "volume": 0.23}
[2026-09-25 16:37:23.579] [SFX] {"sound": "civ_move_1", "volume": 0.17}
[2026-09-25 16:37:23.660] [SFX] {"sound": "player_move", "volume": 0.4}
[2026-09-25 16:37:23.691] [SFX] {"sound": "guardian_move", "volume": 0.08}
[2026-09-25 16:37:23.692] [SFX] {"sound": "threat_pulse", "volume": 0.44}
[2026-09-25 16:37:23.715] [SFX] {"sound": "civ_move_2", "volume": 0.03}
[2026-09-25 16:37:23.716] [SFX] {"sound": "civ_move_1", "volume": 0.05}
[2026-09-25 16:37:23.735] [SFX] {"sound": "civ_move_2", "volume": 0.12}
[2026-09-25 16:37:23.752] [SFX] {"sound": "civ_move_2", "volume": 0.08}
[2026-09-25 16:37:23.829] [SFX] {"sound": "civ_move_2", "volume": 0.14}
[2026-09-25 16:37:23.928] [SFX] {"sound": "guardian_move", "volume": 0.27}
[2026-09-25 16:37:23.962] [SFX] {"sound": "player_move", "volume": 0.4}
[2026-09-25 16:37:23.986] [SFX] {"sound": "civ_move_2", "volume": 0.13}
[2026-09-25 16:37:23.987] [SFX] {"sound": "civ_move_2", "volume": 0.23}
[2026-09-25 16:37:23.988] [SFX] {"sound": "civ_move_1", "volume": 0.15}
[2026-09-25 16:37:24.112] [SFX] {"sound": "civ_move_2", "volume": 0.02}
[2026-09-25 16:37:24.113] [SFX] {"sound": "civ_move_1", "volume": 0.04}
[2026-09-25 16:37:24.138] [SFX] {"sound": "civ_move_2", "volume": 0.12}
[2026-09-25 16:37:24.154] [SFX] {"sound": "civ_move_2", "volume": 0.07}
[2026-09-25 16:37:24.229] [SFX] {"sound": "civ_move_2", "volume": 0.14}
[2026-09-25 16:37:24.296] [SFX] {"sound": "guardian_move", "volume": 0.04}
[2026-09-25 16:37:24.381] [SFX] {"sound": "civ_move_2", "volume": 0.14}
[2026-09-25 16:37:24.381] [SFX] {"sound": "civ_move_2", "volume": 0.22}
[2026-09-25 16:37:24.382] [SFX] {"sound": "civ_move_1", "volume": 0.14}
[2026-09-25 16:37:24.405] [SFX] {"sound": "threat_pulse", "volume": 0.41}
[2026-09-25 16:37:24.515] [SFX] {"sound": "civ_move_2", "volume": 0.02}
[2026-09-25 16:37:24.516] [SFX] {"sound": "civ_move_1", "volume": 0.06}
[2026-09-25 16:37:24.538] [SFX] {"sound": "guardian_move", "volume": 0.34}
[2026-09-25 16:37:24.539] [SFX] {"sound": "civ_move_2", "volume": 0.13}
[2026-09-25 16:37:24.556] [SFX] {"sound": "civ_move_2", "volume": 0.08}
[2026-09-25 16:37:24.632] [SFX] {"sound": "civ_move_2", "volume": 0.13}
[2026-09-25 16:37:24.783] [SFX] {"sound": "civ_move_2", "volume": 0.14}
[2026-09-25 16:37:24.784] [SFX] {"sound": "civ_move_2", "volume": 0.23}
[2026-09-25 16:37:24.785] [SFX] {"sound": "civ_move_1", "volume": 0.14}
[2026-09-25 16:37:24.899] [SFX] {"sound": "guardian_move", "volume": 0.02}
[2026-09-25 16:37:24.925] [SFX] {"sound": "civ_move_2", "volume": 0.03}
[2026-09-25 16:37:24.926] [SFX] {"sound": "civ_move_1", "volume": 0.07}
[2026-09-25 16:37:24.943] [SFX] {"sound": "civ_move_2", "volume": 0.13}
[2026-09-25 16:37:24.959] [SFX] {"sound": "civ_move_2", "volume": 0.09}
[2026-09-25 16:37:25.039] [SFX] {"sound": "civ_move_2", "volume": 0.13}
[2026-09-25 16:37:25.137] [SFX] {"sound": "guardian_move", "volume": 0.36}
[2026-09-25 16:37:25.186] [SFX] {"sound": "civ_move_2", "volume": 0.15}
[2026-09-25 16:37:25.187] [SFX] {"sound": "civ_move_2", "volume": 0.24}
[2026-09-25 16:37:25.188] [SFX] {"sound": "civ_move_1", "volume": 0.13}
[2026-09-25 16:37:25.209] [SFX] {"sound": "threat_pulse", "volume": 0.37}
[2026-09-25 16:37:25.320] [M] {"button": 1, "pos": [276, 199], "ui_clicked": false}
[2026-09-25 16:37:25.327] [SFX] {"sound": "civ_move_2", "volume": 0.03}
[2026-09-25 16:37:25.328] [SFX] {"sound": "civ_move_1", "volume": 0.08}
[2026-09-25 16:37:25.344] [SFX] {"sound": "civ_move_2", "volume": 0.14}
[2026-09-25 16:37:25.361] [SFX] {"sound": "civ_move_2", "volume": 0.1}
[2026-09-25 16:37:25.453] [SFX] {"sound": "civ_move_2", "volume": 0.12}
[2026-09-25 16:37:25.502] [SFX] {"sound": "guardian_move", "volume": 0.0}
[2026-09-25 16:37:25.585] [SFX] {"sound": "civ_move_2", "volume": 0.16}
[2026-09-25 16:37:25.586] [SFX] {"sound": "civ_move_2", "volume": 0.24}
[2026-09-25 16:37:25.587] [SFX] {"sound": "civ_move_1", "volume": 0.13}
[2026-09-25 16:37:25.735] [SFX] {"sound": "civ_move_1", "volume": 0.09}
[2026-09-25 16:37:25.758] [SFX] {"sound": "guardian_move", "volume": 0.37}
[2026-09-25 16:37:25.759] [SFX] {"sound": "civ_move_2", "volume": 0.03}
[2026-09-25 16:37:25.760] [SFX] {"sound": "civ_move_2", "volume": 0.14}
[2026-09-25 16:37:25.776] [SFX] {"sound": "civ_move_2", "volume": 0.11}
[2026-09-25 16:37:26.001] [SFX] {"sound": "civ_move_2", "volume": 0.17}
[2026-09-25 16:37:26.002] [SFX] {"sound": "civ_move_2", "volume": 0.25}
[2026-09-25 16:37:26.003] [SFX] {"sound": "civ_move_1", "volume": 0.12}
[2026-09-25 16:37:26.119] [SFX] {"sound": "threat_pulse", "volume": 0.39}
[2026-09-25 16:37:26.144] [SFX] {"sound": "civ_move_1", "volume": 0.1}
[2026-09-25 16:37:26.160] [SFX] {"sound": "civ_move_2", "volume": 0.02}
[2026-09-25 16:37:26.161] [SFX] {"sound": "civ_move_2", "volume": 0.15}
[2026-09-25 16:37:26.178] [SFX] {"sound": "civ_move_2", "volume": 0.12}
[2026-09-25 16:37:26.269] [SFX] {"sound": "civ_move_2", "volume": 0.11}
[2026-09-25 16:37:26.353] [SFX] {"sound": "guardian_move", "volume": 0.38}
[2026-09-25 16:37:26.403] [SFX] {"sound": "civ_move_2", "volume": 0.17}
[2026-09-25 16:37:26.404] [SFX] {"sound": "civ_move_2", "volume": 0.2}
[2026-09-25 16:37:26.405] [SFX] {"sound": "civ_move_1", "volume": 0.11}
[2026-09-25 16:37:26.553] [SFX] {"sound": "civ_move_2", "volume": 0.02}
[2026-09-25 16:37:26.554] [SFX] {"sound": "civ_move_2", "volume": 0.16}
[2026-09-25 16:37:26.587] [SFX] {"sound": "civ_move_2", "volume": 0.14}
[2026-09-25 16:37:26.670] [SFX] {"sound": "civ_move_2", "volume": 0.1}
[2026-09-25 16:37:26.686] [M] {"button": 1, "pos": [291, 200], "ui_clicked": false}
[2026-09-25 16:37:26.695] [P] {"start": [79, 30], "goal": [75, 32], "length": 3, "is_direction_change": false}
[2026-09-25 16:37:26.696] [SFX] {"sound": "click_target", "volume": 0.71}
[2026-09-25 16:37:26.810] [SFX] {"sound": "civ_move_2", "volume": 0.18}
[2026-09-25 16:37:26.810] [SFX] {"sound": "civ_move_2", "volume": 0.19}
[2026-09-25 16:37:26.811] [SFX] {"sound": "civ_move_1", "volume": 0.11}
[2026-09-25 16:37:26.861] [SFX] {"sound": "player_move", "volume": 0.4}
[2026-09-25 16:37:26.929] [SFX] {"sound": "threat_pulse", "volume": 0.45}
[2026-09-25 16:37:26.952] [SFX] {"sound": "civ_move_1", "volume": 0.1}
[2026-09-25 16:37:26.969] [SFX] {"sound": "guardian_move", "volume": 0.36}
[2026-09-25 16:37:26.970] [SFX] {"sound": "civ_move_2", "volume": 0.04}
[2026-09-25 16:37:26.971] [SFX] {"sound": "civ_move_2", "volume": 0.16}
[2026-09-25 16:37:26.995] [SFX] {"sound": "civ_move_2", "volume": 0.11}
[2026-09-25 16:37:27.078] [SFX] {"sound": "civ_move_2", "volume": 0.08}
[2026-09-25 16:37:27.212] [SFX] {"sound": "civ_move_2", "volume": 0.17}
[2026-09-25 16:37:27.213] [SFX] {"sound": "civ_move_1", "volume": 0.09}
[2026-09-25 16:37:27.360] [SFX] {"sound": "civ_move_1", "volume": 0.1}
[2026-09-25 16:37:27.384] [SFX] {"sound": "civ_move_2", "volume": 0.05}
[2026-09-25 16:37:27.384] [SFX] {"sound": "civ_move_2", "volume": 0.16}
[2026-09-25 16:37:27.411] [SFX] {"sound": "civ_move_2", "volume": 0.13}
[2026-09-25 16:37:27.479] [SFX] {"sound": "civ_move_2", "volume": 0.07}
[2026-09-25 16:37:27.577] [SFX] {"sound": "guardian_move", "volume": 0.37}
[2026-09-25 16:37:27.626] [SFX] {"sound": "civ_move_2", "volume": 0.17}
[2026-09-25 16:37:27.627] [SFX] {"sound": "civ_move_1", "volume": 0.08}
[2026-09-25 16:37:27.650] [SFX] {"sound": "threat_pulse", "volume": 0.45}
[2026-09-25 16:37:27.760] [SFX] {"sound": "civ_move_1", "volume": 0.11}
[2026-09-25 16:37:27.785] [SFX] {"sound": "civ_move_2", "volume": 0.06}
[2026-09-25 16:37:27.786] [SFX] {"sound": "civ_move_2", "volume": 0.17}
[2026-09-25 16:37:27.814] [SFX] {"sound": "civ_move_2", "volume": 0.14}
[2026-09-25 16:37:27.880] [SFX] {"sound": "civ_move_2", "volume": 0.06}
[2026-09-25 16:37:28.030] [M] {"button": 1, "pos": [300, 200], "ui_clicked": false}
[2026-09-25 16:37:28.040] [SFX] {"sound": "civ_move_2", "volume": 0.22}
[2026-09-25 16:37:28.040] [SFX] {"sound": "civ_move_2", "volume": 0.17}
[2026-09-25 16:37:28.056] [SFX] {"sound": "civ_move_1", "volume": 0.07}
[2026-09-25 16:37:28.165] [SFX] {"sound": "civ_move_1", "volume": 0.13}
[2026-09-25 16:37:28.188] [SFX] {"sound": "civ_move_2", "volume": 0.07}
[2026-09-25 16:37:28.189] [SFX] {"sound": "civ_move_2", "volume": 0.17}
[2026-09-25 16:37:28.205] [SFX] {"sound": "guardian_move", "volume": 0.39}
[2026-09-25 16:37:28.223] [SFX] {"sound": "civ_move_2", "volume": 0.15}
[2026-09-25 16:37:28.283] [SFX] {"sound": "civ_move_2", "volume": 0.05}
[2026-09-25 16:37:28.349] [SFX] {"sound": "threat_pulse", "volume": 0.49}
[2026-09-25 16:37:28.430] [SFX] {"sound": "civ_move_2", "volume": 0.22}
[2026-09-25 16:37:28.431] [SFX] {"sound": "civ_move_2", "volume": 0.16}
[2026-09-25 16:37:28.464] [SFX] {"sound": "civ_move_1", "volume": 0.06}
[2026-09-25 16:37:28.579] [SFX] {"sound": "civ_move_1", "volume": 0.14}
[2026-09-25 16:37:28.602] [SFX] {"sound": "civ_move_2", "volume": 0.08}
[2026-09-25 16:37:28.603] [SFX] {"sound": "civ_move_2", "volume": 0.17}
[2026-09-25 16:37:28.630] [SFX] {"sound": "civ_move_2", "volume": 0.16}
[2026-09-25 16:37:28.698] [SFX] {"sound": "civ_move_2", "volume": 0.04}
[2026-09-25 16:37:28.816] [SFX] {"sound": "guardian_move", "volume": 0.4}
[2026-09-25 16:37:28.841] [SFX] {"sound": "civ_move_2", "volume": 0.21}
[2026-09-25 16:37:28.841] [SFX] {"sound": "civ_move_2", "volume": 0.16}
[2026-09-25 16:37:28.868] [SFX] {"sound": "civ_move_1", "volume": 0.05}
[2026-09-25 16:37:28.952] [SFX] {"sound": "threat_pulse", "volume": 0.53}
[2026-09-25 16:37:28.984] [SFX] {"sound": "civ_move_1", "volume": 0.15}
[2026-09-25 16:37:29.009] [SFX] {"sound": "civ_move_2", "volume": 0.09}
[2026-09-25 16:37:29.010] [SFX] {"sound": "civ_move_2", "volume": 0.22}
[2026-09-25 16:37:29.037] [SFX] {"sound": "civ_move_2", "volume": 0.17}
[2026-09-25 16:37:29.104] [SFX] {"sound": "civ_move_2", "volume": 0.03}
[2026-09-25 16:37:29.240] [SFX] {"sound": "civ_move_2", "volume": 0.21}
[2026-09-25 16:37:29.241] [SFX] {"sound": "civ_move_2", "volume": 0.15}
[2026-09-25 16:37:29.273] [SFX] {"sound": "civ_move_1", "volume": 0.04}
[2026-09-25 16:37:29.391] [SFX] {"sound": "civ_move_1", "volume": 0.16}
[2026-09-25 16:37:29.416] [SFX] {"sound": "civ_move_2", "volume": 0.1}
[2026-09-25 16:37:29.416] [SFX] {"sound": "civ_move_2", "volume": 0.22}
[2026-09-25 16:37:29.441] [SFX] {"sound": "guardian_move", "volume": 0.4}
[2026-09-25 16:37:29.442] [SFX] {"sound": "civ_move_2", "volume": 0.18}
[2026-09-25 16:37:29.465] [SFX] {"sound": "threat_pulse", "volume": 0.57}
[2026-09-25 16:37:29.506] [SFX] {"sound": "civ_move_2", "volume": 0.02}
[2026-09-25 16:37:29.625] [M] {"button": 1, "pos": [309, 182], "ui_clicked": false}
[2026-09-25 16:37:29.641] [SFX] {"sound": "civ_move_2", "volume": 0.2}
[2026-09-25 16:37:29.642] [SFX] {"sound": "civ_move_2", "volume": 0.14}
[2026-09-25 16:37:29.674] [SFX] {"sound": "civ_move_1", "volume": 0.03}
[2026-09-25 16:37:29.806] [SFX] {"sound": "civ_move_1", "volume": 0.17}
[2026-09-25 16:37:29.831] [SFX] {"sound": "civ_move_2", "volume": 0.1}
[2026-09-25 16:37:29.831] [SFX] {"sound": "civ_move_2", "volume": 0.21}
[2026-09-25 16:37:29.848] [SFX] {"sound": "civ_move_2", "volume": 0.19}
[2026-09-25 16:37:29.865] [SFX] {"sound": "threat_pulse", "volume": 0.61}
[2026-09-25 16:37:29.910] [SFX] {"sound": "civ_move_2", "volume": 0.01}
[2026-09-25 16:37:30.047] [M] {"button": 1, "pos": [320, 182], "ui_clicked": false}
[2026-09-25 16:37:30.056] [SFX] {"sound": "civ_move_2", "volume": 0.2}
[2026-09-25 16:37:30.057] [SFX] {"sound": "civ_move_2", "volume": 0.14}
[2026-09-25 16:37:30.081] [SFX] {"sound": "guardian_move", "volume": 0.4}
[2026-09-25 16:37:30.082] [SFX] {"sound": "civ_move_1", "volume": 0.02}
[2026-09-25 16:37:30.162] [SFX] {"sound": "threat_pulse", "volume": 0.63}
[2026-09-25 16:37:30.212] [SFX] {"sound": "civ_move_1", "volume": 0.18}
[2026-09-25 16:37:30.237] [SFX] {"sound": "civ_move_2", "volume": 0.1}
[2026-09-25 16:37:30.237] [SFX] {"sound": "civ_move_2", "volume": 0.21}
[2026-09-25 16:37:30.253] [SFX] {"sound": "civ_move_2", "volume": 0.19}
[2026-09-25 16:37:30.313] [SFX] {"sound": "civ_move_2", "volume": 0.0}
[2026-09-25 16:37:30.363] [SFX] {"sound": "threat_pulse", "volume": 0.65}
[2026-09-25 16:37:30.460] [SFX] {"sound": "civ_move_2", "volume": 0.19}
[2026-09-25 16:37:30.460] [SFX] {"sound": "civ_move_2", "volume": 0.13}
[2026-09-25 16:37:30.492] [SFX] {"sound": "civ_move_1", "volume": 0.01}
[2026-09-25 16:37:30.574] [SFX] {"sound": "threat_pulse", "volume": 0.66}
[2026-09-25 16:37:30.624] [SFX] {"sound": "civ_move_1", "volume": 0.19}
[2026-09-25 16:37:30.647] [SFX] {"sound": "civ_move_2", "volume": 0.11}
[2026-09-25 16:37:30.648] [SFX] {"sound": "civ_move_2", "volume": 0.2}
[2026-09-25 16:37:30.674] [SFX] {"sound": "threat_pulse", "volume": 0.67}
[2026-09-25 16:37:30.708] [SFX] {"sound": "guardian_move", "volume": 0.39}
[2026-09-25 16:37:30.774] [SFX] {"sound": "threat_pulse", "volume": 0.68}
[2026-09-25 16:37:30.875] [SFX] {"sound": "civ_move_2", "volume": 0.18}
[2026-09-25 16:37:30.876] [SFX] {"sound": "civ_move_2", "volume": 0.12}
[2026-09-25 16:37:30.877] [SFX] {"sound": "threat_pulse", "volume": 0.69}
[2026-09-25 16:37:30.908] [SFX] {"sound": "civ_move_1", "volume": 0.0}
[2026-09-25 16:37:30.990] [SFX] {"sound": "threat_pulse", "volume": 0.7}
[2026-09-25 16:37:31.023] [M] {"button": 1, "pos": [351, 179], "ui_clicked": false}
[2026-09-25 16:37:31.033] [P] {"start": [75, 32], "goal": [78, 31], "length": 2, "is_direction_change": false}
[2026-09-25 16:37:31.034] [SFX] {"sound": "click_target", "volume": 0.9}
[2026-09-25 16:37:31.057] [JACK] Diese Bedrohung ist greifbar... Die Wachen dürfen unser Signal nicht isolieren.
[2026-09-25 16:37:31.058] [SFX] {"sound": "civ_move_2", "volume": 0.11}
[2026-09-25 16:37:31.059] [SFX] {"sound": "civ_move_1", "volume": 0.2}
[2026-09-25 16:37:31.059] [SFX] {"sound": "civ_move_2", "volume": 0.2}
[2026-09-25 16:37:31.060] [SFX] {"sound": "alert_trigger", "volume": 1.0}
[2026-09-25 16:37:31.077] [SFX] {"sound": "civ_move_2", "volume": 0.21}
[2026-09-25 16:37:31.078] [SFX] {"sound": "game_over", "volume": 1.0}
[2026-09-25 16:37:36.330] [SFX] {"sound": "hack_success", "volume": 0.8}
[2026-09-25 16:37:37.170] [SESSION_RESET] {"msg": "--- NEW LIFE STARTED ---"}
[2026-09-25 16:37:37.216] [S] {"map": "Shadowgrid"}
[2026-09-25 16:37:37.240] [JACK] Kleine Schritte. Immer auf die Umgebung achten.
[2026-09-25 16:37:37.242] [SFX] {"sound": "guardian_move", "volume": 0.14}
[2026-09-25 16:37:37.270] [JACK] Ah, im Shadowgrid angekommen... endlich.
[2026-09-25 16:37:37.624] [SFX] {"sound": "guardian_move", "volume": 0.09}
[2026-09-25 16:37:37.841] [SFX] {"sound": "guardian_move", "volume": 0.13}
[2026-09-25 16:37:37.908] [SFX] {"sound": "civ_move_1", "volume": 0.09}
[2026-09-25 16:37:38.239] [SFX] {"sound": "guardian_move", "volume": 0.11}
[2026-09-25 16:37:38.320] [SFX] {"sound": "civ_move_1", "volume": 0.09}
[2026-09-25 16:37:38.452] [SFX] {"sound": "guardian_move", "volume": 0.12}
[2026-09-25 16:37:38.737] [SFX] {"sound": "civ_move_1", "volume": 0.1}
[2026-09-25 16:37:38.854] [SFX] {"sound": "guardian_move", "volume": 0.13}
[2026-09-25 16:37:39.054] [SFX] {"sound": "guardian_move", "volume": 0.1}
[2026-09-25 16:37:39.138] [SFX] {"sound": "civ_move_1", "volume": 0.11}
[2026-09-25 16:37:39.322] [M] {"button": 1, "pos": [325, 228], "ui_clicked": false}
[2026-09-25 16:37:39.331] [P] {"start": [2, 2], "goal": [2, 8], "length": 4, "is_direction_change": false}
[2026-09-25 16:37:39.332] [SFX] {"sound": "click_target", "volume": 0.68}
[2026-09-25 16:37:39.356] [SFX] {"sound": "player_move", "volume": 0.4}
[2026-09-25 16:37:39.465] [SFX] {"sound": "guardian_move", "volume": 0.16}
[2026-09-25 16:37:39.547] [SFX] {"sound": "civ_move_1", "volume": 0.12}
[2026-09-25 16:37:39.648] [SFX] {"sound": "player_move", "volume": 0.4}
[2026-09-25 16:37:39.672] [SFX] {"sound": "guardian_move", "volume": 0.14}
[2026-09-25 16:37:39.948] [SFX] {"sound": "civ_move_1", "volume": 0.12}
[2026-09-25 16:37:40.065] [SFX] {"sound": "guardian_move", "volume": 0.17}
[2026-09-25 16:37:40.278] [SFX] {"sound": "guardian_move", "volume": 0.14}
[2026-09-25 16:37:40.361] [SFX] {"sound": "civ_move_1", "volume": 0.12}
[2026-09-25 16:37:40.672] [SFX] {"sound": "guardian_move", "volume": 0.16}
[2026-09-25 16:37:40.740] [M] {"button": 1, "pos": [348, 221], "ui_clicked": false}
[2026-09-25 16:37:40.773] [SFX] {"sound": "civ_move_1", "volume": 0.11}
[2026-09-25 16:37:40.889] [SFX] {"sound": "guardian_move", "volume": 0.15}
[2026-09-25 16:37:41.174] [SFX] {"sound": "civ_move_1", "volume": 0.1}
[2026-09-25 16:37:41.274] [SFX] {"sound": "guardian_move", "volume": 0.14}
[2026-09-25 16:37:41.325] [M] {"button": 1, "pos": [347, 217], "ui_clicked": false}
[2026-09-25 16:37:41.337] [P] {"start": [2, 8], "goal": [5, 12], "length": 3, "is_direction_change": false}
[2026-09-25 16:37:41.338] [SFX] {"sound": "click_target", "volume": 0.69}
[2026-09-25 16:37:41.413] [SFX] {"sound": "player_move", "volume": 0.4}
[2026-09-25 16:37:41.496] [SFX] {"sound": "guardian_move", "volume": 0.19}
[2026-09-25 16:37:41.577] [SFX] {"sound": "civ_move_1", "volume": 0.12}
[2026-09-25 16:37:41.677] [SFX] {"sound": "civ_move_1", "volume": 0.02}
[2026-09-25 16:37:41.875] [SFX] {"sound": "guardian_move", "volume": 0.16}
[2026-09-25 16:37:41.992] [SFX] {"sound": "civ_move_1", "volume": 0.12}
[2026-09-25 16:37:42.091] [SFX] {"sound": "civ_move_1", "volume": 0.03}
[2026-09-25 16:37:42.114] [SFX] {"sound": "guardian_move", "volume": 0.22}
[2026-09-25 16:37:42.173] [M] {"button": 1, "pos": [347, 217], "ui_clicked": false}
[2026-09-25 16:37:42.182] [P] {"start": [5, 12], "goal": [8, 16], "length": 2, "is_direction_change": false}
[2026-09-25 16:37:42.183] [SFX] {"sound": "click_target", "volume": 0.69}
[2026-09-25 16:37:42.212] [SFX] {"sound": "player_move", "volume": 0.4}
[2026-09-25 16:37:42.395] [SFX] {"sound": "civ_move_1", "volume": 0.14}
[2026-09-25 16:37:42.478] [SFX] {"sound": "guardian_move", "volume": 0.18}
[2026-09-25 16:37:42.502] [SFX] {"sound": "civ_move_1", "volume": 0.06}
[2026-09-25 16:37:42.520] [SFX] {"sound": "player_move", "volume": 0.4}
[2026-09-25 16:37:42.711] [SFX] {"sound": "guardian_move", "volume": 0.25}
[2026-09-25 16:37:42.811] [SFX] {"sound": "civ_move_1", "volume": 0.18}
[2026-09-25 16:37:42.910] [SFX] {"sound": "civ_move_1", "volume": 0.07}
[2026-09-25 16:37:43.091] [SFX] {"sound": "guardian_move", "volume": 0.16}
[2026-09-25 16:37:43.222] [SFX] {"sound": "civ_move_1", "volume": 0.18}
[2026-09-25 16:37:43.322] [SFX] {"sound": "guardian_move", "volume": 0.24}
[2026-09-25 16:37:43.322] [SFX] {"sound": "civ_move_1", "volume": 0.08}
[2026-09-25 16:37:43.491] [M] {"button": 1, "pos": [358, 191], "ui_clicked": false}
[2026-09-25 16:37:43.623] [SFX] {"sound": "civ_move_1", "volume": 0.19}
[2026-09-25 16:37:43.705] [SFX] {"sound": "guardian_move", "volume": 0.14}
[2026-09-25 16:37:43.729] [SFX] {"sound": "civ_move_1", "volume": 0.09}
[2026-09-25 16:37:43.925] [M] {"button": 1, "pos": [358, 187], "ui_clicked": false}
[2026-09-25 16:37:43.934] [SFX] {"sound": "guardian_move", "volume": 0.22}
[2026-09-25 16:37:43.935] [P] {"start": [8, 16], "goal": [12, 16], "length": 1, "is_direction_change": false}
[2026-09-25 16:37:43.935] [SFX] {"sound": "click_target", "volume": 0.7}
[2026-09-25 16:37:43.972] [JACK] Kurzer Blick um die Ecke...
[2026-09-25 16:37:44.032] [SFX] {"sound": "civ_move_1", "volume": 0.22}
[2026-09-25 16:37:44.131] [SFX] {"sound": "civ_move_1", "volume": 0.11}
[2026-09-25 16:37:44.312] [SFX] {"sound": "guardian_move", "volume": 0.15}
[2026-09-25 16:37:44.447] [SFX] {"sound": "civ_move_1", "volume": 0.25}
[2026-09-25 16:37:44.531] [SFX] {"sound": "guardian_move", "volume": 0.21}
[2026-09-25 16:37:44.532] [SFX] {"sound": "civ_move_1", "volume": 0.12}
[2026-09-25 16:37:44.863] [SFX] {"sound": "civ_move_1", "volume": 0.26}
[2026-09-25 16:37:44.913] [SFX] {"sound": "guardian_move", "volume": 0.13}
[2026-09-25 16:37:44.929] [M] {"button": 1, "pos": [361, 187], "ui_clicked": false}
[2026-09-25 16:37:44.937] [P] {"start": [12, 16], "goal": [17, 16], "length": 8, "is_direction_change": false}
[2026-09-25 16:37:44.938] [SFX] {"sound": "click_target", "volume": 0.7}
[2026-09-25 16:37:44.975] [SFX] {"sound": "civ_move_1", "volume": 0.12}
[2026-09-25 16:37:45.048] [SFX] {"sound": "player_move", "volume": 0.4}
[2026-09-25 16:37:45.131] [SFX] {"sound": "guardian_move", "volume": 0.18}
[2026-09-25 16:37:45.165] [C] {"civ_pos": [16, 14]}
[2026-09-25 16:37:45.272] [SFX] {"sound": "civ_move_1", "volume": 0.29}
[2026-09-25 16:37:45.354] [SFX] {"sound": "player_move", "volume": 0.4}
[2026-09-25 16:37:45.355] [SFX] {"sound": "civ_move_1", "volume": 0.12}
[2026-09-25 16:37:45.520] [SFX] {"sound": "guardian_move", "volume": 0.19}
[2026-09-25 16:37:45.669] [SFX] {"sound": "player_move", "volume": 0.4}
[2026-09-25 16:37:45.693] [SFX] {"sound": "civ_move_1", "volume": 0.22}
[2026-09-25 16:37:45.736] [SFX] {"sound": "guardian_move", "volume": 0.15}
[2026-09-25 16:37:45.770] [SFX] {"sound": "civ_move_1", "volume": 0.13}
[2026-09-25 16:37:45.970] [SFX] {"sound": "player_move", "volume": 0.4}
[2026-09-25 16:37:46.088] [SFX] {"sound": "civ_move_1", "volume": 0.22}
[2026-09-25 16:37:46.121] [SFX] {"sound": "guardian_move", "volume": 0.21}
[2026-09-25 16:37:46.172] [SFX] {"sound": "civ_move_1", "volume": 0.17}
[2026-09-25 16:37:46.270] [SFX] {"sound": "player_move", "volume": 0.4}
[2026-09-25 16:37:46.336] [SFX] {"sound": "guardian_move", "volume": 0.18}
[2026-09-25 16:37:46.361] [SFX] {"sound": "guardian_move", "volume": 0.01}
[2026-09-25 16:37:46.504] [SFX] {"sound": "civ_move_1", "volume": 0.25}
[2026-09-25 16:37:46.586] [SFX] {"sound": "civ_move_1", "volume": 0.17}
[2026-09-25 16:37:46.733] [SFX] {"sound": "guardian_move", "volume": 0.12}
[2026-09-25 16:37:46.915] [SFX] {"sound": "civ_move_1", "volume": 0.26}
[2026-09-25 16:37:46.947] [SFX] {"sound": "guardian_move", "volume": 0.13}
[2026-09-25 16:37:46.973] [SFX] {"sound": "guardian_move", "volume": 0.01}
[2026-09-25 16:37:46.999] [SFX] {"sound": "civ_move_1", "volume": 0.17}
[2026-09-25 16:37:47.347] [SFX] {"sound": "guardian_move", "volume": 0.1}
[2026-09-25 16:37:47.348] [SFX] {"sound": "civ_move_1", "volume": 0.25}
[2026-09-25 16:37:47.412] [SFX] {"sound": "civ_move_1", "volume": 0.18}
[2026-09-25 16:37:47.545] [M] {"button": 1, "pos": [392, 211], "ui_clicked": false}
[2026-09-25 16:37:47.563] [SFX] {"sound": "guardian_move", "volume": 0.12}
[2026-09-25 16:37:47.588] [SFX] {"sound": "guardian_move", "volume": 0.03}
[2026-09-25 16:37:47.750] [SFX] {"sound": "civ_move_1", "volume": 0.26}
[2026-09-25 16:37:47.818] [SFX] {"sound": "civ_move_1", "volume": 0.19}
[2026-09-25 16:37:47.952] [SFX] {"sound": "guardian_move", "volume": 0.08}
[2026-09-25 16:37:48.097] [M] {"button": 1, "pos": [394, 218], "ui_clicked": false}
[2026-09-25 16:37:48.108] [SFX] {"sound": "click_target", "volume": 0.59}
[2026-09-25 16:37:48.125] [SFX] {"sound": "player_move", "volume": 0.4}
[2026-09-25 16:37:48.151] [SFX] {"sound": "civ_move_1", "volume": 0.25}
[2026-09-25 16:37:48.177] [SFX] {"sound": "guardian_move", "volume": 0.1}
[2026-09-25 16:37:48.195] [SFX] {"sound": "guardian_move", "volume": 0.05}
[2026-09-25 16:37:48.229] [SFX] {"sound": "civ_move_1", "volume": 0.21}
[2026-09-25 16:37:48.431] [SFX] {"sound": "player_move", "volume": 0.4}
[2026-09-25 16:37:48.561] [SFX] {"sound": "guardian_move", "volume": 0.12}
[2026-09-25 16:37:48.561] [SFX] {"sound": "civ_move_1", "volume": 0.22}
[2026-09-25 16:37:48.645] [SFX] {"sound": "civ_move_1", "volume": 0.23}
[2026-09-25 16:37:48.777] [SFX] {"sound": "guardian_move", "volume": 0.09}
[2026-09-25 16:37:48.978] [SFX] {"sound": "civ_move_1", "volume": 0.22}
[2026-09-25 16:37:49.045] [SFX] {"sound": "civ_move_1", "volume": 0.23}
[2026-09-25 16:37:49.162] [SFX] {"sound": "guardian_move", "volume": 0.12}
[2026-09-25 16:37:49.395] [SFX] {"sound": "guardian_move", "volume": 0.08}
[2026-09-25 16:37:49.395] [SFX] {"sound": "civ_move_1", "volume": 0.23}
[2026-09-25 16:37:49.417] [SFX] {"sound": "guardian_move", "volume": 0.1}
[2026-09-25 16:37:49.446] [SFX] {"sound": "civ_move_1", "volume": 0.25}
[2026-09-25 16:37:49.775] [SFX] {"sound": "guardian_move", "volume": 0.1}
[2026-09-25 16:37:49.809] [SFX] {"sound": "civ_move_1", "volume": 0.24}
[2026-09-25 16:37:49.859] [SFX] {"sound": "civ_move_1", "volume": 0.26}
[2026-09-25 16:37:50.010] [SFX] {"sound": "guardian_move", "volume": 0.06}
[2026-09-25 16:37:50.033] [SFX] {"sound": "guardian_move", "volume": 0.12}
[2026-09-25 16:37:50.197] [M] {"button": 1, "pos": [390, 221], "ui_clicked": true}
[2026-09-25 16:37:50.217] [JACK] Blick ins Systemfenster... Was führen wir im Schild?
[2026-09-25 16:37:50.233] [SFX] {"sound": "civ_move_1", "volume": 0.24}
[2026-09-25 16:37:50.234] [SFX] {"sound": "infiltrate 2", "volume": 0.5}
[2026-09-25 16:37:50.259] [SFX] {"sound": "civ_move_1", "volume": 0.27}
[2026-09-25 16:37:50.389] [SFX] {"sound": "guardian_move", "volume": 0.07}
[2026-09-25 16:37:50.621] [SFX] {"sound": "guardian_move", "volume": 0.04}
[2026-09-25 16:37:50.645] [SFX] {"sound": "guardian_move", "volume": 0.14}
[2026-09-25 16:37:50.646] [SFX] {"sound": "civ_move_1", "volume": 0.25}
[2026-09-25 16:37:50.646] [SFX] {"sound": "infiltrate 1", "volume": 0.5}
[2026-09-25 16:37:50.664] [C] {"civ_pos": [22, 20]}
[2026-09-25 16:37:50.700] [SFX] {"sound": "civ_move_1", "volume": 0.28}
[2026-09-25 16:37:50.991] [SFX] {"sound": "guardian_move", "volume": 0.05}
[2026-09-25 16:37:51.040] [SFX] {"sound": "civ_move_1", "volume": 0.25}
[2026-09-25 16:37:51.041] [SFX] {"sound": "infiltrate 2", "volume": 0.5}
[2026-09-25 16:37:51.091] [SFX] {"sound": "civ_move_1", "volume": 0.3}
[2026-09-25 16:37:51.225] [SFX] {"sound": "guardian_move", "volume": 0.02}
[2026-09-25 16:37:51.249] [SFX] {"sound": "guardian_move", "volume": 0.16}
[2026-09-25 16:37:51.250] [SFX] {"sound": "threat_pulse", "volume": 0.3}
[2026-09-25 16:37:51.446] [SFX] {"sound": "civ_move_1", "volume": 0.26}
[2026-09-25 16:37:51.460] [SFX] {"sound": "infiltrate 2", "volume": 0.5}
[2026-09-25 16:37:51.506] [SFX] {"sound": "civ_move_1", "volume": 0.29}
[2026-09-25 16:37:51.591] [SFX] {"sound": "guardian_move", "volume": 0.03}
[2026-09-25 16:37:51.825] [SFX] {"sound": "guardian_move", "volume": 0.0}
[2026-09-25 16:37:51.848] [SFX] {"sound": "guardian_move", "volume": 0.17}
[2026-09-25 16:37:51.866] [SFX] {"sound": "civ_move_1", "volume": 0.27}
[2026-09-25 16:37:51.867] [SFX] {"sound": "infiltrate 2", "volume": 0.5}
[2026-09-25 16:37:51.910] [SFX] {"sound": "civ_move_1", "volume": 0.28}
[2026-09-25 16:37:52.144] [SFX] {"sound": "threat_pulse", "volume": 0.4}
[2026-09-25 16:37:52.195] [SFX] {"sound": "guardian_move", "volume": 0.0}
[2026-09-25 16:37:52.261] [SFX] {"sound": "civ_move_1", "volume": 0.28}
[2026-09-25 16:37:52.262] [SFX] {"sound": "infiltrate 1", "volume": 0.5}
[2026-09-25 16:37:52.311] [SFX] {"sound": "civ_move_1", "volume": 0.27}
[2026-09-25 16:37:52.445] [SFX] {"sound": "guardian_move", "volume": 0.19}
[2026-09-25 16:37:52.673] [SFX] {"sound": "civ_move_1", "volume": 0.28}
[2026-09-25 16:37:52.674] [SFX] {"sound": "infiltrate 1", "volume": 0.5}
[2026-09-25 16:37:52.723] [SFX] {"sound": "civ_move_1", "volume": 0.26}
[2026-09-25 16:37:52.757] [SFX] {"sound": "civ_move_1", "volume": 0.0}
[2026-09-25 16:37:52.960] [SFX] {"sound": "threat_pulse", "volume": 0.48}
[2026-09-25 16:37:53.059] [SFX] {"sound": "guardian_move", "volume": 0.2}
[2026-09-25 16:37:53.083] [SFX] {"sound": "civ_move_1", "volume": 0.28}
[2026-09-25 16:37:53.084] [SFX] {"sound": "infiltrate 1", "volume": 0.5}
[2026-09-25 16:37:53.127] [SFX] {"sound": "civ_move_1", "volume": 0.24}
[2026-09-25 16:37:53.208] [SFX] {"sound": "hack_success", "volume": 1.0}
[2026-09-25 16:37:53.292] [C] {"civ_pos": [22, 20]}
[2026-09-25 16:37:53.490] [SFX] {"sound": "civ_move_1", "volume": 0.29}
[2026-09-25 16:37:53.540] [SFX] {"sound": "civ_move_1", "volume": 0.23}
[2026-09-25 16:37:53.575] [SFX] {"sound": "threat_pulse", "volume": 0.48}
[2026-09-25 16:37:53.672] [SFX] {"sound": "guardian_move", "volume": 0.22}
[2026-09-25 16:37:53.891] [SFX] {"sound": "civ_move_1", "volume": 0.3}
[2026-09-25 16:37:53.956] [SFX] {"sound": "civ_move_1", "volume": 0.22}
[2026-09-25 16:37:54.176] [SFX] {"sound": "threat_pulse", "volume": 0.45}
[2026-09-25 16:37:54.275] [SFX] {"sound": "guardian_move", "volume": 0.23}
[2026-09-25 16:37:54.299] [SFX] {"sound": "civ_move_1", "volume": 0.29}
[2026-09-25 16:37:54.360] [SFX] {"sound": "civ_move_1", "volume": 0.21}
[2026-09-25 16:37:54.411] [SFX] {"sound": "civ_move_2", "volume": 0.0}
[2026-09-25 16:37:54.691] [SFX] {"sound": "civ_move_1", "volume": 0.28}
[2026-09-25 16:37:54.774] [SFX] {"sound": "civ_move_1", "volume": 0.19}
[2026-09-25 16:37:54.826] [SFX] {"sound": "civ_move_2", "volume": 0.01}
[2026-09-25 16:37:54.890] [SFX] {"sound": "guardian_move", "volume": 0.23}
[2026-09-25 16:37:54.891] [SFX] {"sound": "threat_pulse", "volume": 0.42}
[2026-09-25 16:37:55.105] [SFX] {"sound": "civ_move_1", "volume": 0.26}
[2026-09-25 16:37:55.187] [SFX] {"sound": "civ_move_1", "volume": 0.18}
[2026-09-25 16:37:55.236] [SFX] {"sound": "civ_move_2", "volume": 0.02}
[2026-09-25 16:37:55.505] [SFX] {"sound": "guardian_move", "volume": 0.24}
[2026-09-25 16:37:55.528] [SFX] {"sound": "civ_move_1", "volume": 0.25}
[2026-09-25 16:37:55.555] [M] {"button": 1, "pos": [370, 186], "ui_clicked": false}
[2026-09-25 16:37:55.566] [SFX] {"sound": "click_target", "volume": 0.67}
[2026-09-25 16:37:55.592] [SFX] {"sound": "civ_move_1", "volume": 0.18}
[2026-09-25 16:37:55.615] [SFX] {"sound": "player_move", "volume": 0.4}
[2026-09-25 16:37:55.641] [SFX] {"sound": "civ_move_2", "volume": 0.03}
[2026-09-25 16:37:55.691] [SFX] {"sound": "threat_pulse", "volume": 0.38}
[2026-09-25 16:37:55.857] [C] {"civ_pos": [32, 20]}
[2026-09-25 16:37:55.919] [SFX] {"sound": "player_move", "volume": 0.4}
[2026-09-25 16:37:55.944] [SFX] {"sound": "civ_move_1", "volume": 0.29}
[2026-09-25 16:37:56.007] [SFX] {"sound": "civ_move_1", "volume": 0.21}
[2026-09-25 16:37:56.054] [SFX] {"sound": "civ_move_2", "volume": 0.02}
[2026-09-25 16:37:56.103] [SFX] {"sound": "guardian_move", "volume": 0.24}
[2026-09-25 16:37:56.222] [JACK] Hörst du das Wummern? Sentinels in der Nähe... Bloß keinen falschen Schritt machen!
[2026-09-25 16:37:56.241] [SFX] {"sound": "player_move", "volume": 0.4}
[2026-09-25 16:37:56.251] [M] {"button": 1, "pos": [378, 185], "ui_clicked": true}
[2026-09-25 16:37:56.345] [SFX] {"sound": "civ_move_1", "volume": 0.29}
[2026-09-25 16:37:56.412] [SFX] {"sound": "civ_move_1", "volume": 0.21}
[2026-09-25 16:37:56.462] [SFX] {"sound": "civ_move_2", "volume": 0.03}
[2026-09-25 16:37:56.545] [SFX] {"sound": "player_move", "volume": 0.4}
[2026-09-25 16:37:56.591] [SFX] {"sound": "threat_pulse", "volume": 0.38}
[2026-09-25 16:37:56.707] [SFX] {"sound": "guardian_move", "volume": 0.24}
[2026-09-25 16:37:56.756] [SFX] {"sound": "civ_move_1", "volume": 0.29}
[2026-09-25 16:37:56.822] [SFX] {"sound": "civ_move_1", "volume": 0.21}
[2026-09-25 16:37:56.856] [SFX] {"sound": "player_move", "volume": 0.4}
[2026-09-25 16:37:56.880] [SFX] {"sound": "civ_move_2", "volume": 0.03}
[2026-09-25 16:37:56.922] [M] {"button": 1, "pos": [388, 205], "ui_clicked": true}
[2026-09-25 16:37:57.164] [SFX] {"sound": "player_move", "volume": 0.4}
[2026-09-25 16:37:57.165] [SFX] {"sound": "civ_move_1", "volume": 0.29}
[2026-09-25 16:37:57.196] [SFX] {"sound": "infiltrate 2", "volume": 0.5}
[2026-09-25 16:37:57.228] [SFX] {"sound": "civ_move_1", "volume": 0.21}
[2026-09-25 16:37:57.279] [SFX] {"sound": "civ_move_2", "volume": 0.03}
[2026-09-25 16:37:57.311] [SFX] {"sound": "guardian_move", "volume": 0.24}
[2026-09-25 16:37:57.395] [SFX] {"sound": "threat_pulse", "volume": 0.39}
[2026-09-25 16:37:57.478] [SFX] {"sound": "player_move", "volume": 0.4}
[2026-09-25 16:37:57.578] [SFX] {"sound": "civ_move_1", "volume": 0.29}
[2026-09-25 16:37:57.611] [SFX] {"sound": "infiltrate 2", "volume": 0.5}
[2026-09-25 16:37:57.635] [SFX] {"sound": "civ_move_1", "volume": 0.21}
[2026-09-25 16:37:57.678] [SFX] {"sound": "civ_move_2", "volume": 0.03}
[2026-09-25 16:37:57.779] [SFX] {"sound": "player_move", "volume": 0.4}
[2026-09-25 16:37:57.912] [SFX] {"sound": "guardian_move", "volume": 0.24}
[2026-09-25 16:37:57.979] [SFX] {"sound": "civ_move_1", "volume": 0.29}
[2026-09-25 16:37:58.011] [SFX] {"sound": "infiltrate 1", "volume": 0.5}
[2026-09-25 16:37:58.036] [SFX] {"sound": "civ_move_1", "volume": 0.21}
[2026-09-25 16:37:58.079] [SFX] {"sound": "player_move", "volume": 0.4}
[2026-09-25 16:37:58.079] [SFX] {"sound": "civ_move_2", "volume": 0.03}
[2026-09-25 16:37:58.210] [SFX] {"sound": "threat_pulse", "volume": 0.4}
[2026-09-25 16:37:58.373] [C] {"civ_pos": [42, 20]}
[2026-09-25 16:37:58.402] [SFX] {"sound": "player_move", "volume": 0.4}
[2026-09-25 16:37:58.403] [SFX] {"sound": "civ_move_1", "volume": 0.29}
[2026-09-25 16:37:58.422] [SFX] {"sound": "infiltrate 2", "volume": 0.5}
[2026-09-25 16:37:58.440] [SFX] {"sound": "civ_move_1", "volume": 0.21}
[2026-09-25 16:37:58.481] [SFX] {"sound": "civ_move_2", "volume": 0.03}
[2026-09-25 16:37:58.514] [SFX] {"sound": "guardian_move", "volume": 0.24}
[2026-09-25 16:37:58.703] [SFX] {"sound": "player_move", "volume": 0.4}
[2026-09-25 16:37:58.805] [SFX] {"sound": "civ_move_1", "volume": 0.29}
[2026-09-25 16:37:58.828] [SFX] {"sound": "infiltrate 2", "volume": 0.5}
[2026-09-25 16:37:58.846] [SFX] {"sound": "civ_move_1", "volume": 0.21}
[2026-09-25 16:37:58.888] [SFX] {"sound": "civ_move_2", "volume": 0.03}
[2026-09-25 16:37:59.005] [SFX] {"sound": "player_move", "volume": 0.4}
[2026-09-25 16:37:59.029] [SFX] {"sound": "threat_pulse", "volume": 0.41}
[2026-09-25 16:37:59.121] [SFX] {"sound": "guardian_move", "volume": 0.24}
[2026-09-25 16:37:59.204] [SFX] {"sound": "civ_move_1", "volume": 0.29}
[2026-09-25 16:37:59.238] [SFX] {"sound": "infiltrate 1", "volume": 0.5}
[2026-09-25 16:37:59.260] [SFX] {"sound": "civ_move_1", "volume": 0.21}
[2026-09-25 16:37:59.303] [SFX] {"sound": "civ_move_2", "volume": 0.02}
[2026-09-25 16:37:59.326] [SFX] {"sound": "player_move", "volume": 0.4}
[2026-09-25 16:37:59.327] [SFX] {"sound": "civ_move_2", "volume": 0.02}
[2026-09-25 16:37:59.617] [SFX] {"sound": "civ_move_1", "volume": 0.29}
[2026-09-25 16:37:59.641] [SFX] {"sound": "player_move", "volume": 0.4}
[2026-09-25 16:37:59.658] [SFX] {"sound": "infiltrate 1", "volume": 0.5}
[2026-09-25 16:37:59.676] [SFX] {"sound": "civ_move_1", "volume": 0.21}
[2026-09-25 16:37:59.707] [SFX] {"sound": "civ_move_2", "volume": 0.02}
[2026-09-25 16:37:59.731] [SFX] {"sound": "guardian_move", "volume": 0.24}
[2026-09-25 16:37:59.731] [SFX] {"sound": "civ_move_2", "volume": 0.05}
[2026-09-25 16:37:59.826] [SFX] {"sound": "threat_pulse", "volume": 0.42}
[2026-09-25 16:37:59.927] [SFX] {"sound": "hack_success", "volume": 1.0}
[2026-09-25 16:38:00.028] [SFX] {"sound": "civ_move_1", "volume": 0.29}
[2026-09-25 16:38:00.079] [SFX] {"sound": "civ_move_1", "volume": 0.21}
[2026-09-25 16:38:00.113] [SFX] {"sound": "civ_move_2", "volume": 0.02}
[2026-09-25 16:38:00.136] [SFX] {"sound": "civ_move_2", "volume": 0.06}
[2026-09-25 16:38:00.328] [SFX] {"sound": "guardian_move", "volume": 0.25}
[2026-09-25 16:38:00.443] [SFX] {"sound": "civ_move_1", "volume": 0.28}
[2026-09-25 16:38:00.492] [SFX] {"sound": "civ_move_1", "volume": 0.2}
[2026-09-25 16:38:00.524] [SFX] {"sound": "civ_move_2", "volume": 0.02}
[2026-09-25 16:38:00.546] [SFX] {"sound": "civ_move_2", "volume": 0.08}
[2026-09-25 16:38:00.640] [SFX] {"sound": "threat_pulse", "volume": 0.39}
[2026-09-25 16:38:00.855] [SFX] {"sound": "civ_move_1", "volume": 0.27}
[2026-09-25 16:38:00.906] [SFX] {"sound": "civ_move_1", "volume": 0.18}
[2026-09-25 16:38:00.954] [SFX] {"sound": "guardian_move", "volume": 0.28}
[2026-09-25 16:38:00.955] [SFX] {"sound": "civ_move_2", "volume": 0.09}
[2026-09-25 16:38:00.956] [SFX] {"sound": "civ_move_2", "volume": 0.03}
[2026-09-25 16:38:01.256] [SFX] {"sound": "civ_move_1", "volume": 0.25}
[2026-09-25 16:38:01.305] [SFX] {"sound": "civ_move_1", "volume": 0.17}
[2026-09-25 16:38:01.355] [SFX] {"sound": "civ_move_2", "volume": 0.1}
[2026-09-25 16:38:01.356] [SFX] {"sound": "civ_move_2", "volume": 0.03}
[2026-09-25 16:38:01.457] [SFX] {"sound": "threat_pulse", "volume": 0.34}
[2026-09-25 16:38:01.556] [SFX] {"sound": "guardian_move", "volume": 0.3}
[2026-09-25 16:38:01.657] [SFX] {"sound": "civ_move_1", "volume": 0.24}
[2026-09-25 16:38:01.707] [SFX] {"sound": "civ_move_1", "volume": 0.16}
[2026-09-25 16:38:01.758] [SFX] {"sound": "civ_move_2", "volume": 0.11}
[2026-09-25 16:38:01.759] [SFX] {"sound": "civ_move_2", "volume": 0.03}
[2026-09-25 16:38:02.059] [SFX] {"sound": "civ_move_1", "volume": 0.23}
[2026-09-25 16:38:02.108] [SFX] {"sound": "civ_move_1", "volume": 0.15}
[2026-09-25 16:38:02.157] [SFX] {"sound": "guardian_move", "volume": 0.33}
[2026-09-25 16:38:02.180] [SFX] {"sound": "civ_move_2", "volume": 0.12}
[2026-09-25 16:38:02.181] [SFX] {"sound": "civ_move_2", "volume": 0.03}
[2026-09-25 16:38:02.475] [SFX] {"sound": "civ_move_1", "volume": 0.22}
[2026-09-25 16:38:02.509] [SFX] {"sound": "civ_move_1", "volume": 0.14}
[2026-09-25 16:38:02.575] [SFX] {"sound": "civ_move_2", "volume": 0.14}
[2026-09-25 16:38:02.576] [SFX] {"sound": "civ_move_2", "volume": 0.04}
[2026-09-25 16:38:02.757] [SFX] {"sound": "guardian_move", "volume": 0.35}
[2026-09-25 16:38:02.790] [SFX] {"sound": "threat_pulse", "volume": 0.3}
[2026-09-25 16:38:02.890] [SFX] {"sound": "civ_move_1", "volume": 0.2}
[2026-09-25 16:38:02.923] [SFX] {"sound": "civ_move_1", "volume": 0.12}
[2026-09-25 16:38:02.990] [SFX] {"sound": "civ_move_2", "volume": 0.15}
[2026-09-25 16:38:03.014] [SFX] {"sound": "civ_move_2", "volume": 0.04}
[2026-09-25 16:38:03.302] [SFX] {"sound": "civ_move_1", "volume": 0.19}
[2026-09-25 16:38:03.335] [SFX] {"sound": "civ_move_1", "volume": 0.11}
[2026-09-25 16:38:03.367] [SFX] {"sound": "guardian_move", "volume": 0.37}
[2026-09-25 16:38:03.400] [SFX] {"sound": "civ_move_2", "volume": 0.16}
[2026-09-25 16:38:03.425] [SFX] {"sound": "civ_move_2", "volume": 0.04}
[2026-09-25 16:38:03.698] [SFX] {"sound": "threat_pulse", "volume": 0.34}
[2026-09-25 16:38:03.724] [SFX] {"sound": "civ_move_1", "volume": 0.18}
[2026-09-25 16:38:03.749] [SFX] {"sound": "civ_move_1", "volume": 0.1}
[2026-09-25 16:38:03.813] [SFX] {"sound": "civ_move_2", "volume": 0.17}
[2026-09-25 16:38:03.837] [SFX] {"sound": "civ_move_2", "volume": 0.04}
[2026-09-25 16:38:03.995] [SFX] {"sound": "guardian_move", "volume": 0.4}
[2026-09-25 16:38:04.128] [SFX] {"sound": "civ_move_1", "volume": 0.17}
[2026-09-25 16:38:04.162] [SFX] {"sound": "civ_move_1", "volume": 0.09}
[2026-09-25 16:38:04.213] [SFX] {"sound": "civ_move_2", "volume": 0.19}
[2026-09-25 16:38:04.246] [SFX] {"sound": "civ_move_2", "volume": 0.06}
[2026-09-25 16:38:04.528] [SFX] {"sound": "civ_move_1", "volume": 0.15}
[2026-09-25 16:38:04.576] [SFX] {"sound": "civ_move_1", "volume": 0.07}
[2026-09-25 16:38:04.610] [SFX] {"sound": "threat_pulse", "volume": 0.42}
[2026-09-25 16:38:04.633] [SFX] {"sound": "civ_move_2", "volume": 0.2}
[2026-09-25 16:38:04.660] [SFX] {"sound": "guardian_move", "volume": 0.4}
[2026-09-25 16:38:04.660] [SFX] {"sound": "civ_move_2", "volume": 0.07}
[2026-09-25 16:38:04.889] [M] {"button": 1, "pos": [196, 184], "ui_clicked": false}
[2026-09-25 16:38:04.897] [P] {"start": [47, 20], "goal": [31, 20], "length": 1, "is_direction_change": false}
[2026-09-25 16:38:04.898] [SFX] {"sound": "click_target", "volume": 0.49}
[2026-09-25 16:38:04.934] [JACK] Diese Bedrohung ist greifbar... Die Wachen dürfen unser Signal nicht isolieren.
[2026-09-25 16:38:04.935] [SFX] {"sound": "player_move", "volume": 0.4}
[2026-09-25 16:38:04.953] [SFX] {"sound": "civ_move_1", "volume": 0.13}
[2026-09-25 16:38:04.979] [SFX] {"sound": "civ_move_1", "volume": 0.05}
[2026-09-25 16:38:05.028] [SFX] {"sound": "civ_move_2", "volume": 0.19}
[2026-09-25 16:38:05.062] [SFX] {"sound": "civ_move_2", "volume": 0.11}
[2026-09-25 16:38:05.211] [SFX] {"sound": "player_move", "volume": 0.4}
[2026-09-25 16:38:05.262] [SFX] {"sound": "guardian_move", "volume": 0.34}
[2026-09-25 16:38:05.345] [SFX] {"sound": "civ_move_1", "volume": 0.06}
[2026-09-25 16:38:05.410] [SFX] {"sound": "threat_pulse", "volume": 0.44}
[2026-09-25 16:38:05.444] [SFX] {"sound": "civ_move_2", "volume": 0.14}
[2026-09-25 16:38:05.475] [SFX] {"sound": "civ_move_2", "volume": 0.18}
[2026-09-25 16:38:05.526] [SFX] {"sound": "player_move", "volume": 0.4}
[2026-09-25 16:38:05.856] [SFX] {"sound": "civ_move_2", "volume": 0.11}
[2026-09-25 16:38:05.881] [SFX] {"sound": "guardian_move", "volume": 0.28}
[2026-09-25 16:38:05.899] [SFX] {"sound": "civ_move_2", "volume": 0.23}
[2026-09-25 16:38:06.121] [SFX] {"sound": "threat_pulse", "volume": 0.4}
[2026-09-25 16:38:06.271] [SFX] {"sound": "civ_move_2", "volume": 0.12}
[2026-09-25 16:38:06.304] [SFX] {"sound": "civ_move_2", "volume": 0.24}
[2026-09-25 16:38:06.493] [SFX] {"sound": "guardian_move", "volume": 0.26}
[2026-09-25 16:38:06.674] [SFX] {"sound": "civ_move_2", "volume": 0.14}
[2026-09-25 16:38:06.711] [SFX] {"sound": "civ_move_2", "volume": 0.26}
[2026-09-25 16:38:06.928] [SFX] {"sound": "threat_pulse", "volume": 0.36}
[2026-09-25 16:38:07.076] [SFX] {"sound": "civ_move_2", "volume": 0.15}
[2026-09-25 16:38:07.109] [SFX] {"sound": "guardian_move", "volume": 0.24}
[2026-09-25 16:38:07.133] [SFX] {"sound": "civ_move_2", "volume": 0.27}
[2026-09-25 16:38:07.491] [SFX] {"sound": "civ_move_2", "volume": 0.16}
[2026-09-25 16:38:07.546] [SFX] {"sound": "civ_move_2", "volume": 0.28}
[2026-09-25 16:38:07.675] [C] {"civ_pos": [29, 20]}
[2026-09-25 16:38:07.714] [SFX] {"sound": "guardian_move", "volume": 0.21}
[2026-09-25 16:38:07.832] [SFX] {"sound": "threat_pulse", "volume": 0.32}
[2026-09-25 16:38:07.848] [M] {"button": 1, "pos": [196, 184], "ui_clicked": false}
[2026-09-25 16:38:07.857] [P] {"start": [31, 20], "goal": [15, 20], "length": 1, "is_direction_change": false}
[2026-09-25 16:38:07.858] [SFX] {"sound": "click_target", "volume": 0.49}
[2026-09-25 16:38:07.894] [SFX] {"sound": "civ_move_2", "volume": 0.17}
[2026-09-25 16:38:07.944] [SFX] {"sound": "civ_move_2", "volume": 0.29}
[2026-09-25 16:38:07.978] [SFX] {"sound": "player_move", "volume": 0.4}
[2026-09-25 16:38:08.298] [SFX] {"sound": "civ_move_2", "volume": 0.12}
[2026-09-25 16:38:08.321] [SFX] {"sound": "guardian_move", "volume": 0.1}
[2026-09-25 16:38:08.348] [SFX] {"sound": "civ_move_2", "volume": 0.22}
[2026-09-25 16:38:08.588] [SFX] {"sound": "player_move", "volume": 0.4}
[2026-09-25 16:38:08.704] [SFX] {"sound": "civ_move_2", "volume": 0.08}
[2026-09-25 16:38:08.754] [SFX] {"sound": "civ_move_2", "volume": 0.16}
[2026-09-25 16:38:08.918] [SFX] {"sound": "guardian_move", "volume": 0.0}
[2026-09-25 16:38:09.117] [SFX] {"sound": "civ_move_2", "volume": 0.09}
[2026-09-25 16:38:09.166] [SFX] {"sound": "civ_move_2", "volume": 0.15}
[2026-09-25 16:38:09.532] [SFX] {"sound": "civ_move_2", "volume": 0.1}
[2026-09-25 16:38:09.566] [SFX] {"sound": "civ_move_2", "volume": 0.14}
[2026-09-25 16:38:09.944] [SFX] {"sound": "civ_move_2", "volume": 0.11}
[2026-09-25 16:38:09.977] [SFX] {"sound": "civ_move_2", "volume": 0.13}
[2026-09-25 16:38:10.243] [SFX] {"sound": "civ_move_1", "volume": 0.0}
[2026-09-25 16:38:10.344] [SFX] {"sound": "civ_move_2", "volume": 0.13}
[2026-09-25 16:38:10.377] [SFX] {"sound": "civ_move_2", "volume": 0.11}
[2026-09-25 16:38:10.647] [SFX] {"sound": "civ_move_1", "volume": 0.01}
[2026-09-25 16:38:10.746] [SFX] {"sound": "civ_move_2", "volume": 0.14}
[2026-09-25 16:38:10.778] [SFX] {"sound": "civ_move_2", "volume": 0.1}
[2026-09-25 16:38:11.061] [SFX] {"sound": "civ_move_1", "volume": 0.02}
[2026-09-25 16:38:11.159] [SFX] {"sound": "civ_move_2", "volume": 0.15}
[2026-09-25 16:38:11.192] [SFX] {"sound": "civ_move_2", "volume": 0.09}
[2026-09-25 16:38:11.476] [SFX] {"sound": "civ_move_1", "volume": 0.03}
[2026-09-25 16:38:11.561] [SFX] {"sound": "civ_move_2", "volume": 0.16}
[2026-09-25 16:38:11.594] [SFX] {"sound": "civ_move_2", "volume": 0.08}
[2026-09-25 16:38:11.878] [SFX] {"sound": "civ_move_1", "volume": 0.04}
[2026-09-25 16:38:11.961] [SFX] {"sound": "civ_move_2", "volume": 0.18}
[2026-09-25 16:38:11.995] [SFX] {"sound": "civ_move_2", "volume": 0.07}
[2026-09-25 16:38:12.278] [SFX] {"sound": "civ_move_1", "volume": 0.05}
[2026-09-25 16:38:12.361] [SFX] {"sound": "civ_move_2", "volume": 0.19}
[2026-09-25 16:38:12.395] [SFX] {"sound": "civ_move_2", "volume": 0.05}
[2026-09-25 16:38:12.693] [SFX] {"sound": "civ_move_1", "volume": 0.06}
[2026-09-25 16:38:12.774] [SFX] {"sound": "civ_move_2", "volume": 0.2}
[2026-09-25 16:38:12.807] [SFX] {"sound": "civ_move_2", "volume": 0.04}
[2026-09-25 16:38:13.111] [SFX] {"sound": "civ_move_1", "volume": 0.07}
[2026-09-25 16:38:13.175] [SFX] {"sound": "civ_move_2", "volume": 0.21}
[2026-09-25 16:38:13.207] [SFX] {"sound": "civ_move_2", "volume": 0.03}
[2026-09-25 16:38:13.524] [SFX] {"sound": "civ_move_1", "volume": 0.08}
[2026-09-25 16:38:13.591] [SFX] {"sound": "civ_move_2", "volume": 0.22}
[2026-09-25 16:38:13.623] [SFX] {"sound": "civ_move_2", "volume": 0.02}
[2026-09-25 16:38:13.926] [SFX] {"sound": "civ_move_1", "volume": 0.09}
[2026-09-25 16:38:13.990] [SFX] {"sound": "civ_move_2", "volume": 0.24}
[2026-09-25 16:38:14.023] [SFX] {"sound": "civ_move_2", "volume": 0.0}
[2026-09-25 16:38:14.339] [SFX] {"sound": "civ_move_1", "volume": 0.1}
[2026-09-25 16:38:14.404] [SFX] {"sound": "civ_move_2", "volume": 0.25}
[2026-09-25 16:38:14.740] [SFX] {"sound": "civ_move_1", "volume": 0.11}
[2026-09-25 16:38:14.806] [SFX] {"sound": "civ_move_2", "volume": 0.26}
[2026-09-25 16:38:14.990] [M] {"button": 1, "pos": [314, 219], "ui_clicked": false}
[2026-09-25 16:38:14.999] [P] {"start": [15, 20], "goal": [14, 24], "length": 2, "is_direction_change": false}
[2026-09-25 16:38:14.999] [SFX] {"sound": "click_target", "volume": 0.7}
[2026-09-25 16:38:15.040] [JACK] Vorsichtig vorantasten...
[2026-09-25 16:38:15.149] [SFX] {"sound": "civ_move_1", "volume": 0.13}
[2026-09-25 16:38:15.217] [SFX] {"sound": "civ_move_2", "volume": 0.26}
[2026-09-25 16:38:15.561] [SFX] {"sound": "civ_move_1", "volume": 0.15}
[2026-09-25 16:38:15.628] [SFX] {"sound": "civ_move_2", "volume": 0.26}
[2026-09-25 16:38:15.894] [M] {"button": 1, "pos": [318, 219], "ui_clicked": false}
[2026-09-25 16:38:15.962] [SFX] {"sound": "civ_move_1", "volume": 0.16}
[2026-09-25 16:38:16.029] [SFX] {"sound": "civ_move_2", "volume": 0.27}
[2026-09-25 16:38:16.328] [M] {"button": 1, "pos": [321, 224], "ui_clicked": false}
[2026-09-25 16:38:16.337] [P] {"start": [14, 24], "goal": [14, 29], "length": 1, "is_direction_change": false}
[2026-09-25 16:38:16.338] [SFX] {"sound": "click_target", "volume": 0.69}
[2026-09-25 16:38:16.374] [SFX] {"sound": "player_move", "volume": 0.4}
[2026-09-25 16:38:16.390] [SFX] {"sound": "civ_move_1", "volume": 0.18}
[2026-09-25 16:38:16.435] [SFX] {"sound": "civ_move_2", "volume": 0.26}
[2026-09-25 16:38:16.786] [SFX] {"sound": "civ_move_1", "volume": 0.21}
[2026-09-25 16:38:16.837] [SFX] {"sound": "civ_move_2", "volume": 0.24}
[2026-09-25 16:38:16.838] [SFX] {"sound": "civ_move_2", "volume": 0.01}
[2026-09-25 16:38:17.018] [M] {"button": 1, "pos": [322, 224], "ui_clicked": false}
[2026-09-25 16:38:17.027] [P] {"start": [14, 29], "goal": [14, 34], "length": 1, "is_direction_change": false}
[2026-09-25 16:38:17.027] [SFX] {"sound": "click_target", "volume": 0.7}
[2026-09-25 16:38:17.091] [C] {"civ_pos": [14, 32]}
[2026-09-25 16:38:17.121] [SFX] {"sound": "player_move", "volume": 0.4}
[2026-09-25 16:38:17.196] [SFX] {"sound": "civ_move_1", "volume": 0.3}
[2026-09-25 16:38:17.245] [SFX] {"sound": "civ_move_2", "volume": 0.22}
[2026-09-25 16:38:17.246] [SFX] {"sound": "civ_move_2", "volume": 0.02}
[2026-09-25 16:38:17.607] [SFX] {"sound": "civ_move_1", "volume": 0.27}
[2026-09-25 16:38:17.659] [SFX] {"sound": "civ_move_2", "volume": 0.23}
[2026-09-25 16:38:17.660] [SFX] {"sound": "civ_move_2", "volume": 0.03}
[2026-09-25 16:38:18.008] [SFX] {"sound": "civ_move_1", "volume": 0.26}
[2026-09-25 16:38:18.073] [M] {"button": 1, "pos": [322, 225], "ui_clicked": false}
[2026-09-25 16:38:18.082] [SFX] {"sound": "civ_move_2", "volume": 0.24}
[2026-09-25 16:38:18.082] [SFX] {"sound": "civ_move_2", "volume": 0.03}
[2026-09-25 16:38:18.083] [P] {"start": [14, 34], "goal": [14, 39], "length": 1, "is_direction_change": false}
[2026-09-25 16:38:18.084] [SFX] {"sound": "click_target", "volume": 0.69}
[2026-09-25 16:38:18.229] [SFX] {"sound": "player_move", "volume": 0.4}
[2026-09-25 16:38:18.411] [SFX] {"sound": "civ_move_1", "volume": 0.21}
[2026-09-25 16:38:18.478] [SFX] {"sound": "civ_move_2", "volume": 0.22}
[2026-09-25 16:38:18.479] [SFX] {"sound": "civ_move_2", "volume": 0.04}
[2026-09-25 16:38:18.577] [M] {"button": 1, "pos": [322, 225], "ui_clicked": false}
[2026-09-25 16:38:18.586] [P] {"start": [14, 39], "goal": [14, 43], "length": 1, "is_direction_change": false}
[2026-09-25 16:38:18.587] [SFX] {"sound": "click_target", "volume": 0.7}
[2026-09-25 16:38:18.818] [SFX] {"sound": "civ_move_1", "volume": 0.17}
[2026-09-25 16:38:18.886] [SFX] {"sound": "civ_move_2", "volume": 0.2}
[2026-09-25 16:38:18.887] [SFX] {"sound": "civ_move_2", "volume": 0.04}
[2026-09-25 16:38:19.055] [M] {"button": 1, "pos": [322, 226], "ui_clicked": false}
[2026-09-25 16:38:19.063] [P] {"start": [14, 43], "goal": [14, 48], "length": 1, "is_direction_change": false}
[2026-09-25 16:38:19.064] [SFX] {"sound": "click_target", "volume": 0.7}
[2026-09-25 16:38:19.108] [SFX] {"sound": "player_move", "volume": 0.4}
[2026-09-25 16:38:19.225] [SFX] {"sound": "civ_move_1", "volume": 0.13}
[2026-09-25 16:38:19.290] [SFX] {"sound": "civ_move_2", "volume": 0.18}
[2026-09-25 16:38:19.290] [SFX] {"sound": "civ_move_2", "volume": 0.02}
[2026-09-25 16:38:19.636] [SFX] {"sound": "civ_move_1", "volume": 0.11}
[2026-09-25 16:38:19.705] [SFX] {"sound": "civ_move_2", "volume": 0.19}
[2026-09-25 16:38:19.706] [SFX] {"sound": "civ_move_2", "volume": 0.01}
[2026-09-25 16:38:19.721] [M] {"button": 1, "pos": [322, 226], "ui_clicked": false}
[2026-09-25 16:38:19.729] [P] {"start": [14, 48], "goal": [14, 53], "length": 1, "is_direction_change": false}
[2026-09-25 16:38:19.730] [SFX] {"sound": "click_target", "volume": 0.69}
[2026-09-25 16:38:19.849] [SFX] {"sound": "player_move", "volume": 0.4}
[2026-09-25 16:38:20.049] [SFX] {"sound": "civ_move_1", "volume": 0.06}
[2026-09-25 16:38:20.114] [SFX] {"sound": "civ_move_2", "volume": 0.16}
[2026-09-25 16:38:20.364] [M] {"button": 1, "pos": [322, 226], "ui_clicked": false}
[2026-09-25 16:38:20.373] [P] {"start": [14, 53], "goal": [14, 58], "length": 1, "is_direction_change": false}
[2026-09-25 16:38:20.374] [SFX] {"sound": "click_target", "volume": 0.69}
[2026-09-25 16:38:20.456] [SFX] {"sound": "civ_move_1", "volume": 0.04}
[2026-09-25 16:38:20.525] [SFX] {"sound": "civ_move_2", "volume": 0.15}
[2026-09-25 16:38:20.558] [SFX] {"sound": "player_move", "volume": 0.4}
[2026-09-25 16:38:20.858] [SFX] {"sound": "civ_move_1", "volume": 0.01}
[2026-09-25 16:38:20.940] [SFX] {"sound": "civ_move_2", "volume": 0.15}
[2026-09-25 16:38:21.158] [M] {"button": 1, "pos": [322, 226], "ui_clicked": false}
[2026-09-25 16:38:21.167] [SFX] {"sound": "click_target", "volume": 0.69}
[2026-09-25 16:38:21.343] [SFX] {"sound": "civ_move_2", "volume": 0.14}
[2026-09-25 16:38:21.409] [SFX] {"sound": "player_move", "volume": 0.4}
[2026-09-25 16:38:21.756] [SFX] {"sound": "civ_move_2", "volume": 0.14}
[2026-09-25 16:38:21.871] [M] {"button": 5, "pos": [330, 222], "ui_clicked": false}
[2026-09-25 16:38:22.172] [SFX] {"sound": "civ_move_2", "volume": 0.15}
[2026-09-25 16:38:22.306] [M] {"button": 5, "pos": [330, 222], "ui_clicked": false}
[2026-09-25 16:38:22.575] [SFX] {"sound": "civ_move_2", "volume": 0.16}
[2026-09-25 16:38:22.991] [SFX] {"sound": "civ_move_2", "volume": 0.17}
[2026-09-25 16:38:23.090] [M] {"button": 5, "pos": [330, 222], "ui_clicked": false}
[2026-09-25 16:38:23.391] [SFX] {"sound": "civ_move_2", "volume": 0.18}
[2026-09-25 16:38:23.807] [SFX] {"sound": "civ_move_2", "volume": 0.2}
[2026-09-25 16:38:24.208] [SFX] {"sound": "civ_move_2", "volume": 0.21}
[2026-09-25 16:38:24.494] [M] {"button": 5, "pos": [334, 190], "ui_clicked": false}
[2026-09-25 16:38:24.577] [SFX] {"sound": "civ_move_2", "volume": 0.0}
[2026-09-25 16:38:24.610] [SFX] {"sound": "civ_move_2", "volume": 0.22}
[2026-09-25 16:38:24.988] [SFX] {"sound": "civ_move_2", "volume": 0.01}
[2026-09-25 16:38:25.025] [SFX] {"sound": "civ_move_2", "volume": 0.23}
[2026-09-25 16:38:25.189] [M] {"button": 4, "pos": [334, 190], "ui_clicked": false}
[2026-09-25 16:38:25.391] [SFX] {"sound": "civ_move_2", "volume": 0.02}
[2026-09-25 16:38:25.441] [SFX] {"sound": "civ_move_2", "volume": 0.25}
[2026-09-25 16:38:25.642] [M] {"button": 4, "pos": [334, 190], "ui_clicked": false}
[2026-09-25 16:38:25.808] [SFX] {"sound": "civ_move_2", "volume": 0.03}
[2026-09-25 16:38:25.858] [SFX] {"sound": "civ_move_2", "volume": 0.26}
[2026-09-25 16:38:26.057] [M] {"button": 4, "pos": [334, 190], "ui_clicked": false}
[2026-09-25 16:38:26.210] [SFX] {"sound": "civ_move_2", "volume": 0.04}
[2026-09-25 16:38:26.258] [SFX] {"sound": "civ_move_2", "volume": 0.27}
[2026-09-25 16:38:26.624] [SFX] {"sound": "civ_move_2", "volume": 0.05}
[2026-09-25 16:38:26.657] [C] {"civ_pos": [14, 61]}
[2026-09-25 16:38:26.698] [JACK] Ein weiterer Passant im Netz. Ignorieren oder anpöbeln?
[2026-09-25 16:38:26.699] [SFX] {"sound": "civ_move_2", "volume": 0.28}
[2026-09-25 16:38:26.709] [M] {"button": 4, "pos": [334, 190], "ui_clicked": false}
[2026-09-25 16:38:27.025] [SFX] {"sound": "civ_move_2", "volume": 0.06}
[2026-09-25 16:38:27.076] [SFX] {"sound": "civ_move_2", "volume": 0.3}
[2026-09-25 16:38:27.412] [M] {"button": 1, "pos": [384, 199], "ui_clicked": true}
[2026-09-25 16:38:27.457] [SFX] {"sound": "civ_move_2", "volume": 0.07}
[2026-09-25 16:38:27.490] [SFX] {"sound": "civ_move_2", "volume": 0.23}
[2026-09-25 16:38:27.827] [M] {"button": 1, "pos": [385, 207], "ui_clicked": true}
[2026-09-25 16:38:27.868] [SFX] {"sound": "civ_move_2", "volume": 0.08}
[2026-09-25 16:38:27.901] [SFX] {"sound": "civ_move_2", "volume": 0.22}
[2026-09-25 16:38:27.953] [SFX] {"sound": "infiltrate 2", "volume": 0.5}
[2026-09-25 16:38:28.268] [SFX] {"sound": "civ_move_2", "volume": 0.09}
[2026-09-25 16:38:28.318] [SFX] {"sound": "civ_move_2", "volume": 0.21}
[2026-09-25 16:38:28.366] [SFX] {"sound": "infiltrate 2", "volume": 0.5}
[2026-09-25 16:38:28.684] [SFX] {"sound": "civ_move_2", "volume": 0.1}
[2026-09-25 16:38:28.732] [SFX] {"sound": "civ_move_2", "volume": 0.2}
[2026-09-25 16:38:28.781] [SFX] {"sound": "infiltrate 1", "volume": 0.5}
[2026-09-25 16:38:29.092] [SFX] {"sound": "civ_move_2", "volume": 0.11}
[2026-09-25 16:38:29.146] [SFX] {"sound": "civ_move_2", "volume": 0.19}
[2026-09-25 16:38:29.196] [SFX] {"sound": "infiltrate 2", "volume": 0.5}
[2026-09-25 16:38:29.497] [SFX] {"sound": "civ_move_2", "volume": 0.12}
[2026-09-25 16:38:29.547] [M] {"button": 4, "pos": [334, 195], "ui_clicked": false}
[2026-09-25 16:38:29.556] [SFX] {"sound": "civ_move_2", "volume": 0.18}
[2026-09-25 16:38:29.565] [M] {"button": 4, "pos": [334, 195], "ui_clicked": false}
[2026-09-25 16:38:29.601] [SFX] {"sound": "infiltrate 1", "volume": 0.5}
[2026-09-25 16:38:29.617] [M] {"button": 4, "pos": [334, 195], "ui_clicked": false}
[2026-09-25 16:38:29.819] [SFX] {"sound": "civ_move_1", "volume": 0.01}
[2026-09-25 16:38:29.905] [SFX] {"sound": "civ_move_2", "volume": 0.13}
[2026-09-25 16:38:29.954] [SFX] {"sound": "civ_move_2", "volume": 0.17}
[2026-09-25 16:38:30.005] [SFX] {"sound": "infiltrate 2", "volume": 0.5}
[2026-09-25 16:38:30.222] [SFX] {"sound": "civ_move_1", "volume": 0.02}
[2026-09-25 16:38:30.307] [SFX] {"sound": "civ_move_2", "volume": 0.14}
[2026-09-25 16:38:30.357] [SFX] {"sound": "civ_move_2", "volume": 0.17}
[2026-09-25 16:38:30.408] [SFX] {"sound": "infiltrate 2", "volume": 0.5}
[2026-09-25 16:38:30.627] [SFX] {"sound": "civ_move_1", "volume": 0.03}
[2026-09-25 16:38:30.709] [SFX] {"sound": "civ_move_2", "volume": 0.15}
[2026-09-25 16:38:30.759] [SFX] {"sound": "civ_move_2", "volume": 0.16}
[2026-09-25 16:38:30.812] [SFX] {"sound": "infiltrate 1", "volume": 0.5}
[2026-09-25 16:38:30.845] [SFX] {"sound": "hack_success", "volume": 1.0}
[2026-09-25 16:38:31.026] [SFX] {"sound": "civ_move_1", "volume": 0.05}
[2026-09-25 16:38:31.110] [SFX] {"sound": "civ_move_2", "volume": 0.16}
[2026-09-25 16:38:31.179] [SFX] {"sound": "civ_move_2", "volume": 0.15}
[2026-09-25 16:38:31.428] [SFX] {"sound": "civ_move_1", "volume": 0.06}
[2026-09-25 16:38:31.511] [SFX] {"sound": "civ_move_2", "volume": 0.17}
[2026-09-25 16:38:31.578] [SFX] {"sound": "civ_move_2", "volume": 0.16}
[2026-09-25 16:38:31.830] [SFX] {"sound": "civ_move_1", "volume": 0.07}
[2026-09-25 16:38:31.913] [SFX] {"sound": "civ_move_2", "volume": 0.18}
[2026-09-25 16:38:31.980] [SFX] {"sound": "civ_move_2", "volume": 0.17}
[2026-09-25 16:38:32.249] [SFX] {"sound": "civ_move_1", "volume": 0.08}
[2026-09-25 16:38:32.314] [SFX] {"sound": "civ_move_2", "volume": 0.19}
[2026-09-25 16:38:32.380] [SFX] {"sound": "civ_move_2", "volume": 0.17}
[2026-09-25 16:38:32.647] [SFX] {"sound": "civ_move_1", "volume": 0.07}
[2026-09-25 16:38:32.714] [SFX] {"sound": "civ_move_2", "volume": 0.2}
[2026-09-25 16:38:32.780] [SFX] {"sound": "civ_move_2", "volume": 0.18}
[2026-09-25 16:38:33.062] [SFX] {"sound": "civ_move_1", "volume": 0.05}
[2026-09-25 16:38:33.128] [SFX] {"sound": "civ_move_2", "volume": 0.21}
[2026-09-25 16:38:33.180] [SFX] {"sound": "civ_move_2", "volume": 0.19}
[2026-09-25 16:38:33.431] [M] {"button": 1, "pos": [324, 244], "ui_clicked": false}
[2026-09-25 16:38:33.439] [SFX] {"sound": "click_target", "volume": 0.72}
[2026-09-25 16:38:33.467] [SFX] {"sound": "civ_move_1", "volume": 0.04}
[2026-09-25 16:38:33.532] [SFX] {"sound": "civ_move_2", "volume": 0.23}
[2026-09-25 16:38:33.533] [C] {"civ_pos": [14, 67]}
[2026-09-25 16:38:33.578] [JACK] Diese Nodes wandern völlig ahnungslos durch das Grid.
[2026-09-25 16:38:33.596] [SFX] {"sound": "civ_move_2", "volume": 0.22}
[2026-09-25 16:38:33.724] [SFX] {"sound": "player_move", "volume": 0.4}
[2026-09-25 16:38:33.875] [SFX] {"sound": "civ_move_1", "volume": 0.01}
[2026-09-25 16:38:33.940] [SFX] {"sound": "civ_move_2", "volume": 0.3}
[2026-09-25 16:38:33.990] [SFX] {"sound": "civ_move_2", "volume": 0.23}
[2026-09-25 16:38:34.024] [SFX] {"sound": "player_move", "volume": 0.4}
[2026-09-25 16:38:34.092] [SFX] {"sound": "threat_pulse", "volume": 0.31}
[2026-09-25 16:38:34.154] [M] {"button": 1, "pos": [324, 244], "ui_clicked": false}
[2026-09-25 16:38:34.163] [SFX] {"sound": "action_cancel", "volume": 1.0}
[2026-09-25 16:38:34.164] [P] {"start": [14, 66], "goal": [14, 70], "length": 1, "is_direction_change": false}
[2026-09-25 16:38:34.165] [SFX] {"sound": "click_target", "volume": 0.72}
[2026-09-25 16:38:34.335] [SFX] {"sound": "player_move", "volume": 0.4}
[2026-09-25 16:38:34.359] [SFX] {"sound": "civ_move_2", "volume": 0.26}
[2026-09-25 16:38:34.402] [SFX] {"sound": "civ_move_2", "volume": 0.27}
[2026-09-25 16:38:34.752] [SFX] {"sound": "civ_move_2", "volume": 0.24}
[2026-09-25 16:38:34.802] [SFX] {"sound": "civ_move_2", "volume": 0.26}
[2026-09-25 16:38:35.162] [SFX] {"sound": "civ_move_2", "volume": 0.23}
[2026-09-25 16:38:35.211] [SFX] {"sound": "civ_move_2", "volume": 0.25}
[2026-09-25 16:38:35.428] [M] {"button": 5, "pos": [324, 243], "ui_clicked": false}
[2026-09-25 16:38:35.498] [SFX] {"sound": "civ_move_2", "volume": 0.01}
[2026-09-25 16:38:35.564] [M] {"button": 5, "pos": [324, 243], "ui_clicked": false}
[2026-09-25 16:38:35.573] [SFX] {"sound": "civ_move_2", "volume": 0.22}
[2026-09-25 16:38:35.616] [SFX] {"sound": "civ_move_2", "volume": 0.23}
[2026-09-25 16:38:35.898] [SFX] {"sound": "civ_move_2", "volume": 0.02}
[2026-09-25 16:38:35.980] [SFX] {"sound": "civ_move_2", "volume": 0.21}
[2026-09-25 16:38:36.031] [SFX] {"sound": "civ_move_2", "volume": 0.22}
[2026-09-25 16:38:36.181] [M] {"button": 1, "pos": [324, 243], "ui_clicked": false}
[2026-09-25 16:38:36.190] [P] {"start": [14, 70], "goal": [14, 75], "length": 1, "is_direction_change": false}
[2026-09-25 16:38:36.191] [SFX] {"sound": "click_target", "volume": 0.69}
[2026-09-25 16:38:36.305] [SFX] {"sound": "civ_move_2", "volume": 0.02}
[2026-09-25 16:38:36.388] [SFX] {"sound": "civ_move_2", "volume": 0.16}
[2026-09-25 16:38:36.438] [SFX] {"sound": "civ_move_2", "volume": 0.17}
[2026-09-25 16:38:36.706] [SFX] {"sound": "civ_move_2", "volume": 0.01}
[2026-09-25 16:38:36.788] [SFX] {"sound": "civ_move_2", "volume": 0.15}
[2026-09-25 16:38:36.839] [SFX] {"sound": "civ_move_2", "volume": 0.16}
[2026-09-25 16:38:37.122] [SFX] {"sound": "civ_move_2", "volume": 0.02}
[2026-09-25 16:38:37.190] [SFX] {"sound": "civ_move_2", "volume": 0.13}
[2026-09-25 16:38:37.241] [SFX] {"sound": "civ_move_2", "volume": 0.15}
[2026-09-25 16:38:37.358] [M] {"button": 1, "pos": [324, 243], "ui_clicked": false}
[2026-09-25 16:38:37.366] [P] {"start": [14, 75], "goal": [14, 80], "length": 1, "is_direction_change": false}
[2026-09-25 16:38:37.366] [SFX] {"sound": "click_target", "volume": 0.69}
[2026-09-25 16:38:37.417] [SFX] {"sound": "player_move", "volume": 0.4}
[2026-09-25 16:38:37.531] [SFX] {"sound": "civ_move_2", "volume": 0.01}
[2026-09-25 16:38:37.600] [SFX] {"sound": "civ_move_2", "volume": 0.09}
[2026-09-25 16:38:37.650] [SFX] {"sound": "civ_move_2", "volume": 0.1}
[2026-09-25 16:38:37.931] [SFX] {"sound": "civ_move_2", "volume": 0.01}
[2026-09-25 16:38:38.014] [SFX] {"sound": "civ_move_2", "volume": 0.07}
[2026-09-25 16:38:38.066] [SFX] {"sound": "civ_move_2", "volume": 0.09}
[2026-09-25 16:38:38.333] [SFX] {"sound": "civ_move_2", "volume": 0.02}
[2026-09-25 16:38:38.423] [SFX] {"sound": "civ_move_2", "volume": 0.06}
[2026-09-25 16:38:38.474] [SFX] {"sound": "civ_move_2", "volume": 0.07}
[2026-09-25 16:38:38.734] [SFX] {"sound": "civ_move_2", "volume": 0.03}
[2026-09-25 16:38:38.832] [SFX] {"sound": "civ_move_2", "volume": 0.05}
[2026-09-25 16:38:38.881] [SFX] {"sound": "civ_move_2", "volume": 0.06}
[2026-09-25 16:38:38.931] [SFX] {"sound": "civ_move_2", "volume": 0.0}
[2026-09-25 16:38:39.144] [SFX] {"sound": "civ_move_2", "volume": 0.04}
[2026-09-25 16:38:39.243] [SFX] {"sound": "civ_move_2", "volume": 0.03}
[2026-09-25 16:38:39.292] [SFX] {"sound": "civ_move_2", "volume": 0.05}
[2026-09-25 16:38:39.342] [SFX] {"sound": "civ_move_2", "volume": 0.01}
[2026-09-25 16:38:39.544] [SFX] {"sound": "civ_move_2", "volume": 0.06}
[2026-09-25 16:38:39.644] [SFX] {"sound": "civ_move_2", "volume": 0.02}
[2026-09-25 16:38:39.694] [SFX] {"sound": "civ_move_2", "volume": 0.04}
[2026-09-25 16:38:39.742] [SFX] {"sound": "civ_move_2", "volume": 0.02}
[2026-09-25 16:38:39.958] [SFX] {"sound": "civ_move_2", "volume": 0.07}
[2026-09-25 16:38:40.057] [SFX] {"sound": "civ_move_2", "volume": 0.01}
[2026-09-25 16:38:40.108] [SFX] {"sound": "civ_move_2", "volume": 0.02}
[2026-09-25 16:38:40.143] [SFX] {"sound": "civ_move_2", "volume": 0.04}
[2026-09-25 16:38:40.360] [SFX] {"sound": "civ_move_2", "volume": 0.08}
[2026-09-25 16:38:40.510] [SFX] {"sound": "civ_move_2", "volume": 0.01}
[2026-09-25 16:38:40.543] [SFX] {"sound": "civ_move_2", "volume": 0.05}
[2026-09-25 16:38:40.762] [SFX] {"sound": "civ_move_2", "volume": 0.09}
[2026-09-25 16:38:40.912] [SFX] {"sound": "civ_move_2", "volume": 0.0}
[2026-09-25 16:38:40.945] [SFX] {"sound": "civ_move_2", "volume": 0.06}
[2026-09-25 16:38:41.163] [SFX] {"sound": "civ_move_2", "volume": 0.1}
[2026-09-25 16:38:41.345] [SFX] {"sound": "civ_move_2", "volume": 0.07}
[2026-09-25 16:38:41.578] [SFX] {"sound": "civ_move_2", "volume": 0.12}
[2026-09-25 16:38:41.747] [SFX] {"sound": "civ_move_2", "volume": 0.08}
[2026-09-25 16:38:41.982] [SFX] {"sound": "civ_move_2", "volume": 0.13}
[2026-09-25 16:38:42.148] [SFX] {"sound": "civ_move_2", "volume": 0.1}
[2026-09-25 16:38:42.396] [SFX] {"sound": "civ_move_2", "volume": 0.14}
[2026-09-25 16:38:42.563] [SFX] {"sound": "civ_move_2", "volume": 0.11}
[2026-09-25 16:38:42.661] [M] {"button": 1, "pos": [323, 242], "ui_clicked": false}
[2026-09-25 16:38:42.670] [SFX] {"sound": "click_target", "volume": 0.69}
[2026-09-25 16:38:42.781] [SFX] {"sound": "player_move", "volume": 0.4}
[2026-09-25 16:38:42.805] [SFX] {"sound": "civ_move_2", "volume": 0.13}
[2026-09-25 16:38:42.962] [SFX] {"sound": "civ_move_2", "volume": 0.08}
[2026-09-25 16:38:43.211] [SFX] {"sound": "civ_move_2", "volume": 0.13}
[2026-09-25 16:38:43.364] [SFX] {"sound": "civ_move_2", "volume": 0.1}
[2026-09-25 16:38:43.613] [SFX] {"sound": "civ_move_2", "volume": 0.14}
[2026-09-25 16:38:43.780] [SFX] {"sound": "civ_move_2", "volume": 0.11}
[2026-09-25 16:38:44.029] [SFX] {"sound": "civ_move_2", "volume": 0.15}
[2026-09-25 16:38:44.180] [SFX] {"sound": "civ_move_2", "volume": 0.12}
[2026-09-25 16:38:44.444] [SFX] {"sound": "civ_move_2", "volume": 0.17}
[2026-09-25 16:38:44.595] [SFX] {"sound": "civ_move_2", "volume": 0.13}
[2026-09-25 16:38:44.742] [M] {"button": 1, "pos": [387, 207], "ui_clicked": true}
[2026-09-25 16:38:44.763] [JACK] Deck-Einstellungen werden angepasst...
[2026-09-25 16:38:44.858] [SFX] {"sound": "civ_move_2", "volume": 0.18}
[2026-09-25 16:38:45.008] [SFX] {"sound": "civ_move_2", "volume": 0.14}
[2026-09-25 16:38:45.125] [SFX] {"sound": "infiltrate 1", "volume": 0.5}
[2026-09-25 16:38:45.257] [SFX] {"sound": "civ_move_2", "volume": 0.19}
[2026-09-25 16:38:45.423] [SFX] {"sound": "civ_move_2", "volume": 0.16}
[2026-09-25 16:38:45.541] [SFX] {"sound": "threat_pulse", "volume": 0.37}
[2026-09-25 16:38:45.542] [SFX] {"sound": "infiltrate 2", "volume": 0.5}
[2026-09-25 16:38:45.659] [SFX] {"sound": "civ_move_2", "volume": 0.2}
[2026-09-25 16:38:45.826] [SFX] {"sound": "civ_move_2", "volume": 0.17}
[2026-09-25 16:38:45.941] [SFX] {"sound": "infiltrate 2", "volume": 0.5}
[2026-09-25 16:38:46.076] [SFX] {"sound": "civ_move_2", "volume": 0.21}
[2026-09-25 16:38:46.225] [SFX] {"sound": "civ_move_2", "volume": 0.18}
[2026-09-25 16:38:46.343] [SFX] {"sound": "infiltrate 1", "volume": 0.5}
[2026-09-25 16:38:46.443] [SFX] {"sound": "threat_pulse", "volume": 0.46}
[2026-09-25 16:38:46.476] [SFX] {"sound": "civ_move_2", "volume": 0.23}
[2026-09-25 16:38:46.640] [SFX] {"sound": "civ_move_2", "volume": 0.19}
[2026-09-25 16:38:46.759] [SFX] {"sound": "infiltrate 1", "volume": 0.5}
[2026-09-25 16:38:46.876] [SFX] {"sound": "civ_move_2", "volume": 0.24}
[2026-09-25 16:38:47.042] [SFX] {"sound": "civ_move_2", "volume": 0.21}
[2026-09-25 16:38:47.065] [SFX] {"sound": "threat_pulse", "volume": 0.52}
[2026-09-25 16:38:47.175] [SFX] {"sound": "infiltrate 2", "volume": 0.5}
[2026-09-25 16:38:47.291] [SFX] {"sound": "civ_move_2", "volume": 0.25}
[2026-09-25 16:38:47.459] [SFX] {"sound": "civ_move_2", "volume": 0.22}
[2026-09-25 16:38:47.575] [SFX] {"sound": "threat_pulse", "volume": 0.57}
[2026-09-25 16:38:47.576] [SFX] {"sound": "infiltrate 2", "volume": 0.5}
[2026-09-25 16:38:47.691] [SFX] {"sound": "guardian_move", "volume": 0.0}
[2026-09-25 16:38:47.692] [SFX] {"sound": "civ_move_2", "volume": 0.26}
[2026-09-25 16:38:47.757] [SFX] {"sound": "hack_success", "volume": 1.0}
[2026-09-25 16:38:47.861] [SFX] {"sound": "civ_move_2", "volume": 0.23}
[2026-09-25 16:38:47.978] [SFX] {"sound": "threat_pulse", "volume": 0.58}
[2026-09-25 16:38:48.092] [SFX] {"sound": "civ_move_2", "volume": 0.27}
[2026-09-25 16:38:48.276] [SFX] {"sound": "civ_move_2", "volume": 0.24}
[2026-09-25 16:38:48.300] [SFX] {"sound": "guardian_move", "volume": 0.01}
[2026-09-25 16:38:48.300] [SFX] {"sound": "threat_pulse", "volume": 0.56}
[2026-09-25 16:38:48.442] [C] {"civ_pos": [14, 83]}
[2026-09-25 16:38:48.497] [SFX] {"sound": "civ_move_2", "volume": 0.29}
[2026-09-25 16:38:48.682] [SFX] {"sound": "civ_move_2", "volume": 0.26}
[2026-09-25 16:38:48.707] [SFX] {"sound": "threat_pulse", "volume": 0.54}
[2026-09-25 16:38:48.900] [SFX] {"sound": "guardian_move", "volume": 0.02}
[2026-09-25 16:38:48.900] [SFX] {"sound": "civ_move_2", "volume": 0.3}
[2026-09-25 16:38:49.098] [SFX] {"sound": "civ_move_2", "volume": 0.27}
[2026-09-25 16:38:49.123] [SFX] {"sound": "threat_pulse", "volume": 0.52}
[2026-09-25 16:38:49.300] [SFX] {"sound": "civ_move_2", "volume": 0.23}
[2026-09-25 16:38:49.502] [SFX] {"sound": "guardian_move", "volume": 0.02}
[2026-09-25 16:38:49.502] [SFX] {"sound": "civ_move_2", "volume": 0.28}
[2026-09-25 16:38:49.619] [SFX] {"sound": "threat_pulse", "volume": 0.5}
[2026-09-25 16:38:49.703] [SFX] {"sound": "civ_move_2", "volume": 0.22}
[2026-09-25 16:38:49.905] [SFX] {"sound": "civ_move_2", "volume": 0.29}
[2026-09-25 16:38:50.104] [SFX] {"sound": "guardian_move", "volume": 0.02}
[2026-09-25 16:38:50.105] [SFX] {"sound": "civ_move_2", "volume": 0.21}
[2026-09-25 16:38:50.223] [SFX] {"sound": "threat_pulse", "volume": 0.47}
[2026-09-25 16:38:50.306] [SFX] {"sound": "civ_move_2", "volume": 0.24}
[2026-09-25 16:38:50.505] [SFX] {"sound": "civ_move_2", "volume": 0.2}
[2026-09-25 16:38:50.575] [SFX] {"sound": "guardian_move", "volume": 0.0}
[2026-09-25 16:38:50.709] [SFX] {"sound": "guardian_move", "volume": 0.02}
[2026-09-25 16:38:50.710] [SFX] {"sound": "civ_move_2", "volume": 0.23}
[2026-09-25 16:38:50.778] [JACK] Diese Bedrohung ist greifbar... Die Wachen dürfen unser Signal nicht isolieren.
[2026-09-25 16:38:50.823] [SFX] {"sound": "threat_pulse", "volume": 0.44}
[2026-09-25 16:38:50.907] [SFX] {"sound": "civ_move_2", "volume": 0.19}
[2026-09-25 16:38:50.975] [M] {"button": 1, "pos": [320, 242], "ui_clicked": false}
[2026-09-25 16:38:50.983] [P] {"start": [14, 85], "goal": [14, 90], "length": 1, "is_direction_change": false}
[2026-09-25 16:38:50.984] [SFX] {"sound": "click_target", "volume": 0.69}
[2026-09-25 16:38:51.021] [JACK] Verdammt, die Sentinels kreisen um uns... Ich habe echte Angst, ertappt zu werden!
[2026-09-25 16:38:51.047] [C] {"civ_pos": [14, 88]}
[2026-09-25 16:38:51.122] [SFX] {"sound": "civ_move_2", "volume": 0.23}
[2026-09-25 16:38:51.154] [SFX] {"sound": "player_move", "volume": 0.4}
[2026-09-25 16:38:51.320] [SFX] {"sound": "guardian_move", "volume": 0.07}
[2026-09-25 16:38:51.321] [SFX] {"sound": "civ_move_2", "volume": 0.21}
[2026-09-25 16:38:51.521] [SFX] {"sound": "civ_move_2", "volume": 0.24}
[2026-09-25 16:38:51.546] [SFX] {"sound": "threat_pulse", "volume": 0.4}
[2026-09-25 16:38:51.610] [SFX] {"sound": "guardian_move", "volume": 0.03}
[2026-09-25 16:38:51.727] [SFX] {"sound": "civ_move_2", "volume": 0.2}
[2026-09-25 16:38:51.794] [SFX] {"sound": "guardian_move", "volume": 0.0}
[2026-09-25 16:38:51.928] [SFX] {"sound": "guardian_move", "volume": 0.09}
[2026-09-25 16:38:51.929] [SFX] {"sound": "civ_move_2", "volume": 0.23}
[2026-09-25 16:38:52.128] [SFX] {"sound": "civ_move_2", "volume": 0.19}
[2026-09-25 16:38:52.212] [SFX] {"sound": "guardian_move", "volume": 0.04}
[2026-09-25 16:38:52.329] [SFX] {"sound": "civ_move_2", "volume": 0.22}
[2026-09-25 16:38:52.355] [SFX] {"sound": "threat_pulse", "volume": 0.36}
[2026-09-25 16:38:52.400] [SFX] {"sound": "guardian_move", "volume": 0.01}
[2026-09-25 16:38:52.535] [SFX] {"sound": "guardian_move", "volume": 0.11}
[2026-09-25 16:38:52.536] [SFX] {"sound": "civ_move_2", "volume": 0.18}
[2026-09-25 16:38:52.735] [SFX] {"sound": "civ_move_2", "volume": 0.21}
[2026-09-25 16:38:52.751] [M] {"button": 1, "pos": [321, 244], "ui_clicked": false}
[2026-09-25 16:38:52.762] [SFX] {"sound": "click_target", "volume": 0.69}
[2026-09-25 16:38:52.827] [SFX] {"sound": "guardian_move", "volume": 0.06}
[2026-09-25 16:38:52.945] [SFX] {"sound": "civ_move_2", "volume": 0.2}
[2026-09-25 16:38:52.995] [SFX] {"sound": "player_move", "volume": 0.4}
[2026-09-25 16:38:53.019] [SFX] {"sound": "guardian_move", "volume": 0.0}
[2026-09-25 16:38:53.145] [SFX] {"sound": "guardian_move", "volume": 0.17}
[2026-09-25 16:38:53.146] [SFX] {"sound": "civ_move_2", "volume": 0.23}
[2026-09-25 16:38:53.262] [SFX] {"sound": "threat_pulse", "volume": 0.34}
[2026-09-25 16:38:53.296] [SFX] {"sound": "player_move", "volume": 0.4}
[2026-09-25 16:38:53.346] [SFX] {"sound": "civ_move_2", "volume": 0.2}
[2026-09-25 16:38:53.431] [SFX] {"sound": "guardian_move", "volume": 0.1}
[2026-09-25 16:38:53.550] [SFX] {"sound": "civ_move_2", "volume": 0.23}
[2026-09-25 16:38:53.551] [C] {"civ_pos": [14, 98]}
[2026-09-25 16:38:53.612] [SFX] {"sound": "player_move", "volume": 0.4}
[2026-09-25 16:38:53.612] [SFX] {"sound": "guardian_move", "volume": 0.0}
[2026-09-25 16:38:53.746] [SFX] {"sound": "guardian_move", "volume": 0.21}
[2026-09-25 16:38:53.747] [SFX] {"sound": "civ_move_2", "volume": 0.2}
[2026-09-25 16:38:53.916] [SFX] {"sound": "player_move", "volume": 0.4}
[2026-09-25 16:38:53.949] [SFX] {"sound": "civ_move_2", "volume": 0.23}
[2026-09-25 16:38:54.033] [SFX] {"sound": "guardian_move", "volume": 0.13}
[2026-09-25 16:38:54.148] [SFX] {"sound": "civ_move_2", "volume": 0.2}
[2026-09-25 16:38:54.172] [SFX] {"sound": "threat_pulse", "volume": 0.35}
[2026-09-25 16:38:54.216] [SFX] {"sound": "player_move", "volume": 0.4}
[2026-09-25 16:38:54.217] [SFX] {"sound": "guardian_move", "volume": 0.0}
[2026-09-25 16:38:54.331] [M] {"button": 1, "pos": [388, 211], "ui_clicked": true}
[2026-09-25 16:38:54.361] [SFX] {"sound": "guardian_move", "volume": 0.25}
[2026-09-25 16:38:54.363] [SFX] {"sound": "civ_move_2", "volume": 0.23}
[2026-09-25 16:38:54.527] [SFX] {"sound": "player_move", "volume": 0.4}
[2026-09-25 16:38:54.561] [SFX] {"sound": "civ_move_2", "volume": 0.2}
[2026-09-25 16:38:54.644] [SFX] {"sound": "guardian_move", "volume": 0.15}
[2026-09-25 16:38:54.762] [SFX] {"sound": "civ_move_2", "volume": 0.23}
[2026-09-25 16:38:54.828] [SFX] {"sound": "player_move", "volume": 0.4}
[2026-09-25 16:38:54.829] [SFX] {"sound": "guardian_move", "volume": 0.0}
[2026-09-25 16:38:54.977] [SFX] {"sound": "guardian_move", "volume": 0.29}
[2026-09-25 16:38:54.978] [SFX] {"sound": "civ_move_2", "volume": 0.2}
[2026-09-25 16:38:55.077] [SFX] {"sound": "threat_pulse", "volume": 0.36}
[2026-09-25 16:38:55.142] [SFX] {"sound": "player_move", "volume": 0.4}
[2026-09-25 16:38:55.175] [SFX] {"sound": "civ_move_2", "volume": 0.23}
[2026-09-25 16:38:55.260] [SFX] {"sound": "guardian_move", "volume": 0.18}
[2026-09-25 16:38:55.393] [SFX] {"sound": "civ_move_2", "volume": 0.2}
[2026-09-25 16:38:55.443] [SFX] {"sound": "player_move", "volume": 0.4}
[2026-09-25 16:38:55.444] [SFX] {"sound": "guardian_move", "volume": 0.0}
[2026-09-25 16:38:55.578] [SFX] {"sound": "civ_move_2", "volume": 0.23}
[2026-09-25 16:38:55.629] [SFX] {"sound": "guardian_move", "volume": 0.39}
[2026-09-25 16:38:55.696] [M] {"button": 1, "pos": [398, 207], "ui_clicked": false}
[2026-09-25 16:38:55.748] [SFX] {"sound": "player_move", "volume": 0.4}
[2026-09-25 16:38:55.795] [SFX] {"sound": "civ_move_2", "volume": 0.2}
[2026-09-25 16:38:55.864] [SFX] {"sound": "guardian_move", "volume": 0.2}
[2026-09-25 16:38:55.981] [SFX] {"sound": "civ_move_2", "volume": 0.23}
[2026-09-25 16:38:55.982] [SFX] {"sound": "threat_pulse", "volume": 0.43}
[2026-09-25 16:38:56.047] [SFX] {"sound": "guardian_move", "volume": 0.0}
[2026-09-25 16:38:56.072] [SFX] {"sound": "player_move", "volume": 0.4}
[2026-09-25 16:38:56.072] [C] {"civ_pos": [14, 108]}
[2026-09-25 16:38:56.198] [SFX] {"sound": "civ_move_2", "volume": 0.2}
[2026-09-25 16:38:56.286] [SFX] {"sound": "guardian_move", "volume": 0.39}
[2026-09-25 16:38:56.370] [SFX] {"sound": "player_move", "volume": 0.4}
[2026-09-25 16:38:56.395] [SFX] {"sound": "civ_move_2", "volume": 0.23}
[2026-09-25 16:38:56.474] [SFX] {"sound": "guardian_move", "volume": 0.24}
[2026-09-25 16:38:56.607] [SFX] {"sound": "civ_move_2", "volume": 0.2}
[2026-09-25 16:38:56.659] [SFX] {"sound": "guardian_move", "volume": 0.0}
[2026-09-25 16:38:56.682] [SFX] {"sound": "player_move", "volume": 0.4}
[2026-09-25 16:38:56.700] [SFX] {"sound": "threat_pulse", "volume": 0.48}
[2026-09-25 16:38:56.797] [SFX] {"sound": "civ_move_2", "volume": 0.23}
[2026-09-25 16:38:56.896] [SFX] {"sound": "guardian_move", "volume": 0.39}
[2026-09-25 16:38:56.977] [SFX] {"sound": "player_move", "volume": 0.4}
[2026-09-25 16:38:57.008] [JACK] Überall Wacheinheiten... Ihr bedrohliches Summen brennt sich ins Deck.
[2026-09-25 16:38:57.025] [SFX] {"sound": "civ_move_2", "volume": 0.2}
[2026-09-25 16:38:57.084] [SFX] {"sound": "guardian_move", "volume": 0.28}
[2026-09-25 16:38:57.136] [M] {"button": 1, "pos": [414, 207], "ui_clicked": true}
[2026-09-25 16:38:57.212] [SFX] {"sound": "civ_move_2", "volume": 0.23}
[2026-09-25 16:38:57.264] [SFX] {"sound": "guardian_move", "volume": 0.0}
[2026-09-25 16:38:57.287] [SFX] {"sound": "player_move", "volume": 0.4}
[2026-09-25 16:38:57.305] [SFX] {"sound": "threat_pulse", "volume": 0.62}
[2026-09-25 16:38:57.432] [SFX] {"sound": "civ_move_2", "volume": 0.2}
[2026-09-25 16:38:57.458] [SFX] {"sound": "alert_trigger", "volume": 1.0}
[2026-09-25 16:38:57.526] [SFX] {"sound": "guardian_move", "volume": 0.37}
[2026-09-25 16:38:57.593] [SFX] {"sound": "player_move", "volume": 0.4}
[2026-09-25 16:38:57.617] [SFX] {"sound": "threat_pulse", "volume": 0.7}
[2026-09-25 16:38:57.634] [SFX] {"sound": "civ_move_2", "volume": 0.23}
[2026-09-25 16:38:57.680] [SFX] {"sound": "game_over", "volume": 1.0}
[2026-09-25 16:39:00.140] [SFX] {"sound": "hack_success", "volume": 0.8}
[2026-09-25 16:39:00.996] [SESSION_RESET] {"msg": "--- NEW LIFE STARTED ---"}
[2026-09-25 16:39:01.043] [S] {"map": "Shadowgrid"}
[2026-09-25 16:39:01.068] [JACK] Blick ins Systemfenster... Was führen wir im Schild?
[2026-09-25 16:39:01.091] [JACK] Ah, im Shadowgrid angekommen... endlich.
[2026-09-25 16:39:01.564] [SFX] {"sound": "civ_move_1", "volume": 0.22}
[2026-09-25 16:39:01.979] [SFX] {"sound": "civ_move_1", "volume": 0.21}
[2026-09-25 16:39:02.810] [SFX] {"sound": "civ_move_1", "volume": 0.2}
[2026-09-25 16:39:03.223] [SFX] {"sound": "civ_move_1", "volume": 0.19}
[2026-09-25 16:39:03.634] [SFX] {"sound": "civ_move_1", "volume": 0.18}
[2026-09-25 16:39:04.352] [M] {"button": 1, "pos": [335, 228], "ui_clicked": false}
[2026-09-25 16:39:04.441] [SFX] {"sound": "civ_move_1", "volume": 0.17}
[2026-09-25 16:39:05.256] [SFX] {"sound": "civ_move_1", "volume": 0.16}
[2026-09-25 16:39:05.621] [M] {"button": 1, "pos": [335, 228], "ui_clicked": false}
[2026-09-25 16:39:05.670] [SFX] {"sound": "civ_move_1", "volume": 0.15}
[2026-09-25 16:39:06.189] [M] {"button": 1, "pos": [335, 228], "ui_clicked": false}
[2026-09-25 16:39:06.475] [SFX] {"sound": "civ_move_1", "volume": 0.14}
[2026-09-25 16:39:06.709] [M] {"button": 1, "pos": [335, 244], "ui_clicked": false}
[2026-09-25 16:39:06.875] [SFX] {"sound": "civ_move_1", "volume": 0.13}
[2026-09-25 16:39:07.492] [M] {"button": 1, "pos": [349, 214], "ui_clicked": false}
[2026-09-25 16:39:07.500] [SFX] {"sound": "action_cancel", "volume": 1.0}
[2026-09-25 16:39:07.501] [P] {"start": [202, 16], "goal": [205, 20], "length": 5, "is_direction_change": false}
[2026-09-25 16:39:07.502] [SFX] {"sound": "click_target", "volume": 0.69}
[2026-09-25 16:39:07.542] [JACK] Kleine Schritte. Immer die Augen nach IoT-Sensoren und Sentinels offen halten.
[2026-09-25 16:39:07.542] [SFX] {"sound": "player_move", "volume": 0.4}
[2026-09-25 16:39:07.688] [SFX] {"sound": "civ_move_1", "volume": 0.15}
[2026-09-25 16:39:07.819] [SFX] {"sound": "player_move", "volume": 0.4}
[2026-09-25 16:39:08.102] [SFX] {"sound": "civ_move_1", "volume": 0.14}
[2026-09-25 16:39:08.126] [SFX] {"sound": "player_move", "volume": 0.4}
[2026-09-25 16:39:08.515] [SFX] {"sound": "civ_move_1", "volume": 0.15}
[2026-09-25 16:39:08.917] [SFX] {"sound": "civ_move_1", "volume": 0.14}
[2026-09-25 16:39:08.934] [M] {"button": 1, "pos": [349, 214], "ui_clicked": false}
[2026-09-25 16:39:08.943] [P] {"start": [205, 20], "goal": [208, 24], "length": 3, "is_direction_change": false}
[2026-09-25 16:39:08.944] [SFX] {"sound": "click_target", "volume": 0.69}
[2026-09-25 16:39:09.058] [SFX] {"sound": "player_move", "volume": 0.4}
[2026-09-25 16:39:09.327] [SFX] {"sound": "civ_move_1", "volume": 0.17}
[2026-09-25 16:39:09.742] [SFX] {"sound": "civ_move_1", "volume": 0.16}
[2026-09-25 16:39:09.805] [M] {"button": 1, "pos": [349, 214], "ui_clicked": false}
[2026-09-25 16:39:09.813] [P] {"start": [208, 24], "goal": [211, 28], "length": 3, "is_direction_change": false}
[2026-09-25 16:39:09.814] [SFX] {"sound": "click_target", "volume": 0.69}
[2026-09-25 16:39:09.880] [SFX] {"sound": "player_move", "volume": 0.4}
[2026-09-25 16:39:10.146] [SFX] {"sound": "civ_move_1", "volume": 0.18}
[2026-09-25 16:39:10.179] [SFX] {"sound": "player_move", "volume": 0.4}
[2026-09-25 16:39:10.562] [SFX] {"sound": "civ_move_1", "volume": 0.18}
[2026-09-25 16:39:10.660] [M] {"button": 1, "pos": [349, 214], "ui_clicked": false}
[2026-09-25 16:39:10.668] [P] {"start": [211, 28], "goal": [214, 32], "length": 5, "is_direction_change": false}
[2026-09-25 16:39:10.668] [SFX] {"sound": "click_target", "volume": 0.69}
[2026-09-25 16:39:10.966] [SFX] {"sound": "player_move", "volume": 0.4}
[2026-09-25 16:39:10.966] [SFX] {"sound": "civ_move_1", "volume": 0.19}
[2026-09-25 16:39:11.795] [SFX] {"sound": "civ_move_1", "volume": 0.18}
[2026-09-25 16:39:12.207] [SFX] {"sound": "civ_move_1", "volume": 0.17}
[2026-09-25 16:39:12.622] [SFX] {"sound": "civ_move_1", "volume": 0.16}
[2026-09-25 16:39:13.025] [SFX] {"sound": "civ_move_1", "volume": 0.15}
[2026-09-25 16:39:13.840] [SFX] {"sound": "civ_move_1", "volume": 0.14}
[2026-09-25 16:39:14.243] [SFX] {"sound": "civ_move_1", "volume": 0.13}
[2026-09-25 16:39:14.645] [SFX] {"sound": "civ_move_1", "volume": 0.12}
[2026-09-25 16:39:15.046] [SFX] {"sound": "civ_move_1", "volume": 0.11}
[2026-09-25 16:39:15.461] [SFX] {"sound": "civ_move_1", "volume": 0.1}
[2026-09-25 16:39:15.863] [SFX] {"sound": "civ_move_1", "volume": 0.09}
[2026-09-25 16:39:16.263] [SFX] {"sound": "civ_move_1", "volume": 0.08}
[2026-09-25 16:39:16.665] [SFX] {"sound": "civ_move_1", "volume": 0.07}
[2026-09-25 16:39:17.082] [SFX] {"sound": "civ_move_1", "volume": 0.06}
[2026-09-25 16:39:17.495] [SFX] {"sound": "civ_move_1", "volume": 0.05}
[2026-09-25 16:39:17.580] [SFX] {"sound": "guardian_move", "volume": 0.01}
[2026-09-25 16:39:17.895] [SFX] {"sound": "civ_move_1", "volume": 0.04}
[2026-09-25 16:39:17.978] [M] {"button": 1, "pos": [366, 207], "ui_clicked": false}
[2026-09-25 16:39:18.196] [SFX] {"sound": "guardian_move", "volume": 0.03}
[2026-09-25 16:39:18.296] [SFX] {"sound": "civ_move_1", "volume": 0.03}
[2026-09-25 16:39:18.546] [M] {"button": 1, "pos": [363, 200], "ui_clicked": false}
[2026-09-25 16:39:18.697] [SFX] {"sound": "civ_move_1", "volume": 0.02}
[2026-09-25 16:39:18.797] [SFX] {"sound": "guardian_move", "volume": 0.03}
[2026-09-25 16:39:18.948] [M] {"button": 1, "pos": [360, 215], "ui_clicked": false}
[2026-09-25 16:39:18.971] [P] {"start": [214, 32], "goal": [218, 36], "length": 3, "is_direction_change": false}
[2026-09-25 16:39:18.972] [SFX] {"sound": "click_target", "volume": 0.67}
[2026-09-25 16:39:18.995] [JACK] Kurzer Blick um die Ecke...
[2026-09-25 16:39:18.996] [SFX] {"sound": "player_move", "volume": 0.4}
[2026-09-25 16:39:19.107] [SFX] {"sound": "civ_move_1", "volume": 0.04}
[2026-09-25 16:39:19.290] [SFX] {"sound": "player_move", "volume": 0.4}
[2026-09-25 16:39:19.407] [SFX] {"sound": "guardian_move", "volume": 0.06}
[2026-09-25 16:39:19.507] [SFX] {"sound": "civ_move_1", "volume": 0.05}
[2026-09-25 16:39:20.040] [SFX] {"sound": "guardian_move", "volume": 0.06}
[2026-09-25 16:39:20.326] [M] {"button": 1, "pos": [346, 225], "ui_clicked": false}
[2026-09-25 16:39:20.334] [SFX] {"sound": "civ_move_1", "volume": 0.04}
[2026-09-25 16:39:20.640] [SFX] {"sound": "guardian_move", "volume": 0.05}
[2026-09-25 16:39:20.739] [SFX] {"sound": "civ_move_1", "volume": 0.04}
[2026-09-25 16:39:20.805] [M] {"button": 1, "pos": [328, 230], "ui_clicked": false}
[2026-09-25 16:39:20.813] [P] {"start": [218, 36], "goal": [218, 42], "length": 1, "is_direction_change": false}
[2026-09-25 16:39:20.814] [SFX] {"sound": "click_target", "volume": 0.67}
[2026-09-25 16:39:21.035] [SFX] {"sound": "player_move", "volume": 0.4}
[2026-09-25 16:39:21.153] [SFX] {"sound": "civ_move_1", "volume": 0.07}
[2026-09-25 16:39:21.251] [SFX] {"sound": "guardian_move", "volume": 0.09}
[2026-09-25 16:39:21.565] [SFX] {"sound": "civ_move_1", "volume": 0.07}
[2026-09-25 16:39:21.648] [M] {"button": 1, "pos": [327, 233], "ui_clicked": false}
[2026-09-25 16:39:21.657] [P] {"start": [218, 42], "goal": [218, 48], "length": 1, "is_direction_change": false}
[2026-09-25 16:39:21.657] [SFX] {"sound": "click_target", "volume": 0.67}
[2026-09-25 16:39:21.858] [SFX] {"sound": "guardian_move", "volume": 0.11}
[2026-09-25 16:39:21.891] [SFX] {"sound": "player_move", "volume": 0.4}
[2026-09-25 16:39:21.974] [SFX] {"sound": "civ_move_1", "volume": 0.09}
[2026-09-25 16:39:22.222] [M] {"button": 1, "pos": [326, 241], "ui_clicked": false}
[2026-09-25 16:39:22.232] [P] {"start": [218, 48], "goal": [218, 54], "length": 1, "is_direction_change": false}
[2026-09-25 16:39:22.233] [SFX] {"sound": "click_target", "volume": 0.66}
[2026-09-25 16:39:22.381] [SFX] {"sound": "civ_move_1", "volume": 0.1}
[2026-09-25 16:39:22.467] [SFX] {"sound": "guardian_move", "volume": 0.14}
[2026-09-25 16:39:22.491] [SFX] {"sound": "player_move", "volume": 0.4}
[2026-09-25 16:39:22.786] [SFX] {"sound": "civ_move_1", "volume": 0.11}
[2026-09-25 16:39:22.818] [M] {"button": 1, "pos": [326, 258], "ui_clicked": false}
[2026-09-25 16:39:22.828] [P] {"start": [218, 54], "goal": [218, 63], "length": 1, "is_direction_change": false}
[2026-09-25 16:39:22.829] [SFX] {"sound": "click_target", "volume": 0.62}
[2026-09-25 16:39:23.074] [SFX] {"sound": "guardian_move", "volume": 0.15}
[2026-09-25 16:39:23.097] [SFX] {"sound": "player_move", "volume": 0.4}
[2026-09-25 16:39:23.189] [SFX] {"sound": "civ_move_1", "volume": 0.12}
[2026-09-25 16:39:23.288] [SFX] {"sound": "civ_move_2", "volume": 0.02}
[2026-09-25 16:39:23.473] [M] {"button": 1, "pos": [327, 260], "ui_clicked": false}
[2026-09-25 16:39:23.482] [P] {"start": [218, 63], "goal": [218, 71], "length": 1, "is_direction_change": false}
[2026-09-25 16:39:23.483] [SFX] {"sound": "click_target", "volume": 0.62}
[2026-09-25 16:39:23.526] [SFX] {"sound": "civ_move_2", "volume": 0.02}
[2026-09-25 16:39:23.592] [SFX] {"sound": "civ_move_1", "volume": 0.12}
[2026-09-25 16:39:23.627] [SFX] {"sound": "player_move", "volume": 0.4}
[2026-09-25 16:39:23.674] [SFX] {"sound": "guardian_move", "volume": 0.15}
[2026-09-25 16:39:23.699] [SFX] {"sound": "civ_move_2", "volume": 0.05}
[2026-09-25 16:39:23.774] [SFX] {"sound": "guardian_move", "volume": 0.01}
[2026-09-25 16:39:23.775] [SFX] {"sound": "threat_pulse", "volume": 0.3}
[2026-09-25 16:39:23.941] [SFX] {"sound": "civ_move_2", "volume": 0.05}
[2026-09-25 16:39:24.007] [SFX] {"sound": "civ_move_1", "volume": 0.14}
[2026-09-25 16:39:24.105] [SFX] {"sound": "civ_move_2", "volume": 0.07}
[2026-09-25 16:39:24.288] [SFX] {"sound": "guardian_move", "volume": 0.16}
[2026-09-25 16:39:24.355] [SFX] {"sound": "civ_move_2", "volume": 0.05}
[2026-09-25 16:39:24.389] [SFX] {"sound": "guardian_move", "volume": 0.03}
[2026-09-25 16:39:24.423] [SFX] {"sound": "civ_move_1", "volume": 0.12}
[2026-09-25 16:39:24.507] [SFX] {"sound": "civ_move_2", "volume": 0.07}
[2026-09-25 16:39:24.759] [SFX] {"sound": "civ_move_2", "volume": 0.04}
[2026-09-25 16:39:24.825] [SFX] {"sound": "civ_move_1", "volume": 0.11}
[2026-09-25 16:39:24.892] [SFX] {"sound": "guardian_move", "volume": 0.13}
[2026-09-25 16:39:24.917] [SFX] {"sound": "civ_move_2", "volume": 0.07}
[2026-09-25 16:39:24.994] [M] {"button": 1, "pos": [327, 260], "ui_clicked": false}
[2026-09-25 16:39:25.004] [SFX] {"sound": "guardian_move", "volume": 0.05}
[2026-09-25 16:39:25.162] [SFX] {"sound": "civ_move_2", "volume": 0.04}
[2026-09-25 16:39:25.227] [SFX] {"sound": "civ_move_1", "volume": 0.1}
[2026-09-25 16:39:25.309] [SFX] {"sound": "civ_move_2", "volume": 0.06}
[2026-09-25 16:39:25.508] [SFX] {"sound": "guardian_move", "volume": 0.11}
[2026-09-25 16:39:25.575] [SFX] {"sound": "civ_move_2", "volume": 0.03}
[2026-09-25 16:39:25.607] [SFX] {"sound": "guardian_move", "volume": 0.06}
[2026-09-25 16:39:25.640] [SFX] {"sound": "civ_move_1", "volume": 0.09}
[2026-09-25 16:39:25.725] [SFX] {"sound": "civ_move_2", "volume": 0.05}
[2026-09-25 16:39:25.955] [M] {"button": 1, "pos": [320, 256], "ui_clicked": false}
[2026-09-25 16:39:25.989] [SFX] {"sound": "civ_move_2", "volume": 0.02}
[2026-09-25 16:39:26.040] [SFX] {"sound": "civ_move_1", "volume": 0.07}
[2026-09-25 16:39:26.123] [SFX] {"sound": "guardian_move", "volume": 0.08}
[2026-09-25 16:39:26.147] [SFX] {"sound": "civ_move_2", "volume": 0.05}
[2026-09-25 16:39:26.222] [SFX] {"sound": "guardian_move", "volume": 0.07}
[2026-09-25 16:39:26.390] [SFX] {"sound": "civ_move_2", "volume": 0.02}
[2026-09-25 16:39:26.441] [SFX] {"sound": "civ_move_1", "volume": 0.06}
[2026-09-25 16:39:26.555] [SFX] {"sound": "civ_move_2", "volume": 0.04}
[2026-09-25 16:39:26.739] [SFX] {"sound": "guardian_move", "volume": 0.06}
[2026-09-25 16:39:26.806] [SFX] {"sound": "civ_move_2", "volume": 0.01}
[2026-09-25 16:39:26.830] [SFX] {"sound": "guardian_move", "volume": 0.08}
[2026-09-25 16:39:26.856] [SFX] {"sound": "civ_move_1", "volume": 0.05}
[2026-09-25 16:39:26.956] [SFX] {"sound": "civ_move_2", "volume": 0.03}
[2026-09-25 16:39:27.206] [SFX] {"sound": "civ_move_2", "volume": 0.0}
[2026-09-25 16:39:27.256] [SFX] {"sound": "civ_move_1", "volume": 0.04}
[2026-09-25 16:39:27.341] [SFX] {"sound": "guardian_move", "volume": 0.04}
[2026-09-25 16:39:27.364] [SFX] {"sound": "civ_move_2", "volume": 0.02}
[2026-09-25 16:39:27.423] [SFX] {"sound": "guardian_move", "volume": 0.09}
[2026-09-25 16:39:27.658] [SFX] {"sound": "civ_move_1", "volume": 0.03}
[2026-09-25 16:39:27.760] [SFX] {"sound": "civ_move_2", "volume": 0.01}
[2026-09-25 16:39:27.940] [SFX] {"sound": "guardian_move", "volume": 0.01}
[2026-09-25 16:39:28.038] [SFX] {"sound": "guardian_move", "volume": 0.09}
[2026-09-25 16:39:28.072] [SFX] {"sound": "civ_move_1", "volume": 0.01}
[2026-09-25 16:39:28.483] [SFX] {"sound": "civ_move_1", "volume": 0.0}
[2026-09-25 16:39:28.647] [SFX] {"sound": "guardian_move", "volume": 0.1}
[2026-09-25 16:39:29.257] [SFX] {"sound": "guardian_move", "volume": 0.08}
[2026-09-25 16:39:29.873] [SFX] {"sound": "guardian_move", "volume": 0.06}
[2026-09-25 16:39:30.474] [SFX] {"sound": "guardian_move", "volume": 0.04}
[2026-09-25 16:39:30.985] [M] {"button": 1, "pos": [321, 228], "ui_clicked": false}
[2026-09-25 16:39:30.994] [P] {"start": [218, 71], "goal": [218, 76], "length": 1, "is_direction_change": false}
[2026-09-25 16:39:30.995] [SFX] {"sound": "click_target", "volume": 0.68}
[2026-09-25 16:39:31.063] [SFX] {"sound": "player_move", "volume": 0.4}
[2026-09-25 16:39:31.088] [SFX] {"sound": "guardian_move", "volume": 0.04}
[2026-09-25 16:39:31.693] [SFX] {"sound": "guardian_move", "volume": 0.05}
[2026-09-25 16:39:32.306] [M] {"button": 1, "pos": [281, 205], "ui_clicked": false}
[2026-09-25 16:39:32.315] [SFX] {"sound": "guardian_move", "volume": 0.03}
[2026-09-25 16:39:32.723] [M] {"button": 1, "pos": [282, 203], "ui_clicked": false}
[2026-09-25 16:39:32.732] [P] {"start": [218, 76], "goal": [213, 78], "length": 2, "is_direction_change": false}
[2026-09-25 16:39:32.733] [SFX] {"sound": "click_target", "volume": 0.69}
[2026-09-25 16:39:32.867] [SFX] {"sound": "player_move", "volume": 0.4}
[2026-09-25 16:39:32.916] [SFX] {"sound": "guardian_move", "volume": 0.02}
[2026-09-25 16:39:32.940] [SFX] {"sound": "guardian_move", "volume": 0.03}
[2026-09-25 16:39:33.000] [SFX] {"sound": "civ_move_1", "volume": 0.01}
[2026-09-25 16:39:33.364] [M] {"button": 1, "pos": [282, 203], "ui_clicked": false}
[2026-09-25 16:39:33.373] [SFX] {"sound": "civ_move_2", "volume": 0.01}
[2026-09-25 16:39:33.416] [SFX] {"sound": "guardian_move", "volume": 0.02}
[2026-09-25 16:39:33.416] [SFX] {"sound": "civ_move_1", "volume": 0.01}
[2026-09-25 16:39:33.517] [SFX] {"sound": "guardian_move", "volume": 0.01}
[2026-09-25 16:39:33.542] [SFX] {"sound": "guardian_move", "volume": 0.08}
[2026-09-25 16:39:33.765] [SFX] {"sound": "civ_move_2", "volume": 0.01}
[2026-09-25 16:39:33.832] [SFX] {"sound": "civ_move_1", "volume": 0.01}
[2026-09-25 16:39:34.031] [SFX] {"sound": "guardian_move", "volume": 0.01}
[2026-09-25 16:39:34.107] [M] {"button": 1, "pos": [293, 201], "ui_clicked": false}
[2026-09-25 16:39:34.147] [SFX] {"sound": "guardian_move", "volume": 0.11}
[2026-09-25 16:39:34.185] [SFX] {"sound": "civ_move_2", "volume": 0.02}
[2026-09-25 16:39:34.242] [SFX] {"sound": "civ_move_1", "volume": 0.01}
[2026-09-25 16:39:34.592] [SFX] {"sound": "civ_move_2", "volume": 0.02}
[2026-09-25 16:39:34.642] [SFX] {"sound": "guardian_move", "volume": 0.0}
[2026-09-25 16:39:34.643] [SFX] {"sound": "civ_move_1", "volume": 0.01}
[2026-09-25 16:39:34.763] [SFX] {"sound": "guardian_move", "volume": 0.13}
[2026-09-25 16:39:34.998] [SFX] {"sound": "civ_move_2", "volume": 0.02}
[2026-09-25 16:39:35.050] [SFX] {"sound": "civ_move_1", "volume": 0.0}
[2026-09-25 16:39:35.364] [SFX] {"sound": "guardian_move", "volume": 0.15}
[2026-09-25 16:39:35.414] [SFX] {"sound": "civ_move_2", "volume": 0.02}
[2026-09-25 16:39:35.976] [SFX] {"sound": "guardian_move", "volume": 0.18}
[2026-09-25 16:39:36.244] [SFX] {"sound": "civ_move_2", "volume": 0.02}
[2026-09-25 16:39:36.594] [SFX] {"sound": "guardian_move", "volume": 0.2}
[2026-09-25 16:39:36.659] [SFX] {"sound": "civ_move_2", "volume": 0.02}
[2026-09-25 16:39:37.162] [M] {"button": 1, "pos": [264, 182], "ui_clicked": false}
[2026-09-25 16:39:37.171] [P] {"start": [213, 78], "goal": [206, 78], "length": 1, "is_direction_change": false}
[2026-09-25 16:39:37.172] [SFX] {"sound": "click_target", "volume": 0.66}
[2026-09-25 16:39:37.205] [SFX] {"sound": "guardian_move", "volume": 0.18}
[2026-09-25 16:39:37.255] [SFX] {"sound": "player_move", "volume": 0.4}
[2026-09-25 16:39:37.474] [SFX] {"sound": "civ_move_2", "volume": 0.06}
[2026-09-25 16:39:37.507] [SFX] {"sound": "civ_move_1", "volume": 0.01}
[2026-09-25 16:39:37.690] [SFX] {"sound": "guardian_move", "volume": 0.0}
[2026-09-25 16:39:37.807] [SFX] {"sound": "guardian_move", "volume": 0.22}
[2026-09-25 16:39:37.875] [SFX] {"sound": "civ_move_2", "volume": 0.06}
[2026-09-25 16:39:37.892] [M] {"button": 1, "pos": [267, 184], "ui_clicked": false}
[2026-09-25 16:39:37.904] [P] {"start": [206, 78], "goal": [199, 78], "length": 1, "is_direction_change": false}
[2026-09-25 16:39:37.905] [SFX] {"sound": "click_target", "volume": 0.68}
[2026-09-25 16:39:37.933] [SFX] {"sound": "civ_move_1", "volume": 0.01}
[2026-09-25 16:39:37.951] [SFX] {"sound": "player_move", "volume": 0.4}
[2026-09-25 16:39:38.082] [SFX] {"sound": "civ_move_1", "volume": 0.03}
[2026-09-25 16:39:38.285] [SFX] {"sound": "civ_move_2", "volume": 0.12}
[2026-09-25 16:39:38.310] [SFX] {"sound": "guardian_move", "volume": 0.03}
[2026-09-25 16:39:38.328] [SFX] {"sound": "civ_move_1", "volume": 0.03}
[2026-09-25 16:39:38.370] [M] {"button": 1, "pos": [267, 184], "ui_clicked": false}
[2026-09-25 16:39:38.379] [P] {"start": [199, 78], "goal": [193, 78], "length": 1, "is_direction_change": false}
[2026-09-25 16:39:38.380] [SFX] {"sound": "click_target", "volume": 0.7}
[2026-09-25 16:39:38.419] [SFX] {"sound": "player_move", "volume": 0.4}
[2026-09-25 16:39:38.419] [SFX] {"sound": "civ_move_1", "volume": 0.04}
[2026-09-25 16:39:38.439] [SFX] {"sound": "guardian_move", "volume": 0.27}
[2026-09-25 16:39:38.482] [SFX] {"sound": "civ_move_1", "volume": 0.08}
[2026-09-25 16:39:38.701] [SFX] {"sound": "civ_move_2", "volume": 0.17}
[2026-09-25 16:39:38.735] [SFX] {"sound": "civ_move_1", "volume": 0.04}
[2026-09-25 16:39:38.802] [SFX] {"sound": "civ_move_1", "volume": 0.09}
[2026-09-25 16:39:38.885] [SFX] {"sound": "civ_move_1", "volume": 0.12}
[2026-09-25 16:39:38.886] [SFX] {"sound": "civ_move_1", "volume": 0.03}
[2026-09-25 16:39:38.918] [SFX] {"sound": "guardian_move", "volume": 0.04}
[2026-09-25 16:39:39.038] [SFX] {"sound": "guardian_move", "volume": 0.3}
[2026-09-25 16:39:39.106] [SFX] {"sound": "civ_move_2", "volume": 0.18}
[2026-09-25 16:39:39.153] [SFX] {"sound": "civ_move_1", "volume": 0.03}
[2026-09-25 16:39:39.214] [SFX] {"sound": "civ_move_1", "volume": 0.1}
[2026-09-25 16:39:39.298] [SFX] {"sound": "civ_move_1", "volume": 0.14}
[2026-09-25 16:39:39.299] [SFX] {"sound": "civ_move_1", "volume": 0.05}
[2026-09-25 16:39:39.516] [SFX] {"sound": "civ_move_2", "volume": 0.19}
[2026-09-25 16:39:39.540] [SFX] {"sound": "guardian_move", "volume": 0.03}
[2026-09-25 16:39:39.557] [SFX] {"sound": "civ_move_1", "volume": 0.02}
[2026-09-25 16:39:39.616] [SFX] {"sound": "civ_move_1", "volume": 0.11}
[2026-09-25 16:39:39.649] [SFX] {"sound": "guardian_move", "volume": 0.27}
[2026-09-25 16:39:39.700] [SFX] {"sound": "civ_move_1", "volume": 0.15}
[2026-09-25 16:39:39.701] [SFX] {"sound": "civ_move_1", "volume": 0.06}
[2026-09-25 16:39:39.929] [SFX] {"sound": "civ_move_2", "volume": 0.2}
[2026-09-25 16:39:39.963] [SFX] {"sound": "civ_move_1", "volume": 0.02}
[2026-09-25 16:39:40.029] [SFX] {"sound": "civ_move_1", "volume": 0.13}
[2026-09-25 16:39:40.113] [SFX] {"sound": "civ_move_1", "volume": 0.16}
[2026-09-25 16:39:40.114] [SFX] {"sound": "civ_move_1", "volume": 0.07}
[2026-09-25 16:39:40.149] [SFX] {"sound": "guardian_move", "volume": 0.02}
[2026-09-25 16:39:40.250] [SFX] {"sound": "guardian_move", "volume": 0.25}
[2026-09-25 16:39:40.335] [SFX] {"sound": "civ_move_2", "volume": 0.21}
[2026-09-25 16:39:40.368] [SFX] {"sound": "civ_move_1", "volume": 0.01}
[2026-09-25 16:39:40.435] [SFX] {"sound": "civ_move_1", "volume": 0.14}
[2026-09-25 16:39:40.520] [SFX] {"sound": "civ_move_1", "volume": 0.17}
[2026-09-25 16:39:40.521] [SFX] {"sound": "civ_move_1", "volume": 0.08}
[2026-09-25 16:39:40.739] [SFX] {"sound": "civ_move_2", "volume": 0.21}
[2026-09-25 16:39:40.764] [SFX] {"sound": "guardian_move", "volume": 0.0}
[2026-09-25 16:39:40.783] [SFX] {"sound": "civ_move_1", "volume": 0.01}
[2026-09-25 16:39:40.848] [SFX] {"sound": "civ_move_1", "volume": 0.15}
[2026-09-25 16:39:40.873] [SFX] {"sound": "guardian_move", "volume": 0.18}
[2026-09-25 16:39:40.935] [SFX] {"sound": "civ_move_1", "volume": 0.17}
[2026-09-25 16:39:40.936] [SFX] {"sound": "civ_move_1", "volume": 0.1}
[2026-09-25 16:39:41.151] [SFX] {"sound": "civ_move_2", "volume": 0.22}
[2026-09-25 16:39:41.190] [SFX] {"sound": "civ_move_1", "volume": 0.0}
[2026-09-25 16:39:41.257] [SFX] {"sound": "civ_move_1", "volume": 0.16}
[2026-09-25 16:39:41.345] [SFX] {"sound": "civ_move_1", "volume": 0.17}
[2026-09-25 16:39:41.346] [SFX] {"sound": "civ_move_1", "volume": 0.11}
[2026-09-25 16:39:41.479] [SFX] {"sound": "guardian_move", "volume": 0.18}
[2026-09-25 16:39:41.563] [SFX] {"sound": "civ_move_2", "volume": 0.22}
[2026-09-25 16:39:41.666] [SFX] {"sound": "civ_move_1", "volume": 0.17}
[2026-09-25 16:39:41.755] [SFX] {"sound": "civ_move_1", "volume": 0.12}
[2026-09-25 16:39:41.973] [SFX] {"sound": "civ_move_2", "volume": 0.22}
[2026-09-25 16:39:42.067] [SFX] {"sound": "civ_move_1", "volume": 0.17}
[2026-09-25 16:39:42.090] [SFX] {"sound": "guardian_move", "volume": 0.18}
[2026-09-25 16:39:42.156] [SFX] {"sound": "civ_move_1", "volume": 0.16}
[2026-09-25 16:39:42.157] [SFX] {"sound": "civ_move_1", "volume": 0.13}
[2026-09-25 16:39:42.378] [SFX] {"sound": "civ_move_2", "volume": 0.22}
[2026-09-25 16:39:42.479] [SFX] {"sound": "civ_move_1", "volume": 0.17}
[2026-09-25 16:39:42.561] [SFX] {"sound": "civ_move_1", "volume": 0.16}
[2026-09-25 16:39:42.562] [SFX] {"sound": "civ_move_1", "volume": 0.14}
[2026-09-25 16:39:42.694] [SFX] {"sound": "guardian_move", "volume": 0.17}
[2026-09-25 16:39:42.793] [SFX] {"sound": "civ_move_2", "volume": 0.22}
[2026-09-25 16:39:42.891] [SFX] {"sound": "civ_move_1", "volume": 0.17}
[2026-09-25 16:39:42.975] [SFX] {"sound": "civ_move_1", "volume": 0.15}
[2026-09-25 16:39:42.976] [SFX] {"sound": "civ_move_1", "volume": 0.16}
[2026-09-25 16:39:43.208] [SFX] {"sound": "civ_move_2", "volume": 0.22}
[2026-09-25 16:39:43.309] [SFX] {"sound": "guardian_move", "volume": 0.16}
[2026-09-25 16:39:43.309] [SFX] {"sound": "civ_move_1", "volume": 0.17}
[2026-09-25 16:39:43.377] [SFX] {"sound": "civ_move_1", "volume": 0.16}
[2026-09-25 16:39:43.377] [SFX] {"sound": "civ_move_1", "volume": 0.17}
[2026-09-25 16:39:43.610] [SFX] {"sound": "civ_move_2", "volume": 0.21}
[2026-09-25 16:39:43.645] [SFX] {"sound": "civ_move_2", "volume": 0.1}
[2026-09-25 16:39:43.713] [SFX] {"sound": "civ_move_1", "volume": 0.17}
[2026-09-25 16:39:43.912] [SFX] {"sound": "guardian_move", "volume": 0.15}
[2026-09-25 16:39:44.013] [SFX] {"sound": "civ_move_2", "volume": 0.21}
[2026-09-25 16:39:44.053] [M] {"button": 1, "pos": [267, 184], "ui_clicked": false}
[2026-09-25 16:39:44.061] [SFX] {"sound": "civ_move_2", "volume": 0.09}
[2026-09-25 16:39:44.062] [P] {"start": [193, 78], "goal": [186, 78], "length": 1, "is_direction_change": false}
[2026-09-25 16:39:44.063] [SFX] {"sound": "click_target", "volume": 0.67}
[2026-09-25 16:39:44.100] [SFX] {"sound": "player_move", "volume": 0.4}
[2026-09-25 16:39:44.124] [SFX] {"sound": "civ_move_1", "volume": 0.18}
[2026-09-25 16:39:44.187] [SFX] {"sound": "civ_move_1", "volume": 0.2}
[2026-09-25 16:39:44.188] [SFX] {"sound": "civ_move_1", "volume": 0.19}
[2026-09-25 16:39:44.422] [SFX] {"sound": "civ_move_2", "volume": 0.16}
[2026-09-25 16:39:44.457] [SFX] {"sound": "civ_move_2", "volume": 0.12}
[2026-09-25 16:39:44.523] [SFX] {"sound": "guardian_move", "volume": 0.18}
[2026-09-25 16:39:44.524] [SFX] {"sound": "civ_move_1", "volume": 0.22}
[2026-09-25 16:39:44.828] [SFX] {"sound": "civ_move_2", "volume": 0.15}
[2026-09-25 16:39:44.861] [M] {"button": 1, "pos": [267, 184], "ui_clicked": false}
[2026-09-25 16:39:44.870] [SFX] {"sound": "civ_move_2", "volume": 0.13}
[2026-09-25 16:39:44.871] [P] {"start": [186, 78], "goal": [179, 78], "length": 1, "is_direction_change": false}
[2026-09-25 16:39:44.872] [SFX] {"sound": "click_target", "volume": 0.67}
[2026-09-25 16:39:44.897] [SFX] {"sound": "player_move", "volume": 0.4}
[2026-09-25 16:39:44.928] [SFX] {"sound": "civ_move_1", "volume": 0.19}
[2026-09-25 16:39:44.996] [SFX] {"sound": "civ_move_1", "volume": 0.22}
[2026-09-25 16:39:44.997] [SFX] {"sound": "civ_move_1", "volume": 0.23}
[2026-09-25 16:39:45.128] [SFX] {"sound": "guardian_move", "volume": 0.18}
[2026-09-25 16:39:45.194] [SFX] {"sound": "player_move", "volume": 0.4}
[2026-09-25 16:39:45.231] [SFX] {"sound": "civ_move_2", "volume": 0.09}
[2026-09-25 16:39:45.267] [SFX] {"sound": "civ_move_2", "volume": 0.17}
[2026-09-25 16:39:45.317] [SFX] {"sound": "civ_move_1", "volume": 0.02}
[2026-09-25 16:39:45.342] [SFX] {"sound": "civ_move_1", "volume": 0.21}
[2026-09-25 16:39:45.402] [SFX] {"sound": "civ_move_1", "volume": 0.24}
[2026-09-25 16:39:45.632] [SFX] {"sound": "civ_move_2", "volume": 0.08}
[2026-09-25 16:39:45.667] [SFX] {"sound": "civ_move_2", "volume": 0.18}
[2026-09-25 16:39:45.718] [SFX] {"sound": "civ_move_1", "volume": 0.02}
[2026-09-25 16:39:45.742] [SFX] {"sound": "guardian_move", "volume": 0.16}
[2026-09-25 16:39:45.743] [SFX] {"sound": "civ_move_1", "volume": 0.21}
[2026-09-25 16:39:45.805] [SFX] {"sound": "civ_move_1", "volume": 0.2}
[2026-09-25 16:39:45.806] [SFX] {"sound": "civ_move_1", "volume": 0.23}
[2026-09-25 16:39:46.043] [SFX] {"sound": "civ_move_2", "volume": 0.07}
[2026-09-25 16:39:46.076] [SFX] {"sound": "civ_move_2", "volume": 0.18}
[2026-09-25 16:39:46.126] [SFX] {"sound": "civ_move_1", "volume": 0.03}
[2026-09-25 16:39:46.149] [SFX] {"sound": "civ_move_1", "volume": 0.2}
[2026-09-25 16:39:46.212] [SFX] {"sound": "civ_move_1", "volume": 0.19}
[2026-09-25 16:39:46.213] [SFX] {"sound": "civ_move_1", "volume": 0.22}
[2026-09-25 16:39:46.344] [SFX] {"sound": "guardian_move", "volume": 0.16}
[2026-09-25 16:39:46.444] [SFX] {"sound": "civ_move_2", "volume": 0.06}
[2026-09-25 16:39:46.478] [SFX] {"sound": "civ_move_2", "volume": 0.19}
[2026-09-25 16:39:46.528] [SFX] {"sound": "civ_move_1", "volume": 0.04}
[2026-09-25 16:39:46.552] [SFX] {"sound": "civ_move_1", "volume": 0.19}
[2026-09-25 16:39:46.628] [SFX] {"sound": "civ_move_1", "volume": 0.22}
[2026-09-25 16:39:46.844] [SFX] {"sound": "civ_move_2", "volume": 0.05}
[2026-09-25 16:39:46.894] [SFX] {"sound": "civ_move_2", "volume": 0.2}
[2026-09-25 16:39:46.942] [SFX] {"sound": "civ_move_1", "volume": 0.05}
[2026-09-25 16:39:46.966] [SFX] {"sound": "guardian_move", "volume": 0.16}
[2026-09-25 16:39:46.967] [SFX] {"sound": "civ_move_1", "volume": 0.18}
[2026-09-25 16:39:47.042] [SFX] {"sound": "civ_move_1", "volume": 0.22}
[2026-09-25 16:39:47.258] [SFX] {"sound": "civ_move_2", "volume": 0.03}
[2026-09-25 16:39:47.308] [SFX] {"sound": "civ_move_2", "volume": 0.21}
[2026-09-25 16:39:47.358] [SFX] {"sound": "civ_move_1", "volume": 0.06}
[2026-09-25 16:39:47.383] [SFX] {"sound": "civ_move_1", "volume": 0.17}
[2026-09-25 16:39:47.445] [SFX] {"sound": "civ_move_1", "volume": 0.22}
[2026-09-25 16:39:47.561] [SFX] {"sound": "guardian_move", "volume": 0.16}
[2026-09-25 16:39:47.662] [SFX] {"sound": "civ_move_2", "volume": 0.02}
[2026-09-25 16:39:47.714] [SFX] {"sound": "civ_move_2", "volume": 0.22}
[2026-09-25 16:39:47.764] [SFX] {"sound": "civ_move_1", "volume": 0.06}
[2026-09-25 16:39:47.788] [SFX] {"sound": "civ_move_1", "volume": 0.16}
[2026-09-25 16:39:47.848] [SFX] {"sound": "civ_move_1", "volume": 0.22}
[2026-09-25 16:39:48.066] [SFX] {"sound": "civ_move_2", "volume": 0.01}
[2026-09-25 16:39:48.117] [SFX] {"sound": "civ_move_2", "volume": 0.23}
[2026-09-25 16:39:48.167] [SFX] {"sound": "guardian_move", "volume": 0.15}
[2026-09-25 16:39:48.168] [SFX] {"sound": "civ_move_1", "volume": 0.07}
[2026-09-25 16:39:48.190] [SFX] {"sound": "civ_move_1", "volume": 0.15}
[2026-09-25 16:39:48.251] [SFX] {"sound": "civ_move_1", "volume": 0.21}
[2026-09-25 16:39:48.520] [SFX] {"sound": "civ_move_2", "volume": 0.24}
[2026-09-25 16:39:48.574] [SFX] {"sound": "civ_move_1", "volume": 0.08}
[2026-09-25 16:39:48.598] [SFX] {"sound": "civ_move_1", "volume": 0.14}
[2026-09-25 16:39:48.658] [SFX] {"sound": "civ_move_1", "volume": 0.13}
[2026-09-25 16:39:48.659] [SFX] {"sound": "civ_move_1", "volume": 0.21}
[2026-09-25 16:39:48.776] [SFX] {"sound": "guardian_move", "volume": 0.14}
[2026-09-25 16:39:48.925] [SFX] {"sound": "civ_move_2", "volume": 0.25}
[2026-09-25 16:39:48.974] [SFX] {"sound": "civ_move_1", "volume": 0.08}
[2026-09-25 16:39:49.007] [SFX] {"sound": "civ_move_1", "volume": 0.13}
[2026-09-25 16:39:49.073] [SFX] {"sound": "civ_move_1", "volume": 0.12}
[2026-09-25 16:39:49.073] [SFX] {"sound": "civ_move_1", "volume": 0.2}
[2026-09-25 16:39:49.339] [SFX] {"sound": "civ_move_2", "volume": 0.26}
[2026-09-25 16:39:49.389] [SFX] {"sound": "guardian_move", "volume": 0.14}
[2026-09-25 16:39:49.390] [SFX] {"sound": "civ_move_1", "volume": 0.09}
[2026-09-25 16:39:49.422] [SFX] {"sound": "civ_move_1", "volume": 0.12}
[2026-09-25 16:39:49.488] [SFX] {"sound": "civ_move_1", "volume": 0.11}
[2026-09-25 16:39:49.489] [SFX] {"sound": "civ_move_1", "volume": 0.19}
[2026-09-25 16:39:49.739] [SFX] {"sound": "civ_move_2", "volume": 0.27}
[2026-09-25 16:39:49.790] [SFX] {"sound": "civ_move_1", "volume": 0.1}
[2026-09-25 16:39:49.825] [SFX] {"sound": "civ_move_1", "volume": 0.12}
[2026-09-25 16:39:49.892] [SFX] {"sound": "civ_move_1", "volume": 0.1}
[2026-09-25 16:39:49.893] [SFX] {"sound": "civ_move_1", "volume": 0.18}
[2026-09-25 16:39:49.992] [SFX] {"sound": "guardian_move", "volume": 0.13}
[2026-09-25 16:39:50.148] [SFX] {"sound": "civ_move_2", "volume": 0.28}
[2026-09-25 16:39:50.193] [SFX] {"sound": "civ_move_1", "volume": 0.1}
[2026-09-25 16:39:50.227] [SFX] {"sound": "civ_move_1", "volume": 0.12}
[2026-09-25 16:39:50.295] [SFX] {"sound": "civ_move_1", "volume": 0.09}
[2026-09-25 16:39:50.296] [SFX] {"sound": "civ_move_1", "volume": 0.17}
[2026-09-25 16:39:50.564] [SFX] {"sound": "civ_move_2", "volume": 0.22}
[2026-09-25 16:39:50.597] [SFX] {"sound": "guardian_move", "volume": 0.11}
[2026-09-25 16:39:50.598] [SFX] {"sound": "civ_move_1", "volume": 0.11}
[2026-09-25 16:39:50.630] [SFX] {"sound": "civ_move_1", "volume": 0.12}
[2026-09-25 16:39:50.698] [SFX] {"sound": "civ_move_1", "volume": 0.08}
[2026-09-25 16:39:50.699] [SFX] {"sound": "civ_move_1", "volume": 0.16}
[2026-09-25 16:39:50.976] [SFX] {"sound": "civ_move_2", "volume": 0.22}
[2026-09-25 16:39:51.010] [SFX] {"sound": "civ_move_1", "volume": 0.11}
[2026-09-25 16:39:51.042] [SFX] {"sound": "civ_move_1", "volume": 0.12}
[2026-09-25 16:39:51.109] [SFX] {"sound": "civ_move_1", "volume": 0.07}
[2026-09-25 16:39:51.110] [SFX] {"sound": "civ_move_1", "volume": 0.15}
[2026-09-25 16:39:51.208] [SFX] {"sound": "guardian_move", "volume": 0.1}
[2026-09-25 16:39:51.391] [SFX] {"sound": "civ_move_2", "volume": 0.21}
[2026-09-25 16:39:51.425] [SFX] {"sound": "civ_move_1", "volume": 0.11}
[2026-09-25 16:39:51.459] [SFX] {"sound": "civ_move_1", "volume": 0.12}
[2026-09-25 16:39:51.525] [SFX] {"sound": "civ_move_1", "volume": 0.05}
[2026-09-25 16:39:51.526] [SFX] {"sound": "civ_move_1", "volume": 0.14}
[2026-09-25 16:39:51.792] [SFX] {"sound": "civ_move_2", "volume": 0.2}
[2026-09-25 16:39:51.815] [SFX] {"sound": "guardian_move", "volume": 0.09}
[2026-09-25 16:39:51.833] [SFX] {"sound": "civ_move_1", "volume": 0.12}
[2026-09-25 16:39:51.861] [SFX] {"sound": "civ_move_1", "volume": 0.11}
[2026-09-25 16:39:51.930] [SFX] {"sound": "civ_move_1", "volume": 0.04}
[2026-09-25 16:39:51.930] [SFX] {"sound": "civ_move_1", "volume": 0.13}
[2026-09-25 16:39:52.197] [SFX] {"sound": "civ_move_2", "volume": 0.19}
[2026-09-25 16:39:52.232] [SFX] {"sound": "civ_move_1", "volume": 0.12}
[2026-09-25 16:39:52.265] [SFX] {"sound": "civ_move_1", "volume": 0.11}
[2026-09-25 16:39:52.332] [SFX] {"sound": "civ_move_1", "volume": 0.03}
[2026-09-25 16:39:52.333] [SFX] {"sound": "civ_move_1", "volume": 0.12}
[2026-09-25 16:39:52.415] [SFX] {"sound": "guardian_move", "volume": 0.07}
[2026-09-25 16:39:52.599] [SFX] {"sound": "civ_move_2", "volume": 0.19}
[2026-09-25 16:39:52.624] [SFX] {"sound": "civ_move_1", "volume": 0.0}
[2026-09-25 16:39:52.644] [SFX] {"sound": "civ_move_1", "volume": 0.11}
[2026-09-25 16:39:52.739] [SFX] {"sound": "civ_move_1", "volume": 0.02}
[2026-09-25 16:39:52.740] [SFX] {"sound": "civ_move_1", "volume": 0.11}
[2026-09-25 16:39:53.008] [SFX] {"sound": "civ_move_2", "volume": 0.18}
[2026-09-25 16:39:53.030] [SFX] {"sound": "guardian_move", "volume": 0.06}
[2026-09-25 16:39:53.031] [SFX] {"sound": "civ_move_1", "volume": 0.01}
[2026-09-25 16:39:53.050] [SFX] {"sound": "civ_move_1", "volume": 0.1}
[2026-09-25 16:39:53.144] [SFX] {"sound": "civ_move_1", "volume": 0.01}
[2026-09-25 16:39:53.145] [SFX] {"sound": "civ_move_1", "volume": 0.09}
[2026-09-25 16:39:53.179] [SFX] {"sound": "civ_move_2", "volume": 0.21}
[2026-09-25 16:39:53.411] [SFX] {"sound": "civ_move_2", "volume": 0.17}
[2026-09-25 16:39:53.436] [SFX] {"sound": "civ_move_1", "volume": 0.01}
[2026-09-25 16:39:53.453] [SFX] {"sound": "civ_move_1", "volume": 0.09}
[2026-09-25 16:39:53.480] [SFX] {"sound": "civ_move_1", "volume": 0.1}
[2026-09-25 16:39:53.548] [SFX] {"sound": "civ_move_1", "volume": 0.08}
[2026-09-25 16:39:53.581] [SFX] {"sound": "civ_move_2", "volume": 0.22}
[2026-09-25 16:39:53.631] [SFX] {"sound": "guardian_move", "volume": 0.04}
[2026-09-25 16:39:53.815] [SFX] {"sound": "civ_move_2", "volume": 0.16}
[2026-09-25 16:39:53.839] [SFX] {"sound": "civ_move_1", "volume": 0.02}
[2026-09-25 16:39:53.856] [SFX] {"sound": "civ_move_1", "volume": 0.08}
[2026-09-25 16:39:53.886] [SFX] {"sound": "civ_move_1", "volume": 0.09}
[2026-09-25 16:39:53.950] [SFX] {"sound": "civ_move_1", "volume": 0.07}
[2026-09-25 16:39:53.985] [SFX] {"sound": "civ_move_2", "volume": 0.22}
[2026-09-25 16:39:54.216] [SFX] {"sound": "civ_move_2", "volume": 0.15}
[2026-09-25 16:39:54.240] [SFX] {"sound": "guardian_move", "volume": 0.03}
[2026-09-25 16:39:54.240] [SFX] {"sound": "civ_move_1", "volume": 0.02}
[2026-09-25 16:39:54.270] [SFX] {"sound": "civ_move_1", "volume": 0.07}
[2026-09-25 16:39:54.292] [SFX] {"sound": "civ_move_1", "volume": 0.09}
[2026-09-25 16:39:54.355] [SFX] {"sound": "civ_move_1", "volume": 0.06}
[2026-09-25 16:39:54.389] [SFX] {"sound": "civ_move_2", "volume": 0.22}
[2026-09-25 16:39:54.627] [SFX] {"sound": "civ_move_2", "volume": 0.14}
[2026-09-25 16:39:54.650] [SFX] {"sound": "civ_move_1", "volume": 0.03}
[2026-09-25 16:39:54.678] [SFX] {"sound": "civ_move_1", "volume": 0.07}
[2026-09-25 16:39:54.703] [SFX] {"sound": "civ_move_1", "volume": 0.08}
[2026-09-25 16:39:54.765] [SFX] {"sound": "civ_move_1", "volume": 0.05}
[2026-09-25 16:39:54.797] [SFX] {"sound": "civ_move_2", "volume": 0.22}
[2026-09-25 16:39:54.846] [SFX] {"sound": "guardian_move", "volume": 0.01}
[2026-09-25 16:39:55.028] [SFX] {"sound": "civ_move_2", "volume": 0.13}
[2026-09-25 16:39:55.051] [SFX] {"sound": "civ_move_1", "volume": 0.03}
[2026-09-25 16:39:55.079] [SFX] {"sound": "civ_move_1", "volume": 0.06}
[2026-09-25 16:39:55.101] [SFX] {"sound": "civ_move_1", "volume": 0.07}
[2026-09-25 16:39:55.179] [SFX] {"sound": "civ_move_1", "volume": 0.04}
[2026-09-25 16:39:55.214] [SFX] {"sound": "civ_move_2", "volume": 0.22}
[2026-09-25 16:39:55.430] [SFX] {"sound": "civ_move_2", "volume": 0.12}
[2026-09-25 16:39:55.454] [SFX] {"sound": "civ_move_1", "volume": 0.04}
[2026-09-25 16:39:55.483] [SFX] {"sound": "civ_move_1", "volume": 0.05}
[2026-09-25 16:39:55.507] [SFX] {"sound": "civ_move_1", "volume": 0.07}
[2026-09-25 16:39:55.584] [SFX] {"sound": "civ_move_1", "volume": 0.03}
[2026-09-25 16:39:55.619] [SFX] {"sound": "civ_move_2", "volume": 0.22}
[2026-09-25 16:39:55.835] [SFX] {"sound": "civ_move_2", "volume": 0.11}
[2026-09-25 16:39:55.860] [SFX] {"sound": "civ_move_1", "volume": 0.04}
[2026-09-25 16:39:55.888] [SFX] {"sound": "civ_move_1", "volume": 0.05}
[2026-09-25 16:39:55.912] [SFX] {"sound": "civ_move_1", "volume": 0.06}
[2026-09-25 16:39:55.991] [SFX] {"sound": "civ_move_1", "volume": 0.01}
[2026-09-25 16:39:56.029] [SFX] {"sound": "civ_move_2", "volume": 0.23}
[2026-09-25 16:39:56.249] [SFX] {"sound": "civ_move_2", "volume": 0.1}
[2026-09-25 16:39:56.273] [SFX] {"sound": "civ_move_1", "volume": 0.04}
[2026-09-25 16:39:56.316] [SFX] {"sound": "civ_move_1", "volume": 0.05}
[2026-09-25 16:39:56.401] [SFX] {"sound": "civ_move_1", "volume": 0.0}
[2026-09-25 16:39:56.436] [SFX] {"sound": "civ_move_2", "volume": 0.24}
[2026-09-25 16:39:56.657] [SFX] {"sound": "civ_move_2", "volume": 0.09}
[2026-09-25 16:39:56.679] [SFX] {"sound": "civ_move_1", "volume": 0.04}
[2026-09-25 16:39:56.726] [SFX] {"sound": "civ_move_1", "volume": 0.05}
[2026-09-25 16:39:56.844] [SFX] {"sound": "civ_move_2", "volume": 0.25}
[2026-09-25 16:39:57.064] [SFX] {"sound": "civ_move_2", "volume": 0.08}
[2026-09-25 16:39:57.089] [SFX] {"sound": "civ_move_1", "volume": 0.05}
[2026-09-25 16:39:57.115] [SFX] {"sound": "civ_move_1", "volume": 0.04}
[2026-09-25 16:39:57.249] [SFX] {"sound": "civ_move_2", "volume": 0.26}
[2026-09-25 16:39:57.465] [SFX] {"sound": "civ_move_2", "volume": 0.07}
[2026-09-25 16:39:57.490] [SFX] {"sound": "civ_move_1", "volume": 0.05}
[2026-09-25 16:39:57.518] [SFX] {"sound": "civ_move_1", "volume": 0.04}
[2026-09-25 16:39:57.542] [SFX] {"sound": "civ_move_1", "volume": 0.03}
[2026-09-25 16:39:57.654] [SFX] {"sound": "civ_move_2", "volume": 0.27}
[2026-09-25 16:39:57.876] [SFX] {"sound": "civ_move_2", "volume": 0.06}
[2026-09-25 16:39:57.898] [SFX] {"sound": "civ_move_1", "volume": 0.05}
[2026-09-25 16:39:57.926] [SFX] {"sound": "civ_move_1", "volume": 0.03}
[2026-09-25 16:39:57.927] [SFX] {"sound": "civ_move_1", "volume": 0.01}
[2026-09-25 16:39:57.957] [SFX] {"sound": "civ_move_1", "volume": 0.02}
[2026-09-25 16:39:58.036] [SFX] {"sound": "guardian_move", "volume": 0.0}
[2026-09-25 16:39:58.071] [SFX] {"sound": "civ_move_2", "volume": 0.28}
[2026-09-25 16:39:58.288] [SFX] {"sound": "civ_move_2", "volume": 0.05}
[2026-09-25 16:39:58.312] [SFX] {"sound": "civ_move_1", "volume": 0.06}
[2026-09-25 16:39:58.340] [SFX] {"sound": "civ_move_1", "volume": 0.03}
[2026-09-25 16:39:58.341] [SFX] {"sound": "civ_move_1", "volume": 0.02}
[2026-09-25 16:39:58.364] [SFX] {"sound": "civ_move_1", "volume": 0.01}
[2026-09-25 16:39:58.478] [SFX] {"sound": "civ_move_2", "volume": 0.27}
[2026-09-25 16:39:58.645] [SFX] {"sound": "guardian_move", "volume": 0.02}
[2026-09-25 16:39:58.695] [SFX] {"sound": "civ_move_2", "volume": 0.05}
[2026-09-25 16:39:58.719] [SFX] {"sound": "civ_move_1", "volume": 0.07}
[2026-09-25 16:39:58.747] [SFX] {"sound": "civ_move_1", "volume": 0.02}
[2026-09-25 16:39:58.773] [SFX] {"sound": "civ_move_1", "volume": 0.01}
[2026-09-25 16:39:58.885] [SFX] {"sound": "civ_move_2", "volume": 0.26}
[2026-09-25 16:39:59.102] [SFX] {"sound": "civ_move_2", "volume": 0.04}
[2026-09-25 16:39:59.123] [SFX] {"sound": "civ_move_1", "volume": 0.08}
[2026-09-25 16:39:59.152] [SFX] {"sound": "civ_move_1", "volume": 0.02}
[2026-09-25 16:39:59.153] [SFX] {"sound": "civ_move_1", "volume": 0.03}
[2026-09-25 16:39:59.177] [SFX] {"sound": "civ_move_1", "volume": 0.0}
[2026-09-25 16:39:59.254] [SFX] {"sound": "guardian_move", "volume": 0.05}
[2026-09-25 16:39:59.288] [SFX] {"sound": "civ_move_2", "volume": 0.24}
[2026-09-25 16:39:59.508] [SFX] {"sound": "civ_move_2", "volume": 0.04}
[2026-09-25 16:39:59.531] [SFX] {"sound": "civ_move_1", "volume": 0.09}
[2026-09-25 16:39:59.566] [SFX] {"sound": "civ_move_1", "volume": 0.01}
[2026-09-25 16:39:59.567] [SFX] {"sound": "civ_move_1", "volume": 0.04}
[2026-09-25 16:39:59.698] [SFX] {"sound": "civ_move_2", "volume": 0.23}
[2026-09-25 16:39:59.866] [SFX] {"sound": "guardian_move", "volume": 0.07}
[2026-09-25 16:39:59.916] [SFX] {"sound": "civ_move_2", "volume": 0.04}
[2026-09-25 16:39:59.939] [SFX] {"sound": "civ_move_1", "volume": 0.1}
[2026-09-25 16:39:59.970] [SFX] {"sound": "civ_move_1", "volume": 0.01}
[2026-09-25 16:39:59.971] [SFX] {"sound": "civ_move_1", "volume": 0.05}
[2026-09-25 16:40:00.104] [SFX] {"sound": "civ_move_2", "volume": 0.22}
[2026-09-25 16:40:00.322] [SFX] {"sound": "civ_move_2", "volume": 0.04}
[2026-09-25 16:40:00.346] [SFX] {"sound": "civ_move_1", "volume": 0.11}
[2026-09-25 16:40:00.379] [SFX] {"sound": "civ_move_1", "volume": 0.0}
[2026-09-25 16:40:00.380] [SFX] {"sound": "civ_move_1", "volume": 0.06}
[2026-09-25 16:40:00.481] [SFX] {"sound": "guardian_move", "volume": 0.1}
[2026-09-25 16:40:00.515] [SFX] {"sound": "civ_move_2", "volume": 0.21}
[2026-09-25 16:40:00.733] [SFX] {"sound": "civ_move_2", "volume": 0.03}
[2026-09-25 16:40:00.757] [SFX] {"sound": "civ_move_1", "volume": 0.12}
[2026-09-25 16:40:00.788] [SFX] {"sound": "civ_move_1", "volume": 0.06}
[2026-09-25 16:40:00.923] [SFX] {"sound": "civ_move_2", "volume": 0.19}
[2026-09-25 16:40:01.089] [SFX] {"sound": "guardian_move", "volume": 0.12}
[2026-09-25 16:40:01.140] [SFX] {"sound": "civ_move_2", "volume": 0.03}
[2026-09-25 16:40:01.163] [SFX] {"sound": "civ_move_1", "volume": 0.13}
[2026-09-25 16:40:01.196] [SFX] {"sound": "civ_move_1", "volume": 0.07}
[2026-09-25 16:40:01.331] [SFX] {"sound": "civ_move_2", "volume": 0.18}
[2026-09-25 16:40:01.548] [SFX] {"sound": "civ_move_2", "volume": 0.03}
[2026-09-25 16:40:01.573] [SFX] {"sound": "civ_move_1", "volume": 0.14}
[2026-09-25 16:40:01.602] [SFX] {"sound": "civ_move_1", "volume": 0.08}
[2026-09-25 16:40:01.702] [SFX] {"sound": "guardian_move", "volume": 0.15}
[2026-09-25 16:40:01.737] [SFX] {"sound": "civ_move_2", "volume": 0.17}
[2026-09-25 16:40:01.953] [SFX] {"sound": "civ_move_2", "volume": 0.02}
[2026-09-25 16:40:01.977] [SFX] {"sound": "civ_move_1", "volume": 0.15}
[2026-09-25 16:40:02.007] [SFX] {"sound": "civ_move_1", "volume": 0.08}
[2026-09-25 16:40:02.145] [SFX] {"sound": "civ_move_2", "volume": 0.16}
[2026-09-25 16:40:02.311] [SFX] {"sound": "guardian_move", "volume": 0.17}
[2026-09-25 16:40:02.363] [SFX] {"sound": "civ_move_2", "volume": 0.02}
[2026-09-25 16:40:02.387] [SFX] {"sound": "civ_move_1", "volume": 0.16}
[2026-09-25 16:40:02.415] [SFX] {"sound": "civ_move_1", "volume": 0.09}
[2026-09-25 16:40:02.547] [SFX] {"sound": "civ_move_2", "volume": 0.15}
[2026-09-25 16:40:02.766] [SFX] {"sound": "civ_move_2", "volume": 0.01}
[2026-09-25 16:40:02.790] [SFX] {"sound": "civ_move_1", "volume": 0.17}
[2026-09-25 16:40:02.818] [SFX] {"sound": "civ_move_1", "volume": 0.09}
[2026-09-25 16:40:02.918] [SFX] {"sound": "guardian_move", "volume": 0.2}
[2026-09-25 16:40:02.951] [SFX] {"sound": "civ_move_2", "volume": 0.13}
[2026-09-25 16:40:03.170] [SFX] {"sound": "civ_move_2", "volume": 0.01}
[2026-09-25 16:40:03.195] [SFX] {"sound": "civ_move_1", "volume": 0.18}
[2026-09-25 16:40:03.224] [SFX] {"sound": "civ_move_1", "volume": 0.1}
[2026-09-25 16:40:03.358] [SFX] {"sound": "civ_move_2", "volume": 0.12}
[2026-09-25 16:40:03.526] [SFX] {"sound": "guardian_move", "volume": 0.22}
[2026-09-25 16:40:03.578] [SFX] {"sound": "civ_move_2", "volume": 0.0}
[2026-09-25 16:40:03.603] [SFX] {"sound": "civ_move_1", "volume": 0.19}
[2026-09-25 16:40:03.633] [SFX] {"sound": "civ_move_1", "volume": 0.1}
[2026-09-25 16:40:03.767] [SFX] {"sound": "civ_move_2", "volume": 0.11}
[2026-09-25 16:40:04.001] [SFX] {"sound": "civ_move_1", "volume": 0.2}
[2026-09-25 16:40:04.037] [SFX] {"sound": "civ_move_1", "volume": 0.11}
[2026-09-25 16:40:04.140] [SFX] {"sound": "guardian_move", "volume": 0.24}
[2026-09-25 16:40:04.179] [SFX] {"sound": "civ_move_2", "volume": 0.1}
[2026-09-25 16:40:04.412] [SFX] {"sound": "civ_move_1", "volume": 0.21}
[2026-09-25 16:40:04.450] [SFX] {"sound": "civ_move_1", "volume": 0.11}
[2026-09-25 16:40:04.584] [SFX] {"sound": "civ_move_2", "volume": 0.08}
[2026-09-25 16:40:04.756] [SFX] {"sound": "guardian_move", "volume": 0.27}
[2026-09-25 16:40:04.824] [SFX] {"sound": "civ_move_1", "volume": 0.21}
[2026-09-25 16:40:04.857] [SFX] {"sound": "civ_move_1", "volume": 0.12}
[2026-09-25 16:40:04.989] [SFX] {"sound": "civ_move_2", "volume": 0.07}
[2026-09-25 16:40:05.239] [SFX] {"sound": "civ_move_1", "volume": 0.22}
[2026-09-25 16:40:05.264] [SFX] {"sound": "civ_move_1", "volume": 0.12}
[2026-09-25 16:40:05.360] [SFX] {"sound": "guardian_move", "volume": 0.29}
[2026-09-25 16:40:05.396] [SFX] {"sound": "civ_move_2", "volume": 0.06}
[2026-09-25 16:40:05.645] [SFX] {"sound": "civ_move_1", "volume": 0.28}
[2026-09-25 16:40:05.670] [SFX] {"sound": "civ_move_1", "volume": 0.12}
[2026-09-25 16:40:05.797] [SFX] {"sound": "civ_move_2", "volume": 0.05}
[2026-09-25 16:40:05.964] [SFX] {"sound": "guardian_move", "volume": 0.32}
[2026-09-25 16:40:06.046] [SFX] {"sound": "civ_move_1", "volume": 0.27}
[2026-09-25 16:40:06.070] [SFX] {"sound": "civ_move_1", "volume": 0.13}
[2026-09-25 16:40:06.200] [SFX] {"sound": "civ_move_2", "volume": 0.04}
[2026-09-25 16:40:06.451] [SFX] {"sound": "civ_move_1", "volume": 0.27}
[2026-09-25 16:40:06.476] [SFX] {"sound": "civ_move_1", "volume": 0.14}
[2026-09-25 16:40:06.562] [JACK] Hörst du das Wummern? Sentinels in der Nähe... Bloß keinen falschen Schritt machen!
[2026-09-25 16:40:06.582] [SFX] {"sound": "guardian_move", "volume": 0.34}
[2026-09-25 16:40:06.610] [SFX] {"sound": "civ_move_2", "volume": 0.02}
[2026-09-25 16:40:06.864] [SFX] {"sound": "civ_move_1", "volume": 0.26}
[2026-09-25 16:40:06.888] [SFX] {"sound": "civ_move_1", "volume": 0.15}
[2026-09-25 16:40:07.021] [SFX] {"sound": "civ_move_2", "volume": 0.01}
[2026-09-25 16:40:07.173] [SFX] {"sound": "guardian_move", "volume": 0.36}
[2026-09-25 16:40:07.274] [SFX] {"sound": "civ_move_1", "volume": 0.25}
[2026-09-25 16:40:07.298] [SFX] {"sound": "civ_move_1", "volume": 0.16}
[2026-09-25 16:40:07.492] [M] {"button": 1, "pos": [297, 239], "ui_clicked": false}
[2026-09-25 16:40:07.502] [P] {"start": [179, 78], "goal": [176, 85], "length": 2, "is_direction_change": false}
[2026-09-25 16:40:07.503] [SFX] {"sound": "click_target", "volume": 0.64}
[2026-09-25 16:40:07.655] [SFX] {"sound": "threat_pulse", "volume": 0.34}
[2026-09-25 16:40:07.689] [SFX] {"sound": "civ_move_1", "volume": 0.23}
[2026-09-25 16:40:07.714] [SFX] {"sound": "civ_move_1", "volume": 0.18}
[2026-09-25 16:40:07.774] [SFX] {"sound": "guardian_move", "volume": 0.38}
[2026-09-25 16:40:07.798] [SFX] {"sound": "player_move", "volume": 0.4}
[2026-09-25 16:40:07.829] [SFX] {"sound": "civ_move_2", "volume": 0.01}
[2026-09-25 16:40:08.010] [C] {"civ_pos": [176, 87]}
[2026-09-25 16:40:08.100] [SFX] {"sound": "civ_move_1", "volume": 0.17}
[2026-09-25 16:40:08.124] [SFX] {"sound": "civ_move_1", "volume": 0.23}
[2026-09-25 16:40:08.389] [SFX] {"sound": "guardian_move", "volume": 0.36}
[2026-09-25 16:40:08.422] [SFX] {"sound": "civ_move_2", "volume": 0.02}
[2026-09-25 16:40:08.508] [M] {"button": 1, "pos": [324, 248], "ui_clicked": false}
[2026-09-25 16:40:08.516] [SFX] {"sound": "civ_move_1", "volume": 0.17}
[2026-09-25 16:40:08.517] [P] {"start": [176, 85], "goal": [176, 93], "length": 1, "is_direction_change": false}
[2026-09-25 16:40:08.517] [SFX] {"sound": "click_target", "volume": 0.63}
[2026-09-25 16:40:08.541] [JACK] Verdammt, die Sentinels kreisen um uns... Ich habe echte Angst, ertappt zu werden!
[2026-09-25 16:40:08.542] [SFX] {"sound": "civ_move_1", "volume": 0.24}
[2026-09-25 16:40:08.569] [SFX] {"sound": "threat_pulse", "volume": 0.34}
[2026-09-25 16:40:08.606] [SFX] {"sound": "player_move", "volume": 0.4}
[2026-09-25 16:40:08.823] [SFX] {"sound": "civ_move_2", "volume": 0.02}
[2026-09-25 16:40:08.907] [SFX] {"sound": "player_move", "volume": 0.4}
[2026-09-25 16:40:08.930] [SFX] {"sound": "civ_move_1", "volume": 0.11}
[2026-09-25 16:40:08.950] [SFX] {"sound": "civ_move_1", "volume": 0.23}
[2026-09-25 16:40:09.015] [SFX] {"sound": "guardian_move", "volume": 0.3}
[2026-09-25 16:40:09.232] [SFX] {"sound": "civ_move_2", "volume": 0.02}
[2026-09-25 16:40:09.333] [SFX] {"sound": "civ_move_1", "volume": 0.11}
[2026-09-25 16:40:09.358] [SFX] {"sound": "civ_move_1", "volume": 0.22}
[2026-09-25 16:40:09.621] [SFX] {"sound": "guardian_move", "volume": 0.33}
[2026-09-25 16:40:09.647] [SFX] {"sound": "civ_move_2", "volume": 0.03}
[2026-09-25 16:40:09.744] [SFX] {"sound": "civ_move_1", "volume": 0.11}
[2026-09-25 16:40:09.768] [SFX] {"sound": "civ_move_1", "volume": 0.21}
[2026-09-25 16:40:10.049] [SFX] {"sound": "civ_move_2", "volume": 0.05}
[2026-09-25 16:40:10.150] [SFX] {"sound": "civ_move_1", "volume": 0.1}
[2026-09-25 16:40:10.176] [SFX] {"sound": "civ_move_1", "volume": 0.2}
[2026-09-25 16:40:10.223] [SFX] {"sound": "guardian_move", "volume": 0.35}
[2026-09-25 16:40:10.246] [SFX] {"sound": "threat_pulse", "volume": 0.3}
[2026-09-25 16:40:10.441] [SFX] {"sound": "civ_move_2", "volume": 0.0}
[2026-09-25 16:40:10.466] [SFX] {"sound": "civ_move_2", "volume": 0.06}
[2026-09-25 16:40:10.566] [SFX] {"sound": "civ_move_1", "volume": 0.1}
[2026-09-25 16:40:10.589] [SFX] {"sound": "civ_move_1", "volume": 0.18}
[2026-09-25 16:40:10.830] [SFX] {"sound": "guardian_move", "volume": 0.37}
[2026-09-25 16:40:10.855] [SFX] {"sound": "civ_move_2", "volume": 0.01}
[2026-09-25 16:40:10.877] [SFX] {"sound": "civ_move_2", "volume": 0.07}
[2026-09-25 16:40:10.978] [SFX] {"sound": "civ_move_1", "volume": 0.09}
[2026-09-25 16:40:11.001] [SFX] {"sound": "civ_move_1", "volume": 0.17}
[2026-09-25 16:40:11.144] [SFX] {"sound": "threat_pulse", "volume": 0.35}
[2026-09-25 16:40:11.262] [SFX] {"sound": "civ_move_2", "volume": 0.02}
[2026-09-25 16:40:11.287] [SFX] {"sound": "civ_move_2", "volume": 0.08}
[2026-09-25 16:40:11.384] [SFX] {"sound": "civ_move_1", "volume": 0.09}
[2026-09-25 16:40:11.409] [SFX] {"sound": "civ_move_1", "volume": 0.16}
[2026-09-25 16:40:11.438] [SFX] {"sound": "guardian_move", "volume": 0.4}
[2026-09-25 16:40:11.506] [SFX] {"sound": "civ_move_1", "volume": 0.01}
[2026-09-25 16:40:11.671] [SFX] {"sound": "civ_move_2", "volume": 0.03}
[2026-09-25 16:40:11.695] [SFX] {"sound": "civ_move_2", "volume": 0.09}
[2026-09-25 16:40:11.791] [SFX] {"sound": "civ_move_1", "volume": 0.08}
[2026-09-25 16:40:11.816] [SFX] {"sound": "civ_move_1", "volume": 0.15}
[2026-09-25 16:40:11.909] [SFX] {"sound": "civ_move_1", "volume": 0.02}
[2026-09-25 16:40:12.046] [SFX] {"sound": "threat_pulse", "volume": 0.42}
[2026-09-25 16:40:12.080] [SFX] {"sound": "guardian_move", "volume": 0.32}
[2026-09-25 16:40:12.081] [SFX] {"sound": "civ_move_2", "volume": 0.04}
[2026-09-25 16:40:12.104] [SFX] {"sound": "civ_move_2", "volume": 0.1}
[2026-09-25 16:40:12.198] [SFX] {"sound": "civ_move_1", "volume": 0.08}
[2026-09-25 16:40:12.222] [SFX] {"sound": "civ_move_1", "volume": 0.13}
[2026-09-25 16:40:12.316] [SFX] {"sound": "civ_move_1", "volume": 0.02}
[2026-09-25 16:40:12.482] [SFX] {"sound": "civ_move_2", "volume": 0.05}
[2026-09-25 16:40:12.507] [SFX] {"sound": "civ_move_2", "volume": 0.11}
[2026-09-25 16:40:12.603] [SFX] {"sound": "civ_move_1", "volume": 0.07}
[2026-09-25 16:40:12.627] [SFX] {"sound": "civ_move_1", "volume": 0.12}
[2026-09-25 16:40:12.638] [M] {"button": 1, "pos": [327, 254], "ui_clicked": false}
[2026-09-25 16:40:12.647] [P] {"start": [176, 93], "goal": [176, 102], "length": 1, "is_direction_change": false}
[2026-09-25 16:40:12.648] [SFX] {"sound": "click_target", "volume": 0.61}
[2026-09-25 16:40:12.672] [JACK] Diese Bedrohung ist greifbar... Die Wachen dürfen unser Signal nicht isolieren.
[2026-09-25 16:40:12.702] [SFX] {"sound": "guardian_move", "volume": 0.4}
[2026-09-25 16:40:12.726] [SFX] {"sound": "civ_move_1", "volume": 0.03}
[2026-09-25 16:40:12.859] [SFX] {"sound": "threat_pulse", "volume": 0.48}
[2026-09-25 16:40:12.893] [SFX] {"sound": "civ_move_2", "volume": 0.03}
[2026-09-25 16:40:12.917] [SFX] {"sound": "civ_move_2", "volume": 0.09}
[2026-09-25 16:40:12.950] [SFX] {"sound": "player_move", "volume": 0.4}
[2026-09-25 16:40:13.008] [SFX] {"sound": "civ_move_1", "volume": 0.02}
[2026-09-25 16:40:13.034] [SFX] {"sound": "civ_move_1", "volume": 0.01}
[2026-09-25 16:40:13.035] [SFX] {"sound": "civ_move_1", "volume": 0.05}
[2026-09-25 16:40:13.065] [SFX] {"sound": "guardian_move", "volume": 0.03}
[2026-09-25 16:40:13.309] [SFX] {"sound": "civ_move_2", "volume": 0.01}
[2026-09-25 16:40:13.333] [SFX] {"sound": "guardian_move", "volume": 0.34}
[2026-09-25 16:40:13.334] [SFX] {"sound": "civ_move_2", "volume": 0.08}
[2026-09-25 16:40:13.414] [SFX] {"sound": "civ_move_1", "volume": 0.0}
[2026-09-25 16:40:13.438] [SFX] {"sound": "civ_move_1", "volume": 0.02}
[2026-09-25 16:40:13.439] [SFX] {"sound": "civ_move_1", "volume": 0.04}
[2026-09-25 16:40:13.473] [SFX] {"sound": "threat_pulse", "volume": 0.46}
[2026-09-25 16:40:13.574] [M] {"button": 1, "pos": [327, 254], "ui_clicked": false}
[2026-09-25 16:40:13.584] [P] {"start": [176, 102], "goal": [176, 110], "length": 1, "is_direction_change": false}
[2026-09-25 16:40:13.585] [SFX] {"sound": "click_target", "volume": 0.62}
[2026-09-25 16:40:13.610] [JACK] Überall Wacheinheiten... Ihr bedrohliches Summen brennt sich ins Deck.
[2026-09-25 16:40:13.677] [SFX] {"sound": "guardian_move", "volume": 0.03}
[2026-09-25 16:40:13.730] [SFX] {"sound": "civ_move_2", "volume": 0.07}
[2026-09-25 16:40:13.756] [SFX] {"sound": "player_move", "volume": 0.4}
[2026-09-25 16:40:13.852] [SFX] {"sound": "civ_move_1", "volume": 0.04}
[2026-09-25 16:40:13.942] [SFX] {"sound": "guardian_move", "volume": 0.29}
[2026-09-25 16:40:14.145] [SFX] {"sound": "civ_move_2", "volume": 0.04}
[2026-09-25 16:40:14.178] [SFX] {"sound": "threat_pulse", "volume": 0.43}
[2026-09-25 16:40:14.262] [SFX] {"sound": "civ_move_1", "volume": 0.04}
[2026-09-25 16:40:14.287] [SFX] {"sound": "guardian_move", "volume": 0.04}
[2026-09-25 16:40:14.546] [SFX] {"sound": "guardian_move", "volume": 0.28}
[2026-09-25 16:40:14.546] [SFX] {"sound": "civ_move_2", "volume": 0.04}
[2026-09-25 16:40:14.667] [SFX] {"sound": "civ_move_1", "volume": 0.04}
[2026-09-25 16:40:14.883] [SFX] {"sound": "guardian_move", "volume": 0.03}
[2026-09-25 16:40:14.884] [SFX] {"sound": "threat_pulse", "volume": 0.39}
[2026-09-25 16:40:14.949] [SFX] {"sound": "civ_move_2", "volume": 0.05}
[2026-09-25 16:40:15.068] [SFX] {"sound": "civ_move_1", "volume": 0.04}
[2026-09-25 16:40:15.152] [SFX] {"sound": "guardian_move", "volume": 0.27}
[2026-09-25 16:40:15.350] [SFX] {"sound": "civ_move_2", "volume": 0.05}
[2026-09-25 16:40:15.484] [SFX] {"sound": "guardian_move", "volume": 0.03}
[2026-09-25 16:40:15.484] [SFX] {"sound": "civ_move_1", "volume": 0.04}
[2026-09-25 16:40:15.689] [SFX] {"sound": "threat_pulse", "volume": 0.35}
[2026-09-25 16:40:15.758] [SFX] {"sound": "guardian_move", "volume": 0.26}
[2026-09-25 16:40:15.759] [SFX] {"sound": "civ_move_2", "volume": 0.05}
[2026-09-25 16:40:15.893] [SFX] {"sound": "civ_move_1", "volume": 0.04}
[2026-09-25 16:40:16.090] [SFX] {"sound": "guardian_move", "volume": 0.03}
[2026-09-25 16:40:16.175] [SFX] {"sound": "civ_move_2", "volume": 0.06}
[2026-09-25 16:40:16.293] [SFX] {"sound": "civ_move_1", "volume": 0.03}
[2026-09-25 16:40:16.359] [SFX] {"sound": "guardian_move", "volume": 0.24}
[2026-09-25 16:40:16.590] [SFX] {"sound": "civ_move_2", "volume": 0.06}
[2026-09-25 16:40:16.590] [SFX] {"sound": "threat_pulse", "volume": 0.31}
[2026-09-25 16:40:16.693] [SFX] {"sound": "guardian_move", "volume": 0.05}
[2026-09-25 16:40:16.717] [SFX] {"sound": "civ_move_1", "volume": 0.02}
[2026-09-25 16:40:16.963] [SFX] {"sound": "guardian_move", "volume": 0.22}
[2026-09-25 16:40:16.979] [M] {"button": 1, "pos": [327, 254], "ui_clicked": false}
[2026-09-25 16:40:16.998] [SFX] {"sound": "civ_move_2", "volume": 0.06}
[2026-09-25 16:40:17.116] [SFX] {"sound": "civ_move_1", "volume": 0.02}
[2026-09-25 16:40:17.298] [SFX] {"sound": "guardian_move", "volume": 0.07}
[2026-09-25 16:40:17.398] [SFX] {"sound": "civ_move_2", "volume": 0.06}
[2026-09-25 16:40:17.530] [SFX] {"sound": "civ_move_1", "volume": 0.02}
[2026-09-25 16:40:17.565] [SFX] {"sound": "guardian_move", "volume": 0.21}
[2026-09-25 16:40:17.667] [M] {"button": 1, "pos": [327, 240], "ui_clicked": false}
[2026-09-25 16:40:17.802] [SFX] {"sound": "civ_move_2", "volume": 0.05}
[2026-09-25 16:40:17.909] [SFX] {"sound": "guardian_move", "volume": 0.1}
[2026-09-25 16:40:17.943] [SFX] {"sound": "civ_move_1", "volume": 0.03}
[2026-09-25 16:40:18.177] [SFX] {"sound": "guardian_move", "volume": 0.19}
[2026-09-25 16:40:18.213] [SFX] {"sound": "civ_move_2", "volume": 0.04}
[2026-09-25 16:40:18.346] [SFX] {"sound": "civ_move_1", "volume": 0.04}
[2026-09-25 16:40:18.511] [SFX] {"sound": "guardian_move", "volume": 0.12}
[2026-09-25 16:40:18.578] [SFX] {"sound": "civ_move_2", "volume": 0.0}
[2026-09-25 16:40:18.613] [SFX] {"sound": "civ_move_2", "volume": 0.03}
[2026-09-25 16:40:18.761] [SFX] {"sound": "civ_move_1", "volume": 0.05}
[2026-09-25 16:40:18.786] [SFX] {"sound": "guardian_move", "volume": 0.17}
[2026-09-25 16:40:18.797] [M] {"button": 1, "pos": [323, 213], "ui_clicked": false}
[2026-09-25 16:40:18.898] [SFX] {"sound": "civ_move_2", "volume": 0.01}
[2026-09-25 16:40:19.018] [SFX] {"sound": "civ_move_2", "volume": 0.02}
[2026-09-25 16:40:19.117] [SFX] {"sound": "guardian_move", "volume": 0.14}
[2026-09-25 16:40:19.168] [SFX] {"sound": "civ_move_1", "volume": 0.05}
[2026-09-25 16:40:19.301] [SFX] {"sound": "civ_move_2", "volume": 0.02}
[2026-09-25 16:40:19.384] [SFX] {"sound": "guardian_move", "volume": 0.15}
[2026-09-25 16:40:19.385] [SFX] {"sound": "civ_move_2", "volume": 0.02}
[2026-09-25 16:40:19.433] [SFX] {"sound": "civ_move_2", "volume": 0.01}
[2026-09-25 16:40:19.581] [SFX] {"sound": "civ_move_1", "volume": 0.06}
[2026-09-25 16:40:19.618] [SFX] {"sound": "civ_move_1", "volume": 0.0}
[2026-09-25 16:40:19.704] [SFX] {"sound": "civ_move_2", "volume": 0.03}
[2026-09-25 16:40:19.726] [SFX] {"sound": "guardian_move", "volume": 0.16}
[2026-09-25 16:40:19.788] [SFX] {"sound": "civ_move_2", "volume": 0.04}
[2026-09-25 16:40:19.968] [SFX] {"sound": "civ_move_2", "volume": 0.0}
[2026-09-25 16:40:19.992] [SFX] {"sound": "guardian_move", "volume": 0.12}
[2026-09-25 16:40:19.993] [SFX] {"sound": "civ_move_1", "volume": 0.07}
[2026-09-25 16:40:20.021] [SFX] {"sound": "civ_move_1", "volume": 0.01}
[2026-09-25 16:40:20.054] [M] {"button": 1, "pos": [254, 183], "ui_clicked": false}
[2026-09-25 16:40:20.064] [P] {"start": [176, 110], "goal": [167, 110], "length": 1, "is_direction_change": false}
[2026-09-25 16:40:20.064] [SFX] {"sound": "click_target", "volume": 0.63}
[2026-09-25 16:40:20.090] [JACK] Kurzer Blick um die Ecke...
[2026-09-25 16:40:20.118] [SFX] {"sound": "civ_move_2", "volume": 0.05}
[2026-09-25 16:40:20.152] [SFX] {"sound": "player_move", "volume": 0.4}
[2026-09-25 16:40:20.202] [SFX] {"sound": "civ_move_2", "volume": 0.05}
[2026-09-25 16:40:20.319] [SFX] {"sound": "guardian_move", "volume": 0.14}
[2026-09-25 16:40:20.371] [SFX] {"sound": "civ_move_2", "volume": 0.03}
[2026-09-25 16:40:20.396] [SFX] {"sound": "civ_move_1", "volume": 0.04}
[2026-09-25 16:40:20.427] [SFX] {"sound": "civ_move_1", "volume": 0.02}
[2026-09-25 16:40:20.461] [SFX] {"sound": "player_move", "volume": 0.4}
[2026-09-25 16:40:20.528] [SFX] {"sound": "civ_move_2", "volume": 0.12}
[2026-09-25 16:40:20.596] [SFX] {"sound": "guardian_move", "volume": 0.18}
[2026-09-25 16:40:20.621] [SFX] {"sound": "civ_move_2", "volume": 0.05}
[2026-09-25 16:40:20.802] [SFX] {"sound": "civ_move_1", "volume": 0.04}
[2026-09-25 16:40:20.837] [SFX] {"sound": "civ_move_1", "volume": 0.03}
[2026-09-25 16:40:20.870] [M] {"button": 1, "pos": [254, 183], "ui_clicked": false}
[2026-09-25 16:40:20.880] [P] {"start": [167, 110], "goal": [159, 110], "length": 1, "is_direction_change": false}
[2026-09-25 16:40:20.880] [SFX] {"sound": "click_target", "volume": 0.64}
[2026-09-25 16:40:20.931] [SFX] {"sound": "guardian_move", "volume": 0.11}
[2026-09-25 16:40:20.931] [SFX] {"sound": "civ_move_2", "volume": 0.13}
[2026-09-25 16:40:21.016] [SFX] {"sound": "civ_move_2", "volume": 0.06}
[2026-09-25 16:40:21.148] [SFX] {"sound": "player_move", "volume": 0.4}
[2026-09-25 16:40:21.200] [SFX] {"sound": "guardian_move", "volume": 0.21}
[2026-09-25 16:40:21.201] [SFX] {"sound": "civ_move_2", "volume": 0.06}
[2026-09-25 16:40:21.223] [SFX] {"sound": "civ_move_1", "volume": 0.01}
[2026-09-25 16:40:21.250] [SFX] {"sound": "civ_move_1", "volume": 0.02}
[2026-09-25 16:40:21.335] [SFX] {"sound": "civ_move_2", "volume": 0.18}
[2026-09-25 16:40:21.418] [SFX] {"sound": "civ_move_2", "volume": 0.05}
[2026-09-25 16:40:21.536] [SFX] {"sound": "guardian_move", "volume": 0.07}
[2026-09-25 16:40:21.603] [SFX] {"sound": "civ_move_2", "volume": 0.06}
[2026-09-25 16:40:21.625] [SFX] {"sound": "civ_move_1", "volume": 0.02}
[2026-09-25 16:40:21.654] [SFX] {"sound": "civ_move_1", "volume": 0.03}
[2026-09-25 16:40:21.740] [SFX] {"sound": "civ_move_2", "volume": 0.19}
[2026-09-25 16:40:21.808] [SFX] {"sound": "guardian_move", "volume": 0.21}
[2026-09-25 16:40:21.832] [SFX] {"sound": "civ_move_2", "volume": 0.06}
[2026-09-25 16:40:22.029] [SFX] {"sound": "civ_move_1", "volume": 0.02}
[2026-09-25 16:40:22.065] [SFX] {"sound": "civ_move_1", "volume": 0.03}
[2026-09-25 16:40:22.151] [SFX] {"sound": "guardian_move", "volume": 0.1}
[2026-09-25 16:40:22.152] [SFX] {"sound": "civ_move_2", "volume": 0.2}
[2026-09-25 16:40:22.235] [SFX] {"sound": "civ_move_2", "volume": 0.07}
[2026-09-25 16:40:22.418] [SFX] {"sound": "guardian_move", "volume": 0.19}
[2026-09-25 16:40:22.419] [SFX] {"sound": "civ_move_2", "volume": 0.06}
[2026-09-25 16:40:22.443] [SFX] {"sound": "civ_move_1", "volume": 0.03}
[2026-09-25 16:40:22.473] [SFX] {"sound": "civ_move_1", "volume": 0.04}
[2026-09-25 16:40:22.558] [SFX] {"sound": "civ_move_2", "volume": 0.2}
[2026-09-25 16:40:22.643] [SFX] {"sound": "civ_move_2", "volume": 0.08}
[2026-09-25 16:40:22.762] [SFX] {"sound": "guardian_move", "volume": 0.12}
[2026-09-25 16:40:22.829] [SFX] {"sound": "civ_move_2", "volume": 0.06}
[2026-09-25 16:40:22.855] [SFX] {"sound": "civ_move_1", "volume": 0.04}
[2026-09-25 16:40:22.967] [SFX] {"sound": "civ_move_2", "volume": 0.21}
[2026-09-25 16:40:23.034] [SFX] {"sound": "guardian_move", "volume": 0.17}
[2026-09-25 16:40:23.057] [SFX] {"sound": "civ_move_2", "volume": 0.09}
[2026-09-25 16:40:23.234] [SFX] {"sound": "civ_move_2", "volume": 0.05}
[2026-09-25 16:40:23.249] [M] {"button": 1, "pos": [254, 183], "ui_clicked": false}
[2026-09-25 16:40:23.259] [SFX] {"sound": "civ_move_1", "volume": 0.05}
[2026-09-25 16:40:23.260] [P] {"start": [159, 110], "goal": [150, 110], "length": 1, "is_direction_change": false}
[2026-09-25 16:40:23.260] [SFX] {"sound": "click_target", "volume": 0.63}
[2026-09-25 16:40:23.294] [SFX] {"sound": "civ_move_1", "volume": 0.05}
[2026-09-25 16:40:23.365] [SFX] {"sound": "guardian_move", "volume": 0.12}
[2026-09-25 16:40:23.391] [SFX] {"sound": "civ_move_2", "volume": 0.21}
[2026-09-25 16:40:23.436] [SFX] {"sound": "player_move", "volume": 0.4}
[2026-09-25 16:40:23.458] [SFX] {"sound": "civ_move_2", "volume": 0.08}
[2026-09-25 16:40:23.633] [SFX] {"sound": "guardian_move", "volume": 0.21}
[2026-09-25 16:40:23.634] [SFX] {"sound": "civ_move_2", "volume": 0.03}
[2026-09-25 16:40:23.668] [SFX] {"sound": "civ_move_1", "volume": 0.02}
[2026-09-25 16:40:23.704] [SFX] {"sound": "civ_move_1", "volume": 0.03}
[2026-09-25 16:40:23.788] [SFX] {"sound": "civ_move_2", "volume": 0.19}
[2026-09-25 16:40:23.855] [SFX] {"sound": "civ_move_2", "volume": 0.06}
[2026-09-25 16:40:23.905] [M] {"button": 1, "pos": [254, 183], "ui_clicked": false}
[2026-09-25 16:40:23.914] [P] {"start": [150, 110], "goal": [142, 110], "length": 1, "is_direction_change": false}
[2026-09-25 16:40:23.915] [SFX] {"sound": "click_target", "volume": 0.66}
[2026-09-25 16:40:23.965] [SFX] {"sound": "player_move", "volume": 0.4}
[2026-09-25 16:40:23.966] [SFX] {"sound": "guardian_move", "volume": 0.07}
[2026-09-25 16:40:24.048] [SFX] {"sound": "civ_move_2", "volume": 0.01}
[2026-09-25 16:40:24.081] [SFX] {"sound": "civ_move_1", "volume": 0.0}
[2026-09-25 16:40:24.116] [SFX] {"sound": "civ_move_1", "volume": 0.02}
[2026-09-25 16:40:24.199] [SFX] {"sound": "civ_move_2", "volume": 0.15}
[2026-09-25 16:40:24.248] [SFX] {"sound": "guardian_move", "volume": 0.25}
[2026-09-25 16:40:24.272] [SFX] {"sound": "player_move", "volume": 0.4}
[2026-09-25 16:40:24.273] [SFX] {"sound": "civ_move_2", "volume": 0.02}
[2026-09-25 16:40:24.517] [SFX] {"sound": "civ_move_1", "volume": 0.01}
[2026-09-25 16:40:24.568] [SFX] {"sound": "guardian_move", "volume": 0.03}
[2026-09-25 16:40:24.602] [SFX] {"sound": "civ_move_2", "volume": 0.13}
[2026-09-25 16:40:24.670] [SFX] {"sound": "civ_move_2", "volume": 0.02}
[2026-09-25 16:40:24.851] [SFX] {"sound": "guardian_move", "volume": 0.24}
[2026-09-25 16:40:24.922] [SFX] {"sound": "civ_move_1", "volume": 0.01}
[2026-09-25 16:40:25.009] [SFX] {"sound": "civ_move_2", "volume": 0.12}
[2026-09-25 16:40:25.076] [SFX] {"sound": "civ_move_2", "volume": 0.02}
[2026-09-25 16:40:25.179] [SFX] {"sound": "guardian_move", "volume": 0.04}
[2026-09-25 16:40:25.301] [SFX] {"sound": "civ_move_1", "volume": 0.0}
[2026-09-25 16:40:25.338] [SFX] {"sound": "civ_move_1", "volume": 0.02}
[2026-09-25 16:40:25.420] [SFX] {"sound": "civ_move_2", "volume": 0.1}
[2026-09-25 16:40:25.455] [SFX] {"sound": "guardian_move", "volume": 0.22}
[2026-09-25 16:40:25.489] [SFX] {"sound": "civ_move_2", "volume": 0.03}
[2026-09-25 16:40:25.604] [M] {"button": 1, "pos": [440, 163], "ui_clicked": false}
[2026-09-25 16:40:25.708] [SFX] {"sound": "civ_move_1", "volume": 0.01}
[2026-09-25 16:40:25.744] [SFX] {"sound": "civ_move_1", "volume": 0.03}
[2026-09-25 16:40:25.781] [SFX] {"sound": "guardian_move", "volume": 0.02}
[2026-09-25 16:40:25.782] [SFX] {"sound": "guardian_move", "volume": 0.03}
[2026-09-25 16:40:25.831] [SFX] {"sound": "civ_move_2", "volume": 0.09}
[2026-09-25 16:40:25.900] [SFX] {"sound": "civ_move_2", "volume": 0.03}
[2026-09-25 16:40:26.054] [SFX] {"sound": "guardian_move", "volume": 0.21}
[2026-09-25 16:40:26.090] [SFX] {"sound": "civ_move_1", "volume": 0.01}
[2026-09-25 16:40:26.125] [SFX] {"sound": "civ_move_1", "volume": 0.02}
[2026-09-25 16:40:26.159] [SFX] {"sound": "civ_move_1", "volume": 0.03}
[2026-09-25 16:40:26.243] [M] {"button": 1, "pos": [447, 156], "ui_clicked": false}
[2026-09-25 16:40:26.253] [SFX] {"sound": "civ_move_2", "volume": 0.08}
[2026-09-25 16:40:26.300] [SFX] {"sound": "civ_move_2", "volume": 0.04}
[2026-09-25 16:40:26.386] [SFX] {"sound": "guardian_move", "volume": 0.02}
[2026-09-25 16:40:26.410] [SFX] {"sound": "guardian_move", "volume": 0.04}
[2026-09-25 16:40:26.490] [SFX] {"sound": "civ_move_1", "volume": 0.02}
[2026-09-25 16:40:26.541] [SFX] {"sound": "civ_move_1", "volume": 0.03}
[2026-09-25 16:40:26.579] [SFX] {"sound": "civ_move_1", "volume": 0.04}
[2026-09-25 16:40:26.646] [SFX] {"sound": "civ_move_2", "volume": 0.07}
[2026-09-25 16:40:26.670] [SFX] {"sound": "guardian_move", "volume": 0.19}
[2026-09-25 16:40:26.715] [SFX] {"sound": "civ_move_2", "volume": 0.04}
[2026-09-25 16:40:26.764] [M] {"button": 1, "pos": [452, 170], "ui_clicked": false}
[2026-09-25 16:40:26.899] [SFX] {"sound": "civ_move_1", "volume": 0.02}
[2026-09-25 16:40:26.953] [SFX] {"sound": "civ_move_1", "volume": 0.04}
[2026-09-25 16:40:26.988] [SFX] {"sound": "guardian_move", "volume": 0.0}
[2026-09-25 16:40:26.988] [SFX] {"sound": "civ_move_1", "volume": 0.04}
[2026-09-25 16:40:27.011] [SFX] {"sound": "guardian_move", "volume": 0.07}
[2026-09-25 16:40:27.056] [SFX] {"sound": "civ_move_2", "volume": 0.06}
[2026-09-25 16:40:27.121] [M] {"button": 1, "pos": [456, 166], "ui_clicked": false}
[2026-09-25 16:40:27.129] [SFX] {"sound": "civ_move_2", "volume": 0.04}
[2026-09-25 16:40:27.274] [SFX] {"sound": "guardian_move", "volume": 0.17}
[2026-09-25 16:40:27.310] [SFX] {"sound": "civ_move_1", "volume": 0.03}
[2026-09-25 16:40:27.360] [SFX] {"sound": "civ_move_1", "volume": 0.05}
[2026-09-25 16:40:27.462] [SFX] {"sound": "civ_move_2", "volume": 0.05}
[2026-09-25 16:40:27.532] [SFX] {"sound": "civ_move_2", "volume": 0.04}
[2026-09-25 16:40:27.616] [SFX] {"sound": "guardian_move", "volume": 0.09}
[2026-09-25 16:40:27.668] [SFX] {"sound": "civ_move_1", "volume": 0.0}
[2026-09-25 16:40:27.721] [SFX] {"sound": "civ_move_1", "volume": 0.04}
[2026-09-25 16:40:27.771] [SFX] {"sound": "civ_move_1", "volume": 0.06}
[2026-09-25 16:40:27.872] [SFX] {"sound": "civ_move_2", "volume": 0.04}
[2026-09-25 16:40:27.897] [SFX] {"sound": "guardian_move", "volume": 0.15}
[2026-09-25 16:40:27.942] [SFX] {"sound": "civ_move_2", "volume": 0.04}
[2026-09-25 16:40:28.077] [SFX] {"sound": "civ_move_1", "volume": 0.01}
[2026-09-25 16:40:28.128] [SFX] {"sound": "civ_move_1", "volume": 0.05}
[2026-09-25 16:40:28.181] [SFX] {"sound": "civ_move_1", "volume": 0.06}
[2026-09-25 16:40:28.231] [SFX] {"sound": "guardian_move", "volume": 0.11}
[2026-09-25 16:40:28.284] [SFX] {"sound": "civ_move_2", "volume": 0.03}
[2026-09-25 16:40:28.352] [SFX] {"sound": "civ_move_2", "volume": 0.04}
[2026-09-25 16:40:28.487] [SFX] {"sound": "civ_move_1", "volume": 0.01}
[2026-09-25 16:40:28.510] [SFX] {"sound": "guardian_move", "volume": 0.12}
[2026-09-25 16:40:28.540] [SFX] {"sound": "civ_move_1", "volume": 0.06}
[2026-09-25 16:40:28.591] [SFX] {"sound": "civ_move_1", "volume": 0.07}
[2026-09-25 16:40:28.693] [SFX] {"sound": "civ_move_2", "volume": 0.02}
[2026-09-25 16:40:28.764] [SFX] {"sound": "civ_move_2", "volume": 0.05}
[2026-09-25 16:40:28.846] [SFX] {"sound": "guardian_move", "volume": 0.13}
[2026-09-25 16:40:28.897] [SFX] {"sound": "civ_move_2", "volume": 0.0}
[2026-09-25 16:40:28.897] [SFX] {"sound": "civ_move_1", "volume": 0.02}
[2026-09-25 16:40:28.946] [SFX] {"sound": "civ_move_1", "volume": 0.07}
[2026-09-25 16:40:28.997] [SFX] {"sound": "civ_move_1", "volume": 0.08}
