[2026-09-26 02:00:28.094] [S] {"sid": "20260926_020028", "sys_t": "2026-09-26T02:00:28.093802"}
[2026-09-26 02:00:28.095] [SFX] {"sound": "hack_success", "volume": 0.8}
[2026-09-26 02:00:30.276] [SESSION_RESET] {"msg": "--- NEW LIFE STARTED ---"}
[2026-09-26 02:00:30.322] [S] {"map": "Shadowgrid"}
[2026-09-26 02:00:30.348] [JACK] Ich hab mich wieder im Shadowgrid eingeklinkt... Mein Deck läuft, aber der Grid ist gefährlich. Tipp: Mit 'disp.drv' sehe ich das Nebel-Raster!
[2026-09-26 02:00:30.350] [SFX] {"sound": "civ_move_2", "volume": 0.21}
[2026-09-26 02:00:30.351] [SFX] {"sound": "civ_move_2", "volume": 0.1}
[2026-09-26 02:00:30.449] [SFX] {"sound": "civ_move_2", "volume": 0.12}
[2026-09-26 02:00:30.482] [SFX] {"sound": "civ_move_1", "volume": 0.15}
[2026-09-26 02:00:30.531] [SFX] {"sound": "civ_move_2", "volume": 0.15}
[2026-09-26 02:00:30.629] [SFX] {"sound": "civ_move_1", "volume": 0.21}
[2026-09-26 02:00:30.746] [SFX] {"sound": "civ_move_2", "volume": 0.21}
[2026-09-26 02:00:30.747] [SFX] {"sound": "civ_move_2", "volume": 0.1}
[2026-09-26 02:00:30.863] [SFX] {"sound": "civ_move_2", "volume": 0.13}
[2026-09-26 02:00:30.895] [SFX] {"sound": "civ_move_1", "volume": 0.14}
[2026-09-26 02:00:30.945] [SFX] {"sound": "civ_move_2", "volume": 0.14}
[2026-09-26 02:00:31.044] [SFX] {"sound": "civ_move_1", "volume": 0.21}
[2026-09-26 02:00:31.160] [SFX] {"sound": "civ_move_2", "volume": 0.21}
[2026-09-26 02:00:31.161] [SFX] {"sound": "civ_move_2", "volume": 0.1}
[2026-09-26 02:00:31.292] [SFX] {"sound": "civ_move_2", "volume": 0.13}
[2026-09-26 02:00:31.325] [SFX] {"sound": "civ_move_1", "volume": 0.14}
[2026-09-26 02:00:31.375] [SFX] {"sound": "civ_move_2", "volume": 0.14}
[2026-09-26 02:00:31.473] [SFX] {"sound": "civ_move_1", "volume": 0.2}
[2026-09-26 02:00:31.495] [SFX] {"sound": "guardian_move", "volume": 0.1}
[2026-09-26 02:00:31.592] [SFX] {"sound": "civ_move_2", "volume": 0.2}
[2026-09-26 02:00:31.593] [SFX] {"sound": "civ_move_2", "volume": 0.11}
[2026-09-26 02:00:31.707] [SFX] {"sound": "civ_move_2", "volume": 0.14}
[2026-09-26 02:00:31.752] [SFX] {"sound": "civ_move_1", "volume": 0.13}
[2026-09-26 02:00:31.787] [SFX] {"sound": "civ_move_2", "volume": 0.14}
[2026-09-26 02:00:31.886] [SFX] {"sound": "civ_move_1", "volume": 0.2}
[2026-09-26 02:00:32.002] [SFX] {"sound": "civ_move_2", "volume": 0.19}
[2026-09-26 02:00:32.003] [SFX] {"sound": "civ_move_2", "volume": 0.12}
[2026-09-26 02:00:32.119] [SFX] {"sound": "guardian_move", "volume": 0.12}
[2026-09-26 02:00:32.120] [SFX] {"sound": "civ_move_2", "volume": 0.13}
[2026-09-26 02:00:32.153] [SFX] {"sound": "civ_move_1", "volume": 0.01}
[2026-09-26 02:00:32.154] [SFX] {"sound": "civ_move_1", "volume": 0.12}
[2026-09-26 02:00:32.186] [SFX] {"sound": "civ_move_2", "volume": 0.15}
[2026-09-26 02:00:32.285] [SFX] {"sound": "civ_move_1", "volume": 0.19}
[2026-09-26 02:00:32.403] [SFX] {"sound": "civ_move_2", "volume": 0.19}
[2026-09-26 02:00:32.403] [SFX] {"sound": "civ_move_2", "volume": 0.12}
[2026-09-26 02:00:32.535] [SFX] {"sound": "civ_move_2", "volume": 0.13}
[2026-09-26 02:00:32.567] [SFX] {"sound": "civ_move_1", "volume": 0.02}
[2026-09-26 02:00:32.568] [SFX] {"sound": "civ_move_1", "volume": 0.12}
[2026-09-26 02:00:32.600] [SFX] {"sound": "civ_move_2", "volume": 0.15}
[2026-09-26 02:00:32.697] [SFX] {"sound": "civ_move_1", "volume": 0.19}
[2026-09-26 02:00:32.732] [SFX] {"sound": "guardian_move", "volume": 0.13}
[2026-09-26 02:00:32.814] [SFX] {"sound": "civ_move_2", "volume": 0.18}
[2026-09-26 02:00:32.814] [SFX] {"sound": "civ_move_2", "volume": 0.13}
[2026-09-26 02:00:32.980] [SFX] {"sound": "civ_move_1", "volume": 0.02}
[2026-09-26 02:00:32.981] [SFX] {"sound": "civ_move_1", "volume": 0.11}
[2026-09-26 02:00:33.015] [SFX] {"sound": "civ_move_2", "volume": 0.15}
[2026-09-26 02:00:33.100] [SFX] {"sound": "civ_move_1", "volume": 0.18}
[2026-09-26 02:00:33.199] [M] {"button": 1, "pos": [357, 205], "ui_clicked": false}
[2026-09-26 02:00:33.207] [P] {"start": [190, 6], "goal": [194, 9], "length": 4, "is_direction_change": false}
[2026-09-26 02:00:33.208] [SFX] {"sound": "click_target", "volume": 0.69}
[2026-09-26 02:00:33.243] [SFX] {"sound": "player_move", "volume": 0.4}
[2026-09-26 02:00:33.244] [SFX] {"sound": "civ_move_2", "volume": 0.18}
[2026-09-26 02:00:33.245] [SFX] {"sound": "civ_move_2", "volume": 0.14}
[2026-09-26 02:00:33.335] [SFX] {"sound": "guardian_move", "volume": 0.14}
[2026-09-26 02:00:33.358] [SFX] {"sound": "civ_move_2", "volume": 0.14}
[2026-09-26 02:00:33.385] [SFX] {"sound": "civ_move_1", "volume": 0.03}
[2026-09-26 02:00:33.386] [SFX] {"sound": "civ_move_1", "volume": 0.1}
[2026-09-26 02:00:33.419] [SFX] {"sound": "civ_move_2", "volume": 0.17}
[2026-09-26 02:00:33.501] [SFX] {"sound": "civ_move_1", "volume": 0.19}
[2026-09-26 02:00:33.523] [SFX] {"sound": "player_move", "volume": 0.4}
[2026-09-26 02:00:33.633] [SFX] {"sound": "civ_move_2", "volume": 0.19}
[2026-09-26 02:00:33.634] [SFX] {"sound": "civ_move_2", "volume": 0.17}
[2026-09-26 02:00:33.767] [SFX] {"sound": "civ_move_2", "volume": 0.15}
[2026-09-26 02:00:33.800] [SFX] {"sound": "civ_move_1", "volume": 0.03}
[2026-09-26 02:00:33.801] [SFX] {"sound": "civ_move_1", "volume": 0.08}
[2026-09-26 02:00:33.833] [SFX] {"sound": "civ_move_2", "volume": 0.17}
[2026-09-26 02:00:33.915] [SFX] {"sound": "civ_move_1", "volume": 0.18}
[2026-09-26 02:00:33.948] [SFX] {"sound": "guardian_move", "volume": 0.15}
[2026-09-26 02:00:34.034] [SFX] {"sound": "civ_move_2", "volume": 0.18}
[2026-09-26 02:00:34.034] [SFX] {"sound": "civ_move_2", "volume": 0.17}
[2026-09-26 02:00:34.181] [SFX] {"sound": "civ_move_2", "volume": 0.16}
[2026-09-26 02:00:34.213] [M] {"button": 1, "pos": [339, 222], "ui_clicked": false}
[2026-09-26 02:00:34.221] [SFX] {"sound": "civ_move_1", "volume": 0.04}
[2026-09-26 02:00:34.221] [SFX] {"sound": "civ_move_1", "volume": 0.07}
[2026-09-26 02:00:34.248] [SFX] {"sound": "civ_move_2", "volume": 0.18}
[2026-09-26 02:00:34.331] [SFX] {"sound": "civ_move_1", "volume": 0.17}
[2026-09-26 02:00:34.447] [SFX] {"sound": "civ_move_2", "volume": 0.17}
[2026-09-26 02:00:34.563] [SFX] {"sound": "guardian_move", "volume": 0.17}
[2026-09-26 02:00:34.585] [SFX] {"sound": "civ_move_2", "volume": 0.17}
[2026-09-26 02:00:34.617] [SFX] {"sound": "civ_move_1", "volume": 0.04}
[2026-09-26 02:00:34.618] [SFX] {"sound": "civ_move_1", "volume": 0.06}
[2026-09-26 02:00:34.649] [SFX] {"sound": "civ_move_2", "volume": 0.19}
[2026-09-26 02:00:34.732] [SFX] {"sound": "civ_move_1", "volume": 0.17}
[2026-09-26 02:00:34.782] [M] {"button": 1, "pos": [319, 220], "ui_clicked": false}
[2026-09-26 02:00:34.848] [SFX] {"sound": "civ_move_2", "volume": 0.16}
[2026-09-26 02:00:34.849] [SFX] {"sound": "civ_move_2", "volume": 0.17}
[2026-09-26 02:00:35.027] [SFX] {"sound": "civ_move_1", "volume": 0.05}
[2026-09-26 02:00:35.061] [SFX] {"sound": "civ_move_2", "volume": 0.19}
[2026-09-26 02:00:35.144] [SFX] {"sound": "civ_move_1", "volume": 0.16}
[2026-09-26 02:00:35.178] [SFX] {"sound": "guardian_move", "volume": 0.18}
[2026-09-26 02:00:35.260] [SFX] {"sound": "civ_move_2", "volume": 0.15}
[2026-09-26 02:00:35.261] [SFX] {"sound": "civ_move_2", "volume": 0.17}
[2026-09-26 02:00:35.311] [M] {"button": 1, "pos": [292, 216], "ui_clicked": false}
[2026-09-26 02:00:35.318] [P] {"start": [194, 9], "goal": [190, 13], "length": 5, "is_direction_change": false}
[2026-09-26 02:00:35.319] [SFX] {"sound": "click_target", "volume": 0.69}
[2026-09-26 02:00:35.396] [SFX] {"sound": "civ_move_2", "volume": 0.16}
[2026-09-26 02:00:35.431] [SFX] {"sound": "civ_move_1", "volume": 0.07}
[2026-09-26 02:00:35.432] [SFX] {"sound": "civ_move_1", "volume": 0.05}
[2026-09-26 02:00:35.464] [SFX] {"sound": "civ_move_2", "volume": 0.2}
[2026-09-26 02:00:35.545] [SFX] {"sound": "civ_move_1", "volume": 0.15}
[2026-09-26 02:00:35.567] [SFX] {"sound": "player_move", "volume": 0.4}
[2026-09-26 02:00:35.659] [SFX] {"sound": "civ_move_2", "volume": 0.13}
[2026-09-26 02:00:35.660] [SFX] {"sound": "civ_move_2", "volume": 0.16}
[2026-09-26 02:00:35.792] [SFX] {"sound": "guardian_move", "volume": 0.21}
[2026-09-26 02:00:35.814] [SFX] {"sound": "civ_move_2", "volume": 0.16}
[2026-09-26 02:00:35.845] [SFX] {"sound": "civ_move_1", "volume": 0.09}
[2026-09-26 02:00:35.846] [SFX] {"sound": "civ_move_1", "volume": 0.06}
[2026-09-26 02:00:35.868] [SFX] {"sound": "player_move", "volume": 0.4}
[2026-09-26 02:00:35.887] [SFX] {"sound": "civ_move_2", "volume": 0.21}
[2026-09-26 02:00:35.946] [SFX] {"sound": "civ_move_1", "volume": 0.18}
[2026-09-26 02:00:36.047] [C] {"civ_pos": [190, 14]}
[2026-09-26 02:00:36.076] [SFX] {"sound": "civ_move_2", "volume": 0.17}
[2026-09-26 02:00:36.077] [SFX] {"sound": "civ_move_2", "volume": 0.2}
[2026-09-26 02:00:36.210] [SFX] {"sound": "civ_move_2", "volume": 0.19}
[2026-09-26 02:00:36.260] [SFX] {"sound": "civ_move_1", "volume": 0.11}
[2026-09-26 02:00:36.261] [SFX] {"sound": "civ_move_1", "volume": 0.05}
[2026-09-26 02:00:36.293] [SFX] {"sound": "civ_move_2", "volume": 0.23}
[2026-09-26 02:00:36.360] [SFX] {"sound": "civ_move_1", "volume": 0.18}
[2026-09-26 02:00:36.392] [SFX] {"sound": "guardian_move", "volume": 0.25}
[2026-09-26 02:00:36.476] [SFX] {"sound": "guardian_move", "volume": 0.03}
[2026-09-26 02:00:36.477] [SFX] {"sound": "civ_move_2", "volume": 0.17}
[2026-09-26 02:00:36.478] [SFX] {"sound": "civ_move_2", "volume": 0.19}
[2026-09-26 02:00:36.509] [SFX] {"sound": "guardian_move", "volume": 0.0}
[2026-09-26 02:00:36.624] [SFX] {"sound": "civ_move_2", "volume": 0.18}
[2026-09-26 02:00:36.673] [SFX] {"sound": "civ_move_1", "volume": 0.12}
[2026-09-26 02:00:36.674] [SFX] {"sound": "civ_move_1", "volume": 0.04}
[2026-09-26 02:00:36.705] [SFX] {"sound": "civ_move_2", "volume": 0.29}
[2026-09-26 02:00:36.738] [M] {"button": 1, "pos": [317, 229], "ui_clicked": false}
[2026-09-26 02:00:36.771] [SFX] {"sound": "civ_move_1", "volume": 0.17}
[2026-09-26 02:00:36.889] [SFX] {"sound": "civ_move_2", "volume": 0.17}
[2026-09-26 02:00:36.889] [SFX] {"sound": "civ_move_2", "volume": 0.19}
[2026-09-26 02:00:37.006] [SFX] {"sound": "guardian_move", "volume": 0.26}
[2026-09-26 02:00:37.038] [SFX] {"sound": "civ_move_2", "volume": 0.17}
[2026-09-26 02:00:37.088] [SFX] {"sound": "guardian_move", "volume": 0.04}
[2026-09-26 02:00:37.089] [SFX] {"sound": "civ_move_1", "volume": 0.13}
[2026-09-26 02:00:37.090] [SFX] {"sound": "civ_move_1", "volume": 0.03}
[2026-09-26 02:00:37.122] [SFX] {"sound": "guardian_move", "volume": 0.02}
[2026-09-26 02:00:37.173] [SFX] {"sound": "civ_move_1", "volume": 0.16}
[2026-09-26 02:00:37.288] [SFX] {"sound": "civ_move_2", "volume": 0.17}
[2026-09-26 02:00:37.289] [SFX] {"sound": "civ_move_2", "volume": 0.18}
[2026-09-26 02:00:37.322] [M] {"button": 1, "pos": [319, 230], "ui_clicked": false}
[2026-09-26 02:00:37.439] [SFX] {"sound": "civ_move_2", "volume": 0.16}
[2026-09-26 02:00:37.488] [SFX] {"sound": "civ_move_1", "volume": 0.14}
[2026-09-26 02:00:37.489] [SFX] {"sound": "civ_move_1", "volume": 0.03}
[2026-09-26 02:00:37.587] [SFX] {"sound": "civ_move_1", "volume": 0.16}
[2026-09-26 02:00:37.618] [SFX] {"sound": "guardian_move", "volume": 0.26}
[2026-09-26 02:00:37.699] [SFX] {"sound": "guardian_move", "volume": 0.06}
[2026-09-26 02:00:37.700] [SFX] {"sound": "civ_move_2", "volume": 0.17}
[2026-09-26 02:00:37.701] [SFX] {"sound": "civ_move_2", "volume": 0.18}
[2026-09-26 02:00:37.731] [SFX] {"sound": "guardian_move", "volume": 0.04}
[2026-09-26 02:00:37.747] [M] {"button": 1, "pos": [322, 233], "ui_clicked": false}
[2026-09-26 02:00:37.755] [P] {"start": [190, 13], "goal": [190, 19], "length": 5, "is_direction_change": false}
[2026-09-26 02:00:37.756] [SFX] {"sound": "click_target", "volume": 0.67}
[2026-09-26 02:00:37.794] [JACK] Ich rücke Schritt für Schritt vor...
[2026-09-26 02:00:37.840] [SFX] {"sound": "civ_move_2", "volume": 0.15}
[2026-09-26 02:00:37.871] [SFX] {"sound": "player_move", "volume": 0.4}
[2026-09-26 02:00:37.905] [SFX] {"sound": "civ_move_1", "volume": 0.14}
[2026-09-26 02:00:37.906] [SFX] {"sound": "civ_move_1", "volume": 0.01}
[2026-09-26 02:00:37.989] [SFX] {"sound": "civ_move_1", "volume": 0.14}
[2026-09-26 02:00:38.103] [SFX] {"sound": "civ_move_2", "volume": 0.17}
[2026-09-26 02:00:38.183] [SFX] {"sound": "player_move", "volume": 0.4}
[2026-09-26 02:00:38.217] [SFX] {"sound": "guardian_move", "volume": 0.29}
[2026-09-26 02:00:38.254] [SFX] {"sound": "civ_move_2", "volume": 0.16}
[2026-09-26 02:00:38.303] [SFX] {"sound": "guardian_move", "volume": 0.12}
[2026-09-26 02:00:38.327] [SFX] {"sound": "civ_move_1", "volume": 0.17}
[2026-09-26 02:00:38.328] [SFX] {"sound": "civ_move_1", "volume": 0.01}
[2026-09-26 02:00:38.344] [SFX] {"sound": "guardian_move", "volume": 0.09}
[2026-09-26 02:00:38.403] [SFX] {"sound": "civ_move_1", "volume": 0.15}
[2026-09-26 02:00:38.519] [SFX] {"sound": "civ_move_2", "volume": 0.17}
[2026-09-26 02:00:38.655] [SFX] {"sound": "civ_move_2", "volume": 0.15}
[2026-09-26 02:00:38.736] [SFX] {"sound": "civ_move_1", "volume": 0.18}
[2026-09-26 02:00:38.818] [SFX] {"sound": "guardian_move", "volume": 0.28}
[2026-09-26 02:00:38.819] [SFX] {"sound": "civ_move_1", "volume": 0.14}
[2026-09-26 02:00:38.918] [SFX] {"sound": "guardian_move", "volume": 0.13}
[2026-09-26 02:00:38.919] [SFX] {"sound": "civ_move_2", "volume": 0.16}
[2026-09-26 02:00:38.953] [SFX] {"sound": "guardian_move", "volume": 0.11}
[2026-09-26 02:00:39.069] [SFX] {"sound": "civ_move_2", "volume": 0.14}
[2026-09-26 02:00:39.134] [M] {"button": 1, "pos": [323, 225], "ui_clicked": false}
[2026-09-26 02:00:39.142] [P] {"start": [190, 19], "goal": [190, 24], "length": 1, "is_direction_change": false}
[2026-09-26 02:00:39.143] [SFX] {"sound": "click_target", "volume": 0.69}
[2026-09-26 02:00:39.164] [SFX] {"sound": "civ_move_1", "volume": 0.19}
[2026-09-26 02:00:39.225] [SFX] {"sound": "civ_move_1", "volume": 0.16}
[2026-09-26 02:00:39.325] [SFX] {"sound": "civ_move_2", "volume": 0.19}
[2026-09-26 02:00:39.347] [SFX] {"sound": "player_move", "volume": 0.4}
[2026-09-26 02:00:39.423] [SFX] {"sound": "guardian_move", "volume": 0.31}
[2026-09-26 02:00:39.472] [SFX] {"sound": "civ_move_2", "volume": 0.16}
[2026-09-26 02:00:39.522] [SFX] {"sound": "guardian_move", "volume": 0.17}
[2026-09-26 02:00:39.557] [SFX] {"sound": "guardian_move", "volume": 0.15}
[2026-09-26 02:00:39.558] [SFX] {"sound": "civ_move_1", "volume": 0.24}
[2026-09-26 02:00:39.625] [SFX] {"sound": "civ_move_1", "volume": 0.14}
[2026-09-26 02:00:39.725] [SFX] {"sound": "civ_move_2", "volume": 0.18}
[2026-09-26 02:00:39.876] [SFX] {"sound": "civ_move_2", "volume": 0.14}
[2026-09-26 02:00:39.893] [M] {"button": 1, "pos": [323, 225], "ui_clicked": false}
[2026-09-26 02:00:39.960] [SFX] {"sound": "civ_move_1", "volume": 0.25}
[2026-09-26 02:00:40.028] [SFX] {"sound": "guardian_move", "volume": 0.29}
[2026-09-26 02:00:40.029] [SFX] {"sound": "civ_move_1", "volume": 0.13}
[2026-09-26 02:00:40.126] [SFX] {"sound": "guardian_move", "volume": 0.18}
[2026-09-26 02:00:40.127] [SFX] {"sound": "civ_move_2", "volume": 0.17}
[2026-09-26 02:00:40.158] [SFX] {"sound": "guardian_move", "volume": 0.16}
[2026-09-26 02:00:40.289] [SFX] {"sound": "civ_move_2", "volume": 0.13}
[2026-09-26 02:00:40.375] [SFX] {"sound": "civ_move_1", "volume": 0.26}
[2026-09-26 02:00:40.441] [SFX] {"sound": "civ_move_1", "volume": 0.12}
[2026-09-26 02:00:40.526] [SFX] {"sound": "civ_move_2", "volume": 0.15}
[2026-09-26 02:00:40.642] [SFX] {"sound": "guardian_move", "volume": 0.27}
[2026-09-26 02:00:40.692] [SFX] {"sound": "civ_move_2", "volume": 0.12}
[2026-09-26 02:00:40.742] [SFX] {"sound": "guardian_move", "volume": 0.19}
[2026-09-26 02:00:40.764] [SFX] {"sound": "guardian_move", "volume": 0.17}
[2026-09-26 02:00:40.790] [SFX] {"sound": "civ_move_1", "volume": 0.27}
[2026-09-26 02:00:40.857] [SFX] {"sound": "civ_move_1", "volume": 0.11}
[2026-09-26 02:00:40.940] [SFX] {"sound": "civ_move_2", "volume": 0.14}
[2026-09-26 02:00:41.104] [SFX] {"sound": "civ_move_2", "volume": 0.11}
[2026-09-26 02:00:41.204] [SFX] {"sound": "civ_move_1", "volume": 0.27}
[2026-09-26 02:00:41.253] [SFX] {"sound": "guardian_move", "volume": 0.24}
[2026-09-26 02:00:41.275] [SFX] {"sound": "civ_move_1", "volume": 0.1}
[2026-09-26 02:00:41.352] [M] {"button": 1, "pos": [381, 187], "ui_clicked": false}
[2026-09-26 02:00:41.359] [SFX] {"sound": "guardian_move", "volume": 0.19}
[2026-09-26 02:00:41.360] [SFX] {"sound": "civ_move_2", "volume": 0.13}
[2026-09-26 02:00:41.360] [SFX] {"sound": "click_target", "volume": 0.65}
[2026-09-26 02:00:41.376] [SFX] {"sound": "guardian_move", "volume": 0.19}
[2026-09-26 02:00:41.519] [SFX] {"sound": "civ_move_2", "volume": 0.07}
[2026-09-26 02:00:41.615] [SFX] {"sound": "civ_move_1", "volume": 0.26}
[2026-09-26 02:00:41.638] [SFX] {"sound": "player_move", "volume": 0.4}
[2026-09-26 02:00:41.665] [SFX] {"sound": "threat_pulse", "volume": 0.3}
[2026-09-26 02:00:41.688] [SFX] {"sound": "civ_move_1", "volume": 0.04}
[2026-09-26 02:00:41.765] [SFX] {"sound": "civ_move_2", "volume": 0.07}
[2026-09-26 02:00:41.865] [SFX] {"sound": "guardian_move", "volume": 0.31}
[2026-09-26 02:00:41.933] [SFX] {"sound": "civ_move_2", "volume": 0.03}
[2026-09-26 02:00:41.966] [SFX] {"sound": "guardian_move", "volume": 0.25}
[2026-09-26 02:00:41.989] [SFX] {"sound": "guardian_move", "volume": 0.24}
[2026-09-26 02:00:42.016] [SFX] {"sound": "civ_move_1", "volume": 0.26}
[2026-09-26 02:00:42.066] [M] {"button": 1, "pos": [382, 186], "ui_clicked": false}
[2026-09-26 02:00:42.073] [SFX] {"sound": "action_cancel", "volume": 1.0}
[2026-09-26 02:00:42.074] [P] {"start": [197, 22], "goal": [204, 23], "length": 6, "is_direction_change": false}
[2026-09-26 02:00:42.075] [SFX] {"sound": "click_target", "volume": 0.66}
[2026-09-26 02:00:42.104] [SFX] {"sound": "civ_move_1", "volume": 0.02}
[2026-09-26 02:00:42.181] [SFX] {"sound": "player_move", "volume": 0.4}
[2026-09-26 02:00:42.183] [SFX] {"sound": "civ_move_2", "volume": 0.04}
[2026-09-26 02:00:42.431] [SFX] {"sound": "civ_move_1", "volume": 0.25}
[2026-09-26 02:00:42.497] [SFX] {"sound": "player_move", "volume": 0.4}
[2026-09-26 02:00:42.497] [SFX] {"sound": "guardian_move", "volume": 0.36}
[2026-09-26 02:00:42.596] [SFX] {"sound": "guardian_move", "volume": 0.28}
[2026-09-26 02:00:42.597] [SFX] {"sound": "civ_move_2", "volume": 0.0}
[2026-09-26 02:00:42.796] [SFX] {"sound": "player_move", "volume": 0.4}
[2026-09-26 02:00:42.846] [SFX] {"sound": "civ_move_1", "volume": 0.24}
[2026-09-26 02:00:43.110] [SFX] {"sound": "guardian_move", "volume": 0.36}
[2026-09-26 02:00:43.193] [SFX] {"sound": "guardian_move", "volume": 0.37}
[2026-09-26 02:00:43.215] [SFX] {"sound": "guardian_move", "volume": 0.38}
[2026-09-26 02:00:43.258] [SFX] {"sound": "civ_move_1", "volume": 0.25}
[2026-09-26 02:00:43.491] [SFX] {"sound": "threat_pulse", "volume": 0.33}
[2026-09-26 02:00:43.672] [SFX] {"sound": "civ_move_1", "volume": 0.26}
[2026-09-26 02:00:43.722] [SFX] {"sound": "guardian_move", "volume": 0.38}
[2026-09-26 02:00:43.790] [JACK] Schweres Wummern... Ein Sentinel nahebei! Sie sprechen mich ab 50-99% Nervosität an – ich halte 50 Credits Schmiergeld bereit!
[2026-09-26 02:00:43.806] [SFX] {"sound": "guardian_move", "volume": 0.37}
[2026-09-26 02:00:43.823] [SFX] {"sound": "guardian_move", "volume": 0.39}
[2026-09-26 02:00:44.084] [SFX] {"sound": "civ_move_1", "volume": 0.27}
[2026-09-26 02:00:44.233] [SENTINEL_EMPTIED_IOT] {"iot": "watcher", "stolen_data": 5, "had_jack_sighting": false, "node": [174, 18]}
[2026-09-26 02:00:44.277] [JACK] Der Sentinel hat Kameradaten aus dem IoT-Node ausgelesen... Er kennt jetzt meine Frequenz!
[2026-09-26 02:00:44.336] [SFX] {"sound": "guardian_move", "volume": 0.4}
[2026-09-26 02:00:44.402] [SFX] {"sound": "guardian_move", "volume": 0.39}
[2026-09-26 02:00:44.403] [SFX] {"sound": "threat_pulse", "volume": 0.39}
[2026-09-26 02:00:44.426] [SENTINEL_EMPTIED_IOT] {"iot": "watcher", "stolen_data": 0, "had_jack_sighting": false, "node": [174, 18]}
[2026-09-26 02:00:44.493] [SFX] {"sound": "civ_move_1", "volume": 0.28}
[2026-09-26 02:00:44.822] [M] {"button": 1, "pos": [342, 225], "ui_clicked": false}
[2026-09-26 02:00:44.829] [P] {"start": [204, 23], "goal": [206, 28], "length": 3, "is_direction_change": false}
[2026-09-26 02:00:44.830] [SFX] {"sound": "click_target", "volume": 0.67}
[2026-09-26 02:00:44.852] [JACK] Schweres Wummern... Ein Sentinel nahebei! Sie sprechen mich ab 50-99% Nervosität an – ich halte 50 Credits Schmiergeld bereit!
[2026-09-26 02:00:44.869] [C] {"civ_pos": [204, 20]}
[2026-09-26 02:00:44.900] [SFX] {"sound": "civ_move_1", "volume": 0.28}
[2026-09-26 02:00:44.970] [SFX] {"sound": "guardian_move", "volume": 0.31}
[2026-09-26 02:00:45.035] [SFX] {"sound": "guardian_move", "volume": 0.38}
[2026-09-26 02:00:45.103] [SFX] {"sound": "player_move", "volume": 0.4}
[2026-09-26 02:00:45.203] [SFX] {"sound": "threat_pulse", "volume": 0.45}
[2026-09-26 02:00:45.301] [SFX] {"sound": "civ_move_1", "volume": 0.24}
[2026-09-26 02:00:45.583] [SFX] {"sound": "guardian_move", "volume": 0.35}
[2026-09-26 02:00:45.700] [SFX] {"sound": "civ_move_1", "volume": 0.25}
[2026-09-26 02:00:45.717] [M] {"button": 1, "pos": [333, 233], "ui_clicked": false}
[2026-09-26 02:00:45.725] [SENTINEL_EMPTIED_IOT] {"iot": "listener", "stolen_data": 1, "had_jack_sighting": false, "node": [44, 78]}
[2026-09-26 02:00:45.771] [JACK] Der Sentinel hat Kameradaten aus dem IoT-Node ausgelesen... Er kennt jetzt meine Frequenz!
[2026-09-26 02:00:45.912] [SFX] {"sound": "threat_pulse", "volume": 0.42}
[2026-09-26 02:00:46.110] [SFX] {"sound": "civ_move_1", "volume": 0.27}
[2026-09-26 02:00:46.208] [SFX] {"sound": "guardian_move", "volume": 0.33}
[2026-09-26 02:00:46.226] [M] {"button": 1, "pos": [326, 235], "ui_clicked": false}
[2026-09-26 02:00:46.233] [P] {"start": [206, 28], "goal": [206, 34], "length": 1, "is_direction_change": false}
[2026-09-26 02:00:46.234] [SFX] {"sound": "click_target", "volume": 0.66}
[2026-09-26 02:00:46.260] [JACK] Wache in Reichweite! Bei 100% Threat greift er direkt an. Ohne Credits gibt's Saures, wenn er mich stellt!
[2026-09-26 02:00:46.278] [SFX] {"sound": "guardian_move", "volume": 0.32}
[2026-09-26 02:00:46.338] [JACK_REGISTERED_BY_CAMERA] {"camera": [204, 30]}
[2026-09-26 02:00:46.366] [JACK] Verflucht, eine Kamera hat mich erfasst! Mein Threat-Meter steigt! Tipp: Mit 'ucam.drv' werden Kamerasichtkegel rot markiert.
[2026-09-26 02:00:46.367] [SFX] {"sound": "player_move", "volume": 0.4}
[2026-09-26 02:00:46.509] [SFX] {"sound": "civ_move_1", "volume": 0.24}
[2026-09-26 02:00:46.723] [SFX] {"sound": "threat_pulse", "volume": 0.37}
[2026-09-26 02:00:46.823] [SFX] {"sound": "guardian_move", "volume": 0.26}
[2026-09-26 02:00:46.872] [M] {"button": 1, "pos": [326, 235], "ui_clicked": false}
[2026-09-26 02:00:46.880] [SFX] {"sound": "guardian_move", "volume": 0.26}
[2026-09-26 02:00:46.881] [P] {"start": [206, 34], "goal": [206, 40], "length": 1, "is_direction_change": false}
[2026-09-26 02:00:46.881] [SFX] {"sound": "click_target", "volume": 0.67}
[2026-09-26 02:00:46.916] [JACK] Die Sentinels patrouillieren. Ich sollte Abstand halten und Sichtkegel meiden.
[2026-09-26 02:00:46.933] [SFX] {"sound": "civ_move_1", "volume": 0.24}
[2026-09-26 02:00:47.028] [SFX] {"sound": "player_move", "volume": 0.4}
[2026-09-26 02:00:47.343] [SFX] {"sound": "civ_move_1", "volume": 0.21}
[2026-09-26 02:00:47.425] [SFX] {"sound": "guardian_move", "volume": 0.2}
[2026-09-26 02:00:47.622] [SFX] {"sound": "threat_pulse", "volume": 0.33}
[2026-09-26 02:00:47.705] [SFX] {"sound": "civ_move_2", "volume": 0.0}
[2026-09-26 02:00:47.754] [SFX] {"sound": "civ_move_1", "volume": 0.22}
[2026-09-26 02:00:48.035] [SFX] {"sound": "guardian_move", "volume": 0.19}
[2026-09-26 02:00:48.119] [SFX] {"sound": "civ_move_2", "volume": 0.01}
[2026-09-26 02:00:48.169] [SFX] {"sound": "civ_move_1", "volume": 0.24}
[2026-09-26 02:00:48.191] [SFX] {"sound": "civ_move_1", "volume": 0.0}
[2026-09-26 02:00:48.520] [SFX] {"sound": "civ_move_2", "volume": 0.01}
[2026-09-26 02:00:48.571] [SFX] {"sound": "civ_move_1", "volume": 0.25}
[2026-09-26 02:00:48.593] [SFX] {"sound": "civ_move_1", "volume": 0.01}
[2026-09-26 02:00:48.637] [SFX] {"sound": "guardian_move", "volume": 0.18}
[2026-09-26 02:00:48.738] [SFX] {"sound": "civ_move_2", "volume": 0.01}
[2026-09-26 02:00:48.738] [SFX] {"sound": "civ_move_1", "volume": 0.01}
[2026-09-26 02:00:48.935] [SFX] {"sound": "civ_move_2", "volume": 0.02}
[2026-09-26 02:00:48.987] [SFX] {"sound": "civ_move_1", "volume": 0.26}
[2026-09-26 02:00:49.009] [SFX] {"sound": "civ_move_1", "volume": 0.02}
[2026-09-26 02:00:49.152] [SFX] {"sound": "civ_move_2", "volume": 0.02}
[2026-09-26 02:00:49.153] [SFX] {"sound": "civ_move_1", "volume": 0.02}
[2026-09-26 02:00:49.249] [SFX] {"sound": "guardian_move", "volume": 0.17}
[2026-09-26 02:00:49.349] [SFX] {"sound": "civ_move_2", "volume": 0.03}
[2026-09-26 02:00:49.400] [SFX] {"sound": "civ_move_1", "volume": 0.27}
[2026-09-26 02:00:49.423] [SFX] {"sound": "civ_move_1", "volume": 0.03}
[2026-09-26 02:00:49.551] [SFX] {"sound": "civ_move_2", "volume": 0.03}
[2026-09-26 02:00:49.552] [SFX] {"sound": "civ_move_1", "volume": 0.03}
[2026-09-26 02:00:49.762] [SFX] {"sound": "civ_move_2", "volume": 0.04}
[2026-09-26 02:00:49.763] [C] {"civ_pos": [206, 38]}
[2026-09-26 02:00:49.813] [SFX] {"sound": "civ_move_1", "volume": 0.29}
[2026-09-26 02:00:49.836] [SFX] {"sound": "civ_move_1", "volume": 0.04}
[2026-09-26 02:00:49.862] [SFX] {"sound": "guardian_move", "volume": 0.16}
[2026-09-26 02:00:49.961] [SFX] {"sound": "civ_move_2", "volume": 0.04}
[2026-09-26 02:00:49.962] [SFX] {"sound": "civ_move_1", "volume": 0.04}
[2026-09-26 02:00:50.172] [SFX] {"sound": "civ_move_2", "volume": 0.04}
[2026-09-26 02:00:50.223] [SFX] {"sound": "civ_move_1", "volume": 0.3}
[2026-09-26 02:00:50.245] [SFX] {"sound": "civ_move_1", "volume": 0.05}
[2026-09-26 02:00:50.373] [SFX] {"sound": "civ_move_2", "volume": 0.05}
[2026-09-26 02:00:50.373] [SFX] {"sound": "civ_move_1", "volume": 0.05}
[2026-09-26 02:00:50.472] [SFX] {"sound": "guardian_move", "volume": 0.14}
[2026-09-26 02:00:50.572] [SFX] {"sound": "civ_move_2", "volume": 0.05}
[2026-09-26 02:00:50.639] [SFX] {"sound": "civ_move_1", "volume": 0.23}
[2026-09-26 02:00:50.640] [SFX] {"sound": "civ_move_1", "volume": 0.06}
[2026-09-26 02:00:50.774] [SFX] {"sound": "civ_move_2", "volume": 0.06}
[2026-09-26 02:00:51.039] [SFX] {"sound": "civ_move_1", "volume": 0.22}
[2026-09-26 02:00:51.040] [SFX] {"sound": "civ_move_1", "volume": 0.07}
[2026-09-26 02:00:51.073] [SFX] {"sound": "guardian_move", "volume": 0.13}
[2026-09-26 02:00:51.177] [SFX] {"sound": "civ_move_2", "volume": 0.07}
[2026-09-26 02:00:51.444] [SFX] {"sound": "civ_move_1", "volume": 0.21}
[2026-09-26 02:00:51.445] [SFX] {"sound": "civ_move_1", "volume": 0.08}
[2026-09-26 02:00:51.576] [SFX] {"sound": "civ_move_2", "volume": 0.08}
[2026-09-26 02:00:51.673] [SFX] {"sound": "guardian_move", "volume": 0.11}
[2026-09-26 02:00:51.807] [SFX] {"sound": "civ_move_2", "volume": 0.06}
[2026-09-26 02:00:51.857] [SFX] {"sound": "civ_move_1", "volume": 0.2}
[2026-09-26 02:00:51.858] [SFX] {"sound": "civ_move_1", "volume": 0.09}
[2026-09-26 02:00:51.939] [M] {"button": 1, "pos": [244, 289], "ui_clicked": true}
[2026-09-26 02:00:51.980] [SFX] {"sound": "civ_move_2", "volume": 0.09}
[2026-09-26 02:00:52.212] [SFX] {"sound": "civ_move_2", "volume": 0.06}
[2026-09-26 02:00:52.261] [SFX] {"sound": "civ_move_1", "volume": 0.19}
[2026-09-26 02:00:52.262] [SFX] {"sound": "civ_move_1", "volume": 0.1}
[2026-09-26 02:00:52.284] [SFX] {"sound": "guardian_move", "volume": 0.09}
[2026-09-26 02:00:52.395] [SFX] {"sound": "civ_move_2", "volume": 0.1}
[2026-09-26 02:00:52.625] [SFX] {"sound": "civ_move_2", "volume": 0.05}
[2026-09-26 02:00:52.674] [SFX] {"sound": "civ_move_1", "volume": 0.18}
[2026-09-26 02:00:52.675] [SFX] {"sound": "civ_move_1", "volume": 0.11}
[2026-09-26 02:00:52.806] [SFX] {"sound": "civ_move_2", "volume": 0.1}
[2026-09-26 02:00:52.890] [SFX] {"sound": "guardian_move", "volume": 0.07}
[2026-09-26 02:00:53.037] [SFX] {"sound": "civ_move_2", "volume": 0.05}
[2026-09-26 02:00:53.087] [SFX] {"sound": "civ_move_1", "volume": 0.17}
[2026-09-26 02:00:53.087] [SFX] {"sound": "civ_move_1", "volume": 0.12}
[2026-09-26 02:00:53.222] [SFX] {"sound": "civ_move_2", "volume": 0.1}
[2026-09-26 02:00:53.443] [SFX] {"sound": "civ_move_2", "volume": 0.06}
[2026-09-26 02:00:53.493] [SFX] {"sound": "guardian_move", "volume": 0.05}
[2026-09-26 02:00:53.494] [SFX] {"sound": "civ_move_1", "volume": 0.16}
[2026-09-26 02:00:53.495] [SFX] {"sound": "civ_move_1", "volume": 0.13}
[2026-09-26 02:00:53.559] [SFX] {"sound": "guardian_move", "volume": 0.05}
[2026-09-26 02:00:53.627] [SFX] {"sound": "civ_move_2", "volume": 0.09}
[2026-09-26 02:00:53.842] [M] {"button": 1, "pos": [230, 323], "ui_clicked": true}
[2026-09-26 02:00:53.876] [JACK] Ich werfe einen Blick in mein Systemfenster... Treiber und Daten prüfen.
[2026-09-26 02:00:53.894] [SFX] {"sound": "civ_move_2", "volume": 0.07}
[2026-09-26 02:00:53.911] [SFX] {"sound": "civ_move_1", "volume": 0.15}
[2026-09-26 02:00:53.912] [SFX] {"sound": "civ_move_1", "volume": 0.14}
[2026-09-26 02:00:54.042] [SFX] {"sound": "civ_move_2", "volume": 0.08}
[2026-09-26 02:00:54.109] [SFX] {"sound": "guardian_move", "volume": 0.03}
[2026-09-26 02:00:54.292] [SFX] {"sound": "civ_move_2", "volume": 0.08}
[2026-09-26 02:00:54.315] [SFX] {"sound": "civ_move_1", "volume": 0.14}
[2026-09-26 02:00:54.316] [SFX] {"sound": "civ_move_1", "volume": 0.15}
[2026-09-26 02:00:54.446] [SFX] {"sound": "civ_move_2", "volume": 0.09}
[2026-09-26 02:00:54.697] [SFX] {"sound": "civ_move_2", "volume": 0.08}
[2026-09-26 02:00:54.719] [SFX] {"sound": "guardian_move", "volume": 0.01}
[2026-09-26 02:00:54.720] [SFX] {"sound": "civ_move_1", "volume": 0.13}
[2026-09-26 02:00:54.721] [SFX] {"sound": "civ_move_1", "volume": 0.16}
[2026-09-26 02:00:54.763] [M] {"button": 1, "pos": [303, 273], "ui_clicked": true}
[2026-09-26 02:00:54.780] [SFX] {"sound": "guardian_move", "volume": 0.01}
[2026-09-26 02:00:54.859] [SFX] {"sound": "civ_move_2", "volume": 0.08}
[2026-09-26 02:00:55.127] [SFX] {"sound": "civ_move_1", "volume": 0.12}
[2026-09-26 02:00:55.128] [SFX] {"sound": "civ_move_1", "volume": 0.17}
[2026-09-26 02:00:55.259] [SFX] {"sound": "civ_move_2", "volume": 0.07}
[2026-09-26 02:00:55.512] [SFX] {"sound": "civ_move_2", "volume": 0.08}
[2026-09-26 02:00:55.536] [SFX] {"sound": "civ_move_1", "volume": 0.11}
[2026-09-26 02:00:55.537] [SFX] {"sound": "civ_move_1", "volume": 0.18}
[2026-09-26 02:00:55.664] [SFX] {"sound": "civ_move_2", "volume": 0.07}
[2026-09-26 02:00:55.895] [SFX] {"sound": "civ_move_2", "volume": 0.16}
[2026-09-26 02:00:55.929] [SFX] {"sound": "civ_move_1", "volume": 0.1}
[2026-09-26 02:00:55.930] [SFX] {"sound": "civ_move_1", "volume": 0.19}
[2026-09-26 02:00:55.931] [SFX] {"sound": "civ_move_2", "volume": 0.08}
[2026-09-26 02:00:56.079] [SFX] {"sound": "civ_move_2", "volume": 0.06}
[2026-09-26 02:00:56.111] [M] {"button": 5, "pos": [319, 253], "ui_clicked": true}
[2026-09-26 02:00:56.299] [SFX] {"sound": "civ_move_2", "volume": 0.16}
[2026-09-26 02:00:56.333] [SFX] {"sound": "civ_move_1", "volume": 0.09}
[2026-09-26 02:00:56.334] [SFX] {"sound": "civ_move_1", "volume": 0.2}
[2026-09-26 02:00:56.334] [SFX] {"sound": "civ_move_2", "volume": 0.07}
[2026-09-26 02:00:56.381] [M] {"button": 4, "pos": [319, 253], "ui_clicked": true}
[2026-09-26 02:00:56.731] [SFX] {"sound": "civ_move_2", "volume": 0.16}
[2026-09-26 02:00:56.752] [SFX] {"sound": "civ_move_1", "volume": 0.08}
[2026-09-26 02:00:56.753] [SFX] {"sound": "civ_move_1", "volume": 0.21}
[2026-09-26 02:00:56.754] [SFX] {"sound": "civ_move_2", "volume": 0.06}
[2026-09-26 02:00:56.797] [M] {"button": 4, "pos": [319, 253], "ui_clicked": true}
[2026-09-26 02:00:56.844] [SFX] {"sound": "civ_move_2", "volume": 0.16}
[2026-09-26 02:00:56.858] [M] {"button": 4, "pos": [319, 253], "ui_clicked": true}
[2026-09-26 02:00:57.131] [SFX] {"sound": "civ_move_2", "volume": 0.15}
[2026-09-26 02:00:57.152] [SFX] {"sound": "civ_move_1", "volume": 0.07}
[2026-09-26 02:00:57.153] [SFX] {"sound": "civ_move_1", "volume": 0.22}
[2026-09-26 02:00:57.154] [SFX] {"sound": "civ_move_2", "volume": 0.05}
[2026-09-26 02:00:57.246] [SFX] {"sound": "civ_move_2", "volume": 0.16}
[2026-09-26 02:00:57.268] [C] {"civ_pos": [206, 42]}
[2026-09-26 02:00:57.534] [SFX] {"sound": "civ_move_2", "volume": 0.15}
[2026-09-26 02:00:57.557] [SFX] {"sound": "civ_move_1", "volume": 0.07}
[2026-09-26 02:00:57.558] [SFX] {"sound": "civ_move_1", "volume": 0.23}
[2026-09-26 02:00:57.558] [SFX] {"sound": "civ_move_2", "volume": 0.05}
[2026-09-26 02:00:57.654] [SFX] {"sound": "civ_move_2", "volume": 0.16}
[2026-09-26 02:00:57.939] [SFX] {"sound": "civ_move_2", "volume": 0.15}
[2026-09-26 02:00:57.963] [SFX] {"sound": "civ_move_1", "volume": 0.06}
[2026-09-26 02:00:57.963] [SFX] {"sound": "civ_move_1", "volume": 0.24}
[2026-09-26 02:00:57.964] [SFX] {"sound": "civ_move_2", "volume": 0.04}
[2026-09-26 02:00:58.076] [SFX] {"sound": "civ_move_2", "volume": 0.16}
[2026-09-26 02:00:58.345] [SFX] {"sound": "civ_move_2", "volume": 0.15}
[2026-09-26 02:00:58.379] [SFX] {"sound": "civ_move_1", "volume": 0.05}
[2026-09-26 02:00:58.380] [SFX] {"sound": "civ_move_1", "volume": 0.29}
[2026-09-26 02:00:58.382] [SFX] {"sound": "civ_move_2", "volume": 0.04}
[2026-09-26 02:00:58.477] [SFX] {"sound": "civ_move_2", "volume": 0.15}
[2026-09-26 02:00:58.755] [SFX] {"sound": "civ_move_2", "volume": 0.14}
[2026-09-26 02:00:58.778] [SFX] {"sound": "civ_move_1", "volume": 0.04}
[2026-09-26 02:00:58.779] [SFX] {"sound": "civ_move_1", "volume": 0.28}
[2026-09-26 02:00:58.779] [SFX] {"sound": "civ_move_2", "volume": 0.04}
[2026-09-26 02:00:58.891] [SFX] {"sound": "civ_move_2", "volume": 0.15}
[2026-09-26 02:00:59.160] [SFX] {"sound": "civ_move_2", "volume": 0.14}
[2026-09-26 02:00:59.182] [SFX] {"sound": "civ_move_1", "volume": 0.03}
[2026-09-26 02:00:59.183] [SFX] {"sound": "civ_move_1", "volume": 0.26}
[2026-09-26 02:00:59.183] [SFX] {"sound": "civ_move_2", "volume": 0.03}
[2026-09-26 02:00:59.295] [M] {"button": 5, "pos": [319, 253], "ui_clicked": true}
[2026-09-26 02:00:59.309] [SFX] {"sound": "civ_move_2", "volume": 0.15}
[2026-09-26 02:00:59.320] [M] {"button": 5, "pos": [319, 253], "ui_clicked": true}
[2026-09-26 02:00:59.561] [SFX] {"sound": "civ_move_2", "volume": 0.13}
[2026-09-26 02:00:59.595] [SFX] {"sound": "civ_move_1", "volume": 0.02}
[2026-09-26 02:00:59.595] [SFX] {"sound": "civ_move_1", "volume": 0.25}
[2026-09-26 02:00:59.596] [SFX] {"sound": "civ_move_2", "volume": 0.03}
[2026-09-26 02:00:59.678] [M] {"button": 5, "pos": [329, 274], "ui_clicked": true}
[2026-09-26 02:00:59.715] [M] {"button": 5, "pos": [330, 277], "ui_clicked": true}
[2026-09-26 02:00:59.730] [SFX] {"sound": "civ_move_2", "volume": 0.14}
[2026-09-26 02:00:59.741] [M] {"button": 5, "pos": [330, 277], "ui_clicked": true}
[2026-09-26 02:00:59.764] [M] {"button": 5, "pos": [331, 278], "ui_clicked": true}
[2026-09-26 02:00:59.791] [M] {"button": 5, "pos": [332, 280], "ui_clicked": true}
[2026-09-26 02:00:59.963] [SFX] {"sound": "civ_move_2", "volume": 0.13}
[2026-09-26 02:00:59.998] [SFX] {"sound": "civ_move_1", "volume": 0.01}
[2026-09-26 02:00:59.998] [SFX] {"sound": "civ_move_1", "volume": 0.24}
[2026-09-26 02:00:59.999] [SFX] {"sound": "civ_move_2", "volume": 0.02}
[2026-09-26 02:01:00.131] [SFX] {"sound": "civ_move_2", "volume": 0.14}
[2026-09-26 02:01:00.378] [SFX] {"sound": "civ_move_2", "volume": 0.12}
[2026-09-26 02:01:00.412] [SFX] {"sound": "civ_move_1", "volume": 0.23}
[2026-09-26 02:01:00.413] [SFX] {"sound": "civ_move_2", "volume": 0.02}
[2026-09-26 02:01:00.530] [SFX] {"sound": "civ_move_2", "volume": 0.14}
[2026-09-26 02:01:00.726] [M] {"button": 4, "pos": [331, 275], "ui_clicked": true}
[2026-09-26 02:01:00.753] [JACK] Ich durchwühle mein Cyberdeck-Inventar. Welches Tool brauchen wir?
[2026-09-26 02:01:00.763] [M] {"button": 4, "pos": [331, 275], "ui_clicked": true}
[2026-09-26 02:01:00.787] [SFX] {"sound": "civ_move_2", "volume": 0.11}
[2026-09-26 02:01:00.820] [SFX] {"sound": "civ_move_1", "volume": 0.21}
[2026-09-26 02:01:00.820] [SFX] {"sound": "civ_move_2", "volume": 0.01}
[2026-09-26 02:01:00.935] [SFX] {"sound": "civ_move_2", "volume": 0.13}
[2026-09-26 02:01:01.201] [SFX] {"sound": "civ_move_2", "volume": 0.11}
[2026-09-26 02:01:01.233] [SFX] {"sound": "civ_move_1", "volume": 0.2}
[2026-09-26 02:01:01.233] [SFX] {"sound": "civ_move_2", "volume": 0.01}
[2026-09-26 02:01:01.345] [SFX] {"sound": "civ_move_2", "volume": 0.12}
[2026-09-26 02:01:01.614] [SFX] {"sound": "civ_move_2", "volume": 0.1}
[2026-09-26 02:01:01.647] [SFX] {"sound": "civ_move_1", "volume": 0.19}
[2026-09-26 02:01:01.647] [SFX] {"sound": "civ_move_2", "volume": 0.02}
[2026-09-26 02:01:01.747] [SFX] {"sound": "civ_move_2", "volume": 0.12}
[2026-09-26 02:01:02.029] [SFX] {"sound": "civ_move_2", "volume": 0.09}
[2026-09-26 02:01:02.060] [SFX] {"sound": "civ_move_1", "volume": 0.18}
[2026-09-26 02:01:02.158] [SFX] {"sound": "civ_move_2", "volume": 0.0}
[2026-09-26 02:01:02.159] [SFX] {"sound": "civ_move_2", "volume": 0.11}
[2026-09-26 02:01:02.443] [SFX] {"sound": "civ_move_2", "volume": 0.08}
[2026-09-26 02:01:02.477] [SFX] {"sound": "civ_move_1", "volume": 0.17}
[2026-09-26 02:01:02.574] [SFX] {"sound": "civ_move_2", "volume": 0.01}
[2026-09-26 02:01:02.575] [SFX] {"sound": "civ_move_2", "volume": 0.1}
[2026-09-26 02:01:02.855] [SFX] {"sound": "civ_move_2", "volume": 0.07}
[2026-09-26 02:01:02.888] [SFX] {"sound": "civ_move_1", "volume": 0.15}
[2026-09-26 02:01:02.988] [SFX] {"sound": "civ_move_2", "volume": 0.02}
[2026-09-26 02:01:02.989] [SFX] {"sound": "civ_move_2", "volume": 0.09}
[2026-09-26 02:01:03.256] [SFX] {"sound": "civ_move_2", "volume": 0.06}
[2026-09-26 02:01:03.289] [SFX] {"sound": "civ_move_1", "volume": 0.15}
[2026-09-26 02:01:03.404] [SFX] {"sound": "civ_move_2", "volume": 0.03}
[2026-09-26 02:01:03.405] [SFX] {"sound": "civ_move_2", "volume": 0.09}
[2026-09-26 02:01:03.699] [SFX] {"sound": "civ_move_1", "volume": 0.15}
[2026-09-26 02:01:03.815] [SFX] {"sound": "civ_move_2", "volume": 0.04}
[2026-09-26 02:01:03.816] [SFX] {"sound": "civ_move_2", "volume": 0.08}
[2026-09-26 02:01:04.100] [SFX] {"sound": "civ_move_1", "volume": 0.15}
[2026-09-26 02:01:04.217] [SFX] {"sound": "civ_move_2", "volume": 0.05}
[2026-09-26 02:01:04.217] [SFX] {"sound": "civ_move_2", "volume": 0.07}
[2026-09-26 02:01:04.431] [SFX] {"sound": "civ_move_1", "volume": 0.17}
[2026-09-26 02:01:04.515] [SFX] {"sound": "civ_move_1", "volume": 0.14}
[2026-09-26 02:01:04.631] [SFX] {"sound": "civ_move_2", "volume": 0.06}
[2026-09-26 02:01:04.832] [SFX] {"sound": "civ_move_1", "volume": 0.16}
[2026-09-26 02:01:04.916] [SFX] {"sound": "civ_move_1", "volume": 0.14}
[2026-09-26 02:01:05.031] [SFX] {"sound": "civ_move_2", "volume": 0.07}
[2026-09-26 02:01:05.032] [SFX] {"sound": "civ_move_2", "volume": 0.05}
[2026-09-26 02:01:05.264] [SFX] {"sound": "civ_move_1", "volume": 0.15}
[2026-09-26 02:01:05.329] [SFX] {"sound": "civ_move_1", "volume": 0.13}
[2026-09-26 02:01:05.445] [SFX] {"sound": "civ_move_2", "volume": 0.08}
[2026-09-26 02:01:05.445] [SFX] {"sound": "civ_move_2", "volume": 0.04}
[2026-09-26 02:01:05.676] [SFX] {"sound": "civ_move_1", "volume": 0.15}
[2026-09-26 02:01:05.742] [SFX] {"sound": "civ_move_1", "volume": 0.13}
[2026-09-26 02:01:05.860] [SFX] {"sound": "civ_move_2", "volume": 0.09}
[2026-09-26 02:01:05.861] [SFX] {"sound": "civ_move_2", "volume": 0.03}
[2026-09-26 02:01:06.092] [SFX] {"sound": "civ_move_1", "volume": 0.16}
[2026-09-26 02:01:06.142] [SFX] {"sound": "civ_move_1", "volume": 0.12}
[2026-09-26 02:01:06.260] [SFX] {"sound": "civ_move_2", "volume": 0.1}
[2026-09-26 02:01:06.261] [SFX] {"sound": "civ_move_2", "volume": 0.02}
[2026-09-26 02:01:06.494] [SFX] {"sound": "civ_move_1", "volume": 0.15}
[2026-09-26 02:01:06.527] [SFX] {"sound": "guardian_move", "volume": 0.01}
[2026-09-26 02:01:06.549] [SFX] {"sound": "civ_move_1", "volume": 0.12}
[2026-09-26 02:01:06.661] [SFX] {"sound": "civ_move_2", "volume": 0.11}
[2026-09-26 02:01:06.662] [SFX] {"sound": "civ_move_2", "volume": 0.01}
[2026-09-26 02:01:06.908] [SFX] {"sound": "civ_move_1", "volume": 0.15}
[2026-09-26 02:01:06.957] [SFX] {"sound": "civ_move_1", "volume": 0.11}
[2026-09-26 02:01:07.040] [SENTINEL_EMPTIED_IOT] {"iot": "watcher", "stolen_data": 3, "had_jack_sighting": false, "node": [174, 18]}
[2026-09-26 02:01:07.084] [JACK] Der Sentinel hat Kameradaten aus dem IoT-Node ausgelesen... Er kennt jetzt meine Frequenz!
[2026-09-26 02:01:07.103] [SFX] {"sound": "civ_move_2", "volume": 0.12}
[2026-09-26 02:01:07.148] [SFX] {"sound": "guardian_move", "volume": 0.02}
[2026-09-26 02:01:07.262] [M] {"button": 4, "pos": [286, 185], "ui_clicked": true}
[2026-09-26 02:01:07.319] [SFX] {"sound": "civ_move_1", "volume": 0.14}
[2026-09-26 02:01:07.367] [SFX] {"sound": "civ_move_1", "volume": 0.1}
[2026-09-26 02:01:07.500] [SFX] {"sound": "civ_move_2", "volume": 0.13}
[2026-09-26 02:01:07.732] [SFX] {"sound": "civ_move_1", "volume": 0.13}
[2026-09-26 02:01:07.783] [SFX] {"sound": "civ_move_1", "volume": 0.09}
[2026-09-26 02:01:07.903] [SFX] {"sound": "civ_move_2", "volume": 0.14}
[2026-09-26 02:01:08.135] [SFX] {"sound": "civ_move_1", "volume": 0.12}
[2026-09-26 02:01:08.186] [SFX] {"sound": "civ_move_1", "volume": 0.08}
[2026-09-26 02:01:08.318] [SFX] {"sound": "civ_move_2", "volume": 0.15}
[2026-09-26 02:01:08.535] [SFX] {"sound": "civ_move_1", "volume": 0.11}
[2026-09-26 02:01:08.586] [SFX] {"sound": "civ_move_1", "volume": 0.07}
[2026-09-26 02:01:08.686] [SFX] {"sound": "guardian_move", "volume": 0.01}
[2026-09-26 02:01:08.719] [SFX] {"sound": "civ_move_2", "volume": 0.16}
[2026-09-26 02:01:08.720] [SFX] {"sound": "civ_move_1", "volume": 0.0}
[2026-09-26 02:01:08.950] [SFX] {"sound": "civ_move_1", "volume": 0.1}
[2026-09-26 02:01:09.000] [SFX] {"sound": "civ_move_1", "volume": 0.07}
[2026-09-26 02:01:09.134] [SFX] {"sound": "civ_move_2", "volume": 0.17}
[2026-09-26 02:01:09.135] [SFX] {"sound": "civ_move_1", "volume": 0.01}
[2026-09-26 02:01:09.285] [SFX] {"sound": "guardian_move", "volume": 0.03}
[2026-09-26 02:01:09.354] [SFX] {"sound": "civ_move_1", "volume": 0.09}
[2026-09-26 02:01:09.404] [SFX] {"sound": "civ_move_1", "volume": 0.06}
[2026-09-26 02:01:09.543] [SFX] {"sound": "civ_move_2", "volume": 0.18}
[2026-09-26 02:01:09.543] [SFX] {"sound": "civ_move_1", "volume": 0.02}
[2026-09-26 02:01:09.758] [SFX] {"sound": "civ_move_1", "volume": 0.09}
[2026-09-26 02:01:09.808] [SFX] {"sound": "civ_move_1", "volume": 0.05}
[2026-09-26 02:01:09.891] [SFX] {"sound": "guardian_move", "volume": 0.05}
[2026-09-26 02:01:09.956] [SFX] {"sound": "civ_move_2", "volume": 0.19}
[2026-09-26 02:01:09.957] [SFX] {"sound": "civ_move_1", "volume": 0.03}
[2026-09-26 02:01:10.172] [SFX] {"sound": "civ_move_1", "volume": 0.08}
[2026-09-26 02:01:10.223] [SFX] {"sound": "civ_move_1", "volume": 0.04}
[2026-09-26 02:01:10.372] [SFX] {"sound": "civ_move_2", "volume": 0.2}
[2026-09-26 02:01:10.373] [SFX] {"sound": "civ_move_1", "volume": 0.04}
[2026-09-26 02:01:10.504] [SFX] {"sound": "guardian_move", "volume": 0.07}
[2026-09-26 02:01:10.586] [SFX] {"sound": "civ_move_1", "volume": 0.07}
[2026-09-26 02:01:10.636] [SFX] {"sound": "civ_move_1", "volume": 0.03}
[2026-09-26 02:01:10.786] [SFX] {"sound": "civ_move_2", "volume": 0.21}
[2026-09-26 02:01:10.787] [SFX] {"sound": "civ_move_1", "volume": 0.05}
[2026-09-26 02:01:11.002] [SFX] {"sound": "civ_move_1", "volume": 0.06}
[2026-09-26 02:01:11.035] [SFX] {"sound": "civ_move_1", "volume": 0.02}
[2026-09-26 02:01:11.036] [SFX] {"sound": "civ_move_1", "volume": 0.0}
[2026-09-26 02:01:11.119] [SFX] {"sound": "guardian_move", "volume": 0.09}
[2026-09-26 02:01:11.188] [SFX] {"sound": "civ_move_2", "volume": 0.22}
[2026-09-26 02:01:11.189] [SFX] {"sound": "civ_move_1", "volume": 0.06}
[2026-09-26 02:01:11.405] [SFX] {"sound": "civ_move_1", "volume": 0.05}
[2026-09-26 02:01:11.406] [C] {"civ_pos": [206, 42]}
[2026-09-26 02:01:11.458] [SFX] {"sound": "civ_move_1", "volume": 0.0}
[2026-09-26 02:01:11.458] [SFX] {"sound": "civ_move_1", "volume": 0.01}
[2026-09-26 02:01:11.605] [SFX] {"sound": "civ_move_2", "volume": 0.23}
[2026-09-26 02:01:11.605] [SFX] {"sound": "civ_move_1", "volume": 0.07}
[2026-09-26 02:01:11.720] [SFX] {"sound": "guardian_move", "volume": 0.11}
[2026-09-26 02:01:11.821] [SFX] {"sound": "civ_move_1", "volume": 0.04}
[2026-09-26 02:01:11.871] [SFX] {"sound": "civ_move_1", "volume": 0.02}
[2026-09-26 02:01:11.905] [SFX] {"sound": "civ_move_2", "volume": 0.04}
[2026-09-26 02:01:12.025] [SFX] {"sound": "civ_move_2", "volume": 0.24}
[2026-09-26 02:01:12.026] [SFX] {"sound": "civ_move_1", "volume": 0.08}
[2026-09-26 02:01:12.226] [SFX] {"sound": "civ_move_1", "volume": 0.03}
[2026-09-26 02:01:12.307] [SFX] {"sound": "civ_move_2", "volume": 0.05}
[2026-09-26 02:01:12.328] [SFX] {"sound": "guardian_move", "volume": 0.12}
[2026-09-26 02:01:12.422] [SFX] {"sound": "civ_move_2", "volume": 0.29}
[2026-09-26 02:01:12.423] [SFX] {"sound": "civ_move_1", "volume": 0.09}
[2026-09-26 02:01:12.639] [SFX] {"sound": "civ_move_1", "volume": 0.02}
[2026-09-26 02:01:12.690] [SFX] {"sound": "civ_move_1", "volume": 0.04}
[2026-09-26 02:01:12.711] [SFX] {"sound": "civ_move_2", "volume": 0.04}
[2026-09-26 02:01:12.729] [SFX] {"sound": "civ_move_2", "volume": 0.06}
[2026-09-26 02:01:12.824] [SFX] {"sound": "civ_move_2", "volume": 0.28}
[2026-09-26 02:01:12.825] [SFX] {"sound": "civ_move_1", "volume": 0.1}
[2026-09-26 02:01:12.924] [SFX] {"sound": "guardian_move", "volume": 0.14}
[2026-09-26 02:01:13.055] [SFX] {"sound": "civ_move_1", "volume": 0.01}
[2026-09-26 02:01:13.090] [SFX] {"sound": "civ_move_1", "volume": 0.05}
[2026-09-26 02:01:13.112] [SFX] {"sound": "civ_move_2", "volume": 0.04}
[2026-09-26 02:01:13.129] [SFX] {"sound": "civ_move_2", "volume": 0.07}
[2026-09-26 02:01:13.148] [SFX] {"sound": "civ_move_2", "volume": 0.06}
[2026-09-26 02:01:13.226] [SFX] {"sound": "civ_move_2", "volume": 0.27}
[2026-09-26 02:01:13.227] [SFX] {"sound": "civ_move_1", "volume": 0.11}
[2026-09-26 02:01:13.493] [SFX] {"sound": "civ_move_1", "volume": 0.06}
[2026-09-26 02:01:13.516] [SFX] {"sound": "civ_move_2", "volume": 0.05}
[2026-09-26 02:01:13.533] [SFX] {"sound": "guardian_move", "volume": 0.15}
[2026-09-26 02:01:13.534] [SFX] {"sound": "civ_move_2", "volume": 0.07}
[2026-09-26 02:01:13.556] [SFX] {"sound": "civ_move_2", "volume": 0.06}
[2026-09-26 02:01:13.632] [SFX] {"sound": "civ_move_2", "volume": 0.26}
[2026-09-26 02:01:13.633] [SFX] {"sound": "civ_move_1", "volume": 0.11}
[2026-09-26 02:01:13.894] [SFX] {"sound": "civ_move_1", "volume": 0.07}
[2026-09-26 02:01:13.928] [SFX] {"sound": "civ_move_2", "volume": 0.08}
[2026-09-26 02:01:13.929] [SFX] {"sound": "civ_move_2", "volume": 0.05}
[2026-09-26 02:01:14.043] [SFX] {"sound": "civ_move_2", "volume": 0.24}
[2026-09-26 02:01:14.044] [SFX] {"sound": "civ_move_1", "volume": 0.12}
[2026-09-26 02:01:14.142] [SFX] {"sound": "guardian_move", "volume": 0.17}
[2026-09-26 02:01:14.307] [SFX] {"sound": "civ_move_1", "volume": 0.08}
[2026-09-26 02:01:14.341] [SFX] {"sound": "civ_move_2", "volume": 0.09}
[2026-09-26 02:01:14.342] [SFX] {"sound": "civ_move_2", "volume": 0.04}
[2026-09-26 02:01:14.377] [SFX] {"sound": "civ_move_2", "volume": 0.07}
[2026-09-26 02:01:14.459] [SFX] {"sound": "civ_move_2", "volume": 0.23}
[2026-09-26 02:01:14.459] [SFX] {"sound": "civ_move_1", "volume": 0.13}
[2026-09-26 02:01:14.721] [SFX] {"sound": "civ_move_1", "volume": 0.09}
[2026-09-26 02:01:14.758] [SFX] {"sound": "guardian_move", "volume": 0.18}
[2026-09-26 02:01:14.758] [SFX] {"sound": "civ_move_2", "volume": 0.1}
[2026-09-26 02:01:14.759] [SFX] {"sound": "civ_move_2", "volume": 0.03}
[2026-09-26 02:01:14.782] [SFX] {"sound": "civ_move_2", "volume": 0.07}
[2026-09-26 02:01:14.858] [SFX] {"sound": "civ_move_2", "volume": 0.22}
[2026-09-26 02:01:14.859] [SFX] {"sound": "civ_move_1", "volume": 0.13}
[2026-09-26 02:01:15.130] [SFX] {"sound": "civ_move_1", "volume": 0.1}
[2026-09-26 02:01:15.163] [SFX] {"sound": "civ_move_2", "volume": 0.11}
[2026-09-26 02:01:15.163] [SFX] {"sound": "civ_move_2", "volume": 0.02}
[2026-09-26 02:01:15.185] [SFX] {"sound": "civ_move_2", "volume": 0.08}
[2026-09-26 02:01:15.262] [SFX] {"sound": "civ_move_2", "volume": 0.21}
[2026-09-26 02:01:15.263] [SFX] {"sound": "civ_move_1", "volume": 0.14}
[2026-09-26 02:01:15.365] [SFX] {"sound": "guardian_move", "volume": 0.19}
[2026-09-26 02:01:15.530] [SFX] {"sound": "civ_move_1", "volume": 0.11}
[2026-09-26 02:01:15.564] [SFX] {"sound": "civ_move_2", "volume": 0.12}
[2026-09-26 02:01:15.565] [SFX] {"sound": "civ_move_2", "volume": 0.01}
[2026-09-26 02:01:15.586] [SFX] {"sound": "civ_move_2", "volume": 0.09}
[2026-09-26 02:01:15.662] [SFX] {"sound": "civ_move_2", "volume": 0.19}
[2026-09-26 02:01:15.663] [SFX] {"sound": "civ_move_1", "volume": 0.14}
[2026-09-26 02:01:15.945] [SFX] {"sound": "civ_move_1", "volume": 0.11}
[2026-09-26 02:01:15.978] [SFX] {"sound": "guardian_move", "volume": 0.2}
[2026-09-26 02:01:15.979] [SFX] {"sound": "civ_move_2", "volume": 0.12}
[2026-09-26 02:01:16.000] [SFX] {"sound": "civ_move_2", "volume": 0.09}
[2026-09-26 02:01:16.063] [SFX] {"sound": "civ_move_2", "volume": 0.18}
[2026-09-26 02:01:16.063] [SFX] {"sound": "civ_move_1", "volume": 0.15}
[2026-09-26 02:01:16.360] [SFX] {"sound": "civ_move_1", "volume": 0.12}
[2026-09-26 02:01:16.394] [SFX] {"sound": "civ_move_2", "volume": 0.13}
[2026-09-26 02:01:16.416] [SFX] {"sound": "civ_move_2", "volume": 0.09}
[2026-09-26 02:01:16.477] [SFX] {"sound": "civ_move_2", "volume": 0.17}
[2026-09-26 02:01:16.477] [SFX] {"sound": "civ_move_1", "volume": 0.15}
[2026-09-26 02:01:16.592] [SFX] {"sound": "guardian_move", "volume": 0.2}
[2026-09-26 02:01:16.775] [SFX] {"sound": "civ_move_1", "volume": 0.13}
[2026-09-26 02:01:16.807] [SFX] {"sound": "civ_move_2", "volume": 0.13}
[2026-09-26 02:01:16.829] [SFX] {"sound": "civ_move_2", "volume": 0.1}
[2026-09-26 02:01:16.892] [SFX] {"sound": "civ_move_2", "volume": 0.16}
[2026-09-26 02:01:16.893] [SFX] {"sound": "civ_move_1", "volume": 0.15}
[2026-09-26 02:01:17.175] [SFX] {"sound": "civ_move_1", "volume": 0.13}
[2026-09-26 02:01:17.208] [SFX] {"sound": "guardian_move", "volume": 0.2}
[2026-09-26 02:01:17.209] [SFX] {"sound": "civ_move_2", "volume": 0.14}
[2026-09-26 02:01:17.231] [SFX] {"sound": "civ_move_2", "volume": 0.11}
[2026-09-26 02:01:17.294] [SFX] {"sound": "civ_move_2", "volume": 0.15}
[2026-09-26 02:01:17.294] [SFX] {"sound": "civ_move_1", "volume": 0.15}
[2026-09-26 02:01:17.575] [SFX] {"sound": "civ_move_1", "volume": 0.14}
[2026-09-26 02:01:17.624] [SFX] {"sound": "civ_move_2", "volume": 0.14}
[2026-09-26 02:01:17.647] [SFX] {"sound": "civ_move_2", "volume": 0.12}
[2026-09-26 02:01:17.709] [SFX] {"sound": "civ_move_2", "volume": 0.15}
[2026-09-26 02:01:17.710] [SFX] {"sound": "civ_move_1", "volume": 0.16}
[2026-09-26 02:01:17.810] [SFX] {"sound": "guardian_move", "volume": 0.23}
[2026-09-26 02:01:17.810] [SFX] {"sound": "civ_move_1", "volume": 0.04}
[2026-09-26 02:01:17.975] [SFX] {"sound": "civ_move_1", "volume": 0.14}
[2026-09-26 02:01:18.040] [SFX] {"sound": "civ_move_2", "volume": 0.15}
[2026-09-26 02:01:18.041] [SFX] {"sound": "civ_move_2", "volume": 0.13}
[2026-09-26 02:01:18.123] [SFX] {"sound": "civ_move_2", "volume": 0.15}
[2026-09-26 02:01:18.123] [SFX] {"sound": "civ_move_1", "volume": 0.17}
[2026-09-26 02:01:18.222] [SFX] {"sound": "civ_move_1", "volume": 0.05}
[2026-09-26 02:01:18.375] [SFX] {"sound": "civ_move_1", "volume": 0.15}
[2026-09-26 02:01:18.410] [SFX] {"sound": "guardian_move", "volume": 0.25}
[2026-09-26 02:01:18.446] [SFX] {"sound": "civ_move_2", "volume": 0.15}
[2026-09-26 02:01:18.447] [SFX] {"sound": "civ_move_2", "volume": 0.14}
[2026-09-26 02:01:18.529] [SFX] {"sound": "civ_move_1", "volume": 0.18}
[2026-09-26 02:01:18.645] [SFX] {"sound": "civ_move_1", "volume": 0.06}
[2026-09-26 02:01:18.778] [SFX] {"sound": "civ_move_1", "volume": 0.15}
[2026-09-26 02:01:18.846] [SFX] {"sound": "civ_move_2", "volume": 0.15}
[2026-09-26 02:01:18.847] [SFX] {"sound": "civ_move_2", "volume": 0.14}
[2026-09-26 02:01:18.929] [SFX] {"sound": "civ_move_1", "volume": 0.2}
[2026-09-26 02:01:19.011] [SFX] {"sound": "guardian_move", "volume": 0.28}
[2026-09-26 02:01:19.061] [SFX] {"sound": "civ_move_1", "volume": 0.07}
[2026-09-26 02:01:19.077] [M] {"button": 1, "pos": [346, 325], "ui_clicked": true}
[2026-09-26 02:01:19.124] [JACK] Ich durchwühle mein Cyberdeck-Inventar. Welches Tool brauchen wir?
[2026-09-26 02:01:19.184] [SFX] {"sound": "civ_move_1", "volume": 0.15}
[2026-09-26 02:01:19.253] [SFX] {"sound": "civ_move_2", "volume": 0.15}
[2026-09-26 02:01:19.335] [SFX] {"sound": "civ_move_2", "volume": 0.14}
[2026-09-26 02:01:19.335] [SFX] {"sound": "civ_move_1", "volume": 0.21}
[2026-09-26 02:01:19.467] [SFX] {"sound": "civ_move_1", "volume": 0.07}
[2026-09-26 02:01:19.598] [SFX] {"sound": "civ_move_1", "volume": 0.15}
[2026-09-26 02:01:19.620] [SFX] {"sound": "guardian_move", "volume": 0.3}
[2026-09-26 02:01:19.646] [SFX] {"sound": "civ_move_2", "volume": 0.04}
[2026-09-26 02:01:19.669] [SFX] {"sound": "civ_move_2", "volume": 0.16}
[2026-09-26 02:01:19.744] [SFX] {"sound": "civ_move_2", "volume": 0.13}
[2026-09-26 02:01:19.745] [SFX] {"sound": "civ_move_1", "volume": 0.22}
[2026-09-26 02:01:19.875] [SFX] {"sound": "civ_move_1", "volume": 0.08}
[2026-09-26 02:01:20.009] [SFX] {"sound": "civ_move_1", "volume": 0.16}
[2026-09-26 02:01:20.063] [SFX] {"sound": "civ_move_2", "volume": 0.15}
[2026-09-26 02:01:20.063] [SFX] {"sound": "civ_move_2", "volume": 0.05}
[2026-09-26 02:01:20.144] [SFX] {"sound": "civ_move_2", "volume": 0.13}
[2026-09-26 02:01:20.145] [SFX] {"sound": "civ_move_1", "volume": 0.23}
[2026-09-26 02:01:20.227] [SFX] {"sound": "guardian_move", "volume": 0.32}
[2026-09-26 02:01:20.278] [SFX] {"sound": "civ_move_1", "volume": 0.09}
[2026-09-26 02:01:20.410] [SFX] {"sound": "civ_move_1", "volume": 0.17}
[2026-09-26 02:01:20.477] [SFX] {"sound": "civ_move_2", "volume": 0.15}
[2026-09-26 02:01:20.499] [SFX] {"sound": "civ_move_2", "volume": 0.06}
[2026-09-26 02:01:20.547] [SFX] {"sound": "civ_move_2", "volume": 0.12}
[2026-09-26 02:01:20.548] [SFX] {"sound": "civ_move_1", "volume": 0.25}
[2026-09-26 02:01:20.569] [SFX] {"sound": "civ_move_2", "volume": 0.16}
[2026-09-26 02:01:20.682] [SFX] {"sound": "civ_move_1", "volume": 0.1}
[2026-09-26 02:01:20.819] [SFX] {"sound": "civ_move_1", "volume": 0.19}
[2026-09-26 02:01:20.842] [SFX] {"sound": "guardian_move", "volume": 0.35}
[2026-09-26 02:01:20.902] [SFX] {"sound": "civ_move_2", "volume": 0.07}
[2026-09-26 02:01:20.950] [M] {"button": 1, "pos": [320, 232], "ui_clicked": false}
[2026-09-26 02:01:20.958] [SFX] {"sound": "civ_move_2", "volume": 0.11}
[2026-09-26 02:01:20.959] [SFX] {"sound": "civ_move_1", "volume": 0.26}
[2026-09-26 02:01:20.975] [SFX] {"sound": "civ_move_2", "volume": 0.16}
[2026-09-26 02:01:21.082] [SFX] {"sound": "civ_move_1", "volume": 0.11}
[2026-09-26 02:01:21.166] [SFX] {"sound": "threat_pulse", "volume": 0.31}
[2026-09-26 02:01:21.232] [SFX] {"sound": "civ_move_1", "volume": 0.2}
[2026-09-26 02:01:21.313] [SFX] {"sound": "civ_move_2", "volume": 0.08}
[2026-09-26 02:01:21.362] [SFX] {"sound": "civ_move_2", "volume": 0.1}
[2026-09-26 02:01:21.363] [SFX] {"sound": "civ_move_1", "volume": 0.27}
[2026-09-26 02:01:21.397] [SFX] {"sound": "civ_move_2", "volume": 0.16}
[2026-09-26 02:01:21.446] [SFX] {"sound": "guardian_move", "volume": 0.37}
[2026-09-26 02:01:21.496] [SFX] {"sound": "civ_move_1", "volume": 0.12}
[2026-09-26 02:01:21.595] [M] {"button": 1, "pos": [322, 234], "ui_clicked": false}
[2026-09-26 02:01:21.603] [P] {"start": [206, 40], "goal": [206, 46], "length": 1, "is_direction_change": false}
[2026-09-26 02:01:21.604] [SFX] {"sound": "click_target", "volume": 0.66}
[2026-09-26 02:01:21.629] [JACK] Wache in Reichweite! Bei 100% Threat greift er direkt an. Ohne Credits gibt's Saures, wenn er mich stellt!
[2026-09-26 02:01:21.645] [SFX] {"sound": "civ_move_1", "volume": 0.21}
[2026-09-26 02:01:21.722] [SFX] {"sound": "civ_move_2", "volume": 0.07}
[2026-09-26 02:01:21.772] [SFX] {"sound": "player_move", "volume": 0.4}
[2026-09-26 02:01:21.773] [SFX] {"sound": "civ_move_2", "volume": 0.08}
[2026-09-26 02:01:21.774] [SFX] {"sound": "civ_move_1", "volume": 0.26}
[2026-09-26 02:01:21.805] [SFX] {"sound": "civ_move_2", "volume": 0.12}
[2026-09-26 02:01:21.839] [SFX] {"sound": "civ_move_1", "volume": 0.03}
[2026-09-26 02:01:21.905] [SFX] {"sound": "civ_move_1", "volume": 0.08}
[2026-09-26 02:01:22.055] [SFX] {"sound": "guardian_move", "volume": 0.34}
[2026-09-26 02:01:22.056] [SFX] {"sound": "civ_move_1", "volume": 0.18}
[2026-09-26 02:01:22.078] [SFX] {"sound": "threat_pulse", "volume": 0.32}
[2026-09-26 02:01:22.138] [SFX] {"sound": "civ_move_2", "volume": 0.06}
[2026-09-26 02:01:22.187] [SFX] {"sound": "civ_move_2", "volume": 0.05}
[2026-09-26 02:01:22.188] [SFX] {"sound": "civ_move_1", "volume": 0.25}
[2026-09-26 02:01:22.221] [SFX] {"sound": "civ_move_2", "volume": 0.1}
[2026-09-26 02:01:22.238] [M] {"button": 1, "pos": [322, 234], "ui_clicked": false}
[2026-09-26 02:01:22.247] [P] {"start": [206, 46], "goal": [206, 52], "length": 1, "is_direction_change": false}
[2026-09-26 02:01:22.247] [SFX] {"sound": "click_target", "volume": 0.67}
[2026-09-26 02:01:22.282] [JACK] Verdammt, der Sentinel kreist um mich! Ich kann versuchen ihn mit 50 Credits zu schmieren oder mit 'ner Ausrede zu blöffen.
[2026-09-26 02:01:22.283] [SFX] {"sound": "civ_move_1", "volume": 0.04}
[2026-09-26 02:01:22.312] [SFX] {"sound": "civ_move_1", "volume": 0.08}
[2026-09-26 02:01:22.378] [SENTINEL_EMPTIED_IOT] {"iot": "listener", "stolen_data": 0, "had_jack_sighting": false, "node": [210, 101]}
[2026-09-26 02:01:22.405] [JACK] Der Sentinel hat Kameradaten aus dem IoT-Node ausgelesen... Er kennt jetzt meine Frequenz!
[2026-09-26 02:01:22.432] [SFX] {"sound": "player_move", "volume": 0.4}
[2026-09-26 02:01:22.465] [SFX] {"sound": "civ_move_1", "volume": 0.16}
[2026-09-26 02:01:22.548] [SFX] {"sound": "civ_move_2", "volume": 0.03}
[2026-09-26 02:01:22.598] [SFX] {"sound": "civ_move_2", "volume": 0.01}
[2026-09-26 02:01:22.599] [SFX] {"sound": "civ_move_1", "volume": 0.22}
[2026-09-26 02:01:22.633] [SFX] {"sound": "civ_move_2", "volume": 0.06}
[2026-09-26 02:01:22.664] [SFX] {"sound": "civ_move_1", "volume": 0.07}
[2026-09-26 02:01:22.687] [SFX] {"sound": "guardian_move", "volume": 0.28}
[2026-09-26 02:01:22.715] [SFX] {"sound": "civ_move_1", "volume": 0.05}
[2026-09-26 02:01:22.829] [M] {"button": 1, "pos": [322, 234], "ui_clicked": false}
[2026-09-26 02:01:22.836] [P] {"start": [206, 52], "goal": [206, 58], "length": 1, "is_direction_change": false}
[2026-09-26 02:01:22.838] [SFX] {"sound": "click_target", "volume": 0.68}
[2026-09-26 02:01:22.885] [SFX] {"sound": "civ_move_1", "volume": 0.15}
[2026-09-26 02:01:22.952] [SFX] {"sound": "civ_move_2", "volume": 0.02}
[2026-09-26 02:01:23.000] [SFX] {"sound": "civ_move_1", "volume": 0.2}
[2026-09-26 02:01:23.031] [SFX] {"sound": "player_move", "volume": 0.4}
[2026-09-26 02:01:23.055] [SFX] {"sound": "civ_move_2", "volume": 0.02}
[2026-09-26 02:01:23.071] [SFX] {"sound": "civ_move_1", "volume": 0.11}
[2026-09-26 02:01:23.129] [SFX] {"sound": "civ_move_1", "volume": 0.01}
[2026-09-26 02:01:23.130] [SFX] {"sound": "civ_move_2", "volume": 0.01}
[2026-09-26 02:01:23.293] [SFX] {"sound": "guardian_move", "volume": 0.19}
[2026-09-26 02:01:23.293] [SFX] {"sound": "civ_move_1", "volume": 0.13}
[2026-09-26 02:01:23.408] [SFX] {"sound": "civ_move_1", "volume": 0.2}
[2026-09-26 02:01:23.458] [SFX] {"sound": "civ_move_2", "volume": 0.01}
[2026-09-26 02:01:23.479] [SFX] {"sound": "civ_move_1", "volume": 0.13}
[2026-09-26 02:01:23.543] [SFX] {"sound": "civ_move_1", "volume": 0.01}
[2026-09-26 02:01:23.544] [SFX] {"sound": "civ_move_2", "volume": 0.02}
[2026-09-26 02:01:23.692] [SFX] {"sound": "civ_move_1", "volume": 0.14}
[2026-09-26 02:01:23.759] [SFX] {"sound": "civ_move_2", "volume": 0.0}
[2026-09-26 02:01:23.811] [SFX] {"sound": "civ_move_1", "volume": 0.21}
[2026-09-26 02:01:23.827] [M] {"button": 4, "pos": [323, 233], "ui_clicked": false}
[2026-09-26 02:01:23.846] [M] {"button": 4, "pos": [324, 233], "ui_clicked": false}
[2026-09-26 02:01:23.864] [SFX] {"sound": "civ_move_2", "volume": 0.01}
[2026-09-26 02:01:23.879] [M] {"button": 4, "pos": [324, 233], "ui_clicked": false}
[2026-09-26 02:01:23.887] [SFX] {"sound": "civ_move_1", "volume": 0.14}
[2026-09-26 02:01:23.902] [SFX] {"sound": "guardian_move", "volume": 0.17}
[2026-09-26 02:01:23.912] [M] {"button": 4, "pos": [324, 233], "ui_clicked": false}
[2026-09-26 02:01:23.947] [SFX] {"sound": "civ_move_1", "volume": 0.01}
[2026-09-26 02:01:23.948] [SFX] {"sound": "civ_move_2", "volume": 0.03}
[2026-09-26 02:01:24.095] [SFX] {"sound": "civ_move_1", "volume": 0.15}
[2026-09-26 02:01:24.163] [SFX] {"sound": "civ_move_2", "volume": 0.0}
[2026-09-26 02:01:24.214] [SFX] {"sound": "civ_move_1", "volume": 0.22}
[2026-09-26 02:01:24.266] [SFX] {"sound": "civ_move_2", "volume": 0.0}
[2026-09-26 02:01:24.289] [SFX] {"sound": "civ_move_1", "volume": 0.15}
[2026-09-26 02:01:24.349] [SFX] {"sound": "civ_move_1", "volume": 0.01}
[2026-09-26 02:01:24.350] [SFX] {"sound": "civ_move_2", "volume": 0.03}
[2026-09-26 02:01:24.499] [SFX] {"sound": "guardian_move", "volume": 0.14}
[2026-09-26 02:01:24.500] [SFX] {"sound": "civ_move_1", "volume": 0.16}
[2026-09-26 02:01:24.567] [SFX] {"sound": "civ_move_2", "volume": 0.01}
[2026-09-26 02:01:24.618] [SFX] {"sound": "civ_move_1", "volume": 0.23}
[2026-09-26 02:01:24.668] [SFX] {"sound": "civ_move_2", "volume": 0.0}
[2026-09-26 02:01:24.691] [SFX] {"sound": "civ_move_1", "volume": 0.16}
[2026-09-26 02:01:24.753] [SFX] {"sound": "civ_move_1", "volume": 0.01}
[2026-09-26 02:01:24.754] [SFX] {"sound": "civ_move_2", "volume": 0.04}
[2026-09-26 02:01:24.904] [SFX] {"sound": "civ_move_1", "volume": 0.17}
[2026-09-26 02:01:24.967] [SFX] {"sound": "civ_move_2", "volume": 0.01}
[2026-09-26 02:01:25.033] [SFX] {"sound": "civ_move_1", "volume": 0.25}
[2026-09-26 02:01:25.098] [SFX] {"sound": "civ_move_1", "volume": 0.17}
[2026-09-26 02:01:25.120] [SFX] {"sound": "guardian_move", "volume": 0.12}
[2026-09-26 02:01:25.164] [M] {"button": 1, "pos": [200, 291], "ui_clicked": true}
[2026-09-26 02:01:25.207] [SFX] {"sound": "civ_move_1", "volume": 0.02}
[2026-09-26 02:01:25.207] [SFX] {"sound": "civ_move_2", "volume": 0.04}
[2026-09-26 02:01:25.319] [SFX] {"sound": "civ_move_1", "volume": 0.19}
[2026-09-26 02:01:25.368] [SFX] {"sound": "civ_move_2", "volume": 0.01}
[2026-09-26 02:01:25.433] [SFX] {"sound": "civ_move_1", "volume": 0.26}
[2026-09-26 02:01:25.499] [SFX] {"sound": "civ_move_1", "volume": 0.18}
[2026-09-26 02:01:25.565] [SFX] {"sound": "civ_move_1", "volume": 0.03}
[2026-09-26 02:01:25.565] [SFX] {"sound": "civ_move_2", "volume": 0.05}
[2026-09-26 02:01:25.729] [SFX] {"sound": "guardian_move", "volume": 0.1}
[2026-09-26 02:01:25.730] [SFX] {"sound": "civ_move_1", "volume": 0.2}
[2026-09-26 02:01:25.780] [SFX] {"sound": "civ_move_2", "volume": 0.01}
[2026-09-26 02:01:25.844] [SFX] {"sound": "civ_move_1", "volume": 0.27}
[2026-09-26 02:01:25.909] [SFX] {"sound": "civ_move_1", "volume": 0.19}
[2026-09-26 02:01:25.976] [SFX] {"sound": "civ_move_1", "volume": 0.04}
[2026-09-26 02:01:25.977] [SFX] {"sound": "civ_move_2", "volume": 0.06}
[2026-09-26 02:01:26.141] [SFX] {"sound": "civ_move_1", "volume": 0.21}
[2026-09-26 02:01:26.190] [SFX] {"sound": "civ_move_2", "volume": 0.01}
[2026-09-26 02:01:26.255] [SFX] {"sound": "civ_move_1", "volume": 0.28}
[2026-09-26 02:01:26.323] [SFX] {"sound": "civ_move_1", "volume": 0.2}
[2026-09-26 02:01:26.346] [SFX] {"sound": "guardian_move", "volume": 0.07}
[2026-09-26 02:01:26.364] [C] {"civ_pos": [206, 56]}
[2026-09-26 02:01:26.388] [SFX] {"sound": "civ_move_1", "volume": 0.05}
[2026-09-26 02:01:26.389] [SFX] {"sound": "civ_move_2", "volume": 0.06}
[2026-09-26 02:01:26.551] [SFX] {"sound": "civ_move_1", "volume": 0.22}
[2026-09-26 02:01:26.605] [SFX] {"sound": "civ_move_2", "volume": 0.01}
[2026-09-26 02:01:26.671] [SFX] {"sound": "civ_move_1", "volume": 0.29}
[2026-09-26 02:01:26.737] [SFX] {"sound": "civ_move_1", "volume": 0.21}
[2026-09-26 02:01:26.788] [SFX] {"sound": "civ_move_1", "volume": 0.07}
[2026-09-26 02:01:26.788] [SFX] {"sound": "civ_move_2", "volume": 0.07}
[2026-09-26 02:01:26.951] [SFX] {"sound": "guardian_move", "volume": 0.05}
[2026-09-26 02:01:26.952] [SFX] {"sound": "civ_move_1", "volume": 0.24}
[2026-09-26 02:01:27.017] [SFX] {"sound": "civ_move_2", "volume": 0.02}
[2026-09-26 02:01:27.084] [SFX] {"sound": "civ_move_1", "volume": 0.23}
[2026-09-26 02:01:27.151] [SFX] {"sound": "civ_move_1", "volume": 0.22}
[2026-09-26 02:01:27.201] [SFX] {"sound": "civ_move_1", "volume": 0.08}
[2026-09-26 02:01:27.202] [SFX] {"sound": "civ_move_2", "volume": 0.08}
[2026-09-26 02:01:27.364] [SFX] {"sound": "civ_move_1", "volume": 0.25}
[2026-09-26 02:01:27.500] [SFX] {"sound": "civ_move_1", "volume": 0.22}
[2026-09-26 02:01:27.564] [SFX] {"sound": "guardian_move", "volume": 0.02}
[2026-09-26 02:01:27.565] [SFX] {"sound": "civ_move_1", "volume": 0.23}
[2026-09-26 02:01:27.617] [SFX] {"sound": "civ_move_1", "volume": 0.09}
[2026-09-26 02:01:27.618] [SFX] {"sound": "civ_move_2", "volume": 0.09}
[2026-09-26 02:01:27.766] [SFX] {"sound": "civ_move_1", "volume": 0.26}
[2026-09-26 02:01:27.901] [SFX] {"sound": "civ_move_1", "volume": 0.22}
[2026-09-26 02:01:27.967] [SFX] {"sound": "civ_move_1", "volume": 0.24}
[2026-09-26 02:01:28.016] [SFX] {"sound": "civ_move_1", "volume": 0.1}
[2026-09-26 02:01:28.017] [SFX] {"sound": "civ_move_2", "volume": 0.1}
[2026-09-26 02:01:28.117] [SFX] {"sound": "civ_move_1", "volume": 0.1}
[2026-09-26 02:01:28.168] [SFX] {"sound": "guardian_move", "volume": 0.02}
[2026-09-26 02:01:28.169] [SFX] {"sound": "civ_move_1", "volume": 0.27}
[2026-09-26 02:01:28.302] [SFX] {"sound": "civ_move_1", "volume": 0.21}
[2026-09-26 02:01:28.369] [SFX] {"sound": "civ_move_1", "volume": 0.29}
[2026-09-26 02:01:28.418] [SFX] {"sound": "civ_move_1", "volume": 0.12}
[2026-09-26 02:01:28.419] [SFX] {"sound": "civ_move_2", "volume": 0.1}
[2026-09-26 02:01:28.519] [SFX] {"sound": "civ_move_1", "volume": 0.1}
[2026-09-26 02:01:28.569] [SFX] {"sound": "civ_move_1", "volume": 0.28}
[2026-09-26 02:01:28.717] [SFX] {"sound": "civ_move_1", "volume": 0.2}
[2026-09-26 02:01:28.768] [SFX] {"sound": "guardian_move", "volume": 0.02}
[2026-09-26 02:01:28.791] [SFX] {"sound": "civ_move_1", "volume": 0.28}
[2026-09-26 02:01:28.821] [SFX] {"sound": "civ_move_1", "volume": 0.13}
[2026-09-26 02:01:28.822] [SFX] {"sound": "civ_move_2", "volume": 0.11}
[2026-09-26 02:01:28.870] [C] {"civ_pos": [206, 57]}
[2026-09-26 02:01:28.914] [JACK] Subroutine gesichtet! Beim Hacken vorsichtig sein: Zivilisten können auch Wachen rufen oder mich abziehen!
[2026-09-26 02:01:28.941] [SFX] {"sound": "civ_move_1", "volume": 0.11}
[2026-09-26 02:01:28.973] [SFX] {"sound": "civ_move_1", "volume": 0.3}
[2026-09-26 02:01:29.122] [SFX] {"sound": "civ_move_1", "volume": 0.19}
[2026-09-26 02:01:29.189] [SFX] {"sound": "civ_move_1", "volume": 0.27}
[2026-09-26 02:01:29.222] [SFX] {"sound": "civ_move_1", "volume": 0.14}
[2026-09-26 02:01:29.222] [SFX] {"sound": "civ_move_2", "volume": 0.11}
[2026-09-26 02:01:29.356] [SFX] {"sound": "civ_move_1", "volume": 0.11}
[2026-09-26 02:01:29.378] [SFX] {"sound": "guardian_move", "volume": 0.01}
[2026-09-26 02:01:29.396] [SFX] {"sound": "civ_move_1", "volume": 0.23}
[2026-09-26 02:01:29.523] [SFX] {"sound": "civ_move_1", "volume": 0.18}
[2026-09-26 02:01:29.524] [SFX] {"sound": "civ_move_1", "volume": 0.04}
[2026-09-26 02:01:29.589] [SFX] {"sound": "civ_move_1", "volume": 0.26}
[2026-09-26 02:01:29.623] [SFX] {"sound": "civ_move_1", "volume": 0.15}
[2026-09-26 02:01:29.624] [SFX] {"sound": "civ_move_2", "volume": 0.11}
[2026-09-26 02:01:29.771] [SFX] {"sound": "civ_move_1", "volume": 0.1}
[2026-09-26 02:01:29.795] [SFX] {"sound": "civ_move_1", "volume": 0.22}
[2026-09-26 02:01:29.936] [SFX] {"sound": "civ_move_1", "volume": 0.17}
[2026-09-26 02:01:29.936] [SFX] {"sound": "civ_move_1", "volume": 0.04}
[2026-09-26 02:01:29.984] [SFX] {"sound": "guardian_move", "volume": 0.01}
[2026-09-26 02:01:30.007] [SFX] {"sound": "civ_move_1", "volume": 0.24}
[2026-09-26 02:01:30.023] [SFX] {"sound": "civ_move_1", "volume": 0.1}
[2026-09-26 02:01:30.041] [SFX] {"sound": "civ_move_1", "volume": 0.16}
[2026-09-26 02:01:30.042] [SFX] {"sound": "civ_move_2", "volume": 0.11}
[2026-09-26 02:01:30.184] [SFX] {"sound": "civ_move_1", "volume": 0.11}
[2026-09-26 02:01:30.206] [SFX] {"sound": "civ_move_1", "volume": 0.21}
[2026-09-26 02:01:30.348] [SFX] {"sound": "civ_move_1", "volume": 0.16}
[2026-09-26 02:01:30.349] [SFX] {"sound": "civ_move_1", "volume": 0.03}
[2026-09-26 02:01:30.402] [SFX] {"sound": "civ_move_1", "volume": 0.23}
[2026-09-26 02:01:30.425] [SFX] {"sound": "civ_move_1", "volume": 0.1}
[2026-09-26 02:01:30.444] [SFX] {"sound": "civ_move_1", "volume": 0.18}
[2026-09-26 02:01:30.444] [SFX] {"sound": "civ_move_2", "volume": 0.12}
[2026-09-26 02:01:30.588] [SFX] {"sound": "guardian_move", "volume": 0.0}
[2026-09-26 02:01:30.588] [SFX] {"sound": "civ_move_1", "volume": 0.12}
[2026-09-26 02:01:30.609] [SFX] {"sound": "civ_move_1", "volume": 0.2}
[2026-09-26 02:01:30.755] [SFX] {"sound": "civ_move_1", "volume": 0.15}
[2026-09-26 02:01:30.779] [SFX] {"sound": "civ_move_1", "volume": 0.02}
[2026-09-26 02:01:30.806] [SFX] {"sound": "civ_move_1", "volume": 0.22}
[2026-09-26 02:01:30.840] [SFX] {"sound": "civ_move_1", "volume": 0.19}
[2026-09-26 02:01:30.840] [SFX] {"sound": "civ_move_2", "volume": 0.13}
[2026-09-26 02:01:30.841] [SFX] {"sound": "civ_move_1", "volume": 0.11}
[2026-09-26 02:01:30.988] [SFX] {"sound": "civ_move_1", "volume": 0.12}
[2026-09-26 02:01:31.010] [SFX] {"sound": "civ_move_1", "volume": 0.19}
[2026-09-26 02:01:31.171] [SFX] {"sound": "civ_move_1", "volume": 0.14}
[2026-09-26 02:01:31.194] [SFX] {"sound": "civ_move_1", "volume": 0.02}
[2026-09-26 02:01:31.223] [SFX] {"sound": "civ_move_1", "volume": 0.21}
[2026-09-26 02:01:31.254] [SFX] {"sound": "civ_move_1", "volume": 0.2}
[2026-09-26 02:01:31.255] [SFX] {"sound": "civ_move_2", "volume": 0.14}
[2026-09-26 02:01:31.256] [SFX] {"sound": "civ_move_1", "volume": 0.11}
[2026-09-26 02:01:31.388] [SFX] {"sound": "civ_move_1", "volume": 0.13}
[2026-09-26 02:01:31.404] [M] {"button": 1, "pos": [390, 344], "ui_clicked": true}
[2026-09-26 02:01:31.432] [SFX] {"sound": "civ_move_1", "volume": 0.18}
[2026-09-26 02:01:31.573] [SFX] {"sound": "civ_move_1", "volume": 0.13}
[2026-09-26 02:01:31.597] [SFX] {"sound": "civ_move_1", "volume": 0.03}
[2026-09-26 02:01:31.625] [SFX] {"sound": "civ_move_1", "volume": 0.19}
[2026-09-26 02:01:31.657] [SFX] {"sound": "civ_move_1", "volume": 0.21}
[2026-09-26 02:01:31.658] [SFX] {"sound": "civ_move_2", "volume": 0.15}
[2026-09-26 02:01:31.659] [SFX] {"sound": "civ_move_1", "volume": 0.1}
[2026-09-26 02:01:31.789] [SFX] {"sound": "civ_move_1", "volume": 0.12}
[2026-09-26 02:01:31.812] [SFX] {"sound": "civ_move_1", "volume": 0.17}
[2026-09-26 02:01:31.973] [SFX] {"sound": "civ_move_1", "volume": 0.12}
[2026-09-26 02:01:31.997] [SFX] {"sound": "civ_move_1", "volume": 0.03}
[2026-09-26 02:01:32.025] [SFX] {"sound": "civ_move_1", "volume": 0.18}
[2026-09-26 02:01:32.056] [SFX] {"sound": "civ_move_1", "volume": 0.22}
[2026-09-26 02:01:32.057] [SFX] {"sound": "civ_move_2", "volume": 0.16}
[2026-09-26 02:01:32.058] [SFX] {"sound": "civ_move_1", "volume": 0.11}
[2026-09-26 02:01:32.190] [SFX] {"sound": "civ_move_1", "volume": 0.13}
[2026-09-26 02:01:32.212] [SFX] {"sound": "civ_move_1", "volume": 0.17}
[2026-09-26 02:01:32.374] [SFX] {"sound": "civ_move_1", "volume": 0.11}
[2026-09-26 02:01:32.398] [SFX] {"sound": "civ_move_1", "volume": 0.03}
[2026-09-26 02:01:32.427] [SFX] {"sound": "civ_move_1", "volume": 0.17}
[2026-09-26 02:01:32.467] [SFX] {"sound": "civ_move_1", "volume": 0.24}
[2026-09-26 02:01:32.468] [SFX] {"sound": "civ_move_2", "volume": 0.17}
[2026-09-26 02:01:32.469] [SFX] {"sound": "civ_move_1", "volume": 0.11}
[2026-09-26 02:01:32.595] [SFX] {"sound": "civ_move_1", "volume": 0.12}
[2026-09-26 02:01:32.619] [SFX] {"sound": "civ_move_1", "volume": 0.16}
[2026-09-26 02:01:32.781] [SFX] {"sound": "civ_move_1", "volume": 0.11}
[2026-09-26 02:01:32.805] [SFX] {"sound": "civ_move_1", "volume": 0.02}
[2026-09-26 02:01:32.833] [SFX] {"sound": "civ_move_1", "volume": 0.16}
[2026-09-26 02:01:32.866] [M] {"button": 1, "pos": [322, 265], "ui_clicked": false}
[2026-09-26 02:01:32.873] [SFX] {"sound": "civ_move_1", "volume": 0.25}
[2026-09-26 02:01:32.874] [SFX] {"sound": "civ_move_2", "volume": 0.18}
[2026-09-26 02:01:32.875] [SFX] {"sound": "civ_move_1", "volume": 0.12}
[2026-09-26 02:01:32.876] [P] {"start": [206, 58], "goal": [206, 63], "length": 1, "is_direction_change": false}
[2026-09-26 02:01:32.877] [SFX] {"sound": "click_target", "volume": 0.7}
[2026-09-26 02:01:33.007] [SFX] {"sound": "civ_move_1", "volume": 0.13}
[2026-09-26 02:01:33.031] [SFX] {"sound": "civ_move_1", "volume": 0.16}
[2026-09-26 02:01:33.091] [SFX] {"sound": "player_move", "volume": 0.4}
[2026-09-26 02:01:33.190] [SFX] {"sound": "civ_move_1", "volume": 0.14}
[2026-09-26 02:01:33.238] [SFX] {"sound": "civ_move_1", "volume": 0.11}
[2026-09-26 02:01:33.273] [SFX] {"sound": "civ_move_1", "volume": 0.22}
[2026-09-26 02:01:33.273] [SFX] {"sound": "civ_move_2", "volume": 0.22}
[2026-09-26 02:01:33.274] [SFX] {"sound": "civ_move_1", "volume": 0.15}
[2026-09-26 02:01:33.322] [M] {"button": 5, "pos": [323, 264], "ui_clicked": false}
[2026-09-26 02:01:33.421] [SFX] {"sound": "civ_move_1", "volume": 0.14}
[2026-09-26 02:01:33.442] [SFX] {"sound": "civ_move_1", "volume": 0.17}
[2026-09-26 02:01:33.443] [C] {"civ_pos": [206, 65]}
[2026-09-26 02:01:33.593] [SFX] {"sound": "civ_move_1", "volume": 0.13}
[2026-09-26 02:01:33.643] [SFX] {"sound": "civ_move_1", "volume": 0.1}
[2026-09-26 02:01:33.676] [SFX] {"sound": "civ_move_1", "volume": 0.24}
[2026-09-26 02:01:33.677] [SFX] {"sound": "civ_move_2", "volume": 0.23}
[2026-09-26 02:01:33.678] [SFX] {"sound": "civ_move_1", "volume": 0.14}
[2026-09-26 02:01:33.843] [SFX] {"sound": "civ_move_1", "volume": 0.16}
[2026-09-26 02:01:33.993] [SFX] {"sound": "civ_move_1", "volume": 0.13}
[2026-09-26 02:01:34.042] [SFX] {"sound": "civ_move_1", "volume": 0.08}
[2026-09-26 02:01:34.091] [SFX] {"sound": "civ_move_1", "volume": 0.25}
[2026-09-26 02:01:34.092] [SFX] {"sound": "civ_move_2", "volume": 0.24}
[2026-09-26 02:01:34.093] [SFX] {"sound": "civ_move_1", "volume": 0.14}
[2026-09-26 02:01:34.257] [SFX] {"sound": "civ_move_1", "volume": 0.15}
[2026-09-26 02:01:34.403] [SFX] {"sound": "civ_move_1", "volume": 0.13}
[2026-09-26 02:01:34.453] [SFX] {"sound": "civ_move_1", "volume": 0.07}
[2026-09-26 02:01:34.502] [SFX] {"sound": "civ_move_1", "volume": 0.26}
[2026-09-26 02:01:34.503] [SFX] {"sound": "civ_move_2", "volume": 0.29}
[2026-09-26 02:01:34.503] [SFX] {"sound": "civ_move_1", "volume": 0.14}
[2026-09-26 02:01:34.648] [SFX] {"sound": "civ_move_1", "volume": 0.18}
[2026-09-26 02:01:34.670] [SFX] {"sound": "civ_move_1", "volume": 0.14}
[2026-09-26 02:01:34.862] [SFX] {"sound": "civ_move_1", "volume": 0.06}
[2026-09-26 02:01:34.912] [SFX] {"sound": "civ_move_1", "volume": 0.27}
[2026-09-26 02:01:34.913] [SFX] {"sound": "civ_move_2", "volume": 0.28}
[2026-09-26 02:01:34.914] [SFX] {"sound": "civ_move_1", "volume": 0.14}
[2026-09-26 02:01:35.062] [SFX] {"sound": "civ_move_1", "volume": 0.18}
[2026-09-26 02:01:35.086] [SFX] {"sound": "civ_move_1", "volume": 0.14}
[2026-09-26 02:01:35.226] [SFX] {"sound": "civ_move_1", "volume": 0.13}
[2026-09-26 02:01:35.278] [SFX] {"sound": "civ_move_1", "volume": 0.05}
[2026-09-26 02:01:35.326] [SFX] {"sound": "civ_move_1", "volume": 0.28}
[2026-09-26 02:01:35.326] [SFX] {"sound": "civ_move_2", "volume": 0.27}
[2026-09-26 02:01:35.327] [SFX] {"sound": "civ_move_1", "volume": 0.14}
[2026-09-26 02:01:35.471] [SFX] {"sound": "civ_move_1", "volume": 0.19}
[2026-09-26 02:01:35.494] [SFX] {"sound": "civ_move_1", "volume": 0.14}
[2026-09-26 02:01:35.692] [SFX] {"sound": "civ_move_1", "volume": 0.03}
[2026-09-26 02:01:35.741] [SFX] {"sound": "civ_move_1", "volume": 0.3}
[2026-09-26 02:01:35.742] [SFX] {"sound": "civ_move_2", "volume": 0.25}
[2026-09-26 02:01:35.743] [SFX] {"sound": "civ_move_1", "volume": 0.14}
[2026-09-26 02:01:35.874] [SFX] {"sound": "civ_move_1", "volume": 0.16}
[2026-09-26 02:01:35.895] [SFX] {"sound": "civ_move_1", "volume": 0.13}
[2026-09-26 02:01:35.940] [C] {"civ_pos": [206, 63]}
[2026-09-26 02:01:36.042] [SFX] {"sound": "civ_move_1", "volume": 0.14}
[2026-09-26 02:01:36.092] [SFX] {"sound": "civ_move_1", "volume": 0.02}
[2026-09-26 02:01:36.143] [SFX] {"sound": "civ_move_1", "volume": 0.23}
[2026-09-26 02:01:36.144] [SFX] {"sound": "civ_move_2", "volume": 0.24}
[2026-09-26 02:01:36.145] [SFX] {"sound": "civ_move_1", "volume": 0.14}
[2026-09-26 02:01:36.275] [SFX] {"sound": "civ_move_1", "volume": 0.16}
[2026-09-26 02:01:36.298] [SFX] {"sound": "civ_move_1", "volume": 0.13}
[2026-09-26 02:01:36.448] [SFX] {"sound": "civ_move_1", "volume": 0.15}
[2026-09-26 02:01:36.499] [SFX] {"sound": "civ_move_1", "volume": 0.01}
[2026-09-26 02:01:36.516] [M] {"button": 1, "pos": [322, 98], "ui_clicked": false}
[2026-09-26 02:01:36.525] [JACK] JACK // CHROME SURGEON. HIS CACHES ARE FILLED WITH CUSTOM HARDWARE DRIVERS.
[2026-09-26 02:01:36.526] [SFX] {"sound": "click_target", "volume": 0.79}
[2026-09-26 02:01:36.553] [SFX] {"sound": "civ_move_1", "volume": 0.22}
[2026-09-26 02:01:36.555] [SFX] {"sound": "civ_move_2", "volume": 0.23}
[2026-09-26 02:01:36.556] [SFX] {"sound": "civ_move_1", "volume": 0.14}
[2026-09-26 02:01:36.685] [SFX] {"sound": "civ_move_1", "volume": 0.16}
[2026-09-26 02:01:36.708] [SFX] {"sound": "civ_move_1", "volume": 0.1}
[2026-09-26 02:01:36.801] [SFX] {"sound": "player_move", "volume": 0.4}
[2026-09-26 02:01:36.850] [SFX] {"sound": "civ_move_1", "volume": 0.13}
[2026-09-26 02:01:36.915] [SFX] {"sound": "civ_move_1", "volume": 0.06}
[2026-09-26 02:01:36.963] [SFX] {"sound": "civ_move_1", "volume": 0.16}
[2026-09-26 02:01:36.964] [SFX] {"sound": "civ_move_2", "volume": 0.28}
[2026-09-26 02:01:36.965] [SFX] {"sound": "civ_move_1", "volume": 0.14}
[2026-09-26 02:01:37.095] [SFX] {"sound": "civ_move_1", "volume": 0.13}
[2026-09-26 02:01:37.116] [SFX] {"sound": "player_move", "volume": 0.4}
[2026-09-26 02:01:37.117] [SFX] {"sound": "civ_move_1", "volume": 0.06}
[2026-09-26 02:01:37.178] [M] {"button": 1, "pos": [323, 93], "ui_clicked": false}
[2026-09-26 02:01:37.186] [SFX] {"sound": "action_cancel", "volume": 1.0}
[2026-09-26 02:01:37.187] [P] {"start": [206, 52], "goal": [206, 44], "length": 1, "is_direction_change": false}
[2026-09-26 02:01:37.187] [SFX] {"sound": "click_target", "volume": 0.82}
[2026-09-26 02:01:37.250] [SFX] {"sound": "civ_move_1", "volume": 0.1}
[2026-09-26 02:01:37.317] [SFX] {"sound": "civ_move_1", "volume": 0.09}
[2026-09-26 02:01:37.367] [SFX] {"sound": "civ_move_1", "volume": 0.11}
[2026-09-26 02:01:37.368] [SFX] {"sound": "civ_move_2", "volume": 0.23}
[2026-09-26 02:01:37.368] [SFX] {"sound": "civ_move_1", "volume": 0.12}
[2026-09-26 02:01:37.416] [SFX] {"sound": "player_move", "volume": 0.4}
[2026-09-26 02:01:37.498] [SFX] {"sound": "civ_move_1", "volume": 0.09}
[2026-09-26 02:01:37.521] [SFX] {"sound": "civ_move_1", "volume": 0.01}
[2026-09-26 02:01:37.650] [SFX] {"sound": "civ_move_1", "volume": 0.07}
[2026-09-26 02:01:37.682] [SFX] {"sound": "civ_move_1", "volume": 0.01}
[2026-09-26 02:01:37.732] [SFX] {"sound": "civ_move_1", "volume": 0.12}
[2026-09-26 02:01:37.780] [SFX] {"sound": "civ_move_1", "volume": 0.08}
[2026-09-26 02:01:37.781] [SFX] {"sound": "civ_move_2", "volume": 0.21}
[2026-09-26 02:01:37.782] [SFX] {"sound": "civ_move_1", "volume": 0.09}
[2026-09-26 02:01:37.863] [M] {"button": 1, "pos": [323, 93], "ui_clicked": false}
[2026-09-26 02:01:37.871] [P] {"start": [206, 44], "goal": [206, 35], "length": 1, "is_direction_change": false}
[2026-09-26 02:01:37.872] [SFX] {"sound": "click_target", "volume": 0.79}
[2026-09-26 02:01:37.927] [SFX] {"sound": "civ_move_1", "volume": 0.06}
[2026-09-26 02:01:38.008] [SFX] {"sound": "player_move", "volume": 0.4}
[2026-09-26 02:01:38.057] [SFX] {"sound": "civ_move_1", "volume": 0.06}
[2026-09-26 02:01:38.091] [SFX] {"sound": "civ_move_1", "volume": 0.02}
[2026-09-26 02:01:38.140] [SFX] {"sound": "civ_move_1", "volume": 0.16}
[2026-09-26 02:01:38.189] [SFX] {"sound": "civ_move_1", "volume": 0.03}
[2026-09-26 02:01:38.190] [SFX] {"sound": "civ_move_2", "volume": 0.18}
[2026-09-26 02:01:38.191] [SFX] {"sound": "civ_move_1", "volume": 0.06}
[2026-09-26 02:01:38.339] [SFX] {"sound": "civ_move_1", "volume": 0.02}
[2026-09-26 02:01:38.469] [SFX] {"sound": "civ_move_1", "volume": 0.04}
[2026-09-26 02:01:38.484] [M] {"button": 1, "pos": [323, 93], "ui_clicked": false}
[2026-09-26 02:01:38.493] [P] {"start": [206, 35], "goal": [206, 27], "length": 1, "is_direction_change": false}
[2026-09-26 02:01:38.494] [SFX] {"sound": "click_target", "volume": 0.81}
[2026-09-26 02:01:38.530] [SFX] {"sound": "player_move", "volume": 0.4}
[2026-09-26 02:01:38.531] [SFX] {"sound": "civ_move_1", "volume": 0.02}
[2026-09-26 02:01:38.549] [SFX] {"sound": "civ_move_1", "volume": 0.19}
[2026-09-26 02:01:38.594] [SFX] {"sound": "civ_move_2", "volume": 0.17}
[2026-09-26 02:01:38.594] [SFX] {"sound": "civ_move_1", "volume": 0.03}
[2026-09-26 02:01:38.808] [SFX] {"sound": "player_move", "volume": 0.4}
[2026-09-26 02:01:38.859] [SFX] {"sound": "civ_move_1", "volume": 0.02}
[2026-09-26 02:01:38.908] [SFX] {"sound": "civ_move_1", "volume": 0.03}
[2026-09-26 02:01:38.958] [SFX] {"sound": "civ_move_1", "volume": 0.23}
[2026-09-26 02:01:39.008] [SFX] {"sound": "civ_move_2", "volume": 0.14}
[2026-09-26 02:01:39.271] [SFX] {"sound": "civ_move_1", "volume": 0.03}
[2026-09-26 02:01:39.320] [SFX] {"sound": "civ_move_1", "volume": 0.02}
[2026-09-26 02:01:39.370] [SFX] {"sound": "civ_move_1", "volume": 0.23}
[2026-09-26 02:01:39.421] [SFX] {"sound": "civ_move_2", "volume": 0.15}
[2026-09-26 02:01:39.636] [M] {"button": 4, "pos": [322, 158], "ui_clicked": false}
[2026-09-26 02:01:39.685] [SFX] {"sound": "civ_move_1", "volume": 0.05}
[2026-09-26 02:01:39.733] [SFX] {"sound": "civ_move_1", "volume": 0.0}
[2026-09-26 02:01:39.785] [SFX] {"sound": "civ_move_1", "volume": 0.22}
[2026-09-26 02:01:39.834] [SFX] {"sound": "civ_move_2", "volume": 0.16}
[2026-09-26 02:01:40.099] [SFX] {"sound": "civ_move_1", "volume": 0.06}
[2026-09-26 02:01:40.195] [SFX] {"sound": "civ_move_1", "volume": 0.21}
[2026-09-26 02:01:40.246] [SFX] {"sound": "civ_move_2", "volume": 0.17}
[2026-09-26 02:01:40.510] [SFX] {"sound": "civ_move_1", "volume": 0.07}
[2026-09-26 02:01:40.598] [SFX] {"sound": "civ_move_1", "volume": 0.2}
[2026-09-26 02:01:40.649] [SFX] {"sound": "civ_move_2", "volume": 0.18}
[2026-09-26 02:01:40.911] [SFX] {"sound": "civ_move_1", "volume": 0.08}
[2026-09-26 02:01:41.012] [SFX] {"sound": "civ_move_1", "volume": 0.19}
[2026-09-26 02:01:41.061] [SFX] {"sound": "civ_move_2", "volume": 0.19}
[2026-09-26 02:01:41.144] [M] {"button": 1, "pos": [329, 112], "ui_clicked": false}
[2026-09-26 02:01:41.152] [P] {"start": [206, 27], "goal": [206, 22], "length": 1, "is_direction_change": false}
[2026-09-26 02:01:41.153] [SFX] {"sound": "click_target", "volume": 0.9}
[2026-09-26 02:01:41.325] [SFX] {"sound": "civ_move_1", "volume": 0.1}
[2026-09-26 02:01:41.389] [SFX] {"sound": "player_move", "volume": 0.4}
[2026-09-26 02:01:41.422] [SFX] {"sound": "civ_move_1", "volume": 0.18}
[2026-09-26 02:01:41.473] [SFX] {"sound": "civ_move_2", "volume": 0.17}
[2026-09-26 02:01:41.738] [SFX] {"sound": "civ_move_1", "volume": 0.11}
[2026-09-26 02:01:41.837] [SFX] {"sound": "civ_move_1", "volume": 0.17}
[2026-09-26 02:01:41.872] [SFX] {"sound": "civ_move_2", "volume": 0.18}
[2026-09-26 02:01:42.137] [SFX] {"sound": "civ_move_1", "volume": 0.12}
[2026-09-26 02:01:42.253] [SFX] {"sound": "civ_move_1", "volume": 0.16}
[2026-09-26 02:01:42.287] [SFX] {"sound": "civ_move_2", "volume": 0.19}
[2026-09-26 02:01:42.551] [SFX] {"sound": "civ_move_1", "volume": 0.14}
[2026-09-26 02:01:42.667] [SFX] {"sound": "civ_move_1", "volume": 0.15}
[2026-09-26 02:01:42.699] [SFX] {"sound": "civ_move_2", "volume": 0.2}
[2026-09-26 02:01:42.879] [SFX] {"sound": "guardian_move", "volume": 0.01}
[2026-09-26 02:01:42.964] [SFX] {"sound": "civ_move_1", "volume": 0.15}
[2026-09-26 02:01:43.079] [SFX] {"sound": "civ_move_1", "volume": 0.14}
[2026-09-26 02:01:43.111] [SFX] {"sound": "civ_move_2", "volume": 0.21}
[2026-09-26 02:01:43.378] [SFX] {"sound": "civ_move_1", "volume": 0.16}
[2026-09-26 02:01:43.479] [SFX] {"sound": "guardian_move", "volume": 0.04}
[2026-09-26 02:01:43.480] [SFX] {"sound": "civ_move_1", "volume": 0.12}
[2026-09-26 02:01:43.514] [SFX] {"sound": "civ_move_2", "volume": 0.22}
[2026-09-26 02:01:43.694] [C] {"civ_pos": [206, 24]}
[2026-09-26 02:01:43.755] [JACK] Ich näher mich der zivilen Subroutine... Hoffentlich hat er lohnenswerten Loot geladen.
[2026-09-26 02:01:43.781] [SFX] {"sound": "civ_move_1", "volume": 0.17}
[2026-09-26 02:01:43.881] [SFX] {"sound": "civ_move_1", "volume": 0.11}
[2026-09-26 02:01:43.916] [SFX] {"sound": "civ_move_2", "volume": 0.23}
[2026-09-26 02:01:44.082] [SFX] {"sound": "guardian_move", "volume": 0.06}
[2026-09-26 02:01:44.197] [SFX] {"sound": "civ_move_1", "volume": 0.19}
[2026-09-26 02:01:44.296] [SFX] {"sound": "civ_move_1", "volume": 0.1}
[2026-09-26 02:01:44.328] [SFX] {"sound": "civ_move_2", "volume": 0.24}
[2026-09-26 02:01:44.511] [SENTINEL_EMPTIED_IOT] {"iot": "watcher", "stolen_data": 9, "had_jack_sighting": false, "node": [174, 18]}
[2026-09-26 02:01:44.554] [JACK] Der Sentinel hat Kameradaten aus dem IoT-Node ausgelesen... Er kennt jetzt meine Frequenz!
[2026-09-26 02:01:44.612] [SFX] {"sound": "civ_move_1", "volume": 0.2}
[2026-09-26 02:01:44.710] [SFX] {"sound": "guardian_move", "volume": 0.07}
[2026-09-26 02:01:44.711] [SFX] {"sound": "civ_move_1", "volume": 0.09}
[2026-09-26 02:01:44.743] [SFX] {"sound": "civ_move_2", "volume": 0.29}
[2026-09-26 02:01:45.023] [SFX] {"sound": "civ_move_1", "volume": 0.21}
[2026-09-26 02:01:45.122] [SFX] {"sound": "civ_move_1", "volume": 0.07}
[2026-09-26 02:01:45.155] [SFX] {"sound": "civ_move_2", "volume": 0.28}
[2026-09-26 02:01:45.323] [SFX] {"sound": "guardian_move", "volume": 0.05}
[2026-09-26 02:01:45.372] [M] {"button": 1, "pos": [358, 189], "ui_clicked": false}
[2026-09-26 02:01:45.380] [SFX] {"sound": "click_target", "volume": 0.75}
[2026-09-26 02:01:45.423] [SFX] {"sound": "civ_move_1", "volume": 0.22}
[2026-09-26 02:01:45.537] [SFX] {"sound": "civ_move_1", "volume": 0.06}
[2026-09-26 02:01:45.569] [SFX] {"sound": "civ_move_2", "volume": 0.28}
[2026-09-26 02:01:45.620] [SFX] {"sound": "threat_pulse", "volume": 0.3}
[2026-09-26 02:01:45.836] [SFX] {"sound": "civ_move_1", "volume": 0.23}
[2026-09-26 02:01:45.937] [SFX] {"sound": "guardian_move", "volume": 0.02}
[2026-09-26 02:01:45.958] [SFX] {"sound": "civ_move_1", "volume": 0.05}
[2026-09-26 02:01:45.985] [SFX] {"sound": "civ_move_2", "volume": 0.26}
[2026-09-26 02:01:46.215] [SFX] {"sound": "civ_move_2", "volume": 0.19}
[2026-09-26 02:01:46.248] [SFX] {"sound": "civ_move_1", "volume": 0.25}
[2026-09-26 02:01:46.365] [SFX] {"sound": "civ_move_1", "volume": 0.04}
[2026-09-26 02:01:46.398] [SFX] {"sound": "civ_move_2", "volume": 0.25}
[2026-09-26 02:01:46.533] [SFX] {"sound": "threat_pulse", "volume": 0.31}
[2026-09-26 02:01:46.616] [SFX] {"sound": "civ_move_2", "volume": 0.19}
[2026-09-26 02:01:46.648] [SFX] {"sound": "civ_move_1", "volume": 0.26}
[2026-09-26 02:01:46.680] [M] {"button": 1, "pos": [382, 201], "ui_clicked": true}
[2026-09-26 02:01:46.703] [SFX] {"sound": "infiltrate 2", "volume": 0.5}
[2026-09-26 02:01:46.771] [SFX] {"sound": "civ_move_1", "volume": 0.02}
[2026-09-26 02:01:46.805] [SFX] {"sound": "civ_move_2", "volume": 0.24}
[2026-09-26 02:01:47.005] [SENTINEL_EMPTIED_IOT] {"iot": "listener", "stolen_data": 1, "had_jack_sighting": false, "node": [44, 78]}
[2026-09-26 02:01:47.074] [SFX] {"sound": "civ_move_1", "volume": 0.27}
[2026-09-26 02:01:47.075] [SFX] {"sound": "civ_move_2", "volume": 0.24}
[2026-09-26 02:01:47.106] [SFX] {"sound": "infiltrate 1", "volume": 0.5}
[2026-09-26 02:01:47.173] [SFX] {"sound": "civ_move_1", "volume": 0.01}
[2026-09-26 02:01:47.207] [SFX] {"sound": "civ_move_2", "volume": 0.23}
[2026-09-26 02:01:47.438] [SFX] {"sound": "threat_pulse", "volume": 0.32}
[2026-09-26 02:01:47.486] [SFX] {"sound": "civ_move_1", "volume": 0.28}
[2026-09-26 02:01:47.487] [SFX] {"sound": "civ_move_2", "volume": 0.25}
[2026-09-26 02:01:47.520] [SFX] {"sound": "infiltrate 2", "volume": 0.5}
[2026-09-26 02:01:47.584] [SFX] {"sound": "civ_move_1", "volume": 0.0}
[2026-09-26 02:01:47.619] [SFX] {"sound": "civ_move_2", "volume": 0.22}
[2026-09-26 02:01:47.902] [SFX] {"sound": "civ_move_1", "volume": 0.28}
[2026-09-26 02:01:47.904] [SFX] {"sound": "civ_move_2", "volume": 0.25}
[2026-09-26 02:01:47.933] [SFX] {"sound": "infiltrate 1", "volume": 0.5}
[2026-09-26 02:01:47.956] [C] {"civ_pos": [206, 20]}
[2026-09-26 02:01:48.023] [SFX] {"sound": "civ_move_2", "volume": 0.21}
[2026-09-26 02:01:48.055] [SFX] {"sound": "hack_success", "volume": 1.0}
[2026-09-26 02:01:48.303] [SFX] {"sound": "civ_move_1", "volume": 0.3}
[2026-09-26 02:01:48.304] [SFX] {"sound": "civ_move_2", "volume": 0.26}
[2026-09-26 02:01:48.351] [SFX] {"sound": "threat_pulse", "volume": 0.34}
[2026-09-26 02:01:48.432] [SFX] {"sound": "civ_move_2", "volume": 0.19}
[2026-09-26 02:01:48.712] [SFX] {"sound": "civ_move_1", "volume": 0.23}
[2026-09-26 02:01:48.712] [SFX] {"sound": "civ_move_2", "volume": 0.27}
[2026-09-26 02:01:48.845] [SFX] {"sound": "civ_move_2", "volume": 0.18}
[2026-09-26 02:01:49.113] [SFX] {"sound": "civ_move_1", "volume": 0.22}
[2026-09-26 02:01:49.114] [SFX] {"sound": "civ_move_2", "volume": 0.28}
[2026-09-26 02:01:49.244] [SFX] {"sound": "civ_move_2", "volume": 0.17}
[2026-09-26 02:01:49.267] [SFX] {"sound": "threat_pulse", "volume": 0.35}
[2026-09-26 02:01:49.524] [SFX] {"sound": "civ_move_1", "volume": 0.21}
[2026-09-26 02:01:49.525] [SFX] {"sound": "civ_move_2", "volume": 0.29}
[2026-09-26 02:01:49.606] [SFX] {"sound": "civ_move_1", "volume": 0.28}
[2026-09-26 02:01:49.655] [SFX] {"sound": "civ_move_2", "volume": 0.16}
[2026-09-26 02:01:49.935] [SFX] {"sound": "civ_move_1", "volume": 0.2}
[2026-09-26 02:01:49.936] [SFX] {"sound": "civ_move_2", "volume": 0.3}
[2026-09-26 02:01:50.018] [SFX] {"sound": "civ_move_1", "volume": 0.28}
[2026-09-26 02:01:50.068] [SFX] {"sound": "civ_move_2", "volume": 0.14}
[2026-09-26 02:01:50.166] [M] {"button": 1, "pos": [377, 205], "ui_clicked": true}
[2026-09-26 02:01:50.202] [SFX] {"sound": "threat_pulse", "volume": 0.36}
[2026-09-26 02:01:50.220] [SFX] {"sound": "civ_move_1", "volume": 0.01}
[2026-09-26 02:01:50.220] [SFX] {"sound": "civ_move_1", "volume": 0.0}
[2026-09-26 02:01:50.347] [SFX] {"sound": "civ_move_1", "volume": 0.2}
[2026-09-26 02:01:50.348] [SFX] {"sound": "civ_move_2", "volume": 0.23}
[2026-09-26 02:01:50.430] [SFX] {"sound": "civ_move_1", "volume": 0.3}
[2026-09-26 02:01:50.463] [C] {"civ_pos": [206, 24]}
[2026-09-26 02:01:50.463] [SFX] {"sound": "infiltrate 1", "volume": 0.5}
[2026-09-26 02:01:50.505] [SFX] {"sound": "civ_move_2", "volume": 0.13}
[2026-09-26 02:01:50.618] [SFX] {"sound": "civ_move_1", "volume": 0.01}
[2026-09-26 02:01:50.750] [SFX] {"sound": "civ_move_1", "volume": 0.19}
[2026-09-26 02:01:50.751] [SFX] {"sound": "civ_move_2", "volume": 0.22}
[2026-09-26 02:01:50.850] [SFX] {"sound": "civ_move_1", "volume": 0.29}
[2026-09-26 02:01:50.872] [SFX] {"sound": "infiltrate 2", "volume": 0.5}
[2026-09-26 02:01:50.890] [SFX] {"sound": "civ_move_2", "volume": 0.12}
[2026-09-26 02:01:51.030] [SFX] {"sound": "civ_move_1", "volume": 0.02}
[2026-09-26 02:01:51.031] [SFX] {"sound": "civ_move_1", "volume": 0.03}
[2026-09-26 02:01:51.080] [SFX] {"sound": "threat_pulse", "volume": 0.37}
[2026-09-26 02:01:51.163] [SFX] {"sound": "civ_move_1", "volume": 0.18}
[2026-09-26 02:01:51.164] [SFX] {"sound": "civ_move_2", "volume": 0.21}
[2026-09-26 02:01:51.260] [SFX] {"sound": "civ_move_1", "volume": 0.28}
[2026-09-26 02:01:51.284] [SFX] {"sound": "infiltrate 1", "volume": 0.5}
[2026-09-26 02:01:51.300] [SFX] {"sound": "civ_move_2", "volume": 0.11}
[2026-09-26 02:01:51.445] [SFX] {"sound": "civ_move_1", "volume": 0.04}
[2026-09-26 02:01:51.527] [SFX] {"sound": "civ_move_1", "volume": 0.1}
[2026-09-26 02:01:51.543] [SFX] {"sound": "hack_success", "volume": 1.0}
[2026-09-26 02:01:51.576] [SFX] {"sound": "civ_move_1", "volume": 0.17}
[2026-09-26 02:01:51.577] [SFX] {"sound": "civ_move_2", "volume": 0.2}
[2026-09-26 02:01:51.661] [SFX] {"sound": "civ_move_1", "volume": 0.28}
[2026-09-26 02:01:51.695] [SFX] {"sound": "civ_move_2", "volume": 0.1}
[2026-09-26 02:01:51.860] [SFX] {"sound": "civ_move_1", "volume": 0.05}
[2026-09-26 02:01:51.928] [SFX] {"sound": "civ_move_1", "volume": 0.1}
[2026-09-26 02:01:51.977] [SFX] {"sound": "civ_move_1", "volume": 0.16}
[2026-09-26 02:01:51.977] [SFX] {"sound": "civ_move_2", "volume": 0.19}
[2026-09-26 02:01:51.999] [SFX] {"sound": "threat_pulse", "volume": 0.38}
[2026-09-26 02:01:52.074] [SFX] {"sound": "civ_move_1", "volume": 0.27}
[2026-09-26 02:01:52.106] [SFX] {"sound": "civ_move_2", "volume": 0.08}
[2026-09-26 02:01:52.222] [SFX] {"sound": "civ_move_1", "volume": 0.28}
[2026-09-26 02:01:52.271] [M] {"button": 1, "pos": [376, 205], "ui_clicked": true}
[2026-09-26 02:01:52.309] [SFX] {"sound": "civ_move_1", "volume": 0.05}
[2026-09-26 02:01:52.309] [SFX] {"sound": "civ_move_1", "volume": 0.06}
[2026-09-26 02:01:52.336] [SFX] {"sound": "civ_move_1", "volume": 0.1}
[2026-09-26 02:01:52.386] [SFX] {"sound": "civ_move_1", "volume": 0.15}
[2026-09-26 02:01:52.387] [SFX] {"sound": "civ_move_2", "volume": 0.18}
[2026-09-26 02:01:52.436] [SFX] {"sound": "infiltrate 1", "volume": 0.5}
[2026-09-26 02:01:52.486] [SFX] {"sound": "civ_move_1", "volume": 0.26}
[2026-09-26 02:01:52.519] [SFX] {"sound": "civ_move_2", "volume": 0.07}
[2026-09-26 02:01:52.634] [SFX] {"sound": "civ_move_1", "volume": 0.28}
[2026-09-26 02:01:52.683] [SFX] {"sound": "civ_move_1", "volume": 0.06}
[2026-09-26 02:01:52.684] [SFX] {"sound": "civ_move_1", "volume": 0.07}
[2026-09-26 02:01:52.763] [SFX] {"sound": "civ_move_1", "volume": 0.09}
[2026-09-26 02:01:52.797] [SFX] {"sound": "civ_move_1", "volume": 0.14}
[2026-09-26 02:01:52.798] [SFX] {"sound": "civ_move_2", "volume": 0.17}
[2026-09-26 02:01:52.846] [SFX] {"sound": "infiltrate 1", "volume": 0.5}
[2026-09-26 02:01:52.896] [SFX] {"sound": "civ_move_1", "volume": 0.24}
[2026-09-26 02:01:52.897] [SFX] {"sound": "threat_pulse", "volume": 0.39}
[2026-09-26 02:01:52.928] [SFX] {"sound": "civ_move_2", "volume": 0.06}
[2026-09-26 02:01:52.979] [C] {"civ_pos": [206, 22]}
[2026-09-26 02:01:53.039] [JACK] Wache in Reichweite! Bei 100% Threat greift er direkt an. Ohne Credits gibt's Saures, wenn er mich stellt!
[2026-09-26 02:01:53.040] [SFX] {"sound": "civ_move_1", "volume": 0.3}
[2026-09-26 02:01:53.086] [SFX] {"sound": "civ_move_1", "volume": 0.07}
[2026-09-26 02:01:53.086] [SFX] {"sound": "civ_move_1", "volume": 0.09}
[2026-09-26 02:01:53.170] [SFX] {"sound": "civ_move_1", "volume": 0.08}
[2026-09-26 02:01:53.204] [SFX] {"sound": "civ_move_1", "volume": 0.13}
[2026-09-26 02:01:53.204] [SFX] {"sound": "civ_move_2", "volume": 0.16}
[2026-09-26 02:01:53.254] [SFX] {"sound": "infiltrate 2", "volume": 0.5}
[2026-09-26 02:01:53.303] [SFX] {"sound": "civ_move_1", "volume": 0.23}
[2026-09-26 02:01:53.336] [SFX] {"sound": "civ_move_2", "volume": 0.05}
[2026-09-26 02:01:53.466] [SFX] {"sound": "civ_move_1", "volume": 0.29}
[2026-09-26 02:01:53.499] [SFX] {"sound": "civ_move_1", "volume": 0.08}
[2026-09-26 02:01:53.500] [SFX] {"sound": "civ_move_1", "volume": 0.1}
[2026-09-26 02:01:53.581] [SFX] {"sound": "civ_move_1", "volume": 0.07}
[2026-09-26 02:01:53.616] [SFX] {"sound": "civ_move_1", "volume": 0.12}
[2026-09-26 02:01:53.616] [SFX] {"sound": "civ_move_2", "volume": 0.15}
[2026-09-26 02:01:53.647] [SFX] {"sound": "hack_success", "volume": 1.0}
[2026-09-26 02:01:53.697] [SFX] {"sound": "threat_pulse", "volume": 0.4}
[2026-09-26 02:01:53.719] [SFX] {"sound": "civ_move_1", "volume": 0.22}
[2026-09-26 02:01:53.746] [SFX] {"sound": "civ_move_2", "volume": 0.04}
[2026-09-26 02:01:53.879] [SFX] {"sound": "civ_move_1", "volume": 0.28}
[2026-09-26 02:01:53.912] [SFX] {"sound": "civ_move_1", "volume": 0.09}
[2026-09-26 02:01:53.912] [SFX] {"sound": "civ_move_1", "volume": 0.11}
[2026-09-26 02:01:53.994] [SFX] {"sound": "civ_move_1", "volume": 0.06}
[2026-09-26 02:01:54.027] [SFX] {"sound": "civ_move_1", "volume": 0.11}
[2026-09-26 02:01:54.029] [SFX] {"sound": "civ_move_2", "volume": 0.14}
[2026-09-26 02:01:54.125] [SFX] {"sound": "civ_move_1", "volume": 0.21}
[2026-09-26 02:01:54.157] [SFX] {"sound": "civ_move_2", "volume": 0.02}
[2026-09-26 02:01:54.291] [SFX] {"sound": "civ_move_1", "volume": 0.28}
[2026-09-26 02:01:54.325] [SFX] {"sound": "civ_move_1", "volume": 0.1}
[2026-09-26 02:01:54.326] [SFX] {"sound": "civ_move_1", "volume": 0.12}
[2026-09-26 02:01:54.406] [SFX] {"sound": "civ_move_1", "volume": 0.04}
[2026-09-26 02:01:54.439] [SFX] {"sound": "civ_move_1", "volume": 0.1}
[2026-09-26 02:01:54.440] [SFX] {"sound": "civ_move_2", "volume": 0.13}
[2026-09-26 02:01:54.505] [SFX] {"sound": "threat_pulse", "volume": 0.41}
[2026-09-26 02:01:54.539] [SFX] {"sound": "civ_move_1", "volume": 0.2}
[2026-09-26 02:01:54.556] [M] {"button": 1, "pos": [376, 202], "ui_clicked": true}
[2026-09-26 02:01:54.580] [SFX] {"sound": "civ_move_2", "volume": 0.01}
[2026-09-26 02:01:54.581] [SFX] {"sound": "infiltrate 2", "volume": 0.5}
[2026-09-26 02:01:54.699] [SFX] {"sound": "civ_move_1", "volume": 0.27}
[2026-09-26 02:01:54.733] [SFX] {"sound": "civ_move_1", "volume": 0.11}
[2026-09-26 02:01:54.733] [SFX] {"sound": "civ_move_1", "volume": 0.14}
[2026-09-26 02:01:54.816] [SFX] {"sound": "civ_move_1", "volume": 0.03}
[2026-09-26 02:01:54.847] [SFX] {"sound": "civ_move_1", "volume": 0.09}
[2026-09-26 02:01:54.848] [SFX] {"sound": "civ_move_2", "volume": 0.12}
[2026-09-26 02:01:54.945] [SFX] {"sound": "civ_move_1", "volume": 0.18}
[2026-09-26 02:01:54.995] [SFX] {"sound": "infiltrate 2", "volume": 0.5}
[2026-09-26 02:01:55.111] [SFX] {"sound": "civ_move_1", "volume": 0.25}
[2026-09-26 02:01:55.144] [SFX] {"sound": "civ_move_1", "volume": 0.12}
[2026-09-26 02:01:55.145] [SFX] {"sound": "civ_move_1", "volume": 0.15}
[2026-09-26 02:01:55.228] [SFX] {"sound": "civ_move_1", "volume": 0.02}
[2026-09-26 02:01:55.261] [SFX] {"sound": "civ_move_1", "volume": 0.08}
[2026-09-26 02:01:55.261] [SFX] {"sound": "civ_move_2", "volume": 0.11}
[2026-09-26 02:01:55.309] [SFX] {"sound": "threat_pulse", "volume": 0.42}
[2026-09-26 02:01:55.358] [SFX] {"sound": "civ_move_1", "volume": 0.17}
[2026-09-26 02:01:55.406] [SFX] {"sound": "infiltrate 2", "volume": 0.5}
[2026-09-26 02:01:55.524] [SFX] {"sound": "civ_move_1", "volume": 0.24}
[2026-09-26 02:01:55.557] [SFX] {"sound": "civ_move_1", "volume": 0.13}
[2026-09-26 02:01:55.558] [SFX] {"sound": "civ_move_1", "volume": 0.16}
[2026-09-26 02:01:55.640] [SFX] {"sound": "civ_move_1", "volume": 0.01}
[2026-09-26 02:01:55.673] [SFX] {"sound": "civ_move_1", "volume": 0.07}
[2026-09-26 02:01:55.674] [SFX] {"sound": "civ_move_2", "volume": 0.1}
[2026-09-26 02:01:55.761] [SFX] {"sound": "civ_move_1", "volume": 0.16}
[2026-09-26 02:01:55.812] [SFX] {"sound": "infiltrate 1", "volume": 0.5}
[2026-09-26 02:01:55.927] [SFX] {"sound": "civ_move_1", "volume": 0.23}
[2026-09-26 02:01:55.928] [SFX] {"sound": "hack_success", "volume": 1.0}
[2026-09-26 02:01:55.928] [JACK] JACK // Ich habe 3 Daten-Fragmente aus PC extrahiert. Spuren im System verwischt!
[2026-09-26 02:01:55.958] [SFX] {"sound": "civ_move_1", "volume": 0.14}
[2026-09-26 02:01:55.959] [SFX] {"sound": "civ_move_1", "volume": 0.17}
[2026-09-26 02:01:56.074] [SFX] {"sound": "civ_move_1", "volume": 0.06}
[2026-09-26 02:01:56.074] [SFX] {"sound": "civ_move_2", "volume": 0.09}
[2026-09-26 02:01:56.123] [SFX] {"sound": "threat_pulse", "volume": 0.42}
[2026-09-26 02:01:56.173] [SFX] {"sound": "civ_move_1", "volume": 0.15}
[2026-09-26 02:01:56.338] [SFX] {"sound": "civ_move_1", "volume": 0.22}
[2026-09-26 02:01:56.372] [SFX] {"sound": "civ_move_1", "volume": 0.15}
[2026-09-26 02:01:56.373] [SFX] {"sound": "civ_move_1", "volume": 0.18}
[2026-09-26 02:01:56.486] [SFX] {"sound": "civ_move_1", "volume": 0.05}
[2026-09-26 02:01:56.487] [SFX] {"sound": "civ_move_2", "volume": 0.08}
[2026-09-26 02:01:56.586] [SFX] {"sound": "civ_move_1", "volume": 0.13}
[2026-09-26 02:01:56.753] [SFX] {"sound": "civ_move_1", "volume": 0.21}
[2026-09-26 02:01:56.786] [SFX] {"sound": "civ_move_1", "volume": 0.16}
[2026-09-26 02:01:56.787] [SFX] {"sound": "civ_move_1", "volume": 0.2}
[2026-09-26 02:01:56.886] [SFX] {"sound": "civ_move_1", "volume": 0.04}
[2026-09-26 02:01:56.887] [SFX] {"sound": "civ_move_2", "volume": 0.07}
[2026-09-26 02:01:56.935] [SFX] {"sound": "threat_pulse", "volume": 0.38}
[2026-09-26 02:01:57.000] [SFX] {"sound": "civ_move_1", "volume": 0.12}
[2026-09-26 02:01:57.165] [SFX] {"sound": "civ_move_1", "volume": 0.19}
[2026-09-26 02:01:57.197] [SFX] {"sound": "civ_move_1", "volume": 0.17}
[2026-09-26 02:01:57.198] [SFX] {"sound": "civ_move_1", "volume": 0.21}
[2026-09-26 02:01:57.295] [SFX] {"sound": "civ_move_1", "volume": 0.03}
[2026-09-26 02:01:57.296] [SFX] {"sound": "civ_move_2", "volume": 0.06}
[2026-09-26 02:01:57.411] [SFX] {"sound": "civ_move_1", "volume": 0.11}
[2026-09-26 02:01:57.580] [SFX] {"sound": "civ_move_1", "volume": 0.18}
[2026-09-26 02:01:57.613] [SFX] {"sound": "civ_move_1", "volume": 0.22}
[2026-09-26 02:01:57.710] [SFX] {"sound": "civ_move_1", "volume": 0.02}
[2026-09-26 02:01:57.711] [SFX] {"sound": "civ_move_1", "volume": 0.0}
[2026-09-26 02:01:57.712] [SFX] {"sound": "civ_move_2", "volume": 0.05}
[2026-09-26 02:01:57.824] [SFX] {"sound": "civ_move_1", "volume": 0.1}
[2026-09-26 02:01:57.846] [SFX] {"sound": "threat_pulse", "volume": 0.33}
[2026-09-26 02:01:57.925] [M] {"button": 1, "pos": [247, 150], "ui_clicked": false}
[2026-09-26 02:01:57.932] [P] {"start": [206, 22], "goal": [201, 20], "length": 2, "is_direction_change": false}
[2026-09-26 02:01:57.933] [SFX] {"sound": "click_target", "volume": 0.88}
[2026-09-26 02:01:57.981] [SFX] {"sound": "civ_move_1", "volume": 0.17}
[2026-09-26 02:01:58.016] [SFX] {"sound": "civ_move_1", "volume": 0.18}
[2026-09-26 02:01:58.017] [SFX] {"sound": "civ_move_1", "volume": 0.24}
[2026-09-26 02:01:58.115] [SFX] {"sound": "civ_move_1", "volume": 0.03}
[2026-09-26 02:01:58.116] [SFX] {"sound": "civ_move_2", "volume": 0.03}
[2026-09-26 02:01:58.228] [SFX] {"sound": "player_move", "volume": 0.4}
[2026-09-26 02:01:58.229] [SFX] {"sound": "civ_move_1", "volume": 0.12}
[2026-09-26 02:01:58.393] [SFX] {"sound": "civ_move_1", "volume": 0.2}
[2026-09-26 02:01:58.415] [C] {"civ_pos": [199, 20]}
[2026-09-26 02:01:58.446] [SFX] {"sound": "civ_move_1", "volume": 0.18}
[2026-09-26 02:01:58.447] [SFX] {"sound": "civ_move_1", "volume": 0.28}
[2026-09-26 02:01:58.527] [SFX] {"sound": "civ_move_1", "volume": 0.06}
[2026-09-26 02:01:58.528] [SFX] {"sound": "civ_move_2", "volume": 0.02}
[2026-09-26 02:01:58.642] [SFX] {"sound": "civ_move_1", "volume": 0.11}
[2026-09-26 02:01:58.793] [SFX] {"sound": "civ_move_1", "volume": 0.18}
[2026-09-26 02:01:58.842] [SFX] {"sound": "civ_move_1", "volume": 0.19}
[2026-09-26 02:01:58.843] [SFX] {"sound": "civ_move_1", "volume": 0.3}
[2026-09-26 02:01:58.927] [SFX] {"sound": "civ_move_1", "volume": 0.07}
[2026-09-26 02:01:58.927] [SFX] {"sound": "civ_move_2", "volume": 0.01}
[2026-09-26 02:01:59.043] [SFX] {"sound": "civ_move_1", "volume": 0.1}
[2026-09-26 02:01:59.205] [SFX] {"sound": "civ_move_1", "volume": 0.17}
[2026-09-26 02:01:59.258] [SFX] {"sound": "civ_move_1", "volume": 0.2}
[2026-09-26 02:01:59.259] [SFX] {"sound": "civ_move_1", "volume": 0.29}
[2026-09-26 02:01:59.292] [M] {"button": 1, "pos": [118, 48], "ui_clicked": true}
[2026-09-26 02:01:59.330] [SFX] {"sound": "civ_move_1", "volume": 0.09}
[2026-09-26 02:01:59.330] [SFX] {"sound": "civ_move_2", "volume": 0.0}
[2026-09-26 02:01:59.444] [SFX] {"sound": "civ_move_1", "volume": 0.09}
[2026-09-26 02:01:59.608] [SFX] {"sound": "civ_move_1", "volume": 0.16}
[2026-09-26 02:01:59.631] [SFX] {"sound": "civ_move_2", "volume": 0.21}
[2026-09-26 02:01:59.674] [SFX] {"sound": "civ_move_1", "volume": 0.2}
[2026-09-26 02:01:59.675] [SFX] {"sound": "civ_move_1", "volume": 0.28}
[2026-09-26 02:01:59.741] [SFX] {"sound": "civ_move_1", "volume": 0.1}
[2026-09-26 02:01:59.856] [SFX] {"sound": "civ_move_1", "volume": 0.07}
[2026-09-26 02:02:00.024] [SFX] {"sound": "civ_move_1", "volume": 0.15}
[2026-09-26 02:02:00.047] [SFX] {"sound": "civ_move_2", "volume": 0.22}
[2026-09-26 02:02:00.077] [SFX] {"sound": "civ_move_1", "volume": 0.21}
[2026-09-26 02:02:00.078] [SFX] {"sound": "civ_move_1", "volume": 0.27}
[2026-09-26 02:02:00.143] [SFX] {"sound": "civ_move_1", "volume": 0.11}
[2026-09-26 02:02:00.259] [SFX] {"sound": "civ_move_1", "volume": 0.06}
[2026-09-26 02:02:00.426] [SFX] {"sound": "civ_move_1", "volume": 0.13}
[2026-09-26 02:02:00.460] [SFX] {"sound": "civ_move_2", "volume": 0.21}
[2026-09-26 02:02:00.482] [SFX] {"sound": "civ_move_1", "volume": 0.26}
[2026-09-26 02:02:00.483] [SFX] {"sound": "civ_move_1", "volume": 0.21}
[2026-09-26 02:02:00.493] [M] {"button": 1, "pos": [73, 19], "ui_clicked": true}
[2026-09-26 02:02:00.521] [JACK] Ich durchwühle mein Cyberdeck-Inventar. Welches Tool brauchen wir?
[2026-09-26 02:02:00.549] [SFX] {"sound": "civ_move_1", "volume": 0.12}
[2026-09-26 02:02:00.664] [SFX] {"sound": "civ_move_1", "volume": 0.05}
[2026-09-26 02:02:00.826] [SFX] {"sound": "civ_move_1", "volume": 0.12}
[2026-09-26 02:02:00.876] [SFX] {"sound": "civ_move_2", "volume": 0.21}
[2026-09-26 02:02:00.898] [SFX] {"sound": "civ_move_1", "volume": 0.27}
[2026-09-26 02:02:00.899] [SFX] {"sound": "civ_move_1", "volume": 0.21}
[2026-09-26 02:02:00.959] [SFX] {"sound": "civ_move_1", "volume": 0.14}
[2026-09-26 02:02:01.041] [C] {"civ_pos": [203, 20]}
[2026-09-26 02:02:01.095] [SFX] {"sound": "civ_move_1", "volume": 0.04}
[2026-09-26 02:02:01.232] [SFX] {"sound": "civ_move_1", "volume": 0.11}
[2026-09-26 02:02:01.280] [SFX] {"sound": "civ_move_2", "volume": 0.2}
[2026-09-26 02:02:01.302] [SFX] {"sound": "civ_move_1", "volume": 0.29}
[2026-09-26 02:02:01.304] [SFX] {"sound": "civ_move_1", "volume": 0.2}
[2026-09-26 02:02:01.365] [SFX] {"sound": "civ_move_1", "volume": 0.15}
[2026-09-26 02:02:01.498] [SFX] {"sound": "civ_move_1", "volume": 0.03}
[2026-09-26 02:02:01.647] [SFX] {"sound": "civ_move_1", "volume": 0.1}
[2026-09-26 02:02:01.679] [SFX] {"sound": "civ_move_2", "volume": 0.19}
[2026-09-26 02:02:01.703] [SFX] {"sound": "civ_move_1", "volume": 0.3}
[2026-09-26 02:02:01.704] [SFX] {"sound": "civ_move_1", "volume": 0.19}
[2026-09-26 02:02:01.746] [M] {"button": 1, "pos": [74, 69], "ui_clicked": true}
[2026-09-26 02:02:01.783] [SFX] {"sound": "civ_move_1", "volume": 0.16}
[2026-09-26 02:02:01.900] [SFX] {"sound": "civ_move_1", "volume": 0.01}
[2026-09-26 02:02:02.049] [SFX] {"sound": "civ_move_1", "volume": 0.09}
[2026-09-26 02:02:02.082] [SFX] {"sound": "civ_move_2", "volume": 0.18}
[2026-09-26 02:02:02.103] [SFX] {"sound": "civ_move_1", "volume": 0.29}
[2026-09-26 02:02:02.104] [SFX] {"sound": "civ_move_1", "volume": 0.18}
[2026-09-26 02:02:02.199] [SFX] {"sound": "civ_move_1", "volume": 0.17}
[2026-09-26 02:02:02.313] [SFX] {"sound": "civ_move_1", "volume": 0.0}
[2026-09-26 02:02:02.460] [SFX] {"sound": "civ_move_1", "volume": 0.07}
[2026-09-26 02:02:02.495] [SFX] {"sound": "civ_move_2", "volume": 0.17}
[2026-09-26 02:02:02.517] [SFX] {"sound": "civ_move_1", "volume": 0.28}
[2026-09-26 02:02:02.518] [SFX] {"sound": "civ_move_1", "volume": 0.18}
[2026-09-26 02:02:02.610] [SFX] {"sound": "civ_move_1", "volume": 0.19}
[2026-09-26 02:02:02.874] [SFX] {"sound": "civ_move_1", "volume": 0.06}
[2026-09-26 02:02:02.906] [SFX] {"sound": "civ_move_2", "volume": 0.17}
[2026-09-26 02:02:02.928] [SFX] {"sound": "civ_move_1", "volume": 0.27}
[2026-09-26 02:02:02.929] [SFX] {"sound": "civ_move_1", "volume": 0.17}
[2026-09-26 02:02:03.010] [SFX] {"sound": "civ_move_1", "volume": 0.2}
[2026-09-26 02:02:03.273] [SFX] {"sound": "civ_move_1", "volume": 0.05}
[2026-09-26 02:02:03.323] [SFX] {"sound": "civ_move_1", "volume": 0.25}
[2026-09-26 02:02:03.324] [SFX] {"sound": "civ_move_1", "volume": 0.16}
[2026-09-26 02:02:03.324] [SFX] {"sound": "civ_move_2", "volume": 0.17}
[2026-09-26 02:02:03.421] [SFX] {"sound": "civ_move_1", "volume": 0.21}
[2026-09-26 02:02:03.684] [SFX] {"sound": "civ_move_1", "volume": 0.04}
[2026-09-26 02:02:03.735] [SFX] {"sound": "civ_move_1", "volume": 0.24}
[2026-09-26 02:02:03.735] [SFX] {"sound": "civ_move_1", "volume": 0.15}
[2026-09-26 02:02:03.736] [SFX] {"sound": "civ_move_2", "volume": 0.22}
[2026-09-26 02:02:03.834] [SFX] {"sound": "civ_move_1", "volume": 0.17}
[2026-09-26 02:02:03.952] [M] {"button": 1, "pos": [34, 71], "ui_clicked": true}
[2026-09-26 02:02:04.090] [SFX] {"sound": "civ_move_1", "volume": 0.02}
[2026-09-26 02:02:04.139] [SFX] {"sound": "civ_move_1", "volume": 0.23}
[2026-09-26 02:02:04.140] [SFX] {"sound": "civ_move_1", "volume": 0.14}
[2026-09-26 02:02:04.141] [SFX] {"sound": "civ_move_2", "volume": 0.21}
[2026-09-26 02:02:04.238] [SFX] {"sound": "civ_move_1", "volume": 0.17}
[2026-09-26 02:02:04.270] [M] {"button": 1, "pos": [34, 71], "ui_clicked": true}
[2026-09-26 02:02:04.505] [SFX] {"sound": "civ_move_1", "volume": 0.01}
[2026-09-26 02:02:04.555] [SFX] {"sound": "civ_move_1", "volume": 0.22}
[2026-09-26 02:02:04.556] [SFX] {"sound": "civ_move_1", "volume": 0.13}
[2026-09-26 02:02:04.557] [SFX] {"sound": "civ_move_2", "volume": 0.19}
[2026-09-26 02:02:04.571] [M] {"button": 1, "pos": [34, 71], "ui_clicked": true}
[2026-09-26 02:02:04.645] [SFX] {"sound": "civ_move_1", "volume": 0.17}
[2026-09-26 02:02:04.792] [M] {"button": 1, "pos": [34, 71], "ui_clicked": true}
[2026-09-26 02:02:04.915] [SFX] {"sound": "civ_move_1", "volume": 0.02}
[2026-09-26 02:02:04.916] [SFX] {"sound": "civ_move_1", "volume": 0.0}
[2026-09-26 02:02:04.964] [SFX] {"sound": "civ_move_1", "volume": 0.2}
[2026-09-26 02:02:04.964] [SFX] {"sound": "civ_move_1", "volume": 0.12}
[2026-09-26 02:02:04.965] [SFX] {"sound": "civ_move_2", "volume": 0.18}
[2026-09-26 02:02:05.046] [SFX] {"sound": "civ_move_1", "volume": 0.18}
[2026-09-26 02:02:05.329] [SFX] {"sound": "civ_move_1", "volume": 0.04}
[2026-09-26 02:02:05.378] [SFX] {"sound": "civ_move_1", "volume": 0.19}
[2026-09-26 02:02:05.379] [SFX] {"sound": "civ_move_1", "volume": 0.11}
[2026-09-26 02:02:05.380] [SFX] {"sound": "civ_move_2", "volume": 0.17}
[2026-09-26 02:02:05.461] [SFX] {"sound": "civ_move_1", "volume": 0.19}
[2026-09-26 02:02:05.743] [SFX] {"sound": "civ_move_1", "volume": 0.05}
[2026-09-26 02:02:05.792] [SFX] {"sound": "civ_move_1", "volume": 0.18}
[2026-09-26 02:02:05.793] [SFX] {"sound": "civ_move_1", "volume": 0.1}
[2026-09-26 02:02:05.793] [SFX] {"sound": "civ_move_2", "volume": 0.16}
[2026-09-26 02:02:05.874] [SFX] {"sound": "civ_move_1", "volume": 0.2}
[2026-09-26 02:02:06.154] [SFX] {"sound": "civ_move_1", "volume": 0.06}
[2026-09-26 02:02:06.203] [SFX] {"sound": "civ_move_1", "volume": 0.17}
[2026-09-26 02:02:06.204] [SFX] {"sound": "civ_move_1", "volume": 0.09}
[2026-09-26 02:02:06.205] [SFX] {"sound": "civ_move_2", "volume": 0.14}
[2026-09-26 02:02:06.285] [SFX] {"sound": "civ_move_1", "volume": 0.2}
[2026-09-26 02:02:06.564] [SFX] {"sound": "civ_move_1", "volume": 0.07}
[2026-09-26 02:02:06.614] [SFX] {"sound": "civ_move_1", "volume": 0.15}
[2026-09-26 02:02:06.615] [SFX] {"sound": "civ_move_1", "volume": 0.08}
[2026-09-26 02:02:06.697] [SFX] {"sound": "civ_move_1", "volume": 0.21}
[2026-09-26 02:02:06.980] [SFX] {"sound": "civ_move_1", "volume": 0.09}
[2026-09-26 02:02:07.013] [SFX] {"sound": "civ_move_1", "volume": 0.14}
[2026-09-26 02:02:07.014] [SFX] {"sound": "civ_move_1", "volume": 0.07}
[2026-09-26 02:02:07.097] [SFX] {"sound": "civ_move_1", "volume": 0.22}
[2026-09-26 02:02:07.129] [M] {"button": 1, "pos": [226, 199], "ui_clicked": false}
[2026-09-26 02:02:07.380] [SFX] {"sound": "civ_move_1", "volume": 0.1}
[2026-09-26 02:02:07.414] [SFX] {"sound": "civ_move_1", "volume": 0.13}
[2026-09-26 02:02:07.414] [SFX] {"sound": "civ_move_1", "volume": 0.06}
[2026-09-26 02:02:07.778] [M] {"button": 1, "pos": [225, 190], "ui_clicked": false}
[2026-09-26 02:02:07.785] [P] {"start": [201, 20], "goal": [195, 20], "length": 1, "is_direction_change": false}
[2026-09-26 02:02:07.785] [SFX] {"sound": "click_target", "volume": 0.68}
[2026-09-26 02:02:07.812] [JACK] Kurzer Blick um die Ecke...
[2026-09-26 02:02:07.813] [SFX] {"sound": "civ_move_1", "volume": 0.11}
[2026-09-26 02:02:07.830] [SFX] {"sound": "civ_move_1", "volume": 0.13}
[2026-09-26 02:02:07.831] [SFX] {"sound": "civ_move_1", "volume": 0.05}
[2026-09-26 02:02:08.040] [SFX] {"sound": "player_move", "volume": 0.4}
[2026-09-26 02:02:08.091] [SFX] {"sound": "civ_move_2", "volume": 0.01}
[2026-09-26 02:02:08.204] [SFX] {"sound": "civ_move_1", "volume": 0.17}
[2026-09-26 02:02:08.238] [SFX] {"sound": "civ_move_1", "volume": 0.15}
[2026-09-26 02:02:08.239] [SFX] {"sound": "civ_move_1", "volume": 0.04}
[2026-09-26 02:02:08.321] [SFX] {"sound": "civ_move_2", "volume": 0.0}
[2026-09-26 02:02:08.504] [SFX] {"sound": "civ_move_2", "volume": 0.02}
[2026-09-26 02:02:08.619] [SFX] {"sound": "civ_move_1", "volume": 0.18}
[2026-09-26 02:02:08.653] [SFX] {"sound": "civ_move_1", "volume": 0.14}
[2026-09-26 02:02:08.653] [SFX] {"sound": "civ_move_1", "volume": 0.03}
[2026-09-26 02:02:08.734] [SFX] {"sound": "civ_move_2", "volume": 0.01}
[2026-09-26 02:02:08.883] [M] {"button": 1, "pos": [242, 105], "ui_clicked": false}
[2026-09-26 02:02:08.918] [SFX] {"sound": "civ_move_2", "volume": 0.03}
[2026-09-26 02:02:09.031] [SFX] {"sound": "civ_move_1", "volume": 0.19}
[2026-09-26 02:02:09.064] [SFX] {"sound": "civ_move_1", "volume": 0.13}
[2026-09-26 02:02:09.065] [SFX] {"sound": "civ_move_1", "volume": 0.02}
[2026-09-26 02:02:09.146] [SFX] {"sound": "civ_move_2", "volume": 0.02}
[2026-09-26 02:02:09.331] [SFX] {"sound": "civ_move_2", "volume": 0.04}
[2026-09-26 02:02:09.432] [SFX] {"sound": "civ_move_1", "volume": 0.2}
[2026-09-26 02:02:09.466] [SFX] {"sound": "civ_move_1", "volume": 0.11}
[2026-09-26 02:02:09.467] [SFX] {"sound": "civ_move_1", "volume": 0.01}
[2026-09-26 02:02:09.549] [M] {"button": 1, "pos": [245, 73], "ui_clicked": false}
[2026-09-26 02:02:09.556] [SFX] {"sound": "civ_move_2", "volume": 0.03}
[2026-09-26 02:02:09.558] [P] {"start": [195, 20], "goal": [190, 13], "length": 6, "is_direction_change": false}
[2026-09-26 02:02:09.558] [SFX] {"sound": "click_target", "volume": 0.8}
[2026-09-26 02:02:09.737] [SFX] {"sound": "civ_move_2", "volume": 0.08}
[2026-09-26 02:02:09.820] [SFX] {"sound": "player_move", "volume": 0.4}
[2026-09-26 02:02:09.842] [SFX] {"sound": "civ_move_1", "volume": 0.2}
[2026-09-26 02:02:09.872] [SFX] {"sound": "civ_move_1", "volume": 0.11}
[2026-09-26 02:02:09.922] [SFX] {"sound": "civ_move_2", "volume": 0.03}
[2026-09-26 02:02:09.957] [SFX] {"sound": "civ_move_2", "volume": 0.01}
[2026-09-26 02:02:10.120] [SFX] {"sound": "player_move", "volume": 0.4}
[2026-09-26 02:02:10.152] [SFX] {"sound": "civ_move_2", "volume": 0.07}
[2026-09-26 02:02:10.249] [SFX] {"sound": "civ_move_1", "volume": 0.19}
[2026-09-26 02:02:10.282] [SFX] {"sound": "civ_move_1", "volume": 0.09}
[2026-09-26 02:02:10.332] [SFX] {"sound": "civ_move_2", "volume": 0.03}
[2026-09-26 02:02:10.366] [SFX] {"sound": "civ_move_2", "volume": 0.0}
[2026-09-26 02:02:10.566] [SFX] {"sound": "civ_move_2", "volume": 0.09}
[2026-09-26 02:02:10.650] [SFX] {"sound": "civ_move_1", "volume": 0.19}
[2026-09-26 02:02:10.683] [SFX] {"sound": "civ_move_1", "volume": 0.09}
[2026-09-26 02:02:10.734] [SFX] {"sound": "civ_move_2", "volume": 0.04}
[2026-09-26 02:02:10.767] [SFX] {"sound": "civ_move_2", "volume": 0.01}
[2026-09-26 02:02:10.981] [SFX] {"sound": "civ_move_2", "volume": 0.1}
[2026-09-26 02:02:11.063] [SFX] {"sound": "civ_move_1", "volume": 0.2}
[2026-09-26 02:02:11.100] [SFX] {"sound": "civ_move_1", "volume": 0.08}
[2026-09-26 02:02:11.134] [SFX] {"sound": "civ_move_2", "volume": 0.05}
[2026-09-26 02:02:11.167] [SFX] {"sound": "civ_move_2", "volume": 0.01}
[2026-09-26 02:02:11.382] [SFX] {"sound": "civ_move_2", "volume": 0.11}
[2026-09-26 02:02:11.467] [SFX] {"sound": "civ_move_1", "volume": 0.2}
[2026-09-26 02:02:11.499] [SFX] {"sound": "civ_move_1", "volume": 0.07}
[2026-09-26 02:02:11.532] [M] {"button": 4, "pos": [326, 126], "ui_clicked": false}
[2026-09-26 02:02:11.549] [SFX] {"sound": "civ_move_2", "volume": 0.06}
[2026-09-26 02:02:11.566] [M] {"button": 4, "pos": [326, 126], "ui_clicked": false}
[2026-09-26 02:02:11.583] [SFX] {"sound": "civ_move_2", "volume": 0.02}
[2026-09-26 02:02:11.599] [M] {"button": 4, "pos": [326, 126], "ui_clicked": false}
[2026-09-26 02:02:11.798] [SFX] {"sound": "civ_move_2", "volume": 0.12}
[2026-09-26 02:02:11.882] [SFX] {"sound": "civ_move_1", "volume": 0.2}
[2026-09-26 02:02:11.915] [SFX] {"sound": "civ_move_1", "volume": 0.06}
[2026-09-26 02:02:11.963] [SFX] {"sound": "civ_move_2", "volume": 0.07}
[2026-09-26 02:02:11.996] [SFX] {"sound": "civ_move_2", "volume": 0.03}
[2026-09-26 02:02:12.159] [SFX] {"sound": "civ_move_2", "volume": 0.0}
[2026-09-26 02:02:12.208] [SFX] {"sound": "civ_move_2", "volume": 0.13}
[2026-09-26 02:02:12.291] [M] {"button": 1, "pos": [342, 92], "ui_clicked": false}
[2026-09-26 02:02:12.299] [SFX] {"sound": "civ_move_1", "volume": 0.19}
[2026-09-26 02:02:12.300] [P] {"start": [190, 13], "goal": [190, 9], "length": 1, "is_direction_change": false}
[2026-09-26 02:02:12.300] [SFX] {"sound": "click_target", "volume": 0.92}
[2026-09-26 02:02:12.360] [SFX] {"sound": "player_move", "volume": 0.4}
[2026-09-26 02:02:12.361] [SFX] {"sound": "civ_move_1", "volume": 0.04}
[2026-09-26 02:02:12.383] [SFX] {"sound": "civ_move_2", "volume": 0.08}
[2026-09-26 02:02:12.412] [SFX] {"sound": "civ_move_2", "volume": 0.03}
[2026-09-26 02:02:12.559] [SFX] {"sound": "civ_move_2", "volume": 0.01}
[2026-09-26 02:02:12.609] [SFX] {"sound": "civ_move_2", "volume": 0.12}
[2026-09-26 02:02:12.691] [SFX] {"sound": "civ_move_1", "volume": 0.17}
[2026-09-26 02:02:12.772] [SFX] {"sound": "civ_move_1", "volume": 0.03}
[2026-09-26 02:02:12.793] [SFX] {"sound": "civ_move_2", "volume": 0.08}
[2026-09-26 02:02:12.820] [SFX] {"sound": "civ_move_2", "volume": 0.03}
[2026-09-26 02:02:12.970] [SFX] {"sound": "civ_move_2", "volume": 0.01}
[2026-09-26 02:02:13.020] [SFX] {"sound": "civ_move_2", "volume": 0.13}
[2026-09-26 02:02:13.103] [SFX] {"sound": "civ_move_1", "volume": 0.16}
[2026-09-26 02:02:13.188] [SFX] {"sound": "civ_move_1", "volume": 0.02}
[2026-09-26 02:02:13.189] [SFX] {"sound": "civ_move_2", "volume": 0.09}
[2026-09-26 02:02:13.221] [SFX] {"sound": "civ_move_2", "volume": 0.04}
[2026-09-26 02:02:13.370] [SFX] {"sound": "civ_move_2", "volume": 0.02}
[2026-09-26 02:02:13.421] [SFX] {"sound": "civ_move_2", "volume": 0.14}
[2026-09-26 02:02:13.503] [SFX] {"sound": "civ_move_1", "volume": 0.16}
[2026-09-26 02:02:13.600] [SFX] {"sound": "civ_move_1", "volume": 0.01}
[2026-09-26 02:02:13.601] [SFX] {"sound": "civ_move_2", "volume": 0.1}
[2026-09-26 02:02:13.635] [SFX] {"sound": "civ_move_2", "volume": 0.05}
[2026-09-26 02:02:13.784] [SFX] {"sound": "civ_move_2", "volume": 0.03}
[2026-09-26 02:02:13.835] [SFX] {"sound": "civ_move_2", "volume": 0.15}
[2026-09-26 02:02:13.918] [SFX] {"sound": "civ_move_1", "volume": 0.15}
[2026-09-26 02:02:14.001] [SFX] {"sound": "civ_move_1", "volume": 0.0}
[2026-09-26 02:02:14.002] [SFX] {"sound": "civ_move_2", "volume": 0.11}
[2026-09-26 02:02:14.036] [SFX] {"sound": "civ_move_2", "volume": 0.05}
[2026-09-26 02:02:14.170] [M] {"button": 1, "pos": [388, 235], "ui_clicked": false}
[2026-09-26 02:02:14.177] [SFX] {"sound": "click_target", "volume": 0.74}
[2026-09-26 02:02:14.193] [SFX] {"sound": "civ_move_2", "volume": 0.04}
[2026-09-26 02:02:14.237] [SFX] {"sound": "civ_move_2", "volume": 0.16}
[2026-09-26 02:02:14.319] [SFX] {"sound": "civ_move_1", "volume": 0.15}
[2026-09-26 02:02:14.402] [SFX] {"sound": "civ_move_2", "volume": 0.12}
[2026-09-26 02:02:14.435] [SFX] {"sound": "civ_move_2", "volume": 0.07}
[2026-09-26 02:02:14.603] [SFX] {"sound": "civ_move_2", "volume": 0.05}
[2026-09-26 02:02:14.653] [SFX] {"sound": "civ_move_2", "volume": 0.16}
[2026-09-26 02:02:14.721] [SFX] {"sound": "civ_move_1", "volume": 0.14}
[2026-09-26 02:02:14.804] [SFX] {"sound": "civ_move_2", "volume": 0.13}
[2026-09-26 02:02:14.837] [SFX] {"sound": "civ_move_2", "volume": 0.08}
[2026-09-26 02:02:15.006] [SFX] {"sound": "civ_move_2", "volume": 0.06}
[2026-09-26 02:02:15.056] [SFX] {"sound": "civ_move_2", "volume": 0.17}
[2026-09-26 02:02:15.122] [SFX] {"sound": "civ_move_1", "volume": 0.13}
[2026-09-26 02:02:15.170] [M] {"button": 1, "pos": [420, 254], "ui_clicked": true}
[2026-09-26 02:02:15.197] [JACK] Ich durchwühle mein Cyberdeck-Inventar. Welches Tool brauchen wir?
[2026-09-26 02:02:15.213] [SFX] {"sound": "civ_move_2", "volume": 0.14}
[2026-09-26 02:02:15.240] [SFX] {"sound": "civ_move_2", "volume": 0.08}
[2026-09-26 02:02:15.420] [SFX] {"sound": "civ_move_2", "volume": 0.07}
[2026-09-26 02:02:15.470] [SFX] {"sound": "civ_move_2", "volume": 0.17}
[2026-09-26 02:02:15.470] [SFX] {"sound": "infiltrate 1", "volume": 0.5}
[2026-09-26 02:02:15.537] [SFX] {"sound": "civ_move_1", "volume": 0.13}
[2026-09-26 02:02:15.619] [SFX] {"sound": "civ_move_2", "volume": 0.14}
[2026-09-26 02:02:15.653] [SFX] {"sound": "civ_move_2", "volume": 0.09}
[2026-09-26 02:02:15.819] [SFX] {"sound": "civ_move_2", "volume": 0.08}
[2026-09-26 02:02:15.869] [SFX] {"sound": "civ_move_2", "volume": 0.18}
[2026-09-26 02:02:15.870] [SFX] {"sound": "infiltrate 2", "volume": 0.5}
[2026-09-26 02:02:15.951] [SFX] {"sound": "civ_move_1", "volume": 0.12}
[2026-09-26 02:02:16.019] [SFX] {"sound": "civ_move_2", "volume": 0.15}
[2026-09-26 02:02:16.070] [SFX] {"sound": "civ_move_2", "volume": 0.1}
[2026-09-26 02:02:16.220] [SFX] {"sound": "civ_move_2", "volume": 0.09}
[2026-09-26 02:02:16.271] [SFX] {"sound": "civ_move_2", "volume": 0.18}
[2026-09-26 02:02:16.272] [SFX] {"sound": "infiltrate 1", "volume": 0.5}
[2026-09-26 02:02:16.353] [SFX] {"sound": "civ_move_1", "volume": 0.11}
[2026-09-26 02:02:16.421] [SFX] {"sound": "civ_move_2", "volume": 0.16}
[2026-09-26 02:02:16.470] [SFX] {"sound": "civ_move_2", "volume": 0.11}
[2026-09-26 02:02:16.537] [SFX] {"sound": "hack_success", "volume": 1.0}
[2026-09-26 02:02:16.538] [JACK] JACK // Ich habe 13 Daten-Fragmente aus PC extrahiert. Spuren im System verwischt!
[2026-09-26 02:02:16.620] [SFX] {"sound": "civ_move_2", "volume": 0.1}
[2026-09-26 02:02:16.670] [SFX] {"sound": "civ_move_2", "volume": 0.18}
[2026-09-26 02:02:16.753] [SFX] {"sound": "civ_move_1", "volume": 0.11}
[2026-09-26 02:02:16.833] [SFX] {"sound": "civ_move_2", "volume": 0.17}
[2026-09-26 02:02:16.883] [SFX] {"sound": "civ_move_2", "volume": 0.11}
[2026-09-26 02:02:17.083] [SFX] {"sound": "civ_move_2", "volume": 0.18}
[2026-09-26 02:02:17.168] [SFX] {"sound": "civ_move_1", "volume": 0.1}
[2026-09-26 02:02:17.235] [SFX] {"sound": "civ_move_2", "volume": 0.17}
[2026-09-26 02:02:17.284] [SFX] {"sound": "civ_move_2", "volume": 0.12}
[2026-09-26 02:02:17.368] [M] {"button": 1, "pos": [359, 295], "ui_clicked": false}
[2026-09-26 02:02:17.375] [P] {"start": [190, 10], "goal": [191, 14], "length": 2, "is_direction_change": false}
[2026-09-26 02:02:17.376] [SFX] {"sound": "click_target", "volume": 0.72}
[2026-09-26 02:02:17.442] [SFX] {"sound": "civ_move_2", "volume": 0.12}
[2026-09-26 02:02:17.496] [SFX] {"sound": "player_move", "volume": 0.4}
[2026-09-26 02:02:17.497] [SFX] {"sound": "civ_move_2", "volume": 0.19}
[2026-09-26 02:02:17.576] [SFX] {"sound": "civ_move_1", "volume": 0.11}
[2026-09-26 02:02:17.641] [SFX] {"sound": "civ_move_2", "volume": 0.19}
[2026-09-26 02:02:17.858] [SFX] {"sound": "civ_move_2", "volume": 0.13}
[2026-09-26 02:02:17.908] [SFX] {"sound": "civ_move_2", "volume": 0.2}
[2026-09-26 02:02:17.990] [SFX] {"sound": "civ_move_1", "volume": 0.11}
[2026-09-26 02:02:18.007] [M] {"button": 1, "pos": [332, 311], "ui_clicked": false}
[2026-09-26 02:02:18.043] [SFX] {"sound": "civ_move_2", "volume": 0.2}
[2026-09-26 02:02:18.273] [SFX] {"sound": "civ_move_2", "volume": 0.14}
[2026-09-26 02:02:18.322] [SFX] {"sound": "civ_move_2", "volume": 0.19}
[2026-09-26 02:02:18.390] [SFX] {"sound": "civ_move_1", "volume": 0.1}
[2026-09-26 02:02:18.456] [SFX] {"sound": "civ_move_2", "volume": 0.2}
[2026-09-26 02:02:18.673] [SFX] {"sound": "civ_move_2", "volume": 0.15}
[2026-09-26 02:02:18.724] [SFX] {"sound": "civ_move_2", "volume": 0.18}
[2026-09-26 02:02:18.806] [SFX] {"sound": "civ_move_1", "volume": 0.09}
[2026-09-26 02:02:18.822] [M] {"button": 5, "pos": [332, 303], "ui_clicked": false}
[2026-09-26 02:02:18.857] [SFX] {"sound": "civ_move_2", "volume": 0.2}
[2026-09-26 02:02:19.090] [SFX] {"sound": "civ_move_2", "volume": 0.16}
[2026-09-26 02:02:19.123] [SFX] {"sound": "civ_move_2", "volume": 0.18}
[2026-09-26 02:02:19.207] [SFX] {"sound": "civ_move_1", "volume": 0.08}
[2026-09-26 02:02:19.258] [SFX] {"sound": "civ_move_2", "volume": 0.2}
[2026-09-26 02:02:19.322] [M] {"button": 1, "pos": [325, 302], "ui_clicked": false}
[2026-09-26 02:02:19.329] [JACK] JACK // LIES FOR A LIVING. HER CACHE CONTAINS TRUTHFUL LEAKED AUDITS.
[2026-09-26 02:02:19.330] [SFX] {"sound": "click_target", "volume": 0.68}
[2026-09-26 02:02:19.492] [SFX] {"sound": "civ_move_2", "volume": 0.16}
[2026-09-26 02:02:19.524] [SFX] {"sound": "player_move", "volume": 0.4}
[2026-09-26 02:02:19.525] [SFX] {"sound": "civ_move_2", "volume": 0.17}
[2026-09-26 02:02:19.624] [SFX] {"sound": "civ_move_1", "volume": 0.08}
[2026-09-26 02:02:19.658] [SFX] {"sound": "civ_move_2", "volume": 0.21}
[2026-09-26 02:02:19.840] [SFX] {"sound": "player_move", "volume": 0.4}
[2026-09-26 02:02:19.891] [SFX] {"sound": "civ_move_2", "volume": 0.23}
[2026-09-26 02:02:19.925] [SFX] {"sound": "civ_move_2", "volume": 0.22}
[2026-09-26 02:02:19.940] [M] {"button": 1, "pos": [312, 317], "ui_clicked": false}
[2026-09-26 02:02:19.947] [C] {"civ_pos": [194, 20]}
[2026-09-26 02:02:19.948] [SFX] {"sound": "action_cancel", "volume": 1.0}
[2026-09-26 02:02:20.026] [SFX] {"sound": "civ_move_1", "volume": 0.11}
[2026-09-26 02:02:20.061] [SFX] {"sound": "civ_move_2", "volume": 0.29}
[2026-09-26 02:02:20.307] [SFX] {"sound": "civ_move_2", "volume": 0.22}
[2026-09-26 02:02:20.440] [SFX] {"sound": "civ_move_1", "volume": 0.1}
[2026-09-26 02:02:20.474] [SFX] {"sound": "civ_move_2", "volume": 0.28}
[2026-09-26 02:02:20.722] [SFX] {"sound": "civ_move_2", "volume": 0.23}
[2026-09-26 02:02:20.755] [SFX] {"sound": "civ_move_2", "volume": 0.17}
[2026-09-26 02:02:20.855] [SFX] {"sound": "civ_move_1", "volume": 0.09}
[2026-09-26 02:02:20.887] [SFX] {"sound": "civ_move_2", "volume": 0.27}
[2026-09-26 02:02:21.136] [SFX] {"sound": "civ_move_2", "volume": 0.25}
[2026-09-26 02:02:21.269] [SFX] {"sound": "civ_move_1", "volume": 0.08}
[2026-09-26 02:02:21.302] [SFX] {"sound": "civ_move_2", "volume": 0.25}
[2026-09-26 02:02:21.550] [SFX] {"sound": "civ_move_2", "volume": 0.26}
[2026-09-26 02:02:21.683] [SFX] {"sound": "civ_move_1", "volume": 0.07}
[2026-09-26 02:02:21.716] [SFX] {"sound": "civ_move_2", "volume": 0.24}
[2026-09-26 02:02:21.848] [M] {"button": 1, "pos": [469, 182], "ui_clicked": false}
[2026-09-26 02:02:21.856] [SFX] {"sound": "click_target", "volume": 0.65}
[2026-09-26 02:02:21.932] [SFX] {"sound": "civ_move_2", "volume": 0.16}
[2026-09-26 02:02:21.955] [SFX] {"sound": "civ_move_2", "volume": 0.26}
[2026-09-26 02:02:21.984] [SFX] {"sound": "player_move", "volume": 0.4}
[2026-09-26 02:02:22.097] [SFX] {"sound": "civ_move_1", "volume": 0.07}
[2026-09-26 02:02:22.131] [SFX] {"sound": "civ_move_2", "volume": 0.27}
[2026-09-26 02:02:22.297] [SFX] {"sound": "player_move", "volume": 0.4}
[2026-09-26 02:02:22.348] [SFX] {"sound": "civ_move_2", "volume": 0.21}
[2026-09-26 02:02:22.449] [C] {"civ_pos": [204, 20]}
[2026-09-26 02:02:22.501] [SFX] {"sound": "civ_move_1", "volume": 0.07}
[2026-09-26 02:02:22.502] [SFX] {"sound": "threat_pulse", "volume": 0.3}
[2026-09-26 02:02:22.535] [SFX] {"sound": "civ_move_2", "volume": 0.29}
[2026-09-26 02:02:22.599] [SFX] {"sound": "player_move", "volume": 0.4}
[2026-09-26 02:02:22.764] [SFX] {"sound": "civ_move_2", "volume": 0.21}
[2026-09-26 02:02:22.765] [SFX] {"sound": "civ_move_2", "volume": 0.23}
[2026-09-26 02:02:22.915] [SFX] {"sound": "player_move", "volume": 0.4}
[2026-09-26 02:02:22.916] [SFX] {"sound": "civ_move_1", "volume": 0.06}
[2026-09-26 02:02:22.947] [SFX] {"sound": "civ_move_2", "volume": 0.24}
[2026-09-26 02:02:23.165] [SFX] {"sound": "civ_move_2", "volume": 0.22}
[2026-09-26 02:02:23.166] [SFX] {"sound": "civ_move_2", "volume": 0.3}
[2026-09-26 02:02:23.230] [SFX] {"sound": "player_move", "volume": 0.4}
[2026-09-26 02:02:23.315] [SFX] {"sound": "civ_move_1", "volume": 0.06}
[2026-09-26 02:02:23.414] [SFX] {"sound": "threat_pulse", "volume": 0.31}
[2026-09-26 02:02:23.579] [SFX] {"sound": "civ_move_2", "volume": 0.23}
[2026-09-26 02:02:23.580] [SFX] {"sound": "civ_move_2", "volume": 0.29}
[2026-09-26 02:02:23.728] [SFX] {"sound": "civ_move_1", "volume": 0.05}
[2026-09-26 02:02:23.995] [SFX] {"sound": "civ_move_2", "volume": 0.24}
[2026-09-26 02:02:23.996] [SFX] {"sound": "civ_move_2", "volume": 0.27}
[2026-09-26 02:02:24.142] [SFX] {"sound": "civ_move_1", "volume": 0.04}
[2026-09-26 02:02:24.409] [SFX] {"sound": "civ_move_2", "volume": 0.25}
[2026-09-26 02:02:24.410] [SFX] {"sound": "civ_move_2", "volume": 0.26}
[2026-09-26 02:02:24.543] [SFX] {"sound": "civ_move_1", "volume": 0.03}
[2026-09-26 02:02:24.824] [SFX] {"sound": "civ_move_2", "volume": 0.27}
[2026-09-26 02:02:24.825] [SFX] {"sound": "civ_move_2", "volume": 0.25}
[2026-09-26 02:02:24.889] [M] {"button": 1, "pos": [240, 171], "ui_clicked": false}
[2026-09-26 02:02:24.897] [JACK] JACK // DROWNED IN DISCRETION CLAUSES. HER MEMORY DUMP CONTAINS CORPORATE SECRETS.
[2026-09-26 02:02:24.897] [SFX] {"sound": "click_target", "volume": 0.9}
[2026-09-26 02:02:24.943] [SFX] {"sound": "civ_move_1", "volume": 0.01}
[2026-09-26 02:02:25.026] [C] {"civ_pos": [202, 20]}
[2026-09-26 02:02:25.137] [SFX] {"sound": "civ_move_2", "volume": 0.02}
[2026-09-26 02:02:25.138] [SFX] {"sound": "threat_pulse", "volume": 0.3}
[2026-09-26 02:02:25.162] [SFX] {"sound": "player_move", "volume": 0.4}
[2026-09-26 02:02:25.240] [SFX] {"sound": "civ_move_2", "volume": 0.3}
[2026-09-26 02:02:25.241] [SFX] {"sound": "civ_move_2", "volume": 0.26}
[2026-09-26 02:02:25.358] [SFX] {"sound": "civ_move_1", "volume": 0.0}
[2026-09-26 02:02:25.457] [SFX] {"sound": "player_move", "volume": 0.4}
[2026-09-26 02:02:25.540] [SFX] {"sound": "civ_move_2", "volume": 0.03}
[2026-09-26 02:02:25.640] [SFX] {"sound": "civ_move_2", "volume": 0.29}
[2026-09-26 02:02:25.641] [SFX] {"sound": "civ_move_2", "volume": 0.24}
[2026-09-26 02:02:25.771] [SFX] {"sound": "player_move", "volume": 0.4}
[2026-09-26 02:02:25.953] [SFX] {"sound": "civ_move_2", "volume": 0.03}
[2026-09-26 02:02:26.053] [SFX] {"sound": "civ_move_2", "volume": 0.24}
[2026-09-26 02:02:26.054] [SFX] {"sound": "civ_move_2", "volume": 0.22}
[2026-09-26 02:02:26.055] [SFX] {"sound": "threat_pulse", "volume": 0.31}
[2026-09-26 02:02:26.085] [SFX] {"sound": "player_move", "volume": 0.4}
[2026-09-26 02:02:26.364] [SFX] {"sound": "civ_move_2", "volume": 0.04}
[2026-09-26 02:02:26.399] [SFX] {"sound": "player_move", "volume": 0.4}
[2026-09-26 02:02:26.464] [SFX] {"sound": "civ_move_2", "volume": 0.23}
[2026-09-26 02:02:26.465] [SFX] {"sound": "civ_move_2", "volume": 0.2}
[2026-09-26 02:02:26.711] [SFX] {"sound": "player_move", "volume": 0.4}
[2026-09-26 02:02:26.778] [SFX] {"sound": "civ_move_2", "volume": 0.05}
[2026-09-26 02:02:26.878] [SFX] {"sound": "civ_move_2", "volume": 0.23}
[2026-09-26 02:02:26.879] [SFX] {"sound": "civ_move_2", "volume": 0.19}
[2026-09-26 02:02:26.910] [SFX] {"sound": "civ_move_1", "volume": 0.16}
[2026-09-26 02:02:26.959] [SFX] {"sound": "threat_pulse", "volume": 0.32}
[2026-09-26 02:02:27.011] [SFX] {"sound": "player_move", "volume": 0.4}
[2026-09-26 02:02:27.189] [SFX] {"sound": "civ_move_2", "volume": 0.06}
[2026-09-26 02:02:27.289] [SFX] {"sound": "civ_move_2", "volume": 0.23}
[2026-09-26 02:02:27.289] [SFX] {"sound": "civ_move_2", "volume": 0.17}
[2026-09-26 02:02:27.322] [SFX] {"sound": "player_move", "volume": 0.4}
[2026-09-26 02:02:27.322] [SFX] {"sound": "civ_move_1", "volume": 0.15}
[2026-09-26 02:02:27.503] [M] {"button": 1, "pos": [425, 207], "ui_clicked": true}
[2026-09-26 02:02:27.542] [C] {"civ_pos": [206, 26]}
[2026-09-26 02:02:27.598] [SFX] {"sound": "civ_move_2", "volume": 0.07}
[2026-09-26 02:02:27.632] [SFX] {"sound": "player_move", "volume": 0.4}
[2026-09-26 02:02:27.657] [SFX] {"sound": "infiltrate 1", "volume": 0.5}
[2026-09-26 02:02:27.701] [SFX] {"sound": "civ_move_2", "volume": 0.23}
[2026-09-26 02:02:27.702] [SFX] {"sound": "civ_move_2", "volume": 0.16}
[2026-09-26 02:02:27.734] [SFX] {"sound": "civ_move_1", "volume": 0.14}
[2026-09-26 02:02:27.756] [SFX] {"sound": "civ_move_1", "volume": 0.01}
[2026-09-26 02:02:27.868] [SFX] {"sound": "threat_pulse", "volume": 0.33}
[2026-09-26 02:02:27.948] [SFX] {"sound": "player_move", "volume": 0.4}
[2026-09-26 02:02:27.999] [SFX] {"sound": "civ_move_2", "volume": 0.08}
[2026-09-26 02:02:28.065] [SFX] {"sound": "infiltrate 1", "volume": 0.5}
[2026-09-26 02:02:28.115] [SFX] {"sound": "civ_move_2", "volume": 0.23}
[2026-09-26 02:02:28.115] [SFX] {"sound": "civ_move_2", "volume": 0.14}
[2026-09-26 02:02:28.163] [SENTINEL_EMPTIED_IOT] {"iot": "listener", "stolen_data": 3, "had_jack_sighting": false, "node": [44, 78]}
[2026-09-26 02:02:28.164] [SFX] {"sound": "civ_move_1", "volume": 0.01}
[2026-09-26 02:02:28.165] [SFX] {"sound": "civ_move_1", "volume": 0.13}
[2026-09-26 02:02:28.206] [JACK] Der Sentinel hat Kameradaten aus dem IoT-Node ausgelesen... Er kennt jetzt meine Frequenz!
[2026-09-26 02:02:28.251] [SFX] {"sound": "player_move", "volume": 0.4}
[2026-09-26 02:02:28.369] [SFX] {"sound": "civ_move_2", "volume": 0.25}
[2026-09-26 02:02:28.401] [SFX] {"sound": "civ_move_2", "volume": 0.09}
[2026-09-26 02:02:28.466] [SFX] {"sound": "infiltrate 2", "volume": 0.5}
[2026-09-26 02:02:28.530] [SFX] {"sound": "civ_move_2", "volume": 0.23}
[2026-09-26 02:02:28.530] [SFX] {"sound": "civ_move_2", "volume": 0.13}
[2026-09-26 02:02:28.563] [SFX] {"sound": "player_move", "volume": 0.4}
[2026-09-26 02:02:28.585] [SFX] {"sound": "civ_move_1", "volume": 0.02}
[2026-09-26 02:02:28.586] [SFX] {"sound": "civ_move_1", "volume": 0.13}
[2026-09-26 02:02:28.779] [SFX] {"sound": "civ_move_2", "volume": 0.24}
[2026-09-26 02:02:28.779] [SFX] {"sound": "threat_pulse", "volume": 0.35}
[2026-09-26 02:02:28.813] [SFX] {"sound": "civ_move_2", "volume": 0.1}
[2026-09-26 02:02:28.863] [SFX] {"sound": "player_move", "volume": 0.4}
[2026-09-26 02:02:28.879] [SFX] {"sound": "hack_success", "volume": 1.0}
[2026-09-26 02:03:19.000] [M] {"button": 1, "pos": [393, 287], "ui_clicked": true}
[2026-09-26 02:03:20.567] [M] {"button": 1, "pos": [367, 282], "ui_clicked": true}
[2026-09-26 02:03:48.912] [M] {"button": 1, "pos": [365, 281], "ui_clicked": true}
[2026-09-26 02:03:48.913] [JACK] JACK // MARK HAT DAS RISIKO GEWAGT. DIESE DATEN WERDEN HILFREICH SEIN. (+150 CREDITS)
[2026-09-26 02:03:48.972] [SFX] {"sound": "civ_move_2", "volume": 0.23}
[2026-09-26 02:03:48.973] [SFX] {"sound": "civ_move_2", "volume": 0.11}
[2026-09-26 02:03:49.022] [SFX] {"sound": "civ_move_1", "volume": 0.02}
[2026-09-26 02:03:49.023] [SFX] {"sound": "civ_move_1", "volume": 0.13}
[2026-09-26 02:03:49.205] [SFX] {"sound": "player_move", "volume": 0.4}
[2026-09-26 02:03:49.228] [SFX] {"sound": "civ_move_2", "volume": 0.22}
[2026-09-26 02:03:49.260] [SFX] {"sound": "civ_move_2", "volume": 0.1}
[2026-09-26 02:03:49.375] [SFX] {"sound": "civ_move_2", "volume": 0.23}
[2026-09-26 02:03:49.375] [SFX] {"sound": "civ_move_2", "volume": 0.09}
[2026-09-26 02:03:49.425] [SFX] {"sound": "civ_move_1", "volume": 0.02}
[2026-09-26 02:03:49.426] [SFX] {"sound": "civ_move_1", "volume": 0.13}
[2026-09-26 02:03:49.507] [SFX] {"sound": "player_move", "volume": 0.4}
[2026-09-26 02:03:49.641] [SFX] {"sound": "civ_move_2", "volume": 0.2}
[2026-09-26 02:03:49.675] [SFX] {"sound": "civ_move_2", "volume": 0.11}
[2026-09-26 02:03:49.724] [SFX] {"sound": "threat_pulse", "volume": 0.36}
[2026-09-26 02:03:49.777] [SFX] {"sound": "civ_move_2", "volume": 0.23}
[2026-09-26 02:03:49.778] [SFX] {"sound": "civ_move_2", "volume": 0.08}
[2026-09-26 02:03:49.809] [SFX] {"sound": "player_move", "volume": 0.4}
[2026-09-26 02:03:49.831] [SFX] {"sound": "civ_move_1", "volume": 0.02}
[2026-09-26 02:03:49.832] [SFX] {"sound": "civ_move_1", "volume": 0.12}
[2026-09-26 02:03:50.042] [SFX] {"sound": "civ_move_2", "volume": 0.19}
[2026-09-26 02:03:50.076] [SFX] {"sound": "civ_move_2", "volume": 0.11}
[2026-09-26 02:03:50.077] [C] {"civ_pos": [206, 36]}
[2026-09-26 02:03:50.130] [SFX] {"sound": "player_move", "volume": 0.4}
[2026-09-26 02:03:50.178] [SFX] {"sound": "civ_move_2", "volume": 0.23}
[2026-09-26 02:03:50.179] [SFX] {"sound": "civ_move_2", "volume": 0.06}
[2026-09-26 02:03:50.228] [SFX] {"sound": "civ_move_1", "volume": 0.02}
[2026-09-26 02:03:50.228] [SFX] {"sound": "civ_move_1", "volume": 0.11}
[2026-09-26 02:03:50.360] [SFX] {"sound": "civ_move_2", "volume": 0.08}
[2026-09-26 02:03:50.444] [SFX] {"sound": "player_move", "volume": 0.4}
[2026-09-26 02:03:50.445] [SFX] {"sound": "civ_move_2", "volume": 0.17}
[2026-09-26 02:03:50.478] [SFX] {"sound": "civ_move_2", "volume": 0.11}
[2026-09-26 02:03:50.593] [SFX] {"sound": "civ_move_2", "volume": 0.23}
[2026-09-26 02:03:50.593] [SFX] {"sound": "civ_move_2", "volume": 0.04}
[2026-09-26 02:03:50.625] [SFX] {"sound": "threat_pulse", "volume": 0.37}
[2026-09-26 02:03:50.647] [SFX] {"sound": "civ_move_1", "volume": 0.04}
[2026-09-26 02:03:50.648] [SFX] {"sound": "civ_move_1", "volume": 0.11}
[2026-09-26 02:03:50.758] [SFX] {"sound": "player_move", "volume": 0.4}
[2026-09-26 02:03:50.780] [SFX] {"sound": "civ_move_2", "volume": 0.07}
[2026-09-26 02:03:50.860] [SFX] {"sound": "civ_move_2", "volume": 0.16}
[2026-09-26 02:03:50.892] [SFX] {"sound": "civ_move_2", "volume": 0.11}
[2026-09-26 02:03:51.007] [SFX] {"sound": "civ_move_2", "volume": 0.23}
[2026-09-26 02:03:51.007] [SFX] {"sound": "civ_move_2", "volume": 0.03}
[2026-09-26 02:03:51.056] [SFX] {"sound": "civ_move_1", "volume": 0.05}
[2026-09-26 02:03:51.056] [SFX] {"sound": "civ_move_1", "volume": 0.11}
[2026-09-26 02:03:51.078] [SFX] {"sound": "player_move", "volume": 0.4}
[2026-09-26 02:03:51.123] [M] {"button": 1, "pos": [333, 304], "ui_clicked": false}
[2026-09-26 02:03:51.131] [SFX] {"sound": "action_cancel", "volume": 1.0}
[2026-09-26 02:03:51.132] [P] {"start": [206, 39], "goal": [206, 45], "length": 1, "is_direction_change": false}
[2026-09-26 02:03:51.133] [SFX] {"sound": "click_target", "volume": 0.69}
[2026-09-26 02:03:51.171] [JACK] Verdammt, der Sentinel kreist um mich! Ich kann versuchen ihn mit 50 Credits zu schmieren oder mit 'ner Ausrede zu blöffen.
[2026-09-26 02:03:51.198] [SFX] {"sound": "civ_move_2", "volume": 0.05}
[2026-09-26 02:03:51.266] [SFX] {"sound": "civ_move_2", "volume": 0.13}
[2026-09-26 02:03:51.299] [SFX] {"sound": "civ_move_2", "volume": 0.09}
[2026-09-26 02:03:51.383] [SFX] {"sound": "player_move", "volume": 0.4}
[2026-09-26 02:03:51.416] [SFX] {"sound": "civ_move_2", "volume": 0.28}
[2026-09-26 02:03:51.465] [SFX] {"sound": "civ_move_1", "volume": 0.09}
[2026-09-26 02:03:51.466] [SFX] {"sound": "civ_move_1", "volume": 0.08}
[2026-09-26 02:03:51.532] [SFX] {"sound": "threat_pulse", "volume": 0.35}
[2026-09-26 02:03:51.556] [SFX] {"sound": "civ_move_1", "volume": 0.03}
[2026-09-26 02:03:51.599] [SFX] {"sound": "civ_move_2", "volume": 0.03}
[2026-09-26 02:03:51.681] [SFX] {"sound": "civ_move_2", "volume": 0.12}
[2026-09-26 02:03:51.714] [SFX] {"sound": "civ_move_2", "volume": 0.09}
[2026-09-26 02:03:51.830] [SFX] {"sound": "civ_move_2", "volume": 0.29}
[2026-09-26 02:03:51.879] [SFX] {"sound": "civ_move_1", "volume": 0.09}
[2026-09-26 02:03:51.961] [SFX] {"sound": "civ_move_1", "volume": 0.03}
[2026-09-26 02:03:52.014] [SFX] {"sound": "civ_move_2", "volume": 0.04}
[2026-09-26 02:03:52.095] [SFX] {"sound": "civ_move_2", "volume": 0.12}
[2026-09-26 02:03:52.129] [SFX] {"sound": "civ_move_2", "volume": 0.09}
[2026-09-26 02:03:52.246] [SFX] {"sound": "civ_move_2", "volume": 0.3}
[2026-09-26 02:03:52.280] [SFX] {"sound": "civ_move_1", "volume": 0.08}
[2026-09-26 02:03:52.282] [SFX] {"sound": "civ_move_1", "volume": 0.09}
[2026-09-26 02:03:52.366] [SFX] {"sound": "civ_move_1", "volume": 0.02}
[2026-09-26 02:03:52.417] [SFX] {"sound": "civ_move_2", "volume": 0.05}
[2026-09-26 02:03:52.440] [SFX] {"sound": "threat_pulse", "volume": 0.31}
[2026-09-26 02:03:52.537] [SFX] {"sound": "civ_move_2", "volume": 0.1}
[2026-09-26 02:03:52.585] [C] {"civ_pos": [206, 46]}
[2026-09-26 02:03:52.656] [SFX] {"sound": "civ_move_2", "volume": 0.23}
[2026-09-26 02:03:52.688] [SFX] {"sound": "civ_move_1", "volume": 0.07}
[2026-09-26 02:03:52.689] [SFX] {"sound": "civ_move_1", "volume": 0.1}
[2026-09-26 02:03:52.771] [SFX] {"sound": "civ_move_1", "volume": 0.03}
[2026-09-26 02:03:52.821] [SFX] {"sound": "civ_move_2", "volume": 0.06}
[2026-09-26 02:03:52.952] [SFX] {"sound": "civ_move_2", "volume": 0.1}
[2026-09-26 02:03:53.067] [SFX] {"sound": "civ_move_2", "volume": 0.22}
[2026-09-26 02:03:53.100] [SFX] {"sound": "civ_move_1", "volume": 0.07}
[2026-09-26 02:03:53.101] [SFX] {"sound": "civ_move_1", "volume": 0.1}
[2026-09-26 02:03:53.165] [M] {"button": 1, "pos": [332, 251], "ui_clicked": false}
[2026-09-26 02:03:53.173] [JACK] JACK // DROWNED IN DISCRETION CLAUSES. HER MEMORY DUMP CONTAINS CORPORATE SECRETS.
[2026-09-26 02:03:53.174] [SFX] {"sound": "click_target", "volume": 0.73}
[2026-09-26 02:03:53.192] [SFX] {"sound": "civ_move_1", "volume": 0.04}
[2026-09-26 02:03:53.235] [SFX] {"sound": "civ_move_2", "volume": 0.04}
[2026-09-26 02:03:53.366] [SFX] {"sound": "civ_move_2", "volume": 0.08}
[2026-09-26 02:03:53.481] [SFX] {"sound": "player_move", "volume": 0.4}
[2026-09-26 02:03:53.481] [SFX] {"sound": "civ_move_2", "volume": 0.23}
[2026-09-26 02:03:53.514] [SFX] {"sound": "civ_move_1", "volume": 0.08}
[2026-09-26 02:03:53.597] [SFX] {"sound": "civ_move_1", "volume": 0.06}
[2026-09-26 02:03:53.646] [SFX] {"sound": "civ_move_2", "volume": 0.03}
[2026-09-26 02:03:53.780] [SFX] {"sound": "civ_move_2", "volume": 0.07}
[2026-09-26 02:03:53.803] [SFX] {"sound": "player_move", "volume": 0.4}
[2026-09-26 02:03:53.884] [SFX] {"sound": "civ_move_2", "volume": 0.23}
[2026-09-26 02:03:53.917] [SFX] {"sound": "civ_move_1", "volume": 0.08}
[2026-09-26 02:03:53.918] [SFX] {"sound": "civ_move_1", "volume": 0.07}
[2026-09-26 02:03:53.999] [SFX] {"sound": "civ_move_1", "volume": 0.08}
[2026-09-26 02:03:54.000] [SFX] {"sound": "threat_pulse", "volume": 0.31}
[2026-09-26 02:03:54.050] [SFX] {"sound": "civ_move_2", "volume": 0.03}
[2026-09-26 02:03:54.101] [SFX] {"sound": "player_move", "volume": 0.4}
[2026-09-26 02:03:54.183] [SFX] {"sound": "civ_move_2", "volume": 0.06}
[2026-09-26 02:03:54.300] [SFX] {"sound": "civ_move_2", "volume": 0.23}
[2026-09-26 02:03:54.323] [SFX] {"sound": "civ_move_1", "volume": 0.08}
[2026-09-26 02:03:54.324] [SFX] {"sound": "civ_move_1", "volume": 0.06}
[2026-09-26 02:03:54.399] [SFX] {"sound": "civ_move_1", "volume": 0.1}
[2026-09-26 02:03:54.422] [SFX] {"sound": "player_move", "volume": 0.4}
[2026-09-26 02:03:54.450] [SFX] {"sound": "civ_move_2", "volume": 0.02}
[2026-09-26 02:03:54.597] [M] {"button": 1, "pos": [355, 239], "ui_clicked": true}
[2026-09-26 02:03:54.624] [SFX] {"sound": "civ_move_2", "volume": 0.05}
[2026-09-26 02:03:54.641] [SFX] {"sound": "infiltrate 1", "volume": 0.5}
[2026-09-26 02:03:54.702] [SFX] {"sound": "civ_move_2", "volume": 0.23}
[2026-09-26 02:03:54.724] [SFX] {"sound": "player_move", "volume": 0.4}
[2026-09-26 02:03:54.725] [SFX] {"sound": "civ_move_1", "volume": 0.08}
[2026-09-26 02:03:54.725] [SFX] {"sound": "civ_move_1", "volume": 0.05}
[2026-09-26 02:03:54.801] [SFX] {"sound": "civ_move_1", "volume": 0.12}
[2026-09-26 02:03:54.853] [SFX] {"sound": "civ_move_2", "volume": 0.01}
[2026-09-26 02:03:54.903] [SFX] {"sound": "threat_pulse", "volume": 0.32}
[2026-09-26 02:03:54.999] [SFX] {"sound": "civ_move_2", "volume": 0.04}
[2026-09-26 02:03:55.031] [SFX] {"sound": "player_move", "volume": 0.4}
[2026-09-26 02:03:55.053] [SFX] {"sound": "infiltrate 2", "volume": 0.5}
[2026-09-26 02:03:55.097] [C] {"civ_pos": [206, 56]}
[2026-09-26 02:03:55.139] [SFX] {"sound": "civ_move_2", "volume": 0.23}
[2026-09-26 02:03:55.157] [SFX] {"sound": "civ_move_1", "volume": 0.1}
[2026-09-26 02:03:55.158] [SFX] {"sound": "civ_move_1", "volume": 0.03}
[2026-09-26 02:03:55.203] [SFX] {"sound": "civ_move_1", "volume": 0.13}
[2026-09-26 02:03:55.334] [SFX] {"sound": "player_move", "volume": 0.4}
[2026-09-26 02:03:55.403] [SFX] {"sound": "civ_move_2", "volume": 0.03}
[2026-09-26 02:03:55.452] [SFX] {"sound": "infiltrate 1", "volume": 0.5}
[2026-09-26 02:03:55.520] [SFX] {"sound": "civ_move_2", "volume": 0.23}
[2026-09-26 02:03:55.552] [SFX] {"sound": "civ_move_1", "volume": 0.1}
[2026-09-26 02:03:55.553] [SFX] {"sound": "civ_move_1", "volume": 0.03}
[2026-09-26 02:03:55.619] [SFX] {"sound": "civ_move_1", "volume": 0.14}
[2026-09-26 02:03:55.642] [SFX] {"sound": "player_move", "volume": 0.4}
[2026-09-26 02:03:55.819] [SFX] {"sound": "civ_move_2", "volume": 0.03}
[2026-09-26 02:03:55.820] [SFX] {"sound": "threat_pulse", "volume": 0.33}
[2026-09-26 02:03:55.855] [SFX] {"sound": "infiltrate 1", "volume": 0.5}
[2026-09-26 02:03:55.906] [SFX] {"sound": "civ_move_1", "volume": 0.03}
[2026-09-26 02:03:55.929] [SFX] {"sound": "civ_move_2", "volume": 0.23}
[2026-09-26 02:03:55.946] [SFX] {"sound": "player_move", "volume": 0.4}
[2026-09-26 02:03:55.965] [SFX] {"sound": "civ_move_1", "volume": 0.11}
[2026-09-26 02:03:55.976] [SFX] {"sound": "hack_success", "volume": 1.0}
[2026-09-26 02:04:06.576] [M] {"button": 1, "pos": [267, 260], "ui_clicked": true}
[2026-09-26 02:04:06.577] [SFX] {"sound": "hack_success", "volume": 1.0}
[2026-09-26 02:04:06.635] [SFX] {"sound": "civ_move_1", "volume": 0.16}
[2026-09-26 02:04:06.819] [SFX] {"sound": "civ_move_2", "volume": 0.03}
[2026-09-26 02:04:06.858] [SFX] {"sound": "player_move", "volume": 0.4}
[2026-09-26 02:04:06.907] [SFX] {"sound": "civ_move_1", "volume": 0.02}
[2026-09-26 02:04:06.930] [SFX] {"sound": "civ_move_2", "volume": 0.23}
[2026-09-26 02:04:06.960] [SFX] {"sound": "civ_move_1", "volume": 0.12}
[2026-09-26 02:04:07.048] [SFX] {"sound": "civ_move_1", "volume": 0.18}
[2026-09-26 02:04:07.048] [SFX] {"sound": "civ_move_2", "volume": 0.0}
[2026-09-26 02:04:07.160] [SFX] {"sound": "player_move", "volume": 0.4}
[2026-09-26 02:04:07.225] [SFX] {"sound": "civ_move_2", "volume": 0.03}
[2026-09-26 02:04:07.326] [SFX] {"sound": "civ_move_2", "volume": 0.23}
[2026-09-26 02:04:07.326] [SFX] {"sound": "threat_pulse", "volume": 0.34}
[2026-09-26 02:04:07.359] [SFX] {"sound": "civ_move_1", "volume": 0.13}
[2026-09-26 02:04:07.460] [SFX] {"sound": "civ_move_1", "volume": 0.17}
[2026-09-26 02:04:07.461] [SFX] {"sound": "civ_move_2", "volume": 0.02}
[2026-09-26 02:04:07.482] [SFX] {"sound": "player_move", "volume": 0.4}
[2026-09-26 02:04:07.627] [SFX] {"sound": "civ_move_2", "volume": 0.03}
[2026-09-26 02:04:07.692] [SFX] {"sound": "civ_move_1", "volume": 0.01}
[2026-09-26 02:04:07.726] [SFX] {"sound": "civ_move_2", "volume": 0.23}
[2026-09-26 02:04:07.760] [SFX] {"sound": "civ_move_1", "volume": 0.14}
[2026-09-26 02:04:07.792] [SFX] {"sound": "player_move", "volume": 0.4}
[2026-09-26 02:04:07.875] [SFX] {"sound": "civ_move_1", "volume": 0.17}
[2026-09-26 02:04:07.876] [SFX] {"sound": "civ_move_2", "volume": 0.03}
[2026-09-26 02:04:08.108] [SFX] {"sound": "player_move", "volume": 0.4}
[2026-09-26 02:04:08.131] [SFX] {"sound": "civ_move_1", "volume": 0.01}
[2026-09-26 02:04:08.150] [SFX] {"sound": "civ_move_2", "volume": 0.23}
[2026-09-26 02:04:08.168] [SFX] {"sound": "civ_move_1", "volume": 0.15}
[2026-09-26 02:04:08.213] [C] {"civ_pos": [206, 66]}
[2026-09-26 02:04:08.274] [SFX] {"sound": "threat_pulse", "volume": 0.35}
[2026-09-26 02:04:08.292] [SFX] {"sound": "civ_move_1", "volume": 0.17}
[2026-09-26 02:04:08.293] [SFX] {"sound": "civ_move_2", "volume": 0.05}
[2026-09-26 02:04:08.423] [SFX] {"sound": "player_move", "volume": 0.4}
[2026-09-26 02:04:08.459] [SFX] {"sound": "civ_move_2", "volume": 0.03}
[2026-09-26 02:04:08.540] [M] {"button": 1, "pos": [354, 66], "ui_clicked": false}
[2026-09-26 02:04:08.547] [SFX] {"sound": "civ_move_1", "volume": 0.01}
[2026-09-26 02:04:08.548] [SFX] {"sound": "action_cancel", "volume": 1.0}
[2026-09-26 02:04:08.565] [SFX] {"sound": "civ_move_2", "volume": 0.24}
[2026-09-26 02:04:08.582] [SFX] {"sound": "civ_move_1", "volume": 0.17}
[2026-09-26 02:04:08.693] [SFX] {"sound": "civ_move_1", "volume": 0.21}
[2026-09-26 02:04:08.694] [SFX] {"sound": "civ_move_2", "volume": 0.08}
[2026-09-26 02:04:08.725] [SFX] {"sound": "player_move", "volume": 0.4}
[2026-09-26 02:04:08.954] [SFX] {"sound": "civ_move_1", "volume": 0.06}
[2026-09-26 02:04:08.977] [SFX] {"sound": "civ_move_2", "volume": 0.26}
[2026-09-26 02:04:08.997] [SFX] {"sound": "civ_move_1", "volume": 0.23}
[2026-09-26 02:04:09.026] [SFX] {"sound": "player_move", "volume": 0.4}
[2026-09-26 02:04:09.093] [SFX] {"sound": "civ_move_1", "volume": 0.18}
[2026-09-26 02:04:09.094] [SFX] {"sound": "civ_move_2", "volume": 0.13}
[2026-09-26 02:04:09.142] [SFX] {"sound": "threat_pulse", "volume": 0.33}
[2026-09-26 02:04:09.359] [SFX] {"sound": "civ_move_1", "volume": 0.08}
[2026-09-26 02:04:09.381] [SFX] {"sound": "civ_move_2", "volume": 0.23}
[2026-09-26 02:04:09.398] [SFX] {"sound": "civ_move_1", "volume": 0.27}
[2026-09-26 02:04:09.493] [SFX] {"sound": "civ_move_1", "volume": 0.16}
[2026-09-26 02:04:09.494] [SFX] {"sound": "civ_move_2", "volume": 0.14}
[2026-09-26 02:04:09.773] [SFX] {"sound": "civ_move_1", "volume": 0.09}
[2026-09-26 02:04:09.795] [SFX] {"sound": "civ_move_2", "volume": 0.25}
[2026-09-26 02:04:09.819] [SFX] {"sound": "civ_move_1", "volume": 0.26}
[2026-09-26 02:04:09.898] [SFX] {"sound": "civ_move_1", "volume": 0.15}
[2026-09-26 02:04:09.898] [SFX] {"sound": "civ_move_2", "volume": 0.15}
[2026-09-26 02:04:10.179] [SFX] {"sound": "civ_move_1", "volume": 0.1}
[2026-09-26 02:04:10.203] [SFX] {"sound": "civ_move_2", "volume": 0.26}
[2026-09-26 02:04:10.221] [SFX] {"sound": "civ_move_1", "volume": 0.24}
[2026-09-26 02:04:10.302] [SFX] {"sound": "civ_move_1", "volume": 0.15}
[2026-09-26 02:04:10.302] [SFX] {"sound": "civ_move_2", "volume": 0.16}
[2026-09-26 02:04:10.469] [M] {"button": 1, "pos": [246, 195], "ui_clicked": false}
[2026-09-26 02:04:10.478] [P] {"start": [206, 80], "goal": [202, 80], "length": 1, "is_direction_change": false}
[2026-09-26 02:04:10.478] [SFX] {"sound": "click_target", "volume": 0.72}
[2026-09-26 02:04:10.537] [JACK] Kurzer Blick um die Ecke...
[2026-09-26 02:04:10.581] [SFX] {"sound": "civ_move_1", "volume": 0.11}
[2026-09-26 02:04:10.605] [SFX] {"sound": "civ_move_2", "volume": 0.26}
[2026-09-26 02:04:10.622] [SFX] {"sound": "player_move", "volume": 0.4}
[2026-09-26 02:04:10.623] [SFX] {"sound": "civ_move_1", "volume": 0.23}
[2026-09-26 02:04:10.717] [SFX] {"sound": "civ_move_1", "volume": 0.16}
[2026-09-26 02:04:10.718] [SFX] {"sound": "civ_move_2", "volume": 0.17}
[2026-09-26 02:04:10.949] [SFX] {"sound": "civ_move_2", "volume": 0.01}
[2026-09-26 02:04:10.983] [SFX] {"sound": "civ_move_1", "volume": 0.12}
[2026-09-26 02:04:11.006] [SFX] {"sound": "civ_move_2", "volume": 0.27}
[2026-09-26 02:04:11.023] [SFX] {"sound": "civ_move_1", "volume": 0.21}
[2026-09-26 02:04:11.120] [SFX] {"sound": "civ_move_1", "volume": 0.15}
[2026-09-26 02:04:11.121] [SFX] {"sound": "civ_move_2", "volume": 0.18}
[2026-09-26 02:04:11.351] [SFX] {"sound": "civ_move_2", "volume": 0.02}
[2026-09-26 02:04:11.383] [SFX] {"sound": "civ_move_1", "volume": 0.13}
[2026-09-26 02:04:11.405] [SFX] {"sound": "civ_move_2", "volume": 0.27}
[2026-09-26 02:04:11.424] [SFX] {"sound": "civ_move_1", "volume": 0.2}
[2026-09-26 02:04:11.534] [SFX] {"sound": "civ_move_1", "volume": 0.14}
[2026-09-26 02:04:11.535] [SFX] {"sound": "civ_move_2", "volume": 0.19}
[2026-09-26 02:04:11.763] [SFX] {"sound": "civ_move_2", "volume": 0.03}
[2026-09-26 02:04:11.796] [SFX] {"sound": "civ_move_1", "volume": 0.14}
[2026-09-26 02:04:11.818] [SFX] {"sound": "civ_move_2", "volume": 0.28}
[2026-09-26 02:04:11.837] [SFX] {"sound": "civ_move_1", "volume": 0.19}
[2026-09-26 02:04:11.855] [C] {"civ_pos": [204, 80]}
[2026-09-26 02:04:11.935] [SFX] {"sound": "civ_move_1", "volume": 0.15}
[2026-09-26 02:04:11.936] [SFX] {"sound": "civ_move_2", "volume": 0.2}
[2026-09-26 02:04:12.167] [SFX] {"sound": "civ_move_2", "volume": 0.04}
[2026-09-26 02:04:12.199] [SFX] {"sound": "civ_move_1", "volume": 0.15}
[2026-09-26 02:04:12.221] [SFX] {"sound": "civ_move_2", "volume": 0.29}
[2026-09-26 02:04:12.238] [SFX] {"sound": "civ_move_1", "volume": 0.18}
[2026-09-26 02:04:12.349] [SFX] {"sound": "civ_move_1", "volume": 0.16}
[2026-09-26 02:04:12.350] [SFX] {"sound": "civ_move_2", "volume": 0.21}
[2026-09-26 02:04:12.583] [SFX] {"sound": "civ_move_2", "volume": 0.05}
[2026-09-26 02:04:12.605] [SFX] {"sound": "civ_move_1", "volume": 0.16}
[2026-09-26 02:04:12.622] [SFX] {"sound": "civ_move_2", "volume": 0.3}
[2026-09-26 02:04:12.639] [SFX] {"sound": "civ_move_1", "volume": 0.17}
[2026-09-26 02:04:12.751] [SFX] {"sound": "civ_move_1", "volume": 0.16}
[2026-09-26 02:04:12.751] [SFX] {"sound": "civ_move_2", "volume": 0.21}
[2026-09-26 02:04:12.815] [M] {"button": 1, "pos": [300, 194], "ui_clicked": false}
[2026-09-26 02:04:12.823] [JACK] JACK // DROWNED IN DISCRETION CLAUSES. HER MEMORY DUMP CONTAINS CORPORATE SECRETS.
[2026-09-26 02:04:12.823] [SFX] {"sound": "click_target", "volume": 0.78}
[2026-09-26 02:04:12.983] [SFX] {"sound": "civ_move_2", "volume": 0.06}
[2026-09-26 02:04:13.007] [SFX] {"sound": "civ_move_1", "volume": 0.16}
[2026-09-26 02:04:13.025] [SFX] {"sound": "civ_move_2", "volume": 0.29}
[2026-09-26 02:04:13.042] [SFX] {"sound": "civ_move_1", "volume": 0.15}
[2026-09-26 02:04:13.070] [SFX] {"sound": "player_move", "volume": 0.4}
[2026-09-26 02:04:13.120] [SFX] {"sound": "threat_pulse", "volume": 0.3}
[2026-09-26 02:04:13.154] [SFX] {"sound": "civ_move_1", "volume": 0.18}
[2026-09-26 02:04:13.155] [SFX] {"sound": "civ_move_2", "volume": 0.22}
[2026-09-26 02:04:13.383] [SFX] {"sound": "player_move", "volume": 0.4}
[2026-09-26 02:04:13.384] [SFX] {"sound": "civ_move_2", "volume": 0.07}
[2026-09-26 02:04:13.416] [SFX] {"sound": "civ_move_1", "volume": 0.17}
[2026-09-26 02:04:13.439] [SFX] {"sound": "civ_move_2", "volume": 0.29}
[2026-09-26 02:04:13.457] [SFX] {"sound": "civ_move_1", "volume": 0.14}
[2026-09-26 02:04:13.566] [SFX] {"sound": "civ_move_1", "volume": 0.2}
[2026-09-26 02:04:13.567] [SFX] {"sound": "civ_move_2", "volume": 0.3}
[2026-09-26 02:04:13.696] [SFX] {"sound": "player_move", "volume": 0.4}
[2026-09-26 02:04:13.779] [M] {"button": 1, "pos": [329, 206], "ui_clicked": true}
[2026-09-26 02:04:13.818] [SFX] {"sound": "civ_move_2", "volume": 0.08}
[2026-09-26 02:04:13.819] [SFX] {"sound": "civ_move_1", "volume": 0.18}
[2026-09-26 02:04:13.841] [SFX] {"sound": "civ_move_2", "volume": 0.24}
[2026-09-26 02:04:13.859] [SFX] {"sound": "civ_move_1", "volume": 0.12}
[2026-09-26 02:04:13.970] [SFX] {"sound": "civ_move_1", "volume": 0.21}
[2026-09-26 02:04:13.971] [SFX] {"sound": "civ_move_2", "volume": 0.28}
[2026-09-26 02:04:14.003] [SFX] {"sound": "player_move", "volume": 0.4}
[2026-09-26 02:04:14.026] [SFX] {"sound": "threat_pulse", "volume": 0.31}
[2026-09-26 02:04:14.088] [SFX] {"sound": "infiltrate 2", "volume": 0.5}
[2026-09-26 02:04:14.234] [SFX] {"sound": "civ_move_2", "volume": 0.09}
[2026-09-26 02:04:14.236] [SFX] {"sound": "civ_move_1", "volume": 0.19}
[2026-09-26 02:04:14.256] [SFX] {"sound": "civ_move_2", "volume": 0.23}
[2026-09-26 02:04:14.274] [SFX] {"sound": "civ_move_1", "volume": 0.1}
[2026-09-26 02:04:14.318] [SFX] {"sound": "player_move", "volume": 0.4}
[2026-09-26 02:04:14.351] [C] {"civ_pos": [198, 82]}
[2026-09-26 02:04:14.423] [SFX] {"sound": "civ_move_1", "volume": 0.21}
[2026-09-26 02:04:14.424] [SFX] {"sound": "civ_move_2", "volume": 0.26}
[2026-09-26 02:04:14.489] [SFX] {"sound": "infiltrate 1", "volume": 0.5}
[2026-09-26 02:04:14.621] [SFX] {"sound": "player_move", "volume": 0.4}
[2026-09-26 02:04:14.644] [SFX] {"sound": "civ_move_2", "volume": 0.1}
[2026-09-26 02:04:14.645] [SFX] {"sound": "civ_move_1", "volume": 0.2}
[2026-09-26 02:04:14.662] [SFX] {"sound": "civ_move_2", "volume": 0.23}
[2026-09-26 02:04:14.680] [SFX] {"sound": "civ_move_1", "volume": 0.09}
[2026-09-26 02:04:14.830] [SFX] {"sound": "civ_move_1", "volume": 0.22}
[2026-09-26 02:04:14.831] [SFX] {"sound": "civ_move_2", "volume": 0.25}
[2026-09-26 02:04:14.899] [SFX] {"sound": "infiltrate 1", "volume": 0.5}
[2026-09-26 02:04:14.934] [SFX] {"sound": "player_move", "volume": 0.4}
[2026-09-26 02:04:14.935] [SFX] {"sound": "threat_pulse", "volume": 0.39}
[2026-09-26 02:04:15.050] [SFX] {"sound": "civ_move_2", "volume": 0.11}
[2026-09-26 02:04:15.051] [SFX] {"sound": "civ_move_1", "volume": 0.21}
[2026-09-26 02:04:15.051] [SFX] {"sound": "civ_move_2", "volume": 0.01}
[2026-09-26 02:04:15.073] [SFX] {"sound": "civ_move_2", "volume": 0.23}
[2026-09-26 02:04:15.090] [SFX] {"sound": "civ_move_1", "volume": 0.08}
[2026-09-26 02:04:15.151] [SFX] {"sound": "hack_success", "volume": 1.0}
[2026-09-26 02:04:15.152] [JACK] JACK // Ich habe 1 Credits von VALERIE CROSS (EXECUTIVE DATA PROXY) gehackt! Er flieht zum Wachtposten!
[2026-09-26 02:04:15.153] [JACK] JACK // DROWNED IN DISCRETION CLAUSES. HER MEMORY DUMP CONTAINS CORPORATE SECRETS.
[2026-09-26 02:04:15.234] [SFX] {"sound": "civ_move_1", "volume": 0.22}
[2026-09-26 02:04:15.235] [SFX] {"sound": "civ_move_2", "volume": 0.24}
[2026-09-26 02:04:15.463] [SFX] {"sound": "civ_move_2", "volume": 0.12}
[2026-09-26 02:04:15.463] [SFX] {"sound": "civ_move_1", "volume": 0.22}
[2026-09-26 02:04:15.464] [SFX] {"sound": "civ_move_2", "volume": 0.02}
[2026-09-26 02:04:15.485] [SFX] {"sound": "civ_move_2", "volume": 0.29}
[2026-09-26 02:04:15.502] [SFX] {"sound": "civ_move_1", "volume": 0.07}
[2026-09-26 02:04:15.647] [SFX] {"sound": "civ_move_1", "volume": 0.24}
[2026-09-26 02:04:15.647] [SFX] {"sound": "civ_move_2", "volume": 0.24}
[2026-09-26 02:04:15.747] [SFX] {"sound": "threat_pulse", "volume": 0.38}
[2026-09-26 02:04:15.863] [SFX] {"sound": "civ_move_2", "volume": 0.13}
[2026-09-26 02:04:15.864] [SFX] {"sound": "civ_move_1", "volume": 0.23}
[2026-09-26 02:04:15.864] [SFX] {"sound": "civ_move_2", "volume": 0.03}
[2026-09-26 02:04:15.885] [SFX] {"sound": "civ_move_2", "volume": 0.28}
[2026-09-26 02:04:15.902] [SFX] {"sound": "civ_move_1", "volume": 0.06}
[2026-09-26 02:04:16.062] [SFX] {"sound": "civ_move_1", "volume": 0.25}
[2026-09-26 02:04:16.063] [SFX] {"sound": "civ_move_2", "volume": 0.23}
[2026-09-26 02:04:16.273] [SFX] {"sound": "civ_move_2", "volume": 0.14}
[2026-09-26 02:04:16.274] [SFX] {"sound": "civ_move_1", "volume": 0.3}
[2026-09-26 02:04:16.275] [SFX] {"sound": "civ_move_2", "volume": 0.04}
[2026-09-26 02:04:16.296] [SFX] {"sound": "civ_move_2", "volume": 0.26}
[2026-09-26 02:04:16.314] [SFX] {"sound": "civ_move_1", "volume": 0.04}
[2026-09-26 02:04:16.474] [SFX] {"sound": "civ_move_1", "volume": 0.24}
[2026-09-26 02:04:16.475] [SFX] {"sound": "civ_move_2", "volume": 0.22}
[2026-09-26 02:04:16.655] [SFX] {"sound": "threat_pulse", "volume": 0.33}
[2026-09-26 02:04:16.688] [SFX] {"sound": "civ_move_2", "volume": 0.15}
[2026-09-26 02:04:16.689] [SFX] {"sound": "civ_move_1", "volume": 0.29}
[2026-09-26 02:04:16.690] [SFX] {"sound": "civ_move_2", "volume": 0.05}
[2026-09-26 02:04:16.710] [SFX] {"sound": "civ_move_2", "volume": 0.25}
[2026-09-26 02:04:16.730] [SFX] {"sound": "civ_move_1", "volume": 0.03}
[2026-09-26 02:04:16.741] [M] {"button": 1, "pos": [330, 166], "ui_clicked": false}
[2026-09-26 02:04:16.749] [JACK] JACK // HEAVY DUTY DECK. INFILTRATING HIS NODE REQUISITIONS HEAVY DATA.
[2026-09-26 02:04:16.749] [SFX] {"sound": "click_target", "volume": 0.98}
[2026-09-26 02:04:16.828] [SFX] {"sound": "player_move", "volume": 0.4}
[2026-09-26 02:04:16.863] [C] {"civ_pos": [198, 80]}
[2026-09-26 02:04:16.904] [SFX] {"sound": "civ_move_1", "volume": 0.24}
[2026-09-26 02:04:16.905] [SFX] {"sound": "civ_move_2", "volume": 0.22}
[2026-09-26 02:04:17.097] [SFX] {"sound": "civ_move_2", "volume": 0.18}
[2026-09-26 02:04:17.098] [SFX] {"sound": "civ_move_1", "volume": 0.29}
[2026-09-26 02:04:17.099] [SFX] {"sound": "civ_move_2", "volume": 0.08}
[2026-09-26 02:04:17.125] [SFX] {"sound": "civ_move_2", "volume": 0.24}
[2026-09-26 02:04:17.144] [SFX] {"sound": "player_move", "volume": 0.4}
[2026-09-26 02:04:17.145] [SFX] {"sound": "civ_move_1", "volume": 0.03}
[2026-09-26 02:04:17.294] [SFX] {"sound": "civ_move_1", "volume": 0.22}
[2026-09-26 02:04:17.295] [SFX] {"sound": "civ_move_2", "volume": 0.22}
[2026-09-26 02:04:17.450] [SFX] {"sound": "player_move", "volume": 0.4}
[2026-09-26 02:04:17.499] [SFX] {"sound": "civ_move_2", "volume": 0.19}
[2026-09-26 02:04:17.500] [SFX] {"sound": "civ_move_1", "volume": 0.29}
[2026-09-26 02:04:17.501] [SFX] {"sound": "civ_move_2", "volume": 0.09}
[2026-09-26 02:04:17.522] [SFX] {"sound": "civ_move_2", "volume": 0.26}
[2026-09-26 02:04:17.549] [SFX] {"sound": "civ_move_1", "volume": 0.02}
[2026-09-26 02:04:17.571] [SFX] {"sound": "threat_pulse", "volume": 0.34}
[2026-09-26 02:04:17.699] [SFX] {"sound": "civ_move_2", "volume": 0.22}
[2026-09-26 02:04:17.765] [SFX] {"sound": "player_move", "volume": 0.4}
[2026-09-26 02:04:17.916] [SFX] {"sound": "civ_move_2", "volume": 0.21}
[2026-09-26 02:04:17.916] [SFX] {"sound": "civ_move_1", "volume": 0.29}
[2026-09-26 02:04:17.917] [SFX] {"sound": "civ_move_2", "volume": 0.11}
[2026-09-26 02:04:17.938] [SFX] {"sound": "civ_move_2", "volume": 0.26}
[2026-09-26 02:04:17.956] [SFX] {"sound": "civ_move_1", "volume": 0.01}
[2026-09-26 02:04:18.070] [SFX] {"sound": "player_move", "volume": 0.4}
[2026-09-26 02:04:18.105] [SFX] {"sound": "civ_move_2", "volume": 0.21}
[2026-09-26 02:04:18.323] [SFX] {"sound": "civ_move_2", "volume": 0.23}
[2026-09-26 02:04:18.323] [SFX] {"sound": "civ_move_1", "volume": 0.29}
[2026-09-26 02:04:18.324] [SFX] {"sound": "civ_move_2", "volume": 0.12}
[2026-09-26 02:04:18.346] [SFX] {"sound": "civ_move_2", "volume": 0.26}
[2026-09-26 02:04:18.376] [SFX] {"sound": "player_move", "volume": 0.4}
[2026-09-26 02:04:18.428] [SFX] {"sound": "civ_move_2", "volume": 0.17}
[2026-09-26 02:04:18.479] [SFX] {"sound": "threat_pulse", "volume": 0.35}
[2026-09-26 02:04:18.513] [SFX] {"sound": "civ_move_2", "volume": 0.2}
[2026-09-26 02:04:18.595] [M] {"button": 1, "pos": [387, 199], "ui_clicked": true}
[2026-09-26 02:04:18.677] [SFX] {"sound": "player_move", "volume": 0.4}
[2026-09-26 02:04:18.726] [SFX] {"sound": "civ_move_2", "volume": 0.24}
[2026-09-26 02:04:18.727] [SFX] {"sound": "civ_move_1", "volume": 0.29}
[2026-09-26 02:04:18.728] [SFX] {"sound": "civ_move_2", "volume": 0.13}
[2026-09-26 02:04:18.750] [SFX] {"sound": "civ_move_2", "volume": 0.25}
[2026-09-26 02:04:18.751] [SFX] {"sound": "infiltrate 2", "volume": 0.5}
[2026-09-26 02:04:18.831] [SFX] {"sound": "civ_move_2", "volume": 0.16}
[2026-09-26 02:04:18.898] [SFX] {"sound": "action_cancel", "volume": 1.0}
[2026-09-26 02:04:18.919] [SFX] {"sound": "civ_move_2", "volume": 0.19}
[2026-09-26 02:04:18.980] [SFX] {"sound": "player_move", "volume": 0.4}
[2026-09-26 02:04:19.143] [SFX] {"sound": "civ_move_2", "volume": 0.29}
[2026-09-26 02:04:19.144] [SFX] {"sound": "civ_move_1", "volume": 0.22}
[2026-09-26 02:04:19.145] [SFX] {"sound": "civ_move_2", "volume": 0.18}
[2026-09-26 02:04:19.167] [SFX] {"sound": "civ_move_2", "volume": 0.28}
[2026-09-26 02:04:19.183] [SFX] {"sound": "civ_move_1", "volume": 0.02}
[2026-09-26 02:04:19.259] [SFX] {"sound": "civ_move_2", "volume": 0.15}
[2026-09-26 02:04:19.293] [SFX] {"sound": "player_move", "volume": 0.4}
[2026-09-26 02:04:19.325] [SFX] {"sound": "civ_move_2", "volume": 0.24}
[2026-09-26 02:04:19.377] [C] {"civ_pos": [206, 71]}
[2026-09-26 02:04:19.419] [SFX] {"sound": "threat_pulse", "volume": 0.33}
[2026-09-26 02:04:19.549] [SFX] {"sound": "civ_move_2", "volume": 0.19}
[2026-09-26 02:04:19.550] [SFX] {"sound": "civ_move_1", "volume": 0.19}
[2026-09-26 02:04:19.551] [SFX] {"sound": "civ_move_2", "volume": 0.25}
[2026-09-26 02:04:19.572] [SFX] {"sound": "civ_move_2", "volume": 0.22}
[2026-09-26 02:04:19.590] [SFX] {"sound": "civ_move_1", "volume": 0.06}
[2026-09-26 02:04:19.607] [SFX] {"sound": "player_move", "volume": 0.4}
[2026-09-26 02:04:19.671] [SFX] {"sound": "civ_move_2", "volume": 0.14}
[2026-09-26 02:04:19.721] [SFX] {"sound": "guardian_move", "volume": 0.03}
[2026-09-26 02:04:19.745] [SFX] {"sound": "civ_move_2", "volume": 0.29}
[2026-09-26 02:04:19.906] [SFX] {"sound": "player_move", "volume": 0.4}
[2026-09-26 02:04:19.956] [SFX] {"sound": "civ_move_2", "volume": 0.13}
[2026-09-26 02:04:19.957] [SFX] {"sound": "civ_move_1", "volume": 0.15}
[2026-09-26 02:04:19.957] [SFX] {"sound": "civ_move_2", "volume": 0.22}
[2026-09-26 02:04:19.979] [SFX] {"sound": "civ_move_2", "volume": 0.18}
[2026-09-26 02:04:19.996] [SFX] {"sound": "civ_move_1", "volume": 0.11}
[2026-09-26 02:04:20.025] [SFX] {"sound": "civ_move_2", "volume": 0.0}
[2026-09-26 02:04:20.076] [SFX] {"sound": "civ_move_2", "volume": 0.1}
[2026-09-26 02:04:20.145] [SFX] {"sound": "civ_move_2", "volume": 0.21}
[2026-09-26 02:04:20.210] [SFX] {"sound": "player_move", "volume": 0.4}
[2026-09-26 02:04:20.329] [SFX] {"sound": "guardian_move", "volume": 0.17}
[2026-09-26 02:04:20.361] [SFX] {"sound": "civ_move_2", "volume": 0.07}
[2026-09-26 02:04:20.362] [SFX] {"sound": "civ_move_1", "volume": 0.11}
[2026-09-26 02:04:20.363] [SFX] {"sound": "civ_move_2", "volume": 0.16}
[2026-09-26 02:04:20.383] [SFX] {"sound": "civ_move_2", "volume": 0.14}
[2026-09-26 02:04:20.400] [SFX] {"sound": "civ_move_1", "volume": 0.16}
[2026-09-26 02:04:20.431] [SFX] {"sound": "civ_move_2", "volume": 0.07}
[2026-09-26 02:04:20.483] [SFX] {"sound": "civ_move_2", "volume": 0.06}
[2026-09-26 02:04:20.516] [SFX] {"sound": "player_move", "volume": 0.4}
[2026-09-26 02:04:20.551] [SFX] {"sound": "civ_move_2", "volume": 0.17}
[2026-09-26 02:04:20.765] [SFX] {"sound": "civ_move_2", "volume": 0.02}
[2026-09-26 02:04:20.766] [SFX] {"sound": "civ_move_1", "volume": 0.07}
[2026-09-26 02:04:20.767] [SFX] {"sound": "civ_move_2", "volume": 0.1}
[2026-09-26 02:04:20.801] [SFX] {"sound": "civ_move_1", "volume": 0.21}
[2026-09-26 02:04:20.823] [SFX] {"sound": "player_move", "volume": 0.4}
[2026-09-26 02:04:20.840] [SFX] {"sound": "civ_move_2", "volume": 0.13}
[2026-09-26 02:04:20.885] [SFX] {"sound": "civ_move_2", "volume": 0.02}
[2026-09-26 02:04:20.936] [SFX] {"sound": "guardian_move", "volume": 0.32}
[2026-09-26 02:04:20.958] [SFX] {"sound": "civ_move_2", "volume": 0.13}
[2026-09-26 02:04:21.120] [SFX] {"sound": "player_move", "volume": 0.4}
[2026-09-26 02:04:21.170] [SFX] {"sound": "civ_move_1", "volume": 0.03}
[2026-09-26 02:04:21.171] [SFX] {"sound": "civ_move_2", "volume": 0.04}
[2026-09-26 02:04:21.204] [SFX] {"sound": "civ_move_1", "volume": 0.26}
[2026-09-26 02:04:21.238] [SFX] {"sound": "civ_move_2", "volume": 0.19}
[2026-09-26 02:04:21.338] [SFX] {"sound": "threat_pulse", "volume": 0.32}
[2026-09-26 02:04:21.361] [SFX] {"sound": "civ_move_2", "volume": 0.09}
[2026-09-26 02:04:21.421] [SFX] {"sound": "player_move", "volume": 0.4}
[2026-09-26 02:04:21.539] [SFX] {"sound": "guardian_move", "volume": 0.29}
[2026-09-26 02:04:21.607] [SFX] {"sound": "civ_move_1", "volume": 0.23}
[2026-09-26 02:04:21.639] [SFX] {"sound": "civ_move_2", "volume": 0.24}
[2026-09-26 02:04:21.689] [SENTINEL_ALARM_DISPATCHED] {"guard": [204, 64], "investigate": [198, 80]}
[2026-09-26 02:04:21.730] [JACK] Achtung! Eine Wache wurde zu meiner letzten bekannten Position geschickt! Ich muss sofort den Standort wechseln!
[2026-09-26 02:04:21.748] [SFX] {"sound": "player_move", "volume": 0.4}
[2026-09-26 02:04:21.766] [SFX] {"sound": "civ_move_2", "volume": 0.05}
[2026-09-26 02:04:22.011] [SFX] {"sound": "civ_move_1", "volume": 0.21}
[2026-09-26 02:04:22.045] [SFX] {"sound": "civ_move_2", "volume": 0.27}
[2026-09-26 02:04:22.143] [SFX] {"sound": "guardian_move", "volume": 0.25}
[2026-09-26 02:04:22.166] [SFX] {"sound": "civ_move_2", "volume": 0.05}
[2026-09-26 02:04:22.423] [SFX] {"sound": "civ_move_1", "volume": 0.22}
[2026-09-26 02:04:22.456] [SFX] {"sound": "civ_move_2", "volume": 0.28}
[2026-09-26 02:04:22.456] [C] {"civ_pos": [204, 20]}
[2026-09-26 02:04:22.576] [SFX] {"sound": "civ_move_2", "volume": 0.06}
[2026-09-26 02:04:22.829] [SFX] {"sound": "civ_move_1", "volume": 0.23}
[2026-09-26 02:04:22.864] [SFX] {"sound": "civ_move_2", "volume": 0.3}
[2026-09-26 02:04:22.980] [SFX] {"sound": "civ_move_2", "volume": 0.07}
[2026-09-26 02:04:23.231] [SFX] {"sound": "civ_move_1", "volume": 0.24}
[2026-09-26 02:04:23.264] [SFX] {"sound": "civ_move_2", "volume": 0.23}
[2026-09-26 02:04:23.381] [SFX] {"sound": "civ_move_2", "volume": 0.01}
[2026-09-26 02:04:23.382] [SFX] {"sound": "civ_move_2", "volume": 0.07}
[2026-09-26 02:04:23.641] [SFX] {"sound": "civ_move_1", "volume": 0.29}
[2026-09-26 02:04:23.794] [SFX] {"sound": "civ_move_2", "volume": 0.02}
[2026-09-26 02:04:23.794] [SFX] {"sound": "civ_move_2", "volume": 0.08}
[2026-09-26 02:04:24.021] [SFX] {"sound": "civ_move_1", "volume": 0.01}
[2026-09-26 02:04:24.054] [SFX] {"sound": "civ_move_1", "volume": 0.28}
[2026-09-26 02:04:24.205] [SFX] {"sound": "civ_move_2", "volume": 0.03}
[2026-09-26 02:04:24.206] [SFX] {"sound": "civ_move_2", "volume": 0.09}
[2026-09-26 02:04:24.290] [SFX] {"sound": "civ_move_2", "volume": 0.22}
[2026-09-26 02:04:24.425] [SFX] {"sound": "civ_move_1", "volume": 0.02}
[2026-09-26 02:04:24.458] [SFX] {"sound": "civ_move_1", "volume": 0.27}
[2026-09-26 02:04:24.607] [SFX] {"sound": "civ_move_2", "volume": 0.04}
[2026-09-26 02:04:24.607] [SFX] {"sound": "civ_move_2", "volume": 0.1}
[2026-09-26 02:04:24.694] [SFX] {"sound": "civ_move_2", "volume": 0.23}
[2026-09-26 02:04:24.841] [SFX] {"sound": "civ_move_1", "volume": 0.03}
[2026-09-26 02:04:24.875] [SFX] {"sound": "civ_move_1", "volume": 0.26}
[2026-09-26 02:04:24.957] [C] {"civ_pos": [206, 22]}
[2026-09-26 02:04:25.008] [SFX] {"sound": "civ_move_2", "volume": 0.05}
[2026-09-26 02:04:25.009] [SFX] {"sound": "civ_move_2", "volume": 0.11}
[2026-09-26 02:04:25.141] [SFX] {"sound": "civ_move_2", "volume": 0.23}
[2026-09-26 02:04:25.243] [SFX] {"sound": "civ_move_1", "volume": 0.04}
[2026-09-26 02:04:25.277] [SFX] {"sound": "civ_move_1", "volume": 0.2}
[2026-09-26 02:04:25.410] [SFX] {"sound": "civ_move_2", "volume": 0.07}
[2026-09-26 02:04:25.411] [SFX] {"sound": "civ_move_2", "volume": 0.12}
[2026-09-26 02:04:25.544] [SFX] {"sound": "civ_move_2", "volume": 0.3}
[2026-09-26 02:04:25.644] [SFX] {"sound": "civ_move_1", "volume": 0.05}
[2026-09-26 02:04:25.694] [SFX] {"sound": "civ_move_1", "volume": 0.19}
[2026-09-26 02:04:25.759] [M] {"button": 1, "pos": [367, 229], "ui_clicked": false}
[2026-09-26 02:04:25.813] [SFX] {"sound": "civ_move_2", "volume": 0.08}
[2026-09-26 02:04:25.813] [SFX] {"sound": "civ_move_2", "volume": 0.13}
[2026-09-26 02:04:25.944] [SFX] {"sound": "civ_move_2", "volume": 0.29}
[2026-09-26 02:04:26.057] [SFX] {"sound": "civ_move_1", "volume": 0.06}
[2026-09-26 02:04:26.223] [SFX] {"sound": "civ_move_2", "volume": 0.09}
[2026-09-26 02:04:26.224] [SFX] {"sound": "civ_move_2", "volume": 0.14}
[2026-09-26 02:04:26.357] [SFX] {"sound": "civ_move_2", "volume": 0.27}
[2026-09-26 02:04:26.458] [SFX] {"sound": "civ_move_1", "volume": 0.07}
[2026-09-26 02:04:26.622] [SFX] {"sound": "civ_move_2", "volume": 0.1}
[2026-09-26 02:04:26.622] [SFX] {"sound": "civ_move_2", "volume": 0.15}
[2026-09-26 02:04:26.757] [SFX] {"sound": "civ_move_2", "volume": 0.26}
[2026-09-26 02:04:26.874] [SFX] {"sound": "civ_move_1", "volume": 0.08}
[2026-09-26 02:04:27.037] [SFX] {"sound": "civ_move_2", "volume": 0.16}
[2026-09-26 02:04:27.168] [SFX] {"sound": "civ_move_2", "volume": 0.25}
[2026-09-26 02:04:27.183] [M] {"button": 1, "pos": [210, 186], "ui_clicked": false}
[2026-09-26 02:04:27.192] [JACK] JACK // OBSESSED WITH QUANTUM KEYS. LEAVES RETINAL SHADOWS IN EVERY NODE HE TOUCHES.
[2026-09-26 02:04:27.193] [SFX] {"sound": "click_target", "volume": 0.69}
[2026-09-26 02:04:27.288] [SFX] {"sound": "civ_move_1", "volume": 0.09}
[2026-09-26 02:04:27.320] [SFX] {"sound": "player_move", "volume": 0.4}
[2026-09-26 02:04:27.419] [SFX] {"sound": "civ_move_1", "volume": 0.2}
[2026-09-26 02:04:27.454] [SFX] {"sound": "civ_move_2", "volume": 0.16}
[2026-09-26 02:04:27.476] [C] {"civ_pos": [198, 20]}
[2026-09-26 02:04:27.573] [SFX] {"sound": "civ_move_2", "volume": 0.29}
[2026-09-26 02:04:27.622] [SFX] {"sound": "player_move", "volume": 0.4}
[2026-09-26 02:04:27.694] [SFX] {"sound": "civ_move_1", "volume": 0.09}
[2026-09-26 02:04:27.729] [SFX] {"sound": "threat_pulse", "volume": 0.3}
[2026-09-26 02:04:27.829] [SFX] {"sound": "civ_move_1", "volume": 0.22}
[2026-09-26 02:04:27.864] [SFX] {"sound": "civ_move_2", "volume": 0.16}
[2026-09-26 02:04:27.932] [SFX] {"sound": "player_move", "volume": 0.4}
[2026-09-26 02:04:27.982] [SFX] {"sound": "civ_move_2", "volume": 0.29}
[2026-09-26 02:04:28.097] [SFX] {"sound": "civ_move_1", "volume": 0.1}
[2026-09-26 02:04:28.232] [SFX] {"sound": "player_move", "volume": 0.4}
[2026-09-26 02:04:28.255] [SFX] {"sound": "civ_move_1", "volume": 0.22}
[2026-09-26 02:04:28.272] [SFX] {"sound": "civ_move_2", "volume": 0.16}
[2026-09-26 02:04:28.382] [SFX] {"sound": "civ_move_2", "volume": 0.29}
[2026-09-26 02:04:28.464] [M] {"button": 1, "pos": [303, 206], "ui_clicked": true}
[2026-09-26 02:04:28.505] [SFX] {"sound": "civ_move_1", "volume": 0.1}
[2026-09-26 02:04:28.539] [SFX] {"sound": "player_move", "volume": 0.4}
[2026-09-26 02:04:28.639] [SFX] {"sound": "threat_pulse", "volume": 0.31}
[2026-09-26 02:04:28.661] [SFX] {"sound": "civ_move_1", "volume": 0.24}
[2026-09-26 02:04:28.679] [SFX] {"sound": "civ_move_2", "volume": 0.16}
[2026-09-26 02:04:28.739] [SFX] {"sound": "infiltrate 1", "volume": 0.5}
[2026-09-26 02:04:28.788] [SFX] {"sound": "civ_move_2", "volume": 0.29}
[2026-09-26 02:04:28.839] [SFX] {"sound": "player_move", "volume": 0.4}
[2026-09-26 02:04:28.921] [SFX] {"sound": "civ_move_1", "volume": 0.1}
[2026-09-26 02:04:29.071] [SFX] {"sound": "civ_move_1", "volume": 0.25}
[2026-09-26 02:04:29.093] [SFX] {"sound": "civ_move_2", "volume": 0.16}
[2026-09-26 02:04:29.142] [SFX] {"sound": "player_move", "volume": 0.4}
[2026-09-26 02:04:29.143] [SFX] {"sound": "infiltrate 2", "volume": 0.5}
[2026-09-26 02:04:29.191] [SFX] {"sound": "civ_move_2", "volume": 0.29}
[2026-09-26 02:04:29.326] [SFX] {"sound": "civ_move_1", "volume": 0.11}
[2026-09-26 02:04:29.444] [SFX] {"sound": "player_move", "volume": 0.4}
[2026-09-26 02:04:29.476] [SFX] {"sound": "civ_move_1", "volume": 0.25}
[2026-09-26 02:04:29.497] [SFX] {"sound": "civ_move_2", "volume": 0.16}
[2026-09-26 02:04:29.542] [SFX] {"sound": "threat_pulse", "volume": 0.37}
[2026-09-26 02:04:29.543] [SFX] {"sound": "infiltrate 1", "volume": 0.5}
[2026-09-26 02:04:29.593] [SFX] {"sound": "civ_move_2", "volume": 0.29}
[2026-09-26 02:04:29.740] [SFX] {"sound": "civ_move_1", "volume": 0.12}
[2026-09-26 02:04:29.762] [SFX] {"sound": "player_move", "volume": 0.4}
[2026-09-26 02:04:29.842] [SFX] {"sound": "hack_success", "volume": 1.0}
[2026-09-26 02:04:59.591] [M] {"button": 1, "pos": [305, 282], "ui_clicked": true}
[2026-09-26 02:05:39.029] [M] {"button": 1, "pos": [241, 310], "ui_clicked": true}
[2026-09-26 02:05:39.095] [SFX] {"sound": "civ_move_2", "volume": 0.16}
[2026-09-26 02:05:39.096] [SFX] {"sound": "civ_move_1", "volume": 0.27}
[2026-09-26 02:05:39.164] [C] {"civ_pos": [191, 20]}
[2026-09-26 02:05:39.193] [SFX] {"sound": "civ_move_2", "volume": 0.29}
[2026-09-26 02:05:39.257] [SFX] {"sound": "player_move", "volume": 0.4}
[2026-09-26 02:05:39.342] [SFX] {"sound": "civ_move_1", "volume": 0.12}
[2026-09-26 02:05:39.508] [SFX] {"sound": "civ_move_2", "volume": 0.2}
[2026-09-26 02:05:39.509] [SFX] {"sound": "civ_move_1", "volume": 0.27}
[2026-09-26 02:05:39.561] [SFX] {"sound": "player_move", "volume": 0.4}
[2026-09-26 02:05:39.587] [SFX] {"sound": "civ_move_2", "volume": 0.29}
[2026-09-26 02:05:39.635] [SFX] {"sound": "threat_pulse", "volume": 0.46}
[2026-09-26 02:05:39.755] [SFX] {"sound": "civ_move_1", "volume": 0.13}
[2026-09-26 02:05:39.871] [SFX] {"sound": "player_move", "volume": 0.4}
[2026-09-26 02:05:39.909] [SFX] {"sound": "civ_move_2", "volume": 0.21}
[2026-09-26 02:05:39.910] [SFX] {"sound": "civ_move_1", "volume": 0.27}
[2026-09-26 02:05:39.993] [SFX] {"sound": "civ_move_2", "volume": 0.29}
[2026-09-26 02:05:40.161] [SFX] {"sound": "civ_move_1", "volume": 0.14}
[2026-09-26 02:05:40.183] [SFX] {"sound": "player_move", "volume": 0.4}
[2026-09-26 02:05:40.313] [SFX] {"sound": "civ_move_2", "volume": 0.23}
[2026-09-26 02:05:40.314] [SFX] {"sound": "civ_move_1", "volume": 0.28}
[2026-09-26 02:05:40.347] [SFX] {"sound": "threat_pulse", "volume": 0.53}
[2026-09-26 02:05:40.395] [SFX] {"sound": "civ_move_2", "volume": 0.29}
[2026-09-26 02:05:40.459] [M] {"button": 3, "pos": [256, 295], "ui_clicked": true}
[2026-09-26 02:05:40.502] [SFX] {"sound": "player_move", "volume": 0.4}
[2026-09-26 02:05:40.570] [SFX] {"sound": "civ_move_1", "volume": 0.14}
[2026-09-26 02:05:40.720] [SFX] {"sound": "civ_move_2", "volume": 0.24}
[2026-09-26 02:05:40.721] [SFX] {"sound": "civ_move_1", "volume": 0.28}
[2026-09-26 02:05:40.805] [SFX] {"sound": "player_move", "volume": 0.4}
[2026-09-26 02:05:40.805] [SFX] {"sound": "civ_move_2", "volume": 0.29}
[2026-09-26 02:05:40.854] [SFX] {"sound": "threat_pulse", "volume": 0.58}
[2026-09-26 02:05:40.971] [SFX] {"sound": "civ_move_1", "volume": 0.15}
[2026-09-26 02:05:41.120] [SFX] {"sound": "player_move", "volume": 0.4}
[2026-09-26 02:05:41.144] [SFX] {"sound": "civ_move_2", "volume": 0.25}
[2026-09-26 02:05:41.145] [SFX] {"sound": "civ_move_1", "volume": 0.29}
[2026-09-26 02:05:41.161] [M] {"button": 1, "pos": [319, 300], "ui_clicked": true}
[2026-09-26 02:05:41.193] [SFX] {"sound": "threat_pulse", "volume": 0.61}
[2026-09-26 02:05:41.211] [SFX] {"sound": "civ_move_2", "volume": 0.29}
[2026-09-26 02:05:41.373] [SFX] {"sound": "civ_move_1", "volume": 0.15}
[2026-09-26 02:05:41.424] [SFX] {"sound": "player_move", "volume": 0.4}
[2026-09-26 02:05:41.474] [SFX] {"sound": "threat_pulse", "volume": 0.64}
[2026-09-26 02:05:41.542] [SFX] {"sound": "civ_move_2", "volume": 0.26}
[2026-09-26 02:05:41.542] [SFX] {"sound": "civ_move_1", "volume": 0.3}
[2026-09-26 02:05:41.609] [SFX] {"sound": "civ_move_2", "volume": 0.29}
[2026-09-26 02:05:41.676] [C] {"civ_pos": [191, 20]}
[2026-09-26 02:05:41.677] [SFX] {"sound": "threat_pulse", "volume": 0.66}
[2026-09-26 02:05:41.735] [SFX] {"sound": "player_move", "volume": 0.4}
[2026-09-26 02:05:41.786] [SFX] {"sound": "civ_move_1", "volume": 0.16}
[2026-09-26 02:05:41.787] [SFX] {"sound": "threat_pulse", "volume": 0.67}
[2026-09-26 02:05:41.884] [M] {"button": 3, "pos": [358, 320], "ui_clicked": true}
[2026-09-26 02:05:41.898] [SFX] {"sound": "threat_pulse", "volume": 0.68}
[2026-09-26 02:05:41.944] [SFX] {"sound": "civ_move_2", "volume": 0.28}
[2026-09-26 02:05:41.944] [SFX] {"sound": "civ_move_1", "volume": 0.28}
[2026-09-26 02:05:41.994] [SFX] {"sound": "threat_pulse", "volume": 0.7}
[2026-09-26 02:05:42.018] [SFX] {"sound": "civ_move_2", "volume": 0.29}
[2026-09-26 02:05:42.046] [SFX] {"sound": "player_move", "volume": 0.4}
[2026-09-26 02:05:42.048] [SFX] {"sound": "alert_trigger", "volume": 1.0}
[2026-09-26 02:05:42.097] [SFX] {"sound": "threat_pulse", "volume": 0.7}
[2026-09-26 02:05:42.196] [SFX] {"sound": "civ_move_1", "volume": 0.16}
[2026-09-26 02:05:42.220] [SFX] {"sound": "threat_pulse", "volume": 0.7}
[2026-09-26 02:05:42.348] [SFX] {"sound": "player_move", "volume": 0.4}
[2026-09-26 02:05:42.349] [SFX] {"sound": "civ_move_2", "volume": 0.29}
[2026-09-26 02:05:42.350] [SFX] {"sound": "civ_move_1", "volume": 0.27}
[2026-09-26 02:05:42.402] [JACK] Verdammt, der Sentinel kreist um mich! Ich kann versuchen ihn mit 50 Credits zu schmieren oder mit 'ner Ausrede zu blöffen.
[2026-09-26 02:05:42.420] [SFX] {"sound": "civ_move_2", "volume": 0.29}
[2026-09-26 02:05:42.439] [SFX] {"sound": "threat_pulse", "volume": 0.7}
[2026-09-26 02:05:42.602] [SFX] {"sound": "civ_move_1", "volume": 0.16}
[2026-09-26 02:05:42.637] [SFX] {"sound": "threat_pulse", "volume": 0.7}
[2026-09-26 02:05:42.660] [SFX] {"sound": "player_move", "volume": 0.4}
[2026-09-26 02:05:42.738] [SFX] {"sound": "threat_pulse", "volume": 0.7}
[2026-09-26 02:05:42.760] [SFX] {"sound": "civ_move_2", "volume": 0.3}
[2026-09-26 02:05:42.761] [SFX] {"sound": "civ_move_1", "volume": 0.26}
[2026-09-26 02:05:42.823] [SFX] {"sound": "civ_move_2", "volume": 0.29}
[2026-09-26 02:05:42.846] [SFX] {"sound": "threat_pulse", "volume": 0.7}
[2026-09-26 02:05:42.960] [SFX] {"sound": "player_move", "volume": 0.4}
[2026-09-26 02:05:43.009] [SFX] {"sound": "civ_move_1", "volume": 0.21}
[2026-09-26 02:05:43.045] [SFX] {"sound": "threat_pulse", "volume": 0.7}
[2026-09-26 02:05:43.159] [SFX] {"sound": "civ_move_2", "volume": 0.29}
[2026-09-26 02:05:43.160] [SFX] {"sound": "civ_move_1", "volume": 0.25}
[2026-09-26 02:05:43.161] [SFX] {"sound": "threat_pulse", "volume": 0.7}
[2026-09-26 02:05:43.225] [SFX] {"sound": "civ_move_2", "volume": 0.29}
[2026-09-26 02:05:43.262] [SFX] {"sound": "player_move", "volume": 0.4}
[2026-09-26 02:05:43.263] [SFX] {"sound": "threat_pulse", "volume": 0.7}
[2026-09-26 02:05:43.411] [SFX] {"sound": "civ_move_1", "volume": 0.22}
[2026-09-26 02:05:43.478] [SFX] {"sound": "threat_pulse", "volume": 0.7}
[2026-09-26 02:05:43.562] [SFX] {"sound": "player_move", "volume": 0.4}
[2026-09-26 02:05:43.562] [SFX] {"sound": "civ_move_2", "volume": 0.28}
[2026-09-26 02:05:43.564] [SFX] {"sound": "civ_move_1", "volume": 0.23}
[2026-09-26 02:05:43.586] [SFX] {"sound": "threat_pulse", "volume": 0.7}
[2026-09-26 02:05:43.632] [SFX] {"sound": "civ_move_2", "volume": 0.29}
[2026-09-26 02:05:43.682] [SFX] {"sound": "threat_pulse", "volume": 0.7}
[2026-09-26 02:05:43.815] [M] {"button": 1, "pos": [298, 116], "ui_clicked": false}
[2026-09-26 02:05:43.823] [SFX] {"sound": "civ_move_1", "volume": 0.23}
[2026-09-26 02:05:43.824] [SFX] {"sound": "action_cancel", "volume": 1.0}
[2026-09-26 02:05:43.825] [P] {"start": [192, 20], "goal": [191, 16], "length": 3, "is_direction_change": false}
[2026-09-26 02:05:43.826] [SFX] {"sound": "click_target", "volume": 0.92}
[2026-09-26 02:05:43.862] [JACK] Wache in Reichweite! Bei 100% Threat greift er direkt an. Ohne Credits gibt's Saures, wenn er mich stellt!
[2026-09-26 02:05:43.881] [SFX] {"sound": "player_move", "volume": 0.4}
[2026-09-26 02:05:43.900] [SFX] {"sound": "threat_pulse", "volume": 0.7}
[2026-09-26 02:05:43.977] [SFX] {"sound": "civ_move_2", "volume": 0.29}
[2026-09-26 02:05:43.978] [SFX] {"sound": "civ_move_1", "volume": 0.16}
[2026-09-26 02:05:44.001] [SFX] {"sound": "threat_pulse", "volume": 0.7}
[2026-09-26 02:05:44.031] [SFX] {"sound": "alert_trigger", "volume": 1.0}
[2026-09-26 02:05:44.057] [SFX] {"sound": "civ_move_2", "volume": 0.23}
[2026-09-26 02:05:44.101] [SFX] {"sound": "threat_pulse", "volume": 0.7}
[2026-09-26 02:05:44.184] [SFX] {"sound": "player_move", "volume": 0.4}
[2026-09-26 02:05:44.185] [C] {"civ_pos": [190, 17]}
[2026-09-26 02:05:44.228] [SFX] {"sound": "threat_pulse", "volume": 0.7}
[2026-09-26 02:05:44.249] [SFX] {"sound": "civ_move_1", "volume": 0.18}
[2026-09-26 02:05:44.313] [SFX] {"sound": "threat_pulse", "volume": 0.7}
[2026-09-26 02:05:44.381] [SFX] {"sound": "civ_move_2", "volume": 0.23}
[2026-09-26 02:05:44.382] [SFX] {"sound": "civ_move_1", "volume": 0.15}
[2026-09-26 02:05:44.415] [SFX] {"sound": "threat_pulse", "volume": 0.7}
[2026-09-26 02:05:44.464] [SFX] {"sound": "civ_move_2", "volume": 0.21}
[2026-09-26 02:05:44.530] [SFX] {"sound": "threat_pulse", "volume": 0.7}
[2026-09-26 02:05:44.646] [SFX] {"sound": "civ_move_1", "volume": 0.19}
[2026-09-26 02:05:44.647] [SFX] {"sound": "threat_pulse", "volume": 0.7}
[2026-09-26 02:05:44.778] [M] {"button": 1, "pos": [309, 109], "ui_clicked": false}
[2026-09-26 02:05:44.785] [P] {"start": [191, 16], "goal": [190, 12], "length": 4, "is_direction_change": false}
[2026-09-26 02:05:44.786] [SFX] {"sound": "click_target", "volume": 0.91}
[2026-09-26 02:05:44.817] [JACK] Die Sentinels patrouillieren. Ich sollte Abstand halten und Sichtkegel meiden.
[2026-09-26 02:05:44.819] [SFX] {"sound": "civ_move_2", "volume": 0.3}
[2026-09-26 02:05:44.819] [SFX] {"sound": "civ_move_1", "volume": 0.15}
[2026-09-26 02:05:44.849] [SFX] {"sound": "threat_pulse", "volume": 0.7}
[2026-09-26 02:05:44.873] [SFX] {"sound": "civ_move_2", "volume": 0.2}
[2026-09-26 02:05:44.951] [SFX] {"sound": "threat_pulse", "volume": 0.7}
[2026-09-26 02:05:45.049] [SFX] {"sound": "civ_move_1", "volume": 0.18}
[2026-09-26 02:05:45.072] [SFX] {"sound": "player_move", "volume": 0.4}
[2026-09-26 02:05:45.073] [SFX] {"sound": "threat_pulse", "volume": 0.7}
[2026-09-26 02:05:45.200] [SFX] {"sound": "civ_move_2", "volume": 0.22}
[2026-09-26 02:05:45.200] [SFX] {"sound": "civ_move_1", "volume": 0.13}
[2026-09-26 02:05:45.267] [SFX] {"sound": "civ_move_2", "volume": 0.19}
[2026-09-26 02:05:45.268] [SFX] {"sound": "threat_pulse", "volume": 0.7}
[2026-09-26 02:05:45.465] [SFX] {"sound": "civ_move_1", "volume": 0.18}
[2026-09-26 02:05:45.498] [SFX] {"sound": "threat_pulse", "volume": 0.7}
[2026-09-26 02:05:45.513] [M] {"button": 1, "pos": [314, 109], "ui_clicked": false}
[2026-09-26 02:05:45.598] [SFX] {"sound": "threat_pulse", "volume": 0.7}
[2026-09-26 02:05:45.621] [SFX] {"sound": "civ_move_2", "volume": 0.22}
[2026-09-26 02:05:45.622] [SFX] {"sound": "civ_move_1", "volume": 0.12}
[2026-09-26 02:05:45.671] [SFX] {"sound": "civ_move_2", "volume": 0.18}
[2026-09-26 02:05:45.704] [SFX] {"sound": "threat_pulse", "volume": 0.7}
[2026-09-26 02:05:45.869] [SFX] {"sound": "civ_move_1", "volume": 0.19}
[2026-09-26 02:05:45.919] [SFX] {"sound": "threat_pulse", "volume": 0.7}
[2026-09-26 02:05:46.020] [SFX] {"sound": "civ_move_2", "volume": 0.23}
[2026-09-26 02:05:46.021] [SFX] {"sound": "civ_move_1", "volume": 0.12}
[2026-09-26 02:05:46.022] [SFX] {"sound": "threat_pulse", "volume": 0.7}
[2026-09-26 02:05:46.043] [SFX] {"sound": "alert_trigger", "volume": 1.0}
[2026-09-26 02:05:46.073] [M] {"button": 1, "pos": [327, 109], "ui_clicked": false}
[2026-09-26 02:05:46.080] [SFX] {"sound": "civ_move_2", "volume": 0.18}
[2026-09-26 02:05:46.081] [P] {"start": [190, 12], "goal": [190, 8], "length": 1, "is_direction_change": false}
[2026-09-26 02:05:46.081] [SFX] {"sound": "click_target", "volume": 0.91}
[2026-09-26 02:05:46.107] [JACK] Wache in Reichweite! Bei 100% Threat greift er direkt an. Ohne Credits gibt's Saures, wenn er mich stellt!
[2026-09-26 02:05:46.138] [SFX] {"sound": "threat_pulse", "volume": 0.7}
[2026-09-26 02:05:46.270] [SFX] {"sound": "civ_move_1", "volume": 0.17}
[2026-09-26 02:05:46.338] [SFX] {"sound": "threat_pulse", "volume": 0.7}
[2026-09-26 02:05:46.420] [SFX] {"sound": "civ_move_2", "volume": 0.21}
[2026-09-26 02:05:46.421] [SFX] {"sound": "civ_move_1", "volume": 0.09}
[2026-09-26 02:05:46.453] [SFX] {"sound": "threat_pulse", "volume": 0.7}
[2026-09-26 02:05:46.487] [SFX] {"sound": "civ_move_2", "volume": 0.15}
[2026-09-26 02:05:46.557] [SFX] {"sound": "threat_pulse", "volume": 0.7}
[2026-09-26 02:05:46.673] [SFX] {"sound": "civ_move_1", "volume": 0.17}
[2026-09-26 02:05:46.757] [SFX] {"sound": "threat_pulse", "volume": 0.7}
[2026-09-26 02:05:46.827] [SFX] {"sound": "civ_move_1", "volume": 0.08}
[2026-09-26 02:05:46.862] [SFX] {"sound": "threat_pulse", "volume": 0.7}
[2026-09-26 02:05:46.895] [SFX] {"sound": "civ_move_2", "volume": 0.14}
[2026-09-26 02:05:46.963] [SFX] {"sound": "threat_pulse", "volume": 0.7}
[2026-09-26 02:05:47.078] [SFX] {"sound": "civ_move_1", "volume": 0.17}
[2026-09-26 02:05:47.078] [SFX] {"sound": "threat_pulse", "volume": 0.7}
[2026-09-26 02:05:47.226] [SFX] {"sound": "civ_move_1", "volume": 0.08}
[2026-09-26 02:05:47.293] [SFX] {"sound": "threat_pulse", "volume": 0.7}
[2026-09-26 02:05:47.316] [SFX] {"sound": "civ_move_2", "volume": 0.14}
[2026-09-26 02:05:47.394] [SFX] {"sound": "threat_pulse", "volume": 0.7}
[2026-09-26 02:05:47.477] [SFX] {"sound": "civ_move_1", "volume": 0.17}
[2026-09-26 02:05:47.511] [SFX] {"sound": "threat_pulse", "volume": 0.7}
[2026-09-26 02:05:47.629] [SFX] {"sound": "civ_move_1", "volume": 0.07}
[2026-09-26 02:05:47.711] [SFX] {"sound": "civ_move_2", "volume": 0.13}
[2026-09-26 02:05:47.734] [SFX] {"sound": "threat_pulse", "volume": 0.7}
[2026-09-26 02:05:47.878] [SFX] {"sound": "civ_move_1", "volume": 0.16}
[2026-09-26 02:05:47.929] [SFX] {"sound": "threat_pulse", "volume": 0.7}
[2026-09-26 02:05:48.043] [SFX] {"sound": "civ_move_1", "volume": 0.06}
[2026-09-26 02:05:48.044] [SFX] {"sound": "threat_pulse", "volume": 0.7}
[2026-09-26 02:05:48.044] [SFX] {"sound": "alert_trigger", "volume": 1.0}
[2026-09-26 02:05:48.091] [M] {"button": 1, "pos": [406, 211], "ui_clicked": false}
[2026-09-26 02:05:48.099] [P] {"start": [190, 8], "goal": [194, 9], "length": 5, "is_direction_change": false}
[2026-09-26 02:05:48.099] [SFX] {"sound": "click_target", "volume": 0.71}
[2026-09-26 02:05:48.137] [JACK] Verdammt, der Sentinel kreist um mich! Ich kann versuchen ihn mit 50 Credits zu schmieren oder mit 'ner Ausrede zu blöffen.
[2026-09-26 02:05:48.137] [SFX] {"sound": "civ_move_2", "volume": 0.12}
[2026-09-26 02:05:48.155] [SFX] {"sound": "player_move", "volume": 0.4}
[2026-09-26 02:05:48.156] [SFX] {"sound": "threat_pulse", "volume": 0.7}
[2026-09-26 02:05:48.285] [SFX] {"sound": "civ_move_1", "volume": 0.14}
[2026-09-26 02:05:48.360] [SFX] {"sound": "threat_pulse", "volume": 0.7}
[2026-09-26 02:05:48.456] [SFX] {"sound": "player_move", "volume": 0.4}
[2026-09-26 02:05:48.456] [SFX] {"sound": "civ_move_1", "volume": 0.06}
[2026-09-26 02:05:48.457] [SFX] {"sound": "threat_pulse", "volume": 0.7}
[2026-09-26 02:05:48.525] [SFX] {"sound": "civ_move_2", "volume": 0.09}
[2026-09-26 02:05:48.558] [SFX] {"sound": "threat_pulse", "volume": 0.7}
[2026-09-26 02:05:48.687] [SFX] {"sound": "civ_move_1", "volume": 0.14}
[2026-09-26 02:05:48.785] [SFX] {"sound": "threat_pulse", "volume": 0.7}
[2026-09-26 02:05:48.868] [SFX] {"sound": "civ_move_1", "volume": 0.06}
[2026-09-26 02:05:48.891] [SFX] {"sound": "threat_pulse", "volume": 0.7}
[2026-09-26 02:05:48.935] [SFX] {"sound": "civ_move_2", "volume": 0.09}
[2026-09-26 02:05:49.000] [SFX] {"sound": "threat_pulse", "volume": 0.7}
[2026-09-26 02:05:49.087] [SFX] {"sound": "civ_move_1", "volume": 0.14}
[2026-09-26 02:05:49.111] [SFX] {"sound": "threat_pulse", "volume": 0.7}
[2026-09-26 02:05:49.273] [SFX] {"sound": "civ_move_1", "volume": 0.05}
[2026-09-26 02:05:49.323] [SFX] {"sound": "threat_pulse", "volume": 0.7}
[2026-09-26 02:05:49.345] [SFX] {"sound": "civ_move_2", "volume": 0.08}
[2026-09-26 02:05:49.426] [SFX] {"sound": "threat_pulse", "volume": 0.7}
[2026-09-26 02:05:49.689] [SFX] {"sound": "civ_move_1", "volume": 0.04}
[2026-09-26 02:05:49.739] [SFX] {"sound": "civ_move_2", "volume": 0.07}
[2026-09-26 02:05:49.762] [SFX] {"sound": "threat_pulse", "volume": 0.7}
[2026-09-26 02:05:50.048] [SFX] {"sound": "civ_move_2", "volume": 0.13}
[2026-09-26 02:05:50.048] [SFX] {"sound": "alert_trigger", "volume": 1.0}
[2026-09-26 02:05:50.068] [SFX] {"sound": "threat_pulse", "volume": 0.7}
[2026-09-26 02:05:50.097] [SFX] {"sound": "civ_move_1", "volume": 0.03}
[2026-09-26 02:05:50.148] [SFX] {"sound": "civ_move_2", "volume": 0.06}
[2026-09-26 02:05:50.171] [SFX] {"sound": "threat_pulse", "volume": 0.7}
[2026-09-26 02:05:50.449] [SFX] {"sound": "civ_move_2", "volume": 0.13}
[2026-09-26 02:05:50.472] [SFX] {"sound": "threat_pulse", "volume": 0.7}
[2026-09-26 02:05:50.504] [SFX] {"sound": "civ_move_1", "volume": 0.02}
[2026-09-26 02:05:50.553] [SFX] {"sound": "civ_move_2", "volume": 0.05}
[2026-09-26 02:05:50.576] [SFX] {"sound": "threat_pulse", "volume": 0.7}
[2026-09-26 02:05:50.859] [SFX] {"sound": "civ_move_2", "volume": 0.13}
[2026-09-26 02:05:50.882] [SFX] {"sound": "threat_pulse", "volume": 0.7}
[2026-09-26 02:05:50.912] [SFX] {"sound": "civ_move_1", "volume": 0.01}
[2026-09-26 02:05:50.961] [SFX] {"sound": "civ_move_2", "volume": 0.04}
[2026-09-26 02:05:50.984] [SFX] {"sound": "threat_pulse", "volume": 0.7}
[2026-09-26 02:05:51.279] [SFX] {"sound": "civ_move_2", "volume": 0.13}
[2026-09-26 02:05:51.314] [SFX] {"sound": "civ_move_1", "volume": 0.0}
[2026-09-26 02:05:51.315] [SFX] {"sound": "threat_pulse", "volume": 0.7}
[2026-09-26 02:05:51.363] [SFX] {"sound": "civ_move_2", "volume": 0.03}
[2026-09-26 02:05:51.415] [SFX] {"sound": "threat_pulse", "volume": 0.7}
[2026-09-26 02:05:51.691] [SFX] {"sound": "civ_move_2", "volume": 0.12}
[2026-09-26 02:05:51.743] [SFX] {"sound": "threat_pulse", "volume": 0.7}
[2026-09-26 02:05:51.776] [SFX] {"sound": "civ_move_2", "volume": 0.02}
[2026-09-26 02:05:51.840] [M] {"button": 5, "pos": [331, 283], "ui_clicked": false}
[2026-09-26 02:05:51.859] [SFX] {"sound": "threat_pulse", "volume": 0.7}
[2026-09-26 02:05:51.892] [M] {"button": 5, "pos": [331, 283], "ui_clicked": false}
[2026-09-26 02:05:51.961] [SFX] {"sound": "threat_pulse", "volume": 0.7}
[2026-09-26 02:05:52.093] [SFX] {"sound": "civ_move_2", "volume": 0.11}
[2026-09-26 02:05:52.176] [SFX] {"sound": "civ_move_2", "volume": 0.02}
[2026-09-26 02:05:52.200] [SFX] {"sound": "threat_pulse", "volume": 0.69}
[2026-09-26 02:05:52.407] [SFX] {"sound": "threat_pulse", "volume": 0.68}
[2026-09-26 02:05:52.506] [SFX] {"sound": "civ_move_2", "volume": 0.1}
[2026-09-26 02:05:52.529] [SFX] {"sound": "threat_pulse", "volume": 0.68}
[2026-09-26 02:05:52.592] [SFX] {"sound": "civ_move_2", "volume": 0.01}
[2026-09-26 02:05:52.624] [SFX] {"sound": "threat_pulse", "volume": 0.67}
[2026-09-26 02:05:52.840] [SFX] {"sound": "threat_pulse", "volume": 0.66}
[2026-09-26 02:05:52.905] [SFX] {"sound": "civ_move_2", "volume": 0.09}
[2026-09-26 02:05:52.940] [SFX] {"sound": "threat_pulse", "volume": 0.66}
[2026-09-26 02:05:53.006] [SFX] {"sound": "civ_move_2", "volume": 0.15}
[2026-09-26 02:05:53.154] [SFX] {"sound": "threat_pulse", "volume": 0.64}
[2026-09-26 02:05:53.287] [SFX] {"sound": "civ_move_2", "volume": 0.0}
[2026-09-26 02:05:53.322] [SFX] {"sound": "civ_move_2", "volume": 0.09}
[2026-09-26 02:05:53.355] [SFX] {"sound": "threat_pulse", "volume": 0.63}
[2026-09-26 02:05:53.422] [SFX] {"sound": "civ_move_2", "volume": 0.15}
[2026-09-26 02:05:53.557] [SFX] {"sound": "threat_pulse", "volume": 0.62}
[2026-09-26 02:05:53.689] [SFX] {"sound": "civ_move_2", "volume": 0.01}
[2026-09-26 02:05:53.723] [SFX] {"sound": "civ_move_2", "volume": 0.08}
[2026-09-26 02:05:53.758] [SFX] {"sound": "threat_pulse", "volume": 0.61}
[2026-09-26 02:05:53.823] [SFX] {"sound": "civ_move_2", "volume": 0.16}
[2026-09-26 02:05:54.073] [SFX] {"sound": "threat_pulse", "volume": 0.6}
[2026-09-26 02:05:54.097] [SFX] {"sound": "civ_move_2", "volume": 0.02}
[2026-09-26 02:05:54.134] [JACK] Wache in Reichweite! Bei 100% Threat greift er direkt an. Ohne Credits gibt's Saures, wenn er mich stellt!
[2026-09-26 02:05:54.135] [SFX] {"sound": "civ_move_2", "volume": 0.07}
[2026-09-26 02:05:54.247] [SFX] {"sound": "civ_move_2", "volume": 0.16}
[2026-09-26 02:05:54.379] [SFX] {"sound": "threat_pulse", "volume": 0.58}
[2026-09-26 02:05:54.495] [SFX] {"sound": "civ_move_2", "volume": 0.03}
[2026-09-26 02:05:54.529] [SFX] {"sound": "civ_move_2", "volume": 0.06}
[2026-09-26 02:05:54.661] [M] {"button": 1, "pos": [344, 312], "ui_clicked": false}
[2026-09-26 02:05:54.669] [SFX] {"sound": "civ_move_2", "volume": 0.16}
[2026-09-26 02:05:54.670] [P] {"start": [194, 9], "goal": [196, 20], "length": 10, "is_direction_change": false}
[2026-09-26 02:05:54.670] [SFX] {"sound": "click_target", "volume": 0.57}
[2026-09-26 02:05:54.707] [SFX] {"sound": "guardian_move", "volume": 0.01}
[2026-09-26 02:05:54.708] [SFX] {"sound": "threat_pulse", "volume": 0.57}
[2026-09-26 02:05:54.852] [SFX] {"sound": "player_move", "volume": 0.4}
[2026-09-26 02:05:54.904] [SFX] {"sound": "civ_move_2", "volume": 0.02}
[2026-09-26 02:05:54.937] [SFX] {"sound": "civ_move_2", "volume": 0.03}
[2026-09-26 02:05:55.070] [SFX] {"sound": "civ_move_2", "volume": 0.14}
[2026-09-26 02:05:55.093] [SFX] {"sound": "threat_pulse", "volume": 0.55}
[2026-09-26 02:05:55.158] [SFX] {"sound": "player_move", "volume": 0.4}
[2026-09-26 02:05:55.296] [SFX] {"sound": "guardian_move", "volume": 0.03}
[2026-09-26 02:05:55.319] [SFX] {"sound": "civ_move_2", "volume": 0.05}
[2026-09-26 02:05:55.461] [SFX] {"sound": "player_move", "volume": 0.4}
[2026-09-26 02:05:55.484] [SFX] {"sound": "civ_move_2", "volume": 0.16}
[2026-09-26 02:05:55.503] [SFX] {"sound": "threat_pulse", "volume": 0.53}
[2026-09-26 02:05:55.715] [SFX] {"sound": "civ_move_2", "volume": 0.08}
[2026-09-26 02:05:55.748] [SFX] {"sound": "civ_move_2", "volume": 0.06}
[2026-09-26 02:05:55.771] [SFX] {"sound": "player_move", "volume": 0.4}
[2026-09-26 02:05:55.870] [SFX] {"sound": "civ_move_2", "volume": 0.01}
[2026-09-26 02:05:55.894] [SFX] {"sound": "civ_move_2", "volume": 0.16}
[2026-09-26 02:05:55.913] [SFX] {"sound": "guardian_move", "volume": 0.1}
[2026-09-26 02:05:56.011] [SFX] {"sound": "threat_pulse", "volume": 0.5}
[2026-09-26 02:05:56.077] [SFX] {"sound": "player_move", "volume": 0.4}
[2026-09-26 02:05:56.128] [SFX] {"sound": "civ_move_2", "volume": 0.12}
[2026-09-26 02:05:56.163] [SFX] {"sound": "civ_move_2", "volume": 0.08}
[2026-09-26 02:05:56.277] [SFX] {"sound": "civ_move_2", "volume": 0.04}
[2026-09-26 02:05:56.299] [SFX] {"sound": "civ_move_2", "volume": 0.23}
[2026-09-26 02:05:56.510] [SFX] {"sound": "guardian_move", "volume": 0.15}
[2026-09-26 02:05:56.533] [SFX] {"sound": "threat_pulse", "volume": 0.48}
[2026-09-26 02:05:56.551] [SFX] {"sound": "civ_move_2", "volume": 0.14}
[2026-09-26 02:05:56.569] [SFX] {"sound": "civ_move_2", "volume": 0.08}
[2026-09-26 02:05:56.680] [SFX] {"sound": "civ_move_2", "volume": 0.05}
[2026-09-26 02:05:56.703] [SFX] {"sound": "civ_move_2", "volume": 0.18}
[2026-09-26 02:05:56.949] [SFX] {"sound": "civ_move_2", "volume": 0.14}
[2026-09-26 02:05:56.972] [SFX] {"sound": "civ_move_2", "volume": 0.07}
[2026-09-26 02:05:57.083] [SFX] {"sound": "civ_move_2", "volume": 0.06}
[2026-09-26 02:05:57.107] [SFX] {"sound": "civ_move_2", "volume": 0.18}
[2026-09-26 02:05:57.126] [SFX] {"sound": "guardian_move", "volume": 0.17}
[2026-09-26 02:05:57.145] [SFX] {"sound": "threat_pulse", "volume": 0.45}
[2026-09-26 02:05:57.362] [SFX] {"sound": "civ_move_2", "volume": 0.15}
[2026-09-26 02:05:57.385] [SFX] {"sound": "civ_move_2", "volume": 0.06}
[2026-09-26 02:05:57.496] [SFX] {"sound": "civ_move_2", "volume": 0.07}
[2026-09-26 02:05:57.519] [SFX] {"sound": "civ_move_2", "volume": 0.17}
[2026-09-26 02:05:57.732] [SFX] {"sound": "guardian_move", "volume": 0.18}
[2026-09-26 02:05:57.765] [SFX] {"sound": "civ_move_2", "volume": 0.16}
[2026-09-26 02:05:57.787] [SFX] {"sound": "civ_move_2", "volume": 0.05}
[2026-09-26 02:05:57.853] [SFX] {"sound": "threat_pulse", "volume": 0.41}
[2026-09-26 02:05:57.902] [SFX] {"sound": "civ_move_2", "volume": 0.08}
[2026-09-26 02:05:57.925] [SFX] {"sound": "civ_move_2", "volume": 0.17}
[2026-09-26 02:05:58.191] [SFX] {"sound": "civ_move_2", "volume": 0.04}
[2026-09-26 02:05:58.306] [SFX] {"sound": "civ_move_2", "volume": 0.09}
[2026-09-26 02:05:58.329] [SFX] {"sound": "civ_move_2", "volume": 0.16}
[2026-09-26 02:05:58.340] [M] {"button": 1, "pos": [459, 210], "ui_clicked": false}
[2026-09-26 02:05:58.347] [SFX] {"sound": "guardian_move", "volume": 0.2}
[2026-09-26 02:05:58.589] [SFX] {"sound": "civ_move_2", "volume": 0.17}
[2026-09-26 02:05:58.613] [SFX] {"sound": "civ_move_2", "volume": 0.03}
[2026-09-26 02:05:58.630] [SFX] {"sound": "civ_move_1", "volume": 0.0}
[2026-09-26 02:05:58.658] [SFX] {"sound": "threat_pulse", "volume": 0.37}
[2026-09-26 02:05:58.708] [SFX] {"sound": "civ_move_2", "volume": 0.1}
[2026-09-26 02:05:58.730] [SFX] {"sound": "civ_move_2", "volume": 0.16}
[2026-09-26 02:05:58.892] [M] {"button": 1, "pos": [456, 205], "ui_clicked": false}
[2026-09-26 02:05:58.901] [JACK] JACK // IMPRESSIVE OPTICAL MODS. SHE SEES DATA STREAMS IN FULL COLOUR.
[2026-09-26 02:05:58.902] [SFX] {"sound": "click_target", "volume": 0.56}
[2026-09-26 02:05:58.946] [SFX] {"sound": "guardian_move", "volume": 0.21}
[2026-09-26 02:05:58.998] [SFX] {"sound": "civ_move_2", "volume": 0.17}
[2026-09-26 02:05:59.020] [SFX] {"sound": "civ_move_2", "volume": 0.02}
[2026-09-26 02:05:59.038] [SFX] {"sound": "civ_move_1", "volume": 0.01}
[2026-09-26 02:05:59.083] [SFX] {"sound": "civ_move_2", "volume": 0.17}
[2026-09-26 02:05:59.116] [SFX] {"sound": "civ_move_2", "volume": 0.11}
[2026-09-26 02:05:59.139] [SFX] {"sound": "civ_move_2", "volume": 0.15}
[2026-09-26 02:05:59.397] [SFX] {"sound": "civ_move_2", "volume": 0.18}
[2026-09-26 02:05:59.419] [SFX] {"sound": "civ_move_2", "volume": 0.02}
[2026-09-26 02:05:59.448] [SFX] {"sound": "civ_move_1", "volume": 0.02}
[2026-09-26 02:05:59.497] [SFX] {"sound": "civ_move_2", "volume": 0.17}
[2026-09-26 02:05:59.533] [SFX] {"sound": "civ_move_2", "volume": 0.12}
[2026-09-26 02:05:59.534] [SFX] {"sound": "civ_move_2", "volume": 0.14}
[2026-09-26 02:05:59.557] [SFX] {"sound": "guardian_move", "volume": 0.23}
[2026-09-26 02:05:59.576] [SFX] {"sound": "threat_pulse", "volume": 0.32}
[2026-09-26 02:05:59.624] [SFX] {"sound": "player_move", "volume": 0.4}
[2026-09-26 02:05:59.812] [SFX] {"sound": "civ_move_2", "volume": 0.21}
[2026-09-26 02:05:59.834] [SFX] {"sound": "civ_move_2", "volume": 0.01}
[2026-09-26 02:05:59.862] [SFX] {"sound": "civ_move_1", "volume": 0.04}
[2026-09-26 02:05:59.895] [M] {"button": 4, "pos": [452, 210], "ui_clicked": false}
[2026-09-26 02:05:59.914] [SFX] {"sound": "civ_move_2", "volume": 0.22}
[2026-09-26 02:05:59.930] [M] {"button": 4, "pos": [452, 210], "ui_clicked": false}
[2026-09-26 02:05:59.938] [SFX] {"sound": "player_move", "volume": 0.4}
[2026-09-26 02:05:59.955] [SFX] {"sound": "civ_move_2", "volume": 0.14}
[2026-09-26 02:05:59.956] [SFX] {"sound": "civ_move_2", "volume": 0.15}
[2026-09-26 02:05:59.975] [C] {"civ_pos": [206, 20]}
[2026-09-26 02:06:00.158] [SFX] {"sound": "guardian_move", "volume": 0.29}
[2026-09-26 02:06:00.226] [SFX] {"sound": "civ_move_2", "volume": 0.3}
[2026-09-26 02:06:00.248] [SFX] {"sound": "player_move", "volume": 0.4}
[2026-09-26 02:06:00.249] [SFX] {"sound": "civ_move_2", "volume": 0.0}
[2026-09-26 02:06:00.278] [SFX] {"sound": "civ_move_1", "volume": 0.05}
[2026-09-26 02:06:00.327] [SFX] {"sound": "civ_move_2", "volume": 0.3}
[2026-09-26 02:06:00.360] [SFX] {"sound": "civ_move_2", "volume": 0.15}
[2026-09-26 02:06:00.361] [SFX] {"sound": "civ_move_2", "volume": 0.14}
[2026-09-26 02:06:00.477] [SFX] {"sound": "threat_pulse", "volume": 0.31}
[2026-09-26 02:06:00.544] [SFX] {"sound": "player_move", "volume": 0.4}
[2026-09-26 02:06:00.629] [SFX] {"sound": "civ_move_2", "volume": 0.29}
[2026-09-26 02:06:00.683] [SFX] {"sound": "civ_move_1", "volume": 0.06}
[2026-09-26 02:06:00.733] [SFX] {"sound": "civ_move_2", "volume": 0.29}
[2026-09-26 02:06:00.768] [SFX] {"sound": "guardian_move", "volume": 0.3}
[2026-09-26 02:06:00.769] [SFX] {"sound": "civ_move_2", "volume": 0.16}
[2026-09-26 02:06:00.770] [SFX] {"sound": "civ_move_2", "volume": 0.13}
[2026-09-26 02:06:00.849] [SFX] {"sound": "player_move", "volume": 0.4}
[2026-09-26 02:06:01.036] [SFX] {"sound": "civ_move_2", "volume": 0.29}
[2026-09-26 02:06:01.086] [SFX] {"sound": "civ_move_1", "volume": 0.07}
[2026-09-26 02:06:01.136] [SFX] {"sound": "civ_move_2", "volume": 0.29}
[2026-09-26 02:06:01.159] [SFX] {"sound": "player_move", "volume": 0.4}
[2026-09-26 02:06:01.178] [SFX] {"sound": "civ_move_2", "volume": 0.17}
[2026-09-26 02:06:01.178] [SFX] {"sound": "civ_move_2", "volume": 0.12}
[2026-09-26 02:06:01.377] [SFX] {"sound": "guardian_move", "volume": 0.38}
[2026-09-26 02:06:01.399] [SFX] {"sound": "threat_pulse", "volume": 0.34}
[2026-09-26 02:06:01.444] [SFX] {"sound": "civ_move_2", "volume": 0.29}
[2026-09-26 02:06:01.466] [SFX] {"sound": "player_move", "volume": 0.4}
[2026-09-26 02:06:01.496] [SFX] {"sound": "civ_move_1", "volume": 0.08}
[2026-09-26 02:06:01.548] [SFX] {"sound": "civ_move_2", "volume": 0.29}
[2026-09-26 02:06:01.581] [SFX] {"sound": "civ_move_2", "volume": 0.18}
[2026-09-26 02:06:01.581] [SFX] {"sound": "civ_move_2", "volume": 0.11}
[2026-09-26 02:06:01.763] [SFX] {"sound": "player_move", "volume": 0.4}
[2026-09-26 02:06:01.849] [SFX] {"sound": "civ_move_2", "volume": 0.29}
[2026-09-26 02:06:01.898] [SFX] {"sound": "civ_move_1", "volume": 0.08}
[2026-09-26 02:06:01.948] [SFX] {"sound": "civ_move_2", "volume": 0.29}
[2026-09-26 02:06:01.982] [SFX] {"sound": "guardian_move", "volume": 0.38}
[2026-09-26 02:06:01.983] [SFX] {"sound": "civ_move_2", "volume": 0.18}
[2026-09-26 02:06:01.984] [SFX] {"sound": "civ_move_2", "volume": 0.1}
[2026-09-26 02:06:02.065] [SFX] {"sound": "player_move", "volume": 0.4}
[2026-09-26 02:06:02.262] [SFX] {"sound": "civ_move_2", "volume": 0.29}
[2026-09-26 02:06:02.295] [SFX] {"sound": "threat_pulse", "volume": 0.41}
[2026-09-26 02:06:02.317] [SFX] {"sound": "civ_move_1", "volume": 0.09}
[2026-09-26 02:06:02.362] [SFX] {"sound": "civ_move_2", "volume": 0.29}
[2026-09-26 02:06:02.386] [SFX] {"sound": "player_move", "volume": 0.4}
[2026-09-26 02:06:02.407] [SFX] {"sound": "civ_move_2", "volume": 0.18}
[2026-09-26 02:06:02.408] [SFX] {"sound": "civ_move_2", "volume": 0.09}
[2026-09-26 02:06:02.485] [C] {"civ_pos": [196, 20]}
[2026-09-26 02:06:02.598] [SFX] {"sound": "guardian_move", "volume": 0.38}
[2026-09-26 02:06:02.662] [SFX] {"sound": "civ_move_2", "volume": 0.29}
[2026-09-26 02:06:02.695] [SFX] {"sound": "player_move", "volume": 0.4}
[2026-09-26 02:06:02.727] [SFX] {"sound": "civ_move_1", "volume": 0.1}
[2026-09-26 02:06:02.778] [SFX] {"sound": "civ_move_2", "volume": 0.29}
[2026-09-26 02:06:02.812] [SFX] {"sound": "civ_move_2", "volume": 0.18}
[2026-09-26 02:06:02.813] [SFX] {"sound": "civ_move_2", "volume": 0.08}
[2026-09-26 02:06:03.006] [SFX] {"sound": "player_move", "volume": 0.4}
[2026-09-26 02:06:03.076] [SFX] {"sound": "civ_move_2", "volume": 0.29}
[2026-09-26 02:06:03.110] [SFX] {"sound": "threat_pulse", "volume": 0.48}
[2026-09-26 02:06:03.143] [SFX] {"sound": "civ_move_1", "volume": 0.1}
[2026-09-26 02:06:03.178] [SFX] {"sound": "civ_move_2", "volume": 0.29}
[2026-09-26 02:06:03.193] [M] {"button": 1, "pos": [357, 209], "ui_clicked": true}
[2026-09-26 02:06:03.231] [SFX] {"sound": "guardian_move", "volume": 0.38}
[2026-09-26 02:06:03.232] [SFX] {"sound": "civ_move_2", "volume": 0.17}
[2026-09-26 02:06:03.233] [SFX] {"sound": "civ_move_2", "volume": 0.06}
[2026-09-26 02:06:03.316] [SFX] {"sound": "player_move", "volume": 0.4}
[2026-09-26 02:06:03.447] [JACK] JACK // Verdammt, Grid-Overseer stellt mich auf dem Pfad! (Threat 82% >= Nervosität 80%)!
[2026-09-26 02:06:03.448] [SFX] {"sound": "alert_trigger", "volume": 0.8}
[2026-09-26 02:06:45.830] [M] {"button": 1, "pos": [466, 279], "ui_clicked": true}
[2026-09-26 02:06:47.433] [M] {"button": 1, "pos": [382, 284], "ui_clicked": true}
[2026-09-26 02:06:47.435] [JACK] JACK // Mein gefälschter Ausweis hat gesessen! Der Sentinel kauft die Story und lässt mich passieren.
[2026-09-26 02:06:47.435] [SFX] {"sound": "click_target", "volume": 1.0}
[2026-09-26 02:06:47.449] [JACK] JACK // Verdammt, Grid-Overseer stellt mich auf dem Pfad! (Threat 84% >= Nervosität 80%)!
[2026-09-26 02:06:47.450] [SFX] {"sound": "alert_trigger", "volume": 0.8}
[2026-09-26 02:06:52.526] [M] {"button": 1, "pos": [383, 281], "ui_clicked": true}
[2026-09-26 02:06:52.527] [JACK] JACK // Mein gefälschter Ausweis hat gesessen! Der Sentinel kauft die Story und lässt mich passieren.
[2026-09-26 02:06:52.528] [SFX] {"sound": "click_target", "volume": 1.0}
[2026-09-26 02:06:52.542] [JACK] JACK // Verdammt, Grid-Overseer stellt mich auf dem Pfad! (Threat 87% >= Nervosität 80%)!
[2026-09-26 02:06:52.543] [SFX] {"sound": "alert_trigger", "volume": 0.8}
[2026-09-26 02:06:52.571] [SFX] {"sound": "civ_move_2", "volume": 0.28}
[2026-09-26 02:06:53.359] [M] {"button": 1, "pos": [383, 281], "ui_clicked": true}
[2026-09-26 02:06:53.360] [JACK] JACK // Mein gefälschter Ausweis hat gesessen! Der Sentinel kauft die Story und lässt mich passieren.
[2026-09-26 02:06:53.361] [SFX] {"sound": "click_target", "volume": 1.0}
[2026-09-26 02:06:53.375] [JACK] JACK // Verdammt, Grid-Overseer stellt mich auf dem Pfad! (Threat 89% >= Nervosität 80%)!
[2026-09-26 02:06:53.376] [SFX] {"sound": "alert_trigger", "volume": 0.8}
[2026-09-26 02:06:54.011] [M] {"button": 1, "pos": [383, 281], "ui_clicked": true}
[2026-09-26 02:06:54.011] [JACK] JACK // Mein gefälschter Ausweis hat gesessen! Der Sentinel kauft die Story und lässt mich passieren.
[2026-09-26 02:06:54.012] [SFX] {"sound": "click_target", "volume": 1.0}
[2026-09-26 02:06:54.028] [JACK] JACK // Verdammt, Grid-Overseer stellt mich auf dem Pfad! (Threat 91% >= Nervosität 80%)!
[2026-09-26 02:06:54.028] [SFX] {"sound": "alert_trigger", "volume": 0.8}
[2026-09-26 02:06:54.631] [M] {"button": 1, "pos": [383, 281], "ui_clicked": true}
[2026-09-26 02:06:54.631] [JACK] JACK // Mist! Der Sentinel hat meine gefälschte Lizenz durchschaut – sofort Alarm!
[2026-09-26 02:06:57.289] [M] {"button": 1, "pos": [325, 207], "ui_clicked": true}
[2026-09-26 02:06:58.095] [M] {"button": 1, "pos": [270, 187], "ui_clicked": true}
[2026-09-26 02:06:58.735] [M] {"button": 1, "pos": [265, 185], "ui_clicked": true}
[2026-09-26 02:06:59.178] [M] {"button": 1, "pos": [256, 183], "ui_clicked": true}
[2026-09-26 02:06:59.487] [M] {"button": 1, "pos": [246, 210], "ui_clicked": true}
[2026-09-26 02:06:59.931] [M] {"button": 1, "pos": [216, 282], "ui_clicked": true}
[2026-09-26 02:07:00.821] [M] {"button": 3, "pos": [200, 244], "ui_clicked": true}
[2026-09-26 02:07:01.205] [M] {"button": 1, "pos": [208, 248], "ui_clicked": true}
[2026-09-26 02:07:01.206] [JACK] JACK // Ich drücke der Wache 50 Credits in die Hand. Sein Blick wird weich – Schmiergeld-Erfolg, er ignoriert mich erst mal!
[2026-09-26 02:07:01.207] [SFX] {"sound": "click_target", "volume": 1.0}
[2026-09-26 02:07:01.221] [JACK] JACK // Verdammt, Grid-Overseer stellt mich auf dem Pfad! (Threat 94% >= Nervosität 80%)!
[2026-09-26 02:07:01.222] [SFX] {"sound": "alert_trigger", "volume": 0.8}
[2026-09-26 02:07:06.250] [M] {"button": 1, "pos": [312, 313], "ui_clicked": true}
[2026-09-26 02:07:06.251] [JACK] JACK // Ich war zu frech zur Wache! Jetzt geht's mir direkt an den Kragen!
[2026-09-26 02:07:07.272] [M] {"button": 1, "pos": [315, 296], "ui_clicked": true}
[2026-09-26 02:07:07.689] [M] {"button": 3, "pos": [315, 296], "ui_clicked": true}
[2026-09-26 02:07:08.331] [M] {"button": 1, "pos": [317, 279], "ui_clicked": true}
[2026-09-26 02:07:08.332] [JACK] JACK // Mist! Der Sentinel hat meine gefälschte Lizenz durchschaut – sofort Alarm!
[2026-09-26 02:07:09.194] [M] {"button": 1, "pos": [332, 215], "ui_clicked": true}
[2026-09-26 02:07:09.972] [M] {"button": 1, "pos": [36, 220], "ui_clicked": true}
[2026-09-26 02:07:11.179] [M] {"button": 1, "pos": [231, 200], "ui_clicked": true}
[2026-09-26 02:07:11.577] [M] {"button": 1, "pos": [239, 190], "ui_clicked": true}
[2026-09-26 02:07:12.000] [M] {"button": 1, "pos": [300, 192], "ui_clicked": true}
[2026-09-26 02:07:12.522] [M] {"button": 1, "pos": [330, 192], "ui_clicked": true}
[2026-09-26 02:07:12.703] [M] {"button": 1, "pos": [335, 189], "ui_clicked": true}
[2026-09-26 02:07:13.806] [M] {"button": 1, "pos": [376, 237], "ui_clicked": true}
[2026-09-26 02:07:14.189] [M] {"button": 3, "pos": [346, 232], "ui_clicked": true}
[2026-09-26 02:07:14.969] [M] {"button": 1, "pos": [321, 196], "ui_clicked": true}
[2026-09-26 02:07:15.317] [M] {"button": 1, "pos": [321, 192], "ui_clicked": true}
[2026-09-26 02:07:15.601] [M] {"button": 3, "pos": [373, 216], "ui_clicked": true}
[2026-09-26 02:07:16.292] [M] {"button": 5, "pos": [405, 279], "ui_clicked": true}
[2026-09-26 02:07:16.309] [M] {"button": 5, "pos": [405, 280], "ui_clicked": true}
[2026-09-26 02:07:16.376] [M] {"button": 5, "pos": [405, 281], "ui_clicked": true}
[2026-09-26 02:07:16.858] [M] {"button": 1, "pos": [368, 259], "ui_clicked": true}
[2026-09-26 02:07:16.858] [JACK] JACK // Ich drücke der Wache 50 Credits in die Hand. Sein Blick wird weich – Schmiergeld-Erfolg, er ignoriert mich erst mal!
[2026-09-26 02:07:16.859] [SFX] {"sound": "click_target", "volume": 1.0}
[2026-09-26 02:07:16.874] [JACK] JACK // Verdammt, Grid-Overseer stellt mich auf dem Pfad! (Threat 96% >= Nervosität 80%)!
[2026-09-26 02:07:16.875] [SFX] {"sound": "alert_trigger", "volume": 0.8}
[2026-09-26 02:07:17.003] [SFX] {"sound": "civ_move_1", "volume": 0.11}
[2026-09-26 02:07:20.265] [M] {"button": 1, "pos": [334, 304], "ui_clicked": true}
[2026-09-26 02:07:20.265] [JACK] JACK // Ich war zu frech zur Wache! Jetzt geht's mir direkt an den Kragen!
[2026-09-26 02:07:22.635] [M] {"button": 1, "pos": [315, 187], "ui_clicked": true}
[2026-09-26 02:07:23.162] [M] {"button": 3, "pos": [327, 189], "ui_clicked": true}
[2026-09-26 02:07:23.497] [M] {"button": 3, "pos": [335, 189], "ui_clicked": true}
[2026-09-26 02:07:24.073] [M] {"button": 1, "pos": [370, 256], "ui_clicked": true}
[2026-09-26 02:07:24.074] [JACK] JACK // Ich drücke der Wache 50 Credits in die Hand. Sein Blick wird weich – Schmiergeld-Erfolg, er ignoriert mich erst mal!
[2026-09-26 02:07:24.075] [SFX] {"sound": "click_target", "volume": 1.0}
[2026-09-26 02:07:24.091] [JACK] JACK // Verdammt, Grid-Overseer stellt mich auf dem Pfad! (Threat 99% >= Nervosität 80%)!
[2026-09-26 02:07:24.091] [SFX] {"sound": "alert_trigger", "volume": 0.8}
[2026-09-26 02:07:24.142] [SFX] {"sound": "alert_trigger", "volume": 1.0}
[2026-09-26 02:07:26.405] [M] {"button": 1, "pos": [370, 256], "ui_clicked": true}
[2026-09-26 02:07:26.406] [JACK] JACK // Ich drücke der Wache 50 Credits in die Hand. Sein Blick wird weich – Schmiergeld-Erfolg, er ignoriert mich erst mal!
[2026-09-26 02:07:26.406] [SFX] {"sound": "click_target", "volume": 1.0}
[2026-09-26 02:07:26.447] [SFX] {"sound": "civ_move_2", "volume": 0.0}
[2026-09-26 02:07:26.448] [SFX] {"sound": "civ_move_2", "volume": 0.29}
[2026-09-26 02:07:26.477] [SFX] {"sound": "civ_move_2", "volume": 0.05}
[2026-09-26 02:07:26.562] [SFX] {"sound": "threat_pulse", "volume": 0.7}
[2026-09-26 02:07:26.596] [SFX] {"sound": "player_move", "volume": 0.4}
[2026-09-26 02:07:26.677] [SFX] {"sound": "guardian_move", "volume": 0.38}
[2026-09-26 02:07:26.678] [SFX] {"sound": "threat_pulse", "volume": 0.7}
[2026-09-26 02:07:26.727] [SFX] {"sound": "civ_move_2", "volume": 0.29}
[2026-09-26 02:07:26.779] [SFX] {"sound": "threat_pulse", "volume": 0.7}
[2026-09-26 02:07:26.801] [SFX] {"sound": "civ_move_1", "volume": 0.11}
[2026-09-26 02:07:26.831] [SFX] {"sound": "civ_move_2", "volume": 0.0}
[2026-09-26 02:07:26.832] [SFX] {"sound": "civ_move_2", "volume": 0.03}
[2026-09-26 02:07:26.833] [SFX] {"sound": "civ_move_2", "volume": 0.29}
[2026-09-26 02:07:26.883] [SFX] {"sound": "civ_move_2", "volume": 0.04}
[2026-09-26 02:07:26.884] [SFX] {"sound": "threat_pulse", "volume": 0.7}
[2026-09-26 02:07:26.905] [SFX] {"sound": "player_move", "volume": 0.4}
[2026-09-26 02:07:26.983] [SFX] {"sound": "threat_pulse", "volume": 0.7}
[2026-09-26 02:07:27.134] [SFX] {"sound": "civ_move_2", "volume": 0.29}
[2026-09-26 02:07:27.136] [SFX] {"sound": "game_over", "volume": 1.0}
[2026-09-26 02:07:29.528] [SFX] {"sound": "hack_success", "volume": 0.8}
[2026-09-26 02:07:30.372] [SESSION_RESET] {"msg": "--- NEW LIFE STARTED ---"}
[2026-09-26 02:07:30.400] [S] {"map": "Shadowgrid"}
[2026-09-26 02:07:30.425] [JACK] Ich werfe einen Blick in mein Systemfenster... Treiber und Daten prüfen.
[2026-09-26 02:07:30.425] [SFX] {"sound": "civ_move_1", "volume": 0.02}
[2026-09-26 02:07:30.448] [JACK] Ich hab mich wieder im Shadowgrid eingeklinkt... Mein Deck läuft, aber der Grid ist gefährlich. Tipp: Mit 'disp.drv' sehe ich das Nebel-Raster!
[2026-09-26 02:07:30.467] [SFX] {"sound": "civ_move_2", "volume": 0.11}
[2026-09-26 02:07:30.528] [SFX] {"sound": "civ_move_2", "volume": 0.0}
[2026-09-26 02:07:30.627] [SFX] {"sound": "civ_move_1", "volume": 0.0}
[2026-09-26 02:07:30.694] [SFX] {"sound": "civ_move_2", "volume": 0.06}
[2026-09-26 02:07:30.827] [SFX] {"sound": "civ_move_1", "volume": 0.02}
[2026-09-26 02:07:30.861] [SFX] {"sound": "civ_move_2", "volume": 0.11}
[2026-09-26 02:07:30.928] [SFX] {"sound": "civ_move_2", "volume": 0.0}
[2026-09-26 02:07:31.028] [SFX] {"sound": "civ_move_1", "volume": 0.0}
[2026-09-26 02:07:31.094] [SFX] {"sound": "civ_move_2", "volume": 0.07}
[2026-09-26 02:07:31.231] [SFX] {"sound": "civ_move_1", "volume": 0.02}
[2026-09-26 02:07:31.265] [SFX] {"sound": "civ_move_2", "volume": 0.1}
[2026-09-26 02:07:31.333] [SFX] {"sound": "civ_move_2", "volume": 0.01}
[2026-09-26 02:07:31.449] [SFX] {"sound": "civ_move_1", "volume": 0.01}
[2026-09-26 02:07:31.516] [SFX] {"sound": "civ_move_2", "volume": 0.07}
[2026-09-26 02:07:31.650] [SFX] {"sound": "civ_move_1", "volume": 0.01}
[2026-09-26 02:07:31.682] [SFX] {"sound": "civ_move_2", "volume": 0.11}
[2026-09-26 02:07:31.930] [SFX] {"sound": "civ_move_2", "volume": 0.08}
[2026-09-26 02:07:32.060] [SFX] {"sound": "civ_move_1", "volume": 0.0}
[2026-09-26 02:07:32.076] [M] {"button": 1, "pos": [350, 211], "ui_clicked": false}
[2026-09-26 02:07:32.084] [SFX] {"sound": "guardian_move", "volume": 0.27}
[2026-09-26 02:07:32.084] [SFX] {"sound": "action_cancel", "volume": 1.0}
[2026-09-26 02:07:32.103] [SFX] {"sound": "civ_move_2", "volume": 0.12}
[2026-09-26 02:07:32.345] [SFX] {"sound": "civ_move_2", "volume": 0.09}
[2026-09-26 02:07:32.509] [SFX] {"sound": "civ_move_2", "volume": 0.12}
[2026-09-26 02:07:32.706] [SFX] {"sound": "guardian_move", "volume": 0.28}
[2026-09-26 02:07:32.707] [SFX] {"sound": "guardian_move", "volume": 0.23}
[2026-09-26 02:07:32.757] [SFX] {"sound": "civ_move_2", "volume": 0.08}
[2026-09-26 02:07:32.840] [M] {"button": 1, "pos": [342, 214], "ui_clicked": false}
[2026-09-26 02:07:32.848] [P] {"start": [22, 10], "goal": [24, 14], "length": 5, "is_direction_change": false}
[2026-09-26 02:07:32.849] [SFX] {"sound": "click_target", "volume": 0.7}
[2026-09-26 02:07:32.889] [JACK] Schweres Wummern... Ein Sentinel nahebei! Sie sprechen mich ab 50-99% Nervosität an – ich halte 50 Credits Schmiergeld bereit!
[2026-09-26 02:07:32.889] [SFX] {"sound": "player_move", "volume": 0.4}
[2026-09-26 02:07:32.916] [SFX] {"sound": "civ_move_2", "volume": 0.14}
[2026-09-26 02:07:33.066] [SFX] {"sound": "threat_pulse", "volume": 0.3}
[2026-09-26 02:07:33.166] [SFX] {"sound": "player_move", "volume": 0.4}
[2026-09-26 02:07:33.166] [SFX] {"sound": "civ_move_2", "volume": 0.1}
[2026-09-26 02:07:33.301] [SFX] {"sound": "civ_move_1", "volume": 0.01}
[2026-09-26 02:07:33.323] [SFX] {"sound": "guardian_move", "volume": 0.34}
[2026-09-26 02:07:33.324] [SFX] {"sound": "guardian_move", "volume": 0.24}
[2026-09-26 02:07:33.325] [SFX] {"sound": "civ_move_2", "volume": 0.15}
[2026-09-26 02:07:33.570] [SFX] {"sound": "civ_move_2", "volume": 0.09}
[2026-09-26 02:07:33.717] [SFX] {"sound": "civ_move_2", "volume": 0.14}
[2026-09-26 02:07:33.931] [SFX] {"sound": "guardian_move", "volume": 0.37}
[2026-09-26 02:07:33.932] [SFX] {"sound": "guardian_move", "volume": 0.22}
[2026-09-26 02:07:33.980] [SFX] {"sound": "civ_move_2", "volume": 0.09}
[2026-09-26 02:07:34.129] [SFX] {"sound": "civ_move_2", "volume": 0.13}
[2026-09-26 02:07:34.259] [M] {"button": 1, "pos": [372, 196], "ui_clicked": false}
[2026-09-26 02:07:34.277] [SFX] {"sound": "threat_pulse", "volume": 0.32}
[2026-09-26 02:07:34.395] [SFX] {"sound": "civ_move_2", "volume": 0.08}
[2026-09-26 02:07:34.542] [SFX] {"sound": "guardian_move", "volume": 0.36}
[2026-09-26 02:07:34.542] [SFX] {"sound": "guardian_move", "volume": 0.2}
[2026-09-26 02:07:34.543] [SFX] {"sound": "civ_move_2", "volume": 0.12}
[2026-09-26 02:07:34.775] [SENTINEL_EMPTIED_IOT] {"iot": "listener", "stolen_data": 0, "had_jack_sighting": false, "node": [164, 117]}
[2026-09-26 02:07:34.790] [M] {"button": 1, "pos": [372, 203], "ui_clicked": false}
[2026-09-26 02:07:34.837] [JACK] Der Sentinel hat Kameradaten aus dem IoT-Node ausgelesen... Er kennt jetzt meine Frequenz!
[2026-09-26 02:07:34.838] [P] {"start": [24, 14], "goal": [30, 16], "length": 2, "is_direction_change": false}
[2026-09-26 02:07:34.839] [SFX] {"sound": "click_target", "volume": 0.66}
[2026-09-26 02:07:34.863] [JACK] Schweres Wummern... Ein Sentinel nahebei! Sie sprechen mich ab 50-99% Nervosität an – ich halte 50 Credits Schmiergeld bereit!
[2026-09-26 02:07:34.864] [SFX] {"sound": "civ_move_2", "volume": 0.07}
[2026-09-26 02:07:34.891] [SFX] {"sound": "player_move", "volume": 0.4}
[2026-09-26 02:07:34.957] [SFX] {"sound": "civ_move_2", "volume": 0.13}
[2026-09-26 02:07:34.958] [SFX] {"sound": "civ_move_2", "volume": 0.01}
[2026-09-26 02:07:35.023] [SFX] {"sound": "civ_move_2", "volume": 0.14}
[2026-09-26 02:07:35.155] [SFX] {"sound": "guardian_move", "volume": 0.33}
[2026-09-26 02:07:35.156] [SFX] {"sound": "guardian_move", "volume": 0.27}
[2026-09-26 02:07:35.205] [SFX] {"sound": "player_move", "volume": 0.4}
[2026-09-26 02:07:35.256] [SFX] {"sound": "civ_move_2", "volume": 0.1}
[2026-09-26 02:07:35.370] [SFX] {"sound": "civ_move_2", "volume": 0.16}
[2026-09-26 02:07:35.371] [SFX] {"sound": "civ_move_2", "volume": 0.04}
[2026-09-26 02:07:35.437] [SFX] {"sound": "civ_move_2", "volume": 0.16}
[2026-09-26 02:07:35.668] [SFX] {"sound": "civ_move_2", "volume": 0.09}
[2026-09-26 02:07:35.767] [SFX] {"sound": "guardian_move", "volume": 0.34}
[2026-09-26 02:07:35.767] [SFX] {"sound": "guardian_move", "volume": 0.26}
[2026-09-26 02:07:35.791] [SFX] {"sound": "civ_move_2", "volume": 0.16}
[2026-09-26 02:07:35.792] [SFX] {"sound": "civ_move_2", "volume": 0.05}
[2026-09-26 02:07:35.853] [SFX] {"sound": "civ_move_2", "volume": 0.15}
[2026-09-26 02:07:36.083] [SFX] {"sound": "civ_move_2", "volume": 0.08}
[2026-09-26 02:07:36.197] [SFX] {"sound": "civ_move_2", "volume": 0.15}
[2026-09-26 02:07:36.198] [SFX] {"sound": "civ_move_2", "volume": 0.06}
[2026-09-26 02:07:36.212] [M] {"button": 4, "pos": [317, 195], "ui_clicked": false}
[2026-09-26 02:07:36.266] [SFX] {"sound": "civ_move_2", "volume": 0.15}
[2026-09-26 02:07:36.315] [M] {"button": 4, "pos": [317, 195], "ui_clicked": false}
[2026-09-26 02:07:36.366] [SFX] {"sound": "guardian_move", "volume": 0.35}
[2026-09-26 02:07:36.367] [SFX] {"sound": "guardian_move", "volume": 0.23}
[2026-09-26 02:07:36.497] [SFX] {"sound": "civ_move_2", "volume": 0.07}
[2026-09-26 02:07:36.598] [SFX] {"sound": "civ_move_2", "volume": 0.14}
[2026-09-26 02:07:36.599] [SFX] {"sound": "civ_move_2", "volume": 0.07}
[2026-09-26 02:07:36.680] [SFX] {"sound": "civ_move_2", "volume": 0.14}
[2026-09-26 02:07:36.911] [SFX] {"sound": "civ_move_2", "volume": 0.07}
[2026-09-26 02:07:36.977] [SFX] {"sound": "guardian_move", "volume": 0.34}
[2026-09-26 02:07:36.978] [SFX] {"sound": "guardian_move", "volume": 0.21}
[2026-09-26 02:07:37.013] [SFX] {"sound": "civ_move_2", "volume": 0.13}
[2026-09-26 02:07:37.014] [SFX] {"sound": "civ_move_2", "volume": 0.08}
[2026-09-26 02:07:37.094] [SFX] {"sound": "civ_move_2", "volume": 0.13}
[2026-09-26 02:07:37.324] [SFX] {"sound": "civ_move_2", "volume": 0.06}
[2026-09-26 02:07:37.423] [SFX] {"sound": "civ_move_2", "volume": 0.13}
[2026-09-26 02:07:37.424] [SFX] {"sound": "civ_move_2", "volume": 0.08}
[2026-09-26 02:07:37.507] [SFX] {"sound": "civ_move_2", "volume": 0.13}
[2026-09-26 02:07:37.589] [SFX] {"sound": "guardian_move", "volume": 0.35}
[2026-09-26 02:07:37.590] [SFX] {"sound": "guardian_move", "volume": 0.19}
[2026-09-26 02:07:37.739] [SFX] {"sound": "civ_move_2", "volume": 0.05}
[2026-09-26 02:07:37.838] [SFX] {"sound": "civ_move_2", "volume": 0.14}
[2026-09-26 02:07:37.839] [SFX] {"sound": "civ_move_2", "volume": 0.09}
[2026-09-26 02:07:37.870] [SFX] {"sound": "threat_pulse", "volume": 0.3}
[2026-09-26 02:07:37.919] [SFX] {"sound": "civ_move_2", "volume": 0.14}
[2026-09-26 02:07:38.150] [SFX] {"sound": "civ_move_2", "volume": 0.04}
[2026-09-26 02:07:38.150] [SFX] {"sound": "civ_move_1", "volume": 0.0}
[2026-09-26 02:07:38.200] [SFX] {"sound": "guardian_move", "volume": 0.37}
[2026-09-26 02:07:38.201] [SFX] {"sound": "guardian_move", "volume": 0.16}
[2026-09-26 02:07:38.250] [SFX] {"sound": "civ_move_2", "volume": 0.14}
[2026-09-26 02:07:38.251] [SFX] {"sound": "civ_move_2", "volume": 0.1}
[2026-09-26 02:07:38.333] [SFX] {"sound": "civ_move_2", "volume": 0.15}
[2026-09-26 02:07:38.551] [SFX] {"sound": "civ_move_2", "volume": 0.03}
[2026-09-26 02:07:38.551] [SFX] {"sound": "civ_move_1", "volume": 0.01}
[2026-09-26 02:07:38.665] [SFX] {"sound": "civ_move_2", "volume": 0.14}
[2026-09-26 02:07:38.666] [SFX] {"sound": "civ_move_2", "volume": 0.11}
[2026-09-26 02:07:38.747] [SFX] {"sound": "civ_move_2", "volume": 0.14}
[2026-09-26 02:07:38.780] [SFX] {"sound": "threat_pulse", "volume": 0.36}
[2026-09-26 02:07:38.813] [SFX] {"sound": "guardian_move", "volume": 0.4}
[2026-09-26 02:07:38.814] [SFX] {"sound": "guardian_move", "volume": 0.14}
[2026-09-26 02:07:38.927] [SENTINEL_EMPTIED_IOT] {"iot": "listener", "stolen_data": 0, "had_jack_sighting": false, "node": [45, 108]}
[2026-09-26 02:07:38.976] [JACK] Der Sentinel hat Kameradaten aus dem IoT-Node ausgelesen... Er kennt jetzt meine Frequenz!
[2026-09-26 02:07:38.994] [SFX] {"sound": "civ_move_2", "volume": 0.02}
[2026-09-26 02:07:38.994] [SFX] {"sound": "civ_move_1", "volume": 0.02}
[2026-09-26 02:07:39.071] [SFX] {"sound": "civ_move_2", "volume": 0.14}
[2026-09-26 02:07:39.072] [SFX] {"sound": "civ_move_2", "volume": 0.11}
[2026-09-26 02:07:39.154] [SFX] {"sound": "civ_move_2", "volume": 0.13}
[2026-09-26 02:07:39.403] [SFX] {"sound": "civ_move_2", "volume": 0.01}
[2026-09-26 02:07:39.404] [SFX] {"sound": "civ_move_1", "volume": 0.03}
[2026-09-26 02:07:39.425] [SFX] {"sound": "guardian_move", "volume": 0.11}
[2026-09-26 02:07:39.453] [SENTINEL_EMPTIED_IOT] {"iot": "watcher", "stolen_data": 2, "had_jack_sighting": false, "node": [36, 30]}
[2026-09-26 02:07:39.454] [SFX] {"sound": "guardian_move", "volume": 0.4}
[2026-09-26 02:07:39.519] [SFX] {"sound": "civ_move_2", "volume": 0.13}
[2026-09-26 02:07:39.520] [SFX] {"sound": "civ_move_2", "volume": 0.12}
[2026-09-26 02:07:39.554] [SFX] {"sound": "civ_move_2", "volume": 0.13}
[2026-09-26 02:07:39.686] [SFX] {"sound": "threat_pulse", "volume": 0.4}
[2026-09-26 02:07:39.819] [SFX] {"sound": "civ_move_2", "volume": 0.0}
[2026-09-26 02:07:39.820] [SFX] {"sound": "civ_move_1", "volume": 0.04}
[2026-09-26 02:07:39.920] [SFX] {"sound": "civ_move_2", "volume": 0.12}
[2026-09-26 02:07:39.921] [SFX] {"sound": "civ_move_2", "volume": 0.13}
[2026-09-26 02:07:39.954] [SFX] {"sound": "civ_move_2", "volume": 0.12}
[2026-09-26 02:07:40.023] [SFX] {"sound": "guardian_move", "volume": 0.09}
[2026-09-26 02:07:40.223] [SFX] {"sound": "civ_move_1", "volume": 0.05}
[2026-09-26 02:07:40.323] [SFX] {"sound": "civ_move_2", "volume": 0.11}
[2026-09-26 02:07:40.324] [SFX] {"sound": "civ_move_2", "volume": 0.13}
[2026-09-26 02:07:40.356] [SFX] {"sound": "civ_move_2", "volume": 0.11}
[2026-09-26 02:07:40.488] [SFX] {"sound": "threat_pulse", "volume": 0.36}
[2026-09-26 02:07:40.623] [SFX] {"sound": "guardian_move", "volume": 0.06}
[2026-09-26 02:07:40.624] [SFX] {"sound": "civ_move_1", "volume": 0.06}
[2026-09-26 02:07:40.737] [SFX] {"sound": "civ_move_2", "volume": 0.1}
[2026-09-26 02:07:40.738] [SFX] {"sound": "civ_move_2", "volume": 0.14}
[2026-09-26 02:07:40.772] [SFX] {"sound": "civ_move_2", "volume": 0.11}
[2026-09-26 02:07:41.036] [SFX] {"sound": "civ_move_1", "volume": 0.07}
[2026-09-26 02:07:41.137] [SFX] {"sound": "civ_move_2", "volume": 0.1}
[2026-09-26 02:07:41.138] [SFX] {"sound": "civ_move_2", "volume": 0.15}
[2026-09-26 02:07:41.188] [SFX] {"sound": "civ_move_2", "volume": 0.1}
[2026-09-26 02:07:41.237] [SFX] {"sound": "guardian_move", "volume": 0.04}
[2026-09-26 02:07:41.403] [SFX] {"sound": "threat_pulse", "volume": 0.32}
[2026-09-26 02:07:41.438] [SFX] {"sound": "civ_move_1", "volume": 0.07}
[2026-09-26 02:07:41.540] [SFX] {"sound": "civ_move_2", "volume": 0.09}
[2026-09-26 02:07:41.541] [SFX] {"sound": "civ_move_2", "volume": 0.14}
[2026-09-26 02:07:41.589] [SFX] {"sound": "civ_move_2", "volume": 0.09}
[2026-09-26 02:07:41.853] [SFX] {"sound": "guardian_move", "volume": 0.01}
[2026-09-26 02:07:41.854] [SFX] {"sound": "civ_move_1", "volume": 0.08}
[2026-09-26 02:07:41.953] [SFX] {"sound": "civ_move_2", "volume": 0.08}
[2026-09-26 02:07:41.954] [SFX] {"sound": "civ_move_2", "volume": 0.13}
[2026-09-26 02:07:42.003] [SFX] {"sound": "civ_move_2", "volume": 0.09}
[2026-09-26 02:07:42.254] [SFX] {"sound": "civ_move_1", "volume": 0.09}
[2026-09-26 02:07:42.405] [SFX] {"sound": "civ_move_2", "volume": 0.08}
[2026-09-26 02:07:42.666] [SFX] {"sound": "civ_move_1", "volume": 0.1}
[2026-09-26 02:07:42.815] [SFX] {"sound": "civ_move_2", "volume": 0.07}
[2026-09-26 02:07:42.945] [M] {"button": 1, "pos": [232, 186], "ui_clicked": false}
[2026-09-26 02:07:42.952] [P] {"start": [30, 16], "goal": [24, 16], "length": 1, "is_direction_change": false}
[2026-09-26 02:07:42.953] [SFX] {"sound": "click_target", "volume": 0.69}
[2026-09-26 02:07:43.070] [SFX] {"sound": "civ_move_1", "volume": 0.09}
[2026-09-26 02:07:43.219] [SFX] {"sound": "civ_move_2", "volume": 0.03}
[2026-09-26 02:07:43.482] [SFX] {"sound": "civ_move_1", "volume": 0.08}
[2026-09-26 02:07:43.631] [SFX] {"sound": "civ_move_2", "volume": 0.02}
[2026-09-26 02:07:43.895] [SFX] {"sound": "civ_move_1", "volume": 0.09}
[2026-09-26 02:07:44.044] [SFX] {"sound": "civ_move_2", "volume": 0.01}
[2026-09-26 02:07:44.308] [SFX] {"sound": "civ_move_1", "volume": 0.1}
[2026-09-26 02:07:44.458] [SFX] {"sound": "civ_move_2", "volume": 0.0}
[2026-09-26 02:07:44.709] [SFX] {"sound": "civ_move_1", "volume": 0.11}
[2026-09-26 02:07:45.532] [SFX] {"sound": "civ_move_1", "volume": 0.12}
[2026-09-26 02:07:46.345] [SFX] {"sound": "civ_move_1", "volume": 0.11}
[2026-09-26 02:07:46.544] [SENTINEL_EMPTIED_IOT] {"iot": "watcher", "stolen_data": 3, "had_jack_sighting": false, "node": [206, 108]}
[2026-09-26 02:07:46.756] [SFX] {"sound": "civ_move_1", "volume": 0.11}
[2026-09-26 02:07:47.578] [SFX] {"sound": "civ_move_1", "volume": 0.12}
[2026-09-26 02:07:47.989] [SFX] {"sound": "civ_move_1", "volume": 0.13}
[2026-09-26 02:07:49.380] [M] {"button": 1, "pos": [297, 240], "ui_clicked": false}
[2026-09-26 02:07:49.391] [P] {"start": [24, 16], "goal": [22, 19], "length": 2, "is_direction_change": false}
[2026-09-26 02:07:49.392] [SFX] {"sound": "click_target", "volume": 0.72}
[2026-09-26 02:07:49.430] [SFX] {"sound": "player_move", "volume": 0.4}
[2026-09-26 02:07:49.623] [SFX] {"sound": "civ_move_1", "volume": 0.13}
[2026-09-26 02:07:50.038] [SFX] {"sound": "civ_move_1", "volume": 0.14}
[2026-09-26 02:07:50.189] [M] {"button": 1, "pos": [270, 207], "ui_clicked": false}
[2026-09-26 02:07:50.197] [P] {"start": [22, 19], "goal": [19, 20], "length": 2, "is_direction_change": false}
[2026-09-26 02:07:50.198] [SFX] {"sound": "click_target", "volume": 0.73}
[2026-09-26 02:07:50.264] [SFX] {"sound": "player_move", "volume": 0.4}
[2026-09-26 02:07:50.447] [SFX] {"sound": "civ_move_1", "volume": 0.13}
[2026-09-26 02:07:50.848] [SFX] {"sound": "civ_move_1", "volume": 0.14}
[2026-09-26 02:07:50.962] [M] {"button": 1, "pos": [252, 195], "ui_clicked": false}
[2026-09-26 02:07:50.971] [P] {"start": [19, 20], "goal": [15, 20], "length": 1, "is_direction_change": false}
[2026-09-26 02:07:50.972] [SFX] {"sound": "click_target", "volume": 0.72}
[2026-09-26 02:07:51.149] [SFX] {"sound": "player_move", "volume": 0.4}
[2026-09-26 02:07:51.263] [SFX] {"sound": "civ_move_1", "volume": 0.11}
[2026-09-26 02:07:51.411] [M] {"button": 1, "pos": [248, 194], "ui_clicked": false}
[2026-09-26 02:07:51.676] [SFX] {"sound": "civ_move_1", "volume": 0.1}
[2026-09-26 02:07:52.055] [M] {"button": 1, "pos": [260, 115], "ui_clicked": false}
[2026-09-26 02:07:52.090] [SFX] {"sound": "civ_move_1", "volume": 0.09}
[2026-09-26 02:07:52.505] [SFX] {"sound": "civ_move_1", "volume": 0.08}
[2026-09-26 02:07:52.802] [M] {"button": 1, "pos": [311, 121], "ui_clicked": false}
[2026-09-26 02:07:52.812] [P] {"start": [15, 20], "goal": [14, 16], "length": 2, "is_direction_change": false}
[2026-09-26 02:07:52.813] [SFX] {"sound": "click_target", "volume": 0.91}
[2026-09-26 02:07:52.837] [JACK] Kurzer Blick um die Ecke...
[2026-09-26 02:07:54.102] [M] {"button": 1, "pos": [437, 189], "ui_clicked": false}
[2026-09-26 02:07:54.111] [P] {"start": [14, 16], "goal": [21, 16], "length": 1, "is_direction_change": false}
[2026-09-26 02:07:54.111] [SFX] {"sound": "click_target", "volume": 0.66}
[2026-09-26 02:07:54.165] [SFX] {"sound": "player_move", "volume": 0.4}
[2026-09-26 02:07:54.529] [M] {"button": 1, "pos": [445, 189], "ui_clicked": false}
[2026-09-26 02:07:54.538] [P] {"start": [21, 16], "goal": [26, 16], "length": 1, "is_direction_change": false}
[2026-09-26 02:07:54.539] [SFX] {"sound": "click_target", "volume": 0.69}
[2026-09-26 02:07:54.575] [SFX] {"sound": "player_move", "volume": 0.4}
[2026-09-26 02:07:54.969] [M] {"button": 1, "pos": [446, 189], "ui_clicked": false}
[2026-09-26 02:07:54.979] [P] {"start": [26, 16], "goal": [32, 16], "length": 1, "is_direction_change": false}
[2026-09-26 02:07:54.979] [SFX] {"sound": "click_target", "volume": 0.67}
[2026-09-26 02:07:55.063] [SFX] {"sound": "player_move", "volume": 0.4}
[2026-09-26 02:07:55.393] [M] {"button": 1, "pos": [446, 189], "ui_clicked": false}
[2026-09-26 02:07:55.402] [P] {"start": [32, 16], "goal": [37, 16], "length": 1, "is_direction_change": false}
[2026-09-26 02:07:55.403] [SFX] {"sound": "click_target", "volume": 0.68}
[2026-09-26 02:07:55.499] [SFX] {"sound": "player_move", "volume": 0.4}
[2026-09-26 02:07:55.797] [M] {"button": 1, "pos": [446, 189], "ui_clicked": false}
[2026-09-26 02:07:55.805] [P] {"start": [37, 16], "goal": [43, 16], "length": 1, "is_direction_change": false}
[2026-09-26 02:07:55.806] [SFX] {"sound": "click_target", "volume": 0.68}
[2026-09-26 02:07:55.864] [SFX] {"sound": "guardian_move", "volume": 0.06}
[2026-09-26 02:07:55.966] [SFX] {"sound": "player_move", "volume": 0.4}
[2026-09-26 02:07:56.244] [M] {"button": 1, "pos": [446, 189], "ui_clicked": false}
[2026-09-26 02:07:56.253] [P] {"start": [43, 16], "goal": [49, 16], "length": 1, "is_direction_change": false}
[2026-09-26 02:07:56.254] [SFX] {"sound": "click_target", "volume": 0.68}
[2026-09-26 02:07:56.409] [SENTINEL_EMPTIED_IOT] {"iot": "watcher", "stolen_data": 3, "had_jack_sighting": false, "node": [210, 107]}
[2026-09-26 02:07:56.439] [JACK] Der Sentinel hat Kameradaten aus dem IoT-Node ausgelesen... Er kennt jetzt meine Frequenz!
[2026-09-26 02:07:56.440] [SFX] {"sound": "player_move", "volume": 0.4}
[2026-09-26 02:07:56.469] [SFX] {"sound": "guardian_move", "volume": 0.13}
[2026-09-26 02:07:57.079] [SFX] {"sound": "guardian_move", "volume": 0.15}
[2026-09-26 02:07:57.693] [SFX] {"sound": "guardian_move", "volume": 0.16}
[2026-09-26 02:07:58.176] [M] {"button": 1, "pos": [219, 253], "ui_clicked": false}
[2026-09-26 02:07:58.186] [SFX] {"sound": "click_target", "volume": 0.65}
[2026-09-26 02:07:58.297] [SFX] {"sound": "guardian_move", "volume": 0.18}
[2026-09-26 02:07:58.380] [SFX] {"sound": "player_move", "volume": 0.4}
[2026-09-26 02:07:58.776] [SFX] {"sound": "civ_move_2", "volume": 0.04}
[2026-09-26 02:07:58.908] [SFX] {"sound": "guardian_move", "volume": 0.18}
[2026-09-26 02:07:58.931] [SFX] {"sound": "civ_move_1", "volume": 0.01}
[2026-09-26 02:07:59.010] [SFX] {"sound": "player_move", "volume": 0.4}
[2026-09-26 02:07:59.176] [SFX] {"sound": "civ_move_2", "volume": 0.09}
[2026-09-26 02:07:59.311] [SFX] {"sound": "player_move", "volume": 0.4}
[2026-09-26 02:07:59.333] [SFX] {"sound": "civ_move_1", "volume": 0.04}
[2026-09-26 02:07:59.465] [SFX] {"sound": "guardian_move", "volume": 0.06}
[2026-09-26 02:07:59.515] [SFX] {"sound": "guardian_move", "volume": 0.1}
[2026-09-26 02:07:59.583] [SFX] {"sound": "civ_move_2", "volume": 0.13}
[2026-09-26 02:07:59.618] [SFX] {"sound": "player_move", "volume": 0.4}
[2026-09-26 02:07:59.653] [SFX] {"sound": "civ_move_1", "volume": 0.03}
[2026-09-26 02:07:59.736] [SFX] {"sound": "civ_move_1", "volume": 0.08}
[2026-09-26 02:07:59.922] [SFX] {"sound": "player_move", "volume": 0.4}
[2026-09-26 02:07:59.988] [SFX] {"sound": "civ_move_2", "volume": 0.14}
[2026-09-26 02:08:00.012] [SFX] {"sound": "civ_move_2", "volume": 0.0}
[2026-09-26 02:08:00.013] [SFX] {"sound": "civ_move_1", "volume": 0.02}
[2026-09-26 02:08:00.014] [SFX] {"sound": "civ_move_2", "volume": 0.05}
[2026-09-26 02:08:00.060] [SFX] {"sound": "civ_move_1", "volume": 0.07}
[2026-09-26 02:08:00.083] [SFX] {"sound": "guardian_move", "volume": 0.15}
[2026-09-26 02:08:00.149] [SFX] {"sound": "civ_move_1", "volume": 0.11}
[2026-09-26 02:08:00.236] [SFX] {"sound": "player_move", "volume": 0.4}
[2026-09-26 02:08:00.402] [SFX] {"sound": "civ_move_2", "volume": 0.17}
[2026-09-26 02:08:00.424] [SFX] {"sound": "civ_move_2", "volume": 0.02}
[2026-09-26 02:08:00.425] [SFX] {"sound": "civ_move_1", "volume": 0.07}
[2026-09-26 02:08:00.426] [SFX] {"sound": "civ_move_2", "volume": 0.09}
[2026-09-26 02:08:00.471] [SFX] {"sound": "civ_move_1", "volume": 0.08}
[2026-09-26 02:08:00.536] [SFX] {"sound": "player_move", "volume": 0.4}
[2026-09-26 02:08:00.558] [SFX] {"sound": "civ_move_1", "volume": 0.13}
[2026-09-26 02:08:00.685] [SFX] {"sound": "guardian_move", "volume": 0.23}
[2026-09-26 02:08:00.816] [SFX] {"sound": "civ_move_2", "volume": 0.2}
[2026-09-26 02:08:00.840] [SFX] {"sound": "civ_move_2", "volume": 0.01}
[2026-09-26 02:08:00.842] [SFX] {"sound": "civ_move_1", "volume": 0.13}
[2026-09-26 02:08:00.842] [SFX] {"sound": "civ_move_2", "volume": 0.11}
[2026-09-26 02:08:00.860] [SFX] {"sound": "player_move", "volume": 0.4}
[2026-09-26 02:08:00.877] [SFX] {"sound": "civ_move_1", "volume": 0.09}
[2026-09-26 02:08:00.955] [SFX] {"sound": "civ_move_1", "volume": 0.15}
[2026-09-26 02:08:01.165] [SFX] {"sound": "player_move", "volume": 0.4}
[2026-09-26 02:08:01.217] [SFX] {"sound": "civ_move_2", "volume": 0.28}
[2026-09-26 02:08:01.241] [SFX] {"sound": "civ_move_1", "volume": 0.13}
[2026-09-26 02:08:01.242] [SFX] {"sound": "civ_move_2", "volume": 0.1}
[2026-09-26 02:08:01.273] [SFX] {"sound": "civ_move_1", "volume": 0.04}
[2026-09-26 02:08:01.273] [C] {"civ_pos": [79, 32]}
[2026-09-26 02:08:01.313] [SFX] {"sound": "guardian_move", "volume": 0.26}
[2026-09-26 02:08:01.332] [SFX] {"sound": "guardian_move", "volume": 0.05}
[2026-09-26 02:08:01.362] [SFX] {"sound": "civ_move_1", "volume": 0.08}
[2026-09-26 02:08:01.477] [SFX] {"sound": "player_move", "volume": 0.4}
[2026-09-26 02:08:01.624] [SFX] {"sound": "civ_move_2", "volume": 0.27}
[2026-09-26 02:08:01.648] [SFX] {"sound": "civ_move_1", "volume": 0.11}
[2026-09-26 02:08:01.649] [SFX] {"sound": "civ_move_2", "volume": 0.06}
[2026-09-26 02:08:01.775] [SFX] {"sound": "civ_move_1", "volume": 0.01}
[2026-09-26 02:08:01.797] [SFX] {"sound": "player_move", "volume": 0.4}
[2026-09-26 02:08:01.893] [SFX] {"sound": "guardian_move", "volume": 0.16}
[2026-09-26 02:08:01.927] [SFX] {"sound": "guardian_move", "volume": 0.15}
[2026-09-26 02:08:02.028] [SFX] {"sound": "civ_move_2", "volume": 0.22}
[2026-09-26 02:08:02.050] [SFX] {"sound": "civ_move_1", "volume": 0.07}
[2026-09-26 02:08:02.050] [SFX] {"sound": "civ_move_2", "volume": 0.01}
[2026-09-26 02:08:02.095] [SFX] {"sound": "player_move", "volume": 0.4}
[2026-09-26 02:08:02.439] [SFX] {"sound": "civ_move_2", "volume": 0.17}
[2026-09-26 02:08:02.462] [SFX] {"sound": "civ_move_1", "volume": 0.03}
[2026-09-26 02:08:02.507] [SFX] {"sound": "guardian_move", "volume": 0.06}
[2026-09-26 02:08:02.541] [SFX] {"sound": "guardian_move", "volume": 0.21}
[2026-09-26 02:08:02.709] [SFX] {"sound": "player_move", "volume": 0.4}
[2026-09-26 02:08:02.843] [SFX] {"sound": "civ_move_2", "volume": 0.13}
[2026-09-26 02:08:03.009] [SFX] {"sound": "player_move", "volume": 0.4}
[2026-09-26 02:08:03.080] [JACK] Wache in Reichweite! Bei 100% Threat greift er direkt an. Ohne Credits gibt's Saures, wenn er mich stellt!
[2026-09-26 02:08:03.142] [SFX] {"sound": "guardian_move", "volume": 0.29}
[2026-09-26 02:08:03.257] [SFX] {"sound": "civ_move_2", "volume": 0.06}
[2026-09-26 02:08:03.323] [SFX] {"sound": "player_move", "volume": 0.4}
[2026-09-26 02:08:03.670] [SFX] {"sound": "civ_move_2", "volume": 0.06}
[2026-09-26 02:08:03.754] [SFX] {"sound": "guardian_move", "volume": 0.3}
[2026-09-26 02:08:03.938] [SFX] {"sound": "player_move", "volume": 0.4}
[2026-09-26 02:08:03.971] [JACK_REGISTERED_BY_CAMERA] {"camera": [36, 30]}
[2026-09-26 02:08:04.011] [JACK] Verflucht, eine Kamera hat mich erfasst! Mein Threat-Meter steigt! Tipp: Mit 'ucam.drv' werden Kamerasichtkegel rot markiert.
[2026-09-26 02:08:04.072] [SFX] {"sound": "civ_move_2", "volume": 0.06}
[2026-09-26 02:08:04.240] [SFX] {"sound": "player_move", "volume": 0.4}
[2026-09-26 02:08:04.355] [SFX] {"sound": "guardian_move", "volume": 0.27}
[2026-09-26 02:08:04.475] [SFX] {"sound": "civ_move_2", "volume": 0.07}
[2026-09-26 02:08:04.542] [SFX] {"sound": "player_move", "volume": 0.4}
[2026-09-26 02:08:04.875] [SFX] {"sound": "civ_move_2", "volume": 0.07}
[2026-09-26 02:08:04.957] [SFX] {"sound": "guardian_move", "volume": 0.26}
[2026-09-26 02:08:05.289] [SFX] {"sound": "civ_move_2", "volume": 0.09}
[2026-09-26 02:08:05.538] [SFX] {"sound": "guardian_move", "volume": 0.01}
[2026-09-26 02:08:05.573] [SFX] {"sound": "guardian_move", "volume": 0.27}
[2026-09-26 02:08:05.694] [SFX] {"sound": "civ_move_2", "volume": 0.1}
[2026-09-26 02:08:06.107] [SFX] {"sound": "civ_move_2", "volume": 0.11}
[2026-09-26 02:08:06.142] [SFX] {"sound": "guardian_move", "volume": 0.03}
[2026-09-26 02:08:06.176] [SFX] {"sound": "guardian_move", "volume": 0.26}
[2026-09-26 02:08:06.422] [M] {"button": 1, "pos": [390, 167], "ui_clicked": true}
[2026-09-26 02:08:06.509] [SFX] {"sound": "civ_move_2", "volume": 0.12}
[2026-09-26 02:08:06.543] [SFX] {"sound": "infiltrate 1", "volume": 0.5}
[2026-09-26 02:08:06.758] [SFX] {"sound": "guardian_move", "volume": 0.05}
[2026-09-26 02:08:06.792] [SFX] {"sound": "guardian_move", "volume": 0.24}
[2026-09-26 02:08:06.924] [SFX] {"sound": "civ_move_2", "volume": 0.13}
[2026-09-26 02:08:06.958] [SFX] {"sound": "infiltrate 2", "volume": 0.5}
[2026-09-26 02:08:07.325] [SFX] {"sound": "civ_move_2", "volume": 0.14}
[2026-09-26 02:08:07.359] [SFX] {"sound": "guardian_move", "volume": 0.07}
[2026-09-26 02:08:07.360] [SFX] {"sound": "infiltrate 1", "volume": 0.5}
[2026-09-26 02:08:07.393] [SFX] {"sound": "guardian_move", "volume": 0.24}
[2026-09-26 02:08:07.774] [SFX] {"sound": "infiltrate 2", "volume": 0.5}
[2026-09-26 02:08:07.796] [SFX] {"sound": "hack_success", "volume": 1.0}
[2026-09-26 02:08:07.797] [JACK] JACK // Ich habe 7 Daten-Fragmente aus PC extrahiert. Spuren im System verwischt!
[2026-09-26 02:08:07.974] [SFX] {"sound": "guardian_move", "volume": 0.09}
[2026-09-26 02:08:08.007] [SFX] {"sound": "guardian_move", "volume": 0.26}
[2026-09-26 02:08:08.307] [SFX] {"sound": "civ_move_2", "volume": 0.17}
[2026-09-26 02:08:08.488] [SFX] {"sound": "civ_move_1", "volume": 0.13}
[2026-09-26 02:08:08.559] [SFX] {"sound": "civ_move_2", "volume": 0.01}
[2026-09-26 02:08:08.581] [SFX] {"sound": "guardian_move", "volume": 0.1}
[2026-09-26 02:08:08.610] [SFX] {"sound": "guardian_move", "volume": 0.28}
[2026-09-26 02:08:08.710] [SFX] {"sound": "civ_move_2", "volume": 0.17}
[2026-09-26 02:08:08.893] [SFX] {"sound": "civ_move_1", "volume": 0.13}
[2026-09-26 02:08:08.960] [SFX] {"sound": "civ_move_2", "volume": 0.02}
[2026-09-26 02:08:09.110] [SFX] {"sound": "civ_move_2", "volume": 0.18}
[2026-09-26 02:08:09.178] [SFX] {"sound": "guardian_move", "volume": 0.12}
[2026-09-26 02:08:09.212] [SFX] {"sound": "guardian_move", "volume": 0.29}
[2026-09-26 02:08:09.294] [SFX] {"sound": "civ_move_1", "volume": 0.14}
[2026-09-26 02:08:09.360] [SFX] {"sound": "civ_move_2", "volume": 0.03}
[2026-09-26 02:08:09.382] [SFX] {"sound": "guardian_move", "volume": 0.3}
[2026-09-26 02:08:09.541] [SFX] {"sound": "civ_move_2", "volume": 0.19}
[2026-09-26 02:08:09.671] [SFX] {"sound": "threat_pulse", "volume": 0.3}
[2026-09-26 02:08:09.724] [SFX] {"sound": "civ_move_1", "volume": 0.15}
[2026-09-26 02:08:09.760] [SFX] {"sound": "civ_move_2", "volume": 0.04}
[2026-09-26 02:08:09.793] [SFX] {"sound": "guardian_move", "volume": 0.14}
[2026-09-26 02:08:09.827] [SFX] {"sound": "guardian_move", "volume": 0.3}
[2026-09-26 02:08:09.946] [SFX] {"sound": "civ_move_2", "volume": 0.2}
[2026-09-26 02:08:10.013] [JACK] Verdammt, der Sentinel kreist um mich! Ich kann versuchen ihn mit 50 Credits zu schmieren oder mit 'ner Ausrede zu blöffen.
[2026-09-26 02:08:10.013] [SFX] {"sound": "guardian_move", "volume": 0.3}
[2026-09-26 02:08:10.125] [SFX] {"sound": "civ_move_1", "volume": 0.16}
[2026-09-26 02:08:10.174] [SFX] {"sound": "civ_move_2", "volume": 0.04}
[2026-09-26 02:08:10.358] [SFX] {"sound": "civ_move_2", "volume": 0.2}
[2026-09-26 02:08:10.393] [SFX] {"sound": "guardian_move", "volume": 0.16}
[2026-09-26 02:08:10.443] [SFX] {"sound": "guardian_move", "volume": 0.28}
[2026-09-26 02:08:10.527] [SFX] {"sound": "civ_move_1", "volume": 0.16}
[2026-09-26 02:08:10.580] [SFX] {"sound": "civ_move_2", "volume": 0.05}
[2026-09-26 02:08:10.581] [SFX] {"sound": "threat_pulse", "volume": 0.31}
[2026-09-26 02:08:10.603] [SFX] {"sound": "guardian_move", "volume": 0.31}
[2026-09-26 02:08:10.766] [SFX] {"sound": "civ_move_2", "volume": 0.2}
[2026-09-26 02:08:10.933] [SFX] {"sound": "civ_move_1", "volume": 0.17}
[2026-09-26 02:08:10.983] [SFX] {"sound": "civ_move_2", "volume": 0.06}
[2026-09-26 02:08:11.006] [SFX] {"sound": "guardian_move", "volume": 0.17}
[2026-09-26 02:08:11.050] [SFX] {"sound": "guardian_move", "volume": 0.28}
[2026-09-26 02:08:11.167] [SFX] {"sound": "civ_move_2", "volume": 0.19}
[2026-09-26 02:08:11.201] [SFX] {"sound": "guardian_move", "volume": 0.33}
[2026-09-26 02:08:11.333] [SFX] {"sound": "civ_move_1", "volume": 0.17}
[2026-09-26 02:08:11.384] [SFX] {"sound": "civ_move_2", "volume": 0.07}
[2026-09-26 02:08:11.583] [SFX] {"sound": "civ_move_2", "volume": 0.18}
[2026-09-26 02:08:11.616] [SFX] {"sound": "guardian_move", "volume": 0.19}
[2026-09-26 02:08:11.650] [SFX] {"sound": "guardian_move", "volume": 0.36}
[2026-09-26 02:08:11.732] [M] {"button": 1, "pos": [305, 240], "ui_clicked": false}
[2026-09-26 02:08:11.740] [P] {"start": [41, 22], "goal": [40, 25], "length": 4, "is_direction_change": false}
[2026-09-26 02:08:11.741] [SFX] {"sound": "click_target", "volume": 0.73}
[2026-09-26 02:08:11.778] [JACK] Die Sentinels patrouillieren. Ich sollte Abstand halten und Sichtkegel meiden.
[2026-09-26 02:08:11.779] [SFX] {"sound": "civ_move_1", "volume": 0.18}
[2026-09-26 02:08:11.799] [SFX] {"sound": "civ_move_2", "volume": 0.07}
[2026-09-26 02:08:11.817] [SFX] {"sound": "guardian_move", "volume": 0.34}
[2026-09-26 02:08:11.878] [SFX] {"sound": "player_move", "volume": 0.4}
[2026-09-26 02:08:11.994] [SFX] {"sound": "civ_move_2", "volume": 0.17}
[2026-09-26 02:08:12.027] [SFX] {"sound": "threat_pulse", "volume": 0.33}
[2026-09-26 02:08:12.160] [SFX] {"sound": "civ_move_1", "volume": 0.18}
[2026-09-26 02:08:12.195] [SFX] {"sound": "player_move", "volume": 0.4}
[2026-09-26 02:08:12.196] [SFX] {"sound": "civ_move_2", "volume": 0.07}
[2026-09-26 02:08:12.243] [SFX] {"sound": "guardian_move", "volume": 0.16}
[2026-09-26 02:08:12.265] [SFX] {"sound": "guardian_move", "volume": 0.38}
[2026-09-26 02:08:12.409] [SFX] {"sound": "civ_move_2", "volume": 0.19}
[2026-09-26 02:08:12.432] [SFX] {"sound": "guardian_move", "volume": 0.31}
[2026-09-26 02:08:12.560] [SFX] {"sound": "civ_move_1", "volume": 0.2}
[2026-09-26 02:08:12.595] [SFX] {"sound": "civ_move_2", "volume": 0.1}
[2026-09-26 02:08:12.809] [SFX] {"sound": "civ_move_2", "volume": 0.18}
[2026-09-26 02:08:12.844] [SFX] {"sound": "guardian_move", "volume": 0.16}
[2026-09-26 02:08:12.866] [SFX] {"sound": "guardian_move", "volume": 0.36}
[2026-09-26 02:08:12.928] [SFX] {"sound": "threat_pulse", "volume": 0.31}
[2026-09-26 02:08:12.961] [SFX] {"sound": "civ_move_1", "volume": 0.21}
[2026-09-26 02:08:13.013] [SFX] {"sound": "civ_move_2", "volume": 0.11}
[2026-09-26 02:08:13.038] [SFX] {"sound": "guardian_move", "volume": 0.3}
[2026-09-26 02:08:13.212] [SFX] {"sound": "civ_move_2", "volume": 0.18}
[2026-09-26 02:08:13.362] [SFX] {"sound": "civ_move_1", "volume": 0.22}
[2026-09-26 02:08:13.429] [SFX] {"sound": "civ_move_2", "volume": 0.12}
[2026-09-26 02:08:13.451] [SFX] {"sound": "guardian_move", "volume": 0.14}
[2026-09-26 02:08:13.470] [SFX] {"sound": "guardian_move", "volume": 0.37}
[2026-09-26 02:08:13.613] [SFX] {"sound": "civ_move_2", "volume": 0.17}
[2026-09-26 02:08:13.648] [SFX] {"sound": "guardian_move", "volume": 0.28}
[2026-09-26 02:08:13.766] [SFX] {"sound": "civ_move_1", "volume": 0.22}
[2026-09-26 02:08:13.817] [M] {"button": 1, "pos": [304, 236], "ui_clicked": false}
[2026-09-26 02:08:13.825] [JACK] JACK // SHE PREDICTED MY INFILTRATION ROUTE. HER SHIELDS REQUIRE CAREFUL HACKING.
[2026-09-26 02:08:13.826] [SFX] {"sound": "click_target", "volume": 0.73}
[2026-09-26 02:08:13.844] [SFX] {"sound": "civ_move_2", "volume": 0.13}
[2026-09-26 02:08:13.845] [SFX] {"sound": "threat_pulse", "volume": 0.33}
[2026-09-26 02:08:13.873] [C] {"civ_pos": [40, 28]}
[2026-09-26 02:08:13.926] [SFX] {"sound": "player_move", "volume": 0.4}
[2026-09-26 02:08:14.026] [SFX] {"sound": "civ_move_2", "volume": 0.15}
[2026-09-26 02:08:14.061] [SFX] {"sound": "guardian_move", "volume": 0.11}
[2026-09-26 02:08:14.095] [SFX] {"sound": "guardian_move", "volume": 0.35}
[2026-09-26 02:08:14.180] [SFX] {"sound": "civ_move_1", "volume": 0.28}
[2026-09-26 02:08:14.229] [SFX] {"sound": "player_move", "volume": 0.4}
[2026-09-26 02:08:14.254] [SFX] {"sound": "civ_move_2", "volume": 0.13}
[2026-09-26 02:08:14.273] [SFX] {"sound": "guardian_move", "volume": 0.2}
[2026-09-26 02:08:14.435] [SFX] {"sound": "civ_move_2", "volume": 0.16}
[2026-09-26 02:08:14.534] [SFX] {"sound": "player_move", "volume": 0.4}
[2026-09-26 02:08:14.589] [SFX] {"sound": "civ_move_1", "volume": 0.3}
[2026-09-26 02:08:14.654] [SFX] {"sound": "civ_move_2", "volume": 0.15}
[2026-09-26 02:08:14.677] [SFX] {"sound": "guardian_move", "volume": 0.11}
[2026-09-26 02:08:14.707] [SFX] {"sound": "guardian_move", "volume": 0.35}
[2026-09-26 02:08:14.741] [SFX] {"sound": "threat_pulse", "volume": 0.33}
[2026-09-26 02:08:14.838] [SFX] {"sound": "player_move", "volume": 0.4}
[2026-09-26 02:08:14.840] [SFX] {"sound": "civ_move_2", "volume": 0.15}
[2026-09-26 02:08:14.874] [SFX] {"sound": "guardian_move", "volume": 0.2}
[2026-09-26 02:08:14.991] [SFX] {"sound": "civ_move_1", "volume": 0.24}
[2026-09-26 02:08:15.142] [SFX] {"sound": "player_move", "volume": 0.4}
[2026-09-26 02:08:15.248] [SFX] {"sound": "civ_move_2", "volume": 0.18}
[2026-09-26 02:08:15.281] [SFX] {"sound": "guardian_move", "volume": 0.11}
[2026-09-26 02:08:15.305] [SFX] {"sound": "civ_move_1", "volume": 0.23}
[2026-09-26 02:08:15.333] [SFX] {"sound": "guardian_move", "volume": 0.35}
[2026-09-26 02:08:15.400] [SFX] {"sound": "civ_move_1", "volume": 0.29}
[2026-09-26 02:08:15.450] [SFX] {"sound": "player_move", "volume": 0.4}
[2026-09-26 02:08:15.486] [SFX] {"sound": "guardian_move", "volume": 0.18}
[2026-09-26 02:08:15.654] [SFX] {"sound": "civ_move_2", "volume": 0.12}
[2026-09-26 02:08:15.655] [SFX] {"sound": "threat_pulse", "volume": 0.34}
[2026-09-26 02:08:15.704] [SFX] {"sound": "civ_move_1", "volume": 0.22}
[2026-09-26 02:08:15.754] [SFX] {"sound": "player_move", "volume": 0.4}
[2026-09-26 02:08:15.806] [SFX] {"sound": "civ_move_1", "volume": 0.29}
[2026-09-26 02:08:15.891] [SFX] {"sound": "guardian_move", "volume": 0.06}
[2026-09-26 02:08:15.942] [SFX] {"sound": "guardian_move", "volume": 0.38}
[2026-09-26 02:08:15.991] [M] {"button": 1, "pos": [466, 194], "ui_clicked": false}
[2026-09-26 02:08:16.000] [SFX] {"sound": "action_cancel", "volume": 1.0}
[2026-09-26 02:08:16.001] [P] {"start": [38, 30], "goal": [47, 32], "length": 6, "is_direction_change": false}
[2026-09-26 02:08:16.002] [SFX] {"sound": "click_target", "volume": 0.62}
[2026-09-26 02:08:16.042] [JACK] Die Sentinels patrouillieren. Ich sollte Abstand halten und Sichtkegel meiden.
[2026-09-26 02:08:16.061] [SFX] {"sound": "player_move", "volume": 0.4}
[2026-09-26 02:08:16.062] [SFX] {"sound": "civ_move_2", "volume": 0.14}
[2026-09-26 02:08:16.090] [SFX] {"sound": "guardian_move", "volume": 0.16}
[2026-09-26 02:08:16.112] [SFX] {"sound": "civ_move_1", "volume": 0.23}
[2026-09-26 02:08:16.212] [SFX] {"sound": "civ_move_1", "volume": 0.28}
[2026-09-26 02:08:16.363] [SFX] {"sound": "player_move", "volume": 0.4}
[2026-09-26 02:08:16.387] [C] {"civ_pos": [38, 28]}
[2026-09-26 02:08:16.466] [SFX] {"sound": "civ_move_2", "volume": 0.12}
[2026-09-26 02:08:16.500] [SFX] {"sound": "guardian_move", "volume": 0.07}
[2026-09-26 02:08:16.534] [SFX] {"sound": "civ_move_1", "volume": 0.22}
[2026-09-26 02:08:16.556] [SFX] {"sound": "guardian_move", "volume": 0.28}
[2026-09-26 02:08:16.574] [SFX] {"sound": "threat_pulse", "volume": 0.37}
[2026-09-26 02:08:16.617] [SFX] {"sound": "civ_move_1", "volume": 0.26}
[2026-09-26 02:08:16.666] [SFX] {"sound": "player_move", "volume": 0.4}
[2026-09-26 02:08:16.700] [SFX] {"sound": "guardian_move", "volume": 0.16}
[2026-09-26 02:08:16.881] [SFX] {"sound": "civ_move_2", "volume": 0.17}
[2026-09-26 02:08:16.947] [SFX] {"sound": "civ_move_1", "volume": 0.24}
[2026-09-26 02:08:17.029] [SFX] {"sound": "civ_move_1", "volume": 0.22}
[2026-09-26 02:08:17.111] [SFX] {"sound": "guardian_move", "volume": 0.11}
[2026-09-26 02:08:17.164] [SFX] {"sound": "guardian_move", "volume": 0.33}
[2026-09-26 02:08:17.283] [SFX] {"sound": "civ_move_2", "volume": 0.17}
[2026-09-26 02:08:17.310] [SFX] {"sound": "guardian_move", "volume": 0.18}
[2026-09-26 02:08:17.358] [SFX] {"sound": "civ_move_1", "volume": 0.24}
[2026-09-26 02:08:17.442] [SFX] {"sound": "civ_move_1", "volume": 0.23}
[2026-09-26 02:08:17.475] [SFX] {"sound": "threat_pulse", "volume": 0.33}
[2026-09-26 02:08:17.656] [SENTINEL_EMPTIED_IOT] {"iot": "watcher", "stolen_data": 1, "had_jack_sighting": false, "node": [210, 107]}
[2026-09-26 02:08:17.701] [JACK] Der Sentinel hat Kameradaten aus dem IoT-Node ausgelesen... Er kennt jetzt meine Frequenz!
[2026-09-26 02:08:17.720] [SFX] {"sound": "guardian_move", "volume": 0.09}
[2026-09-26 02:08:17.721] [SFX] {"sound": "civ_move_2", "volume": 0.16}
[2026-09-26 02:08:17.769] [SFX] {"sound": "guardian_move", "volume": 0.33}
[2026-09-26 02:08:17.771] [SFX] {"sound": "civ_move_1", "volume": 0.25}
[2026-09-26 02:08:17.854] [SFX] {"sound": "civ_move_1", "volume": 0.22}
[2026-09-26 02:08:17.902] [SFX] {"sound": "guardian_move", "volume": 0.16}
[2026-09-26 02:08:17.934] [SENTINEL_EMPTIED_IOT] {"iot": "watcher", "stolen_data": 0, "had_jack_sighting": false, "node": [210, 107]}
[2026-09-26 02:08:18.117] [SFX] {"sound": "civ_move_2", "volume": 0.15}
[2026-09-26 02:08:18.183] [SFX] {"sound": "civ_move_1", "volume": 0.26}
[2026-09-26 02:08:18.267] [SFX] {"sound": "civ_move_1", "volume": 0.21}
[2026-09-26 02:08:18.317] [SFX] {"sound": "guardian_move", "volume": 0.06}
[2026-09-26 02:08:18.400] [SFX] {"sound": "guardian_move", "volume": 0.33}
[2026-09-26 02:08:18.515] [SFX] {"sound": "guardian_move", "volume": 0.14}
[2026-09-26 02:08:18.538] [SFX] {"sound": "civ_move_2", "volume": 0.13}
[2026-09-26 02:08:18.598] [SFX] {"sound": "civ_move_1", "volume": 0.26}
[2026-09-26 02:08:18.684] [SFX] {"sound": "civ_move_1", "volume": 0.2}
[2026-09-26 02:08:18.930] [SFX] {"sound": "guardian_move", "volume": 0.04}
[2026-09-26 02:08:18.954] [SFX] {"sound": "civ_move_2", "volume": 0.12}
[2026-09-26 02:08:18.998] [SFX] {"sound": "civ_move_1", "volume": 0.27}
[2026-09-26 02:08:19.021] [SFX] {"sound": "guardian_move", "volume": 0.34}
[2026-09-26 02:08:19.085] [SFX] {"sound": "civ_move_1", "volume": 0.2}
[2026-09-26 02:08:19.118] [SFX] {"sound": "guardian_move", "volume": 0.13}
[2026-09-26 02:08:19.350] [SFX] {"sound": "civ_move_2", "volume": 0.11}
[2026-09-26 02:08:19.401] [SFX] {"sound": "civ_move_1", "volume": 0.28}
[2026-09-26 02:08:19.484] [SFX] {"sound": "civ_move_1", "volume": 0.19}
[2026-09-26 02:08:19.536] [SFX] {"sound": "guardian_move", "volume": 0.02}
[2026-09-26 02:08:19.570] [C] {"civ_pos": [45, 32]}
[2026-09-26 02:08:19.631] [SFX] {"sound": "guardian_move", "volume": 0.35}
[2026-09-26 02:08:19.715] [M] {"button": 1, "pos": [454, 192], "ui_clicked": false}
[2026-09-26 02:08:19.723] [P] {"start": [47, 32], "goal": [55, 32], "length": 1, "is_direction_change": false}
[2026-09-26 02:08:19.723] [SFX] {"sound": "click_target", "volume": 0.64}
[2026-09-26 02:08:19.748] [JACK] Die Sentinels patrouillieren. Ich sollte Abstand halten und Sichtkegel meiden.
[2026-09-26 02:08:19.748] [SFX] {"sound": "guardian_move", "volume": 0.11}
[2026-09-26 02:08:19.766] [SFX] {"sound": "player_move", "volume": 0.4}
[2026-09-26 02:08:19.766] [SFX] {"sound": "civ_move_2", "volume": 0.1}
[2026-09-26 02:08:19.811] [SFX] {"sound": "civ_move_1", "volume": 0.28}
[2026-09-26 02:08:19.899] [SFX] {"sound": "civ_move_1", "volume": 0.18}
[2026-09-26 02:08:20.063] [SFX] {"sound": "player_move", "volume": 0.4}
[2026-09-26 02:08:20.149] [SFX] {"sound": "guardian_move", "volume": 0.07}
[2026-09-26 02:08:20.217] [SFX] {"sound": "civ_move_1", "volume": 0.24}
[2026-09-26 02:08:20.239] [SFX] {"sound": "guardian_move", "volume": 0.29}
[2026-09-26 02:08:20.301] [SFX] {"sound": "civ_move_1", "volume": 0.16}
[2026-09-26 02:08:20.336] [SFX] {"sound": "guardian_move", "volume": 0.15}
[2026-09-26 02:08:20.629] [SFX] {"sound": "civ_move_1", "volume": 0.26}
[2026-09-26 02:08:20.712] [SFX] {"sound": "civ_move_1", "volume": 0.17}
[2026-09-26 02:08:20.761] [SFX] {"sound": "guardian_move", "volume": 0.05}
[2026-09-26 02:08:20.843] [SFX] {"sound": "guardian_move", "volume": 0.32}
[2026-09-26 02:08:20.942] [SFX] {"sound": "guardian_move", "volume": 0.13}
[2026-09-26 02:08:21.042] [SFX] {"sound": "civ_move_1", "volume": 0.27}
[2026-09-26 02:08:21.306] [SFX] {"sound": "civ_move_2", "volume": 0.15}
[2026-09-26 02:08:21.373] [SFX] {"sound": "guardian_move", "volume": 0.02}
[2026-09-26 02:08:21.457] [SFX] {"sound": "guardian_move", "volume": 0.34}
[2026-09-26 02:08:21.459] [SFX] {"sound": "civ_move_1", "volume": 0.28}
[2026-09-26 02:08:21.558] [SFX] {"sound": "guardian_move", "volume": 0.11}
[2026-09-26 02:08:21.720] [SFX] {"sound": "civ_move_2", "volume": 0.15}
[2026-09-26 02:08:21.866] [SFX] {"sound": "civ_move_1", "volume": 0.29}
[2026-09-26 02:08:21.917] [SFX] {"sound": "threat_pulse", "volume": 0.3}
[2026-09-26 02:08:22.066] [SFX] {"sound": "guardian_move", "volume": 0.36}
[2026-09-26 02:08:22.089] [C] {"civ_pos": [55, 32]}
[2026-09-26 02:08:22.147] [SFX] {"sound": "civ_move_2", "volume": 0.19}
[2026-09-26 02:08:22.169] [SFX] {"sound": "guardian_move", "volume": 0.09}
[2026-09-26 02:08:22.218] [SFX] {"sound": "civ_move_1", "volume": 0.0}
[2026-09-26 02:08:22.270] [SFX] {"sound": "civ_move_1", "volume": 0.29}
[2026-09-26 02:08:22.551] [SFX] {"sound": "civ_move_2", "volume": 0.19}
[2026-09-26 02:08:22.634] [SFX] {"sound": "civ_move_1", "volume": 0.02}
[2026-09-26 02:08:22.668] [SFX] {"sound": "guardian_move", "volume": 0.39}
[2026-09-26 02:08:22.690] [SFX] {"sound": "civ_move_1", "volume": 0.28}
[2026-09-26 02:08:22.773] [SFX] {"sound": "guardian_move", "volume": 0.07}
[2026-09-26 02:08:22.822] [SFX] {"sound": "threat_pulse", "volume": 0.36}
[2026-09-26 02:08:22.957] [SFX] {"sound": "civ_move_2", "volume": 0.18}
[2026-09-26 02:08:22.979] [SENTINEL_EMPTIED_IOT] {"iot": "watcher", "stolen_data": 13, "had_jack_sighting": false, "node": [122, 34]}
[2026-09-26 02:08:23.017] [JACK] Der Sentinel hat Kameradaten aus dem IoT-Node ausgelesen... Er kennt jetzt meine Frequenz!
[2026-09-26 02:08:23.045] [SFX] {"sound": "civ_move_1", "volume": 0.03}
[2026-09-26 02:08:23.060] [M] {"button": 1, "pos": [454, 192], "ui_clicked": false}
[2026-09-26 02:08:23.069] [P] {"start": [55, 32], "goal": [63, 32], "length": 1, "is_direction_change": false}
[2026-09-26 02:08:23.070] [SFX] {"sound": "click_target", "volume": 0.64}
[2026-09-26 02:08:23.096] [JACK] Wache in Reichweite! Bei 100% Threat greift er direkt an. Ohne Credits gibt's Saures, wenn er mich stellt!
[2026-09-26 02:08:23.114] [SFX] {"sound": "civ_move_1", "volume": 0.28}
[2026-09-26 02:08:23.291] [SFX] {"sound": "guardian_move", "volume": 0.37}
[2026-09-26 02:08:23.323] [SFX] {"sound": "player_move", "volume": 0.4}
[2026-09-26 02:08:23.373] [SFX] {"sound": "guardian_move", "volume": 0.1}
[2026-09-26 02:08:23.374] [SFX] {"sound": "civ_move_2", "volume": 0.15}
[2026-09-26 02:08:23.455] [SFX] {"sound": "civ_move_1", "volume": 0.1}
[2026-09-26 02:08:23.522] [SFX] {"sound": "civ_move_1", "volume": 0.28}
[2026-09-26 02:08:23.733] [SFX] {"sound": "threat_pulse", "volume": 0.38}
[2026-09-26 02:08:23.784] [SFX] {"sound": "civ_move_2", "volume": 0.14}
[2026-09-26 02:08:23.807] [SFX] {"sound": "guardian_move", "volume": 0.0}
[2026-09-26 02:08:23.867] [SFX] {"sound": "civ_move_1", "volume": 0.11}
[2026-09-26 02:08:23.902] [SFX] {"sound": "guardian_move", "volume": 0.36}
[2026-09-26 02:08:23.935] [SFX] {"sound": "civ_move_1", "volume": 0.3}
[2026-09-26 02:08:23.985] [SFX] {"sound": "guardian_move", "volume": 0.11}
[2026-09-26 02:08:24.199] [SFX] {"sound": "civ_move_2", "volume": 0.14}
[2026-09-26 02:08:24.283] [SFX] {"sound": "civ_move_1", "volume": 0.12}
[2026-09-26 02:08:24.350] [SFX] {"sound": "civ_move_1", "volume": 0.29}
[2026-09-26 02:08:24.536] [SFX] {"sound": "threat_pulse", "volume": 0.36}
[2026-09-26 02:08:24.588] [SFX] {"sound": "guardian_move", "volume": 0.12}
[2026-09-26 02:08:24.589] [C] {"civ_pos": [65, 32]}
[2026-09-26 02:08:24.638] [SFX] {"sound": "civ_move_2", "volume": 0.14}
[2026-09-26 02:08:24.687] [SFX] {"sound": "civ_move_1", "volume": 0.14}
[2026-09-26 02:08:24.756] [SFX] {"sound": "civ_move_1", "volume": 0.28}
[2026-09-26 02:08:24.926] [M] {"button": 1, "pos": [237, 188], "ui_clicked": false}
[2026-09-26 02:08:24.935] [P] {"start": [63, 32], "goal": [57, 32], "length": 1, "is_direction_change": false}
[2026-09-26 02:08:24.936] [SFX] {"sound": "click_target", "volume": 0.7}
[2026-09-26 02:08:25.018] [SFX] {"sound": "civ_move_2", "volume": 0.17}
[2026-09-26 02:08:25.087] [SFX] {"sound": "civ_move_1", "volume": 0.12}
[2026-09-26 02:08:25.109] [SFX] {"sound": "player_move", "volume": 0.4}
[2026-09-26 02:08:25.156] [SFX] {"sound": "civ_move_1", "volume": 0.23}
[2026-09-26 02:08:25.188] [SFX] {"sound": "guardian_move", "volume": 0.08}
[2026-09-26 02:08:25.423] [SFX] {"sound": "civ_move_2", "volume": 0.21}
[2026-09-26 02:08:25.445] [SFX] {"sound": "threat_pulse", "volume": 0.31}
[2026-09-26 02:08:25.499] [SFX] {"sound": "civ_move_1", "volume": 0.12}
[2026-09-26 02:08:25.561] [SFX] {"sound": "civ_move_1", "volume": 0.21}
[2026-09-26 02:08:25.791] [SFX] {"sound": "guardian_move", "volume": 0.08}
[2026-09-26 02:08:25.825] [SFX] {"sound": "civ_move_2", "volume": 0.22}
[2026-09-26 02:08:25.907] [SFX] {"sound": "civ_move_1", "volume": 0.13}
[2026-09-26 02:08:25.973] [SFX] {"sound": "civ_move_1", "volume": 0.2}
[2026-09-26 02:08:26.238] [SFX] {"sound": "civ_move_2", "volume": 0.24}
[2026-09-26 02:08:26.323] [SFX] {"sound": "civ_move_1", "volume": 0.14}
[2026-09-26 02:08:26.374] [SFX] {"sound": "civ_move_1", "volume": 0.19}
[2026-09-26 02:08:26.407] [SFX] {"sound": "guardian_move", "volume": 0.08}
[2026-09-26 02:08:26.443] [SFX] {"sound": "civ_move_1", "volume": 0.01}
[2026-09-26 02:08:26.645] [SFX] {"sound": "civ_move_2", "volume": 0.25}
[2026-09-26 02:08:26.661] [M] {"button": 1, "pos": [281, 214], "ui_clicked": false}
[2026-09-26 02:08:26.669] [SFX] {"sound": "click_target", "volume": 0.74}
[2026-09-26 02:08:26.729] [SFX] {"sound": "civ_move_1", "volume": 0.14}
[2026-09-26 02:08:26.779] [SFX] {"sound": "civ_move_1", "volume": 0.17}
[2026-09-26 02:08:26.853] [SFX] {"sound": "civ_move_1", "volume": 0.02}
[2026-09-26 02:08:26.886] [SFX] {"sound": "civ_move_1", "volume": 0.0}
[2026-09-26 02:08:27.018] [SFX] {"sound": "guardian_move", "volume": 0.08}
[2026-09-26 02:08:27.053] [SFX] {"sound": "civ_move_2", "volume": 0.27}
[2026-09-26 02:08:27.139] [SFX] {"sound": "civ_move_1", "volume": 0.16}
[2026-09-26 02:08:27.189] [SFX] {"sound": "civ_move_1", "volume": 0.15}
[2026-09-26 02:08:27.258] [SFX] {"sound": "civ_move_1", "volume": 0.03}
[2026-09-26 02:08:27.292] [SFX] {"sound": "civ_move_1", "volume": 0.01}
[2026-09-26 02:08:27.315] [C] {"civ_pos": [53, 32]}
[2026-09-26 02:08:27.465] [SFX] {"sound": "civ_move_2", "volume": 0.28}
[2026-09-26 02:08:27.597] [SFX] {"sound": "civ_move_1", "volume": 0.14}
[2026-09-26 02:08:27.631] [SFX] {"sound": "guardian_move", "volume": 0.08}
[2026-09-26 02:08:27.665] [SFX] {"sound": "civ_move_1", "volume": 0.04}
[2026-09-26 02:08:27.702] [SFX] {"sound": "civ_move_1", "volume": 0.02}
[2026-09-26 02:08:27.870] [SFX] {"sound": "civ_move_2", "volume": 0.3}
[2026-09-26 02:08:27.886] [M] {"button": 1, "pos": [320, 221], "ui_clicked": true}
[2026-09-26 02:08:28.006] [SFX] {"sound": "civ_move_1", "volume": 0.13}
[2026-09-26 02:08:28.072] [SFX] {"sound": "civ_move_1", "volume": 0.05}
[2026-09-26 02:08:28.105] [SFX] {"sound": "civ_move_1", "volume": 0.03}
[2026-09-26 02:08:28.240] [SFX] {"sound": "guardian_move", "volume": 0.06}
[2026-09-26 02:08:28.278] [SFX] {"sound": "civ_move_2", "volume": 0.29}
[2026-09-26 02:08:28.415] [SFX] {"sound": "civ_move_1", "volume": 0.12}
[2026-09-26 02:08:28.461] [M] {"button": 1, "pos": [324, 237], "ui_clicked": true}
[2026-09-26 02:08:28.498] [SFX] {"sound": "civ_move_1", "volume": 0.06}
[2026-09-26 02:08:28.520] [SFX] {"sound": "civ_move_1", "volume": 0.04}
[2026-09-26 02:08:28.678] [SFX] {"sound": "civ_move_2", "volume": 0.28}
[2026-09-26 02:08:28.828] [SFX] {"sound": "civ_move_1", "volume": 0.1}
[2026-09-26 02:08:28.849] [SFX] {"sound": "guardian_move", "volume": 0.04}
[2026-09-26 02:08:28.868] [SFX] {"sound": "infiltrate 1", "volume": 0.5}
[2026-09-26 02:08:28.898] [SFX] {"sound": "civ_move_1", "volume": 0.06}
[2026-09-26 02:08:28.921] [SFX] {"sound": "civ_move_1", "volume": 0.05}
[2026-09-26 02:08:29.084] [SFX] {"sound": "civ_move_2", "volume": 0.27}
[2026-09-26 02:08:29.232] [SFX] {"sound": "civ_move_1", "volume": 0.09}
[2026-09-26 02:08:29.266] [SFX] {"sound": "infiltrate 1", "volume": 0.5}
[2026-09-26 02:08:29.299] [SFX] {"sound": "civ_move_1", "volume": 0.07}
[2026-09-26 02:08:29.322] [SFX] {"sound": "civ_move_1", "volume": 0.06}
[2026-09-26 02:08:29.323] [SFX] {"sound": "civ_move_2", "volume": 0.0}
[2026-09-26 02:08:29.445] [SFX] {"sound": "guardian_move", "volume": 0.01}
[2026-09-26 02:08:29.499] [SFX] {"sound": "civ_move_2", "volume": 0.26}
[2026-09-26 02:08:29.649] [SFX] {"sound": "civ_move_1", "volume": 0.08}
[2026-09-26 02:08:29.682] [SFX] {"sound": "infiltrate 2", "volume": 0.5}
[2026-09-26 02:08:29.718] [SFX] {"sound": "civ_move_1", "volume": 0.08}
[2026-09-26 02:08:29.719] [SFX] {"sound": "civ_move_1", "volume": 0.07}
[2026-09-26 02:08:29.720] [SFX] {"sound": "civ_move_2", "volume": 0.01}
[2026-09-26 02:08:29.834] [SFX] {"sound": "hack_success", "volume": 1.0}
[2026-09-26 02:08:29.836] [JACK] JACK // Ich habe 9 Daten-Fragmente aus PC extrahiert. Spuren im System verwischt!
[2026-09-26 02:08:29.901] [SFX] {"sound": "civ_move_2", "volume": 0.24}
[2026-09-26 02:08:30.050] [SFX] {"sound": "civ_move_1", "volume": 0.07}
[2026-09-26 02:08:30.119] [SFX] {"sound": "civ_move_1", "volume": 0.09}
[2026-09-26 02:08:30.119] [SFX] {"sound": "civ_move_1", "volume": 0.07}
[2026-09-26 02:08:30.120] [SFX] {"sound": "civ_move_2", "volume": 0.02}
[2026-09-26 02:08:30.317] [SFX] {"sound": "civ_move_2", "volume": 0.23}
[2026-09-26 02:08:30.465] [SFX] {"sound": "civ_move_1", "volume": 0.05}
[2026-09-26 02:08:30.534] [SFX] {"sound": "civ_move_1", "volume": 0.1}
[2026-09-26 02:08:30.535] [SFX] {"sound": "civ_move_1", "volume": 0.08}
[2026-09-26 02:08:30.536] [SFX] {"sound": "civ_move_2", "volume": 0.04}
[2026-09-26 02:08:30.600] [M] {"button": 1, "pos": [199, 193], "ui_clicked": false}
[2026-09-26 02:08:30.608] [P] {"start": [55, 32], "goal": [48, 32], "length": 1, "is_direction_change": false}
[2026-09-26 02:08:30.609] [SFX] {"sound": "click_target", "volume": 0.65}
[2026-09-26 02:08:30.650] [JACK] Ich rücke Schritt für Schritt vor...
[2026-09-26 02:08:30.726] [SFX] {"sound": "civ_move_2", "volume": 0.2}
[2026-09-26 02:08:30.748] [SFX] {"sound": "player_move", "volume": 0.4}
[2026-09-26 02:08:30.877] [SFX] {"sound": "civ_move_1", "volume": 0.01}
[2026-09-26 02:08:30.944] [SFX] {"sound": "civ_move_1", "volume": 0.13}
[2026-09-26 02:08:30.945] [SFX] {"sound": "civ_move_1", "volume": 0.11}
[2026-09-26 02:08:31.141] [SFX] {"sound": "civ_move_2", "volume": 0.15}
[2026-09-26 02:08:31.339] [M] {"button": 1, "pos": [238, 248], "ui_clicked": false}
[2026-09-26 02:08:31.360] [SFX] {"sound": "civ_move_1", "volume": 0.14}
[2026-09-26 02:08:31.361] [SFX] {"sound": "civ_move_1", "volume": 0.12}
[2026-09-26 02:08:31.361] [SFX] {"sound": "civ_move_2", "volume": 0.0}
[2026-09-26 02:08:31.546] [SFX] {"sound": "civ_move_2", "volume": 0.14}
[2026-09-26 02:08:31.763] [SFX] {"sound": "civ_move_1", "volume": 0.15}
[2026-09-26 02:08:31.764] [SFX] {"sound": "civ_move_1", "volume": 0.13}
[2026-09-26 02:08:31.765] [SFX] {"sound": "civ_move_2", "volume": 0.02}
[2026-09-26 02:08:31.830] [M] {"button": 1, "pos": [237, 241], "ui_clicked": false}
[2026-09-26 02:08:31.949] [SFX] {"sound": "civ_move_2", "volume": 0.12}
[2026-09-26 02:08:32.163] [SFX] {"sound": "civ_move_1", "volume": 0.16}
[2026-09-26 02:08:32.164] [SFX] {"sound": "civ_move_1", "volume": 0.14}
[2026-09-26 02:08:32.165] [SFX] {"sound": "civ_move_2", "volume": 0.03}
[2026-09-26 02:08:32.179] [M] {"button": 1, "pos": [235, 240], "ui_clicked": false}
[2026-09-26 02:08:32.187] [P] {"start": [48, 32], "goal": [42, 35], "length": 2, "is_direction_change": false}
[2026-09-26 02:08:32.188] [SFX] {"sound": "click_target", "volume": 0.67}
[2026-09-26 02:08:32.235] [SFX] {"sound": "player_move", "volume": 0.4}
[2026-09-26 02:08:32.365] [SFX] {"sound": "civ_move_2", "volume": 0.08}
[2026-09-26 02:08:32.547] [SFX] {"sound": "player_move", "volume": 0.4}
[2026-09-26 02:08:32.570] [SFX] {"sound": "civ_move_1", "volume": 0.18}
[2026-09-26 02:08:32.571] [SFX] {"sound": "civ_move_1", "volume": 0.16}
[2026-09-26 02:08:32.780] [SFX] {"sound": "civ_move_2", "volume": 0.05}
[2026-09-26 02:08:32.977] [SFX] {"sound": "civ_move_1", "volume": 0.2}
[2026-09-26 02:08:32.977] [SFX] {"sound": "civ_move_1", "volume": 0.18}
[2026-09-26 02:08:32.978] [SFX] {"sound": "civ_move_2", "volume": 0.01}
[2026-09-26 02:08:33.193] [SFX] {"sound": "civ_move_2", "volume": 0.04}
[2026-09-26 02:08:33.381] [SFX] {"sound": "civ_move_1", "volume": 0.21}
[2026-09-26 02:08:33.382] [SFX] {"sound": "civ_move_1", "volume": 0.19}
[2026-09-26 02:08:33.383] [SFX] {"sound": "civ_move_2", "volume": 0.02}
[2026-09-26 02:08:33.564] [M] {"button": 1, "pos": [321, 267], "ui_clicked": false}
[2026-09-26 02:08:33.572] [JACK] JACK // DR. THORNE. FIGHTING THE PHARMA EPIDEMIC WITH SCRAP MED-TECH.
[2026-09-26 02:08:33.573] [SFX] {"sound": "click_target", "volume": 0.7}
[2026-09-26 02:08:33.603] [SFX] {"sound": "civ_move_2", "volume": 0.03}
[2026-09-26 02:08:33.637] [C] {"civ_pos": [42, 38]}
[2026-09-26 02:08:33.788] [SFX] {"sound": "player_move", "volume": 0.4}
[2026-09-26 02:08:33.789] [SFX] {"sound": "civ_move_1", "volume": 0.23}
[2026-09-26 02:08:33.790] [SFX] {"sound": "civ_move_1", "volume": 0.22}
[2026-09-26 02:08:33.791] [SFX] {"sound": "civ_move_2", "volume": 0.03}
[2026-09-26 02:08:33.905] [SFX] {"sound": "civ_move_1", "volume": 0.27}
[2026-09-26 02:08:34.004] [SFX] {"sound": "civ_move_2", "volume": 0.01}
[2026-09-26 02:08:34.027] [SFX] {"sound": "threat_pulse", "volume": 0.3}
[2026-09-26 02:08:34.088] [SFX] {"sound": "player_move", "volume": 0.4}
[2026-09-26 02:08:34.188] [SFX] {"sound": "civ_move_1", "volume": 0.3}
[2026-09-26 02:08:34.189] [SFX] {"sound": "civ_move_1", "volume": 0.23}
[2026-09-26 02:08:34.190] [SFX] {"sound": "civ_move_2", "volume": 0.04}
[2026-09-26 02:08:34.306] [SFX] {"sound": "civ_move_1", "volume": 0.27}
[2026-09-26 02:08:34.392] [SFX] {"sound": "player_move", "volume": 0.4}
[2026-09-26 02:08:34.414] [SFX] {"sound": "civ_move_2", "volume": 0.0}
[2026-09-26 02:08:34.594] [SFX] {"sound": "civ_move_1", "volume": 0.29}
[2026-09-26 02:08:34.595] [SFX] {"sound": "civ_move_1", "volume": 0.23}
[2026-09-26 02:08:34.596] [SFX] {"sound": "civ_move_2", "volume": 0.05}
[2026-09-26 02:08:34.692] [SFX] {"sound": "player_move", "volume": 0.4}
[2026-09-26 02:08:34.729] [SFX] {"sound": "civ_move_1", "volume": 0.27}
[2026-09-26 02:08:34.777] [M] {"button": 1, "pos": [328, 242], "ui_clicked": true}
[2026-09-26 02:08:34.934] [SFX] {"sound": "threat_pulse", "volume": 0.32}
[2026-09-26 02:08:35.002] [SFX] {"sound": "player_move", "volume": 0.4}
[2026-09-26 02:08:35.003] [SFX] {"sound": "civ_move_1", "volume": 0.29}
[2026-09-26 02:08:35.004] [SFX] {"sound": "civ_move_1", "volume": 0.23}
[2026-09-26 02:08:35.005] [SFX] {"sound": "civ_move_2", "volume": 0.07}
[2026-09-26 02:08:35.037] [SFX] {"sound": "infiltrate 2", "volume": 0.5}
[2026-09-26 02:08:35.137] [SFX] {"sound": "civ_move_1", "volume": 0.27}
[2026-09-26 02:08:35.303] [SFX] {"sound": "player_move", "volume": 0.4}
[2026-09-26 02:08:35.402] [SFX] {"sound": "civ_move_1", "volume": 0.29}
[2026-09-26 02:08:35.403] [SFX] {"sound": "civ_move_1", "volume": 0.23}
[2026-09-26 02:08:35.404] [SFX] {"sound": "civ_move_2", "volume": 0.08}
[2026-09-26 02:08:35.437] [SFX] {"sound": "infiltrate 1", "volume": 0.5}
[2026-09-26 02:08:35.541] [SFX] {"sound": "civ_move_1", "volume": 0.27}
[2026-09-26 02:08:35.610] [SFX] {"sound": "player_move", "volume": 0.4}
[2026-09-26 02:08:35.810] [SFX] {"sound": "civ_move_1", "volume": 0.29}
[2026-09-26 02:08:35.811] [SFX] {"sound": "civ_move_1", "volume": 0.23}
[2026-09-26 02:08:35.812] [SFX] {"sound": "civ_move_2", "volume": 0.07}
[2026-09-26 02:08:35.844] [SFX] {"sound": "threat_pulse", "volume": 0.33}
[2026-09-26 02:08:35.845] [SFX] {"sound": "infiltrate 2", "volume": 0.5}
[2026-09-26 02:08:35.911] [SFX] {"sound": "player_move", "volume": 0.4}
[2026-09-26 02:08:35.944] [SFX] {"sound": "civ_move_1", "volume": 0.28}
[2026-09-26 02:08:36.143] [C] {"civ_pos": [42, 28]}
[2026-09-26 02:08:36.144] [SFX] {"sound": "hack_success", "volume": 1.0}
[2026-09-26 02:08:36.144] [JACK] JACK // Ich habe 3 Credits von DR. ARIS THORNE (UNDERGROUND STREET MEDIC) gehackt! Er flieht zum Wachtposten!
[2026-09-26 02:08:36.145] [JACK] JACK // DR. THORNE. FIGHTING THE PHARMA EPIDEMIC WITH SCRAP MED-TECH.
[2026-09-26 02:08:36.214] [SFX] {"sound": "civ_move_1", "volume": 0.29}
[2026-09-26 02:08:36.215] [SFX] {"sound": "civ_move_1", "volume": 0.23}
[2026-09-26 02:08:36.216] [SFX] {"sound": "civ_move_2", "volume": 0.08}
[2026-09-26 02:08:36.347] [SFX] {"sound": "civ_move_1", "volume": 0.29}
[2026-09-26 02:08:36.628] [SFX] {"sound": "civ_move_1", "volume": 0.23}
[2026-09-26 02:08:36.629] [SFX] {"sound": "civ_move_1", "volume": 0.3}
[2026-09-26 02:08:36.630] [SFX] {"sound": "civ_move_2", "volume": 0.09}
[2026-09-26 02:08:36.759] [SFX] {"sound": "civ_move_1", "volume": 0.24}
[2026-09-26 02:08:37.044] [SFX] {"sound": "civ_move_1", "volume": 0.22}
[2026-09-26 02:08:37.045] [SFX] {"sound": "civ_move_1", "volume": 0.29}
[2026-09-26 02:08:37.045] [SFX] {"sound": "civ_move_2", "volume": 0.1}
[2026-09-26 02:08:37.160] [SFX] {"sound": "civ_move_1", "volume": 0.23}
[2026-09-26 02:08:37.226] [M] {"button": 1, "pos": [395, 217], "ui_clicked": false}
[2026-09-26 02:08:37.235] [P] {"start": [42, 29], "goal": [46, 32], "length": 2, "is_direction_change": false}
[2026-09-26 02:08:37.236] [SFX] {"sound": "click_target", "volume": 0.7}
[2026-09-26 02:08:37.303] [SFX] {"sound": "player_move", "volume": 0.4}
[2026-09-26 02:08:37.450] [SFX] {"sound": "civ_move_1", "volume": 0.22}
[2026-09-26 02:08:37.452] [SFX] {"sound": "civ_move_1", "volume": 0.26}
[2026-09-26 02:08:37.453] [SFX] {"sound": "civ_move_2", "volume": 0.16}
[2026-09-26 02:08:37.568] [SFX] {"sound": "civ_move_1", "volume": 0.28}
[2026-09-26 02:08:37.601] [SFX] {"sound": "civ_move_2", "volume": 0.04}
[2026-09-26 02:08:37.866] [SFX] {"sound": "civ_move_1", "volume": 0.21}
[2026-09-26 02:08:37.867] [SFX] {"sound": "civ_move_1", "volume": 0.25}
[2026-09-26 02:08:37.868] [SFX] {"sound": "civ_move_2", "volume": 0.18}
[2026-09-26 02:08:37.984] [SFX] {"sound": "civ_move_1", "volume": 0.29}
[2026-09-26 02:08:38.018] [SFX] {"sound": "civ_move_2", "volume": 0.05}
[2026-09-26 02:08:38.269] [SFX] {"sound": "civ_move_1", "volume": 0.2}
[2026-09-26 02:08:38.270] [SFX] {"sound": "civ_move_1", "volume": 0.25}
[2026-09-26 02:08:38.271] [SFX] {"sound": "civ_move_2", "volume": 0.2}
[2026-09-26 02:08:38.385] [SFX] {"sound": "civ_move_1", "volume": 0.3}
[2026-09-26 02:08:38.433] [SFX] {"sound": "civ_move_2", "volume": 0.07}
[2026-09-26 02:08:38.650] [C] {"civ_pos": [47, 32]}
[2026-09-26 02:08:38.696] [SFX] {"sound": "civ_move_1", "volume": 0.19}
[2026-09-26 02:08:38.697] [SFX] {"sound": "civ_move_2", "volume": 0.21}
[2026-09-26 02:08:38.796] [SFX] {"sound": "civ_move_1", "volume": 0.28}
[2026-09-26 02:08:38.828] [M] {"button": 1, "pos": [260, 258], "ui_clicked": false}
[2026-09-26 02:08:38.837] [P] {"start": [46, 32], "goal": [42, 36], "length": 2, "is_direction_change": false}
[2026-09-26 02:08:38.838] [SFX] {"sound": "click_target", "volume": 0.68}
[2026-09-26 02:08:38.863] [SFX] {"sound": "civ_move_2", "volume": 0.07}
[2026-09-26 02:08:38.910] [SFX] {"sound": "player_move", "volume": 0.4}
[2026-09-26 02:08:39.112] [SFX] {"sound": "civ_move_1", "volume": 0.2}
[2026-09-26 02:08:39.113] [SFX] {"sound": "civ_move_2", "volume": 0.19}
[2026-09-26 02:08:39.199] [SFX] {"sound": "civ_move_1", "volume": 0.24}
[2026-09-26 02:08:39.221] [SFX] {"sound": "player_move", "volume": 0.4}
[2026-09-26 02:08:39.251] [SFX] {"sound": "civ_move_2", "volume": 0.06}
[2026-09-26 02:08:39.483] [SFX] {"sound": "civ_move_1", "volume": 0.0}
[2026-09-26 02:08:39.517] [SFX] {"sound": "civ_move_1", "volume": 0.2}
[2026-09-26 02:08:39.518] [SFX] {"sound": "civ_move_2", "volume": 0.2}
[2026-09-26 02:08:39.600] [SFX] {"sound": "civ_move_1", "volume": 0.22}
[2026-09-26 02:08:39.667] [SFX] {"sound": "civ_move_2", "volume": 0.07}
[2026-09-26 02:08:39.884] [SFX] {"sound": "civ_move_1", "volume": 0.01}
[2026-09-26 02:08:39.919] [SFX] {"sound": "civ_move_1", "volume": 0.19}
[2026-09-26 02:08:39.920] [SFX] {"sound": "civ_move_2", "volume": 0.21}
[2026-09-26 02:08:40.002] [M] {"button": 1, "pos": [322, 293], "ui_clicked": false}
[2026-09-26 02:08:40.011] [SFX] {"sound": "civ_move_1", "volume": 0.21}
[2026-09-26 02:08:40.012] [P] {"start": [42, 36], "goal": [42, 42], "length": 1, "is_direction_change": false}
[2026-09-26 02:08:40.013] [SFX] {"sound": "click_target", "volume": 0.66}
[2026-09-26 02:08:40.080] [SFX] {"sound": "civ_move_2", "volume": 0.08}
[2026-09-26 02:08:40.298] [SFX] {"sound": "player_move", "volume": 0.4}
[2026-09-26 02:08:40.299] [SFX] {"sound": "civ_move_1", "volume": 0.05}
[2026-09-26 02:08:40.332] [SFX] {"sound": "civ_move_1", "volume": 0.22}
[2026-09-26 02:08:40.333] [SFX] {"sound": "civ_move_2", "volume": 0.2}
[2026-09-26 02:08:40.415] [SFX] {"sound": "civ_move_1", "volume": 0.18}
[2026-09-26 02:08:40.480] [M] {"button": 1, "pos": [326, 292], "ui_clicked": false}
[2026-09-26 02:08:40.488] [SFX] {"sound": "civ_move_2", "volume": 0.08}
[2026-09-26 02:08:40.489] [P] {"start": [42, 42], "goal": [42, 47], "length": 1, "is_direction_change": false}
[2026-09-26 02:08:40.490] [SFX] {"sound": "click_target", "volume": 0.69}
[2026-09-26 02:08:40.704] [SFX] {"sound": "civ_move_1", "volume": 0.09}
[2026-09-26 02:08:40.738] [SFX] {"sound": "civ_move_1", "volume": 0.24}
[2026-09-26 02:08:40.738] [SFX] {"sound": "civ_move_2", "volume": 0.17}
[2026-09-26 02:08:40.820] [SFX] {"sound": "civ_move_1", "volume": 0.14}
[2026-09-26 02:08:40.887] [SFX] {"sound": "civ_move_2", "volume": 0.08}
[2026-09-26 02:08:41.116] [SFX] {"sound": "civ_move_1", "volume": 0.11}
[2026-09-26 02:08:41.151] [SFX] {"sound": "civ_move_1", "volume": 0.23}
[2026-09-26 02:08:41.151] [SFX] {"sound": "civ_move_2", "volume": 0.18}
[2026-09-26 02:08:41.173] [C] {"civ_pos": [42, 49]}
[2026-09-26 02:08:41.222] [SFX] {"sound": "civ_move_1", "volume": 0.14}
[2026-09-26 02:08:41.289] [SFX] {"sound": "civ_move_2", "volume": 0.09}
[2026-09-26 02:08:41.389] [M] {"button": 1, "pos": [331, 246], "ui_clicked": false}
[2026-09-26 02:08:41.396] [P] {"start": [42, 47], "goal": [42, 50], "length": 1, "is_direction_change": false}
[2026-09-26 02:08:41.397] [SFX] {"sound": "click_target", "volume": 0.72}
[2026-09-26 02:08:41.465] [SFX] {"sound": "player_move", "volume": 0.4}
[2026-09-26 02:08:41.531] [SFX] {"sound": "civ_move_1", "volume": 0.13}
[2026-09-26 02:08:41.564] [SFX] {"sound": "civ_move_1", "volume": 0.24}
[2026-09-26 02:08:41.565] [SFX] {"sound": "civ_move_2", "volume": 0.16}
[2026-09-26 02:08:41.633] [SFX] {"sound": "civ_move_1", "volume": 0.11}
[2026-09-26 02:08:41.698] [SFX] {"sound": "civ_move_2", "volume": 0.09}
[2026-09-26 02:08:41.933] [SFX] {"sound": "civ_move_1", "volume": 0.14}
[2026-09-26 02:08:41.967] [SFX] {"sound": "civ_move_1", "volume": 0.23}
[2026-09-26 02:08:41.968] [SFX] {"sound": "civ_move_2", "volume": 0.16}
[2026-09-26 02:08:42.034] [SFX] {"sound": "civ_move_1", "volume": 0.1}
[2026-09-26 02:08:42.100] [SFX] {"sound": "civ_move_2", "volume": 0.1}
[2026-09-26 02:08:42.333] [SFX] {"sound": "civ_move_1", "volume": 0.15}
[2026-09-26 02:08:42.383] [SFX] {"sound": "civ_move_1", "volume": 0.22}
[2026-09-26 02:08:42.384] [SFX] {"sound": "civ_move_2", "volume": 0.16}
[2026-09-26 02:08:42.435] [SFX] {"sound": "civ_move_1", "volume": 0.09}
[2026-09-26 02:08:42.459] [SFX] {"sound": "civ_move_1", "volume": 0.0}
[2026-09-26 02:08:42.512] [M] {"button": 1, "pos": [330, 242], "ui_clicked": false}
[2026-09-26 02:08:42.521] [SFX] {"sound": "civ_move_2", "volume": 0.11}
[2026-09-26 02:08:42.522] [P] {"start": [42, 50], "goal": [42, 53], "length": 1, "is_direction_change": false}
[2026-09-26 02:08:42.523] [SFX] {"sound": "click_target", "volume": 0.72}
[2026-09-26 02:08:42.744] [SFX] {"sound": "civ_move_1", "volume": 0.18}
[2026-09-26 02:08:42.793] [SFX] {"sound": "civ_move_1", "volume": 0.22}
[2026-09-26 02:08:42.794] [SFX] {"sound": "civ_move_2", "volume": 0.14}
[2026-09-26 02:08:42.843] [SFX] {"sound": "civ_move_1", "volume": 0.07}
[2026-09-26 02:08:42.866] [SFX] {"sound": "civ_move_1", "volume": 0.0}
[2026-09-26 02:08:42.918] [SFX] {"sound": "civ_move_2", "volume": 0.1}
[2026-09-26 02:08:43.147] [SFX] {"sound": "civ_move_1", "volume": 0.19}
[2026-09-26 02:08:43.198] [SFX] {"sound": "civ_move_1", "volume": 0.22}
[2026-09-26 02:08:43.199] [SFX] {"sound": "civ_move_2", "volume": 0.13}
[2026-09-26 02:08:43.249] [SFX] {"sound": "civ_move_1", "volume": 0.06}
[2026-09-26 02:08:43.272] [SFX] {"sound": "civ_move_1", "volume": 0.01}
[2026-09-26 02:08:43.316] [SFX] {"sound": "civ_move_2", "volume": 0.1}
[2026-09-26 02:08:43.550] [SFX] {"sound": "civ_move_1", "volume": 0.2}
[2026-09-26 02:08:43.600] [SFX] {"sound": "civ_move_1", "volume": 0.21}
[2026-09-26 02:08:43.600] [SFX] {"sound": "civ_move_2", "volume": 0.12}
[2026-09-26 02:08:43.651] [SFX] {"sound": "civ_move_1", "volume": 0.05}
[2026-09-26 02:08:43.675] [SFX] {"sound": "civ_move_1", "volume": 0.02}
[2026-09-26 02:08:43.718] [SFX] {"sound": "civ_move_2", "volume": 0.11}
[2026-09-26 02:08:43.819] [M] {"button": 1, "pos": [332, 277], "ui_clicked": false}
[2026-09-26 02:08:43.828] [JACK] JACK // RUNS ON ADRENALINE INJECTORS. HIS PATHING IS ERRATIC AND FAST.
[2026-09-26 02:08:43.829] [SFX] {"sound": "click_target", "volume": 0.68}
[2026-09-26 02:08:43.908] [SFX] {"sound": "player_move", "volume": 0.4}
[2026-09-26 02:08:43.958] [SFX] {"sound": "civ_move_1", "volume": 0.23}
[2026-09-26 02:08:43.982] [SFX] {"sound": "threat_pulse", "volume": 0.3}
[2026-09-26 02:08:44.000] [C] {"civ_pos": [42, 58]}
[2026-09-26 02:08:44.040] [SFX] {"sound": "civ_move_1", "volume": 0.22}
[2026-09-26 02:08:44.041] [SFX] {"sound": "civ_move_2", "volume": 0.08}
[2026-09-26 02:08:44.059] [SFX] {"sound": "civ_move_1", "volume": 0.02}
[2026-09-26 02:08:44.077] [SFX] {"sound": "civ_move_1", "volume": 0.01}
[2026-09-26 02:08:44.125] [SFX] {"sound": "civ_move_2", "volume": 0.09}
[2026-09-26 02:08:44.208] [SFX] {"sound": "player_move", "volume": 0.4}
[2026-09-26 02:08:44.360] [M] {"button": 1, "pos": [337, 274], "ui_clicked": false}
[2026-09-26 02:08:44.368] [SFX] {"sound": "civ_move_1", "volume": 0.3}
[2026-09-26 02:08:44.369] [SFX] {"sound": "action_cancel", "volume": 1.0}
[2026-09-26 02:08:44.416] [SFX] {"sound": "civ_move_1", "volume": 0.2}
[2026-09-26 02:08:44.417] [SFX] {"sound": "civ_move_2", "volume": 0.09}
[2026-09-26 02:08:44.468] [SFX] {"sound": "civ_move_1", "volume": 0.02}
[2026-09-26 02:08:44.489] [SFX] {"sound": "civ_move_1", "volume": 0.03}
[2026-09-26 02:08:44.518] [SFX] {"sound": "player_move", "volume": 0.4}
[2026-09-26 02:08:44.767] [SFX] {"sound": "civ_move_1", "volume": 0.2}
[2026-09-26 02:08:44.818] [SFX] {"sound": "civ_move_1", "volume": 0.15}
[2026-09-26 02:08:44.819] [SFX] {"sound": "civ_move_2", "volume": 0.17}
[2026-09-26 02:08:44.840] [SFX] {"sound": "player_move", "volume": 0.4}
[2026-09-26 02:08:44.869] [SFX] {"sound": "civ_move_1", "volume": 0.05}
[2026-09-26 02:08:44.891] [SFX] {"sound": "civ_move_1", "volume": 0.08}
[2026-09-26 02:08:45.138] [SFX] {"sound": "player_move", "volume": 0.4}
[2026-09-26 02:08:45.174] [SFX] {"sound": "civ_move_1", "volume": 0.16}
[2026-09-26 02:08:45.226] [SFX] {"sound": "civ_move_1", "volume": 0.09}
[2026-09-26 02:08:45.226] [SFX] {"sound": "civ_move_2", "volume": 0.24}
[2026-09-26 02:08:45.276] [SFX] {"sound": "civ_move_1", "volume": 0.05}
[2026-09-26 02:08:45.299] [SFX] {"sound": "civ_move_1", "volume": 0.11}
[2026-09-26 02:08:45.445] [SFX] {"sound": "player_move", "volume": 0.4}
[2026-09-26 02:08:45.519] [M] {"button": 1, "pos": [329, 242], "ui_clicked": false}
[2026-09-26 02:08:45.529] [P] {"start": [42, 34], "goal": [42, 41], "length": 1, "is_direction_change": false}
[2026-09-26 02:08:45.530] [SFX] {"sound": "click_target", "volume": 0.65}
[2026-09-26 02:08:45.589] [SFX] {"sound": "civ_move_1", "volume": 0.14}
[2026-09-26 02:08:45.628] [SFX] {"sound": "civ_move_1", "volume": 0.05}
[2026-09-26 02:08:45.680] [SFX] {"sound": "civ_move_1", "volume": 0.04}
[2026-09-26 02:08:45.703] [SFX] {"sound": "civ_move_1", "volume": 0.13}
[2026-09-26 02:08:45.750] [SFX] {"sound": "player_move", "volume": 0.4}
[2026-09-26 02:08:46.002] [SFX] {"sound": "civ_move_1", "volume": 0.19}
[2026-09-26 02:08:46.035] [SFX] {"sound": "civ_move_1", "volume": 0.08}
[2026-09-26 02:08:46.084] [SFX] {"sound": "civ_move_1", "volume": 0.03}
[2026-09-26 02:08:46.106] [SFX] {"sound": "civ_move_1", "volume": 0.13}
[2026-09-26 02:08:46.399] [M] {"button": 1, "pos": [320, 290], "ui_clicked": false}
[2026-09-26 02:08:46.408] [SFX] {"sound": "click_target", "volume": 0.67}
[2026-09-26 02:08:46.426] [SFX] {"sound": "civ_move_1", "volume": 0.2}
[2026-09-26 02:08:46.444] [SFX] {"sound": "civ_move_1", "volume": 0.07}
[2026-09-26 02:08:46.490] [SFX] {"sound": "civ_move_1", "volume": 0.01}
[2026-09-26 02:08:46.514] [SFX] {"sound": "civ_move_1", "volume": 0.13}
[2026-09-26 02:08:46.593] [SFX] {"sound": "player_move", "volume": 0.4}
[2026-09-26 02:08:46.627] [C] {"civ_pos": [42, 47]}
[2026-09-26 02:08:46.829] [SFX] {"sound": "civ_move_1", "volume": 0.24}
[2026-09-26 02:08:46.851] [SFX] {"sound": "civ_move_1", "volume": 0.09}
[2026-09-26 02:08:46.897] [SFX] {"sound": "player_move", "volume": 0.4}
[2026-09-26 02:08:46.919] [SFX] {"sound": "civ_move_1", "volume": 0.13}
[2026-09-26 02:08:47.032] [SFX] {"sound": "threat_pulse", "volume": 0.31}
[2026-09-26 02:08:47.196] [SFX] {"sound": "player_move", "volume": 0.4}
[2026-09-26 02:08:47.231] [SFX] {"sound": "civ_move_1", "volume": 0.29}
[2026-09-26 02:08:47.253] [SFX] {"sound": "civ_move_1", "volume": 0.08}
[2026-09-26 02:08:47.316] [SFX] {"sound": "civ_move_1", "volume": 0.14}
[2026-09-26 02:08:47.500] [SFX] {"sound": "player_move", "volume": 0.4}
[2026-09-26 02:08:47.631] [SFX] {"sound": "civ_move_1", "volume": 0.29}
[2026-09-26 02:08:47.653] [SFX] {"sound": "civ_move_1", "volume": 0.06}
[2026-09-26 02:08:47.716] [SFX] {"sound": "civ_move_1", "volume": 0.16}
[2026-09-26 02:08:47.803] [SFX] {"sound": "player_move", "volume": 0.4}
[2026-09-26 02:08:47.936] [SFX] {"sound": "threat_pulse", "volume": 0.32}
[2026-09-26 02:08:48.035] [SFX] {"sound": "civ_move_1", "volume": 0.29}
[2026-09-26 02:08:48.056] [SFX] {"sound": "civ_move_1", "volume": 0.04}
[2026-09-26 02:08:48.103] [SFX] {"sound": "player_move", "volume": 0.4}
[2026-09-26 02:08:48.129] [SFX] {"sound": "civ_move_1", "volume": 0.18}
[2026-09-26 02:08:48.409] [SFX] {"sound": "player_move", "volume": 0.4}
[2026-09-26 02:08:48.424] [M] {"button": 1, "pos": [347, 241], "ui_clicked": true}
[2026-09-26 02:08:48.461] [SFX] {"sound": "civ_move_1", "volume": 0.02}
[2026-09-26 02:08:48.462] [SFX] {"sound": "civ_move_1", "volume": 0.29}
[2026-09-26 02:08:48.529] [SFX] {"sound": "infiltrate 2", "volume": 0.5}
[2026-09-26 02:08:48.713] [SFX] {"sound": "player_move", "volume": 0.4}
[2026-09-26 02:08:48.844] [SFX] {"sound": "threat_pulse", "volume": 0.33}
[2026-09-26 02:08:48.877] [SFX] {"sound": "civ_move_1", "volume": 0.29}
[2026-09-26 02:08:48.942] [SFX] {"sound": "infiltrate 1", "volume": 0.5}
[2026-09-26 02:08:49.026] [SFX] {"sound": "player_move", "volume": 0.4}
[2026-09-26 02:08:49.141] [C] {"civ_pos": [42, 37]}
[2026-09-26 02:08:49.286] [SFX] {"sound": "civ_move_1", "volume": 0.29}
[2026-09-26 02:08:49.339] [SFX] {"sound": "player_move", "volume": 0.4}
[2026-09-26 02:08:49.361] [SFX] {"sound": "infiltrate 1", "volume": 0.5}
[2026-09-26 02:08:49.586] [M] {"button": 1, "pos": [325, 221], "ui_clicked": true}
[2026-09-26 02:08:49.647] [SFX] {"sound": "player_move", "volume": 0.4}
[2026-09-26 02:08:49.697] [SFX] {"sound": "civ_move_1", "volume": 0.29}
[2026-09-26 02:08:49.745] [SFX] {"sound": "threat_pulse", "volume": 0.34}
[2026-09-26 02:08:49.779] [SFX] {"sound": "infiltrate 1", "volume": 0.5}
[2026-09-26 02:08:49.811] [SFX] {"sound": "hack_success", "volume": 1.0}
[2026-09-26 02:09:05.045] [M] {"button": 1, "pos": [362, 38], "ui_clicked": true}
[2026-09-26 02:09:15.618] [M] {"button": 1, "pos": [291, 30], "ui_clicked": true}
[2026-09-26 02:09:24.670] [M] {"button": 1, "pos": [277, 290], "ui_clicked": true}
[2026-09-26 02:09:28.283] [M] {"button": 1, "pos": [285, 286], "ui_clicked": true}
[2026-09-26 02:09:28.284] [SFX] {"sound": "hack_success", "volume": 1.0}
[2026-09-26 02:09:28.428] [SFX] {"sound": "player_move", "volume": 0.4}
[2026-09-26 02:09:28.576] [SFX] {"sound": "civ_move_1", "volume": 0.29}
[2026-09-26 02:09:28.740] [SFX] {"sound": "player_move", "volume": 0.4}
[2026-09-26 02:09:28.990] [SFX] {"sound": "civ_move_1", "volume": 0.29}
[2026-09-26 02:09:29.041] [SFX] {"sound": "player_move", "volume": 0.4}
[2026-09-26 02:09:29.125] [SFX] {"sound": "threat_pulse", "volume": 0.35}
[2026-09-26 02:09:29.158] [M] {"button": 1, "pos": [285, 284], "ui_clicked": true}
[2026-09-26 02:09:29.355] [SFX] {"sound": "player_move", "volume": 0.4}
[2026-09-26 02:09:29.391] [SFX] {"sound": "civ_move_1", "volume": 0.29}
[2026-09-26 02:09:29.656] [SFX] {"sound": "player_move", "volume": 0.4}
[2026-09-26 02:09:29.755] [M] {"button": 1, "pos": [339, 324], "ui_clicked": true}
[2026-09-26 02:09:29.770] [SFX] {"sound": "action_cancel", "volume": 1.0}
[2026-09-26 02:09:29.797] [SFX] {"sound": "civ_move_1", "volume": 0.3}
[2026-09-26 02:09:29.960] [SFX] {"sound": "player_move", "volume": 0.4}
[2026-09-26 02:09:30.026] [SFX] {"sound": "threat_pulse", "volume": 0.34}
[2026-09-26 02:09:30.206] [SFX] {"sound": "civ_move_1", "volume": 0.25}
[2026-09-26 02:09:30.523] [SFX] {"sound": "civ_move_2", "volume": 0.16}
[2026-09-26 02:09:30.606] [SFX] {"sound": "civ_move_1", "volume": 0.26}
[2026-09-26 02:09:30.935] [SFX] {"sound": "civ_move_2", "volume": 0.16}
[2026-09-26 02:09:31.018] [SFX] {"sound": "civ_move_1", "volume": 0.27}
[2026-09-26 02:09:31.365] [SFX] {"sound": "civ_move_2", "volume": 0.19}
[2026-09-26 02:09:31.430] [SFX] {"sound": "civ_move_1", "volume": 0.28}
[2026-09-26 02:09:31.479] [C] {"civ_pos": [52, 32]}
[2026-09-26 02:09:31.521] [JACK] Ich näher mich der zivilen Subroutine... Hoffentlich hat er lohnenswerten Loot geladen.
[2026-09-26 02:09:31.777] [SFX] {"sound": "civ_move_2", "volume": 0.19}
[2026-09-26 02:09:31.842] [SFX] {"sound": "civ_move_1", "volume": 0.3}
[2026-09-26 02:09:32.189] [SFX] {"sound": "civ_move_2", "volume": 0.19}
[2026-09-26 02:09:32.599] [SFX] {"sound": "civ_move_2", "volume": 0.2}
[2026-09-26 02:09:32.713] [SFX] {"sound": "civ_move_1", "volume": 0.23}
[2026-09-26 02:09:32.929] [SENTINEL_ALARM_DISPATCHED] {"guard": [46, 98], "investigate": [42, 110]}
[2026-09-26 02:09:32.972] [JACK] Achtung! Eine Wache wurde zu meiner letzten bekannten Position geschickt! Ich muss sofort den Standort wechseln!
[2026-09-26 02:09:33.004] [SFX] {"sound": "civ_move_2", "volume": 0.21}
[2026-09-26 02:09:33.122] [SFX] {"sound": "civ_move_1", "volume": 0.23}
[2026-09-26 02:09:33.222] [SFX] {"sound": "civ_move_2", "volume": 0.11}
[2026-09-26 02:09:33.407] [SFX] {"sound": "civ_move_2", "volume": 0.21}
[2026-09-26 02:09:33.543] [SFX] {"sound": "civ_move_1", "volume": 0.3}
[2026-09-26 02:09:33.625] [SFX] {"sound": "civ_move_2", "volume": 0.11}
[2026-09-26 02:09:33.808] [SFX] {"sound": "civ_move_2", "volume": 0.21}
[2026-09-26 02:09:33.957] [SFX] {"sound": "civ_move_1", "volume": 0.29}
[2026-09-26 02:09:33.991] [C] {"civ_pos": [55, 32]}
[2026-09-26 02:09:34.049] [SFX] {"sound": "civ_move_2", "volume": 0.14}
[2026-09-26 02:09:34.215] [SFX] {"sound": "civ_move_2", "volume": 0.23}
[2026-09-26 02:09:34.365] [SFX] {"sound": "civ_move_1", "volume": 0.27}
[2026-09-26 02:09:34.448] [SFX] {"sound": "civ_move_2", "volume": 0.13}
[2026-09-26 02:09:34.628] [SFX] {"sound": "civ_move_2", "volume": 0.24}
[2026-09-26 02:09:34.776] [SFX] {"sound": "civ_move_1", "volume": 0.26}
[2026-09-26 02:09:34.860] [SFX] {"sound": "civ_move_2", "volume": 0.12}
[2026-09-26 02:09:35.041] [SFX] {"sound": "civ_move_2", "volume": 0.25}
[2026-09-26 02:09:35.190] [SFX] {"sound": "civ_move_1", "volume": 0.25}
[2026-09-26 02:09:35.273] [SFX] {"sound": "civ_move_2", "volume": 0.1}
[2026-09-26 02:09:35.455] [SFX] {"sound": "civ_move_2", "volume": 0.26}
[2026-09-26 02:09:35.597] [SFX] {"sound": "civ_move_1", "volume": 0.24}
[2026-09-26 02:09:35.679] [SFX] {"sound": "civ_move_2", "volume": 0.09}
[2026-09-26 02:09:35.860] [SFX] {"sound": "civ_move_2", "volume": 0.27}
[2026-09-26 02:09:36.012] [SFX] {"sound": "civ_move_1", "volume": 0.22}
[2026-09-26 02:09:36.080] [SFX] {"sound": "civ_move_2", "volume": 0.08}
[2026-09-26 02:09:36.179] [M] {"button": 1, "pos": [97, 34], "ui_clicked": true}
[2026-09-26 02:09:36.274] [SFX] {"sound": "civ_move_2", "volume": 0.29}
[2026-09-26 02:09:36.426] [SFX] {"sound": "civ_move_1", "volume": 0.21}
[2026-09-26 02:09:36.492] [SFX] {"sound": "civ_move_2", "volume": 0.07}
[2026-09-26 02:09:36.493] [C] {"civ_pos": [53, 32]}
[2026-09-26 02:09:36.679] [SFX] {"sound": "civ_move_2", "volume": 0.3}
[2026-09-26 02:09:36.830] [SFX] {"sound": "civ_move_1", "volume": 0.2}
[2026-09-26 02:09:36.897] [SFX] {"sound": "civ_move_2", "volume": 0.05}
[2026-09-26 02:09:37.093] [SFX] {"sound": "civ_move_2", "volume": 0.29}
[2026-09-26 02:09:37.242] [SFX] {"sound": "civ_move_1", "volume": 0.19}
[2026-09-26 02:09:37.309] [SFX] {"sound": "civ_move_2", "volume": 0.04}
[2026-09-26 02:09:37.346] [M] {"button": 1, "pos": [77, 20], "ui_clicked": true}
[2026-09-26 02:09:37.506] [SFX] {"sound": "civ_move_2", "volume": 0.28}
[2026-09-26 02:09:37.657] [SFX] {"sound": "civ_move_1", "volume": 0.18}
[2026-09-26 02:09:37.710] [SFX] {"sound": "civ_move_2", "volume": 0.03}
[2026-09-26 02:09:37.743] [SENTINEL_EMPTIED_IOT] {"iot": "listener", "stolen_data": 3, "had_jack_sighting": false, "node": [45, 108]}
[2026-09-26 02:09:37.772] [JACK] Der Sentinel hat Kameradaten aus dem IoT-Node ausgelesen... Er kennt jetzt meine Frequenz!
[2026-09-26 02:09:37.916] [SFX] {"sound": "civ_move_2", "volume": 0.26}
[2026-09-26 02:09:38.066] [SFX] {"sound": "civ_move_1", "volume": 0.16}
[2026-09-26 02:09:38.116] [SFX] {"sound": "civ_move_2", "volume": 0.02}
[2026-09-26 02:09:38.329] [SFX] {"sound": "civ_move_2", "volume": 0.25}
[2026-09-26 02:09:38.481] [SFX] {"sound": "civ_move_1", "volume": 0.15}
[2026-09-26 02:09:38.530] [SFX] {"sound": "civ_move_2", "volume": 0.01}
[2026-09-26 02:09:38.563] [SFX] {"sound": "civ_move_1", "volume": 0.23}
[2026-09-26 02:09:38.744] [SFX] {"sound": "civ_move_2", "volume": 0.24}
[2026-09-26 02:09:38.893] [SFX] {"sound": "civ_move_1", "volume": 0.14}
[2026-09-26 02:09:38.975] [SFX] {"sound": "civ_move_1", "volume": 0.23}
[2026-09-26 02:09:39.010] [C] {"civ_pos": [54, 32]}
[2026-09-26 02:09:39.065] [M] {"button": 1, "pos": [477, 188], "ui_clicked": false}
[2026-09-26 02:09:39.075] [JACK] JACK // GRIM AND GRIMY. HIS ACCESS PASSES SURVIVED THREE GRID COLLAPSES.
[2026-09-26 02:09:39.076] [SFX] {"sound": "click_target", "volume": 0.61}
[2026-09-26 02:09:39.094] [SFX] {"sound": "player_move", "volume": 0.4}
[2026-09-26 02:09:39.159] [SFX] {"sound": "civ_move_2", "volume": 0.24}
[2026-09-26 02:09:39.308] [SFX] {"sound": "civ_move_1", "volume": 0.16}
[2026-09-26 02:09:39.344] [SFX] {"sound": "civ_move_2", "volume": 0.02}
[2026-09-26 02:09:39.393] [SFX] {"sound": "player_move", "volume": 0.4}
[2026-09-26 02:09:39.394] [SFX] {"sound": "civ_move_1", "volume": 0.26}
[2026-09-26 02:09:39.561] [SFX] {"sound": "civ_move_2", "volume": 0.29}
[2026-09-26 02:09:39.584] [SFX] {"sound": "threat_pulse", "volume": 0.3}
[2026-09-26 02:09:39.696] [SFX] {"sound": "player_move", "volume": 0.4}
[2026-09-26 02:09:39.718] [SFX] {"sound": "civ_move_1", "volume": 0.2}
[2026-09-26 02:09:39.749] [SFX] {"sound": "civ_move_2", "volume": 0.05}
[2026-09-26 02:09:39.800] [SFX] {"sound": "civ_move_1", "volume": 0.23}
[2026-09-26 02:09:39.967] [SFX] {"sound": "civ_move_2", "volume": 0.29}
[2026-09-26 02:09:40.002] [SFX] {"sound": "player_move", "volume": 0.4}
[2026-09-26 02:09:40.120] [SFX] {"sound": "civ_move_1", "volume": 0.2}
[2026-09-26 02:09:40.154] [SFX] {"sound": "civ_move_2", "volume": 0.05}
[2026-09-26 02:09:40.206] [SFX] {"sound": "civ_move_1", "volume": 0.23}
[2026-09-26 02:09:40.307] [SFX] {"sound": "player_move", "volume": 0.4}
[2026-09-26 02:09:40.376] [SFX] {"sound": "civ_move_2", "volume": 0.29}
[2026-09-26 02:09:40.481] [SFX] {"sound": "threat_pulse", "volume": 0.31}
[2026-09-26 02:09:40.531] [SFX] {"sound": "civ_move_1", "volume": 0.2}
[2026-09-26 02:09:40.565] [SFX] {"sound": "civ_move_2", "volume": 0.05}
[2026-09-26 02:09:40.617] [SFX] {"sound": "player_move", "volume": 0.4}
[2026-09-26 02:09:40.618] [SFX] {"sound": "civ_move_1", "volume": 0.23}
[2026-09-26 02:09:40.781] [SFX] {"sound": "civ_move_2", "volume": 0.29}
[2026-09-26 02:09:40.928] [SFX] {"sound": "player_move", "volume": 0.4}
[2026-09-26 02:09:40.966] [SFX] {"sound": "civ_move_1", "volume": 0.2}
[2026-09-26 02:09:40.985] [SFX] {"sound": "civ_move_2", "volume": 0.05}
[2026-09-26 02:09:41.032] [SFX] {"sound": "civ_move_1", "volume": 0.23}
[2026-09-26 02:09:41.114] [SFX] {"sound": "civ_move_2", "volume": 0.0}
[2026-09-26 02:09:41.181] [SFX] {"sound": "civ_move_2", "volume": 0.29}
[2026-09-26 02:09:41.234] [SFX] {"sound": "player_move", "volume": 0.4}
[2026-09-26 02:09:41.350] [SFX] {"sound": "civ_move_1", "volume": 0.2}
[2026-09-26 02:09:41.385] [SFX] {"sound": "civ_move_2", "volume": 0.05}
[2026-09-26 02:09:41.385] [SFX] {"sound": "threat_pulse", "volume": 0.33}
[2026-09-26 02:09:41.435] [SFX] {"sound": "civ_move_1", "volume": 0.23}
[2026-09-26 02:09:41.520] [SFX] {"sound": "civ_move_2", "volume": 0.03}
[2026-09-26 02:09:41.521] [C] {"civ_pos": [73, 32]}
[2026-09-26 02:09:41.564] [SFX] {"sound": "player_move", "volume": 0.4}
[2026-09-26 02:09:41.594] [SFX] {"sound": "civ_move_2", "volume": 0.29}
[2026-09-26 02:09:41.758] [M] {"button": 1, "pos": [392, 252], "ui_clicked": true}
[2026-09-26 02:09:41.773] [SFX] {"sound": "civ_move_1", "volume": 0.2}
[2026-09-26 02:09:41.791] [SFX] {"sound": "civ_move_2", "volume": 0.05}
[2026-09-26 02:09:41.837] [SFX] {"sound": "civ_move_1", "volume": 0.23}
[2026-09-26 02:09:41.860] [SFX] {"sound": "player_move", "volume": 0.4}
[2026-09-26 02:09:41.923] [SFX] {"sound": "civ_move_2", "volume": 0.05}
[2026-09-26 02:09:42.006] [SFX] {"sound": "civ_move_2", "volume": 0.29}
[2026-09-26 02:09:42.158] [SFX] {"sound": "player_move", "volume": 0.4}
[2026-09-26 02:09:42.158] [SFX] {"sound": "infiltrate 2", "volume": 0.5}
[2026-09-26 02:09:42.180] [SFX] {"sound": "civ_move_1", "volume": 0.2}
[2026-09-26 02:09:42.198] [SFX] {"sound": "civ_move_2", "volume": 0.05}
[2026-09-26 02:09:42.243] [SFX] {"sound": "civ_move_1", "volume": 0.23}
[2026-09-26 02:09:42.293] [SFX] {"sound": "threat_pulse", "volume": 0.34}
[2026-09-26 02:09:42.329] [SFX] {"sound": "civ_move_2", "volume": 0.07}
[2026-09-26 02:09:42.413] [SFX] {"sound": "civ_move_2", "volume": 0.29}
[2026-09-26 02:09:42.463] [SFX] {"sound": "player_move", "volume": 0.4}
[2026-09-26 02:09:42.564] [SFX] {"sound": "infiltrate 2", "volume": 0.5}
[2026-09-26 02:09:42.585] [SFX] {"sound": "civ_move_1", "volume": 0.2}
[2026-09-26 02:09:42.604] [SFX] {"sound": "civ_move_2", "volume": 0.05}
[2026-09-26 02:09:42.650] [SFX] {"sound": "civ_move_1", "volume": 0.23}
[2026-09-26 02:09:42.734] [SFX] {"sound": "civ_move_2", "volume": 0.1}
[2026-09-26 02:09:42.767] [SFX] {"sound": "player_move", "volume": 0.4}
[2026-09-26 02:09:42.817] [SFX] {"sound": "civ_move_2", "volume": 0.29}
[2026-09-26 02:09:42.968] [SFX] {"sound": "infiltrate 1", "volume": 0.5}
[2026-09-26 02:09:42.990] [SFX] {"sound": "civ_move_1", "volume": 0.2}
[2026-09-26 02:09:43.008] [SFX] {"sound": "civ_move_2", "volume": 0.01}
[2026-09-26 02:09:43.009] [SFX] {"sound": "civ_move_2", "volume": 0.05}
[2026-09-26 02:09:43.053] [SFX] {"sound": "civ_move_1", "volume": 0.23}
[2026-09-26 02:09:43.075] [SFX] {"sound": "player_move", "volume": 0.4}
[2026-09-26 02:09:43.135] [SFX] {"sound": "hack_success", "volume": 1.0}
[2026-09-26 02:09:43.144] [SFX] {"sound": "civ_move_2", "volume": 0.12}
[2026-09-26 02:09:59.945] [M] {"button": 1, "pos": [375, 35], "ui_clicked": true}
[2026-09-26 02:10:20.049] [M] {"button": 1, "pos": [268, 36], "ui_clicked": true}
[2026-09-26 02:10:26.857] [M] {"button": 1, "pos": [285, 273], "ui_clicked": true}
[2026-09-26 02:10:39.425] [M] {"button": 1, "pos": [288, 279], "ui_clicked": true}
[2026-09-26 02:10:39.426] [SFX] {"sound": "hack_success", "volume": 1.0}
[2026-09-26 02:10:39.495] [SFX] {"sound": "threat_pulse", "volume": 0.35}
[2026-09-26 02:10:39.518] [SFX] {"sound": "civ_move_2", "volume": 0.29}
[2026-09-26 02:10:39.667] [SFX] {"sound": "player_move", "volume": 0.4}
[2026-09-26 02:10:39.690] [SFX] {"sound": "civ_move_1", "volume": 0.2}
[2026-09-26 02:10:39.709] [SFX] {"sound": "civ_move_2", "volume": 0.04}
[2026-09-26 02:10:39.710] [SFX] {"sound": "civ_move_2", "volume": 0.05}
[2026-09-26 02:10:39.745] [SFX] {"sound": "civ_move_1", "volume": 0.23}
[2026-09-26 02:10:39.828] [SFX] {"sound": "civ_move_2", "volume": 0.15}
[2026-09-26 02:10:39.912] [SFX] {"sound": "civ_move_2", "volume": 0.29}
[2026-09-26 02:10:39.978] [SFX] {"sound": "player_move", "volume": 0.4}
[2026-09-26 02:10:40.095] [SFX] {"sound": "civ_move_1", "volume": 0.2}
[2026-09-26 02:10:40.118] [SFX] {"sound": "civ_move_2", "volume": 0.06}
[2026-09-26 02:10:40.119] [SFX] {"sound": "civ_move_2", "volume": 0.05}
[2026-09-26 02:10:40.151] [SFX] {"sound": "civ_move_1", "volume": 0.23}
[2026-09-26 02:10:40.235] [SFX] {"sound": "civ_move_2", "volume": 0.17}
[2026-09-26 02:10:40.289] [SFX] {"sound": "player_move", "volume": 0.4}
[2026-09-26 02:10:40.326] [SFX] {"sound": "civ_move_2", "volume": 0.29}
[2026-09-26 02:10:40.326] [C] {"civ_pos": [83, 32]}
[2026-09-26 02:10:40.381] [M] {"button": 1, "pos": [372, 315], "ui_clicked": true}
[2026-09-26 02:10:40.408] [SFX] {"sound": "threat_pulse", "volume": 0.36}
[2026-09-26 02:10:40.509] [SFX] {"sound": "civ_move_1", "volume": 0.2}
[2026-09-26 02:10:40.532] [SFX] {"sound": "civ_move_2", "volume": 0.09}
[2026-09-26 02:10:40.533] [SFX] {"sound": "civ_move_2", "volume": 0.05}
[2026-09-26 02:10:40.566] [SFX] {"sound": "civ_move_1", "volume": 0.23}
[2026-09-26 02:10:40.600] [SFX] {"sound": "player_move", "volume": 0.4}
[2026-09-26 02:10:40.650] [SFX] {"sound": "civ_move_2", "volume": 0.2}
[2026-09-26 02:10:40.735] [SFX] {"sound": "civ_move_2", "volume": 0.29}
[2026-09-26 02:10:40.903] [SFX] {"sound": "player_move", "volume": 0.4}
[2026-09-26 02:10:40.919] [M] {"button": 1, "pos": [370, 333], "ui_clicked": true}
[2026-09-26 02:10:40.934] [SFX] {"sound": "civ_move_1", "volume": 0.2}
[2026-09-26 02:10:40.935] [SFX] {"sound": "action_cancel", "volume": 1.0}
[2026-09-26 02:10:40.954] [SFX] {"sound": "civ_move_2", "volume": 0.12}
[2026-09-26 02:10:40.955] [SFX] {"sound": "civ_move_2", "volume": 0.06}
[2026-09-26 02:10:40.975] [SFX] {"sound": "civ_move_1", "volume": 0.22}
[2026-09-26 02:10:41.059] [SFX] {"sound": "civ_move_2", "volume": 0.24}
[2026-09-26 02:10:41.139] [SFX] {"sound": "civ_move_2", "volume": 0.28}
[2026-09-26 02:10:41.208] [SFX] {"sound": "player_move", "volume": 0.4}
[2026-09-26 02:10:41.309] [SFX] {"sound": "threat_pulse", "volume": 0.34}
[2026-09-26 02:10:41.331] [SFX] {"sound": "civ_move_1", "volume": 0.25}
[2026-09-26 02:10:41.363] [SFX] {"sound": "civ_move_2", "volume": 0.19}
[2026-09-26 02:10:41.364] [SFX] {"sound": "civ_move_2", "volume": 0.11}
[2026-09-26 02:10:41.385] [SFX] {"sound": "civ_move_1", "volume": 0.17}
[2026-09-26 02:10:41.465] [SFX] {"sound": "civ_move_2", "volume": 0.29}
[2026-09-26 02:10:41.517] [SFX] {"sound": "player_move", "volume": 0.4}
[2026-09-26 02:10:41.552] [SFX] {"sound": "civ_move_2", "volume": 0.23}
[2026-09-26 02:10:41.737] [SFX] {"sound": "civ_move_1", "volume": 0.3}
[2026-09-26 02:10:41.775] [SFX] {"sound": "civ_move_2", "volume": 0.27}
[2026-09-26 02:10:41.776] [SFX] {"sound": "civ_move_2", "volume": 0.16}
[2026-09-26 02:10:41.797] [SFX] {"sound": "civ_move_1", "volume": 0.13}
[2026-09-26 02:10:41.829] [SFX] {"sound": "player_move", "volume": 0.4}
[2026-09-26 02:10:41.879] [SFX] {"sound": "civ_move_2", "volume": 0.21}
[2026-09-26 02:10:41.965] [SFX] {"sound": "civ_move_2", "volume": 0.18}
[2026-09-26 02:10:42.131] [SFX] {"sound": "player_move", "volume": 0.4}
[2026-09-26 02:10:42.155] [SFX] {"sound": "civ_move_1", "volume": 0.26}
[2026-09-26 02:10:42.183] [SFX] {"sound": "civ_move_2", "volume": 0.26}
[2026-09-26 02:10:42.184] [SFX] {"sound": "civ_move_2", "volume": 0.21}
[2026-09-26 02:10:42.204] [SFX] {"sound": "civ_move_1", "volume": 0.08}
[2026-09-26 02:10:42.283] [SFX] {"sound": "civ_move_2", "volume": 0.14}
[2026-09-26 02:10:42.381] [SFX] {"sound": "civ_move_2", "volume": 0.13}
[2026-09-26 02:10:42.433] [SFX] {"sound": "player_move", "volume": 0.4}
[2026-09-26 02:10:42.552] [SFX] {"sound": "civ_move_1", "volume": 0.21}
[2026-09-26 02:10:42.586] [JACK_REGISTERED_BY_CAMERA] {"camera": [118, 30]}
[2026-09-26 02:10:42.587] [SFX] {"sound": "civ_move_2", "volume": 0.19}
[2026-09-26 02:10:42.587] [SFX] {"sound": "civ_move_2", "volume": 0.25}
[2026-09-26 02:10:42.634] [JACK] Verflucht, eine Kamera hat mich erfasst! Mein Threat-Meter steigt! Tipp: Mit 'ucam.drv' werden Kamerasichtkegel rot markiert.
[2026-09-26 02:10:42.635] [SFX] {"sound": "civ_move_1", "volume": 0.03}
[2026-09-26 02:10:42.684] [SFX] {"sound": "civ_move_2", "volume": 0.07}
[2026-09-26 02:10:42.733] [M] {"button": 1, "pos": [293, 182], "ui_clicked": false}
[2026-09-26 02:10:42.742] [SFX] {"sound": "player_move", "volume": 0.4}
[2026-09-26 02:10:42.743] [P] {"start": [120, 32], "goal": [115, 32], "length": 1, "is_direction_change": false}
[2026-09-26 02:10:42.743] [SFX] {"sound": "click_target", "volume": 0.7}
[2026-09-26 02:10:42.781] [SFX] {"sound": "civ_move_2", "volume": 0.1}
[2026-09-26 02:10:42.832] [SFX] {"sound": "civ_move_1", "volume": 0.01}
[2026-09-26 02:10:42.965] [SFX] {"sound": "civ_move_1", "volume": 0.23}
[2026-09-26 02:10:42.998] [SFX] {"sound": "civ_move_2", "volume": 0.19}
[2026-09-26 02:10:42.999] [SFX] {"sound": "civ_move_2", "volume": 0.22}
[2026-09-26 02:10:43.021] [SFX] {"sound": "civ_move_1", "volume": 0.06}
[2026-09-26 02:10:43.098] [SFX] {"sound": "civ_move_2", "volume": 0.08}
[2026-09-26 02:10:43.182] [SFX] {"sound": "civ_move_2", "volume": 0.15}
[2026-09-26 02:10:43.380] [SFX] {"sound": "civ_move_1", "volume": 0.25}
[2026-09-26 02:10:43.415] [SFX] {"sound": "civ_move_2", "volume": 0.19}
[2026-09-26 02:10:43.416] [SFX] {"sound": "civ_move_2", "volume": 0.21}
[2026-09-26 02:10:43.417] [SFX] {"sound": "civ_move_1", "volume": 0.08}
[2026-09-26 02:10:43.498] [SFX] {"sound": "civ_move_2", "volume": 0.08}
[2026-09-26 02:10:43.597] [SFX] {"sound": "civ_move_2", "volume": 0.16}
[2026-09-26 02:10:43.663] [SFX] {"sound": "civ_move_1", "volume": 0.0}
[2026-09-26 02:10:43.795] [SFX] {"sound": "civ_move_1", "volume": 0.26}
[2026-09-26 02:10:43.827] [SFX] {"sound": "civ_move_2", "volume": 0.17}
[2026-09-26 02:10:43.828] [SFX] {"sound": "civ_move_2", "volume": 0.19}
[2026-09-26 02:10:43.829] [SFX] {"sound": "civ_move_1", "volume": 0.09}
[2026-09-26 02:10:43.910] [SFX] {"sound": "civ_move_2", "volume": 0.08}
[2026-09-26 02:10:43.975] [SENTINEL_EMPTIED_IOT] {"iot": "watcher", "stolen_data": 11, "had_jack_sighting": false, "node": [206, 108]}
[2026-09-26 02:10:44.018] [JACK] Der Sentinel hat Kameradaten aus dem IoT-Node ausgelesen... Er kennt jetzt meine Frequenz!
[2026-09-26 02:10:44.038] [SFX] {"sound": "civ_move_2", "volume": 0.17}
[2026-09-26 02:10:44.070] [SFX] {"sound": "civ_move_1", "volume": 0.01}
[2026-09-26 02:10:44.205] [SFX] {"sound": "civ_move_1", "volume": 0.27}
[2026-09-26 02:10:44.239] [SFX] {"sound": "civ_move_2", "volume": 0.16}
[2026-09-26 02:10:44.240] [SFX] {"sound": "civ_move_2", "volume": 0.18}
[2026-09-26 02:10:44.241] [SFX] {"sound": "civ_move_1", "volume": 0.1}
[2026-09-26 02:10:44.438] [SFX] {"sound": "civ_move_2", "volume": 0.19}
[2026-09-26 02:10:44.471] [SFX] {"sound": "civ_move_1", "volume": 0.02}
[2026-09-26 02:10:44.553] [C] {"civ_pos": [113, 32]}
[2026-09-26 02:10:44.609] [SFX] {"sound": "civ_move_1", "volume": 0.29}
[2026-09-26 02:10:44.643] [SFX] {"sound": "civ_move_2", "volume": 0.15}
[2026-09-26 02:10:44.644] [SFX] {"sound": "civ_move_2", "volume": 0.17}
[2026-09-26 02:10:44.645] [SFX] {"sound": "civ_move_1", "volume": 0.11}
[2026-09-26 02:10:44.842] [SFX] {"sound": "civ_move_2", "volume": 0.2}
[2026-09-26 02:10:44.878] [SFX] {"sound": "civ_move_1", "volume": 0.04}
[2026-09-26 02:10:45.013] [SFX] {"sound": "civ_move_1", "volume": 0.3}
[2026-09-26 02:10:45.047] [SFX] {"sound": "civ_move_2", "volume": 0.14}
[2026-09-26 02:10:45.048] [SFX] {"sound": "civ_move_2", "volume": 0.16}
[2026-09-26 02:10:45.049] [SFX] {"sound": "civ_move_1", "volume": 0.13}
[2026-09-26 02:10:45.246] [SFX] {"sound": "civ_move_2", "volume": 0.21}
[2026-09-26 02:10:45.279] [SFX] {"sound": "civ_move_1", "volume": 0.05}
[2026-09-26 02:10:45.427] [SFX] {"sound": "civ_move_1", "volume": 0.29}
[2026-09-26 02:10:45.461] [SFX] {"sound": "civ_move_2", "volume": 0.1}
[2026-09-26 02:10:45.461] [SFX] {"sound": "civ_move_2", "volume": 0.14}
[2026-09-26 02:10:45.462] [SFX] {"sound": "civ_move_1", "volume": 0.14}
[2026-09-26 02:10:45.661] [SFX] {"sound": "civ_move_2", "volume": 0.22}
[2026-09-26 02:10:45.694] [SFX] {"sound": "civ_move_1", "volume": 0.06}
[2026-09-26 02:10:45.744] [M] {"button": 1, "pos": [367, 190], "ui_clicked": false}
[2026-09-26 02:10:45.755] [JACK] JACK // SHE HEARS SENTINEL DISPATCHES EARLY. HER NODES HAVE GREAT VALUE.
[2026-09-26 02:10:45.756] [SFX] {"sound": "click_target", "volume": 0.74}
[2026-09-26 02:10:45.774] [SFX] {"sound": "player_move", "volume": 0.4}
[2026-09-26 02:10:45.775] [SFX] {"sound": "threat_pulse", "volume": 0.3}
[2026-09-26 02:10:45.839] [SFX] {"sound": "civ_move_1", "volume": 0.29}
[2026-09-26 02:10:45.874] [SFX] {"sound": "civ_move_2", "volume": 0.09}
[2026-09-26 02:10:45.874] [SFX] {"sound": "civ_move_2", "volume": 0.15}
[2026-09-26 02:10:45.875] [SFX] {"sound": "civ_move_1", "volume": 0.13}
[2026-09-26 02:10:46.075] [SFX] {"sound": "player_move", "volume": 0.4}
[2026-09-26 02:10:46.077] [SFX] {"sound": "civ_move_2", "volume": 0.21}
[2026-09-26 02:10:46.110] [SFX] {"sound": "civ_move_1", "volume": 0.1}
[2026-09-26 02:10:46.242] [SFX] {"sound": "civ_move_1", "volume": 0.29}
[2026-09-26 02:10:46.276] [SFX] {"sound": "civ_move_2", "volume": 0.08}
[2026-09-26 02:10:46.277] [SFX] {"sound": "civ_move_2", "volume": 0.15}
[2026-09-26 02:10:46.278] [SFX] {"sound": "civ_move_1", "volume": 0.13}
[2026-09-26 02:10:46.377] [SFX] {"sound": "player_move", "volume": 0.4}
[2026-09-26 02:10:46.480] [SFX] {"sound": "civ_move_2", "volume": 0.21}
[2026-09-26 02:10:46.515] [SFX] {"sound": "civ_move_1", "volume": 0.12}
[2026-09-26 02:10:46.597] [M] {"button": 1, "pos": [373, 261], "ui_clicked": true}
[2026-09-26 02:10:46.649] [SFX] {"sound": "civ_move_1", "volume": 0.29}
[2026-09-26 02:10:46.683] [SFX] {"sound": "player_move", "volume": 0.4}
[2026-09-26 02:10:46.683] [SFX] {"sound": "civ_move_2", "volume": 0.07}
[2026-09-26 02:10:46.684] [SFX] {"sound": "civ_move_2", "volume": 0.15}
[2026-09-26 02:10:46.685] [SFX] {"sound": "civ_move_1", "volume": 0.13}
[2026-09-26 02:10:46.686] [SFX] {"sound": "threat_pulse", "volume": 0.31}
[2026-09-26 02:10:46.882] [SFX] {"sound": "civ_move_2", "volume": 0.21}
[2026-09-26 02:10:46.916] [SFX] {"sound": "civ_move_1", "volume": 0.15}
[2026-09-26 02:10:46.983] [SFX] {"sound": "player_move", "volume": 0.4}
[2026-09-26 02:10:47.052] [JACK_REGISTERED_BY_CAMERA] {"camera": [122, 34]}
[2026-09-26 02:10:47.053] [SFX] {"sound": "civ_move_1", "volume": 0.29}
[2026-09-26 02:10:47.089] [JACK] Scheiße, Kamerasensor aktiviert! Raus aus dem Sichtkegel, sonst schlägt das Sicherheitssystem Alarm!
[2026-09-26 02:10:47.091] [C] {"civ_pos": [123, 32]}
[2026-09-26 02:10:47.116] [SFX] {"sound": "civ_move_2", "volume": 0.05}
[2026-09-26 02:10:47.116] [SFX] {"sound": "civ_move_2", "volume": 0.15}
[2026-09-26 02:10:47.117] [SFX] {"sound": "civ_move_1", "volume": 0.13}
[2026-09-26 02:10:47.147] [M] {"button": 1, "pos": [375, 256], "ui_clicked": true}
[2026-09-26 02:10:47.290] [SFX] {"sound": "player_move", "volume": 0.4}
[2026-09-26 02:10:47.291] [SFX] {"sound": "civ_move_2", "volume": 0.21}
[2026-09-26 02:10:47.324] [SFX] {"sound": "civ_move_1", "volume": 0.17}
[2026-09-26 02:10:47.409] [SFX] {"sound": "infiltrate 2", "volume": 0.5}
[2026-09-26 02:10:47.462] [SFX] {"sound": "civ_move_1", "volume": 0.29}
[2026-09-26 02:10:47.511] [SFX] {"sound": "civ_move_2", "volume": 0.04}
[2026-09-26 02:10:47.512] [SFX] {"sound": "civ_move_2", "volume": 0.15}
[2026-09-26 02:10:47.513] [SFX] {"sound": "civ_move_1", "volume": 0.13}
[2026-09-26 02:10:47.597] [SFX] {"sound": "player_move", "volume": 0.4}
[2026-09-26 02:10:47.598] [SFX] {"sound": "threat_pulse", "volume": 0.32}
[2026-09-26 02:10:47.699] [SFX] {"sound": "civ_move_2", "volume": 0.21}
[2026-09-26 02:10:47.733] [SFX] {"sound": "civ_move_1", "volume": 0.2}
[2026-09-26 02:10:47.817] [SFX] {"sound": "infiltrate 2", "volume": 0.5}
[2026-09-26 02:10:47.865] [SFX] {"sound": "civ_move_1", "volume": 0.29}
[2026-09-26 02:10:47.898] [SFX] {"sound": "player_move", "volume": 0.4}
[2026-09-26 02:10:47.922] [SFX] {"sound": "civ_move_2", "volume": 0.03}
[2026-09-26 02:10:47.923] [SFX] {"sound": "civ_move_2", "volume": 0.15}
[2026-09-26 02:10:47.923] [SFX] {"sound": "civ_move_1", "volume": 0.13}
[2026-09-26 02:10:48.104] [SFX] {"sound": "civ_move_2", "volume": 0.21}
[2026-09-26 02:10:48.140] [SFX] {"sound": "civ_move_1", "volume": 0.22}
[2026-09-26 02:10:48.206] [SFX] {"sound": "player_move", "volume": 0.4}
[2026-09-26 02:10:48.229] [SFX] {"sound": "infiltrate 2", "volume": 0.5}
[2026-09-26 02:10:48.279] [SFX] {"sound": "civ_move_1", "volume": 0.29}
[2026-09-26 02:10:48.315] [SFX] {"sound": "civ_move_2", "volume": 0.02}
[2026-09-26 02:10:48.316] [SFX] {"sound": "civ_move_2", "volume": 0.15}
[2026-09-26 02:10:48.317] [SFX] {"sound": "civ_move_1", "volume": 0.13}
[2026-09-26 02:10:48.499] [SFX] {"sound": "threat_pulse", "volume": 0.33}
[2026-09-26 02:10:48.522] [SFX] {"sound": "player_move", "volume": 0.4}
[2026-09-26 02:10:48.523] [SFX] {"sound": "civ_move_2", "volume": 0.21}
[2026-09-26 02:10:48.523] [SFX] {"sound": "hack_success", "volume": 1.0}
[2026-09-26 02:10:48.524] [JACK] JACK // Ich habe 3 Credits von ARIA VANCE (SUB-NET SIGNAL INTERCEPTOR) gehackt! Er flieht zum Wachtposten!
[2026-09-26 02:10:48.525] [JACK] JACK // SHE HEARS SENTINEL DISPATCHES EARLY. HER NODES HAVE GREAT VALUE.
[2026-09-26 02:10:48.567] [SFX] {"sound": "civ_move_1", "volume": 0.24}
[2026-09-26 02:10:48.689] [SFX] {"sound": "civ_move_1", "volume": 0.3}
[2026-09-26 02:10:48.729] [SFX] {"sound": "civ_move_2", "volume": 0.01}
[2026-09-26 02:10:48.729] [SFX] {"sound": "civ_move_2", "volume": 0.14}
[2026-09-26 02:10:48.730] [SFX] {"sound": "civ_move_1", "volume": 0.14}
[2026-09-26 02:10:48.919] [SFX] {"sound": "civ_move_2", "volume": 0.22}
[2026-09-26 02:10:48.974] [SFX] {"sound": "civ_move_1", "volume": 0.26}
[2026-09-26 02:10:49.097] [SFX] {"sound": "civ_move_1", "volume": 0.29}
[2026-09-26 02:10:49.142] [SFX] {"sound": "civ_move_2", "volume": 0.01}
[2026-09-26 02:10:49.143] [SFX] {"sound": "civ_move_2", "volume": 0.13}
[2026-09-26 02:10:49.144] [SFX] {"sound": "civ_move_1", "volume": 0.15}
[2026-09-26 02:10:49.332] [SFX] {"sound": "civ_move_2", "volume": 0.24}
[2026-09-26 02:10:49.389] [SFX] {"sound": "civ_move_1", "volume": 0.27}
[2026-09-26 02:10:49.511] [SFX] {"sound": "civ_move_1", "volume": 0.28}
[2026-09-26 02:10:49.554] [SFX] {"sound": "civ_move_2", "volume": 0.0}
[2026-09-26 02:10:49.555] [SFX] {"sound": "civ_move_2", "volume": 0.12}
[2026-09-26 02:10:49.556] [SFX] {"sound": "civ_move_1", "volume": 0.17}
[2026-09-26 02:10:49.745] [SFX] {"sound": "civ_move_2", "volume": 0.25}
[2026-09-26 02:10:49.802] [SFX] {"sound": "civ_move_1", "volume": 0.28}
[2026-09-26 02:10:49.913] [SFX] {"sound": "civ_move_1", "volume": 0.27}
[2026-09-26 02:10:49.945] [C] {"civ_pos": [129, 32]}
[2026-09-26 02:10:50.000] [SFX] {"sound": "civ_move_2", "volume": 0.1}
[2026-09-26 02:10:50.001] [SFX] {"sound": "civ_move_1", "volume": 0.18}
[2026-09-26 02:10:50.152] [SFX] {"sound": "civ_move_2", "volume": 0.26}
[2026-09-26 02:10:50.214] [SFX] {"sound": "civ_move_1", "volume": 0.29}
[2026-09-26 02:10:50.319] [SFX] {"sound": "civ_move_1", "volume": 0.25}
[2026-09-26 02:10:50.359] [SFX] {"sound": "civ_move_2", "volume": 0.09}
[2026-09-26 02:10:50.360] [SFX] {"sound": "civ_move_1", "volume": 0.19}
[2026-09-26 02:10:50.559] [SFX] {"sound": "civ_move_2", "volume": 0.27}
[2026-09-26 02:10:50.619] [SFX] {"sound": "civ_move_1", "volume": 0.3}
[2026-09-26 02:10:50.658] [M] {"button": 1, "pos": [321, 182], "ui_clicked": false}
[2026-09-26 02:10:50.673] [SFX] {"sound": "civ_move_1", "volume": 0.0}
[2026-09-26 02:10:50.674] [JACK] JACK // POPULAR ON THE UNDERGROUND FREQUENCIES. CARRIES HIGH-TRAFFIC RELAYS.
[2026-09-26 02:10:50.675] [SFX] {"sound": "click_target", "volume": 0.8}
[2026-09-26 02:10:50.727] [SFX] {"sound": "civ_move_1", "volume": 0.24}
[2026-09-26 02:10:50.768] [SFX] {"sound": "civ_move_2", "volume": 0.08}
[2026-09-26 02:10:50.769] [SFX] {"sound": "civ_move_1", "volume": 0.2}
[2026-09-26 02:10:50.909] [SFX] {"sound": "threat_pulse", "volume": 0.3}
[2026-09-26 02:10:50.967] [SFX] {"sound": "player_move", "volume": 0.4}
[2026-09-26 02:10:50.968] [SFX] {"sound": "civ_move_2", "volume": 0.29}
[2026-09-26 02:10:51.027] [SFX] {"sound": "civ_move_1", "volume": 0.29}
[2026-09-26 02:10:51.136] [SFX] {"sound": "civ_move_1", "volume": 0.24}
[2026-09-26 02:10:51.177] [SFX] {"sound": "civ_move_2", "volume": 0.05}
[2026-09-26 02:10:51.178] [SFX] {"sound": "civ_move_1", "volume": 0.23}
[2026-09-26 02:10:51.283] [SFX] {"sound": "player_move", "volume": 0.4}
[2026-09-26 02:10:51.372] [SFX] {"sound": "civ_move_2", "volume": 0.28}
[2026-09-26 02:10:51.432] [SFX] {"sound": "civ_move_1", "volume": 0.29}
[2026-09-26 02:10:51.538] [SFX] {"sound": "civ_move_1", "volume": 0.24}
[2026-09-26 02:10:51.553] [M] {"button": 1, "pos": [377, 250], "ui_clicked": true}
[2026-09-26 02:10:51.597] [SFX] {"sound": "player_move", "volume": 0.4}
[2026-09-26 02:10:51.598] [SFX] {"sound": "civ_move_2", "volume": 0.03}
[2026-09-26 02:10:51.599] [SFX] {"sound": "civ_move_1", "volume": 0.25}
[2026-09-26 02:10:51.663] [SFX] {"sound": "infiltrate 1", "volume": 0.5}
[2026-09-26 02:10:51.783] [SFX] {"sound": "civ_move_2", "volume": 0.26}
[2026-09-26 02:10:51.817] [SFX] {"sound": "threat_pulse", "volume": 0.31}
[2026-09-26 02:10:51.840] [SFX] {"sound": "civ_move_1", "volume": 0.29}
[2026-09-26 02:10:51.903] [SFX] {"sound": "player_move", "volume": 0.4}
[2026-09-26 02:10:51.952] [SFX] {"sound": "civ_move_1", "volume": 0.24}
[2026-09-26 02:10:52.005] [SFX] {"sound": "civ_move_2", "volume": 0.0}
[2026-09-26 02:10:52.005] [SFX] {"sound": "civ_move_1", "volume": 0.28}
[2026-09-26 02:10:52.072] [SFX] {"sound": "infiltrate 1", "volume": 0.5}
[2026-09-26 02:10:52.189] [SFX] {"sound": "civ_move_2", "volume": 0.23}
[2026-09-26 02:10:52.212] [SFX] {"sound": "player_move", "volume": 0.4}
[2026-09-26 02:10:52.241] [SFX] {"sound": "civ_move_1", "volume": 0.29}
[2026-09-26 02:10:52.357] [SFX] {"sound": "civ_move_1", "volume": 0.24}
[2026-09-26 02:10:52.409] [SFX] {"sound": "civ_move_1", "volume": 0.3}
[2026-09-26 02:10:52.442] [C] {"civ_pos": [119, 32]}
[2026-09-26 02:10:52.482] [SFX] {"sound": "infiltrate 1", "volume": 0.5}
[2026-09-26 02:10:52.516] [SFX] {"sound": "player_move", "volume": 0.4}
[2026-09-26 02:10:52.600] [SFX] {"sound": "civ_move_2", "volume": 0.21}
[2026-09-26 02:10:52.600] [SFX] {"sound": "civ_move_1", "volume": 0.01}
[2026-09-26 02:10:52.649] [SFX] {"sound": "civ_move_1", "volume": 0.29}
[2026-09-26 02:10:52.732] [SFX] {"sound": "threat_pulse", "volume": 0.32}
[2026-09-26 02:10:52.765] [SFX] {"sound": "civ_move_1", "volume": 0.24}
[2026-09-26 02:10:52.817] [SFX] {"sound": "player_move", "volume": 0.4}
[2026-09-26 02:10:52.817] [SFX] {"sound": "civ_move_1", "volume": 0.27}
[2026-09-26 02:10:52.869] [SENTINEL_EMPTIED_IOT] {"iot": "watcher", "stolen_data": 11, "had_jack_sighting": false, "node": [210, 107]}
[2026-09-26 02:10:52.904] [JACK] Der Sentinel hat Kameradaten aus dem IoT-Node ausgelesen... Er kennt jetzt meine Frequenz!
[2026-09-26 02:10:52.905] [SFX] {"sound": "infiltrate 1", "volume": 0.5}
[2026-09-26 02:10:52.932] [SFX] {"sound": "hack_success", "volume": 1.0}
[2026-09-26 02:11:11.715] [M] {"button": 4, "pos": [567, 80], "ui_clicked": true}
[2026-09-26 02:11:22.902] [M] {"button": 1, "pos": [381, 31], "ui_clicked": true}
[2026-09-26 02:11:34.202] [M] {"button": 1, "pos": [275, 40], "ui_clicked": true}
[2026-09-26 02:11:37.218] [M] {"button": 1, "pos": [233, 306], "ui_clicked": true}
[2026-09-26 02:11:37.298] [SFX] {"sound": "civ_move_2", "volume": 0.18}
[2026-09-26 02:11:37.299] [SFX] {"sound": "civ_move_1", "volume": 0.03}
[2026-09-26 02:11:37.334] [SFX] {"sound": "civ_move_1", "volume": 0.29}
[2026-09-26 02:11:37.403] [SFX] {"sound": "player_move", "volume": 0.4}
[2026-09-26 02:11:37.455] [SFX] {"sound": "civ_move_1", "volume": 0.24}
[2026-09-26 02:11:37.505] [SFX] {"sound": "civ_move_1", "volume": 0.25}
[2026-09-26 02:11:37.709] [SFX] {"sound": "player_move", "volume": 0.4}
[2026-09-26 02:11:37.710] [SFX] {"sound": "civ_move_2", "volume": 0.16}
[2026-09-26 02:11:37.711] [SFX] {"sound": "civ_move_1", "volume": 0.05}
[2026-09-26 02:11:37.743] [SFX] {"sound": "civ_move_1", "volume": 0.29}
[2026-09-26 02:11:37.861] [SFX] {"sound": "civ_move_1", "volume": 0.24}
[2026-09-26 02:11:37.915] [SFX] {"sound": "civ_move_1", "volume": 0.22}
[2026-09-26 02:11:37.939] [SFX] {"sound": "threat_pulse", "volume": 0.34}
[2026-09-26 02:11:38.006] [SFX] {"sound": "player_move", "volume": 0.4}
[2026-09-26 02:11:38.106] [SFX] {"sound": "civ_move_2", "volume": 0.13}
[2026-09-26 02:11:38.106] [SFX] {"sound": "civ_move_1", "volume": 0.08}
[2026-09-26 02:11:38.159] [SFX] {"sound": "civ_move_1", "volume": 0.29}
[2026-09-26 02:11:38.277] [SFX] {"sound": "civ_move_1", "volume": 0.24}
[2026-09-26 02:11:38.311] [SFX] {"sound": "player_move", "volume": 0.4}
[2026-09-26 02:11:38.327] [M] {"button": 1, "pos": [343, 333], "ui_clicked": true}
[2026-09-26 02:11:38.356] [SFX] {"sound": "civ_move_1", "volume": 0.2}
[2026-09-26 02:11:38.357] [SFX] {"sound": "action_cancel", "volume": 1.0}
[2026-09-26 02:11:38.517] [SFX] {"sound": "civ_move_2", "volume": 0.09}
[2026-09-26 02:11:38.518] [SFX] {"sound": "civ_move_1", "volume": 0.13}
[2026-09-26 02:11:38.568] [SFX] {"sound": "civ_move_1", "volume": 0.28}
[2026-09-26 02:11:38.617] [SFX] {"sound": "player_move", "volume": 0.4}
[2026-09-26 02:11:38.685] [SFX] {"sound": "civ_move_1", "volume": 0.28}
[2026-09-26 02:11:38.735] [SFX] {"sound": "civ_move_2", "volume": 0.01}
[2026-09-26 02:11:38.736] [SFX] {"sound": "civ_move_1", "volume": 0.13}
[2026-09-26 02:11:38.836] [SFX] {"sound": "threat_pulse", "volume": 0.32}
[2026-09-26 02:11:38.920] [SFX] {"sound": "player_move", "volume": 0.4}
[2026-09-26 02:11:38.921] [SFX] {"sound": "civ_move_2", "volume": 0.02}
[2026-09-26 02:11:38.922] [SFX] {"sound": "civ_move_1", "volume": 0.2}
[2026-09-26 02:11:38.972] [SFX] {"sound": "civ_move_1", "volume": 0.23}
[2026-09-26 02:11:39.088] [SFX] {"sound": "civ_move_1", "volume": 0.27}
[2026-09-26 02:11:39.140] [SFX] {"sound": "civ_move_2", "volume": 0.01}
[2026-09-26 02:11:39.140] [SFX] {"sound": "civ_move_1", "volume": 0.05}
[2026-09-26 02:11:39.224] [SFX] {"sound": "player_move", "volume": 0.4}
[2026-09-26 02:11:39.327] [SFX] {"sound": "civ_move_1", "volume": 0.27}
[2026-09-26 02:11:39.376] [SFX] {"sound": "civ_move_1", "volume": 0.18}
[2026-09-26 02:11:39.377] [C] {"civ_pos": [91, 32]}
[2026-09-26 02:11:39.488] [SFX] {"sound": "civ_move_1", "volume": 0.22}
[2026-09-26 02:11:39.538] [SFX] {"sound": "player_move", "volume": 0.4}
[2026-09-26 02:11:39.560] [SFX] {"sound": "civ_move_2", "volume": 0.0}
[2026-09-26 02:11:39.739] [SFX] {"sound": "civ_move_1", "volume": 0.25}
[2026-09-26 02:11:39.788] [SFX] {"sound": "civ_move_1", "volume": 0.13}
[2026-09-26 02:11:39.838] [SFX] {"sound": "player_move", "volume": 0.4}
[2026-09-26 02:11:39.889] [SFX] {"sound": "civ_move_1", "volume": 0.17}
[2026-09-26 02:11:40.152] [SFX] {"sound": "player_move", "volume": 0.4}
[2026-09-26 02:11:40.153] [SFX] {"sound": "civ_move_1", "volume": 0.18}
[2026-09-26 02:11:40.203] [SFX] {"sound": "civ_move_1", "volume": 0.03}
[2026-09-26 02:11:40.204] [SFX] {"sound": "civ_move_1", "volume": 0.08}
[2026-09-26 02:11:40.304] [SFX] {"sound": "civ_move_1", "volume": 0.12}
[2026-09-26 02:11:40.355] [SFX] {"sound": "civ_move_1", "volume": 0.01}
[2026-09-26 02:11:40.454] [SFX] {"sound": "player_move", "volume": 0.4}
[2026-09-26 02:11:40.554] [SFX] {"sound": "civ_move_1", "volume": 0.11}
[2026-09-26 02:11:40.604] [SFX] {"sound": "civ_move_1", "volume": 0.08}
[2026-09-26 02:11:40.605] [SFX] {"sound": "civ_move_1", "volume": 0.03}
[2026-09-26 02:11:40.627] [SFX] {"sound": "civ_move_2", "volume": 0.06}
[2026-09-26 02:11:40.707] [SFX] {"sound": "civ_move_1", "volume": 0.07}
[2026-09-26 02:11:40.758] [SFX] {"sound": "player_move", "volume": 0.4}
[2026-09-26 02:11:40.758] [SFX] {"sound": "civ_move_1", "volume": 0.08}
[2026-09-26 02:11:40.957] [SFX] {"sound": "civ_move_1", "volume": 0.03}
[2026-09-26 02:11:41.008] [SFX] {"sound": "civ_move_1", "volume": 0.13}
[2026-09-26 02:11:41.032] [SFX] {"sound": "civ_move_2", "volume": 0.13}
[2026-09-26 02:11:41.062] [SFX] {"sound": "player_move", "volume": 0.4}
[2026-09-26 02:11:41.113] [SFX] {"sound": "civ_move_1", "volume": 0.02}
[2026-09-26 02:11:41.164] [SFX] {"sound": "civ_move_1", "volume": 0.15}
[2026-09-26 02:11:41.411] [SFX] {"sound": "civ_move_1", "volume": 0.17}
[2026-09-26 02:11:41.432] [SFX] {"sound": "civ_move_2", "volume": 0.18}
[2026-09-26 02:11:41.529] [SFX] {"sound": "civ_move_1", "volume": 0.0}
[2026-09-26 02:11:41.580] [SFX] {"sound": "civ_move_1", "volume": 0.18}
[2026-09-26 02:11:41.825] [SFX] {"sound": "civ_move_1", "volume": 0.21}
[2026-09-26 02:11:41.847] [SFX] {"sound": "civ_move_2", "volume": 0.19}
[2026-09-26 02:11:41.943] [SFX] {"sound": "civ_move_1", "volume": 0.01}
[2026-09-26 02:11:41.993] [SFX] {"sound": "civ_move_1", "volume": 0.18}
[2026-09-26 02:11:42.231] [SFX] {"sound": "civ_move_1", "volume": 0.21}
[2026-09-26 02:11:42.255] [SFX] {"sound": "civ_move_2", "volume": 0.17}
[2026-09-26 02:11:42.344] [SFX] {"sound": "civ_move_1", "volume": 0.03}
[2026-09-26 02:11:42.394] [SFX] {"sound": "civ_move_1", "volume": 0.17}
[2026-09-26 02:11:42.577] [M] {"button": 1, "pos": [320, 229], "ui_clicked": false}
[2026-09-26 02:11:42.645] [SFX] {"sound": "civ_move_1", "volume": 0.2}
[2026-09-26 02:11:42.668] [SFX] {"sound": "civ_move_2", "volume": 0.17}
[2026-09-26 02:11:42.747] [SFX] {"sound": "civ_move_1", "volume": 0.04}
[2026-09-26 02:11:42.800] [SFX] {"sound": "civ_move_1", "volume": 0.18}
[2026-09-26 02:11:43.047] [SFX] {"sound": "civ_move_1", "volume": 0.19}
[2026-09-26 02:11:43.071] [SFX] {"sound": "civ_move_2", "volume": 0.18}
[2026-09-26 02:11:43.150] [SFX] {"sound": "civ_move_1", "volume": 0.04}
[2026-09-26 02:11:43.166] [M] {"button": 1, "pos": [194, 187], "ui_clicked": false}
[2026-09-26 02:11:43.176] [P] {"start": [54, 32], "goal": [47, 32], "length": 1, "is_direction_change": false}
[2026-09-26 02:11:43.176] [SFX] {"sound": "click_target", "volume": 0.67}
[2026-09-26 02:11:43.201] [JACK] Kurzer Blick um die Ecke...
[2026-09-26 02:11:43.202] [SFX] {"sound": "player_move", "volume": 0.4}
[2026-09-26 02:11:43.222] [SFX] {"sound": "civ_move_1", "volume": 0.19}
[2026-09-26 02:11:43.461] [SFX] {"sound": "civ_move_1", "volume": 0.24}
[2026-09-26 02:11:43.485] [SFX] {"sound": "civ_move_2", "volume": 0.23}
[2026-09-26 02:11:43.504] [SFX] {"sound": "player_move", "volume": 0.4}
[2026-09-26 02:11:43.629] [SFX] {"sound": "civ_move_1", "volume": 0.23}
[2026-09-26 02:11:43.876] [SFX] {"sound": "civ_move_1", "volume": 0.25}
[2026-09-26 02:11:43.898] [SFX] {"sound": "civ_move_2", "volume": 0.23}
[2026-09-26 02:11:44.044] [SFX] {"sound": "civ_move_1", "volume": 0.24}
[2026-09-26 02:11:44.274] [M] {"button": 5, "pos": [245, 220], "ui_clicked": false}
[2026-09-26 02:11:44.282] [SFX] {"sound": "civ_move_1", "volume": 0.24}
[2026-09-26 02:11:44.301] [SFX] {"sound": "civ_move_2", "volume": 0.24}
[2026-09-26 02:11:44.313] [M] {"button": 5, "pos": [245, 220], "ui_clicked": false}
[2026-09-26 02:11:44.446] [SFX] {"sound": "civ_move_1", "volume": 0.25}
[2026-09-26 02:11:44.676] [SFX] {"sound": "civ_move_1", "volume": 0.23}
[2026-09-26 02:11:44.703] [SFX] {"sound": "civ_move_2", "volume": 0.25}
[2026-09-26 02:11:44.849] [SFX] {"sound": "civ_move_1", "volume": 0.25}
[2026-09-26 02:11:45.080] [SFX] {"sound": "civ_move_1", "volume": 0.23}
[2026-09-26 02:11:45.081] [SFX] {"sound": "civ_move_1", "volume": 0.0}
[2026-09-26 02:11:45.104] [SFX] {"sound": "civ_move_2", "volume": 0.24}
[2026-09-26 02:11:45.198] [M] {"button": 1, "pos": [285, 250], "ui_clicked": false}
[2026-09-26 02:11:45.207] [P] {"start": [47, 32], "goal": [42, 40], "length": 2, "is_direction_change": false}
[2026-09-26 02:11:45.208] [SFX] {"sound": "click_target", "volume": 0.6}
[2026-09-26 02:11:45.258] [SFX] {"sound": "civ_move_1", "volume": 0.25}
[2026-09-26 02:11:45.490] [SFX] {"sound": "player_move", "volume": 0.4}
[2026-09-26 02:11:45.491] [SFX] {"sound": "civ_move_1", "volume": 0.25}
[2026-09-26 02:11:45.513] [SFX] {"sound": "civ_move_2", "volume": 0.26}
[2026-09-26 02:11:45.662] [SFX] {"sound": "civ_move_1", "volume": 0.24}
[2026-09-26 02:11:45.794] [SFX] {"sound": "player_move", "volume": 0.4}
[2026-09-26 02:11:45.896] [SFX] {"sound": "civ_move_1", "volume": 0.19}
[2026-09-26 02:11:45.919] [SFX] {"sound": "civ_move_2", "volume": 0.21}
[2026-09-26 02:11:46.066] [SFX] {"sound": "civ_move_1", "volume": 0.21}
[2026-09-26 02:11:46.301] [SFX] {"sound": "civ_move_1", "volume": 0.19}
[2026-09-26 02:11:46.317] [M] {"button": 1, "pos": [322, 265], "ui_clicked": false}
[2026-09-26 02:11:46.326] [SFX] {"sound": "civ_move_2", "volume": 0.22}
[2026-09-26 02:11:46.327] [P] {"start": [42, 40], "goal": [42, 50], "length": 1, "is_direction_change": false}
[2026-09-26 02:11:46.328] [SFX] {"sound": "click_target", "volume": 0.59}
[2026-09-26 02:11:46.481] [SFX] {"sound": "civ_move_1", "volume": 0.2}
[2026-09-26 02:11:46.564] [SFX] {"sound": "civ_move_2", "volume": 0.03}
[2026-09-26 02:11:46.587] [SFX] {"sound": "player_move", "volume": 0.4}
[2026-09-26 02:11:46.716] [SFX] {"sound": "civ_move_1", "volume": 0.13}
[2026-09-26 02:11:46.737] [SFX] {"sound": "civ_move_2", "volume": 0.17}
[2026-09-26 02:11:46.848] [M] {"button": 1, "pos": [323, 265], "ui_clicked": false}
[2026-09-26 02:11:46.855] [P] {"start": [42, 50], "goal": [42, 57], "length": 1, "is_direction_change": false}
[2026-09-26 02:11:46.856] [SFX] {"sound": "click_target", "volume": 0.65}
[2026-09-26 02:11:46.911] [SFX] {"sound": "civ_move_1", "volume": 0.15}
[2026-09-26 02:11:46.935] [SFX] {"sound": "player_move", "volume": 0.4}
[2026-09-26 02:11:46.966] [SFX] {"sound": "civ_move_2", "volume": 0.09}
[2026-09-26 02:11:47.129] [SFX] {"sound": "civ_move_1", "volume": 0.06}
[2026-09-26 02:11:47.151] [SFX] {"sound": "civ_move_2", "volume": 0.12}
[2026-09-26 02:11:47.315] [SFX] {"sound": "civ_move_1", "volume": 0.11}
[2026-09-26 02:11:47.366] [SFX] {"sound": "civ_move_2", "volume": 0.12}
[2026-09-26 02:11:47.446] [M] {"button": 1, "pos": [323, 265], "ui_clicked": false}
[2026-09-26 02:11:47.455] [P] {"start": [42, 57], "goal": [42, 66], "length": 1, "is_direction_change": false}
[2026-09-26 02:11:47.455] [SFX] {"sound": "click_target", "volume": 0.61}
[2026-09-26 02:11:47.504] [SFX] {"sound": "player_move", "volume": 0.4}
[2026-09-26 02:11:47.541] [SFX] {"sound": "civ_move_1", "volume": 0.04}
[2026-09-26 02:11:47.565] [SFX] {"sound": "civ_move_2", "volume": 0.1}
[2026-09-26 02:11:47.727] [SFX] {"sound": "civ_move_2", "volume": 0.0}
[2026-09-26 02:11:47.728] [SFX] {"sound": "civ_move_1", "volume": 0.07}
[2026-09-26 02:11:47.777] [SFX] {"sound": "civ_move_2", "volume": 0.17}
[2026-09-26 02:11:47.810] [SFX] {"sound": "player_move", "volume": 0.4}
[2026-09-26 02:11:47.961] [SFX] {"sound": "civ_move_2", "volume": 0.04}
[2026-09-26 02:11:48.062] [M] {"button": 1, "pos": [323, 265], "ui_clicked": false}
[2026-09-26 02:11:48.070] [P] {"start": [42, 66], "goal": [42, 75], "length": 1, "is_direction_change": false}
[2026-09-26 02:11:48.071] [SFX] {"sound": "click_target", "volume": 0.62}
[2026-09-26 02:11:48.142] [SFX] {"sound": "civ_move_2", "volume": 0.03}
[2026-09-26 02:11:48.143] [SFX] {"sound": "civ_move_1", "volume": 0.03}
[2026-09-26 02:11:48.193] [SFX] {"sound": "civ_move_2", "volume": 0.21}
[2026-09-26 02:11:48.292] [SFX] {"sound": "player_move", "volume": 0.4}
[2026-09-26 02:11:48.294] [SFX] {"sound": "civ_move_2", "volume": 0.0}
[2026-09-26 02:11:48.294] [C] {"civ_pos": [42, 72]}
[2026-09-26 02:11:48.366] [SFX] {"sound": "civ_move_1", "volume": 0.0}
[2026-09-26 02:11:48.547] [SFX] {"sound": "civ_move_2", "volume": 0.06}
[2026-09-26 02:11:48.599] [SFX] {"sound": "civ_move_2", "volume": 0.27}
[2026-09-26 02:11:48.697] [SFX] {"sound": "civ_move_2", "volume": 0.03}
[2026-09-26 02:11:48.763] [M] {"button": 1, "pos": [324, 266], "ui_clicked": false}
[2026-09-26 02:11:48.771] [P] {"start": [42, 75], "goal": [42, 84], "length": 1, "is_direction_change": false}
[2026-09-26 02:11:48.772] [SFX] {"sound": "click_target", "volume": 0.6}
[2026-09-26 02:11:48.861] [SFX] {"sound": "player_move", "volume": 0.4}
[2026-09-26 02:11:48.960] [SFX] {"sound": "civ_move_2", "volume": 0.07}
[2026-09-26 02:11:49.011] [SFX] {"sound": "civ_move_2", "volume": 0.22}
[2026-09-26 02:11:49.110] [SFX] {"sound": "civ_move_2", "volume": 0.07}
[2026-09-26 02:11:49.164] [SFX] {"sound": "player_move", "volume": 0.4}
[2026-09-26 02:11:49.227] [JACK] IoT-Überwachung im Sektor... Kameras und Mikrofone scannen die Trassen. Sichtkegel strikt meiden!
[2026-09-26 02:11:49.360] [SFX] {"sound": "civ_move_2", "volume": 0.09}
[2026-09-26 02:11:49.427] [SFX] {"sound": "civ_move_2", "volume": 0.18}
[2026-09-26 02:11:49.511] [SFX] {"sound": "civ_move_2", "volume": 0.08}
[2026-09-26 02:11:49.775] [SFX] {"sound": "civ_move_2", "volume": 0.1}
[2026-09-26 02:11:49.842] [SFX] {"sound": "civ_move_2", "volume": 0.17}
[2026-09-26 02:11:49.925] [SFX] {"sound": "civ_move_2", "volume": 0.07}
[2026-09-26 02:11:50.189] [SFX] {"sound": "civ_move_2", "volume": 0.11}
[2026-09-26 02:11:50.238] [M] {"button": 1, "pos": [362, 198], "ui_clicked": false}
[2026-09-26 02:11:50.247] [P] {"start": [42, 84], "goal": [47, 86], "length": 2, "is_direction_change": false}
[2026-09-26 02:11:50.247] [SFX] {"sound": "click_target", "volume": 0.69}
[2026-09-26 02:11:50.286] [SFX] {"sound": "civ_move_2", "volume": 0.15}
[2026-09-26 02:11:50.332] [SFX] {"sound": "civ_move_1", "volume": 0.01}
[2026-09-26 02:11:50.333] [SFX] {"sound": "civ_move_2", "volume": 0.08}
[2026-09-26 02:11:50.515] [SFX] {"sound": "player_move", "volume": 0.4}
[2026-09-26 02:11:50.599] [SFX] {"sound": "civ_move_2", "volume": 0.18}
[2026-09-26 02:11:50.669] [SFX] {"sound": "civ_move_2", "volume": 0.12}
[2026-09-26 02:11:50.735] [SFX] {"sound": "civ_move_1", "volume": 0.04}
[2026-09-26 02:11:50.736] [SFX] {"sound": "civ_move_2", "volume": 0.09}
[2026-09-26 02:11:50.948] [M] {"button": 1, "pos": [384, 194], "ui_clicked": false}
[2026-09-26 02:11:51.079] [SFX] {"sound": "civ_move_2", "volume": 0.11}
[2026-09-26 02:11:51.147] [SFX] {"sound": "civ_move_1", "volume": 0.05}
[2026-09-26 02:11:51.148] [SFX] {"sound": "civ_move_2", "volume": 0.08}
[2026-09-26 02:11:51.412] [M] {"button": 1, "pos": [390, 187], "ui_clicked": false}
[2026-09-26 02:11:51.421] [P] {"start": [47, 86], "goal": [55, 86], "length": 1, "is_direction_change": false}
[2026-09-26 02:11:51.422] [SFX] {"sound": "click_target", "volume": 0.62}
[2026-09-26 02:11:51.487] [SFX] {"sound": "civ_move_2", "volume": 0.1}
[2026-09-26 02:11:51.556] [SFX] {"sound": "civ_move_1", "volume": 0.06}
[2026-09-26 02:11:51.557] [SFX] {"sound": "civ_move_2", "volume": 0.09}
[2026-09-26 02:11:51.637] [SFX] {"sound": "player_move", "volume": 0.4}
[2026-09-26 02:11:51.849] [M] {"button": 1, "pos": [390, 187], "ui_clicked": false}
[2026-09-26 02:11:51.858] [P] {"start": [55, 86], "goal": [61, 86], "length": 1, "is_direction_change": false}
[2026-09-26 02:11:51.859] [SFX] {"sound": "click_target", "volume": 0.68}
[2026-09-26 02:11:51.907] [SFX] {"sound": "civ_move_2", "volume": 0.07}
[2026-09-26 02:11:51.962] [SFX] {"sound": "civ_move_1", "volume": 0.09}
[2026-09-26 02:11:51.963] [SFX] {"sound": "civ_move_2", "volume": 0.09}
[2026-09-26 02:11:51.997] [SFX] {"sound": "player_move", "volume": 0.4}
[2026-09-26 02:11:52.276] [M] {"button": 1, "pos": [390, 187], "ui_clicked": false}
[2026-09-26 02:11:52.284] [P] {"start": [61, 86], "goal": [67, 86], "length": 1, "is_direction_change": false}
[2026-09-26 02:11:52.284] [SFX] {"sound": "click_target", "volume": 0.66}
[2026-09-26 02:11:52.330] [SFX] {"sound": "civ_move_2", "volume": 0.03}
[2026-09-26 02:11:52.365] [SFX] {"sound": "civ_move_1", "volume": 0.1}
[2026-09-26 02:11:52.366] [SFX] {"sound": "civ_move_2", "volume": 0.1}
[2026-09-26 02:11:52.432] [SFX] {"sound": "player_move", "volume": 0.4}
[2026-09-26 02:11:52.779] [SFX] {"sound": "civ_move_1", "volume": 0.09}
[2026-09-26 02:11:52.780] [SFX] {"sound": "civ_move_2", "volume": 0.09}
[2026-09-26 02:11:53.179] [SFX] {"sound": "civ_move_1", "volume": 0.09}
[2026-09-26 02:11:53.180] [SFX] {"sound": "civ_move_2", "volume": 0.1}
[2026-09-26 02:11:53.596] [SFX] {"sound": "civ_move_1", "volume": 0.09}
[2026-09-26 02:11:53.597] [SFX] {"sound": "civ_move_2", "volume": 0.1}
[2026-09-26 02:11:53.611] [M] {"button": 1, "pos": [275, 198], "ui_clicked": false}
[2026-09-26 02:11:53.620] [SFX] {"sound": "click_target", "volume": 0.68}
[2026-09-26 02:11:53.787] [SFX] {"sound": "player_move", "volume": 0.4}
[2026-09-26 02:11:54.004] [SFX] {"sound": "civ_move_1", "volume": 0.09}
[2026-09-26 02:11:54.005] [SFX] {"sound": "civ_move_2", "volume": 0.09}
[2026-09-26 02:11:54.418] [SFX] {"sound": "civ_move_1", "volume": 0.09}
[2026-09-26 02:11:54.420] [SFX] {"sound": "civ_move_2", "volume": 0.09}
[2026-09-26 02:11:54.817] [SFX] {"sound": "civ_move_1", "volume": 0.09}
[2026-09-26 02:11:54.818] [SFX] {"sound": "civ_move_2", "volume": 0.09}
[2026-09-26 02:11:54.969] [M] {"button": 1, "pos": [388, 250], "ui_clicked": true}
[2026-09-26 02:11:55.226] [SFX] {"sound": "civ_move_1", "volume": 0.08}
[2026-09-26 02:11:55.227] [SFX] {"sound": "civ_move_2", "volume": 0.08}
[2026-09-26 02:11:55.342] [SFX] {"sound": "infiltrate 2", "volume": 0.5}
[2026-09-26 02:11:55.628] [SFX] {"sound": "civ_move_1", "volume": 0.08}
[2026-09-26 02:11:55.629] [SFX] {"sound": "civ_move_2", "volume": 0.08}
[2026-09-26 02:11:55.746] [SFX] {"sound": "infiltrate 2", "volume": 0.5}
[2026-09-26 02:11:56.035] [SFX] {"sound": "civ_move_1", "volume": 0.07}
[2026-09-26 02:11:56.036] [SFX] {"sound": "civ_move_2", "volume": 0.07}
[2026-09-26 02:11:56.151] [SFX] {"sound": "infiltrate 1", "volume": 0.5}
[2026-09-26 02:11:56.349] [SFX] {"sound": "hack_success", "volume": 1.0}
[2026-09-26 02:11:56.437] [SFX] {"sound": "civ_move_1", "volume": 0.07}
[2026-09-26 02:11:56.438] [SFX] {"sound": "civ_move_2", "volume": 0.07}
[2026-09-26 02:11:56.841] [SFX] {"sound": "civ_move_1", "volume": 0.06}
[2026-09-26 02:11:56.842] [SFX] {"sound": "civ_move_2", "volume": 0.06}
[2026-09-26 02:11:56.941] [M] {"button": 1, "pos": [386, 188], "ui_clicked": false}
[2026-09-26 02:11:56.949] [SFX] {"sound": "action_cancel", "volume": 1.0}
[2026-09-26 02:11:56.950] [P] {"start": [62, 86], "goal": [71, 86], "length": 1, "is_direction_change": false}
[2026-09-26 02:11:56.951] [SFX] {"sound": "click_target", "volume": 0.63}
[2026-09-26 02:11:56.976] [JACK] Ich rücke Schritt für Schritt vor...
[2026-09-26 02:11:57.210] [SFX] {"sound": "player_move", "volume": 0.4}
[2026-09-26 02:11:57.245] [SFX] {"sound": "civ_move_1", "volume": 0.03}
[2026-09-26 02:11:57.246] [SFX] {"sound": "civ_move_2", "volume": 0.08}
[2026-09-26 02:11:57.490] [M] {"button": 1, "pos": [391, 188], "ui_clicked": false}
[2026-09-26 02:11:57.500] [P] {"start": [71, 86], "goal": [78, 86], "length": 1, "is_direction_change": false}
[2026-09-26 02:11:57.501] [SFX] {"sound": "click_target", "volume": 0.65}
[2026-09-26 02:11:57.653] [SFX] {"sound": "civ_move_1", "volume": 0.0}
[2026-09-26 02:11:57.654] [SFX] {"sound": "civ_move_2", "volume": 0.09}
[2026-09-26 02:11:57.677] [SFX] {"sound": "player_move", "volume": 0.4}
[2026-09-26 02:11:57.942] [M] {"button": 1, "pos": [397, 187], "ui_clicked": false}
[2026-09-26 02:11:57.950] [P] {"start": [78, 86], "goal": [85, 86], "length": 1, "is_direction_change": false}
[2026-09-26 02:11:57.951] [SFX] {"sound": "click_target", "volume": 0.65}
[2026-09-26 02:11:58.057] [SFX] {"sound": "civ_move_2", "volume": 0.09}
[2026-09-26 02:11:58.092] [SFX] {"sound": "player_move", "volume": 0.4}
[2026-09-26 02:11:58.342] [M] {"button": 1, "pos": [399, 187], "ui_clicked": false}
[2026-09-26 02:11:58.350] [P] {"start": [85, 86], "goal": [92, 86], "length": 1, "is_direction_change": false}
[2026-09-26 02:11:58.351] [SFX] {"sound": "click_target", "volume": 0.65}
[2026-09-26 02:11:58.458] [SFX] {"sound": "player_move", "volume": 0.4}
[2026-09-26 02:11:58.459] [SFX] {"sound": "civ_move_2", "volume": 0.1}
[2026-09-26 02:11:58.874] [SFX] {"sound": "civ_move_2", "volume": 0.09}
[2026-09-26 02:11:59.274] [SFX] {"sound": "civ_move_2", "volume": 0.1}
[2026-09-26 02:11:59.502] [M] {"button": 1, "pos": [399, 187], "ui_clicked": false}
[2026-09-26 02:11:59.688] [SFX] {"sound": "civ_move_2", "volume": 0.1}
[2026-09-26 02:12:00.644] [M] {"button": 1, "pos": [315, 152], "ui_clicked": false}
[2026-09-26 02:12:00.912] [SFX] {"sound": "civ_move_2", "volume": 0.09}
[2026-09-26 02:12:01.109] [M] {"button": 1, "pos": [322, 153], "ui_clicked": false}
[2026-09-26 02:12:01.116] [P] {"start": [92, 86], "goal": [92, 82], "length": 1, "is_direction_change": false}
[2026-09-26 02:12:01.117] [SFX] {"sound": "click_target", "volume": 0.92}
[2026-09-26 02:12:01.186] [SFX] {"sound": "player_move", "volume": 0.4}
[2026-09-26 02:12:01.324] [SFX] {"sound": "civ_move_2", "volume": 0.07}
[2026-09-26 02:12:01.577] [SENTINEL_ALARM_DISPATCHED] {"guard": [32, 18], "investigate": [54, 32]}
[2026-09-26 02:12:01.622] [JACK] Achtung! Eine Wache wurde zu meiner letzten bekannten Position geschickt! Ich muss sofort den Standort wechseln!
[2026-09-26 02:12:01.735] [SFX] {"sound": "civ_move_2", "volume": 0.07}
[2026-09-26 02:12:02.148] [SFX] {"sound": "civ_move_2", "volume": 0.06}
[2026-09-26 02:12:02.823] [M] {"button": 1, "pos": [306, 151], "ui_clicked": false}
[2026-09-26 02:12:02.832] [P] {"start": [92, 82], "goal": [90, 78], "length": 6, "is_direction_change": false}
[2026-09-26 02:12:02.833] [SFX] {"sound": "click_target", "volume": 0.9}
[2026-09-26 02:12:02.977] [SFX] {"sound": "civ_move_2", "volume": 0.06}
[2026-09-26 02:12:03.012] [SFX] {"sound": "player_move", "volume": 0.4}
[2026-09-26 02:12:03.381] [SFX] {"sound": "civ_move_2", "volume": 0.03}
[2026-09-26 02:12:03.797] [SFX] {"sound": "civ_move_2", "volume": 0.02}
[2026-09-26 02:12:04.626] [SFX] {"sound": "civ_move_2", "volume": 0.01}
[2026-09-26 02:12:04.870] [M] {"button": 1, "pos": [335, 148], "ui_clicked": false}
[2026-09-26 02:12:04.879] [P] {"start": [90, 78], "goal": [91, 74], "length": 2, "is_direction_change": false}
[2026-09-26 02:12:04.880] [SFX] {"sound": "click_target", "volume": 0.89}
[2026-09-26 02:12:04.930] [SFX] {"sound": "player_move", "volume": 0.4}
[2026-09-26 02:12:06.679] [SFX] {"sound": "civ_move_1", "volume": 0.0}
[2026-09-26 02:12:06.830] [M] {"button": 1, "pos": [329, 142], "ui_clicked": false}
[2026-09-26 02:12:06.838] [P] {"start": [91, 74], "goal": [92, 69], "length": 2, "is_direction_change": false}
[2026-09-26 02:12:06.839] [SFX] {"sound": "click_target", "volume": 0.88}
[2026-09-26 02:12:06.939] [SFX] {"sound": "player_move", "volume": 0.4}
[2026-09-26 02:12:07.495] [SFX] {"sound": "civ_move_1", "volume": 0.01}
[2026-09-26 02:12:07.977] [M] {"button": 1, "pos": [326, 138], "ui_clicked": false}
[2026-09-26 02:12:07.986] [P] {"start": [92, 69], "goal": [92, 63], "length": 1, "is_direction_change": false}
[2026-09-26 02:12:07.987] [SFX] {"sound": "click_target", "volume": 0.87}
[2026-09-26 02:12:08.025] [JACK] Ich rücke Schritt für Schritt vor...
[2026-09-26 02:12:08.094] [SFX] {"sound": "player_move", "volume": 0.4}
[2026-09-26 02:12:08.144] [SFX] {"sound": "civ_move_1", "volume": 0.0}
[2026-09-26 02:12:08.341] [M] {"button": 1, "pos": [326, 138], "ui_clicked": false}
[2026-09-26 02:12:08.350] [P] {"start": [92, 63], "goal": [92, 59], "length": 1, "is_direction_change": false}
[2026-09-26 02:12:08.350] [SFX] {"sound": "click_target", "volume": 0.92}
[2026-09-26 02:12:08.390] [SFX] {"sound": "civ_move_1", "volume": 0.0}
[2026-09-26 02:12:08.469] [SFX] {"sound": "player_move", "volume": 0.4}
[2026-09-26 02:12:08.559] [SFX] {"sound": "civ_move_1", "volume": 0.03}
[2026-09-26 02:12:08.776] [SFX] {"sound": "civ_move_1", "volume": 0.01}
[2026-09-26 02:12:08.973] [SFX] {"sound": "civ_move_1", "volume": 0.02}
[2026-09-26 02:12:09.024] [M] {"button": 1, "pos": [326, 138], "ui_clicked": false}
[2026-09-26 02:12:09.032] [P] {"start": [92, 59], "goal": [92, 53], "length": 1, "is_direction_change": false}
[2026-09-26 02:12:09.033] [SFX] {"sound": "click_target", "volume": 0.87}
[2026-09-26 02:12:09.182] [SFX] {"sound": "civ_move_1", "volume": 0.02}
[2026-09-26 02:12:09.264] [SFX] {"sound": "player_move", "volume": 0.4}
[2026-09-26 02:12:09.380] [SFX] {"sound": "civ_move_1", "volume": 0.05}
[2026-09-26 02:12:09.447] [SFX] {"sound": "civ_move_1", "volume": 0.01}
[2026-09-26 02:12:09.581] [SFX] {"sound": "civ_move_1", "volume": 0.02}
[2026-09-26 02:12:09.781] [SFX] {"sound": "civ_move_1", "volume": 0.04}
[2026-09-26 02:12:09.847] [SFX] {"sound": "civ_move_1", "volume": 0.02}
[2026-09-26 02:12:09.863] [M] {"button": 1, "pos": [325, 123], "ui_clicked": false}
[2026-09-26 02:12:09.871] [P] {"start": [92, 53], "goal": [92, 46], "length": 1, "is_direction_change": false}
[2026-09-26 02:12:09.872] [SFX] {"sound": "click_target", "volume": 0.83}
[2026-09-26 02:12:09.992] [SFX] {"sound": "civ_move_1", "volume": 0.02}
[2026-09-26 02:12:10.125] [SFX] {"sound": "player_move", "volume": 0.4}
[2026-09-26 02:12:10.192] [SFX] {"sound": "civ_move_1", "volume": 0.05}
[2026-09-26 02:12:10.394] [SFX] {"sound": "civ_move_1", "volume": 0.03}
[2026-09-26 02:12:10.462] [M] {"button": 1, "pos": [325, 102], "ui_clicked": false}
[2026-09-26 02:12:10.471] [P] {"start": [92, 46], "goal": [92, 37], "length": 1, "is_direction_change": false}
[2026-09-26 02:12:10.472] [SFX] {"sound": "click_target", "volume": 0.78}
[2026-09-26 02:12:10.499] [SFX] {"sound": "guardian_move", "volume": 0.0}
[2026-09-26 02:12:10.595] [SFX] {"sound": "civ_move_1", "volume": 0.05}
[2026-09-26 02:12:10.664] [SFX] {"sound": "civ_move_1", "volume": 0.08}
[2026-09-26 02:12:10.685] [SFX] {"sound": "player_move", "volume": 0.4}
[2026-09-26 02:12:10.797] [SFX] {"sound": "civ_move_1", "volume": 0.03}
[2026-09-26 02:12:10.881] [C] {"civ_pos": [90, 37]}
[2026-09-26 02:12:11.005] [SFX] {"sound": "civ_move_1", "volume": 0.05}
[2026-09-26 02:12:11.075] [SFX] {"sound": "civ_move_1", "volume": 0.1}
[2026-09-26 02:12:11.097] [SFX] {"sound": "guardian_move", "volume": 0.08}
[2026-09-26 02:12:11.147] [SFX] {"sound": "civ_move_2", "volume": 0.28}
[2026-09-26 02:12:11.197] [SFX] {"sound": "civ_move_1", "volume": 0.02}
[2026-09-26 02:12:11.411] [SFX] {"sound": "civ_move_1", "volume": 0.04}
[2026-09-26 02:12:11.482] [SFX] {"sound": "civ_move_1", "volume": 0.11}
[2026-09-26 02:12:11.549] [SFX] {"sound": "civ_move_2", "volume": 0.28}
[2026-09-26 02:12:11.603] [SFX] {"sound": "civ_move_1", "volume": 0.01}
[2026-09-26 02:12:11.703] [SFX] {"sound": "guardian_move", "volume": 0.1}
[2026-09-26 02:12:11.821] [SFX] {"sound": "civ_move_1", "volume": 0.03}
[2026-09-26 02:12:11.885] [M] {"button": 5, "pos": [347, 172], "ui_clicked": false}
[2026-09-26 02:12:11.893] [SFX] {"sound": "civ_move_1", "volume": 0.12}
[2026-09-26 02:12:11.908] [M] {"button": 5, "pos": [347, 172], "ui_clicked": false}
[2026-09-26 02:12:11.979] [SFX] {"sound": "civ_move_2", "volume": 0.27}
[2026-09-26 02:12:12.230] [SFX] {"sound": "civ_move_1", "volume": 0.01}
[2026-09-26 02:12:12.263] [M] {"button": 5, "pos": [347, 172], "ui_clicked": false}
[2026-09-26 02:12:12.299] [SFX] {"sound": "civ_move_1", "volume": 0.13}
[2026-09-26 02:12:12.313] [M] {"button": 5, "pos": [347, 172], "ui_clicked": false}
[2026-09-26 02:12:12.321] [SFX] {"sound": "guardian_move", "volume": 0.12}
[2026-09-26 02:12:12.332] [M] {"button": 5, "pos": [347, 172], "ui_clicked": false}
[2026-09-26 02:12:12.387] [SFX] {"sound": "civ_move_2", "volume": 0.27}
[2026-09-26 02:12:12.631] [SFX] {"sound": "civ_move_1", "volume": 0.0}
[2026-09-26 02:12:12.700] [SFX] {"sound": "civ_move_1", "volume": 0.15}
[2026-09-26 02:12:12.802] [SFX] {"sound": "civ_move_2", "volume": 0.26}
[2026-09-26 02:12:12.917] [SFX] {"sound": "guardian_move", "volume": 0.13}
[2026-09-26 02:12:13.116] [SFX] {"sound": "civ_move_1", "volume": 0.16}
[2026-09-26 02:12:13.217] [SFX] {"sound": "civ_move_2", "volume": 0.25}
[2026-09-26 02:12:13.531] [SFX] {"sound": "guardian_move", "volume": 0.15}
[2026-09-26 02:12:13.532] [SFX] {"sound": "civ_move_1", "volume": 0.17}
[2026-09-26 02:12:13.631] [SFX] {"sound": "civ_move_2", "volume": 0.26}
[2026-09-26 02:12:13.927] [M] {"button": 4, "pos": [320, 209], "ui_clicked": false}
[2026-09-26 02:12:13.947] [SFX] {"sound": "civ_move_1", "volume": 0.18}
[2026-09-26 02:12:13.980] [M] {"button": 4, "pos": [320, 208], "ui_clicked": false}
[2026-09-26 02:12:14.034] [SFX] {"sound": "civ_move_2", "volume": 0.26}
[2026-09-26 02:12:14.068] [SFX] {"sound": "civ_move_2", "volume": 0.01}
[2026-09-26 02:12:14.084] [M] {"button": 4, "pos": [320, 208], "ui_clicked": false}
[2026-09-26 02:12:14.136] [SFX] {"sound": "guardian_move", "volume": 0.16}
[2026-09-26 02:12:14.352] [SFX] {"sound": "civ_move_1", "volume": 0.19}
[2026-09-26 02:12:14.385] [M] {"button": 4, "pos": [321, 205], "ui_clicked": false}
[2026-09-26 02:12:14.421] [M] {"button": 4, "pos": [322, 205], "ui_clicked": false}
[2026-09-26 02:12:14.442] [SFX] {"sound": "civ_move_2", "volume": 0.26}
[2026-09-26 02:12:14.743] [M] {"button": 4, "pos": [328, 195], "ui_clicked": false}
[2026-09-26 02:12:14.751] [SFX] {"sound": "guardian_move", "volume": 0.17}
[2026-09-26 02:12:14.771] [SFX] {"sound": "civ_move_1", "volume": 0.2}
[2026-09-26 02:12:14.783] [M] {"button": 4, "pos": [328, 194], "ui_clicked": false}
[2026-09-26 02:12:14.851] [SFX] {"sound": "civ_move_2", "volume": 0.26}
[2026-09-26 02:12:15.171] [SFX] {"sound": "civ_move_1", "volume": 0.22}
[2026-09-26 02:12:15.256] [SFX] {"sound": "civ_move_2", "volume": 0.25}
[2026-09-26 02:12:15.356] [SFX] {"sound": "guardian_move", "volume": 0.18}
[2026-09-26 02:12:15.573] [SFX] {"sound": "civ_move_1", "volume": 0.23}
[2026-09-26 02:12:15.659] [SFX] {"sound": "civ_move_2", "volume": 0.24}
[2026-09-26 02:12:15.958] [SFX] {"sound": "guardian_move", "volume": 0.18}
[2026-09-26 02:12:15.981] [SFX] {"sound": "civ_move_1", "volume": 0.24}
[2026-09-26 02:12:16.060] [SFX] {"sound": "civ_move_2", "volume": 0.23}
[2026-09-26 02:12:16.357] [M] {"button": 4, "pos": [347, 150], "ui_clicked": false}
[2026-09-26 02:12:16.378] [SFX] {"sound": "civ_move_1", "volume": 0.24}
[2026-09-26 02:12:16.393] [M] {"button": 4, "pos": [347, 150], "ui_clicked": false}
[2026-09-26 02:12:16.465] [SFX] {"sound": "civ_move_2", "volume": 0.22}
[2026-09-26 02:12:16.564] [SFX] {"sound": "guardian_move", "volume": 0.2}
[2026-09-26 02:12:16.715] [SFX] {"sound": "guardian_move", "volume": 0.01}
[2026-09-26 02:12:16.783] [SFX] {"sound": "civ_move_1", "volume": 0.25}
[2026-09-26 02:12:16.865] [SFX] {"sound": "civ_move_2", "volume": 0.21}
[2026-09-26 02:12:17.179] [SFX] {"sound": "guardian_move", "volume": 0.23}
[2026-09-26 02:12:17.202] [SFX] {"sound": "civ_move_1", "volume": 0.26}
[2026-09-26 02:12:17.266] [SFX] {"sound": "civ_move_2", "volume": 0.2}
[2026-09-26 02:12:17.315] [SFX] {"sound": "guardian_move", "volume": 0.03}
[2026-09-26 02:12:17.596] [SFX] {"sound": "civ_move_1", "volume": 0.26}
[2026-09-26 02:12:17.666] [SFX] {"sound": "civ_move_2", "volume": 0.19}
[2026-09-26 02:12:17.786] [SFX] {"sound": "guardian_move", "volume": 0.25}
[2026-09-26 02:12:17.920] [SFX] {"sound": "guardian_move", "volume": 0.06}
[2026-09-26 02:12:18.004] [SFX] {"sound": "civ_move_1", "volume": 0.26}
[2026-09-26 02:12:18.071] [SFX] {"sound": "civ_move_2", "volume": 0.18}
[2026-09-26 02:12:18.387] [SFX] {"sound": "guardian_move", "volume": 0.27}
[2026-09-26 02:12:18.411] [SFX] {"sound": "civ_move_1", "volume": 0.26}
[2026-09-26 02:12:18.475] [SFX] {"sound": "civ_move_2", "volume": 0.16}
[2026-09-26 02:12:18.527] [SFX] {"sound": "guardian_move", "volume": 0.08}
[2026-09-26 02:12:18.810] [SFX] {"sound": "civ_move_1", "volume": 0.25}
[2026-09-26 02:12:18.877] [SFX] {"sound": "civ_move_2", "volume": 0.15}
[2026-09-26 02:12:18.993] [SFX] {"sound": "guardian_move", "volume": 0.3}
[2026-09-26 02:12:19.142] [SFX] {"sound": "guardian_move", "volume": 0.11}
[2026-09-26 02:12:19.226] [SFX] {"sound": "civ_move_1", "volume": 0.24}
[2026-09-26 02:12:19.291] [SFX] {"sound": "civ_move_2", "volume": 0.14}
[2026-09-26 02:12:19.606] [SFX] {"sound": "guardian_move", "volume": 0.32}
[2026-09-26 02:12:19.641] [SFX] {"sound": "civ_move_1", "volume": 0.23}
[2026-09-26 02:12:19.692] [SFX] {"sound": "civ_move_2", "volume": 0.13}
[2026-09-26 02:12:19.742] [SFX] {"sound": "guardian_move", "volume": 0.13}
[2026-09-26 02:12:20.056] [SFX] {"sound": "civ_move_1", "volume": 0.22}
[2026-09-26 02:12:20.092] [SFX] {"sound": "civ_move_2", "volume": 0.12}
[2026-09-26 02:12:20.207] [SFX] {"sound": "guardian_move", "volume": 0.33}
[2026-09-26 02:12:20.353] [SFX] {"sound": "guardian_move", "volume": 0.15}
[2026-09-26 02:12:20.456] [SFX] {"sound": "civ_move_1", "volume": 0.21}
[2026-09-26 02:12:20.506] [SFX] {"sound": "civ_move_2", "volume": 0.11}
[2026-09-26 02:12:20.819] [SFX] {"sound": "guardian_move", "volume": 0.31}
[2026-09-26 02:12:20.871] [SFX] {"sound": "civ_move_1", "volume": 0.2}
[2026-09-26 02:12:20.921] [SFX] {"sound": "civ_move_2", "volume": 0.09}
[2026-09-26 02:12:20.954] [SFX] {"sound": "guardian_move", "volume": 0.18}
[2026-09-26 02:12:21.285] [SFX] {"sound": "civ_move_1", "volume": 0.19}
[2026-09-26 02:12:21.334] [SFX] {"sound": "civ_move_2", "volume": 0.08}
[2026-09-26 02:12:21.433] [SFX] {"sound": "guardian_move", "volume": 0.29}
[2026-09-26 02:12:21.567] [SFX] {"sound": "guardian_move", "volume": 0.2}
[2026-09-26 02:12:21.702] [SFX] {"sound": "civ_move_1", "volume": 0.17}
[2026-09-26 02:12:21.735] [SFX] {"sound": "civ_move_2", "volume": 0.07}
[2026-09-26 02:12:21.800] [SFX] {"sound": "civ_move_2", "volume": 0.06}
[2026-09-26 02:12:22.033] [SFX] {"sound": "guardian_move", "volume": 0.27}
[2026-09-26 02:12:22.117] [SFX] {"sound": "civ_move_1", "volume": 0.16}
[2026-09-26 02:12:22.169] [SFX] {"sound": "guardian_move", "volume": 0.22}
[2026-09-26 02:12:22.203] [SFX] {"sound": "civ_move_2", "volume": 0.06}
[2026-09-26 02:12:22.402] [C] {"civ_pos": [90, 37]}
[2026-09-26 02:12:22.432] [JACK] Subroutine gesichtet! Beim Hacken vorsichtig sein: Zivilisten können auch Wachen rufen oder mich abziehen!
[2026-09-26 02:12:22.450] [SFX] {"sound": "civ_move_2", "volume": 0.28}
[2026-09-26 02:12:22.528] [SFX] {"sound": "civ_move_1", "volume": 0.15}
[2026-09-26 02:12:22.628] [SFX] {"sound": "civ_move_2", "volume": 0.06}
[2026-09-26 02:12:22.651] [SFX] {"sound": "guardian_move", "volume": 0.25}
[2026-09-26 02:12:22.845] [SFX] {"sound": "civ_move_2", "volume": 0.28}
[2026-09-26 02:12:22.943] [SFX] {"sound": "civ_move_1", "volume": 0.14}
[2026-09-26 02:12:23.041] [SFX] {"sound": "civ_move_2", "volume": 0.05}
[2026-09-26 02:12:23.253] [SFX] {"sound": "guardian_move", "volume": 0.23}
[2026-09-26 02:12:23.254] [SFX] {"sound": "civ_move_2", "volume": 0.27}
[2026-09-26 02:12:23.357] [SFX] {"sound": "civ_move_1", "volume": 0.13}
[2026-09-26 02:12:23.391] [SFX] {"sound": "guardian_move", "volume": 0.27}
[2026-09-26 02:12:23.443] [SFX] {"sound": "civ_move_2", "volume": 0.04}
[2026-09-26 02:12:23.679] [SFX] {"sound": "civ_move_2", "volume": 0.27}
[2026-09-26 02:12:23.763] [SFX] {"sound": "civ_move_1", "volume": 0.11}
[2026-09-26 02:12:23.848] [SFX] {"sound": "civ_move_2", "volume": 0.02}
[2026-09-26 02:12:23.869] [SFX] {"sound": "guardian_move", "volume": 0.2}
[2026-09-26 02:12:23.996] [SFX] {"sound": "guardian_move", "volume": 0.29}
[2026-09-26 02:12:24.081] [SFX] {"sound": "civ_move_2", "volume": 0.26}
[2026-09-26 02:12:24.178] [SFX] {"sound": "civ_move_1", "volume": 0.1}
[2026-09-26 02:12:24.262] [SFX] {"sound": "civ_move_2", "volume": 0.01}
[2026-09-26 02:12:24.477] [SFX] {"sound": "guardian_move", "volume": 0.18}
[2026-09-26 02:12:24.500] [SFX] {"sound": "civ_move_2", "volume": 0.26}
[2026-09-26 02:12:24.584] [SFX] {"sound": "civ_move_1", "volume": 0.09}
[2026-09-26 02:12:24.608] [SFX] {"sound": "guardian_move", "volume": 0.31}
[2026-09-26 02:12:24.903] [SFX] {"sound": "civ_move_2", "volume": 0.26}
[2026-09-26 02:12:24.989] [SFX] {"sound": "civ_move_1", "volume": 0.08}
[2026-09-26 02:12:25.076] [SFX] {"sound": "civ_move_1", "volume": 0.0}
[2026-09-26 02:12:25.098] [SFX] {"sound": "guardian_move", "volume": 0.15}
[2026-09-26 02:12:25.212] [SFX] {"sound": "guardian_move", "volume": 0.33}
[2026-09-26 02:12:25.311] [SFX] {"sound": "civ_move_2", "volume": 0.26}
[2026-09-26 02:12:25.395] [SFX] {"sound": "civ_move_1", "volume": 0.07}
[2026-09-26 02:12:25.480] [SFX] {"sound": "civ_move_1", "volume": 0.01}
[2026-09-26 02:12:25.703] [SFX] {"sound": "guardian_move", "volume": 0.13}
[2026-09-26 02:12:25.725] [SFX] {"sound": "civ_move_2", "volume": 0.26}
[2026-09-26 02:12:25.806] [SFX] {"sound": "civ_move_1", "volume": 0.05}
[2026-09-26 02:12:25.829] [SFX] {"sound": "guardian_move", "volume": 0.35}
[2026-09-26 02:12:25.891] [SFX] {"sound": "civ_move_1", "volume": 0.03}
[2026-09-26 02:12:25.892] [SFX] {"sound": "civ_move_2", "volume": 0.0}
[2026-09-26 02:12:26.122] [SFX] {"sound": "civ_move_2", "volume": 0.26}
[2026-09-26 02:12:26.206] [SFX] {"sound": "civ_move_1", "volume": 0.04}
[2026-09-26 02:12:26.293] [SFX] {"sound": "civ_move_2", "volume": 0.01}
[2026-09-26 02:12:26.315] [SFX] {"sound": "guardian_move", "volume": 0.11}
[2026-09-26 02:12:26.426] [SFX] {"sound": "guardian_move", "volume": 0.35}
[2026-09-26 02:12:26.529] [SFX] {"sound": "civ_move_2", "volume": 0.26}
[2026-09-26 02:12:26.614] [SFX] {"sound": "civ_move_1", "volume": 0.03}
[2026-09-26 02:12:26.697] [SFX] {"sound": "civ_move_1", "volume": 0.05}
[2026-09-26 02:12:26.698] [SFX] {"sound": "civ_move_2", "volume": 0.02}
[2026-09-26 02:12:26.913] [SFX] {"sound": "guardian_move", "volume": 0.08}
[2026-09-26 02:12:26.936] [SFX] {"sound": "civ_move_2", "volume": 0.25}
[2026-09-26 02:12:27.014] [SFX] {"sound": "civ_move_1", "volume": 0.02}
[2026-09-26 02:12:27.037] [SFX] {"sound": "guardian_move", "volume": 0.34}
[2026-09-26 02:12:27.099] [SFX] {"sound": "civ_move_1", "volume": 0.06}
[2026-09-26 02:12:27.100] [SFX] {"sound": "civ_move_2", "volume": 0.03}
[2026-09-26 02:12:27.331] [SFX] {"sound": "civ_move_2", "volume": 0.24}
[2026-09-26 02:12:27.414] [SFX] {"sound": "civ_move_1", "volume": 0.01}
[2026-09-26 02:12:27.514] [SFX] {"sound": "guardian_move", "volume": 0.06}
[2026-09-26 02:12:27.515] [SFX] {"sound": "civ_move_1", "volume": 0.07}
[2026-09-26 02:12:27.516] [SFX] {"sound": "civ_move_2", "volume": 0.04}
[2026-09-26 02:12:27.632] [SFX] {"sound": "guardian_move", "volume": 0.33}
[2026-09-26 02:12:27.732] [SFX] {"sound": "civ_move_2", "volume": 0.23}
[2026-09-26 02:12:27.896] [M] {"button": 1, "pos": [415, 95], "ui_clicked": false}
[2026-09-26 02:12:27.905] [P] {"start": [92, 37], "goal": [96, 32], "length": 2, "is_direction_change": false}
[2026-09-26 02:12:27.906] [SFX] {"sound": "click_target", "volume": 0.84}
[2026-09-26 02:12:27.948] [SFX] {"sound": "civ_move_1", "volume": 0.09}
[2026-09-26 02:12:27.949] [SFX] {"sound": "civ_move_2", "volume": 0.05}
[2026-09-26 02:12:27.995] [SFX] {"sound": "player_move", "volume": 0.4}
[2026-09-26 02:12:28.114] [SFX] {"sound": "guardian_move", "volume": 0.04}
[2026-09-26 02:12:28.149] [SFX] {"sound": "civ_move_2", "volume": 0.23}
[2026-09-26 02:12:28.235] [SFX] {"sound": "guardian_move", "volume": 0.33}
[2026-09-26 02:12:28.301] [SFX] {"sound": "player_move", "volume": 0.4}
[2026-09-26 02:12:28.323] [SFX] {"sound": "civ_move_1", "volume": 0.13}
[2026-09-26 02:12:28.324] [SFX] {"sound": "civ_move_2", "volume": 0.03}
[2026-09-26 02:12:28.551] [SFX] {"sound": "civ_move_2", "volume": 0.24}
[2026-09-26 02:12:28.634] [SFX] {"sound": "civ_move_1", "volume": 0.0}
[2026-09-26 02:12:28.733] [SFX] {"sound": "civ_move_1", "volume": 0.14}
[2026-09-26 02:12:28.734] [SFX] {"sound": "civ_move_2", "volume": 0.04}
[2026-09-26 02:12:28.835] [SFX] {"sound": "guardian_move", "volume": 0.3}
[2026-09-26 02:12:28.952] [SFX] {"sound": "civ_move_2", "volume": 0.23}
[2026-09-26 02:12:29.133] [SFX] {"sound": "civ_move_1", "volume": 0.16}
[2026-09-26 02:12:29.134] [SFX] {"sound": "civ_move_2", "volume": 0.05}
[2026-09-26 02:12:29.346] [SFX] {"sound": "guardian_move", "volume": 0.01}
[2026-09-26 02:12:29.368] [SFX] {"sound": "civ_move_2", "volume": 0.22}
[2026-09-26 02:12:29.449] [SFX] {"sound": "guardian_move", "volume": 0.29}
[2026-09-26 02:12:29.549] [SFX] {"sound": "civ_move_1", "volume": 0.17}
[2026-09-26 02:12:29.550] [SFX] {"sound": "civ_move_2", "volume": 0.06}
[2026-09-26 02:12:29.766] [SFX] {"sound": "civ_move_2", "volume": 0.21}
[2026-09-26 02:12:29.952] [SFX] {"sound": "guardian_move", "volume": 0.03}
[2026-09-26 02:12:29.952] [SFX] {"sound": "civ_move_1", "volume": 0.18}
[2026-09-26 02:12:29.953] [SFX] {"sound": "civ_move_2", "volume": 0.07}
[2026-09-26 02:12:30.053] [SFX] {"sound": "guardian_move", "volume": 0.27}
[2026-09-26 02:12:30.168] [SFX] {"sound": "civ_move_2", "volume": 0.2}
[2026-09-26 02:12:30.349] [M] {"button": 5, "pos": [395, 120], "ui_clicked": false}
[2026-09-26 02:12:30.372] [SFX] {"sound": "civ_move_1", "volume": 0.19}
[2026-09-26 02:12:30.374] [SFX] {"sound": "civ_move_2", "volume": 0.08}
[2026-09-26 02:12:30.419] [M] {"button": 5, "pos": [395, 120], "ui_clicked": false}
[2026-09-26 02:12:30.556] [SFX] {"sound": "guardian_move", "volume": 0.06}
[2026-09-26 02:12:30.578] [SFX] {"sound": "civ_move_2", "volume": 0.18}
[2026-09-26 02:12:30.660] [SFX] {"sound": "guardian_move", "volume": 0.25}
[2026-09-26 02:12:30.776] [SFX] {"sound": "civ_move_1", "volume": 0.21}
[2026-09-26 02:12:30.777] [SFX] {"sound": "civ_move_2", "volume": 0.09}
[2026-09-26 02:12:30.895] [M] {"button": 5, "pos": [395, 120], "ui_clicked": false}
[2026-09-26 02:12:30.981] [SFX] {"sound": "civ_move_2", "volume": 0.17}
[2026-09-26 02:12:31.162] [SFX] {"sound": "guardian_move", "volume": 0.08}
[2026-09-26 02:12:31.183] [SFX] {"sound": "civ_move_1", "volume": 0.22}
[2026-09-26 02:12:31.184] [SFX] {"sound": "civ_move_2", "volume": 0.1}
[2026-09-26 02:12:31.267] [SFX] {"sound": "guardian_move", "volume": 0.23}
[2026-09-26 02:12:31.383] [SFX] {"sound": "civ_move_2", "volume": 0.16}
[2026-09-26 02:12:31.583] [SFX] {"sound": "civ_move_1", "volume": 0.23}
[2026-09-26 02:12:31.584] [SFX] {"sound": "civ_move_2", "volume": 0.11}
[2026-09-26 02:12:31.766] [SFX] {"sound": "guardian_move", "volume": 0.1}
[2026-09-26 02:12:31.788] [SFX] {"sound": "civ_move_2", "volume": 0.15}
[2026-09-26 02:12:31.867] [SFX] {"sound": "guardian_move", "volume": 0.21}
[2026-09-26 02:12:31.982] [SFX] {"sound": "civ_move_1", "volume": 0.24}
[2026-09-26 02:12:31.983] [SFX] {"sound": "civ_move_2", "volume": 0.12}
[2026-09-26 02:12:32.198] [SFX] {"sound": "civ_move_2", "volume": 0.13}
[2026-09-26 02:12:32.328] [M] {"button": 1, "pos": [457, 186], "ui_clicked": false}
[2026-09-26 02:12:32.336] [P] {"start": [96, 32], "goal": [116, 32], "length": 1, "is_direction_change": false}
[2026-09-26 02:12:32.336] [SFX] {"sound": "click_target", "volume": 0.39}
[2026-09-26 02:12:32.370] [JACK] Kurzer Blick um die Ecke...
[2026-09-26 02:12:32.389] [SFX] {"sound": "guardian_move", "volume": 0.12}
[2026-09-26 02:12:32.390] [SFX] {"sound": "civ_move_1", "volume": 0.26}
[2026-09-26 02:12:32.391] [SFX] {"sound": "civ_move_2", "volume": 0.13}
[2026-09-26 02:12:32.472] [SFX] {"sound": "guardian_move", "volume": 0.18}
[2026-09-26 02:12:32.505] [C] {"civ_pos": [101, 32]}
[2026-09-26 02:12:32.596] [SFX] {"sound": "player_move", "volume": 0.4}
[2026-09-26 02:12:32.618] [SFX] {"sound": "civ_move_2", "volume": 0.17}
[2026-09-26 02:12:32.797] [SFX] {"sound": "civ_move_1", "volume": 0.26}
[2026-09-26 02:12:32.797] [SFX] {"sound": "civ_move_2", "volume": 0.11}
[2026-09-26 02:12:32.798] [SFX] {"sound": "civ_move_1", "volume": 0.0}
[2026-09-26 02:12:32.902] [SFX] {"sound": "player_move", "volume": 0.4}
[2026-09-26 02:12:32.990] [SFX] {"sound": "guardian_move", "volume": 0.02}
[2026-09-26 02:12:33.028] [SFX] {"sound": "civ_move_2", "volume": 0.21}
[2026-09-26 02:12:33.082] [SFX] {"sound": "guardian_move", "volume": 0.06}
[2026-09-26 02:12:33.200] [SFX] {"sound": "civ_move_1", "volume": 0.19}
[2026-09-26 02:12:33.202] [SFX] {"sound": "civ_move_2", "volume": 0.08}
[2026-09-26 02:12:33.203] [SFX] {"sound": "civ_move_1", "volume": 0.07}
[2026-09-26 02:12:33.227] [SFX] {"sound": "player_move", "volume": 0.4}
[2026-09-26 02:12:33.430] [SFX] {"sound": "civ_move_2", "volume": 0.25}
[2026-09-26 02:12:33.482] [SFX] {"sound": "civ_move_1", "volume": 0.01}
[2026-09-26 02:12:33.600] [SFX] {"sound": "civ_move_1", "volume": 0.16}
[2026-09-26 02:12:33.601] [SFX] {"sound": "civ_move_2", "volume": 0.07}
[2026-09-26 02:12:33.602] [SFX] {"sound": "civ_move_1", "volume": 0.11}
[2026-09-26 02:12:33.832] [SFX] {"sound": "civ_move_2", "volume": 0.24}
[2026-09-26 02:12:33.965] [M] {"button": 4, "pos": [329, 184], "ui_clicked": false}
[2026-09-26 02:12:34.001] [SFX] {"sound": "civ_move_1", "volume": 0.15}
[2026-09-26 02:12:34.002] [SFX] {"sound": "civ_move_2", "volume": 0.08}
[2026-09-26 02:12:34.002] [SFX] {"sound": "civ_move_1", "volume": 0.12}
[2026-09-26 02:12:34.033] [M] {"button": 4, "pos": [329, 184], "ui_clicked": false}
[2026-09-26 02:12:34.199] [SFX] {"sound": "guardian_move", "volume": 0.0}
[2026-09-26 02:12:34.233] [SFX] {"sound": "civ_move_2", "volume": 0.22}
[2026-09-26 02:12:34.403] [SFX] {"sound": "civ_move_1", "volume": 0.14}
[2026-09-26 02:12:34.404] [SFX] {"sound": "civ_move_2", "volume": 0.08}
[2026-09-26 02:12:34.405] [SFX] {"sound": "civ_move_1", "volume": 0.13}
[2026-09-26 02:12:34.636] [SFX] {"sound": "civ_move_2", "volume": 0.21}
[2026-09-26 02:12:34.803] [SFX] {"sound": "guardian_move", "volume": 0.03}
[2026-09-26 02:12:34.825] [SFX] {"sound": "civ_move_1", "volume": 0.12}
[2026-09-26 02:12:34.826] [SFX] {"sound": "civ_move_2", "volume": 0.09}
[2026-09-26 02:12:34.827] [SFX] {"sound": "civ_move_1", "volume": 0.14}
[2026-09-26 02:12:35.044] [SFX] {"sound": "civ_move_2", "volume": 0.2}
[2026-09-26 02:12:35.211] [M] {"button": 1, "pos": [352, 156], "ui_clicked": false}
[2026-09-26 02:12:35.220] [SFX] {"sound": "click_target", "volume": 0.91}
[2026-09-26 02:12:35.240] [SFX] {"sound": "civ_move_1", "volume": 0.09}
[2026-09-26 02:12:35.240] [SFX] {"sound": "civ_move_2", "volume": 0.09}
[2026-09-26 02:12:35.241] [SFX] {"sound": "civ_move_1", "volume": 0.16}
[2026-09-26 02:12:35.404] [SFX] {"sound": "guardian_move", "volume": 0.04}
[2026-09-26 02:12:35.455] [SFX] {"sound": "civ_move_2", "volume": 0.2}
[2026-09-26 02:12:35.479] [SFX] {"sound": "civ_move_2", "volume": 0.0}
[2026-09-26 02:12:35.645] [SFX] {"sound": "civ_move_1", "volume": 0.09}
[2026-09-26 02:12:35.646] [SFX] {"sound": "civ_move_2", "volume": 0.09}
[2026-09-26 02:12:35.647] [SFX] {"sound": "civ_move_1", "volume": 0.18}
[2026-09-26 02:12:35.863] [SFX] {"sound": "civ_move_2", "volume": 0.18}
[2026-09-26 02:12:35.886] [SFX] {"sound": "civ_move_2", "volume": 0.01}
[2026-09-26 02:12:36.015] [SFX] {"sound": "guardian_move", "volume": 0.06}
[2026-09-26 02:12:36.051] [SFX] {"sound": "civ_move_1", "volume": 0.09}
[2026-09-26 02:12:36.052] [SFX] {"sound": "civ_move_2", "volume": 0.09}
[2026-09-26 02:12:36.052] [SFX] {"sound": "civ_move_1", "volume": 0.19}
[2026-09-26 02:12:36.264] [SFX] {"sound": "civ_move_2", "volume": 0.17}
[2026-09-26 02:12:36.287] [SFX] {"sound": "civ_move_2", "volume": 0.02}
[2026-09-26 02:12:36.452] [SFX] {"sound": "civ_move_1", "volume": 0.09}
[2026-09-26 02:12:36.453] [SFX] {"sound": "civ_move_2", "volume": 0.09}
[2026-09-26 02:12:36.453] [SFX] {"sound": "civ_move_1", "volume": 0.2}
[2026-09-26 02:12:36.570] [M] {"button": 1, "pos": [382, 251], "ui_clicked": true}
[2026-09-26 02:12:36.627] [SFX] {"sound": "guardian_move", "volume": 0.09}
[2026-09-26 02:12:36.680] [SFX] {"sound": "civ_move_2", "volume": 0.16}
[2026-09-26 02:12:36.703] [SFX] {"sound": "civ_move_2", "volume": 0.04}
[2026-09-26 02:12:36.801] [SFX] {"sound": "infiltrate 2", "volume": 0.5}
[2026-09-26 02:12:36.867] [SFX] {"sound": "civ_move_1", "volume": 0.08}
[2026-09-26 02:12:36.868] [SFX] {"sound": "civ_move_2", "volume": 0.09}
[2026-09-26 02:12:36.869] [SFX] {"sound": "civ_move_1", "volume": 0.21}
[2026-09-26 02:12:37.088] [SFX] {"sound": "civ_move_2", "volume": 0.15}
[2026-09-26 02:12:37.111] [SFX] {"sound": "civ_move_2", "volume": 0.05}
[2026-09-26 02:12:37.209] [SFX] {"sound": "infiltrate 2", "volume": 0.5}
[2026-09-26 02:12:37.247] [SFX] {"sound": "guardian_move", "volume": 0.11}
[2026-09-26 02:12:37.281] [SFX] {"sound": "civ_move_1", "volume": 0.08}
[2026-09-26 02:12:37.282] [SFX] {"sound": "civ_move_2", "volume": 0.12}
[2026-09-26 02:12:37.282] [SFX] {"sound": "civ_move_1", "volume": 0.22}
[2026-09-26 02:12:37.363] [SFX] {"sound": "civ_move_1", "volume": 0.01}
[2026-09-26 02:12:37.430] [SFX] {"sound": "threat_pulse", "volume": 0.35}
[2026-09-26 02:12:37.498] [SFX] {"sound": "civ_move_2", "volume": 0.13}
[2026-09-26 02:12:37.520] [SFX] {"sound": "civ_move_2", "volume": 0.06}
[2026-09-26 02:12:37.617] [SFX] {"sound": "infiltrate 1", "volume": 0.5}
[2026-09-26 02:12:37.683] [SFX] {"sound": "civ_move_1", "volume": 0.08}
[2026-09-26 02:12:37.683] [SFX] {"sound": "civ_move_2", "volume": 0.13}
[2026-09-26 02:12:37.684] [SFX] {"sound": "civ_move_1", "volume": 0.24}
[2026-09-26 02:12:37.766] [SFX] {"sound": "civ_move_1", "volume": 0.02}
[2026-09-26 02:12:37.848] [SFX] {"sound": "guardian_move", "volume": 0.14}
[2026-09-26 02:12:37.900] [SFX] {"sound": "civ_move_2", "volume": 0.12}
[2026-09-26 02:12:37.923] [SFX] {"sound": "civ_move_2", "volume": 0.07}
[2026-09-26 02:12:37.943] [SFX] {"sound": "hack_success", "volume": 1.0}
[2026-09-26 02:12:37.943] [JACK] JACK // Ich habe 33 Daten-Fragmente aus WATCHER extrahiert. Spuren im System verwischt!
[2026-09-26 02:12:38.090] [SFX] {"sound": "civ_move_1", "volume": 0.07}
[2026-09-26 02:12:38.090] [SFX] {"sound": "civ_move_2", "volume": 0.14}
[2026-09-26 02:12:38.091] [SFX] {"sound": "civ_move_1", "volume": 0.25}
[2026-09-26 02:12:38.175] [SFX] {"sound": "civ_move_1", "volume": 0.04}
[2026-09-26 02:12:38.309] [SFX] {"sound": "civ_move_2", "volume": 0.11}
[2026-09-26 02:12:38.331] [SFX] {"sound": "civ_move_2", "volume": 0.09}
[2026-09-26 02:12:38.350] [SFX] {"sound": "threat_pulse", "volume": 0.38}
[2026-09-26 02:12:38.393] [JACK] Die Sentinels patrouillieren. Ich sollte Abstand halten und Sichtkegel meiden.
[2026-09-26 02:12:38.459] [SFX] {"sound": "guardian_move", "volume": 0.16}
[2026-09-26 02:12:38.495] [SFX] {"sound": "civ_move_1", "volume": 0.07}
[2026-09-26 02:12:38.496] [SFX] {"sound": "civ_move_2", "volume": 0.16}
[2026-09-26 02:12:38.496] [SFX] {"sound": "civ_move_1", "volume": 0.26}
[2026-09-26 02:12:38.579] [SFX] {"sound": "civ_move_1", "volume": 0.05}
[2026-09-26 02:12:38.713] [SFX] {"sound": "civ_move_2", "volume": 0.1}
[2026-09-26 02:12:38.894] [SFX] {"sound": "civ_move_1", "volume": 0.06}
[2026-09-26 02:12:38.895] [SFX] {"sound": "civ_move_2", "volume": 0.17}
[2026-09-26 02:12:38.896] [SFX] {"sound": "civ_move_1", "volume": 0.27}
[2026-09-26 02:12:38.976] [M] {"button": 1, "pos": [380, 189], "ui_clicked": false}
[2026-09-26 02:12:38.985] [P] {"start": [117, 32], "goal": [122, 32], "length": 1, "is_direction_change": false}
[2026-09-26 02:12:38.986] [SFX] {"sound": "click_target", "volume": 0.69}
[2026-09-26 02:12:39.031] [SFX] {"sound": "civ_move_1", "volume": 0.06}
[2026-09-26 02:12:39.050] [JACK_REGISTERED_BY_CAMERA] {"camera": [118, 30]}
[2026-09-26 02:12:39.077] [JACK] Scheiße, Kamerasensor aktiviert! Raus aus dem Sichtkegel, sonst schlägt das Sicherheitssystem Alarm!
[2026-09-26 02:12:39.078] [SFX] {"sound": "guardian_move", "volume": 0.17}
[2026-09-26 02:12:39.079] [C] {"civ_pos": [120, 32]}
[2026-09-26 02:12:39.119] [SFX] {"sound": "player_move", "volume": 0.4}
[2026-09-26 02:12:39.120] [SFX] {"sound": "civ_move_2", "volume": 0.11}
[2026-09-26 02:12:39.142] [SFX] {"sound": "civ_move_2", "volume": 0.13}
[2026-09-26 02:12:39.160] [SFX] {"sound": "threat_pulse", "volume": 0.34}
[2026-09-26 02:12:39.306] [SFX] {"sound": "civ_move_1", "volume": 0.03}
[2026-09-26 02:12:39.307] [SFX] {"sound": "civ_move_2", "volume": 0.14}
[2026-09-26 02:12:39.308] [SFX] {"sound": "civ_move_1", "volume": 0.28}
[2026-09-26 02:12:39.405] [SFX] {"sound": "civ_move_1", "volume": 0.11}
[2026-09-26 02:12:39.523] [SFX] {"sound": "civ_move_2", "volume": 0.11}
[2026-09-26 02:12:39.544] [SFX] {"sound": "civ_move_2", "volume": 0.16}
[2026-09-26 02:12:39.676] [SFX] {"sound": "guardian_move", "volume": 0.16}
[2026-09-26 02:12:39.712] [SFX] {"sound": "civ_move_1", "volume": 0.03}
[2026-09-26 02:12:39.713] [SFX] {"sound": "civ_move_2", "volume": 0.16}
[2026-09-26 02:12:39.714] [SFX] {"sound": "civ_move_1", "volume": 0.27}
[2026-09-26 02:12:39.817] [SFX] {"sound": "civ_move_1", "volume": 0.12}
[2026-09-26 02:12:39.934] [SFX] {"sound": "civ_move_2", "volume": 0.1}
[2026-09-26 02:12:39.956] [SFX] {"sound": "civ_move_2", "volume": 0.17}
[2026-09-26 02:12:40.120] [SFX] {"sound": "civ_move_1", "volume": 0.02}
[2026-09-26 02:12:40.120] [SFX] {"sound": "civ_move_2", "volume": 0.17}
[2026-09-26 02:12:40.121] [SFX] {"sound": "civ_move_1", "volume": 0.25}
[2026-09-26 02:12:40.202] [M] {"button": 1, "pos": [335, 155], "ui_clicked": false}
[2026-09-26 02:12:40.211] [SFX] {"sound": "click_target", "volume": 0.94}
[2026-09-26 02:12:40.231] [SFX] {"sound": "civ_move_1", "volume": 0.13}
[2026-09-26 02:12:40.279] [SFX] {"sound": "guardian_move", "volume": 0.19}
[2026-09-26 02:12:40.347] [SFX] {"sound": "civ_move_2", "volume": 0.09}
[2026-09-26 02:12:40.368] [SFX] {"sound": "civ_move_2", "volume": 0.18}
[2026-09-26 02:12:40.532] [SFX] {"sound": "civ_move_1", "volume": 0.02}
[2026-09-26 02:12:40.532] [SFX] {"sound": "civ_move_2", "volume": 0.18}
[2026-09-26 02:12:40.533] [SFX] {"sound": "civ_move_1", "volume": 0.24}
[2026-09-26 02:12:40.633] [SFX] {"sound": "civ_move_1", "volume": 0.15}
[2026-09-26 02:12:40.752] [SFX] {"sound": "civ_move_2", "volume": 0.07}
[2026-09-26 02:12:40.775] [SFX] {"sound": "civ_move_2", "volume": 0.2}
[2026-09-26 02:12:40.890] [SFX] {"sound": "guardian_move", "volume": 0.21}
[2026-09-26 02:12:40.942] [SFX] {"sound": "civ_move_1", "volume": 0.01}
[2026-09-26 02:12:40.943] [SFX] {"sound": "civ_move_2", "volume": 0.19}
[2026-09-26 02:12:40.944] [SFX] {"sound": "civ_move_1", "volume": 0.23}
[2026-09-26 02:12:41.044] [SFX] {"sound": "civ_move_1", "volume": 0.16}
[2026-09-26 02:12:41.163] [SFX] {"sound": "civ_move_2", "volume": 0.06}
[2026-09-26 02:12:41.185] [SFX] {"sound": "civ_move_2", "volume": 0.21}
[2026-09-26 02:12:41.348] [SFX] {"sound": "civ_move_1", "volume": 0.0}
[2026-09-26 02:12:41.349] [SFX] {"sound": "civ_move_2", "volume": 0.21}
[2026-09-26 02:12:41.349] [SFX] {"sound": "civ_move_1", "volume": 0.22}
[2026-09-26 02:12:41.399] [M] {"button": 1, "pos": [373, 249], "ui_clicked": true}
[2026-09-26 02:12:41.459] [SFX] {"sound": "civ_move_1", "volume": 0.17}
[2026-09-26 02:12:41.494] [SFX] {"sound": "guardian_move", "volume": 0.23}
[2026-09-26 02:12:41.495] [SFX] {"sound": "infiltrate 1", "volume": 0.5}
[2026-09-26 02:12:41.517] [SFX] {"sound": "civ_move_2", "volume": 0.01}
[2026-09-26 02:12:41.564] [SFX] {"sound": "civ_move_2", "volume": 0.05}
[2026-09-26 02:12:41.585] [SFX] {"sound": "civ_move_2", "volume": 0.22}
[2026-09-26 02:12:41.650] [SFX] {"sound": "threat_pulse", "volume": 0.31}
[2026-09-26 02:12:41.754] [SFX] {"sound": "civ_move_2", "volume": 0.22}
[2026-09-26 02:12:41.755] [SFX] {"sound": "civ_move_1", "volume": 0.2}
[2026-09-26 02:12:41.872] [SFX] {"sound": "civ_move_1", "volume": 0.18}
[2026-09-26 02:12:41.907] [SFX] {"sound": "infiltrate 1", "volume": 0.5}
[2026-09-26 02:12:41.929] [SFX] {"sound": "civ_move_2", "volume": 0.02}
[2026-09-26 02:12:41.968] [SFX] {"sound": "civ_move_2", "volume": 0.04}
[2026-09-26 02:12:41.991] [SFX] {"sound": "civ_move_2", "volume": 0.23}
[2026-09-26 02:12:42.104] [SFX] {"sound": "guardian_move", "volume": 0.26}
[2026-09-26 02:12:42.155] [SFX] {"sound": "civ_move_2", "volume": 0.23}
[2026-09-26 02:12:42.156] [SFX] {"sound": "civ_move_1", "volume": 0.19}
[2026-09-26 02:12:42.272] [SFX] {"sound": "civ_move_1", "volume": 0.2}
[2026-09-26 02:12:42.308] [SFX] {"sound": "infiltrate 1", "volume": 0.5}
[2026-09-26 02:12:42.331] [SFX] {"sound": "civ_move_2", "volume": 0.04}
[2026-09-26 02:12:42.379] [SFX] {"sound": "civ_move_2", "volume": 0.02}
[2026-09-26 02:12:42.401] [SFX] {"sound": "civ_move_2", "volume": 0.24}
[2026-09-26 02:12:42.551] [SFX] {"sound": "threat_pulse", "volume": 0.4}
[2026-09-26 02:12:42.574] [SFX] {"sound": "civ_move_2", "volume": 0.24}
[2026-09-26 02:12:42.575] [SFX] {"sound": "civ_move_1", "volume": 0.18}
[2026-09-26 02:12:42.687] [SFX] {"sound": "civ_move_1", "volume": 0.21}
[2026-09-26 02:12:42.720] [SFX] {"sound": "guardian_move", "volume": 0.28}
[2026-09-26 02:12:42.721] [SFX] {"sound": "infiltrate 2", "volume": 0.5}
[2026-09-26 02:12:42.745] [SFX] {"sound": "civ_move_2", "volume": 0.05}
[2026-09-26 02:12:42.773] [SFX] {"sound": "hack_success", "volume": 1.0}
[2026-09-26 02:12:42.794] [SFX] {"sound": "civ_move_2", "volume": 0.01}
[2026-09-26 02:12:42.817] [SFX] {"sound": "civ_move_2", "volume": 0.26}
[2026-09-26 02:12:42.979] [SFX] {"sound": "civ_move_2", "volume": 0.25}
[2026-09-26 02:12:42.980] [SFX] {"sound": "civ_move_1", "volume": 0.17}
[2026-09-26 02:12:43.098] [SFX] {"sound": "civ_move_1", "volume": 0.22}
[2026-09-26 02:12:43.152] [SFX] {"sound": "civ_move_2", "volume": 0.06}
[2026-09-26 02:12:43.201] [M] {"button": 1, "pos": [332, 211], "ui_clicked": false}
[2026-09-26 02:12:43.211] [SFX] {"sound": "civ_move_2", "volume": 0.0}
[2026-09-26 02:12:43.212] [SFX] {"sound": "click_target", "volume": 0.74}
[2026-09-26 02:12:43.230] [SFX] {"sound": "civ_move_2", "volume": 0.27}
[2026-09-26 02:12:43.329] [SFX] {"sound": "guardian_move", "volume": 0.31}
[2026-09-26 02:12:43.364] [SFX] {"sound": "threat_pulse", "volume": 0.47}
[2026-09-26 02:12:43.386] [SFX] {"sound": "civ_move_2", "volume": 0.27}
[2026-09-26 02:12:43.387] [SFX] {"sound": "civ_move_1", "volume": 0.16}
[2026-09-26 02:12:43.502] [SFX] {"sound": "civ_move_1", "volume": 0.23}
[2026-09-26 02:12:43.537] [C] {"civ_pos": [124, 32]}
[2026-09-26 02:12:43.589] [SFX] {"sound": "civ_move_2", "volume": 0.07}
[2026-09-26 02:12:43.639] [SFX] {"sound": "civ_move_2", "volume": 0.28}
[2026-09-26 02:12:43.790] [SFX] {"sound": "civ_move_1", "volume": 0.14}
[2026-09-26 02:12:43.858] [M] {"button": 1, "pos": [382, 243], "ui_clicked": true}
[2026-09-26 02:12:43.913] [SFX] {"sound": "civ_move_1", "volume": 0.24}
[2026-09-26 02:12:43.936] [SFX] {"sound": "guardian_move", "volume": 0.33}
[2026-09-26 02:12:43.969] [SFX] {"sound": "civ_move_2", "volume": 0.09}
[2026-09-26 02:12:43.970] [SFX] {"sound": "threat_pulse", "volume": 0.47}
[2026-09-26 02:12:44.052] [SFX] {"sound": "civ_move_2", "volume": 0.29}
[2026-09-26 02:12:44.202] [SFX] {"sound": "civ_move_1", "volume": 0.13}
[2026-09-26 02:12:44.268] [M] {"button": 1, "pos": [385, 252], "ui_clicked": true}
[2026-09-26 02:12:44.315] [SFX] {"sound": "civ_move_1", "volume": 0.26}
[2026-09-26 02:12:44.381] [SFX] {"sound": "civ_move_2", "volume": 0.1}
[2026-09-26 02:12:44.466] [SFX] {"sound": "civ_move_2", "volume": 0.29}
[2026-09-26 02:12:44.535] [SFX] {"sound": "guardian_move", "volume": 0.34}
[2026-09-26 02:12:44.570] [SFX] {"sound": "threat_pulse", "volume": 0.66}
[2026-09-26 02:12:44.605] [SFX] {"sound": "civ_move_2", "volume": 0.3}
[2026-09-26 02:12:44.606] [SFX] {"sound": "civ_move_1", "volume": 0.12}
[2026-09-26 02:12:44.655] [SFX] {"sound": "alert_trigger", "volume": 1.0}
[2026-09-26 02:12:44.723] [SFX] {"sound": "civ_move_1", "volume": 0.27}
[2026-09-26 02:12:44.774] [SFX] {"sound": "threat_pulse", "volume": 0.7}
[2026-09-26 02:12:44.791] [M] {"button": 1, "pos": [386, 255], "ui_clicked": true}
[2026-09-26 02:12:44.830] [SFX] {"sound": "civ_move_2", "volume": 0.11}
[2026-09-26 02:12:44.876] [SFX] {"sound": "civ_move_2", "volume": 0.28}
[2026-09-26 02:12:44.877] [SFX] {"sound": "threat_pulse", "volume": 0.7}
[2026-09-26 02:12:45.009] [SFX] {"sound": "civ_move_2", "volume": 0.28}
[2026-09-26 02:12:45.009] [SFX] {"sound": "civ_move_1", "volume": 0.11}
[2026-09-26 02:12:45.101] [JACK] Wache in Reichweite! Bei 100% Threat greift er direkt an. Ohne Credits gibt's Saures, wenn er mich stellt!
[2026-09-26 02:12:45.102] [SFX] {"sound": "threat_pulse", "volume": 0.7}
[2026-09-26 02:12:45.134] [SFX] {"sound": "civ_move_1", "volume": 0.28}
[2026-09-26 02:12:45.156] [SFX] {"sound": "guardian_move", "volume": 0.36}
[2026-09-26 02:12:45.176] [SFX] {"sound": "infiltrate 2", "volume": 0.5}
[2026-09-26 02:12:45.194] [SFX] {"sound": "threat_pulse", "volume": 0.7}
[2026-09-26 02:12:45.214] [SFX] {"sound": "civ_move_2", "volume": 0.12}
[2026-09-26 02:12:45.280] [SFX] {"sound": "civ_move_2", "volume": 0.27}
[2026-09-26 02:12:45.303] [SFX] {"sound": "threat_pulse", "volume": 0.7}
[2026-09-26 02:12:45.416] [SFX] {"sound": "civ_move_2", "volume": 0.27}
[2026-09-26 02:12:45.416] [SFX] {"sound": "civ_move_1", "volume": 0.09}
[2026-09-26 02:12:45.502] [SFX] {"sound": "threat_pulse", "volume": 0.7}
[2026-09-26 02:12:45.538] [M] {"button": 1, "pos": [221, 180], "ui_clicked": false}
[2026-09-26 02:12:45.545] [SFX] {"sound": "civ_move_1", "volume": 0.29}
[2026-09-26 02:12:45.546] [SFX] {"sound": "action_cancel", "volume": 1.0}
[2026-09-26 02:12:45.547] [P] {"start": [122, 32], "goal": [113, 32], "length": 1, "is_direction_change": false}
[2026-09-26 02:12:45.548] [SFX] {"sound": "click_target", "volume": 0.63}
[2026-09-26 02:12:45.598] [JACK] Verdammt, der Sentinel kreist um mich! Ich kann versuchen ihn mit 50 Credits zu schmieren oder mit 'ner Ausrede zu blöffen.
[2026-09-26 02:12:45.617] [SFX] {"sound": "civ_move_2", "volume": 0.12}
[2026-09-26 02:12:45.618] [SFX] {"sound": "game_over", "volume": 1.0}
[2026-09-26 02:12:50.953] [SFX] {"sound": "hack_success", "volume": 0.8}
[2026-09-26 02:12:51.780] [SESSION_RESET] {"msg": "--- NEW LIFE STARTED ---"}
[2026-09-26 02:12:51.808] [S] {"map": "Shadowgrid"}
[2026-09-26 02:12:51.833] [JACK] Ich taste mich vorsichtig voran. Immer ein Auge auf die IoT-Kameras und Sentinel-Wachen halten.
[2026-09-26 02:12:51.856] [JACK] Ich hab mich wieder im Shadowgrid eingeklinkt... Mein Deck läuft, aber der Grid ist gefährlich. Tipp: Mit 'disp.drv' sehe ich das Nebel-Raster!
[2026-09-26 02:12:53.147] [M] {"button": 1, "pos": [305, 215], "ui_clicked": false}
[2026-09-26 02:12:53.155] [P] {"start": [26, 20], "goal": [24, 24], "length": 4, "is_direction_change": false}
[2026-09-26 02:12:53.155] [SFX] {"sound": "click_target", "volume": 0.7}
[2026-09-26 02:12:53.180] [SFX] {"sound": "player_move", "volume": 0.4}
[2026-09-26 02:12:54.119] [M] {"button": 1, "pos": [326, 222], "ui_clicked": false}
[2026-09-26 02:12:54.128] [P] {"start": [24, 24], "goal": [24, 29], "length": 5, "is_direction_change": false}
[2026-09-26 02:12:54.129] [SFX] {"sound": "click_target", "volume": 0.7}
[2026-09-26 02:12:54.211] [SFX] {"sound": "player_move", "volume": 0.4}
[2026-09-26 02:12:54.657] [M] {"button": 1, "pos": [328, 224], "ui_clicked": false}
[2026-09-26 02:12:55.951] [M] {"button": 1, "pos": [287, 203], "ui_clicked": false}
[2026-09-26 02:12:56.446] [M] {"button": 1, "pos": [295, 210], "ui_clicked": false}
[2026-09-26 02:12:56.942] [M] {"button": 1, "pos": [319, 209], "ui_clicked": false}
[2026-09-26 02:12:56.951] [P] {"start": [24, 29], "goal": [23, 32], "length": 4, "is_direction_change": false}
[2026-09-26 02:12:56.952] [SFX] {"sound": "click_target", "volume": 0.73}
[2026-09-26 02:12:57.165] [SFX] {"sound": "player_move", "volume": 0.4}
[2026-09-26 02:12:58.496] [M] {"button": 1, "pos": [380, 125], "ui_clicked": false}
[2026-09-26 02:12:58.507] [P] {"start": [23, 32], "goal": [30, 25], "length": 18, "is_direction_change": false}
[2026-09-26 02:12:58.508] [SFX] {"sound": "click_target", "volume": 0.75}
[2026-09-26 02:12:58.533] [JACK] Schon wieder kilometerlange Datenstränge laufen... Das treibt mein Deck-Risiko hoch!
[2026-09-26 02:12:58.627] [SFX] {"sound": "player_move", "volume": 0.4}
[2026-09-26 02:13:01.469] [M] {"button": 1, "pos": [340, 227], "ui_clicked": false}
[2026-09-26 02:13:01.478] [P] {"start": [30, 25], "goal": [32, 30], "length": 3, "is_direction_change": false}
[2026-09-26 02:13:01.479] [SFX] {"sound": "click_target", "volume": 0.67}
[2026-09-26 02:13:01.544] [SFX] {"sound": "player_move", "volume": 0.4}
[2026-09-26 02:13:02.195] [M] {"button": 1, "pos": [340, 227], "ui_clicked": false}
[2026-09-26 02:13:02.204] [P] {"start": [32, 30], "goal": [34, 35], "length": 10, "is_direction_change": false}
[2026-09-26 02:13:02.204] [SFX] {"sound": "click_target", "volume": 0.68}
[2026-09-26 02:13:02.502] [SFX] {"sound": "player_move", "volume": 0.4}
[2026-09-26 02:13:04.453] [M] {"button": 1, "pos": [318, 255], "ui_clicked": false}
[2026-09-26 02:13:04.951] [M] {"button": 1, "pos": [327, 235], "ui_clicked": false}
[2026-09-26 02:13:04.960] [P] {"start": [34, 35], "goal": [34, 41], "length": 1, "is_direction_change": false}
[2026-09-26 02:13:04.960] [SFX] {"sound": "click_target", "volume": 0.66}
[2026-09-26 02:13:04.983] [JACK] Ich rücke Schritt für Schritt vor...
[2026-09-26 02:13:05.027] [SFX] {"sound": "player_move", "volume": 0.4}
[2026-09-26 02:13:05.372] [SENTINEL_EMPTIED_IOT] {"iot": "watcher", "stolen_data": 4, "had_jack_sighting": false, "node": [182, 78]}
[2026-09-26 02:13:05.415] [JACK] Der Sentinel hat Kameradaten aus dem IoT-Node ausgelesen... Er kennt jetzt meine Frequenz!
[2026-09-26 02:13:07.147] [M] {"button": 1, "pos": [325, 232], "ui_clicked": false}
[2026-09-26 02:13:07.158] [P] {"start": [34, 41], "goal": [34, 47], "length": 1, "is_direction_change": false}
[2026-09-26 02:13:07.158] [SFX] {"sound": "click_target", "volume": 0.67}
[2026-09-26 02:13:07.197] [SENTINEL_EMPTIED_IOT] {"iot": "watcher", "stolen_data": 0, "had_jack_sighting": false, "node": [182, 78]}
[2026-09-26 02:13:07.249] [SFX] {"sound": "player_move", "volume": 0.4}
[2026-09-26 02:13:07.647] [SFX] {"sound": "civ_move_2", "volume": 0.02}
[2026-09-26 02:13:07.940] [SENTINEL_EMPTIED_IOT] {"iot": "listener", "stolen_data": 0, "had_jack_sighting": false, "node": [68, 126]}
[2026-09-26 02:13:08.055] [SFX] {"sound": "civ_move_2", "volume": 0.03}
[2026-09-26 02:13:08.462] [SFX] {"sound": "civ_move_2", "volume": 0.04}
[2026-09-26 02:13:08.849] [M] {"button": 1, "pos": [370, 178], "ui_clicked": false}
[2026-09-26 02:13:08.859] [P] {"start": [34, 47], "goal": [40, 46], "length": 2, "is_direction_change": false}
[2026-09-26 02:13:08.859] [SFX] {"sound": "click_target", "volume": 0.84}
[2026-09-26 02:13:08.898] [SFX] {"sound": "civ_move_2", "volume": 0.05}
[2026-09-26 02:13:08.960] [SFX] {"sound": "player_move", "volume": 0.4}
[2026-09-26 02:13:09.288] [SFX] {"sound": "civ_move_2", "volume": 0.05}
[2026-09-26 02:13:09.472] [M] {"button": 1, "pos": [408, 180], "ui_clicked": false}
[2026-09-26 02:13:09.483] [P] {"start": [40, 46], "goal": [50, 46], "length": 1, "is_direction_change": false}
[2026-09-26 02:13:09.484] [SFX] {"sound": "click_target", "volume": 0.59}
[2026-09-26 02:13:09.534] [SFX] {"sound": "player_move", "volume": 0.4}
[2026-09-26 02:13:09.699] [SFX] {"sound": "civ_move_2", "volume": 0.05}
[2026-09-26 02:13:09.849] [SFX] {"sound": "player_move", "volume": 0.4}
[2026-09-26 02:13:10.100] [SFX] {"sound": "civ_move_2", "volume": 0.05}
[2026-09-26 02:13:10.478] [M] {"button": 1, "pos": [408, 180], "ui_clicked": false}
[2026-09-26 02:13:10.487] [P] {"start": [50, 46], "goal": [60, 46], "length": 1, "is_direction_change": false}
[2026-09-26 02:13:10.488] [SFX] {"sound": "click_target", "volume": 0.58}
[2026-09-26 02:13:10.514] [SFX] {"sound": "civ_move_2", "volume": 0.05}
[2026-09-26 02:13:10.681] [SFX] {"sound": "player_move", "volume": 0.4}
[2026-09-26 02:13:10.914] [SFX] {"sound": "civ_move_2", "volume": 0.03}
[2026-09-26 02:13:11.258] [M] {"button": 1, "pos": [408, 180], "ui_clicked": false}
[2026-09-26 02:13:11.266] [P] {"start": [60, 46], "goal": [70, 46], "length": 1, "is_direction_change": false}
[2026-09-26 02:13:11.267] [SFX] {"sound": "click_target", "volume": 0.6}
[2026-09-26 02:13:11.307] [SFX] {"sound": "player_move", "volume": 0.4}
[2026-09-26 02:13:11.324] [SFX] {"sound": "civ_move_2", "volume": 0.03}
[2026-09-26 02:13:11.584] [SFX] {"sound": "player_move", "volume": 0.4}
[2026-09-26 02:13:11.714] [SFX] {"sound": "threat_pulse", "volume": 0.3}
[2026-09-26 02:13:12.177] [SENTINEL_EMPTIED_IOT] {"iot": "watcher", "stolen_data": 3, "had_jack_sighting": false, "node": [182, 98]}
[2026-09-26 02:13:12.962] [SFX] {"sound": "civ_move_2", "volume": 0.0}
[2026-09-26 02:13:13.364] [SFX] {"sound": "civ_move_2", "volume": 0.01}
[2026-09-26 02:13:14.136] [SFX] {"sound": "civ_move_2", "volume": 0.02}
[2026-09-26 02:13:14.186] [SFX] {"sound": "civ_move_2", "volume": 0.01}
[2026-09-26 02:13:14.251] [M] {"button": 4, "pos": [388, 183], "ui_clicked": false}
[2026-09-26 02:13:14.550] [SFX] {"sound": "civ_move_2", "volume": 0.03}
[2026-09-26 02:13:14.601] [SFX] {"sound": "civ_move_2", "volume": 0.02}
[2026-09-26 02:13:14.666] [M] {"button": 4, "pos": [388, 183], "ui_clicked": false}
[2026-09-26 02:13:14.676] [SFX] {"sound": "civ_move_2", "volume": 0.07}
[2026-09-26 02:13:14.686] [M] {"button": 4, "pos": [388, 183], "ui_clicked": false}
[2026-09-26 02:13:14.958] [SFX] {"sound": "civ_move_2", "volume": 0.04}
[2026-09-26 02:13:15.012] [SFX] {"sound": "civ_move_2", "volume": 0.02}
[2026-09-26 02:13:15.080] [SFX] {"sound": "civ_move_2", "volume": 0.07}
[2026-09-26 02:13:15.363] [SFX] {"sound": "civ_move_2", "volume": 0.05}
[2026-09-26 02:13:15.429] [SFX] {"sound": "civ_move_2", "volume": 0.02}
[2026-09-26 02:13:15.479] [SFX] {"sound": "civ_move_2", "volume": 0.07}
[2026-09-26 02:13:15.843] [SFX] {"sound": "civ_move_2", "volume": 0.02}
[2026-09-26 02:13:15.896] [SFX] {"sound": "civ_move_2", "volume": 0.07}
[2026-09-26 02:13:16.179] [SFX] {"sound": "civ_move_2", "volume": 0.08}
[2026-09-26 02:13:16.246] [SFX] {"sound": "civ_move_2", "volume": 0.02}
[2026-09-26 02:13:16.313] [SFX] {"sound": "civ_move_2", "volume": 0.05}
[2026-09-26 02:13:16.589] [SFX] {"sound": "civ_move_2", "volume": 0.09}
[2026-09-26 02:13:16.653] [SFX] {"sound": "civ_move_2", "volume": 0.02}
[2026-09-26 02:13:16.720] [SFX] {"sound": "civ_move_2", "volume": 0.04}
[2026-09-26 02:13:17.000] [SFX] {"sound": "civ_move_2", "volume": 0.1}
[2026-09-26 02:13:17.066] [SFX] {"sound": "civ_move_2", "volume": 0.02}
[2026-09-26 02:13:17.131] [SFX] {"sound": "civ_move_2", "volume": 0.03}
[2026-09-26 02:13:17.410] [SFX] {"sound": "civ_move_2", "volume": 0.12}
[2026-09-26 02:13:17.478] [SFX] {"sound": "civ_move_2", "volume": 0.02}
[2026-09-26 02:13:17.824] [SFX] {"sound": "civ_move_2", "volume": 0.13}
[2026-09-26 02:13:17.889] [SFX] {"sound": "civ_move_2", "volume": 0.01}
[2026-09-26 02:13:17.956] [SFX] {"sound": "civ_move_2", "volume": 0.0}
[2026-09-26 02:13:18.234] [SFX] {"sound": "civ_move_2", "volume": 0.14}
[2026-09-26 02:13:18.634] [SFX] {"sound": "civ_move_2", "volume": 0.15}
[2026-09-26 02:13:19.049] [SFX] {"sound": "civ_move_2", "volume": 0.17}
[2026-09-26 02:13:19.451] [SFX] {"sound": "civ_move_2", "volume": 0.18}
[2026-09-26 02:13:19.863] [SFX] {"sound": "civ_move_2", "volume": 0.19}
[2026-09-26 02:13:20.278] [SFX] {"sound": "civ_move_2", "volume": 0.2}
[2026-09-26 02:13:20.691] [SFX] {"sound": "civ_move_2", "volume": 0.21}
[2026-09-26 02:13:21.108] [SFX] {"sound": "civ_move_2", "volume": 0.23}
[2026-09-26 02:13:21.186] [M] {"button": 5, "pos": [388, 183], "ui_clicked": false}
[2026-09-26 02:13:21.522] [SFX] {"sound": "civ_move_2", "volume": 0.24}
[2026-09-26 02:13:21.936] [SFX] {"sound": "civ_move_2", "volume": 0.25}
[2026-09-26 02:13:21.937] [SFX] {"sound": "civ_move_1", "volume": 0.0}
[2026-09-26 02:13:21.989] [SFX] {"sound": "civ_move_1", "volume": 0.01}
[2026-09-26 02:13:22.337] [SFX] {"sound": "civ_move_2", "volume": 0.26}
[2026-09-26 02:13:22.337] [SFX] {"sound": "civ_move_1", "volume": 0.02}
[2026-09-26 02:13:22.751] [SFX] {"sound": "civ_move_2", "volume": 0.27}
[2026-09-26 02:13:22.751] [SFX] {"sound": "civ_move_1", "volume": 0.03}
[2026-09-26 02:13:22.916] [M] {"button": 1, "pos": [301, 190], "ui_clicked": false}
[2026-09-26 02:13:22.925] [P] {"start": [70, 46], "goal": [68, 46], "length": 1, "is_direction_change": false}
[2026-09-26 02:13:22.926] [SFX] {"sound": "click_target", "volume": 0.77}
[2026-09-26 02:13:22.963] [JACK] Kurzer Blick um die Ecke...
[2026-09-26 02:13:23.158] [SFX] {"sound": "civ_move_2", "volume": 0.27}
[2026-09-26 02:13:23.159] [SFX] {"sound": "civ_move_1", "volume": 0.03}
[2026-09-26 02:13:23.571] [SFX] {"sound": "civ_move_2", "volume": 0.28}
[2026-09-26 02:13:23.572] [SFX] {"sound": "civ_move_1", "volume": 0.04}
[2026-09-26 02:13:23.704] [SFX] {"sound": "civ_move_2", "volume": 0.0}
[2026-09-26 02:13:23.788] [C] {"civ_pos": [68, 44]}
[2026-09-26 02:13:23.868] [SFX] {"sound": "threat_pulse", "volume": 0.32}
[2026-09-26 02:13:23.986] [SFX] {"sound": "civ_move_2", "volume": 0.28}
[2026-09-26 02:13:23.986] [SFX] {"sound": "civ_move_1", "volume": 0.05}
[2026-09-26 02:13:24.104] [SFX] {"sound": "civ_move_2", "volume": 0.01}
[2026-09-26 02:13:24.400] [SFX] {"sound": "civ_move_2", "volume": 0.28}
[2026-09-26 02:13:24.401] [SFX] {"sound": "civ_move_1", "volume": 0.06}
[2026-09-26 02:13:24.516] [M] {"button": 1, "pos": [303, 149], "ui_clicked": false}
[2026-09-26 02:13:24.524] [SFX] {"sound": "civ_move_2", "volume": 0.01}
[2026-09-26 02:13:24.525] [JACK] JACK // STEEPED IN CHROME CULTURE. HER PERSONAL LOGS ARE FULL OF BLACK-MARKET CONTACTS.
[2026-09-26 02:13:24.526] [SFX] {"sound": "click_target", "volume": 0.95}
[2026-09-26 02:13:24.569] [SFX] {"sound": "player_move", "volume": 0.4}
[2026-09-26 02:13:24.782] [SFX] {"sound": "threat_pulse", "volume": 0.33}
[2026-09-26 02:13:24.816] [SFX] {"sound": "civ_move_2", "volume": 0.27}
[2026-09-26 02:13:24.817] [SFX] {"sound": "civ_move_1", "volume": 0.03}
[2026-09-26 02:13:24.885] [SFX] {"sound": "player_move", "volume": 0.4}
[2026-09-26 02:13:24.919] [SFX] {"sound": "civ_move_2", "volume": 0.06}
[2026-09-26 02:13:25.197] [SFX] {"sound": "player_move", "volume": 0.4}
[2026-09-26 02:13:25.231] [SFX] {"sound": "civ_move_2", "volume": 0.23}
[2026-09-26 02:13:25.263] [SFX] {"sound": "civ_move_2", "volume": 0.01}
[2026-09-26 02:13:25.327] [SFX] {"sound": "civ_move_2", "volume": 0.11}
[2026-09-26 02:13:25.510] [SFX] {"sound": "player_move", "volume": 0.4}
[2026-09-26 02:13:25.643] [SFX] {"sound": "civ_move_2", "volume": 0.18}
[2026-09-26 02:13:25.676] [SFX] {"sound": "civ_move_2", "volume": 0.05}
[2026-09-26 02:13:25.743] [SFX] {"sound": "civ_move_2", "volume": 0.15}
[2026-09-26 02:13:25.825] [SFX] {"sound": "player_move", "volume": 0.4}
[2026-09-26 02:13:26.056] [SFX] {"sound": "civ_move_2", "volume": 0.13}
[2026-09-26 02:13:26.088] [SFX] {"sound": "civ_move_2", "volume": 0.08}
[2026-09-26 02:13:26.137] [SFX] {"sound": "player_move", "volume": 0.4}
[2026-09-26 02:13:26.159] [SFX] {"sound": "civ_move_2", "volume": 0.18}
[2026-09-26 02:13:26.450] [SFX] {"sound": "player_move", "volume": 0.4}
[2026-09-26 02:13:26.472] [SFX] {"sound": "civ_move_2", "volume": 0.14}
[2026-09-26 02:13:26.504] [SFX] {"sound": "civ_move_2", "volume": 0.05}
[2026-09-26 02:13:26.554] [SFX] {"sound": "civ_move_2", "volume": 0.17}
[2026-09-26 02:13:26.752] [SFX] {"sound": "player_move", "volume": 0.4}
[2026-09-26 02:13:26.870] [SFX] {"sound": "civ_move_2", "volume": 0.22}
[2026-09-26 02:13:26.905] [JACK_REGISTERED_BY_CAMERA] {"camera": [46, 42]}
[2026-09-26 02:13:26.905] [SFX] {"sound": "civ_move_2", "volume": 0.01}
[2026-09-26 02:13:26.934] [JACK] Verflucht, eine Kamera hat mich erfasst! Mein Threat-Meter steigt! Tipp: Mit 'ucam.drv' werden Kamerasichtkegel rot markiert.
[2026-09-26 02:13:26.963] [SFX] {"sound": "civ_move_2", "volume": 0.14}
[2026-09-26 02:13:27.058] [SFX] {"sound": "player_move", "volume": 0.4}
[2026-09-26 02:13:27.259] [C] {"civ_pos": [55, 44]}
[2026-09-26 02:13:27.300] [SFX] {"sound": "civ_move_2", "volume": 0.29}
[2026-09-26 02:13:27.301] [SFX] {"sound": "civ_move_1", "volume": 0.04}
[2026-09-26 02:13:27.319] [SFX] {"sound": "civ_move_1", "volume": 0.05}
[2026-09-26 02:13:27.365] [SFX] {"sound": "player_move", "volume": 0.4}
[2026-09-26 02:13:27.366] [SFX] {"sound": "civ_move_2", "volume": 0.11}
[2026-09-26 02:13:27.578] [SFX] {"sound": "threat_pulse", "volume": 0.3}
[2026-09-26 02:13:27.676] [SFX] {"sound": "player_move", "volume": 0.4}
[2026-09-26 02:13:27.677] [SFX] {"sound": "civ_move_2", "volume": 0.29}
[2026-09-26 02:13:27.678] [SFX] {"sound": "civ_move_1", "volume": 0.06}
[2026-09-26 02:13:27.776] [SFX] {"sound": "civ_move_2", "volume": 0.12}
[2026-09-26 02:13:27.991] [SFX] {"sound": "player_move", "volume": 0.4}
[2026-09-26 02:13:28.092] [SFX] {"sound": "civ_move_2", "volume": 0.29}
[2026-09-26 02:13:28.092] [SFX] {"sound": "civ_move_1", "volume": 0.06}
[2026-09-26 02:13:28.178] [SFX] {"sound": "civ_move_2", "volume": 0.13}
[2026-09-26 02:13:28.296] [SFX] {"sound": "player_move", "volume": 0.4}
[2026-09-26 02:13:28.493] [SFX] {"sound": "civ_move_2", "volume": 0.29}
[2026-09-26 02:13:28.494] [SFX] {"sound": "civ_move_1", "volume": 0.06}
[2026-09-26 02:13:28.495] [SFX] {"sound": "threat_pulse", "volume": 0.32}
[2026-09-26 02:13:28.508] [M] {"button": 1, "pos": [421, 205], "ui_clicked": true}
[2026-09-26 02:13:28.557] [SFX] {"sound": "civ_move_1", "volume": 0.06}
[2026-09-26 02:13:28.581] [SFX] {"sound": "infiltrate 1", "volume": 0.5}
[2026-09-26 02:13:28.599] [SFX] {"sound": "civ_move_2", "volume": 0.14}
[2026-09-26 02:13:28.617] [SFX] {"sound": "player_move", "volume": 0.4}
[2026-09-26 02:13:28.896] [SFX] {"sound": "civ_move_2", "volume": 0.29}
[2026-09-26 02:13:28.896] [SFX] {"sound": "civ_move_1", "volume": 0.06}
[2026-09-26 02:13:28.918] [SFX] {"sound": "player_move", "volume": 0.4}
[2026-09-26 02:13:28.963] [SFX] {"sound": "civ_move_1", "volume": 0.06}
[2026-09-26 02:13:28.987] [SFX] {"sound": "infiltrate 2", "volume": 0.5}
[2026-09-26 02:13:29.008] [SFX] {"sound": "civ_move_2", "volume": 0.15}
[2026-09-26 02:13:29.224] [SFX] {"sound": "player_move", "volume": 0.4}
[2026-09-26 02:13:29.309] [SFX] {"sound": "civ_move_2", "volume": 0.29}
[2026-09-26 02:13:29.310] [SFX] {"sound": "civ_move_1", "volume": 0.06}
[2026-09-26 02:13:29.390] [SFX] {"sound": "infiltrate 1", "volume": 0.5}
[2026-09-26 02:13:29.412] [SFX] {"sound": "civ_move_2", "volume": 0.21}
[2026-09-26 02:13:29.413] [SFX] {"sound": "threat_pulse", "volume": 0.33}
[2026-09-26 02:13:29.524] [SFX] {"sound": "player_move", "volume": 0.4}
[2026-09-26 02:13:29.721] [SFX] {"sound": "civ_move_2", "volume": 0.29}
[2026-09-26 02:13:29.722] [SFX] {"sound": "civ_move_1", "volume": 0.06}
[2026-09-26 02:13:29.773] [C] {"civ_pos": [45, 44]}
[2026-09-26 02:13:29.822] [SFX] {"sound": "civ_move_1", "volume": 0.06}
[2026-09-26 02:13:29.841] [SFX] {"sound": "player_move", "volume": 0.4}
[2026-09-26 02:13:29.842] [SFX] {"sound": "civ_move_2", "volume": 0.23}
[2026-09-26 02:13:29.843] [SFX] {"sound": "infiltrate 2", "volume": 0.5}
[2026-09-26 02:13:29.875] [SFX] {"sound": "hack_success", "volume": 1.0}
[2026-09-26 02:13:29.876] [JACK] JACK // Ich habe 1 Credits von MARA STRYKER (SUB-DERMAL TECH) gehackt! Er flieht zum Wachtposten!
[2026-09-26 02:13:29.877] [JACK] JACK // STEEPED IN CHROME CULTURE. HER PERSONAL LOGS ARE FULL OF BLACK-MARKET CONTACTS.
[2026-09-26 02:13:30.122] [SFX] {"sound": "civ_move_2", "volume": 0.3}
[2026-09-26 02:13:30.123] [SFX] {"sound": "civ_move_1", "volume": 0.07}
[2026-09-26 02:13:30.236] [SFX] {"sound": "civ_move_2", "volume": 0.25}
[2026-09-26 02:13:30.316] [SFX] {"sound": "threat_pulse", "volume": 0.31}
[2026-09-26 02:13:30.530] [SFX] {"sound": "civ_move_2", "volume": 0.29}
[2026-09-26 02:13:30.530] [SFX] {"sound": "civ_move_1", "volume": 0.08}
[2026-09-26 02:13:30.645] [SFX] {"sound": "civ_move_2", "volume": 0.26}
[2026-09-26 02:13:30.945] [SFX] {"sound": "civ_move_2", "volume": 0.27}
[2026-09-26 02:13:30.946] [SFX] {"sound": "civ_move_1", "volume": 0.09}
[2026-09-26 02:13:31.045] [SFX] {"sound": "civ_move_2", "volume": 0.27}
[2026-09-26 02:13:31.346] [SFX] {"sound": "civ_move_2", "volume": 0.26}
[2026-09-26 02:13:31.346] [SFX] {"sound": "civ_move_1", "volume": 0.1}
[2026-09-26 02:13:31.412] [SFX] {"sound": "civ_move_1", "volume": 0.11}
[2026-09-26 02:13:31.446] [SFX] {"sound": "civ_move_2", "volume": 0.28}
[2026-09-26 02:13:31.758] [SFX] {"sound": "civ_move_2", "volume": 0.25}
[2026-09-26 02:13:31.759] [SFX] {"sound": "civ_move_1", "volume": 0.12}
[2026-09-26 02:13:31.859] [SFX] {"sound": "civ_move_2", "volume": 0.29}
[2026-09-26 02:13:31.988] [M] {"button": 1, "pos": [432, 185], "ui_clicked": false}
[2026-09-26 02:13:31.998] [P] {"start": [45, 44], "goal": [52, 44], "length": 1, "is_direction_change": false}
[2026-09-26 02:13:31.998] [SFX] {"sound": "click_target", "volume": 0.66}
[2026-09-26 02:13:32.165] [SFX] {"sound": "civ_move_2", "volume": 0.26}
[2026-09-26 02:13:32.166] [SFX] {"sound": "civ_move_1", "volume": 0.15}
[2026-09-26 02:13:32.230] [SFX] {"sound": "civ_move_1", "volume": 0.17}
[2026-09-26 02:13:32.265] [SFX] {"sound": "player_move", "volume": 0.4}
[2026-09-26 02:13:32.266] [SFX] {"sound": "civ_move_2", "volume": 0.27}
[2026-09-26 02:13:32.315] [C] {"civ_pos": [54, 44]}
[2026-09-26 02:13:32.580] [SFX] {"sound": "civ_move_2", "volume": 0.27}
[2026-09-26 02:13:32.580] [SFX] {"sound": "civ_move_1", "volume": 0.19}
[2026-09-26 02:13:32.678] [SFX] {"sound": "civ_move_2", "volume": 0.27}
[2026-09-26 02:13:32.980] [SFX] {"sound": "civ_move_2", "volume": 0.26}
[2026-09-26 02:13:32.981] [SFX] {"sound": "civ_move_1", "volume": 0.2}
[2026-09-26 02:13:33.081] [SFX] {"sound": "civ_move_2", "volume": 0.28}
[2026-09-26 02:13:33.392] [SFX] {"sound": "civ_move_2", "volume": 0.25}
[2026-09-26 02:13:33.393] [SFX] {"sound": "civ_move_1", "volume": 0.21}
[2026-09-26 02:13:33.459] [SFX] {"sound": "civ_move_1", "volume": 0.22}
[2026-09-26 02:13:33.493] [SFX] {"sound": "civ_move_2", "volume": 0.3}
[2026-09-26 02:13:33.801] [SFX] {"sound": "civ_move_2", "volume": 0.24}
[2026-09-26 02:13:33.802] [SFX] {"sound": "civ_move_1", "volume": 0.23}
[2026-09-26 02:13:33.899] [SFX] {"sound": "civ_move_2", "volume": 0.29}
[2026-09-26 02:13:34.212] [SFX] {"sound": "civ_move_2", "volume": 0.23}
[2026-09-26 02:13:34.212] [SFX] {"sound": "civ_move_1", "volume": 0.24}
[2026-09-26 02:13:34.309] [SFX] {"sound": "civ_move_2", "volume": 0.28}
[2026-09-26 02:13:34.626] [SFX] {"sound": "civ_move_2", "volume": 0.21}
[2026-09-26 02:13:34.627] [SFX] {"sound": "civ_move_1", "volume": 0.25}
[2026-09-26 02:13:34.713] [SFX] {"sound": "civ_move_2", "volume": 0.27}
[2026-09-26 02:13:35.040] [SFX] {"sound": "civ_move_2", "volume": 0.2}
[2026-09-26 02:13:35.041] [SFX] {"sound": "civ_move_1", "volume": 0.26}
[2026-09-26 02:13:35.124] [SFX] {"sound": "civ_move_2", "volume": 0.26}
[2026-09-26 02:13:35.177] [M] {"button": 1, "pos": [435, 185], "ui_clicked": false}
[2026-09-26 02:13:35.186] [JACK] JACK // EXTREMELY TIGHT ENCRYPTION. INFILTRATING HER NODE TAKES FAST REFLEXES.
[2026-09-26 02:13:35.187] [SFX] {"sound": "click_target", "volume": 0.66}
[2026-09-26 02:13:35.286] [C] {"civ_pos": [55, 44]}
[2026-09-26 02:13:35.440] [SFX] {"sound": "civ_move_2", "volume": 0.23}
[2026-09-26 02:13:35.441] [SFX] {"sound": "civ_move_1", "volume": 0.29}
[2026-09-26 02:13:35.465] [SFX] {"sound": "player_move", "volume": 0.4}
[2026-09-26 02:13:35.494] [SFX] {"sound": "civ_move_1", "volume": 0.28}
[2026-09-26 02:13:35.529] [SFX] {"sound": "civ_move_2", "volume": 0.29}
[2026-09-26 02:13:35.760] [SFX] {"sound": "player_move", "volume": 0.4}
[2026-09-26 02:13:35.844] [SFX] {"sound": "civ_move_2", "volume": 0.24}
[2026-09-26 02:13:35.845] [SFX] {"sound": "civ_move_1", "volume": 0.26}
[2026-09-26 02:13:35.894] [SFX] {"sound": "civ_move_1", "volume": 0.25}
[2026-09-26 02:13:35.931] [SFX] {"sound": "civ_move_2", "volume": 0.29}
[2026-09-26 02:13:36.067] [SFX] {"sound": "player_move", "volume": 0.4}
[2026-09-26 02:13:36.150] [SFX] {"sound": "threat_pulse", "volume": 0.31}
[2026-09-26 02:13:36.265] [SFX] {"sound": "civ_move_2", "volume": 0.24}
[2026-09-26 02:13:36.265] [SFX] {"sound": "civ_move_1", "volume": 0.23}
[2026-09-26 02:13:36.315] [SENTINEL_EMPTIED_IOT] {"iot": "watcher", "stolen_data": 4, "had_jack_sighting": false, "node": [182, 78]}
[2026-09-26 02:13:36.344] [JACK] Der Sentinel hat Kameradaten aus dem IoT-Node ausgelesen... Er kennt jetzt meine Frequenz!
[2026-09-26 02:13:36.345] [SFX] {"sound": "civ_move_2", "volume": 0.29}
[2026-09-26 02:13:36.373] [SFX] {"sound": "player_move", "volume": 0.4}
[2026-09-26 02:13:36.405] [M] {"button": 1, "pos": [432, 199], "ui_clicked": true}
[2026-09-26 02:13:36.663] [SFX] {"sound": "civ_move_2", "volume": 0.23}
[2026-09-26 02:13:36.664] [SFX] {"sound": "civ_move_1", "volume": 0.21}
[2026-09-26 02:13:36.685] [SFX] {"sound": "player_move", "volume": 0.4}
[2026-09-26 02:13:36.714] [SFX] {"sound": "civ_move_1", "volume": 0.2}
[2026-09-26 02:13:36.749] [SFX] {"sound": "civ_move_2", "volume": 0.29}
[2026-09-26 02:13:36.771] [SFX] {"sound": "infiltrate 1", "volume": 0.5}
[2026-09-26 02:13:36.995] [SFX] {"sound": "player_move", "volume": 0.4}
[2026-09-26 02:13:37.065] [SFX] {"sound": "civ_move_2", "volume": 0.24}
[2026-09-26 02:13:37.065] [SFX] {"sound": "civ_move_1", "volume": 0.18}
[2026-09-26 02:13:37.066] [SFX] {"sound": "threat_pulse", "volume": 0.32}
[2026-09-26 02:13:37.115] [SFX] {"sound": "civ_move_1", "volume": 0.18}
[2026-09-26 02:13:37.165] [SFX] {"sound": "civ_move_2", "volume": 0.29}
[2026-09-26 02:13:37.187] [SFX] {"sound": "infiltrate 2", "volume": 0.5}
[2026-09-26 02:13:37.297] [SFX] {"sound": "player_move", "volume": 0.4}
[2026-09-26 02:13:37.476] [SFX] {"sound": "civ_move_2", "volume": 0.23}
[2026-09-26 02:13:37.476] [SFX] {"sound": "civ_move_1", "volume": 0.16}
[2026-09-26 02:13:37.525] [SFX] {"sound": "civ_move_1", "volume": 0.15}
[2026-09-26 02:13:37.580] [SFX] {"sound": "civ_move_2", "volume": 0.29}
[2026-09-26 02:13:37.603] [SFX] {"sound": "player_move", "volume": 0.4}
[2026-09-26 02:13:37.604] [SFX] {"sound": "infiltrate 2", "volume": 0.5}
[2026-09-26 02:13:37.785] [SFX] {"sound": "hack_success", "volume": 1.0}
[2026-09-26 02:13:52.654] [M] {"button": 1, "pos": [337, 277], "ui_clicked": true}
[2026-09-26 02:13:57.683] [M] {"button": 1, "pos": [330, 283], "ui_clicked": true}
[2026-09-26 02:13:57.684] [SFX] {"sound": "hack_success", "volume": 1.0}
[2026-09-26 02:13:57.734] [C] {"civ_pos": [68, 44]}
[2026-09-26 02:13:57.788] [SFX] {"sound": "civ_move_2", "volume": 0.23}
[2026-09-26 02:13:57.788] [SFX] {"sound": "civ_move_1", "volume": 0.13}
[2026-09-26 02:13:57.811] [SFX] {"sound": "player_move", "volume": 0.4}
[2026-09-26 02:13:57.843] [SFX] {"sound": "civ_move_1", "volume": 0.13}
[2026-09-26 02:13:57.875] [SFX] {"sound": "threat_pulse", "volume": 0.33}
[2026-09-26 02:13:57.899] [SFX] {"sound": "civ_move_2", "volume": 0.29}
[2026-09-26 02:13:58.116] [SFX] {"sound": "player_move", "volume": 0.4}
[2026-09-26 02:13:58.200] [SFX] {"sound": "civ_move_2", "volume": 0.24}
[2026-09-26 02:13:58.200] [SFX] {"sound": "civ_move_1", "volume": 0.11}
[2026-09-26 02:13:58.252] [SFX] {"sound": "civ_move_1", "volume": 0.1}
[2026-09-26 02:13:58.301] [SFX] {"sound": "civ_move_2", "volume": 0.29}
[2026-09-26 02:13:58.418] [SFX] {"sound": "player_move", "volume": 0.4}
[2026-09-26 02:13:58.603] [SFX] {"sound": "civ_move_2", "volume": 0.24}
[2026-09-26 02:13:58.604] [SFX] {"sound": "civ_move_1", "volume": 0.08}
[2026-09-26 02:13:58.703] [SFX] {"sound": "civ_move_2", "volume": 0.29}
[2026-09-26 02:13:58.726] [SFX] {"sound": "player_move", "volume": 0.4}
[2026-09-26 02:13:58.790] [SFX] {"sound": "threat_pulse", "volume": 0.34}
[2026-09-26 02:13:59.006] [SFX] {"sound": "civ_move_2", "volume": 0.23}
[2026-09-26 02:13:59.007] [SFX] {"sound": "civ_move_1", "volume": 0.06}
[2026-09-26 02:13:59.030] [SFX] {"sound": "player_move", "volume": 0.4}
[2026-09-26 02:13:59.061] [SFX] {"sound": "civ_move_1", "volume": 0.06}
[2026-09-26 02:13:59.110] [SFX] {"sound": "civ_move_2", "volume": 0.29}
[2026-09-26 02:13:59.329] [SFX] {"sound": "player_move", "volume": 0.4}
[2026-09-26 02:13:59.415] [SFX] {"sound": "civ_move_2", "volume": 0.24}
[2026-09-26 02:13:59.416] [SFX] {"sound": "civ_move_1", "volume": 0.03}
[2026-09-26 02:13:59.516] [SFX] {"sound": "civ_move_2", "volume": 0.29}
[2026-09-26 02:13:59.632] [SFX] {"sound": "player_move", "volume": 0.4}
[2026-09-26 02:13:59.665] [M] {"button": 1, "pos": [381, 208], "ui_clicked": true}
[2026-09-26 02:13:59.689] [SFX] {"sound": "threat_pulse", "volume": 0.35}
[2026-09-26 02:13:59.821] [SFX] {"sound": "civ_move_2", "volume": 0.23}
[2026-09-26 02:13:59.821] [SFX] {"sound": "civ_move_1", "volume": 0.01}
[2026-09-26 02:13:59.901] [SFX] {"sound": "infiltrate 2", "volume": 0.5}
[2026-09-26 02:13:59.924] [SFX] {"sound": "civ_move_2", "volume": 0.29}
[2026-09-26 02:13:59.942] [SFX] {"sound": "player_move", "volume": 0.4}
[2026-09-26 02:14:00.203] [C] {"civ_pos": [78, 44]}
[2026-09-26 02:14:00.259] [SFX] {"sound": "player_move", "volume": 0.4}
[2026-09-26 02:14:00.260] [SFX] {"sound": "civ_move_2", "volume": 0.24}
[2026-09-26 02:14:00.306] [JACK] JACK // Ich bin in der Sanctuary-Proxy-Zone! Hier kann mich das Sicherheitssystem nicht orten.
[2026-09-26 02:14:00.307] [JACK] JACK // Ich bin in der Sanctuary-Proxy-Zone! Hier bin ich sicher.
[2026-09-26 02:14:00.326] [SFX] {"sound": "civ_move_2", "volume": 0.3}
[2026-09-26 02:14:00.573] [SFX] {"sound": "player_move", "volume": 0.4}
[2026-09-26 02:14:00.669] [SFX] {"sound": "civ_move_2", "volume": 0.28}
[2026-09-26 02:14:00.735] [SFX] {"sound": "civ_move_2", "volume": 0.25}
[2026-09-26 02:14:00.884] [SFX] {"sound": "player_move", "volume": 0.4}
[2026-09-26 02:14:00.998] [JACK_REGISTERED_BY_CAMERA] {"camera": [92, 42]}
[2026-09-26 02:14:01.027] [JACK] Verflucht, eine Kamera hat mich erfasst! Mein Threat-Meter steigt! Tipp: Mit 'ucam.drv' werden Kamerasichtkegel rot markiert.
[2026-09-26 02:14:01.072] [SFX] {"sound": "civ_move_2", "volume": 0.27}
[2026-09-26 02:14:01.138] [SFX] {"sound": "civ_move_2", "volume": 0.21}
[2026-09-26 02:14:01.187] [SFX] {"sound": "player_move", "volume": 0.4}
[2026-09-26 02:14:01.483] [SFX] {"sound": "civ_move_2", "volume": 0.24}
[2026-09-26 02:14:01.550] [SFX] {"sound": "civ_move_2", "volume": 0.18}
[2026-09-26 02:14:01.898] [SFX] {"sound": "civ_move_2", "volume": 0.25}
[2026-09-26 02:14:01.964] [SFX] {"sound": "civ_move_2", "volume": 0.19}
[2026-09-26 02:14:02.310] [SFX] {"sound": "civ_move_2", "volume": 0.26}
[2026-09-26 02:14:02.375] [SFX] {"sound": "civ_move_2", "volume": 0.2}
[2026-09-26 02:14:02.723] [SFX] {"sound": "civ_move_2", "volume": 0.27}
[2026-09-26 02:14:02.789] [SFX] {"sound": "civ_move_2", "volume": 0.22}
[2026-09-26 02:14:03.137] [SFX] {"sound": "civ_move_2", "volume": 0.28}
[2026-09-26 02:14:03.137] [C] {"civ_pos": [98, 44]}
[2026-09-26 02:14:03.191] [SFX] {"sound": "civ_move_2", "volume": 0.23}
[2026-09-26 02:14:03.541] [SFX] {"sound": "civ_move_2", "volume": 0.3}
[2026-09-26 02:14:03.593] [SFX] {"sound": "civ_move_2", "volume": 0.24}
[2026-09-26 02:14:03.955] [SFX] {"sound": "civ_move_2", "volume": 0.29}
[2026-09-26 02:14:04.008] [SFX] {"sound": "civ_move_2", "volume": 0.25}
[2026-09-26 02:14:04.355] [M] {"button": 1, "pos": [320, 155], "ui_clicked": false}
[2026-09-26 02:14:04.363] [SFX] {"sound": "civ_move_2", "volume": 0.28}
[2026-09-26 02:14:04.364] [SFX] {"sound": "click_target", "volume": 0.96}
[2026-09-26 02:14:04.408] [SFX] {"sound": "civ_move_2", "volume": 0.27}
[2026-09-26 02:14:04.656] [SFX] {"sound": "threat_pulse", "volume": 0.3}
[2026-09-26 02:14:04.772] [SFX] {"sound": "civ_move_2", "volume": 0.27}
[2026-09-26 02:14:04.822] [SFX] {"sound": "civ_move_2", "volume": 0.28}
[2026-09-26 02:14:05.186] [SFX] {"sound": "civ_move_2", "volume": 0.25}
[2026-09-26 02:14:05.223] [SFX] {"sound": "civ_move_2", "volume": 0.29}
[2026-09-26 02:14:05.435] [M] {"button": 1, "pos": [354, 177], "ui_clicked": true}
[2026-09-26 02:14:05.472] [SFX] {"sound": "infiltrate 1", "volume": 0.5}
[2026-09-26 02:14:05.572] [SFX] {"sound": "threat_pulse", "volume": 0.32}
[2026-09-26 02:14:05.594] [SFX] {"sound": "civ_move_2", "volume": 0.24}
[2026-09-26 02:14:05.639] [C] {"civ_pos": [100, 44]}
[2026-09-26 02:14:05.878] [SFX] {"sound": "infiltrate 1", "volume": 0.5}
[2026-09-26 02:14:05.995] [SFX] {"sound": "civ_move_2", "volume": 0.23}
[2026-09-26 02:14:06.279] [SFX] {"sound": "infiltrate 2", "volume": 0.5}
[2026-09-26 02:14:06.396] [SFX] {"sound": "civ_move_2", "volume": 0.22}
[2026-09-26 02:14:06.480] [SFX] {"sound": "threat_pulse", "volume": 0.41}
[2026-09-26 02:14:06.693] [SFX] {"sound": "infiltrate 2", "volume": 0.5}
[2026-09-26 02:14:06.807] [SFX] {"sound": "hack_success", "volume": 1.0}
[2026-09-26 02:14:06.816] [SFX] {"sound": "civ_move_2", "volume": 0.2}
[2026-09-26 02:14:07.033] [JACK] Schweres Wummern... Ein Sentinel nahebei! Sie sprechen mich ab 50-99% Nervosität an – ich halte 50 Credits Schmiergeld bereit!
[2026-09-26 02:14:07.211] [SFX] {"sound": "civ_move_2", "volume": 0.19}
[2026-09-26 02:14:07.294] [SFX] {"sound": "threat_pulse", "volume": 0.49}
[2026-09-26 02:14:07.624] [SFX] {"sound": "civ_move_2", "volume": 0.18}
[2026-09-26 02:14:07.905] [SFX] {"sound": "threat_pulse", "volume": 0.55}
[2026-09-26 02:14:08.039] [SFX] {"sound": "civ_move_2", "volume": 0.17}
[2026-09-26 02:14:08.329] [SFX] {"sound": "threat_pulse", "volume": 0.59}
[2026-09-26 02:14:08.442] [SFX] {"sound": "civ_move_2", "volume": 0.16}
[2026-09-26 02:14:08.624] [SFX] {"sound": "threat_pulse", "volume": 0.62}
[2026-09-26 02:14:08.838] [SFX] {"sound": "threat_pulse", "volume": 0.64}
[2026-09-26 02:14:08.854] [M] {"button": 1, "pos": [344, 167], "ui_clicked": true}
[2026-09-26 02:14:08.882] [SFX] {"sound": "civ_move_2", "volume": 0.14}
[2026-09-26 02:14:09.046] [SFX] {"sound": "threat_pulse", "volume": 0.65}
[2026-09-26 02:14:09.162] [SFX] {"sound": "infiltrate 2", "volume": 0.5}
[2026-09-26 02:14:09.260] [SFX] {"sound": "civ_move_2", "volume": 0.13}
[2026-09-26 02:14:09.261] [SFX] {"sound": "threat_pulse", "volume": 0.65}
[2026-09-26 02:14:09.577] [SFX] {"sound": "infiltrate 1", "volume": 0.5}
[2026-09-26 02:14:09.627] [M] {"button": 1, "pos": [243, 192], "ui_clicked": false}
[2026-09-26 02:14:09.637] [SFX] {"sound": "action_cancel", "volume": 1.0}
[2026-09-26 02:14:09.638] [P] {"start": [100, 44], "goal": [95, 44], "length": 1, "is_direction_change": false}
[2026-09-26 02:14:09.639] [SFX] {"sound": "click_target", "volume": 0.71}
[2026-09-26 02:14:09.673] [SFX] {"sound": "civ_move_2", "volume": 0.11}
[2026-09-26 02:14:09.674] [SFX] {"sound": "threat_pulse", "volume": 0.65}
[2026-09-26 02:14:09.740] [SFX] {"sound": "player_move", "volume": 0.4}
[2026-09-26 02:14:09.888] [SFX] {"sound": "threat_pulse", "volume": 0.64}
[2026-09-26 02:14:10.090] [SFX] {"sound": "civ_move_2", "volume": 0.07}
[2026-09-26 02:14:10.091] [SFX] {"sound": "threat_pulse", "volume": 0.63}
[2026-09-26 02:14:10.271] [M] {"button": 1, "pos": [242, 192], "ui_clicked": false}
[2026-09-26 02:14:10.280] [P] {"start": [95, 44], "goal": [90, 44], "length": 1, "is_direction_change": false}
[2026-09-26 02:14:10.281] [SFX] {"sound": "click_target", "volume": 0.71}
[2026-09-26 02:14:10.319] [JACK] Wache in Reichweite! Bei 100% Threat greift er direkt an. Ohne Credits gibt's Saures, wenn er mich stellt!
[2026-09-26 02:14:10.320] [SFX] {"sound": "threat_pulse", "volume": 0.62}
[2026-09-26 02:14:10.447] [SFX] {"sound": "player_move", "volume": 0.4}
[2026-09-26 02:14:10.499] [SFX] {"sound": "civ_move_2", "volume": 0.02}
[2026-09-26 02:14:10.500] [SFX] {"sound": "threat_pulse", "volume": 0.61}
[2026-09-26 02:14:10.811] [SFX] {"sound": "threat_pulse", "volume": 0.6}
[2026-09-26 02:14:10.911] [SFX] {"sound": "civ_move_2", "volume": 0.01}
[2026-09-26 02:14:11.125] [SFX] {"sound": "threat_pulse", "volume": 0.58}
[2026-09-26 02:14:11.439] [SFX] {"sound": "threat_pulse", "volume": 0.56}
[2026-09-26 02:14:11.852] [SFX] {"sound": "threat_pulse", "volume": 0.54}
[2026-09-26 02:14:12.262] [SFX] {"sound": "threat_pulse", "volume": 0.52}
[2026-09-26 02:14:12.762] [SFX] {"sound": "threat_pulse", "volume": 0.5}
[2026-09-26 02:14:13.365] [SFX] {"sound": "threat_pulse", "volume": 0.47}
[2026-09-26 02:14:13.730] [SFX] {"sound": "civ_move_2", "volume": 0.01}
[2026-09-26 02:14:13.979] [SFX] {"sound": "threat_pulse", "volume": 0.44}
[2026-09-26 02:14:14.132] [SFX] {"sound": "civ_move_2", "volume": 0.02}
[2026-09-26 02:14:14.543] [SFX] {"sound": "civ_move_2", "volume": 0.03}
[2026-09-26 02:14:14.693] [SFX] {"sound": "threat_pulse", "volume": 0.4}
[2026-09-26 02:14:14.950] [SFX] {"sound": "civ_move_2", "volume": 0.04}
[2026-09-26 02:14:15.362] [SFX] {"sound": "civ_move_2", "volume": 0.05}
[2026-09-26 02:14:15.498] [SFX] {"sound": "threat_pulse", "volume": 0.36}
[2026-09-26 02:14:15.763] [SFX] {"sound": "civ_move_2", "volume": 0.06}
[2026-09-26 02:14:16.163] [SFX] {"sound": "civ_move_2", "volume": 0.07}
[2026-09-26 02:14:16.414] [SFX] {"sound": "threat_pulse", "volume": 0.32}
[2026-09-26 02:14:16.563] [SFX] {"sound": "civ_move_2", "volume": 0.08}
[2026-09-26 02:14:16.964] [SFX] {"sound": "civ_move_2", "volume": 0.09}
[2026-09-26 02:14:17.228] [M] {"button": 1, "pos": [353, 154], "ui_clicked": false}
[2026-09-26 02:14:17.236] [SFX] {"sound": "click_target", "volume": 0.94}
[2026-09-26 02:14:17.379] [SFX] {"sound": "civ_move_2", "volume": 0.09}
[2026-09-26 02:14:17.794] [SFX] {"sound": "civ_move_2", "volume": 0.1}
[2026-09-26 02:14:18.209] [SFX] {"sound": "civ_move_2", "volume": 0.11}
[2026-09-26 02:14:18.257] [M] {"button": 1, "pos": [379, 171], "ui_clicked": true}
[2026-09-26 02:14:18.286] [JACK] Ich durchwühle mein Cyberdeck-Inventar. Welches Tool brauchen wir?
[2026-09-26 02:14:18.613] [SFX] {"sound": "civ_move_2", "volume": 0.12}
[2026-09-26 02:14:18.636] [SFX] {"sound": "infiltrate 1", "volume": 0.5}
[2026-09-26 02:14:19.013] [SFX] {"sound": "civ_move_2", "volume": 0.13}
[2026-09-26 02:14:19.036] [SFX] {"sound": "infiltrate 2", "volume": 0.5}
[2026-09-26 02:14:19.422] [SFX] {"sound": "civ_move_2", "volume": 0.14}
[2026-09-26 02:14:19.446] [SFX] {"sound": "infiltrate 1", "volume": 0.5}
[2026-09-26 02:14:19.628] [SFX] {"sound": "hack_success", "volume": 1.0}
[2026-09-26 02:14:19.628] [JACK] JACK // Ich habe 5 Daten-Fragmente aus WATCHER extrahiert. Spuren im System verwischt!
[2026-09-26 02:14:19.827] [SFX] {"sound": "civ_move_2", "volume": 0.15}
[2026-09-26 02:14:20.240] [SFX] {"sound": "civ_move_2", "volume": 0.16}
[2026-09-26 02:14:20.456] [SFX] {"sound": "civ_move_1", "volume": 0.23}
[2026-09-26 02:14:20.656] [SFX] {"sound": "civ_move_2", "volume": 0.17}
[2026-09-26 02:14:20.868] [SFX] {"sound": "civ_move_1", "volume": 0.23}
[2026-09-26 02:14:20.916] [SENTINEL_ALARM_DISPATCHED] {"guard": [167, 46], "investigate": [184, 44]}
[2026-09-26 02:14:20.950] [JACK] Achtung! Eine Wache wurde zu meiner letzten bekannten Position geschickt! Ich muss sofort den Standort wechseln!
[2026-09-26 02:14:21.068] [SFX] {"sound": "civ_move_2", "volume": 0.18}
[2026-09-26 02:14:21.298] [SFX] {"sound": "civ_move_1", "volume": 0.23}
[2026-09-26 02:14:21.313] [M] {"button": 1, "pos": [215, 184], "ui_clicked": false}
[2026-09-26 02:14:21.322] [P] {"start": [91, 44], "goal": [84, 44], "length": 1, "is_direction_change": false}
[2026-09-26 02:14:21.323] [SFX] {"sound": "click_target", "volume": 0.67}
[2026-09-26 02:14:21.475] [SFX] {"sound": "civ_move_2", "volume": 0.21}
[2026-09-26 02:14:21.508] [SFX] {"sound": "player_move", "volume": 0.4}
[2026-09-26 02:14:21.711] [SFX] {"sound": "civ_move_1", "volume": 0.16}
[2026-09-26 02:14:21.792] [M] {"button": 1, "pos": [215, 184], "ui_clicked": false}
[2026-09-26 02:14:21.801] [P] {"start": [84, 44], "goal": [79, 44], "length": 1, "is_direction_change": false}
[2026-09-26 02:14:21.802] [SFX] {"sound": "click_target", "volume": 0.7}
[2026-09-26 02:14:21.886] [SFX] {"sound": "civ_move_2", "volume": 0.22}
[2026-09-26 02:14:21.921] [SFX] {"sound": "civ_move_1", "volume": 0.01}
[2026-09-26 02:14:21.957] [SFX] {"sound": "player_move", "volume": 0.4}
[2026-09-26 02:14:22.123] [SFX] {"sound": "civ_move_1", "volume": 0.11}
[2026-09-26 02:14:22.288] [SFX] {"sound": "civ_move_2", "volume": 0.2}
[2026-09-26 02:14:22.322] [SFX] {"sound": "civ_move_1", "volume": 0.04}
[2026-09-26 02:14:22.538] [SFX] {"sound": "civ_move_1", "volume": 0.1}
[2026-09-26 02:14:22.703] [SFX] {"sound": "civ_move_2", "volume": 0.19}
[2026-09-26 02:14:22.736] [SFX] {"sound": "civ_move_1", "volume": 0.06}
[2026-09-26 02:14:22.953] [SFX] {"sound": "civ_move_1", "volume": 0.09}
[2026-09-26 02:14:23.118] [SFX] {"sound": "civ_move_2", "volume": 0.18}
[2026-09-26 02:14:23.152] [SFX] {"sound": "civ_move_1", "volume": 0.07}
[2026-09-26 02:14:23.369] [SFX] {"sound": "civ_move_1", "volume": 0.08}
[2026-09-26 02:14:23.516] [M] {"button": 1, "pos": [187, 225], "ui_clicked": false}
[2026-09-26 02:14:23.524] [P] {"start": [79, 44], "goal": [70, 46], "length": 3, "is_direction_change": false}
[2026-09-26 02:14:23.525] [SFX] {"sound": "click_target", "volume": 0.63}
[2026-09-26 02:14:23.573] [SFX] {"sound": "civ_move_2", "volume": 0.17}
[2026-09-26 02:14:23.583] [JACK] JACK // Ich bin in der Sanctuary-Proxy-Zone! Hier kann mich das Sicherheitssystem nicht orten.
[2026-09-26 02:14:23.584] [JACK] JACK // Ich bin in der Sanctuary-Proxy-Zone! Hier bin ich sicher.
[2026-09-26 02:14:23.592] [SFX] {"sound": "civ_move_1", "volume": 0.09}
[2026-09-26 02:14:23.736] [SFX] {"sound": "player_move", "volume": 0.4}
[2026-09-26 02:14:23.768] [SFX] {"sound": "civ_move_1", "volume": 0.03}
[2026-09-26 02:14:23.947] [SFX] {"sound": "civ_move_2", "volume": 0.11}
[2026-09-26 02:14:23.999] [SFX] {"sound": "civ_move_1", "volume": 0.17}
[2026-09-26 02:14:24.050] [SFX] {"sound": "player_move", "volume": 0.4}
[2026-09-26 02:14:24.152] [M] {"button": 1, "pos": [185, 221], "ui_clicked": false}
[2026-09-26 02:14:24.161] [P] {"start": [66, 44], "goal": [61, 46], "length": 3, "is_direction_change": true}
[2026-09-26 02:14:24.161] [SFX] {"sound": "click_target", "volume": 0.69}
[2026-09-26 02:14:24.245] [SFX] {"sound": "civ_move_2", "volume": 0.04}
[2026-09-26 02:14:24.362] [SFX] {"sound": "player_move", "volume": 0.4}
[2026-09-26 02:14:24.362] [SFX] {"sound": "civ_move_2", "volume": 0.05}
[2026-09-26 02:14:24.409] [SFX] {"sound": "civ_move_1", "volume": 0.24}
[2026-09-26 02:14:24.639] [C] {"civ_pos": [54, 44]}
[2026-09-26 02:14:24.681] [SFX] {"sound": "civ_move_2", "volume": 0.08}
[2026-09-26 02:14:24.698] [SFX] {"sound": "player_move", "volume": 0.4}
[2026-09-26 02:14:24.709] [M] {"button": 1, "pos": [185, 221], "ui_clicked": false}
[2026-09-26 02:14:24.720] [P] {"start": [55, 44], "goal": [50, 46], "length": 3, "is_direction_change": true}
[2026-09-26 02:14:24.721] [SFX] {"sound": "click_target", "volume": 0.7}
[2026-09-26 02:14:24.819] [SFX] {"sound": "civ_move_1", "volume": 0.29}
[2026-09-26 02:14:24.869] [SFX] {"sound": "civ_move_1", "volume": 0.04}
[2026-09-26 02:14:24.998] [SFX] {"sound": "player_move", "volume": 0.4}
[2026-09-26 02:14:25.064] [SFX] {"sound": "civ_move_2", "volume": 0.13}
[2026-09-26 02:14:25.234] [SFX] {"sound": "civ_move_1", "volume": 0.21}
[2026-09-26 02:14:25.269] [SFX] {"sound": "civ_move_1", "volume": 0.09}
[2026-09-26 02:14:25.303] [SFX] {"sound": "player_move", "volume": 0.4}
[2026-09-26 02:14:25.634] [SFX] {"sound": "civ_move_1", "volume": 0.14}
[2026-09-26 02:14:25.917] [SFX] {"sound": "civ_move_2", "volume": 0.18}
[2026-09-26 02:14:25.940] [SFX] {"sound": "player_move", "volume": 0.4}
[2026-09-26 02:14:26.036] [SFX] {"sound": "civ_move_1", "volume": 0.13}
[2026-09-26 02:14:26.239] [SFX] {"sound": "player_move", "volume": 0.4}
[2026-09-26 02:14:26.321] [SFX] {"sound": "civ_move_2", "volume": 0.16}
[2026-09-26 02:14:26.436] [SFX] {"sound": "civ_move_1", "volume": 0.18}
[2026-09-26 02:14:26.488] [SFX] {"sound": "civ_move_1", "volume": 0.08}
[2026-09-26 02:14:26.553] [SFX] {"sound": "player_move", "volume": 0.4}
[2026-09-26 02:14:26.721] [SFX] {"sound": "civ_move_2", "volume": 0.13}
[2026-09-26 02:14:26.837] [SFX] {"sound": "civ_move_1", "volume": 0.2}
[2026-09-26 02:14:26.889] [SFX] {"sound": "civ_move_1", "volume": 0.06}
[2026-09-26 02:14:27.140] [SFX] {"sound": "civ_move_2", "volume": 0.13}
[2026-09-26 02:14:27.239] [SFX] {"sound": "civ_move_1", "volume": 0.19}
[2026-09-26 02:14:27.289] [SFX] {"sound": "civ_move_1", "volume": 0.08}
[2026-09-26 02:14:27.555] [SFX] {"sound": "civ_move_2", "volume": 0.12}
[2026-09-26 02:14:27.656] [SFX] {"sound": "civ_move_1", "volume": 0.18}
[2026-09-26 02:14:27.689] [SFX] {"sound": "civ_move_1", "volume": 0.1}
[2026-09-26 02:14:27.957] [SFX] {"sound": "civ_move_2", "volume": 0.11}
[2026-09-26 02:14:28.057] [SFX] {"sound": "civ_move_1", "volume": 0.17}
[2026-09-26 02:14:28.092] [SFX] {"sound": "civ_move_1", "volume": 0.11}
[2026-09-26 02:14:28.374] [SFX] {"sound": "civ_move_2", "volume": 0.11}
[2026-09-26 02:14:28.459] [SFX] {"sound": "civ_move_1", "volume": 0.15}
[2026-09-26 02:14:28.496] [SFX] {"sound": "civ_move_1", "volume": 0.12}
[2026-09-26 02:14:28.544] [M] {"button": 1, "pos": [174, 187], "ui_clicked": false}
[2026-09-26 02:14:28.552] [P] {"start": [50, 46], "goal": [41, 46], "length": 1, "is_direction_change": false}
[2026-09-26 02:14:28.553] [SFX] {"sound": "click_target", "volume": 0.62}
[2026-09-26 02:14:28.729] [SFX] {"sound": "player_move", "volume": 0.4}
[2026-09-26 02:14:28.780] [SFX] {"sound": "civ_move_2", "volume": 0.12}
[2026-09-26 02:14:28.864] [SFX] {"sound": "civ_move_1", "volume": 0.1}
[2026-09-26 02:14:28.897] [SFX] {"sound": "civ_move_1", "volume": 0.18}
[2026-09-26 02:14:29.190] [SFX] {"sound": "civ_move_2", "volume": 0.12}
[2026-09-26 02:14:29.272] [SFX] {"sound": "civ_move_1", "volume": 0.06}
[2026-09-26 02:14:29.304] [SFX] {"sound": "civ_move_1", "volume": 0.21}
[2026-09-26 02:14:29.454] [M] {"button": 1, "pos": [122, 23], "ui_clicked": true}
[2026-09-26 02:14:29.601] [SFX] {"sound": "civ_move_2", "volume": 0.11}
[2026-09-26 02:14:29.683] [SFX] {"sound": "civ_move_1", "volume": 0.05}
[2026-09-26 02:14:29.719] [SFX] {"sound": "civ_move_1", "volume": 0.22}
[2026-09-26 02:14:30.017] [SFX] {"sound": "civ_move_2", "volume": 0.1}
[2026-09-26 02:14:30.098] [SFX] {"sound": "civ_move_1", "volume": 0.04}
[2026-09-26 02:14:30.131] [SFX] {"sound": "civ_move_1", "volume": 0.24}
[2026-09-26 02:14:30.427] [SFX] {"sound": "civ_move_2", "volume": 0.09}
[2026-09-26 02:14:30.510] [SFX] {"sound": "civ_move_1", "volume": 0.03}
[2026-09-26 02:14:30.543] [SFX] {"sound": "civ_move_1", "volume": 0.25}
[2026-09-26 02:14:30.841] [SFX] {"sound": "civ_move_2", "volume": 0.08}
[2026-09-26 02:14:30.921] [SFX] {"sound": "civ_move_1", "volume": 0.01}
[2026-09-26 02:14:30.955] [SFX] {"sound": "civ_move_1", "volume": 0.25}
[2026-09-26 02:14:31.253] [SFX] {"sound": "civ_move_2", "volume": 0.08}
[2026-09-26 02:14:31.323] [SFX] {"sound": "civ_move_1", "volume": 0.0}
[2026-09-26 02:14:31.357] [SFX] {"sound": "civ_move_1", "volume": 0.26}
[2026-09-26 02:14:31.655] [SFX] {"sound": "civ_move_2", "volume": 0.07}
[2026-09-26 02:14:31.677] [SFX] {"sound": "civ_move_2", "volume": 0.26}
[2026-09-26 02:14:31.771] [M] {"button": 1, "pos": [217, 180], "ui_clicked": false}
[2026-09-26 02:14:31.779] [SFX] {"sound": "civ_move_1", "volume": 0.27}
[2026-09-26 02:14:31.780] [P] {"start": [41, 46], "goal": [34, 45], "length": 2, "is_direction_change": false}
[2026-09-26 02:14:31.781] [SFX] {"sound": "click_target", "volume": 0.84}
[2026-09-26 02:14:31.816] [JACK] Kurzer Blick um die Ecke...
[2026-09-26 02:14:31.833] [SFX] {"sound": "player_move", "volume": 0.4}
[2026-09-26 02:14:31.942] [C] {"civ_pos": [37, 44]}
[2026-09-26 02:14:32.066] [SFX] {"sound": "civ_move_2", "volume": 0.06}
[2026-09-26 02:14:32.088] [SFX] {"sound": "civ_move_2", "volume": 0.27}
[2026-09-26 02:14:32.132] [SFX] {"sound": "player_move", "volume": 0.4}
[2026-09-26 02:14:32.183] [SFX] {"sound": "civ_move_1", "volume": 0.26}
[2026-09-26 02:14:32.475] [SFX] {"sound": "civ_move_2", "volume": 0.05}
[2026-09-26 02:14:32.508] [SFX] {"sound": "civ_move_2", "volume": 0.28}
[2026-09-26 02:14:32.591] [SFX] {"sound": "civ_move_1", "volume": 0.25}
[2026-09-26 02:14:32.886] [SFX] {"sound": "civ_move_2", "volume": 0.04}
[2026-09-26 02:14:32.920] [SFX] {"sound": "civ_move_2", "volume": 0.29}
[2026-09-26 02:14:32.992] [SFX] {"sound": "civ_move_1", "volume": 0.24}
[2026-09-26 02:14:33.156] [M] {"button": 1, "pos": [290, 175], "ui_clicked": false}
[2026-09-26 02:14:33.165] [SFX] {"sound": "click_target", "volume": 0.95}
[2026-09-26 02:14:33.293] [SFX] {"sound": "civ_move_2", "volume": 0.03}
[2026-09-26 02:14:33.325] [SFX] {"sound": "civ_move_2", "volume": 0.29}
[2026-09-26 02:14:33.391] [SFX] {"sound": "civ_move_1", "volume": 0.22}
[2026-09-26 02:14:33.694] [SFX] {"sound": "civ_move_2", "volume": 0.02}
[2026-09-26 02:14:33.729] [SFX] {"sound": "civ_move_2", "volume": 0.3}
[2026-09-26 02:14:33.796] [SFX] {"sound": "civ_move_1", "volume": 0.21}
[2026-09-26 02:14:34.108] [SFX] {"sound": "civ_move_2", "volume": 0.01}
[2026-09-26 02:14:34.143] [SFX] {"sound": "civ_move_2", "volume": 0.29}
[2026-09-26 02:14:34.157] [M] {"button": 1, "pos": [315, 181], "ui_clicked": true}
[2026-09-26 02:14:34.199] [SFX] {"sound": "civ_move_1", "volume": 0.2}
[2026-09-26 02:14:34.382] [SFX] {"sound": "infiltrate 2", "volume": 0.5}
[2026-09-26 02:14:34.513] [SFX] {"sound": "civ_move_2", "volume": 0.0}
[2026-09-26 02:14:34.546] [SFX] {"sound": "civ_move_2", "volume": 0.28}
[2026-09-26 02:14:34.613] [SFX] {"sound": "civ_move_1", "volume": 0.19}
[2026-09-26 02:14:34.793] [SFX] {"sound": "infiltrate 2", "volume": 0.5}
[2026-09-26 02:14:34.958] [SFX] {"sound": "civ_move_2", "volume": 0.26}
[2026-09-26 02:14:35.026] [SFX] {"sound": "civ_move_1", "volume": 0.18}
[2026-09-26 02:14:35.207] [SFX] {"sound": "infiltrate 2", "volume": 0.5}
[2026-09-26 02:14:35.368] [SFX] {"sound": "civ_move_2", "volume": 0.25}
[2026-09-26 02:14:35.435] [SFX] {"sound": "civ_move_1", "volume": 0.16}
[2026-09-26 02:14:35.534] [SFX] {"sound": "hack_success", "volume": 1.0}
[2026-09-26 02:14:35.784] [SFX] {"sound": "civ_move_2", "volume": 0.24}
[2026-09-26 02:14:35.850] [SFX] {"sound": "civ_move_1", "volume": 0.15}
[2026-09-26 02:14:36.195] [SFX] {"sound": "civ_move_2", "volume": 0.23}
[2026-09-26 02:14:36.263] [SFX] {"sound": "civ_move_1", "volume": 0.14}
[2026-09-26 02:14:36.597] [SFX] {"sound": "civ_move_2", "volume": 0.21}
[2026-09-26 02:14:36.664] [SFX] {"sound": "civ_move_1", "volume": 0.13}
[2026-09-26 02:14:37.012] [SFX] {"sound": "civ_move_2", "volume": 0.2}
[2026-09-26 02:14:37.080] [SFX] {"sound": "civ_move_1", "volume": 0.11}
[2026-09-26 02:14:37.198] [SFX] {"sound": "civ_move_1", "volume": 0.26}
[2026-09-26 02:14:37.246] [M] {"button": 1, "pos": [328, 214], "ui_clicked": false}
[2026-09-26 02:14:37.254] [SFX] {"sound": "action_cancel", "volume": 1.0}
[2026-09-26 02:14:37.255] [P] {"start": [33, 46], "goal": [34, 48], "length": 2, "is_direction_change": false}
[2026-09-26 02:14:37.255] [SFX] {"sound": "click_target", "volume": 0.76}
[2026-09-26 02:14:37.412] [SFX] {"sound": "civ_move_2", "volume": 0.19}
[2026-09-26 02:14:37.478] [SFX] {"sound": "civ_move_1", "volume": 0.1}
[2026-09-26 02:14:37.599] [SFX] {"sound": "civ_move_1", "volume": 0.25}
[2026-09-26 02:14:37.816] [SFX] {"sound": "civ_move_2", "volume": 0.16}
[2026-09-26 02:14:37.882] [SFX] {"sound": "civ_move_1", "volume": 0.09}
[2026-09-26 02:14:38.030] [SFX] {"sound": "civ_move_1", "volume": 0.27}
[2026-09-26 02:14:38.212] [M] {"button": 1, "pos": [327, 241], "ui_clicked": false}
[2026-09-26 02:14:38.221] [P] {"start": [34, 48], "goal": [34, 51], "length": 1, "is_direction_change": false}
[2026-09-26 02:14:38.221] [SFX] {"sound": "click_target", "volume": 0.73}
[2026-09-26 02:14:38.260] [SFX] {"sound": "civ_move_2", "volume": 0.16}
[2026-09-26 02:14:38.287] [SFX] {"sound": "civ_move_1", "volume": 0.08}
[2026-09-26 02:14:38.310] [SFX] {"sound": "player_move", "volume": 0.4}
[2026-09-26 02:14:38.437] [SFX] {"sound": "civ_move_1", "volume": 0.25}
[2026-09-26 02:14:38.637] [SFX] {"sound": "civ_move_2", "volume": 0.16}
[2026-09-26 02:14:38.701] [SFX] {"sound": "civ_move_1", "volume": 0.06}
[2026-09-26 02:14:38.837] [SFX] {"sound": "civ_move_1", "volume": 0.25}
[2026-09-26 02:14:39.036] [SFX] {"sound": "civ_move_2", "volume": 0.15}
[2026-09-26 02:14:39.102] [SFX] {"sound": "civ_move_1", "volume": 0.05}
[2026-09-26 02:14:39.250] [SFX] {"sound": "civ_move_1", "volume": 0.27}
[2026-09-26 02:14:39.447] [SFX] {"sound": "civ_move_2", "volume": 0.15}
[2026-09-26 02:14:39.513] [SFX] {"sound": "civ_move_1", "volume": 0.04}
[2026-09-26 02:14:39.650] [SFX] {"sound": "civ_move_1", "volume": 0.28}
[2026-09-26 02:14:39.848] [SFX] {"sound": "civ_move_2", "volume": 0.15}
[2026-09-26 02:14:39.916] [SFX] {"sound": "civ_move_1", "volume": 0.03}
[2026-09-26 02:14:39.917] [C] {"civ_pos": [34, 49]}
[2026-09-26 02:14:40.047] [M] {"button": 1, "pos": [327, 262], "ui_clicked": false}
[2026-09-26 02:14:40.058] [P] {"start": [34, 51], "goal": [34, 55], "length": 1, "is_direction_change": false}
[2026-09-26 02:14:40.059] [SFX] {"sound": "click_target", "volume": 0.7}
[2026-09-26 02:14:40.084] [SFX] {"sound": "civ_move_1", "volume": 0.29}
[2026-09-26 02:14:40.262] [SFX] {"sound": "civ_move_2", "volume": 0.15}
[2026-09-26 02:14:40.329] [SFX] {"sound": "civ_move_1", "volume": 0.01}
[2026-09-26 02:14:40.482] [SFX] {"sound": "civ_move_1", "volume": 0.27}
[2026-09-26 02:14:40.662] [SFX] {"sound": "civ_move_2", "volume": 0.15}
[2026-09-26 02:14:40.896] [SFX] {"sound": "civ_move_1", "volume": 0.28}
[2026-09-26 02:14:41.078] [SFX] {"sound": "civ_move_2", "volume": 0.15}
[2026-09-26 02:14:41.309] [SFX] {"sound": "civ_move_1", "volume": 0.3}
[2026-09-26 02:14:41.490] [SFX] {"sound": "civ_move_2", "volume": 0.14}
[2026-09-26 02:14:41.719] [SFX] {"sound": "civ_move_1", "volume": 0.23}
[2026-09-26 02:14:41.900] [SFX] {"sound": "civ_move_2", "volume": 0.14}
[2026-09-26 02:14:42.131] [SFX] {"sound": "civ_move_1", "volume": 0.22}
[2026-09-26 02:14:42.315] [SFX] {"sound": "civ_move_2", "volume": 0.13}
[2026-09-26 02:14:42.530] [SFX] {"sound": "civ_move_1", "volume": 0.21}
[2026-09-26 02:14:42.715] [SFX] {"sound": "civ_move_2", "volume": 0.12}
[2026-09-26 02:14:42.946] [SFX] {"sound": "civ_move_1", "volume": 0.2}
[2026-09-26 02:14:43.130] [SFX] {"sound": "civ_move_2", "volume": 0.12}
[2026-09-26 02:14:43.358] [SFX] {"sound": "civ_move_1", "volume": 0.19}
[2026-09-26 02:14:43.539] [SFX] {"sound": "civ_move_2", "volume": 0.11}
[2026-09-26 02:14:43.768] [SFX] {"sound": "civ_move_1", "volume": 0.18}
[2026-09-26 02:14:43.950] [SFX] {"sound": "civ_move_2", "volume": 0.1}
[2026-09-26 02:14:44.183] [SFX] {"sound": "civ_move_1", "volume": 0.17}
[2026-09-26 02:14:44.364] [SFX] {"sound": "civ_move_2", "volume": 0.09}
[2026-09-26 02:14:44.599] [SFX] {"sound": "civ_move_1", "volume": 0.16}
[2026-09-26 02:14:44.770] [SFX] {"sound": "civ_move_2", "volume": 0.09}
[2026-09-26 02:14:45.001] [SFX] {"sound": "civ_move_1", "volume": 0.15}
[2026-09-26 02:14:45.182] [SFX] {"sound": "civ_move_2", "volume": 0.08}
[2026-09-26 02:14:45.416] [SFX] {"sound": "civ_move_1", "volume": 0.14}
[2026-09-26 02:14:45.582] [SFX] {"sound": "civ_move_2", "volume": 0.07}
[2026-09-26 02:14:45.830] [SFX] {"sound": "civ_move_1", "volume": 0.13}
[2026-09-26 02:14:45.994] [SFX] {"sound": "civ_move_2", "volume": 0.06}
[2026-09-26 02:14:46.242] [SFX] {"sound": "civ_move_1", "volume": 0.12}
[2026-09-26 02:14:46.408] [SFX] {"sound": "civ_move_2", "volume": 0.05}
[2026-09-26 02:14:46.656] [SFX] {"sound": "civ_move_1", "volume": 0.11}
[2026-09-26 02:14:46.821] [SFX] {"sound": "civ_move_2", "volume": 0.04}
[2026-09-26 02:14:47.068] [SFX] {"sound": "civ_move_1", "volume": 0.1}
[2026-09-26 02:14:47.236] [SFX] {"sound": "civ_move_2", "volume": 0.03}
[2026-09-26 02:14:47.316] [M] {"button": 1, "pos": [332, 74], "ui_clicked": false}
[2026-09-26 02:14:47.324] [P] {"start": [34, 55], "goal": [34, 48], "length": 1, "is_direction_change": false}
[2026-09-26 02:14:47.325] [SFX] {"sound": "click_target", "volume": 0.84}
[2026-09-26 02:14:47.350] [JACK] Ich rücke Schritt für Schritt vor...
[2026-09-26 02:14:47.379] [SFX] {"sound": "player_move", "volume": 0.4}
[2026-09-26 02:14:47.478] [SFX] {"sound": "civ_move_1", "volume": 0.07}
[2026-09-26 02:14:47.822] [M] {"button": 1, "pos": [332, 74], "ui_clicked": false}
[2026-09-26 02:14:47.831] [P] {"start": [34, 48], "goal": [34, 42], "length": 1, "is_direction_change": false}
[2026-09-26 02:14:47.832] [SFX] {"sound": "click_target", "volume": 0.87}
[2026-09-26 02:14:47.885] [SFX] {"sound": "player_move", "volume": 0.4}
[2026-09-26 02:14:47.886] [SFX] {"sound": "civ_move_1", "volume": 0.04}
[2026-09-26 02:14:48.367] [SFX] {"sound": "civ_move_1", "volume": 0.28}
[2026-09-26 02:14:48.501] [M] {"button": 1, "pos": [332, 74], "ui_clicked": false}
[2026-09-26 02:14:48.509] [P] {"start": [34, 42], "goal": [34, 36], "length": 1, "is_direction_change": false}
[2026-09-26 02:14:48.509] [SFX] {"sound": "click_target", "volume": 0.85}
[2026-09-26 02:14:48.576] [SFX] {"sound": "player_move", "volume": 0.4}
[2026-09-26 02:14:48.773] [SFX] {"sound": "civ_move_1", "volume": 0.2}
[2026-09-26 02:14:49.099] [M] {"button": 1, "pos": [332, 74], "ui_clicked": false}
[2026-09-26 02:14:49.109] [P] {"start": [34, 36], "goal": [34, 30], "length": 9, "is_direction_change": false}
[2026-09-26 02:14:49.110] [SFX] {"sound": "click_target", "volume": 0.85}
[2026-09-26 02:14:49.181] [SFX] {"sound": "civ_move_1", "volume": 0.18}
[2026-09-26 02:14:49.204] [SFX] {"sound": "player_move", "volume": 0.4}
[2026-09-26 02:14:49.608] [SFX] {"sound": "civ_move_1", "volume": 0.17}
[2026-09-26 02:14:49.823] [SFX] {"sound": "player_move", "volume": 0.4}
[2026-09-26 02:14:50.019] [SFX] {"sound": "civ_move_1", "volume": 0.14}
[2026-09-26 02:14:50.136] [SFX] {"sound": "player_move", "volume": 0.4}
[2026-09-26 02:14:50.434] [SFX] {"sound": "civ_move_1", "volume": 0.15}
[2026-09-26 02:14:50.456] [SFX] {"sound": "player_move", "volume": 0.4}
[2026-09-26 02:14:50.846] [SFX] {"sound": "civ_move_1", "volume": 0.14}
[2026-09-26 02:14:51.386] [M] {"button": 1, "pos": [266, 43], "ui_clicked": false}
[2026-09-26 02:14:51.395] [P] {"start": [34, 30], "goal": [30, 21], "length": 8, "is_direction_change": false}
[2026-09-26 02:14:51.396] [SFX] {"sound": "click_target", "volume": 0.78}
[2026-09-26 02:14:51.630] [SFX] {"sound": "player_move", "volume": 0.4}
[2026-09-26 02:14:51.666] [SFX] {"sound": "civ_move_1", "volume": 0.11}
[2026-09-26 02:14:51.933] [SFX] {"sound": "player_move", "volume": 0.4}
[2026-09-26 02:14:52.066] [SFX] {"sound": "civ_move_1", "volume": 0.07}
[2026-09-26 02:14:52.233] [SFX] {"sound": "player_move", "volume": 0.4}
[2026-09-26 02:14:52.482] [SFX] {"sound": "civ_move_1", "volume": 0.06}
[2026-09-26 02:14:52.892] [SFX] {"sound": "civ_move_1", "volume": 0.05}
[2026-09-26 02:14:53.104] [M] {"button": 5, "pos": [316, 157], "ui_clicked": false}
[2026-09-26 02:14:53.172] [M] {"button": 5, "pos": [317, 157], "ui_clicked": false}
[2026-09-26 02:14:53.294] [SFX] {"sound": "civ_move_1", "volume": 0.05}
[2026-09-26 02:14:53.709] [SFX] {"sound": "civ_move_1", "volume": 0.04}
[2026-09-26 02:14:53.973] [M] {"button": 2, "pos": [377, 245], "ui_clicked": false}
[2026-09-26 02:14:54.112] [SFX] {"sound": "civ_move_1", "volume": 0.03}
[2026-09-26 02:14:54.526] [SFX] {"sound": "civ_move_1", "volume": 0.02}
[2026-09-26 02:14:54.789] [M] {"button": 1, "pos": [393, 271], "ui_clicked": false}
[2026-09-26 02:14:54.798] [P] {"start": [30, 21], "goal": [39, 32], "length": 14, "is_direction_change": false}
[2026-09-26 02:14:54.799] [SFX] {"sound": "click_target", "volume": 0.51}
[2026-09-26 02:14:54.837] [JACK] Kurzer Blick um die Ecke...
[2026-09-26 02:14:54.930] [SFX] {"sound": "civ_move_1", "volume": 0.01}
[2026-09-26 02:14:55.049] [SFX] {"sound": "player_move", "volume": 0.4}
[2026-09-26 02:14:55.346] [SFX] {"sound": "civ_move_1", "volume": 0.03}
[2026-09-26 02:14:55.370] [SFX] {"sound": "player_move", "volume": 0.4}
[2026-09-26 02:14:55.761] [SFX] {"sound": "civ_move_1", "volume": 0.05}
[2026-09-26 02:14:55.991] [SFX] {"sound": "player_move", "volume": 0.4}
[2026-09-26 02:14:56.176] [SFX] {"sound": "civ_move_1", "volume": 0.05}
[2026-09-26 02:14:56.291] [SFX] {"sound": "player_move", "volume": 0.4}
[2026-09-26 02:14:56.591] [SFX] {"sound": "civ_move_1", "volume": 0.07}
[2026-09-26 02:14:57.007] [SFX] {"sound": "civ_move_1", "volume": 0.05}
[2026-09-26 02:14:57.836] [SFX] {"sound": "civ_move_1", "volume": 0.04}
[2026-09-26 02:14:58.235] [SFX] {"sound": "civ_move_1", "volume": 0.03}
[2026-09-26 02:14:58.646] [SFX] {"sound": "civ_move_1", "volume": 0.02}
[2026-09-26 02:14:59.060] [SFX] {"sound": "civ_move_1", "volume": 0.01}
[2026-09-26 02:14:59.406] [SFX] {"sound": "civ_move_2", "volume": 0.1}
[2026-09-26 02:15:00.467] [M] {"button": 1, "pos": [598, 330], "ui_clicked": true}
[2026-09-26 02:15:00.659] [SFX] {"sound": "civ_move_2", "volume": 0.11}
[2026-09-26 02:15:01.068] [SFX] {"sound": "civ_move_2", "volume": 0.12}
[2026-09-26 02:15:01.401] [SFX] {"sound": "civ_move_1", "volume": 0.18}
[2026-09-26 02:15:01.468] [SFX] {"sound": "civ_move_2", "volume": 0.13}
[2026-09-26 02:15:01.734] [M] {"button": 1, "pos": [489, 216], "ui_clicked": true}
[2026-09-26 02:15:01.763] [JACK] Ich durchwühle mein Cyberdeck-Inventar. Welches Tool brauchen wir?
[2026-09-26 02:15:01.807] [SFX] {"sound": "civ_move_1", "volume": 0.18}
[2026-09-26 02:15:01.876] [SFX] {"sound": "civ_move_2", "volume": 0.14}
[2026-09-26 02:15:02.211] [SFX] {"sound": "civ_move_1", "volume": 0.17}
[2026-09-26 02:15:02.279] [SFX] {"sound": "civ_move_2", "volume": 0.15}
[2026-09-26 02:15:02.632] [SFX] {"sound": "civ_move_1", "volume": 0.17}
[2026-09-26 02:15:02.683] [SFX] {"sound": "civ_move_2", "volume": 0.15}
[2026-09-26 02:15:03.037] [SFX] {"sound": "civ_move_1", "volume": 0.16}
[2026-09-26 02:15:03.088] [SFX] {"sound": "civ_move_2", "volume": 0.14}
[2026-09-26 02:15:03.438] [SFX] {"sound": "civ_move_1", "volume": 0.16}
[2026-09-26 02:15:03.503] [SFX] {"sound": "civ_move_2", "volume": 0.14}
[2026-09-26 02:15:03.850] [SFX] {"sound": "civ_move_1", "volume": 0.15}
[2026-09-26 02:15:03.917] [SFX] {"sound": "civ_move_2", "volume": 0.13}
[2026-09-26 02:15:04.016] [M] {"button": 1, "pos": [489, 216], "ui_clicked": true}
[2026-09-26 02:15:04.250] [SFX] {"sound": "civ_move_1", "volume": 0.14}
[2026-09-26 02:15:04.332] [SFX] {"sound": "civ_move_2", "volume": 0.12}
[2026-09-26 02:15:04.658] [SFX] {"sound": "civ_move_1", "volume": 0.14}
[2026-09-26 02:15:04.742] [SFX] {"sound": "civ_move_2", "volume": 0.12}
[2026-09-26 02:15:05.058] [SFX] {"sound": "civ_move_1", "volume": 0.13}
[2026-09-26 02:15:05.157] [SFX] {"sound": "civ_move_2", "volume": 0.11}
[2026-09-26 02:15:05.471] [SFX] {"sound": "civ_move_1", "volume": 0.13}
[2026-09-26 02:15:05.486] [M] {"button": 1, "pos": [498, 230], "ui_clicked": true}
[2026-09-26 02:15:05.558] [SFX] {"sound": "civ_move_2", "volume": 0.1}
[2026-09-26 02:15:05.872] [SFX] {"sound": "civ_move_1", "volume": 0.12}
[2026-09-26 02:15:05.971] [SFX] {"sound": "civ_move_2", "volume": 0.1}
[2026-09-26 02:15:06.282] [SFX] {"sound": "civ_move_1", "volume": 0.11}
[2026-09-26 02:15:06.373] [SFX] {"sound": "civ_move_2", "volume": 0.09}
[2026-09-26 02:15:06.686] [SFX] {"sound": "civ_move_1", "volume": 0.11}
[2026-09-26 02:15:06.785] [SFX] {"sound": "civ_move_2", "volume": 0.08}
[2026-09-26 02:15:06.968] [M] {"button": 3, "pos": [503, 267], "ui_clicked": true}
[2026-09-26 02:15:06.969] [EQ_M] {"type": "DRIVER", "file": "ucam.drv", "replaced": "disp.drv"}
[2026-09-26 02:15:07.004] [JACK] Ich habe den Treiber montiert! Das erweitert meine Sicht und Systemübersicht im Grid.
[2026-09-26 02:15:07.101] [SFX] {"sound": "civ_move_1", "volume": 0.1}
[2026-09-26 02:15:07.188] [SFX] {"sound": "civ_move_2", "volume": 0.08}
[2026-09-26 02:15:07.508] [SFX] {"sound": "civ_move_1", "volume": 0.09}
[2026-09-26 02:15:07.593] [SFX] {"sound": "civ_move_2", "volume": 0.07}
[2026-09-26 02:15:07.924] [SFX] {"sound": "civ_move_1", "volume": 0.09}
[2026-09-26 02:15:08.007] [SFX] {"sound": "civ_move_2", "volume": 0.06}
[2026-09-26 02:15:08.074] [M] {"button": 1, "pos": [352, 288], "ui_clicked": false}
[2026-09-26 02:15:08.309] [SFX] {"sound": "civ_move_2", "volume": 0.0}
[2026-09-26 02:15:08.334] [SFX] {"sound": "civ_move_1", "volume": 0.08}
[2026-09-26 02:15:08.418] [SFX] {"sound": "civ_move_2", "volume": 0.05}
[2026-09-26 02:15:08.719] [SFX] {"sound": "civ_move_2", "volume": 0.01}
[2026-09-26 02:15:08.742] [SFX] {"sound": "civ_move_1", "volume": 0.07}
[2026-09-26 02:15:08.825] [SFX] {"sound": "civ_move_2", "volume": 0.05}
[2026-09-26 02:15:09.127] [SFX] {"sound": "civ_move_2", "volume": 0.02}
[2026-09-26 02:15:09.149] [SFX] {"sound": "civ_move_1", "volume": 0.07}
[2026-09-26 02:15:09.233] [SFX] {"sound": "civ_move_2", "volume": 0.04}
[2026-09-26 02:15:09.533] [SFX] {"sound": "civ_move_2", "volume": 0.03}
[2026-09-26 02:15:09.555] [SFX] {"sound": "civ_move_1", "volume": 0.06}
[2026-09-26 02:15:09.641] [SFX] {"sound": "civ_move_2", "volume": 0.03}
[2026-09-26 02:15:09.940] [SFX] {"sound": "civ_move_2", "volume": 0.04}
[2026-09-26 02:15:09.962] [SFX] {"sound": "civ_move_1", "volume": 0.05}
[2026-09-26 02:15:10.045] [SFX] {"sound": "civ_move_2", "volume": 0.02}
[2026-09-26 02:15:10.329] [M] {"button": 1, "pos": [595, 326], "ui_clicked": true}
[2026-09-26 02:15:10.371] [SFX] {"sound": "civ_move_2", "volume": 0.04}
[2026-09-26 02:15:10.372] [SFX] {"sound": "civ_move_1", "volume": 0.04}
[2026-09-26 02:15:10.455] [SFX] {"sound": "civ_move_2", "volume": 0.01}
[2026-09-26 02:15:10.782] [SFX] {"sound": "civ_move_2", "volume": 0.05}
[2026-09-26 02:15:10.783] [SFX] {"sound": "civ_move_1", "volume": 0.03}
[2026-09-26 02:15:10.870] [SFX] {"sound": "civ_move_2", "volume": 0.0}
[2026-09-26 02:15:11.190] [SFX] {"sound": "civ_move_2", "volume": 0.06}
[2026-09-26 02:15:11.191] [SFX] {"sound": "civ_move_1", "volume": 0.03}
[2026-09-26 02:15:11.603] [SFX] {"sound": "civ_move_2", "volume": 0.07}
[2026-09-26 02:15:11.604] [SFX] {"sound": "civ_move_1", "volume": 0.02}
[2026-09-26 02:15:12.006] [SFX] {"sound": "civ_move_2", "volume": 0.07}
[2026-09-26 02:15:12.007] [SFX] {"sound": "civ_move_1", "volume": 0.01}
[2026-09-26 02:15:12.420] [SFX] {"sound": "civ_move_2", "volume": 0.08}
[2026-09-26 02:15:12.421] [SFX] {"sound": "civ_move_1", "volume": 0.0}
[2026-09-26 02:15:12.823] [SFX] {"sound": "civ_move_2", "volume": 0.09}
[2026-09-26 02:15:13.646] [SFX] {"sound": "civ_move_2", "volume": 0.1}
[2026-09-26 02:15:14.057] [SFX] {"sound": "civ_move_2", "volume": 0.11}
[2026-09-26 02:15:14.460] [SFX] {"sound": "civ_move_2", "volume": 0.12}
[2026-09-26 02:15:15.286] [SFX] {"sound": "civ_move_2", "volume": 0.13}
[2026-09-26 02:15:15.698] [SFX] {"sound": "civ_move_2", "volume": 0.14}
[2026-09-26 02:15:16.510] [SFX] {"sound": "civ_move_2", "volume": 0.15}
[2026-09-26 02:15:17.312] [SFX] {"sound": "civ_move_2", "volume": 0.16}
[2026-09-26 02:15:18.124] [SFX] {"sound": "civ_move_2", "volume": 0.17}
[2026-09-26 02:15:19.302] [M] {"button": 4, "pos": [329, 225], "ui_clicked": false}
[2026-09-26 02:15:20.049] [M] {"button": 1, "pos": [409, 247], "ui_clicked": false}
[2026-09-26 02:15:20.058] [P] {"start": [39, 32], "goal": [50, 44], "length": 5, "is_direction_change": false}
[2026-09-26 02:15:20.059] [SFX] {"sound": "click_target", "volume": 0.46}
[2026-09-26 02:15:20.084] [JACK] Ich rücke Schritt für Schritt vor...
[2026-09-26 02:15:20.346] [SFX] {"sound": "player_move", "volume": 0.4}
[2026-09-26 02:15:22.109] [M] {"button": 1, "pos": [443, 220], "ui_clicked": false}
[2026-09-26 02:15:22.120] [P] {"start": [50, 44], "goal": [53, 46], "length": 3, "is_direction_change": false}
[2026-09-26 02:15:22.120] [SFX] {"sound": "click_target", "volume": 0.71}
[2026-09-26 02:15:22.267] [SFX] {"sound": "player_move", "volume": 0.4}
[2026-09-26 02:15:22.998] [SFX] {"sound": "civ_move_1", "volume": 0.03}
[2026-09-26 02:15:23.186] [SFX] {"sound": "player_move", "volume": 0.4}
[2026-09-26 02:15:23.401] [SFX] {"sound": "civ_move_1", "volume": 0.02}
[2026-09-26 02:15:23.487] [SFX] {"sound": "player_move", "volume": 0.4}
[2026-09-26 02:15:23.949] [M] {"button": 5, "pos": [443, 220], "ui_clicked": false}
[2026-09-26 02:15:24.939] [M] {"button": 4, "pos": [462, 203], "ui_clicked": false}
[2026-09-26 02:15:25.588] [M] {"button": 1, "pos": [443, 174], "ui_clicked": false}
[2026-09-26 02:15:25.859] [SFX] {"sound": "civ_move_1", "volume": 0.0}
[2026-09-26 02:15:26.008] [M] {"button": 1, "pos": [445, 183], "ui_clicked": false}
[2026-09-26 02:15:26.017] [P] {"start": [53, 46], "goal": [64, 46], "length": 1, "is_direction_change": false}
[2026-09-26 02:15:26.018] [SFX] {"sound": "click_target", "volume": 0.57}
[2026-09-26 02:15:26.135] [SFX] {"sound": "player_move", "volume": 0.4}
[2026-09-26 02:15:28.421] [M] {"button": 1, "pos": [430, 187], "ui_clicked": false}
[2026-09-26 02:15:28.430] [P] {"start": [64, 46], "goal": [73, 46], "length": 1, "is_direction_change": false}
[2026-09-26 02:15:28.431] [SFX] {"sound": "click_target", "volume": 0.6}
[2026-09-26 02:15:28.475] [JACK] Kurzer Blick um die Ecke...
[2026-09-26 02:15:28.620] [SFX] {"sound": "player_move", "volume": 0.4}
[2026-09-26 02:15:29.631] [M] {"button": 5, "pos": [440, 186], "ui_clicked": false}
[2026-09-26 02:15:30.081] [M] {"button": 5, "pos": [439, 187], "ui_clicked": false}
[2026-09-26 02:15:30.102] [M] {"button": 5, "pos": [438, 189], "ui_clicked": false}
[2026-09-26 02:15:30.571] [M] {"button": 5, "pos": [438, 190], "ui_clicked": false}
[2026-09-26 02:15:33.940] [M] {"button": 1, "pos": [388, 268], "ui_clicked": false}
[2026-09-26 02:15:34.444] [SFX] {"sound": "civ_move_1", "volume": 0.0}
[2026-09-26 02:15:34.658] [M] {"button": 1, "pos": [388, 267], "ui_clicked": false}
[2026-09-26 02:15:34.848] [SFX] {"sound": "civ_move_1", "volume": 0.01}
[2026-09-26 02:15:35.014] [M] {"button": 1, "pos": [391, 269], "ui_clicked": false}
[2026-09-26 02:15:35.023] [JACK] JACK // HIGH STRATOSPHERE CREDENTIALS. RICH DATA DEPOSITS.
[2026-09-26 02:15:35.073] [SFX] {"sound": "player_move", "volume": 0.4}
[2026-09-26 02:15:35.261] [SFX] {"sound": "civ_move_1", "volume": 0.05}
[2026-09-26 02:15:35.377] [SFX] {"sound": "player_move", "volume": 0.4}
[2026-09-26 02:15:35.659] [SFX] {"sound": "civ_move_1", "volume": 0.12}
[2026-09-26 02:15:35.696] [SFX] {"sound": "player_move", "volume": 0.4}
[2026-09-26 02:15:35.830] [M] {"button": 4, "pos": [388, 280], "ui_clicked": false}
[2026-09-26 02:15:35.999] [SFX] {"sound": "player_move", "volume": 0.4}
[2026-09-26 02:15:36.069] [SFX] {"sound": "civ_move_1", "volume": 0.19}
[2026-09-26 02:15:36.306] [SFX] {"sound": "player_move", "volume": 0.4}
[2026-09-26 02:15:36.473] [SFX] {"sound": "civ_move_1", "volume": 0.26}
[2026-09-26 02:15:36.474] [SFX] {"sound": "civ_move_1", "volume": 0.04}
[2026-09-26 02:15:36.606] [SFX] {"sound": "player_move", "volume": 0.4}
[2026-09-26 02:15:36.886] [SFX] {"sound": "civ_move_1", "volume": 0.26}
[2026-09-26 02:15:36.886] [SFX] {"sound": "civ_move_1", "volume": 0.08}
[2026-09-26 02:15:36.925] [SFX] {"sound": "player_move", "volume": 0.4}
[2026-09-26 02:15:37.296] [SFX] {"sound": "civ_move_1", "volume": 0.21}
[2026-09-26 02:15:37.297] [SFX] {"sound": "civ_move_1", "volume": 0.12}
[2026-09-26 02:15:37.412] [M] {"button": 4, "pos": [388, 277], "ui_clicked": false}
[2026-09-26 02:15:37.452] [SFX] {"sound": "civ_move_2", "volume": 0.01}
[2026-09-26 02:15:37.486] [M] {"button": 4, "pos": [388, 277], "ui_clicked": false}
[2026-09-26 02:15:37.523] [M] {"button": 4, "pos": [388, 276], "ui_clicked": false}
[2026-09-26 02:15:37.543] [SFX] {"sound": "player_move", "volume": 0.4}
[2026-09-26 02:15:37.697] [SFX] {"sound": "civ_move_1", "volume": 0.16}
[2026-09-26 02:15:37.698] [SFX] {"sound": "civ_move_1", "volume": 0.15}
[2026-09-26 02:15:37.850] [SFX] {"sound": "player_move", "volume": 0.4}
[2026-09-26 02:15:37.851] [SFX] {"sound": "civ_move_2", "volume": 0.06}
[2026-09-26 02:15:38.103] [SFX] {"sound": "civ_move_1", "volume": 0.1}
[2026-09-26 02:15:38.104] [SFX] {"sound": "civ_move_1", "volume": 0.19}
[2026-09-26 02:15:38.155] [SFX] {"sound": "player_move", "volume": 0.4}
[2026-09-26 02:15:38.190] [SFX] {"sound": "civ_move_2", "volume": 0.01}
[2026-09-26 02:15:38.258] [SFX] {"sound": "civ_move_2", "volume": 0.11}
[2026-09-26 02:15:38.460] [SFX] {"sound": "player_move", "volume": 0.4}
[2026-09-26 02:15:38.510] [SFX] {"sound": "civ_move_1", "volume": 0.04}
[2026-09-26 02:15:38.511] [SFX] {"sound": "civ_move_1", "volume": 0.14}
[2026-09-26 02:15:38.596] [SFX] {"sound": "civ_move_2", "volume": 0.05}
[2026-09-26 02:15:38.664] [SFX] {"sound": "civ_move_2", "volume": 0.14}
[2026-09-26 02:15:38.768] [SFX] {"sound": "player_move", "volume": 0.4}
[2026-09-26 02:15:38.919] [SFX] {"sound": "civ_move_1", "volume": 0.08}
[2026-09-26 02:15:39.002] [SFX] {"sound": "civ_move_2", "volume": 0.08}
[2026-09-26 02:15:39.069] [SFX] {"sound": "player_move", "volume": 0.4}
[2026-09-26 02:15:39.070] [SFX] {"sound": "civ_move_2", "volume": 0.19}
[2026-09-26 02:15:39.070] [SFX] {"sound": "civ_move_1", "volume": 0.0}
[2026-09-26 02:15:39.332] [SFX] {"sound": "civ_move_1", "volume": 0.02}
[2026-09-26 02:15:39.384] [SFX] {"sound": "player_move", "volume": 0.4}
[2026-09-26 02:15:39.417] [SFX] {"sound": "civ_move_2", "volume": 0.12}
[2026-09-26 02:15:39.470] [SFX] {"sound": "civ_move_2", "volume": 0.16}
[2026-09-26 02:15:39.471] [SFX] {"sound": "civ_move_1", "volume": 0.05}
[2026-09-26 02:15:39.687] [SFX] {"sound": "player_move", "volume": 0.4}
[2026-09-26 02:15:39.825] [SFX] {"sound": "civ_move_2", "volume": 0.04}
[2026-09-26 02:15:39.826] [SFX] {"sound": "civ_move_2", "volume": 0.16}
[2026-09-26 02:15:39.878] [SFX] {"sound": "civ_move_2", "volume": 0.11}
[2026-09-26 02:15:39.879] [SFX] {"sound": "civ_move_1", "volume": 0.1}
[2026-09-26 02:15:39.929] [M] {"button": 4, "pos": [387, 275], "ui_clicked": false}
[2026-09-26 02:15:39.999] [SFX] {"sound": "player_move", "volume": 0.4}
[2026-09-26 02:15:40.034] [M] {"button": 4, "pos": [387, 275], "ui_clicked": false}
[2026-09-26 02:15:40.236] [SFX] {"sound": "civ_move_2", "volume": 0.07}
[2026-09-26 02:15:40.236] [SFX] {"sound": "civ_move_2", "volume": 0.2}
[2026-09-26 02:15:40.288] [SFX] {"sound": "civ_move_2", "volume": 0.04}
[2026-09-26 02:15:40.289] [SFX] {"sound": "civ_move_1", "volume": 0.14}
[2026-09-26 02:15:40.310] [SFX] {"sound": "player_move", "volume": 0.4}
[2026-09-26 02:15:40.513] [C] {"civ_pos": [34, 118]}
[2026-09-26 02:15:40.605] [SFX] {"sound": "player_move", "volume": 0.4}
[2026-09-26 02:15:40.641] [SFX] {"sound": "civ_move_2", "volume": 0.1}
[2026-09-26 02:15:40.642] [SFX] {"sound": "civ_move_2", "volume": 0.3}
[2026-09-26 02:15:40.655] [M] {"button": 5, "pos": [387, 275], "ui_clicked": false}
[2026-09-26 02:15:40.695] [SFX] {"sound": "civ_move_1", "volume": 0.18}
[2026-09-26 02:15:40.747] [M] {"button": 5, "pos": [387, 275], "ui_clicked": false}
[2026-09-26 02:15:40.919] [SFX] {"sound": "player_move", "volume": 0.4}
[2026-09-26 02:15:41.056] [SFX] {"sound": "civ_move_2", "volume": 0.14}
[2026-09-26 02:15:41.056] [SFX] {"sound": "civ_move_2", "volume": 0.26}
[2026-09-26 02:15:41.108] [SFX] {"sound": "civ_move_1", "volume": 0.15}
[2026-09-26 02:15:41.229] [SFX] {"sound": "player_move", "volume": 0.4}
[2026-09-26 02:15:41.462] [SFX] {"sound": "civ_move_2", "volume": 0.2}
[2026-09-26 02:15:41.516] [SFX] {"sound": "civ_move_1", "volume": 0.12}
[2026-09-26 02:15:41.538] [SFX] {"sound": "player_move", "volume": 0.4}
[2026-09-26 02:15:41.866] [SFX] {"sound": "civ_move_2", "volume": 0.22}
[2026-09-26 02:15:41.867] [SFX] {"sound": "civ_move_2", "volume": 0.15}
[2026-09-26 02:15:41.917] [SFX] {"sound": "civ_move_1", "volume": 0.08}
[2026-09-26 02:15:42.136] [SFX] {"sound": "player_move", "volume": 0.4}
[2026-09-26 02:15:42.270] [SFX] {"sound": "civ_move_2", "volume": 0.16}
[2026-09-26 02:15:42.270] [SFX] {"sound": "civ_move_2", "volume": 0.1}
[2026-09-26 02:15:42.324] [SFX] {"sound": "civ_move_1", "volume": 0.04}
[2026-09-26 02:15:42.376] [M] {"button": 4, "pos": [410, 210], "ui_clicked": false}
[2026-09-26 02:15:42.448] [SFX] {"sound": "player_move", "volume": 0.4}
[2026-09-26 02:15:42.461] [M] {"button": 4, "pos": [410, 210], "ui_clicked": false}
[2026-09-26 02:15:42.682] [SFX] {"sound": "civ_move_2", "volume": 0.1}
[2026-09-26 02:15:42.683] [SFX] {"sound": "civ_move_2", "volume": 0.05}
[2026-09-26 02:15:42.750] [SFX] {"sound": "player_move", "volume": 0.4}
[2026-09-26 02:15:42.914] [M] {"button": 4, "pos": [410, 210], "ui_clicked": false}
[2026-09-26 02:15:42.953] [SFX] {"sound": "civ_move_1", "volume": 0.02}
[2026-09-26 02:15:42.988] [M] {"button": 4, "pos": [410, 210], "ui_clicked": false}
[2026-09-26 02:15:43.057] [SFX] {"sound": "player_move", "volume": 0.4}
[2026-09-26 02:15:43.093] [SFX] {"sound": "civ_move_2", "volume": 0.04}
[2026-09-26 02:15:43.093] [SFX] {"sound": "civ_move_2", "volume": 0.0}
[2026-09-26 02:15:43.361] [SFX] {"sound": "player_move", "volume": 0.4}
[2026-09-26 02:15:43.362] [SFX] {"sound": "civ_move_1", "volume": 0.1}
[2026-09-26 02:15:43.663] [SFX] {"sound": "player_move", "volume": 0.4}
[2026-09-26 02:15:43.765] [SFX] {"sound": "civ_move_1", "volume": 0.17}
[2026-09-26 02:15:43.863] [M] {"button": 5, "pos": [410, 210], "ui_clicked": false}
[2026-09-26 02:15:43.969] [SFX] {"sound": "player_move", "volume": 0.4}
[2026-09-26 02:15:44.152] [SFX] {"sound": "civ_move_1", "volume": 0.03}
[2026-09-26 02:15:44.173] [SFX] {"sound": "civ_move_1", "volume": 0.24}
[2026-09-26 02:15:44.271] [SFX] {"sound": "player_move", "volume": 0.4}
[2026-09-26 02:15:44.355] [SFX] {"sound": "civ_move_2", "volume": 0.03}
[2026-09-26 02:15:44.405] [C] {"civ_pos": [108, 122]}
[2026-09-26 02:15:44.433] [JACK] Subroutine gesichtet! Beim Hacken vorsichtig sein: Zivilisten können auch Wachen rufen oder mich abziehen!
[2026-09-26 02:15:44.564] [SFX] {"sound": "civ_move_1", "volume": 0.07}
[2026-09-26 02:15:44.586] [SFX] {"sound": "player_move", "volume": 0.4}
[2026-09-26 02:15:44.587] [SFX] {"sound": "civ_move_1", "volume": 0.3}
[2026-09-26 02:15:44.770] [SFX] {"sound": "civ_move_2", "volume": 0.06}
[2026-09-26 02:15:44.821] [SFX] {"sound": "threat_pulse", "volume": 0.31}
[2026-09-26 02:15:44.890] [SFX] {"sound": "player_move", "volume": 0.4}
[2026-09-26 02:15:44.977] [SFX] {"sound": "civ_move_1", "volume": 0.07}
[2026-09-26 02:15:45.000] [SFX] {"sound": "civ_move_1", "volume": 0.29}
[2026-09-26 02:15:45.184] [SFX] {"sound": "civ_move_2", "volume": 0.05}
[2026-09-26 02:15:45.205] [SFX] {"sound": "player_move", "volume": 0.4}
[2026-09-26 02:15:45.387] [SFX] {"sound": "civ_move_1", "volume": 0.06}
[2026-09-26 02:15:45.409] [SFX] {"sound": "civ_move_1", "volume": 0.29}
[2026-09-26 02:15:45.510] [SFX] {"sound": "player_move", "volume": 0.4}
[2026-09-26 02:15:45.595] [SFX] {"sound": "civ_move_2", "volume": 0.04}
[2026-09-26 02:15:45.726] [SFX] {"sound": "threat_pulse", "volume": 0.32}
[2026-09-26 02:15:45.794] [SFX] {"sound": "civ_move_1", "volume": 0.05}
[2026-09-26 02:15:45.816] [SFX] {"sound": "player_move", "volume": 0.4}
[2026-09-26 02:15:45.817] [SFX] {"sound": "civ_move_1", "volume": 0.29}
[2026-09-26 02:15:46.005] [SFX] {"sound": "civ_move_2", "volume": 0.04}
[2026-09-26 02:15:46.123] [SFX] {"sound": "player_move", "volume": 0.4}
[2026-09-26 02:15:46.208] [SFX] {"sound": "civ_move_1", "volume": 0.03}
[2026-09-26 02:15:46.230] [SFX] {"sound": "civ_move_1", "volume": 0.29}
[2026-09-26 02:15:46.416] [SFX] {"sound": "civ_move_2", "volume": 0.04}
[2026-09-26 02:15:46.439] [SFX] {"sound": "player_move", "volume": 0.4}
[2026-09-26 02:15:46.604] [M] {"button": 1, "pos": [390, 205], "ui_clicked": true}
[2026-09-26 02:15:46.646] [SFX] {"sound": "civ_move_1", "volume": 0.29}
[2026-09-26 02:15:46.647] [SFX] {"sound": "civ_move_1", "volume": 0.01}
[2026-09-26 02:15:46.648] [SFX] {"sound": "threat_pulse", "volume": 0.33}
[2026-09-26 02:15:46.699] [SFX] {"sound": "infiltrate 2", "volume": 0.5}
[2026-09-26 02:15:46.733] [SFX] {"sound": "player_move", "volume": 0.4}
[2026-09-26 02:15:46.817] [SFX] {"sound": "civ_move_2", "volume": 0.04}
[2026-09-26 02:15:46.920] [C] {"civ_pos": [98, 122]}
[2026-09-26 02:15:47.037] [SFX] {"sound": "player_move", "volume": 0.4}
[2026-09-26 02:15:47.059] [SFX] {"sound": "civ_move_1", "volume": 0.29}
[2026-09-26 02:15:47.060] [SFX] {"sound": "civ_move_1", "volume": 0.0}
[2026-09-26 02:15:47.108] [SFX] {"sound": "infiltrate 2", "volume": 0.5}
[2026-09-26 02:15:47.226] [SFX] {"sound": "civ_move_2", "volume": 0.04}
[2026-09-26 02:15:47.343] [SFX] {"sound": "player_move", "volume": 0.4}
[2026-09-26 02:15:47.464] [SFX] {"sound": "civ_move_1", "volume": 0.29}
[2026-09-26 02:15:47.520] [SFX] {"sound": "infiltrate 2", "volume": 0.5}
[2026-09-26 02:15:47.556] [SFX] {"sound": "threat_pulse", "volume": 0.34}
[2026-09-26 02:15:47.590] [SFX] {"sound": "civ_move_2", "volume": 0.01}
[2026-09-26 02:15:47.641] [SFX] {"sound": "civ_move_2", "volume": 0.04}
[2026-09-26 02:15:47.665] [SFX] {"sound": "player_move", "volume": 0.4}
[2026-09-26 02:15:47.869] [SFX] {"sound": "civ_move_1", "volume": 0.29}
[2026-09-26 02:15:47.920] [SFX] {"sound": "infiltrate 2", "volume": 0.5}
[2026-09-26 02:15:47.972] [SFX] {"sound": "player_move", "volume": 0.4}
[2026-09-26 02:15:47.973] [SFX] {"sound": "hack_success", "volume": 1.0}
[2026-09-26 02:15:47.974] [JACK] JACK // Ich habe 1 Credits von ORIN STERLING (ORBITAL LOGISTICS DIRECTOR) gehackt! Er flieht zum Wachtposten!
[2026-09-26 02:15:47.975] [JACK] JACK // HIGH STRATOSPHERE CREDENTIALS. RICH DATA DEPOSITS.
[2026-09-26 02:15:48.007] [SFX] {"sound": "civ_move_2", "volume": 0.04}
[2026-09-26 02:15:48.277] [SFX] {"sound": "civ_move_1", "volume": 0.3}
[2026-09-26 02:15:48.277] [SFX] {"sound": "civ_move_1", "volume": 0.0}
[2026-09-26 02:15:48.411] [SFX] {"sound": "civ_move_2", "volume": 0.05}
[2026-09-26 02:15:48.446] [SFX] {"sound": "civ_move_1", "volume": 0.0}
[2026-09-26 02:15:48.446] [SFX] {"sound": "civ_move_2", "volume": 0.05}
[2026-09-26 02:15:48.468] [SFX] {"sound": "threat_pulse", "volume": 0.32}
[2026-09-26 02:15:48.684] [SFX] {"sound": "civ_move_1", "volume": 0.29}
[2026-09-26 02:15:48.685] [SFX] {"sound": "civ_move_1", "volume": 0.01}
[2026-09-26 02:15:48.820] [SFX] {"sound": "civ_move_2", "volume": 0.06}
[2026-09-26 02:15:48.856] [SFX] {"sound": "civ_move_1", "volume": 0.01}
[2026-09-26 02:15:48.857] [SFX] {"sound": "civ_move_2", "volume": 0.06}
[2026-09-26 02:15:49.092] [SFX] {"sound": "civ_move_1", "volume": 0.27}
[2026-09-26 02:15:49.093] [SFX] {"sound": "civ_move_1", "volume": 0.03}
[2026-09-26 02:15:49.226] [SFX] {"sound": "civ_move_2", "volume": 0.08}
[2026-09-26 02:15:49.261] [SFX] {"sound": "civ_move_1", "volume": 0.02}
[2026-09-26 02:15:49.262] [SFX] {"sound": "civ_move_2", "volume": 0.07}
[2026-09-26 02:15:49.494] [SFX] {"sound": "civ_move_1", "volume": 0.26}
[2026-09-26 02:15:49.495] [SFX] {"sound": "civ_move_1", "volume": 0.04}
[2026-09-26 02:15:49.628] [SFX] {"sound": "civ_move_2", "volume": 0.09}
[2026-09-26 02:15:49.666] [SFX] {"sound": "civ_move_1", "volume": 0.03}
[2026-09-26 02:15:49.666] [SFX] {"sound": "civ_move_2", "volume": 0.08}
[2026-09-26 02:15:49.903] [SFX] {"sound": "civ_move_1", "volume": 0.25}
[2026-09-26 02:15:49.903] [SFX] {"sound": "civ_move_1", "volume": 0.05}
[2026-09-26 02:15:50.037] [SFX] {"sound": "civ_move_2", "volume": 0.1}
[2026-09-26 02:15:50.072] [SFX] {"sound": "civ_move_1", "volume": 0.04}
[2026-09-26 02:15:50.073] [SFX] {"sound": "civ_move_2", "volume": 0.09}
[2026-09-26 02:15:50.308] [SFX] {"sound": "civ_move_1", "volume": 0.24}
[2026-09-26 02:15:50.308] [SFX] {"sound": "civ_move_1", "volume": 0.06}
[2026-09-26 02:15:50.440] [SFX] {"sound": "civ_move_2", "volume": 0.11}
[2026-09-26 02:15:50.475] [SFX] {"sound": "civ_move_1", "volume": 0.05}
[2026-09-26 02:15:50.475] [SFX] {"sound": "civ_move_2", "volume": 0.1}
[2026-09-26 02:15:50.722] [SFX] {"sound": "civ_move_1", "volume": 0.22}
[2026-09-26 02:15:50.722] [SFX] {"sound": "civ_move_1", "volume": 0.07}
[2026-09-26 02:15:50.840] [SFX] {"sound": "civ_move_2", "volume": 0.12}
[2026-09-26 02:15:50.875] [SFX] {"sound": "civ_move_1", "volume": 0.06}
[2026-09-26 02:15:50.876] [SFX] {"sound": "civ_move_2", "volume": 0.11}
[2026-09-26 02:15:51.124] [SFX] {"sound": "civ_move_1", "volume": 0.21}
[2026-09-26 02:15:51.125] [SFX] {"sound": "civ_move_1", "volume": 0.09}
[2026-09-26 02:15:51.240] [SFX] {"sound": "civ_move_2", "volume": 0.14}
[2026-09-26 02:15:51.278] [SFX] {"sound": "civ_move_1", "volume": 0.07}
[2026-09-26 02:15:51.279] [SFX] {"sound": "civ_move_2", "volume": 0.12}
[2026-09-26 02:15:51.526] [SFX] {"sound": "civ_move_1", "volume": 0.2}
[2026-09-26 02:15:51.527] [SFX] {"sound": "civ_move_1", "volume": 0.1}
[2026-09-26 02:15:51.645] [SFX] {"sound": "civ_move_2", "volume": 0.15}
[2026-09-26 02:15:51.680] [SFX] {"sound": "civ_move_1", "volume": 0.08}
[2026-09-26 02:15:51.681] [SFX] {"sound": "civ_move_2", "volume": 0.13}
[2026-09-26 02:15:51.928] [SFX] {"sound": "civ_move_1", "volume": 0.19}
[2026-09-26 02:15:51.928] [SFX] {"sound": "civ_move_1", "volume": 0.11}
[2026-09-26 02:15:52.047] [SFX] {"sound": "civ_move_2", "volume": 0.16}
[2026-09-26 02:15:52.083] [SFX] {"sound": "civ_move_1", "volume": 0.09}
[2026-09-26 02:15:52.084] [SFX] {"sound": "civ_move_2", "volume": 0.14}
[2026-09-26 02:15:52.332] [SFX] {"sound": "civ_move_1", "volume": 0.18}
[2026-09-26 02:15:52.332] [SFX] {"sound": "civ_move_1", "volume": 0.12}
[2026-09-26 02:15:52.450] [SFX] {"sound": "civ_move_2", "volume": 0.17}
[2026-09-26 02:15:52.487] [SFX] {"sound": "civ_move_1", "volume": 0.1}
[2026-09-26 02:15:52.488] [SFX] {"sound": "civ_move_2", "volume": 0.15}
[2026-09-26 02:15:52.739] [SFX] {"sound": "civ_move_1", "volume": 0.16}
[2026-09-26 02:15:52.740] [SFX] {"sound": "civ_move_1", "volume": 0.13}
[2026-09-26 02:15:52.858] [SFX] {"sound": "civ_move_2", "volume": 0.18}
[2026-09-26 02:15:52.893] [SFX] {"sound": "civ_move_1", "volume": 0.11}
[2026-09-26 02:15:52.894] [SFX] {"sound": "civ_move_2", "volume": 0.16}
[2026-09-26 02:15:53.141] [SFX] {"sound": "civ_move_1", "volume": 0.15}
[2026-09-26 02:15:53.262] [SFX] {"sound": "civ_move_2", "volume": 0.2}
[2026-09-26 02:15:53.296] [SFX] {"sound": "civ_move_1", "volume": 0.12}
[2026-09-26 02:15:53.297] [SFX] {"sound": "civ_move_2", "volume": 0.17}
[2026-09-26 02:15:53.546] [SFX] {"sound": "civ_move_1", "volume": 0.14}
[2026-09-26 02:15:53.547] [SFX] {"sound": "civ_move_1", "volume": 0.16}
[2026-09-26 02:15:53.664] [SFX] {"sound": "civ_move_2", "volume": 0.21}
[2026-09-26 02:15:53.700] [SFX] {"sound": "civ_move_1", "volume": 0.13}
[2026-09-26 02:15:53.701] [SFX] {"sound": "civ_move_2", "volume": 0.18}
[2026-09-26 02:15:53.950] [SFX] {"sound": "civ_move_1", "volume": 0.13}
[2026-09-26 02:15:53.951] [SFX] {"sound": "civ_move_1", "volume": 0.17}
[2026-09-26 02:15:54.071] [SFX] {"sound": "civ_move_2", "volume": 0.22}
[2026-09-26 02:15:54.107] [SFX] {"sound": "civ_move_1", "volume": 0.14}
[2026-09-26 02:15:54.107] [SFX] {"sound": "civ_move_2", "volume": 0.19}
[2026-09-26 02:15:54.360] [SFX] {"sound": "civ_move_1", "volume": 0.12}
[2026-09-26 02:15:54.361] [SFX] {"sound": "civ_move_2", "volume": 0.0}
[2026-09-26 02:15:54.362] [SFX] {"sound": "civ_move_1", "volume": 0.18}
[2026-09-26 02:15:54.480] [SFX] {"sound": "civ_move_2", "volume": 0.23}
[2026-09-26 02:15:54.516] [SFX] {"sound": "civ_move_1", "volume": 0.15}
[2026-09-26 02:15:54.517] [SFX] {"sound": "civ_move_2", "volume": 0.2}
[2026-09-26 02:15:54.763] [SFX] {"sound": "civ_move_1", "volume": 0.1}
[2026-09-26 02:15:54.764] [SFX] {"sound": "civ_move_2", "volume": 0.01}
[2026-09-26 02:15:54.765] [SFX] {"sound": "civ_move_1", "volume": 0.2}
[2026-09-26 02:15:54.883] [SFX] {"sound": "civ_move_2", "volume": 0.25}
[2026-09-26 02:15:54.899] [M] {"button": 1, "pos": [430, 181], "ui_clicked": false}
[2026-09-26 02:15:54.909] [JACK] JACK // SOLID ENCRYPTION WALLS. REQUIRES PERFECT MINIGAME TIMING.
[2026-09-26 02:15:54.910] [SFX] {"sound": "click_target", "volume": 0.51}
[2026-09-26 02:15:54.931] [SFX] {"sound": "civ_move_1", "volume": 0.15}
[2026-09-26 02:15:54.932] [SFX] {"sound": "civ_move_2", "volume": 0.21}
[2026-09-26 02:15:55.114] [C] {"civ_pos": [99, 124]}
[2026-09-26 02:15:55.171] [SFX] {"sound": "civ_move_1", "volume": 0.13}
[2026-09-26 02:15:55.172] [SFX] {"sound": "civ_move_2", "volume": 0.06}
[2026-09-26 02:15:55.173] [SFX] {"sound": "civ_move_1", "volume": 0.25}
[2026-09-26 02:15:55.210] [SFX] {"sound": "player_move", "volume": 0.4}
[2026-09-26 02:15:55.298] [SFX] {"sound": "civ_move_2", "volume": 0.2}
[2026-09-26 02:15:55.338] [SFX] {"sound": "civ_move_1", "volume": 0.11}
[2026-09-26 02:15:55.338] [SFX] {"sound": "civ_move_2", "volume": 0.21}
[2026-09-26 02:15:55.525] [SFX] {"sound": "player_move", "volume": 0.4}
[2026-09-26 02:15:55.577] [SFX] {"sound": "civ_move_1", "volume": 0.15}
[2026-09-26 02:15:55.578] [SFX] {"sound": "civ_move_2", "volume": 0.09}
[2026-09-26 02:15:55.578] [SFX] {"sound": "civ_move_1", "volume": 0.29}
[2026-09-26 02:15:55.709] [SFX] {"sound": "civ_move_2", "volume": 0.2}
[2026-09-26 02:15:55.744] [SFX] {"sound": "civ_move_1", "volume": 0.12}
[2026-09-26 02:15:55.745] [SFX] {"sound": "civ_move_2", "volume": 0.19}
[2026-09-26 02:15:55.830] [SFX] {"sound": "player_move", "volume": 0.4}
[2026-09-26 02:15:55.867] [SFX] {"sound": "threat_pulse", "volume": 0.31}
[2026-09-26 02:15:55.986] [SFX] {"sound": "civ_move_1", "volume": 0.14}
[2026-09-26 02:15:55.987] [SFX] {"sound": "civ_move_2", "volume": 0.1}
[2026-09-26 02:15:55.988] [SFX] {"sound": "civ_move_1", "volume": 0.29}
[2026-09-26 02:15:56.118] [SFX] {"sound": "civ_move_2", "volume": 0.21}
[2026-09-26 02:15:56.141] [SFX] {"sound": "player_move", "volume": 0.4}
[2026-09-26 02:15:56.162] [SFX] {"sound": "civ_move_1", "volume": 0.13}
[2026-09-26 02:15:56.163] [SFX] {"sound": "civ_move_2", "volume": 0.19}
[2026-09-26 02:15:56.395] [SFX] {"sound": "civ_move_1", "volume": 0.12}
[2026-09-26 02:15:56.396] [SFX] {"sound": "civ_move_2", "volume": 0.1}
[2026-09-26 02:15:56.397] [SFX] {"sound": "civ_move_1", "volume": 0.29}
[2026-09-26 02:15:56.447] [SFX] {"sound": "player_move", "volume": 0.4}
[2026-09-26 02:15:56.480] [M] {"button": 1, "pos": [400, 209], "ui_clicked": true}
[2026-09-26 02:15:56.524] [SFX] {"sound": "civ_move_2", "volume": 0.23}
[2026-09-26 02:15:56.560] [SFX] {"sound": "civ_move_1", "volume": 0.15}
[2026-09-26 02:15:56.561] [SFX] {"sound": "civ_move_2", "volume": 0.19}
[2026-09-26 02:15:56.760] [SFX] {"sound": "player_move", "volume": 0.4}
[2026-09-26 02:15:56.783] [SFX] {"sound": "threat_pulse", "volume": 0.32}
[2026-09-26 02:15:56.803] [SFX] {"sound": "civ_move_1", "volume": 0.09}
[2026-09-26 02:15:56.803] [SFX] {"sound": "civ_move_2", "volume": 0.1}
[2026-09-26 02:15:56.804] [SFX] {"sound": "civ_move_1", "volume": 0.29}
[2026-09-26 02:15:56.838] [SFX] {"sound": "infiltrate 1", "volume": 0.5}
[2026-09-26 02:15:56.925] [SFX] {"sound": "civ_move_2", "volume": 0.26}
[2026-09-26 02:15:56.976] [SFX] {"sound": "civ_move_1", "volume": 0.17}
[2026-09-26 02:15:56.977] [SFX] {"sound": "civ_move_2", "volume": 0.19}
[2026-09-26 02:15:57.062] [SFX] {"sound": "player_move", "volume": 0.4}
[2026-09-26 02:15:57.196] [SFX] {"sound": "civ_move_1", "volume": 0.07}
[2026-09-26 02:15:57.197] [SFX] {"sound": "civ_move_2", "volume": 0.1}
[2026-09-26 02:15:57.198] [SFX] {"sound": "civ_move_1", "volume": 0.29}
[2026-09-26 02:15:57.248] [SFX] {"sound": "infiltrate 1", "volume": 0.5}
[2026-09-26 02:15:57.335] [SFX] {"sound": "civ_move_2", "volume": 0.28}
[2026-09-26 02:15:57.372] [SFX] {"sound": "player_move", "volume": 0.4}
[2026-09-26 02:15:57.395] [SFX] {"sound": "civ_move_1", "volume": 0.19}
[2026-09-26 02:15:57.396] [SFX] {"sound": "civ_move_2", "volume": 0.19}
[2026-09-26 02:15:57.607] [SFX] {"sound": "civ_move_1", "volume": 0.05}
[2026-09-26 02:15:57.608] [SFX] {"sound": "civ_move_2", "volume": 0.1}
[2026-09-26 02:15:57.609] [SFX] {"sound": "civ_move_1", "volume": 0.29}
[2026-09-26 02:15:57.629] [C] {"civ_pos": [98, 122]}
[2026-09-26 02:15:57.671] [SFX] {"sound": "player_move", "volume": 0.4}
[2026-09-26 02:15:57.672] [SFX] {"sound": "infiltrate 1", "volume": 0.5}
[2026-09-26 02:15:57.694] [SFX] {"sound": "threat_pulse", "volume": 0.33}
[2026-09-26 02:15:57.744] [SFX] {"sound": "civ_move_2", "volume": 0.29}
[2026-09-26 02:15:57.798] [SFX] {"sound": "civ_move_1", "volume": 0.21}
[2026-09-26 02:15:57.799] [SFX] {"sound": "civ_move_2", "volume": 0.19}
[2026-09-26 02:15:57.852] [SFX] {"sound": "hack_success", "volume": 1.0}
[2026-09-26 02:15:57.853] [JACK] JACK // Ich habe 3 Credits von TESSA DRAKE (QUANTUM ENCRYPTION DEV) gehackt! Er flieht zum Wachtposten!
[2026-09-26 02:15:57.853] [JACK] JACK // SOLID ENCRYPTION WALLS. REQUIRES PERFECT MINIGAME TIMING.
[2026-09-26 02:15:58.019] [SFX] {"sound": "civ_move_1", "volume": 0.03}
[2026-09-26 02:15:58.019] [SFX] {"sound": "civ_move_2", "volume": 0.11}
[2026-09-26 02:15:58.020] [SFX] {"sound": "civ_move_1", "volume": 0.3}
[2026-09-26 02:15:58.153] [SFX] {"sound": "civ_move_2", "volume": 0.28}
[2026-09-26 02:15:58.204] [SFX] {"sound": "civ_move_1", "volume": 0.22}
[2026-09-26 02:15:58.204] [SFX] {"sound": "civ_move_2", "volume": 0.18}
[2026-09-26 02:15:58.424] [SFX] {"sound": "civ_move_1", "volume": 0.01}
[2026-09-26 02:15:58.425] [SFX] {"sound": "civ_move_2", "volume": 0.12}
[2026-09-26 02:15:58.425] [SFX] {"sound": "civ_move_1", "volume": 0.29}
[2026-09-26 02:15:58.559] [SFX] {"sound": "civ_move_2", "volume": 0.26}
[2026-09-26 02:15:58.612] [SFX] {"sound": "civ_move_1", "volume": 0.22}
[2026-09-26 02:15:58.613] [SFX] {"sound": "civ_move_2", "volume": 0.17}
[2026-09-26 02:15:58.832] [SFX] {"sound": "civ_move_1", "volume": 0.0}
[2026-09-26 02:15:58.832] [SFX] {"sound": "civ_move_2", "volume": 0.13}
[2026-09-26 02:15:58.833] [SFX] {"sound": "civ_move_1", "volume": 0.28}
[2026-09-26 02:15:58.967] [SFX] {"sound": "civ_move_2", "volume": 0.25}
[2026-09-26 02:15:59.018] [SFX] {"sound": "civ_move_1", "volume": 0.23}
[2026-09-26 02:15:59.018] [SFX] {"sound": "civ_move_2", "volume": 0.16}
[2026-09-26 02:15:59.238] [SFX] {"sound": "civ_move_2", "volume": 0.14}
[2026-09-26 02:15:59.239] [SFX] {"sound": "civ_move_1", "volume": 0.27}
[2026-09-26 02:15:59.376] [SFX] {"sound": "civ_move_2", "volume": 0.24}
[2026-09-26 02:15:59.410] [M] {"button": 1, "pos": [329, 206], "ui_clicked": false}
[2026-09-26 02:15:59.421] [JACK] JACK // STEEPED IN CHROME CULTURE. HER PERSONAL LOGS ARE FULL OF BLACK-MARKET CONTACTS.
[2026-09-26 02:15:59.421] [SFX] {"sound": "click_target", "volume": 0.73}
[2026-09-26 02:15:59.442] [SFX] {"sound": "civ_move_1", "volume": 0.23}
[2026-09-26 02:15:59.443] [SFX] {"sound": "civ_move_2", "volume": 0.15}
[2026-09-26 02:15:59.545] [SFX] {"sound": "player_move", "volume": 0.4}
[2026-09-26 02:15:59.645] [SFX] {"sound": "civ_move_1", "volume": 0.01}
[2026-09-26 02:15:59.645] [SFX] {"sound": "civ_move_2", "volume": 0.17}
[2026-09-26 02:15:59.646] [SFX] {"sound": "civ_move_1", "volume": 0.29}
[2026-09-26 02:15:59.781] [SFX] {"sound": "civ_move_2", "volume": 0.28}
[2026-09-26 02:15:59.853] [SFX] {"sound": "player_move", "volume": 0.4}
[2026-09-26 02:15:59.854] [SFX] {"sound": "civ_move_1", "volume": 0.21}
[2026-09-26 02:15:59.854] [SFX] {"sound": "civ_move_2", "volume": 0.09}
[2026-09-26 02:16:00.054] [SFX] {"sound": "civ_move_1", "volume": 0.06}
[2026-09-26 02:16:00.054] [SFX] {"sound": "civ_move_2", "volume": 0.23}
[2026-09-26 02:16:00.055] [SFX] {"sound": "civ_move_1", "volume": 0.26}
[2026-09-26 02:16:00.154] [SFX] {"sound": "player_move", "volume": 0.4}
[2026-09-26 02:16:00.190] [SFX] {"sound": "civ_move_2", "volume": 0.27}
[2026-09-26 02:16:00.257] [SFX] {"sound": "civ_move_1", "volume": 0.17}
[2026-09-26 02:16:00.258] [SFX] {"sound": "civ_move_2", "volume": 0.03}
[2026-09-26 02:16:00.467] [SFX] {"sound": "player_move", "volume": 0.4}
[2026-09-26 02:16:00.467] [SFX] {"sound": "civ_move_1", "volume": 0.11}
[2026-09-26 02:16:00.468] [SFX] {"sound": "civ_move_2", "volume": 0.19}
[2026-09-26 02:16:00.469] [SFX] {"sound": "civ_move_1", "volume": 0.21}
[2026-09-26 02:16:00.600] [SFX] {"sound": "civ_move_2", "volume": 0.06}
[2026-09-26 02:16:00.601] [SFX] {"sound": "civ_move_2", "volume": 0.22}
[2026-09-26 02:16:00.668] [SFX] {"sound": "civ_move_1", "volume": 0.13}
[2026-09-26 02:16:00.772] [SFX] {"sound": "player_move", "volume": 0.4}
[2026-09-26 02:16:00.873] [SFX] {"sound": "civ_move_1", "volume": 0.16}
[2026-09-26 02:16:00.874] [SFX] {"sound": "civ_move_2", "volume": 0.13}
[2026-09-26 02:16:00.875] [SFX] {"sound": "civ_move_1", "volume": 0.16}
[2026-09-26 02:16:01.006] [SFX] {"sound": "civ_move_2", "volume": 0.13}
[2026-09-26 02:16:01.007] [SFX] {"sound": "civ_move_2", "volume": 0.17}
[2026-09-26 02:16:01.078] [SFX] {"sound": "player_move", "volume": 0.4}
[2026-09-26 02:16:01.079] [SFX] {"sound": "civ_move_1", "volume": 0.09}
[2026-09-26 02:16:01.277] [SFX] {"sound": "civ_move_1", "volume": 0.21}
[2026-09-26 02:16:01.278] [SFX] {"sound": "civ_move_2", "volume": 0.07}
[2026-09-26 02:16:01.278] [SFX] {"sound": "civ_move_1", "volume": 0.12}
[2026-09-26 02:16:01.379] [SFX] {"sound": "player_move", "volume": 0.4}
[2026-09-26 02:16:01.417] [SFX] {"sound": "civ_move_2", "volume": 0.21}
[2026-09-26 02:16:01.418] [SFX] {"sound": "civ_move_2", "volume": 0.12}
[2026-09-26 02:16:01.486] [SFX] {"sound": "civ_move_1", "volume": 0.06}
[2026-09-26 02:16:01.685] [SFX] {"sound": "player_move", "volume": 0.4}
[2026-09-26 02:16:01.686] [SFX] {"sound": "civ_move_1", "volume": 0.19}
[2026-09-26 02:16:01.686] [SFX] {"sound": "civ_move_2", "volume": 0.08}
[2026-09-26 02:16:01.687] [SFX] {"sound": "civ_move_1", "volume": 0.13}
[2026-09-26 02:16:01.819] [SFX] {"sound": "civ_move_2", "volume": 0.18}
[2026-09-26 02:16:01.820] [SFX] {"sound": "civ_move_2", "volume": 0.17}
[2026-09-26 02:16:01.889] [SFX] {"sound": "civ_move_1", "volume": 0.14}
[2026-09-26 02:16:01.990] [SFX] {"sound": "player_move", "volume": 0.4}
[2026-09-26 02:16:02.096] [SFX] {"sound": "civ_move_1", "volume": 0.12}
[2026-09-26 02:16:02.097] [SFX] {"sound": "civ_move_2", "volume": 0.13}
[2026-09-26 02:16:02.098] [SFX] {"sound": "civ_move_1", "volume": 0.2}
[2026-09-26 02:16:02.234] [SFX] {"sound": "civ_move_2", "volume": 0.13}
[2026-09-26 02:16:02.235] [SFX] {"sound": "civ_move_2", "volume": 0.25}
[2026-09-26 02:16:02.303] [SFX] {"sound": "player_move", "volume": 0.4}
[2026-09-26 02:16:02.304] [SFX] {"sound": "civ_move_1", "volume": 0.21}
[2026-09-26 02:16:02.505] [SFX] {"sound": "civ_move_1", "volume": 0.05}
[2026-09-26 02:16:02.505] [SFX] {"sound": "civ_move_2", "volume": 0.18}
[2026-09-26 02:16:02.506] [SFX] {"sound": "civ_move_1", "volume": 0.27}
[2026-09-26 02:16:02.528] [C] {"civ_pos": [118, 122]}
[2026-09-26 02:16:02.618] [SFX] {"sound": "player_move", "volume": 0.4}
[2026-09-26 02:16:02.642] [SFX] {"sound": "civ_move_2", "volume": 0.08}
[2026-09-26 02:16:02.643] [SFX] {"sound": "civ_move_2", "volume": 0.27}
[2026-09-26 02:16:02.709] [SFX] {"sound": "civ_move_1", "volume": 0.29}
[2026-09-26 02:16:02.710] [SFX] {"sound": "threat_pulse", "volume": 0.3}
[2026-09-26 02:16:02.911] [SFX] {"sound": "civ_move_2", "volume": 0.2}
[2026-09-26 02:16:02.912] [SFX] {"sound": "civ_move_1", "volume": 0.27}
[2026-09-26 02:16:02.933] [SFX] {"sound": "player_move", "volume": 0.4}
[2026-09-26 02:16:03.039] [SFX] {"sound": "civ_move_2", "volume": 0.07}
[2026-09-26 02:16:03.040] [SFX] {"sound": "civ_move_2", "volume": 0.25}
[2026-09-26 02:16:03.126] [SFX] {"sound": "civ_move_1", "volume": 0.3}
[2026-09-26 02:16:03.229] [SFX] {"sound": "player_move", "volume": 0.4}
[2026-09-26 02:16:03.315] [SFX] {"sound": "civ_move_2", "volume": 0.18}
[2026-09-26 02:16:03.316] [SFX] {"sound": "civ_move_1", "volume": 0.26}
[2026-09-26 02:16:03.450] [SFX] {"sound": "civ_move_2", "volume": 0.09}
[2026-09-26 02:16:03.451] [SFX] {"sound": "civ_move_2", "volume": 0.24}
[2026-09-26 02:16:03.536] [SFX] {"sound": "player_move", "volume": 0.4}
[2026-09-26 02:16:03.537] [SFX] {"sound": "civ_move_1", "volume": 0.29}
[2026-09-26 02:16:03.622] [SFX] {"sound": "threat_pulse", "volume": 0.31}
[2026-09-26 02:16:03.723] [SFX] {"sound": "civ_move_2", "volume": 0.16}
[2026-09-26 02:16:03.724] [SFX] {"sound": "civ_move_1", "volume": 0.26}
[2026-09-26 02:16:03.840] [SFX] {"sound": "player_move", "volume": 0.4}
[2026-09-26 02:16:03.864] [SFX] {"sound": "civ_move_2", "volume": 0.12}
[2026-09-26 02:16:03.864] [SFX] {"sound": "civ_move_2", "volume": 0.24}
[2026-09-26 02:16:03.949] [SFX] {"sound": "civ_move_1", "volume": 0.29}
[2026-09-26 02:16:03.964] [M] {"button": 1, "pos": [362, 206], "ui_clicked": true}
[2026-09-26 02:16:04.136] [SFX] {"sound": "civ_move_2", "volume": 0.14}
[2026-09-26 02:16:04.137] [SFX] {"sound": "civ_move_1", "volume": 0.26}
[2026-09-26 02:16:04.158] [SFX] {"sound": "player_move", "volume": 0.4}
[2026-09-26 02:16:04.191] [SFX] {"sound": "infiltrate 2", "volume": 0.5}
[2026-09-26 02:16:04.262] [SFX] {"sound": "civ_move_2", "volume": 0.14}
[2026-09-26 02:16:04.263] [SFX] {"sound": "civ_move_2", "volume": 0.24}
[2026-09-26 02:16:04.362] [SFX] {"sound": "civ_move_1", "volume": 0.29}
[2026-09-26 02:16:04.467] [SFX] {"sound": "player_move", "volume": 0.4}
[2026-09-26 02:16:04.537] [SFX] {"sound": "civ_move_2", "volume": 0.11}
[2026-09-26 02:16:04.537] [SFX] {"sound": "civ_move_1", "volume": 0.26}
[2026-09-26 02:16:04.538] [SFX] {"sound": "threat_pulse", "volume": 0.32}
[2026-09-26 02:16:04.591] [SFX] {"sound": "infiltrate 2", "volume": 0.5}
[2026-09-26 02:16:04.676] [SFX] {"sound": "civ_move_2", "volume": 0.16}
[2026-09-26 02:16:04.677] [SFX] {"sound": "civ_move_2", "volume": 0.24}
[2026-09-26 02:16:04.776] [SFX] {"sound": "player_move", "volume": 0.4}
[2026-09-26 02:16:04.777] [SFX] {"sound": "civ_move_1", "volume": 0.29}
[2026-09-26 02:16:04.942] [SFX] {"sound": "civ_move_2", "volume": 0.09}
[2026-09-26 02:16:04.942] [SFX] {"sound": "civ_move_1", "volume": 0.26}
[2026-09-26 02:16:04.993] [SFX] {"sound": "infiltrate 2", "volume": 0.5}
[2026-09-26 02:16:05.028] [C] {"civ_pos": [122, 124]}
[2026-09-26 02:16:05.087] [SFX] {"sound": "player_move", "volume": 0.4}
[2026-09-26 02:16:05.087] [SFX] {"sound": "civ_move_2", "volume": 0.14}
[2026-09-26 02:16:05.088] [SFX] {"sound": "civ_move_2", "volume": 0.24}
[2026-09-26 02:16:05.190] [SFX] {"sound": "civ_move_1", "volume": 0.29}
[2026-09-26 02:16:05.341] [SFX] {"sound": "hack_success", "volume": 1.0}
[2026-09-26 02:16:05.351] [SFX] {"sound": "civ_move_2", "volume": 0.06}
[2026-09-26 02:16:05.351] [SFX] {"sound": "civ_move_1", "volume": 0.26}
[2026-09-26 02:16:15.814] [M] {"button": 1, "pos": [400, 150], "ui_clicked": true}
[2026-09-26 02:16:16.541] [M] {"button": 1, "pos": [382, 27], "ui_clicked": true}
[2026-09-26 02:16:23.821] [M] {"button": 1, "pos": [252, 37], "ui_clicked": true}
[2026-09-26 02:16:30.719] [M] {"button": 1, "pos": [286, 254], "ui_clicked": true}
[2026-09-26 02:16:30.720] [SFX] {"sound": "hack_success", "volume": 1.0}
[2026-09-26 02:16:30.802] [SFX] {"sound": "player_move", "volume": 0.4}
[2026-09-26 02:16:30.826] [SFX] {"sound": "threat_pulse", "volume": 0.33}
[2026-09-26 02:16:30.877] [SFX] {"sound": "civ_move_2", "volume": 0.15}
[2026-09-26 02:16:30.878] [SFX] {"sound": "civ_move_2", "volume": 0.24}
[2026-09-26 02:16:30.978] [SFX] {"sound": "civ_move_1", "volume": 0.29}
[2026-09-26 02:16:31.114] [SFX] {"sound": "player_move", "volume": 0.4}
[2026-09-26 02:16:31.136] [SFX] {"sound": "civ_move_2", "volume": 0.04}
[2026-09-26 02:16:31.137] [SFX] {"sound": "civ_move_1", "volume": 0.26}
[2026-09-26 02:16:31.287] [SFX] {"sound": "civ_move_2", "volume": 0.17}
[2026-09-26 02:16:31.288] [SFX] {"sound": "civ_move_2", "volume": 0.24}
[2026-09-26 02:16:31.387] [SFX] {"sound": "civ_move_1", "volume": 0.29}
[2026-09-26 02:16:31.423] [SFX] {"sound": "player_move", "volume": 0.4}
[2026-09-26 02:16:31.539] [SFX] {"sound": "civ_move_2", "volume": 0.01}
[2026-09-26 02:16:31.540] [SFX] {"sound": "civ_move_1", "volume": 0.26}
[2026-09-26 02:16:31.541] [SFX] {"sound": "civ_move_2", "volume": 0.02}
[2026-09-26 02:16:31.689] [SFX] {"sound": "civ_move_2", "volume": 0.18}
[2026-09-26 02:16:31.689] [SFX] {"sound": "civ_move_2", "volume": 0.24}
[2026-09-26 02:16:31.725] [SFX] {"sound": "player_move", "volume": 0.4}
[2026-09-26 02:16:31.726] [SFX] {"sound": "threat_pulse", "volume": 0.34}
[2026-09-26 02:16:31.795] [SFX] {"sound": "civ_move_1", "volume": 0.29}
[2026-09-26 02:16:31.945] [SFX] {"sound": "civ_move_1", "volume": 0.26}
[2026-09-26 02:16:31.946] [SFX] {"sound": "civ_move_2", "volume": 0.04}
[2026-09-26 02:16:32.033] [SFX] {"sound": "player_move", "volume": 0.4}
[2026-09-26 02:16:32.090] [SFX] {"sound": "civ_move_2", "volume": 0.19}
[2026-09-26 02:16:32.091] [SFX] {"sound": "civ_move_2", "volume": 0.24}
[2026-09-26 02:16:32.207] [SFX] {"sound": "civ_move_1", "volume": 0.29}
[2026-09-26 02:16:32.341] [SFX] {"sound": "player_move", "volume": 0.4}
[2026-09-26 02:16:32.364] [SFX] {"sound": "civ_move_1", "volume": 0.26}
[2026-09-26 02:16:32.365] [SFX] {"sound": "civ_move_2", "volume": 0.06}
[2026-09-26 02:16:32.501] [SFX] {"sound": "civ_move_2", "volume": 0.2}
[2026-09-26 02:16:32.502] [SFX] {"sound": "civ_move_2", "volume": 0.24}
[2026-09-26 02:16:32.621] [SFX] {"sound": "civ_move_1", "volume": 0.29}
[2026-09-26 02:16:32.645] [SFX] {"sound": "threat_pulse", "volume": 0.36}
[2026-09-26 02:16:32.664] [SFX] {"sound": "player_move", "volume": 0.4}
[2026-09-26 02:16:32.765] [SFX] {"sound": "civ_move_1", "volume": 0.26}
[2026-09-26 02:16:32.766] [SFX] {"sound": "civ_move_2", "volume": 0.09}
[2026-09-26 02:16:32.918] [SFX] {"sound": "civ_move_2", "volume": 0.2}
[2026-09-26 02:16:32.919] [SFX] {"sound": "civ_move_2", "volume": 0.24}
[2026-09-26 02:16:32.920] [C] {"civ_pos": [132, 124]}
[2026-09-26 02:16:32.963] [JACK] Ich näher mich der zivilen Subroutine... Hoffentlich hat er lohnenswerten Loot geladen.
[2026-09-26 02:16:32.986] [SFX] {"sound": "player_move", "volume": 0.4}
[2026-09-26 02:16:33.025] [SFX] {"sound": "civ_move_1", "volume": 0.29}
[2026-09-26 02:16:33.178] [SFX] {"sound": "civ_move_1", "volume": 0.26}
[2026-09-26 02:16:33.179] [SFX] {"sound": "civ_move_2", "volume": 0.11}
[2026-09-26 02:16:33.284] [SFX] {"sound": "player_move", "volume": 0.4}
[2026-09-26 02:16:33.321] [SFX] {"sound": "civ_move_2", "volume": 0.2}
[2026-09-26 02:16:33.322] [SFX] {"sound": "civ_move_2", "volume": 0.24}
[2026-09-26 02:16:33.439] [SFX] {"sound": "civ_move_1", "volume": 0.29}
[2026-09-26 02:16:33.543] [SFX] {"sound": "threat_pulse", "volume": 0.37}
[2026-09-26 02:16:33.577] [SFX] {"sound": "civ_move_1", "volume": 0.26}
[2026-09-26 02:16:33.578] [SFX] {"sound": "civ_move_2", "volume": 0.14}
[2026-09-26 02:16:33.600] [SFX] {"sound": "player_move", "volume": 0.4}
[2026-09-26 02:16:33.733] [SFX] {"sound": "civ_move_2", "volume": 0.2}
[2026-09-26 02:16:33.734] [SFX] {"sound": "civ_move_2", "volume": 0.24}
[2026-09-26 02:16:33.854] [SFX] {"sound": "civ_move_1", "volume": 0.29}
[2026-09-26 02:16:33.877] [SFX] {"sound": "civ_move_1", "volume": 0.01}
[2026-09-26 02:16:33.911] [SFX] {"sound": "player_move", "volume": 0.4}
[2026-09-26 02:16:33.980] [SFX] {"sound": "civ_move_1", "volume": 0.26}
[2026-09-26 02:16:33.981] [SFX] {"sound": "civ_move_2", "volume": 0.16}
[2026-09-26 02:16:34.148] [SFX] {"sound": "civ_move_2", "volume": 0.24}
[2026-09-26 02:16:34.215] [SFX] {"sound": "player_move", "volume": 0.4}
[2026-09-26 02:16:34.267] [SFX] {"sound": "civ_move_1", "volume": 0.29}
[2026-09-26 02:16:34.290] [SFX] {"sound": "civ_move_1", "volume": 0.04}
[2026-09-26 02:16:34.391] [SFX] {"sound": "civ_move_1", "volume": 0.26}
[2026-09-26 02:16:34.392] [SFX] {"sound": "civ_move_2", "volume": 0.19}
[2026-09-26 02:16:34.449] [SFX] {"sound": "threat_pulse", "volume": 0.38}
[2026-09-26 02:16:34.518] [SFX] {"sound": "player_move", "volume": 0.4}
[2026-09-26 02:16:34.555] [SFX] {"sound": "civ_move_2", "volume": 0.25}
[2026-09-26 02:16:34.673] [SFX] {"sound": "civ_move_1", "volume": 0.29}
[2026-09-26 02:16:34.688] [M] {"button": 1, "pos": [220, 308], "ui_clicked": true}
[2026-09-26 02:16:34.727] [SFX] {"sound": "civ_move_1", "volume": 0.05}
[2026-09-26 02:16:34.794] [SFX] {"sound": "civ_move_1", "volume": 0.26}
[2026-09-26 02:16:34.795] [SFX] {"sound": "civ_move_2", "volume": 0.17}
[2026-09-26 02:16:34.830] [SFX] {"sound": "player_move", "volume": 0.4}
[2026-09-26 02:16:34.967] [SFX] {"sound": "civ_move_2", "volume": 0.24}
[2026-09-26 02:16:35.088] [SFX] {"sound": "civ_move_1", "volume": 0.3}
[2026-09-26 02:16:35.111] [SFX] {"sound": "civ_move_1", "volume": 0.06}
[2026-09-26 02:16:35.148] [SFX] {"sound": "player_move", "volume": 0.4}
[2026-09-26 02:16:35.200] [SFX] {"sound": "civ_move_1", "volume": 0.25}
[2026-09-26 02:16:35.201] [SFX] {"sound": "civ_move_2", "volume": 0.18}
[2026-09-26 02:16:35.352] [SFX] {"sound": "threat_pulse", "volume": 0.39}
[2026-09-26 02:16:35.374] [SFX] {"sound": "civ_move_2", "volume": 0.23}
[2026-09-26 02:16:35.427] [C] {"civ_pos": [140, 122]}
[2026-09-26 02:16:35.482] [SFX] {"sound": "player_move", "volume": 0.4}
[2026-09-26 02:16:35.505] [SFX] {"sound": "civ_move_1", "volume": 0.29}
[2026-09-26 02:16:35.528] [SFX] {"sound": "civ_move_1", "volume": 0.08}
[2026-09-26 02:16:35.612] [SFX] {"sound": "civ_move_1", "volume": 0.25}
[2026-09-26 02:16:35.613] [SFX] {"sound": "civ_move_2", "volume": 0.19}
[2026-09-26 02:16:35.781] [SFX] {"sound": "civ_move_2", "volume": 0.23}
[2026-09-26 02:16:35.803] [SFX] {"sound": "player_move", "volume": 0.4}
[2026-09-26 02:16:35.904] [SFX] {"sound": "civ_move_1", "volume": 0.29}
[2026-09-26 02:16:35.941] [SFX] {"sound": "civ_move_1", "volume": 0.1}
[2026-09-26 02:16:36.028] [SFX] {"sound": "civ_move_1", "volume": 0.25}
[2026-09-26 02:16:36.029] [SFX] {"sound": "civ_move_2", "volume": 0.21}
[2026-09-26 02:16:36.097] [SFX] {"sound": "player_move", "volume": 0.4}
[2026-09-26 02:16:36.152] [SFX] {"sound": "threat_pulse", "volume": 0.4}
[2026-09-26 02:16:36.191] [SFX] {"sound": "civ_move_2", "volume": 0.23}
[2026-09-26 02:16:36.308] [SFX] {"sound": "civ_move_1", "volume": 0.29}
[2026-09-26 02:16:36.346] [SFX] {"sound": "civ_move_1", "volume": 0.12}
[2026-09-26 02:16:36.400] [SFX] {"sound": "player_move", "volume": 0.4}
[2026-09-26 02:16:36.436] [SFX] {"sound": "civ_move_1", "volume": 0.25}
[2026-09-26 02:16:36.437] [SFX] {"sound": "civ_move_2", "volume": 0.23}
[2026-09-26 02:16:36.706] [SFX] {"sound": "player_move", "volume": 0.4}
[2026-09-26 02:16:36.728] [SFX] {"sound": "civ_move_1", "volume": 0.29}
[2026-09-26 02:16:36.763] [SFX] {"sound": "civ_move_1", "volume": 0.14}
[2026-09-26 02:16:36.832] [SENTINEL_ALARM_DISPATCHED] {"guard": [186, 120], "investigate": [138, 122]}
[2026-09-26 02:16:36.881] [JACK] Achtung! Eine Wache wurde zu meiner letzten bekannten Position geschickt! Ich muss sofort den Standort wechseln!
[2026-09-26 02:16:36.882] [SFX] {"sound": "civ_move_1", "volume": 0.25}
[2026-09-26 02:16:36.883] [SFX] {"sound": "civ_move_2", "volume": 0.22}
[2026-09-26 02:16:36.968] [SFX] {"sound": "threat_pulse", "volume": 0.41}
[2026-09-26 02:16:37.008] [SFX] {"sound": "player_move", "volume": 0.4}
[2026-09-26 02:16:37.009] [SFX] {"sound": "civ_move_2", "volume": 0.23}
[2026-09-26 02:16:37.128] [SFX] {"sound": "civ_move_1", "volume": 0.29}
[2026-09-26 02:16:37.164] [SFX] {"sound": "civ_move_1", "volume": 0.16}
[2026-09-26 02:16:37.251] [SFX] {"sound": "civ_move_1", "volume": 0.25}
[2026-09-26 02:16:37.252] [SFX] {"sound": "civ_move_2", "volume": 0.2}
[2026-09-26 02:16:37.320] [SFX] {"sound": "player_move", "volume": 0.4}
[2026-09-26 02:16:37.422] [SFX] {"sound": "civ_move_2", "volume": 0.23}
[2026-09-26 02:16:37.542] [SFX] {"sound": "civ_move_1", "volume": 0.29}
[2026-09-26 02:16:37.566] [SFX] {"sound": "guardian_move", "volume": 0.03}
[2026-09-26 02:16:37.588] [SFX] {"sound": "civ_move_1", "volume": 0.18}
[2026-09-26 02:16:37.625] [SFX] {"sound": "player_move", "volume": 0.4}
[2026-09-26 02:16:37.661] [SFX] {"sound": "civ_move_1", "volume": 0.25}
[2026-09-26 02:16:37.661] [SFX] {"sound": "civ_move_2", "volume": 0.18}
[2026-09-26 02:16:37.778] [SFX] {"sound": "civ_move_2", "volume": 0.0}
[2026-09-26 02:16:37.778] [SFX] {"sound": "threat_pulse", "volume": 0.42}
[2026-09-26 02:16:37.831] [SFX] {"sound": "civ_move_2", "volume": 0.23}
[2026-09-26 02:16:37.935] [SFX] {"sound": "player_move", "volume": 0.4}
[2026-09-26 02:16:37.936] [C] {"civ_pos": [150, 122]}
[2026-09-26 02:16:37.977] [SFX] {"sound": "civ_move_1", "volume": 0.29}
[2026-09-26 02:16:38.003] [SFX] {"sound": "civ_move_1", "volume": 0.19}
[2026-09-26 02:16:38.074] [SFX] {"sound": "civ_move_1", "volume": 0.25}
[2026-09-26 02:16:38.074] [SFX] {"sound": "civ_move_2", "volume": 0.17}
[2026-09-26 02:16:38.145] [SFX] {"sound": "civ_move_1", "volume": 0.01}
[2026-09-26 02:16:38.167] [SFX] {"sound": "guardian_move", "volume": 0.07}
[2026-09-26 02:16:38.202] [SFX] {"sound": "civ_move_2", "volume": 0.01}
[2026-09-26 02:16:38.239] [SFX] {"sound": "player_move", "volume": 0.4}
[2026-09-26 02:16:38.239] [SFX] {"sound": "civ_move_2", "volume": 0.23}
[2026-09-26 02:16:38.356] [SFX] {"sound": "civ_move_1", "volume": 0.29}
[2026-09-26 02:16:38.410] [SFX] {"sound": "civ_move_1", "volume": 0.21}
[2026-09-26 02:16:38.433] [SFX] {"sound": "civ_move_1", "volume": 0.01}
[2026-09-26 02:16:38.485] [SFX] {"sound": "civ_move_1", "volume": 0.25}
[2026-09-26 02:16:38.486] [SFX] {"sound": "civ_move_2", "volume": 0.2}
[2026-09-26 02:16:38.544] [SFX] {"sound": "player_move", "volume": 0.4}
[2026-09-26 02:16:38.545] [SFX] {"sound": "civ_move_1", "volume": 0.03}
[2026-09-26 02:16:38.582] [SFX] {"sound": "threat_pulse", "volume": 0.43}
[2026-09-26 02:16:38.620] [SFX] {"sound": "civ_move_2", "volume": 0.01}
[2026-09-26 02:16:38.658] [SFX] {"sound": "civ_move_2", "volume": 0.23}
[2026-09-26 02:16:38.759] [SFX] {"sound": "civ_move_1", "volume": 0.29}
[2026-09-26 02:16:38.782] [SFX] {"sound": "guardian_move", "volume": 0.12}
[2026-09-26 02:16:38.816] [SFX] {"sound": "civ_move_1", "volume": 0.23}
[2026-09-26 02:16:38.838] [SFX] {"sound": "civ_move_1", "volume": 0.03}
[2026-09-26 02:16:38.859] [SFX] {"sound": "player_move", "volume": 0.4}
[2026-09-26 02:16:38.895] [SFX] {"sound": "civ_move_1", "volume": 0.25}
[2026-09-26 02:16:38.895] [SFX] {"sound": "civ_move_2", "volume": 0.17}
[2026-09-26 02:16:38.947] [SFX] {"sound": "civ_move_1", "volume": 0.04}
[2026-09-26 02:16:39.035] [SFX] {"sound": "civ_move_2", "volume": 0.02}
[2026-09-26 02:16:39.072] [SFX] {"sound": "civ_move_2", "volume": 0.23}
[2026-09-26 02:16:39.158] [SFX] {"sound": "player_move", "volume": 0.4}
[2026-09-26 02:16:39.180] [SFX] {"sound": "civ_move_1", "volume": 0.29}
[2026-09-26 02:16:39.233] [SFX] {"sound": "civ_move_1", "volume": 0.22}
[2026-09-26 02:16:39.233] [SFX] {"sound": "civ_move_1", "volume": 0.04}
[2026-09-26 02:16:39.285] [SFX] {"sound": "threat_pulse", "volume": 0.43}
[2026-09-26 02:16:39.306] [SFX] {"sound": "civ_move_1", "volume": 0.25}
[2026-09-26 02:16:39.307] [SFX] {"sound": "civ_move_2", "volume": 0.15}
[2026-09-26 02:16:39.359] [SFX] {"sound": "civ_move_1", "volume": 0.06}
[2026-09-26 02:16:39.382] [SFX] {"sound": "guardian_move", "volume": 0.17}
[2026-09-26 02:16:39.450] [SFX] {"sound": "civ_move_2", "volume": 0.02}
[2026-09-26 02:16:39.472] [SFX] {"sound": "player_move", "volume": 0.4}
[2026-09-26 02:16:39.492] [SFX] {"sound": "civ_move_2", "volume": 0.23}
[2026-09-26 02:16:39.527] [SFX] {"sound": "civ_move_2", "volume": 0.08}
[2026-09-26 02:16:39.579] [SFX] {"sound": "civ_move_1", "volume": 0.29}
[2026-09-26 02:16:39.633] [SFX] {"sound": "civ_move_1", "volume": 0.2}
[2026-09-26 02:16:39.634] [SFX] {"sound": "civ_move_1", "volume": 0.05}
[2026-09-26 02:16:39.703] [SFX] {"sound": "civ_move_1", "volume": 0.25}
[2026-09-26 02:16:39.703] [SFX] {"sound": "civ_move_2", "volume": 0.12}
[2026-09-26 02:16:39.771] [SFX] {"sound": "player_move", "volume": 0.4}
[2026-09-26 02:16:39.771] [SFX] {"sound": "civ_move_1", "volume": 0.07}
[2026-09-26 02:16:39.857] [SFX] {"sound": "civ_move_2", "volume": 0.02}
[2026-09-26 02:16:39.894] [SFX] {"sound": "civ_move_2", "volume": 0.23}
[2026-09-26 02:16:39.928] [SFX] {"sound": "civ_move_2", "volume": 0.07}
[2026-09-26 02:16:39.981] [SFX] {"sound": "guardian_move", "volume": 0.22}
[2026-09-26 02:16:39.982] [SFX] {"sound": "civ_move_1", "volume": 0.29}
[2026-09-26 02:16:40.006] [SFX] {"sound": "threat_pulse", "volume": 0.44}
[2026-09-26 02:16:40.040] [SFX] {"sound": "civ_move_1", "volume": 0.18}
[2026-09-26 02:16:40.041] [SFX] {"sound": "civ_move_1", "volume": 0.07}
[2026-09-26 02:16:40.078] [SFX] {"sound": "player_move", "volume": 0.4}
[2026-09-26 02:16:40.115] [SFX] {"sound": "civ_move_1", "volume": 0.25}
[2026-09-26 02:16:40.115] [SFX] {"sound": "civ_move_2", "volume": 0.1}
[2026-09-26 02:16:40.186] [SFX] {"sound": "civ_move_1", "volume": 0.09}
[2026-09-26 02:16:40.272] [SFX] {"sound": "civ_move_2", "volume": 0.02}
[2026-09-26 02:16:40.309] [SFX] {"sound": "civ_move_2", "volume": 0.23}
[2026-09-26 02:16:40.362] [SFX] {"sound": "civ_move_2", "volume": 0.06}
[2026-09-26 02:16:40.386] [SFX] {"sound": "player_move", "volume": 0.4}
[2026-09-26 02:16:40.409] [SFX] {"sound": "civ_move_1", "volume": 0.29}
[2026-09-26 02:16:40.443] [SFX] {"sound": "civ_move_1", "volume": 0.16}
[2026-09-26 02:16:40.444] [SFX] {"sound": "civ_move_1", "volume": 0.08}
[2026-09-26 02:16:40.445] [C] {"civ_pos": [160, 122]}
[2026-09-26 02:16:40.519] [SFX] {"sound": "civ_move_1", "volume": 0.25}
[2026-09-26 02:16:40.519] [SFX] {"sound": "civ_move_2", "volume": 0.08}
[2026-09-26 02:16:40.586] [SFX] {"sound": "guardian_move", "volume": 0.27}
[2026-09-26 02:16:40.587] [SFX] {"sound": "civ_move_1", "volume": 0.11}
[2026-09-26 02:16:40.671] [SFX] {"sound": "civ_move_2", "volume": 0.02}
[2026-09-26 02:16:40.694] [SFX] {"sound": "player_move", "volume": 0.4}
[2026-09-26 02:16:40.718] [SFX] {"sound": "civ_move_2", "volume": 0.23}
[2026-09-26 02:16:40.718] [SFX] {"sound": "threat_pulse", "volume": 0.45}
[2026-09-26 02:16:40.768] [SFX] {"sound": "civ_move_2", "volume": 0.06}
[2026-09-26 02:16:40.804] [SFX] {"sound": "civ_move_1", "volume": 0.29}
[2026-09-26 02:16:40.859] [SFX] {"sound": "civ_move_1", "volume": 0.14}
[2026-09-26 02:16:40.860] [SFX] {"sound": "civ_move_1", "volume": 0.1}
[2026-09-26 02:16:40.929] [SFX] {"sound": "civ_move_1", "volume": 0.25}
[2026-09-26 02:16:40.930] [SFX] {"sound": "civ_move_2", "volume": 0.05}
[2026-09-26 02:16:40.999] [SFX] {"sound": "player_move", "volume": 0.4}
[2026-09-26 02:16:40.999] [SFX] {"sound": "civ_move_1", "volume": 0.12}
[2026-09-26 02:16:41.086] [SFX] {"sound": "civ_move_2", "volume": 0.02}
[2026-09-26 02:16:41.122] [SFX] {"sound": "civ_move_2", "volume": 0.23}
[2026-09-26 02:16:41.177] [SFX] {"sound": "civ_move_2", "volume": 0.06}
[2026-09-26 02:16:41.198] [SFX] {"sound": "guardian_move", "volume": 0.32}
[2026-09-26 02:16:41.219] [SFX] {"sound": "civ_move_1", "volume": 0.29}
[2026-09-26 02:16:41.271] [SFX] {"sound": "civ_move_1", "volume": 0.13}
[2026-09-26 02:16:41.271] [SFX] {"sound": "civ_move_1", "volume": 0.09}
[2026-09-26 02:16:41.307] [SFX] {"sound": "player_move", "volume": 0.4}
[2026-09-26 02:16:41.345] [SFX] {"sound": "civ_move_1", "volume": 0.25}
[2026-09-26 02:16:41.345] [SFX] {"sound": "civ_move_2", "volume": 0.03}
[2026-09-26 02:16:41.412] [SFX] {"sound": "civ_move_1", "volume": 0.14}
[2026-09-26 02:16:41.413] [SFX] {"sound": "threat_pulse", "volume": 0.46}
[2026-09-26 02:16:41.497] [SFX] {"sound": "civ_move_2", "volume": 0.02}
[2026-09-26 02:16:41.535] [SFX] {"sound": "civ_move_2", "volume": 0.23}
[2026-09-26 02:16:41.587] [SFX] {"sound": "civ_move_2", "volume": 0.06}
[2026-09-26 02:16:41.623] [SFX] {"sound": "player_move", "volume": 0.4}
[2026-09-26 02:16:41.623] [SFX] {"sound": "civ_move_1", "volume": 0.29}
[2026-09-26 02:16:41.676] [SFX] {"sound": "civ_move_1", "volume": 0.11}
[2026-09-26 02:16:41.677] [SFX] {"sound": "civ_move_1", "volume": 0.1}
[2026-09-26 02:16:41.745] [SFX] {"sound": "civ_move_1", "volume": 0.25}
[2026-09-26 02:16:41.746] [SFX] {"sound": "civ_move_2", "volume": 0.0}
[2026-09-26 02:16:41.799] [SFX] {"sound": "guardian_move", "volume": 0.36}
[2026-09-26 02:16:41.822] [SFX] {"sound": "civ_move_1", "volume": 0.15}
[2026-09-26 02:16:41.905] [SFX] {"sound": "civ_move_2", "volume": 0.01}
[2026-09-26 02:16:41.940] [SFX] {"sound": "player_move", "volume": 0.4}
[2026-09-26 02:16:41.940] [SFX] {"sound": "civ_move_2", "volume": 0.23}
[2026-09-26 02:16:41.993] [SFX] {"sound": "civ_move_2", "volume": 0.06}
[2026-09-26 02:16:42.032] [SFX] {"sound": "civ_move_1", "volume": 0.29}
[2026-09-26 02:16:42.033] [SFX] {"sound": "threat_pulse", "volume": 0.47}
[2026-09-26 02:16:42.087] [SFX] {"sound": "civ_move_1", "volume": 0.09}
[2026-09-26 02:16:42.087] [SFX] {"sound": "civ_move_1", "volume": 0.12}
[2026-09-26 02:16:42.160] [SFX] {"sound": "civ_move_1", "volume": 0.25}
[2026-09-26 02:16:42.228] [SFX] {"sound": "civ_move_1", "volume": 0.17}
[2026-09-26 02:16:42.251] [SFX] {"sound": "player_move", "volume": 0.4}
[2026-09-26 02:16:42.318] [SFX] {"sound": "civ_move_2", "volume": 0.01}
[2026-09-26 02:16:42.353] [SFX] {"sound": "civ_move_2", "volume": 0.23}
[2026-09-26 02:16:42.406] [SFX] {"sound": "civ_move_2", "volume": 0.06}
[2026-09-26 02:16:42.442] [SFX] {"sound": "guardian_move", "volume": 0.39}
[2026-09-26 02:16:42.443] [SFX] {"sound": "civ_move_1", "volume": 0.29}
[2026-09-26 02:16:42.496] [SFX] {"sound": "civ_move_1", "volume": 0.07}
[2026-09-26 02:16:42.497] [SFX] {"sound": "civ_move_1", "volume": 0.14}
[2026-09-26 02:16:42.550] [SFX] {"sound": "player_move", "volume": 0.4}
[2026-09-26 02:16:42.571] [SFX] {"sound": "civ_move_1", "volume": 0.25}
[2026-09-26 02:16:42.639] [SFX] {"sound": "civ_move_1", "volume": 0.18}
[2026-09-26 02:16:42.641] [SFX] {"sound": "threat_pulse", "volume": 0.52}
[2026-09-26 02:16:42.730] [SFX] {"sound": "civ_move_2", "volume": 0.0}
[2026-09-26 02:16:42.767] [SFX] {"sound": "civ_move_2", "volume": 0.23}
[2026-09-26 02:16:42.820] [SFX] {"sound": "civ_move_2", "volume": 0.06}
[2026-09-26 02:16:42.878] [JACK] Die Sentinels patrouillieren. Ich sollte Abstand halten und Sichtkegel meiden.
[2026-09-26 02:16:42.879] [SFX] {"sound": "player_move", "volume": 0.4}
[2026-09-26 02:16:42.879] [SFX] {"sound": "civ_move_1", "volume": 0.29}
[2026-09-26 02:16:42.914] [SFX] {"sound": "civ_move_1", "volume": 0.05}
[2026-09-26 02:16:42.915] [SFX] {"sound": "civ_move_1", "volume": 0.16}
[2026-09-26 02:16:42.949] [C] {"civ_pos": [170, 122]}
[2026-09-26 02:16:42.978] [SFX] {"sound": "civ_move_1", "volume": 0.25}
[2026-09-26 02:16:43.012] [JACK] JACK // Verdammt, Sentinel-Guard stellt mich auf dem Pfad! (Threat 62% >= Nervosität 62%)!
[2026-09-26 02:16:43.013] [SFX] {"sound": "alert_trigger", "volume": 0.8}
[2026-09-26 02:16:56.884] [M] {"button": 1, "pos": [332, 285], "ui_clicked": true}
[2026-09-26 02:16:56.886] [JACK] JACK // Mein gefälschter Ausweis hat gesessen! Der Sentinel kauft die Story und lässt mich passieren.
[2026-09-26 02:16:56.887] [SFX] {"sound": "click_target", "volume": 1.0}
[2026-09-26 02:16:56.903] [JACK] JACK // Verdammt, Sentinel-Guard stellt mich auf dem Pfad! (Threat 62% >= Nervosität 62%)!
[2026-09-26 02:16:56.903] [SFX] {"sound": "alert_trigger", "volume": 0.8}
[2026-09-26 02:16:59.761] [M] {"button": 1, "pos": [318, 244], "ui_clicked": true}
[2026-09-26 02:16:59.762] [JACK] JACK // Ich drücke der Wache 50 Credits in die Hand. Sein Blick wird weich – Schmiergeld-Erfolg, er ignoriert mich erst mal!
[2026-09-26 02:16:59.763] [SFX] {"sound": "click_target", "volume": 1.0}
[2026-09-26 02:16:59.778] [JACK] JACK // Verdammt, Sentinel-Guard stellt mich auf dem Pfad! (Threat 63% >= Nervosität 62%)!
[2026-09-26 02:16:59.778] [SFX] {"sound": "alert_trigger", "volume": 0.8}
[2026-09-26 02:16:59.808] [SFX] {"sound": "civ_move_1", "volume": 0.2}
[2026-09-26 02:17:00.467] [M] {"button": 1, "pos": [318, 244], "ui_clicked": true}
[2026-09-26 02:17:00.468] [JACK] JACK // Ich drücke der Wache 50 Credits in die Hand. Sein Blick wird weich – Schmiergeld-Erfolg, er ignoriert mich erst mal!
[2026-09-26 02:17:00.469] [SFX] {"sound": "click_target", "volume": 1.0}
[2026-09-26 02:17:00.483] [JACK] JACK // Verdammt, Sentinel-Guard stellt mich auf dem Pfad! (Threat 63% >= Nervosität 62%)!
[2026-09-26 02:17:00.484] [SFX] {"sound": "alert_trigger", "volume": 0.8}
[2026-09-26 02:17:01.036] [M] {"button": 1, "pos": [318, 245], "ui_clicked": true}
[2026-09-26 02:17:01.037] [JACK] JACK // Ich drücke der Wache 50 Credits in die Hand. Sein Blick wird weich – Schmiergeld-Erfolg, er ignoriert mich erst mal!
[2026-09-26 02:17:01.038] [SFX] {"sound": "click_target", "volume": 1.0}
[2026-09-26 02:17:01.054] [JACK] JACK // Verdammt, Sentinel-Guard stellt mich auf dem Pfad! (Threat 63% >= Nervosität 62%)!
[2026-09-26 02:17:01.055] [SFX] {"sound": "alert_trigger", "volume": 0.8}
[2026-09-26 02:17:01.526] [M] {"button": 1, "pos": [318, 245], "ui_clicked": true}
[2026-09-26 02:17:01.527] [JACK] JACK // Ich drücke der Wache 50 Credits in die Hand. Sein Blick wird weich – Schmiergeld-Erfolg, er ignoriert mich erst mal!
[2026-09-26 02:17:01.528] [SFX] {"sound": "click_target", "volume": 1.0}
[2026-09-26 02:17:01.543] [JACK] JACK // Verdammt, Sentinel-Guard stellt mich auf dem Pfad! (Threat 64% >= Nervosität 62%)!
[2026-09-26 02:17:01.544] [SFX] {"sound": "alert_trigger", "volume": 0.8}
[2026-09-26 02:17:01.579] [SFX] {"sound": "guardian_move", "volume": 0.39}
[2026-09-26 02:17:01.986] [M] {"button": 1, "pos": [318, 245], "ui_clicked": true}
[2026-09-26 02:17:01.987] [JACK] JACK // Ich drücke der Wache 50 Credits in die Hand. Sein Blick wird weich – Schmiergeld-Erfolg, er ignoriert mich erst mal!
[2026-09-26 02:17:01.988] [SFX] {"sound": "click_target", "volume": 1.0}
[2026-09-26 02:17:02.004] [JACK] JACK // Verdammt, Sentinel-Guard stellt mich auf dem Pfad! (Threat 64% >= Nervosität 62%)!
[2026-09-26 02:17:02.004] [SFX] {"sound": "alert_trigger", "volume": 0.8}
[2026-09-26 02:17:02.479] [M] {"button": 1, "pos": [318, 245], "ui_clicked": true}
[2026-09-26 02:17:02.480] [JACK] JACK // Ich drücke der Wache 50 Credits in die Hand. Sein Blick wird weich – Schmiergeld-Erfolg, er ignoriert mich erst mal!
[2026-09-26 02:17:02.481] [SFX] {"sound": "click_target", "volume": 1.0}
[2026-09-26 02:17:02.496] [JACK] JACK // Verdammt, Sentinel-Guard stellt mich auf dem Pfad! (Threat 64% >= Nervosität 62%)!
[2026-09-26 02:17:02.497] [SFX] {"sound": "alert_trigger", "volume": 0.8}
[2026-09-26 02:17:02.970] [M] {"button": 1, "pos": [319, 245], "ui_clicked": true}
[2026-09-26 02:17:02.970] [JACK] JACK // Ich drücke der Wache 50 Credits in die Hand. Sein Blick wird weich – Schmiergeld-Erfolg, er ignoriert mich erst mal!
[2026-09-26 02:17:02.971] [SFX] {"sound": "click_target", "volume": 1.0}
[2026-09-26 02:17:02.985] [JACK] JACK // Verdammt, Sentinel-Guard stellt mich auf dem Pfad! (Threat 65% >= Nervosität 62%)!
[2026-09-26 02:17:02.986] [SFX] {"sound": "alert_trigger", "volume": 0.8}
[2026-09-26 02:17:03.016] [SFX] {"sound": "threat_pulse", "volume": 0.56}
[2026-09-26 02:17:03.429] [M] {"button": 1, "pos": [320, 245], "ui_clicked": true}
[2026-09-26 02:17:03.429] [JACK] JACK // Ich drücke der Wache 50 Credits in die Hand. Sein Blick wird weich – Schmiergeld-Erfolg, er ignoriert mich erst mal!
[2026-09-26 02:17:03.430] [SFX] {"sound": "click_target", "volume": 1.0}
[2026-09-26 02:17:03.445] [JACK] JACK // Verdammt, Sentinel-Guard stellt mich auf dem Pfad! (Threat 65% >= Nervosität 62%)!
[2026-09-26 02:17:03.446] [SFX] {"sound": "alert_trigger", "volume": 0.8}
[2026-09-26 02:17:03.739] [M] {"button": 1, "pos": [320, 245], "ui_clicked": true}
[2026-09-26 02:17:03.740] [JACK] JACK // Ich drücke der Wache 50 Credits in die Hand. Sein Blick wird weich – Schmiergeld-Erfolg, er ignoriert mich erst mal!
[2026-09-26 02:17:03.741] [SFX] {"sound": "click_target", "volume": 1.0}
[2026-09-26 02:17:03.756] [JACK] JACK // Verdammt, Sentinel-Guard stellt mich auf dem Pfad! (Threat 65% >= Nervosität 62%)!
[2026-09-26 02:17:03.757] [SFX] {"sound": "alert_trigger", "volume": 0.8}
[2026-09-26 02:17:03.793] [SFX] {"sound": "civ_move_2", "volume": 0.22}
[2026-09-26 02:17:04.054] [M] {"button": 1, "pos": [320, 245], "ui_clicked": true}
[2026-09-26 02:17:04.055] [JACK] JACK // Verdammt! Ich habe keine 50 Credits zum Schmieren! Die Wache schäumt vor Wut!
[2026-09-26 02:17:05.042] [M] {"button": 1, "pos": [320, 245], "ui_clicked": true}
[2026-09-26 02:17:05.403] [M] {"button": 3, "pos": [360, 267], "ui_clicked": true}
[2026-09-26 02:17:06.129] [M] {"button": 1, "pos": [381, 327], "ui_clicked": true}
[2026-09-26 02:17:07.481] [M] {"button": 1, "pos": [253, 184], "ui_clicked": true}
[2026-09-26 02:17:08.027] [M] {"button": 1, "pos": [257, 181], "ui_clicked": true}
[2026-09-26 02:17:08.319] [M] {"button": 3, "pos": [312, 181], "ui_clicked": true}
[2026-09-26 02:17:08.565] [M] {"button": 3, "pos": [312, 182], "ui_clicked": true}
