[2026-09-24 21:35:51.939] [S] {"sid": "20260924_213551", "sys_t": "2026-09-24T21:35:51.937716"}
[2026-09-24 21:35:51.939] [SFX] {"sound": "hack_success", "volume": 0.8}
[2026-09-24 21:35:52.746] [SESSION_RESET] {"msg": "--- NEW LIFE STARTED ---"}
[2026-09-24 21:35:52.810] [JACK] CYBERDECK OS v4.2 // SYSTEME BEREIT
[2026-09-24 21:35:52.885] [SFX] {"sound": "guardian_move", "volume": 0.17}
[2026-09-24 21:35:52.983] [SFX] {"sound": "guardian_move", "volume": 0.16}
[2026-09-24 21:35:53.300] [SFX] {"sound": "civ_move_1", "volume": 0.11}
[2026-09-24 21:35:53.414] [SFX] {"sound": "civ_move_2", "volume": 0.13}
[2026-09-24 21:35:53.482] [SFX] {"sound": "civ_move_2", "volume": 0.16}
[2026-09-24 21:35:53.505] [SFX] {"sound": "guardian_move", "volume": 0.17}
[2026-09-24 21:35:53.505] [SFX] {"sound": "civ_move_1", "volume": 0.11}
[2026-09-24 21:35:53.597] [SFX] {"sound": "guardian_move", "volume": 0.17}
[2026-09-24 21:35:53.598] [SFX] {"sound": "civ_move_2", "volume": 0.04}
[2026-09-24 21:35:53.621] [SFX] {"sound": "civ_move_2", "volume": 0.19}
[2026-09-24 21:35:53.714] [SFX] {"sound": "civ_move_1", "volume": 0.11}
[2026-09-24 21:35:53.828] [SFX] {"sound": "civ_move_2", "volume": 0.13}
[2026-09-24 21:35:53.895] [SFX] {"sound": "civ_move_2", "volume": 0.17}
[2026-09-24 21:35:53.917] [SFX] {"sound": "civ_move_1", "volume": 0.1}
[2026-09-24 21:35:54.012] [SFX] {"sound": "civ_move_2", "volume": 0.04}
[2026-09-24 21:35:54.033] [SFX] {"sound": "civ_move_2", "volume": 0.2}
[2026-09-24 21:35:54.112] [SFX] {"sound": "guardian_move", "volume": 0.17}
[2026-09-24 21:35:54.128] [M] {"button": 1, "pos": [321, 225], "ui_clicked": false}
[2026-09-24 21:35:54.135] [SFX] {"sound": "civ_move_1", "volume": 0.1}
[2026-09-24 21:35:54.136] [P] {"start": [226, 20], "goal": [226, 25], "length": 1, "is_direction_change": false}
[2026-09-24 21:35:54.136] [SFX] {"sound": "click_target", "volume": 0.69}
[2026-09-24 21:35:54.155] [SFX] {"sound": "player_move", "volume": 0.4}
[2026-09-24 21:35:54.210] [SFX] {"sound": "guardian_move", "volume": 0.19}
[2026-09-24 21:35:54.245] [SFX] {"sound": "civ_move_2", "volume": 0.13}
[2026-09-24 21:35:54.311] [SFX] {"sound": "civ_move_1", "volume": 0.09}
[2026-09-24 21:35:54.311] [SFX] {"sound": "civ_move_2", "volume": 0.19}
[2026-09-24 21:35:54.427] [SFX] {"sound": "civ_move_2", "volume": 0.06}
[2026-09-24 21:35:54.449] [SFX] {"sound": "civ_move_2", "volume": 0.26}
[2026-09-24 21:35:54.449] [SFX] {"sound": "civ_move_1", "volume": 0.01}
[2026-09-24 21:35:54.544] [SFX] {"sound": "civ_move_1", "volume": 0.1}
[2026-09-24 21:35:54.644] [SFX] {"sound": "civ_move_2", "volume": 0.13}
[2026-09-24 21:35:54.711] [SFX] {"sound": "guardian_move", "volume": 0.19}
[2026-09-24 21:35:54.712] [SFX] {"sound": "civ_move_1", "volume": 0.09}
[2026-09-24 21:35:54.713] [SFX] {"sound": "civ_move_2", "volume": 0.2}
[2026-09-24 21:35:54.811] [SFX] {"sound": "guardian_move", "volume": 0.21}
[2026-09-24 21:35:54.834] [SFX] {"sound": "civ_move_2", "volume": 0.07}
[2026-09-24 21:35:54.851] [SFX] {"sound": "civ_move_2", "volume": 0.26}
[2026-09-24 21:35:54.852] [SFX] {"sound": "civ_move_1", "volume": 0.02}
[2026-09-24 21:35:54.945] [SFX] {"sound": "civ_move_1", "volume": 0.09}
[2026-09-24 21:35:54.978] [M] {"button": 1, "pos": [337, 211], "ui_clicked": false}
[2026-09-24 21:35:54.984] [P] {"start": [226, 25], "goal": [228, 28], "length": 4, "is_direction_change": false}
[2026-09-24 21:35:54.985] [SFX] {"sound": "click_target", "volume": 0.71}
[2026-09-24 21:35:55.045] [SFX] {"sound": "player_move", "volume": 0.4}
[2026-09-24 21:35:55.046] [SFX] {"sound": "civ_move_2", "volume": 0.17}
[2026-09-24 21:35:55.115] [SFX] {"sound": "civ_move_1", "volume": 0.08}
[2026-09-24 21:35:55.115] [SFX] {"sound": "civ_move_2", "volume": 0.21}
[2026-09-24 21:35:55.229] [SFX] {"sound": "civ_move_2", "volume": 0.05}
[2026-09-24 21:35:55.251] [SFX] {"sound": "civ_move_2", "volume": 0.25}
[2026-09-24 21:35:55.252] [SFX] {"sound": "civ_move_1", "volume": 0.02}
[2026-09-24 21:35:55.312] [SFX] {"sound": "guardian_move", "volume": 0.3}
[2026-09-24 21:35:55.346] [SFX] {"sound": "player_move", "volume": 0.4}
[2026-09-24 21:35:55.347] [SFX] {"sound": "civ_move_1", "volume": 0.07}
[2026-09-24 21:35:55.411] [SFX] {"sound": "guardian_move", "volume": 0.31}
[2026-09-24 21:35:55.445] [SFX] {"sound": "civ_move_2", "volume": 0.19}
[2026-09-24 21:35:55.527] [SFX] {"sound": "civ_move_1", "volume": 0.08}
[2026-09-24 21:35:55.528] [SFX] {"sound": "civ_move_2", "volume": 0.26}
[2026-09-24 21:35:55.644] [SFX] {"sound": "civ_move_2", "volume": 0.07}
[2026-09-24 21:35:55.667] [SFX] {"sound": "civ_move_2", "volume": 0.24}
[2026-09-24 21:35:55.667] [SFX] {"sound": "civ_move_1", "volume": 0.05}
[2026-09-24 21:35:55.760] [SFX] {"sound": "civ_move_1", "volume": 0.08}
[2026-09-24 21:35:55.860] [SFX] {"sound": "civ_move_2", "volume": 0.2}
[2026-09-24 21:35:55.927] [SFX] {"sound": "guardian_move", "volume": 0.29}
[2026-09-24 21:35:55.948] [SFX] {"sound": "civ_move_1", "volume": 0.08}
[2026-09-24 21:35:55.949] [SFX] {"sound": "civ_move_2", "volume": 0.25}
[2026-09-24 21:35:56.026] [SFX] {"sound": "guardian_move", "volume": 0.32}
[2026-09-24 21:35:56.059] [SFX] {"sound": "civ_move_2", "volume": 0.08}
[2026-09-24 21:35:56.080] [SFX] {"sound": "civ_move_2", "volume": 0.24}
[2026-09-24 21:35:56.081] [SFX] {"sound": "civ_move_1", "volume": 0.05}
[2026-09-24 21:35:56.175] [SFX] {"sound": "civ_move_1", "volume": 0.1}
[2026-09-24 21:35:56.274] [SFX] {"sound": "civ_move_2", "volume": 0.21}
[2026-09-24 21:35:56.359] [SFX] {"sound": "civ_move_1", "volume": 0.07}
[2026-09-24 21:35:56.360] [SFX] {"sound": "civ_move_2", "volume": 0.24}
[2026-09-24 21:35:56.473] [SFX] {"sound": "civ_move_2", "volume": 0.08}
[2026-09-24 21:35:56.496] [SFX] {"sound": "civ_move_2", "volume": 0.25}
[2026-09-24 21:35:56.497] [SFX] {"sound": "civ_move_1", "volume": 0.06}
[2026-09-24 21:35:56.538] [SFX] {"sound": "guardian_move", "volume": 0.31}
[2026-09-24 21:35:56.588] [SFX] {"sound": "civ_move_1", "volume": 0.1}
[2026-09-24 21:35:56.637] [SFX] {"sound": "guardian_move", "volume": 0.26}
[2026-09-24 21:35:56.687] [SFX] {"sound": "civ_move_2", "volume": 0.21}
[2026-09-24 21:35:56.769] [M] {"button": 1, "pos": [336, 201], "ui_clicked": false}
[2026-09-24 21:35:56.778] [SFX] {"sound": "civ_move_1", "volume": 0.07}
[2026-09-24 21:35:56.779] [SFX] {"sound": "civ_move_2", "volume": 0.24}
[2026-09-24 21:35:56.884] [SFX] {"sound": "civ_move_2", "volume": 0.08}
[2026-09-24 21:35:56.906] [SFX] {"sound": "civ_move_2", "volume": 0.26}
[2026-09-24 21:35:56.907] [SFX] {"sound": "civ_move_1", "volume": 0.07}
[2026-09-24 21:35:57.002] [SFX] {"sound": "civ_move_1", "volume": 0.09}
[2026-09-24 21:35:57.103] [SFX] {"sound": "civ_move_2", "volume": 0.23}
[2026-09-24 21:35:57.153] [SFX] {"sound": "guardian_move", "volume": 0.26}
[2026-09-24 21:35:57.184] [SFX] {"sound": "civ_move_1", "volume": 0.07}
[2026-09-24 21:35:57.185] [SFX] {"sound": "civ_move_2", "volume": 0.24}
[2026-09-24 21:35:57.251] [SFX] {"sound": "guardian_move", "volume": 0.28}
[2026-09-24 21:35:57.268] [M] {"button": 1, "pos": [336, 194], "ui_clicked": false}
[2026-09-24 21:35:57.285] [SFX] {"sound": "civ_move_2", "volume": 0.07}
[2026-09-24 21:35:57.307] [SFX] {"sound": "civ_move_2", "volume": 0.27}
[2026-09-24 21:35:57.308] [SFX] {"sound": "civ_move_1", "volume": 0.08}
[2026-09-24 21:35:57.517] [SFX] {"sound": "civ_move_2", "volume": 0.24}
[2026-09-24 21:35:57.599] [SFX] {"sound": "civ_move_1", "volume": 0.08}
[2026-09-24 21:35:57.599] [SFX] {"sound": "civ_move_2", "volume": 0.25}
[2026-09-24 21:35:57.698] [SFX] {"sound": "civ_move_2", "volume": 0.06}
[2026-09-24 21:35:57.720] [SFX] {"sound": "civ_move_2", "volume": 0.28}
[2026-09-24 21:35:57.720] [SFX] {"sound": "civ_move_1", "volume": 0.08}
[2026-09-24 21:35:57.763] [SFX] {"sound": "guardian_move", "volume": 0.27}
[2026-09-24 21:35:57.795] [M] {"button": 1, "pos": [321, 193], "ui_clicked": false}
[2026-09-24 21:35:57.803] [SFX] {"sound": "click_target", "volume": 0.77}
[2026-09-24 21:35:57.827] [SFX] {"sound": "civ_move_1", "volume": 0.06}
[2026-09-24 21:35:57.849] [SFX] {"sound": "threat_pulse", "volume": 0.3}
[2026-09-24 21:35:57.867] [SFX] {"sound": "guardian_move", "volume": 0.36}
[2026-09-24 21:35:57.927] [SFX] {"sound": "civ_move_2", "volume": 0.19}
[2026-09-24 21:35:58.010] [SFX] {"sound": "civ_move_1", "volume": 0.09}
[2026-09-24 21:35:58.012] [SFX] {"sound": "civ_move_2", "volume": 0.24}
[2026-09-24 21:35:58.108] [SFX] {"sound": "civ_move_2", "volume": 0.05}
[2026-09-24 21:35:58.130] [SFX] {"sound": "civ_move_2", "volume": 0.28}
[2026-09-24 21:35:58.131] [SFX] {"sound": "civ_move_1", "volume": 0.09}
[2026-09-24 21:35:58.239] [SFX] {"sound": "civ_move_1", "volume": 0.05}
[2026-09-24 21:35:58.339] [SFX] {"sound": "civ_move_2", "volume": 0.2}
[2026-09-24 21:35:58.372] [SFX] {"sound": "guardian_move", "volume": 0.29}
[2026-09-24 21:35:58.421] [SFX] {"sound": "civ_move_1", "volume": 0.1}
[2026-09-24 21:35:58.422] [SFX] {"sound": "civ_move_2", "volume": 0.23}
[2026-09-24 21:35:58.472] [SFX] {"sound": "guardian_move", "volume": 0.35}
[2026-09-24 21:35:58.521] [SFX] {"sound": "civ_move_2", "volume": 0.04}
[2026-09-24 21:35:58.543] [SFX] {"sound": "civ_move_2", "volume": 0.27}
[2026-09-24 21:35:58.544] [SFX] {"sound": "civ_move_1", "volume": 0.1}
[2026-09-24 21:35:58.661] [SFX] {"sound": "civ_move_1", "volume": 0.04}
[2026-09-24 21:35:58.717] [M] {"button": 1, "pos": [292, 187], "ui_clicked": false}
[2026-09-24 21:35:58.724] [SFX] {"sound": "action_cancel", "volume": 1.0}
[2026-09-24 21:35:58.725] [P] {"start": [228, 29], "goal": [224, 30], "length": 2, "is_direction_change": false}
[2026-09-24 21:35:58.725] [SFX] {"sound": "click_target", "volume": 0.73}
[2026-09-24 21:35:58.753] [SFX] {"sound": "civ_move_2", "volume": 0.26}
[2026-09-24 21:35:58.836] [SFX] {"sound": "civ_move_1", "volume": 0.11}
[2026-09-24 21:35:58.836] [SFX] {"sound": "civ_move_2", "volume": 0.22}
[2026-09-24 21:35:58.860] [SFX] {"sound": "player_move", "volume": 0.4}
[2026-09-24 21:35:58.935] [SFX] {"sound": "civ_move_2", "volume": 0.06}
[2026-09-24 21:35:58.959] [SFX] {"sound": "civ_move_2", "volume": 0.25}
[2026-09-24 21:35:58.960] [SFX] {"sound": "civ_move_1", "volume": 0.13}
[2026-09-24 21:35:58.984] [SFX] {"sound": "guardian_move", "volume": 0.32}
[2026-09-24 21:35:59.052] [SFX] {"sound": "civ_move_1", "volume": 0.06}
[2026-09-24 21:35:59.086] [SFX] {"sound": "guardian_move", "volume": 0.3}
[2026-09-24 21:35:59.167] [SFX] {"sound": "civ_move_2", "volume": 0.24}
[2026-09-24 21:35:59.249] [SFX] {"sound": "civ_move_1", "volume": 0.12}
[2026-09-24 21:35:59.250] [SFX] {"sound": "civ_move_2", "volume": 0.22}
[2026-09-24 21:35:59.347] [SFX] {"sound": "civ_move_2", "volume": 0.05}
[2026-09-24 21:35:59.371] [SFX] {"sound": "civ_move_2", "volume": 0.26}
[2026-09-24 21:35:59.372] [SFX] {"sound": "civ_move_1", "volume": 0.12}
[2026-09-24 21:35:59.464] [SFX] {"sound": "civ_move_1", "volume": 0.04}
[2026-09-24 21:35:59.581] [SFX] {"sound": "civ_move_2", "volume": 0.24}
[2026-09-24 21:35:59.605] [SFX] {"sound": "guardian_move", "volume": 0.3}
[2026-09-24 21:35:59.649] [M] {"button": 1, "pos": [281, 183], "ui_clicked": false}
[2026-09-24 21:35:59.656] [SFX] {"sound": "civ_move_1", "volume": 0.11}
[2026-09-24 21:35:59.657] [SFX] {"sound": "civ_move_2", "volume": 0.23}
[2026-09-24 21:35:59.657] [P] {"start": [224, 30], "goal": [219, 30], "length": 1, "is_direction_change": false}
[2026-09-24 21:35:59.658] [SFX] {"sound": "click_target", "volume": 0.7}
[2026-09-24 21:35:59.691] [JACK] Sektor sieht ruhig aus. Erstmal Daten-Traces scannen.
[2026-09-24 21:35:59.702] [SFX] {"sound": "guardian_move", "volume": 0.27}
[2026-09-24 21:35:59.762] [SFX] {"sound": "civ_move_2", "volume": 0.06}
[2026-09-24 21:35:59.786] [SFX] {"sound": "civ_move_2", "volume": 0.25}
[2026-09-24 21:35:59.787] [SFX] {"sound": "civ_move_1", "volume": 0.12}
[2026-09-24 21:35:59.861] [SFX] {"sound": "player_move", "volume": 0.4}
[2026-09-24 21:35:59.884] [SFX] {"sound": "civ_move_1", "volume": 0.07}
[2026-09-24 21:36:00.011] [SFX] {"sound": "civ_move_2", "volume": 0.2}
[2026-09-24 21:36:00.061] [SFX] {"sound": "civ_move_1", "volume": 0.12}
[2026-09-24 21:36:00.062] [SFX] {"sound": "civ_move_2", "volume": 0.23}
[2026-09-24 21:36:00.179] [SFX] {"sound": "civ_move_2", "volume": 0.24}
[2026-09-24 21:36:00.180] [SFX] {"sound": "civ_move_1", "volume": 0.13}
[2026-09-24 21:36:00.181] [SFX] {"sound": "civ_move_2", "volume": 0.06}
[2026-09-24 21:36:00.213] [SFX] {"sound": "guardian_move", "volume": 0.24}
[2026-09-24 21:36:00.281] [SFX] {"sound": "civ_move_1", "volume": 0.06}
[2026-09-24 21:36:00.303] [SFX] {"sound": "guardian_move", "volume": 0.24}
[2026-09-24 21:36:00.413] [SFX] {"sound": "civ_move_2", "volume": 0.19}
[2026-09-24 21:36:00.463] [SFX] {"sound": "civ_move_1", "volume": 0.11}
[2026-09-24 21:36:00.463] [SFX] {"sound": "civ_move_2", "volume": 0.23}
[2026-09-24 21:36:00.581] [SFX] {"sound": "civ_move_2", "volume": 0.25}
[2026-09-24 21:36:00.582] [SFX] {"sound": "civ_move_1", "volume": 0.12}
[2026-09-24 21:36:00.583] [SFX] {"sound": "civ_move_2", "volume": 0.05}
[2026-09-24 21:36:00.680] [SFX] {"sound": "civ_move_1", "volume": 0.05}
[2026-09-24 21:36:00.813] [SFX] {"sound": "civ_move_2", "volume": 0.19}
[2026-09-24 21:36:00.836] [SFX] {"sound": "guardian_move", "volume": 0.23}
[2026-09-24 21:36:00.863] [SFX] {"sound": "civ_move_1", "volume": 0.11}
[2026-09-24 21:36:00.864] [SFX] {"sound": "civ_move_2", "volume": 0.24}
[2026-09-24 21:36:00.897] [SFX] {"sound": "guardian_move", "volume": 0.26}
[2026-09-24 21:36:00.981] [SFX] {"sound": "civ_move_2", "volume": 0.26}
[2026-09-24 21:36:00.982] [SFX] {"sound": "civ_move_1", "volume": 0.13}
[2026-09-24 21:36:00.983] [SFX] {"sound": "civ_move_2", "volume": 0.04}
[2026-09-24 21:36:01.082] [SFX] {"sound": "civ_move_1", "volume": 0.03}
[2026-09-24 21:36:01.115] [M] {"button": 1, "pos": [314, 199], "ui_clicked": false}
[2026-09-24 21:36:01.122] [SFX] {"sound": "click_target", "volume": 0.75}
[2026-09-24 21:36:01.213] [SFX] {"sound": "civ_move_2", "volume": 0.19}
[2026-09-24 21:36:01.247] [C] {"civ_pos": [223, 30]}
[2026-09-24 21:36:01.276] [SFX] {"sound": "civ_move_1", "volume": 0.09}
[2026-09-24 21:36:01.277] [SFX] {"sound": "civ_move_2", "volume": 0.25}
[2026-09-24 21:36:01.384] [SFX] {"sound": "player_move", "volume": 0.4}
[2026-09-24 21:36:01.384] [SFX] {"sound": "civ_move_2", "volume": 0.29}
[2026-09-24 21:36:01.385] [SFX] {"sound": "civ_move_1", "volume": 0.1}
[2026-09-24 21:36:01.434] [SFX] {"sound": "guardian_move", "volume": 0.3}
[2026-09-24 21:36:01.502] [SFX] {"sound": "guardian_move", "volume": 0.29}
[2026-09-24 21:36:01.619] [SFX] {"sound": "civ_move_2", "volume": 0.2}
[2026-09-24 21:36:01.667] [SFX] {"sound": "civ_move_1", "volume": 0.08}
[2026-09-24 21:36:01.668] [SFX] {"sound": "civ_move_2", "volume": 0.24}
[2026-09-24 21:36:01.694] [SFX] {"sound": "player_move", "volume": 0.4}
[2026-09-24 21:36:01.798] [SFX] {"sound": "civ_move_2", "volume": 0.28}
[2026-09-24 21:36:01.799] [SFX] {"sound": "civ_move_1", "volume": 0.12}
[2026-09-24 21:36:02.032] [SFX] {"sound": "civ_move_2", "volume": 0.18}
[2026-09-24 21:36:02.055] [SFX] {"sound": "guardian_move", "volume": 0.26}
[2026-09-24 21:36:02.082] [SFX] {"sound": "civ_move_1", "volume": 0.09}
[2026-09-24 21:36:02.083] [SFX] {"sound": "civ_move_2", "volume": 0.22}
[2026-09-24 21:36:02.114] [SFX] {"sound": "guardian_move", "volume": 0.26}
[2026-09-24 21:36:02.213] [SFX] {"sound": "civ_move_2", "volume": 0.28}
[2026-09-24 21:36:02.214] [SFX] {"sound": "civ_move_1", "volume": 0.13}
[2026-09-24 21:36:02.443] [SFX] {"sound": "civ_move_2", "volume": 0.19}
[2026-09-24 21:36:02.493] [SFX] {"sound": "civ_move_2", "volume": 0.0}
[2026-09-24 21:36:02.494] [SFX] {"sound": "civ_move_1", "volume": 0.08}
[2026-09-24 21:36:02.495] [SFX] {"sound": "civ_move_2", "volume": 0.23}
[2026-09-24 21:36:02.624] [SFX] {"sound": "civ_move_2", "volume": 0.27}
[2026-09-24 21:36:02.624] [SFX] {"sound": "civ_move_1", "volume": 0.16}
[2026-09-24 21:36:02.641] [M] {"button": 1, "pos": [282, 184], "ui_clicked": false}
[2026-09-24 21:36:02.648] [SFX] {"sound": "action_cancel", "volume": 1.0}
[2026-09-24 21:36:02.648] [P] {"start": [220, 32], "goal": [215, 32], "length": 1, "is_direction_change": false}
[2026-09-24 21:36:02.649] [SFX] {"sound": "click_target", "volume": 0.71}
[2026-09-24 21:36:02.683] [SFX] {"sound": "guardian_move", "volume": 0.25}
[2026-09-24 21:36:02.721] [SFX] {"sound": "guardian_move", "volume": 0.26}
[2026-09-24 21:36:02.755] [SFX] {"sound": "guardian_move", "volume": 0.0}
[2026-09-24 21:36:02.806] [SFX] {"sound": "player_move", "volume": 0.4}
[2026-09-24 21:36:02.855] [SFX] {"sound": "civ_move_2", "volume": 0.17}
[2026-09-24 21:36:02.906] [SFX] {"sound": "civ_move_2", "volume": 0.05}
[2026-09-24 21:36:02.907] [SFX] {"sound": "civ_move_1", "volume": 0.08}
[2026-09-24 21:36:02.908] [SFX] {"sound": "civ_move_2", "volume": 0.2}
[2026-09-24 21:36:03.039] [SFX] {"sound": "civ_move_2", "volume": 0.28}
[2026-09-24 21:36:03.041] [SFX] {"sound": "civ_move_1", "volume": 0.19}
[2026-09-24 21:36:03.042] [SFX] {"sound": "civ_move_1", "volume": 0.0}
[2026-09-24 21:36:03.043] [SFX] {"sound": "civ_move_2", "volume": 0.01}
[2026-09-24 21:36:03.267] [SFX] {"sound": "guardian_move", "volume": 0.24}
[2026-09-24 21:36:03.268] [SFX] {"sound": "civ_move_2", "volume": 0.16}
[2026-09-24 21:36:03.315] [SFX] {"sound": "civ_move_2", "volume": 0.07}
[2026-09-24 21:36:03.316] [SFX] {"sound": "civ_move_1", "volume": 0.07}
[2026-09-24 21:36:03.317] [SFX] {"sound": "civ_move_2", "volume": 0.2}
[2026-09-24 21:36:03.338] [SFX] {"sound": "guardian_move", "volume": 0.26}
[2026-09-24 21:36:03.365] [M] {"button": 1, "pos": [281, 184], "ui_clicked": false}
[2026-09-24 21:36:03.372] [SFX] {"sound": "guardian_move", "volume": 0.06}
[2026-09-24 21:36:03.373] [P] {"start": [215, 32], "goal": [210, 32], "length": 1, "is_direction_change": false}
[2026-09-24 21:36:03.373] [SFX] {"sound": "click_target", "volume": 0.71}
[2026-09-24 21:36:03.449] [SFX] {"sound": "civ_move_2", "volume": 0.28}
[2026-09-24 21:36:03.449] [SFX] {"sound": "civ_move_1", "volume": 0.19}
[2026-09-24 21:36:03.450] [SFX] {"sound": "civ_move_1", "volume": 0.01}
[2026-09-24 21:36:03.450] [SFX] {"sound": "civ_move_2", "volume": 0.01}
[2026-09-24 21:36:03.549] [SFX] {"sound": "player_move", "volume": 0.4}
[2026-09-24 21:36:03.550] [SFX] {"sound": "civ_move_1", "volume": 0.02}
[2026-09-24 21:36:03.682] [SFX] {"sound": "civ_move_2", "volume": 0.14}
[2026-09-24 21:36:03.715] [SFX] {"sound": "civ_move_2", "volume": 0.12}
[2026-09-24 21:36:03.716] [SFX] {"sound": "civ_move_1", "volume": 0.07}
[2026-09-24 21:36:03.717] [SFX] {"sound": "civ_move_2", "volume": 0.18}
[2026-09-24 21:36:03.863] [SFX] {"sound": "civ_move_2", "volume": 0.27}
[2026-09-24 21:36:03.864] [SFX] {"sound": "civ_move_1", "volume": 0.2}
[2026-09-24 21:36:03.865] [SFX] {"sound": "civ_move_1", "volume": 0.03}
[2026-09-24 21:36:03.865] [SFX] {"sound": "civ_move_2", "volume": 0.02}
[2026-09-24 21:36:03.880] [M] {"button": 1, "pos": [281, 184], "ui_clicked": false}
[2026-09-24 21:36:03.886] [SFX] {"sound": "guardian_move", "volume": 0.21}
[2026-09-24 21:36:03.887] [P] {"start": [210, 32], "goal": [205, 32], "length": 1, "is_direction_change": false}
[2026-09-24 21:36:03.888] [SFX] {"sound": "click_target", "volume": 0.72}
[2026-09-24 21:36:03.947] [SFX] {"sound": "guardian_move", "volume": 0.21}
[2026-09-24 21:36:03.969] [SFX] {"sound": "civ_move_1", "volume": 0.03}
[2026-09-24 21:36:03.986] [SFX] {"sound": "guardian_move", "volume": 0.15}
[2026-09-24 21:36:04.002] [SFX] {"sound": "guardian_move", "volume": 0.06}
[2026-09-24 21:36:04.097] [SFX] {"sound": "civ_move_2", "volume": 0.12}
[2026-09-24 21:36:04.131] [SFX] {"sound": "civ_move_2", "volume": 0.17}
[2026-09-24 21:36:04.131] [SFX] {"sound": "civ_move_1", "volume": 0.06}
[2026-09-24 21:36:04.132] [SFX] {"sound": "civ_move_2", "volume": 0.15}
[2026-09-24 21:36:04.247] [SFX] {"sound": "guardian_move", "volume": 0.02}
[2026-09-24 21:36:04.279] [SFX] {"sound": "civ_move_2", "volume": 0.25}
[2026-09-24 21:36:04.279] [SFX] {"sound": "civ_move_1", "volume": 0.22}
[2026-09-24 21:36:04.280] [SFX] {"sound": "civ_move_1", "volume": 0.04}
[2026-09-24 21:36:04.281] [SFX] {"sound": "civ_move_2", "volume": 0.04}
[2026-09-24 21:36:04.378] [SFX] {"sound": "civ_move_1", "volume": 0.04}
[2026-09-24 21:36:04.494] [SFX] {"sound": "guardian_move", "volume": 0.18}
[2026-09-24 21:36:04.516] [SFX] {"sound": "civ_move_2", "volume": 0.12}
[2026-09-24 21:36:04.544] [M] {"button": 1, "pos": [281, 184], "ui_clicked": false}
[2026-09-24 21:36:04.551] [SFX] {"sound": "civ_move_2", "volume": 0.18}
[2026-09-24 21:36:04.551] [SFX] {"sound": "civ_move_1", "volume": 0.05}
[2026-09-24 21:36:04.552] [SFX] {"sound": "civ_move_2", "volume": 0.16}
[2026-09-24 21:36:04.553] [P] {"start": [205, 32], "goal": [200, 32], "length": 1, "is_direction_change": false}
[2026-09-24 21:36:04.554] [SFX] {"sound": "click_target", "volume": 0.71}
[2026-09-24 21:36:04.585] [SFX] {"sound": "player_move", "volume": 0.4}
[2026-09-24 21:36:04.586] [SFX] {"sound": "guardian_move", "volume": 0.16}
[2026-09-24 21:36:04.598] [SFX] {"sound": "guardian_move", "volume": 0.21}
[2026-09-24 21:36:04.615] [SFX] {"sound": "guardian_move", "volume": 0.12}
[2026-09-24 21:36:04.691] [SFX] {"sound": "civ_move_2", "volume": 0.24}
[2026-09-24 21:36:04.692] [SFX] {"sound": "civ_move_1", "volume": 0.23}
[2026-09-24 21:36:04.693] [SFX] {"sound": "civ_move_1", "volume": 0.04}
[2026-09-24 21:36:04.694] [SFX] {"sound": "civ_move_2", "volume": 0.05}
[2026-09-24 21:36:04.791] [SFX] {"sound": "civ_move_1", "volume": 0.06}
[2026-09-24 21:36:04.855] [SFX] {"sound": "guardian_move", "volume": 0.03}
[2026-09-24 21:36:04.920] [SFX] {"sound": "civ_move_2", "volume": 0.09}
[2026-09-24 21:36:04.954] [SFX] {"sound": "civ_move_2", "volume": 0.23}
[2026-09-24 21:36:04.955] [SFX] {"sound": "civ_move_1", "volume": 0.03}
[2026-09-24 21:36:04.956] [SFX] {"sound": "civ_move_2", "volume": 0.14}
[2026-09-24 21:36:05.104] [SFX] {"sound": "guardian_move", "volume": 0.12}
[2026-09-24 21:36:05.105] [SFX] {"sound": "civ_move_2", "volume": 0.24}
[2026-09-24 21:36:05.106] [SFX] {"sound": "civ_move_1", "volume": 0.24}
[2026-09-24 21:36:05.106] [SFX] {"sound": "civ_move_1", "volume": 0.05}
[2026-09-24 21:36:05.107] [SFX] {"sound": "civ_move_2", "volume": 0.06}
[2026-09-24 21:36:05.171] [SFX] {"sound": "guardian_move", "volume": 0.09}
[2026-09-24 21:36:05.205] [M] {"button": 1, "pos": [281, 183], "ui_clicked": false}
[2026-09-24 21:36:05.214] [SFX] {"sound": "guardian_move", "volume": 0.27}
[2026-09-24 21:36:05.215] [SFX] {"sound": "civ_move_1", "volume": 0.05}
[2026-09-24 21:36:05.215] [P] {"start": [200, 32], "goal": [195, 32], "length": 1, "is_direction_change": false}
[2026-09-24 21:36:05.216] [SFX] {"sound": "click_target", "volume": 0.71}
[2026-09-24 21:36:05.247] [SFX] {"sound": "guardian_move", "volume": 0.18}
[2026-09-24 21:36:05.285] [SFX] {"sound": "player_move", "volume": 0.4}
[2026-09-24 21:36:05.336] [SFX] {"sound": "civ_move_2", "volume": 0.08}
[2026-09-24 21:36:05.367] [SFX] {"sound": "civ_move_2", "volume": 0.26}
[2026-09-24 21:36:05.368] [SFX] {"sound": "civ_move_1", "volume": 0.02}
[2026-09-24 21:36:05.369] [SFX] {"sound": "civ_move_2", "volume": 0.13}
[2026-09-24 21:36:05.465] [SFX] {"sound": "guardian_move", "volume": 0.04}
[2026-09-24 21:36:05.514] [SFX] {"sound": "civ_move_2", "volume": 0.21}
[2026-09-24 21:36:05.515] [SFX] {"sound": "civ_move_1", "volume": 0.26}
[2026-09-24 21:36:05.516] [SFX] {"sound": "civ_move_1", "volume": 0.05}
[2026-09-24 21:36:05.516] [SFX] {"sound": "civ_move_2", "volume": 0.08}
[2026-09-24 21:36:05.613] [SFX] {"sound": "civ_move_1", "volume": 0.07}
[2026-09-24 21:36:05.709] [SFX] {"sound": "guardian_move", "volume": 0.05}
[2026-09-24 21:36:05.742] [SFX] {"sound": "civ_move_2", "volume": 0.06}
[2026-09-24 21:36:05.775] [SFX] {"sound": "guardian_move", "volume": 0.05}
[2026-09-24 21:36:05.776] [SFX] {"sound": "civ_move_2", "volume": 0.28}
[2026-09-24 21:36:05.776] [SFX] {"sound": "civ_move_1", "volume": 0.0}
[2026-09-24 21:36:05.777] [SFX] {"sound": "civ_move_2", "volume": 0.12}
[2026-09-24 21:36:05.808] [SFX] {"sound": "guardian_move", "volume": 0.33}
[2026-09-24 21:36:05.831] [SFX] {"sound": "guardian_move", "volume": 0.25}
[2026-09-24 21:36:05.906] [M] {"button": 1, "pos": [281, 183], "ui_clicked": false}
[2026-09-24 21:36:05.913] [P] {"start": [195, 32], "goal": [190, 32], "length": 1, "is_direction_change": false}
[2026-09-24 21:36:05.913] [SFX] {"sound": "click_target", "volume": 0.71}
[2026-09-24 21:36:05.946] [JACK] Kurzer Blick um die Ecke...
[2026-09-24 21:36:05.948] [SFX] {"sound": "civ_move_2", "volume": 0.22}
[2026-09-24 21:36:05.949] [SFX] {"sound": "civ_move_1", "volume": 0.25}
[2026-09-24 21:36:05.949] [SFX] {"sound": "civ_move_1", "volume": 0.06}
[2026-09-24 21:36:05.950] [SFX] {"sound": "civ_move_2", "volume": 0.07}
[2026-09-24 21:36:05.962] [C] {"civ_pos": [194, 30]}
[2026-09-24 21:36:06.024] [SFX] {"sound": "civ_move_1", "volume": 0.08}
[2026-09-24 21:36:06.057] [SFX] {"sound": "player_move", "volume": 0.4}
[2026-09-24 21:36:06.080] [SFX] {"sound": "guardian_move", "volume": 0.04}
[2026-09-24 21:36:06.156] [SFX] {"sound": "civ_move_2", "volume": 0.01}
[2026-09-24 21:36:06.189] [SFX] {"sound": "civ_move_2", "volume": 0.25}
[2026-09-24 21:36:06.190] [SFX] {"sound": "civ_move_2", "volume": 0.1}
[2026-09-24 21:36:06.338] [SFX] {"sound": "civ_move_2", "volume": 0.2}
[2026-09-24 21:36:06.339] [SFX] {"sound": "civ_move_1", "volume": 0.27}
[2026-09-24 21:36:06.340] [SFX] {"sound": "civ_move_1", "volume": 0.05}
[2026-09-24 21:36:06.341] [SFX] {"sound": "civ_move_2", "volume": 0.1}
[2026-09-24 21:36:06.387] [SFX] {"sound": "guardian_move", "volume": 0.02}
[2026-09-24 21:36:06.420] [SFX] {"sound": "guardian_move", "volume": 0.33}
[2026-09-24 21:36:06.442] [SFX] {"sound": "guardian_move", "volume": 0.31}
[2026-09-24 21:36:06.442] [SFX] {"sound": "civ_move_1", "volume": 0.09}
[2026-09-24 21:36:06.603] [SFX] {"sound": "civ_move_2", "volume": 0.24}
[2026-09-24 21:36:06.604] [SFX] {"sound": "civ_move_2", "volume": 0.11}
[2026-09-24 21:36:06.687] [SFX] {"sound": "guardian_move", "volume": 0.05}
[2026-09-24 21:36:06.751] [SFX] {"sound": "civ_move_2", "volume": 0.21}
[2026-09-24 21:36:06.752] [SFX] {"sound": "civ_move_1", "volume": 0.26}
[2026-09-24 21:36:06.753] [SFX] {"sound": "civ_move_1", "volume": 0.06}
[2026-09-24 21:36:06.753] [SFX] {"sound": "civ_move_2", "volume": 0.08}
[2026-09-24 21:36:06.851] [SFX] {"sound": "civ_move_1", "volume": 0.07}
[2026-09-24 21:36:06.935] [SFX] {"sound": "guardian_move", "volume": 0.02}
[2026-09-24 21:36:07.002] [SFX] {"sound": "guardian_move", "volume": 0.03}
[2026-09-24 21:36:07.024] [SFX] {"sound": "civ_move_2", "volume": 0.23}
[2026-09-24 21:36:07.024] [SFX] {"sound": "civ_move_2", "volume": 0.12}
[2026-09-24 21:36:07.039] [SFX] {"sound": "guardian_move", "volume": 0.31}
[2026-09-24 21:36:07.056] [SFX] {"sound": "guardian_move", "volume": 0.33}
[2026-09-24 21:36:07.168] [SFX] {"sound": "civ_move_2", "volume": 0.23}
[2026-09-24 21:36:07.168] [SFX] {"sound": "civ_move_1", "volume": 0.25}
[2026-09-24 21:36:07.169] [SFX] {"sound": "civ_move_1", "volume": 0.07}
[2026-09-24 21:36:07.170] [SFX] {"sound": "civ_move_2", "volume": 0.07}
[2026-09-24 21:36:07.251] [M] {"button": 1, "pos": [318, 211], "ui_clicked": false}
[2026-09-24 21:36:07.258] [SFX] {"sound": "civ_move_1", "volume": 0.06}
[2026-09-24 21:36:07.300] [SFX] {"sound": "guardian_move", "volume": 0.07}
[2026-09-24 21:36:07.399] [SFX] {"sound": "civ_move_2", "volume": 0.01}
[2026-09-24 21:36:07.423] [SFX] {"sound": "civ_move_2", "volume": 0.22}
[2026-09-24 21:36:07.423] [SFX] {"sound": "civ_move_2", "volume": 0.14}
[2026-09-24 21:36:07.549] [SFX] {"sound": "guardian_move", "volume": 0.03}
[2026-09-24 21:36:07.584] [SFX] {"sound": "civ_move_1", "volume": 0.0}
[2026-09-24 21:36:07.584] [SFX] {"sound": "civ_move_1", "volume": 0.24}
[2026-09-24 21:36:07.586] [SFX] {"sound": "civ_move_1", "volume": 0.08}
[2026-09-24 21:36:07.587] [SFX] {"sound": "civ_move_2", "volume": 0.06}
[2026-09-24 21:36:07.605] [SFX] {"sound": "civ_move_2", "volume": 0.22}
[2026-09-24 21:36:07.623] [SFX] {"sound": "guardian_move", "volume": 0.04}
[2026-09-24 21:36:07.649] [SFX] {"sound": "guardian_move", "volume": 0.34}
[2026-09-24 21:36:07.650] [SFX] {"sound": "guardian_move", "volume": 0.29}
[2026-09-24 21:36:07.667] [M] {"button": 1, "pos": [323, 212], "ui_clicked": false}
[2026-09-24 21:36:07.676] [SFX] {"sound": "civ_move_1", "volume": 0.05}
[2026-09-24 21:36:07.677] [P] {"start": [190, 32], "goal": [190, 35], "length": 6, "is_direction_change": false}
[2026-09-24 21:36:07.677] [SFX] {"sound": "click_target", "volume": 0.72}
[2026-09-24 21:36:07.811] [SFX] {"sound": "civ_move_2", "volume": 0.03}
[2026-09-24 21:36:07.832] [SFX] {"sound": "civ_move_2", "volume": 0.23}
[2026-09-24 21:36:07.833] [SFX] {"sound": "civ_move_2", "volume": 0.17}
[2026-09-24 21:36:07.875] [SFX] {"sound": "player_move", "volume": 0.4}
[2026-09-24 21:36:07.907] [SFX] {"sound": "guardian_move", "volume": 0.11}
[2026-09-24 21:36:07.989] [SFX] {"sound": "civ_move_1", "volume": 0.18}
[2026-09-24 21:36:07.990] [SFX] {"sound": "civ_move_1", "volume": 0.11}
[2026-09-24 21:36:07.990] [SFX] {"sound": "civ_move_2", "volume": 0.01}
[2026-09-24 21:36:08.012] [SFX] {"sound": "civ_move_2", "volume": 0.26}
[2026-09-24 21:36:08.154] [SFX] {"sound": "guardian_move", "volume": 0.13}
[2026-09-24 21:36:08.187] [SFX] {"sound": "player_move", "volume": 0.4}
[2026-09-24 21:36:08.222] [SFX] {"sound": "guardian_move", "volume": 0.13}
[2026-09-24 21:36:08.223] [SFX] {"sound": "civ_move_2", "volume": 0.07}
[2026-09-24 21:36:08.246] [SFX] {"sound": "civ_move_2", "volume": 0.26}
[2026-09-24 21:36:08.246] [SFX] {"sound": "civ_move_2", "volume": 0.21}
[2026-09-24 21:36:08.262] [SFX] {"sound": "guardian_move", "volume": 0.3}
[2026-09-24 21:36:08.263] [SFX] {"sound": "guardian_move", "volume": 0.31}
[2026-09-24 21:36:08.391] [SFX] {"sound": "civ_move_1", "volume": 0.17}
[2026-09-24 21:36:08.392] [SFX] {"sound": "civ_move_1", "volume": 0.13}
[2026-09-24 21:36:08.414] [SFX] {"sound": "civ_move_2", "volume": 0.24}
[2026-09-24 21:36:08.493] [SFX] {"sound": "player_move", "volume": 0.4}
[2026-09-24 21:36:08.515] [SFX] {"sound": "guardian_move", "volume": 0.14}
[2026-09-24 21:36:08.624] [SFX] {"sound": "civ_move_2", "volume": 0.03}
[2026-09-24 21:36:08.645] [SFX] {"sound": "civ_move_1", "volume": 0.02}
[2026-09-24 21:36:08.646] [SFX] {"sound": "civ_move_2", "volume": 0.22}
[2026-09-24 21:36:08.647] [SFX] {"sound": "civ_move_2", "volume": 0.17}
[2026-09-24 21:36:08.756] [SFX] {"sound": "guardian_move", "volume": 0.07}
[2026-09-24 21:36:08.807] [SFX] {"sound": "civ_move_1", "volume": 0.04}
[2026-09-24 21:36:08.807] [SFX] {"sound": "civ_move_1", "volume": 0.2}
[2026-09-24 21:36:08.808] [SFX] {"sound": "civ_move_1", "volume": 0.11}
[2026-09-24 21:36:08.809] [SFX] {"sound": "civ_move_2", "volume": 0.03}
[2026-09-24 21:36:08.828] [SFX] {"sound": "guardian_move", "volume": 0.08}
[2026-09-24 21:36:08.829] [SFX] {"sound": "civ_move_2", "volume": 0.21}
[2026-09-24 21:36:08.872] [SFX] {"sound": "guardian_move", "volume": 0.3}
[2026-09-24 21:36:08.873] [SFX] {"sound": "guardian_move", "volume": 0.26}
[2026-09-24 21:36:08.895] [SFX] {"sound": "civ_move_1", "volume": 0.01}
[2026-09-24 21:36:09.023] [SFX] {"sound": "civ_move_2", "volume": 0.04}
[2026-09-24 21:36:09.044] [SFX] {"sound": "civ_move_1", "volume": 0.04}
[2026-09-24 21:36:09.045] [SFX] {"sound": "civ_move_2", "volume": 0.17}
[2026-09-24 21:36:09.045] [SFX] {"sound": "civ_move_2", "volume": 0.18}
[2026-09-24 21:36:09.123] [SFX] {"sound": "guardian_move", "volume": 0.13}
[2026-09-24 21:36:09.208] [SFX] {"sound": "civ_move_1", "volume": 0.05}
[2026-09-24 21:36:09.209] [SFX] {"sound": "civ_move_1", "volume": 0.19}
[2026-09-24 21:36:09.209] [SFX] {"sound": "civ_move_1", "volume": 0.11}
[2026-09-24 21:36:09.210] [SFX] {"sound": "civ_move_2", "volume": 0.01}
[2026-09-24 21:36:09.231] [SFX] {"sound": "civ_move_2", "volume": 0.21}
[2026-09-24 21:36:09.358] [SFX] {"sound": "guardian_move", "volume": 0.09}
[2026-09-24 21:36:09.424] [SFX] {"sound": "guardian_move", "volume": 0.11}
[2026-09-24 21:36:09.425] [SFX] {"sound": "civ_move_2", "volume": 0.05}
[2026-09-24 21:36:09.447] [SFX] {"sound": "civ_move_1", "volume": 0.05}
[2026-09-24 21:36:09.447] [SFX] {"sound": "civ_move_2", "volume": 0.17}
[2026-09-24 21:36:09.448] [SFX] {"sound": "civ_move_2", "volume": 0.19}
[2026-09-24 21:36:09.474] [SFX] {"sound": "guardian_move", "volume": 0.29}
[2026-09-24 21:36:09.475] [SFX] {"sound": "guardian_move", "volume": 0.27}
[2026-09-24 21:36:09.623] [SFX] {"sound": "civ_move_1", "volume": 0.06}
[2026-09-24 21:36:09.623] [SFX] {"sound": "civ_move_1", "volume": 0.17}
[2026-09-24 21:36:09.624] [SFX] {"sound": "civ_move_1", "volume": 0.12}
[2026-09-24 21:36:09.625] [SFX] {"sound": "civ_move_2", "volume": 0.0}
[2026-09-24 21:36:09.644] [SFX] {"sound": "civ_move_2", "volume": 0.17}
[2026-09-24 21:36:09.738] [SFX] {"sound": "guardian_move", "volume": 0.14}
[2026-09-24 21:36:09.837] [SFX] {"sound": "civ_move_2", "volume": 0.06}
[2026-09-24 21:36:09.860] [SFX] {"sound": "civ_move_1", "volume": 0.06}
[2026-09-24 21:36:09.861] [SFX] {"sound": "civ_move_2", "volume": 0.17}
[2026-09-24 21:36:09.862] [SFX] {"sound": "civ_move_2", "volume": 0.2}
[2026-09-24 21:36:09.971] [SFX] {"sound": "guardian_move", "volume": 0.12}
[2026-09-24 21:36:10.038] [SFX] {"sound": "guardian_move", "volume": 0.13}
[2026-09-24 21:36:10.039] [SFX] {"sound": "civ_move_1", "volume": 0.07}
[2026-09-24 21:36:10.039] [SFX] {"sound": "civ_move_1", "volume": 0.16}
[2026-09-24 21:36:10.040] [SFX] {"sound": "civ_move_1", "volume": 0.12}
[2026-09-24 21:36:10.061] [SFX] {"sound": "civ_move_2", "volume": 0.17}
[2026-09-24 21:36:10.090] [SFX] {"sound": "guardian_move", "volume": 0.28}
[2026-09-24 21:36:10.238] [SFX] {"sound": "civ_move_2", "volume": 0.07}
[2026-09-24 21:36:10.260] [SFX] {"sound": "civ_move_1", "volume": 0.06}
[2026-09-24 21:36:10.261] [SFX] {"sound": "civ_move_2", "volume": 0.16}
[2026-09-24 21:36:10.261] [SFX] {"sound": "civ_move_1", "volume": 0.0}
[2026-09-24 21:36:10.262] [SFX] {"sound": "civ_move_2", "volume": 0.21}
[2026-09-24 21:36:10.354] [SFX] {"sound": "guardian_move", "volume": 0.15}
[2026-09-24 21:36:10.454] [SFX] {"sound": "civ_move_1", "volume": 0.08}
[2026-09-24 21:36:10.455] [SFX] {"sound": "civ_move_1", "volume": 0.15}
[2026-09-24 21:36:10.456] [SFX] {"sound": "civ_move_1", "volume": 0.13}
[2026-09-24 21:36:10.476] [SFX] {"sound": "civ_move_2", "volume": 0.16}
[2026-09-24 21:36:10.585] [SFX] {"sound": "guardian_move", "volume": 0.14}
[2026-09-24 21:36:10.651] [SFX] {"sound": "guardian_move", "volume": 0.16}
[2026-09-24 21:36:10.652] [SFX] {"sound": "civ_move_2", "volume": 0.09}
[2026-09-24 21:36:10.673] [SFX] {"sound": "civ_move_1", "volume": 0.08}
[2026-09-24 21:36:10.674] [SFX] {"sound": "civ_move_2", "volume": 0.15}
[2026-09-24 21:36:10.675] [SFX] {"sound": "civ_move_1", "volume": 0.01}
[2026-09-24 21:36:10.675] [SFX] {"sound": "civ_move_2", "volume": 0.22}
[2026-09-24 21:36:10.699] [SFX] {"sound": "guardian_move", "volume": 0.26}
[2026-09-24 21:36:10.700] [SFX] {"sound": "guardian_move", "volume": 0.28}
[2026-09-24 21:36:10.867] [SFX] {"sound": "civ_move_1", "volume": 0.09}
[2026-09-24 21:36:10.868] [SFX] {"sound": "civ_move_1", "volume": 0.14}
[2026-09-24 21:36:10.868] [SFX] {"sound": "civ_move_1", "volume": 0.13}
[2026-09-24 21:36:10.888] [SFX] {"sound": "civ_move_2", "volume": 0.16}
[2026-09-24 21:36:10.965] [SFX] {"sound": "guardian_move", "volume": 0.16}
[2026-09-24 21:36:11.063] [SFX] {"sound": "civ_move_2", "volume": 0.1}
[2026-09-24 21:36:11.086] [SFX] {"sound": "civ_move_1", "volume": 0.09}
[2026-09-24 21:36:11.087] [SFX] {"sound": "civ_move_2", "volume": 0.14}
[2026-09-24 21:36:11.087] [SFX] {"sound": "civ_move_1", "volume": 0.02}
[2026-09-24 21:36:11.088] [SFX] {"sound": "civ_move_2", "volume": 0.23}
[2026-09-24 21:36:11.195] [SFX] {"sound": "guardian_move", "volume": 0.17}
[2026-09-24 21:36:11.263] [SFX] {"sound": "guardian_move", "volume": 0.18}
[2026-09-24 21:36:11.284] [SFX] {"sound": "civ_move_1", "volume": 0.1}
[2026-09-24 21:36:11.284] [SFX] {"sound": "civ_move_1", "volume": 0.13}
[2026-09-24 21:36:11.285] [SFX] {"sound": "civ_move_1", "volume": 0.14}
[2026-09-24 21:36:11.300] [SFX] {"sound": "civ_move_2", "volume": 0.15}
[2026-09-24 21:36:11.317] [SFX] {"sound": "guardian_move", "volume": 0.26}
[2026-09-24 21:36:11.318] [SFX] {"sound": "guardian_move", "volume": 0.22}
[2026-09-24 21:36:11.462] [SFX] {"sound": "civ_move_2", "volume": 0.11}
[2026-09-24 21:36:11.484] [SFX] {"sound": "civ_move_1", "volume": 0.1}
[2026-09-24 21:36:11.485] [SFX] {"sound": "civ_move_2", "volume": 0.13}
[2026-09-24 21:36:11.486] [SFX] {"sound": "civ_move_1", "volume": 0.03}
[2026-09-24 21:36:11.487] [SFX] {"sound": "civ_move_2", "volume": 0.24}
[2026-09-24 21:36:11.560] [M] {"button": 1, "pos": [317, 204], "ui_clicked": false}
[2026-09-24 21:36:11.566] [P] {"start": [190, 35], "goal": [189, 38], "length": 4, "is_direction_change": false}
[2026-09-24 21:36:11.566] [SFX] {"sound": "click_target", "volume": 0.74}
[2026-09-24 21:36:11.586] [SFX] {"sound": "guardian_move", "volume": 0.17}
[2026-09-24 21:36:11.609] [SFX] {"sound": "player_move", "volume": 0.4}
[2026-09-24 21:36:11.690] [SFX] {"sound": "civ_move_1", "volume": 0.13}
[2026-09-24 21:36:11.691] [SFX] {"sound": "civ_move_1", "volume": 0.12}
[2026-09-24 21:36:11.692] [SFX] {"sound": "civ_move_1", "volume": 0.14}
[2026-09-24 21:36:11.712] [SFX] {"sound": "civ_move_2", "volume": 0.13}
[2026-09-24 21:36:11.740] [SFX] {"sound": "civ_move_2", "volume": 0.02}
[2026-09-24 21:36:11.807] [SFX] {"sound": "guardian_move", "volume": 0.16}
[2026-09-24 21:36:11.875] [SFX] {"sound": "guardian_move", "volume": 0.17}
[2026-09-24 21:36:11.876] [SFX] {"sound": "civ_move_2", "volume": 0.09}
[2026-09-24 21:36:11.898] [SFX] {"sound": "civ_move_1", "volume": 0.14}
[2026-09-24 21:36:11.899] [SFX] {"sound": "civ_move_2", "volume": 0.1}
[2026-09-24 21:36:11.900] [SFX] {"sound": "civ_move_1", "volume": 0.02}
[2026-09-24 21:36:11.900] [SFX] {"sound": "civ_move_2", "volume": 0.22}
[2026-09-24 21:36:11.924] [SFX] {"sound": "player_move", "volume": 0.4}
[2026-09-24 21:36:11.925] [SFX] {"sound": "guardian_move", "volume": 0.23}
[2026-09-24 21:36:11.925] [SFX] {"sound": "guardian_move", "volume": 0.19}
[2026-09-24 21:36:12.090] [SFX] {"sound": "civ_move_1", "volume": 0.14}
[2026-09-24 21:36:12.091] [SFX] {"sound": "civ_move_1", "volume": 0.12}
[2026-09-24 21:36:12.091] [SFX] {"sound": "civ_move_1", "volume": 0.14}
[2026-09-24 21:36:12.113] [SFX] {"sound": "civ_move_2", "volume": 0.11}
[2026-09-24 21:36:12.141] [SFX] {"sound": "civ_move_2", "volume": 0.02}
[2026-09-24 21:36:12.191] [SFX] {"sound": "guardian_move", "volume": 0.18}
[2026-09-24 21:36:12.290] [SFX] {"sound": "civ_move_2", "volume": 0.12}
[2026-09-24 21:36:12.312] [SFX] {"sound": "civ_move_1", "volume": 0.13}
[2026-09-24 21:36:12.313] [SFX] {"sound": "civ_move_2", "volume": 0.12}
[2026-09-24 21:36:12.313] [SFX] {"sound": "civ_move_1", "volume": 0.06}
[2026-09-24 21:36:12.314] [SFX] {"sound": "civ_move_2", "volume": 0.24}
[2026-09-24 21:36:12.422] [SFX] {"sound": "guardian_move", "volume": 0.19}
[2026-09-24 21:36:12.488] [SFX] {"sound": "guardian_move", "volume": 0.21}
[2026-09-24 21:36:12.510] [SFX] {"sound": "civ_move_1", "volume": 0.14}
[2026-09-24 21:36:12.510] [SFX] {"sound": "civ_move_1", "volume": 0.09}
[2026-09-24 21:36:12.511] [SFX] {"sound": "civ_move_1", "volume": 0.16}
[2026-09-24 21:36:12.526] [SFX] {"sound": "civ_move_2", "volume": 0.12}
[2026-09-24 21:36:12.544] [SFX] {"sound": "guardian_move", "volume": 0.26}
[2026-09-24 21:36:12.545] [SFX] {"sound": "guardian_move", "volume": 0.2}
[2026-09-24 21:36:12.560] [SFX] {"sound": "civ_move_2", "volume": 0.02}
[2026-09-24 21:36:12.705] [SFX] {"sound": "civ_move_2", "volume": 0.13}
[2026-09-24 21:36:12.729] [SFX] {"sound": "civ_move_1", "volume": 0.14}
[2026-09-24 21:36:12.729] [SFX] {"sound": "civ_move_2", "volume": 0.12}
[2026-09-24 21:36:12.730] [SFX] {"sound": "civ_move_1", "volume": 0.06}
[2026-09-24 21:36:12.730] [SFX] {"sound": "civ_move_2", "volume": 0.25}
[2026-09-24 21:36:12.805] [SFX] {"sound": "guardian_move", "volume": 0.2}
[2026-09-24 21:36:12.904] [SFX] {"sound": "civ_move_1", "volume": 0.15}
[2026-09-24 21:36:12.905] [SFX] {"sound": "civ_move_1", "volume": 0.08}
[2026-09-24 21:36:12.906] [SFX] {"sound": "civ_move_1", "volume": 0.2}
[2026-09-24 21:36:12.926] [SFX] {"sound": "civ_move_2", "volume": 0.12}
[2026-09-24 21:36:12.955] [SFX] {"sound": "civ_move_2", "volume": 0.03}
[2026-09-24 21:36:13.024] [SFX] {"sound": "guardian_move", "volume": 0.22}
[2026-09-24 21:36:13.091] [SFX] {"sound": "guardian_move", "volume": 0.24}
[2026-09-24 21:36:13.113] [SFX] {"sound": "civ_move_2", "volume": 0.14}
[2026-09-24 21:36:13.129] [SFX] {"sound": "civ_move_1", "volume": 0.15}
[2026-09-24 21:36:13.130] [SFX] {"sound": "civ_move_2", "volume": 0.12}
[2026-09-24 21:36:13.131] [SFX] {"sound": "civ_move_1", "volume": 0.07}
[2026-09-24 21:36:13.132] [SFX] {"sound": "civ_move_2", "volume": 0.25}
[2026-09-24 21:36:13.147] [SFX] {"sound": "guardian_move", "volume": 0.28}
[2026-09-24 21:36:13.147] [SFX] {"sound": "guardian_move", "volume": 0.18}
[2026-09-24 21:36:13.319] [SFX] {"sound": "civ_move_1", "volume": 0.16}
[2026-09-24 21:36:13.320] [SFX] {"sound": "civ_move_1", "volume": 0.07}
[2026-09-24 21:36:13.321] [SFX] {"sound": "civ_move_1", "volume": 0.2}
[2026-09-24 21:36:13.340] [SFX] {"sound": "civ_move_2", "volume": 0.12}
[2026-09-24 21:36:13.367] [SFX] {"sound": "civ_move_2", "volume": 0.04}
[2026-09-24 21:36:13.417] [SFX] {"sound": "guardian_move", "volume": 0.22}
[2026-09-24 21:36:13.517] [SFX] {"sound": "civ_move_2", "volume": 0.15}
[2026-09-24 21:36:13.533] [M] {"button": 1, "pos": [350, 203], "ui_clicked": false}
[2026-09-24 21:36:13.540] [SFX] {"sound": "civ_move_1", "volume": 0.16}
[2026-09-24 21:36:13.541] [SFX] {"sound": "civ_move_2", "volume": 0.11}
[2026-09-24 21:36:13.541] [SFX] {"sound": "civ_move_1", "volume": 0.08}
[2026-09-24 21:36:13.542] [SFX] {"sound": "civ_move_2", "volume": 0.25}
[2026-09-24 21:36:13.543] [SFX] {"sound": "click_target", "volume": 0.71}
[2026-09-24 21:36:13.565] [SFX] {"sound": "player_move", "volume": 0.4}
[2026-09-24 21:36:13.630] [SFX] {"sound": "guardian_move", "volume": 0.25}
[2026-09-24 21:36:13.695] [SFX] {"sound": "guardian_move", "volume": 0.28}
[2026-09-24 21:36:13.728] [SFX] {"sound": "civ_move_1", "volume": 0.15}
[2026-09-24 21:36:13.728] [SFX] {"sound": "civ_move_1", "volume": 0.04}
[2026-09-24 21:36:13.729] [SFX] {"sound": "civ_move_1", "volume": 0.22}
[2026-09-24 21:36:13.750] [SFX] {"sound": "guardian_move", "volume": 0.32}
[2026-09-24 21:36:13.750] [SFX] {"sound": "guardian_move", "volume": 0.19}
[2026-09-24 21:36:13.751] [SFX] {"sound": "civ_move_2", "volume": 0.13}
[2026-09-24 21:36:13.776] [SFX] {"sound": "civ_move_2", "volume": 0.03}
[2026-09-24 21:36:13.923] [SFX] {"sound": "civ_move_2", "volume": 0.19}
[2026-09-24 21:36:13.946] [SFX] {"sound": "civ_move_1", "volume": 0.15}
[2026-09-24 21:36:13.946] [SFX] {"sound": "civ_move_2", "volume": 0.12}
[2026-09-24 21:36:13.947] [SFX] {"sound": "civ_move_1", "volume": 0.1}
[2026-09-24 21:36:13.948] [SFX] {"sound": "civ_move_2", "volume": 0.24}
[2026-09-24 21:36:14.024] [SFX] {"sound": "guardian_move", "volume": 0.3}
[2026-09-24 21:36:14.137] [SFX] {"sound": "civ_move_1", "volume": 0.16}
[2026-09-24 21:36:14.137] [SFX] {"sound": "civ_move_1", "volume": 0.04}
[2026-09-24 21:36:14.138] [SFX] {"sound": "civ_move_1", "volume": 0.21}
[2026-09-24 21:36:14.158] [SFX] {"sound": "civ_move_2", "volume": 0.13}
[2026-09-24 21:36:14.185] [SFX] {"sound": "civ_move_2", "volume": 0.05}
[2026-09-24 21:36:14.233] [SFX] {"sound": "guardian_move", "volume": 0.28}
[2026-09-24 21:36:14.300] [SFX] {"sound": "guardian_move", "volume": 0.29}
[2026-09-24 21:36:14.333] [SFX] {"sound": "civ_move_2", "volume": 0.2}
[2026-09-24 21:36:14.355] [SFX] {"sound": "guardian_move", "volume": 0.34}
[2026-09-24 21:36:14.356] [SFX] {"sound": "guardian_move", "volume": 0.19}
[2026-09-24 21:36:14.356] [SFX] {"sound": "civ_move_1", "volume": 0.16}
[2026-09-24 21:36:14.357] [SFX] {"sound": "civ_move_2", "volume": 0.12}
[2026-09-24 21:36:14.358] [SFX] {"sound": "civ_move_1", "volume": 0.11}
[2026-09-24 21:36:14.358] [SFX] {"sound": "civ_move_2", "volume": 0.24}
[2026-09-24 21:36:14.551] [SFX] {"sound": "civ_move_1", "volume": 0.17}
[2026-09-24 21:36:14.552] [SFX] {"sound": "civ_move_1", "volume": 0.04}
[2026-09-24 21:36:14.553] [SFX] {"sound": "civ_move_1", "volume": 0.21}
[2026-09-24 21:36:14.573] [SFX] {"sound": "civ_move_2", "volume": 0.12}
[2026-09-24 21:36:14.590] [SFX] {"sound": "civ_move_2", "volume": 0.06}
[2026-09-24 21:36:14.633] [SFX] {"sound": "guardian_move", "volume": 0.29}
[2026-09-24 21:36:14.733] [SFX] {"sound": "civ_move_2", "volume": 0.21}
[2026-09-24 21:36:14.767] [SFX] {"sound": "civ_move_1", "volume": 0.17}
[2026-09-24 21:36:14.768] [SFX] {"sound": "civ_move_2", "volume": 0.11}
[2026-09-24 21:36:14.768] [SFX] {"sound": "civ_move_1", "volume": 0.11}
[2026-09-24 21:36:14.769] [SFX] {"sound": "civ_move_2", "volume": 0.23}
[2026-09-24 21:36:14.834] [SFX] {"sound": "guardian_move", "volume": 0.3}
[2026-09-24 21:36:14.966] [SFX] {"sound": "guardian_move", "volume": 0.35}
[2026-09-24 21:36:14.967] [SFX] {"sound": "guardian_move", "volume": 0.18}
[2026-09-24 21:36:14.968] [SFX] {"sound": "civ_move_1", "volume": 0.18}
[2026-09-24 21:36:14.969] [SFX] {"sound": "civ_move_1", "volume": 0.04}
[2026-09-24 21:36:14.970] [SFX] {"sound": "civ_move_1", "volume": 0.21}
[2026-09-24 21:36:14.989] [SFX] {"sound": "civ_move_2", "volume": 0.11}
[2026-09-24 21:36:14.990] [SFX] {"sound": "civ_move_2", "volume": 0.01}
[2026-09-24 21:36:15.006] [SFX] {"sound": "civ_move_2", "volume": 0.07}
[2026-09-24 21:36:15.147] [SFX] {"sound": "civ_move_2", "volume": 0.21}
[2026-09-24 21:36:15.182] [SFX] {"sound": "civ_move_1", "volume": 0.18}
[2026-09-24 21:36:15.182] [SFX] {"sound": "civ_move_2", "volume": 0.11}
[2026-09-24 21:36:15.183] [SFX] {"sound": "civ_move_1", "volume": 0.12}
[2026-09-24 21:36:15.184] [SFX] {"sound": "civ_move_2", "volume": 0.22}
[2026-09-24 21:36:15.233] [SFX] {"sound": "guardian_move", "volume": 0.28}
[2026-09-24 21:36:15.366] [SFX] {"sound": "civ_move_1", "volume": 0.19}
[2026-09-24 21:36:15.367] [SFX] {"sound": "civ_move_1", "volume": 0.04}
[2026-09-24 21:36:15.368] [SFX] {"sound": "civ_move_1", "volume": 0.22}
[2026-09-24 21:36:15.389] [SFX] {"sound": "civ_move_2", "volume": 0.11}
[2026-09-24 21:36:15.389] [SFX] {"sound": "civ_move_2", "volume": 0.02}
[2026-09-24 21:36:15.404] [SFX] {"sound": "civ_move_2", "volume": 0.08}
[2026-09-24 21:36:15.447] [SFX] {"sound": "guardian_move", "volume": 0.31}
[2026-09-24 21:36:15.529] [SFX] {"sound": "guardian_move", "volume": 0.24}
[2026-09-24 21:36:15.561] [SFX] {"sound": "civ_move_2", "volume": 0.22}
[2026-09-24 21:36:15.583] [SFX] {"sound": "guardian_move", "volume": 0.37}
[2026-09-24 21:36:15.584] [SFX] {"sound": "guardian_move", "volume": 0.17}
[2026-09-24 21:36:15.599] [SFX] {"sound": "civ_move_1", "volume": 0.19}
[2026-09-24 21:36:15.600] [SFX] {"sound": "civ_move_2", "volume": 0.1}
[2026-09-24 21:36:15.600] [SFX] {"sound": "civ_move_1", "volume": 0.12}
[2026-09-24 21:36:15.601] [SFX] {"sound": "civ_move_2", "volume": 0.21}
[2026-09-24 21:36:15.661] [SFX] {"sound": "threat_pulse", "volume": 0.31}
[2026-09-24 21:36:15.778] [SFX] {"sound": "civ_move_1", "volume": 0.2}
[2026-09-24 21:36:15.779] [SFX] {"sound": "civ_move_1", "volume": 0.04}
[2026-09-24 21:36:15.779] [SFX] {"sound": "civ_move_1", "volume": 0.22}
[2026-09-24 21:36:15.800] [SFX] {"sound": "civ_move_2", "volume": 0.1}
[2026-09-24 21:36:15.800] [SFX] {"sound": "civ_move_2", "volume": 0.03}
[2026-09-24 21:36:15.817] [SFX] {"sound": "civ_move_2", "volume": 0.09}
[2026-09-24 21:36:15.844] [SFX] {"sound": "guardian_move", "volume": 0.27}
[2026-09-24 21:36:15.975] [SFX] {"sound": "civ_move_2", "volume": 0.23}
[2026-09-24 21:36:16.009] [SFX] {"sound": "civ_move_1", "volume": 0.2}
[2026-09-24 21:36:16.009] [SFX] {"sound": "civ_move_2", "volume": 0.09}
[2026-09-24 21:36:16.010] [SFX] {"sound": "civ_move_1", "volume": 0.13}
[2026-09-24 21:36:16.011] [SFX] {"sound": "civ_move_2", "volume": 0.2}
[2026-09-24 21:36:16.058] [SFX] {"sound": "guardian_move", "volume": 0.32}
[2026-09-24 21:36:16.142] [SFX] {"sound": "guardian_move", "volume": 0.23}
[2026-09-24 21:36:16.191] [SFX] {"sound": "guardian_move", "volume": 0.38}
[2026-09-24 21:36:16.192] [SFX] {"sound": "guardian_move", "volume": 0.16}
[2026-09-24 21:36:16.192] [SFX] {"sound": "civ_move_1", "volume": 0.21}
[2026-09-24 21:36:16.193] [SFX] {"sound": "civ_move_1", "volume": 0.03}
[2026-09-24 21:36:16.194] [SFX] {"sound": "civ_move_1", "volume": 0.23}
[2026-09-24 21:36:16.215] [SFX] {"sound": "civ_move_2", "volume": 0.09}
[2026-09-24 21:36:16.215] [SFX] {"sound": "civ_move_2", "volume": 0.04}
[2026-09-24 21:36:16.231] [SFX] {"sound": "civ_move_2", "volume": 0.1}
[2026-09-24 21:36:16.377] [SFX] {"sound": "civ_move_2", "volume": 0.24}
[2026-09-24 21:36:16.411] [SFX] {"sound": "civ_move_1", "volume": 0.21}
[2026-09-24 21:36:16.412] [SFX] {"sound": "civ_move_2", "volume": 0.08}
[2026-09-24 21:36:16.413] [SFX] {"sound": "civ_move_1", "volume": 0.13}
[2026-09-24 21:36:16.413] [SFX] {"sound": "civ_move_2", "volume": 0.18}
[2026-09-24 21:36:16.445] [SFX] {"sound": "guardian_move", "volume": 0.29}
[2026-09-24 21:36:16.578] [SFX] {"sound": "threat_pulse", "volume": 0.34}
[2026-09-24 21:36:16.600] [SFX] {"sound": "civ_move_1", "volume": 0.22}
[2026-09-24 21:36:16.600] [SFX] {"sound": "civ_move_1", "volume": 0.03}
[2026-09-24 21:36:16.601] [SFX] {"sound": "civ_move_1", "volume": 0.24}
[2026-09-24 21:36:16.616] [SFX] {"sound": "civ_move_2", "volume": 0.09}
[2026-09-24 21:36:16.617] [SFX] {"sound": "civ_move_2", "volume": 0.05}
[2026-09-24 21:36:16.632] [SFX] {"sound": "civ_move_2", "volume": 0.11}
[2026-09-24 21:36:16.658] [SFX] {"sound": "guardian_move", "volume": 0.32}
[2026-09-24 21:36:16.756] [SFX] {"sound": "guardian_move", "volume": 0.21}
[2026-09-24 21:36:16.788] [SFX] {"sound": "civ_move_2", "volume": 0.24}
[2026-09-24 21:36:16.810] [SFX] {"sound": "guardian_move", "volume": 0.36}
[2026-09-24 21:36:16.811] [SFX] {"sound": "guardian_move", "volume": 0.14}
[2026-09-24 21:36:16.827] [SFX] {"sound": "civ_move_1", "volume": 0.22}
[2026-09-24 21:36:16.828] [SFX] {"sound": "civ_move_2", "volume": 0.08}
[2026-09-24 21:36:16.828] [SFX] {"sound": "civ_move_1", "volume": 0.14}
[2026-09-24 21:36:16.829] [SFX] {"sound": "civ_move_2", "volume": 0.17}
[2026-09-24 21:36:17.003] [SFX] {"sound": "civ_move_1", "volume": 0.23}
[2026-09-24 21:36:17.004] [SFX] {"sound": "civ_move_1", "volume": 0.03}
[2026-09-24 21:36:17.005] [SFX] {"sound": "civ_move_1", "volume": 0.24}
[2026-09-24 21:36:17.024] [SFX] {"sound": "civ_move_2", "volume": 0.08}
[2026-09-24 21:36:17.025] [SFX] {"sound": "civ_move_2", "volume": 0.06}
[2026-09-24 21:36:17.040] [SFX] {"sound": "civ_move_2", "volume": 0.12}
[2026-09-24 21:36:17.057] [SFX] {"sound": "guardian_move", "volume": 0.31}
[2026-09-24 21:36:17.100] [M] {"button": 1, "pos": [338, 221], "ui_clicked": false}
[2026-09-24 21:36:17.199] [SFX] {"sound": "civ_move_2", "volume": 0.24}
[2026-09-24 21:36:17.233] [SFX] {"sound": "civ_move_1", "volume": 0.23}
[2026-09-24 21:36:17.233] [SFX] {"sound": "civ_move_2", "volume": 0.07}
[2026-09-24 21:36:17.234] [SFX] {"sound": "civ_move_1", "volume": 0.14}
[2026-09-24 21:36:17.235] [SFX] {"sound": "civ_move_2", "volume": 0.16}
[2026-09-24 21:36:17.266] [SFX] {"sound": "guardian_move", "volume": 0.31}
[2026-09-24 21:36:17.367] [SFX] {"sound": "guardian_move", "volume": 0.19}
[2026-09-24 21:36:17.417] [SFX] {"sound": "guardian_move", "volume": 0.35}
[2026-09-24 21:36:17.418] [SFX] {"sound": "guardian_move", "volume": 0.13}
[2026-09-24 21:36:17.418] [SFX] {"sound": "civ_move_1", "volume": 0.23}
[2026-09-24 21:36:17.419] [SFX] {"sound": "civ_move_1", "volume": 0.03}
[2026-09-24 21:36:17.420] [SFX] {"sound": "civ_move_1", "volume": 0.24}
[2026-09-24 21:36:17.441] [SFX] {"sound": "civ_move_2", "volume": 0.07}
[2026-09-24 21:36:17.442] [SFX] {"sound": "civ_move_2", "volume": 0.13}
[2026-09-24 21:36:17.485] [SFX] {"sound": "threat_pulse", "volume": 0.33}
[2026-09-24 21:36:17.552] [M] {"button": 1, "pos": [347, 227], "ui_clicked": false}
[2026-09-24 21:36:17.604] [SFX] {"sound": "civ_move_2", "volume": 0.24}
[2026-09-24 21:36:17.638] [SFX] {"sound": "civ_move_1", "volume": 0.23}
[2026-09-24 21:36:17.638] [SFX] {"sound": "civ_move_2", "volume": 0.06}
[2026-09-24 21:36:17.639] [SFX] {"sound": "civ_move_1", "volume": 0.14}
[2026-09-24 21:36:17.640] [SFX] {"sound": "civ_move_2", "volume": 0.15}
[2026-09-24 21:36:17.659] [SFX] {"sound": "guardian_move", "volume": 0.32}
[2026-09-24 21:36:17.821] [SFX] {"sound": "civ_move_1", "volume": 0.24}
[2026-09-24 21:36:17.822] [SFX] {"sound": "civ_move_1", "volume": 0.03}
[2026-09-24 21:36:17.823] [SFX] {"sound": "civ_move_1", "volume": 0.24}
[2026-09-24 21:36:17.844] [SFX] {"sound": "civ_move_2", "volume": 0.06}
[2026-09-24 21:36:17.845] [SFX] {"sound": "civ_move_2", "volume": 0.08}
[2026-09-24 21:36:17.845] [SFX] {"sound": "civ_move_2", "volume": 0.14}
[2026-09-24 21:36:17.870] [SFX] {"sound": "guardian_move", "volume": 0.3}
[2026-09-24 21:36:17.972] [SFX] {"sound": "guardian_move", "volume": 0.19}
[2026-09-24 21:36:18.004] [SFX] {"sound": "civ_move_2", "volume": 0.23}
[2026-09-24 21:36:18.031] [SFX] {"sound": "guardian_move", "volume": 0.33}
[2026-09-24 21:36:18.032] [SFX] {"sound": "guardian_move", "volume": 0.12}
[2026-09-24 21:36:18.044] [SFX] {"sound": "civ_move_1", "volume": 0.24}
[2026-09-24 21:36:18.045] [SFX] {"sound": "civ_move_2", "volume": 0.05}
[2026-09-24 21:36:18.046] [SFX] {"sound": "civ_move_1", "volume": 0.15}
[2026-09-24 21:36:18.047] [SFX] {"sound": "civ_move_2", "volume": 0.14}
[2026-09-24 21:36:18.221] [SFX] {"sound": "civ_move_1", "volume": 0.24}
[2026-09-24 21:36:18.222] [SFX] {"sound": "civ_move_1", "volume": 0.02}
[2026-09-24 21:36:18.222] [SFX] {"sound": "civ_move_1", "volume": 0.23}
[2026-09-24 21:36:18.253] [SFX] {"sound": "civ_move_2", "volume": 0.05}
[2026-09-24 21:36:18.254] [SFX] {"sound": "civ_move_2", "volume": 0.09}
[2026-09-24 21:36:18.255] [SFX] {"sound": "civ_move_2", "volume": 0.15}
[2026-09-24 21:36:18.274] [SFX] {"sound": "guardian_move", "volume": 0.32}
[2026-09-24 21:36:18.405] [M] {"button": 1, "pos": [320, 194], "ui_clicked": false}
[2026-09-24 21:36:18.412] [SFX] {"sound": "civ_move_2", "volume": 0.23}
[2026-09-24 21:36:18.453] [SFX] {"sound": "civ_move_1", "volume": 0.24}
[2026-09-24 21:36:18.454] [SFX] {"sound": "civ_move_2", "volume": 0.04}
[2026-09-24 21:36:18.454] [SFX] {"sound": "civ_move_1", "volume": 0.16}
[2026-09-24 21:36:18.455] [SFX] {"sound": "civ_move_2", "volume": 0.13}
[2026-09-24 21:36:18.476] [SFX] {"sound": "guardian_move", "volume": 0.28}
[2026-09-24 21:36:18.586] [SFX] {"sound": "guardian_move", "volume": 0.18}
[2026-09-24 21:36:18.634] [SFX] {"sound": "guardian_move", "volume": 0.34}
[2026-09-24 21:36:18.634] [SFX] {"sound": "guardian_move", "volume": 0.1}
[2026-09-24 21:36:18.635] [SFX] {"sound": "civ_move_1", "volume": 0.24}
[2026-09-24 21:36:18.636] [SFX] {"sound": "civ_move_1", "volume": 0.02}
[2026-09-24 21:36:18.637] [SFX] {"sound": "civ_move_1", "volume": 0.23}
[2026-09-24 21:36:18.667] [SFX] {"sound": "civ_move_2", "volume": 0.05}
[2026-09-24 21:36:18.668] [SFX] {"sound": "civ_move_2", "volume": 0.11}
[2026-09-24 21:36:18.670] [SFX] {"sound": "civ_move_2", "volume": 0.16}
[2026-09-24 21:36:18.817] [SFX] {"sound": "civ_move_2", "volume": 0.22}
[2026-09-24 21:36:18.867] [SFX] {"sound": "civ_move_1", "volume": 0.24}
[2026-09-24 21:36:18.868] [SFX] {"sound": "civ_move_2", "volume": 0.03}
[2026-09-24 21:36:18.869] [SFX] {"sound": "civ_move_1", "volume": 0.17}
[2026-09-24 21:36:18.870] [SFX] {"sound": "civ_move_2", "volume": 0.11}
[2026-09-24 21:36:18.889] [SFX] {"sound": "guardian_move", "volume": 0.32}
[2026-09-24 21:36:18.918] [M] {"button": 1, "pos": [323, 193], "ui_clicked": false}
[2026-09-24 21:36:18.925] [SFX] {"sound": "click_target", "volume": 0.77}
[2026-09-24 21:36:19.034] [SFX] {"sound": "civ_move_1", "volume": 0.24}
[2026-09-24 21:36:19.035] [SFX] {"sound": "civ_move_1", "volume": 0.01}
[2026-09-24 21:36:19.035] [SFX] {"sound": "civ_move_1", "volume": 0.22}
[2026-09-24 21:36:19.067] [SFX] {"sound": "civ_move_2", "volume": 0.04}
[2026-09-24 21:36:19.068] [SFX] {"sound": "civ_move_2", "volume": 0.12}
[2026-09-24 21:36:19.069] [SFX] {"sound": "civ_move_2", "volume": 0.17}
[2026-09-24 21:36:19.091] [SFX] {"sound": "guardian_move", "volume": 0.27}
[2026-09-24 21:36:19.185] [SFX] {"sound": "guardian_move", "volume": 0.17}
[2026-09-24 21:36:19.219] [SFX] {"sound": "civ_move_2", "volume": 0.21}
[2026-09-24 21:36:19.241] [SFX] {"sound": "guardian_move", "volume": 0.35}
[2026-09-24 21:36:19.241] [SFX] {"sound": "guardian_move", "volume": 0.08}
[2026-09-24 21:36:19.267] [SFX] {"sound": "civ_move_1", "volume": 0.24}
[2026-09-24 21:36:19.268] [SFX] {"sound": "civ_move_2", "volume": 0.03}
[2026-09-24 21:36:19.269] [SFX] {"sound": "civ_move_1", "volume": 0.18}
[2026-09-24 21:36:19.269] [SFX] {"sound": "civ_move_2", "volume": 0.1}
[2026-09-24 21:36:19.451] [SFX] {"sound": "civ_move_1", "volume": 0.23}
[2026-09-24 21:36:19.451] [SFX] {"sound": "civ_move_1", "volume": 0.01}
[2026-09-24 21:36:19.452] [SFX] {"sound": "civ_move_1", "volume": 0.21}
[2026-09-24 21:36:19.472] [SFX] {"sound": "civ_move_2", "volume": 0.03}
[2026-09-24 21:36:19.473] [SFX] {"sound": "civ_move_2", "volume": 0.13}
[2026-09-24 21:36:19.474] [SFX] {"sound": "civ_move_2", "volume": 0.18}
[2026-09-24 21:36:19.489] [SFX] {"sound": "guardian_move", "volume": 0.31}
[2026-09-24 21:36:19.632] [SFX] {"sound": "civ_move_2", "volume": 0.2}
[2026-09-24 21:36:19.665] [SFX] {"sound": "threat_pulse", "volume": 0.31}
[2026-09-24 21:36:19.687] [SFX] {"sound": "civ_move_1", "volume": 0.23}
[2026-09-24 21:36:19.688] [SFX] {"sound": "civ_move_2", "volume": 0.02}
[2026-09-24 21:36:19.688] [SFX] {"sound": "civ_move_1", "volume": 0.18}
[2026-09-24 21:36:19.689] [SFX] {"sound": "civ_move_2", "volume": 0.09}
[2026-09-24 21:36:19.703] [SFX] {"sound": "guardian_move", "volume": 0.25}
[2026-09-24 21:36:19.765] [M] {"button": 1, "pos": [321, 181], "ui_clicked": false}
[2026-09-24 21:36:19.771] [SFX] {"sound": "click_target", "volume": 0.8}
[2026-09-24 21:36:19.797] [SFX] {"sound": "guardian_move", "volume": 0.15}
[2026-09-24 21:36:19.845] [SFX] {"sound": "guardian_move", "volume": 0.39}
[2026-09-24 21:36:19.846] [SFX] {"sound": "guardian_move", "volume": 0.06}
[2026-09-24 21:36:19.871] [SFX] {"sound": "civ_move_1", "volume": 0.21}
[2026-09-24 21:36:19.872] [SFX] {"sound": "civ_move_1", "volume": 0.02}
[2026-09-24 21:36:19.873] [SFX] {"sound": "civ_move_1", "volume": 0.21}
[2026-09-24 21:36:19.885] [SFX] {"sound": "civ_move_2", "volume": 0.01}
[2026-09-24 21:36:19.886] [SFX] {"sound": "civ_move_2", "volume": 0.16}
[2026-09-24 21:36:19.887] [SFX] {"sound": "civ_move_2", "volume": 0.2}
[2026-09-24 21:36:19.947] [SFX] {"sound": "player_move", "volume": 0.4}
[2026-09-24 21:36:20.045] [SFX] {"sound": "civ_move_2", "volume": 0.23}
[2026-09-24 21:36:20.093] [SFX] {"sound": "guardian_move", "volume": 0.32}
[2026-09-24 21:36:20.094] [SFX] {"sound": "civ_move_1", "volume": 0.19}
[2026-09-24 21:36:20.095] [SFX] {"sound": "civ_move_1", "volume": 0.18}
[2026-09-24 21:36:20.096] [SFX] {"sound": "civ_move_2", "volume": 0.12}
[2026-09-24 21:36:20.194] [SFX] {"sound": "civ_move_1", "volume": 0.05}
[2026-09-24 21:36:20.258] [SFX] {"sound": "player_move", "volume": 0.4}
[2026-09-24 21:36:20.284] [SFX] {"sound": "civ_move_1", "volume": 0.19}
[2026-09-24 21:36:20.284] [SFX] {"sound": "civ_move_1", "volume": 0.02}
[2026-09-24 21:36:20.285] [SFX] {"sound": "civ_move_1", "volume": 0.25}
[2026-09-24 21:36:20.297] [SFX] {"sound": "civ_move_2", "volume": 0.2}
[2026-09-24 21:36:20.298] [SFX] {"sound": "civ_move_2", "volume": 0.24}
[2026-09-24 21:36:20.314] [SFX] {"sound": "guardian_move", "volume": 0.29}
[2026-09-24 21:36:20.406] [SFX] {"sound": "guardian_move", "volume": 0.1}
[2026-09-24 21:36:20.455] [SFX] {"sound": "guardian_move", "volume": 0.28}
[2026-09-24 21:36:20.456] [SFX] {"sound": "guardian_move", "volume": 0.01}
[2026-09-24 21:36:20.457] [SFX] {"sound": "civ_move_2", "volume": 0.22}
[2026-09-24 21:36:20.505] [SFX] {"sound": "civ_move_1", "volume": 0.22}
[2026-09-24 21:36:20.505] [SFX] {"sound": "civ_move_1", "volume": 0.17}
[2026-09-24 21:36:20.506] [SFX] {"sound": "civ_move_2", "volume": 0.09}
[2026-09-24 21:36:20.572] [SFX] {"sound": "player_move", "volume": 0.4}
[2026-09-24 21:36:20.573] [SFX] {"sound": "threat_pulse", "volume": 0.31}
[2026-09-24 21:36:20.604] [SFX] {"sound": "civ_move_1", "volume": 0.03}
[2026-09-24 21:36:20.688] [SFX] {"sound": "civ_move_1", "volume": 0.21}
[2026-09-24 21:36:20.689] [SFX] {"sound": "civ_move_1", "volume": 0.19}
[2026-09-24 21:36:20.709] [SFX] {"sound": "guardian_move", "volume": 0.29}
[2026-09-24 21:36:20.710] [SFX] {"sound": "civ_move_2", "volume": 0.17}
[2026-09-24 21:36:20.711] [SFX] {"sound": "civ_move_2", "volume": 0.22}
[2026-09-24 21:36:20.871] [SFX] {"sound": "civ_move_2", "volume": 0.17}
[2026-09-24 21:36:20.919] [SFX] {"sound": "guardian_move", "volume": 0.19}
[2026-09-24 21:36:20.920] [SFX] {"sound": "civ_move_1", "volume": 0.23}
[2026-09-24 21:36:20.921] [SFX] {"sound": "civ_move_1", "volume": 0.24}
[2026-09-24 21:36:20.921] [SFX] {"sound": "civ_move_2", "volume": 0.04}
[2026-09-24 21:36:21.004] [SFX] {"sound": "civ_move_1", "volume": 0.01}
[2026-09-24 21:36:21.026] [SFX] {"sound": "guardian_move", "volume": 0.13}
[2026-09-24 21:36:21.070] [SFX] {"sound": "guardian_move", "volume": 0.02}
[2026-09-24 21:36:21.093] [SFX] {"sound": "guardian_move", "volume": 0.26}
[2026-09-24 21:36:21.109] [SFX] {"sound": "civ_move_1", "volume": 0.23}
[2026-09-24 21:36:21.110] [SFX] {"sound": "civ_move_1", "volume": 0.16}
[2026-09-24 21:36:21.124] [SFX] {"sound": "civ_move_2", "volume": 0.17}
[2026-09-24 21:36:21.125] [SFX] {"sound": "civ_move_2", "volume": 0.21}
[2026-09-24 21:36:21.284] [SFX] {"sound": "civ_move_2", "volume": 0.15}
[2026-09-24 21:36:21.317] [SFX] {"sound": "guardian_move", "volume": 0.25}
[2026-09-24 21:36:21.339] [SFX] {"sound": "civ_move_1", "volume": 0.23}
[2026-09-24 21:36:21.340] [SFX] {"sound": "civ_move_2", "volume": 0.03}
[2026-09-24 21:36:21.416] [SFX] {"sound": "civ_move_1", "volume": 0.02}
[2026-09-24 21:36:21.515] [SFX] {"sound": "civ_move_1", "volume": 0.24}
[2026-09-24 21:36:21.516] [SFX] {"sound": "civ_move_1", "volume": 0.15}
[2026-09-24 21:36:21.537] [SFX] {"sound": "guardian_move", "volume": 0.17}
[2026-09-24 21:36:21.538] [SFX] {"sound": "civ_move_2", "volume": 0.18}
[2026-09-24 21:36:21.539] [SFX] {"sound": "civ_move_2", "volume": 0.22}
[2026-09-24 21:36:21.630] [SFX] {"sound": "guardian_move", "volume": 0.11}
[2026-09-24 21:36:21.680] [SFX] {"sound": "guardian_move", "volume": 0.01}
[2026-09-24 21:36:21.702] [SFX] {"sound": "guardian_move", "volume": 0.32}
[2026-09-24 21:36:21.703] [SFX] {"sound": "civ_move_2", "volume": 0.14}
[2026-09-24 21:36:21.747] [SFX] {"sound": "civ_move_1", "volume": 0.24}
[2026-09-24 21:36:21.748] [SFX] {"sound": "civ_move_1", "volume": 0.23}
[2026-09-24 21:36:21.749] [SFX] {"sound": "civ_move_2", "volume": 0.03}
[2026-09-24 21:36:21.830] [SFX] {"sound": "civ_move_1", "volume": 0.03}
[2026-09-24 21:36:21.915] [SFX] {"sound": "civ_move_1", "volume": 0.24}
[2026-09-24 21:36:21.916] [SFX] {"sound": "civ_move_1", "volume": 0.14}
[2026-09-24 21:36:21.936] [SFX] {"sound": "guardian_move", "volume": 0.22}
[2026-09-24 21:36:21.952] [SFX] {"sound": "civ_move_2", "volume": 0.19}
[2026-09-24 21:36:21.953] [SFX] {"sound": "civ_move_2", "volume": 0.22}
[2026-09-24 21:36:21.980] [M] {"button": 1, "pos": [319, 151], "ui_clicked": false}
[2026-09-24 21:36:21.988] [SFX] {"sound": "action_cancel", "volume": 1.0}
[2026-09-24 21:36:21.989] [P] {"start": [194, 36], "goal": [193, 32], "length": 5, "is_direction_change": false}
[2026-09-24 21:36:21.989] [SFX] {"sound": "click_target", "volume": 0.91}
[2026-09-24 21:36:22.028] [SFX] {"sound": "player_move", "volume": 0.4}
[2026-09-24 21:36:22.110] [SFX] {"sound": "civ_move_2", "volume": 0.12}
[2026-09-24 21:36:22.142] [SFX] {"sound": "guardian_move", "volume": 0.13}
[2026-09-24 21:36:22.167] [SFX] {"sound": "civ_move_1", "volume": 0.25}
[2026-09-24 21:36:22.168] [SFX] {"sound": "civ_move_1", "volume": 0.24}
[2026-09-24 21:36:22.168] [SFX] {"sound": "civ_move_2", "volume": 0.01}
[2026-09-24 21:36:22.243] [SFX] {"sound": "guardian_move", "volume": 0.09}
[2026-09-24 21:36:22.243] [SFX] {"sound": "civ_move_1", "volume": 0.02}
[2026-09-24 21:36:22.309] [SFX] {"sound": "guardian_move", "volume": 0.3}
[2026-09-24 21:36:22.330] [SFX] {"sound": "civ_move_1", "volume": 0.21}
[2026-09-24 21:36:22.331] [SFX] {"sound": "civ_move_1", "volume": 0.1}
[2026-09-24 21:36:22.347] [SFX] {"sound": "player_move", "volume": 0.4}
[2026-09-24 21:36:22.365] [SFX] {"sound": "civ_move_2", "volume": 0.18}
[2026-09-24 21:36:22.366] [SFX] {"sound": "civ_move_2", "volume": 0.23}
[2026-09-24 21:36:22.511] [SFX] {"sound": "civ_move_2", "volume": 0.11}
[2026-09-24 21:36:22.544] [SFX] {"sound": "guardian_move", "volume": 0.19}
[2026-09-24 21:36:22.567] [SFX] {"sound": "civ_move_1", "volume": 0.19}
[2026-09-24 21:36:22.567] [SFX] {"sound": "civ_move_1", "volume": 0.23}
[2026-09-24 21:36:22.568] [SFX] {"sound": "civ_move_2", "volume": 0.01}
[2026-09-24 21:36:22.645] [SFX] {"sound": "player_move", "volume": 0.4}
[2026-09-24 21:36:22.646] [SFX] {"sound": "civ_move_1", "volume": 0.06}
[2026-09-24 21:36:22.728] [SFX] {"sound": "civ_move_1", "volume": 0.18}
[2026-09-24 21:36:22.729] [SFX] {"sound": "civ_move_1", "volume": 0.13}
[2026-09-24 21:36:22.751] [SFX] {"sound": "guardian_move", "volume": 0.13}
[2026-09-24 21:36:22.768] [SFX] {"sound": "civ_move_2", "volume": 0.23}
[2026-09-24 21:36:22.769] [SFX] {"sound": "civ_move_2", "volume": 0.25}
[2026-09-24 21:36:22.843] [SFX] {"sound": "guardian_move", "volume": 0.05}
[2026-09-24 21:36:22.910] [SFX] {"sound": "guardian_move", "volume": 0.29}
[2026-09-24 21:36:22.911] [SFX] {"sound": "civ_move_2", "volume": 0.12}
[2026-09-24 21:36:22.960] [SFX] {"sound": "civ_move_1", "volume": 0.18}
[2026-09-24 21:36:22.961] [SFX] {"sound": "civ_move_1", "volume": 0.2}
[2026-09-24 21:36:22.962] [SFX] {"sound": "civ_move_2", "volume": 0.03}
[2026-09-24 21:36:23.045] [SFX] {"sound": "civ_move_1", "volume": 0.07}
[2026-09-24 21:36:23.128] [SFX] {"sound": "civ_move_1", "volume": 0.17}
[2026-09-24 21:36:23.129] [SFX] {"sound": "civ_move_1", "volume": 0.12}
[2026-09-24 21:36:23.151] [SFX] {"sound": "guardian_move", "volume": 0.19}
[2026-09-24 21:36:23.178] [SFX] {"sound": "civ_move_2", "volume": 0.24}
[2026-09-24 21:36:23.179] [SFX] {"sound": "civ_move_2", "volume": 0.25}
[2026-09-24 21:36:23.326] [SFX] {"sound": "civ_move_2", "volume": 0.11}
[2026-09-24 21:36:23.358] [SFX] {"sound": "guardian_move", "volume": 0.11}
[2026-09-24 21:36:23.382] [SFX] {"sound": "civ_move_1", "volume": 0.17}
[2026-09-24 21:36:23.403] [SFX] {"sound": "civ_move_1", "volume": 0.19}
[2026-09-24 21:36:23.404] [SFX] {"sound": "civ_move_2", "volume": 0.02}
[2026-09-24 21:36:23.442] [M] {"button": 1, "pos": [256, 179], "ui_clicked": false}
[2026-09-24 21:36:23.458] [SFX] {"sound": "guardian_move", "volume": 0.03}
[2026-09-24 21:36:23.459] [SFX] {"sound": "civ_move_1", "volume": 0.09}
[2026-09-24 21:36:23.525] [SFX] {"sound": "guardian_move", "volume": 0.28}
[2026-09-24 21:36:23.548] [SFX] {"sound": "civ_move_1", "volume": 0.16}
[2026-09-24 21:36:23.549] [SFX] {"sound": "civ_move_1", "volume": 0.1}
[2026-09-24 21:36:23.593] [SFX] {"sound": "civ_move_2", "volume": 0.25}
[2026-09-24 21:36:23.594] [SFX] {"sound": "civ_move_2", "volume": 0.24}
[2026-09-24 21:36:23.726] [SFX] {"sound": "civ_move_2", "volume": 0.1}
[2026-09-24 21:36:23.760] [SFX] {"sound": "guardian_move", "volume": 0.17}
[2026-09-24 21:36:23.784] [SFX] {"sound": "civ_move_1", "volume": 0.16}
[2026-09-24 21:36:23.784] [SFX] {"sound": "civ_move_1", "volume": 0.17}
[2026-09-24 21:36:23.785] [SFX] {"sound": "civ_move_2", "volume": 0.02}
[2026-09-24 21:36:23.859] [SFX] {"sound": "civ_move_1", "volume": 0.1}
[2026-09-24 21:36:23.876] [M] {"button": 1, "pos": [255, 183], "ui_clicked": false}
[2026-09-24 21:36:23.883] [P] {"start": [193, 32], "goal": [184, 32], "length": 1, "is_direction_change": false}
[2026-09-24 21:36:23.884] [SFX] {"sound": "click_target", "volume": 0.64}
[2026-09-24 21:36:23.943] [SFX] {"sound": "civ_move_1", "volume": 0.15}
[2026-09-24 21:36:23.944] [SFX] {"sound": "civ_move_1", "volume": 0.1}
[2026-09-24 21:36:23.965] [SFX] {"sound": "guardian_move", "volume": 0.1}
[2026-09-24 21:36:24.009] [SFX] {"sound": "civ_move_2", "volume": 0.28}
[2026-09-24 21:36:24.010] [SFX] {"sound": "civ_move_2", "volume": 0.22}
[2026-09-24 21:36:24.059] [SFX] {"sound": "guardian_move", "volume": 0.0}
[2026-09-24 21:36:24.081] [C] {"civ_pos": [189, 30]}
[2026-09-24 21:36:24.127] [SFX] {"sound": "guardian_move", "volume": 0.27}
[2026-09-24 21:36:24.127] [SFX] {"sound": "civ_move_2", "volume": 0.12}
[2026-09-24 21:36:24.160] [SFX] {"sound": "player_move", "volume": 0.4}
[2026-09-24 21:36:24.193] [SFX] {"sound": "civ_move_1", "volume": 0.12}
[2026-09-24 21:36:24.194] [SFX] {"sound": "civ_move_1", "volume": 0.11}
[2026-09-24 21:36:24.194] [SFX] {"sound": "civ_move_2", "volume": 0.06}
[2026-09-24 21:36:24.259] [SFX] {"sound": "civ_move_2", "volume": 0.03}
[2026-09-24 21:36:24.260] [SFX] {"sound": "civ_move_1", "volume": 0.17}
[2026-09-24 21:36:24.358] [SFX] {"sound": "civ_move_1", "volume": 0.1}
[2026-09-24 21:36:24.359] [SFX] {"sound": "civ_move_1", "volume": 0.15}
[2026-09-24 21:36:24.380] [SFX] {"sound": "guardian_move", "volume": 0.23}
[2026-09-24 21:36:24.425] [SFX] {"sound": "civ_move_2", "volume": 0.25}
[2026-09-24 21:36:24.426] [SFX] {"sound": "civ_move_2", "volume": 0.16}
[2026-09-24 21:36:24.441] [M] {"button": 1, "pos": [255, 183], "ui_clicked": false}
[2026-09-24 21:36:24.449] [P] {"start": [184, 32], "goal": [177, 32], "length": 1, "is_direction_change": false}
[2026-09-24 21:36:24.450] [SFX] {"sound": "click_target", "volume": 0.67}
[2026-09-24 21:36:24.541] [SFX] {"sound": "civ_move_2", "volume": 0.15}
[2026-09-24 21:36:24.575] [SFX] {"sound": "guardian_move", "volume": 0.18}
[2026-09-24 21:36:24.597] [SFX] {"sound": "player_move", "volume": 0.4}
[2026-09-24 21:36:24.613] [SFX] {"sound": "civ_move_1", "volume": 0.08}
[2026-09-24 21:36:24.614] [SFX] {"sound": "civ_move_1", "volume": 0.06}
[2026-09-24 21:36:24.615] [SFX] {"sound": "civ_move_2", "volume": 0.08}
[2026-09-24 21:36:24.674] [SFX] {"sound": "civ_move_2", "volume": 0.07}
[2026-09-24 21:36:24.675] [SFX] {"sound": "civ_move_1", "volume": 0.23}
[2026-09-24 21:36:24.739] [SFX] {"sound": "guardian_move", "volume": 0.18}
[2026-09-24 21:36:24.772] [SFX] {"sound": "civ_move_1", "volume": 0.05}
[2026-09-24 21:36:24.773] [SFX] {"sound": "civ_move_1", "volume": 0.18}
[2026-09-24 21:36:24.838] [SFX] {"sound": "civ_move_2", "volume": 0.19}
[2026-09-24 21:36:24.839] [SFX] {"sound": "civ_move_2", "volume": 0.11}
[2026-09-24 21:36:24.957] [SFX] {"sound": "civ_move_2", "volume": 0.18}
[2026-09-24 21:36:24.974] [M] {"button": 1, "pos": [255, 183], "ui_clicked": false}
[2026-09-24 21:36:24.981] [SFX] {"sound": "guardian_move", "volume": 0.28}
[2026-09-24 21:36:24.981] [P] {"start": [177, 32], "goal": [170, 32], "length": 1, "is_direction_change": false}
[2026-09-24 21:36:24.982] [SFX] {"sound": "click_target", "volume": 0.66}
[2026-09-24 21:36:25.026] [SFX] {"sound": "civ_move_1", "volume": 0.04}
[2026-09-24 21:36:25.027] [SFX] {"sound": "civ_move_1", "volume": 0.01}
[2026-09-24 21:36:25.028] [SFX] {"sound": "civ_move_2", "volume": 0.1}
[2026-09-24 21:36:25.076] [SFX] {"sound": "civ_move_2", "volume": 0.09}
[2026-09-24 21:36:25.076] [SFX] {"sound": "civ_move_1", "volume": 0.27}
[2026-09-24 21:36:25.099] [SFX] {"sound": "player_move", "volume": 0.4}
[2026-09-24 21:36:25.173] [SFX] {"sound": "civ_move_1", "volume": 0.02}
[2026-09-24 21:36:25.174] [SFX] {"sound": "civ_move_1", "volume": 0.21}
[2026-09-24 21:36:25.195] [SFX] {"sound": "guardian_move", "volume": 0.24}
[2026-09-24 21:36:25.239] [SFX] {"sound": "civ_move_2", "volume": 0.13}
[2026-09-24 21:36:25.240] [SFX] {"sound": "civ_move_2", "volume": 0.07}
[2026-09-24 21:36:25.338] [SFX] {"sound": "guardian_move", "volume": 0.11}
[2026-09-24 21:36:25.371] [SFX] {"sound": "civ_move_2", "volume": 0.22}
[2026-09-24 21:36:25.439] [M] {"button": 1, "pos": [255, 183], "ui_clicked": false}
[2026-09-24 21:36:25.446] [SFX] {"sound": "civ_move_1", "volume": 0.0}
[2026-09-24 21:36:25.447] [SFX] {"sound": "civ_move_2", "volume": 0.12}
[2026-09-24 21:36:25.448] [P] {"start": [170, 32], "goal": [163, 32], "length": 1, "is_direction_change": false}
[2026-09-24 21:36:25.448] [SFX] {"sound": "click_target", "volume": 0.67}
[2026-09-24 21:36:25.486] [SFX] {"sound": "civ_move_2", "volume": 0.12}
[2026-09-24 21:36:25.487] [SFX] {"sound": "civ_move_1", "volume": 0.27}
[2026-09-24 21:36:25.518] [SFX] {"sound": "player_move", "volume": 0.4}
[2026-09-24 21:36:25.583] [SFX] {"sound": "guardian_move", "volume": 0.35}
[2026-09-24 21:36:25.584] [SFX] {"sound": "civ_move_1", "volume": 0.0}
[2026-09-24 21:36:25.584] [SFX] {"sound": "civ_move_1", "volume": 0.24}
[2026-09-24 21:36:25.649] [SFX] {"sound": "civ_move_2", "volume": 0.08}
[2026-09-24 21:36:25.650] [SFX] {"sound": "civ_move_2", "volume": 0.03}
[2026-09-24 21:36:25.672] [SFX] {"sound": "threat_pulse", "volume": 0.3}
[2026-09-24 21:36:25.782] [SFX] {"sound": "civ_move_2", "volume": 0.26}
[2026-09-24 21:36:25.806] [SFX] {"sound": "guardian_move", "volume": 0.31}
[2026-09-24 21:36:25.832] [M] {"button": 1, "pos": [255, 183], "ui_clicked": false}
[2026-09-24 21:36:25.849] [SFX] {"sound": "civ_move_2", "volume": 0.02}
[2026-09-24 21:36:25.849] [SFX] {"sound": "civ_move_2", "volume": 0.13}
[2026-09-24 21:36:25.900] [SFX] {"sound": "civ_move_2", "volume": 0.15}
[2026-09-24 21:36:25.901] [SFX] {"sound": "civ_move_1", "volume": 0.21}
[2026-09-24 21:36:25.951] [SFX] {"sound": "guardian_move", "volume": 0.04}
[2026-09-24 21:36:25.984] [SFX] {"sound": "civ_move_1", "volume": 0.04}
[2026-09-24 21:36:25.985] [SFX] {"sound": "civ_move_1", "volume": 0.26}
[2026-09-24 21:36:26.050] [SFX] {"sound": "civ_move_2", "volume": 0.05}
[2026-09-24 21:36:26.100] [SFX] {"sound": "civ_move_2", "volume": 0.02}
[2026-09-24 21:36:26.185] [SFX] {"sound": "guardian_move", "volume": 0.38}
[2026-09-24 21:36:26.185] [SFX] {"sound": "civ_move_2", "volume": 0.25}
[2026-09-24 21:36:26.235] [M] {"button": 1, "pos": [255, 183], "ui_clicked": false}
[2026-09-24 21:36:26.251] [SFX] {"sound": "civ_move_2", "volume": 0.03}
[2026-09-24 21:36:26.275] [SFX] {"sound": "civ_move_2", "volume": 0.14}
[2026-09-24 21:36:26.301] [SFX] {"sound": "civ_move_2", "volume": 0.16}
[2026-09-24 21:36:26.302] [SFX] {"sound": "civ_move_1", "volume": 0.2}
[2026-09-24 21:36:26.401] [SFX] {"sound": "guardian_move", "volume": 0.29}
[2026-09-24 21:36:26.403] [SFX] {"sound": "civ_move_1", "volume": 0.06}
[2026-09-24 21:36:26.404] [SFX] {"sound": "civ_move_1", "volume": 0.25}
[2026-09-24 21:36:26.466] [SFX] {"sound": "civ_move_2", "volume": 0.03}
[2026-09-24 21:36:26.515] [SFX] {"sound": "civ_move_2", "volume": 0.04}
[2026-09-24 21:36:26.564] [M] {"button": 1, "pos": [281, 184], "ui_clicked": false}
[2026-09-24 21:36:26.571] [SFX] {"sound": "guardian_move", "volume": 0.05}
[2026-09-24 21:36:26.572] [P] {"start": [163, 32], "goal": [158, 32], "length": 1, "is_direction_change": false}
[2026-09-24 21:36:26.573] [SFX] {"sound": "click_target", "volume": 0.7}
[2026-09-24 21:36:26.600] [SFX] {"sound": "threat_pulse", "volume": 0.33}
[2026-09-24 21:36:26.611] [SFX] {"sound": "player_move", "volume": 0.4}
[2026-09-24 21:36:26.611] [SFX] {"sound": "civ_move_2", "volume": 0.25}
[2026-09-24 21:36:26.656] [SFX] {"sound": "civ_move_2", "volume": 0.06}
[2026-09-24 21:36:26.678] [SFX] {"sound": "civ_move_2", "volume": 0.15}
[2026-09-24 21:36:26.705] [SFX] {"sound": "civ_move_2", "volume": 0.17}
[2026-09-24 21:36:26.706] [SFX] {"sound": "civ_move_1", "volume": 0.17}
[2026-09-24 21:36:26.787] [SFX] {"sound": "guardian_move", "volume": 0.32}
[2026-09-24 21:36:26.808] [SFX] {"sound": "civ_move_1", "volume": 0.1}
[2026-09-24 21:36:26.809] [SFX] {"sound": "civ_move_1", "volume": 0.27}
[2026-09-24 21:36:26.937] [SFX] {"sound": "civ_move_2", "volume": 0.08}
[2026-09-24 21:36:27.003] [SFX] {"sound": "guardian_move", "volume": 0.31}
[2026-09-24 21:36:27.024] [SFX] {"sound": "civ_move_2", "volume": 0.26}
[2026-09-24 21:36:27.068] [SFX] {"sound": "civ_move_2", "volume": 0.09}
[2026-09-24 21:36:27.091] [SFX] {"sound": "civ_move_2", "volume": 0.16}
[2026-09-24 21:36:27.118] [SFX] {"sound": "civ_move_2", "volume": 0.18}
[2026-09-24 21:36:27.119] [SFX] {"sound": "civ_move_1", "volume": 0.14}
[2026-09-24 21:36:27.219] [SFX] {"sound": "civ_move_1", "volume": 0.12}
[2026-09-24 21:36:27.220] [SFX] {"sound": "civ_move_1", "volume": 0.26}
[2026-09-24 21:36:27.350] [SFX] {"sound": "civ_move_2", "volume": 0.1}
[2026-09-24 21:36:27.402] [SFX] {"sound": "guardian_move", "volume": 0.29}
[2026-09-24 21:36:27.434] [SFX] {"sound": "civ_move_2", "volume": 0.25}
[2026-09-24 21:36:27.468] [SFX] {"sound": "civ_move_2", "volume": 0.11}
[2026-09-24 21:36:27.500] [SFX] {"sound": "civ_move_2", "volume": 0.17}
[2026-09-24 21:36:27.534] [SFX] {"sound": "civ_move_2", "volume": 0.19}
[2026-09-24 21:36:27.535] [SFX] {"sound": "civ_move_1", "volume": 0.13}
[2026-09-24 21:36:27.616] [SFX] {"sound": "guardian_move", "volume": 0.29}
[2026-09-24 21:36:27.639] [SFX] {"sound": "civ_move_1", "volume": 0.13}
[2026-09-24 21:36:27.640] [SFX] {"sound": "civ_move_1", "volume": 0.25}
[2026-09-24 21:36:27.656] [SFX] {"sound": "civ_move_1", "volume": 0.0}
[2026-09-24 21:36:27.766] [SFX] {"sound": "civ_move_2", "volume": 0.11}
[2026-09-24 21:36:27.849] [SFX] {"sound": "civ_move_2", "volume": 0.24}
[2026-09-24 21:36:27.875] [SFX] {"sound": "civ_move_2", "volume": 0.12}
[2026-09-24 21:36:27.902] [SFX] {"sound": "civ_move_2", "volume": 0.18}
[2026-09-24 21:36:27.936] [SFX] {"sound": "civ_move_2", "volume": 0.2}
[2026-09-24 21:36:27.937] [SFX] {"sound": "civ_move_1", "volume": 0.11}
[2026-09-24 21:36:28.016] [SFX] {"sound": "guardian_move", "volume": 0.27}
[2026-09-24 21:36:28.042] [SFX] {"sound": "civ_move_1", "volume": 0.14}
[2026-09-24 21:36:28.044] [SFX] {"sound": "civ_move_1", "volume": 0.24}
[2026-09-24 21:36:28.057] [SFX] {"sound": "civ_move_1", "volume": 0.01}
[2026-09-24 21:36:28.116] [M] {"button": 1, "pos": [319, 204], "ui_clicked": false}
[2026-09-24 21:36:28.166] [SFX] {"sound": "civ_move_2", "volume": 0.12}
[2026-09-24 21:36:28.230] [SFX] {"sound": "guardian_move", "volume": 0.26}
[2026-09-24 21:36:28.264] [SFX] {"sound": "civ_move_2", "volume": 0.23}
[2026-09-24 21:36:28.286] [SFX] {"sound": "civ_move_2", "volume": 0.13}
[2026-09-24 21:36:28.313] [SFX] {"sound": "civ_move_2", "volume": 0.19}
[2026-09-24 21:36:28.345] [SFX] {"sound": "civ_move_2", "volume": 0.21}
[2026-09-24 21:36:28.345] [SFX] {"sound": "civ_move_1", "volume": 0.1}
[2026-09-24 21:36:28.426] [M] {"button": 1, "pos": [321, 206], "ui_clicked": false}
[2026-09-24 21:36:28.433] [SFX] {"sound": "click_target", "volume": 0.73}
[2026-09-24 21:36:28.448] [SFX] {"sound": "civ_move_1", "volume": 0.15}
[2026-09-24 21:36:28.449] [SFX] {"sound": "civ_move_1", "volume": 0.23}
[2026-09-24 21:36:28.464] [SFX] {"sound": "civ_move_1", "volume": 0.03}
[2026-09-24 21:36:28.542] [SFX] {"sound": "player_move", "volume": 0.4}
[2026-09-24 21:36:28.565] [C] {"civ_pos": [158, 36]}
[2026-09-24 21:36:28.603] [JACK] Ein weiterer Passant im Netz. Ignorieren oder anpöbeln?
[2026-09-24 21:36:28.604] [SFX] {"sound": "civ_move_2", "volume": 0.13}
[2026-09-24 21:36:28.626] [SFX] {"sound": "guardian_move", "volume": 0.23}
[2026-09-24 21:36:28.676] [SFX] {"sound": "civ_move_2", "volume": 0.21}
[2026-09-24 21:36:28.697] [SFX] {"sound": "civ_move_2", "volume": 0.14}
[2026-09-24 21:36:28.725] [SFX] {"sound": "civ_move_2", "volume": 0.22}
[2026-09-24 21:36:28.759] [SFX] {"sound": "civ_move_2", "volume": 0.3}
[2026-09-24 21:36:28.761] [SFX] {"sound": "civ_move_1", "volume": 0.09}
[2026-09-24 21:36:28.806] [SFX] {"sound": "threat_pulse", "volume": 0.3}
[2026-09-24 21:36:28.839] [SFX] {"sound": "guardian_move", "volume": 0.23}
[2026-09-24 21:36:28.862] [SFX] {"sound": "player_move", "volume": 0.4}
[2026-09-24 21:36:28.862] [SFX] {"sound": "civ_move_1", "volume": 0.15}
[2026-09-24 21:36:28.863] [SFX] {"sound": "civ_move_1", "volume": 0.21}
[2026-09-24 21:36:28.879] [SFX] {"sound": "civ_move_1", "volume": 0.05}
[2026-09-24 21:36:28.889] [M] {"button": 1, "pos": [321, 207], "ui_clicked": false}
[2026-09-24 21:36:28.896] [SFX] {"sound": "click_target", "volume": 0.74}
[2026-09-24 21:36:28.988] [SFX] {"sound": "civ_move_2", "volume": 0.13}
[2026-09-24 21:36:29.087] [SFX] {"sound": "civ_move_2", "volume": 0.19}
[2026-09-24 21:36:29.110] [SFX] {"sound": "civ_move_2", "volume": 0.15}
[2026-09-24 21:36:29.136] [SFX] {"sound": "civ_move_2", "volume": 0.23}
[2026-09-24 21:36:29.169] [SFX] {"sound": "player_move", "volume": 0.4}
[2026-09-24 21:36:29.169] [SFX] {"sound": "civ_move_2", "volume": 0.28}
[2026-09-24 21:36:29.170] [SFX] {"sound": "civ_move_1", "volume": 0.07}
[2026-09-24 21:36:29.236] [SFX] {"sound": "guardian_move", "volume": 0.21}
[2026-09-24 21:36:29.268] [SFX] {"sound": "civ_move_1", "volume": 0.16}
[2026-09-24 21:36:29.269] [SFX] {"sound": "civ_move_1", "volume": 0.19}
[2026-09-24 21:36:29.291] [SFX] {"sound": "civ_move_1", "volume": 0.07}
[2026-09-24 21:36:29.400] [SFX] {"sound": "civ_move_2", "volume": 0.14}
[2026-09-24 21:36:29.434] [M] {"button": 1, "pos": [321, 207], "ui_clicked": false}
[2026-09-24 21:36:29.441] [SFX] {"sound": "action_cancel", "volume": 1.0}
[2026-09-24 21:36:29.442] [P] {"start": [158, 36], "goal": [158, 39], "length": 1, "is_direction_change": false}
[2026-09-24 21:36:29.442] [SFX] {"sound": "click_target", "volume": 0.73}
[2026-09-24 21:36:29.477] [SFX] {"sound": "guardian_move", "volume": 0.21}
[2026-09-24 21:36:29.490] [SFX] {"sound": "player_move", "volume": 0.4}
[2026-09-24 21:36:29.507] [SFX] {"sound": "civ_move_2", "volume": 0.18}
[2026-09-24 21:36:29.524] [SFX] {"sound": "civ_move_2", "volume": 0.16}
[2026-09-24 21:36:29.552] [SFX] {"sound": "civ_move_2", "volume": 0.28}
[2026-09-24 21:36:29.573] [SFX] {"sound": "civ_move_2", "volume": 0.25}
[2026-09-24 21:36:29.574] [SFX] {"sound": "civ_move_1", "volume": 0.06}
[2026-09-24 21:36:29.618] [SFX] {"sound": "guardian_move", "volume": 0.02}
[2026-09-24 21:36:29.684] [SFX] {"sound": "civ_move_1", "volume": 0.16}
[2026-09-24 21:36:29.685] [SFX] {"sound": "civ_move_1", "volume": 0.17}
[2026-09-24 21:36:29.708] [SFX] {"sound": "civ_move_1", "volume": 0.09}
[2026-09-24 21:36:29.800] [SFX] {"sound": "civ_move_2", "volume": 0.14}
[2026-09-24 21:36:29.851] [SFX] {"sound": "guardian_move", "volume": 0.18}
[2026-09-24 21:36:29.917] [SFX] {"sound": "civ_move_2", "volume": 0.16}
[2026-09-24 21:36:29.967] [SFX] {"sound": "civ_move_2", "volume": 0.26}
[2026-09-24 21:36:29.990] [SFX] {"sound": "civ_move_2", "volume": 0.25}
[2026-09-24 21:36:29.991] [SFX] {"sound": "civ_move_1", "volume": 0.05}
[2026-09-24 21:36:30.051] [SFX] {"sound": "guardian_move", "volume": 0.17}
[2026-09-24 21:36:30.098] [SFX] {"sound": "civ_move_1", "volume": 0.17}
[2026-09-24 21:36:30.099] [SFX] {"sound": "civ_move_1", "volume": 0.16}
[2026-09-24 21:36:30.123] [SFX] {"sound": "civ_move_1", "volume": 0.1}
[2026-09-24 21:36:30.182] [M] {"button": 1, "pos": [326, 149], "ui_clicked": false}
[2026-09-24 21:36:30.203] [P] {"start": [158, 39], "goal": [158, 35], "length": 1, "is_direction_change": false}
[2026-09-24 21:36:30.204] [SFX] {"sound": "click_target", "volume": 0.9}
[2026-09-24 21:36:30.221] [SFX] {"sound": "civ_move_2", "volume": 0.15}
[2026-09-24 21:36:30.233] [SFX] {"sound": "guardian_move", "volume": 0.04}
[2026-09-24 21:36:30.250] [SFX] {"sound": "civ_move_1", "volume": 0.01}
[2026-09-24 21:36:30.327] [SFX] {"sound": "civ_move_2", "volume": 0.16}
[2026-09-24 21:36:30.349] [SFX] {"sound": "civ_move_2", "volume": 0.18}
[2026-09-24 21:36:30.377] [SFX] {"sound": "civ_move_2", "volume": 0.28}
[2026-09-24 21:36:30.400] [SFX] {"sound": "civ_move_2", "volume": 0.27}
[2026-09-24 21:36:30.401] [SFX] {"sound": "civ_move_1", "volume": 0.04}
[2026-09-24 21:36:30.460] [SFX] {"sound": "guardian_move", "volume": 0.17}
[2026-09-24 21:36:30.511] [SFX] {"sound": "civ_move_1", "volume": 0.2}
[2026-09-24 21:36:30.511] [SFX] {"sound": "civ_move_1", "volume": 0.16}
[2026-09-24 21:36:30.534] [SFX] {"sound": "civ_move_1", "volume": 0.09}
[2026-09-24 21:36:30.610] [SFX] {"sound": "civ_move_2", "volume": 0.18}
[2026-09-24 21:36:30.660] [SFX] {"sound": "guardian_move", "volume": 0.16}
[2026-09-24 21:36:30.660] [SFX] {"sound": "civ_move_1", "volume": 0.02}
[2026-09-24 21:36:30.741] [SFX] {"sound": "civ_move_2", "volume": 0.15}
[2026-09-24 21:36:30.762] [SFX] {"sound": "civ_move_2", "volume": 0.2}
[2026-09-24 21:36:30.791] [SFX] {"sound": "civ_move_2", "volume": 0.27}
[2026-09-24 21:36:30.814] [SFX] {"sound": "civ_move_2", "volume": 0.26}
[2026-09-24 21:36:30.814] [SFX] {"sound": "civ_move_1", "volume": 0.03}
[2026-09-24 21:36:30.840] [SFX] {"sound": "guardian_move", "volume": 0.07}
[2026-09-24 21:36:30.873] [M] {"button": 1, "pos": [326, 149], "ui_clicked": false}
[2026-09-24 21:36:30.923] [SFX] {"sound": "civ_move_1", "volume": 0.21}
[2026-09-24 21:36:30.946] [SFX] {"sound": "civ_move_1", "volume": 0.1}
[2026-09-24 21:36:30.947] [SFX] {"sound": "civ_move_1", "volume": 0.16}
[2026-09-24 21:36:31.025] [SFX] {"sound": "civ_move_2", "volume": 0.19}
[2026-09-24 21:36:31.075] [SFX] {"sound": "guardian_move", "volume": 0.14}
[2026-09-24 21:36:31.076] [SFX] {"sound": "civ_move_1", "volume": 0.03}
[2026-09-24 21:36:31.141] [SFX] {"sound": "civ_move_2", "volume": 0.14}
[2026-09-24 21:36:31.163] [SFX] {"sound": "civ_move_2", "volume": 0.21}
[2026-09-24 21:36:31.206] [SFX] {"sound": "civ_move_2", "volume": 0.27}
[2026-09-24 21:36:31.228] [SFX] {"sound": "civ_move_2", "volume": 0.25}
[2026-09-24 21:36:31.228] [SFX] {"sound": "civ_move_1", "volume": 0.01}
[2026-09-24 21:36:31.271] [SFX] {"sound": "guardian_move", "volume": 0.14}
[2026-09-24 21:36:31.325] [SFX] {"sound": "civ_move_1", "volume": 0.21}
[2026-09-24 21:36:31.348] [SFX] {"sound": "civ_move_1", "volume": 0.11}
[2026-09-24 21:36:31.349] [SFX] {"sound": "civ_move_1", "volume": 0.17}
[2026-09-24 21:36:31.425] [SFX] {"sound": "civ_move_2", "volume": 0.2}
[2026-09-24 21:36:31.446] [SFX] {"sound": "guardian_move", "volume": 0.1}
[2026-09-24 21:36:31.490] [SFX] {"sound": "civ_move_1", "volume": 0.05}
[2026-09-24 21:36:31.557] [SFX] {"sound": "civ_move_2", "volume": 0.22}
[2026-09-24 21:36:31.558] [SFX] {"sound": "civ_move_2", "volume": 0.13}
[2026-09-24 21:36:31.606] [SFX] {"sound": "civ_move_2", "volume": 0.26}
[2026-09-24 21:36:31.628] [SFX] {"sound": "civ_move_2", "volume": 0.24}
[2026-09-24 21:36:31.628] [SFX] {"sound": "civ_move_1", "volume": 0.0}
[2026-09-24 21:36:31.688] [SFX] {"sound": "guardian_move", "volume": 0.12}
[2026-09-24 21:36:31.721] [M] {"button": 1, "pos": [295, 145], "ui_clicked": false}
[2026-09-24 21:36:31.729] [P] {"start": [158, 35], "goal": [154, 30], "length": 4, "is_direction_change": false}
[2026-09-24 21:36:31.730] [SFX] {"sound": "click_target", "volume": 0.87}
[2026-09-24 21:36:31.749] [SFX] {"sound": "civ_move_1", "volume": 0.22}
[2026-09-24 21:36:31.762] [SFX] {"sound": "player_move", "volume": 0.4}
[2026-09-24 21:36:31.762] [SFX] {"sound": "civ_move_1", "volume": 0.11}
[2026-09-24 21:36:31.763] [SFX] {"sound": "civ_move_1", "volume": 0.18}
[2026-09-24 21:36:31.825] [SFX] {"sound": "civ_move_2", "volume": 0.22}
[2026-09-24 21:36:31.873] [SFX] {"sound": "guardian_move", "volume": 0.12}
[2026-09-24 21:36:31.908] [SFX] {"sound": "civ_move_1", "volume": 0.06}
[2026-09-24 21:36:31.957] [SFX] {"sound": "civ_move_2", "volume": 0.23}
[2026-09-24 21:36:31.958] [SFX] {"sound": "civ_move_2", "volume": 0.11}
[2026-09-24 21:36:32.007] [SFX] {"sound": "civ_move_2", "volume": 0.27}
[2026-09-24 21:36:32.029] [SFX] {"sound": "civ_move_2", "volume": 0.25}
[2026-09-24 21:36:32.030] [SFX] {"sound": "civ_move_1", "volume": 0.01}
[2026-09-24 21:36:32.055] [SFX] {"sound": "guardian_move", "volume": 0.16}
[2026-09-24 21:36:32.079] [SFX] {"sound": "player_move", "volume": 0.4}
[2026-09-24 21:36:32.105] [C] {"civ_pos": [164, 32]}
[2026-09-24 21:36:32.152] [SFX] {"sound": "civ_move_1", "volume": 0.22}
[2026-09-24 21:36:32.175] [SFX] {"sound": "civ_move_1", "volume": 0.11}
[2026-09-24 21:36:32.176] [SFX] {"sound": "civ_move_1", "volume": 0.15}
[2026-09-24 21:36:32.234] [SFX] {"sound": "civ_move_2", "volume": 0.19}
[2026-09-24 21:36:32.299] [SFX] {"sound": "guardian_move", "volume": 0.18}
[2026-09-24 21:36:32.324] [SFX] {"sound": "civ_move_1", "volume": 0.01}
[2026-09-24 21:36:32.366] [SFX] {"sound": "civ_move_2", "volume": 0.18}
[2026-09-24 21:36:32.366] [SFX] {"sound": "civ_move_2", "volume": 0.03}
[2026-09-24 21:36:32.388] [SFX] {"sound": "player_move", "volume": 0.4}
[2026-09-24 21:36:32.415] [SFX] {"sound": "civ_move_2", "volume": 0.28}
[2026-09-24 21:36:32.437] [SFX] {"sound": "civ_move_2", "volume": 0.3}
[2026-09-24 21:36:32.438] [SFX] {"sound": "civ_move_1", "volume": 0.06}
[2026-09-24 21:36:32.561] [SFX] {"sound": "civ_move_1", "volume": 0.17}
[2026-09-24 21:36:32.583] [SFX] {"sound": "civ_move_1", "volume": 0.09}
[2026-09-24 21:36:32.583] [SFX] {"sound": "civ_move_1", "volume": 0.1}
[2026-09-24 21:36:32.645] [SFX] {"sound": "civ_move_2", "volume": 0.14}
[2026-09-24 21:36:32.666] [SFX] {"sound": "guardian_move", "volume": 0.3}
[2026-09-24 21:36:32.694] [SFX] {"sound": "player_move", "volume": 0.4}
[2026-09-24 21:36:32.778] [SFX] {"sound": "civ_move_2", "volume": 0.13}
[2026-09-24 21:36:32.828] [SFX] {"sound": "civ_move_1", "volume": 0.05}
[2026-09-24 21:36:32.829] [SFX] {"sound": "civ_move_2", "volume": 0.23}
[2026-09-24 21:36:32.851] [SFX] {"sound": "civ_move_2", "volume": 0.25}
[2026-09-24 21:36:32.851] [SFX] {"sound": "civ_move_1", "volume": 0.11}
[2026-09-24 21:36:32.911] [SFX] {"sound": "guardian_move", "volume": 0.28}
[2026-09-24 21:36:32.961] [SFX] {"sound": "civ_move_1", "volume": 0.13}
[2026-09-24 21:36:32.982] [SFX] {"sound": "civ_move_1", "volume": 0.07}
[2026-09-24 21:36:32.983] [SFX] {"sound": "civ_move_1", "volume": 0.06}
[2026-09-24 21:36:32.983] [SFX] {"sound": "threat_pulse", "volume": 0.3}
[2026-09-24 21:36:32.999] [SFX] {"sound": "player_move", "volume": 0.4}
[2026-09-24 21:36:33.043] [SFX] {"sound": "civ_move_2", "volume": 0.02}
[2026-09-24 21:36:33.066] [SFX] {"sound": "civ_move_2", "volume": 0.09}
[2026-09-24 21:36:33.193] [SFX] {"sound": "civ_move_2", "volume": 0.08}
[2026-09-24 21:36:33.243] [SFX] {"sound": "civ_move_1", "volume": 0.09}
[2026-09-24 21:36:33.244] [SFX] {"sound": "civ_move_2", "volume": 0.18}
[2026-09-24 21:36:33.265] [SFX] {"sound": "civ_move_2", "volume": 0.2}
[2026-09-24 21:36:33.265] [SFX] {"sound": "civ_move_1", "volume": 0.18}
[2026-09-24 21:36:33.282] [SFX] {"sound": "guardian_move", "volume": 0.36}
[2026-09-24 21:36:33.299] [SFX] {"sound": "player_move", "volume": 0.4}
[2026-09-24 21:36:33.361] [SFX] {"sound": "civ_move_1", "volume": 0.08}
[2026-09-24 21:36:33.387] [SFX] {"sound": "civ_move_1", "volume": 0.03}
[2026-09-24 21:36:33.387] [SFX] {"sound": "civ_move_1", "volume": 0.01}
[2026-09-24 21:36:33.447] [SFX] {"sound": "civ_move_2", "volume": 0.09}
[2026-09-24 21:36:33.467] [SFX] {"sound": "civ_move_2", "volume": 0.04}
[2026-09-24 21:36:33.513] [SFX] {"sound": "guardian_move", "volume": 0.37}
[2026-09-24 21:36:33.597] [SFX] {"sound": "player_move", "volume": 0.4}
[2026-09-24 21:36:33.598] [SFX] {"sound": "civ_move_2", "volume": 0.03}
[2026-09-24 21:36:33.647] [SFX] {"sound": "civ_move_1", "volume": 0.12}
[2026-09-24 21:36:33.647] [SFX] {"sound": "civ_move_2", "volume": 0.13}
[2026-09-24 21:36:33.671] [SFX] {"sound": "civ_move_2", "volume": 0.15}
[2026-09-24 21:36:33.672] [SFX] {"sound": "civ_move_1", "volume": 0.25}
[2026-09-24 21:36:33.764] [SFX] {"sound": "civ_move_1", "volume": 0.03}
[2026-09-24 21:36:33.832] [SFX] {"sound": "civ_move_2", "volume": 0.05}
[2026-09-24 21:36:33.854] [SFX] {"sound": "civ_move_2", "volume": 0.16}
[2026-09-24 21:36:33.881] [SFX] {"sound": "guardian_move", "volume": 0.27}
[2026-09-24 21:36:33.882] [SFX] {"sound": "threat_pulse", "volume": 0.32}
[2026-09-24 21:36:33.903] [SFX] {"sound": "player_move", "volume": 0.4}
[2026-09-24 21:36:33.903] [SFX] {"sound": "guardian_move", "volume": 0.05}
[2026-09-24 21:36:33.998] [SFX] {"sound": "civ_move_1", "volume": 0.0}
[2026-09-24 21:36:34.062] [SFX] {"sound": "civ_move_1", "volume": 0.14}
[2026-09-24 21:36:34.063] [SFX] {"sound": "civ_move_2", "volume": 0.08}
[2026-09-24 21:36:34.086] [SFX] {"sound": "civ_move_2", "volume": 0.1}
[2026-09-24 21:36:34.087] [SFX] {"sound": "civ_move_1", "volume": 0.28}
[2026-09-24 21:36:34.113] [SFX] {"sound": "guardian_move", "volume": 0.33}
[2026-09-24 21:36:34.199] [SFX] {"sound": "player_move", "volume": 0.4}
[2026-09-24 21:36:34.232] [SFX] {"sound": "civ_move_2", "volume": 0.1}
[2026-09-24 21:36:34.254] [SFX] {"sound": "civ_move_2", "volume": 0.2}
[2026-09-24 21:36:34.400] [SFX] {"sound": "civ_move_2", "volume": 0.01}
[2026-09-24 21:36:34.467] [SFX] {"sound": "civ_move_1", "volume": 0.11}
[2026-09-24 21:36:34.468] [SFX] {"sound": "civ_move_2", "volume": 0.11}
[2026-09-24 21:36:34.490] [SFX] {"sound": "guardian_move", "volume": 0.32}
[2026-09-24 21:36:34.491] [SFX] {"sound": "civ_move_2", "volume": 0.13}
[2026-09-24 21:36:34.492] [SFX] {"sound": "civ_move_1", "volume": 0.22}
[2026-09-24 21:36:34.507] [SFX] {"sound": "player_move", "volume": 0.4}
[2026-09-24 21:36:34.508] [SFX] {"sound": "guardian_move", "volume": 0.05}
[2026-09-24 21:36:34.564] [SFX] {"sound": "civ_move_1", "volume": 0.07}
[2026-09-24 21:36:34.597] [SFX] {"sound": "civ_move_1", "volume": 0.01}
[2026-09-24 21:36:34.597] [SFX] {"sound": "civ_move_1", "volume": 0.0}
[2026-09-24 21:36:34.645] [SFX] {"sound": "civ_move_2", "volume": 0.05}
[2026-09-24 21:36:34.666] [SFX] {"sound": "civ_move_2", "volume": 0.15}
[2026-09-24 21:36:34.684] [SFX] {"sound": "civ_move_2", "volume": 0.06}
[2026-09-24 21:36:34.744] [SFX] {"sound": "guardian_move", "volume": 0.35}
[2026-09-24 21:36:34.792] [SFX] {"sound": "threat_pulse", "volume": 0.33}
[2026-09-24 21:36:34.814] [SFX] {"sound": "player_move", "volume": 0.4}
[2026-09-24 21:36:34.814] [SFX] {"sound": "civ_move_2", "volume": 0.08}
[2026-09-24 21:36:34.875] [SFX] {"sound": "civ_move_1", "volume": 0.07}
[2026-09-24 21:36:34.876] [SFX] {"sound": "civ_move_2", "volume": 0.16}
[2026-09-24 21:36:34.897] [SFX] {"sound": "civ_move_2", "volume": 0.19}
[2026-09-24 21:36:34.898] [SFX] {"sound": "civ_move_1", "volume": 0.18}
[2026-09-24 21:36:34.977] [SFX] {"sound": "civ_move_1", "volume": 0.14}
[2026-09-24 21:36:35.009] [SFX] {"sound": "civ_move_1", "volume": 0.06}
[2026-09-24 21:36:35.010] [SFX] {"sound": "civ_move_1", "volume": 0.08}
[2026-09-24 21:36:35.074] [SFX] {"sound": "civ_move_2", "volume": 0.1}
[2026-09-24 21:36:35.097] [SFX] {"sound": "guardian_move", "volume": 0.35}
[2026-09-24 21:36:35.098] [SFX] {"sound": "civ_move_2", "volume": 0.14}
[2026-09-24 21:36:35.113] [SFX] {"sound": "guardian_move", "volume": 0.01}
[2026-09-24 21:36:35.130] [SFX] {"sound": "player_move", "volume": 0.4}
[2026-09-24 21:36:35.224] [SFX] {"sound": "civ_move_2", "volume": 0.16}
[2026-09-24 21:36:35.258] [C] {"civ_pos": [180, 32]}
[2026-09-24 21:36:35.299] [JACK] Diese Nodes wandern völlig ahnungslos durch das Grid.
[2026-09-24 21:36:35.311] [SFX] {"sound": "civ_move_2", "volume": 0.23}
[2026-09-24 21:36:35.311] [SFX] {"sound": "civ_move_1", "volume": 0.03}
[2026-09-24 21:36:35.312] [SFX] {"sound": "civ_move_2", "volume": 0.22}
[2026-09-24 21:36:35.313] [SFX] {"sound": "civ_move_1", "volume": 0.14}
[2026-09-24 21:36:35.355] [SFX] {"sound": "guardian_move", "volume": 0.25}
[2026-09-24 21:36:35.390] [SFX] {"sound": "civ_move_1", "volume": 0.21}
[2026-09-24 21:36:35.424] [SFX] {"sound": "civ_move_1", "volume": 0.11}
[2026-09-24 21:36:35.424] [SFX] {"sound": "civ_move_1", "volume": 0.15}
[2026-09-24 21:36:35.446] [SFX] {"sound": "player_move", "volume": 0.4}
[2026-09-24 21:36:35.475] [SFX] {"sound": "civ_move_2", "volume": 0.05}
[2026-09-24 21:36:35.497] [SFX] {"sound": "civ_move_2", "volume": 0.21}
[2026-09-24 21:36:35.590] [SFX] {"sound": "civ_move_1", "volume": 0.05}
[2026-09-24 21:36:35.654] [SFX] {"sound": "civ_move_2", "volume": 0.23}
[2026-09-24 21:36:35.694] [SFX] {"sound": "guardian_move", "volume": 0.26}
[2026-09-24 21:36:35.695] [SFX] {"sound": "threat_pulse", "volume": 0.31}
[2026-09-24 21:36:35.717] [SFX] {"sound": "civ_move_2", "volume": 0.17}
[2026-09-24 21:36:35.718] [SFX] {"sound": "civ_move_2", "volume": 0.19}
[2026-09-24 21:36:35.719] [SFX] {"sound": "civ_move_1", "volume": 0.09}
[2026-09-24 21:36:35.744] [SFX] {"sound": "player_move", "volume": 0.4}
[2026-09-24 21:36:35.796] [SFX] {"sound": "civ_move_1", "volume": 0.27}
[2026-09-24 21:36:35.829] [SFX] {"sound": "civ_move_1", "volume": 0.16}
[2026-09-24 21:36:35.830] [SFX] {"sound": "civ_move_1", "volume": 0.22}
[2026-09-24 21:36:35.877] [SFX] {"sound": "civ_move_2", "volume": 0.0}
[2026-09-24 21:36:35.901] [SFX] {"sound": "civ_move_2", "volume": 0.27}
[2026-09-24 21:36:35.977] [SFX] {"sound": "guardian_move", "volume": 0.15}
[2026-09-24 21:36:36.000] [SFX] {"sound": "civ_move_1", "volume": 0.13}
[2026-09-24 21:36:36.044] [SFX] {"sound": "player_move", "volume": 0.4}
[2026-09-24 21:36:36.045] [SFX] {"sound": "civ_move_2", "volume": 0.29}
[2026-09-24 21:36:36.046] [SFX] {"sound": "civ_move_2", "volume": 0.01}
[2026-09-24 21:36:36.112] [SFX] {"sound": "civ_move_2", "volume": 0.12}
[2026-09-24 21:36:36.113] [SFX] {"sound": "civ_move_2", "volume": 0.14}
[2026-09-24 21:36:36.135] [SFX] {"sound": "civ_move_1", "volume": 0.04}
[2026-09-24 21:36:36.196] [SFX] {"sound": "civ_move_1", "volume": 0.23}
[2026-09-24 21:36:36.229] [SFX] {"sound": "civ_move_1", "volume": 0.19}
[2026-09-24 21:36:36.230] [SFX] {"sound": "civ_move_1", "volume": 0.29}
[2026-09-24 21:36:36.296] [SFX] {"sound": "civ_move_2", "volume": 0.23}
[2026-09-24 21:36:36.318] [SFX] {"sound": "guardian_move", "volume": 0.16}
[2026-09-24 21:36:36.347] [SFX] {"sound": "player_move", "volume": 0.4}
[2026-09-24 21:36:36.394] [SFX] {"sound": "civ_move_1", "volume": 0.2}
[2026-09-24 21:36:36.459] [SFX] {"sound": "civ_move_2", "volume": 0.22}
[2026-09-24 21:36:36.460] [SFX] {"sound": "civ_move_2", "volume": 0.08}
[2026-09-24 21:36:36.525] [SFX] {"sound": "civ_move_2", "volume": 0.06}
[2026-09-24 21:36:36.525] [SFX] {"sound": "civ_move_2", "volume": 0.08}
[2026-09-24 21:36:36.589] [SFX] {"sound": "guardian_move", "volume": 0.06}
[2026-09-24 21:36:36.615] [SFX] {"sound": "civ_move_1", "volume": 0.16}
[2026-09-24 21:36:36.642] [SFX] {"sound": "civ_move_1", "volume": 0.2}
[2026-09-24 21:36:36.643] [SFX] {"sound": "civ_move_1", "volume": 0.25}
[2026-09-24 21:36:36.707] [SFX] {"sound": "civ_move_2", "volume": 0.18}
[2026-09-24 21:36:36.807] [SFX] {"sound": "civ_move_1", "volume": 0.24}
[2026-09-24 21:36:36.874] [SFX] {"sound": "civ_move_2", "volume": 0.19}
[2026-09-24 21:36:36.875] [SFX] {"sound": "civ_move_2", "volume": 0.0}
[2026-09-24 21:36:36.876] [SFX] {"sound": "civ_move_2", "volume": 0.12}
[2026-09-24 21:36:36.926] [SFX] {"sound": "guardian_move", "volume": 0.13}
[2026-09-24 21:36:36.927] [SFX] {"sound": "civ_move_2", "volume": 0.04}
[2026-09-24 21:36:36.928] [SFX] {"sound": "civ_move_2", "volume": 0.06}
[2026-09-24 21:36:37.010] [SFX] {"sound": "civ_move_1", "volume": 0.15}
[2026-09-24 21:36:37.042] [SFX] {"sound": "civ_move_1", "volume": 0.21}
[2026-09-24 21:36:37.043] [SFX] {"sound": "civ_move_1", "volume": 0.23}
[2026-09-24 21:36:37.108] [SFX] {"sound": "civ_move_2", "volume": 0.17}
[2026-09-24 21:36:37.191] [SFX] {"sound": "guardian_move", "volume": 0.08}
[2026-09-24 21:36:37.223] [SFX] {"sound": "civ_move_1", "volume": 0.25}
[2026-09-24 21:36:37.288] [SFX] {"sound": "civ_move_2", "volume": 0.18}
[2026-09-24 21:36:37.289] [SFX] {"sound": "civ_move_2", "volume": 0.13}
[2026-09-24 21:36:37.338] [SFX] {"sound": "civ_move_2", "volume": 0.03}
[2026-09-24 21:36:37.339] [SFX] {"sound": "civ_move_2", "volume": 0.05}
[2026-09-24 21:36:37.422] [SFX] {"sound": "civ_move_1", "volume": 0.14}
[2026-09-24 21:36:37.455] [SFX] {"sound": "civ_move_1", "volume": 0.21}
[2026-09-24 21:36:37.456] [SFX] {"sound": "civ_move_1", "volume": 0.22}
[2026-09-24 21:36:37.522] [SFX] {"sound": "civ_move_2", "volume": 0.16}
[2026-09-24 21:36:37.544] [SFX] {"sound": "guardian_move", "volume": 0.15}
[2026-09-24 21:36:37.638] [SFX] {"sound": "civ_move_1", "volume": 0.26}
[2026-09-24 21:36:37.703] [SFX] {"sound": "civ_move_2", "volume": 0.16}
[2026-09-24 21:36:37.704] [SFX] {"sound": "civ_move_2", "volume": 0.14}
[2026-09-24 21:36:37.752] [SFX] {"sound": "civ_move_2", "volume": 0.02}
[2026-09-24 21:36:37.752] [SFX] {"sound": "civ_move_2", "volume": 0.04}
[2026-09-24 21:36:37.801] [SFX] {"sound": "guardian_move", "volume": 0.1}
[2026-09-24 21:36:37.834] [M] {"button": 1, "pos": [378, 180], "ui_clicked": false}
[2026-09-24 21:36:37.844] [SFX] {"sound": "civ_move_1", "volume": 0.13}
[2026-09-24 21:36:37.844] [P] {"start": [154, 30], "goal": [161, 30], "length": 1, "is_direction_change": false}
[2026-09-24 21:36:37.845] [SFX] {"sound": "click_target", "volume": 0.65}
[2026-09-24 21:36:37.867] [SFX] {"sound": "civ_move_1", "volume": 0.21}
[2026-09-24 21:36:37.889] [SFX] {"sound": "player_move", "volume": 0.4}
[2026-09-24 21:36:37.934] [SFX] {"sound": "civ_move_2", "volume": 0.16}
[2026-09-24 21:36:38.050] [SFX] {"sound": "civ_move_1", "volume": 0.24}
[2026-09-24 21:36:38.114] [SFX] {"sound": "civ_move_2", "volume": 0.19}
[2026-09-24 21:36:38.115] [SFX] {"sound": "civ_move_2", "volume": 0.12}
[2026-09-24 21:36:38.147] [SFX] {"sound": "guardian_move", "volume": 0.24}
[2026-09-24 21:36:38.169] [SFX] {"sound": "civ_move_2", "volume": 0.05}
[2026-09-24 21:36:38.170] [SFX] {"sound": "civ_move_2", "volume": 0.06}
[2026-09-24 21:36:38.197] [SFX] {"sound": "player_move", "volume": 0.4}
[2026-09-24 21:36:38.198] [C] {"civ_pos": [160, 32]}
[2026-09-24 21:36:38.250] [SFX] {"sound": "civ_move_1", "volume": 0.17}
[2026-09-24 21:36:38.272] [SFX] {"sound": "civ_move_1", "volume": 0.23}
[2026-09-24 21:36:38.273] [SFX] {"sound": "civ_move_1", "volume": 0.25}
[2026-09-24 21:36:38.350] [SFX] {"sound": "civ_move_2", "volume": 0.19}
[2026-09-24 21:36:38.401] [SFX] {"sound": "guardian_move", "volume": 0.2}
[2026-09-24 21:36:38.451] [SFX] {"sound": "civ_move_1", "volume": 0.23}
[2026-09-24 21:36:38.516] [SFX] {"sound": "civ_move_2", "volume": 0.19}
[2026-09-24 21:36:38.517] [SFX] {"sound": "civ_move_2", "volume": 0.11}
[2026-09-24 21:36:38.567] [SFX] {"sound": "civ_move_2", "volume": 0.04}
[2026-09-24 21:36:38.567] [SFX] {"sound": "civ_move_2", "volume": 0.06}
[2026-09-24 21:36:38.682] [SFX] {"sound": "civ_move_1", "volume": 0.16}
[2026-09-24 21:36:38.683] [SFX] {"sound": "civ_move_1", "volume": 0.22}
[2026-09-24 21:36:38.684] [SFX] {"sound": "civ_move_1", "volume": 0.24}
[2026-09-24 21:36:38.750] [SFX] {"sound": "guardian_move", "volume": 0.27}
[2026-09-24 21:36:38.772] [SFX] {"sound": "civ_move_2", "volume": 0.17}
[2026-09-24 21:36:38.864] [SFX] {"sound": "civ_move_1", "volume": 0.25}
[2026-09-24 21:36:38.931] [SFX] {"sound": "civ_move_2", "volume": 0.18}
[2026-09-24 21:36:38.932] [SFX] {"sound": "civ_move_2", "volume": 0.13}
[2026-09-24 21:36:38.981] [SFX] {"sound": "civ_move_2", "volume": 0.03}
[2026-09-24 21:36:38.982] [SFX] {"sound": "civ_move_2", "volume": 0.05}
[2026-09-24 21:36:39.014] [SFX] {"sound": "guardian_move", "volume": 0.22}
[2026-09-24 21:36:39.097] [SFX] {"sound": "civ_move_1", "volume": 0.17}
[2026-09-24 21:36:39.098] [SFX] {"sound": "civ_move_1", "volume": 0.22}
[2026-09-24 21:36:39.179] [SFX] {"sound": "civ_move_2", "volume": 0.16}
[2026-09-24 21:36:39.279] [SFX] {"sound": "civ_move_1", "volume": 0.26}
[2026-09-24 21:36:39.346] [SFX] {"sound": "civ_move_2", "volume": 0.17}
[2026-09-24 21:36:39.347] [SFX] {"sound": "civ_move_2", "volume": 0.14}
[2026-09-24 21:36:39.367] [SFX] {"sound": "guardian_move", "volume": 0.3}
[2026-09-24 21:36:39.394] [SFX] {"sound": "civ_move_2", "volume": 0.02}
[2026-09-24 21:36:39.395] [SFX] {"sound": "civ_move_2", "volume": 0.04}
[2026-09-24 21:36:39.512] [SFX] {"sound": "civ_move_1", "volume": 0.18}
[2026-09-24 21:36:39.512] [SFX] {"sound": "civ_move_1", "volume": 0.21}
[2026-09-24 21:36:39.579] [SFX] {"sound": "civ_move_2", "volume": 0.15}
[2026-09-24 21:36:39.629] [SFX] {"sound": "guardian_move", "volume": 0.25}
[2026-09-24 21:36:39.679] [SFX] {"sound": "civ_move_1", "volume": 0.27}
[2026-09-24 21:36:39.744] [SFX] {"sound": "civ_move_2", "volume": 0.16}
[2026-09-24 21:36:39.745] [SFX] {"sound": "civ_move_2", "volume": 0.15}
[2026-09-24 21:36:39.795] [SFX] {"sound": "civ_move_2", "volume": 0.01}
[2026-09-24 21:36:39.796] [SFX] {"sound": "civ_move_2", "volume": 0.03}
[2026-09-24 21:36:39.911] [SFX] {"sound": "civ_move_1", "volume": 0.19}
[2026-09-24 21:36:39.912] [SFX] {"sound": "civ_move_1", "volume": 0.2}
[2026-09-24 21:36:39.962] [SFX] {"sound": "guardian_move", "volume": 0.32}
[2026-09-24 21:36:39.983] [SFX] {"sound": "civ_move_2", "volume": 0.14}
[2026-09-24 21:36:40.092] [SFX] {"sound": "civ_move_1", "volume": 0.28}
[2026-09-24 21:36:40.158] [SFX] {"sound": "civ_move_2", "volume": 0.14}
[2026-09-24 21:36:40.159] [SFX] {"sound": "civ_move_2", "volume": 0.16}
[2026-09-24 21:36:40.209] [SFX] {"sound": "civ_move_2", "volume": 0.0}
[2026-09-24 21:36:40.209] [SFX] {"sound": "civ_move_2", "volume": 0.02}
[2026-09-24 21:36:40.241] [SFX] {"sound": "guardian_move", "volume": 0.27}
[2026-09-24 21:36:40.324] [SFX] {"sound": "civ_move_1", "volume": 0.2}
[2026-09-24 21:36:40.325] [SFX] {"sound": "civ_move_1", "volume": 0.19}
[2026-09-24 21:36:40.391] [SFX] {"sound": "civ_move_2", "volume": 0.13}
[2026-09-24 21:36:40.507] [SFX] {"sound": "civ_move_1", "volume": 0.29}
[2026-09-24 21:36:40.575] [SFX] {"sound": "guardian_move", "volume": 0.35}
[2026-09-24 21:36:40.575] [SFX] {"sound": "civ_move_2", "volume": 0.13}
[2026-09-24 21:36:40.576] [SFX] {"sound": "civ_move_2", "volume": 0.18}
[2026-09-24 21:36:40.624] [SFX] {"sound": "civ_move_2", "volume": 0.01}
[2026-09-24 21:36:40.711] [C] {"civ_pos": [160, 30]}
[2026-09-24 21:36:40.752] [SFX] {"sound": "civ_move_1", "volume": 0.21}
[2026-09-24 21:36:40.754] [SFX] {"sound": "civ_move_1", "volume": 0.18}
[2026-09-24 21:36:40.792] [SFX] {"sound": "civ_move_2", "volume": 0.11}
[2026-09-24 21:36:40.857] [SFX] {"sound": "guardian_move", "volume": 0.3}
[2026-09-24 21:36:40.908] [SFX] {"sound": "civ_move_1", "volume": 0.3}
[2026-09-24 21:36:40.976] [SFX] {"sound": "civ_move_2", "volume": 0.12}
[2026-09-24 21:36:40.977] [SFX] {"sound": "civ_move_2", "volume": 0.19}
[2026-09-24 21:36:41.026] [SFX] {"sound": "civ_move_2", "volume": 0.0}
[2026-09-24 21:36:41.127] [SFX] {"sound": "civ_move_1", "volume": 0.23}
[2026-09-24 21:36:41.128] [SFX] {"sound": "civ_move_1", "volume": 0.17}
[2026-09-24 21:36:41.128] [SFX] {"sound": "civ_move_1", "volume": 0.16}
[2026-09-24 21:36:41.178] [SFX] {"sound": "guardian_move", "volume": 0.37}
[2026-09-24 21:36:41.201] [SFX] {"sound": "civ_move_2", "volume": 0.1}
[2026-09-24 21:36:41.296] [M] {"button": 1, "pos": [301, 180], "ui_clicked": false}
[2026-09-24 21:36:41.303] [P] {"start": [161, 30], "goal": [158, 30], "length": 1, "is_direction_change": false}
[2026-09-24 21:36:41.304] [SFX] {"sound": "click_target", "volume": 0.75}
[2026-09-24 21:36:41.334] [JACK] Sektor sieht ruhig aus. Erstmal Daten-Traces scannen.
[2026-09-24 21:36:41.334] [SFX] {"sound": "civ_move_1", "volume": 0.28}
[2026-09-24 21:36:41.347] [SFX] {"sound": "threat_pulse", "volume": 0.31}
[2026-09-24 21:36:41.391] [SFX] {"sound": "civ_move_2", "volume": 0.09}
[2026-09-24 21:36:41.392] [SFX] {"sound": "civ_move_2", "volume": 0.21}
[2026-09-24 21:36:41.472] [SFX] {"sound": "guardian_move", "volume": 0.29}
[2026-09-24 21:36:41.541] [SFX] {"sound": "civ_move_1", "volume": 0.22}
[2026-09-24 21:36:41.542] [SFX] {"sound": "civ_move_1", "volume": 0.14}
[2026-09-24 21:36:41.543] [SFX] {"sound": "civ_move_1", "volume": 0.13}
[2026-09-24 21:36:41.608] [SFX] {"sound": "civ_move_2", "volume": 0.07}
[2026-09-24 21:36:41.723] [SFX] {"sound": "civ_move_1", "volume": 0.25}
[2026-09-24 21:36:41.789] [SFX] {"sound": "guardian_move", "volume": 0.36}
[2026-09-24 21:36:41.811] [SFX] {"sound": "civ_move_2", "volume": 0.07}
[2026-09-24 21:36:41.811] [SFX] {"sound": "civ_move_2", "volume": 0.23}
[2026-09-24 21:36:41.954] [SFX] {"sound": "civ_move_1", "volume": 0.23}
[2026-09-24 21:36:41.956] [SFX] {"sound": "civ_move_1", "volume": 0.13}
[2026-09-24 21:36:41.957] [SFX] {"sound": "civ_move_1", "volume": 0.12}
[2026-09-24 21:36:42.019] [SFX] {"sound": "civ_move_2", "volume": 0.06}
[2026-09-24 21:36:42.086] [SFX] {"sound": "guardian_move", "volume": 0.31}
[2026-09-24 21:36:42.137] [SFX] {"sound": "civ_move_1", "volume": 0.24}
[2026-09-24 21:36:42.219] [SFX] {"sound": "civ_move_2", "volume": 0.06}
[2026-09-24 21:36:42.220] [SFX] {"sound": "civ_move_2", "volume": 0.25}
[2026-09-24 21:36:42.252] [SFX] {"sound": "threat_pulse", "volume": 0.35}
[2026-09-24 21:36:42.365] [SFX] {"sound": "civ_move_1", "volume": 0.24}
[2026-09-24 21:36:42.366] [SFX] {"sound": "civ_move_1", "volume": 0.12}
[2026-09-24 21:36:42.367] [SFX] {"sound": "civ_move_1", "volume": 0.1}
[2026-09-24 21:36:42.398] [SFX] {"sound": "guardian_move", "volume": 0.39}
[2026-09-24 21:36:42.432] [SFX] {"sound": "civ_move_2", "volume": 0.04}
[2026-09-24 21:36:42.549] [SFX] {"sound": "civ_move_1", "volume": 0.23}
[2026-09-24 21:36:42.632] [SFX] {"sound": "civ_move_2", "volume": 0.05}
[2026-09-24 21:36:42.633] [SFX] {"sound": "civ_move_2", "volume": 0.26}
[2026-09-24 21:36:42.698] [SFX] {"sound": "guardian_move", "volume": 0.34}
[2026-09-24 21:36:42.765] [SFX] {"sound": "civ_move_1", "volume": 0.25}
[2026-09-24 21:36:42.766] [SFX] {"sound": "civ_move_1", "volume": 0.11}
[2026-09-24 21:36:42.767] [SFX] {"sound": "civ_move_1", "volume": 0.09}
[2026-09-24 21:36:42.847] [SFX] {"sound": "civ_move_2", "volume": 0.03}
[2026-09-24 21:36:42.963] [SFX] {"sound": "civ_move_1", "volume": 0.21}
[2026-09-24 21:36:43.029] [SFX] {"sound": "guardian_move", "volume": 0.39}
[2026-09-24 21:36:43.052] [SFX] {"sound": "civ_move_2", "volume": 0.03}
[2026-09-24 21:36:43.052] [SFX] {"sound": "civ_move_2", "volume": 0.27}
[2026-09-24 21:36:43.095] [SFX] {"sound": "civ_move_2", "volume": 0.01}
[2026-09-24 21:36:43.162] [SFX] {"sound": "threat_pulse", "volume": 0.39}
[2026-09-24 21:36:43.186] [SFX] {"sound": "civ_move_1", "volume": 0.26}
[2026-09-24 21:36:43.186] [SFX] {"sound": "civ_move_1", "volume": 0.11}
[2026-09-24 21:36:43.187] [SFX] {"sound": "civ_move_1", "volume": 0.08}
[2026-09-24 21:36:43.262] [SFX] {"sound": "civ_move_2", "volume": 0.02}
[2026-09-24 21:36:43.311] [SFX] {"sound": "guardian_move", "volume": 0.36}
[2026-09-24 21:36:43.379] [SFX] {"sound": "civ_move_1", "volume": 0.2}
[2026-09-24 21:36:43.446] [SFX] {"sound": "civ_move_2", "volume": 0.02}
[2026-09-24 21:36:43.447] [SFX] {"sound": "civ_move_2", "volume": 0.28}
[2026-09-24 21:36:43.469] [C] {"civ_pos": [156, 30]}
[2026-09-24 21:36:43.514] [SFX] {"sound": "civ_move_2", "volume": 0.01}
[2026-09-24 21:36:43.515] [SFX] {"sound": "civ_move_2", "volume": 0.02}
[2026-09-24 21:36:43.580] [SFX] {"sound": "civ_move_1", "volume": 0.27}
[2026-09-24 21:36:43.581] [SFX] {"sound": "civ_move_1", "volume": 0.1}
[2026-09-24 21:36:43.581] [SFX] {"sound": "civ_move_1", "volume": 0.07}
[2026-09-24 21:36:43.647] [SFX] {"sound": "guardian_move", "volume": 0.4}
[2026-09-24 21:36:43.668] [SFX] {"sound": "civ_move_2", "volume": 0.01}
[2026-09-24 21:36:43.780] [SFX] {"sound": "civ_move_1", "volume": 0.19}
[2026-09-24 21:36:43.863] [SFX] {"sound": "civ_move_2", "volume": 0.01}
[2026-09-24 21:36:43.864] [SFX] {"sound": "civ_move_2", "volume": 0.3}
[2026-09-24 21:36:43.913] [SFX] {"sound": "guardian_move", "volume": 0.39}
[2026-09-24 21:36:43.935] [SFX] {"sound": "civ_move_2", "volume": 0.02}
[2026-09-24 21:36:43.936] [SFX] {"sound": "civ_move_2", "volume": 0.03}
[2026-09-24 21:36:43.962] [SFX] {"sound": "threat_pulse", "volume": 0.43}
[2026-09-24 21:36:43.995] [SFX] {"sound": "civ_move_1", "volume": 0.27}
[2026-09-24 21:36:43.996] [SFX] {"sound": "civ_move_1", "volume": 0.09}
[2026-09-24 21:36:43.997] [SFX] {"sound": "civ_move_1", "volume": 0.06}
[2026-09-24 21:36:44.194] [SFX] {"sound": "civ_move_1", "volume": 0.18}
[2026-09-24 21:36:44.278] [SFX] {"sound": "guardian_move", "volume": 0.4}
[2026-09-24 21:36:44.279] [SFX] {"sound": "civ_move_2", "volume": 0.3}
[2026-09-24 21:36:44.329] [SFX] {"sound": "civ_move_2", "volume": 0.03}
[2026-09-24 21:36:44.330] [SFX] {"sound": "civ_move_2", "volume": 0.04}
[2026-09-24 21:36:44.397] [SFX] {"sound": "civ_move_1", "volume": 0.27}
[2026-09-24 21:36:44.398] [SFX] {"sound": "civ_move_1", "volume": 0.08}
[2026-09-24 21:36:44.398] [SFX] {"sound": "civ_move_1", "volume": 0.04}
[2026-09-24 21:36:44.533] [SFX] {"sound": "guardian_move", "volume": 0.39}
[2026-09-24 21:36:44.601] [SFX] {"sound": "civ_move_1", "volume": 0.17}
[2026-09-24 21:36:44.669] [SFX] {"sound": "threat_pulse", "volume": 0.46}
[2026-09-24 21:36:44.691] [SFX] {"sound": "civ_move_2", "volume": 0.29}
[2026-09-24 21:36:44.735] [SFX] {"sound": "civ_move_2", "volume": 0.05}
[2026-09-24 21:36:44.800] [SFX] {"sound": "civ_move_1", "volume": 0.26}
[2026-09-24 21:36:44.801] [SFX] {"sound": "civ_move_1", "volume": 0.07}
[2026-09-24 21:36:44.801] [SFX] {"sound": "civ_move_1", "volume": 0.03}
[2026-09-24 21:36:44.917] [SFX] {"sound": "guardian_move", "volume": 0.4}
[2026-09-24 21:36:45.002] [SFX] {"sound": "civ_move_1", "volume": 0.15}
[2026-09-24 21:36:45.102] [SFX] {"sound": "civ_move_2", "volume": 0.27}
[2026-09-24 21:36:45.150] [SFX] {"sound": "civ_move_2", "volume": 0.06}
[2026-09-24 21:36:45.151] [SFX] {"sound": "civ_move_2", "volume": 0.07}
[2026-09-24 21:36:45.173] [SFX] {"sound": "guardian_move", "volume": 0.4}
[2026-09-24 21:36:45.200] [SFX] {"sound": "civ_move_1", "volume": 0.26}
[2026-09-24 21:36:45.201] [SFX] {"sound": "civ_move_1", "volume": 0.06}
[2026-09-24 21:36:45.202] [SFX] {"sound": "civ_move_1", "volume": 0.02}
[2026-09-24 21:36:45.284] [SFX] {"sound": "threat_pulse", "volume": 0.49}
[2026-09-24 21:36:45.414] [SFX] {"sound": "civ_move_1", "volume": 0.14}
[2026-09-24 21:36:45.464] [SFX] {"sound": "guardian_move", "volume": 0.02}
[2026-09-24 21:36:45.516] [SFX] {"sound": "civ_move_2", "volume": 0.26}
[2026-09-24 21:36:45.548] [SFX] {"sound": "guardian_move", "volume": 0.39}
[2026-09-24 21:36:45.569] [SFX] {"sound": "civ_move_2", "volume": 0.07}
[2026-09-24 21:36:45.569] [SFX] {"sound": "civ_move_2", "volume": 0.08}
[2026-09-24 21:36:45.612] [SFX] {"sound": "civ_move_1", "volume": 0.25}
[2026-09-24 21:36:45.613] [SFX] {"sound": "civ_move_1", "volume": 0.05}
[2026-09-24 21:36:45.614] [SFX] {"sound": "civ_move_1", "volume": 0.01}
[2026-09-24 21:36:45.798] [SFX] {"sound": "guardian_move", "volume": 0.4}
[2026-09-24 21:36:45.822] [SFX] {"sound": "civ_move_1", "volume": 0.13}
[2026-09-24 21:36:45.898] [SFX] {"sound": "threat_pulse", "volume": 0.52}
[2026-09-24 21:36:45.919] [SFX] {"sound": "civ_move_2", "volume": 0.25}
[2026-09-24 21:36:45.963] [SFX] {"sound": "civ_move_2", "volume": 0.08}
[2026-09-24 21:36:45.964] [SFX] {"sound": "civ_move_2", "volume": 0.09}
[2026-09-24 21:36:46.013] [SFX] {"sound": "civ_move_1", "volume": 0.24}
[2026-09-24 21:36:46.014] [SFX] {"sound": "civ_move_1", "volume": 0.04}
[2026-09-24 21:36:46.079] [SFX] {"sound": "guardian_move", "volume": 0.04}
[2026-09-24 21:36:46.179] [SFX] {"sound": "guardian_move", "volume": 0.39}
[2026-09-24 21:36:46.227] [SFX] {"sound": "civ_move_1", "volume": 0.12}
[2026-09-24 21:36:46.326] [SFX] {"sound": "civ_move_2", "volume": 0.24}
[2026-09-24 21:36:46.375] [SFX] {"sound": "civ_move_2", "volume": 0.1}
[2026-09-24 21:36:46.409] [SFX] {"sound": "threat_pulse", "volume": 0.55}
[2026-09-24 21:36:46.431] [SFX] {"sound": "civ_move_1", "volume": 0.22}
[2026-09-24 21:36:46.432] [SFX] {"sound": "civ_move_1", "volume": 0.03}
[2026-09-24 21:36:46.449] [SFX] {"sound": "guardian_move", "volume": 0.4}
[2026-09-24 21:36:46.628] [SFX] {"sound": "civ_move_1", "volume": 0.1}
[2026-09-24 21:36:46.691] [SFX] {"sound": "guardian_move", "volume": 0.07}
[2026-09-24 21:36:46.742] [SFX] {"sound": "civ_move_1", "volume": 0.0}
[2026-09-24 21:36:46.743] [SFX] {"sound": "civ_move_2", "volume": 0.22}
[2026-09-24 21:36:46.776] [SFX] {"sound": "civ_move_2", "volume": 0.11}
[2026-09-24 21:36:46.776] [SFX] {"sound": "civ_move_2", "volume": 0.12}
[2026-09-24 21:36:46.809] [SFX] {"sound": "threat_pulse", "volume": 0.57}
[2026-09-24 21:36:46.833] [SFX] {"sound": "guardian_move", "volume": 0.39}
[2026-09-24 21:36:46.834] [SFX] {"sound": "civ_move_1", "volume": 0.21}
[2026-09-24 21:36:46.834] [SFX] {"sound": "civ_move_1", "volume": 0.02}
[2026-09-24 21:36:47.040] [SFX] {"sound": "civ_move_1", "volume": 0.09}
[2026-09-24 21:36:47.073] [SFX] {"sound": "guardian_move", "volume": 0.39}
[2026-09-24 21:36:47.156] [SFX] {"sound": "civ_move_1", "volume": 0.01}
[2026-09-24 21:36:47.157] [SFX] {"sound": "civ_move_2", "volume": 0.21}
[2026-09-24 21:36:47.188] [SFX] {"sound": "civ_move_2", "volume": 0.12}
[2026-09-24 21:36:47.188] [SFX] {"sound": "civ_move_2", "volume": 0.13}
[2026-09-24 21:36:47.221] [SFX] {"sound": "threat_pulse", "volume": 0.59}
[2026-09-24 21:36:47.243] [SFX] {"sound": "civ_move_1", "volume": 0.2}
[2026-09-24 21:36:47.244] [SFX] {"sound": "civ_move_1", "volume": 0.01}
[2026-09-24 21:36:47.305] [SFX] {"sound": "guardian_move", "volume": 0.09}
[2026-09-24 21:36:47.454] [SFX] {"sound": "guardian_move", "volume": 0.4}
[2026-09-24 21:36:47.456] [SFX] {"sound": "civ_move_1", "volume": 0.08}
[2026-09-24 21:36:47.537] [SFX] {"sound": "threat_pulse", "volume": 0.6}
[2026-09-24 21:36:47.572] [SFX] {"sound": "civ_move_1", "volume": 0.03}
[2026-09-24 21:36:47.573] [SFX] {"sound": "civ_move_2", "volume": 0.2}
[2026-09-24 21:36:47.594] [SFX] {"sound": "civ_move_2", "volume": 0.13}
[2026-09-24 21:36:47.595] [SFX] {"sound": "civ_move_2", "volume": 0.14}
[2026-09-24 21:36:47.653] [SFX] {"sound": "civ_move_1", "volume": 0.19}
[2026-09-24 21:36:47.703] [SFX] {"sound": "guardian_move", "volume": 0.39}
[2026-09-24 21:36:47.736] [SFX] {"sound": "civ_move_2", "volume": 0.0}
[2026-09-24 21:36:47.737] [SFX] {"sound": "civ_move_2", "volume": 0.01}
[2026-09-24 21:36:47.850] [SFX] {"sound": "threat_pulse", "volume": 0.62}
[2026-09-24 21:36:47.875] [SFX] {"sound": "civ_move_1", "volume": 0.07}
[2026-09-24 21:36:47.916] [SFX] {"sound": "guardian_move", "volume": 0.11}
[2026-09-24 21:36:47.983] [SFX] {"sound": "civ_move_1", "volume": 0.04}
[2026-09-24 21:36:47.983] [SFX] {"sound": "civ_move_2", "volume": 0.19}
[2026-09-24 21:36:48.006] [SFX] {"sound": "civ_move_2", "volume": 0.14}
[2026-09-24 21:36:48.006] [SFX] {"sound": "civ_move_2", "volume": 0.15}
[2026-09-24 21:36:48.065] [SFX] {"sound": "civ_move_1", "volume": 0.18}
[2026-09-24 21:36:48.097] [SFX] {"sound": "guardian_move", "volume": 0.4}
[2026-09-24 21:36:48.146] [SFX] {"sound": "civ_move_2", "volume": 0.01}
[2026-09-24 21:36:48.147] [SFX] {"sound": "civ_move_2", "volume": 0.02}
[2026-09-24 21:36:48.170] [SFX] {"sound": "threat_pulse", "volume": 0.63}
[2026-09-24 21:36:48.281] [SFX] {"sound": "civ_move_1", "volume": 0.06}
[2026-09-24 21:36:48.346] [SFX] {"sound": "guardian_move", "volume": 0.39}
[2026-09-24 21:36:48.378] [SFX] {"sound": "threat_pulse", "volume": 0.64}
[2026-09-24 21:36:48.400] [SFX] {"sound": "civ_move_1", "volume": 0.05}
[2026-09-24 21:36:48.401] [SFX] {"sound": "civ_move_2", "volume": 0.17}
[2026-09-24 21:36:48.417] [SFX] {"sound": "civ_move_2", "volume": 0.16}
[2026-09-24 21:36:48.417] [SFX] {"sound": "civ_move_2", "volume": 0.17}
[2026-09-24 21:36:48.427] [M] {"button": 1, "pos": [407, 182], "ui_clicked": false}
[2026-09-24 21:36:48.434] [P] {"start": [158, 30], "goal": [168, 30], "length": 1, "is_direction_change": false}
[2026-09-24 21:36:48.435] [SFX] {"sound": "click_target", "volume": 0.58}
[2026-09-24 21:36:48.474] [SFX] {"sound": "civ_move_1", "volume": 0.16}
[2026-09-24 21:36:48.475] [SFX] {"sound": "civ_move_1", "volume": 0.01}
[2026-09-24 21:36:48.523] [SFX] {"sound": "guardian_move", "volume": 0.15}
[2026-09-24 21:36:48.555] [SFX] {"sound": "player_move", "volume": 0.4}
[2026-09-24 21:36:48.556] [SFX] {"sound": "civ_move_2", "volume": 0.03}
[2026-09-24 21:36:48.589] [SFX] {"sound": "threat_pulse", "volume": 0.65}
[2026-09-24 21:36:48.689] [SFX] {"sound": "civ_move_1", "volume": 0.07}
[2026-09-24 21:36:48.712] [SFX] {"sound": "guardian_move", "volume": 0.37}
[2026-09-24 21:36:48.804] [SFX] {"sound": "civ_move_1", "volume": 0.11}
[2026-09-24 21:36:48.805] [SFX] {"sound": "civ_move_2", "volume": 0.21}
[2026-09-24 21:36:48.806] [SFX] {"sound": "threat_pulse", "volume": 0.66}
[2026-09-24 21:36:48.826] [SFX] {"sound": "civ_move_2", "volume": 0.21}
[2026-09-24 21:36:48.827] [SFX] {"sound": "civ_move_2", "volume": 0.23}
[2026-09-24 21:36:48.869] [SFX] {"sound": "player_move", "volume": 0.4}
[2026-09-24 21:36:48.892] [SFX] {"sound": "civ_move_1", "volume": 0.1}
[2026-09-24 21:36:48.893] [SFX] {"sound": "civ_move_1", "volume": 0.02}
[2026-09-24 21:36:48.894] [SFX] {"sound": "civ_move_1", "volume": 0.06}
[2026-09-24 21:36:48.919] [SFX] {"sound": "threat_pulse", "volume": 0.66}
[2026-09-24 21:36:48.952] [SFX] {"sound": "guardian_move", "volume": 0.33}
[2026-09-24 21:36:48.973] [SFX] {"sound": "civ_move_2", "volume": 0.11}
[2026-09-24 21:36:48.974] [SFX] {"sound": "civ_move_2", "volume": 0.09}
[2026-09-24 21:36:49.100] [SFX] {"sound": "civ_move_1", "volume": 0.11}
[2026-09-24 21:36:49.132] [SFX] {"sound": "guardian_move", "volume": 0.26}
[2026-09-24 21:36:49.133] [SFX] {"sound": "threat_pulse", "volume": 0.65}
[2026-09-24 21:36:49.215] [SFX] {"sound": "civ_move_1", "volume": 0.15}
[2026-09-24 21:36:49.216] [SFX] {"sound": "civ_move_2", "volume": 0.22}
[2026-09-24 21:36:49.236] [SFX] {"sound": "civ_move_2", "volume": 0.25}
[2026-09-24 21:36:49.237] [SFX] {"sound": "civ_move_2", "volume": 0.26}
[2026-09-24 21:36:49.295] [M] {"button": 1, "pos": [407, 182], "ui_clicked": false}
[2026-09-24 21:36:49.304] [SFX] {"sound": "civ_move_1", "volume": 0.07}
[2026-09-24 21:36:49.305] [SFX] {"sound": "civ_move_1", "volume": 0.04}
[2026-09-24 21:36:49.306] [SFX] {"sound": "civ_move_1", "volume": 0.08}
[2026-09-24 21:36:49.306] [SFX] {"sound": "click_target", "volume": 0.6}
[2026-09-24 21:36:49.318] [SFX] {"sound": "guardian_move", "volume": 0.33}
[2026-09-24 21:36:49.345] [SFX] {"sound": "threat_pulse", "volume": 0.64}
[2026-09-24 21:36:49.377] [SFX] {"sound": "civ_move_2", "volume": 0.14}
[2026-09-24 21:36:49.378] [SFX] {"sound": "civ_move_2", "volume": 0.12}
[2026-09-24 21:36:49.427] [C] {"civ_pos": [172, 30]}
[2026-09-24 21:36:49.493] [SFX] {"sound": "player_move", "volume": 0.4}
[2026-09-24 21:36:49.515] [SFX] {"sound": "civ_move_1", "volume": 0.13}
[2026-09-24 21:36:49.559] [SFX] {"sound": "threat_pulse", "volume": 0.63}
[2026-09-24 21:36:49.581] [SFX] {"sound": "guardian_move", "volume": 0.29}
[2026-09-24 21:36:49.625] [SFX] {"sound": "civ_move_1", "volume": 0.21}
[2026-09-24 21:36:49.626] [SFX] {"sound": "civ_move_2", "volume": 0.26}
[2026-09-24 21:36:49.648] [SFX] {"sound": "civ_move_2", "volume": 0.27}
[2026-09-24 21:36:49.707] [SFX] {"sound": "civ_move_1", "volume": 0.09}
[2026-09-24 21:36:49.708] [SFX] {"sound": "civ_move_1", "volume": 0.14}
[2026-09-24 21:36:49.740] [SFX] {"sound": "guardian_move", "volume": 0.38}
[2026-09-24 21:36:49.773] [SFX] {"sound": "threat_pulse", "volume": 0.62}
[2026-09-24 21:36:49.796] [SFX] {"sound": "civ_move_2", "volume": 0.21}
[2026-09-24 21:36:49.796] [SFX] {"sound": "civ_move_2", "volume": 0.17}
[2026-09-24 21:36:49.812] [SFX] {"sound": "player_move", "volume": 0.4}
[2026-09-24 21:36:49.916] [SFX] {"sound": "civ_move_1", "volume": 0.17}
[2026-09-24 21:36:49.938] [SFX] {"sound": "guardian_move", "volume": 0.21}
[2026-09-24 21:36:49.982] [SFX] {"sound": "threat_pulse", "volume": 0.64}
[2026-09-24 21:36:50.030] [SFX] {"sound": "civ_move_1", "volume": 0.27}
[2026-09-24 21:36:50.031] [SFX] {"sound": "civ_move_2", "volume": 0.29}
[2026-09-24 21:36:50.056] [SFX] {"sound": "civ_move_2", "volume": 0.22}
[2026-09-24 21:36:50.112] [SFX] {"sound": "player_move", "volume": 0.4}
[2026-09-24 21:36:50.113] [SFX] {"sound": "civ_move_1", "volume": 0.11}
[2026-09-24 21:36:50.113] [SFX] {"sound": "civ_move_1", "volume": 0.18}
[2026-09-24 21:36:50.180] [SFX] {"sound": "guardian_move", "volume": 0.24}
[2026-09-24 21:36:50.204] [SFX] {"sound": "civ_move_2", "volume": 0.25}
[2026-09-24 21:36:50.205] [SFX] {"sound": "civ_move_2", "volume": 0.2}
[2026-09-24 21:36:50.206] [SFX] {"sound": "threat_pulse", "volume": 0.66}
[2026-09-24 21:36:50.315] [SFX] {"sound": "civ_move_1", "volume": 0.17}
[2026-09-24 21:36:50.347] [M] {"button": 1, "pos": [407, 182], "ui_clicked": true}
[2026-09-24 21:36:50.379] [SFX] {"sound": "guardian_move", "volume": 0.39}
[2026-09-24 21:36:50.404] [SFX] {"sound": "threat_pulse", "volume": 0.67}
[2026-09-24 21:36:50.419] [SFX] {"sound": "player_move", "volume": 0.4}
[2026-09-24 21:36:50.446] [SFX] {"sound": "civ_move_1", "volume": 0.29}
[2026-09-24 21:36:50.447] [SFX] {"sound": "civ_move_2", "volume": 0.29}
[2026-09-24 21:36:50.468] [SFX] {"sound": "civ_move_2", "volume": 0.2}
[2026-09-24 21:36:50.469] [SFX] {"sound": "civ_move_2", "volume": 0.19}
[2026-09-24 21:36:50.512] [SFX] {"sound": "threat_pulse", "volume": 0.68}
[2026-09-24 21:36:50.533] [SFX] {"sound": "civ_move_1", "volume": 0.11}
[2026-09-24 21:36:50.534] [SFX] {"sound": "civ_move_1", "volume": 0.2}
[2026-09-24 21:36:50.549] [SFX] {"sound": "guardian_move", "volume": 0.15}
[2026-09-24 21:36:50.609] [SFX] {"sound": "civ_move_2", "volume": 0.01}
[2026-09-24 21:36:50.610] [SFX] {"sound": "civ_move_2", "volume": 0.27}
[2026-09-24 21:36:50.610] [SFX] {"sound": "civ_move_2", "volume": 0.22}
[2026-09-24 21:36:50.631] [SFX] {"sound": "threat_pulse", "volume": 0.69}
[2026-09-24 21:36:50.726] [SFX] {"sound": "player_move", "volume": 0.4}
[2026-09-24 21:36:50.727] [SFX] {"sound": "civ_move_1", "volume": 0.17}
[2026-09-24 21:36:50.727] [SFX] {"sound": "threat_pulse", "volume": 0.7}
[2026-09-24 21:36:50.728] [SFX] {"sound": "alert_trigger", "volume": 1.0}
[2026-09-24 21:36:50.794] [SFX] {"sound": "guardian_move", "volume": 0.24}
[2026-09-24 21:36:50.826] [SFX] {"sound": "threat_pulse", "volume": 0.7}
[2026-09-24 21:36:50.860] [SFX] {"sound": "civ_move_1", "volume": 0.28}
[2026-09-24 21:36:50.861] [SFX] {"sound": "civ_move_2", "volume": 0.29}
[2026-09-24 21:36:50.883] [SFX] {"sound": "civ_move_2", "volume": 0.17}
[2026-09-24 21:36:50.925] [SFX] {"sound": "game_over", "volume": 1.0}
