[2026-09-25 19:33:08.258] [S] {"sid": "20260925_193308", "sys_t": "2026-09-25T19:33:08.257607"}
[2026-09-25 19:33:08.259] [SFX] {"sound": "hack_success", "volume": 0.8}
[2026-09-25 19:33:10.383] [SESSION_RESET] {"msg": "--- NEW LIFE STARTED ---"}
[2026-09-25 19:33:10.429] [S] {"map": "Shadowgrid"}
[2026-09-25 19:33:10.454] [JACK] Ah, im Shadowgrid angekommen... endlich.
[2026-09-25 19:33:10.908] [SFX] {"sound": "civ_move_1", "volume": 0.17}
[2026-09-25 19:33:10.943] [SFX] {"sound": "civ_move_1", "volume": 0.13}
[2026-09-25 19:33:11.106] [SFX] {"sound": "civ_move_1", "volume": 0.03}
[2026-09-25 19:33:11.321] [SFX] {"sound": "civ_move_1", "volume": 0.18}
[2026-09-25 19:33:11.353] [SFX] {"sound": "civ_move_1", "volume": 0.14}
[2026-09-25 19:33:11.519] [SFX] {"sound": "civ_move_1", "volume": 0.04}
[2026-09-25 19:33:11.735] [SFX] {"sound": "civ_move_1", "volume": 0.19}
[2026-09-25 19:33:11.766] [SFX] {"sound": "civ_move_1", "volume": 0.15}
[2026-09-25 19:33:11.932] [SFX] {"sound": "civ_move_1", "volume": 0.05}
[2026-09-25 19:33:12.145] [SFX] {"sound": "civ_move_1", "volume": 0.19}
[2026-09-25 19:33:12.178] [SFX] {"sound": "civ_move_1", "volume": 0.16}
[2026-09-25 19:33:12.211] [M] {"button": 1, "pos": [287, 205], "ui_clicked": false}
[2026-09-25 19:33:12.341] [SFX] {"sound": "civ_move_1", "volume": 0.06}
[2026-09-25 19:33:12.553] [SFX] {"sound": "civ_move_1", "volume": 0.19}
[2026-09-25 19:33:12.585] [SFX] {"sound": "civ_move_1", "volume": 0.16}
[2026-09-25 19:33:12.718] [M] {"button": 1, "pos": [297, 197], "ui_clicked": false}
[2026-09-25 19:33:12.724] [P] {"start": [104, 24], "goal": [101, 26], "length": 2, "is_direction_change": false}
[2026-09-25 19:33:12.725] [SFX] {"sound": "click_target", "volume": 0.73}
[2026-09-25 19:33:12.760] [SFX] {"sound": "player_move", "volume": 0.4}
[2026-09-25 19:33:12.775] [SFX] {"sound": "civ_move_1", "volume": 0.07}
[2026-09-25 19:33:12.967] [SFX] {"sound": "civ_move_1", "volume": 0.2}
[2026-09-25 19:33:13.000] [SFX] {"sound": "civ_move_1", "volume": 0.19}
[2026-09-25 19:33:13.180] [SFX] {"sound": "civ_move_1", "volume": 0.06}
[2026-09-25 19:33:13.339] [M] {"button": 1, "pos": [297, 197], "ui_clicked": false}
[2026-09-25 19:33:13.349] [P] {"start": [101, 26], "goal": [98, 28], "length": 2, "is_direction_change": false}
[2026-09-25 19:33:13.350] [SFX] {"sound": "click_target", "volume": 0.73}
[2026-09-25 19:33:13.383] [SFX] {"sound": "civ_move_1", "volume": 0.2}
[2026-09-25 19:33:13.416] [SFX] {"sound": "player_move", "volume": 0.4}
[2026-09-25 19:33:13.416] [SFX] {"sound": "civ_move_1", "volume": 0.2}
[2026-09-25 19:33:13.594] [SFX] {"sound": "civ_move_1", "volume": 0.06}
[2026-09-25 19:33:13.793] [SFX] {"sound": "civ_move_1", "volume": 0.21}
[2026-09-25 19:33:13.910] [M] {"button": 1, "pos": [313, 228], "ui_clicked": false}
[2026-09-25 19:33:14.007] [SFX] {"sound": "civ_move_1", "volume": 0.07}
[2026-09-25 19:33:14.204] [SFX] {"sound": "civ_move_1", "volume": 0.22}
[2026-09-25 19:33:14.239] [SFX] {"sound": "civ_move_1", "volume": 0.21}
[2026-09-25 19:33:14.288] [SFX] {"sound": "civ_move_1", "volume": 0.0}
[2026-09-25 19:33:14.419] [M] {"button": 1, "pos": [314, 221], "ui_clicked": false}
[2026-09-25 19:33:14.426] [SFX] {"sound": "civ_move_1", "volume": 0.08}
[2026-09-25 19:33:14.427] [SFX] {"sound": "click_target", "volume": 0.7}
[2026-09-25 19:33:14.535] [SFX] {"sound": "threat_pulse", "volume": 0.3}
[2026-09-25 19:33:14.557] [SFX] {"sound": "player_move", "volume": 0.4}
[2026-09-25 19:33:14.558] [C] {"civ_pos": [98, 32]}
[2026-09-25 19:33:14.606] [SFX] {"sound": "civ_move_1", "volume": 0.23}
[2026-09-25 19:33:14.638] [SFX] {"sound": "civ_move_1", "volume": 0.21}
[2026-09-25 19:33:14.688] [SFX] {"sound": "civ_move_1", "volume": 0.02}
[2026-09-25 19:33:14.819] [SFX] {"sound": "civ_move_1", "volume": 0.11}
[2026-09-25 19:33:14.851] [SFX] {"sound": "player_move", "volume": 0.4}
[2026-09-25 19:33:15.018] [SFX] {"sound": "civ_move_1", "volume": 0.23}
[2026-09-25 19:33:15.050] [SFX] {"sound": "civ_move_1", "volume": 0.25}
[2026-09-25 19:33:15.099] [SFX] {"sound": "civ_move_1", "volume": 0.03}
[2026-09-25 19:33:15.164] [SFX] {"sound": "player_move", "volume": 0.4}
[2026-09-25 19:33:15.231] [SFX] {"sound": "civ_move_1", "volume": 0.12}
[2026-09-25 19:33:15.426] [SFX] {"sound": "civ_move_1", "volume": 0.23}
[2026-09-25 19:33:15.449] [SFX] {"sound": "threat_pulse", "volume": 0.31}
[2026-09-25 19:33:15.468] [SFX] {"sound": "civ_move_1", "volume": 0.23}
[2026-09-25 19:33:15.485] [SFX] {"sound": "player_move", "volume": 0.4}
[2026-09-25 19:33:15.511] [SFX] {"sound": "civ_move_1", "volume": 0.04}
[2026-09-25 19:33:15.643] [SFX] {"sound": "civ_move_1", "volume": 0.13}
[2026-09-25 19:33:15.788] [SFX] {"sound": "player_move", "volume": 0.4}
[2026-09-25 19:33:15.838] [SFX] {"sound": "civ_move_1", "volume": 0.23}
[2026-09-25 19:33:15.873] [SFX] {"sound": "civ_move_1", "volume": 0.22}
[2026-09-25 19:33:15.922] [SFX] {"sound": "civ_move_1", "volume": 0.05}
[2026-09-25 19:33:16.019] [M] {"button": 1, "pos": [365, 231], "ui_clicked": true}
[2026-09-25 19:33:16.054] [SFX] {"sound": "civ_move_1", "volume": 0.14}
[2026-09-25 19:33:16.104] [SFX] {"sound": "player_move", "volume": 0.4}
[2026-09-25 19:33:16.252] [SFX] {"sound": "civ_move_1", "volume": 0.23}
[2026-09-25 19:33:16.284] [SFX] {"sound": "civ_move_1", "volume": 0.2}
[2026-09-25 19:33:16.334] [SFX] {"sound": "civ_move_1", "volume": 0.06}
[2026-09-25 19:33:16.358] [SFX] {"sound": "threat_pulse", "volume": 0.32}
[2026-09-25 19:33:16.418] [SFX] {"sound": "player_move", "volume": 0.4}
[2026-09-25 19:33:16.466] [SFX] {"sound": "civ_move_1", "volume": 0.15}
[2026-09-25 19:33:16.666] [SFX] {"sound": "civ_move_1", "volume": 0.23}
[2026-09-25 19:33:16.698] [SFX] {"sound": "civ_move_1", "volume": 0.18}
[2026-09-25 19:33:16.732] [SFX] {"sound": "player_move", "volume": 0.4}
[2026-09-25 19:33:16.754] [SFX] {"sound": "civ_move_1", "volume": 0.07}
[2026-09-25 19:33:16.766] [M] {"button": 1, "pos": [365, 221], "ui_clicked": true}
[2026-09-25 19:33:16.793] [JACK] Blick ins Systemfenster... Was führen wir im Schild?
[2026-09-25 19:33:16.807] [SFX] {"sound": "infiltrate 2", "volume": 0.5}
[2026-09-25 19:33:16.866] [SFX] {"sound": "civ_move_1", "volume": 0.16}
[2026-09-25 19:33:17.045] [SFX] {"sound": "player_move", "volume": 0.4}
[2026-09-25 19:33:17.068] [C] {"civ_pos": [98, 42]}
[2026-09-25 19:33:17.105] [SFX] {"sound": "civ_move_1", "volume": 0.23}
[2026-09-25 19:33:17.120] [SFX] {"sound": "civ_move_1", "volume": 0.16}
[2026-09-25 19:33:17.164] [SFX] {"sound": "civ_move_1", "volume": 0.08}
[2026-09-25 19:33:17.213] [SFX] {"sound": "infiltrate 2", "volume": 0.5}
[2026-09-25 19:33:17.262] [SFX] {"sound": "threat_pulse", "volume": 0.33}
[2026-09-25 19:33:17.284] [SFX] {"sound": "civ_move_1", "volume": 0.16}
[2026-09-25 19:33:17.345] [SFX] {"sound": "player_move", "volume": 0.4}
[2026-09-25 19:33:17.486] [SFX] {"sound": "civ_move_1", "volume": 0.23}
[2026-09-25 19:33:17.519] [SFX] {"sound": "civ_move_1", "volume": 0.15}
[2026-09-25 19:33:17.569] [SFX] {"sound": "civ_move_1", "volume": 0.09}
[2026-09-25 19:33:17.619] [SFX] {"sound": "infiltrate 2", "volume": 0.5}
[2026-09-25 19:33:17.651] [SFX] {"sound": "player_move", "volume": 0.4}
[2026-09-25 19:33:17.683] [SFX] {"sound": "civ_move_1", "volume": 0.16}
[2026-09-25 19:33:17.897] [SFX] {"sound": "civ_move_1", "volume": 0.23}
[2026-09-25 19:33:17.930] [SFX] {"sound": "civ_move_1", "volume": 0.13}
[2026-09-25 19:33:17.962] [SFX] {"sound": "player_move", "volume": 0.4}
[2026-09-25 19:33:17.989] [SFX] {"sound": "civ_move_1", "volume": 0.09}
[2026-09-25 19:33:18.032] [SFX] {"sound": "infiltrate 2", "volume": 0.5}
[2026-09-25 19:33:18.098] [SFX] {"sound": "civ_move_1", "volume": 0.16}
[2026-09-25 19:33:18.166] [SFX] {"sound": "threat_pulse", "volume": 0.34}
[2026-09-25 19:33:18.267] [SFX] {"sound": "player_move", "volume": 0.4}
[2026-09-25 19:33:18.300] [SFX] {"sound": "civ_move_1", "volume": 0.23}
[2026-09-25 19:33:18.333] [SFX] {"sound": "civ_move_1", "volume": 0.11}
[2026-09-25 19:33:18.383] [SFX] {"sound": "civ_move_1", "volume": 0.1}
[2026-09-25 19:33:18.448] [SFX] {"sound": "infiltrate 2", "volume": 0.5}
[2026-09-25 19:33:18.513] [SFX] {"sound": "civ_move_1", "volume": 0.16}
[2026-09-25 19:33:18.578] [SFX] {"sound": "player_move", "volume": 0.4}
[2026-09-25 19:33:18.712] [SFX] {"sound": "civ_move_1", "volume": 0.23}
[2026-09-25 19:33:18.744] [SFX] {"sound": "civ_move_1", "volume": 0.1}
[2026-09-25 19:33:18.858] [SFX] {"sound": "infiltrate 2", "volume": 0.5}
[2026-09-25 19:33:18.892] [SFX] {"sound": "player_move", "volume": 0.4}
[2026-09-25 19:33:18.924] [SFX] {"sound": "civ_move_1", "volume": 0.16}
[2026-09-25 19:33:19.070] [SFX] {"sound": "threat_pulse", "volume": 0.35}
[2026-09-25 19:33:19.118] [SFX] {"sound": "civ_move_1", "volume": 0.23}
[2026-09-25 19:33:19.150] [SFX] {"sound": "civ_move_1", "volume": 0.08}
[2026-09-25 19:33:19.200] [SFX] {"sound": "player_move", "volume": 0.4}
[2026-09-25 19:33:19.201] [SFX] {"sound": "civ_move_1", "volume": 0.1}
[2026-09-25 19:33:19.266] [SFX] {"sound": "infiltrate 2", "volume": 0.5}
[2026-09-25 19:33:19.332] [SFX] {"sound": "civ_move_1", "volume": 0.15}
[2026-09-25 19:33:19.513] [SFX] {"sound": "player_move", "volume": 0.4}
[2026-09-25 19:33:19.537] [SFX] {"sound": "civ_move_1", "volume": 0.23}
[2026-09-25 19:33:19.563] [SFX] {"sound": "civ_move_1", "volume": 0.06}
[2026-09-25 19:33:19.564] [C] {"civ_pos": [98, 52]}
[2026-09-25 19:33:19.602] [SFX] {"sound": "civ_move_1", "volume": 0.1}
[2026-09-25 19:33:19.651] [SFX] {"sound": "guardian_move", "volume": 0.02}
[2026-09-25 19:33:19.675] [SFX] {"sound": "infiltrate 1", "volume": 0.5}
[2026-09-25 19:33:19.735] [SFX] {"sound": "guardian_move", "volume": 0.0}
[2026-09-25 19:33:19.736] [SFX] {"sound": "civ_move_1", "volume": 0.14}
[2026-09-25 19:33:19.786] [SFX] {"sound": "hack_success", "volume": 1.0}
[2026-09-25 19:33:19.932] [SFX] {"sound": "civ_move_1", "volume": 0.23}
[2026-09-25 19:33:19.965] [SFX] {"sound": "civ_move_1", "volume": 0.05}
[2026-09-25 19:33:19.987] [SFX] {"sound": "guardian_move", "volume": 0.01}
[2026-09-25 19:33:19.987] [SFX] {"sound": "threat_pulse", "volume": 0.35}
[2026-09-25 19:33:20.014] [SFX] {"sound": "civ_move_1", "volume": 0.1}
[2026-09-25 19:33:20.146] [SFX] {"sound": "civ_move_1", "volume": 0.14}
[2026-09-25 19:33:20.345] [SFX] {"sound": "guardian_move", "volume": 0.02}
[2026-09-25 19:33:20.346] [SFX] {"sound": "civ_move_1", "volume": 0.22}
[2026-09-25 19:33:20.379] [SFX] {"sound": "civ_move_1", "volume": 0.04}
[2026-09-25 19:33:20.428] [SFX] {"sound": "civ_move_1", "volume": 0.11}
[2026-09-25 19:33:20.559] [SFX] {"sound": "civ_move_1", "volume": 0.14}
[2026-09-25 19:33:20.592] [SFX] {"sound": "guardian_move", "volume": 0.03}
[2026-09-25 19:33:20.754] [SFX] {"sound": "civ_move_1", "volume": 0.21}
[2026-09-25 19:33:20.788] [SFX] {"sound": "civ_move_1", "volume": 0.03}
[2026-09-25 19:33:20.839] [SFX] {"sound": "civ_move_1", "volume": 0.12}
[2026-09-25 19:33:20.888] [SFX] {"sound": "threat_pulse", "volume": 0.31}
[2026-09-25 19:33:20.956] [SFX] {"sound": "guardian_move", "volume": 0.03}
[2026-09-25 19:33:20.980] [SFX] {"sound": "civ_move_1", "volume": 0.15}
[2026-09-25 19:33:21.168] [SFX] {"sound": "civ_move_1", "volume": 0.2}
[2026-09-25 19:33:21.202] [SFX] {"sound": "guardian_move", "volume": 0.05}
[2026-09-25 19:33:21.203] [SFX] {"sound": "civ_move_1", "volume": 0.02}
[2026-09-25 19:33:21.252] [SFX] {"sound": "civ_move_1", "volume": 0.12}
[2026-09-25 19:33:21.385] [SFX] {"sound": "civ_move_1", "volume": 0.15}
[2026-09-25 19:33:21.565] [SFX] {"sound": "guardian_move", "volume": 0.04}
[2026-09-25 19:33:21.588] [SFX] {"sound": "civ_move_1", "volume": 0.19}
[2026-09-25 19:33:21.616] [SFX] {"sound": "civ_move_1", "volume": 0.01}
[2026-09-25 19:33:21.665] [SFX] {"sound": "civ_move_1", "volume": 0.13}
[2026-09-25 19:33:21.796] [SFX] {"sound": "civ_move_1", "volume": 0.17}
[2026-09-25 19:33:21.819] [SFX] {"sound": "guardian_move", "volume": 0.07}
[2026-09-25 19:33:21.994] [SFX] {"sound": "civ_move_1", "volume": 0.18}
[2026-09-25 19:33:22.039] [SFX] {"sound": "guardian_move", "volume": 0.01}
[2026-09-25 19:33:22.072] [SFX] {"sound": "civ_move_1", "volume": 0.13}
[2026-09-25 19:33:22.139] [M] {"button": 1, "pos": [327, 218], "ui_clicked": false}
[2026-09-25 19:33:22.147] [P] {"start": [98, 52], "goal": [98, 57], "length": 1, "is_direction_change": false}
[2026-09-25 19:33:22.148] [SFX] {"sound": "click_target", "volume": 0.7}
[2026-09-25 19:33:22.183] [SFX] {"sound": "player_move", "volume": 0.4}
[2026-09-25 19:33:22.184] [SFX] {"sound": "guardian_move", "volume": 0.06}
[2026-09-25 19:33:22.206] [SFX] {"sound": "civ_move_1", "volume": 0.17}
[2026-09-25 19:33:22.400] [SFX] {"sound": "civ_move_1", "volume": 0.2}
[2026-09-25 19:33:22.421] [SFX] {"sound": "guardian_move", "volume": 0.06}
[2026-09-25 19:33:22.482] [SFX] {"sound": "civ_move_1", "volume": 0.11}
[2026-09-25 19:33:22.531] [SFX] {"sound": "civ_move_1", "volume": 0.01}
[2026-09-25 19:33:22.614] [SFX] {"sound": "civ_move_1", "volume": 0.16}
[2026-09-25 19:33:22.649] [SFX] {"sound": "guardian_move", "volume": 0.05}
[2026-09-25 19:33:22.799] [SFX] {"sound": "guardian_move", "volume": 0.09}
[2026-09-25 19:33:22.800] [SFX] {"sound": "civ_move_1", "volume": 0.19}
[2026-09-25 19:33:22.897] [SFX] {"sound": "civ_move_1", "volume": 0.11}
[2026-09-25 19:33:22.945] [SFX] {"sound": "civ_move_1", "volume": 0.01}
[2026-09-25 19:33:23.027] [SFX] {"sound": "guardian_move", "volume": 0.07}
[2026-09-25 19:33:23.028] [SFX] {"sound": "civ_move_1", "volume": 0.17}
[2026-09-25 19:33:23.191] [M] {"button": 1, "pos": [323, 222], "ui_clicked": false}
[2026-09-25 19:33:23.198] [P] {"start": [98, 57], "goal": [98, 62], "length": 1, "is_direction_change": false}
[2026-09-25 19:33:23.199] [SFX] {"sound": "click_target", "volume": 0.7}
[2026-09-25 19:33:23.221] [JACK] Kurzer Blick um die Ecke...
[2026-09-25 19:33:23.222] [SFX] {"sound": "civ_move_1", "volume": 0.18}
[2026-09-25 19:33:23.264] [SFX] {"sound": "guardian_move", "volume": 0.07}
[2026-09-25 19:33:23.299] [SFX] {"sound": "civ_move_1", "volume": 0.1}
[2026-09-25 19:33:23.331] [SFX] {"sound": "player_move", "volume": 0.4}
[2026-09-25 19:33:23.354] [SFX] {"sound": "civ_move_1", "volume": 0.03}
[2026-09-25 19:33:23.381] [SFX] {"sound": "civ_move_2", "volume": 0.01}
[2026-09-25 19:33:23.405] [SFX] {"sound": "guardian_move", "volume": 0.13}
[2026-09-25 19:33:23.431] [SFX] {"sound": "civ_move_1", "volume": 0.15}
[2026-09-25 19:33:23.496] [SFX] {"sound": "civ_move_2", "volume": 0.02}
[2026-09-25 19:33:23.612] [SFX] {"sound": "civ_move_1", "volume": 0.2}
[2026-09-25 19:33:23.628] [M] {"button": 1, "pos": [323, 222], "ui_clicked": false}
[2026-09-25 19:33:23.636] [SFX] {"sound": "guardian_move", "volume": 0.05}
[2026-09-25 19:33:23.637] [P] {"start": [98, 62], "goal": [98, 66], "length": 1, "is_direction_change": false}
[2026-09-25 19:33:23.637] [SFX] {"sound": "click_target", "volume": 0.72}
[2026-09-25 19:33:23.685] [SFX] {"sound": "civ_move_2", "volume": 0.01}
[2026-09-25 19:33:23.709] [SFX] {"sound": "civ_move_1", "volume": 0.06}
[2026-09-25 19:33:23.783] [SFX] {"sound": "civ_move_2", "volume": 0.03}
[2026-09-25 19:33:23.834] [SFX] {"sound": "civ_move_1", "volume": 0.13}
[2026-09-25 19:33:23.855] [SFX] {"sound": "civ_move_1", "volume": 0.02}
[2026-09-25 19:33:23.871] [SFX] {"sound": "guardian_move", "volume": 0.13}
[2026-09-25 19:33:23.900] [SFX] {"sound": "civ_move_2", "volume": 0.04}
[2026-09-25 19:33:23.998] [SFX] {"sound": "guardian_move", "volume": 0.18}
[2026-09-25 19:33:24.023] [SFX] {"sound": "civ_move_1", "volume": 0.21}
[2026-09-25 19:33:24.066] [M] {"button": 1, "pos": [324, 223], "ui_clicked": false}
[2026-09-25 19:33:24.075] [P] {"start": [98, 66], "goal": [98, 70], "length": 1, "is_direction_change": false}
[2026-09-25 19:33:24.076] [SFX] {"sound": "click_target", "volume": 0.71}
[2026-09-25 19:33:24.112] [SFX] {"sound": "player_move", "volume": 0.4}
[2026-09-25 19:33:24.113] [SFX] {"sound": "civ_move_2", "volume": 0.03}
[2026-09-25 19:33:24.129] [SFX] {"sound": "civ_move_1", "volume": 0.04}
[2026-09-25 19:33:24.155] [SFX] {"sound": "civ_move_1", "volume": 0.07}
[2026-09-25 19:33:24.187] [SFX] {"sound": "civ_move_2", "volume": 0.04}
[2026-09-25 19:33:24.236] [SFX] {"sound": "civ_move_1", "volume": 0.11}
[2026-09-25 19:33:24.236] [C] {"civ_pos": [98, 71]}
[2026-09-25 19:33:24.266] [SFX] {"sound": "civ_move_1", "volume": 0.05}
[2026-09-25 19:33:24.309] [SFX] {"sound": "civ_move_2", "volume": 0.05}
[2026-09-25 19:33:24.425] [SFX] {"sound": "civ_move_1", "volume": 0.23}
[2026-09-25 19:33:24.474] [SFX] {"sound": "guardian_move", "volume": 0.16}
[2026-09-25 19:33:24.498] [SFX] {"sound": "civ_move_2", "volume": 0.05}
[2026-09-25 19:33:24.515] [SFX] {"sound": "guardian_move", "volume": 0.03}
[2026-09-25 19:33:24.532] [SFX] {"sound": "civ_move_1", "volume": 0.03}
[2026-09-25 19:33:24.558] [SFX] {"sound": "civ_move_1", "volume": 0.09}
[2026-09-25 19:33:24.591] [SFX] {"sound": "civ_move_2", "volume": 0.06}
[2026-09-25 19:33:24.612] [SFX] {"sound": "guardian_move", "volume": 0.21}
[2026-09-25 19:33:24.623] [M] {"button": 1, "pos": [324, 223], "ui_clicked": false}
[2026-09-25 19:33:24.630] [P] {"start": [98, 70], "goal": [98, 74], "length": 1, "is_direction_change": false}
[2026-09-25 19:33:24.630] [SFX] {"sound": "click_target", "volume": 0.7}
[2026-09-25 19:33:24.669] [SFX] {"sound": "civ_move_1", "volume": 0.12}
[2026-09-25 19:33:24.683] [SFX] {"sound": "civ_move_1", "volume": 0.05}
[2026-09-25 19:33:24.710] [SFX] {"sound": "civ_move_2", "volume": 0.06}
[2026-09-25 19:33:24.761] [SFX] {"sound": "player_move", "volume": 0.4}
[2026-09-25 19:33:24.840] [SFX] {"sound": "civ_move_1", "volume": 0.3}
[2026-09-25 19:33:24.906] [SFX] {"sound": "civ_move_2", "volume": 0.07}
[2026-09-25 19:33:24.938] [SFX] {"sound": "civ_move_1", "volume": 0.01}
[2026-09-25 19:33:24.970] [SFX] {"sound": "civ_move_1", "volume": 0.11}
[2026-09-25 19:33:25.004] [SFX] {"sound": "civ_move_2", "volume": 0.07}
[2026-09-25 19:33:25.052] [SFX] {"sound": "civ_move_1", "volume": 0.1}
[2026-09-25 19:33:25.085] [SFX] {"sound": "guardian_move", "volume": 0.19}
[2026-09-25 19:33:25.086] [SFX] {"sound": "civ_move_1", "volume": 0.07}
[2026-09-25 19:33:25.119] [SFX] {"sound": "guardian_move", "volume": 0.05}
[2026-09-25 19:33:25.120] [SFX] {"sound": "civ_move_2", "volume": 0.08}
[2026-09-25 19:33:25.219] [SFX] {"sound": "guardian_move", "volume": 0.25}
[2026-09-25 19:33:25.253] [SFX] {"sound": "civ_move_1", "volume": 0.23}
[2026-09-25 19:33:25.320] [SFX] {"sound": "civ_move_2", "volume": 0.07}
[2026-09-25 19:33:25.354] [SFX] {"sound": "civ_move_1", "volume": 0.02}
[2026-09-25 19:33:25.386] [SFX] {"sound": "civ_move_1", "volume": 0.12}
[2026-09-25 19:33:25.419] [SFX] {"sound": "civ_move_2", "volume": 0.08}
[2026-09-25 19:33:25.469] [SFX] {"sound": "civ_move_1", "volume": 0.12}
[2026-09-25 19:33:25.492] [SFX] {"sound": "civ_move_1", "volume": 0.07}
[2026-09-25 19:33:25.534] [SFX] {"sound": "civ_move_2", "volume": 0.09}
[2026-09-25 19:33:25.648] [M] {"button": 1, "pos": [285, 210], "ui_clicked": false}
[2026-09-25 19:33:25.664] [SFX] {"sound": "civ_move_1", "volume": 0.23}
[2026-09-25 19:33:25.696] [SFX] {"sound": "guardian_move", "volume": 0.21}
[2026-09-25 19:33:25.728] [SFX] {"sound": "guardian_move", "volume": 0.07}
[2026-09-25 19:33:25.729] [SFX] {"sound": "civ_move_2", "volume": 0.07}
[2026-09-25 19:33:25.761] [SFX] {"sound": "civ_move_1", "volume": 0.03}
[2026-09-25 19:33:25.800] [SFX] {"sound": "civ_move_1", "volume": 0.12}
[2026-09-25 19:33:25.827] [SFX] {"sound": "guardian_move", "volume": 0.26}
[2026-09-25 19:33:25.827] [SFX] {"sound": "civ_move_2", "volume": 0.09}
[2026-09-25 19:33:25.876] [SFX] {"sound": "civ_move_1", "volume": 0.13}
[2026-09-25 19:33:25.899] [SFX] {"sound": "civ_move_1", "volume": 0.07}
[2026-09-25 19:33:25.942] [SFX] {"sound": "civ_move_2", "volume": 0.1}
[2026-09-25 19:33:26.075] [SFX] {"sound": "civ_move_1", "volume": 0.22}
[2026-09-25 19:33:26.141] [SFX] {"sound": "civ_move_2", "volume": 0.07}
[2026-09-25 19:33:26.174] [SFX] {"sound": "civ_move_1", "volume": 0.05}
[2026-09-25 19:33:26.206] [SFX] {"sound": "civ_move_1", "volume": 0.13}
[2026-09-25 19:33:26.240] [SFX] {"sound": "civ_move_2", "volume": 0.1}
[2026-09-25 19:33:26.289] [SFX] {"sound": "civ_move_1", "volume": 0.14}
[2026-09-25 19:33:26.312] [SFX] {"sound": "guardian_move", "volume": 0.23}
[2026-09-25 19:33:26.313] [SFX] {"sound": "civ_move_1", "volume": 0.07}
[2026-09-25 19:33:26.338] [SFX] {"sound": "guardian_move", "volume": 0.09}
[2026-09-25 19:33:26.361] [SFX] {"sound": "civ_move_2", "volume": 0.11}
[2026-09-25 19:33:26.436] [SFX] {"sound": "guardian_move", "volume": 0.27}
[2026-09-25 19:33:26.487] [SFX] {"sound": "civ_move_1", "volume": 0.21}
[2026-09-25 19:33:26.553] [SFX] {"sound": "civ_move_2", "volume": 0.06}
[2026-09-25 19:33:26.586] [SFX] {"sound": "civ_move_1", "volume": 0.06}
[2026-09-25 19:33:26.602] [M] {"button": 1, "pos": [281, 197], "ui_clicked": false}
[2026-09-25 19:33:26.610] [P] {"start": [98, 74], "goal": [93, 76], "length": 2, "is_direction_change": false}
[2026-09-25 19:33:26.611] [SFX] {"sound": "click_target", "volume": 0.69}
[2026-09-25 19:33:26.632] [SFX] {"sound": "civ_move_1", "volume": 0.14}
[2026-09-25 19:33:26.648] [SFX] {"sound": "civ_move_2", "volume": 0.11}
[2026-09-25 19:33:26.692] [SFX] {"sound": "civ_move_1", "volume": 0.14}
[2026-09-25 19:33:26.714] [SFX] {"sound": "civ_move_1", "volume": 0.07}
[2026-09-25 19:33:26.759] [SFX] {"sound": "civ_move_2", "volume": 0.15}
[2026-09-25 19:33:26.859] [SFX] {"sound": "player_move", "volume": 0.4}
[2026-09-25 19:33:26.893] [SFX] {"sound": "civ_move_1", "volume": 0.28}
[2026-09-25 19:33:26.915] [SFX] {"sound": "guardian_move", "volume": 0.28}
[2026-09-25 19:33:26.932] [C] {"civ_pos": [91, 76]}
[2026-09-25 19:33:26.968] [SFX] {"sound": "guardian_move", "volume": 0.15}
[2026-09-25 19:33:26.983] [SFX] {"sound": "civ_move_2", "volume": 0.08}
[2026-09-25 19:33:27.000] [SFX] {"sound": "civ_move_1", "volume": 0.05}
[2026-09-25 19:33:27.028] [SFX] {"sound": "civ_move_1", "volume": 0.18}
[2026-09-25 19:33:27.053] [SFX] {"sound": "guardian_move", "volume": 0.26}
[2026-09-25 19:33:27.053] [SFX] {"sound": "civ_move_2", "volume": 0.15}
[2026-09-25 19:33:27.098] [SFX] {"sound": "civ_move_1", "volume": 0.14}
[2026-09-25 19:33:27.121] [SFX] {"sound": "civ_move_1", "volume": 0.08}
[2026-09-25 19:33:27.163] [SFX] {"sound": "civ_move_2", "volume": 0.19}
[2026-09-25 19:33:27.214] [M] {"button": 1, "pos": [262, 187], "ui_clicked": false}
[2026-09-25 19:33:27.224] [P] {"start": [93, 76], "goal": [86, 76], "length": 1, "is_direction_change": false}
[2026-09-25 19:33:27.224] [SFX] {"sound": "click_target", "volume": 0.67}
[2026-09-25 19:33:27.247] [JACK] Hörst du das Wummern? Sentinels in der Nähe... Bloß keinen falschen Schritt machen!
[2026-09-25 19:33:27.306] [SFX] {"sound": "civ_move_1", "volume": 0.29}
[2026-09-25 19:33:27.389] [SFX] {"sound": "civ_move_2", "volume": 0.08}
[2026-09-25 19:33:27.412] [SFX] {"sound": "civ_move_1", "volume": 0.06}
[2026-09-25 19:33:27.412] [SFX] {"sound": "civ_move_1", "volume": 0.0}
[2026-09-25 19:33:27.439] [SFX] {"sound": "player_move", "volume": 0.4}
[2026-09-25 19:33:27.440] [SFX] {"sound": "civ_move_1", "volume": 0.21}
[2026-09-25 19:33:27.461] [SFX] {"sound": "civ_move_2", "volume": 0.19}
[2026-09-25 19:33:27.505] [SFX] {"sound": "civ_move_1", "volume": 0.14}
[2026-09-25 19:33:27.529] [SFX] {"sound": "guardian_move", "volume": 0.26}
[2026-09-25 19:33:27.529] [SFX] {"sound": "civ_move_1", "volume": 0.08}
[2026-09-25 19:33:27.556] [SFX] {"sound": "guardian_move", "volume": 0.22}
[2026-09-25 19:33:27.579] [SFX] {"sound": "civ_move_2", "volume": 0.26}
[2026-09-25 19:33:27.656] [SFX] {"sound": "guardian_move", "volume": 0.19}
[2026-09-25 19:33:27.721] [SFX] {"sound": "civ_move_1", "volume": 0.28}
[2026-09-25 19:33:27.805] [SFX] {"sound": "civ_move_1", "volume": 0.06}
[2026-09-25 19:33:27.806] [SFX] {"sound": "civ_move_1", "volume": 0.01}
[2026-09-25 19:33:27.807] [SFX] {"sound": "civ_move_2", "volume": 0.08}
[2026-09-25 19:33:27.853] [SFX] {"sound": "civ_move_1", "volume": 0.21}
[2026-09-25 19:33:27.877] [SFX] {"sound": "civ_move_2", "volume": 0.21}
[2026-09-25 19:33:27.918] [SFX] {"sound": "civ_move_1", "volume": 0.15}
[2026-09-25 19:33:27.940] [SFX] {"sound": "civ_move_1", "volume": 0.08}
[2026-09-25 19:33:27.966] [M] {"button": 1, "pos": [317, 220], "ui_clicked": false}
[2026-09-25 19:33:27.974] [P] {"start": [86, 76], "goal": [86, 80], "length": 3, "is_direction_change": false}
[2026-09-25 19:33:27.975] [SFX] {"sound": "click_target", "volume": 0.7}
[2026-09-25 19:33:28.018] [SFX] {"sound": "civ_move_2", "volume": 0.27}
[2026-09-25 19:33:28.125] [SFX] {"sound": "guardian_move", "volume": 0.21}
[2026-09-25 19:33:28.126] [SFX] {"sound": "civ_move_1", "volume": 0.27}
[2026-09-25 19:33:28.159] [SFX] {"sound": "player_move", "volume": 0.4}
[2026-09-25 19:33:28.208] [SFX] {"sound": "civ_move_1", "volume": 0.06}
[2026-09-25 19:33:28.209] [SFX] {"sound": "civ_move_1", "volume": 0.02}
[2026-09-25 19:33:28.209] [SFX] {"sound": "civ_move_2", "volume": 0.08}
[2026-09-25 19:33:28.259] [SFX] {"sound": "guardian_move", "volume": 0.13}
[2026-09-25 19:33:28.260] [SFX] {"sound": "civ_move_1", "volume": 0.18}
[2026-09-25 19:33:28.282] [SFX] {"sound": "civ_move_2", "volume": 0.21}
[2026-09-25 19:33:28.326] [SFX] {"sound": "civ_move_1", "volume": 0.12}
[2026-09-25 19:33:28.327] [SFX] {"sound": "civ_move_2", "volume": 0.0}
[2026-09-25 19:33:28.347] [SFX] {"sound": "civ_move_1", "volume": 0.08}
[2026-09-25 19:33:28.376] [SFX] {"sound": "guardian_move", "volume": 0.01}
[2026-09-25 19:33:28.397] [SFX] {"sound": "civ_move_2", "volume": 0.25}
[2026-09-25 19:33:28.474] [SFX] {"sound": "player_move", "volume": 0.4}
[2026-09-25 19:33:28.537] [SFX] {"sound": "civ_move_1", "volume": 0.22}
[2026-09-25 19:33:28.619] [SFX] {"sound": "civ_move_1", "volume": 0.03}
[2026-09-25 19:33:28.620] [SFX] {"sound": "civ_move_1", "volume": 0.05}
[2026-09-25 19:33:28.620] [SFX] {"sound": "civ_move_2", "volume": 0.08}
[2026-09-25 19:33:28.669] [SFX] {"sound": "civ_move_1", "volume": 0.12}
[2026-09-25 19:33:28.691] [SFX] {"sound": "civ_move_2", "volume": 0.15}
[2026-09-25 19:33:28.736] [SFX] {"sound": "guardian_move", "volume": 0.1}
[2026-09-25 19:33:28.737] [SFX] {"sound": "civ_move_1", "volume": 0.07}
[2026-09-25 19:33:28.737] [SFX] {"sound": "civ_move_2", "volume": 0.05}
[2026-09-25 19:33:28.758] [SFX] {"sound": "civ_move_1", "volume": 0.07}
[2026-09-25 19:33:28.785] [SFX] {"sound": "player_move", "volume": 0.4}
[2026-09-25 19:33:28.807] [SFX] {"sound": "civ_move_2", "volume": 0.18}
[2026-09-25 19:33:28.867] [SFX] {"sound": "guardian_move", "volume": 0.01}
[2026-09-25 19:33:28.949] [SFX] {"sound": "civ_move_1", "volume": 0.17}
[2026-09-25 19:33:28.982] [SFX] {"sound": "guardian_move", "volume": 0.08}
[2026-09-25 19:33:29.031] [SFX] {"sound": "civ_move_1", "volume": 0.07}
[2026-09-25 19:33:29.032] [SFX] {"sound": "civ_move_2", "volume": 0.06}
[2026-09-25 19:33:29.080] [SFX] {"sound": "civ_move_1", "volume": 0.06}
[2026-09-25 19:33:29.102] [SFX] {"sound": "player_move", "volume": 0.4}
[2026-09-25 19:33:29.103] [SFX] {"sound": "civ_move_2", "volume": 0.1}
[2026-09-25 19:33:29.147] [SFX] {"sound": "civ_move_1", "volume": 0.02}
[2026-09-25 19:33:29.147] [SFX] {"sound": "civ_move_2", "volume": 0.08}
[2026-09-25 19:33:29.169] [SFX] {"sound": "civ_move_1", "volume": 0.05}
[2026-09-25 19:33:29.213] [SFX] {"sound": "civ_move_2", "volume": 0.1}
[2026-09-25 19:33:29.362] [SFX] {"sound": "civ_move_1", "volume": 0.12}
[2026-09-25 19:33:29.411] [SFX] {"sound": "player_move", "volume": 0.4}
[2026-09-25 19:33:29.445] [SFX] {"sound": "civ_move_1", "volume": 0.08}
[2026-09-25 19:33:29.446] [SFX] {"sound": "civ_move_2", "volume": 0.04}
[2026-09-25 19:33:29.494] [SFX] {"sound": "civ_move_1", "volume": 0.0}
[2026-09-25 19:33:29.516] [SFX] {"sound": "civ_move_2", "volume": 0.04}
[2026-09-25 19:33:29.533] [SFX] {"sound": "civ_move_2", "volume": 0.06}
[2026-09-25 19:33:29.561] [SFX] {"sound": "civ_move_2", "volume": 0.11}
[2026-09-25 19:33:29.583] [SFX] {"sound": "civ_move_1", "volume": 0.03}
[2026-09-25 19:33:29.599] [SFX] {"sound": "guardian_move", "volume": 0.11}
[2026-09-25 19:33:29.625] [SFX] {"sound": "civ_move_2", "volume": 0.03}
[2026-09-25 19:33:29.726] [SFX] {"sound": "player_move", "volume": 0.4}
[2026-09-25 19:33:29.774] [SFX] {"sound": "civ_move_1", "volume": 0.07}
[2026-09-25 19:33:29.855] [SFX] {"sound": "civ_move_1", "volume": 0.08}
[2026-09-25 19:33:29.856] [SFX] {"sound": "civ_move_2", "volume": 0.01}
[2026-09-25 19:33:29.938] [SFX] {"sound": "civ_move_2", "volume": 0.14}
[2026-09-25 19:33:29.971] [SFX] {"sound": "civ_move_2", "volume": 0.12}
[2026-09-25 19:33:29.994] [SFX] {"sound": "civ_move_1", "volume": 0.0}
[2026-09-25 19:33:30.038] [SFX] {"sound": "player_move", "volume": 0.4}
[2026-09-25 19:33:30.188] [SFX] {"sound": "civ_move_1", "volume": 0.03}
[2026-09-25 19:33:30.210] [SFX] {"sound": "guardian_move", "volume": 0.09}
[2026-09-25 19:33:30.271] [SFX] {"sound": "civ_move_1", "volume": 0.09}
[2026-09-25 19:33:30.339] [SFX] {"sound": "player_move", "volume": 0.4}
[2026-09-25 19:33:30.340] [SFX] {"sound": "civ_move_2", "volume": 0.18}
[2026-09-25 19:33:30.388] [SFX] {"sound": "civ_move_2", "volume": 0.13}
[2026-09-25 19:33:30.410] [SFX] {"sound": "civ_move_1", "volume": 0.01}
[2026-09-25 19:33:30.588] [SFX] {"sound": "civ_move_1", "volume": 0.06}
[2026-09-25 19:33:30.654] [SFX] {"sound": "player_move", "volume": 0.4}
[2026-09-25 19:33:30.688] [SFX] {"sound": "civ_move_1", "volume": 0.11}
[2026-09-25 19:33:30.688] [SFX] {"sound": "civ_move_2", "volume": 0.04}
[2026-09-25 19:33:30.754] [SFX] {"sound": "civ_move_2", "volume": 0.14}
[2026-09-25 19:33:30.788] [SFX] {"sound": "civ_move_2", "volume": 0.11}
[2026-09-25 19:33:30.809] [SFX] {"sound": "guardian_move", "volume": 0.13}
[2026-09-25 19:33:30.810] [SFX] {"sound": "civ_move_1", "volume": 0.05}
[2026-09-25 19:33:30.968] [SFX] {"sound": "player_move", "volume": 0.4}
[2026-09-25 19:33:31.002] [SFX] {"sound": "civ_move_1", "volume": 0.14}
[2026-09-25 19:33:31.017] [JACK] JACK // PROXY SAFE - SANCTUARY ACTIVE
[2026-09-25 19:33:31.100] [SFX] {"sound": "civ_move_1", "volume": 0.09}
[2026-09-25 19:33:31.101] [SFX] {"sound": "civ_move_2", "volume": 0.08}
[2026-09-25 19:33:31.167] [SFX] {"sound": "civ_move_2", "volume": 0.02}
[2026-09-25 19:33:31.168] [SFX] {"sound": "civ_move_2", "volume": 0.08}
[2026-09-25 19:33:31.216] [SFX] {"sound": "civ_move_1", "volume": 0.09}
[2026-09-25 19:33:31.248] [SFX] {"sound": "civ_move_2", "volume": 0.03}
[2026-09-25 19:33:31.280] [SFX] {"sound": "player_move", "volume": 0.4}
[2026-09-25 19:33:31.410] [SFX] {"sound": "guardian_move", "volume": 0.13}
[2026-09-25 19:33:31.410] [SFX] {"sound": "civ_move_1", "volume": 0.21}
[2026-09-25 19:33:31.509] [SFX] {"sound": "civ_move_1", "volume": 0.01}
[2026-09-25 19:33:31.510] [SFX] {"sound": "civ_move_1", "volume": 0.05}
[2026-09-25 19:33:31.510] [SFX] {"sound": "civ_move_2", "volume": 0.1}
[2026-09-25 19:33:31.543] [SFX] {"sound": "civ_move_1", "volume": 0.02}
[2026-09-25 19:33:31.576] [SFX] {"sound": "civ_move_2", "volume": 0.09}
[2026-09-25 19:33:31.577] [SFX] {"sound": "civ_move_2", "volume": 0.02}
[2026-09-25 19:33:31.599] [SFX] {"sound": "player_move", "volume": 0.4}
[2026-09-25 19:33:31.615] [SFX] {"sound": "civ_move_1", "volume": 0.06}
[2026-09-25 19:33:31.615] [SFX] {"sound": "civ_move_2", "volume": 0.04}
[2026-09-25 19:33:31.632] [SFX] {"sound": "civ_move_1", "volume": 0.11}
[2026-09-25 19:33:31.659] [SFX] {"sound": "civ_move_2", "volume": 0.08}
[2026-09-25 19:33:31.773] [SFX] {"sound": "guardian_move", "volume": 0.04}
[2026-09-25 19:33:31.821] [SFX] {"sound": "civ_move_1", "volume": 0.27}
[2026-09-25 19:33:31.904] [SFX] {"sound": "player_move", "volume": 0.4}
[2026-09-25 19:33:31.904] [SFX] {"sound": "guardian_move", "volume": 0.01}
[2026-09-25 19:33:31.927] [SFX] {"sound": "civ_move_1", "volume": 0.07}
[2026-09-25 19:33:31.927] [SFX] {"sound": "civ_move_1", "volume": 0.02}
[2026-09-25 19:33:31.928] [SFX] {"sound": "civ_move_2", "volume": 0.1}
[2026-09-25 19:33:31.955] [SFX] {"sound": "civ_move_1", "volume": 0.07}
[2026-09-25 19:33:31.988] [SFX] {"sound": "civ_move_2", "volume": 0.17}
[2026-09-25 19:33:32.019] [SFX] {"sound": "guardian_move", "volume": 0.06}
[2026-09-25 19:33:32.020] [SFX] {"sound": "civ_move_1", "volume": 0.12}
[2026-09-25 19:33:32.043] [SFX] {"sound": "civ_move_1", "volume": 0.1}
[2026-09-25 19:33:32.068] [SFX] {"sound": "civ_move_2", "volume": 0.13}
[2026-09-25 19:33:32.151] [SFX] {"sound": "guardian_move", "volume": 0.01}
[2026-09-25 19:33:32.216] [SFX] {"sound": "player_move", "volume": 0.4}
[2026-09-25 19:33:32.241] [SFX] {"sound": "civ_move_1", "volume": 0.23}
[2026-09-25 19:33:32.331] [SFX] {"sound": "civ_move_1", "volume": 0.13}
[2026-09-25 19:33:32.332] [SFX] {"sound": "civ_move_2", "volume": 0.08}
[2026-09-25 19:33:32.363] [SFX] {"sound": "civ_move_1", "volume": 0.12}
[2026-09-25 19:33:32.396] [SFX] {"sound": "civ_move_2", "volume": 0.24}
[2026-09-25 19:33:32.431] [SFX] {"sound": "civ_move_1", "volume": 0.19}
[2026-09-25 19:33:32.453] [SFX] {"sound": "civ_move_1", "volume": 0.07}
[2026-09-25 19:33:32.480] [SFX] {"sound": "civ_move_2", "volume": 0.18}
[2026-09-25 19:33:32.531] [SFX] {"sound": "player_move", "volume": 0.4}
[2026-09-25 19:33:32.628] [C] {"civ_pos": [88, 80]}
[2026-09-25 19:33:32.657] [SFX] {"sound": "civ_move_1", "volume": 0.17}
[2026-09-25 19:33:32.734] [SFX] {"sound": "civ_move_1", "volume": 0.16}
[2026-09-25 19:33:32.734] [SFX] {"sound": "civ_move_2", "volume": 0.05}
[2026-09-25 19:33:32.766] [SFX] {"sound": "guardian_move", "volume": 0.03}
[2026-09-25 19:33:32.767] [SFX] {"sound": "civ_move_1", "volume": 0.14}
[2026-09-25 19:33:32.800] [SFX] {"sound": "civ_move_2", "volume": 0.28}
[2026-09-25 19:33:32.832] [SFX] {"sound": "civ_move_1", "volume": 0.23}
[2026-09-25 19:33:32.854] [SFX] {"sound": "civ_move_1", "volume": 0.05}
[2026-09-25 19:33:32.882] [SFX] {"sound": "civ_move_2", "volume": 0.19}
[2026-09-25 19:33:33.048] [SFX] {"sound": "civ_move_1", "volume": 0.16}
[2026-09-25 19:33:33.147] [SFX] {"sound": "civ_move_1", "volume": 0.17}
[2026-09-25 19:33:33.148] [SFX] {"sound": "civ_move_2", "volume": 0.05}
[2026-09-25 19:33:33.179] [SFX] {"sound": "civ_move_1", "volume": 0.13}
[2026-09-25 19:33:33.211] [SFX] {"sound": "civ_move_2", "volume": 0.3}
[2026-09-25 19:33:33.245] [SFX] {"sound": "civ_move_1", "volume": 0.24}
[2026-09-25 19:33:33.267] [SFX] {"sound": "civ_move_1", "volume": 0.05}
[2026-09-25 19:33:33.295] [SFX] {"sound": "civ_move_2", "volume": 0.19}
[2026-09-25 19:33:33.376] [SFX] {"sound": "guardian_move", "volume": 0.02}
[2026-09-25 19:33:33.459] [SFX] {"sound": "civ_move_1", "volume": 0.14}
[2026-09-25 19:33:33.558] [SFX] {"sound": "civ_move_1", "volume": 0.18}
[2026-09-25 19:33:33.559] [SFX] {"sound": "civ_move_2", "volume": 0.04}
[2026-09-25 19:33:33.590] [SFX] {"sound": "civ_move_1", "volume": 0.11}
[2026-09-25 19:33:33.623] [SFX] {"sound": "civ_move_2", "volume": 0.29}
[2026-09-25 19:33:33.657] [SFX] {"sound": "civ_move_1", "volume": 0.25}
[2026-09-25 19:33:33.673] [M] {"button": 1, "pos": [285, 180], "ui_clicked": false}
[2026-09-25 19:33:33.681] [SFX] {"sound": "civ_move_1", "volume": 0.04}
[2026-09-25 19:33:33.708] [SFX] {"sound": "civ_move_2", "volume": 0.18}
[2026-09-25 19:33:33.871] [SFX] {"sound": "civ_move_1", "volume": 0.13}
[2026-09-25 19:33:33.968] [SFX] {"sound": "civ_move_1", "volume": 0.19}
[2026-09-25 19:33:33.969] [SFX] {"sound": "civ_move_2", "volume": 0.03}
[2026-09-25 19:33:34.001] [SFX] {"sound": "civ_move_1", "volume": 0.1}
[2026-09-25 19:33:34.033] [SFX] {"sound": "civ_move_2", "volume": 0.28}
[2026-09-25 19:33:34.066] [SFX] {"sound": "civ_move_1", "volume": 0.26}
[2026-09-25 19:33:34.087] [SFX] {"sound": "civ_move_1", "volume": 0.03}
[2026-09-25 19:33:34.114] [SFX] {"sound": "civ_move_2", "volume": 0.17}
[2026-09-25 19:33:34.180] [M] {"button": 1, "pos": [284, 183], "ui_clicked": false}
[2026-09-25 19:33:34.187] [SFX] {"sound": "click_target", "volume": 0.71}
[2026-09-25 19:33:34.278] [SFX] {"sound": "civ_move_1", "volume": 0.13}
[2026-09-25 19:33:34.377] [SFX] {"sound": "civ_move_1", "volume": 0.18}
[2026-09-25 19:33:34.378] [SFX] {"sound": "civ_move_2", "volume": 0.04}
[2026-09-25 19:33:34.411] [SFX] {"sound": "civ_move_1", "volume": 0.07}
[2026-09-25 19:33:34.444] [SFX] {"sound": "player_move", "volume": 0.4}
[2026-09-25 19:33:34.444] [SFX] {"sound": "civ_move_2", "volume": 0.29}
[2026-09-25 19:33:34.476] [SFX] {"sound": "civ_move_1", "volume": 0.25}
[2026-09-25 19:33:34.499] [SFX] {"sound": "civ_move_1", "volume": 0.04}
[2026-09-25 19:33:34.527] [SFX] {"sound": "civ_move_2", "volume": 0.14}
[2026-09-25 19:33:34.692] [SFX] {"sound": "civ_move_1", "volume": 0.14}
[2026-09-25 19:33:34.757] [SFX] {"sound": "player_move", "volume": 0.4}
[2026-09-25 19:33:34.790] [SFX] {"sound": "civ_move_1", "volume": 0.17}
[2026-09-25 19:33:34.791] [SFX] {"sound": "civ_move_2", "volume": 0.04}
[2026-09-25 19:33:34.822] [SFX] {"sound": "civ_move_1", "volume": 0.04}
[2026-09-25 19:33:34.854] [SFX] {"sound": "civ_move_2", "volume": 0.29}
[2026-09-25 19:33:34.887] [SFX] {"sound": "civ_move_1", "volume": 0.24}
[2026-09-25 19:33:34.888] [SFX] {"sound": "threat_pulse", "volume": 0.31}
[2026-09-25 19:33:34.909] [SFX] {"sound": "civ_move_1", "volume": 0.04}
[2026-09-25 19:33:34.937] [SFX] {"sound": "civ_move_2", "volume": 0.12}
[2026-09-25 19:33:35.054] [SFX] {"sound": "guardian_move", "volume": 0.0}
[2026-09-25 19:33:35.077] [SFX] {"sound": "player_move", "volume": 0.4}
[2026-09-25 19:33:35.104] [SFX] {"sound": "civ_move_1", "volume": 0.14}
[2026-09-25 19:33:35.137] [C] {"civ_pos": [78, 80]}
[2026-09-25 19:33:35.201] [SFX] {"sound": "civ_move_1", "volume": 0.16}
[2026-09-25 19:33:35.202] [SFX] {"sound": "civ_move_1", "volume": 0.01}
[2026-09-25 19:33:35.203] [SFX] {"sound": "civ_move_2", "volume": 0.04}
[2026-09-25 19:33:35.233] [SFX] {"sound": "civ_move_1", "volume": 0.02}
[2026-09-25 19:33:35.266] [SFX] {"sound": "civ_move_2", "volume": 0.29}
[2026-09-25 19:33:35.299] [SFX] {"sound": "civ_move_1", "volume": 0.25}
[2026-09-25 19:33:35.323] [SFX] {"sound": "civ_move_1", "volume": 0.04}
[2026-09-25 19:33:35.348] [SFX] {"sound": "civ_move_2", "volume": 0.1}
[2026-09-25 19:33:35.381] [SFX] {"sound": "player_move", "volume": 0.4}
[2026-09-25 19:33:35.511] [SFX] {"sound": "civ_move_1", "volume": 0.14}
[2026-09-25 19:33:35.609] [SFX] {"sound": "civ_move_1", "volume": 0.16}
[2026-09-25 19:33:35.610] [SFX] {"sound": "civ_move_1", "volume": 0.02}
[2026-09-25 19:33:35.611] [SFX] {"sound": "civ_move_2", "volume": 0.04}
[2026-09-25 19:33:35.659] [SFX] {"sound": "guardian_move", "volume": 0.02}
[2026-09-25 19:33:35.681] [SFX] {"sound": "civ_move_2", "volume": 0.3}
[2026-09-25 19:33:35.697] [SFX] {"sound": "player_move", "volume": 0.4}
[2026-09-25 19:33:35.713] [SFX] {"sound": "civ_move_1", "volume": 0.24}
[2026-09-25 19:33:35.733] [SFX] {"sound": "civ_move_1", "volume": 0.05}
[2026-09-25 19:33:35.760] [SFX] {"sound": "civ_move_2", "volume": 0.08}
[2026-09-25 19:33:35.911] [SFX] {"sound": "civ_move_1", "volume": 0.17}
[2026-09-25 19:33:35.994] [SFX] {"sound": "player_move", "volume": 0.4}
[2026-09-25 19:33:36.017] [SFX] {"sound": "civ_move_1", "volume": 0.12}
[2026-09-25 19:33:36.018] [SFX] {"sound": "civ_move_1", "volume": 0.07}
[2026-09-25 19:33:36.019] [SFX] {"sound": "civ_move_2", "volume": 0.07}
[2026-09-25 19:33:36.077] [SFX] {"sound": "civ_move_2", "volume": 0.25}
[2026-09-25 19:33:36.111] [SFX] {"sound": "civ_move_1", "volume": 0.19}
[2026-09-25 19:33:36.133] [SFX] {"sound": "civ_move_1", "volume": 0.07}
[2026-09-25 19:33:36.175] [SFX] {"sound": "civ_move_2", "volume": 0.02}
[2026-09-25 19:33:36.274] [SFX] {"sound": "guardian_move", "volume": 0.12}
[2026-09-25 19:33:36.307] [SFX] {"sound": "player_move", "volume": 0.4}
[2026-09-25 19:33:36.329] [SFX] {"sound": "civ_move_1", "volume": 0.22}
[2026-09-25 19:33:36.421] [SFX] {"sound": "civ_move_1", "volume": 0.07}
[2026-09-25 19:33:36.421] [SFX] {"sound": "civ_move_1", "volume": 0.12}
[2026-09-25 19:33:36.422] [SFX] {"sound": "civ_move_2", "volume": 0.09}
[2026-09-25 19:33:36.469] [M] {"button": 1, "pos": [334, 180], "ui_clicked": false}
[2026-09-25 19:33:36.486] [SFX] {"sound": "civ_move_2", "volume": 0.2}
[2026-09-25 19:33:36.486] [SFX] {"sound": "civ_move_2", "volume": 0.01}
[2026-09-25 19:33:36.518] [SFX] {"sound": "civ_move_1", "volume": 0.14}
[2026-09-25 19:33:36.540] [SFX] {"sound": "civ_move_2", "volume": 0.0}
[2026-09-25 19:33:36.541] [SFX] {"sound": "civ_move_1", "volume": 0.09}
[2026-09-25 19:33:36.617] [SFX] {"sound": "player_move", "volume": 0.4}
[2026-09-25 19:33:36.735] [SFX] {"sound": "civ_move_1", "volume": 0.26}
[2026-09-25 19:33:36.832] [SFX] {"sound": "civ_move_1", "volume": 0.02}
[2026-09-25 19:33:36.833] [SFX] {"sound": "civ_move_1", "volume": 0.17}
[2026-09-25 19:33:36.834] [SFX] {"sound": "civ_move_2", "volume": 0.1}
[2026-09-25 19:33:36.849] [M] {"button": 1, "pos": [393, 182], "ui_clicked": false}
[2026-09-25 19:33:36.856] [P] {"start": [53, 80], "goal": [66, 80], "length": 1, "is_direction_change": false}
[2026-09-25 19:33:36.856] [SFX] {"sound": "click_target", "volume": 0.55}
[2026-09-25 19:33:36.887] [SFX] {"sound": "civ_move_2", "volume": 0.17}
[2026-09-25 19:33:36.888] [SFX] {"sound": "civ_move_2", "volume": 0.04}
[2026-09-25 19:33:36.920] [SFX] {"sound": "player_move", "volume": 0.4}
[2026-09-25 19:33:36.921] [SFX] {"sound": "civ_move_1", "volume": 0.12}
[2026-09-25 19:33:36.944] [SFX] {"sound": "civ_move_2", "volume": 0.02}
[2026-09-25 19:33:36.945] [SFX] {"sound": "civ_move_1", "volume": 0.1}
[2026-09-25 19:33:37.138] [SFX] {"sound": "civ_move_1", "volume": 0.23}
[2026-09-25 19:33:37.222] [SFX] {"sound": "player_move", "volume": 0.4}
[2026-09-25 19:33:37.246] [SFX] {"sound": "civ_move_1", "volume": 0.09}
[2026-09-25 19:33:37.247] [SFX] {"sound": "civ_move_1", "volume": 0.16}
[2026-09-25 19:33:37.248] [SFX] {"sound": "civ_move_2", "volume": 0.08}
[2026-09-25 19:33:37.294] [SFX] {"sound": "civ_move_2", "volume": 0.24}
[2026-09-25 19:33:37.329] [SFX] {"sound": "civ_move_1", "volume": 0.19}
[2026-09-25 19:33:37.350] [SFX] {"sound": "civ_move_2", "volume": 0.01}
[2026-09-25 19:33:37.351] [SFX] {"sound": "civ_move_1", "volume": 0.07}
[2026-09-25 19:33:37.549] [SFX] {"sound": "civ_move_1", "volume": 0.17}
[2026-09-25 19:33:37.648] [SFX] {"sound": "civ_move_1", "volume": 0.13}
[2026-09-25 19:33:37.648] [SFX] {"sound": "civ_move_1", "volume": 0.12}
[2026-09-25 19:33:37.649] [SFX] {"sound": "civ_move_2", "volume": 0.06}
[2026-09-25 19:33:37.650] [C] {"civ_pos": [68, 80]}
[2026-09-25 19:33:37.700] [SFX] {"sound": "civ_move_2", "volume": 0.28}
[2026-09-25 19:33:37.732] [SFX] {"sound": "civ_move_1", "volume": 0.22}
[2026-09-25 19:33:37.754] [SFX] {"sound": "civ_move_2", "volume": 0.01}
[2026-09-25 19:33:37.755] [SFX] {"sound": "civ_move_1", "volume": 0.05}
[2026-09-25 19:33:37.830] [M] {"button": 1, "pos": [393, 182], "ui_clicked": false}
[2026-09-25 19:33:37.837] [P] {"start": [66, 80], "goal": [74, 80], "length": 1, "is_direction_change": false}
[2026-09-25 19:33:37.838] [SFX] {"sound": "click_target", "volume": 0.63}
[2026-09-25 19:33:37.900] [SFX] {"sound": "player_move", "volume": 0.4}
[2026-09-25 19:33:37.950] [SFX] {"sound": "civ_move_1", "volume": 0.14}
[2026-09-25 19:33:38.049] [SFX] {"sound": "civ_move_1", "volume": 0.18}
[2026-09-25 19:33:38.049] [SFX] {"sound": "civ_move_1", "volume": 0.09}
[2026-09-25 19:33:38.050] [SFX] {"sound": "civ_move_2", "volume": 0.03}
[2026-09-25 19:33:38.114] [SFX] {"sound": "civ_move_2", "volume": 0.27}
[2026-09-25 19:33:38.147] [SFX] {"sound": "civ_move_1", "volume": 0.27}
[2026-09-25 19:33:38.171] [SFX] {"sound": "civ_move_1", "volume": 0.02}
[2026-09-25 19:33:38.214] [SFX] {"sound": "player_move", "volume": 0.4}
[2026-09-25 19:33:38.215] [SFX] {"sound": "civ_move_2", "volume": 0.02}
[2026-09-25 19:33:38.361] [SFX] {"sound": "civ_move_1", "volume": 0.09}
[2026-09-25 19:33:38.458] [SFX] {"sound": "civ_move_1", "volume": 0.21}
[2026-09-25 19:33:38.459] [SFX] {"sound": "civ_move_1", "volume": 0.07}
[2026-09-25 19:33:38.460] [SFX] {"sound": "civ_move_2", "volume": 0.01}
[2026-09-25 19:33:38.523] [SFX] {"sound": "civ_move_2", "volume": 0.23}
[2026-09-25 19:33:38.556] [SFX] {"sound": "civ_move_1", "volume": 0.27}
[2026-09-25 19:33:38.579] [SFX] {"sound": "civ_move_1", "volume": 0.01}
[2026-09-25 19:33:38.623] [SFX] {"sound": "civ_move_2", "volume": 0.01}
[2026-09-25 19:33:38.771] [SFX] {"sound": "civ_move_1", "volume": 0.08}
[2026-09-25 19:33:38.871] [SFX] {"sound": "civ_move_1", "volume": 0.23}
[2026-09-25 19:33:38.871] [SFX] {"sound": "civ_move_1", "volume": 0.08}
[2026-09-25 19:33:38.872] [SFX] {"sound": "civ_move_2", "volume": 0.0}
[2026-09-25 19:33:38.936] [SFX] {"sound": "civ_move_2", "volume": 0.22}
[2026-09-25 19:33:38.969] [SFX] {"sound": "civ_move_1", "volume": 0.26}
[2026-09-25 19:33:38.992] [SFX] {"sound": "civ_move_1", "volume": 0.02}
[2026-09-25 19:33:39.182] [SFX] {"sound": "civ_move_1", "volume": 0.06}
[2026-09-25 19:33:39.281] [SFX] {"sound": "civ_move_1", "volume": 0.24}
[2026-09-25 19:33:39.281] [SFX] {"sound": "civ_move_1", "volume": 0.09}
[2026-09-25 19:33:39.346] [SFX] {"sound": "civ_move_2", "volume": 0.21}
[2026-09-25 19:33:39.379] [SFX] {"sound": "civ_move_1", "volume": 0.25}
[2026-09-25 19:33:39.401] [SFX] {"sound": "civ_move_2", "volume": 0.0}
[2026-09-25 19:33:39.402] [SFX] {"sound": "civ_move_1", "volume": 0.02}
[2026-09-25 19:33:39.597] [SFX] {"sound": "civ_move_1", "volume": 0.06}
[2026-09-25 19:33:39.683] [SFX] {"sound": "civ_move_1", "volume": 0.25}
[2026-09-25 19:33:39.683] [SFX] {"sound": "civ_move_1", "volume": 0.1}
[2026-09-25 19:33:39.749] [SFX] {"sound": "civ_move_2", "volume": 0.2}
[2026-09-25 19:33:39.784] [SFX] {"sound": "civ_move_1", "volume": 0.24}
[2026-09-25 19:33:39.806] [SFX] {"sound": "civ_move_2", "volume": 0.01}
[2026-09-25 19:33:39.806] [SFX] {"sound": "civ_move_1", "volume": 0.02}
[2026-09-25 19:33:40.012] [SFX] {"sound": "civ_move_1", "volume": 0.06}
[2026-09-25 19:33:40.094] [SFX] {"sound": "civ_move_1", "volume": 0.26}
[2026-09-25 19:33:40.095] [SFX] {"sound": "civ_move_1", "volume": 0.12}
[2026-09-25 19:33:40.161] [SFX] {"sound": "civ_move_2", "volume": 0.19}
[2026-09-25 19:33:40.194] [SFX] {"sound": "civ_move_1", "volume": 0.23}
[2026-09-25 19:33:40.216] [SFX] {"sound": "civ_move_2", "volume": 0.01}
[2026-09-25 19:33:40.217] [SFX] {"sound": "civ_move_1", "volume": 0.03}
[2026-09-25 19:33:40.344] [M] {"button": 4, "pos": [390, 192], "ui_clicked": false}
[2026-09-25 19:33:40.425] [SFX] {"sound": "civ_move_1", "volume": 0.05}
[2026-09-25 19:33:40.508] [SFX] {"sound": "civ_move_1", "volume": 0.26}
[2026-09-25 19:33:40.509] [SFX] {"sound": "civ_move_1", "volume": 0.13}
[2026-09-25 19:33:40.575] [SFX] {"sound": "civ_move_2", "volume": 0.17}
[2026-09-25 19:33:40.576] [SFX] {"sound": "civ_move_2", "volume": 0.0}
[2026-09-25 19:33:40.607] [SFX] {"sound": "civ_move_1", "volume": 0.22}
[2026-09-25 19:33:40.632] [SFX] {"sound": "civ_move_2", "volume": 0.02}
[2026-09-25 19:33:40.632] [SFX] {"sound": "civ_move_1", "volume": 0.03}
[2026-09-25 19:33:40.708] [M] {"button": 4, "pos": [390, 192], "ui_clicked": false}
[2026-09-25 19:33:40.826] [SFX] {"sound": "civ_move_1", "volume": 0.05}
[2026-09-25 19:33:40.923] [SFX] {"sound": "civ_move_1", "volume": 0.27}
[2026-09-25 19:33:40.923] [SFX] {"sound": "civ_move_1", "volume": 0.14}
[2026-09-25 19:33:40.991] [SFX] {"sound": "civ_move_2", "volume": 0.16}
[2026-09-25 19:33:40.991] [SFX] {"sound": "civ_move_1", "volume": 0.0}
[2026-09-25 19:33:40.992] [SFX] {"sound": "civ_move_2", "volume": 0.01}
[2026-09-25 19:33:41.021] [SFX] {"sound": "civ_move_1", "volume": 0.21}
[2026-09-25 19:33:41.044] [SFX] {"sound": "civ_move_2", "volume": 0.02}
[2026-09-25 19:33:41.045] [SFX] {"sound": "civ_move_1", "volume": 0.04}
[2026-09-25 19:33:41.239] [SFX] {"sound": "civ_move_1", "volume": 0.05}
[2026-09-25 19:33:41.338] [SFX] {"sound": "civ_move_1", "volume": 0.27}
[2026-09-25 19:33:41.339] [SFX] {"sound": "civ_move_1", "volume": 0.15}
[2026-09-25 19:33:41.404] [SFX] {"sound": "civ_move_2", "volume": 0.15}
[2026-09-25 19:33:41.405] [SFX] {"sound": "civ_move_1", "volume": 0.01}
[2026-09-25 19:33:41.406] [SFX] {"sound": "civ_move_2", "volume": 0.02}
[2026-09-25 19:33:41.436] [SFX] {"sound": "civ_move_1", "volume": 0.2}
[2026-09-25 19:33:41.459] [SFX] {"sound": "civ_move_2", "volume": 0.03}
[2026-09-25 19:33:41.460] [SFX] {"sound": "civ_move_1", "volume": 0.04}
[2026-09-25 19:33:41.651] [SFX] {"sound": "civ_move_1", "volume": 0.05}
[2026-09-25 19:33:41.747] [SFX] {"sound": "civ_move_1", "volume": 0.26}
[2026-09-25 19:33:41.748] [SFX] {"sound": "civ_move_1", "volume": 0.17}
[2026-09-25 19:33:41.815] [SFX] {"sound": "civ_move_2", "volume": 0.14}
[2026-09-25 19:33:41.816] [SFX] {"sound": "civ_move_1", "volume": 0.02}
[2026-09-25 19:33:41.817] [SFX] {"sound": "civ_move_2", "volume": 0.03}
[2026-09-25 19:33:41.848] [SFX] {"sound": "civ_move_1", "volume": 0.18}
[2026-09-25 19:33:41.870] [SFX] {"sound": "civ_move_2", "volume": 0.03}
[2026-09-25 19:33:41.871] [SFX] {"sound": "civ_move_1", "volume": 0.04}
[2026-09-25 19:33:42.148] [SFX] {"sound": "civ_move_1", "volume": 0.26}
[2026-09-25 19:33:42.149] [SFX] {"sound": "civ_move_1", "volume": 0.18}
[2026-09-25 19:33:42.232] [SFX] {"sound": "civ_move_2", "volume": 0.12}
[2026-09-25 19:33:42.233] [SFX] {"sound": "civ_move_1", "volume": 0.02}
[2026-09-25 19:33:42.233] [SFX] {"sound": "civ_move_2", "volume": 0.04}
[2026-09-25 19:33:42.254] [SFX] {"sound": "civ_move_1", "volume": 0.17}
[2026-09-25 19:33:42.271] [SFX] {"sound": "civ_move_2", "volume": 0.03}
[2026-09-25 19:33:42.272] [SFX] {"sound": "civ_move_1", "volume": 0.04}
[2026-09-25 19:33:42.561] [SFX] {"sound": "civ_move_1", "volume": 0.25}
[2026-09-25 19:33:42.562] [SFX] {"sound": "civ_move_1", "volume": 0.19}
[2026-09-25 19:33:42.642] [SFX] {"sound": "civ_move_2", "volume": 0.11}
[2026-09-25 19:33:42.642] [SFX] {"sound": "civ_move_1", "volume": 0.03}
[2026-09-25 19:33:42.643] [SFX] {"sound": "civ_move_2", "volume": 0.04}
[2026-09-25 19:33:42.665] [SFX] {"sound": "civ_move_1", "volume": 0.16}
[2026-09-25 19:33:42.681] [SFX] {"sound": "civ_move_2", "volume": 0.04}
[2026-09-25 19:33:42.682] [SFX] {"sound": "civ_move_1", "volume": 0.05}
[2026-09-25 19:33:42.889] [SFX] {"sound": "civ_move_1", "volume": 0.04}
[2026-09-25 19:33:42.970] [SFX] {"sound": "civ_move_1", "volume": 0.24}
[2026-09-25 19:33:42.971] [SFX] {"sound": "civ_move_1", "volume": 0.2}
[2026-09-25 19:33:43.055] [SFX] {"sound": "civ_move_2", "volume": 0.1}
[2026-09-25 19:33:43.056] [SFX] {"sound": "civ_move_1", "volume": 0.04}
[2026-09-25 19:33:43.056] [SFX] {"sound": "civ_move_2", "volume": 0.05}
[2026-09-25 19:33:43.076] [SFX] {"sound": "civ_move_1", "volume": 0.15}
[2026-09-25 19:33:43.095] [SFX] {"sound": "civ_move_2", "volume": 0.04}
[2026-09-25 19:33:43.096] [SFX] {"sound": "civ_move_1", "volume": 0.05}
[2026-09-25 19:33:43.303] [SFX] {"sound": "civ_move_1", "volume": 0.04}
[2026-09-25 19:33:43.385] [SFX] {"sound": "civ_move_1", "volume": 0.23}
[2026-09-25 19:33:43.385] [SFX] {"sound": "civ_move_1", "volume": 0.21}
[2026-09-25 19:33:43.464] [SFX] {"sound": "civ_move_2", "volume": 0.09}
[2026-09-25 19:33:43.464] [SFX] {"sound": "civ_move_1", "volume": 0.05}
[2026-09-25 19:33:43.465] [SFX] {"sound": "civ_move_2", "volume": 0.06}
[2026-09-25 19:33:43.487] [SFX] {"sound": "civ_move_1", "volume": 0.14}
[2026-09-25 19:33:43.520] [SFX] {"sound": "civ_move_2", "volume": 0.04}
[2026-09-25 19:33:43.521] [SFX] {"sound": "civ_move_1", "volume": 0.05}
[2026-09-25 19:33:43.711] [SFX] {"sound": "civ_move_1", "volume": 0.03}
[2026-09-25 19:33:43.793] [SFX] {"sound": "civ_move_1", "volume": 0.21}
[2026-09-25 19:33:43.794] [SFX] {"sound": "civ_move_1", "volume": 0.22}
[2026-09-25 19:33:43.876] [SFX] {"sound": "civ_move_2", "volume": 0.07}
[2026-09-25 19:33:43.877] [SFX] {"sound": "civ_move_1", "volume": 0.05}
[2026-09-25 19:33:43.878] [SFX] {"sound": "civ_move_2", "volume": 0.06}
[2026-09-25 19:33:43.898] [SFX] {"sound": "civ_move_1", "volume": 0.12}
[2026-09-25 19:33:43.914] [SFX] {"sound": "civ_move_2", "volume": 0.04}
[2026-09-25 19:33:43.915] [SFX] {"sound": "civ_move_1", "volume": 0.06}
[2026-09-25 19:33:44.122] [SFX] {"sound": "civ_move_1", "volume": 0.03}
[2026-09-25 19:33:44.206] [SFX] {"sound": "civ_move_1", "volume": 0.2}
[2026-09-25 19:33:44.207] [SFX] {"sound": "civ_move_1", "volume": 0.23}
[2026-09-25 19:33:44.287] [SFX] {"sound": "civ_move_2", "volume": 0.06}
[2026-09-25 19:33:44.288] [SFX] {"sound": "civ_move_1", "volume": 0.06}
[2026-09-25 19:33:44.289] [SFX] {"sound": "civ_move_2", "volume": 0.07}
[2026-09-25 19:33:44.309] [SFX] {"sound": "civ_move_1", "volume": 0.11}
[2026-09-25 19:33:44.327] [SFX] {"sound": "civ_move_2", "volume": 0.05}
[2026-09-25 19:33:44.328] [SFX] {"sound": "civ_move_1", "volume": 0.06}
[2026-09-25 19:33:44.534] [SFX] {"sound": "civ_move_1", "volume": 0.02}
[2026-09-25 19:33:44.616] [SFX] {"sound": "civ_move_1", "volume": 0.19}
[2026-09-25 19:33:44.617] [SFX] {"sound": "civ_move_1", "volume": 0.25}
[2026-09-25 19:33:44.698] [SFX] {"sound": "civ_move_2", "volume": 0.05}
[2026-09-25 19:33:44.699] [SFX] {"sound": "civ_move_1", "volume": 0.07}
[2026-09-25 19:33:44.699] [SFX] {"sound": "civ_move_2", "volume": 0.08}
[2026-09-25 19:33:44.719] [SFX] {"sound": "civ_move_1", "volume": 0.1}
[2026-09-25 19:33:44.736] [SFX] {"sound": "civ_move_2", "volume": 0.05}
[2026-09-25 19:33:44.737] [SFX] {"sound": "civ_move_1", "volume": 0.06}
[2026-09-25 19:33:44.948] [SFX] {"sound": "civ_move_1", "volume": 0.02}
[2026-09-25 19:33:45.028] [SFX] {"sound": "civ_move_1", "volume": 0.18}
[2026-09-25 19:33:45.029] [SFX] {"sound": "civ_move_1", "volume": 0.26}
[2026-09-25 19:33:45.109] [SFX] {"sound": "civ_move_2", "volume": 0.04}
[2026-09-25 19:33:45.110] [SFX] {"sound": "civ_move_1", "volume": 0.07}
[2026-09-25 19:33:45.110] [SFX] {"sound": "civ_move_2", "volume": 0.08}
[2026-09-25 19:33:45.133] [SFX] {"sound": "civ_move_1", "volume": 0.09}
[2026-09-25 19:33:45.149] [SFX] {"sound": "civ_move_2", "volume": 0.05}
[2026-09-25 19:33:45.150] [SFX] {"sound": "civ_move_1", "volume": 0.07}
[2026-09-25 19:33:45.356] [SFX] {"sound": "civ_move_1", "volume": 0.01}
[2026-09-25 19:33:45.441] [SFX] {"sound": "civ_move_1", "volume": 0.17}
[2026-09-25 19:33:45.441] [SFX] {"sound": "civ_move_1", "volume": 0.26}
[2026-09-25 19:33:45.522] [SFX] {"sound": "civ_move_2", "volume": 0.03}
[2026-09-25 19:33:45.523] [SFX] {"sound": "civ_move_1", "volume": 0.08}
[2026-09-25 19:33:45.524] [SFX] {"sound": "civ_move_2", "volume": 0.09}
[2026-09-25 19:33:45.544] [SFX] {"sound": "civ_move_1", "volume": 0.07}
[2026-09-25 19:33:45.561] [SFX] {"sound": "civ_move_2", "volume": 0.06}
[2026-09-25 19:33:45.561] [SFX] {"sound": "civ_move_1", "volume": 0.08}
[2026-09-25 19:33:45.766] [SFX] {"sound": "civ_move_1", "volume": 0.01}
[2026-09-25 19:33:45.849] [SFX] {"sound": "civ_move_1", "volume": 0.16}
[2026-09-25 19:33:45.851] [SFX] {"sound": "civ_move_1", "volume": 0.27}
[2026-09-25 19:33:45.930] [SFX] {"sound": "civ_move_2", "volume": 0.01}
[2026-09-25 19:33:45.931] [SFX] {"sound": "civ_move_1", "volume": 0.08}
[2026-09-25 19:33:45.931] [SFX] {"sound": "civ_move_2", "volume": 0.09}
[2026-09-25 19:33:45.952] [SFX] {"sound": "civ_move_1", "volume": 0.06}
[2026-09-25 19:33:45.968] [SFX] {"sound": "civ_move_1", "volume": 0.09}
[2026-09-25 19:33:45.985] [SFX] {"sound": "civ_move_2", "volume": 0.06}
[2026-09-25 19:33:46.176] [SFX] {"sound": "civ_move_1", "volume": 0.01}
[2026-09-25 19:33:46.258] [SFX] {"sound": "civ_move_1", "volume": 0.14}
[2026-09-25 19:33:46.259] [SFX] {"sound": "civ_move_1", "volume": 0.27}
[2026-09-25 19:33:46.341] [SFX] {"sound": "civ_move_2", "volume": 0.0}
[2026-09-25 19:33:46.341] [SFX] {"sound": "civ_move_1", "volume": 0.09}
[2026-09-25 19:33:46.342] [SFX] {"sound": "civ_move_2", "volume": 0.1}
[2026-09-25 19:33:46.363] [SFX] {"sound": "civ_move_1", "volume": 0.06}
[2026-09-25 19:33:46.380] [SFX] {"sound": "civ_move_1", "volume": 0.1}
[2026-09-25 19:33:46.397] [SFX] {"sound": "civ_move_2", "volume": 0.06}
[2026-09-25 19:33:46.576] [SFX] {"sound": "civ_move_1", "volume": 0.02}
[2026-09-25 19:33:46.624] [M] {"button": 1, "pos": [363, 160], "ui_clicked": false}
[2026-09-25 19:33:46.672] [SFX] {"sound": "civ_move_1", "volume": 0.13}
[2026-09-25 19:33:46.673] [SFX] {"sound": "civ_move_1", "volume": 0.27}
[2026-09-25 19:33:46.754] [SFX] {"sound": "civ_move_2", "volume": 0.1}
[2026-09-25 19:33:46.775] [SFX] {"sound": "civ_move_1", "volume": 0.06}
[2026-09-25 19:33:46.776] [SFX] {"sound": "civ_move_1", "volume": 0.09}
[2026-09-25 19:33:46.791] [SFX] {"sound": "civ_move_1", "volume": 0.11}
[2026-09-25 19:33:46.808] [SFX] {"sound": "civ_move_2", "volume": 0.06}
[2026-09-25 19:33:46.986] [SFX] {"sound": "civ_move_1", "volume": 0.03}
[2026-09-25 19:33:47.083] [SFX] {"sound": "civ_move_1", "volume": 0.12}
[2026-09-25 19:33:47.105] [SFX] {"sound": "civ_move_1", "volume": 0.27}
[2026-09-25 19:33:47.166] [SFX] {"sound": "civ_move_2", "volume": 0.1}
[2026-09-25 19:33:47.190] [SFX] {"sound": "civ_move_1", "volume": 0.05}
[2026-09-25 19:33:47.190] [SFX] {"sound": "civ_move_1", "volume": 0.1}
[2026-09-25 19:33:47.206] [SFX] {"sound": "civ_move_1", "volume": 0.13}
[2026-09-25 19:33:47.222] [SFX] {"sound": "civ_move_2", "volume": 0.07}
[2026-09-25 19:33:47.401] [SFX] {"sound": "civ_move_1", "volume": 0.04}
[2026-09-25 19:33:47.465] [M] {"button": 1, "pos": [220, 205], "ui_clicked": false}
[2026-09-25 19:33:47.474] [P] {"start": [74, 80], "goal": [70, 80], "length": 1, "is_direction_change": false}
[2026-09-25 19:33:47.475] [SFX] {"sound": "click_target", "volume": 0.74}
[2026-09-25 19:33:47.510] [JACK] Vorsichtig vorantasten...
[2026-09-25 19:33:47.511] [SFX] {"sound": "civ_move_1", "volume": 0.11}
[2026-09-25 19:33:47.526] [SFX] {"sound": "civ_move_1", "volume": 0.27}
[2026-09-25 19:33:47.570] [SFX] {"sound": "civ_move_2", "volume": 0.11}
[2026-09-25 19:33:47.594] [SFX] {"sound": "civ_move_1", "volume": 0.06}
[2026-09-25 19:33:47.595] [SFX] {"sound": "civ_move_1", "volume": 0.1}
[2026-09-25 19:33:47.610] [SFX] {"sound": "civ_move_1", "volume": 0.16}
[2026-09-25 19:33:47.627] [SFX] {"sound": "civ_move_2", "volume": 0.1}
[2026-09-25 19:33:47.801] [SFX] {"sound": "civ_move_1", "volume": 0.06}
[2026-09-25 19:33:47.885] [SFX] {"sound": "civ_move_1", "volume": 0.12}
[2026-09-25 19:33:47.935] [M] {"button": 1, "pos": [192, 204], "ui_clicked": false}
[2026-09-25 19:33:47.943] [SFX] {"sound": "civ_move_1", "volume": 0.26}
[2026-09-25 19:33:47.944] [P] {"start": [70, 80], "goal": [66, 80], "length": 1, "is_direction_change": false}
[2026-09-25 19:33:47.945] [SFX] {"sound": "click_target", "volume": 0.73}
[2026-09-25 19:33:47.979] [SFX] {"sound": "civ_move_2", "volume": 0.11}
[2026-09-25 19:33:48.001] [SFX] {"sound": "civ_move_1", "volume": 0.08}
[2026-09-25 19:33:48.002] [SFX] {"sound": "civ_move_1", "volume": 0.09}
[2026-09-25 19:33:48.017] [SFX] {"sound": "civ_move_1", "volume": 0.19}
[2026-09-25 19:33:48.035] [SFX] {"sound": "civ_move_2", "volume": 0.13}
[2026-09-25 19:33:48.051] [SFX] {"sound": "player_move", "volume": 0.4}
[2026-09-25 19:33:48.211] [SFX] {"sound": "civ_move_1", "volume": 0.08}
[2026-09-25 19:33:48.294] [SFX] {"sound": "civ_move_1", "volume": 0.14}
[2026-09-25 19:33:48.343] [SFX] {"sound": "civ_move_1", "volume": 0.25}
[2026-09-25 19:33:48.392] [SFX] {"sound": "civ_move_2", "volume": 0.01}
[2026-09-25 19:33:48.392] [SFX] {"sound": "civ_move_2", "volume": 0.1}
[2026-09-25 19:33:48.414] [SFX] {"sound": "civ_move_2", "volume": 0.0}
[2026-09-25 19:33:48.415] [SFX] {"sound": "civ_move_1", "volume": 0.09}
[2026-09-25 19:33:48.425] [M] {"button": 1, "pos": [192, 204], "ui_clicked": false}
[2026-09-25 19:33:48.432] [SFX] {"sound": "civ_move_1", "volume": 0.22}
[2026-09-25 19:33:48.433] [P] {"start": [66, 80], "goal": [62, 80], "length": 1, "is_direction_change": false}
[2026-09-25 19:33:48.434] [SFX] {"sound": "click_target", "volume": 0.73}
[2026-09-25 19:33:48.469] [SFX] {"sound": "civ_move_2", "volume": 0.16}
[2026-09-25 19:33:48.626] [SFX] {"sound": "civ_move_1", "volume": 0.1}
[2026-09-25 19:33:48.709] [SFX] {"sound": "civ_move_1", "volume": 0.16}
[2026-09-25 19:33:48.742] [SFX] {"sound": "civ_move_1", "volume": 0.24}
[2026-09-25 19:33:48.793] [SFX] {"sound": "civ_move_2", "volume": 0.04}
[2026-09-25 19:33:48.794] [SFX] {"sound": "civ_move_2", "volume": 0.09}
[2026-09-25 19:33:48.816] [SFX] {"sound": "civ_move_2", "volume": 0.02}
[2026-09-25 19:33:48.817] [SFX] {"sound": "civ_move_1", "volume": 0.11}
[2026-09-25 19:33:48.817] [SFX] {"sound": "civ_move_1", "volume": 0.08}
[2026-09-25 19:33:48.834] [SFX] {"sound": "civ_move_1", "volume": 0.26}
[2026-09-25 19:33:48.834] [SFX] {"sound": "civ_move_1", "volume": 0.02}
[2026-09-25 19:33:48.852] [SFX] {"sound": "civ_move_2", "volume": 0.2}
[2026-09-25 19:33:48.908] [M] {"button": 1, "pos": [192, 204], "ui_clicked": false}
[2026-09-25 19:33:48.917] [P] {"start": [62, 80], "goal": [58, 80], "length": 1, "is_direction_change": false}
[2026-09-25 19:33:48.917] [SFX] {"sound": "click_target", "volume": 0.73}
[2026-09-25 19:33:48.979] [SFX] {"sound": "player_move", "volume": 0.4}
[2026-09-25 19:33:49.028] [SFX] {"sound": "civ_move_1", "volume": 0.1}
[2026-09-25 19:33:49.112] [SFX] {"sound": "civ_move_1", "volume": 0.18}
[2026-09-25 19:33:49.144] [SFX] {"sound": "civ_move_1", "volume": 0.22}
[2026-09-25 19:33:49.194] [SFX] {"sound": "civ_move_2", "volume": 0.06}
[2026-09-25 19:33:49.195] [SFX] {"sound": "civ_move_2", "volume": 0.07}
[2026-09-25 19:33:49.231] [SFX] {"sound": "civ_move_2", "volume": 0.04}
[2026-09-25 19:33:49.232] [SFX] {"sound": "civ_move_1", "volume": 0.13}
[2026-09-25 19:33:49.232] [SFX] {"sound": "civ_move_1", "volume": 0.07}
[2026-09-25 19:33:49.248] [SFX] {"sound": "civ_move_1", "volume": 0.27}
[2026-09-25 19:33:49.249] [SFX] {"sound": "civ_move_1", "volume": 0.04}
[2026-09-25 19:33:49.264] [SFX] {"sound": "civ_move_2", "volume": 0.24}
[2026-09-25 19:33:49.444] [SFX] {"sound": "civ_move_1", "volume": 0.11}
[2026-09-25 19:33:49.527] [SFX] {"sound": "civ_move_1", "volume": 0.18}
[2026-09-25 19:33:49.559] [SFX] {"sound": "civ_move_1", "volume": 0.23}
[2026-09-25 19:33:49.608] [SFX] {"sound": "civ_move_2", "volume": 0.05}
[2026-09-25 19:33:49.609] [SFX] {"sound": "civ_move_2", "volume": 0.06}
[2026-09-25 19:33:49.630] [SFX] {"sound": "civ_move_2", "volume": 0.05}
[2026-09-25 19:33:49.631] [SFX] {"sound": "civ_move_1", "volume": 0.13}
[2026-09-25 19:33:49.632] [SFX] {"sound": "civ_move_1", "volume": 0.08}
[2026-09-25 19:33:49.657] [SFX] {"sound": "civ_move_1", "volume": 0.26}
[2026-09-25 19:33:49.658] [SFX] {"sound": "civ_move_1", "volume": 0.05}
[2026-09-25 19:33:49.678] [SFX] {"sound": "civ_move_2", "volume": 0.25}
[2026-09-25 19:33:49.853] [SFX] {"sound": "civ_move_1", "volume": 0.11}
[2026-09-25 19:33:49.938] [SFX] {"sound": "civ_move_1", "volume": 0.18}
[2026-09-25 19:33:49.971] [SFX] {"sound": "civ_move_1", "volume": 0.24}
[2026-09-25 19:33:50.020] [SFX] {"sound": "civ_move_2", "volume": 0.04}
[2026-09-25 19:33:50.020] [SFX] {"sound": "civ_move_2", "volume": 0.06}
[2026-09-25 19:33:50.042] [SFX] {"sound": "civ_move_1", "volume": 0.12}
[2026-09-25 19:33:50.042] [SFX] {"sound": "civ_move_1", "volume": 0.09}
[2026-09-25 19:33:50.069] [SFX] {"sound": "civ_move_1", "volume": 0.25}
[2026-09-25 19:33:50.069] [SFX] {"sound": "civ_move_1", "volume": 0.05}
[2026-09-25 19:33:50.091] [SFX] {"sound": "civ_move_2", "volume": 0.26}
[2026-09-25 19:33:50.264] [SFX] {"sound": "civ_move_1", "volume": 0.11}
[2026-09-25 19:33:50.346] [SFX] {"sound": "civ_move_1", "volume": 0.14}
[2026-09-25 19:33:50.379] [SFX] {"sound": "civ_move_1", "volume": 0.25}
[2026-09-25 19:33:50.427] [SFX] {"sound": "civ_move_2", "volume": 0.03}
[2026-09-25 19:33:50.428] [SFX] {"sound": "civ_move_2", "volume": 0.05}
[2026-09-25 19:33:50.450] [SFX] {"sound": "civ_move_2", "volume": 0.07}
[2026-09-25 19:33:50.450] [SFX] {"sound": "civ_move_1", "volume": 0.12}
[2026-09-25 19:33:50.451] [SFX] {"sound": "civ_move_1", "volume": 0.09}
[2026-09-25 19:33:50.476] [SFX] {"sound": "civ_move_1", "volume": 0.24}
[2026-09-25 19:33:50.477] [SFX] {"sound": "civ_move_1", "volume": 0.06}
[2026-09-25 19:33:50.499] [SFX] {"sound": "civ_move_2", "volume": 0.27}
[2026-09-25 19:33:50.671] [SFX] {"sound": "civ_move_1", "volume": 0.11}
[2026-09-25 19:33:50.753] [SFX] {"sound": "civ_move_1", "volume": 0.14}
[2026-09-25 19:33:50.786] [SFX] {"sound": "civ_move_1", "volume": 0.26}
[2026-09-25 19:33:50.835] [SFX] {"sound": "civ_move_2", "volume": 0.03}
[2026-09-25 19:33:50.836] [SFX] {"sound": "civ_move_2", "volume": 0.04}
[2026-09-25 19:33:50.856] [SFX] {"sound": "civ_move_2", "volume": 0.08}
[2026-09-25 19:33:50.857] [SFX] {"sound": "civ_move_1", "volume": 0.11}
[2026-09-25 19:33:50.858] [SFX] {"sound": "civ_move_1", "volume": 0.1}
[2026-09-25 19:33:50.887] [SFX] {"sound": "civ_move_1", "volume": 0.23}
[2026-09-25 19:33:50.887] [SFX] {"sound": "civ_move_1", "volume": 0.07}
[2026-09-25 19:33:50.911] [SFX] {"sound": "civ_move_2", "volume": 0.27}
[2026-09-25 19:33:51.085] [SFX] {"sound": "civ_move_1", "volume": 0.1}
[2026-09-25 19:33:51.133] [M] {"button": 1, "pos": [143, 198], "ui_clicked": false}
[2026-09-25 19:33:51.142] [P] {"start": [58, 80], "goal": [52, 80], "length": 1, "is_direction_change": false}
[2026-09-25 19:33:51.143] [SFX] {"sound": "click_target", "volume": 0.69}
[2026-09-25 19:33:51.183] [SFX] {"sound": "civ_move_1", "volume": 0.14}
[2026-09-25 19:33:51.198] [SFX] {"sound": "civ_move_1", "volume": 0.26}
[2026-09-25 19:33:51.242] [SFX] {"sound": "civ_move_2", "volume": 0.04}
[2026-09-25 19:33:51.264] [SFX] {"sound": "civ_move_2", "volume": 0.09}
[2026-09-25 19:33:51.264] [SFX] {"sound": "civ_move_1", "volume": 0.11}
[2026-09-25 19:33:51.265] [SFX] {"sound": "civ_move_1", "volume": 0.09}
[2026-09-25 19:33:51.265] [SFX] {"sound": "civ_move_2", "volume": 0.03}
[2026-09-25 19:33:51.291] [SFX] {"sound": "civ_move_1", "volume": 0.2}
[2026-09-25 19:33:51.292] [SFX] {"sound": "civ_move_1", "volume": 0.09}
[2026-09-25 19:33:51.307] [JACK] JACK // PROXY SAFE - SANCTUARY ACTIVE
[2026-09-25 19:33:51.315] [SFX] {"sound": "civ_move_2", "volume": 0.25}
[2026-09-25 19:33:51.330] [SFX] {"sound": "player_move", "volume": 0.4}
[2026-09-25 19:33:51.493] [SFX] {"sound": "civ_move_1", "volume": 0.09}
[2026-09-25 19:33:51.525] [M] {"button": 1, "pos": [143, 198], "ui_clicked": false}
[2026-09-25 19:33:51.532] [P] {"start": [52, 80], "goal": [48, 80], "length": 1, "is_direction_change": false}
[2026-09-25 19:33:51.533] [SFX] {"sound": "click_target", "volume": 0.72}
[2026-09-25 19:33:51.576] [SFX] {"sound": "civ_move_1", "volume": 0.18}
[2026-09-25 19:33:51.598] [SFX] {"sound": "civ_move_1", "volume": 0.24}
[2026-09-25 19:33:51.659] [SFX] {"sound": "civ_move_2", "volume": 0.12}
[2026-09-25 19:33:51.660] [SFX] {"sound": "civ_move_1", "volume": 0.12}
[2026-09-25 19:33:51.660] [SFX] {"sound": "civ_move_1", "volume": 0.08}
[2026-09-25 19:33:51.661] [SFX] {"sound": "civ_move_2", "volume": 0.01}
[2026-09-25 19:33:51.693] [SFX] {"sound": "civ_move_1", "volume": 0.14}
[2026-09-25 19:33:51.694] [SFX] {"sound": "civ_move_1", "volume": 0.11}
[2026-09-25 19:33:51.725] [SFX] {"sound": "player_move", "volume": 0.4}
[2026-09-25 19:33:51.907] [M] {"button": 1, "pos": [143, 198], "ui_clicked": false}
[2026-09-25 19:33:51.914] [SFX] {"sound": "civ_move_1", "volume": 0.07}
[2026-09-25 19:33:51.915] [P] {"start": [48, 80], "goal": [43, 80], "length": 1, "is_direction_change": false}
[2026-09-25 19:33:51.916] [SFX] {"sound": "click_target", "volume": 0.71}
[2026-09-25 19:33:51.987] [SFX] {"sound": "civ_move_1", "volume": 0.19}
[2026-09-25 19:33:52.010] [SFX] {"sound": "civ_move_1", "volume": 0.22}
[2026-09-25 19:33:52.071] [SFX] {"sound": "civ_move_2", "volume": 0.13}
[2026-09-25 19:33:52.071] [SFX] {"sound": "civ_move_1", "volume": 0.12}
[2026-09-25 19:33:52.072] [SFX] {"sound": "civ_move_1", "volume": 0.07}
[2026-09-25 19:33:52.104] [SFX] {"sound": "civ_move_1", "volume": 0.1}
[2026-09-25 19:33:52.105] [SFX] {"sound": "civ_move_1", "volume": 0.11}
[2026-09-25 19:33:52.318] [SFX] {"sound": "civ_move_1", "volume": 0.04}
[2026-09-25 19:33:52.401] [SFX] {"sound": "civ_move_1", "volume": 0.19}
[2026-09-25 19:33:52.422] [SFX] {"sound": "civ_move_1", "volume": 0.21}
[2026-09-25 19:33:52.482] [SFX] {"sound": "civ_move_2", "volume": 0.15}
[2026-09-25 19:33:52.482] [SFX] {"sound": "civ_move_1", "volume": 0.11}
[2026-09-25 19:33:52.484] [SFX] {"sound": "civ_move_1", "volume": 0.07}
[2026-09-25 19:33:52.516] [SFX] {"sound": "civ_move_1", "volume": 0.08}
[2026-09-25 19:33:52.538] [SFX] {"sound": "civ_move_1", "volume": 0.11}
[2026-09-25 19:33:52.729] [SFX] {"sound": "civ_move_1", "volume": 0.03}
[2026-09-25 19:33:52.777] [SFX] {"sound": "civ_move_2", "volume": 0.07}
[2026-09-25 19:33:52.811] [SFX] {"sound": "civ_move_1", "volume": 0.18}
[2026-09-25 19:33:52.833] [SFX] {"sound": "civ_move_1", "volume": 0.22}
[2026-09-25 19:33:52.892] [SFX] {"sound": "civ_move_2", "volume": 0.16}
[2026-09-25 19:33:52.893] [SFX] {"sound": "civ_move_1", "volume": 0.1}
[2026-09-25 19:33:52.894] [SFX] {"sound": "civ_move_1", "volume": 0.07}
[2026-09-25 19:33:52.895] [SFX] {"sound": "civ_move_2", "volume": 0.0}
[2026-09-25 19:33:52.926] [SFX] {"sound": "civ_move_1", "volume": 0.06}
[2026-09-25 19:33:52.949] [SFX] {"sound": "civ_move_1", "volume": 0.1}
[2026-09-25 19:33:53.139] [SFX] {"sound": "civ_move_1", "volume": 0.03}
[2026-09-25 19:33:53.189] [SFX] {"sound": "civ_move_2", "volume": 0.07}
[2026-09-25 19:33:53.222] [SFX] {"sound": "civ_move_1", "volume": 0.17}
[2026-09-25 19:33:53.245] [SFX] {"sound": "civ_move_1", "volume": 0.23}
[2026-09-25 19:33:53.306] [SFX] {"sound": "civ_move_2", "volume": 0.17}
[2026-09-25 19:33:53.307] [SFX] {"sound": "civ_move_1", "volume": 0.09}
[2026-09-25 19:33:53.309] [SFX] {"sound": "civ_move_1", "volume": 0.08}
[2026-09-25 19:33:53.310] [SFX] {"sound": "civ_move_2", "volume": 0.01}
[2026-09-25 19:33:53.338] [SFX] {"sound": "civ_move_1", "volume": 0.05}
[2026-09-25 19:33:53.362] [SFX] {"sound": "civ_move_1", "volume": 0.1}
[2026-09-25 19:33:53.554] [SFX] {"sound": "civ_move_1", "volume": 0.02}
[2026-09-25 19:33:53.588] [SFX] {"sound": "civ_move_2", "volume": 0.07}
[2026-09-25 19:33:53.621] [SFX] {"sound": "civ_move_1", "volume": 0.16}
[2026-09-25 19:33:53.644] [SFX] {"sound": "civ_move_1", "volume": 0.24}
[2026-09-25 19:33:53.720] [SFX] {"sound": "civ_move_2", "volume": 0.18}
[2026-09-25 19:33:53.720] [SFX] {"sound": "civ_move_1", "volume": 0.08}
[2026-09-25 19:33:53.721] [SFX] {"sound": "civ_move_1", "volume": 0.09}
[2026-09-25 19:33:53.722] [SFX] {"sound": "civ_move_2", "volume": 0.02}
[2026-09-25 19:33:53.752] [SFX] {"sound": "civ_move_1", "volume": 0.04}
[2026-09-25 19:33:53.774] [SFX] {"sound": "civ_move_1", "volume": 0.1}
[2026-09-25 19:33:53.966] [SFX] {"sound": "civ_move_1", "volume": 0.01}
[2026-09-25 19:33:53.999] [SFX] {"sound": "civ_move_2", "volume": 0.08}
[2026-09-25 19:33:54.031] [SFX] {"sound": "civ_move_1", "volume": 0.15}
[2026-09-25 19:33:54.053] [SFX] {"sound": "civ_move_1", "volume": 0.25}
[2026-09-25 19:33:54.129] [SFX] {"sound": "civ_move_2", "volume": 0.18}
[2026-09-25 19:33:54.130] [SFX] {"sound": "civ_move_1", "volume": 0.07}
[2026-09-25 19:33:54.131] [SFX] {"sound": "civ_move_1", "volume": 0.09}
[2026-09-25 19:33:54.132] [SFX] {"sound": "civ_move_2", "volume": 0.03}
[2026-09-25 19:33:54.163] [SFX] {"sound": "civ_move_1", "volume": 0.03}
[2026-09-25 19:33:54.185] [SFX] {"sound": "civ_move_1", "volume": 0.09}
[2026-09-25 19:33:54.376] [SFX] {"sound": "civ_move_1", "volume": 0.0}
[2026-09-25 19:33:54.410] [SFX] {"sound": "civ_move_2", "volume": 0.09}
[2026-09-25 19:33:54.442] [SFX] {"sound": "civ_move_1", "volume": 0.14}
[2026-09-25 19:33:54.465] [SFX] {"sound": "civ_move_1", "volume": 0.26}
[2026-09-25 19:33:54.542] [SFX] {"sound": "civ_move_2", "volume": 0.19}
[2026-09-25 19:33:54.543] [SFX] {"sound": "civ_move_1", "volume": 0.06}
[2026-09-25 19:33:54.544] [SFX] {"sound": "civ_move_1", "volume": 0.09}
[2026-09-25 19:33:54.545] [SFX] {"sound": "civ_move_2", "volume": 0.04}
[2026-09-25 19:33:54.575] [SFX] {"sound": "civ_move_1", "volume": 0.02}
[2026-09-25 19:33:54.598] [SFX] {"sound": "civ_move_1", "volume": 0.09}
[2026-09-25 19:33:54.807] [SFX] {"sound": "civ_move_1", "volume": 0.01}
[2026-09-25 19:33:54.828] [SFX] {"sound": "civ_move_2", "volume": 0.09}
[2026-09-25 19:33:54.848] [SFX] {"sound": "civ_move_1", "volume": 0.13}
[2026-09-25 19:33:54.873] [SFX] {"sound": "civ_move_1", "volume": 0.27}
[2026-09-25 19:33:54.955] [SFX] {"sound": "civ_move_2", "volume": 0.2}
[2026-09-25 19:33:54.956] [SFX] {"sound": "civ_move_1", "volume": 0.05}
[2026-09-25 19:33:54.956] [SFX] {"sound": "civ_move_1", "volume": 0.1}
[2026-09-25 19:33:54.957] [SFX] {"sound": "civ_move_2", "volume": 0.04}
[2026-09-25 19:33:54.986] [SFX] {"sound": "civ_move_1", "volume": 0.0}
[2026-09-25 19:33:55.009] [SFX] {"sound": "civ_move_1", "volume": 0.08}
[2026-09-25 19:33:55.216] [SFX] {"sound": "civ_move_1", "volume": 0.02}
[2026-09-25 19:33:55.239] [SFX] {"sound": "civ_move_2", "volume": 0.09}
[2026-09-25 19:33:55.255] [SFX] {"sound": "civ_move_1", "volume": 0.12}
[2026-09-25 19:33:55.282] [SFX] {"sound": "civ_move_1", "volume": 0.27}
[2026-09-25 19:33:55.365] [SFX] {"sound": "civ_move_2", "volume": 0.21}
[2026-09-25 19:33:55.365] [SFX] {"sound": "civ_move_1", "volume": 0.04}
[2026-09-25 19:33:55.366] [SFX] {"sound": "civ_move_1", "volume": 0.1}
[2026-09-25 19:33:55.367] [SFX] {"sound": "civ_move_2", "volume": 0.05}
[2026-09-25 19:33:55.416] [SFX] {"sound": "civ_move_1", "volume": 0.08}
[2026-09-25 19:33:55.631] [SFX] {"sound": "civ_move_1", "volume": 0.03}
[2026-09-25 19:33:55.653] [SFX] {"sound": "civ_move_2", "volume": 0.11}
[2026-09-25 19:33:55.670] [SFX] {"sound": "civ_move_1", "volume": 0.11}
[2026-09-25 19:33:55.695] [M] {"button": 1, "pos": [435, 210], "ui_clicked": false}
[2026-09-25 19:33:55.702] [SFX] {"sound": "civ_move_1", "volume": 0.27}
[2026-09-25 19:33:55.703] [P] {"start": [43, 80], "goal": [46, 80], "length": 1, "is_direction_change": false}
[2026-09-25 19:33:55.704] [SFX] {"sound": "click_target", "volume": 0.73}
[2026-09-25 19:33:55.763] [SFX] {"sound": "player_move", "volume": 0.4}
[2026-09-25 19:33:55.785] [SFX] {"sound": "civ_move_2", "volume": 0.22}
[2026-09-25 19:33:55.786] [SFX] {"sound": "civ_move_1", "volume": 0.03}
[2026-09-25 19:33:55.787] [SFX] {"sound": "civ_move_1", "volume": 0.11}
[2026-09-25 19:33:55.787] [SFX] {"sound": "civ_move_2", "volume": 0.06}
[2026-09-25 19:33:55.829] [SFX] {"sound": "civ_move_1", "volume": 0.08}
[2026-09-25 19:33:56.043] [SFX] {"sound": "civ_move_1", "volume": 0.05}
[2026-09-25 19:33:56.066] [SFX] {"sound": "civ_move_2", "volume": 0.09}
[2026-09-25 19:33:56.082] [SFX] {"sound": "civ_move_1", "volume": 0.11}
[2026-09-25 19:33:56.109] [SFX] {"sound": "civ_move_1", "volume": 0.27}
[2026-09-25 19:33:56.194] [SFX] {"sound": "civ_move_2", "volume": 0.22}
[2026-09-25 19:33:56.195] [SFX] {"sound": "civ_move_1", "volume": 0.02}
[2026-09-25 19:33:56.196] [SFX] {"sound": "civ_move_1", "volume": 0.11}
[2026-09-25 19:33:56.196] [SFX] {"sound": "civ_move_2", "volume": 0.08}
[2026-09-25 19:33:56.243] [SFX] {"sound": "civ_move_1", "volume": 0.08}
[2026-09-25 19:33:56.442] [SFX] {"sound": "civ_move_1", "volume": 0.05}
[2026-09-25 19:33:56.465] [SFX] {"sound": "civ_move_2", "volume": 0.09}
[2026-09-25 19:33:56.482] [SFX] {"sound": "civ_move_1", "volume": 0.11}
[2026-09-25 19:33:56.509] [M] {"button": 1, "pos": [361, 253], "ui_clicked": false}
[2026-09-25 19:33:56.516] [SFX] {"sound": "civ_move_1", "volume": 0.27}
[2026-09-25 19:33:56.517] [SFX] {"sound": "click_target", "volume": 0.75}
[2026-09-25 19:33:56.593] [SFX] {"sound": "civ_move_2", "volume": 0.27}
[2026-09-25 19:33:56.594] [SFX] {"sound": "civ_move_1", "volume": 0.01}
[2026-09-25 19:33:56.595] [SFX] {"sound": "civ_move_1", "volume": 0.11}
[2026-09-25 19:33:56.595] [SFX] {"sound": "civ_move_2", "volume": 0.08}
[2026-09-25 19:33:56.643] [SFX] {"sound": "civ_move_1", "volume": 0.07}
[2026-09-25 19:33:56.676] [SFX] {"sound": "threat_pulse", "volume": 0.3}
[2026-09-25 19:33:56.857] [SFX] {"sound": "civ_move_1", "volume": 0.06}
[2026-09-25 19:33:56.879] [SFX] {"sound": "civ_move_2", "volume": 0.1}
[2026-09-25 19:33:56.903] [SFX] {"sound": "civ_move_1", "volume": 0.11}
[2026-09-25 19:33:56.918] [SFX] {"sound": "civ_move_1", "volume": 0.22}
[2026-09-25 19:33:56.997] [SFX] {"sound": "civ_move_2", "volume": 0.27}
[2026-09-25 19:33:56.997] [SFX] {"sound": "civ_move_1", "volume": 0.0}
[2026-09-25 19:33:56.998] [SFX] {"sound": "civ_move_1", "volume": 0.11}
[2026-09-25 19:33:56.999] [SFX] {"sound": "civ_move_2", "volume": 0.09}
[2026-09-25 19:33:57.044] [SFX] {"sound": "civ_move_1", "volume": 0.06}
[2026-09-25 19:33:57.258] [SFX] {"sound": "civ_move_1", "volume": 0.07}
[2026-09-25 19:33:57.280] [SFX] {"sound": "civ_move_2", "volume": 0.1}
[2026-09-25 19:33:57.307] [SFX] {"sound": "civ_move_1", "volume": 0.11}
[2026-09-25 19:33:57.329] [SFX] {"sound": "civ_move_1", "volume": 0.21}
[2026-09-25 19:33:57.408] [SFX] {"sound": "civ_move_2", "volume": 0.26}
[2026-09-25 19:33:57.409] [SFX] {"sound": "civ_move_1", "volume": 0.11}
[2026-09-25 19:33:57.410] [SFX] {"sound": "civ_move_2", "volume": 0.09}
[2026-09-25 19:33:57.456] [SFX] {"sound": "civ_move_1", "volume": 0.06}
[2026-09-25 19:33:57.584] [SFX] {"sound": "threat_pulse", "volume": 0.31}
[2026-09-25 19:33:57.599] [M] {"button": 1, "pos": [367, 266], "ui_clicked": true}
[2026-09-25 19:33:57.669] [SFX] {"sound": "civ_move_1", "volume": 0.07}
[2026-09-25 19:33:57.693] [SFX] {"sound": "civ_move_2", "volume": 0.11}
[2026-09-25 19:33:57.718] [SFX] {"sound": "civ_move_1", "volume": 0.11}
[2026-09-25 19:33:57.741] [SFX] {"sound": "civ_move_1", "volume": 0.2}
[2026-09-25 19:33:57.817] [SFX] {"sound": "civ_move_2", "volume": 0.26}
[2026-09-25 19:33:57.818] [SFX] {"sound": "civ_move_1", "volume": 0.1}
[2026-09-25 19:33:57.818] [SFX] {"sound": "civ_move_2", "volume": 0.1}
[2026-09-25 19:33:57.867] [SFX] {"sound": "civ_move_1", "volume": 0.05}
[2026-09-25 19:33:57.890] [SFX] {"sound": "infiltrate 2", "volume": 0.5}
[2026-09-25 19:33:58.082] [SFX] {"sound": "civ_move_1", "volume": 0.08}
[2026-09-25 19:33:58.106] [SFX] {"sound": "civ_move_2", "volume": 0.12}
[2026-09-25 19:33:58.132] [SFX] {"sound": "civ_move_1", "volume": 0.1}
[2026-09-25 19:33:58.155] [SFX] {"sound": "civ_move_1", "volume": 0.2}
[2026-09-25 19:33:58.232] [SFX] {"sound": "civ_move_2", "volume": 0.27}
[2026-09-25 19:33:58.233] [SFX] {"sound": "civ_move_1", "volume": 0.09}
[2026-09-25 19:33:58.234] [SFX] {"sound": "civ_move_2", "volume": 0.1}
[2026-09-25 19:33:58.283] [SFX] {"sound": "civ_move_1", "volume": 0.04}
[2026-09-25 19:33:58.306] [SFX] {"sound": "infiltrate 2", "volume": 0.5}
[2026-09-25 19:33:58.496] [SFX] {"sound": "civ_move_1", "volume": 0.09}
[2026-09-25 19:33:58.497] [SFX] {"sound": "threat_pulse", "volume": 0.37}
[2026-09-25 19:33:58.519] [SFX] {"sound": "civ_move_2", "volume": 0.12}
[2026-09-25 19:33:58.546] [SFX] {"sound": "civ_move_1", "volume": 0.1}
[2026-09-25 19:33:58.568] [SFX] {"sound": "civ_move_1", "volume": 0.0}
[2026-09-25 19:33:58.569] [SFX] {"sound": "civ_move_1", "volume": 0.19}
[2026-09-25 19:33:58.644] [SFX] {"sound": "civ_move_2", "volume": 0.27}
[2026-09-25 19:33:58.645] [SFX] {"sound": "civ_move_1", "volume": 0.08}
[2026-09-25 19:33:58.646] [SFX] {"sound": "civ_move_2", "volume": 0.1}
[2026-09-25 19:33:58.693] [SFX] {"sound": "civ_move_1", "volume": 0.04}
[2026-09-25 19:33:58.715] [SFX] {"sound": "infiltrate 1", "volume": 0.5}
[2026-09-25 19:33:58.910] [SFX] {"sound": "civ_move_1", "volume": 0.09}
[2026-09-25 19:33:58.932] [SFX] {"sound": "civ_move_2", "volume": 0.13}
[2026-09-25 19:33:58.951] [SFX] {"sound": "civ_move_1", "volume": 0.1}
[2026-09-25 19:33:58.969] [SFX] {"sound": "civ_move_1", "volume": 0.02}
[2026-09-25 19:33:58.969] [SFX] {"sound": "civ_move_1", "volume": 0.18}
[2026-09-25 19:33:59.047] [SFX] {"sound": "civ_move_2", "volume": 0.27}
[2026-09-25 19:33:59.048] [SFX] {"sound": "civ_move_1", "volume": 0.07}
[2026-09-25 19:33:59.049] [SFX] {"sound": "civ_move_2", "volume": 0.1}
[2026-09-25 19:33:59.098] [SFX] {"sound": "civ_move_1", "volume": 0.03}
[2026-09-25 19:33:59.121] [SFX] {"sound": "infiltrate 2", "volume": 0.5}
[2026-09-25 19:33:59.316] [JACK] Hörst du das Wummern? Sentinels in der Nähe... Bloß keinen falschen Schritt machen!
[2026-09-25 19:33:59.333] [SFX] {"sound": "civ_move_1", "volume": 0.09}
[2026-09-25 19:33:59.333] [SFX] {"sound": "civ_move_2", "volume": 0.14}
[2026-09-25 19:33:59.362] [SFX] {"sound": "civ_move_1", "volume": 0.09}
[2026-09-25 19:33:59.385] [SFX] {"sound": "civ_move_1", "volume": 0.03}
[2026-09-25 19:33:59.386] [SFX] {"sound": "civ_move_1", "volume": 0.17}
[2026-09-25 19:33:59.411] [SFX] {"sound": "threat_pulse", "volume": 0.46}
[2026-09-25 19:33:59.463] [SFX] {"sound": "civ_move_2", "volume": 0.26}
[2026-09-25 19:33:59.463] [SFX] {"sound": "civ_move_1", "volume": 0.06}
[2026-09-25 19:33:59.464] [SFX] {"sound": "civ_move_2", "volume": 0.11}
[2026-09-25 19:33:59.512] [SFX] {"sound": "civ_move_1", "volume": 0.02}
[2026-09-25 19:33:59.534] [SFX] {"sound": "infiltrate 2", "volume": 0.5}
[2026-09-25 19:33:59.741] [SFX] {"sound": "civ_move_1", "volume": 0.1}
[2026-09-25 19:33:59.741] [SFX] {"sound": "civ_move_2", "volume": 0.15}
[2026-09-25 19:33:59.774] [SFX] {"sound": "civ_move_1", "volume": 0.09}
[2026-09-25 19:33:59.775] [SFX] {"sound": "civ_move_2", "volume": 0.0}
[2026-09-25 19:33:59.797] [SFX] {"sound": "civ_move_1", "volume": 0.04}
[2026-09-25 19:33:59.797] [SFX] {"sound": "civ_move_1", "volume": 0.16}
[2026-09-25 19:33:59.873] [SFX] {"sound": "civ_move_1", "volume": 0.05}
[2026-09-25 19:33:59.874] [SFX] {"sound": "civ_move_2", "volume": 0.11}
[2026-09-25 19:33:59.896] [SFX] {"sound": "civ_move_2", "volume": 0.26}
[2026-09-25 19:33:59.922] [SFX] {"sound": "civ_move_1", "volume": 0.01}
[2026-09-25 19:33:59.945] [SFX] {"sound": "infiltrate 2", "volume": 0.5}
[2026-09-25 19:34:00.020] [SFX] {"sound": "threat_pulse", "volume": 0.52}
[2026-09-25 19:34:00.153] [SFX] {"sound": "civ_move_1", "volume": 0.1}
[2026-09-25 19:34:00.154] [SFX] {"sound": "civ_move_2", "volume": 0.16}
[2026-09-25 19:34:00.185] [SFX] {"sound": "civ_move_1", "volume": 0.08}
[2026-09-25 19:34:00.186] [SFX] {"sound": "civ_move_2", "volume": 0.01}
[2026-09-25 19:34:00.208] [SFX] {"sound": "civ_move_1", "volume": 0.05}
[2026-09-25 19:34:00.209] [SFX] {"sound": "civ_move_1", "volume": 0.15}
[2026-09-25 19:34:00.284] [SFX] {"sound": "civ_move_1", "volume": 0.04}
[2026-09-25 19:34:00.284] [SFX] {"sound": "civ_move_2", "volume": 0.11}
[2026-09-25 19:34:00.305] [SFX] {"sound": "civ_move_2", "volume": 0.26}
[2026-09-25 19:34:00.333] [SFX] {"sound": "civ_move_1", "volume": 0.0}
[2026-09-25 19:34:00.356] [SFX] {"sound": "infiltrate 1", "volume": 0.5}
[2026-09-25 19:34:00.533] [SFX] {"sound": "threat_pulse", "volume": 0.58}
[2026-09-25 19:34:00.566] [SFX] {"sound": "civ_move_1", "volume": 0.1}
[2026-09-25 19:34:00.566] [SFX] {"sound": "civ_move_2", "volume": 0.16}
[2026-09-25 19:34:00.600] [SFX] {"sound": "civ_move_1", "volume": 0.08}
[2026-09-25 19:34:00.600] [SFX] {"sound": "civ_move_2", "volume": 0.02}
[2026-09-25 19:34:00.622] [SFX] {"sound": "civ_move_1", "volume": 0.06}
[2026-09-25 19:34:00.623] [SFX] {"sound": "civ_move_1", "volume": 0.14}
[2026-09-25 19:34:00.624] [SFX] {"sound": "hack_success", "volume": 1.0}
[2026-09-25 19:34:00.684] [SFX] {"sound": "civ_move_1", "volume": 0.03}
[2026-09-25 19:34:00.685] [SFX] {"sound": "civ_move_2", "volume": 0.11}
[2026-09-25 19:34:00.706] [SFX] {"sound": "civ_move_2", "volume": 0.27}
[2026-09-25 19:34:00.945] [SFX] {"sound": "threat_pulse", "volume": 0.57}
[2026-09-25 19:34:00.977] [SFX] {"sound": "civ_move_1", "volume": 0.11}
[2026-09-25 19:34:00.978] [SFX] {"sound": "civ_move_2", "volume": 0.16}
[2026-09-25 19:34:01.010] [SFX] {"sound": "civ_move_1", "volume": 0.07}
[2026-09-25 19:34:01.010] [SFX] {"sound": "civ_move_2", "volume": 0.03}
[2026-09-25 19:34:01.032] [SFX] {"sound": "civ_move_1", "volume": 0.08}
[2026-09-25 19:34:01.033] [SFX] {"sound": "civ_move_1", "volume": 0.13}
[2026-09-25 19:34:01.095] [M] {"button": 1, "pos": [411, 207], "ui_clicked": false}
[2026-09-25 19:34:01.102] [SFX] {"sound": "civ_move_1", "volume": 0.02}
[2026-09-25 19:34:01.103] [SFX] {"sound": "civ_move_2", "volume": 0.11}
[2026-09-25 19:34:01.104] [P] {"start": [46, 80], "goal": [48, 80], "length": 1, "is_direction_change": false}
[2026-09-25 19:34:01.104] [SFX] {"sound": "click_target", "volume": 0.74}
[2026-09-25 19:34:01.160] [JACK] Verdammt, die Sentinels kreisen um uns... Ich habe echte Angst, ertappt zu werden!
[2026-09-25 19:34:01.160] [SFX] {"sound": "civ_move_2", "volume": 0.27}
[2026-09-25 19:34:01.269] [SFX] {"sound": "civ_move_2", "volume": 0.01}
[2026-09-25 19:34:01.351] [SFX] {"sound": "threat_pulse", "volume": 0.55}
[2026-09-25 19:34:01.385] [SFX] {"sound": "civ_move_1", "volume": 0.11}
[2026-09-25 19:34:01.385] [SFX] {"sound": "civ_move_2", "volume": 0.12}
[2026-09-25 19:34:01.419] [SFX] {"sound": "civ_move_1", "volume": 0.07}
[2026-09-25 19:34:01.420] [SFX] {"sound": "civ_move_2", "volume": 0.04}
[2026-09-25 19:34:01.442] [SFX] {"sound": "civ_move_1", "volume": 0.1}
[2026-09-25 19:34:01.443] [SFX] {"sound": "civ_move_1", "volume": 0.12}
[2026-09-25 19:34:01.501] [SFX] {"sound": "civ_move_1", "volume": 0.01}
[2026-09-25 19:34:01.502] [SFX] {"sound": "civ_move_2", "volume": 0.11}
[2026-09-25 19:34:01.523] [SFX] {"sound": "civ_move_2", "volume": 0.26}
[2026-09-25 19:34:01.680] [SFX] {"sound": "civ_move_2", "volume": 0.02}
[2026-09-25 19:34:01.762] [SFX] {"sound": "threat_pulse", "volume": 0.53}
[2026-09-25 19:34:01.795] [SFX] {"sound": "civ_move_1", "volume": 0.11}
[2026-09-25 19:34:01.796] [SFX] {"sound": "civ_move_2", "volume": 0.12}
[2026-09-25 19:34:01.829] [SFX] {"sound": "civ_move_1", "volume": 0.07}
[2026-09-25 19:34:01.829] [SFX] {"sound": "civ_move_2", "volume": 0.05}
[2026-09-25 19:34:01.851] [SFX] {"sound": "civ_move_1", "volume": 0.12}
[2026-09-25 19:34:01.852] [SFX] {"sound": "civ_move_1", "volume": 0.11}
[2026-09-25 19:34:01.911] [SFX] {"sound": "civ_move_2", "volume": 0.12}
[2026-09-25 19:34:01.934] [SFX] {"sound": "civ_move_2", "volume": 0.25}
[2026-09-25 19:34:02.093] [SFX] {"sound": "civ_move_2", "volume": 0.03}
[2026-09-25 19:34:02.207] [SFX] {"sound": "guardian_move", "volume": 0.27}
[2026-09-25 19:34:02.208] [SFX] {"sound": "civ_move_1", "volume": 0.11}
[2026-09-25 19:34:02.209] [SFX] {"sound": "civ_move_2", "volume": 0.12}
[2026-09-25 19:34:02.241] [SFX] {"sound": "civ_move_1", "volume": 0.06}
[2026-09-25 19:34:02.241] [SFX] {"sound": "civ_move_2", "volume": 0.06}
[2026-09-25 19:34:02.262] [SFX] {"sound": "civ_move_1", "volume": 0.13}
[2026-09-25 19:34:02.263] [SFX] {"sound": "civ_move_1", "volume": 0.1}
[2026-09-25 19:34:02.278] [SFX] {"sound": "threat_pulse", "volume": 0.5}
[2026-09-25 19:34:02.324] [SFX] {"sound": "civ_move_2", "volume": 0.13}
[2026-09-25 19:34:02.347] [SFX] {"sound": "guardian_move", "volume": 0.29}
[2026-09-25 19:34:02.347] [SFX] {"sound": "civ_move_2", "volume": 0.25}
[2026-09-25 19:34:02.407] [SFX] {"sound": "guardian_move", "volume": 0.36}
[2026-09-25 19:34:02.507] [SFX] {"sound": "civ_move_2", "volume": 0.04}
[2026-09-25 19:34:02.623] [SFX] {"sound": "civ_move_1", "volume": 0.1}
[2026-09-25 19:34:02.624] [SFX] {"sound": "civ_move_2", "volume": 0.11}
[2026-09-25 19:34:02.654] [SFX] {"sound": "civ_move_1", "volume": 0.05}
[2026-09-25 19:34:02.655] [SFX] {"sound": "civ_move_2", "volume": 0.07}
[2026-09-25 19:34:02.677] [SFX] {"sound": "civ_move_1", "volume": 0.14}
[2026-09-25 19:34:02.678] [SFX] {"sound": "civ_move_1", "volume": 0.11}
[2026-09-25 19:34:02.722] [SFX] {"sound": "civ_move_2", "volume": 0.01}
[2026-09-25 19:34:02.744] [SFX] {"sound": "civ_move_2", "volume": 0.14}
[2026-09-25 19:34:02.760] [SFX] {"sound": "civ_move_2", "volume": 0.25}
[2026-09-25 19:34:02.787] [M] {"button": 1, "pos": [422, 202], "ui_clicked": false}
[2026-09-25 19:34:02.795] [SFX] {"sound": "threat_pulse", "volume": 0.51}
[2026-09-25 19:34:02.796] [P] {"start": [48, 80], "goal": [51, 80], "length": 1, "is_direction_change": false}
[2026-09-25 19:34:02.797] [SFX] {"sound": "click_target", "volume": 0.73}
[2026-09-25 19:34:02.838] [JACK] Diese Bedrohung ist greifbar... Die Wachen dürfen unser Signal nicht isolieren.
[2026-09-25 19:34:02.853] [SFX] {"sound": "guardian_move", "volume": 0.27}
[2026-09-25 19:34:02.913] [SFX] {"sound": "civ_move_2", "volume": 0.05}
[2026-09-25 19:34:02.936] [SFX] {"sound": "player_move", "volume": 0.4}
[2026-09-25 19:34:02.962] [SFX] {"sound": "guardian_move", "volume": 0.32}
[2026-09-25 19:34:03.026] [SFX] {"sound": "guardian_move", "volume": 0.31}
[2026-09-25 19:34:03.027] [SFX] {"sound": "civ_move_1", "volume": 0.1}
[2026-09-25 19:34:03.027] [SFX] {"sound": "civ_move_2", "volume": 0.09}
[2026-09-25 19:34:03.058] [SFX] {"sound": "civ_move_1", "volume": 0.06}
[2026-09-25 19:34:03.059] [SFX] {"sound": "civ_move_2", "volume": 0.07}
[2026-09-25 19:34:03.081] [SFX] {"sound": "civ_move_1", "volume": 0.17}
[2026-09-25 19:34:03.082] [SFX] {"sound": "civ_move_1", "volume": 0.1}
[2026-09-25 19:34:03.125] [SFX] {"sound": "civ_move_2", "volume": 0.01}
[2026-09-25 19:34:03.147] [SFX] {"sound": "civ_move_2", "volume": 0.14}
[2026-09-25 19:34:03.164] [SFX] {"sound": "civ_move_2", "volume": 0.19}
[2026-09-25 19:34:03.290] [SFX] {"sound": "threat_pulse", "volume": 0.48}
[2026-09-25 19:34:03.323] [SFX] {"sound": "civ_move_2", "volume": 0.06}
[2026-09-25 19:34:03.348] [M] {"button": 1, "pos": [422, 202], "ui_clicked": false}
[2026-09-25 19:34:03.356] [P] {"start": [51, 80], "goal": [53, 80], "length": 1, "is_direction_change": false}
[2026-09-25 19:34:03.356] [SFX] {"sound": "click_target", "volume": 0.74}
[2026-09-25 19:34:03.377] [JACK] Achtung! Guardians patrouillieren den Sektor. Wir müssen extrem vorsichtig sein!
[2026-09-25 19:34:03.435] [SFX] {"sound": "civ_move_1", "volume": 0.1}
[2026-09-25 19:34:03.436] [SFX] {"sound": "civ_move_2", "volume": 0.08}
[2026-09-25 19:34:03.458] [SFX] {"sound": "guardian_move", "volume": 0.26}
[2026-09-25 19:34:03.473] [SFX] {"sound": "civ_move_1", "volume": 0.06}
[2026-09-25 19:34:03.473] [SFX] {"sound": "civ_move_2", "volume": 0.08}
[2026-09-25 19:34:03.489] [SFX] {"sound": "civ_move_1", "volume": 0.2}
[2026-09-25 19:34:03.489] [SFX] {"sound": "civ_move_1", "volume": 0.1}
[2026-09-25 19:34:03.534] [SFX] {"sound": "civ_move_2", "volume": 0.02}
[2026-09-25 19:34:03.556] [SFX] {"sound": "civ_move_2", "volume": 0.14}
[2026-09-25 19:34:03.572] [SFX] {"sound": "guardian_move", "volume": 0.29}
[2026-09-25 19:34:03.573] [SFX] {"sound": "civ_move_2", "volume": 0.17}
[2026-09-25 19:34:03.633] [SFX] {"sound": "guardian_move", "volume": 0.29}
[2026-09-25 19:34:03.731] [SFX] {"sound": "civ_move_2", "volume": 0.07}
[2026-09-25 19:34:03.847] [SFX] {"sound": "civ_move_1", "volume": 0.11}
[2026-09-25 19:34:03.848] [SFX] {"sound": "civ_move_2", "volume": 0.08}
[2026-09-25 19:34:03.864] [M] {"button": 1, "pos": [422, 202], "ui_clicked": false}
[2026-09-25 19:34:03.871] [P] {"start": [53, 80], "goal": [56, 80], "length": 1, "is_direction_change": false}
[2026-09-25 19:34:03.872] [SFX] {"sound": "click_target", "volume": 0.74}
[2026-09-25 19:34:03.908] [JACK] Überall Wacheinheiten... Ihr bedrohliches Summen brennt sich ins Deck.
[2026-09-25 19:34:03.908] [SFX] {"sound": "civ_move_1", "volume": 0.05}
[2026-09-25 19:34:03.909] [SFX] {"sound": "civ_move_2", "volume": 0.09}
[2026-09-25 19:34:03.924] [SFX] {"sound": "civ_move_1", "volume": 0.22}
[2026-09-25 19:34:03.925] [SFX] {"sound": "civ_move_1", "volume": 0.1}
[2026-09-25 19:34:03.926] [SFX] {"sound": "threat_pulse", "volume": 0.45}
[2026-09-25 19:34:03.936] [JACK] JACK // PROXY SAFE - SANCTUARY ACTIVE
[2026-09-25 19:34:03.944] [SFX] {"sound": "civ_move_2", "volume": 0.03}
[2026-09-25 19:34:03.963] [SFX] {"sound": "civ_move_2", "volume": 0.14}
[2026-09-25 19:34:03.978] [SFX] {"sound": "civ_move_2", "volume": 0.16}
[2026-09-25 19:34:04.054] [SFX] {"sound": "guardian_move", "volume": 0.25}
[2026-09-25 19:34:04.136] [SFX] {"sound": "civ_move_2", "volume": 0.07}
[2026-09-25 19:34:04.170] [SFX] {"sound": "guardian_move", "volume": 0.25}
[2026-09-25 19:34:04.253] [SFX] {"sound": "civ_move_1", "volume": 0.11}
[2026-09-25 19:34:04.254] [SFX] {"sound": "civ_move_2", "volume": 0.06}
[2026-09-25 19:34:04.286] [SFX] {"sound": "civ_move_1", "volume": 0.06}
[2026-09-25 19:34:04.286] [SFX] {"sound": "civ_move_2", "volume": 0.09}
[2026-09-25 19:34:04.320] [SFX] {"sound": "civ_move_1", "volume": 0.24}
[2026-09-25 19:34:04.320] [SFX] {"sound": "civ_move_1", "volume": 0.1}
[2026-09-25 19:34:04.342] [SFX] {"sound": "civ_move_2", "volume": 0.04}
[2026-09-25 19:34:04.351] [M] {"button": 1, "pos": [422, 202], "ui_clicked": false}
[2026-09-25 19:34:04.358] [P] {"start": [56, 80], "goal": [58, 80], "length": 1, "is_direction_change": false}
[2026-09-25 19:34:04.359] [SFX] {"sound": "click_target", "volume": 0.74}
[2026-09-25 19:34:04.380] [SFX] {"sound": "civ_move_2", "volume": 0.14}
[2026-09-25 19:34:04.397] [SFX] {"sound": "civ_move_2", "volume": 0.15}
[2026-09-25 19:34:04.423] [SFX] {"sound": "player_move", "volume": 0.4}
[2026-09-25 19:34:04.537] [SFX] {"sound": "civ_move_2", "volume": 0.08}
[2026-09-25 19:34:04.667] [SFX] {"sound": "guardian_move", "volume": 0.24}
[2026-09-25 19:34:04.668] [SFX] {"sound": "civ_move_1", "volume": 0.11}
[2026-09-25 19:34:04.668] [SFX] {"sound": "civ_move_2", "volume": 0.04}
[2026-09-25 19:34:04.700] [SFX] {"sound": "civ_move_1", "volume": 0.06}
[2026-09-25 19:34:04.701] [SFX] {"sound": "civ_move_2", "volume": 0.09}
[2026-09-25 19:34:04.733] [SFX] {"sound": "civ_move_1", "volume": 0.26}
[2026-09-25 19:34:04.733] [SFX] {"sound": "civ_move_1", "volume": 0.1}
[2026-09-25 19:34:04.756] [SFX] {"sound": "civ_move_2", "volume": 0.04}
[2026-09-25 19:34:04.782] [SFX] {"sound": "guardian_move", "volume": 0.23}
[2026-09-25 19:34:04.783] [SFX] {"sound": "civ_move_2", "volume": 0.13}
[2026-09-25 19:34:04.949] [SFX] {"sound": "civ_move_2", "volume": 0.09}
[2026-09-25 19:34:05.080] [SFX] {"sound": "civ_move_1", "volume": 0.12}
[2026-09-25 19:34:05.081] [SFX] {"sound": "civ_move_2", "volume": 0.04}
[2026-09-25 19:34:05.112] [SFX] {"sound": "civ_move_1", "volume": 0.05}
[2026-09-25 19:34:05.113] [SFX] {"sound": "civ_move_2", "volume": 0.1}
[2026-09-25 19:34:05.147] [SFX] {"sound": "civ_move_1", "volume": 0.27}
[2026-09-25 19:34:05.148] [SFX] {"sound": "civ_move_1", "volume": 0.11}
[2026-09-25 19:34:05.170] [SFX] {"sound": "civ_move_2", "volume": 0.05}
[2026-09-25 19:34:05.197] [SFX] {"sound": "civ_move_2", "volume": 0.14}
[2026-09-25 19:34:05.218] [SFX] {"sound": "civ_move_2", "volume": 0.13}
[2026-09-25 19:34:05.278] [SFX] {"sound": "guardian_move", "volume": 0.24}
[2026-09-25 19:34:05.362] [SFX] {"sound": "civ_move_2", "volume": 0.1}
[2026-09-25 19:34:05.394] [SFX] {"sound": "guardian_move", "volume": 0.22}
[2026-09-25 19:34:05.493] [SFX] {"sound": "civ_move_1", "volume": 0.12}
[2026-09-25 19:34:05.494] [SFX] {"sound": "civ_move_2", "volume": 0.03}
[2026-09-25 19:34:05.526] [SFX] {"sound": "civ_move_1", "volume": 0.05}
[2026-09-25 19:34:05.527] [SFX] {"sound": "civ_move_2", "volume": 0.1}
[2026-09-25 19:34:05.560] [SFX] {"sound": "civ_move_1", "volume": 0.27}
[2026-09-25 19:34:05.561] [SFX] {"sound": "civ_move_1", "volume": 0.11}
[2026-09-25 19:34:05.583] [SFX] {"sound": "civ_move_2", "volume": 0.06}
[2026-09-25 19:34:05.609] [SFX] {"sound": "civ_move_2", "volume": 0.14}
[2026-09-25 19:34:05.631] [SFX] {"sound": "civ_move_2", "volume": 0.12}
[2026-09-25 19:34:05.776] [SFX] {"sound": "civ_move_2", "volume": 0.11}
[2026-09-25 19:34:05.891] [SFX] {"sound": "guardian_move", "volume": 0.25}
[2026-09-25 19:34:05.912] [SFX] {"sound": "civ_move_1", "volume": 0.13}
[2026-09-25 19:34:05.913] [SFX] {"sound": "civ_move_2", "volume": 0.03}
[2026-09-25 19:34:05.940] [SFX] {"sound": "civ_move_1", "volume": 0.04}
[2026-09-25 19:34:05.940] [SFX] {"sound": "civ_move_2", "volume": 0.11}
[2026-09-25 19:34:05.973] [SFX] {"sound": "civ_move_1", "volume": 0.27}
[2026-09-25 19:34:05.973] [SFX] {"sound": "civ_move_1", "volume": 0.11}
[2026-09-25 19:34:05.995] [SFX] {"sound": "civ_move_2", "volume": 0.07}
[2026-09-25 19:34:06.012] [SFX] {"sound": "guardian_move", "volume": 0.2}
[2026-09-25 19:34:06.026] [SFX] {"sound": "civ_move_2", "volume": 0.14}
[2026-09-25 19:34:06.044] [SFX] {"sound": "civ_move_2", "volume": 0.12}
[2026-09-25 19:34:06.321] [SFX] {"sound": "civ_move_1", "volume": 0.13}
[2026-09-25 19:34:06.322] [SFX] {"sound": "civ_move_2", "volume": 0.02}
[2026-09-25 19:34:06.355] [SFX] {"sound": "civ_move_1", "volume": 0.03}
[2026-09-25 19:34:06.356] [SFX] {"sound": "civ_move_2", "volume": 0.12}
[2026-09-25 19:34:06.378] [SFX] {"sound": "civ_move_1", "volume": 0.26}
[2026-09-25 19:34:06.379] [SFX] {"sound": "civ_move_1", "volume": 0.11}
[2026-09-25 19:34:06.405] [SFX] {"sound": "civ_move_2", "volume": 0.08}
[2026-09-25 19:34:06.437] [SFX] {"sound": "civ_move_2", "volume": 0.14}
[2026-09-25 19:34:06.460] [SFX] {"sound": "civ_move_2", "volume": 0.11}
[2026-09-25 19:34:06.504] [SFX] {"sound": "guardian_move", "volume": 0.27}
[2026-09-25 19:34:06.602] [SFX] {"sound": "civ_move_2", "volume": 0.12}
[2026-09-25 19:34:06.626] [SFX] {"sound": "guardian_move", "volume": 0.19}
[2026-09-25 19:34:06.720] [SFX] {"sound": "civ_move_1", "volume": 0.14}
[2026-09-25 19:34:06.721] [SFX] {"sound": "civ_move_2", "volume": 0.02}
[2026-09-25 19:34:06.771] [SFX] {"sound": "civ_move_1", "volume": 0.02}
[2026-09-25 19:34:06.772] [SFX] {"sound": "civ_move_2", "volume": 0.12}
[2026-09-25 19:34:06.793] [SFX] {"sound": "civ_move_1", "volume": 0.25}
[2026-09-25 19:34:06.794] [SFX] {"sound": "civ_move_1", "volume": 0.11}
[2026-09-25 19:34:06.821] [SFX] {"sound": "civ_move_2", "volume": 0.09}
[2026-09-25 19:34:06.844] [SFX] {"sound": "civ_move_2", "volume": 0.18}
[2026-09-25 19:34:06.860] [SFX] {"sound": "civ_move_2", "volume": 0.11}
[2026-09-25 19:34:07.004] [SFX] {"sound": "civ_move_2", "volume": 0.13}
[2026-09-25 19:34:07.119] [SFX] {"sound": "guardian_move", "volume": 0.3}
[2026-09-25 19:34:07.143] [SFX] {"sound": "civ_move_1", "volume": 0.14}
[2026-09-25 19:34:07.144] [SFX] {"sound": "civ_move_2", "volume": 0.03}
[2026-09-25 19:34:07.187] [SFX] {"sound": "civ_move_1", "volume": 0.02}
[2026-09-25 19:34:07.188] [SFX] {"sound": "civ_move_2", "volume": 0.13}
[2026-09-25 19:34:07.210] [SFX] {"sound": "civ_move_1", "volume": 0.24}
[2026-09-25 19:34:07.211] [SFX] {"sound": "civ_move_1", "volume": 0.11}
[2026-09-25 19:34:07.238] [SFX] {"sound": "guardian_move", "volume": 0.17}
[2026-09-25 19:34:07.240] [SFX] {"sound": "civ_move_2", "volume": 0.1}
[2026-09-25 19:34:07.240] [SFX] {"sound": "civ_move_2", "volume": 0.18}
[2026-09-25 19:34:07.261] [SFX] {"sound": "civ_move_2", "volume": 0.1}
[2026-09-25 19:34:07.422] [SFX] {"sound": "civ_move_2", "volume": 0.0}
[2026-09-25 19:34:07.422] [SFX] {"sound": "civ_move_2", "volume": 0.14}
[2026-09-25 19:34:07.551] [SFX] {"sound": "civ_move_1", "volume": 0.14}
[2026-09-25 19:34:07.551] [SFX] {"sound": "civ_move_2", "volume": 0.03}
[2026-09-25 19:34:07.601] [SFX] {"sound": "civ_move_2", "volume": 0.13}
[2026-09-25 19:34:07.624] [SFX] {"sound": "civ_move_1", "volume": 0.02}
[2026-09-25 19:34:07.625] [SFX] {"sound": "civ_move_1", "volume": 0.23}
[2026-09-25 19:34:07.626] [SFX] {"sound": "civ_move_1", "volume": 0.1}
[2026-09-25 19:34:07.653] [SFX] {"sound": "civ_move_2", "volume": 0.09}
[2026-09-25 19:34:07.654] [SFX] {"sound": "civ_move_2", "volume": 0.18}
[2026-09-25 19:34:07.677] [SFX] {"sound": "civ_move_2", "volume": 0.09}
[2026-09-25 19:34:07.693] [SFX] {"sound": "civ_move_1", "volume": 0.06}
[2026-09-25 19:34:07.722] [SFX] {"sound": "guardian_move", "volume": 0.32}
[2026-09-25 19:34:07.821] [SFX] {"sound": "civ_move_2", "volume": 0.01}
[2026-09-25 19:34:07.821] [SFX] {"sound": "civ_move_2", "volume": 0.15}
[2026-09-25 19:34:07.854] [SFX] {"sound": "guardian_move", "volume": 0.15}
[2026-09-25 19:34:07.953] [SFX] {"sound": "civ_move_1", "volume": 0.14}
[2026-09-25 19:34:07.953] [SFX] {"sound": "civ_move_2", "volume": 0.04}
[2026-09-25 19:34:08.002] [SFX] {"sound": "civ_move_2", "volume": 0.14}
[2026-09-25 19:34:08.023] [SFX] {"sound": "civ_move_1", "volume": 0.02}
[2026-09-25 19:34:08.024] [SFX] {"sound": "civ_move_1", "volume": 0.22}
[2026-09-25 19:34:08.025] [SFX] {"sound": "civ_move_1", "volume": 0.1}
[2026-09-25 19:34:08.068] [SFX] {"sound": "civ_move_2", "volume": 0.08}
[2026-09-25 19:34:08.069] [SFX] {"sound": "civ_move_2", "volume": 0.17}
[2026-09-25 19:34:08.091] [SFX] {"sound": "civ_move_2", "volume": 0.08}
[2026-09-25 19:34:08.108] [SFX] {"sound": "civ_move_1", "volume": 0.07}
[2026-09-25 19:34:08.125] [SFX] {"sound": "civ_move_1", "volume": 0.01}
[2026-09-25 19:34:08.234] [SFX] {"sound": "civ_move_2", "volume": 0.02}
[2026-09-25 19:34:08.234] [SFX] {"sound": "civ_move_2", "volume": 0.16}
[2026-09-25 19:34:08.333] [SFX] {"sound": "guardian_move", "volume": 0.35}
[2026-09-25 19:34:08.366] [SFX] {"sound": "civ_move_1", "volume": 0.14}
[2026-09-25 19:34:08.366] [SFX] {"sound": "civ_move_2", "volume": 0.05}
[2026-09-25 19:34:08.414] [SFX] {"sound": "civ_move_2", "volume": 0.14}
[2026-09-25 19:34:08.435] [SFX] {"sound": "civ_move_1", "volume": 0.03}
[2026-09-25 19:34:08.436] [SFX] {"sound": "civ_move_1", "volume": 0.2}
[2026-09-25 19:34:08.437] [SFX] {"sound": "civ_move_1", "volume": 0.1}
[2026-09-25 19:34:08.462] [SFX] {"sound": "guardian_move", "volume": 0.13}
[2026-09-25 19:34:08.486] [SFX] {"sound": "civ_move_2", "volume": 0.07}
[2026-09-25 19:34:08.487] [SFX] {"sound": "civ_move_2", "volume": 0.17}
[2026-09-25 19:34:08.503] [SFX] {"sound": "civ_move_2", "volume": 0.08}
[2026-09-25 19:34:08.520] [SFX] {"sound": "civ_move_1", "volume": 0.07}
[2026-09-25 19:34:08.537] [SFX] {"sound": "civ_move_1", "volume": 0.02}
[2026-09-25 19:34:08.646] [SFX] {"sound": "civ_move_2", "volume": 0.03}
[2026-09-25 19:34:08.647] [SFX] {"sound": "civ_move_2", "volume": 0.16}
[2026-09-25 19:34:08.713] [M] {"button": 1, "pos": [212, 194], "ui_clicked": false}
[2026-09-25 19:34:08.721] [P] {"start": [58, 80], "goal": [54, 80], "length": 1, "is_direction_change": false}
[2026-09-25 19:34:08.722] [SFX] {"sound": "click_target", "volume": 0.73}
[2026-09-25 19:34:08.746] [JACK] Verdammt, die Sentinels kreisen um uns... Ich habe echte Angst, ertappt zu werden!
[2026-09-25 19:34:08.774] [SFX] {"sound": "civ_move_1", "volume": 0.18}
[2026-09-25 19:34:08.775] [SFX] {"sound": "civ_move_2", "volume": 0.06}
[2026-09-25 19:34:08.823] [SFX] {"sound": "civ_move_2", "volume": 0.16}
[2026-09-25 19:34:08.845] [SFX] {"sound": "civ_move_1", "volume": 0.03}
[2026-09-25 19:34:08.846] [SFX] {"sound": "civ_move_1", "volume": 0.21}
[2026-09-25 19:34:08.847] [SFX] {"sound": "civ_move_1", "volume": 0.09}
[2026-09-25 19:34:08.889] [JACK] JACK // PROXY SAFE - SANCTUARY ACTIVE
[2026-09-25 19:34:08.897] [SFX] {"sound": "civ_move_2", "volume": 0.07}
[2026-09-25 19:34:08.898] [SFX] {"sound": "civ_move_2", "volume": 0.19}
[2026-09-25 19:34:08.915] [SFX] {"sound": "civ_move_2", "volume": 0.08}
[2026-09-25 19:34:08.933] [SFX] {"sound": "civ_move_1", "volume": 0.09}
[2026-09-25 19:34:08.951] [SFX] {"sound": "civ_move_1", "volume": 0.0}
[2026-09-25 19:34:09.059] [SFX] {"sound": "civ_move_2", "volume": 0.05}
[2026-09-25 19:34:09.060] [SFX] {"sound": "civ_move_2", "volume": 0.19}
[2026-09-25 19:34:09.175] [SFX] {"sound": "civ_move_1", "volume": 0.19}
[2026-09-25 19:34:09.175] [SFX] {"sound": "civ_move_2", "volume": 0.08}
[2026-09-25 19:34:09.225] [SFX] {"sound": "civ_move_2", "volume": 0.17}
[2026-09-25 19:34:09.249] [SFX] {"sound": "civ_move_1", "volume": 0.03}
[2026-09-25 19:34:09.251] [SFX] {"sound": "civ_move_1", "volume": 0.21}
[2026-09-25 19:34:09.251] [SFX] {"sound": "civ_move_1", "volume": 0.08}
[2026-09-25 19:34:09.294] [SFX] {"sound": "civ_move_2", "volume": 0.06}
[2026-09-25 19:34:09.295] [SFX] {"sound": "civ_move_2", "volume": 0.18}
[2026-09-25 19:34:09.317] [SFX] {"sound": "civ_move_2", "volume": 0.07}
[2026-09-25 19:34:09.333] [SFX] {"sound": "civ_move_1", "volume": 0.1}
[2026-09-25 19:34:09.349] [SFX] {"sound": "civ_move_1", "volume": 0.01}
[2026-09-25 19:34:09.476] [SFX] {"sound": "civ_move_2", "volume": 0.06}
[2026-09-25 19:34:09.476] [SFX] {"sound": "civ_move_2", "volume": 0.2}
[2026-09-25 19:34:09.588] [SFX] {"sound": "civ_move_1", "volume": 0.17}
[2026-09-25 19:34:09.589] [SFX] {"sound": "civ_move_2", "volume": 0.08}
[2026-09-25 19:34:09.636] [SFX] {"sound": "civ_move_2", "volume": 0.21}
[2026-09-25 19:34:09.658] [SFX] {"sound": "civ_move_1", "volume": 0.04}
[2026-09-25 19:34:09.659] [SFX] {"sound": "civ_move_1", "volume": 0.21}
[2026-09-25 19:34:09.659] [SFX] {"sound": "civ_move_1", "volume": 0.07}
[2026-09-25 19:34:09.703] [SFX] {"sound": "civ_move_2", "volume": 0.05}
[2026-09-25 19:34:09.703] [SFX] {"sound": "civ_move_2", "volume": 0.17}
[2026-09-25 19:34:09.727] [SFX] {"sound": "civ_move_2", "volume": 0.06}
[2026-09-25 19:34:09.742] [SFX] {"sound": "civ_move_1", "volume": 0.1}
[2026-09-25 19:34:09.759] [SFX] {"sound": "civ_move_1", "volume": 0.02}
[2026-09-25 19:34:09.886] [SFX] {"sound": "civ_move_2", "volume": 0.07}
[2026-09-25 19:34:09.887] [SFX] {"sound": "civ_move_2", "volume": 0.21}
[2026-09-25 19:34:10.003] [SFX] {"sound": "civ_move_1", "volume": 0.16}
[2026-09-25 19:34:10.003] [SFX] {"sound": "civ_move_2", "volume": 0.09}
[2026-09-25 19:34:10.051] [SFX] {"sound": "civ_move_2", "volume": 0.22}
[2026-09-25 19:34:10.073] [SFX] {"sound": "civ_move_1", "volume": 0.04}
[2026-09-25 19:34:10.073] [SFX] {"sound": "civ_move_1", "volume": 0.21}
[2026-09-25 19:34:10.074] [SFX] {"sound": "civ_move_1", "volume": 0.06}
[2026-09-25 19:34:10.118] [SFX] {"sound": "civ_move_2", "volume": 0.04}
[2026-09-25 19:34:10.119] [SFX] {"sound": "civ_move_2", "volume": 0.16}
[2026-09-25 19:34:10.141] [SFX] {"sound": "civ_move_2", "volume": 0.05}
[2026-09-25 19:34:10.159] [SFX] {"sound": "civ_move_1", "volume": 0.1}
[2026-09-25 19:34:10.176] [SFX] {"sound": "civ_move_1", "volume": 0.04}
[2026-09-25 19:34:10.298] [SFX] {"sound": "civ_move_2", "volume": 0.08}
[2026-09-25 19:34:10.299] [SFX] {"sound": "civ_move_2", "volume": 0.21}
[2026-09-25 19:34:10.412] [SFX] {"sound": "civ_move_1", "volume": 0.15}
[2026-09-25 19:34:10.413] [SFX] {"sound": "civ_move_2", "volume": 0.09}
[2026-09-25 19:34:10.462] [SFX] {"sound": "civ_move_2", "volume": 0.23}
[2026-09-25 19:34:10.484] [SFX] {"sound": "civ_move_1", "volume": 0.05}
[2026-09-25 19:34:10.485] [SFX] {"sound": "civ_move_1", "volume": 0.17}
[2026-09-25 19:34:10.486] [SFX] {"sound": "civ_move_1", "volume": 0.06}
[2026-09-25 19:34:10.528] [SFX] {"sound": "civ_move_2", "volume": 0.03}
[2026-09-25 19:34:10.529] [SFX] {"sound": "civ_move_2", "volume": 0.16}
[2026-09-25 19:34:10.549] [SFX] {"sound": "civ_move_2", "volume": 0.04}
[2026-09-25 19:34:10.566] [SFX] {"sound": "civ_move_1", "volume": 0.1}
[2026-09-25 19:34:10.582] [SFX] {"sound": "civ_move_1", "volume": 0.05}
[2026-09-25 19:34:10.708] [SFX] {"sound": "civ_move_2", "volume": 0.09}
[2026-09-25 19:34:10.709] [SFX] {"sound": "civ_move_2", "volume": 0.21}
[2026-09-25 19:34:10.823] [SFX] {"sound": "civ_move_1", "volume": 0.14}
[2026-09-25 19:34:10.844] [SFX] {"sound": "civ_move_2", "volume": 0.1}
[2026-09-25 19:34:10.870] [SFX] {"sound": "civ_move_2", "volume": 0.25}
[2026-09-25 19:34:10.893] [SFX] {"sound": "civ_move_1", "volume": 0.06}
[2026-09-25 19:34:10.893] [SFX] {"sound": "civ_move_1", "volume": 0.17}
[2026-09-25 19:34:10.894] [SFX] {"sound": "civ_move_1", "volume": 0.05}
[2026-09-25 19:34:10.934] [SFX] {"sound": "civ_move_2", "volume": 0.01}
[2026-09-25 19:34:10.935] [SFX] {"sound": "civ_move_2", "volume": 0.15}
[2026-09-25 19:34:10.957] [SFX] {"sound": "civ_move_2", "volume": 0.03}
[2026-09-25 19:34:10.974] [SFX] {"sound": "civ_move_1", "volume": 0.11}
[2026-09-25 19:34:10.990] [SFX] {"sound": "civ_move_1", "volume": 0.06}
[2026-09-25 19:34:11.118] [SFX] {"sound": "civ_move_2", "volume": 0.09}
[2026-09-25 19:34:11.119] [SFX] {"sound": "civ_move_2", "volume": 0.17}
[2026-09-25 19:34:11.238] [SFX] {"sound": "civ_move_1", "volume": 0.12}
[2026-09-25 19:34:11.261] [SFX] {"sound": "civ_move_2", "volume": 0.1}
[2026-09-25 19:34:11.278] [SFX] {"sound": "civ_move_2", "volume": 0.26}
[2026-09-25 19:34:11.294] [SFX] {"sound": "civ_move_1", "volume": 0.06}
[2026-09-25 19:34:11.295] [SFX] {"sound": "civ_move_1", "volume": 0.17}
[2026-09-25 19:34:11.296] [SFX] {"sound": "civ_move_1", "volume": 0.04}
[2026-09-25 19:34:11.338] [SFX] {"sound": "civ_move_2", "volume": 0.0}
[2026-09-25 19:34:11.339] [SFX] {"sound": "civ_move_2", "volume": 0.14}
[2026-09-25 19:34:11.361] [SFX] {"sound": "civ_move_2", "volume": 0.03}
[2026-09-25 19:34:11.376] [SFX] {"sound": "civ_move_1", "volume": 0.11}
[2026-09-25 19:34:11.392] [SFX] {"sound": "civ_move_1", "volume": 0.07}
[2026-09-25 19:34:11.533] [SFX] {"sound": "civ_move_2", "volume": 0.1}
[2026-09-25 19:34:11.534] [SFX] {"sound": "civ_move_2", "volume": 0.17}
[2026-09-25 19:34:11.667] [SFX] {"sound": "civ_move_1", "volume": 0.11}
[2026-09-25 19:34:11.667] [SFX] {"sound": "civ_move_2", "volume": 0.1}
[2026-09-25 19:34:11.687] [SFX] {"sound": "civ_move_2", "volume": 0.27}
[2026-09-25 19:34:11.703] [SFX] {"sound": "civ_move_1", "volume": 0.07}
[2026-09-25 19:34:11.704] [SFX] {"sound": "civ_move_1", "volume": 0.16}
[2026-09-25 19:34:11.705] [SFX] {"sound": "civ_move_1", "volume": 0.04}
[2026-09-25 19:34:11.746] [SFX] {"sound": "civ_move_2", "volume": 0.13}
[2026-09-25 19:34:11.770] [SFX] {"sound": "civ_move_2", "volume": 0.02}
[2026-09-25 19:34:11.786] [SFX] {"sound": "civ_move_1", "volume": 0.11}
[2026-09-25 19:34:11.802] [SFX] {"sound": "civ_move_1", "volume": 0.09}
[2026-09-25 19:34:11.944] [SFX] {"sound": "civ_move_2", "volume": 0.11}
[2026-09-25 19:34:11.945] [SFX] {"sound": "civ_move_2", "volume": 0.16}
[2026-09-25 19:34:12.075] [SFX] {"sound": "civ_move_1", "volume": 0.12}
[2026-09-25 19:34:12.076] [SFX] {"sound": "civ_move_2", "volume": 0.11}
[2026-09-25 19:34:12.097] [SFX] {"sound": "civ_move_2", "volume": 0.28}
[2026-09-25 19:34:12.115] [SFX] {"sound": "civ_move_1", "volume": 0.08}
[2026-09-25 19:34:12.116] [SFX] {"sound": "civ_move_1", "volume": 0.16}
[2026-09-25 19:34:12.118] [SFX] {"sound": "civ_move_1", "volume": 0.03}
[2026-09-25 19:34:12.146] [SFX] {"sound": "civ_move_2", "volume": 0.11}
[2026-09-25 19:34:12.147] [C] {"civ_pos": [52, 80]}
[2026-09-25 19:34:12.176] [SFX] {"sound": "civ_move_2", "volume": 0.01}
[2026-09-25 19:34:12.192] [SFX] {"sound": "civ_move_1", "volume": 0.11}
[2026-09-25 19:34:12.208] [SFX] {"sound": "civ_move_1", "volume": 0.1}
[2026-09-25 19:34:12.351] [SFX] {"sound": "civ_move_2", "volume": 0.12}
[2026-09-25 19:34:12.352] [SFX] {"sound": "civ_move_2", "volume": 0.16}
[2026-09-25 19:34:12.484] [SFX] {"sound": "civ_move_1", "volume": 0.14}
[2026-09-25 19:34:12.485] [SFX] {"sound": "civ_move_2", "volume": 0.11}
[2026-09-25 19:34:12.507] [SFX] {"sound": "civ_move_2", "volume": 0.3}
[2026-09-25 19:34:12.524] [SFX] {"sound": "civ_move_1", "volume": 0.08}
[2026-09-25 19:34:12.524] [SFX] {"sound": "civ_move_1", "volume": 0.15}
[2026-09-25 19:34:12.525] [SFX] {"sound": "civ_move_1", "volume": 0.02}
[2026-09-25 19:34:12.553] [SFX] {"sound": "civ_move_2", "volume": 0.1}
[2026-09-25 19:34:12.586] [SFX] {"sound": "civ_move_1", "volume": 0.11}
[2026-09-25 19:34:12.754] [SFX] {"sound": "civ_move_2", "volume": 0.13}
[2026-09-25 19:34:12.754] [SFX] {"sound": "civ_move_2", "volume": 0.16}
[2026-09-25 19:34:12.888] [SFX] {"sound": "civ_move_1", "volume": 0.15}
[2026-09-25 19:34:12.889] [SFX] {"sound": "civ_move_2", "volume": 0.11}
[2026-09-25 19:34:12.912] [SFX] {"sound": "civ_move_2", "volume": 0.29}
[2026-09-25 19:34:12.929] [SFX] {"sound": "civ_move_1", "volume": 0.09}
[2026-09-25 19:34:12.930] [SFX] {"sound": "civ_move_1", "volume": 0.15}
[2026-09-25 19:34:12.930] [SFX] {"sound": "civ_move_1", "volume": 0.01}
[2026-09-25 19:34:12.956] [M] {"button": 1, "pos": [135, 198], "ui_clicked": false}
[2026-09-25 19:34:12.964] [SFX] {"sound": "civ_move_2", "volume": 0.09}
[2026-09-25 19:34:12.965] [P] {"start": [54, 80], "goal": [48, 80], "length": 1, "is_direction_change": false}
[2026-09-25 19:34:12.965] [SFX] {"sound": "click_target", "volume": 0.68}
[2026-09-25 19:34:13.009] [SFX] {"sound": "civ_move_1", "volume": 0.11}
[2026-09-25 19:34:13.010] [SFX] {"sound": "civ_move_1", "volume": 0.1}
[2026-09-25 19:34:13.060] [SFX] {"sound": "player_move", "volume": 0.4}
[2026-09-25 19:34:13.159] [SFX] {"sound": "civ_move_2", "volume": 0.15}
[2026-09-25 19:34:13.160] [SFX] {"sound": "civ_move_2", "volume": 0.17}
[2026-09-25 19:34:13.305] [SFX] {"sound": "civ_move_1", "volume": 0.21}
[2026-09-25 19:34:13.306] [SFX] {"sound": "civ_move_2", "volume": 0.1}
[2026-09-25 19:34:13.327] [SFX] {"sound": "civ_move_2", "volume": 0.24}
[2026-09-25 19:34:13.343] [SFX] {"sound": "civ_move_1", "volume": 0.07}
[2026-09-25 19:34:13.344] [SFX] {"sound": "civ_move_1", "volume": 0.16}
[2026-09-25 19:34:13.370] [SFX] {"sound": "civ_move_2", "volume": 0.1}
[2026-09-25 19:34:13.419] [M] {"button": 1, "pos": [135, 198], "ui_clicked": false}
[2026-09-25 19:34:13.428] [SFX] {"sound": "civ_move_1", "volume": 0.09}
[2026-09-25 19:34:13.429] [P] {"start": [48, 80], "goal": [43, 80], "length": 1, "is_direction_change": false}
[2026-09-25 19:34:13.430] [SFX] {"sound": "click_target", "volume": 0.71}
[2026-09-25 19:34:13.524] [SFX] {"sound": "player_move", "volume": 0.4}
[2026-09-25 19:34:13.574] [SFX] {"sound": "civ_move_2", "volume": 0.17}
[2026-09-25 19:34:13.575] [SFX] {"sound": "civ_move_2", "volume": 0.18}
[2026-09-25 19:34:13.706] [SFX] {"sound": "civ_move_1", "volume": 0.26}
[2026-09-25 19:34:13.707] [SFX] {"sound": "civ_move_2", "volume": 0.09}
[2026-09-25 19:34:13.730] [SFX] {"sound": "civ_move_2", "volume": 0.19}
[2026-09-25 19:34:13.746] [SFX] {"sound": "civ_move_1", "volume": 0.06}
[2026-09-25 19:34:13.747] [SFX] {"sound": "civ_move_1", "volume": 0.16}
[2026-09-25 19:34:13.773] [SFX] {"sound": "civ_move_2", "volume": 0.09}
[2026-09-25 19:34:13.822] [SFX] {"sound": "civ_move_1", "volume": 0.06}
[2026-09-25 19:34:13.823] [SFX] {"sound": "civ_move_1", "volume": 0.07}
[2026-09-25 19:34:13.988] [SFX] {"sound": "civ_move_2", "volume": 0.18}
[2026-09-25 19:34:14.123] [SFX] {"sound": "civ_move_1", "volume": 0.27}
[2026-09-25 19:34:14.123] [SFX] {"sound": "civ_move_2", "volume": 0.08}
[2026-09-25 19:34:14.145] [SFX] {"sound": "civ_move_2", "volume": 0.17}
[2026-09-25 19:34:14.163] [SFX] {"sound": "civ_move_1", "volume": 0.07}
[2026-09-25 19:34:14.164] [SFX] {"sound": "civ_move_1", "volume": 0.15}
[2026-09-25 19:34:14.180] [SFX] {"sound": "civ_move_2", "volume": 0.08}
[2026-09-25 19:34:14.222] [SFX] {"sound": "civ_move_1", "volume": 0.08}
[2026-09-25 19:34:14.223] [SFX] {"sound": "civ_move_1", "volume": 0.06}
[2026-09-25 19:34:14.387] [SFX] {"sound": "civ_move_2", "volume": 0.19}
[2026-09-25 19:34:14.535] [SFX] {"sound": "civ_move_1", "volume": 0.28}
[2026-09-25 19:34:14.536] [SFX] {"sound": "civ_move_2", "volume": 0.07}
[2026-09-25 19:34:14.558] [SFX] {"sound": "civ_move_2", "volume": 0.16}
[2026-09-25 19:34:14.575] [SFX] {"sound": "civ_move_1", "volume": 0.07}
[2026-09-25 19:34:14.575] [SFX] {"sound": "civ_move_1", "volume": 0.14}
[2026-09-25 19:34:14.592] [SFX] {"sound": "civ_move_2", "volume": 0.06}
[2026-09-25 19:34:14.633] [SFX] {"sound": "civ_move_1", "volume": 0.09}
[2026-09-25 19:34:14.634] [SFX] {"sound": "civ_move_1", "volume": 0.05}
[2026-09-25 19:34:14.656] [C] {"civ_pos": [41, 80]}
[2026-09-25 19:34:14.793] [SFX] {"sound": "civ_move_2", "volume": 0.2}
[2026-09-25 19:34:14.794] [SFX] {"sound": "civ_move_2", "volume": 0.18}
[2026-09-25 19:34:14.940] [SFX] {"sound": "civ_move_1", "volume": 0.29}
[2026-09-25 19:34:14.941] [SFX] {"sound": "civ_move_2", "volume": 0.07}
[2026-09-25 19:34:14.962] [SFX] {"sound": "civ_move_2", "volume": 0.15}
[2026-09-25 19:34:14.980] [SFX] {"sound": "civ_move_1", "volume": 0.08}
[2026-09-25 19:34:14.980] [SFX] {"sound": "civ_move_1", "volume": 0.13}
[2026-09-25 19:34:14.996] [SFX] {"sound": "civ_move_2", "volume": 0.05}
[2026-09-25 19:34:15.040] [SFX] {"sound": "civ_move_1", "volume": 0.1}
[2026-09-25 19:34:15.040] [SFX] {"sound": "civ_move_1", "volume": 0.04}
[2026-09-25 19:34:15.201] [SFX] {"sound": "civ_move_2", "volume": 0.21}
[2026-09-25 19:34:15.201] [SFX] {"sound": "civ_move_2", "volume": 0.18}
[2026-09-25 19:34:15.349] [SFX] {"sound": "civ_move_1", "volume": 0.29}
[2026-09-25 19:34:15.350] [SFX] {"sound": "civ_move_2", "volume": 0.06}
[2026-09-25 19:34:15.370] [SFX] {"sound": "civ_move_2", "volume": 0.14}
[2026-09-25 19:34:15.387] [SFX] {"sound": "civ_move_1", "volume": 0.08}
[2026-09-25 19:34:15.387] [SFX] {"sound": "civ_move_1", "volume": 0.13}
[2026-09-25 19:34:15.405] [SFX] {"sound": "civ_move_2", "volume": 0.04}
[2026-09-25 19:34:15.448] [SFX] {"sound": "civ_move_1", "volume": 0.11}
[2026-09-25 19:34:15.449] [SFX] {"sound": "civ_move_1", "volume": 0.04}
[2026-09-25 19:34:15.616] [SFX] {"sound": "civ_move_2", "volume": 0.22}
[2026-09-25 19:34:15.617] [SFX] {"sound": "civ_move_2", "volume": 0.17}
[2026-09-25 19:34:15.763] [SFX] {"sound": "civ_move_1", "volume": 0.28}
[2026-09-25 19:34:15.764] [SFX] {"sound": "civ_move_2", "volume": 0.05}
[2026-09-25 19:34:15.787] [SFX] {"sound": "civ_move_1", "volume": 0.09}
[2026-09-25 19:34:15.788] [SFX] {"sound": "civ_move_1", "volume": 0.12}
[2026-09-25 19:34:15.789] [SFX] {"sound": "civ_move_2", "volume": 0.12}
[2026-09-25 19:34:15.804] [SFX] {"sound": "civ_move_2", "volume": 0.03}
[2026-09-25 19:34:15.848] [SFX] {"sound": "civ_move_1", "volume": 0.12}
[2026-09-25 19:34:15.849] [SFX] {"sound": "civ_move_1", "volume": 0.03}
[2026-09-25 19:34:16.032] [SFX] {"sound": "civ_move_2", "volume": 0.23}
[2026-09-25 19:34:16.032] [SFX] {"sound": "civ_move_2", "volume": 0.16}
[2026-09-25 19:34:16.179] [SFX] {"sound": "civ_move_1", "volume": 0.27}
[2026-09-25 19:34:16.180] [SFX] {"sound": "civ_move_2", "volume": 0.05}
[2026-09-25 19:34:16.200] [SFX] {"sound": "civ_move_1", "volume": 0.09}
[2026-09-25 19:34:16.201] [SFX] {"sound": "civ_move_1", "volume": 0.12}
[2026-09-25 19:34:16.201] [SFX] {"sound": "civ_move_2", "volume": 0.11}
[2026-09-25 19:34:16.218] [SFX] {"sound": "civ_move_2", "volume": 0.02}
[2026-09-25 19:34:16.264] [SFX] {"sound": "civ_move_1", "volume": 0.14}
[2026-09-25 19:34:16.264] [SFX] {"sound": "civ_move_1", "volume": 0.02}
[2026-09-25 19:34:16.411] [M] {"button": 1, "pos": [160, 198], "ui_clicked": false}
[2026-09-25 19:34:16.418] [P] {"start": [43, 80], "goal": [38, 80], "length": 1, "is_direction_change": false}
[2026-09-25 19:34:16.419] [SFX] {"sound": "click_target", "volume": 0.7}
[2026-09-25 19:34:16.448] [SFX] {"sound": "civ_move_2", "volume": 0.3}
[2026-09-25 19:34:16.449] [SFX] {"sound": "civ_move_2", "volume": 0.16}
[2026-09-25 19:34:16.578] [SFX] {"sound": "player_move", "volume": 0.4}
[2026-09-25 19:34:16.600] [SFX] {"sound": "civ_move_1", "volume": 0.23}
[2026-09-25 19:34:16.601] [SFX] {"sound": "civ_move_2", "volume": 0.02}
[2026-09-25 19:34:16.617] [SFX] {"sound": "civ_move_1", "volume": 0.09}
[2026-09-25 19:34:16.618] [SFX] {"sound": "civ_move_1", "volume": 0.12}
[2026-09-25 19:34:16.618] [SFX] {"sound": "civ_move_2", "volume": 0.07}
[2026-09-25 19:34:16.636] [SFX] {"sound": "civ_move_2", "volume": 0.0}
[2026-09-25 19:34:16.679] [SFX] {"sound": "civ_move_1", "volume": 0.11}
[2026-09-25 19:34:16.860] [SFX] {"sound": "civ_move_2", "volume": 0.27}
[2026-09-25 19:34:16.861] [SFX] {"sound": "civ_move_2", "volume": 0.16}
[2026-09-25 19:34:16.995] [SFX] {"sound": "civ_move_1", "volume": 0.21}
[2026-09-25 19:34:16.996] [SFX] {"sound": "civ_move_2", "volume": 0.01}
[2026-09-25 19:34:17.016] [SFX] {"sound": "civ_move_1", "volume": 0.09}
[2026-09-25 19:34:17.017] [SFX] {"sound": "civ_move_2", "volume": 0.05}
[2026-09-25 19:34:17.026] [M] {"button": 1, "pos": [160, 198], "ui_clicked": false}
[2026-09-25 19:34:17.032] [P] {"start": [38, 80], "goal": [33, 80], "length": 1, "is_direction_change": false}
[2026-09-25 19:34:17.033] [SFX] {"sound": "click_target", "volume": 0.71}
[2026-09-25 19:34:17.069] [JACK] Kurzer Blick um die Ecke...
[2026-09-25 19:34:17.094] [SFX] {"sound": "civ_move_1", "volume": 0.11}
[2026-09-25 19:34:17.260] [SFX] {"sound": "player_move", "volume": 0.4}
[2026-09-25 19:34:17.282] [SFX] {"sound": "civ_move_2", "volume": 0.23}
[2026-09-25 19:34:17.283] [SFX] {"sound": "civ_move_2", "volume": 0.15}
[2026-09-25 19:34:17.410] [SFX] {"sound": "civ_move_1", "volume": 0.08}
[2026-09-25 19:34:17.411] [SFX] {"sound": "civ_move_2", "volume": 0.0}
[2026-09-25 19:34:17.411] [SFX] {"sound": "civ_move_1", "volume": 0.16}
[2026-09-25 19:34:17.508] [SFX] {"sound": "civ_move_1", "volume": 0.1}
[2026-09-25 19:34:17.687] [SFX] {"sound": "civ_move_2", "volume": 0.22}
[2026-09-25 19:34:17.688] [SFX] {"sound": "civ_move_2", "volume": 0.14}
[2026-09-25 19:34:17.769] [M] {"button": 5, "pos": [200, 196], "ui_clicked": false}
[2026-09-25 19:34:17.818] [SFX] {"sound": "civ_move_1", "volume": 0.08}
[2026-09-25 19:34:17.819] [SFX] {"sound": "civ_move_1", "volume": 0.15}
[2026-09-25 19:34:17.834] [M] {"button": 5, "pos": [200, 196], "ui_clicked": false}
[2026-09-25 19:34:17.917] [SFX] {"sound": "civ_move_1", "volume": 0.11}
[2026-09-25 19:34:18.098] [SFX] {"sound": "civ_move_2", "volume": 0.22}
[2026-09-25 19:34:18.098] [SFX] {"sound": "civ_move_2", "volume": 0.13}
[2026-09-25 19:34:18.148] [M] {"button": 5, "pos": [200, 196], "ui_clicked": false}
[2026-09-25 19:34:18.180] [M] {"button": 5, "pos": [200, 195], "ui_clicked": false}
[2026-09-25 19:34:18.232] [SFX] {"sound": "civ_move_1", "volume": 0.09}
[2026-09-25 19:34:18.232] [SFX] {"sound": "civ_move_1", "volume": 0.13}
[2026-09-25 19:34:18.331] [SFX] {"sound": "civ_move_1", "volume": 0.12}
[2026-09-25 19:34:18.513] [SFX] {"sound": "civ_move_2", "volume": 0.21}
[2026-09-25 19:34:18.514] [SFX] {"sound": "civ_move_2", "volume": 0.13}
[2026-09-25 19:34:18.644] [SFX] {"sound": "civ_move_1", "volume": 0.09}
[2026-09-25 19:34:18.645] [SFX] {"sound": "civ_move_1", "volume": 0.12}
[2026-09-25 19:34:18.745] [SFX] {"sound": "civ_move_1", "volume": 0.14}
[2026-09-25 19:34:18.909] [M] {"button": 1, "pos": [473, 184], "ui_clicked": false}
[2026-09-25 19:34:18.916] [P] {"start": [33, 80], "goal": [47, 80], "length": 1, "is_direction_change": false}
[2026-09-25 19:34:18.917] [SFX] {"sound": "click_target", "volume": 0.51}
[2026-09-25 19:34:18.956] [SFX] {"sound": "civ_move_2", "volume": 0.2}
[2026-09-25 19:34:18.957] [SFX] {"sound": "civ_move_2", "volume": 0.12}
[2026-09-25 19:34:19.048] [SFX] {"sound": "civ_move_1", "volume": 0.1}
[2026-09-25 19:34:19.049] [SFX] {"sound": "civ_move_1", "volume": 0.13}
[2026-09-25 19:34:19.148] [SFX] {"sound": "civ_move_1", "volume": 0.18}
[2026-09-25 19:34:19.199] [SFX] {"sound": "player_move", "volume": 0.4}
[2026-09-25 19:34:19.332] [SFX] {"sound": "civ_move_2", "volume": 0.21}
[2026-09-25 19:34:19.333] [SFX] {"sound": "civ_move_2", "volume": 0.13}
[2026-09-25 19:34:19.463] [SFX] {"sound": "civ_move_1", "volume": 0.11}
[2026-09-25 19:34:19.464] [SFX] {"sound": "civ_move_2", "volume": 0.02}
[2026-09-25 19:34:19.464] [SFX] {"sound": "civ_move_1", "volume": 0.18}
[2026-09-25 19:34:19.512] [SFX] {"sound": "player_move", "volume": 0.4}
[2026-09-25 19:34:19.562] [SFX] {"sound": "civ_move_1", "volume": 0.25}
[2026-09-25 19:34:19.743] [SFX] {"sound": "civ_move_2", "volume": 0.19}
[2026-09-25 19:34:19.744] [SFX] {"sound": "civ_move_2", "volume": 0.12}
[2026-09-25 19:34:19.875] [SFX] {"sound": "civ_move_1", "volume": 0.12}
[2026-09-25 19:34:19.876] [SFX] {"sound": "civ_move_2", "volume": 0.03}
[2026-09-25 19:34:19.877] [SFX] {"sound": "civ_move_1", "volume": 0.19}
[2026-09-25 19:34:19.907] [SFX] {"sound": "civ_move_1", "volume": 0.01}
[2026-09-25 19:34:19.972] [SFX] {"sound": "civ_move_1", "volume": 0.26}
[2026-09-25 19:34:20.148] [M] {"button": 1, "pos": [473, 184], "ui_clicked": false}
[2026-09-25 19:34:20.156] [SFX] {"sound": "civ_move_2", "volume": 0.18}
[2026-09-25 19:34:20.156] [SFX] {"sound": "civ_move_2", "volume": 0.11}
[2026-09-25 19:34:20.158] [P] {"start": [47, 80], "goal": [61, 80], "length": 1, "is_direction_change": false}
[2026-09-25 19:34:20.158] [SFX] {"sound": "click_target", "volume": 0.52}
[2026-09-25 19:34:20.284] [SFX] {"sound": "civ_move_1", "volume": 0.13}
[2026-09-25 19:34:20.285] [SFX] {"sound": "civ_move_2", "volume": 0.04}
[2026-09-25 19:34:20.286] [SFX] {"sound": "civ_move_1", "volume": 0.2}
[2026-09-25 19:34:20.286] [SFX] {"sound": "civ_move_2", "volume": 0.0}
[2026-09-25 19:34:20.317] [SFX] {"sound": "civ_move_1", "volume": 0.05}
[2026-09-25 19:34:20.365] [SFX] {"sound": "player_move", "volume": 0.4}
[2026-09-25 19:34:20.387] [SFX] {"sound": "civ_move_1", "volume": 0.26}
[2026-09-25 19:34:20.527] [JACK] JACK // PROXY SAFE - SANCTUARY ACTIVE
[2026-09-25 19:34:20.561] [SFX] {"sound": "civ_move_2", "volume": 0.14}
[2026-09-25 19:34:20.561] [SFX] {"sound": "civ_move_2", "volume": 0.09}
[2026-09-25 19:34:20.678] [SFX] {"sound": "player_move", "volume": 0.4}
[2026-09-25 19:34:20.699] [SFX] {"sound": "civ_move_1", "volume": 0.11}
[2026-09-25 19:34:20.700] [SFX] {"sound": "civ_move_2", "volume": 0.09}
[2026-09-25 19:34:20.700] [SFX] {"sound": "civ_move_1", "volume": 0.25}
[2026-09-25 19:34:20.702] [SFX] {"sound": "civ_move_2", "volume": 0.03}
[2026-09-25 19:34:20.740] [SFX] {"sound": "civ_move_1", "volume": 0.12}
[2026-09-25 19:34:20.790] [SFX] {"sound": "civ_move_1", "volume": 0.2}
[2026-09-25 19:34:20.790] [SFX] {"sound": "civ_move_1", "volume": 0.02}
[2026-09-25 19:34:20.973] [SFX] {"sound": "civ_move_2", "volume": 0.1}
[2026-09-25 19:34:20.973] [SFX] {"sound": "civ_move_2", "volume": 0.07}
[2026-09-25 19:34:21.104] [SFX] {"sound": "civ_move_1", "volume": 0.1}
[2026-09-25 19:34:21.105] [SFX] {"sound": "civ_move_2", "volume": 0.1}
[2026-09-25 19:34:21.106] [SFX] {"sound": "civ_move_1", "volume": 0.26}
[2026-09-25 19:34:21.107] [SFX] {"sound": "civ_move_2", "volume": 0.04}
[2026-09-25 19:34:21.154] [SFX] {"sound": "civ_move_1", "volume": 0.15}
[2026-09-25 19:34:21.202] [SFX] {"sound": "civ_move_1", "volume": 0.17}
[2026-09-25 19:34:21.202] [SFX] {"sound": "civ_move_1", "volume": 0.01}
[2026-09-25 19:34:21.349] [M] {"button": 1, "pos": [473, 184], "ui_clicked": false}
[2026-09-25 19:34:21.356] [P] {"start": [61, 80], "goal": [75, 80], "length": 1, "is_direction_change": false}
[2026-09-25 19:34:21.357] [SFX] {"sound": "click_target", "volume": 0.52}
[2026-09-25 19:34:21.401] [SFX] {"sound": "civ_move_2", "volume": 0.09}
[2026-09-25 19:34:21.402] [SFX] {"sound": "civ_move_2", "volume": 0.08}
[2026-09-25 19:34:21.499] [SFX] {"sound": "player_move", "volume": 0.4}
[2026-09-25 19:34:21.523] [SFX] {"sound": "civ_move_1", "volume": 0.09}
[2026-09-25 19:34:21.523] [SFX] {"sound": "civ_move_2", "volume": 0.11}
[2026-09-25 19:34:21.524] [SFX] {"sound": "civ_move_1", "volume": 0.27}
[2026-09-25 19:34:21.525] [SFX] {"sound": "civ_move_2", "volume": 0.05}
[2026-09-25 19:34:21.569] [SFX] {"sound": "civ_move_1", "volume": 0.2}
[2026-09-25 19:34:21.602] [SFX] {"sound": "civ_move_1", "volume": 0.13}
[2026-09-25 19:34:21.603] [SFX] {"sound": "civ_move_1", "volume": 0.03}
[2026-09-25 19:34:21.626] [C] {"civ_pos": [68, 80]}
[2026-09-25 19:34:21.806] [SFX] {"sound": "player_move", "volume": 0.4}
[2026-09-25 19:34:21.807] [SFX] {"sound": "civ_move_2", "volume": 0.03}
[2026-09-25 19:34:21.808] [SFX] {"sound": "civ_move_2", "volume": 0.05}
[2026-09-25 19:34:21.921] [SFX] {"sound": "civ_move_1", "volume": 0.05}
[2026-09-25 19:34:21.922] [SFX] {"sound": "civ_move_2", "volume": 0.16}
[2026-09-25 19:34:21.922] [SFX] {"sound": "civ_move_1", "volume": 0.28}
[2026-09-25 19:34:21.923] [SFX] {"sound": "civ_move_2", "volume": 0.07}
[2026-09-25 19:34:21.971] [SFX] {"sound": "civ_move_1", "volume": 0.27}
[2026-09-25 19:34:22.004] [SFX] {"sound": "civ_move_1", "volume": 0.06}
[2026-09-25 19:34:22.149] [M] {"button": 1, "pos": [413, 186], "ui_clicked": false}
[2026-09-25 19:34:22.157] [P] {"start": [75, 80], "goal": [81, 80], "length": 1, "is_direction_change": false}
[2026-09-25 19:34:22.158] [SFX] {"sound": "click_target", "volume": 0.67}
[2026-09-25 19:34:22.221] [SFX] {"sound": "player_move", "volume": 0.4}
[2026-09-25 19:34:22.222] [SFX] {"sound": "civ_move_2", "volume": 0.03}
[2026-09-25 19:34:22.334] [SFX] {"sound": "civ_move_1", "volume": 0.01}
[2026-09-25 19:34:22.335] [SFX] {"sound": "civ_move_1", "volume": 0.25}
[2026-09-25 19:34:22.335] [SFX] {"sound": "civ_move_2", "volume": 0.09}
[2026-09-25 19:34:22.357] [SFX] {"sound": "civ_move_2", "volume": 0.2}
[2026-09-25 19:34:22.383] [SFX] {"sound": "civ_move_1", "volume": 0.27}
[2026-09-25 19:34:22.417] [SFX] {"sound": "civ_move_1", "volume": 0.01}
[2026-09-25 19:34:22.418] [SFX] {"sound": "civ_move_1", "volume": 0.08}
[2026-09-25 19:34:22.634] [SFX] {"sound": "civ_move_2", "volume": 0.01}
[2026-09-25 19:34:22.748] [SFX] {"sound": "civ_move_1", "volume": 0.0}
[2026-09-25 19:34:22.748] [SFX] {"sound": "civ_move_1", "volume": 0.24}
[2026-09-25 19:34:22.749] [SFX] {"sound": "civ_move_2", "volume": 0.09}
[2026-09-25 19:34:22.770] [SFX] {"sound": "civ_move_2", "volume": 0.2}
[2026-09-25 19:34:22.798] [SFX] {"sound": "civ_move_1", "volume": 0.25}
[2026-09-25 19:34:22.831] [SFX] {"sound": "civ_move_1", "volume": 0.01}
[2026-09-25 19:34:22.831] [SFX] {"sound": "civ_move_1", "volume": 0.07}
[2026-09-25 19:34:23.043] [SFX] {"sound": "civ_move_2", "volume": 0.02}
[2026-09-25 19:34:23.158] [SFX] {"sound": "civ_move_1", "volume": 0.0}
[2026-09-25 19:34:23.159] [SFX] {"sound": "civ_move_1", "volume": 0.26}
[2026-09-25 19:34:23.159] [SFX] {"sound": "civ_move_2", "volume": 0.09}
[2026-09-25 19:34:23.180] [SFX] {"sound": "civ_move_2", "volume": 0.19}
[2026-09-25 19:34:23.208] [SFX] {"sound": "civ_move_1", "volume": 0.24}
[2026-09-25 19:34:23.242] [SFX] {"sound": "civ_move_1", "volume": 0.01}
[2026-09-25 19:34:23.243] [SFX] {"sound": "civ_move_1", "volume": 0.07}
[2026-09-25 19:34:23.457] [SFX] {"sound": "civ_move_2", "volume": 0.03}
[2026-09-25 19:34:23.573] [SFX] {"sound": "civ_move_1", "volume": 0.0}
[2026-09-25 19:34:23.573] [SFX] {"sound": "civ_move_1", "volume": 0.27}
[2026-09-25 19:34:23.574] [SFX] {"sound": "civ_move_2", "volume": 0.08}
[2026-09-25 19:34:23.595] [SFX] {"sound": "civ_move_2", "volume": 0.17}
[2026-09-25 19:34:23.604] [M] {"button": 1, "pos": [413, 186], "ui_clicked": false}
[2026-09-25 19:34:23.612] [P] {"start": [81, 80], "goal": [89, 80], "length": 1, "is_direction_change": false}
[2026-09-25 19:34:23.613] [SFX] {"sound": "click_target", "volume": 0.63}
[2026-09-25 19:34:23.649] [SFX] {"sound": "civ_move_1", "volume": 0.22}
[2026-09-25 19:34:23.665] [SFX] {"sound": "civ_move_1", "volume": 0.06}
[2026-09-25 19:34:23.691] [SFX] {"sound": "player_move", "volume": 0.4}
[2026-09-25 19:34:23.857] [SFX] {"sound": "civ_move_2", "volume": 0.01}
[2026-09-25 19:34:23.973] [SFX] {"sound": "civ_move_1", "volume": 0.22}
[2026-09-25 19:34:23.974] [SFX] {"sound": "civ_move_2", "volume": 0.1}
[2026-09-25 19:34:23.997] [SFX] {"sound": "civ_move_2", "volume": 0.22}
[2026-09-25 19:34:24.024] [SFX] {"sound": "civ_move_1", "volume": 0.15}
[2026-09-25 19:34:24.074] [SFX] {"sound": "civ_move_1", "volume": 0.08}
[2026-09-25 19:34:24.273] [SFX] {"sound": "civ_move_2", "volume": 0.01}
[2026-09-25 19:34:24.388] [SFX] {"sound": "civ_move_1", "volume": 0.23}
[2026-09-25 19:34:24.389] [SFX] {"sound": "civ_move_2", "volume": 0.09}
[2026-09-25 19:34:24.404] [M] {"button": 1, "pos": [483, 188], "ui_clicked": false}
[2026-09-25 19:34:24.412] [SFX] {"sound": "civ_move_2", "volume": 0.21}
[2026-09-25 19:34:24.413] [P] {"start": [89, 80], "goal": [103, 80], "length": 1, "is_direction_change": false}
[2026-09-25 19:34:24.414] [SFX] {"sound": "click_target", "volume": 0.5}
[2026-09-25 19:34:24.437] [SFX] {"sound": "player_move", "volume": 0.4}
[2026-09-25 19:34:24.453] [SFX] {"sound": "civ_move_1", "volume": 0.13}
[2026-09-25 19:34:24.479] [SFX] {"sound": "civ_move_1", "volume": 0.08}
[2026-09-25 19:34:24.727] [SFX] {"sound": "player_move", "volume": 0.4}
[2026-09-25 19:34:24.792] [SFX] {"sound": "civ_move_1", "volume": 0.19}
[2026-09-25 19:34:24.793] [SFX] {"sound": "civ_move_2", "volume": 0.11}
[2026-09-25 19:34:24.815] [SFX] {"sound": "civ_move_2", "volume": 0.26}
[2026-09-25 19:34:24.858] [SFX] {"sound": "civ_move_1", "volume": 0.06}
[2026-09-25 19:34:24.892] [SFX] {"sound": "civ_move_1", "volume": 0.1}
[2026-09-25 19:34:24.956] [SFX] {"sound": "civ_move_1", "volume": 0.02}
[2026-09-25 19:34:25.024] [C] {"civ_pos": [103, 80]}
[2026-09-25 19:34:25.064] [SFX] {"sound": "player_move", "volume": 0.4}
[2026-09-25 19:34:25.206] [SFX] {"sound": "civ_move_1", "volume": 0.01}
[2026-09-25 19:34:25.207] [SFX] {"sound": "civ_move_1", "volume": 0.15}
[2026-09-25 19:34:25.207] [SFX] {"sound": "civ_move_2", "volume": 0.11}
[2026-09-25 19:34:25.227] [SFX] {"sound": "civ_move_2", "volume": 0.29}
[2026-09-25 19:34:25.271] [SFX] {"sound": "civ_move_1", "volume": 0.01}
[2026-09-25 19:34:25.304] [SFX] {"sound": "civ_move_1", "volume": 0.1}
[2026-09-25 19:34:25.370] [SFX] {"sound": "civ_move_1", "volume": 0.04}
[2026-09-25 19:34:25.617] [SFX] {"sound": "civ_move_1", "volume": 0.0}
[2026-09-25 19:34:25.617] [SFX] {"sound": "civ_move_1", "volume": 0.16}
[2026-09-25 19:34:25.618] [SFX] {"sound": "civ_move_2", "volume": 0.11}
[2026-09-25 19:34:25.641] [SFX] {"sound": "civ_move_2", "volume": 0.28}
[2026-09-25 19:34:25.717] [SFX] {"sound": "civ_move_1", "volume": 0.1}
[2026-09-25 19:34:25.781] [SFX] {"sound": "civ_move_1", "volume": 0.05}
[2026-09-25 19:34:26.029] [SFX] {"sound": "civ_move_1", "volume": 0.18}
[2026-09-25 19:34:26.029] [SFX] {"sound": "civ_move_2", "volume": 0.11}
[2026-09-25 19:34:26.050] [SFX] {"sound": "civ_move_2", "volume": 0.27}
[2026-09-25 19:34:26.126] [SFX] {"sound": "civ_move_1", "volume": 0.1}
[2026-09-25 19:34:26.193] [SFX] {"sound": "civ_move_1", "volume": 0.06}
[2026-09-25 19:34:26.444] [SFX] {"sound": "civ_move_2", "volume": 0.25}
[2026-09-25 19:34:26.444] [SFX] {"sound": "civ_move_1", "volume": 0.19}
[2026-09-25 19:34:26.445] [SFX] {"sound": "civ_move_2", "volume": 0.11}
[2026-09-25 19:34:26.526] [SFX] {"sound": "civ_move_1", "volume": 0.1}
[2026-09-25 19:34:26.608] [SFX] {"sound": "civ_move_1", "volume": 0.06}
[2026-09-25 19:34:26.859] [SFX] {"sound": "civ_move_2", "volume": 0.24}
[2026-09-25 19:34:26.860] [SFX] {"sound": "civ_move_1", "volume": 0.2}
[2026-09-25 19:34:26.861] [SFX] {"sound": "civ_move_2", "volume": 0.1}
[2026-09-25 19:34:26.926] [SFX] {"sound": "civ_move_1", "volume": 0.09}
[2026-09-25 19:34:27.009] [SFX] {"sound": "civ_move_1", "volume": 0.07}
[2026-09-25 19:34:27.242] [M] {"button": 1, "pos": [277, 64], "ui_clicked": false}
[2026-09-25 19:34:27.250] [P] {"start": [103, 80], "goal": [98, 69], "length": 4, "is_direction_change": false}
[2026-09-25 19:34:27.251] [SFX] {"sound": "click_target", "volume": 0.71}
[2026-09-25 19:34:27.272] [SFX] {"sound": "civ_move_2", "volume": 0.23}
[2026-09-25 19:34:27.273] [SFX] {"sound": "civ_move_1", "volume": 0.22}
[2026-09-25 19:34:27.274] [SFX] {"sound": "civ_move_2", "volume": 0.1}
[2026-09-25 19:34:27.332] [SFX] {"sound": "civ_move_1", "volume": 0.08}
[2026-09-25 19:34:27.413] [SFX] {"sound": "civ_move_1", "volume": 0.06}
[2026-09-25 19:34:27.496] [SFX] {"sound": "player_move", "volume": 0.4}
[2026-09-25 19:34:27.548] [SFX] {"sound": "civ_move_2", "volume": 0.03}
[2026-09-25 19:34:27.663] [SFX] {"sound": "civ_move_2", "volume": 0.15}
[2026-09-25 19:34:27.663] [SFX] {"sound": "civ_move_1", "volume": 0.29}
[2026-09-25 19:34:27.665] [SFX] {"sound": "civ_move_2", "volume": 0.07}
[2026-09-25 19:34:27.665] [C] {"civ_pos": [93, 80]}
[2026-09-25 19:34:27.731] [SFX] {"sound": "civ_move_1", "volume": 0.01}
[2026-09-25 19:34:27.754] [SFX] {"sound": "civ_move_1", "volume": 0.04}
[2026-09-25 19:34:27.799] [SFX] {"sound": "player_move", "volume": 0.4}
[2026-09-25 19:34:27.822] [SFX] {"sound": "civ_move_1", "volume": 0.04}
[2026-09-25 19:34:27.963] [SFX] {"sound": "civ_move_2", "volume": 0.07}
[2026-09-25 19:34:28.063] [SFX] {"sound": "civ_move_2", "volume": 0.08}
[2026-09-25 19:34:28.063] [SFX] {"sound": "civ_move_1", "volume": 0.24}
[2026-09-25 19:34:28.064] [SFX] {"sound": "civ_move_2", "volume": 0.03}
[2026-09-25 19:34:28.112] [SFX] {"sound": "player_move", "volume": 0.4}
[2026-09-25 19:34:28.145] [SFX] {"sound": "civ_move_1", "volume": 0.06}
[2026-09-25 19:34:28.230] [SFX] {"sound": "civ_move_1", "volume": 0.0}
[2026-09-25 19:34:28.362] [SFX] {"sound": "civ_move_2", "volume": 0.1}
[2026-09-25 19:34:28.413] [SFX] {"sound": "player_move", "volume": 0.4}
[2026-09-25 19:34:28.463] [SFX] {"sound": "civ_move_1", "volume": 0.0}
[2026-09-25 19:34:28.463] [SFX] {"sound": "civ_move_2", "volume": 0.01}
[2026-09-25 19:34:28.464] [SFX] {"sound": "civ_move_1", "volume": 0.17}
[2026-09-25 19:34:28.545] [SFX] {"sound": "civ_move_1", "volume": 0.11}
[2026-09-25 19:34:28.728] [SFX] {"sound": "player_move", "volume": 0.4}
[2026-09-25 19:34:28.777] [SFX] {"sound": "civ_move_2", "volume": 0.11}
[2026-09-25 19:34:28.877] [SFX] {"sound": "civ_move_1", "volume": 0.05}
[2026-09-25 19:34:28.878] [SFX] {"sound": "civ_move_1", "volume": 0.09}
[2026-09-25 19:34:28.879] [SFX] {"sound": "civ_move_2", "volume": 0.0}
[2026-09-25 19:34:28.959] [SFX] {"sound": "civ_move_1", "volume": 0.16}
[2026-09-25 19:34:28.981] [SFX] {"sound": "civ_move_1", "volume": 0.04}
[2026-09-25 19:34:29.040] [SFX] {"sound": "player_move", "volume": 0.4}
[2026-09-25 19:34:29.188] [SFX] {"sound": "civ_move_2", "volume": 0.09}
[2026-09-25 19:34:29.288] [SFX] {"sound": "civ_move_1", "volume": 0.1}
[2026-09-25 19:34:29.289] [SFX] {"sound": "civ_move_1", "volume": 0.02}
[2026-09-25 19:34:29.290] [SFX] {"sound": "civ_move_2", "volume": 0.04}
[2026-09-25 19:34:29.353] [SFX] {"sound": "player_move", "volume": 0.4}
[2026-09-25 19:34:29.374] [SFX] {"sound": "civ_move_1", "volume": 0.21}
[2026-09-25 19:34:29.375] [SFX] {"sound": "civ_move_2", "volume": 0.03}
[2026-09-25 19:34:29.391] [SFX] {"sound": "civ_move_1", "volume": 0.08}
[2026-09-25 19:34:29.601] [SFX] {"sound": "civ_move_2", "volume": 0.05}
[2026-09-25 19:34:29.667] [SFX] {"sound": "player_move", "volume": 0.4}
[2026-09-25 19:34:29.701] [SFX] {"sound": "civ_move_1", "volume": 0.12}
[2026-09-25 19:34:29.701] [SFX] {"sound": "civ_move_2", "volume": 0.08}
[2026-09-25 19:34:29.783] [SFX] {"sound": "civ_move_1", "volume": 0.26}
[2026-09-25 19:34:29.784] [SFX] {"sound": "civ_move_2", "volume": 0.07}
[2026-09-25 19:34:29.806] [SFX] {"sound": "civ_move_1", "volume": 0.11}
[2026-09-25 19:34:29.981] [SFX] {"sound": "player_move", "volume": 0.4}
[2026-09-25 19:34:30.015] [SFX] {"sound": "civ_move_2", "volume": 0.0}
[2026-09-25 19:34:30.114] [SFX] {"sound": "civ_move_1", "volume": 0.13}
[2026-09-25 19:34:30.115] [SFX] {"sound": "civ_move_2", "volume": 0.1}
[2026-09-25 19:34:30.178] [C] {"civ_pos": [44, 80]}
[2026-09-25 19:34:30.220] [SFX] {"sound": "civ_move_1", "volume": 0.29}
[2026-09-25 19:34:30.221] [SFX] {"sound": "civ_move_2", "volume": 0.1}
[2026-09-25 19:34:30.236] [SFX] {"sound": "civ_move_1", "volume": 0.1}
[2026-09-25 19:34:30.296] [SFX] {"sound": "player_move", "volume": 0.4}
[2026-09-25 19:34:30.527] [SFX] {"sound": "civ_move_1", "volume": 0.15}
[2026-09-25 19:34:30.528] [SFX] {"sound": "civ_move_2", "volume": 0.09}
[2026-09-25 19:34:30.595] [SFX] {"sound": "civ_move_1", "volume": 0.22}
[2026-09-25 19:34:30.596] [SFX] {"sound": "civ_move_2", "volume": 0.14}
[2026-09-25 19:34:30.617] [SFX] {"sound": "player_move", "volume": 0.4}
[2026-09-25 19:34:30.643] [SFX] {"sound": "civ_move_1", "volume": 0.08}
[2026-09-25 19:34:30.924] [SFX] {"sound": "player_move", "volume": 0.4}
[2026-09-25 19:34:30.946] [SFX] {"sound": "civ_move_1", "volume": 0.13}
[2026-09-25 19:34:30.947] [SFX] {"sound": "civ_move_2", "volume": 0.09}
[2026-09-25 19:34:31.006] [SFX] {"sound": "civ_move_1", "volume": 0.18}
[2026-09-25 19:34:31.006] [SFX] {"sound": "civ_move_2", "volume": 0.14}
[2026-09-25 19:34:31.054] [SFX] {"sound": "civ_move_1", "volume": 0.08}
[2026-09-25 19:34:31.237] [SFX] {"sound": "player_move", "volume": 0.4}
[2026-09-25 19:34:31.259] [SFX] {"sound": "civ_move_2", "volume": 0.01}
[2026-09-25 19:34:31.354] [SFX] {"sound": "civ_move_1", "volume": 0.09}
[2026-09-25 19:34:31.354] [SFX] {"sound": "civ_move_2", "volume": 0.07}
[2026-09-25 19:34:31.420] [SFX] {"sound": "civ_move_1", "volume": 0.13}
[2026-09-25 19:34:31.421] [SFX] {"sound": "civ_move_2", "volume": 0.11}
[2026-09-25 19:34:31.455] [SFX] {"sound": "civ_move_1", "volume": 0.08}
[2026-09-25 19:34:31.553] [SFX] {"sound": "player_move", "volume": 0.4}
[2026-09-25 19:34:31.652] [SFX] {"sound": "civ_move_2", "volume": 0.04}
[2026-09-25 19:34:31.768] [SFX] {"sound": "civ_move_1", "volume": 0.04}
[2026-09-25 19:34:31.769] [SFX] {"sound": "civ_move_2", "volume": 0.05}
[2026-09-25 19:34:31.835] [SFX] {"sound": "civ_move_1", "volume": 0.08}
[2026-09-25 19:34:31.836] [SFX] {"sound": "civ_move_2", "volume": 0.07}
[2026-09-25 19:34:31.858] [SFX] {"sound": "player_move", "volume": 0.4}
[2026-09-25 19:34:31.876] [SFX] {"sound": "civ_move_1", "volume": 0.06}
[2026-09-25 19:34:32.068] [SFX] {"sound": "civ_move_2", "volume": 0.06}
[2026-09-25 19:34:32.168] [SFX] {"sound": "player_move", "volume": 0.4}
[2026-09-25 19:34:32.189] [SFX] {"sound": "civ_move_1", "volume": 0.02}
[2026-09-25 19:34:32.190] [SFX] {"sound": "civ_move_2", "volume": 0.01}
[2026-09-25 19:34:32.251] [SFX] {"sound": "civ_move_1", "volume": 0.05}
[2026-09-25 19:34:32.251] [SFX] {"sound": "civ_move_2", "volume": 0.02}
[2026-09-25 19:34:32.283] [SFX] {"sound": "civ_move_1", "volume": 0.04}
[2026-09-25 19:34:32.477] [SFX] {"sound": "player_move", "volume": 0.4}
[2026-09-25 19:34:32.478] [SFX] {"sound": "civ_move_2", "volume": 0.08}
[2026-09-25 19:34:32.591] [SFX] {"sound": "civ_move_1", "volume": 0.06}
[2026-09-25 19:34:32.657] [SFX] {"sound": "civ_move_1", "volume": 0.0}
[2026-09-25 19:34:32.691] [SFX] {"sound": "civ_move_1", "volume": 0.02}
[2026-09-25 19:34:32.757] [SFX] {"sound": "civ_move_1", "volume": 0.07}
[2026-09-25 19:34:32.790] [SFX] {"sound": "player_move", "volume": 0.4}
[2026-09-25 19:34:32.887] [SFX] {"sound": "civ_move_2", "volume": 0.08}
[2026-09-25 19:34:33.003] [SFX] {"sound": "civ_move_1", "volume": 0.1}
[2026-09-25 19:34:33.101] [SFX] {"sound": "player_move", "volume": 0.4}
[2026-09-25 19:34:33.166] [SFX] {"sound": "civ_move_1", "volume": 0.08}
[2026-09-25 19:34:33.297] [SFX] {"sound": "civ_move_2", "volume": 0.08}
[2026-09-25 19:34:33.410] [SFX] {"sound": "player_move", "volume": 0.4}
[2026-09-25 19:34:33.411] [SFX] {"sound": "civ_move_2", "volume": 0.0}
[2026-09-25 19:34:33.412] [SFX] {"sound": "civ_move_1", "volume": 0.13}
[2026-09-25 19:34:33.576] [SFX] {"sound": "civ_move_1", "volume": 0.05}
[2026-09-25 19:34:33.710] [SFX] {"sound": "civ_move_2", "volume": 0.04}
[2026-09-25 19:34:33.825] [SFX] {"sound": "civ_move_1", "volume": 0.11}
[2026-09-25 19:34:33.893] [SFX] {"sound": "civ_move_2", "volume": 0.02}
[2026-09-25 19:34:33.991] [SFX] {"sound": "civ_move_1", "volume": 0.04}
[2026-09-25 19:34:34.122] [SFX] {"sound": "civ_move_2", "volume": 0.04}
[2026-09-25 19:34:34.238] [SFX] {"sound": "civ_move_1", "volume": 0.1}
[2026-09-25 19:34:34.303] [SFX] {"sound": "civ_move_2", "volume": 0.02}
[2026-09-25 19:34:34.403] [SFX] {"sound": "civ_move_1", "volume": 0.04}
[2026-09-25 19:34:34.535] [SFX] {"sound": "civ_move_2", "volume": 0.04}
[2026-09-25 19:34:34.649] [SFX] {"sound": "civ_move_1", "volume": 0.09}
[2026-09-25 19:34:34.715] [SFX] {"sound": "civ_move_2", "volume": 0.02}
[2026-09-25 19:34:34.813] [SFX] {"sound": "civ_move_1", "volume": 0.04}
[2026-09-25 19:34:34.814] [SFX] {"sound": "civ_move_2", "volume": 0.11}
[2026-09-25 19:34:34.946] [SFX] {"sound": "civ_move_2", "volume": 0.04}
[2026-09-25 19:34:35.063] [SFX] {"sound": "civ_move_1", "volume": 0.08}
[2026-09-25 19:34:35.131] [SFX] {"sound": "civ_move_2", "volume": 0.01}
[2026-09-25 19:34:35.214] [SFX] {"sound": "civ_move_1", "volume": 0.03}
[2026-09-25 19:34:35.214] [SFX] {"sound": "civ_move_2", "volume": 0.12}
[2026-09-25 19:34:35.346] [SFX] {"sound": "civ_move_2", "volume": 0.04}
[2026-09-25 19:34:35.476] [SFX] {"sound": "civ_move_1", "volume": 0.07}
[2026-09-25 19:34:35.543] [SFX] {"sound": "civ_move_2", "volume": 0.01}
[2026-09-25 19:34:35.626] [SFX] {"sound": "civ_move_1", "volume": 0.03}
[2026-09-25 19:34:35.626] [SFX] {"sound": "civ_move_2", "volume": 0.13}
[2026-09-25 19:34:35.758] [SFX] {"sound": "civ_move_2", "volume": 0.04}
[2026-09-25 19:34:35.888] [SFX] {"sound": "civ_move_1", "volume": 0.06}
[2026-09-25 19:34:35.955] [SFX] {"sound": "civ_move_2", "volume": 0.01}
[2026-09-25 19:34:36.038] [SFX] {"sound": "civ_move_1", "volume": 0.03}
[2026-09-25 19:34:36.039] [SFX] {"sound": "civ_move_2", "volume": 0.13}
[2026-09-25 19:34:36.171] [SFX] {"sound": "civ_move_2", "volume": 0.04}
[2026-09-25 19:34:36.289] [SFX] {"sound": "civ_move_1", "volume": 0.05}
[2026-09-25 19:34:36.355] [SFX] {"sound": "civ_move_1", "volume": 0.01}
[2026-09-25 19:34:36.356] [SFX] {"sound": "civ_move_2", "volume": 0.0}
