[2026-09-24 21:30:29.886] [S] {"sid": "20260924_213029", "sys_t": "2026-09-24T21:30:29.886363"}
[2026-09-24 21:30:29.901] [SFX] {"sound": "hack_success", "volume": 0.8}
[2026-09-24 21:30:30.686] [SESSION_RESET] {"msg": "--- NEW LIFE STARTED ---"}
[2026-09-24 21:30:30.752] [JACK] CYBERDECK OS v4.2 // SYSTEME BEREIT
[2026-09-24 21:30:31.867] [M] {"button": 1, "pos": [300, 222], "ui_clicked": false}
[2026-09-24 21:30:32.383] [M] {"button": 1, "pos": [310, 216], "ui_clicked": false}
[2026-09-24 21:30:32.390] [P] {"start": [80, 6], "goal": [78, 10], "length": 2, "is_direction_change": false}
[2026-09-24 21:30:32.391] [SFX] {"sound": "click_target", "volume": 0.71}
[2026-09-24 21:30:32.410] [SFX] {"sound": "player_move", "volume": 0.4}
[2026-09-24 21:30:33.279] [M] {"button": 1, "pos": [329, 217], "ui_clicked": false}
[2026-09-24 21:30:33.285] [P] {"start": [78, 10], "goal": [79, 14], "length": 4, "is_direction_change": false}
[2026-09-24 21:30:33.286] [SFX] {"sound": "click_target", "volume": 0.71}
[2026-09-24 21:30:33.325] [SFX] {"sound": "player_move", "volume": 0.4}
[2026-09-24 21:30:34.223] [M] {"button": 1, "pos": [315, 215], "ui_clicked": false}
[2026-09-24 21:30:34.230] [P] {"start": [79, 14], "goal": [78, 18], "length": 5, "is_direction_change": false}
[2026-09-24 21:30:34.231] [SFX] {"sound": "click_target", "volume": 0.71}
[2026-09-24 21:30:34.502] [SFX] {"sound": "player_move", "volume": 0.4}
[2026-09-24 21:30:35.565] [M] {"button": 1, "pos": [371, 191], "ui_clicked": false}
[2026-09-24 21:30:35.910] [M] {"button": 1, "pos": [364, 183], "ui_clicked": false}
[2026-09-24 21:30:35.918] [P] {"start": [78, 18], "goal": [83, 18], "length": 1, "is_direction_change": false}
[2026-09-24 21:30:35.918] [SFX] {"sound": "click_target", "volume": 0.69}
[2026-09-24 21:30:36.108] [SFX] {"sound": "player_move", "volume": 0.4}
[2026-09-24 21:30:36.636] [M] {"button": 1, "pos": [364, 183], "ui_clicked": false}
[2026-09-24 21:30:36.643] [P] {"start": [83, 18], "goal": [88, 18], "length": 1, "is_direction_change": false}
[2026-09-24 21:30:36.644] [SFX] {"sound": "click_target", "volume": 0.69}
[2026-09-24 21:30:37.163] [M] {"button": 1, "pos": [364, 183], "ui_clicked": false}
[2026-09-24 21:30:37.172] [P] {"start": [88, 18], "goal": [92, 18], "length": 1, "is_direction_change": false}
[2026-09-24 21:30:37.172] [SFX] {"sound": "click_target", "volume": 0.7}
[2026-09-24 21:30:37.196] [JACK] Kurzer Blick um die Ecke...
[2026-09-24 21:30:37.197] [SFX] {"sound": "player_move", "volume": 0.4}
[2026-09-24 21:30:37.635] [M] {"button": 1, "pos": [364, 183], "ui_clicked": false}
[2026-09-24 21:30:37.643] [P] {"start": [92, 18], "goal": [96, 18], "length": 1, "is_direction_change": false}
[2026-09-24 21:30:37.644] [SFX] {"sound": "click_target", "volume": 0.7}
[2026-09-24 21:30:37.764] [SFX] {"sound": "player_move", "volume": 0.4}
[2026-09-24 21:30:38.092] [M] {"button": 1, "pos": [369, 183], "ui_clicked": false}
[2026-09-24 21:30:38.099] [P] {"start": [96, 18], "goal": [101, 18], "length": 1, "is_direction_change": false}
[2026-09-24 21:30:38.100] [SFX] {"sound": "click_target", "volume": 0.69}
[2026-09-24 21:30:38.339] [SFX] {"sound": "player_move", "volume": 0.4}
[2026-09-24 21:30:38.523] [M] {"button": 1, "pos": [380, 183], "ui_clicked": false}
[2026-09-24 21:30:38.530] [P] {"start": [101, 18], "goal": [107, 18], "length": 1, "is_direction_change": false}
[2026-09-24 21:30:38.530] [SFX] {"sound": "click_target", "volume": 0.67}
[2026-09-24 21:30:38.753] [SFX] {"sound": "civ_move_2", "volume": 0.02}
[2026-09-24 21:30:38.988] [M] {"button": 1, "pos": [380, 183], "ui_clicked": false}
[2026-09-24 21:30:38.995] [P] {"start": [107, 18], "goal": [113, 18], "length": 1, "is_direction_change": false}
[2026-09-24 21:30:38.995] [SFX] {"sound": "click_target", "volume": 0.68}
[2026-09-24 21:30:39.031] [SFX] {"sound": "player_move", "volume": 0.4}
[2026-09-24 21:30:39.168] [SFX] {"sound": "civ_move_2", "volume": 0.04}
[2026-09-24 21:30:39.464] [M] {"button": 1, "pos": [387, 183], "ui_clicked": false}
[2026-09-24 21:30:39.472] [P] {"start": [113, 18], "goal": [120, 18], "length": 1, "is_direction_change": false}
[2026-09-24 21:30:39.473] [SFX] {"sound": "click_target", "volume": 0.66}
[2026-09-24 21:30:39.508] [SFX] {"sound": "player_move", "volume": 0.4}
[2026-09-24 21:30:39.530] [SFX] {"sound": "guardian_move", "volume": 0.04}
[2026-09-24 21:30:39.575] [SFX] {"sound": "civ_move_2", "volume": 0.06}
[2026-09-24 21:30:39.987] [SFX] {"sound": "civ_move_2", "volume": 0.09}
[2026-09-24 21:30:40.138] [SFX] {"sound": "guardian_move", "volume": 0.12}
[2026-09-24 21:30:40.388] [SFX] {"sound": "civ_move_2", "volume": 0.08}
[2026-09-24 21:30:40.753] [SFX] {"sound": "guardian_move", "volume": 0.14}
[2026-09-24 21:30:40.802] [SFX] {"sound": "civ_move_2", "volume": 0.06}
[2026-09-24 21:30:40.966] [M] {"button": 1, "pos": [336, 209], "ui_clicked": false}
[2026-09-24 21:30:41.213] [SFX] {"sound": "civ_move_2", "volume": 0.05}
[2026-09-24 21:30:41.246] [SFX] {"sound": "civ_move_1", "volume": 0.01}
[2026-09-24 21:30:41.363] [SFX] {"sound": "guardian_move", "volume": 0.17}
[2026-09-24 21:30:41.625] [SFX] {"sound": "civ_move_2", "volume": 0.04}
[2026-09-24 21:30:41.657] [SFX] {"sound": "civ_move_1", "volume": 0.02}
[2026-09-24 21:30:41.969] [SFX] {"sound": "guardian_move", "volume": 0.19}
[2026-09-24 21:30:42.035] [SFX] {"sound": "civ_move_2", "volume": 0.03}
[2026-09-24 21:30:42.066] [SFX] {"sound": "civ_move_1", "volume": 0.03}
[2026-09-24 21:30:42.115] [M] {"button": 1, "pos": [373, 187], "ui_clicked": false}
[2026-09-24 21:30:42.122] [P] {"start": [120, 18], "goal": [126, 18], "length": 1, "is_direction_change": false}
[2026-09-24 21:30:42.123] [SFX] {"sound": "click_target", "volume": 0.67}
[2026-09-24 21:30:42.157] [SFX] {"sound": "player_move", "volume": 0.4}
[2026-09-24 21:30:42.449] [SFX] {"sound": "civ_move_2", "volume": 0.06}
[2026-09-24 21:30:42.472] [SFX] {"sound": "civ_move_1", "volume": 0.03}
[2026-09-24 21:30:42.580] [SFX] {"sound": "guardian_move", "volume": 0.28}
[2026-09-24 21:30:42.777] [M] {"button": 1, "pos": [373, 187], "ui_clicked": false}
[2026-09-24 21:30:42.784] [P] {"start": [126, 18], "goal": [132, 18], "length": 1, "is_direction_change": false}
[2026-09-24 21:30:42.784] [SFX] {"sound": "click_target", "volume": 0.68}
[2026-09-24 21:30:42.826] [SFX] {"sound": "player_move", "volume": 0.4}
[2026-09-24 21:30:42.859] [SFX] {"sound": "civ_move_2", "volume": 0.06}
[2026-09-24 21:30:42.882] [SFX] {"sound": "civ_move_1", "volume": 0.04}
[2026-09-24 21:30:43.175] [SFX] {"sound": "threat_pulse", "volume": 0.3}
[2026-09-24 21:30:43.197] [SFX] {"sound": "guardian_move", "volume": 0.36}
[2026-09-24 21:30:43.274] [SFX] {"sound": "civ_move_2", "volume": 0.08}
[2026-09-24 21:30:43.297] [SFX] {"sound": "civ_move_1", "volume": 0.04}
[2026-09-24 21:30:43.308] [M] {"button": 1, "pos": [373, 187], "ui_clicked": false}
[2026-09-24 21:30:43.315] [P] {"start": [132, 18], "goal": [137, 18], "length": 1, "is_direction_change": false}
[2026-09-24 21:30:43.316] [SFX] {"sound": "click_target", "volume": 0.68}
[2026-09-24 21:30:43.371] [SFX] {"sound": "player_move", "volume": 0.4}
[2026-09-24 21:30:43.688] [SFX] {"sound": "civ_move_2", "volume": 0.11}
[2026-09-24 21:30:43.712] [SFX] {"sound": "civ_move_1", "volume": 0.04}
[2026-09-24 21:30:43.821] [SFX] {"sound": "guardian_move", "volume": 0.39}
[2026-09-24 21:30:44.088] [SFX] {"sound": "civ_move_2", "volume": 0.09}
[2026-09-24 21:30:44.089] [SFX] {"sound": "threat_pulse", "volume": 0.36}
[2026-09-24 21:30:44.111] [SFX] {"sound": "civ_move_1", "volume": 0.05}
[2026-09-24 21:30:44.137] [M] {"button": 1, "pos": [373, 187], "ui_clicked": false}
[2026-09-24 21:30:44.145] [P] {"start": [137, 18], "goal": [143, 18], "length": 1, "is_direction_change": false}
[2026-09-24 21:30:44.146] [SFX] {"sound": "click_target", "volume": 0.67}
[2026-09-24 21:30:44.253] [SFX] {"sound": "player_move", "volume": 0.4}
[2026-09-24 21:30:44.466] [SFX] {"sound": "guardian_move", "volume": 0.35}
[2026-09-24 21:30:44.500] [SFX] {"sound": "civ_move_2", "volume": 0.13}
[2026-09-24 21:30:44.523] [SFX] {"sound": "civ_move_1", "volume": 0.03}
[2026-09-24 21:30:44.648] [M] {"button": 1, "pos": [373, 187], "ui_clicked": false}
[2026-09-24 21:30:44.654] [P] {"start": [143, 18], "goal": [148, 18], "length": 1, "is_direction_change": false}
[2026-09-24 21:30:44.655] [SFX] {"sound": "click_target", "volume": 0.69}
[2026-09-24 21:30:44.781] [SFX] {"sound": "player_move", "volume": 0.4}
[2026-09-24 21:30:44.912] [SFX] {"sound": "civ_move_2", "volume": 0.15}
[2026-09-24 21:30:44.934] [SFX] {"sound": "civ_move_1", "volume": 0.02}
[2026-09-24 21:30:44.996] [SFX] {"sound": "threat_pulse", "volume": 0.38}
[2026-09-24 21:30:45.094] [SFX] {"sound": "guardian_move", "volume": 0.33}
[2026-09-24 21:30:45.127] [M] {"button": 1, "pos": [373, 187], "ui_clicked": false}
[2026-09-24 21:30:45.134] [P] {"start": [148, 18], "goal": [153, 18], "length": 1, "is_direction_change": false}
[2026-09-24 21:30:45.134] [SFX] {"sound": "click_target", "volume": 0.68}
[2026-09-24 21:30:45.323] [SFX] {"sound": "player_move", "volume": 0.4}
[2026-09-24 21:30:45.324] [SFX] {"sound": "civ_move_2", "volume": 0.17}
[2026-09-24 21:30:45.343] [SFX] {"sound": "civ_move_1", "volume": 0.01}
[2026-09-24 21:30:45.707] [SFX] {"sound": "guardian_move", "volume": 0.3}
[2026-09-24 21:30:45.730] [SFX] {"sound": "civ_move_2", "volume": 0.17}
[2026-09-24 21:30:45.744] [SFX] {"sound": "civ_move_1", "volume": 0.01}
[2026-09-24 21:30:45.805] [M] {"button": 1, "pos": [376, 187], "ui_clicked": false}
[2026-09-24 21:30:45.811] [P] {"start": [153, 18], "goal": [159, 18], "length": 1, "is_direction_change": false}
[2026-09-24 21:30:45.812] [SFX] {"sound": "click_target", "volume": 0.67}
[2026-09-24 21:30:45.904] [SFX] {"sound": "threat_pulse", "volume": 0.33}
[2026-09-24 21:30:46.070] [SFX] {"sound": "player_move", "volume": 0.4}
[2026-09-24 21:30:46.136] [SFX] {"sound": "civ_move_2", "volume": 0.2}
[2026-09-24 21:30:46.234] [M] {"button": 1, "pos": [376, 187], "ui_clicked": false}
[2026-09-24 21:30:46.244] [P] {"start": [159, 18], "goal": [164, 18], "length": 1, "is_direction_change": false}
[2026-09-24 21:30:46.245] [SFX] {"sound": "click_target", "volume": 0.69}
[2026-09-24 21:30:46.315] [SFX] {"sound": "guardian_move", "volume": 0.25}
[2026-09-24 21:30:46.543] [SFX] {"sound": "civ_move_2", "volume": 0.22}
[2026-09-24 21:30:46.793] [M] {"button": 1, "pos": [379, 187], "ui_clicked": false}
[2026-09-24 21:30:46.800] [P] {"start": [164, 18], "goal": [170, 18], "length": 1, "is_direction_change": false}
[2026-09-24 21:30:46.800] [SFX] {"sound": "click_target", "volume": 0.66}
[2026-09-24 21:30:46.829] [SFX] {"sound": "player_move", "volume": 0.4}
[2026-09-24 21:30:46.927] [SFX] {"sound": "guardian_move", "volume": 0.22}
[2026-09-24 21:30:46.959] [SFX] {"sound": "civ_move_2", "volume": 0.23}
[2026-09-24 21:30:47.270] [M] {"button": 1, "pos": [381, 186], "ui_clicked": false}
[2026-09-24 21:30:47.277] [SFX] {"sound": "click_target", "volume": 0.67}
[2026-09-24 21:30:47.318] [SFX] {"sound": "player_move", "volume": 0.4}
[2026-09-24 21:30:47.367] [SFX] {"sound": "civ_move_2", "volume": 0.26}
[2026-09-24 21:30:47.533] [SFX] {"sound": "guardian_move", "volume": 0.15}
[2026-09-24 21:30:47.599] [C] {"civ_pos": [178, 18]}
[2026-09-24 21:30:47.649] [SFX] {"sound": "player_move", "volume": 0.4}
[2026-09-24 21:30:47.654] [M] {"button": 1, "pos": [388, 185], "ui_clicked": false}
[2026-09-24 21:30:47.662] [SFX] {"sound": "action_cancel", "volume": 1.0}
[2026-09-24 21:30:47.662] [P] {"start": [176, 18], "goal": [182, 18], "length": 1, "is_direction_change": false}
[2026-09-24 21:30:47.663] [SFX] {"sound": "click_target", "volume": 0.69}
[2026-09-24 21:30:47.771] [SFX] {"sound": "civ_move_2", "volume": 0.29}
[2026-09-24 21:30:48.146] [SFX] {"sound": "guardian_move", "volume": 0.11}
[2026-09-24 21:30:48.179] [SFX] {"sound": "civ_move_2", "volume": 0.29}
[2026-09-24 21:30:48.346] [M] {"button": 1, "pos": [388, 185], "ui_clicked": false}
[2026-09-24 21:30:48.352] [P] {"start": [182, 18], "goal": [190, 18], "length": 1, "is_direction_change": false}
[2026-09-24 21:30:48.353] [SFX] {"sound": "click_target", "volume": 0.64}
[2026-09-24 21:30:48.408] [SFX] {"sound": "player_move", "volume": 0.4}
[2026-09-24 21:30:48.590] [SFX] {"sound": "civ_move_2", "volume": 0.27}
[2026-09-24 21:30:48.722] [SFX] {"sound": "player_move", "volume": 0.4}
[2026-09-24 21:30:48.755] [SFX] {"sound": "guardian_move", "volume": 0.06}
[2026-09-24 21:30:48.886] [M] {"button": 1, "pos": [388, 185], "ui_clicked": false}
[2026-09-24 21:30:48.894] [P] {"start": [190, 18], "goal": [196, 18], "length": 1, "is_direction_change": false}
[2026-09-24 21:30:48.894] [SFX] {"sound": "click_target", "volume": 0.66}
[2026-09-24 21:30:48.998] [SFX] {"sound": "civ_move_2", "volume": 0.24}
[2026-09-24 21:30:49.181] [SFX] {"sound": "player_move", "volume": 0.4}
[2026-09-24 21:30:49.362] [SFX] {"sound": "guardian_move", "volume": 0.02}
[2026-09-24 21:30:49.411] [SFX] {"sound": "civ_move_2", "volume": 0.22}
[2026-09-24 21:30:49.494] [M] {"button": 1, "pos": [388, 185], "ui_clicked": false}
[2026-09-24 21:30:49.502] [P] {"start": [196, 18], "goal": [203, 18], "length": 1, "is_direction_change": false}
[2026-09-24 21:30:49.503] [SFX] {"sound": "click_target", "volume": 0.64}
[2026-09-24 21:30:49.809] [SFX] {"sound": "player_move", "volume": 0.4}
[2026-09-24 21:30:49.831] [SFX] {"sound": "civ_move_2", "volume": 0.19}
[2026-09-24 21:30:49.994] [M] {"button": 1, "pos": [388, 185], "ui_clicked": false}
[2026-09-24 21:30:50.002] [P] {"start": [203, 18], "goal": [210, 18], "length": 1, "is_direction_change": false}
[2026-09-24 21:30:50.002] [SFX] {"sound": "click_target", "volume": 0.66}
[2026-09-24 21:30:50.226] [SFX] {"sound": "civ_move_2", "volume": 0.16}
[2026-09-24 21:30:50.276] [SFX] {"sound": "player_move", "volume": 0.4}
[2026-09-24 21:30:50.505] [M] {"button": 1, "pos": [388, 185], "ui_clicked": false}
[2026-09-24 21:30:50.639] [SFX] {"sound": "civ_move_2", "volume": 0.16}
[2026-09-24 21:30:51.038] [SFX] {"sound": "civ_move_2", "volume": 0.17}
[2026-09-24 21:30:51.452] [SFX] {"sound": "civ_move_2", "volume": 0.18}
[2026-09-24 21:30:51.847] [M] {"button": 1, "pos": [329, 230], "ui_clicked": false}
[2026-09-24 21:30:51.864] [SFX] {"sound": "civ_move_2", "volume": 0.19}
[2026-09-24 21:30:52.263] [M] {"button": 1, "pos": [325, 240], "ui_clicked": false}
[2026-09-24 21:30:52.270] [P] {"start": [210, 18], "goal": [210, 25], "length": 1, "is_direction_change": false}
[2026-09-24 21:30:52.271] [SFX] {"sound": "click_target", "volume": 0.65}
[2026-09-24 21:30:52.292] [SFX] {"sound": "civ_move_2", "volume": 0.2}
[2026-09-24 21:30:52.428] [SFX] {"sound": "guardian_move", "volume": 0.0}
[2026-09-24 21:30:52.510] [SFX] {"sound": "player_move", "volume": 0.4}
[2026-09-24 21:30:52.690] [SFX] {"sound": "civ_move_2", "volume": 0.2}
[2026-09-24 21:30:52.893] [M] {"button": 1, "pos": [325, 247], "ui_clicked": false}
[2026-09-24 21:30:52.900] [P] {"start": [210, 25], "goal": [210, 32], "length": 1, "is_direction_change": false}
[2026-09-24 21:30:52.900] [SFX] {"sound": "click_target", "volume": 0.65}
[2026-09-24 21:30:53.037] [SFX] {"sound": "guardian_move", "volume": 0.01}
[2026-09-24 21:30:53.105] [SFX] {"sound": "player_move", "volume": 0.4}
[2026-09-24 21:30:53.106] [SFX] {"sound": "civ_move_2", "volume": 0.19}
[2026-09-24 21:30:53.455] [M] {"button": 1, "pos": [325, 247], "ui_clicked": false}
[2026-09-24 21:30:53.463] [P] {"start": [210, 32], "goal": [210, 39], "length": 1, "is_direction_change": false}
[2026-09-24 21:30:53.463] [SFX] {"sound": "click_target", "volume": 0.65}
[2026-09-24 21:30:53.512] [SFX] {"sound": "civ_move_2", "volume": 0.17}
[2026-09-24 21:30:53.628] [SFX] {"sound": "player_move", "volume": 0.4}
[2026-09-24 21:30:53.649] [SFX] {"sound": "guardian_move", "volume": 0.01}
[2026-09-24 21:30:53.923] [SFX] {"sound": "civ_move_2", "volume": 0.14}
[2026-09-24 21:30:54.256] [SFX] {"sound": "guardian_move", "volume": 0.01}
[2026-09-24 21:30:54.338] [SFX] {"sound": "civ_move_2", "volume": 0.14}
[2026-09-24 21:30:54.861] [SFX] {"sound": "guardian_move", "volume": 0.03}
[2026-09-24 21:30:55.157] [SFX] {"sound": "civ_move_2", "volume": 0.14}
[2026-09-24 21:30:55.474] [SFX] {"sound": "guardian_move", "volume": 0.05}
[2026-09-24 21:30:55.573] [SFX] {"sound": "civ_move_2", "volume": 0.15}
[2026-09-24 21:30:55.986] [SFX] {"sound": "civ_move_2", "volume": 0.16}
[2026-09-24 21:30:56.087] [SFX] {"sound": "guardian_move", "volume": 0.07}
[2026-09-24 21:30:56.400] [SFX] {"sound": "civ_move_2", "volume": 0.17}
[2026-09-24 21:30:56.700] [SFX] {"sound": "guardian_move", "volume": 0.09}
[2026-09-24 21:30:56.717] [M] {"button": 1, "pos": [303, 164], "ui_clicked": false}
[2026-09-24 21:30:56.801] [SFX] {"sound": "civ_move_2", "volume": 0.18}
[2026-09-24 21:30:57.215] [SFX] {"sound": "civ_move_2", "volume": 0.2}
[2026-09-24 21:30:57.281] [M] {"button": 1, "pos": [309, 160], "ui_clicked": false}
[2026-09-24 21:30:57.315] [SFX] {"sound": "guardian_move", "volume": 0.11}
[2026-09-24 21:30:57.626] [SFX] {"sound": "civ_move_2", "volume": 0.21}
[2026-09-24 21:30:57.660] [M] {"button": 1, "pos": [328, 160], "ui_clicked": false}
[2026-09-24 21:30:57.667] [SFX] {"sound": "click_target", "volume": 0.93}
[2026-09-24 21:30:57.927] [SFX] {"sound": "guardian_move", "volume": 0.13}
[2026-09-24 21:30:58.042] [SFX] {"sound": "civ_move_2", "volume": 0.23}
[2026-09-24 21:30:58.455] [SFX] {"sound": "civ_move_2", "volume": 0.24}
[2026-09-24 21:30:58.538] [SFX] {"sound": "guardian_move", "volume": 0.15}
[2026-09-24 21:30:58.870] [SFX] {"sound": "civ_move_2", "volume": 0.25}
[2026-09-24 21:30:59.151] [SFX] {"sound": "guardian_move", "volume": 0.16}
[2026-09-24 21:30:59.284] [SFX] {"sound": "civ_move_2", "volume": 0.27}
[2026-09-24 21:30:59.697] [SFX] {"sound": "civ_move_2", "volume": 0.28}
[2026-09-24 21:30:59.720] [C] {"civ_pos": [210, 35]}
[2026-09-24 21:30:59.757] [JACK] Da drüben bewegt sich eine Civ-Subroutine! Was führt die im Schilde?
[2026-09-24 21:30:59.771] [SFX] {"sound": "guardian_move", "volume": 0.18}
[2026-09-24 21:31:00.111] [SFX] {"sound": "civ_move_2", "volume": 0.29}
[2026-09-24 21:31:00.276] [M] {"button": 1, "pos": [356, 232], "ui_clicked": false}
[2026-09-24 21:31:00.376] [SFX] {"sound": "guardian_move", "volume": 0.19}
[2026-09-24 21:31:00.526] [SFX] {"sound": "civ_move_2", "volume": 0.24}
[2026-09-24 21:31:00.941] [SFX] {"sound": "civ_move_2", "volume": 0.23}
[2026-09-24 21:31:00.976] [SFX] {"sound": "guardian_move", "volume": 0.19}
[2026-09-24 21:31:01.342] [SFX] {"sound": "civ_move_2", "volume": 0.22}
[2026-09-24 21:31:01.441] [M] {"button": 1, "pos": [453, 176], "ui_clicked": false}
[2026-09-24 21:31:01.588] [SFX] {"sound": "guardian_move", "volume": 0.2}
[2026-09-24 21:31:01.757] [SFX] {"sound": "civ_move_2", "volume": 0.21}
[2026-09-24 21:31:01.791] [M] {"button": 3, "pos": [452, 176], "ui_clicked": false}
[2026-09-24 21:31:02.172] [SFX] {"sound": "civ_move_2", "volume": 0.2}
[2026-09-24 21:31:02.195] [SFX] {"sound": "guardian_move", "volume": 0.2}
[2026-09-24 21:31:02.504] [M] {"button": 1, "pos": [413, 168], "ui_clicked": true}
[2026-09-24 21:31:02.587] [SFX] {"sound": "civ_move_2", "volume": 0.19}
[2026-09-24 21:31:02.790] [SFX] {"sound": "guardian_move", "volume": 0.22}
[2026-09-24 21:31:02.988] [SFX] {"sound": "civ_move_2", "volume": 0.18}
[2026-09-24 21:31:03.403] [SFX] {"sound": "guardian_move", "volume": 0.24}
[2026-09-24 21:31:03.404] [SFX] {"sound": "civ_move_2", "volume": 0.17}
[2026-09-24 21:31:03.799] [M] {"button": 1, "pos": [331, 134], "ui_clicked": false}
[2026-09-24 21:31:03.815] [SFX] {"sound": "civ_move_2", "volume": 0.16}
[2026-09-24 21:31:03.837] [SFX] {"sound": "guardian_move", "volume": 0.01}
[2026-09-24 21:31:04.012] [SFX] {"sound": "guardian_move", "volume": 0.27}
[2026-09-24 21:31:04.226] [M] {"button": 1, "pos": [326, 139], "ui_clicked": false}
[2026-09-24 21:31:04.232] [SFX] {"sound": "civ_move_2", "volume": 0.15}
[2026-09-24 21:31:04.233] [SFX] {"sound": "action_cancel", "volume": 1.0}
[2026-09-24 21:31:04.234] [P] {"start": [210, 37], "goal": [210, 32], "length": 1, "is_direction_change": false}
[2026-09-24 21:31:04.235] [SFX] {"sound": "click_target", "volume": 0.87}
[2026-09-24 21:31:04.324] [SFX] {"sound": "player_move", "volume": 0.4}
[2026-09-24 21:31:04.638] [SFX] {"sound": "guardian_move", "volume": 0.31}
[2026-09-24 21:31:04.639] [SFX] {"sound": "civ_move_2", "volume": 0.1}
[2026-09-24 21:31:04.662] [SFX] {"sound": "civ_move_1", "volume": 0.02}
[2026-09-24 21:31:05.040] [SFX] {"sound": "civ_move_2", "volume": 0.09}
[2026-09-24 21:31:05.063] [SFX] {"sound": "civ_move_1", "volume": 0.03}
[2026-09-24 21:31:05.254] [SFX] {"sound": "guardian_move", "volume": 0.28}
[2026-09-24 21:31:05.451] [SFX] {"sound": "civ_move_2", "volume": 0.08}
[2026-09-24 21:31:05.475] [SFX] {"sound": "civ_move_1", "volume": 0.04}
[2026-09-24 21:31:05.864] [M] {"button": 1, "pos": [323, 216], "ui_clicked": false}
[2026-09-24 21:31:05.871] [SFX] {"sound": "guardian_move", "volume": 0.26}
[2026-09-24 21:31:05.871] [SFX] {"sound": "civ_move_2", "volume": 0.07}
[2026-09-24 21:31:05.872] [SFX] {"sound": "click_target", "volume": 0.71}
[2026-09-24 21:31:05.886] [SFX] {"sound": "civ_move_1", "volume": 0.05}
[2026-09-24 21:31:05.981] [SFX] {"sound": "player_move", "volume": 0.4}
[2026-09-24 21:31:06.246] [SFX] {"sound": "guardian_move", "volume": 0.02}
[2026-09-24 21:31:06.279] [SFX] {"sound": "civ_move_2", "volume": 0.08}
[2026-09-24 21:31:06.301] [SFX] {"sound": "civ_move_1", "volume": 0.05}
[2026-09-24 21:31:06.477] [SFX] {"sound": "guardian_move", "volume": 0.23}
[2026-09-24 21:31:06.696] [SFX] {"sound": "civ_move_2", "volume": 0.07}
[2026-09-24 21:31:06.697] [SFX] {"sound": "civ_move_1", "volume": 0.06}
[2026-09-24 21:31:06.856] [SFX] {"sound": "guardian_move", "volume": 0.03}
[2026-09-24 21:31:07.086] [SFX] {"sound": "guardian_move", "volume": 0.22}
[2026-09-24 21:31:07.108] [SFX] {"sound": "civ_move_2", "volume": 0.06}
[2026-09-24 21:31:07.109] [SFX] {"sound": "civ_move_1", "volume": 0.07}
[2026-09-24 21:31:07.478] [SFX] {"sound": "guardian_move", "volume": 0.02}
[2026-09-24 21:31:07.512] [SFX] {"sound": "civ_move_2", "volume": 0.05}
[2026-09-24 21:31:07.512] [SFX] {"sound": "civ_move_1", "volume": 0.08}
[2026-09-24 21:31:07.694] [SFX] {"sound": "guardian_move", "volume": 0.21}
[2026-09-24 21:31:07.925] [SFX] {"sound": "civ_move_1", "volume": 0.09}
[2026-09-24 21:31:07.947] [SFX] {"sound": "civ_move_2", "volume": 0.04}
[2026-09-24 21:31:08.090] [SFX] {"sound": "guardian_move", "volume": 0.02}
[2026-09-24 21:31:08.305] [SFX] {"sound": "guardian_move", "volume": 0.2}
[2026-09-24 21:31:08.337] [SFX] {"sound": "civ_move_1", "volume": 0.1}
[2026-09-24 21:31:08.359] [SFX] {"sound": "civ_move_2", "volume": 0.03}
[2026-09-24 21:31:08.702] [SFX] {"sound": "guardian_move", "volume": 0.02}
[2026-09-24 21:31:08.751] [SFX] {"sound": "civ_move_1", "volume": 0.11}
[2026-09-24 21:31:08.773] [SFX] {"sound": "civ_move_2", "volume": 0.02}
[2026-09-24 21:31:08.914] [SFX] {"sound": "guardian_move", "volume": 0.19}
[2026-09-24 21:31:09.161] [SFX] {"sound": "civ_move_1", "volume": 0.12}
[2026-09-24 21:31:09.184] [SFX] {"sound": "civ_move_2", "volume": 0.01}
[2026-09-24 21:31:09.310] [SFX] {"sound": "guardian_move", "volume": 0.01}
[2026-09-24 21:31:09.424] [M] {"button": 1, "pos": [327, 221], "ui_clicked": false}
[2026-09-24 21:31:09.431] [SFX] {"sound": "action_cancel", "volume": 1.0}
[2026-09-24 21:31:09.432] [P] {"start": [210, 35], "goal": [210, 40], "length": 1, "is_direction_change": false}
[2026-09-24 21:31:09.432] [SFX] {"sound": "click_target", "volume": 0.7}
[2026-09-24 21:31:09.469] [JACK] Sektor sieht ruhig aus. Erstmal Daten-Traces scannen.
[2026-09-24 21:31:09.525] [SFX] {"sound": "guardian_move", "volume": 0.16}
[2026-09-24 21:31:09.576] [SFX] {"sound": "civ_move_1", "volume": 0.11}
[2026-09-24 21:31:09.598] [SFX] {"sound": "civ_move_2", "volume": 0.02}
[2026-09-24 21:31:09.927] [SFX] {"sound": "guardian_move", "volume": 0.03}
[2026-09-24 21:31:09.977] [SFX] {"sound": "civ_move_1", "volume": 0.1}
[2026-09-24 21:31:09.999] [SFX] {"sound": "civ_move_2", "volume": 0.02}
[2026-09-24 21:31:10.140] [SFX] {"sound": "guardian_move", "volume": 0.12}
[2026-09-24 21:31:10.355] [M] {"button": 1, "pos": [327, 170], "ui_clicked": false}
[2026-09-24 21:31:10.362] [P] {"start": [210, 40], "goal": [210, 38], "length": 1, "is_direction_change": false}
[2026-09-24 21:31:10.363] [SFX] {"sound": "click_target", "volume": 0.96}
[2026-09-24 21:31:10.401] [SFX] {"sound": "player_move", "volume": 0.4}
[2026-09-24 21:31:10.402] [SFX] {"sound": "civ_move_2", "volume": 0.01}
[2026-09-24 21:31:10.402] [SFX] {"sound": "civ_move_1", "volume": 0.12}
[2026-09-24 21:31:10.534] [SFX] {"sound": "guardian_move", "volume": 0.0}
[2026-09-24 21:31:10.746] [SFX] {"sound": "guardian_move", "volume": 0.12}
[2026-09-24 21:31:10.813] [SFX] {"sound": "civ_move_1", "volume": 0.13}
[2026-09-24 21:31:11.227] [SFX] {"sound": "civ_move_1", "volume": 0.14}
[2026-09-24 21:31:11.244] [M] {"button": 1, "pos": [327, 167], "ui_clicked": false}
[2026-09-24 21:31:11.251] [SFX] {"sound": "click_target", "volume": 0.95}
[2026-09-24 21:31:11.357] [SFX] {"sound": "guardian_move", "volume": 0.1}
[2026-09-24 21:31:11.639] [SFX] {"sound": "civ_move_1", "volume": 0.14}
[2026-09-24 21:31:11.975] [SFX] {"sound": "guardian_move", "volume": 0.09}
[2026-09-24 21:31:12.040] [SFX] {"sound": "civ_move_1", "volume": 0.15}
[2026-09-24 21:31:12.354] [M] {"button": 1, "pos": [322, 146], "ui_clicked": false}
[2026-09-24 21:31:12.362] [SFX] {"sound": "action_cancel", "volume": 1.0}
[2026-09-24 21:31:12.362] [P] {"start": [210, 37], "goal": [210, 33], "length": 1, "is_direction_change": false}
[2026-09-24 21:31:12.363] [SFX] {"sound": "click_target", "volume": 0.89}
[2026-09-24 21:31:12.450] [SFX] {"sound": "civ_move_1", "volume": 0.16}
[2026-09-24 21:31:12.584] [SFX] {"sound": "guardian_move", "volume": 0.09}
[2026-09-24 21:31:12.866] [SFX] {"sound": "civ_move_1", "volume": 0.19}
[2026-09-24 21:31:13.199] [SFX] {"sound": "guardian_move", "volume": 0.07}
[2026-09-24 21:31:13.266] [SFX] {"sound": "civ_move_1", "volume": 0.19}
[2026-09-24 21:31:13.615] [M] {"button": 1, "pos": [326, 242], "ui_clicked": false}
[2026-09-24 21:31:13.621] [P] {"start": [210, 33], "goal": [210, 40], "length": 1, "is_direction_change": false}
[2026-09-24 21:31:13.622] [SFX] {"sound": "click_target", "volume": 0.64}
[2026-09-24 21:31:13.656] [SFX] {"sound": "player_move", "volume": 0.4}
[2026-09-24 21:31:13.678] [SFX] {"sound": "civ_move_1", "volume": 0.18}
[2026-09-24 21:31:13.810] [SFX] {"sound": "guardian_move", "volume": 0.03}
[2026-09-24 21:31:13.946] [SFX] {"sound": "player_move", "volume": 0.4}
[2026-09-24 21:31:14.078] [SFX] {"sound": "civ_move_1", "volume": 0.15}
[2026-09-24 21:31:14.480] [SFX] {"sound": "civ_move_1", "volume": 0.17}
[2026-09-24 21:31:14.885] [SFX] {"sound": "civ_move_1", "volume": 0.18}
[2026-09-24 21:31:14.919] [M] {"button": 1, "pos": [327, 237], "ui_clicked": false}
[2026-09-24 21:31:14.925] [P] {"start": [210, 40], "goal": [210, 47], "length": 1, "is_direction_change": false}
[2026-09-24 21:31:14.926] [SFX] {"sound": "click_target", "volume": 0.66}
[2026-09-24 21:31:15.216] [SFX] {"sound": "player_move", "volume": 0.4}
[2026-09-24 21:31:15.298] [SFX] {"sound": "civ_move_1", "volume": 0.14}
[2026-09-24 21:31:15.714] [SFX] {"sound": "civ_move_1", "volume": 0.15}
[2026-09-24 21:31:16.130] [SFX] {"sound": "civ_move_1", "volume": 0.16}
[2026-09-24 21:31:16.529] [SFX] {"sound": "civ_move_1", "volume": 0.17}
[2026-09-24 21:31:16.711] [M] {"button": 1, "pos": [319, 168], "ui_clicked": false}
[2026-09-24 21:31:16.941] [SFX] {"sound": "civ_move_1", "volume": 0.19}
[2026-09-24 21:31:17.354] [SFX] {"sound": "civ_move_1", "volume": 0.2}
[2026-09-24 21:31:17.768] [SFX] {"sound": "civ_move_1", "volume": 0.21}
[2026-09-24 21:31:18.171] [SFX] {"sound": "civ_move_1", "volume": 0.22}
[2026-09-24 21:31:18.335] [M] {"button": 1, "pos": [607, 332], "ui_clicked": true}
[2026-09-24 21:31:18.361] [JACK] Blick ins Systemfenster... Was führen wir im Schild?
[2026-09-24 21:31:18.583] [SFX] {"sound": "civ_move_1", "volume": 0.24}
[2026-09-24 21:31:18.982] [SFX] {"sound": "civ_move_1", "volume": 0.25}
[2026-09-24 21:31:19.397] [SFX] {"sound": "civ_move_1", "volume": 0.26}
[2026-09-24 21:31:19.799] [SFX] {"sound": "civ_move_1", "volume": 0.27}
[2026-09-24 21:31:19.985] [M] {"button": 1, "pos": [475, 218], "ui_clicked": true}
[2026-09-24 21:31:20.200] [SFX] {"sound": "civ_move_1", "volume": 0.28}
[2026-09-24 21:31:20.225] [C] {"civ_pos": [210, 45]}
[2026-09-24 21:31:20.614] [SFX] {"sound": "civ_move_1", "volume": 0.3}
[2026-09-24 21:31:20.974] [SFX] {"sound": "civ_move_1", "volume": 0.15}
[2026-09-24 21:31:21.022] [SFX] {"sound": "civ_move_1", "volume": 0.23}
[2026-09-24 21:31:21.390] [SFX] {"sound": "civ_move_1", "volume": 0.14}
[2026-09-24 21:31:21.423] [SFX] {"sound": "civ_move_1", "volume": 0.22}
[2026-09-24 21:31:21.796] [SFX] {"sound": "civ_move_1", "volume": 0.13}
[2026-09-24 21:31:21.828] [SFX] {"sound": "civ_move_1", "volume": 0.21}
[2026-09-24 21:31:22.207] [SFX] {"sound": "civ_move_1", "volume": 0.11}
[2026-09-24 21:31:22.238] [SFX] {"sound": "civ_move_1", "volume": 0.2}
[2026-09-24 21:31:22.613] [SFX] {"sound": "civ_move_1", "volume": 0.1}
[2026-09-24 21:31:22.646] [SFX] {"sound": "civ_move_1", "volume": 0.19}
[2026-09-24 21:31:23.015] [SFX] {"sound": "civ_move_1", "volume": 0.09}
[2026-09-24 21:31:23.048] [SFX] {"sound": "civ_move_1", "volume": 0.18}
[2026-09-24 21:31:23.415] [SFX] {"sound": "civ_move_1", "volume": 0.08}
[2026-09-24 21:31:23.447] [SFX] {"sound": "civ_move_1", "volume": 0.17}
[2026-09-24 21:31:23.565] [SFX] {"sound": "guardian_move", "volume": 0.0}
[2026-09-24 21:31:23.764] [M] {"button": 1, "pos": [473, 218], "ui_clicked": true}
[2026-09-24 21:31:23.828] [SFX] {"sound": "civ_move_1", "volume": 0.08}
[2026-09-24 21:31:23.860] [SFX] {"sound": "civ_move_1", "volume": 0.17}
[2026-09-24 21:31:24.174] [SFX] {"sound": "guardian_move", "volume": 0.02}
[2026-09-24 21:31:24.239] [SFX] {"sound": "civ_move_1", "volume": 0.08}
[2026-09-24 21:31:24.273] [SFX] {"sound": "civ_move_1", "volume": 0.16}
[2026-09-24 21:31:24.644] [SFX] {"sound": "civ_move_1", "volume": 0.08}
[2026-09-24 21:31:24.677] [SFX] {"sound": "civ_move_1", "volume": 0.15}
[2026-09-24 21:31:24.775] [SFX] {"sound": "guardian_move", "volume": 0.04}
[2026-09-24 21:31:25.025] [SFX] {"sound": "civ_move_2", "volume": 0.0}
[2026-09-24 21:31:25.058] [SFX] {"sound": "civ_move_1", "volume": 0.08}
[2026-09-24 21:31:25.091] [SFX] {"sound": "civ_move_1", "volume": 0.14}
[2026-09-24 21:31:25.376] [SFX] {"sound": "guardian_move", "volume": 0.05}
[2026-09-24 21:31:25.440] [SFX] {"sound": "civ_move_2", "volume": 0.01}
[2026-09-24 21:31:25.474] [SFX] {"sound": "civ_move_1", "volume": 0.07}
[2026-09-24 21:31:25.508] [SFX] {"sound": "civ_move_1", "volume": 0.13}
[2026-09-24 21:31:25.540] [M] {"button": 1, "pos": [489, 242], "ui_clicked": true}
[2026-09-24 21:31:25.579] [JACK] Inventar durchwühlen. Wo liegt das passende Tool?
[2026-09-24 21:31:25.852] [SFX] {"sound": "civ_move_2", "volume": 0.02}
[2026-09-24 21:31:25.884] [SFX] {"sound": "civ_move_1", "volume": 0.07}
[2026-09-24 21:31:25.916] [SFX] {"sound": "civ_move_1", "volume": 0.12}
[2026-09-24 21:31:25.981] [SFX] {"sound": "guardian_move", "volume": 0.07}
[2026-09-24 21:31:26.260] [SFX] {"sound": "civ_move_2", "volume": 0.03}
[2026-09-24 21:31:26.293] [SFX] {"sound": "civ_move_1", "volume": 0.06}
[2026-09-24 21:31:26.326] [SFX] {"sound": "civ_move_1", "volume": 0.11}
[2026-09-24 21:31:26.589] [SFX] {"sound": "guardian_move", "volume": 0.08}
[2026-09-24 21:31:26.671] [SFX] {"sound": "civ_move_2", "volume": 0.03}
[2026-09-24 21:31:26.704] [SFX] {"sound": "civ_move_1", "volume": 0.06}
[2026-09-24 21:31:26.738] [SFX] {"sound": "civ_move_1", "volume": 0.1}
[2026-09-24 21:31:27.088] [SFX] {"sound": "civ_move_2", "volume": 0.04}
[2026-09-24 21:31:27.121] [SFX] {"sound": "civ_move_1", "volume": 0.05}
[2026-09-24 21:31:27.152] [SFX] {"sound": "civ_move_1", "volume": 0.09}
[2026-09-24 21:31:27.201] [SFX] {"sound": "guardian_move", "volume": 0.08}
[2026-09-24 21:31:27.365] [M] {"button": 1, "pos": [485, 260], "ui_clicked": true}
[2026-09-24 21:31:27.493] [SFX] {"sound": "civ_move_2", "volume": 0.05}
[2026-09-24 21:31:27.525] [SFX] {"sound": "civ_move_1", "volume": 0.05}
[2026-09-24 21:31:27.559] [SFX] {"sound": "civ_move_1", "volume": 0.08}
[2026-09-24 21:31:27.809] [SFX] {"sound": "guardian_move", "volume": 0.07}
[2026-09-24 21:31:27.907] [SFX] {"sound": "civ_move_2", "volume": 0.05}
[2026-09-24 21:31:27.940] [SFX] {"sound": "civ_move_1", "volume": 0.04}
[2026-09-24 21:31:27.973] [SFX] {"sound": "civ_move_1", "volume": 0.07}
[2026-09-24 21:31:28.310] [SFX] {"sound": "civ_move_2", "volume": 0.06}
[2026-09-24 21:31:28.345] [SFX] {"sound": "civ_move_1", "volume": 0.03}
[2026-09-24 21:31:28.375] [SFX] {"sound": "civ_move_1", "volume": 0.06}
[2026-09-24 21:31:28.409] [SFX] {"sound": "guardian_move", "volume": 0.08}
[2026-09-24 21:31:28.722] [SFX] {"sound": "civ_move_2", "volume": 0.06}
[2026-09-24 21:31:28.753] [M] {"button": 3, "pos": [473, 267], "ui_clicked": true}
[2026-09-24 21:31:28.754] [EQ_M] {"type": "DRIVER", "file": "ucam.drv", "replaced": "disp.drv"}
[2026-09-24 21:31:28.802] [JACK] Neuer Treiber montiert! Das gibt uns ordentlich Auftrieb.
[2026-09-24 21:31:28.803] [SFX] {"sound": "civ_move_1", "volume": 0.03}
[2026-09-24 21:31:28.820] [SFX] {"sound": "civ_move_1", "volume": 0.05}
[2026-09-24 21:31:29.008] [SFX] {"sound": "guardian_move", "volume": 0.08}
[2026-09-24 21:31:29.124] [SFX] {"sound": "civ_move_2", "volume": 0.07}
[2026-09-24 21:31:29.158] [SFX] {"sound": "civ_move_1", "volume": 0.02}
[2026-09-24 21:31:29.225] [SFX] {"sound": "civ_move_1", "volume": 0.04}
[2026-09-24 21:31:29.538] [SFX] {"sound": "civ_move_2", "volume": 0.07}
[2026-09-24 21:31:29.571] [SFX] {"sound": "civ_move_1", "volume": 0.01}
[2026-09-24 21:31:29.622] [SFX] {"sound": "guardian_move", "volume": 0.06}
[2026-09-24 21:31:29.644] [SFX] {"sound": "civ_move_1", "volume": 0.03}
[2026-09-24 21:31:29.951] [SFX] {"sound": "civ_move_2", "volume": 0.08}
[2026-09-24 21:31:29.984] [SFX] {"sound": "civ_move_1", "volume": 0.0}
[2026-09-24 21:31:30.050] [SFX] {"sound": "civ_move_1", "volume": 0.02}
[2026-09-24 21:31:30.180] [M] {"button": 1, "pos": [324, 248], "ui_clicked": false}
[2026-09-24 21:31:30.188] [P] {"start": [210, 47], "goal": [210, 55], "length": 1, "is_direction_change": false}
[2026-09-24 21:31:30.188] [SFX] {"sound": "click_target", "volume": 0.63}
[2026-09-24 21:31:30.230] [SFX] {"sound": "guardian_move", "volume": 0.07}
[2026-09-24 21:31:30.361] [SFX] {"sound": "civ_move_2", "volume": 0.05}
[2026-09-24 21:31:30.444] [SFX] {"sound": "player_move", "volume": 0.4}
[2026-09-24 21:31:30.469] [SFX] {"sound": "civ_move_1", "volume": 0.04}
[2026-09-24 21:31:30.575] [SFX] {"sound": "guardian_move", "volume": 0.04}
[2026-09-24 21:31:30.775] [SFX] {"sound": "civ_move_2", "volume": 0.02}
[2026-09-24 21:31:30.842] [SFX] {"sound": "guardian_move", "volume": 0.13}
[2026-09-24 21:31:30.875] [SFX] {"sound": "civ_move_1", "volume": 0.04}
[2026-09-24 21:31:31.176] [SFX] {"sound": "guardian_move", "volume": 0.06}
[2026-09-24 21:31:31.177] [SFX] {"sound": "civ_move_2", "volume": 0.02}
[2026-09-24 21:31:31.276] [SFX] {"sound": "civ_move_1", "volume": 0.04}
[2026-09-24 21:31:31.456] [SFX] {"sound": "guardian_move", "volume": 0.15}
[2026-09-24 21:31:31.589] [SFX] {"sound": "civ_move_2", "volume": 0.02}
[2026-09-24 21:31:31.638] [M] {"button": 1, "pos": [315, 317], "ui_clicked": false}
[2026-09-24 21:31:31.688] [SFX] {"sound": "civ_move_1", "volume": 0.02}
[2026-09-24 21:31:31.788] [SFX] {"sound": "guardian_move", "volume": 0.07}
[2026-09-24 21:31:31.989] [SFX] {"sound": "civ_move_2", "volume": 0.03}
[2026-09-24 21:31:32.070] [M] {"button": 1, "pos": [320, 319], "ui_clicked": false}
[2026-09-24 21:31:32.077] [SFX] {"sound": "guardian_move", "volume": 0.15}
[2026-09-24 21:31:32.103] [SFX] {"sound": "civ_move_1", "volume": 0.01}
[2026-09-24 21:31:32.403] [SFX] {"sound": "guardian_move", "volume": 0.09}
[2026-09-24 21:31:32.404] [SFX] {"sound": "civ_move_2", "volume": 0.04}
[2026-09-24 21:31:32.420] [M] {"button": 1, "pos": [329, 320], "ui_clicked": false}
[2026-09-24 21:31:32.517] [SFX] {"sound": "civ_move_1", "volume": 0.01}
[2026-09-24 21:31:32.684] [SFX] {"sound": "guardian_move", "volume": 0.13}
[2026-09-24 21:31:32.800] [M] {"button": 1, "pos": [327, 321], "ui_clicked": false}
[2026-09-24 21:31:32.806] [P] {"start": [210, 55], "goal": [210, 69], "length": 1, "is_direction_change": false}
[2026-09-24 21:31:32.807] [SFX] {"sound": "click_target", "volume": 0.51}
[2026-09-24 21:31:32.843] [SFX] {"sound": "civ_move_2", "volume": 0.05}
[2026-09-24 21:31:32.918] [SFX] {"sound": "civ_move_1", "volume": 0.02}
[2026-09-24 21:31:32.986] [SFX] {"sound": "player_move", "volume": 0.4}
[2026-09-24 21:31:33.018] [SFX] {"sound": "guardian_move", "volume": 0.12}
[2026-09-24 21:31:33.217] [SFX] {"sound": "civ_move_2", "volume": 0.0}
[2026-09-24 21:31:33.298] [SFX] {"sound": "player_move", "volume": 0.4}
[2026-09-24 21:31:33.299] [SFX] {"sound": "guardian_move", "volume": 0.18}
[2026-09-24 21:31:33.331] [SFX] {"sound": "civ_move_2", "volume": 0.04}
[2026-09-24 21:31:33.332] [SFX] {"sound": "civ_move_1", "volume": 0.06}
[2026-09-24 21:31:33.632] [SFX] {"sound": "guardian_move", "volume": 0.18}
[2026-09-24 21:31:33.732] [SFX] {"sound": "civ_move_2", "volume": 0.07}
[2026-09-24 21:31:33.733] [SFX] {"sound": "civ_move_1", "volume": 0.07}
[2026-09-24 21:31:33.833] [M] {"button": 1, "pos": [326, 321], "ui_clicked": false}
[2026-09-24 21:31:33.840] [P] {"start": [210, 69], "goal": [210, 82], "length": 1, "is_direction_change": false}
[2026-09-24 21:31:33.841] [SFX] {"sound": "click_target", "volume": 0.52}
[2026-09-24 21:31:33.915] [SFX] {"sound": "guardian_move", "volume": 0.2}
[2026-09-24 21:31:33.949] [SFX] {"sound": "player_move", "volume": 0.4}
[2026-09-24 21:31:34.134] [SFX] {"sound": "civ_move_2", "volume": 0.11}
[2026-09-24 21:31:34.136] [SFX] {"sound": "civ_move_2", "volume": 0.02}
[2026-09-24 21:31:34.156] [SFX] {"sound": "civ_move_1", "volume": 0.11}
[2026-09-24 21:31:34.250] [SFX] {"sound": "player_move", "volume": 0.4}
[2026-09-24 21:31:34.251] [SFX] {"sound": "guardian_move", "volume": 0.17}
[2026-09-24 21:31:34.548] [SFX] {"sound": "guardian_move", "volume": 0.28}
[2026-09-24 21:31:34.549] [SFX] {"sound": "civ_move_2", "volume": 0.16}
[2026-09-24 21:31:34.550] [SFX] {"sound": "civ_move_2", "volume": 0.05}
[2026-09-24 21:31:34.550] [SFX] {"sound": "civ_move_2", "volume": 0.0}
[2026-09-24 21:31:34.571] [SFX] {"sound": "civ_move_1", "volume": 0.16}
[2026-09-24 21:31:34.864] [SFX] {"sound": "guardian_move", "volume": 0.16}
[2026-09-24 21:31:34.963] [SFX] {"sound": "civ_move_2", "volume": 0.17}
[2026-09-24 21:31:34.963] [SFX] {"sound": "civ_move_2", "volume": 0.06}
[2026-09-24 21:31:34.983] [SFX] {"sound": "civ_move_1", "volume": 0.17}
[2026-09-24 21:31:35.160] [SFX] {"sound": "guardian_move", "volume": 0.27}
[2026-09-24 21:31:35.377] [SFX] {"sound": "civ_move_2", "volume": 0.16}
[2026-09-24 21:31:35.377] [SFX] {"sound": "civ_move_2", "volume": 0.07}
[2026-09-24 21:31:35.400] [SFX] {"sound": "civ_move_1", "volume": 0.16}
[2026-09-24 21:31:35.476] [SFX] {"sound": "guardian_move", "volume": 0.18}
[2026-09-24 21:31:35.774] [SFX] {"sound": "guardian_move", "volume": 0.26}
[2026-09-24 21:31:35.797] [SFX] {"sound": "civ_move_2", "volume": 0.16}
[2026-09-24 21:31:35.797] [SFX] {"sound": "civ_move_2", "volume": 0.08}
[2026-09-24 21:31:35.812] [SFX] {"sound": "civ_move_1", "volume": 0.16}
[2026-09-24 21:31:36.089] [SFX] {"sound": "guardian_move", "volume": 0.2}
[2026-09-24 21:31:36.105] [M] {"button": 1, "pos": [319, 304], "ui_clicked": false}
[2026-09-24 21:31:36.205] [SFX] {"sound": "civ_move_2", "volume": 0.16}
[2026-09-24 21:31:36.206] [SFX] {"sound": "civ_move_2", "volume": 0.09}
[2026-09-24 21:31:36.228] [SFX] {"sound": "civ_move_1", "volume": 0.16}
[2026-09-24 21:31:36.389] [SFX] {"sound": "guardian_move", "volume": 0.24}
[2026-09-24 21:31:36.622] [SFX] {"sound": "civ_move_2", "volume": 0.15}
[2026-09-24 21:31:36.623] [SFX] {"sound": "civ_move_2", "volume": 0.1}
[2026-09-24 21:31:36.643] [SFX] {"sound": "civ_move_1", "volume": 0.15}
[2026-09-24 21:31:36.703] [SFX] {"sound": "guardian_move", "volume": 0.21}
[2026-09-24 21:31:36.822] [M] {"button": 1, "pos": [312, 310], "ui_clicked": false}
[2026-09-24 21:31:36.828] [P] {"start": [210, 82], "goal": [208, 94], "length": 2, "is_direction_change": false}
[2026-09-24 21:31:36.829] [SFX] {"sound": "click_target", "volume": 0.55}
[2026-09-24 21:31:36.875] [JACK] Kurzer Blick um die Ecke...
[2026-09-24 21:31:36.899] [SFX] {"sound": "player_move", "volume": 0.4}
[2026-09-24 21:31:36.999] [SFX] {"sound": "guardian_move", "volume": 0.2}
[2026-09-24 21:31:37.032] [SFX] {"sound": "civ_move_2", "volume": 0.16}
[2026-09-24 21:31:37.033] [SFX] {"sound": "civ_move_2", "volume": 0.12}
[2026-09-24 21:31:37.055] [SFX] {"sound": "civ_move_1", "volume": 0.16}
[2026-09-24 21:31:37.216] [SFX] {"sound": "player_move", "volume": 0.4}
[2026-09-24 21:31:37.314] [SFX] {"sound": "guardian_move", "volume": 0.15}
[2026-09-24 21:31:37.433] [SFX] {"sound": "civ_move_2", "volume": 0.21}
[2026-09-24 21:31:37.433] [SFX] {"sound": "civ_move_2", "volume": 0.17}
[2026-09-24 21:31:37.465] [SFX] {"sound": "civ_move_1", "volume": 0.22}
[2026-09-24 21:31:37.531] [SFX] {"sound": "player_move", "volume": 0.4}
[2026-09-24 21:31:37.614] [SFX] {"sound": "guardian_move", "volume": 0.15}
[2026-09-24 21:31:37.846] [SFX] {"sound": "civ_move_2", "volume": 0.21}
[2026-09-24 21:31:37.846] [SFX] {"sound": "civ_move_2", "volume": 0.2}
[2026-09-24 21:31:37.879] [SFX] {"sound": "civ_move_1", "volume": 0.21}
[2026-09-24 21:31:37.928] [SFX] {"sound": "guardian_move", "volume": 0.15}
[2026-09-24 21:31:38.260] [SFX] {"sound": "civ_move_2", "volume": 0.2}
[2026-09-24 21:31:38.261] [SFX] {"sound": "civ_move_2", "volume": 0.21}
[2026-09-24 21:31:38.292] [SFX] {"sound": "civ_move_1", "volume": 0.2}
[2026-09-24 21:31:38.543] [SFX] {"sound": "guardian_move", "volume": 0.16}
[2026-09-24 21:31:38.675] [SFX] {"sound": "civ_move_2", "volume": 0.19}
[2026-09-24 21:31:38.676] [SFX] {"sound": "civ_move_2", "volume": 0.22}
[2026-09-24 21:31:38.697] [SFX] {"sound": "civ_move_1", "volume": 0.19}
[2026-09-24 21:31:38.840] [SFX] {"sound": "guardian_move", "volume": 0.13}
[2026-09-24 21:31:38.988] [SFX] {"sound": "civ_move_1", "volume": 0.01}
[2026-09-24 21:31:39.086] [SFX] {"sound": "civ_move_2", "volume": 0.18}
[2026-09-24 21:31:39.087] [SFX] {"sound": "civ_move_2", "volume": 0.23}
[2026-09-24 21:31:39.110] [SFX] {"sound": "civ_move_1", "volume": 0.18}
[2026-09-24 21:31:39.153] [SFX] {"sound": "guardian_move", "volume": 0.18}
[2026-09-24 21:31:39.404] [SFX] {"sound": "civ_move_1", "volume": 0.01}
[2026-09-24 21:31:39.456] [SFX] {"sound": "guardian_move", "volume": 0.11}
[2026-09-24 21:31:39.488] [SFX] {"sound": "civ_move_2", "volume": 0.16}
[2026-09-24 21:31:39.489] [SFX] {"sound": "civ_move_2", "volume": 0.25}
[2026-09-24 21:31:39.511] [SFX] {"sound": "civ_move_1", "volume": 0.17}
[2026-09-24 21:31:39.781] [SFX] {"sound": "guardian_move", "volume": 0.19}
[2026-09-24 21:31:39.813] [SFX] {"sound": "civ_move_1", "volume": 0.02}
[2026-09-24 21:31:39.896] [SFX] {"sound": "civ_move_2", "volume": 0.15}
[2026-09-24 21:31:39.897] [SFX] {"sound": "civ_move_2", "volume": 0.26}
[2026-09-24 21:31:39.918] [SFX] {"sound": "civ_move_1", "volume": 0.15}
[2026-09-24 21:31:40.062] [SFX] {"sound": "guardian_move", "volume": 0.1}
[2026-09-24 21:31:40.227] [SFX] {"sound": "civ_move_1", "volume": 0.03}
[2026-09-24 21:31:40.309] [SFX] {"sound": "civ_move_2", "volume": 0.14}
[2026-09-24 21:31:40.310] [SFX] {"sound": "civ_move_2", "volume": 0.27}
[2026-09-24 21:31:40.332] [SFX] {"sound": "civ_move_1", "volume": 0.14}
[2026-09-24 21:31:40.391] [SFX] {"sound": "guardian_move", "volume": 0.16}
[2026-09-24 21:31:40.638] [SFX] {"sound": "civ_move_1", "volume": 0.03}
[2026-09-24 21:31:40.671] [SFX] {"sound": "guardian_move", "volume": 0.08}
[2026-09-24 21:31:40.705] [M] {"button": 1, "pos": [354, 275], "ui_clicked": false}
[2026-09-24 21:31:40.720] [SFX] {"sound": "civ_move_2", "volume": 0.13}
[2026-09-24 21:31:40.721] [SFX] {"sound": "civ_move_2", "volume": 0.28}
[2026-09-24 21:31:40.742] [SFX] {"sound": "civ_move_1", "volume": 0.13}
[2026-09-24 21:31:40.759] [C] {"civ_pos": [206, 94]}
[2026-09-24 21:31:41.002] [SFX] {"sound": "guardian_move", "volume": 0.15}
[2026-09-24 21:31:41.053] [SFX] {"sound": "civ_move_1", "volume": 0.04}
[2026-09-24 21:31:41.134] [SFX] {"sound": "civ_move_2", "volume": 0.12}
[2026-09-24 21:31:41.135] [SFX] {"sound": "civ_move_2", "volume": 0.3}
[2026-09-24 21:31:41.157] [SFX] {"sound": "civ_move_1", "volume": 0.12}
[2026-09-24 21:31:41.266] [M] {"button": 1, "pos": [348, 278], "ui_clicked": false}
[2026-09-24 21:31:41.274] [P] {"start": [208, 94], "goal": [212, 104], "length": 7, "is_direction_change": false}
[2026-09-24 21:31:41.275] [SFX] {"sound": "click_target", "volume": 0.57}
[2026-09-24 21:31:41.293] [SFX] {"sound": "guardian_move", "volume": 0.06}
[2026-09-24 21:31:41.453] [SFX] {"sound": "civ_move_1", "volume": 0.06}
[2026-09-24 21:31:41.536] [SFX] {"sound": "civ_move_2", "volume": 0.09}
[2026-09-24 21:31:41.537] [SFX] {"sound": "civ_move_2", "volume": 0.28}
[2026-09-24 21:31:41.558] [SFX] {"sound": "civ_move_1", "volume": 0.09}
[2026-09-24 21:31:41.576] [SFX] {"sound": "player_move", "volume": 0.4}
[2026-09-24 21:31:41.605] [SFX] {"sound": "guardian_move", "volume": 0.09}
[2026-09-24 21:31:41.854] [SFX] {"sound": "civ_move_1", "volume": 0.04}
[2026-09-24 21:31:41.877] [SFX] {"sound": "player_move", "volume": 0.4}
[2026-09-24 21:31:41.936] [SFX] {"sound": "civ_move_2", "volume": 0.03}
[2026-09-24 21:31:41.936] [SFX] {"sound": "civ_move_2", "volume": 0.24}
[2026-09-24 21:31:41.958] [SFX] {"sound": "civ_move_1", "volume": 0.03}
[2026-09-24 21:31:42.186] [SFX] {"sound": "player_move", "volume": 0.4}
[2026-09-24 21:31:42.218] [SFX] {"sound": "guardian_move", "volume": 0.05}
[2026-09-24 21:31:42.285] [SFX] {"sound": "civ_move_1", "volume": 0.07}
[2026-09-24 21:31:42.350] [SFX] {"sound": "civ_move_2", "volume": 0.04}
[2026-09-24 21:31:42.351] [SFX] {"sound": "civ_move_2", "volume": 0.26}
[2026-09-24 21:31:42.374] [SFX] {"sound": "civ_move_1", "volume": 0.04}
[2026-09-24 21:31:42.684] [SFX] {"sound": "civ_move_1", "volume": 0.08}
[2026-09-24 21:31:42.751] [SFX] {"sound": "civ_move_2", "volume": 0.03}
[2026-09-24 21:31:42.751] [SFX] {"sound": "civ_move_2", "volume": 0.25}
[2026-09-24 21:31:42.773] [SFX] {"sound": "civ_move_1", "volume": 0.03}
[2026-09-24 21:31:42.836] [SFX] {"sound": "guardian_move", "volume": 0.03}
[2026-09-24 21:31:43.100] [SFX] {"sound": "civ_move_1", "volume": 0.07}
[2026-09-24 21:31:43.166] [SFX] {"sound": "civ_move_2", "volume": 0.01}
[2026-09-24 21:31:43.167] [SFX] {"sound": "civ_move_2", "volume": 0.25}
[2026-09-24 21:31:43.189] [SFX] {"sound": "civ_move_1", "volume": 0.01}
[2026-09-24 21:31:43.445] [SFX] {"sound": "guardian_move", "volume": 0.01}
[2026-09-24 21:31:43.511] [SFX] {"sound": "civ_move_1", "volume": 0.06}
[2026-09-24 21:31:43.579] [SFX] {"sound": "civ_move_2", "volume": 0.0}
[2026-09-24 21:31:43.580] [SFX] {"sound": "civ_move_2", "volume": 0.25}
[2026-09-24 21:31:43.601] [SFX] {"sound": "civ_move_1", "volume": 0.0}
[2026-09-24 21:31:43.876] [SFX] {"sound": "civ_move_2", "volume": 0.19}
[2026-09-24 21:31:43.926] [SFX] {"sound": "civ_move_1", "volume": 0.05}
[2026-09-24 21:31:43.992] [SFX] {"sound": "civ_move_2", "volume": 0.25}
[2026-09-24 21:31:44.291] [SFX] {"sound": "civ_move_2", "volume": 0.18}
[2026-09-24 21:31:44.341] [SFX] {"sound": "civ_move_1", "volume": 0.04}
[2026-09-24 21:31:44.407] [SFX] {"sound": "civ_move_2", "volume": 0.25}
[2026-09-24 21:31:44.690] [SFX] {"sound": "civ_move_2", "volume": 0.17}
[2026-09-24 21:31:44.742] [SFX] {"sound": "civ_move_1", "volume": 0.04}
[2026-09-24 21:31:44.810] [SFX] {"sound": "civ_move_2", "volume": 0.26}
[2026-09-24 21:31:45.092] [SFX] {"sound": "civ_move_2", "volume": 0.16}
[2026-09-24 21:31:45.158] [SFX] {"sound": "civ_move_1", "volume": 0.03}
[2026-09-24 21:31:45.222] [SFX] {"sound": "civ_move_2", "volume": 0.27}
[2026-09-24 21:31:45.505] [SFX] {"sound": "civ_move_2", "volume": 0.15}
[2026-09-24 21:31:45.572] [SFX] {"sound": "civ_move_1", "volume": 0.02}
[2026-09-24 21:31:45.638] [SFX] {"sound": "civ_move_2", "volume": 0.28}
[2026-09-24 21:31:45.921] [SFX] {"sound": "civ_move_2", "volume": 0.14}
[2026-09-24 21:31:45.972] [SFX] {"sound": "civ_move_1", "volume": 0.01}
[2026-09-24 21:31:46.039] [SFX] {"sound": "civ_move_2", "volume": 0.28}
[2026-09-24 21:31:46.062] [C] {"civ_pos": [212, 102]}
[2026-09-24 21:31:46.099] [JACK] Diese Nodes wandern völlig ahnungslos durch das Grid.
[2026-09-24 21:31:46.325] [SFX] {"sound": "civ_move_2", "volume": 0.13}
[2026-09-24 21:31:46.374] [SFX] {"sound": "civ_move_1", "volume": 0.0}
[2026-09-24 21:31:46.440] [SFX] {"sound": "civ_move_2", "volume": 0.29}
[2026-09-24 21:31:46.491] [M] {"button": 1, "pos": [236, 181], "ui_clicked": false}
[2026-09-24 21:31:46.498] [P] {"start": [212, 104], "goal": [202, 101], "length": 12, "is_direction_change": false}
[2026-09-24 21:31:46.498] [SFX] {"sound": "click_target", "volume": 0.75}
[2026-09-24 21:31:46.541] [SFX] {"sound": "player_move", "volume": 0.4}
[2026-09-24 21:31:46.738] [SFX] {"sound": "civ_move_2", "volume": 0.09}
[2026-09-24 21:31:46.854] [SFX] {"sound": "player_move", "volume": 0.4}
[2026-09-24 21:31:46.855] [SFX] {"sound": "civ_move_2", "volume": 0.26}
[2026-09-24 21:31:47.138] [SFX] {"sound": "civ_move_2", "volume": 0.09}
[2026-09-24 21:31:47.161] [SFX] {"sound": "player_move", "volume": 0.4}
[2026-09-24 21:31:47.256] [SFX] {"sound": "civ_move_2", "volume": 0.28}
[2026-09-24 21:31:47.468] [SFX] {"sound": "player_move", "volume": 0.4}
[2026-09-24 21:31:47.550] [SFX] {"sound": "civ_move_2", "volume": 0.13}
[2026-09-24 21:31:47.665] [SFX] {"sound": "civ_move_2", "volume": 0.19}
[2026-09-24 21:31:47.780] [SFX] {"sound": "player_move", "volume": 0.4}
[2026-09-24 21:31:47.962] [SFX] {"sound": "civ_move_2", "volume": 0.14}
[2026-09-24 21:31:48.010] [SFX] {"sound": "civ_move_1", "volume": 0.01}
[2026-09-24 21:31:48.076] [SFX] {"sound": "civ_move_2", "volume": 0.17}
[2026-09-24 21:31:48.099] [SFX] {"sound": "player_move", "volume": 0.4}
[2026-09-24 21:31:48.375] [SFX] {"sound": "civ_move_2", "volume": 0.15}
[2026-09-24 21:31:48.424] [SFX] {"sound": "civ_move_1", "volume": 0.0}
[2026-09-24 21:31:48.788] [SFX] {"sound": "civ_move_2", "volume": 0.14}
[2026-09-24 21:31:49.189] [SFX] {"sound": "civ_move_2", "volume": 0.13}
[2026-09-24 21:31:49.604] [SFX] {"sound": "civ_move_2", "volume": 0.12}
[2026-09-24 21:31:50.017] [SFX] {"sound": "civ_move_2", "volume": 0.11}
[2026-09-24 21:31:50.418] [SFX] {"sound": "civ_move_2", "volume": 0.1}
[2026-09-24 21:31:50.830] [SFX] {"sound": "civ_move_2", "volume": 0.08}
[2026-09-24 21:31:51.231] [SFX] {"sound": "civ_move_2", "volume": 0.07}
[2026-09-24 21:31:51.644] [SFX] {"sound": "civ_move_2", "volume": 0.06}
[2026-09-24 21:31:52.057] [SFX] {"sound": "civ_move_2", "volume": 0.05}
[2026-09-24 21:31:52.457] [SFX] {"sound": "civ_move_2", "volume": 0.04}
[2026-09-24 21:31:52.872] [SFX] {"sound": "civ_move_2", "volume": 0.02}
[2026-09-24 21:31:53.276] [SFX] {"sound": "civ_move_2", "volume": 0.01}
[2026-09-24 21:31:54.607] [M] {"button": 1, "pos": [345, 199], "ui_clicked": false}
[2026-09-24 21:31:54.615] [P] {"start": [202, 101], "goal": [206, 104], "length": 4, "is_direction_change": false}
[2026-09-24 21:31:54.616] [SFX] {"sound": "click_target", "volume": 0.68}
[2026-09-24 21:31:54.648] [JACK] Kurzer Blick um die Ecke...
[2026-09-24 21:31:54.662] [SFX] {"sound": "player_move", "volume": 0.4}
[2026-09-24 21:31:57.338] [M] {"button": 1, "pos": [128, 109], "ui_clicked": true}
[2026-09-24 21:31:57.887] [M] {"button": 1, "pos": [103, 111], "ui_clicked": true}
[2026-09-24 21:31:58.468] [M] {"button": 1, "pos": [101, 111], "ui_clicked": true}
[2026-09-24 21:31:58.847] [M] {"button": 1, "pos": [107, 105], "ui_clicked": true}
[2026-09-24 21:31:59.381] [M] {"button": 1, "pos": [110, 110], "ui_clicked": true}
[2026-09-24 21:31:59.806] [M] {"button": 1, "pos": [111, 111], "ui_clicked": true}
[2026-09-24 21:32:00.069] [M] {"button": 1, "pos": [112, 114], "ui_clicked": true}
[2026-09-24 21:32:00.602] [M] {"button": 3, "pos": [119, 118], "ui_clicked": true}
[2026-09-24 21:32:01.297] [M] {"button": 3, "pos": [434, 245], "ui_clicked": false}
[2026-09-24 21:32:01.648] [M] {"button": 1, "pos": [487, 225], "ui_clicked": true}
[2026-09-24 21:32:01.673] [JACK] Deck-Einstellungen werden angepasst...
[2026-09-24 21:32:01.748] [M] {"button": 3, "pos": [487, 225], "ui_clicked": true}
[2026-09-24 21:32:01.851] [SFX] {"sound": "civ_move_1", "volume": 0.0}
[2026-09-24 21:32:02.266] [SFX] {"sound": "civ_move_1", "volume": 0.02}
[2026-09-24 21:32:02.563] [SFX] {"sound": "civ_move_1", "volume": 0.01}
[2026-09-24 21:32:02.629] [M] {"button": 3, "pos": [465, 212], "ui_clicked": true}
[2026-09-24 21:32:02.673] [SFX] {"sound": "civ_move_1", "volume": 0.03}
[2026-09-24 21:32:02.971] [SFX] {"sound": "civ_move_1", "volume": 0.02}
[2026-09-24 21:32:03.088] [SFX] {"sound": "civ_move_1", "volume": 0.04}
[2026-09-24 21:32:03.187] [M] {"button": 1, "pos": [384, 207], "ui_clicked": false}
[2026-09-24 21:32:03.193] [P] {"start": [206, 104], "goal": [212, 106], "length": 4, "is_direction_change": false}
[2026-09-24 21:32:03.194] [SFX] {"sound": "click_target", "volume": 0.66}
[2026-09-24 21:32:03.397] [SFX] {"sound": "civ_move_1", "volume": 0.01}
[2026-09-24 21:32:03.420] [SFX] {"sound": "player_move", "volume": 0.4}
[2026-09-24 21:32:03.493] [SFX] {"sound": "civ_move_1", "volume": 0.04}
[2026-09-24 21:32:03.723] [SFX] {"sound": "player_move", "volume": 0.4}
[2026-09-24 21:32:03.909] [SFX] {"sound": "civ_move_1", "volume": 0.02}
[2026-09-24 21:32:04.322] [SFX] {"sound": "civ_move_1", "volume": 0.03}
[2026-09-24 21:32:04.725] [SFX] {"sound": "civ_move_1", "volume": 0.04}
[2026-09-24 21:32:05.139] [SFX] {"sound": "civ_move_1", "volume": 0.05}
[2026-09-24 21:32:05.551] [SFX] {"sound": "civ_move_1", "volume": 0.06}
[2026-09-24 21:32:05.812] [M] {"button": 1, "pos": [244, 127], "ui_clicked": false}
[2026-09-24 21:32:05.819] [P] {"start": [212, 106], "goal": [199, 98], "length": 9, "is_direction_change": false}
[2026-09-24 21:32:05.820] [SFX] {"sound": "click_target", "volume": 0.64}
[2026-09-24 21:32:05.964] [SFX] {"sound": "civ_move_1", "volume": 0.09}
[2026-09-24 21:32:06.030] [SFX] {"sound": "player_move", "volume": 0.4}
[2026-09-24 21:32:06.377] [SFX] {"sound": "civ_move_1", "volume": 0.14}
[2026-09-24 21:32:06.642] [SFX] {"sound": "player_move", "volume": 0.4}
[2026-09-24 21:32:06.790] [SFX] {"sound": "civ_move_1", "volume": 0.17}
[2026-09-24 21:32:06.954] [SFX] {"sound": "player_move", "volume": 0.4}
[2026-09-24 21:32:07.200] [SFX] {"sound": "civ_move_1", "volume": 0.22}
[2026-09-24 21:32:07.615] [SFX] {"sound": "civ_move_1", "volume": 0.23}
[2026-09-24 21:32:08.029] [SFX] {"sound": "civ_move_1", "volume": 0.24}
[2026-09-24 21:32:08.445] [SFX] {"sound": "civ_move_1", "volume": 0.25}
[2026-09-24 21:32:08.741] [M] {"button": 1, "pos": [293, 141], "ui_clicked": false}
[2026-09-24 21:32:08.748] [P] {"start": [199, 98], "goal": [197, 94], "length": 21, "is_direction_change": false}
[2026-09-24 21:32:08.749] [SFX] {"sound": "click_target", "volume": 0.9}
[2026-09-24 21:32:08.781] [JACK] Gibt's hier kein Teleport-Protokoll? Das dauert ewig!
[2026-09-24 21:32:08.795] [SFX] {"sound": "player_move", "volume": 0.4}
[2026-09-24 21:32:08.857] [SFX] {"sound": "civ_move_1", "volume": 0.25}
[2026-09-24 21:32:09.090] [SFX] {"sound": "player_move", "volume": 0.4}
[2026-09-24 21:32:09.271] [SFX] {"sound": "civ_move_1", "volume": 0.22}
[2026-09-24 21:32:09.404] [SFX] {"sound": "player_move", "volume": 0.4}
[2026-09-24 21:32:09.673] [SFX] {"sound": "civ_move_1", "volume": 0.22}
[2026-09-24 21:32:09.706] [SFX] {"sound": "player_move", "volume": 0.4}
[2026-09-24 21:32:10.075] [SFX] {"sound": "civ_move_1", "volume": 0.18}
[2026-09-24 21:32:10.322] [SFX] {"sound": "player_move", "volume": 0.4}
[2026-09-24 21:32:10.488] [SFX] {"sound": "civ_move_1", "volume": 0.16}
[2026-09-24 21:32:10.621] [SFX] {"sound": "player_move", "volume": 0.4}
[2026-09-24 21:32:10.905] [SFX] {"sound": "civ_move_1", "volume": 0.21}
[2026-09-24 21:32:10.928] [SFX] {"sound": "player_move", "volume": 0.4}
[2026-09-24 21:32:11.318] [SFX] {"sound": "civ_move_1", "volume": 0.21}
[2026-09-24 21:32:11.545] [SFX] {"sound": "player_move", "volume": 0.4}
[2026-09-24 21:32:11.727] [SFX] {"sound": "civ_move_1", "volume": 0.26}
[2026-09-24 21:32:11.860] [SFX] {"sound": "player_move", "volume": 0.4}
[2026-09-24 21:32:11.944] [C] {"civ_pos": [208, 94]}
[2026-09-24 21:32:12.132] [SFX] {"sound": "civ_move_1", "volume": 0.28}
[2026-09-24 21:32:12.165] [SFX] {"sound": "player_move", "volume": 0.4}
[2026-09-24 21:32:12.546] [SFX] {"sound": "civ_move_1", "volume": 0.21}
[2026-09-24 21:32:12.959] [SFX] {"sound": "civ_move_1", "volume": 0.2}
[2026-09-24 21:32:13.275] [SFX] {"sound": "guardian_move", "volume": 0.02}
[2026-09-24 21:32:13.359] [SFX] {"sound": "civ_move_1", "volume": 0.2}
[2026-09-24 21:32:13.774] [SFX] {"sound": "civ_move_1", "volume": 0.19}
[2026-09-24 21:32:13.890] [SFX] {"sound": "guardian_move", "volume": 0.04}
[2026-09-24 21:32:14.187] [SFX] {"sound": "civ_move_1", "volume": 0.19}
[2026-09-24 21:32:14.506] [SFX] {"sound": "guardian_move", "volume": 0.07}
[2026-09-24 21:32:14.587] [SFX] {"sound": "civ_move_1", "volume": 0.18}
[2026-09-24 21:32:15.001] [SFX] {"sound": "civ_move_1", "volume": 0.17}
[2026-09-24 21:32:15.117] [SFX] {"sound": "guardian_move", "volume": 0.09}
[2026-09-24 21:32:15.414] [SFX] {"sound": "civ_move_1", "volume": 0.17}
[2026-09-24 21:32:15.480] [SFX] {"sound": "civ_move_2", "volume": 0.01}
[2026-09-24 21:32:15.646] [M] {"button": 1, "pos": [311, 180], "ui_clicked": false}
[2026-09-24 21:32:15.654] [P] {"start": [197, 94], "goal": [199, 94], "length": 1, "is_direction_change": false}
[2026-09-24 21:32:15.654] [SFX] {"sound": "click_target", "volume": 0.75}
[2026-09-24 21:32:15.689] [JACK] Sektor sieht ruhig aus. Erstmal Daten-Traces scannen.
[2026-09-24 21:32:15.730] [SFX] {"sound": "guardian_move", "volume": 0.1}
[2026-09-24 21:32:15.815] [SFX] {"sound": "civ_move_1", "volume": 0.17}
[2026-09-24 21:32:15.881] [SFX] {"sound": "civ_move_2", "volume": 0.0}
[2026-09-24 21:32:16.227] [SFX] {"sound": "civ_move_1", "volume": 0.16}
[2026-09-24 21:32:16.295] [SFX] {"sound": "civ_move_2", "volume": 0.01}
[2026-09-24 21:32:16.344] [SFX] {"sound": "guardian_move", "volume": 0.12}
[2026-09-24 21:32:16.544] [M] {"button": 4, "pos": [338, 182], "ui_clicked": false}
[2026-09-24 21:32:16.641] [SFX] {"sound": "civ_move_1", "volume": 0.15}
[2026-09-24 21:32:16.707] [SFX] {"sound": "civ_move_2", "volume": 0.02}
[2026-09-24 21:32:16.953] [SFX] {"sound": "guardian_move", "volume": 0.14}
[2026-09-24 21:32:17.056] [SFX] {"sound": "civ_move_1", "volume": 0.14}
[2026-09-24 21:32:17.122] [SFX] {"sound": "civ_move_2", "volume": 0.03}
[2026-09-24 21:32:17.471] [SFX] {"sound": "civ_move_1", "volume": 0.13}
[2026-09-24 21:32:17.536] [SFX] {"sound": "civ_move_2", "volume": 0.03}
[2026-09-24 21:32:17.559] [SFX] {"sound": "guardian_move", "volume": 0.17}
[2026-09-24 21:32:17.872] [SFX] {"sound": "civ_move_1", "volume": 0.12}
[2026-09-24 21:32:17.941] [SFX] {"sound": "civ_move_2", "volume": 0.04}
[2026-09-24 21:32:18.157] [M] {"button": 1, "pos": [172, 185], "ui_clicked": false}
[2026-09-24 21:32:18.163] [SFX] {"sound": "guardian_move", "volume": 0.19}
[2026-09-24 21:32:18.164] [P] {"start": [199, 94], "goal": [190, 94], "length": 1, "is_direction_change": false}
[2026-09-24 21:32:18.165] [SFX] {"sound": "click_target", "volume": 0.63}
[2026-09-24 21:32:18.242] [SFX] {"sound": "player_move", "volume": 0.4}
[2026-09-24 21:32:18.276] [SFX] {"sound": "civ_move_1", "volume": 0.1}
[2026-09-24 21:32:18.342] [SFX] {"sound": "civ_move_2", "volume": 0.06}
[2026-09-24 21:32:18.543] [SFX] {"sound": "player_move", "volume": 0.4}
[2026-09-24 21:32:18.690] [SFX] {"sound": "civ_move_1", "volume": 0.06}
[2026-09-24 21:32:18.756] [SFX] {"sound": "guardian_move", "volume": 0.31}
[2026-09-24 21:32:18.757] [SFX] {"sound": "civ_move_2", "volume": 0.07}
[2026-09-24 21:32:19.105] [SFX] {"sound": "civ_move_1", "volume": 0.05}
[2026-09-24 21:32:19.172] [SFX] {"sound": "civ_move_2", "volume": 0.08}
[2026-09-24 21:32:19.368] [SFX] {"sound": "guardian_move", "volume": 0.33}
[2026-09-24 21:32:19.514] [SFX] {"sound": "civ_move_1", "volume": 0.04}
[2026-09-24 21:32:19.581] [SFX] {"sound": "civ_move_2", "volume": 0.08}
[2026-09-24 21:32:19.926] [SFX] {"sound": "civ_move_1", "volume": 0.03}
[2026-09-24 21:32:19.976] [SFX] {"sound": "guardian_move", "volume": 0.35}
[2026-09-24 21:32:19.997] [SFX] {"sound": "civ_move_2", "volume": 0.08}
[2026-09-24 21:32:20.025] [SFX] {"sound": "threat_pulse", "volume": 0.3}
[2026-09-24 21:32:20.337] [SFX] {"sound": "civ_move_1", "volume": 0.02}
[2026-09-24 21:32:20.404] [SFX] {"sound": "civ_move_2", "volume": 0.08}
[2026-09-24 21:32:20.584] [SFX] {"sound": "guardian_move", "volume": 0.38}
[2026-09-24 21:32:20.752] [SFX] {"sound": "civ_move_1", "volume": 0.01}
[2026-09-24 21:32:20.818] [SFX] {"sound": "civ_move_2", "volume": 0.08}
[2026-09-24 21:32:20.935] [SFX] {"sound": "threat_pulse", "volume": 0.36}
[2026-09-24 21:32:21.233] [SFX] {"sound": "civ_move_2", "volume": 0.08}
[2026-09-24 21:32:21.267] [SFX] {"sound": "guardian_move", "volume": 0.4}
[2026-09-24 21:32:21.633] [SFX] {"sound": "civ_move_2", "volume": 0.08}
[2026-09-24 21:32:21.850] [SFX] {"sound": "threat_pulse", "volume": 0.43}
[2026-09-24 21:32:21.965] [SFX] {"sound": "guardian_move", "volume": 0.4}
[2026-09-24 21:32:22.033] [SFX] {"sound": "civ_move_2", "volume": 0.08}
[2026-09-24 21:32:22.300] [SFX] {"sound": "civ_move_1", "volume": 0.01}
[2026-09-24 21:32:22.433] [SFX] {"sound": "civ_move_2", "volume": 0.08}
[2026-09-24 21:32:22.565] [SFX] {"sound": "threat_pulse", "volume": 0.49}
[2026-09-24 21:32:22.665] [SFX] {"sound": "guardian_move", "volume": 0.4}
[2026-09-24 21:32:22.714] [SFX] {"sound": "civ_move_1", "volume": 0.01}
[2026-09-24 21:32:22.862] [SFX] {"sound": "civ_move_2", "volume": 0.08}
[2026-09-24 21:32:23.127] [SFX] {"sound": "civ_move_1", "volume": 0.02}
[2026-09-24 21:32:23.176] [SFX] {"sound": "threat_pulse", "volume": 0.54}
[2026-09-24 21:32:23.274] [SFX] {"sound": "civ_move_2", "volume": 0.08}
[2026-09-24 21:32:23.357] [SFX] {"sound": "guardian_move", "volume": 0.4}
[2026-09-24 21:32:23.541] [SFX] {"sound": "civ_move_1", "volume": 0.03}
[2026-09-24 21:32:23.622] [M] {"button": 1, "pos": [107, 186], "ui_clicked": false}
[2026-09-24 21:32:23.629] [P] {"start": [190, 94], "goal": [180, 94], "length": 1, "is_direction_change": false}
[2026-09-24 21:32:23.629] [SFX] {"sound": "click_target", "volume": 0.61}
[2026-09-24 21:32:23.689] [SFX] {"sound": "civ_move_2", "volume": 0.08}
[2026-09-24 21:32:23.689] [SFX] {"sound": "threat_pulse", "volume": 0.58}
[2026-09-24 21:32:23.886] [SFX] {"sound": "player_move", "volume": 0.4}
[2026-09-24 21:32:23.952] [SFX] {"sound": "civ_move_1", "volume": 0.06}
[2026-09-24 21:32:23.974] [SFX] {"sound": "guardian_move", "volume": 0.34}
[2026-09-24 21:32:24.100] [SFX] {"sound": "civ_move_2", "volume": 0.07}
[2026-09-24 21:32:24.100] [SFX] {"sound": "threat_pulse", "volume": 0.56}
[2026-09-24 21:32:24.220] [SFX] {"sound": "civ_move_1", "volume": 0.05}
[2026-09-24 21:32:24.270] [M] {"button": 1, "pos": [107, 186], "ui_clicked": false}
[2026-09-24 21:32:24.277] [P] {"start": [180, 94], "goal": [170, 94], "length": 1, "is_direction_change": false}
[2026-09-24 21:32:24.278] [SFX] {"sound": "click_target", "volume": 0.62}
[2026-09-24 21:32:24.350] [SFX] {"sound": "player_move", "volume": 0.4}
[2026-09-24 21:32:24.374] [SFX] {"sound": "civ_move_1", "volume": 0.08}
[2026-09-24 21:32:24.516] [SFX] {"sound": "civ_move_2", "volume": 0.06}
[2026-09-24 21:32:24.516] [SFX] {"sound": "threat_pulse", "volume": 0.54}
[2026-09-24 21:32:24.581] [SFX] {"sound": "guardian_move", "volume": 0.27}
[2026-09-24 21:32:24.631] [SFX] {"sound": "civ_move_1", "volume": 0.12}
[2026-09-24 21:32:24.666] [SFX] {"sound": "player_move", "volume": 0.4}
[2026-09-24 21:32:24.783] [SFX] {"sound": "civ_move_1", "volume": 0.08}
[2026-09-24 21:32:24.930] [SFX] {"sound": "civ_move_2", "volume": 0.05}
[2026-09-24 21:32:24.930] [SFX] {"sound": "threat_pulse", "volume": 0.52}
[2026-09-24 21:32:24.962] [M] {"button": 1, "pos": [107, 186], "ui_clicked": false}
[2026-09-24 21:32:24.970] [P] {"start": [170, 94], "goal": [160, 94], "length": 1, "is_direction_change": false}
[2026-09-24 21:32:24.970] [SFX] {"sound": "click_target", "volume": 0.62}
[2026-09-24 21:32:25.047] [SFX] {"sound": "civ_move_1", "volume": 0.16}
[2026-09-24 21:32:25.176] [SFX] {"sound": "player_move", "volume": 0.4}
[2026-09-24 21:32:25.201] [SFX] {"sound": "civ_move_1", "volume": 0.08}
[2026-09-24 21:32:25.202] [SFX] {"sound": "civ_move_1", "volume": 0.02}
[2026-09-24 21:32:25.216] [SFX] {"sound": "guardian_move", "volume": 0.2}
[2026-09-24 21:32:25.343] [SFX] {"sound": "civ_move_2", "volume": 0.03}
[2026-09-24 21:32:25.442] [SFX] {"sound": "threat_pulse", "volume": 0.5}
[2026-09-24 21:32:25.464] [SFX] {"sound": "civ_move_1", "volume": 0.24}
[2026-09-24 21:32:25.606] [SFX] {"sound": "civ_move_1", "volume": 0.06}
[2026-09-24 21:32:25.606] [SFX] {"sound": "civ_move_1", "volume": 0.07}
[2026-09-24 21:32:25.759] [SFX] {"sound": "civ_move_2", "volume": 0.02}
[2026-09-24 21:32:25.811] [SFX] {"sound": "guardian_move", "volume": 0.18}
[2026-09-24 21:32:25.860] [SFX] {"sound": "civ_move_1", "volume": 0.25}
[2026-09-24 21:32:26.007] [SFX] {"sound": "civ_move_1", "volume": 0.06}
[2026-09-24 21:32:26.007] [SFX] {"sound": "civ_move_1", "volume": 0.08}
[2026-09-24 21:32:26.057] [SFX] {"sound": "threat_pulse", "volume": 0.47}
[2026-09-24 21:32:26.080] [SFX] {"sound": "civ_move_2", "volume": 0.0}
[2026-09-24 21:32:26.174] [SFX] {"sound": "civ_move_2", "volume": 0.03}
[2026-09-24 21:32:26.274] [SFX] {"sound": "civ_move_1", "volume": 0.26}
[2026-09-24 21:32:26.409] [SFX] {"sound": "civ_move_1", "volume": 0.05}
[2026-09-24 21:32:26.410] [SFX] {"sound": "civ_move_1", "volume": 0.09}
[2026-09-24 21:32:26.432] [SFX] {"sound": "guardian_move", "volume": 0.2}
[2026-09-24 21:32:26.475] [SFX] {"sound": "civ_move_2", "volume": 0.01}
[2026-09-24 21:32:26.574] [SFX] {"sound": "civ_move_2", "volume": 0.04}
[2026-09-24 21:32:26.673] [SFX] {"sound": "threat_pulse", "volume": 0.44}
[2026-09-24 21:32:26.696] [SFX] {"sound": "civ_move_1", "volume": 0.27}
[2026-09-24 21:32:26.824] [SFX] {"sound": "civ_move_1", "volume": 0.05}
[2026-09-24 21:32:26.825] [SFX] {"sound": "civ_move_1", "volume": 0.1}
[2026-09-24 21:32:26.890] [SFX] {"sound": "civ_move_2", "volume": 0.02}
[2026-09-24 21:32:26.974] [SFX] {"sound": "civ_move_2", "volume": 0.04}
[2026-09-24 21:32:27.039] [SFX] {"sound": "guardian_move", "volume": 0.23}
[2026-09-24 21:32:27.073] [C] {"civ_pos": [158, 94]}
[2026-09-24 21:32:27.122] [SFX] {"sound": "civ_move_1", "volume": 0.29}
[2026-09-24 21:32:27.237] [SFX] {"sound": "civ_move_1", "volume": 0.04}
[2026-09-24 21:32:27.238] [SFX] {"sound": "civ_move_1", "volume": 0.12}
[2026-09-24 21:32:27.270] [M] {"button": 1, "pos": [162, 185], "ui_clicked": false}
[2026-09-24 21:32:27.278] [P] {"start": [160, 94], "goal": [154, 94], "length": 1, "is_direction_change": false}
[2026-09-24 21:32:27.279] [SFX] {"sound": "click_target", "volume": 0.68}
[2026-09-24 21:32:27.305] [SFX] {"sound": "player_move", "volume": 0.4}
[2026-09-24 21:32:27.306] [SFX] {"sound": "civ_move_2", "volume": 0.03}
[2026-09-24 21:32:27.388] [SFX] {"sound": "civ_move_2", "volume": 0.04}
[2026-09-24 21:32:27.389] [SFX] {"sound": "threat_pulse", "volume": 0.4}
[2026-09-24 21:32:27.522] [SFX] {"sound": "civ_move_1", "volume": 0.26}
[2026-09-24 21:32:27.638] [SFX] {"sound": "civ_move_1", "volume": 0.01}
[2026-09-24 21:32:27.639] [SFX] {"sound": "civ_move_1", "volume": 0.17}
[2026-09-24 21:32:27.661] [SFX] {"sound": "guardian_move", "volume": 0.19}
[2026-09-24 21:32:27.706] [SFX] {"sound": "civ_move_2", "volume": 0.05}
[2026-09-24 21:32:27.788] [SFX] {"sound": "civ_move_2", "volume": 0.03}
[2026-09-24 21:32:27.839] [M] {"button": 1, "pos": [162, 185], "ui_clicked": false}
[2026-09-24 21:32:27.846] [SFX] {"sound": "civ_move_2", "volume": 0.01}
[2026-09-24 21:32:27.848] [P] {"start": [154, 94], "goal": [148, 94], "length": 1, "is_direction_change": false}
[2026-09-24 21:32:27.849] [SFX] {"sound": "click_target", "volume": 0.69}
[2026-09-24 21:32:27.891] [SFX] {"sound": "player_move", "volume": 0.4}
[2026-09-24 21:32:27.924] [SFX] {"sound": "civ_move_1", "volume": 0.23}
[2026-09-24 21:32:28.040] [SFX] {"sound": "civ_move_1", "volume": 0.22}
[2026-09-24 21:32:28.106] [SFX] {"sound": "civ_move_2", "volume": 0.07}
[2026-09-24 21:32:28.189] [SFX] {"sound": "civ_move_2", "volume": 0.01}
[2026-09-24 21:32:28.190] [SFX] {"sound": "threat_pulse", "volume": 0.36}
[2026-09-24 21:32:28.240] [SFX] {"sound": "civ_move_2", "volume": 0.05}
[2026-09-24 21:32:28.263] [SFX] {"sound": "guardian_move", "volume": 0.15}
[2026-09-24 21:32:28.340] [SFX] {"sound": "civ_move_1", "volume": 0.19}
[2026-09-24 21:32:28.452] [SFX] {"sound": "civ_move_1", "volume": 0.24}
[2026-09-24 21:32:28.519] [SFX] {"sound": "civ_move_2", "volume": 0.08}
[2026-09-24 21:32:28.603] [SFX] {"sound": "civ_move_2", "volume": 0.02}
[2026-09-24 21:32:28.652] [SFX] {"sound": "civ_move_2", "volume": 0.06}
[2026-09-24 21:32:28.750] [SFX] {"sound": "civ_move_1", "volume": 0.18}
[2026-09-24 21:32:28.866] [SFX] {"sound": "guardian_move", "volume": 0.18}
[2026-09-24 21:32:28.866] [SFX] {"sound": "civ_move_1", "volume": 0.26}
[2026-09-24 21:32:28.933] [SFX] {"sound": "civ_move_2", "volume": 0.08}
[2026-09-24 21:32:29.014] [SFX] {"sound": "civ_move_2", "volume": 0.03}
[2026-09-24 21:32:29.064] [SFX] {"sound": "civ_move_2", "volume": 0.06}
[2026-09-24 21:32:29.096] [SFX] {"sound": "threat_pulse", "volume": 0.31}
[2026-09-24 21:32:29.164] [SFX] {"sound": "civ_move_1", "volume": 0.16}
[2026-09-24 21:32:29.280] [SFX] {"sound": "civ_move_1", "volume": 0.27}
[2026-09-24 21:32:29.345] [SFX] {"sound": "civ_move_2", "volume": 0.08}
[2026-09-24 21:32:29.378] [M] {"button": 1, "pos": [98, 128], "ui_clicked": false}
[2026-09-24 21:32:29.384] [SFX] {"sound": "click_target", "volume": 0.75}
[2026-09-24 21:32:29.426] [SFX] {"sound": "civ_move_2", "volume": 0.03}
[2026-09-24 21:32:29.461] [SFX] {"sound": "player_move", "volume": 0.4}
[2026-09-24 21:32:29.486] [SFX] {"sound": "guardian_move", "volume": 0.18}
[2026-09-24 21:32:29.487] [SFX] {"sound": "civ_move_2", "volume": 0.08}
[2026-09-24 21:32:29.578] [SFX] {"sound": "civ_move_1", "volume": 0.12}
[2026-09-24 21:32:29.578] [C] {"civ_pos": [145, 94]}
[2026-09-24 21:32:29.693] [SFX] {"sound": "civ_move_1", "volume": 0.27}
[2026-09-24 21:32:29.761] [SFX] {"sound": "player_move", "volume": 0.4}
[2026-09-24 21:32:29.761] [SFX] {"sound": "civ_move_2", "volume": 0.08}
[2026-09-24 21:32:29.795] [SFX] {"sound": "guardian_move", "volume": 0.04}
[2026-09-24 21:32:29.827] [SFX] {"sound": "civ_move_2", "volume": 0.0}
[2026-09-24 21:32:29.878] [SFX] {"sound": "civ_move_2", "volume": 0.14}
[2026-09-24 21:32:29.928] [SFX] {"sound": "civ_move_1", "volume": 0.03}
[2026-09-24 21:32:29.979] [SFX] {"sound": "civ_move_1", "volume": 0.05}
[2026-09-24 21:32:30.078] [SFX] {"sound": "guardian_move", "volume": 0.1}
[2026-09-24 21:32:30.099] [SFX] {"sound": "civ_move_1", "volume": 0.18}
[2026-09-24 21:32:30.176] [SFX] {"sound": "civ_move_2", "volume": 0.06}
[2026-09-24 21:32:30.293] [SFX] {"sound": "civ_move_2", "volume": 0.15}
[2026-09-24 21:32:30.343] [SFX] {"sound": "civ_move_1", "volume": 0.05}
[2026-09-24 21:32:30.393] [SFX] {"sound": "civ_move_1", "volume": 0.04}
[2026-09-24 21:32:30.394] [SFX] {"sound": "civ_move_2", "volume": 0.06}
[2026-09-24 21:32:30.415] [SFX] {"sound": "guardian_move", "volume": 0.08}
[2026-09-24 21:32:30.509] [SFX] {"sound": "civ_move_1", "volume": 0.17}
[2026-09-24 21:32:30.543] [SFX] {"sound": "threat_pulse", "volume": 0.31}
[2026-09-24 21:32:30.577] [SFX] {"sound": "civ_move_2", "volume": 0.06}
[2026-09-24 21:32:30.644] [SFX] {"sound": "civ_move_2", "volume": 0.0}
[2026-09-24 21:32:30.678] [SFX] {"sound": "guardian_move", "volume": 0.12}
[2026-09-24 21:32:30.700] [SFX] {"sound": "civ_move_2", "volume": 0.16}
[2026-09-24 21:32:30.743] [SFX] {"sound": "civ_move_1", "volume": 0.06}
[2026-09-24 21:32:30.809] [SFX] {"sound": "civ_move_1", "volume": 0.03}
[2026-09-24 21:32:30.809] [SFX] {"sound": "civ_move_2", "volume": 0.06}
[2026-09-24 21:32:30.832] [SFX] {"sound": "civ_move_1", "volume": 0.0}
[2026-09-24 21:32:30.927] [SFX] {"sound": "civ_move_1", "volume": 0.16}
[2026-09-24 21:32:30.977] [SFX] {"sound": "civ_move_2", "volume": 0.06}
[2026-09-24 21:32:31.011] [SFX] {"sound": "guardian_move", "volume": 0.1}
[2026-09-24 21:32:31.045] [SFX] {"sound": "civ_move_2", "volume": 0.01}
[2026-09-24 21:32:31.095] [SFX] {"sound": "civ_move_2", "volume": 0.16}
[2026-09-24 21:32:31.145] [SFX] {"sound": "civ_move_1", "volume": 0.07}
[2026-09-24 21:32:31.210] [SFX] {"sound": "civ_move_1", "volume": 0.02}
[2026-09-24 21:32:31.211] [SFX] {"sound": "civ_move_2", "volume": 0.05}
[2026-09-24 21:32:31.232] [SFX] {"sound": "civ_move_1", "volume": 0.01}
[2026-09-24 21:32:31.293] [SFX] {"sound": "guardian_move", "volume": 0.14}
[2026-09-24 21:32:31.327] [SFX] {"sound": "civ_move_1", "volume": 0.16}
[2026-09-24 21:32:31.392] [SFX] {"sound": "civ_move_2", "volume": 0.05}
[2026-09-24 21:32:31.456] [SFX] {"sound": "civ_move_2", "volume": 0.02}
[2026-09-24 21:32:31.457] [SFX] {"sound": "threat_pulse", "volume": 0.32}
[2026-09-24 21:32:31.507] [SFX] {"sound": "civ_move_2", "volume": 0.16}
[2026-09-24 21:32:31.557] [SFX] {"sound": "civ_move_1", "volume": 0.08}
[2026-09-24 21:32:31.622] [SFX] {"sound": "guardian_move", "volume": 0.12}
[2026-09-24 21:32:31.622] [SFX] {"sound": "civ_move_1", "volume": 0.01}
[2026-09-24 21:32:31.623] [SFX] {"sound": "civ_move_2", "volume": 0.05}
[2026-09-24 21:32:31.645] [SFX] {"sound": "civ_move_1", "volume": 0.02}
[2026-09-24 21:32:31.737] [SFX] {"sound": "civ_move_1", "volume": 0.15}
[2026-09-24 21:32:31.804] [SFX] {"sound": "civ_move_2", "volume": 0.05}
[2026-09-24 21:32:31.871] [SFX] {"sound": "civ_move_2", "volume": 0.02}
[2026-09-24 21:32:31.904] [SFX] {"sound": "guardian_move", "volume": 0.16}
[2026-09-24 21:32:31.927] [SFX] {"sound": "civ_move_2", "volume": 0.16}
[2026-09-24 21:32:31.973] [SFX] {"sound": "civ_move_1", "volume": 0.09}
[2026-09-24 21:32:32.022] [SFX] {"sound": "civ_move_1", "volume": 0.0}
[2026-09-24 21:32:32.023] [SFX] {"sound": "civ_move_2", "volume": 0.04}
[2026-09-24 21:32:32.055] [SFX] {"sound": "civ_move_1", "volume": 0.03}
[2026-09-24 21:32:32.138] [SFX] {"sound": "civ_move_1", "volume": 0.14}
[2026-09-24 21:32:32.218] [SFX] {"sound": "civ_move_2", "volume": 0.04}
[2026-09-24 21:32:32.242] [SFX] {"sound": "guardian_move", "volume": 0.14}
[2026-09-24 21:32:32.285] [SFX] {"sound": "civ_move_2", "volume": 0.03}
[2026-09-24 21:32:32.337] [SFX] {"sound": "civ_move_2", "volume": 0.13}
[2026-09-24 21:32:32.368] [SFX] {"sound": "threat_pulse", "volume": 0.33}
[2026-09-24 21:32:32.390] [SFX] {"sound": "civ_move_1", "volume": 0.1}
[2026-09-24 21:32:32.433] [SFX] {"sound": "civ_move_2", "volume": 0.04}
[2026-09-24 21:32:32.466] [SFX] {"sound": "civ_move_1", "volume": 0.04}
[2026-09-24 21:32:32.515] [SFX] {"sound": "guardian_move", "volume": 0.18}
[2026-09-24 21:32:32.550] [SFX] {"sound": "civ_move_1", "volume": 0.13}
[2026-09-24 21:32:32.634] [SFX] {"sound": "civ_move_2", "volume": 0.04}
[2026-09-24 21:32:32.748] [SFX] {"sound": "civ_move_2", "volume": 0.13}
[2026-09-24 21:32:32.796] [SFX] {"sound": "civ_move_1", "volume": 0.11}
[2026-09-24 21:32:32.846] [SFX] {"sound": "guardian_move", "volume": 0.15}
[2026-09-24 21:32:32.847] [SFX] {"sound": "civ_move_1", "volume": 0.01}
[2026-09-24 21:32:32.848] [SFX] {"sound": "civ_move_2", "volume": 0.05}
[2026-09-24 21:32:32.880] [SFX] {"sound": "civ_move_1", "volume": 0.05}
[2026-09-24 21:32:32.961] [SFX] {"sound": "civ_move_1", "volume": 0.12}
[2026-09-24 21:32:33.046] [SFX] {"sound": "civ_move_2", "volume": 0.03}
[2026-09-24 21:32:33.112] [SFX] {"sound": "civ_move_2", "volume": 0.04}
[2026-09-24 21:32:33.132] [SFX] {"sound": "guardian_move", "volume": 0.2}
[2026-09-24 21:32:33.160] [SFX] {"sound": "civ_move_2", "volume": 0.14}
[2026-09-24 21:32:33.209] [SFX] {"sound": "civ_move_1", "volume": 0.12}
[2026-09-24 21:32:33.261] [SFX] {"sound": "civ_move_1", "volume": 0.01}
[2026-09-24 21:32:33.262] [SFX] {"sound": "civ_move_2", "volume": 0.06}
[2026-09-24 21:32:33.283] [SFX] {"sound": "civ_move_1", "volume": 0.05}
[2026-09-24 21:32:33.284] [SFX] {"sound": "threat_pulse", "volume": 0.34}
[2026-09-24 21:32:33.345] [M] {"button": 1, "pos": [106, 226], "ui_clicked": false}
[2026-09-24 21:32:33.362] [SFX] {"sound": "civ_move_1", "volume": 0.11}
[2026-09-24 21:32:33.460] [SFX] {"sound": "guardian_move", "volume": 0.17}
[2026-09-24 21:32:33.460] [SFX] {"sound": "civ_move_2", "volume": 0.03}
[2026-09-24 21:32:33.525] [SFX] {"sound": "civ_move_2", "volume": 0.05}
[2026-09-24 21:32:33.575] [SFX] {"sound": "civ_move_2", "volume": 0.15}
[2026-09-24 21:32:33.609] [SFX] {"sound": "civ_move_1", "volume": 0.12}
[2026-09-24 21:32:33.676] [SFX] {"sound": "civ_move_2", "volume": 0.07}
[2026-09-24 21:32:33.698] [SFX] {"sound": "civ_move_1", "volume": 0.02}
[2026-09-24 21:32:33.698] [SFX] {"sound": "civ_move_1", "volume": 0.06}
[2026-09-24 21:32:33.742] [SFX] {"sound": "guardian_move", "volume": 0.22}
[2026-09-24 21:32:33.773] [SFX] {"sound": "civ_move_1", "volume": 0.1}
[2026-09-24 21:32:33.873] [SFX] {"sound": "civ_move_2", "volume": 0.02}
[2026-09-24 21:32:33.939] [SFX] {"sound": "civ_move_2", "volume": 0.05}
[2026-09-24 21:32:33.987] [SFX] {"sound": "civ_move_2", "volume": 0.16}
[2026-09-24 21:32:34.021] [SFX] {"sound": "civ_move_1", "volume": 0.13}
[2026-09-24 21:32:34.054] [M] {"button": 1, "pos": [153, 200], "ui_clicked": false}
[2026-09-24 21:32:34.062] [SFX] {"sound": "action_cancel", "volume": 1.0}
[2026-09-24 21:32:34.063] [P] {"start": [138, 91], "goal": [129, 94], "length": 2, "is_direction_change": false}
[2026-09-24 21:32:34.064] [SFX] {"sound": "click_target", "volume": 0.63}
[2026-09-24 21:32:34.106] [JACK] Kurzer Blick um die Ecke...
[2026-09-24 21:32:34.107] [SFX] {"sound": "guardian_move", "volume": 0.18}
[2026-09-24 21:32:34.120] [SFX] {"sound": "civ_move_1", "volume": 0.02}
[2026-09-24 21:32:34.121] [SFX] {"sound": "civ_move_1", "volume": 0.06}
[2026-09-24 21:32:34.122] [SFX] {"sound": "civ_move_2", "volume": 0.08}
[2026-09-24 21:32:34.137] [SFX] {"sound": "player_move", "volume": 0.4}
[2026-09-24 21:32:34.182] [SFX] {"sound": "civ_move_1", "volume": 0.11}
[2026-09-24 21:32:34.183] [SFX] {"sound": "threat_pulse", "volume": 0.34}
[2026-09-24 21:32:34.282] [SFX] {"sound": "civ_move_2", "volume": 0.01}
[2026-09-24 21:32:34.349] [SFX] {"sound": "guardian_move", "volume": 0.26}
[2026-09-24 21:32:34.350] [SFX] {"sound": "civ_move_2", "volume": 0.06}
[2026-09-24 21:32:34.399] [SFX] {"sound": "civ_move_2", "volume": 0.25}
[2026-09-24 21:32:34.431] [SFX] {"sound": "civ_move_1", "volume": 0.16}
[2026-09-24 21:32:34.452] [SFX] {"sound": "player_move", "volume": 0.4}
[2026-09-24 21:32:34.530] [SFX] {"sound": "civ_move_1", "volume": 0.05}
[2026-09-24 21:32:34.530] [SFX] {"sound": "civ_move_1", "volume": 0.08}
[2026-09-24 21:32:34.531] [SFX] {"sound": "civ_move_2", "volume": 0.12}
[2026-09-24 21:32:34.596] [SFX] {"sound": "civ_move_1", "volume": 0.03}
[2026-09-24 21:32:34.597] [C] {"civ_pos": [127, 94]}
[2026-09-24 21:32:34.677] [SFX] {"sound": "guardian_move", "volume": 0.25}
[2026-09-24 21:32:34.761] [SFX] {"sound": "civ_move_2", "volume": 0.04}
[2026-09-24 21:32:34.809] [SFX] {"sound": "civ_move_2", "volume": 0.3}
[2026-09-24 21:32:34.840] [SFX] {"sound": "civ_move_1", "volume": 0.19}
[2026-09-24 21:32:34.863] [SFX] {"sound": "civ_move_2", "volume": 0.01}
[2026-09-24 21:32:34.941] [SFX] {"sound": "civ_move_1", "volume": 0.06}
[2026-09-24 21:32:34.942] [SFX] {"sound": "civ_move_2", "volume": 0.13}
[2026-09-24 21:32:34.963] [SFX] {"sound": "guardian_move", "volume": 0.23}
[2026-09-24 21:32:34.964] [SFX] {"sound": "civ_move_1", "volume": 0.09}
[2026-09-24 21:32:35.006] [SFX] {"sound": "civ_move_1", "volume": 0.02}
[2026-09-24 21:32:35.170] [SFX] {"sound": "civ_move_2", "volume": 0.05}
[2026-09-24 21:32:35.219] [SFX] {"sound": "civ_move_2", "volume": 0.29}
[2026-09-24 21:32:35.252] [SFX] {"sound": "civ_move_1", "volume": 0.2}
[2026-09-24 21:32:35.275] [SFX] {"sound": "civ_move_2", "volume": 0.02}
[2026-09-24 21:32:35.291] [SFX] {"sound": "guardian_move", "volume": 0.27}
[2026-09-24 21:32:35.352] [SFX] {"sound": "civ_move_1", "volume": 0.07}
[2026-09-24 21:32:35.353] [SFX] {"sound": "civ_move_2", "volume": 0.14}
[2026-09-24 21:32:35.374] [SFX] {"sound": "civ_move_1", "volume": 0.09}
[2026-09-24 21:32:35.416] [SFX] {"sound": "civ_move_1", "volume": 0.0}
[2026-09-24 21:32:35.565] [SFX] {"sound": "guardian_move", "volume": 0.26}
[2026-09-24 21:32:35.586] [SFX] {"sound": "civ_move_2", "volume": 0.05}
[2026-09-24 21:32:35.632] [SFX] {"sound": "civ_move_2", "volume": 0.28}
[2026-09-24 21:32:35.664] [SFX] {"sound": "civ_move_1", "volume": 0.2}
[2026-09-24 21:32:35.686] [SFX] {"sound": "civ_move_2", "volume": 0.02}
[2026-09-24 21:32:35.764] [SFX] {"sound": "civ_move_1", "volume": 0.08}
[2026-09-24 21:32:35.765] [SFX] {"sound": "civ_move_2", "volume": 0.15}
[2026-09-24 21:32:35.780] [M] {"button": 1, "pos": [215, 221], "ui_clicked": false}
[2026-09-24 21:32:35.788] [SFX] {"sound": "civ_move_1", "volume": 0.09}
[2026-09-24 21:32:35.897] [SFX] {"sound": "guardian_move", "volume": 0.29}
[2026-09-24 21:32:35.982] [SFX] {"sound": "civ_move_2", "volume": 0.06}
[2026-09-24 21:32:36.032] [SFX] {"sound": "civ_move_2", "volume": 0.27}
[2026-09-24 21:32:36.067] [SFX] {"sound": "civ_move_1", "volume": 0.21}
[2026-09-24 21:32:36.090] [SFX] {"sound": "civ_move_2", "volume": 0.03}
[2026-09-24 21:32:36.167] [SFX] {"sound": "guardian_move", "volume": 0.28}
[2026-09-24 21:32:36.168] [SFX] {"sound": "civ_move_1", "volume": 0.09}
[2026-09-24 21:32:36.169] [SFX] {"sound": "civ_move_2", "volume": 0.16}
[2026-09-24 21:32:36.189] [SFX] {"sound": "civ_move_1", "volume": 0.09}
[2026-09-24 21:32:36.382] [SFX] {"sound": "civ_move_2", "volume": 0.06}
[2026-09-24 21:32:36.449] [SFX] {"sound": "civ_move_2", "volume": 0.25}
[2026-09-24 21:32:36.482] [SFX] {"sound": "civ_move_1", "volume": 0.22}
[2026-09-24 21:32:36.504] [SFX] {"sound": "guardian_move", "volume": 0.3}
[2026-09-24 21:32:36.505] [SFX] {"sound": "civ_move_2", "volume": 0.03}
[2026-09-24 21:32:36.581] [SFX] {"sound": "civ_move_1", "volume": 0.11}
[2026-09-24 21:32:36.581] [SFX] {"sound": "civ_move_2", "volume": 0.17}
[2026-09-24 21:32:36.602] [SFX] {"sound": "civ_move_1", "volume": 0.09}
[2026-09-24 21:32:36.778] [SFX] {"sound": "guardian_move", "volume": 0.31}
[2026-09-24 21:32:36.801] [SFX] {"sound": "civ_move_2", "volume": 0.07}
[2026-09-24 21:32:36.861] [SFX] {"sound": "civ_move_2", "volume": 0.24}
[2026-09-24 21:32:36.894] [SFX] {"sound": "civ_move_1", "volume": 0.23}
[2026-09-24 21:32:36.916] [SFX] {"sound": "civ_move_2", "volume": 0.04}
[2026-09-24 21:32:36.993] [SFX] {"sound": "civ_move_1", "volume": 0.12}
[2026-09-24 21:32:36.994] [SFX] {"sound": "civ_move_2", "volume": 0.17}
[2026-09-24 21:32:37.015] [SFX] {"sound": "civ_move_1", "volume": 0.09}
[2026-09-24 21:32:37.111] [SFX] {"sound": "guardian_move", "volume": 0.31}
[2026-09-24 21:32:37.195] [SFX] {"sound": "civ_move_2", "volume": 0.07}
[2026-09-24 21:32:37.262] [M] {"button": 1, "pos": [223, 192], "ui_clicked": false}
[2026-09-24 21:32:37.268] [SFX] {"sound": "civ_move_2", "volume": 0.23}
[2026-09-24 21:32:37.269] [SFX] {"sound": "click_target", "volume": 0.75}
[2026-09-24 21:32:37.295] [SFX] {"sound": "civ_move_1", "volume": 0.24}
[2026-09-24 21:32:37.318] [SFX] {"sound": "civ_move_2", "volume": 0.05}
[2026-09-24 21:32:37.379] [SFX] {"sound": "guardian_move", "volume": 0.32}
[2026-09-24 21:32:37.401] [SFX] {"sound": "civ_move_1", "volume": 0.13}
[2026-09-24 21:32:37.402] [SFX] {"sound": "civ_move_2", "volume": 0.18}
[2026-09-24 21:32:37.416] [SFX] {"sound": "civ_move_1", "volume": 0.08}
[2026-09-24 21:32:37.596] [SFX] {"sound": "civ_move_2", "volume": 0.07}
[2026-09-24 21:32:37.663] [SFX] {"sound": "civ_move_2", "volume": 0.21}
[2026-09-24 21:32:37.711] [SFX] {"sound": "guardian_move", "volume": 0.33}
[2026-09-24 21:32:37.712] [SFX] {"sound": "civ_move_1", "volume": 0.24}
[2026-09-24 21:32:37.713] [SFX] {"sound": "civ_move_2", "volume": 0.05}
[2026-09-24 21:32:37.795] [SFX] {"sound": "civ_move_1", "volume": 0.14}
[2026-09-24 21:32:37.796] [SFX] {"sound": "civ_move_2", "volume": 0.19}
[2026-09-24 21:32:37.817] [SFX] {"sound": "civ_move_1", "volume": 0.08}
[2026-09-24 21:32:37.980] [SFX] {"sound": "guardian_move", "volume": 0.34}
[2026-09-24 21:32:38.003] [SFX] {"sound": "civ_move_2", "volume": 0.08}
[2026-09-24 21:32:38.065] [SFX] {"sound": "civ_move_2", "volume": 0.2}
[2026-09-24 21:32:38.115] [SFX] {"sound": "civ_move_1", "volume": 0.19}
[2026-09-24 21:32:38.116] [SFX] {"sound": "civ_move_2", "volume": 0.05}
[2026-09-24 21:32:38.198] [SFX] {"sound": "civ_move_1", "volume": 0.15}
[2026-09-24 21:32:38.199] [SFX] {"sound": "civ_move_2", "volume": 0.19}
[2026-09-24 21:32:38.221] [SFX] {"sound": "civ_move_1", "volume": 0.08}
[2026-09-24 21:32:38.317] [SFX] {"sound": "guardian_move", "volume": 0.35}
[2026-09-24 21:32:38.318] [SFX] {"sound": "threat_pulse", "volume": 0.3}
[2026-09-24 21:32:38.400] [SFX] {"sound": "civ_move_2", "volume": 0.08}
[2026-09-24 21:32:38.467] [SFX] {"sound": "civ_move_2", "volume": 0.18}
[2026-09-24 21:32:38.516] [SFX] {"sound": "civ_move_1", "volume": 0.19}
[2026-09-24 21:32:38.516] [SFX] {"sound": "civ_move_2", "volume": 0.07}
[2026-09-24 21:32:38.582] [SFX] {"sound": "guardian_move", "volume": 0.36}
[2026-09-24 21:32:38.614] [SFX] {"sound": "civ_move_1", "volume": 0.17}
[2026-09-24 21:32:38.615] [SFX] {"sound": "civ_move_2", "volume": 0.19}
[2026-09-24 21:32:38.637] [SFX] {"sound": "civ_move_1", "volume": 0.07}
[2026-09-24 21:32:38.648] [M] {"button": 1, "pos": [143, 112], "ui_clicked": true}
[2026-09-24 21:32:38.801] [SFX] {"sound": "civ_move_2", "volume": 0.08}
[2026-09-24 21:32:38.882] [SFX] {"sound": "civ_move_2", "volume": 0.17}
[2026-09-24 21:32:38.932] [SFX] {"sound": "guardian_move", "volume": 0.38}
[2026-09-24 21:32:38.933] [SFX] {"sound": "civ_move_1", "volume": 0.19}
[2026-09-24 21:32:38.934] [SFX] {"sound": "civ_move_2", "volume": 0.08}
[2026-09-24 21:32:39.015] [SFX] {"sound": "civ_move_1", "volume": 0.18}
[2026-09-24 21:32:39.016] [SFX] {"sound": "civ_move_2", "volume": 0.24}
[2026-09-24 21:32:39.037] [SFX] {"sound": "civ_move_1", "volume": 0.07}
[2026-09-24 21:32:39.049] [M] {"button": 1, "pos": [149, 111], "ui_clicked": true}
[2026-09-24 21:32:39.186] [SFX] {"sound": "guardian_move", "volume": 0.39}
[2026-09-24 21:32:39.209] [SFX] {"sound": "civ_move_2", "volume": 0.08}
[2026-09-24 21:32:39.226] [SFX] {"sound": "threat_pulse", "volume": 0.35}
[2026-09-24 21:32:39.285] [M] {"button": 1, "pos": [151, 111], "ui_clicked": true}
[2026-09-24 21:32:39.312] [SFX] {"sound": "civ_move_2", "volume": 0.16}
[2026-09-24 21:32:39.337] [SFX] {"sound": "civ_move_1", "volume": 0.18}
[2026-09-24 21:32:39.338] [SFX] {"sound": "civ_move_2", "volume": 0.08}
[2026-09-24 21:32:39.419] [SFX] {"sound": "civ_move_1", "volume": 0.19}
[2026-09-24 21:32:39.420] [SFX] {"sound": "civ_move_2", "volume": 0.24}
[2026-09-24 21:32:39.443] [SFX] {"sound": "civ_move_1", "volume": 0.06}
[2026-09-24 21:32:39.520] [M] {"button": 1, "pos": [145, 108], "ui_clicked": true}
[2026-09-24 21:32:39.601] [SFX] {"sound": "guardian_move", "volume": 0.4}
[2026-09-24 21:32:39.623] [SFX] {"sound": "civ_move_2", "volume": 0.08}
[2026-09-24 21:32:39.699] [SFX] {"sound": "civ_move_2", "volume": 0.15}
[2026-09-24 21:32:39.748] [SFX] {"sound": "civ_move_1", "volume": 0.17}
[2026-09-24 21:32:39.748] [SFX] {"sound": "civ_move_2", "volume": 0.09}
[2026-09-24 21:32:39.830] [M] {"button": 1, "pos": [144, 108], "ui_clicked": true}
[2026-09-24 21:32:39.844] [SFX] {"sound": "civ_move_1", "volume": 0.2}
[2026-09-24 21:32:39.845] [SFX] {"sound": "civ_move_2", "volume": 0.23}
[2026-09-24 21:32:39.858] [SFX] {"sound": "guardian_move", "volume": 0.4}
[2026-09-24 21:32:39.859] [SFX] {"sound": "civ_move_1", "volume": 0.06}
[2026-09-24 21:32:40.018] [SFX] {"sound": "civ_move_2", "volume": 0.08}
[2026-09-24 21:32:40.103] [SFX] {"sound": "civ_move_2", "volume": 0.12}
[2026-09-24 21:32:40.136] [SFX] {"sound": "threat_pulse", "volume": 0.42}
[2026-09-24 21:32:40.157] [SFX] {"sound": "civ_move_1", "volume": 0.16}
[2026-09-24 21:32:40.158] [SFX] {"sound": "civ_move_2", "volume": 0.09}
[2026-09-24 21:32:40.235] [SFX] {"sound": "civ_move_1", "volume": 0.21}
[2026-09-24 21:32:40.236] [SFX] {"sound": "civ_move_2", "volume": 0.23}
[2026-09-24 21:32:40.258] [SFX] {"sound": "guardian_move", "volume": 0.4}
[2026-09-24 21:32:40.274] [SFX] {"sound": "civ_move_1", "volume": 0.05}
[2026-09-24 21:32:40.300] [M] {"button": 1, "pos": [142, 106], "ui_clicked": true}
[2026-09-24 21:32:40.312] [JACK] Inventar durchwühlen. Wo liegt das passende Tool?
[2026-09-24 21:32:40.420] [SFX] {"sound": "civ_move_2", "volume": 0.08}
[2026-09-24 21:32:40.520] [SFX] {"sound": "civ_move_2", "volume": 0.12}
[2026-09-24 21:32:40.552] [SFX] {"sound": "civ_move_1", "volume": 0.15}
[2026-09-24 21:32:40.552] [SFX] {"sound": "civ_move_2", "volume": 0.09}
[2026-09-24 21:32:40.584] [M] {"button": 1, "pos": [142, 106], "ui_clicked": true}
[2026-09-24 21:32:40.619] [SFX] {"sound": "guardian_move", "volume": 0.4}
[2026-09-24 21:32:40.641] [SFX] {"sound": "civ_move_1", "volume": 0.22}
[2026-09-24 21:32:40.641] [SFX] {"sound": "civ_move_2", "volume": 0.22}
[2026-09-24 21:32:40.668] [SFX] {"sound": "civ_move_1", "volume": 0.06}
[2026-09-24 21:32:40.837] [SFX] {"sound": "civ_move_2", "volume": 0.08}
[2026-09-24 21:32:40.902] [SFX] {"sound": "guardian_move", "volume": 0.4}
[2026-09-24 21:32:40.926] [SFX] {"sound": "civ_move_2", "volume": 0.15}
[2026-09-24 21:32:40.941] [SFX] {"sound": "threat_pulse", "volume": 0.48}
[2026-09-24 21:32:40.959] [SFX] {"sound": "civ_move_2", "volume": 0.09}
[2026-09-24 21:32:40.976] [SFX] {"sound": "civ_move_1", "volume": 0.14}
[2026-09-24 21:32:41.036] [SFX] {"sound": "civ_move_1", "volume": 0.22}
[2026-09-24 21:32:41.036] [SFX] {"sound": "civ_move_2", "volume": 0.21}
[2026-09-24 21:32:41.052] [M] {"button": 1, "pos": [136, 107], "ui_clicked": true}
[2026-09-24 21:32:41.086] [SFX] {"sound": "civ_move_1", "volume": 0.07}
[2026-09-24 21:32:41.237] [SFX] {"sound": "civ_move_2", "volume": 0.08}
[2026-09-24 21:32:41.286] [SFX] {"sound": "guardian_move", "volume": 0.4}
[2026-09-24 21:32:41.320] [SFX] {"sound": "civ_move_2", "volume": 0.17}
[2026-09-24 21:32:41.353] [M] {"button": 1, "pos": [136, 107], "ui_clicked": true}
[2026-09-24 21:32:41.366] [SFX] {"sound": "civ_move_2", "volume": 0.09}
[2026-09-24 21:32:41.380] [SFX] {"sound": "civ_move_1", "volume": 0.13}
[2026-09-24 21:32:41.439] [SFX] {"sound": "civ_move_1", "volume": 0.23}
[2026-09-24 21:32:41.439] [SFX] {"sound": "civ_move_2", "volume": 0.2}
[2026-09-24 21:32:41.489] [SFX] {"sound": "civ_move_1", "volume": 0.08}
[2026-09-24 21:32:41.539] [SFX] {"sound": "guardian_move", "volume": 0.4}
[2026-09-24 21:32:41.540] [SFX] {"sound": "threat_pulse", "volume": 0.53}
[2026-09-24 21:32:41.605] [M] {"button": 1, "pos": [141, 107], "ui_clicked": true}
[2026-09-24 21:32:41.638] [SFX] {"sound": "civ_move_2", "volume": 0.08}
[2026-09-24 21:32:41.723] [SFX] {"sound": "civ_move_2", "volume": 0.18}
[2026-09-24 21:32:41.756] [SFX] {"sound": "civ_move_2", "volume": 0.09}
[2026-09-24 21:32:41.789] [SFX] {"sound": "civ_move_1", "volume": 0.12}
[2026-09-24 21:32:41.804] [M] {"button": 1, "pos": [144, 109], "ui_clicked": true}
[2026-09-24 21:32:41.842] [SFX] {"sound": "civ_move_1", "volume": 0.24}
[2026-09-24 21:32:41.842] [SFX] {"sound": "civ_move_2", "volume": 0.19}
[2026-09-24 21:32:41.891] [SFX] {"sound": "civ_move_1", "volume": 0.09}
[2026-09-24 21:32:42.039] [SFX] {"sound": "guardian_move", "volume": 0.4}
[2026-09-24 21:32:42.061] [SFX] {"sound": "civ_move_2", "volume": 0.08}
[2026-09-24 21:32:42.061] [SFX] {"sound": "threat_pulse", "volume": 0.57}
[2026-09-24 21:32:42.135] [SFX] {"sound": "civ_move_2", "volume": 0.19}
[2026-09-24 21:32:42.169] [SFX] {"sound": "civ_move_2", "volume": 0.09}
[2026-09-24 21:32:42.191] [SFX] {"sound": "guardian_move", "volume": 0.4}
[2026-09-24 21:32:42.208] [SFX] {"sound": "civ_move_1", "volume": 0.11}
[2026-09-24 21:32:42.250] [SFX] {"sound": "civ_move_1", "volume": 0.24}
[2026-09-24 21:32:42.251] [SFX] {"sound": "civ_move_2", "volume": 0.18}
[2026-09-24 21:32:42.267] [M] {"button": 1, "pos": [227, 143], "ui_clicked": false}
[2026-09-24 21:32:42.300] [SFX] {"sound": "civ_move_1", "volume": 0.09}
[2026-09-24 21:32:42.466] [SFX] {"sound": "civ_move_2", "volume": 0.09}
[2026-09-24 21:32:42.466] [SFX] {"sound": "threat_pulse", "volume": 0.61}
[2026-09-24 21:32:42.548] [SFX] {"sound": "civ_move_2", "volume": 0.2}
[2026-09-24 21:32:42.582] [SFX] {"sound": "civ_move_2", "volume": 0.08}
[2026-09-24 21:32:42.615] [SFX] {"sound": "civ_move_1", "volume": 0.1}
[2026-09-24 21:32:42.666] [SFX] {"sound": "civ_move_1", "volume": 0.24}
[2026-09-24 21:32:42.666] [SFX] {"sound": "civ_move_2", "volume": 0.17}
[2026-09-24 21:32:42.687] [SFX] {"sound": "guardian_move", "volume": 0.4}
[2026-09-24 21:32:42.715] [SFX] {"sound": "civ_move_1", "volume": 0.1}
[2026-09-24 21:32:42.780] [SFX] {"sound": "threat_pulse", "volume": 0.63}
[2026-09-24 21:32:42.831] [SFX] {"sound": "guardian_move", "volume": 0.4}
[2026-09-24 21:32:42.880] [SFX] {"sound": "civ_move_2", "volume": 0.1}
[2026-09-24 21:32:42.964] [SFX] {"sound": "civ_move_2", "volume": 0.22}
[2026-09-24 21:32:42.987] [SFX] {"sound": "threat_pulse", "volume": 0.65}
[2026-09-24 21:32:43.005] [SFX] {"sound": "civ_move_2", "volume": 0.08}
[2026-09-24 21:32:43.022] [SFX] {"sound": "civ_move_1", "volume": 0.09}
[2026-09-24 21:32:43.066] [SFX] {"sound": "civ_move_1", "volume": 0.26}
[2026-09-24 21:32:43.067] [SFX] {"sound": "civ_move_2", "volume": 0.16}
[2026-09-24 21:32:43.116] [SFX] {"sound": "civ_move_1", "volume": 0.11}
[2026-09-24 21:32:43.182] [SFX] {"sound": "threat_pulse", "volume": 0.66}
[2026-09-24 21:32:43.295] [SFX] {"sound": "civ_move_2", "volume": 0.11}
[2026-09-24 21:32:43.295] [SFX] {"sound": "threat_pulse", "volume": 0.67}
[2026-09-24 21:32:43.317] [SFX] {"sound": "guardian_move", "volume": 0.4}
[2026-09-24 21:32:43.377] [M] {"button": 1, "pos": [326, 185], "ui_clicked": false}
[2026-09-24 21:32:43.384] [SFX] {"sound": "civ_move_2", "volume": 0.23}
[2026-09-24 21:32:43.385] [SFX] {"sound": "action_cancel", "volume": 1.0}
[2026-09-24 21:32:43.386] [P] {"start": [127, 94], "goal": [131, 94], "length": 1, "is_direction_change": false}
[2026-09-24 21:32:43.386] [SFX] {"sound": "click_target", "volume": 0.72}
[2026-09-24 21:32:43.419] [SFX] {"sound": "threat_pulse", "volume": 0.68}
[2026-09-24 21:32:43.433] [SFX] {"sound": "civ_move_1", "volume": 0.08}
[2026-09-24 21:32:43.433] [SFX] {"sound": "civ_move_2", "volume": 0.08}
[2026-09-24 21:32:43.460] [SFX] {"sound": "player_move", "volume": 0.4}
[2026-09-24 21:32:43.461] [SFX] {"sound": "guardian_move", "volume": 0.38}
[2026-09-24 21:32:43.482] [SFX] {"sound": "civ_move_1", "volume": 0.25}
[2026-09-24 21:32:43.483] [SFX] {"sound": "civ_move_2", "volume": 0.14}
[2026-09-24 21:32:43.510] [SFX] {"sound": "threat_pulse", "volume": 0.69}
[2026-09-24 21:32:43.532] [SFX] {"sound": "civ_move_1", "volume": 0.14}
[2026-09-24 21:32:43.610] [SFX] {"sound": "threat_pulse", "volume": 0.7}
[2026-09-24 21:32:43.658] [SFX] {"sound": "alert_trigger", "volume": 1.0}
[2026-09-24 21:32:43.708] [SFX] {"sound": "civ_move_2", "volume": 0.11}
[2026-09-24 21:32:43.730] [SFX] {"sound": "threat_pulse", "volume": 0.7}
[2026-09-24 21:32:43.791] [SFX] {"sound": "civ_move_2", "volume": 0.27}
[2026-09-24 21:32:43.825] [SFX] {"sound": "threat_pulse", "volume": 0.7}
[2026-09-24 21:32:43.847] [SFX] {"sound": "civ_move_1", "volume": 0.05}
[2026-09-24 21:32:43.847] [SFX] {"sound": "civ_move_2", "volume": 0.08}
[2026-09-24 21:32:43.890] [SFX] {"sound": "civ_move_1", "volume": 0.25}
[2026-09-24 21:32:43.891] [SFX] {"sound": "civ_move_2", "volume": 0.12}
[2026-09-24 21:32:43.940] [M] {"button": 1, "pos": [356, 183], "ui_clicked": false}
[2026-09-24 21:32:43.947] [SFX] {"sound": "guardian_move", "volume": 0.39}
[2026-09-24 21:32:43.947] [SFX] {"sound": "civ_move_1", "volume": 0.15}
[2026-09-24 21:32:43.948] [SFX] {"sound": "threat_pulse", "volume": 0.7}
[2026-09-24 21:32:43.949] [P] {"start": [131, 94], "goal": [132, 94], "length": 1, "is_direction_change": false}
[2026-09-24 21:32:43.950] [SFX] {"sound": "click_target", "volume": 0.77}
[2026-09-24 21:32:43.995] [C] {"civ_pos": [134, 94]}
[2026-09-24 21:32:44.049] [SFX] {"sound": "threat_pulse", "volume": 0.7}
[2026-09-24 21:32:44.070] [SFX] {"sound": "guardian_move", "volume": 0.38}
[2026-09-24 21:32:44.114] [SFX] {"sound": "civ_move_2", "volume": 0.11}
[2026-09-24 21:32:44.163] [SFX] {"sound": "threat_pulse", "volume": 0.7}
[2026-09-24 21:32:44.195] [SFX] {"sound": "civ_move_2", "volume": 0.28}
[2026-09-24 21:32:44.246] [SFX] {"sound": "civ_move_1", "volume": 0.04}
[2026-09-24 21:32:44.247] [SFX] {"sound": "civ_move_2", "volume": 0.08}
[2026-09-24 21:32:44.278] [SFX] {"sound": "threat_pulse", "volume": 0.7}
[2026-09-24 21:32:44.299] [SFX] {"sound": "civ_move_1", "volume": 0.26}
[2026-09-24 21:32:44.300] [SFX] {"sound": "civ_move_2", "volume": 0.11}
[2026-09-24 21:32:44.301] [SFX] {"sound": "game_over", "volume": 1.0}
[2026-09-24 21:32:45.256] [SFX] {"sound": "hack_success", "volume": 0.8}
[2026-09-24 21:32:46.096] [SESSION_RESET] {"msg": "--- NEW LIFE STARTED ---"}
[2026-09-24 21:32:46.161] [JACK] Kleine Schritte. Immer auf die Umgebung achten.
[2026-09-24 21:32:46.185] [SFX] {"sound": "threat_pulse", "volume": 0.31}
[2026-09-24 21:32:46.208] [SFX] {"sound": "guardian_move", "volume": 0.32}
[2026-09-24 21:32:46.582] [SFX] {"sound": "guardian_move", "volume": 0.18}
[2026-09-24 21:32:46.632] [SFX] {"sound": "civ_move_1", "volume": 0.0}
[2026-09-24 21:32:46.713] [SFX] {"sound": "civ_move_2", "volume": 0.15}
[2026-09-24 21:32:46.737] [SFX] {"sound": "civ_move_1", "volume": 0.2}
[2026-09-24 21:32:46.814] [SFX] {"sound": "guardian_move", "volume": 0.4}
[2026-09-24 21:32:46.864] [SFX] {"sound": "civ_move_2", "volume": 0.1}
[2026-09-24 21:32:46.914] [SFX] {"sound": "civ_move_2", "volume": 0.2}
[2026-09-24 21:32:47.048] [SFX] {"sound": "civ_move_1", "volume": 0.01}
[2026-09-24 21:32:47.098] [SFX] {"sound": "threat_pulse", "volume": 0.38}
[2026-09-24 21:32:47.129] [SFX] {"sound": "civ_move_2", "volume": 0.14}
[2026-09-24 21:32:47.151] [SFX] {"sound": "civ_move_1", "volume": 0.21}
[2026-09-24 21:32:47.196] [SFX] {"sound": "guardian_move", "volume": 0.18}
[2026-09-24 21:32:47.279] [SFX] {"sound": "civ_move_2", "volume": 0.09}
[2026-09-24 21:32:47.329] [SFX] {"sound": "civ_move_2", "volume": 0.16}
[2026-09-24 21:32:47.463] [SFX] {"sound": "guardian_move", "volume": 0.4}
[2026-09-24 21:32:47.463] [SFX] {"sound": "civ_move_1", "volume": 0.02}
[2026-09-24 21:32:47.532] [SFX] {"sound": "civ_move_2", "volume": 0.14}
[2026-09-24 21:32:47.560] [SFX] {"sound": "civ_move_1", "volume": 0.22}
[2026-09-24 21:32:47.682] [SFX] {"sound": "civ_move_2", "volume": 0.09}
[2026-09-24 21:32:47.731] [SFX] {"sound": "civ_move_2", "volume": 0.16}
[2026-09-24 21:32:47.799] [SFX] {"sound": "guardian_move", "volume": 0.19}
[2026-09-24 21:32:47.866] [SFX] {"sound": "civ_move_1", "volume": 0.03}
[2026-09-24 21:32:47.899] [SFX] {"sound": "threat_pulse", "volume": 0.45}
[2026-09-24 21:32:47.933] [SFX] {"sound": "civ_move_2", "volume": 0.13}
[2026-09-24 21:32:47.965] [SFX] {"sound": "civ_move_1", "volume": 0.18}
[2026-09-24 21:32:48.084] [SFX] {"sound": "guardian_move", "volume": 0.39}
[2026-09-24 21:32:48.085] [SFX] {"sound": "civ_move_2", "volume": 0.08}
[2026-09-24 21:32:48.134] [SFX] {"sound": "civ_move_2", "volume": 0.17}
[2026-09-24 21:32:48.150] [M] {"button": 1, "pos": [336, 218], "ui_clicked": false}
[2026-09-24 21:32:48.158] [SFX] {"sound": "click_target", "volume": 0.7}
[2026-09-24 21:32:48.173] [SFX] {"sound": "player_move", "volume": 0.4}
[2026-09-24 21:32:48.266] [SFX] {"sound": "civ_move_1", "volume": 0.05}
[2026-09-24 21:32:48.334] [SFX] {"sound": "civ_move_2", "volume": 0.14}
[2026-09-24 21:32:48.366] [SFX] {"sound": "civ_move_1", "volume": 0.23}
[2026-09-24 21:32:48.399] [SFX] {"sound": "guardian_move", "volume": 0.21}
[2026-09-24 21:32:48.467] [SFX] {"sound": "player_move", "volume": 0.4}
[2026-09-24 21:32:48.500] [SFX] {"sound": "civ_move_2", "volume": 0.11}
[2026-09-24 21:32:48.535] [SFX] {"sound": "civ_move_2", "volume": 0.22}
[2026-09-24 21:32:48.600] [SFX] {"sound": "threat_pulse", "volume": 0.48}
[2026-09-24 21:32:48.668] [SFX] {"sound": "civ_move_1", "volume": 0.08}
[2026-09-24 21:32:48.690] [SFX] {"sound": "guardian_move", "volume": 0.37}
[2026-09-24 21:32:48.734] [SFX] {"sound": "civ_move_2", "volume": 0.14}
[2026-09-24 21:32:48.767] [SFX] {"sound": "civ_move_1", "volume": 0.26}
[2026-09-24 21:32:48.916] [SFX] {"sound": "civ_move_2", "volume": 0.12}
[2026-09-24 21:32:48.950] [SFX] {"sound": "civ_move_2", "volume": 0.18}
[2026-09-24 21:32:48.999] [SFX] {"sound": "guardian_move", "volume": 0.2}
[2026-09-24 21:32:49.082] [SFX] {"sound": "civ_move_1", "volume": 0.08}
[2026-09-24 21:32:49.148] [SFX] {"sound": "civ_move_2", "volume": 0.13}
[2026-09-24 21:32:49.182] [SFX] {"sound": "civ_move_1", "volume": 0.27}
[2026-09-24 21:32:49.214] [SFX] {"sound": "threat_pulse", "volume": 0.51}
[2026-09-24 21:32:49.312] [SFX] {"sound": "guardian_move", "volume": 0.38}
[2026-09-24 21:32:49.334] [SFX] {"sound": "civ_move_2", "volume": 0.12}
[2026-09-24 21:32:49.360] [SFX] {"sound": "civ_move_2", "volume": 0.17}
[2026-09-24 21:32:49.493] [SFX] {"sound": "civ_move_1", "volume": 0.09}
[2026-09-24 21:32:49.558] [SFX] {"sound": "civ_move_2", "volume": 0.13}
[2026-09-24 21:32:49.591] [SFX] {"sound": "civ_move_1", "volume": 0.28}
[2026-09-24 21:32:49.615] [SFX] {"sound": "guardian_move", "volume": 0.2}
[2026-09-24 21:32:49.723] [SFX] {"sound": "threat_pulse", "volume": 0.55}
[2026-09-24 21:32:49.740] [M] {"button": 1, "pos": [340, 217], "ui_clicked": false}
[2026-09-24 21:32:49.746] [SFX] {"sound": "civ_move_2", "volume": 0.13}
[2026-09-24 21:32:49.747] [SFX] {"sound": "action_cancel", "volume": 1.0}
[2026-09-24 21:32:49.748] [P] {"start": [28, 6], "goal": [30, 10], "length": 2, "is_direction_change": false}
[2026-09-24 21:32:49.748] [SFX] {"sound": "click_target", "volume": 0.69}
[2026-09-24 21:32:49.796] [SFX] {"sound": "civ_move_2", "volume": 0.17}
[2026-09-24 21:32:49.896] [SFX] {"sound": "civ_move_1", "volume": 0.12}
[2026-09-24 21:32:49.928] [SFX] {"sound": "guardian_move", "volume": 0.36}
[2026-09-24 21:32:49.961] [SFX] {"sound": "civ_move_2", "volume": 0.15}
[2026-09-24 21:32:49.994] [SFX] {"sound": "civ_move_1", "volume": 0.25}
[2026-09-24 21:32:50.131] [SFX] {"sound": "threat_pulse", "volume": 0.57}
[2026-09-24 21:32:50.151] [SFX] {"sound": "civ_move_2", "volume": 0.16}
[2026-09-24 21:32:50.211] [SFX] {"sound": "guardian_move", "volume": 0.24}
[2026-09-24 21:32:50.212] [SFX] {"sound": "civ_move_2", "volume": 0.23}
[2026-09-24 21:32:50.310] [SFX] {"sound": "civ_move_1", "volume": 0.14}
[2026-09-24 21:32:50.376] [SFX] {"sound": "civ_move_2", "volume": 0.15}
[2026-09-24 21:32:50.426] [SFX] {"sound": "civ_move_1", "volume": 0.25}
[2026-09-24 21:32:50.543] [SFX] {"sound": "guardian_move", "volume": 0.38}
[2026-09-24 21:32:50.544] [SFX] {"sound": "threat_pulse", "volume": 0.58}
[2026-09-24 21:32:50.565] [SFX] {"sound": "civ_move_2", "volume": 0.17}
[2026-09-24 21:32:50.627] [SFX] {"sound": "civ_move_2", "volume": 0.24}
[2026-09-24 21:32:50.711] [SFX] {"sound": "civ_move_1", "volume": 0.14}
[2026-09-24 21:32:50.777] [SFX] {"sound": "civ_move_2", "volume": 0.14}
[2026-09-24 21:32:50.826] [SFX] {"sound": "guardian_move", "volume": 0.25}
[2026-09-24 21:32:50.827] [SFX] {"sound": "civ_move_1", "volume": 0.25}
[2026-09-24 21:32:50.925] [M] {"button": 1, "pos": [341, 208], "ui_clicked": false}
[2026-09-24 21:32:50.957] [SFX] {"sound": "threat_pulse", "volume": 0.6}
[2026-09-24 21:32:50.978] [SFX] {"sound": "civ_move_2", "volume": 0.17}
[2026-09-24 21:32:51.039] [SFX] {"sound": "civ_move_2", "volume": 0.25}
[2026-09-24 21:32:51.122] [SFX] {"sound": "civ_move_1", "volume": 0.15}
[2026-09-24 21:32:51.171] [SFX] {"sound": "guardian_move", "volume": 0.39}
[2026-09-24 21:32:51.192] [SFX] {"sound": "civ_move_2", "volume": 0.13}
[2026-09-24 21:32:51.238] [SFX] {"sound": "civ_move_1", "volume": 0.25}
[2026-09-24 21:32:51.271] [SFX] {"sound": "threat_pulse", "volume": 0.63}
[2026-09-24 21:32:51.387] [SFX] {"sound": "civ_move_2", "volume": 0.16}
[2026-09-24 21:32:51.452] [SFX] {"sound": "guardian_move", "volume": 0.25}
[2026-09-24 21:32:51.453] [SFX] {"sound": "civ_move_2", "volume": 0.2}
[2026-09-24 21:32:51.485] [SFX] {"sound": "threat_pulse", "volume": 0.65}
[2026-09-24 21:32:51.535] [SFX] {"sound": "civ_move_1", "volume": 0.16}
[2026-09-24 21:32:51.601] [SFX] {"sound": "civ_move_2", "volume": 0.12}
[2026-09-24 21:32:51.650] [SFX] {"sound": "civ_move_1", "volume": 0.25}
[2026-09-24 21:32:51.701] [SFX] {"sound": "threat_pulse", "volume": 0.66}
[2026-09-24 21:32:51.766] [M] {"button": 1, "pos": [348, 203], "ui_clicked": false}
[2026-09-24 21:32:51.774] [P] {"start": [30, 10], "goal": [33, 12], "length": 2, "is_direction_change": false}
[2026-09-24 21:32:51.775] [SFX] {"sound": "click_target", "volume": 0.71}
[2026-09-24 21:32:51.805] [SFX] {"sound": "player_move", "volume": 0.4}
[2026-09-24 21:32:51.815] [SFX] {"sound": "civ_move_2", "volume": 0.16}
[2026-09-24 21:32:51.816] [SFX] {"sound": "threat_pulse", "volume": 0.67}
[2026-09-24 21:32:51.859] [SFX] {"sound": "civ_move_2", "volume": 0.2}
[2026-09-24 21:32:51.925] [SFX] {"sound": "threat_pulse", "volume": 0.68}
[2026-09-24 21:32:51.948] [SFX] {"sound": "civ_move_1", "volume": 0.18}
[2026-09-24 21:32:51.991] [SFX] {"sound": "guardian_move", "volume": 0.37}
[2026-09-24 21:32:52.014] [SFX] {"sound": "civ_move_2", "volume": 0.13}
[2026-09-24 21:32:52.040] [SFX] {"sound": "threat_pulse", "volume": 0.69}
[2026-09-24 21:32:52.063] [SFX] {"sound": "guardian_move", "volume": 0.27}
[2026-09-24 21:32:52.064] [SFX] {"sound": "civ_move_1", "volume": 0.24}
[2026-09-24 21:32:52.142] [SFX] {"sound": "threat_pulse", "volume": 0.69}
[2026-09-24 21:32:52.224] [SFX] {"sound": "civ_move_2", "volume": 0.17}
[2026-09-24 21:32:52.257] [SFX] {"sound": "threat_pulse", "volume": 0.69}
[2026-09-24 21:32:52.281] [SFX] {"sound": "civ_move_2", "volume": 0.22}
[2026-09-24 21:32:52.291] [M] {"button": 1, "pos": [357, 202], "ui_clicked": false}
[2026-09-24 21:32:52.299] [SFX] {"sound": "click_target", "volume": 0.7}
[2026-09-24 21:32:52.342] [SFX] {"sound": "civ_move_1", "volume": 0.19}
[2026-09-24 21:32:52.364] [SFX] {"sound": "player_move", "volume": 0.4}
[2026-09-24 21:32:52.365] [SFX] {"sound": "threat_pulse", "volume": 0.7}
[2026-09-24 21:32:52.407] [SFX] {"sound": "civ_move_2", "volume": 0.11}
[2026-09-24 21:32:52.408] [SFX] {"sound": "alert_trigger", "volume": 1.0}
[2026-09-24 21:32:52.430] [SFX] {"sound": "game_over", "volume": 1.0}
[2026-09-24 21:32:53.174] [SFX] {"sound": "hack_success", "volume": 0.8}
[2026-09-24 21:32:54.015] [SESSION_RESET] {"msg": "--- NEW LIFE STARTED ---"}
[2026-09-24 21:32:54.070] [SFX] {"sound": "guardian_move", "volume": 0.25}
[2026-09-24 21:32:54.596] [SFX] {"sound": "civ_move_2", "volume": 0.09}
[2026-09-24 21:32:54.677] [SFX] {"sound": "guardian_move", "volume": 0.26}
[2026-09-24 21:32:54.678] [SFX] {"sound": "civ_move_2", "volume": 0.11}
[2026-09-24 21:32:54.878] [M] {"button": 1, "pos": [307, 217], "ui_clicked": false}
[2026-09-24 21:32:54.886] [SFX] {"sound": "action_cancel", "volume": 1.0}
[2026-09-24 21:32:54.886] [P] {"start": [102, 32], "goal": [100, 36], "length": 4, "is_direction_change": false}
[2026-09-24 21:32:54.887] [SFX] {"sound": "click_target", "volume": 0.7}
[2026-09-24 21:32:54.905] [JACK] Kleine Schritte. Immer auf die Umgebung achten.
[2026-09-24 21:32:54.906] [SFX] {"sound": "player_move", "volume": 0.4}
[2026-09-24 21:32:55.012] [SFX] {"sound": "civ_move_2", "volume": 0.1}
[2026-09-24 21:32:55.078] [SFX] {"sound": "civ_move_2", "volume": 0.12}
[2026-09-24 21:32:55.197] [SFX] {"sound": "player_move", "volume": 0.4}
[2026-09-24 21:32:55.198] [SFX] {"sound": "threat_pulse", "volume": 0.3}
[2026-09-24 21:32:55.279] [SFX] {"sound": "guardian_move", "volume": 0.3}
[2026-09-24 21:32:55.427] [SFX] {"sound": "civ_move_2", "volume": 0.1}
[2026-09-24 21:32:55.493] [SFX] {"sound": "civ_move_2", "volume": 0.08}
[2026-09-24 21:32:55.842] [SFX] {"sound": "civ_move_2", "volume": 0.11}
[2026-09-24 21:32:55.893] [SFX] {"sound": "guardian_move", "volume": 0.3}
[2026-09-24 21:32:55.916] [SFX] {"sound": "civ_move_2", "volume": 0.07}
[2026-09-24 21:32:56.140] [SFX] {"sound": "threat_pulse", "volume": 0.31}
[2026-09-24 21:32:56.256] [M] {"button": 1, "pos": [282, 198], "ui_clicked": false}
[2026-09-24 21:32:56.263] [SFX] {"sound": "civ_move_2", "volume": 0.12}
[2026-09-24 21:32:56.264] [P] {"start": [100, 36], "goal": [95, 38], "length": 2, "is_direction_change": false}
[2026-09-24 21:32:56.265] [SFX] {"sound": "click_target", "volume": 0.7}
[2026-09-24 21:32:56.322] [SFX] {"sound": "civ_move_2", "volume": 0.06}
[2026-09-24 21:32:56.372] [SFX] {"sound": "player_move", "volume": 0.4}
[2026-09-24 21:32:56.506] [SFX] {"sound": "guardian_move", "volume": 0.37}
[2026-09-24 21:32:56.672] [SFX] {"sound": "civ_move_2", "volume": 0.13}
[2026-09-24 21:32:56.723] [SFX] {"sound": "civ_move_2", "volume": 0.03}
[2026-09-24 21:32:57.054] [SFX] {"sound": "threat_pulse", "volume": 0.33}
[2026-09-24 21:32:57.087] [SFX] {"sound": "civ_move_2", "volume": 0.14}
[2026-09-24 21:32:57.119] [SFX] {"sound": "guardian_move", "volume": 0.38}
[2026-09-24 21:32:57.142] [SFX] {"sound": "civ_move_2", "volume": 0.02}
[2026-09-24 21:32:57.398] [M] {"button": 1, "pos": [294, 211], "ui_clicked": false}
[2026-09-24 21:32:57.498] [SFX] {"sound": "civ_move_2", "volume": 0.15}
[2026-09-24 21:32:57.548] [SFX] {"sound": "civ_move_2", "volume": 0.01}
[2026-09-24 21:32:57.727] [SFX] {"sound": "guardian_move", "volume": 0.4}
[2026-09-24 21:32:57.911] [SFX] {"sound": "civ_move_2", "volume": 0.16}
[2026-09-24 21:32:57.927] [M] {"button": 1, "pos": [296, 210], "ui_clicked": false}
[2026-09-24 21:32:57.935] [P] {"start": [95, 38], "goal": [92, 41], "length": 2, "is_direction_change": false}
[2026-09-24 21:32:57.935] [SFX] {"sound": "click_target", "volume": 0.7}
[2026-09-24 21:32:57.985] [SFX] {"sound": "player_move", "volume": 0.4}
[2026-09-24 21:32:57.986] [SFX] {"sound": "threat_pulse", "volume": 0.4}
[2026-09-24 21:32:58.313] [SFX] {"sound": "civ_move_2", "volume": 0.15}
[2026-09-24 21:32:58.363] [SFX] {"sound": "guardian_move", "volume": 0.36}
[2026-09-24 21:32:58.726] [SFX] {"sound": "civ_move_2", "volume": 0.16}
[2026-09-24 21:32:58.791] [SFX] {"sound": "threat_pulse", "volume": 0.41}
[2026-09-24 21:32:58.843] [SFX] {"sound": "civ_move_2", "volume": 0.0}
[2026-09-24 21:32:58.974] [SFX] {"sound": "guardian_move", "volume": 0.38}
[2026-09-24 21:32:59.138] [SFX] {"sound": "civ_move_2", "volume": 0.18}
[2026-09-24 21:32:59.257] [SFX] {"sound": "civ_move_2", "volume": 0.02}
[2026-09-24 21:32:59.524] [M] {"button": 1, "pos": [284, 214], "ui_clicked": false}
[2026-09-24 21:32:59.540] [SFX] {"sound": "civ_move_2", "volume": 0.19}
[2026-09-24 21:32:59.607] [SFX] {"sound": "threat_pulse", "volume": 0.47}
[2026-09-24 21:32:59.657] [SFX] {"sound": "civ_move_2", "volume": 0.03}
[2026-09-24 21:32:59.707] [SFX] {"sound": "guardian_move", "volume": 0.32}
[2026-09-24 21:32:59.957] [SFX] {"sound": "civ_move_2", "volume": 0.2}
[2026-09-24 21:33:00.055] [M] {"button": 1, "pos": [284, 211], "ui_clicked": false}
[2026-09-24 21:33:00.063] [P] {"start": [92, 41], "goal": [87, 44], "length": 4, "is_direction_change": false}
[2026-09-24 21:33:00.064] [SFX] {"sound": "click_target", "volume": 0.68}
[2026-09-24 21:33:00.095] [SFX] {"sound": "civ_move_2", "volume": 0.04}
[2026-09-24 21:33:00.118] [SFX] {"sound": "player_move", "volume": 0.4}
[2026-09-24 21:33:00.218] [SFX] {"sound": "threat_pulse", "volume": 0.52}
[2026-09-24 21:33:00.318] [SFX] {"sound": "guardian_move", "volume": 0.37}
[2026-09-24 21:33:00.368] [SFX] {"sound": "civ_move_2", "volume": 0.19}
[2026-09-24 21:33:00.418] [SFX] {"sound": "player_move", "volume": 0.4}
[2026-09-24 21:33:00.484] [SFX] {"sound": "civ_move_2", "volume": 0.02}
[2026-09-24 21:33:00.729] [SFX] {"sound": "threat_pulse", "volume": 0.51}
[2026-09-24 21:33:00.780] [SFX] {"sound": "civ_move_2", "volume": 0.18}
[2026-09-24 21:33:00.896] [SFX] {"sound": "civ_move_2", "volume": 0.02}
[2026-09-24 21:33:00.929] [SFX] {"sound": "guardian_move", "volume": 0.37}
[2026-09-24 21:33:01.179] [SFX] {"sound": "civ_move_2", "volume": 0.19}
[2026-09-24 21:33:01.229] [SFX] {"sound": "threat_pulse", "volume": 0.52}
[2026-09-24 21:33:01.312] [SFX] {"sound": "civ_move_2", "volume": 0.04}
[2026-09-24 21:33:01.327] [M] {"button": 1, "pos": [299, 210], "ui_clicked": false}
[2026-09-24 21:33:01.560] [SFX] {"sound": "guardian_move", "volume": 0.38}
[2026-09-24 21:33:01.594] [SFX] {"sound": "civ_move_2", "volume": 0.2}
[2026-09-24 21:33:01.675] [M] {"button": 1, "pos": [300, 215], "ui_clicked": false}
[2026-09-24 21:33:01.683] [P] {"start": [87, 44], "goal": [84, 48], "length": 7, "is_direction_change": false}
[2026-09-24 21:33:01.683] [SFX] {"sound": "click_target", "volume": 0.7}
[2026-09-24 21:33:01.701] [JACK] Kurzer Blick um die Ecke...
[2026-09-24 21:33:01.725] [SFX] {"sound": "civ_move_2", "volume": 0.04}
[2026-09-24 21:33:01.746] [SFX] {"sound": "threat_pulse", "volume": 0.53}
[2026-09-24 21:33:01.856] [SFX] {"sound": "player_move", "volume": 0.4}
[2026-09-24 21:33:02.007] [SFX] {"sound": "civ_move_2", "volume": 0.2}
[2026-09-24 21:33:02.137] [SFX] {"sound": "civ_move_2", "volume": 0.04}
[2026-09-24 21:33:02.169] [SFX] {"sound": "player_move", "volume": 0.4}
[2026-09-24 21:33:02.170] [SFX] {"sound": "guardian_move", "volume": 0.37}
[2026-09-24 21:33:02.254] [SFX] {"sound": "threat_pulse", "volume": 0.53}
[2026-09-24 21:33:02.270] [M] {"button": 1, "pos": [300, 217], "ui_clicked": false}
[2026-09-24 21:33:02.276] [P] {"start": [85, 46], "goal": [82, 49], "length": 6, "is_direction_change": true}
[2026-09-24 21:33:02.277] [SFX] {"sound": "click_target", "volume": 0.7}
[2026-09-24 21:33:02.418] [SFX] {"sound": "civ_move_2", "volume": 0.01}
[2026-09-24 21:33:02.419] [SFX] {"sound": "civ_move_2", "volume": 0.2}
[2026-09-24 21:33:02.485] [SFX] {"sound": "player_move", "volume": 0.4}
[2026-09-24 21:33:02.552] [SFX] {"sound": "civ_move_2", "volume": 0.04}
[2026-09-24 21:33:02.767] [M] {"button": 1, "pos": [300, 217], "ui_clicked": false}
[2026-09-24 21:33:02.776] [SFX] {"sound": "threat_pulse", "volume": 0.52}
[2026-09-24 21:33:02.790] [SFX] {"sound": "guardian_move", "volume": 0.31}
[2026-09-24 21:33:02.806] [SFX] {"sound": "player_move", "volume": 0.4}
[2026-09-24 21:33:02.834] [SFX] {"sound": "civ_move_2", "volume": 0.01}
[2026-09-24 21:33:02.835] [SFX] {"sound": "civ_move_2", "volume": 0.18}
[2026-09-24 21:33:02.968] [SFX] {"sound": "civ_move_2", "volume": 0.04}
[2026-09-24 21:33:03.248] [SFX] {"sound": "civ_move_2", "volume": 0.01}
[2026-09-24 21:33:03.248] [SFX] {"sound": "civ_move_2", "volume": 0.19}
[2026-09-24 21:33:03.281] [SFX] {"sound": "threat_pulse", "volume": 0.49}
[2026-09-24 21:33:03.296] [M] {"button": 1, "pos": [289, 193], "ui_clicked": false}
[2026-09-24 21:33:03.378] [SFX] {"sound": "civ_move_2", "volume": 0.05}
[2026-09-24 21:33:03.402] [SFX] {"sound": "guardian_move", "volume": 0.34}
[2026-09-24 21:33:03.608] [M] {"button": 1, "pos": [281, 176], "ui_clicked": false}
[2026-09-24 21:33:03.658] [SFX] {"sound": "civ_move_2", "volume": 0.02}
[2026-09-24 21:33:03.681] [SFX] {"sound": "civ_move_2", "volume": 0.19}
[2026-09-24 21:33:03.789] [SFX] {"sound": "civ_move_2", "volume": 0.06}
[2026-09-24 21:33:03.805] [M] {"button": 1, "pos": [302, 178], "ui_clicked": false}
[2026-09-24 21:33:03.888] [SFX] {"sound": "threat_pulse", "volume": 0.46}
[2026-09-24 21:33:04.004] [SFX] {"sound": "guardian_move", "volume": 0.36}
[2026-09-24 21:33:04.072] [M] {"button": 1, "pos": [302, 179], "ui_clicked": false}
[2026-09-24 21:33:04.079] [SFX] {"sound": "civ_move_2", "volume": 0.02}
[2026-09-24 21:33:04.096] [SFX] {"sound": "civ_move_2", "volume": 0.18}
[2026-09-24 21:33:04.203] [SFX] {"sound": "civ_move_2", "volume": 0.07}
[2026-09-24 21:33:04.474] [SFX] {"sound": "civ_move_2", "volume": 0.03}
[2026-09-24 21:33:04.496] [SFX] {"sound": "civ_move_2", "volume": 0.17}
[2026-09-24 21:33:04.497] [SFX] {"sound": "threat_pulse", "volume": 0.45}
[2026-09-24 21:33:04.607] [SFX] {"sound": "guardian_move", "volume": 0.35}
[2026-09-24 21:33:04.608] [SFX] {"sound": "civ_move_2", "volume": 0.08}
[2026-09-24 21:33:04.888] [SFX] {"sound": "civ_move_2", "volume": 0.03}
[2026-09-24 21:33:04.912] [SFX] {"sound": "civ_move_2", "volume": 0.16}
[2026-09-24 21:33:05.018] [SFX] {"sound": "civ_move_2", "volume": 0.1}
[2026-09-24 21:33:05.200] [SFX] {"sound": "threat_pulse", "volume": 0.42}
[2026-09-24 21:33:05.234] [SFX] {"sound": "guardian_move", "volume": 0.36}
[2026-09-24 21:33:05.303] [SFX] {"sound": "civ_move_2", "volume": 0.03}
[2026-09-24 21:33:05.326] [SFX] {"sound": "civ_move_2", "volume": 0.15}
[2026-09-24 21:33:05.421] [SFX] {"sound": "civ_move_2", "volume": 0.11}
[2026-09-24 21:33:05.703] [SFX] {"sound": "civ_move_2", "volume": 0.03}
[2026-09-24 21:33:05.735] [SFX] {"sound": "civ_move_2", "volume": 0.14}
[2026-09-24 21:33:05.834] [SFX] {"sound": "guardian_move", "volume": 0.34}
[2026-09-24 21:33:05.835] [SFX] {"sound": "civ_move_2", "volume": 0.12}
[2026-09-24 21:33:05.986] [M] {"button": 1, "pos": [305, 178], "ui_clicked": false}
[2026-09-24 21:33:05.993] [P] {"start": [82, 49], "goal": [80, 48], "length": 2, "is_direction_change": false}
[2026-09-24 21:33:05.994] [SFX] {"sound": "click_target", "volume": 0.95}
[2026-09-24 21:33:06.025] [SFX] {"sound": "threat_pulse", "volume": 0.39}
[2026-09-24 21:33:06.113] [SFX] {"sound": "civ_move_2", "volume": 0.03}
[2026-09-24 21:33:06.147] [SFX] {"sound": "civ_move_2", "volume": 0.12}
[2026-09-24 21:33:06.441] [SFX] {"sound": "guardian_move", "volume": 0.32}
[2026-09-24 21:33:06.524] [SFX] {"sound": "civ_move_2", "volume": 0.03}
[2026-09-24 21:33:06.556] [SFX] {"sound": "civ_move_2", "volume": 0.11}
[2026-09-24 21:33:06.656] [SFX] {"sound": "civ_move_2", "volume": 0.13}
[2026-09-24 21:33:06.806] [SFX] {"sound": "threat_pulse", "volume": 0.35}
[2026-09-24 21:33:06.936] [SFX] {"sound": "civ_move_2", "volume": 0.03}
[2026-09-24 21:33:06.968] [SFX] {"sound": "civ_move_2", "volume": 0.1}
[2026-09-24 21:33:07.053] [M] {"button": 1, "pos": [353, 191], "ui_clicked": false}
[2026-09-24 21:33:07.059] [SFX] {"sound": "guardian_move", "volume": 0.32}
[2026-09-24 21:33:07.060] [P] {"start": [80, 48], "goal": [84, 49], "length": 4, "is_direction_change": false}
[2026-09-24 21:33:07.061] [SFX] {"sound": "click_target", "volume": 0.71}
[2026-09-24 21:33:07.080] [SFX] {"sound": "civ_move_2", "volume": 0.14}
[2026-09-24 21:33:07.172] [SFX] {"sound": "player_move", "volume": 0.4}
[2026-09-24 21:33:07.337] [SFX] {"sound": "civ_move_2", "volume": 0.05}
[2026-09-24 21:33:07.372] [SFX] {"sound": "civ_move_2", "volume": 0.11}
[2026-09-24 21:33:07.485] [SFX] {"sound": "civ_move_2", "volume": 0.17}
[2026-09-24 21:33:07.636] [M] {"button": 1, "pos": [358, 170], "ui_clicked": false}
[2026-09-24 21:33:07.654] [SFX] {"sound": "guardian_move", "volume": 0.34}
[2026-09-24 21:33:07.720] [SFX] {"sound": "threat_pulse", "volume": 0.31}
[2026-09-24 21:33:07.743] [SFX] {"sound": "civ_move_2", "volume": 0.04}
[2026-09-24 21:33:07.787] [SFX] {"sound": "civ_move_2", "volume": 0.1}
[2026-09-24 21:33:07.886] [SFX] {"sound": "civ_move_2", "volume": 0.18}
[2026-09-24 21:33:08.150] [SFX] {"sound": "civ_move_2", "volume": 0.04}
[2026-09-24 21:33:08.181] [M] {"button": 1, "pos": [338, 163], "ui_clicked": false}
[2026-09-24 21:33:08.189] [P] {"start": [84, 49], "goal": [86, 46], "length": 3, "is_direction_change": false}
[2026-09-24 21:33:08.190] [SFX] {"sound": "click_target", "volume": 0.92}
[2026-09-24 21:33:08.223] [JACK] Sektor sieht ruhig aus. Erstmal Daten-Traces scannen.
[2026-09-24 21:33:08.224] [SFX] {"sound": "civ_move_2", "volume": 0.09}
[2026-09-24 21:33:08.246] [SFX] {"sound": "player_move", "volume": 0.4}
[2026-09-24 21:33:08.268] [SFX] {"sound": "guardian_move", "volume": 0.33}
[2026-09-24 21:33:08.296] [SFX] {"sound": "civ_move_2", "volume": 0.2}
[2026-09-24 21:33:08.560] [SFX] {"sound": "civ_move_2", "volume": 0.02}
[2026-09-24 21:33:08.608] [SFX] {"sound": "civ_move_2", "volume": 0.1}
[2026-09-24 21:33:08.708] [SFX] {"sound": "civ_move_2", "volume": 0.22}
[2026-09-24 21:33:08.742] [M] {"button": 1, "pos": [338, 163], "ui_clicked": false}
[2026-09-24 21:33:08.750] [P] {"start": [86, 46], "goal": [88, 44], "length": 5, "is_direction_change": false}
[2026-09-24 21:33:08.751] [SFX] {"sound": "click_target", "volume": 0.93}
[2026-09-24 21:33:08.855] [SFX] {"sound": "player_move", "volume": 0.4}
[2026-09-24 21:33:08.877] [SFX] {"sound": "guardian_move", "volume": 0.33}
[2026-09-24 21:33:08.970] [SFX] {"sound": "civ_move_2", "volume": 0.01}
[2026-09-24 21:33:09.020] [SFX] {"sound": "civ_move_2", "volume": 0.08}
[2026-09-24 21:33:09.118] [SFX] {"sound": "civ_move_2", "volume": 0.23}
[2026-09-24 21:33:09.171] [SFX] {"sound": "player_move", "volume": 0.4}
[2026-09-24 21:33:09.372] [SFX] {"sound": "civ_move_2", "volume": 0.0}
[2026-09-24 21:33:09.423] [SFX] {"sound": "civ_move_2", "volume": 0.1}
[2026-09-24 21:33:09.473] [SFX] {"sound": "guardian_move", "volume": 0.35}
[2026-09-24 21:33:09.523] [SFX] {"sound": "civ_move_2", "volume": 0.24}
[2026-09-24 21:33:09.756] [M] {"button": 1, "pos": [357, 183], "ui_clicked": false}
[2026-09-24 21:33:09.826] [SFX] {"sound": "civ_move_2", "volume": 0.08}
[2026-09-24 21:33:09.927] [SFX] {"sound": "civ_move_2", "volume": 0.24}
[2026-09-24 21:33:10.089] [SFX] {"sound": "guardian_move", "volume": 0.33}
[2026-09-24 21:33:10.239] [SFX] {"sound": "civ_move_2", "volume": 0.07}
[2026-09-24 21:33:10.337] [SFX] {"sound": "civ_move_2", "volume": 0.24}
[2026-09-24 21:33:10.522] [M] {"button": 1, "pos": [344, 175], "ui_clicked": false}
[2026-09-24 21:33:10.530] [SFX] {"sound": "click_target", "volume": 0.92}
[2026-09-24 21:33:10.624] [SFX] {"sound": "player_move", "volume": 0.4}
[2026-09-24 21:33:10.646] [SFX] {"sound": "civ_move_2", "volume": 0.08}
[2026-09-24 21:33:10.690] [SFX] {"sound": "guardian_move", "volume": 0.32}
[2026-09-24 21:33:10.740] [SFX] {"sound": "civ_move_2", "volume": 0.23}
[2026-09-24 21:33:11.040] [SFX] {"sound": "civ_move_2", "volume": 0.06}
[2026-09-24 21:33:11.156] [SFX] {"sound": "civ_move_2", "volume": 0.23}
[2026-09-24 21:33:11.306] [SFX] {"sound": "guardian_move", "volume": 0.31}
[2026-09-24 21:33:11.357] [SFX] {"sound": "threat_pulse", "volume": 0.31}
[2026-09-24 21:33:11.439] [SFX] {"sound": "civ_move_2", "volume": 0.05}
[2026-09-24 21:33:11.556] [SFX] {"sound": "civ_move_2", "volume": 0.22}
[2026-09-24 21:33:11.841] [SFX] {"sound": "civ_move_2", "volume": 0.04}
[2026-09-24 21:33:11.907] [SFX] {"sound": "guardian_move", "volume": 0.3}
[2026-09-24 21:33:11.958] [SFX] {"sound": "civ_move_2", "volume": 0.21}
[2026-09-24 21:33:12.254] [SFX] {"sound": "civ_move_2", "volume": 0.03}
[2026-09-24 21:33:12.277] [SFX] {"sound": "threat_pulse", "volume": 0.32}
[2026-09-24 21:33:12.372] [SFX] {"sound": "civ_move_2", "volume": 0.2}
[2026-09-24 21:33:12.520] [SFX] {"sound": "guardian_move", "volume": 0.28}
[2026-09-24 21:33:12.604] [SFX] {"sound": "civ_move_2", "volume": 0.0}
[2026-09-24 21:33:12.655] [SFX] {"sound": "civ_move_2", "volume": 0.02}
[2026-09-24 21:33:12.772] [SFX] {"sound": "civ_move_2", "volume": 0.19}
[2026-09-24 21:33:13.006] [SFX] {"sound": "civ_move_2", "volume": 0.01}
[2026-09-24 21:33:13.055] [SFX] {"sound": "civ_move_2", "volume": 0.0}
[2026-09-24 21:33:13.122] [SFX] {"sound": "guardian_move", "volume": 0.26}
[2026-09-24 21:33:13.172] [SFX] {"sound": "civ_move_2", "volume": 0.18}
[2026-09-24 21:33:13.173] [SFX] {"sound": "threat_pulse", "volume": 0.33}
[2026-09-24 21:33:13.339] [SFX] {"sound": "guardian_move", "volume": 0.01}
[2026-09-24 21:33:13.407] [SFX] {"sound": "civ_move_2", "volume": 0.02}
[2026-09-24 21:33:13.576] [SFX] {"sound": "civ_move_2", "volume": 0.17}
[2026-09-24 21:33:13.727] [SFX] {"sound": "guardian_move", "volume": 0.24}
[2026-09-24 21:33:13.809] [SFX] {"sound": "civ_move_2", "volume": 0.02}
[2026-09-24 21:33:13.944] [SFX] {"sound": "guardian_move", "volume": 0.03}
[2026-09-24 21:33:13.978] [SFX] {"sound": "civ_move_2", "volume": 0.16}
[2026-09-24 21:33:14.078] [SFX] {"sound": "threat_pulse", "volume": 0.34}
[2026-09-24 21:33:14.210] [SFX] {"sound": "civ_move_2", "volume": 0.03}
[2026-09-24 21:33:14.327] [SFX] {"sound": "guardian_move", "volume": 0.22}
[2026-09-24 21:33:14.377] [SFX] {"sound": "civ_move_2", "volume": 0.15}
[2026-09-24 21:33:14.508] [M] {"button": 1, "pos": [337, 138], "ui_clicked": false}
[2026-09-24 21:33:14.516] [SFX] {"sound": "action_cancel", "volume": 1.0}
[2026-09-24 21:33:14.516] [P] {"start": [90, 44], "goal": [92, 38], "length": 3, "is_direction_change": false}
[2026-09-24 21:33:14.517] [SFX] {"sound": "click_target", "volume": 0.86}
[2026-09-24 21:33:14.561] [JACK] Kurzer Blick um die Ecke...
[2026-09-24 21:33:14.575] [SFX] {"sound": "guardian_move", "volume": 0.06}
[2026-09-24 21:33:14.618] [SFX] {"sound": "civ_move_2", "volume": 0.03}
[2026-09-24 21:33:14.783] [SFX] {"sound": "civ_move_2", "volume": 0.13}
[2026-09-24 21:33:14.815] [SFX] {"sound": "player_move", "volume": 0.4}
[2026-09-24 21:33:14.932] [SFX] {"sound": "guardian_move", "volume": 0.23}
[2026-09-24 21:33:14.982] [SFX] {"sound": "threat_pulse", "volume": 0.32}
[2026-09-24 21:33:15.033] [SFX] {"sound": "civ_move_2", "volume": 0.01}
[2026-09-24 21:33:15.033] [SFX] {"sound": "civ_move_2", "volume": 0.02}
[2026-09-24 21:33:15.183] [SFX] {"sound": "guardian_move", "volume": 0.11}
[2026-09-24 21:33:15.184] [SFX] {"sound": "civ_move_2", "volume": 0.12}
[2026-09-24 21:33:15.446] [SFX] {"sound": "civ_move_2", "volume": 0.02}
[2026-09-24 21:33:15.446] [SFX] {"sound": "civ_move_2", "volume": 0.04}
[2026-09-24 21:33:15.545] [SFX] {"sound": "guardian_move", "volume": 0.21}
[2026-09-24 21:33:15.594] [SFX] {"sound": "civ_move_2", "volume": 0.12}
[2026-09-24 21:33:15.794] [SFX] {"sound": "guardian_move", "volume": 0.13}
[2026-09-24 21:33:15.860] [SFX] {"sound": "civ_move_2", "volume": 0.03}
[2026-09-24 21:33:15.860] [SFX] {"sound": "civ_move_2", "volume": 0.05}
[2026-09-24 21:33:16.008] [SFX] {"sound": "civ_move_2", "volume": 0.1}
[2026-09-24 21:33:16.158] [SFX] {"sound": "guardian_move", "volume": 0.18}
[2026-09-24 21:33:16.274] [SFX] {"sound": "civ_move_2", "volume": 0.03}
[2026-09-24 21:33:16.275] [SFX] {"sound": "civ_move_2", "volume": 0.06}
[2026-09-24 21:33:16.405] [SFX] {"sound": "guardian_move", "volume": 0.16}
[2026-09-24 21:33:16.426] [SFX] {"sound": "civ_move_2", "volume": 0.1}
[2026-09-24 21:33:16.689] [SFX] {"sound": "civ_move_2", "volume": 0.04}
[2026-09-24 21:33:16.689] [SFX] {"sound": "civ_move_2", "volume": 0.07}
[2026-09-24 21:33:16.771] [SFX] {"sound": "guardian_move", "volume": 0.16}
[2026-09-24 21:33:16.822] [SFX] {"sound": "civ_move_2", "volume": 0.09}
[2026-09-24 21:33:16.904] [M] {"button": 1, "pos": [306, 168], "ui_clicked": false}
[2026-09-24 21:33:16.911] [P] {"start": [92, 38], "goal": [90, 36], "length": 2, "is_direction_change": false}
[2026-09-24 21:33:16.911] [SFX] {"sound": "click_target", "volume": 0.94}
[2026-09-24 21:33:17.006] [SFX] {"sound": "guardian_move", "volume": 0.14}
[2026-09-24 21:33:17.072] [SFX] {"sound": "player_move", "volume": 0.4}
[2026-09-24 21:33:17.094] [SFX] {"sound": "civ_move_2", "volume": 0.05}
[2026-09-24 21:33:17.094] [SFX] {"sound": "civ_move_2", "volume": 0.07}
[2026-09-24 21:33:17.222] [SFX] {"sound": "civ_move_2", "volume": 0.1}
[2026-09-24 21:33:17.372] [SFX] {"sound": "guardian_move", "volume": 0.12}
[2026-09-24 21:33:17.504] [SFX] {"sound": "civ_move_2", "volume": 0.05}
[2026-09-24 21:33:17.505] [SFX] {"sound": "civ_move_2", "volume": 0.08}
[2026-09-24 21:33:17.621] [SFX] {"sound": "guardian_move", "volume": 0.15}
[2026-09-24 21:33:17.643] [SFX] {"sound": "civ_move_2", "volume": 0.1}
[2026-09-24 21:33:17.887] [M] {"button": 1, "pos": [287, 175], "ui_clicked": false}
[2026-09-24 21:33:17.905] [SFX] {"sound": "civ_move_2", "volume": 0.06}
[2026-09-24 21:33:17.906] [SFX] {"sound": "civ_move_2", "volume": 0.1}
[2026-09-24 21:33:17.988] [SFX] {"sound": "guardian_move", "volume": 0.09}
[2026-09-24 21:33:18.039] [SFX] {"sound": "civ_move_2", "volume": 0.09}
[2026-09-24 21:33:18.235] [SFX] {"sound": "guardian_move", "volume": 0.17}
[2026-09-24 21:33:18.320] [SFX] {"sound": "civ_move_2", "volume": 0.07}
[2026-09-24 21:33:18.320] [SFX] {"sound": "civ_move_2", "volume": 0.11}
[2026-09-24 21:33:18.439] [SFX] {"sound": "civ_move_2", "volume": 0.09}
[2026-09-24 21:33:18.603] [SFX] {"sound": "guardian_move", "volume": 0.07}
[2026-09-24 21:33:18.720] [SFX] {"sound": "civ_move_2", "volume": 0.07}
[2026-09-24 21:33:18.721] [SFX] {"sound": "civ_move_2", "volume": 0.12}
[2026-09-24 21:33:18.837] [SFX] {"sound": "guardian_move", "volume": 0.19}
[2026-09-24 21:33:18.858] [SFX] {"sound": "civ_move_2", "volume": 0.08}
[2026-09-24 21:33:18.984] [M] {"button": 1, "pos": [299, 184], "ui_clicked": false}
[2026-09-24 21:33:18.992] [SFX] {"sound": "click_target", "volume": 0.75}
[2026-09-24 21:33:19.134] [SFX] {"sound": "civ_move_2", "volume": 0.09}
[2026-09-24 21:33:19.135] [SFX] {"sound": "civ_move_2", "volume": 0.12}
[2026-09-24 21:33:19.202] [SFX] {"sound": "guardian_move", "volume": 0.03}
[2026-09-24 21:33:19.268] [SFX] {"sound": "civ_move_2", "volume": 0.08}
[2026-09-24 21:33:19.449] [SFX] {"sound": "guardian_move", "volume": 0.19}
[2026-09-24 21:33:19.549] [SFX] {"sound": "civ_move_2", "volume": 0.09}
[2026-09-24 21:33:19.550] [SFX] {"sound": "civ_move_2", "volume": 0.13}
[2026-09-24 21:33:19.680] [SFX] {"sound": "civ_move_2", "volume": 0.08}
[2026-09-24 21:33:19.812] [SFX] {"sound": "guardian_move", "volume": 0.0}
[2026-09-24 21:33:19.962] [SFX] {"sound": "civ_move_2", "volume": 0.1}
[2026-09-24 21:33:19.962] [SFX] {"sound": "civ_move_2", "volume": 0.15}
[2026-09-24 21:33:20.059] [SFX] {"sound": "guardian_move", "volume": 0.21}
[2026-09-24 21:33:20.092] [SFX] {"sound": "civ_move_2", "volume": 0.07}
[2026-09-24 21:33:20.374] [SFX] {"sound": "civ_move_2", "volume": 0.1}
[2026-09-24 21:33:20.374] [SFX] {"sound": "civ_move_2", "volume": 0.16}
[2026-09-24 21:33:20.505] [SFX] {"sound": "civ_move_2", "volume": 0.06}
[2026-09-24 21:33:20.673] [SFX] {"sound": "guardian_move", "volume": 0.23}
[2026-09-24 21:33:20.774] [SFX] {"sound": "civ_move_2", "volume": 0.11}
[2026-09-24 21:33:20.775] [SFX] {"sound": "civ_move_2", "volume": 0.17}
[2026-09-24 21:33:20.907] [SFX] {"sound": "civ_move_2", "volume": 0.06}
[2026-09-24 21:33:21.189] [SFX] {"sound": "civ_move_2", "volume": 0.11}
[2026-09-24 21:33:21.190] [SFX] {"sound": "civ_move_2", "volume": 0.18}
[2026-09-24 21:33:21.274] [SFX] {"sound": "guardian_move", "volume": 0.25}
[2026-09-24 21:33:21.323] [SFX] {"sound": "civ_move_2", "volume": 0.05}
[2026-09-24 21:33:21.605] [SFX] {"sound": "civ_move_2", "volume": 0.11}
[2026-09-24 21:33:21.607] [SFX] {"sound": "civ_move_2", "volume": 0.2}
[2026-09-24 21:33:21.737] [SFX] {"sound": "civ_move_2", "volume": 0.04}
[2026-09-24 21:33:21.837] [M] {"button": 1, "pos": [287, 212], "ui_clicked": false}
[2026-09-24 21:33:21.888] [SFX] {"sound": "guardian_move", "volume": 0.27}
[2026-09-24 21:33:22.003] [SFX] {"sound": "civ_move_2", "volume": 0.11}
[2026-09-24 21:33:22.005] [SFX] {"sound": "civ_move_2", "volume": 0.21}
[2026-09-24 21:33:22.150] [SFX] {"sound": "civ_move_2", "volume": 0.03}
[2026-09-24 21:33:22.415] [SFX] {"sound": "civ_move_2", "volume": 0.12}
[2026-09-24 21:33:22.416] [SFX] {"sound": "civ_move_2", "volume": 0.22}
[2026-09-24 21:33:22.500] [SFX] {"sound": "guardian_move", "volume": 0.29}
[2026-09-24 21:33:22.564] [SFX] {"sound": "civ_move_2", "volume": 0.03}
[2026-09-24 21:33:22.580] [M] {"button": 1, "pos": [340, 236], "ui_clicked": false}
[2026-09-24 21:33:22.830] [SFX] {"sound": "civ_move_2", "volume": 0.12}
[2026-09-24 21:33:22.852] [SFX] {"sound": "civ_move_2", "volume": 0.23}
[2026-09-24 21:33:22.878] [M] {"button": 3, "pos": [343, 232], "ui_clicked": false}
[2026-09-24 21:33:22.976] [SFX] {"sound": "civ_move_2", "volume": 0.02}
[2026-09-24 21:33:23.110] [SFX] {"sound": "guardian_move", "volume": 0.37}
[2026-09-24 21:33:23.243] [SFX] {"sound": "civ_move_2", "volume": 0.15}
[2026-09-24 21:33:23.265] [SFX] {"sound": "civ_move_2", "volume": 0.25}
[2026-09-24 21:33:23.392] [SFX] {"sound": "civ_move_2", "volume": 0.01}
[2026-09-24 21:33:23.440] [SFX] {"sound": "threat_pulse", "volume": 0.32}
[2026-09-24 21:33:23.656] [SFX] {"sound": "civ_move_2", "volume": 0.17}
[2026-09-24 21:33:23.677] [SFX] {"sound": "civ_move_2", "volume": 0.26}
[2026-09-24 21:33:23.722] [SFX] {"sound": "guardian_move", "volume": 0.4}
[2026-09-24 21:33:23.806] [SFX] {"sound": "civ_move_2", "volume": 0.0}
[2026-09-24 21:33:23.855] [M] {"button": 1, "pos": [340, 188], "ui_clicked": true}
[2026-09-24 21:33:23.868] [JACK] Blick ins Systemfenster... Was führen wir im Schild?
[2026-09-24 21:33:23.880] [SFX] {"sound": "game_over", "volume": 1.0}
