[2026-09-25 19:42:28.960] [S] {"sid": "20260925_194228", "sys_t": "2026-09-25T19:42:28.960469"}
[2026-09-25 19:42:28.961] [SFX] {"sound": "hack_success", "volume": 0.8}
[2026-09-25 19:42:30.973] [SESSION_RESET] {"msg": "--- NEW LIFE STARTED ---"}
[2026-09-25 19:42:31.019] [S] {"map": "Shadowgrid"}
[2026-09-25 19:42:31.043] [JACK] Ah, im Shadowgrid angekommen... endlich.
[2026-09-25 19:42:31.549] [SFX] {"sound": "civ_move_1", "volume": 0.09}
[2026-09-25 19:42:31.646] [SFX] {"sound": "civ_move_1", "volume": 0.05}
[2026-09-25 19:42:31.679] [SFX] {"sound": "civ_move_2", "volume": 0.07}
[2026-09-25 19:42:31.729] [SFX] {"sound": "civ_move_1", "volume": 0.07}
[2026-09-25 19:42:31.778] [SFX] {"sound": "civ_move_2", "volume": 0.16}
[2026-09-25 19:42:31.957] [SFX] {"sound": "civ_move_1", "volume": 0.1}
[2026-09-25 19:42:32.054] [SFX] {"sound": "civ_move_1", "volume": 0.06}
[2026-09-25 19:42:32.087] [SFX] {"sound": "civ_move_2", "volume": 0.08}
[2026-09-25 19:42:32.136] [SFX] {"sound": "civ_move_1", "volume": 0.08}
[2026-09-25 19:42:32.184] [SFX] {"sound": "civ_move_2", "volume": 0.17}
[2026-09-25 19:42:32.267] [SFX] {"sound": "guardian_move", "volume": 0.0}
[2026-09-25 19:42:32.366] [SFX] {"sound": "civ_move_1", "volume": 0.11}
[2026-09-25 19:42:32.467] [SFX] {"sound": "civ_move_1", "volume": 0.07}
[2026-09-25 19:42:32.500] [SFX] {"sound": "civ_move_2", "volume": 0.09}
[2026-09-25 19:42:32.550] [SFX] {"sound": "civ_move_1", "volume": 0.09}
[2026-09-25 19:42:32.598] [SFX] {"sound": "civ_move_2", "volume": 0.17}
[2026-09-25 19:42:32.780] [SFX] {"sound": "civ_move_1", "volume": 0.11}
[2026-09-25 19:42:32.798] [M] {"button": 1, "pos": [305, 230], "ui_clicked": false}
[2026-09-25 19:42:32.805] [P] {"start": [154, 2], "goal": [152, 8], "length": 3, "is_direction_change": false}
[2026-09-25 19:42:32.805] [SFX] {"sound": "click_target", "volume": 0.67}
[2026-09-25 19:42:32.829] [SFX] {"sound": "player_move", "volume": 0.4}
[2026-09-25 19:42:32.873] [SFX] {"sound": "guardian_move", "volume": 0.02}
[2026-09-25 19:42:32.874] [SFX] {"sound": "civ_move_1", "volume": 0.08}
[2026-09-25 19:42:32.904] [SFX] {"sound": "civ_move_2", "volume": 0.11}
[2026-09-25 19:42:32.953] [SFX] {"sound": "civ_move_1", "volume": 0.11}
[2026-09-25 19:42:33.003] [SFX] {"sound": "civ_move_2", "volume": 0.18}
[2026-09-25 19:42:33.086] [SFX] {"sound": "guardian_move", "volume": 0.24}
[2026-09-25 19:42:33.117] [SFX] {"sound": "player_move", "volume": 0.4}
[2026-09-25 19:42:33.183] [SFX] {"sound": "civ_move_1", "volume": 0.15}
[2026-09-25 19:42:33.280] [SFX] {"sound": "civ_move_1", "volume": 0.11}
[2026-09-25 19:42:33.313] [SFX] {"sound": "civ_move_2", "volume": 0.11}
[2026-09-25 19:42:33.363] [SFX] {"sound": "civ_move_1", "volume": 0.14}
[2026-09-25 19:42:33.412] [SFX] {"sound": "civ_move_2", "volume": 0.2}
[2026-09-25 19:42:33.477] [SFX] {"sound": "guardian_move", "volume": 0.07}
[2026-09-25 19:42:33.575] [M] {"button": 1, "pos": [324, 236], "ui_clicked": false}
[2026-09-25 19:42:33.582] [P] {"start": [152, 8], "goal": [152, 14], "length": 4, "is_direction_change": false}
[2026-09-25 19:42:33.582] [SFX] {"sound": "click_target", "volume": 0.67}
[2026-09-25 19:42:33.604] [SFX] {"sound": "civ_move_1", "volume": 0.15}
[2026-09-25 19:42:33.681] [SFX] {"sound": "civ_move_1", "volume": 0.12}
[2026-09-25 19:42:33.716] [SFX] {"sound": "guardian_move", "volume": 0.29}
[2026-09-25 19:42:33.716] [SFX] {"sound": "civ_move_2", "volume": 0.13}
[2026-09-25 19:42:33.765] [SFX] {"sound": "civ_move_1", "volume": 0.13}
[2026-09-25 19:42:33.787] [SFX] {"sound": "player_move", "volume": 0.4}
[2026-09-25 19:42:33.813] [SFX] {"sound": "civ_move_2", "volume": 0.2}
[2026-09-25 19:42:34.008] [SFX] {"sound": "civ_move_1", "volume": 0.11}
[2026-09-25 19:42:34.088] [SFX] {"sound": "player_move", "volume": 0.4}
[2026-09-25 19:42:34.089] [SFX] {"sound": "guardian_move", "volume": 0.04}
[2026-09-25 19:42:34.090] [SFX] {"sound": "civ_move_1", "volume": 0.1}
[2026-09-25 19:42:34.120] [SFX] {"sound": "civ_move_2", "volume": 0.17}
[2026-09-25 19:42:34.169] [SFX] {"sound": "civ_move_1", "volume": 0.11}
[2026-09-25 19:42:34.218] [SFX] {"sound": "civ_move_2", "volume": 0.23}
[2026-09-25 19:42:34.219] [SFX] {"sound": "threat_pulse", "volume": 0.3}
[2026-09-25 19:42:34.319] [SFX] {"sound": "guardian_move", "volume": 0.38}
[2026-09-25 19:42:34.350] [M] {"button": 1, "pos": [345, 215], "ui_clicked": false}
[2026-09-25 19:42:34.398] [SFX] {"sound": "player_move", "volume": 0.4}
[2026-09-25 19:42:34.421] [SFX] {"sound": "civ_move_1", "volume": 0.17}
[2026-09-25 19:42:34.497] [SFX] {"sound": "civ_move_1", "volume": 0.18}
[2026-09-25 19:42:34.529] [SFX] {"sound": "civ_move_2", "volume": 0.18}
[2026-09-25 19:42:34.577] [SFX] {"sound": "civ_move_1", "volume": 0.14}
[2026-09-25 19:42:34.625] [SFX] {"sound": "civ_move_2", "volume": 0.26}
[2026-09-25 19:42:34.691] [SFX] {"sound": "guardian_move", "volume": 0.14}
[2026-09-25 19:42:34.824] [SFX] {"sound": "civ_move_1", "volume": 0.18}
[2026-09-25 19:42:34.907] [SFX] {"sound": "civ_move_1", "volume": 0.19}
[2026-09-25 19:42:34.939] [SFX] {"sound": "guardian_move", "volume": 0.4}
[2026-09-25 19:42:34.940] [SFX] {"sound": "civ_move_2", "volume": 0.2}
[2026-09-25 19:42:34.988] [SFX] {"sound": "civ_move_1", "volume": 0.14}
[2026-09-25 19:42:35.038] [SFX] {"sound": "civ_move_2", "volume": 0.24}
[2026-09-25 19:42:35.121] [SFX] {"sound": "threat_pulse", "volume": 0.35}
[2026-09-25 19:42:35.235] [SFX] {"sound": "civ_move_1", "volume": 0.17}
[2026-09-25 19:42:35.301] [SFX] {"sound": "guardian_move", "volume": 0.16}
[2026-09-25 19:42:35.325] [SFX] {"sound": "civ_move_1", "volume": 0.19}
[2026-09-25 19:42:35.349] [SFX] {"sound": "civ_move_2", "volume": 0.21}
[2026-09-25 19:42:35.365] [M] {"button": 1, "pos": [412, 180], "ui_clicked": false}
[2026-09-25 19:42:35.373] [SFX] {"sound": "click_target", "volume": 0.71}
[2026-09-25 19:42:35.399] [SFX] {"sound": "civ_move_1", "volume": 0.13}
[2026-09-25 19:42:35.448] [SFX] {"sound": "civ_move_2", "volume": 0.22}
[2026-09-25 19:42:35.581] [SFX] {"sound": "player_move", "volume": 0.4}
[2026-09-25 19:42:35.647] [SFX] {"sound": "civ_move_1", "volume": 0.12}
[2026-09-25 19:42:35.747] [SFX] {"sound": "civ_move_1", "volume": 0.13}
[2026-09-25 19:42:35.769] [SFX] {"sound": "civ_move_2", "volume": 0.28}
[2026-09-25 19:42:35.795] [C] {"civ_pos": [162, 14]}
[2026-09-25 19:42:35.823] [SFX] {"sound": "civ_move_1", "volume": 0.08}
[2026-09-25 19:42:35.849] [SFX] {"sound": "civ_move_2", "volume": 0.15}
[2026-09-25 19:42:35.881] [SFX] {"sound": "player_move", "volume": 0.4}
[2026-09-25 19:42:35.915] [M] {"button": 1, "pos": [418, 182], "ui_clicked": true}
[2026-09-25 19:42:35.927] [SFX] {"sound": "guardian_move", "volume": 0.09}
[2026-09-25 19:42:36.004] [SFX] {"sound": "civ_move_1", "volume": 0.01}
[2026-09-25 19:42:36.036] [SFX] {"sound": "threat_pulse", "volume": 0.32}
[2026-09-25 19:42:36.058] [SFX] {"sound": "civ_move_1", "volume": 0.09}
[2026-09-25 19:42:36.149] [SFX] {"sound": "civ_move_1", "volume": 0.11}
[2026-09-25 19:42:36.173] [SFX] {"sound": "civ_move_2", "volume": 0.3}
[2026-09-25 19:42:36.189] [SFX] {"sound": "player_move", "volume": 0.4}
[2026-09-25 19:42:36.215] [SFX] {"sound": "civ_move_1", "volume": 0.08}
[2026-09-25 19:42:36.249] [SFX] {"sound": "civ_move_2", "volume": 0.14}
[2026-09-25 19:42:36.412] [SFX] {"sound": "civ_move_1", "volume": 0.01}
[2026-09-25 19:42:36.461] [SFX] {"sound": "civ_move_1", "volume": 0.09}
[2026-09-25 19:42:36.494] [SFX] {"sound": "player_move", "volume": 0.4}
[2026-09-25 19:42:36.527] [SFX] {"sound": "guardian_move", "volume": 0.12}
[2026-09-25 19:42:36.559] [SFX] {"sound": "civ_move_1", "volume": 0.11}
[2026-09-25 19:42:36.582] [SFX] {"sound": "civ_move_2", "volume": 0.29}
[2026-09-25 19:42:36.625] [SFX] {"sound": "civ_move_1", "volume": 0.1}
[2026-09-25 19:42:36.658] [SFX] {"sound": "civ_move_2", "volume": 0.13}
[2026-09-25 19:42:36.804] [SFX] {"sound": "player_move", "volume": 0.4}
[2026-09-25 19:42:36.826] [SFX] {"sound": "civ_move_1", "volume": 0.01}
[2026-09-25 19:42:36.872] [SFX] {"sound": "civ_move_1", "volume": 0.09}
[2026-09-25 19:42:36.939] [SFX] {"sound": "threat_pulse", "volume": 0.33}
[2026-09-25 19:42:36.971] [SFX] {"sound": "civ_move_1", "volume": 0.12}
[2026-09-25 19:42:36.993] [SFX] {"sound": "civ_move_2", "volume": 0.29}
[2026-09-25 19:42:37.038] [M] {"button": 1, "pos": [419, 205], "ui_clicked": true}
[2026-09-25 19:42:37.050] [SFX] {"sound": "civ_move_1", "volume": 0.11}
[2026-09-25 19:42:37.066] [SFX] {"sound": "civ_move_2", "volume": 0.14}
[2026-09-25 19:42:37.067] [SFX] {"sound": "infiltrate 2", "volume": 0.5}
[2026-09-25 19:42:37.110] [SFX] {"sound": "player_move", "volume": 0.4}
[2026-09-25 19:42:37.133] [SFX] {"sound": "guardian_move", "volume": 0.17}
[2026-09-25 19:42:37.227] [SFX] {"sound": "civ_move_1", "volume": 0.02}
[2026-09-25 19:42:37.275] [SFX] {"sound": "civ_move_1", "volume": 0.09}
[2026-09-25 19:42:37.375] [SFX] {"sound": "civ_move_1", "volume": 0.12}
[2026-09-25 19:42:37.398] [SFX] {"sound": "civ_move_2", "volume": 0.29}
[2026-09-25 19:42:37.431] [JACK] Hörst du das Wummern? Sentinels in der Nähe... Bloß keinen falschen Schritt machen!
[2026-09-25 19:42:37.431] [SFX] {"sound": "player_move", "volume": 0.4}
[2026-09-25 19:42:37.447] [SFX] {"sound": "civ_move_1", "volume": 0.11}
[2026-09-25 19:42:37.474] [SFX] {"sound": "civ_move_2", "volume": 0.14}
[2026-09-25 19:42:37.475] [SFX] {"sound": "infiltrate 1", "volume": 0.5}
[2026-09-25 19:42:37.637] [SFX] {"sound": "civ_move_1", "volume": 0.02}
[2026-09-25 19:42:37.686] [SFX] {"sound": "civ_move_1", "volume": 0.09}
[2026-09-25 19:42:37.736] [SFX] {"sound": "player_move", "volume": 0.4}
[2026-09-25 19:42:37.737] [SFX] {"sound": "guardian_move", "volume": 0.2}
[2026-09-25 19:42:37.786] [SFX] {"sound": "civ_move_1", "volume": 0.12}
[2026-09-25 19:42:37.810] [SFX] {"sound": "civ_move_2", "volume": 0.29}
[2026-09-25 19:42:37.839] [SFX] {"sound": "threat_pulse", "volume": 0.4}
[2026-09-25 19:42:37.863] [SFX] {"sound": "civ_move_1", "volume": 0.12}
[2026-09-25 19:42:37.880] [SFX] {"sound": "civ_move_2", "volume": 0.13}
[2026-09-25 19:42:37.881] [SFX] {"sound": "infiltrate 1", "volume": 0.5}
[2026-09-25 19:42:38.041] [SFX] {"sound": "player_move", "volume": 0.4}
[2026-09-25 19:42:38.042] [SFX] {"sound": "civ_move_1", "volume": 0.02}
[2026-09-25 19:42:38.090] [SFX] {"sound": "civ_move_1", "volume": 0.08}
[2026-09-25 19:42:38.191] [SFX] {"sound": "civ_move_1", "volume": 0.11}
[2026-09-25 19:42:38.213] [SFX] {"sound": "civ_move_2", "volume": 0.29}
[2026-09-25 19:42:38.257] [SFX] {"sound": "civ_move_1", "volume": 0.12}
[2026-09-25 19:42:38.279] [SFX] {"sound": "civ_move_2", "volume": 0.13}
[2026-09-25 19:42:38.280] [SFX] {"sound": "infiltrate 1", "volume": 0.5}
[2026-09-25 19:42:38.305] [C] {"civ_pos": [157, 14]}
[2026-09-25 19:42:38.343] [SFX] {"sound": "player_move", "volume": 0.4}
[2026-09-25 19:42:38.344] [SFX] {"sound": "guardian_move", "volume": 0.22}
[2026-09-25 19:42:38.441] [SFX] {"sound": "civ_move_1", "volume": 0.03}
[2026-09-25 19:42:38.490] [SFX] {"sound": "civ_move_1", "volume": 0.07}
[2026-09-25 19:42:38.606] [SFX] {"sound": "civ_move_1", "volume": 0.1}
[2026-09-25 19:42:38.629] [SFX] {"sound": "civ_move_2", "volume": 0.29}
[2026-09-25 19:42:38.655] [SFX] {"sound": "player_move", "volume": 0.4}
[2026-09-25 19:42:38.656] [SFX] {"sound": "threat_pulse", "volume": 0.49}
[2026-09-25 19:42:38.678] [SFX] {"sound": "civ_move_1", "volume": 0.12}
[2026-09-25 19:42:38.694] [SFX] {"sound": "civ_move_2", "volume": 0.13}
[2026-09-25 19:42:38.695] [SFX] {"sound": "infiltrate 1", "volume": 0.5}
[2026-09-25 19:42:38.855] [SFX] {"sound": "civ_move_1", "volume": 0.03}
[2026-09-25 19:42:38.904] [SFX] {"sound": "civ_move_1", "volume": 0.05}
[2026-09-25 19:42:38.952] [SFX] {"sound": "guardian_move", "volume": 0.25}
[2026-09-25 19:42:38.975] [SFX] {"sound": "player_move", "volume": 0.4}
[2026-09-25 19:42:39.017] [SFX] {"sound": "civ_move_1", "volume": 0.09}
[2026-09-25 19:42:39.040] [SFX] {"sound": "civ_move_2", "volume": 0.29}
[2026-09-25 19:42:39.081] [SFX] {"sound": "civ_move_1", "volume": 0.13}
[2026-09-25 19:42:39.103] [SFX] {"sound": "civ_move_2", "volume": 0.12}
[2026-09-25 19:42:39.104] [SFX] {"sound": "infiltrate 1", "volume": 0.5}
[2026-09-25 19:42:39.259] [SFX] {"sound": "civ_move_1", "volume": 0.04}
[2026-09-25 19:42:39.260] [SFX] {"sound": "threat_pulse", "volume": 0.55}
[2026-09-25 19:42:39.283] [SFX] {"sound": "player_move", "volume": 0.4}
[2026-09-25 19:42:39.311] [SFX] {"sound": "civ_move_1", "volume": 0.04}
[2026-09-25 19:42:39.425] [SFX] {"sound": "civ_move_1", "volume": 0.09}
[2026-09-25 19:42:39.447] [SFX] {"sound": "civ_move_2", "volume": 0.29}
[2026-09-25 19:42:39.510] [SFX] {"sound": "civ_move_2", "volume": 0.12}
[2026-09-25 19:42:39.511] [SFX] {"sound": "civ_move_1", "volume": 0.13}
[2026-09-25 19:42:39.512] [SFX] {"sound": "infiltrate 2", "volume": 0.5}
[2026-09-25 19:42:39.560] [SFX] {"sound": "guardian_move", "volume": 0.27}
[2026-09-25 19:42:39.582] [SFX] {"sound": "player_move", "volume": 0.4}
[2026-09-25 19:42:39.674] [SFX] {"sound": "civ_move_1", "volume": 0.03}
[2026-09-25 19:42:39.675] [SFX] {"sound": "threat_pulse", "volume": 0.59}
[2026-09-25 19:42:39.723] [SFX] {"sound": "civ_move_1", "volume": 0.03}
[2026-09-25 19:42:39.840] [SFX] {"sound": "civ_move_1", "volume": 0.08}
[2026-09-25 19:42:39.861] [SFX] {"sound": "civ_move_2", "volume": 0.29}
[2026-09-25 19:42:39.891] [SFX] {"sound": "player_move", "volume": 0.4}
[2026-09-25 19:42:39.924] [SFX] {"sound": "civ_move_2", "volume": 0.11}
[2026-09-25 19:42:39.925] [SFX] {"sound": "civ_move_1", "volume": 0.12}
[2026-09-25 19:42:39.926] [SFX] {"sound": "infiltrate 2", "volume": 0.5}
[2026-09-25 19:42:39.975] [SFX] {"sound": "threat_pulse", "volume": 0.62}
[2026-09-25 19:42:40.043] [SFX] {"sound": "hack_success", "volume": 1.0}
[2026-09-25 19:42:40.092] [SFX] {"sound": "civ_move_1", "volume": 0.03}
[2026-09-25 19:42:40.125] [SFX] {"sound": "civ_move_1", "volume": 0.02}
[2026-09-25 19:42:40.172] [SFX] {"sound": "guardian_move", "volume": 0.3}
[2026-09-25 19:42:40.239] [SFX] {"sound": "civ_move_1", "volume": 0.07}
[2026-09-25 19:42:40.263] [SFX] {"sound": "civ_move_2", "volume": 0.29}
[2026-09-25 19:42:40.291] [SFX] {"sound": "threat_pulse", "volume": 0.61}
[2026-09-25 19:42:40.324] [SFX] {"sound": "civ_move_2", "volume": 0.1}
[2026-09-25 19:42:40.325] [SFX] {"sound": "civ_move_1", "volume": 0.12}
[2026-09-25 19:42:40.503] [SFX] {"sound": "civ_move_1", "volume": 0.03}
[2026-09-25 19:42:40.537] [SFX] {"sound": "civ_move_1", "volume": 0.01}
[2026-09-25 19:42:40.569] [M] {"button": 1, "pos": [410, 199], "ui_clicked": false}
[2026-09-25 19:42:40.602] [SFX] {"sound": "threat_pulse", "volume": 0.6}
[2026-09-25 19:42:40.653] [SFX] {"sound": "civ_move_1", "volume": 0.05}
[2026-09-25 19:42:40.676] [SFX] {"sound": "civ_move_2", "volume": 0.29}
[2026-09-25 19:42:40.734] [SFX] {"sound": "civ_move_2", "volume": 0.09}
[2026-09-25 19:42:40.735] [SFX] {"sound": "civ_move_1", "volume": 0.12}
[2026-09-25 19:42:40.783] [SFX] {"sound": "guardian_move", "volume": 0.32}
[2026-09-25 19:42:40.816] [C] {"civ_pos": [157, 14]}
[2026-09-25 19:42:40.905] [SFX] {"sound": "civ_move_1", "volume": 0.03}
[2026-09-25 19:42:40.906] [SFX] {"sound": "threat_pulse", "volume": 0.58}
[2026-09-25 19:42:41.069] [SFX] {"sound": "civ_move_1", "volume": 0.04}
[2026-09-25 19:42:41.092] [SFX] {"sound": "civ_move_2", "volume": 0.29}
[2026-09-25 19:42:41.102] [M] {"button": 1, "pos": [405, 180], "ui_clicked": false}
[2026-09-25 19:42:41.136] [SFX] {"sound": "civ_move_2", "volume": 0.09}
[2026-09-25 19:42:41.136] [SFX] {"sound": "civ_move_1", "volume": 0.11}
[2026-09-25 19:42:41.219] [SFX] {"sound": "threat_pulse", "volume": 0.57}
[2026-09-25 19:42:41.319] [SFX] {"sound": "civ_move_1", "volume": 0.02}
[2026-09-25 19:42:41.386] [SFX] {"sound": "guardian_move", "volume": 0.34}
[2026-09-25 19:42:41.484] [SFX] {"sound": "civ_move_2", "volume": 0.29}
[2026-09-25 19:42:41.485] [SFX] {"sound": "civ_move_1", "volume": 0.03}
[2026-09-25 19:42:41.549] [SFX] {"sound": "civ_move_2", "volume": 0.08}
[2026-09-25 19:42:41.550] [SFX] {"sound": "civ_move_1", "volume": 0.11}
[2026-09-25 19:42:41.583] [M] {"button": 1, "pos": [391, 189], "ui_clicked": false}
[2026-09-25 19:42:41.633] [SFX] {"sound": "threat_pulse", "volume": 0.55}
[2026-09-25 19:42:41.731] [SFX] {"sound": "civ_move_1", "volume": 0.03}
[2026-09-25 19:42:41.896] [SFX] {"sound": "civ_move_2", "volume": 0.29}
[2026-09-25 19:42:41.896] [SFX] {"sound": "civ_move_1", "volume": 0.02}
[2026-09-25 19:42:41.964] [M] {"button": 1, "pos": [380, 184], "ui_clicked": false}
[2026-09-25 19:42:41.971] [SFX] {"sound": "civ_move_2", "volume": 0.07}
[2026-09-25 19:42:41.972] [SFX] {"sound": "civ_move_1", "volume": 0.11}
[2026-09-25 19:42:41.973] [P] {"start": [158, 14], "goal": [165, 14], "length": 1, "is_direction_change": false}
[2026-09-25 19:42:41.973] [SFX] {"sound": "click_target", "volume": 0.65}
[2026-09-25 19:42:42.005] [SFX] {"sound": "guardian_move", "volume": 0.36}
[2026-09-25 19:42:42.038] [SFX] {"sound": "threat_pulse", "volume": 0.56}
[2026-09-25 19:42:42.119] [SFX] {"sound": "player_move", "volume": 0.4}
[2026-09-25 19:42:42.142] [SFX] {"sound": "civ_move_1", "volume": 0.02}
[2026-09-25 19:42:42.304] [SFX] {"sound": "civ_move_2", "volume": 0.24}
[2026-09-25 19:42:42.368] [SFX] {"sound": "civ_move_2", "volume": 0.0}
[2026-09-25 19:42:42.369] [SFX] {"sound": "civ_move_1", "volume": 0.06}
[2026-09-25 19:42:42.448] [SFX] {"sound": "threat_pulse", "volume": 0.54}
[2026-09-25 19:42:42.530] [M] {"button": 1, "pos": [397, 185], "ui_clicked": false}
[2026-09-25 19:42:42.537] [P] {"start": [165, 14], "goal": [173, 14], "length": 1, "is_direction_change": false}
[2026-09-25 19:42:42.538] [SFX] {"sound": "click_target", "volume": 0.63}
[2026-09-25 19:42:42.569] [JACK] Diese Bedrohung ist greifbar... Die Wachen dürfen unser Signal nicht isolieren.
[2026-09-25 19:42:42.570] [SFX] {"sound": "civ_move_1", "volume": 0.02}
[2026-09-25 19:42:42.613] [SFX] {"sound": "guardian_move", "volume": 0.31}
[2026-09-25 19:42:42.648] [SFX] {"sound": "player_move", "volume": 0.4}
[2026-09-25 19:42:42.712] [SFX] {"sound": "civ_move_2", "volume": 0.21}
[2026-09-25 19:42:42.779] [SFX] {"sound": "civ_move_1", "volume": 0.03}
[2026-09-25 19:42:42.862] [SFX] {"sound": "threat_pulse", "volume": 0.52}
[2026-09-25 19:42:42.961] [SFX] {"sound": "civ_move_1", "volume": 0.02}
[2026-09-25 19:42:43.109] [M] {"button": 1, "pos": [398, 185], "ui_clicked": false}
[2026-09-25 19:42:43.117] [P] {"start": [173, 14], "goal": [181, 14], "length": 1, "is_direction_change": false}
[2026-09-25 19:42:43.117] [SFX] {"sound": "click_target", "volume": 0.63}
[2026-09-25 19:42:43.139] [JACK] Verdammt, die Sentinels kreisen um uns... Ich habe echte Angst, ertappt zu werden!
[2026-09-25 19:42:43.139] [SFX] {"sound": "player_move", "volume": 0.4}
[2026-09-25 19:42:43.140] [SFX] {"sound": "civ_move_2", "volume": 0.18}
[2026-09-25 19:42:43.184] [SFX] {"sound": "civ_move_1", "volume": 0.0}
[2026-09-25 19:42:43.234] [SFX] {"sound": "guardian_move", "volume": 0.24}
[2026-09-25 19:42:43.364] [SFX] {"sound": "civ_move_1", "volume": 0.0}
[2026-09-25 19:42:43.365] [SFX] {"sound": "threat_pulse", "volume": 0.5}
[2026-09-25 19:42:43.429] [SFX] {"sound": "player_move", "volume": 0.4}
[2026-09-25 19:42:43.542] [SFX] {"sound": "civ_move_2", "volume": 0.12}
[2026-09-25 19:42:43.839] [SFX] {"sound": "guardian_move", "volume": 0.21}
[2026-09-25 19:42:43.957] [SFX] {"sound": "civ_move_2", "volume": 0.12}
[2026-09-25 19:42:43.979] [SFX] {"sound": "threat_pulse", "volume": 0.46}
[2026-09-25 19:42:44.120] [M] {"button": 1, "pos": [398, 185], "ui_clicked": false}
[2026-09-25 19:42:44.127] [P] {"start": [181, 14], "goal": [190, 14], "length": 1, "is_direction_change": false}
[2026-09-25 19:42:44.128] [SFX] {"sound": "click_target", "volume": 0.61}
[2026-09-25 19:42:44.150] [JACK] Überall Wacheinheiten... Ihr bedrohliches Summen brennt sich ins Deck.
[2026-09-25 19:42:44.359] [SFX] {"sound": "player_move", "volume": 0.4}
[2026-09-25 19:42:44.360] [SFX] {"sound": "civ_move_2", "volume": 0.09}
[2026-09-25 19:42:44.443] [SFX] {"sound": "guardian_move", "volume": 0.17}
[2026-09-25 19:42:44.575] [SFX] {"sound": "threat_pulse", "volume": 0.43}
[2026-09-25 19:42:44.760] [SFX] {"sound": "civ_move_2", "volume": 0.05}
[2026-09-25 19:42:45.056] [SFX] {"sound": "guardian_move", "volume": 0.17}
[2026-09-25 19:42:45.170] [SFX] {"sound": "civ_move_2", "volume": 0.05}
[2026-09-25 19:42:45.287] [SFX] {"sound": "threat_pulse", "volume": 0.4}
[2026-09-25 19:42:45.585] [SFX] {"sound": "civ_move_2", "volume": 0.05}
[2026-09-25 19:42:45.666] [SFX] {"sound": "guardian_move", "volume": 0.2}
[2026-09-25 19:42:45.812] [SFX] {"sound": "civ_move_1", "volume": 0.0}
[2026-09-25 19:42:45.990] [SFX] {"sound": "civ_move_2", "volume": 0.05}
[2026-09-25 19:42:46.088] [SFX] {"sound": "threat_pulse", "volume": 0.36}
[2026-09-25 19:42:46.218] [SFX] {"sound": "civ_move_1", "volume": 0.02}
[2026-09-25 19:42:46.251] [SFX] {"sound": "guardian_move", "volume": 0.01}
[2026-09-25 19:42:46.274] [SFX] {"sound": "guardian_move", "volume": 0.22}
[2026-09-25 19:42:46.397] [SFX] {"sound": "civ_move_2", "volume": 0.05}
[2026-09-25 19:42:46.626] [SFX] {"sound": "civ_move_1", "volume": 0.03}
[2026-09-25 19:42:46.807] [SFX] {"sound": "civ_move_2", "volume": 0.05}
[2026-09-25 19:42:46.859] [SFX] {"sound": "guardian_move", "volume": 0.03}
[2026-09-25 19:42:46.882] [SFX] {"sound": "guardian_move", "volume": 0.24}
[2026-09-25 19:42:46.992] [SFX] {"sound": "threat_pulse", "volume": 0.31}
[2026-09-25 19:42:47.041] [SFX] {"sound": "civ_move_1", "volume": 0.04}
[2026-09-25 19:42:47.208] [SFX] {"sound": "civ_move_2", "volume": 0.05}
[2026-09-25 19:42:47.441] [SFX] {"sound": "civ_move_1", "volume": 0.05}
[2026-09-25 19:42:47.464] [SFX] {"sound": "guardian_move", "volume": 0.06}
[2026-09-25 19:42:47.490] [SFX] {"sound": "guardian_move", "volume": 0.27}
[2026-09-25 19:42:47.619] [SFX] {"sound": "civ_move_2", "volume": 0.05}
[2026-09-25 19:42:47.848] [SFX] {"sound": "civ_move_1", "volume": 0.06}
[2026-09-25 19:42:48.028] [SFX] {"sound": "civ_move_2", "volume": 0.05}
[2026-09-25 19:42:48.063] [SFX] {"sound": "guardian_move", "volume": 0.08}
[2026-09-25 19:42:48.099] [SFX] {"sound": "guardian_move", "volume": 0.29}
[2026-09-25 19:42:48.250] [SFX] {"sound": "civ_move_1", "volume": 0.08}
[2026-09-25 19:42:48.430] [SFX] {"sound": "civ_move_2", "volume": 0.05}
[2026-09-25 19:42:48.662] [SFX] {"sound": "civ_move_1", "volume": 0.09}
[2026-09-25 19:42:48.684] [SFX] {"sound": "guardian_move", "volume": 0.11}
[2026-09-25 19:42:48.713] [SFX] {"sound": "guardian_move", "volume": 0.32}
[2026-09-25 19:42:48.830] [SFX] {"sound": "civ_move_2", "volume": 0.05}
[2026-09-25 19:42:49.075] [SFX] {"sound": "civ_move_1", "volume": 0.1}
[2026-09-25 19:42:49.238] [SFX] {"sound": "civ_move_2", "volume": 0.05}
[2026-09-25 19:42:49.288] [SFX] {"sound": "guardian_move", "volume": 0.13}
[2026-09-25 19:42:49.320] [SFX] {"sound": "guardian_move", "volume": 0.34}
[2026-09-25 19:42:49.485] [SFX] {"sound": "civ_move_1", "volume": 0.11}
[2026-09-25 19:42:49.649] [SFX] {"sound": "civ_move_2", "volume": 0.05}
[2026-09-25 19:42:49.764] [M] {"button": 4, "pos": [296, 190], "ui_clicked": false}
[2026-09-25 19:42:49.895] [SFX] {"sound": "guardian_move", "volume": 0.16}
[2026-09-25 19:42:49.896] [SFX] {"sound": "civ_move_1", "volume": 0.13}
[2026-09-25 19:42:49.928] [SFX] {"sound": "guardian_move", "volume": 0.37}
[2026-09-25 19:42:50.060] [SFX] {"sound": "civ_move_2", "volume": 0.05}
[2026-09-25 19:42:50.146] [JACK] Achtung! Guardians patrouillieren den Sektor. Wir müssen extrem vorsichtig sein!
[2026-09-25 19:42:50.147] [SFX] {"sound": "threat_pulse", "volume": 0.32}
[2026-09-25 19:42:50.305] [SFX] {"sound": "civ_move_1", "volume": 0.14}
[2026-09-25 19:42:50.468] [SFX] {"sound": "civ_move_2", "volume": 0.05}
[2026-09-25 19:42:50.501] [SFX] {"sound": "guardian_move", "volume": 0.18}
[2026-09-25 19:42:50.537] [SFX] {"sound": "guardian_move", "volume": 0.39}
[2026-09-25 19:42:50.718] [SFX] {"sound": "civ_move_1", "volume": 0.15}
[2026-09-25 19:42:50.882] [SFX] {"sound": "civ_move_2", "volume": 0.05}
[2026-09-25 19:42:51.046] [SFX] {"sound": "threat_pulse", "volume": 0.39}
[2026-09-25 19:42:51.112] [SFX] {"sound": "guardian_move", "volume": 0.2}
[2026-09-25 19:42:51.134] [SFX] {"sound": "civ_move_1", "volume": 0.16}
[2026-09-25 19:42:51.162] [SFX] {"sound": "guardian_move", "volume": 0.4}
[2026-09-25 19:42:51.293] [SFX] {"sound": "civ_move_2", "volume": 0.05}
[2026-09-25 19:42:51.472] [SFX] {"sound": "civ_move_2", "volume": 0.01}
[2026-09-25 19:42:51.538] [SFX] {"sound": "civ_move_1", "volume": 0.18}
[2026-09-25 19:42:51.705] [SFX] {"sound": "civ_move_2", "volume": 0.05}
[2026-09-25 19:42:51.730] [SFX] {"sound": "guardian_move", "volume": 0.23}
[2026-09-25 19:42:51.788] [SFX] {"sound": "guardian_move", "volume": 0.4}
[2026-09-25 19:42:51.856] [SFX] {"sound": "threat_pulse", "volume": 0.46}
[2026-09-25 19:42:51.879] [SFX] {"sound": "civ_move_2", "volume": 0.02}
[2026-09-25 19:42:51.941] [SFX] {"sound": "civ_move_1", "volume": 0.19}
[2026-09-25 19:42:52.106] [M] {"button": 1, "pos": [157, 192], "ui_clicked": false}
[2026-09-25 19:42:52.114] [SFX] {"sound": "civ_move_2", "volume": 0.05}
[2026-09-25 19:42:52.115] [P] {"start": [190, 14], "goal": [180, 14], "length": 1, "is_direction_change": false}
[2026-09-25 19:42:52.115] [SFX] {"sound": "click_target", "volume": 0.6}
[2026-09-25 19:42:52.137] [JACK] Überall Wacheinheiten... Ihr bedrohliches Summen brennt sich ins Deck.
[2026-09-25 19:42:52.215] [SFX] {"sound": "player_move", "volume": 0.4}
[2026-09-25 19:42:52.279] [SFX] {"sound": "civ_move_2", "volume": 0.06}
[2026-09-25 19:42:52.329] [SFX] {"sound": "guardian_move", "volume": 0.21}
[2026-09-25 19:42:52.351] [SFX] {"sound": "civ_move_1", "volume": 0.16}
[2026-09-25 19:42:52.445] [SFX] {"sound": "guardian_move", "volume": 0.34}
[2026-09-25 19:42:52.512] [SFX] {"sound": "civ_move_2", "volume": 0.11}
[2026-09-25 19:42:52.534] [SFX] {"sound": "player_move", "volume": 0.4}
[2026-09-25 19:42:52.560] [SFX] {"sound": "threat_pulse", "volume": 0.47}
[2026-09-25 19:42:52.690] [SFX] {"sound": "civ_move_2", "volume": 0.12}
[2026-09-25 19:42:52.740] [M] {"button": 1, "pos": [149, 192], "ui_clicked": false}
[2026-09-25 19:42:52.748] [P] {"start": [180, 14], "goal": [171, 14], "length": 1, "is_direction_change": false}
[2026-09-25 19:42:52.749] [SFX] {"sound": "click_target", "volume": 0.63}
[2026-09-25 19:42:52.770] [JACK] Achtung! Guardians patrouillieren den Sektor. Wir müssen extrem vorsichtig sein!
[2026-09-25 19:42:52.771] [SFX] {"sound": "civ_move_1", "volume": 0.13}
[2026-09-25 19:42:52.915] [SFX] {"sound": "civ_move_2", "volume": 0.16}
[2026-09-25 19:42:52.937] [SFX] {"sound": "guardian_move", "volume": 0.14}
[2026-09-25 19:42:52.983] [SFX] {"sound": "player_move", "volume": 0.4}
[2026-09-25 19:42:53.047] [SFX] {"sound": "guardian_move", "volume": 0.27}
[2026-09-25 19:42:53.098] [SFX] {"sound": "civ_move_2", "volume": 0.19}
[2026-09-25 19:42:53.163] [SFX] {"sound": "civ_move_1", "volume": 0.09}
[2026-09-25 19:42:53.164] [SFX] {"sound": "threat_pulse", "volume": 0.44}
[2026-09-25 19:42:53.313] [M] {"button": 1, "pos": [149, 192], "ui_clicked": false}
[2026-09-25 19:42:53.321] [P] {"start": [171, 14], "goal": [162, 14], "length": 1, "is_direction_change": false}
[2026-09-25 19:42:53.322] [SFX] {"sound": "click_target", "volume": 0.63}
[2026-09-25 19:42:53.344] [JACK] Diese Bedrohung ist greifbar... Die Wachen dürfen unser Signal nicht isolieren.
[2026-09-25 19:42:53.345] [SFX] {"sound": "civ_move_2", "volume": 0.2}
[2026-09-25 19:42:53.422] [SFX] {"sound": "player_move", "volume": 0.4}
[2026-09-25 19:42:53.502] [SFX] {"sound": "civ_move_2", "volume": 0.24}
[2026-09-25 19:42:53.537] [SFX] {"sound": "guardian_move", "volume": 0.07}
[2026-09-25 19:42:53.568] [SFX] {"sound": "civ_move_1", "volume": 0.06}
[2026-09-25 19:42:53.668] [SFX] {"sound": "guardian_move", "volume": 0.19}
[2026-09-25 19:42:53.732] [SFX] {"sound": "player_move", "volume": 0.4}
[2026-09-25 19:42:53.733] [C] {"civ_pos": [160, 14]}
[2026-09-25 19:42:53.759] [SFX] {"sound": "civ_move_2", "volume": 0.26}
[2026-09-25 19:42:53.866] [SFX] {"sound": "threat_pulse", "volume": 0.41}
[2026-09-25 19:42:53.915] [SFX] {"sound": "civ_move_2", "volume": 0.29}
[2026-09-25 19:42:53.980] [SFX] {"sound": "civ_move_1", "volume": 0.04}
[2026-09-25 19:42:54.147] [SFX] {"sound": "guardian_move", "volume": 0.05}
[2026-09-25 19:42:54.169] [SFX] {"sound": "civ_move_2", "volume": 0.26}
[2026-09-25 19:42:54.279] [SFX] {"sound": "guardian_move", "volume": 0.2}
[2026-09-25 19:42:54.330] [SFX] {"sound": "civ_move_2", "volume": 0.3}
[2026-09-25 19:42:54.380] [SFX] {"sound": "civ_move_1", "volume": 0.05}
[2026-09-25 19:42:54.578] [SFX] {"sound": "civ_move_2", "volume": 0.26}
[2026-09-25 19:42:54.679] [SFX] {"sound": "threat_pulse", "volume": 0.36}
[2026-09-25 19:42:54.744] [SFX] {"sound": "civ_move_2", "volume": 0.28}
[2026-09-25 19:42:54.768] [SFX] {"sound": "guardian_move", "volume": 0.07}
[2026-09-25 19:42:54.794] [SFX] {"sound": "civ_move_1", "volume": 0.06}
[2026-09-25 19:42:54.893] [SFX] {"sound": "guardian_move", "volume": 0.22}
[2026-09-25 19:42:54.990] [SFX] {"sound": "civ_move_2", "volume": 0.26}
[2026-09-25 19:42:55.075] [M] {"button": 1, "pos": [201, 214], "ui_clicked": false}
[2026-09-25 19:42:55.083] [SFX] {"sound": "click_target", "volume": 0.65}
[2026-09-25 19:42:55.159] [SFX] {"sound": "civ_move_2", "volume": 0.26}
[2026-09-25 19:42:55.208] [SFX] {"sound": "civ_move_1", "volume": 0.05}
[2026-09-25 19:42:55.372] [SFX] {"sound": "player_move", "volume": 0.4}
[2026-09-25 19:42:55.373] [SFX] {"sound": "guardian_move", "volume": 0.04}
[2026-09-25 19:42:55.405] [SFX] {"sound": "civ_move_2", "volume": 0.29}
[2026-09-25 19:42:55.501] [SFX] {"sound": "guardian_move", "volume": 0.18}
[2026-09-25 19:42:55.567] [SFX] {"sound": "civ_move_2", "volume": 0.21}
[2026-09-25 19:42:55.589] [SFX] {"sound": "threat_pulse", "volume": 0.32}
[2026-09-25 19:42:55.615] [SFX] {"sound": "civ_move_1", "volume": 0.04}
[2026-09-25 19:42:55.813] [SFX] {"sound": "civ_move_2", "volume": 0.29}
[2026-09-25 19:42:55.975] [SFX] {"sound": "guardian_move", "volume": 0.05}
[2026-09-25 19:42:55.976] [SFX] {"sound": "civ_move_2", "volume": 0.2}
[2026-09-25 19:42:56.026] [SFX] {"sound": "civ_move_1", "volume": 0.05}
[2026-09-25 19:42:56.108] [SFX] {"sound": "guardian_move", "volume": 0.21}
[2026-09-25 19:42:56.224] [SFX] {"sound": "civ_move_2", "volume": 0.29}
[2026-09-25 19:42:56.246] [C] {"civ_pos": [157, 14]}
[2026-09-25 19:42:56.380] [SFX] {"sound": "civ_move_2", "volume": 0.19}
[2026-09-25 19:42:56.429] [SFX] {"sound": "civ_move_1", "volume": 0.06}
[2026-09-25 19:42:56.495] [M] {"button": 1, "pos": [381, 211], "ui_clicked": true}
[2026-09-25 19:42:56.583] [SFX] {"sound": "guardian_move", "volume": 0.08}
[2026-09-25 19:42:56.634] [SFX] {"sound": "civ_move_2", "volume": 0.29}
[2026-09-25 19:42:56.716] [SFX] {"sound": "guardian_move", "volume": 0.23}
[2026-09-25 19:42:56.782] [SFX] {"sound": "civ_move_2", "volume": 0.18}
[2026-09-25 19:42:56.782] [SFX] {"sound": "infiltrate 2", "volume": 0.5}
[2026-09-25 19:42:56.830] [SFX] {"sound": "civ_move_1", "volume": 0.08}
[2026-09-25 19:42:57.049] [SFX] {"sound": "civ_move_2", "volume": 0.29}
[2026-09-25 19:42:57.197] [SFX] {"sound": "guardian_move", "volume": 0.1}
[2026-09-25 19:42:57.198] [SFX] {"sound": "civ_move_2", "volume": 0.16}
[2026-09-25 19:42:57.199] [SFX] {"sound": "infiltrate 2", "volume": 0.5}
[2026-09-25 19:42:57.247] [SFX] {"sound": "civ_move_1", "volume": 0.09}
[2026-09-25 19:42:57.328] [SFX] {"sound": "guardian_move", "volume": 0.26}
[2026-09-25 19:42:57.462] [SFX] {"sound": "civ_move_2", "volume": 0.29}
[2026-09-25 19:42:57.611] [SFX] {"sound": "civ_move_2", "volume": 0.15}
[2026-09-25 19:42:57.612] [SFX] {"sound": "infiltrate 1", "volume": 0.5}
[2026-09-25 19:42:57.662] [SFX] {"sound": "civ_move_1", "volume": 0.1}
[2026-09-25 19:42:57.808] [SFX] {"sound": "guardian_move", "volume": 0.13}
[2026-09-25 19:42:57.874] [SFX] {"sound": "civ_move_2", "volume": 0.29}
[2026-09-25 19:42:57.940] [SFX] {"sound": "guardian_move", "volume": 0.28}
[2026-09-25 19:42:57.988] [M] {"button": 1, "pos": [392, 188], "ui_clicked": true}
[2026-09-25 19:42:58.028] [SFX] {"sound": "civ_move_2", "volume": 0.14}
[2026-09-25 19:42:58.028] [SFX] {"sound": "infiltrate 1", "volume": 0.5}
[2026-09-25 19:42:58.062] [SFX] {"sound": "civ_move_1", "volume": 0.11}
[2026-09-25 19:42:58.279] [SFX] {"sound": "civ_move_2", "volume": 0.29}
[2026-09-25 19:42:58.409] [SFX] {"sound": "guardian_move", "volume": 0.15}
[2026-09-25 19:42:58.442] [SFX] {"sound": "civ_move_2", "volume": 0.13}
[2026-09-25 19:42:58.443] [SFX] {"sound": "infiltrate 1", "volume": 0.5}
[2026-09-25 19:42:58.475] [SFX] {"sound": "civ_move_1", "volume": 0.13}
[2026-09-25 19:42:58.540] [SFX] {"sound": "guardian_move", "volume": 0.3}
[2026-09-25 19:42:58.688] [SFX] {"sound": "civ_move_2", "volume": 0.29}
[2026-09-25 19:42:58.753] [C] {"civ_pos": [157, 14]}
[2026-09-25 19:42:58.857] [SFX] {"sound": "civ_move_2", "volume": 0.11}
[2026-09-25 19:42:58.858] [SFX] {"sound": "infiltrate 2", "volume": 0.5}
[2026-09-25 19:42:58.890] [SFX] {"sound": "civ_move_1", "volume": 0.14}
[2026-09-25 19:42:59.023] [SFX] {"sound": "guardian_move", "volume": 0.18}
[2026-09-25 19:42:59.056] [SFX] {"sound": "threat_pulse", "volume": 0.35}
[2026-09-25 19:42:59.104] [SFX] {"sound": "civ_move_2", "volume": 0.29}
[2026-09-25 19:42:59.153] [SFX] {"sound": "guardian_move", "volume": 0.33}
[2026-09-25 19:42:59.268] [SFX] {"sound": "civ_move_2", "volume": 0.1}
[2026-09-25 19:42:59.269] [SFX] {"sound": "infiltrate 2", "volume": 0.5}
[2026-09-25 19:42:59.301] [SFX] {"sound": "civ_move_1", "volume": 0.15}
[2026-09-25 19:42:59.355] [JACK] Achtung! Guardians patrouillieren den Sektor. Wir müssen extrem vorsichtig sein!
[2026-09-25 19:42:59.514] [SFX] {"sound": "civ_move_2", "volume": 0.29}
[2026-09-25 19:42:59.514] [SFX] {"sound": "civ_move_1", "volume": 0.0}
[2026-09-25 19:42:59.536] [SFX] {"sound": "hack_success", "volume": 1.0}
[2026-09-25 19:42:59.627] [SFX] {"sound": "guardian_move", "volume": 0.2}
[2026-09-25 19:42:59.677] [SFX] {"sound": "civ_move_2", "volume": 0.09}
[2026-09-25 19:42:59.709] [SFX] {"sound": "civ_move_1", "volume": 0.16}
[2026-09-25 19:42:59.758] [SFX] {"sound": "guardian_move", "volume": 0.35}
[2026-09-25 19:42:59.921] [SFX] {"sound": "civ_move_2", "volume": 0.29}
[2026-09-25 19:42:59.922] [SFX] {"sound": "civ_move_1", "volume": 0.02}
[2026-09-25 19:42:59.972] [SFX] {"sound": "threat_pulse", "volume": 0.38}
[2026-09-25 19:43:00.086] [SFX] {"sound": "civ_move_2", "volume": 0.08}
[2026-09-25 19:43:00.119] [SFX] {"sound": "civ_move_1", "volume": 0.16}
[2026-09-25 19:43:00.234] [SFX] {"sound": "guardian_move", "volume": 0.23}
[2026-09-25 19:43:00.332] [SFX] {"sound": "civ_move_2", "volume": 0.29}
[2026-09-25 19:43:00.354] [SFX] {"sound": "civ_move_1", "volume": 0.03}
[2026-09-25 19:43:00.371] [SFX] {"sound": "guardian_move", "volume": 0.38}
[2026-09-25 19:43:00.497] [SFX] {"sound": "civ_move_2", "volume": 0.06}
[2026-09-25 19:43:00.547] [SFX] {"sound": "civ_move_1", "volume": 0.16}
[2026-09-25 19:43:00.744] [SFX] {"sound": "civ_move_2", "volume": 0.29}
[2026-09-25 19:43:00.766] [SFX] {"sound": "civ_move_1", "volume": 0.04}
[2026-09-25 19:43:00.785] [SFX] {"sound": "threat_pulse", "volume": 0.42}
[2026-09-25 19:43:00.844] [SFX] {"sound": "guardian_move", "volume": 0.25}
[2026-09-25 19:43:00.909] [SFX] {"sound": "civ_move_2", "volume": 0.05}
[2026-09-25 19:43:00.957] [SFX] {"sound": "civ_move_1", "volume": 0.17}
[2026-09-25 19:43:00.978] [SFX] {"sound": "guardian_move", "volume": 0.4}
[2026-09-25 19:43:01.158] [SFX] {"sound": "civ_move_2", "volume": 0.29}
[2026-09-25 19:43:01.182] [SFX] {"sound": "civ_move_1", "volume": 0.05}
[2026-09-25 19:43:01.256] [C] {"civ_pos": [157, 14]}
[2026-09-25 19:43:01.310] [SFX] {"sound": "civ_move_2", "volume": 0.04}
[2026-09-25 19:43:01.362] [SFX] {"sound": "civ_move_1", "volume": 0.18}
[2026-09-25 19:43:01.383] [SFX] {"sound": "guardian_move", "volume": 0.27}
[2026-09-25 19:43:01.411] [M] {"button": 1, "pos": [215, 186], "ui_clicked": false}
[2026-09-25 19:43:01.419] [P] {"start": [155, 14], "goal": [149, 14], "length": 1, "is_direction_change": false}
[2026-09-25 19:43:01.420] [SFX] {"sound": "click_target", "volume": 0.67}
[2026-09-25 19:43:01.450] [SFX] {"sound": "guardian_move", "volume": 0.27}
[2026-09-25 19:43:01.566] [SFX] {"sound": "civ_move_2", "volume": 0.27}
[2026-09-25 19:43:01.588] [SFX] {"sound": "civ_move_1", "volume": 0.09}
[2026-09-25 19:43:01.589] [SFX] {"sound": "threat_pulse", "volume": 0.44}
[2026-09-25 19:43:01.698] [SFX] {"sound": "player_move", "volume": 0.4}
[2026-09-25 19:43:01.764] [SFX] {"sound": "civ_move_1", "volume": 0.14}
[2026-09-25 19:43:01.928] [M] {"button": 1, "pos": [215, 186], "ui_clicked": false}
[2026-09-25 19:43:01.935] [P] {"start": [149, 14], "goal": [143, 14], "length": 1, "is_direction_change": false}
[2026-09-25 19:43:01.935] [SFX] {"sound": "click_target", "volume": 0.7}
[2026-09-25 19:43:01.957] [JACK] Diese Bedrohung ist greifbar... Die Wachen dürfen unser Signal nicht isolieren.
[2026-09-25 19:43:01.974] [SFX] {"sound": "civ_move_2", "volume": 0.23}
[2026-09-25 19:43:01.991] [SFX] {"sound": "guardian_move", "volume": 0.38}
[2026-09-25 19:43:01.991] [SFX] {"sound": "civ_move_1", "volume": 0.13}
[2026-09-25 19:43:02.066] [SFX] {"sound": "guardian_move", "volume": 0.2}
[2026-09-25 19:43:02.166] [SFX] {"sound": "civ_move_1", "volume": 0.12}
[2026-09-25 19:43:02.197] [SFX] {"sound": "player_move", "volume": 0.4}
[2026-09-25 19:43:02.296] [SFX] {"sound": "threat_pulse", "volume": 0.47}
[2026-09-25 19:43:02.378] [SFX] {"sound": "civ_move_2", "volume": 0.19}
[2026-09-25 19:43:02.400] [SFX] {"sound": "civ_move_1", "volume": 0.18}
[2026-09-25 19:43:02.443] [M] {"button": 1, "pos": [215, 186], "ui_clicked": false}
[2026-09-25 19:43:02.450] [P] {"start": [143, 14], "goal": [137, 14], "length": 1, "is_direction_change": false}
[2026-09-25 19:43:02.451] [SFX] {"sound": "click_target", "volume": 0.69}
[2026-09-25 19:43:02.473] [JACK] Verdammt, die Sentinels kreisen um uns... Ich habe echte Angst, ertappt zu werden!
[2026-09-25 19:43:02.580] [SFX] {"sound": "civ_move_1", "volume": 0.1}
[2026-09-25 19:43:02.603] [SFX] {"sound": "guardian_move", "volume": 0.33}
[2026-09-25 19:43:02.680] [SFX] {"sound": "guardian_move", "volume": 0.15}
[2026-09-25 19:43:02.732] [SFX] {"sound": "player_move", "volume": 0.4}
[2026-09-25 19:43:02.780] [SFX] {"sound": "civ_move_2", "volume": 0.15}
[2026-09-25 19:43:02.805] [SFX] {"sound": "civ_move_1", "volume": 0.24}
[2026-09-25 19:43:02.899] [SFX] {"sound": "threat_pulse", "volume": 0.44}
[2026-09-25 19:43:02.980] [SFX] {"sound": "civ_move_1", "volume": 0.09}
[2026-09-25 19:43:03.195] [SFX] {"sound": "civ_move_2", "volume": 0.15}
[2026-09-25 19:43:03.218] [SFX] {"sound": "civ_move_1", "volume": 0.25}
[2026-09-25 19:43:03.235] [SFX] {"sound": "guardian_move", "volume": 0.32}
[2026-09-25 19:43:03.297] [SFX] {"sound": "guardian_move", "volume": 0.16}
[2026-09-25 19:43:03.394] [SFX] {"sound": "civ_move_1", "volume": 0.1}
[2026-09-25 19:43:03.612] [SFX] {"sound": "civ_move_2", "volume": 0.15}
[2026-09-25 19:43:03.612] [SFX] {"sound": "threat_pulse", "volume": 0.4}
[2026-09-25 19:43:03.634] [SFX] {"sound": "civ_move_1", "volume": 0.27}
[2026-09-25 19:43:03.809] [SFX] {"sound": "civ_move_1", "volume": 0.12}
[2026-09-25 19:43:03.843] [SFX] {"sound": "guardian_move", "volume": 0.35}
[2026-09-25 19:43:03.911] [SFX] {"sound": "guardian_move", "volume": 0.19}
[2026-09-25 19:43:04.024] [SFX] {"sound": "civ_move_2", "volume": 0.15}
[2026-09-25 19:43:04.046] [SFX] {"sound": "civ_move_1", "volume": 0.28}
[2026-09-25 19:43:04.223] [SFX] {"sound": "civ_move_1", "volume": 0.13}
[2026-09-25 19:43:04.258] [C] {"civ_pos": [135, 14]}
[2026-09-25 19:43:04.410] [M] {"button": 1, "pos": [303, 126], "ui_clicked": false}
[2026-09-25 19:43:04.428] [SFX] {"sound": "civ_move_2", "volume": 0.15}
[2026-09-25 19:43:04.429] [SFX] {"sound": "threat_pulse", "volume": 0.38}
[2026-09-25 19:43:04.451] [SFX] {"sound": "guardian_move", "volume": 0.37}
[2026-09-25 19:43:04.452] [SFX] {"sound": "civ_move_1", "volume": 0.29}
[2026-09-25 19:43:04.515] [SFX] {"sound": "guardian_move", "volume": 0.21}
[2026-09-25 19:43:04.629] [SFX] {"sound": "civ_move_1", "volume": 0.14}
[2026-09-25 19:43:04.745] [M] {"button": 1, "pos": [310, 126], "ui_clicked": false}
[2026-09-25 19:43:04.753] [P] {"start": [137, 14], "goal": [136, 10], "length": 4, "is_direction_change": false}
[2026-09-25 19:43:04.754] [SFX] {"sound": "click_target", "volume": 0.92}
[2026-09-25 19:43:04.838] [SFX] {"sound": "civ_move_2", "volume": 0.13}
[2026-09-25 19:43:04.861] [SFX] {"sound": "civ_move_1", "volume": 0.23}
[2026-09-25 19:43:05.036] [SFX] {"sound": "civ_move_1", "volume": 0.11}
[2026-09-25 19:43:05.059] [SFX] {"sound": "player_move", "volume": 0.4}
[2026-09-25 19:43:05.059] [SFX] {"sound": "guardian_move", "volume": 0.3}
[2026-09-25 19:43:05.151] [SFX] {"sound": "guardian_move", "volume": 0.18}
[2026-09-25 19:43:05.233] [SFX] {"sound": "threat_pulse", "volume": 0.41}
[2026-09-25 19:43:05.256] [SFX] {"sound": "civ_move_2", "volume": 0.11}
[2026-09-25 19:43:05.273] [SFX] {"sound": "civ_move_1", "volume": 0.22}
[2026-09-25 19:43:05.437] [SFX] {"sound": "civ_move_1", "volume": 0.12}
[2026-09-25 19:43:05.651] [SFX] {"sound": "guardian_move", "volume": 0.3}
[2026-09-25 19:43:05.652] [SFX] {"sound": "civ_move_2", "volume": 0.11}
[2026-09-25 19:43:05.675] [SFX] {"sound": "civ_move_1", "volume": 0.23}
[2026-09-25 19:43:05.751] [SFX] {"sound": "guardian_move", "volume": 0.19}
[2026-09-25 19:43:05.848] [SFX] {"sound": "civ_move_1", "volume": 0.13}
[2026-09-25 19:43:06.035] [SFX] {"sound": "threat_pulse", "volume": 0.44}
[2026-09-25 19:43:06.067] [SFX] {"sound": "civ_move_2", "volume": 0.11}
[2026-09-25 19:43:06.068] [SFX] {"sound": "civ_move_1", "volume": 0.23}
[2026-09-25 19:43:06.168] [M] {"button": 1, "pos": [246, 193], "ui_clicked": false}
[2026-09-25 19:43:06.176] [P] {"start": [136, 10], "goal": [131, 10], "length": 4, "is_direction_change": false}
[2026-09-25 19:43:06.176] [SFX] {"sound": "click_target", "volume": 0.71}
[2026-09-25 19:43:06.258] [SFX] {"sound": "guardian_move", "volume": 0.3}
[2026-09-25 19:43:06.259] [SFX] {"sound": "civ_move_1", "volume": 0.14}
[2026-09-25 19:43:06.357] [SFX] {"sound": "guardian_move", "volume": 0.2}
[2026-09-25 19:43:06.409] [SFX] {"sound": "player_move", "volume": 0.4}
[2026-09-25 19:43:06.476] [SFX] {"sound": "civ_move_2", "volume": 0.1}
[2026-09-25 19:43:06.476] [SFX] {"sound": "civ_move_1", "volume": 0.23}
[2026-09-25 19:43:06.661] [SFX] {"sound": "civ_move_1", "volume": 0.12}
[2026-09-25 19:43:06.744] [M] {"button": 1, "pos": [246, 193], "ui_clicked": false}
[2026-09-25 19:43:06.750] [SFX] {"sound": "threat_pulse", "volume": 0.46}
[2026-09-25 19:43:06.860] [SFX] {"sound": "guardian_move", "volume": 0.35}
[2026-09-25 19:43:06.884] [SFX] {"sound": "civ_move_2", "volume": 0.08}
[2026-09-25 19:43:06.885] [SFX] {"sound": "civ_move_1", "volume": 0.26}
[2026-09-25 19:43:06.962] [SFX] {"sound": "guardian_move", "volume": 0.19}
[2026-09-25 19:43:07.077] [SFX] {"sound": "civ_move_1", "volume": 0.13}
[2026-09-25 19:43:07.126] [SFX] {"sound": "guardian_move", "volume": 0.01}
[2026-09-25 19:43:07.291] [SFX] {"sound": "civ_move_2", "volume": 0.08}
[2026-09-25 19:43:07.291] [SFX] {"sound": "civ_move_1", "volume": 0.27}
[2026-09-25 19:43:07.340] [M] {"button": 1, "pos": [257, 221], "ui_clicked": false}
[2026-09-25 19:43:07.348] [P] {"start": [131, 10], "goal": [127, 12], "length": 3, "is_direction_change": false}
[2026-09-25 19:43:07.349] [SFX] {"sound": "click_target", "volume": 0.71}
[2026-09-25 19:43:07.370] [JACK] Überall Wacheinheiten... Ihr bedrohliches Summen brennt sich ins Deck.
[2026-09-25 19:43:07.371] [SFX] {"sound": "threat_pulse", "volume": 0.43}
[2026-09-25 19:43:07.431] [SFX] {"sound": "player_move", "volume": 0.4}
[2026-09-25 19:43:07.465] [SFX] {"sound": "guardian_move", "volume": 0.35}
[2026-09-25 19:43:07.486] [SFX] {"sound": "civ_move_1", "volume": 0.14}
[2026-09-25 19:43:07.562] [SFX] {"sound": "guardian_move", "volume": 0.2}
[2026-09-25 19:43:07.695] [SFX] {"sound": "civ_move_2", "volume": 0.06}
[2026-09-25 19:43:07.696] [SFX] {"sound": "civ_move_1", "volume": 0.24}
[2026-09-25 19:43:07.728] [SFX] {"sound": "guardian_move", "volume": 0.08}
[2026-09-25 19:43:07.894] [SFX] {"sound": "civ_move_1", "volume": 0.13}
[2026-09-25 19:43:08.074] [SFX] {"sound": "threat_pulse", "volume": 0.39}
[2026-09-25 19:43:08.107] [SFX] {"sound": "civ_move_2", "volume": 0.06}
[2026-09-25 19:43:08.108] [SFX] {"sound": "civ_move_1", "volume": 0.25}
[2026-09-25 19:43:08.173] [SFX] {"sound": "guardian_move", "volume": 0.2}
[2026-09-25 19:43:08.304] [SFX] {"sound": "civ_move_1", "volume": 0.14}
[2026-09-25 19:43:08.337] [SFX] {"sound": "guardian_move", "volume": 0.1}
[2026-09-25 19:43:08.518] [SFX] {"sound": "civ_move_2", "volume": 0.06}
[2026-09-25 19:43:08.519] [SFX] {"sound": "civ_move_1", "volume": 0.26}
[2026-09-25 19:43:08.552] [M] {"button": 1, "pos": [234, 189], "ui_clicked": false}
[2026-09-25 19:43:08.559] [P] {"start": [127, 12], "goal": [121, 12], "length": 1, "is_direction_change": false}
[2026-09-25 19:43:08.560] [SFX] {"sound": "click_target", "volume": 0.7}
[2026-09-25 19:43:08.582] [JACK] Diese Bedrohung ist greifbar... Die Wachen dürfen unser Signal nicht isolieren.
[2026-09-25 19:43:08.625] [SFX] {"sound": "player_move", "volume": 0.4}
[2026-09-25 19:43:08.707] [SFX] {"sound": "civ_move_1", "volume": 0.13}
[2026-09-25 19:43:08.788] [SFX] {"sound": "guardian_move", "volume": 0.19}
[2026-09-25 19:43:08.884] [SFX] {"sound": "threat_pulse", "volume": 0.35}
[2026-09-25 19:43:08.933] [SFX] {"sound": "civ_move_2", "volume": 0.02}
[2026-09-25 19:43:08.934] [SFX] {"sound": "civ_move_1", "volume": 0.23}
[2026-09-25 19:43:08.957] [SFX] {"sound": "guardian_move", "volume": 0.19}
[2026-09-25 19:43:09.117] [SFX] {"sound": "civ_move_1", "volume": 0.12}
[2026-09-25 19:43:09.133] [M] {"button": 1, "pos": [234, 190], "ui_clicked": false}
[2026-09-25 19:43:09.140] [P] {"start": [121, 12], "goal": [116, 12], "length": 1, "is_direction_change": false}
[2026-09-25 19:43:09.141] [SFX] {"sound": "click_target", "volume": 0.71}
[2026-09-25 19:43:09.205] [SFX] {"sound": "player_move", "volume": 0.4}
[2026-09-25 19:43:09.337] [SFX] {"sound": "civ_move_1", "volume": 0.2}
[2026-09-25 19:43:09.402] [SFX] {"sound": "guardian_move", "volume": 0.14}
[2026-09-25 19:43:09.517] [SFX] {"sound": "civ_move_1", "volume": 0.1}
[2026-09-25 19:43:09.567] [SFX] {"sound": "guardian_move", "volume": 0.26}
[2026-09-25 19:43:09.751] [SFX] {"sound": "civ_move_1", "volume": 0.2}
[2026-09-25 19:43:09.785] [SFX] {"sound": "threat_pulse", "volume": 0.31}
[2026-09-25 19:43:09.918] [SFX] {"sound": "civ_move_1", "volume": 0.11}
[2026-09-25 19:43:10.017] [SFX] {"sound": "guardian_move", "volume": 0.2}
[2026-09-25 19:43:10.165] [SFX] {"sound": "civ_move_1", "volume": 0.21}
[2026-09-25 19:43:10.187] [SFX] {"sound": "guardian_move", "volume": 0.29}
[2026-09-25 19:43:10.331] [SFX] {"sound": "civ_move_1", "volume": 0.12}
[2026-09-25 19:43:10.565] [SFX] {"sound": "civ_move_1", "volume": 0.22}
[2026-09-25 19:43:10.617] [SFX] {"sound": "guardian_move", "volume": 0.2}
[2026-09-25 19:43:10.733] [SFX] {"sound": "civ_move_1", "volume": 0.13}
[2026-09-25 19:43:10.749] [M] {"button": 1, "pos": [270, 219], "ui_clicked": false}
[2026-09-25 19:43:10.757] [P] {"start": [116, 12], "goal": [112, 14], "length": 9, "is_direction_change": false}
[2026-09-25 19:43:10.758] [SFX] {"sound": "click_target", "volume": 0.72}
[2026-09-25 19:43:10.787] [SFX] {"sound": "guardian_move", "volume": 0.3}
[2026-09-25 19:43:10.887] [SFX] {"sound": "player_move", "volume": 0.4}
[2026-09-25 19:43:10.970] [SFX] {"sound": "civ_move_2", "volume": 0.02}
[2026-09-25 19:43:10.971] [SFX] {"sound": "civ_move_1", "volume": 0.27}
[2026-09-25 19:43:11.069] [C] {"civ_pos": [124, 12]}
[2026-09-25 19:43:11.139] [SFX] {"sound": "civ_move_1", "volume": 0.19}
[2026-09-25 19:43:11.188] [SFX] {"sound": "player_move", "volume": 0.4}
[2026-09-25 19:43:11.222] [SFX] {"sound": "guardian_move", "volume": 0.29}
[2026-09-25 19:43:11.371] [SFX] {"sound": "civ_move_2", "volume": 0.07}
[2026-09-25 19:43:11.371] [SFX] {"sound": "civ_move_1", "volume": 0.26}
[2026-09-25 19:43:11.395] [SFX] {"sound": "guardian_move", "volume": 0.21}
[2026-09-25 19:43:11.489] [SFX] {"sound": "player_move", "volume": 0.4}
[2026-09-25 19:43:11.553] [SFX] {"sound": "civ_move_1", "volume": 0.22}
[2026-09-25 19:43:11.786] [SFX] {"sound": "civ_move_2", "volume": 0.1}
[2026-09-25 19:43:11.787] [SFX] {"sound": "civ_move_1", "volume": 0.16}
[2026-09-25 19:43:11.809] [SFX] {"sound": "player_move", "volume": 0.4}
[2026-09-25 19:43:11.837] [SFX] {"sound": "guardian_move", "volume": 0.4}
[2026-09-25 19:43:11.969] [SFX] {"sound": "civ_move_1", "volume": 0.19}
[2026-09-25 19:43:12.002] [SFX] {"sound": "guardian_move", "volume": 0.13}
[2026-09-25 19:43:12.117] [SFX] {"sound": "player_move", "volume": 0.4}
[2026-09-25 19:43:12.198] [SFX] {"sound": "civ_move_2", "volume": 0.11}
[2026-09-25 19:43:12.199] [SFX] {"sound": "civ_move_2", "volume": 0.02}
[2026-09-25 19:43:12.199] [SFX] {"sound": "civ_move_1", "volume": 0.14}
[2026-09-25 19:43:12.378] [SFX] {"sound": "civ_move_1", "volume": 0.18}
[2026-09-25 19:43:12.379] [SFX] {"sound": "threat_pulse", "volume": 0.33}
[2026-09-25 19:43:12.428] [SFX] {"sound": "player_move", "volume": 0.4}
[2026-09-25 19:43:12.461] [SFX] {"sound": "guardian_move", "volume": 0.34}
[2026-09-25 19:43:12.609] [SFX] {"sound": "guardian_move", "volume": 0.19}
[2026-09-25 19:43:12.610] [SFX] {"sound": "civ_move_2", "volume": 0.13}
[2026-09-25 19:43:12.611] [SFX] {"sound": "civ_move_2", "volume": 0.03}
[2026-09-25 19:43:12.611] [SFX] {"sound": "civ_move_1", "volume": 0.17}
[2026-09-25 19:43:12.741] [SFX] {"sound": "player_move", "volume": 0.4}
[2026-09-25 19:43:12.790] [SFX] {"sound": "civ_move_1", "volume": 0.26}
[2026-09-25 19:43:13.017] [SFX] {"sound": "civ_move_2", "volume": 0.07}
[2026-09-25 19:43:13.018] [SFX] {"sound": "civ_move_1", "volume": 0.22}
[2026-09-25 19:43:13.050] [SFX] {"sound": "player_move", "volume": 0.4}
[2026-09-25 19:43:13.082] [SFX] {"sound": "guardian_move", "volume": 0.29}
[2026-09-25 19:43:13.195] [SFX] {"sound": "civ_move_1", "volume": 0.29}
[2026-09-25 19:43:13.219] [SFX] {"sound": "guardian_move", "volume": 0.33}
[2026-09-25 19:43:13.361] [SFX] {"sound": "player_move", "volume": 0.4}
[2026-09-25 19:43:13.427] [SFX] {"sound": "civ_move_2", "volume": 0.01}
[2026-09-25 19:43:13.428] [SFX] {"sound": "civ_move_1", "volume": 0.27}
[2026-09-25 19:43:13.610] [SFX] {"sound": "civ_move_1", "volume": 0.24}
[2026-09-25 19:43:13.644] [SFX] {"sound": "threat_pulse", "volume": 0.31}
[2026-09-25 19:43:13.668] [SFX] {"sound": "player_move", "volume": 0.4}
[2026-09-25 19:43:13.701] [SFX] {"sound": "guardian_move", "volume": 0.16}
[2026-09-25 19:43:13.702] [C] {"civ_pos": [113, 12]}
[2026-09-25 19:43:13.823] [SFX] {"sound": "guardian_move", "volume": 0.32}
[2026-09-25 19:43:13.848] [SFX] {"sound": "civ_move_1", "volume": 0.28}
[2026-09-25 19:43:14.023] [SFX] {"sound": "civ_move_1", "volume": 0.23}
[2026-09-25 19:43:14.255] [SFX] {"sound": "civ_move_1", "volume": 0.28}
[2026-09-25 19:43:14.303] [SFX] {"sound": "guardian_move", "volume": 0.14}
[2026-09-25 19:43:14.386] [M] {"button": 1, "pos": [188, 188], "ui_clicked": false}
[2026-09-25 19:43:14.394] [P] {"start": [112, 14], "goal": [104, 14], "length": 1, "is_direction_change": false}
[2026-09-25 19:43:14.395] [SFX] {"sound": "click_target", "volume": 0.64}
[2026-09-25 19:43:14.425] [SFX] {"sound": "guardian_move", "volume": 0.29}
[2026-09-25 19:43:14.426] [SFX] {"sound": "civ_move_1", "volume": 0.24}
[2026-09-25 19:43:14.606] [SFX] {"sound": "player_move", "volume": 0.4}
[2026-09-25 19:43:14.656] [SFX] {"sound": "civ_move_1", "volume": 0.27}
[2026-09-25 19:43:14.739] [SFX] {"sound": "civ_move_1", "volume": 0.04}
[2026-09-25 19:43:14.839] [SFX] {"sound": "civ_move_1", "volume": 0.2}
[2026-09-25 19:43:14.906] [SFX] {"sound": "guardian_move", "volume": 0.05}
[2026-09-25 19:43:14.955] [M] {"button": 1, "pos": [188, 188], "ui_clicked": false}
[2026-09-25 19:43:14.963] [P] {"start": [104, 14], "goal": [97, 14], "length": 1, "is_direction_change": false}
[2026-09-25 19:43:14.964] [SFX] {"sound": "click_target", "volume": 0.67}
[2026-09-25 19:43:14.985] [JACK] Kurzer Blick um die Ecke...
[2026-09-25 19:43:15.029] [SFX] {"sound": "guardian_move", "volume": 0.18}
[2026-09-25 19:43:15.063] [SFX] {"sound": "civ_move_1", "volume": 0.25}
[2026-09-25 19:43:15.096] [SFX] {"sound": "player_move", "volume": 0.4}
[2026-09-25 19:43:15.144] [SFX] {"sound": "civ_move_1", "volume": 0.07}
[2026-09-25 19:43:15.243] [SFX] {"sound": "civ_move_1", "volume": 0.17}
[2026-09-25 19:43:15.474] [SFX] {"sound": "civ_move_1", "volume": 0.23}
[2026-09-25 19:43:15.509] [M] {"button": 1, "pos": [188, 188], "ui_clicked": false}
[2026-09-25 19:43:15.517] [P] {"start": [97, 14], "goal": [90, 14], "length": 1, "is_direction_change": false}
[2026-09-25 19:43:15.518] [SFX] {"sound": "click_target", "volume": 0.66}
[2026-09-25 19:43:15.551] [SFX] {"sound": "civ_move_1", "volume": 0.1}
[2026-09-25 19:43:15.619] [SFX] {"sound": "player_move", "volume": 0.4}
[2026-09-25 19:43:15.641] [SFX] {"sound": "guardian_move", "volume": 0.08}
[2026-09-25 19:43:15.659] [SFX] {"sound": "civ_move_1", "volume": 0.15}
[2026-09-25 19:43:15.883] [SFX] {"sound": "civ_move_1", "volume": 0.19}
[2026-09-25 19:43:15.952] [SFX] {"sound": "civ_move_1", "volume": 0.14}
[2026-09-25 19:43:16.050] [M] {"button": 1, "pos": [188, 188], "ui_clicked": false}
[2026-09-25 19:43:16.058] [P] {"start": [90, 14], "goal": [83, 14], "length": 1, "is_direction_change": false}
[2026-09-25 19:43:16.058] [SFX] {"sound": "click_target", "volume": 0.66}
[2026-09-25 19:43:16.082] [SFX] {"sound": "civ_move_1", "volume": 0.13}
[2026-09-25 19:43:16.124] [SFX] {"sound": "player_move", "volume": 0.4}
[2026-09-25 19:43:16.147] [SFX] {"sound": "civ_move_1", "volume": 0.03}
[2026-09-25 19:43:16.289] [SFX] {"sound": "civ_move_1", "volume": 0.16}
[2026-09-25 19:43:16.354] [SFX] {"sound": "civ_move_1", "volume": 0.17}
[2026-09-25 19:43:16.485] [SFX] {"sound": "civ_move_1", "volume": 0.09}
[2026-09-25 19:43:16.502] [M] {"button": 1, "pos": [188, 188], "ui_clicked": false}
[2026-09-25 19:43:16.510] [P] {"start": [83, 14], "goal": [76, 14], "length": 1, "is_direction_change": false}
[2026-09-25 19:43:16.511] [SFX] {"sound": "click_target", "volume": 0.68}
[2026-09-25 19:43:16.543] [SFX] {"sound": "player_move", "volume": 0.4}
[2026-09-25 19:43:16.544] [SFX] {"sound": "civ_move_1", "volume": 0.07}
[2026-09-25 19:43:16.692] [SFX] {"sound": "civ_move_1", "volume": 0.13}
[2026-09-25 19:43:16.759] [SFX] {"sound": "civ_move_1", "volume": 0.21}
[2026-09-25 19:43:16.891] [SFX] {"sound": "civ_move_1", "volume": 0.05}
[2026-09-25 19:43:16.924] [M] {"button": 1, "pos": [188, 188], "ui_clicked": false}
[2026-09-25 19:43:16.959] [SFX] {"sound": "civ_move_1", "volume": 0.13}
[2026-09-25 19:43:17.107] [SFX] {"sound": "civ_move_1", "volume": 0.12}
[2026-09-25 19:43:17.170] [SFX] {"sound": "civ_move_1", "volume": 0.22}
[2026-09-25 19:43:17.304] [SFX] {"sound": "civ_move_1", "volume": 0.06}
[2026-09-25 19:43:17.369] [SFX] {"sound": "civ_move_1", "volume": 0.14}
[2026-09-25 19:43:17.402] [C] {"civ_pos": [74, 14]}
[2026-09-25 19:43:17.522] [SFX] {"sound": "civ_move_1", "volume": 0.13}
[2026-09-25 19:43:17.571] [SFX] {"sound": "civ_move_1", "volume": 0.23}
[2026-09-25 19:43:17.719] [SFX] {"sound": "civ_move_1", "volume": 0.07}
[2026-09-25 19:43:17.770] [SFX] {"sound": "civ_move_1", "volume": 0.16}
[2026-09-25 19:43:17.937] [SFX] {"sound": "civ_move_1", "volume": 0.15}
[2026-09-25 19:43:17.986] [SFX] {"sound": "civ_move_1", "volume": 0.28}
[2026-09-25 19:43:18.053] [M] {"button": 1, "pos": [335, 262], "ui_clicked": false}
[2026-09-25 19:43:18.062] [P] {"start": [76, 14], "goal": [76, 18], "length": 1, "is_direction_change": false}
[2026-09-25 19:43:18.063] [SFX] {"sound": "click_target", "volume": 0.7}
[2026-09-25 19:43:18.084] [SFX] {"sound": "player_move", "volume": 0.4}
[2026-09-25 19:43:18.127] [SFX] {"sound": "civ_move_1", "volume": 0.09}
[2026-09-25 19:43:18.178] [SFX] {"sound": "civ_move_1", "volume": 0.17}
[2026-09-25 19:43:18.343] [SFX] {"sound": "civ_move_1", "volume": 0.15}
[2026-09-25 19:43:18.394] [SFX] {"sound": "civ_move_1", "volume": 0.25}
[2026-09-25 19:43:18.541] [SFX] {"sound": "civ_move_1", "volume": 0.1}
[2026-09-25 19:43:18.591] [SFX] {"sound": "civ_move_1", "volume": 0.17}
[2026-09-25 19:43:18.625] [M] {"button": 1, "pos": [334, 262], "ui_clicked": false}
[2026-09-25 19:43:18.633] [P] {"start": [76, 18], "goal": [76, 22], "length": 1, "is_direction_change": false}
[2026-09-25 19:43:18.634] [SFX] {"sound": "click_target", "volume": 0.71}
[2026-09-25 19:43:18.748] [SFX] {"sound": "civ_move_1", "volume": 0.16}
[2026-09-25 19:43:18.771] [SFX] {"sound": "player_move", "volume": 0.4}
[2026-09-25 19:43:18.798] [SFX] {"sound": "civ_move_1", "volume": 0.22}
[2026-09-25 19:43:18.830] [SFX] {"sound": "civ_move_2", "volume": 0.01}
[2026-09-25 19:43:18.946] [SFX] {"sound": "civ_move_1", "volume": 0.1}
[2026-09-25 19:43:18.995] [SFX] {"sound": "civ_move_1", "volume": 0.17}
[2026-09-25 19:43:19.128] [M] {"button": 1, "pos": [334, 262], "ui_clicked": false}
[2026-09-25 19:43:19.135] [P] {"start": [76, 22], "goal": [76, 26], "length": 1, "is_direction_change": false}
[2026-09-25 19:43:19.135] [SFX] {"sound": "click_target", "volume": 0.71}
[2026-09-25 19:43:19.167] [SFX] {"sound": "civ_move_1", "volume": 0.16}
[2026-09-25 19:43:19.201] [SFX] {"sound": "civ_move_1", "volume": 0.2}
[2026-09-25 19:43:19.235] [SFX] {"sound": "civ_move_2", "volume": 0.03}
[2026-09-25 19:43:19.349] [SFX] {"sound": "civ_move_1", "volume": 0.1}
[2026-09-25 19:43:19.398] [SFX] {"sound": "civ_move_1", "volume": 0.16}
[2026-09-25 19:43:19.568] [SFX] {"sound": "civ_move_1", "volume": 0.15}
[2026-09-25 19:43:19.602] [SFX] {"sound": "civ_move_1", "volume": 0.18}
[2026-09-25 19:43:19.619] [M] {"button": 1, "pos": [334, 262], "ui_clicked": false}
[2026-09-25 19:43:19.627] [P] {"start": [76, 26], "goal": [76, 30], "length": 1, "is_direction_change": false}
[2026-09-25 19:43:19.628] [SFX] {"sound": "click_target", "volume": 0.71}
[2026-09-25 19:43:19.650] [SFX] {"sound": "civ_move_2", "volume": 0.05}
[2026-09-25 19:43:19.694] [SFX] {"sound": "player_move", "volume": 0.4}
[2026-09-25 19:43:19.761] [SFX] {"sound": "civ_move_1", "volume": 0.1}
[2026-09-25 19:43:19.808] [SFX] {"sound": "civ_move_1", "volume": 0.14}
[2026-09-25 19:43:20.008] [SFX] {"sound": "civ_move_1", "volume": 0.15}
[2026-09-25 19:43:20.041] [SFX] {"sound": "civ_move_2", "volume": 0.06}
[2026-09-25 19:43:20.174] [SFX] {"sound": "civ_move_1", "volume": 0.11}
[2026-09-25 19:43:20.191] [M] {"button": 1, "pos": [334, 262], "ui_clicked": false}
[2026-09-25 19:43:20.198] [P] {"start": [76, 30], "goal": [76, 34], "length": 1, "is_direction_change": false}
[2026-09-25 19:43:20.199] [SFX] {"sound": "click_target", "volume": 0.71}
[2026-09-25 19:43:20.222] [SFX] {"sound": "civ_move_1", "volume": 0.15}
[2026-09-25 19:43:20.384] [SFX] {"sound": "player_move", "volume": 0.4}
[2026-09-25 19:43:20.385] [SFX] {"sound": "civ_move_1", "volume": 0.12}
[2026-09-25 19:43:20.450] [SFX] {"sound": "civ_move_2", "volume": 0.08}
[2026-09-25 19:43:20.582] [SFX] {"sound": "civ_move_1", "volume": 0.1}
[2026-09-25 19:43:20.615] [SFX] {"sound": "civ_move_1", "volume": 0.13}
[2026-09-25 19:43:20.731] [M] {"button": 1, "pos": [334, 262], "ui_clicked": false}
[2026-09-25 19:43:20.740] [P] {"start": [76, 34], "goal": [76, 38], "length": 1, "is_direction_change": false}
[2026-09-25 19:43:20.740] [SFX] {"sound": "click_target", "volume": 0.71}
[2026-09-25 19:43:20.792] [SFX] {"sound": "civ_move_1", "volume": 0.11}
[2026-09-25 19:43:20.825] [SFX] {"sound": "civ_move_1", "volume": 0.1}
[2026-09-25 19:43:20.856] [SFX] {"sound": "civ_move_2", "volume": 0.09}
[2026-09-25 19:43:20.990] [SFX] {"sound": "civ_move_1", "volume": 0.08}
[2026-09-25 19:43:21.023] [SFX] {"sound": "civ_move_1", "volume": 0.1}
[2026-09-25 19:43:21.235] [M] {"button": 1, "pos": [335, 271], "ui_clicked": false}
[2026-09-25 19:43:21.242] [SFX] {"sound": "civ_move_1", "volume": 0.08}
[2026-09-25 19:43:21.243] [P] {"start": [76, 38], "goal": [76, 42], "length": 1, "is_direction_change": false}
[2026-09-25 19:43:21.244] [SFX] {"sound": "click_target", "volume": 0.7}
[2026-09-25 19:43:21.266] [JACK] Vorsichtig vorantasten...
[2026-09-25 19:43:21.283] [SFX] {"sound": "civ_move_2", "volume": 0.09}
[2026-09-25 19:43:21.344] [SFX] {"sound": "player_move", "volume": 0.4}
[2026-09-25 19:43:21.396] [SFX] {"sound": "civ_move_1", "volume": 0.07}
[2026-09-25 19:43:21.645] [SFX] {"sound": "civ_move_1", "volume": 0.04}
[2026-09-25 19:43:21.679] [SFX] {"sound": "civ_move_2", "volume": 0.12}
[2026-09-25 19:43:21.695] [M] {"button": 1, "pos": [337, 292], "ui_clicked": false}
[2026-09-25 19:43:21.797] [SFX] {"sound": "civ_move_1", "volume": 0.07}
[2026-09-25 19:43:22.059] [M] {"button": 1, "pos": [337, 292], "ui_clicked": false}
[2026-09-25 19:43:22.066] [SFX] {"sound": "civ_move_1", "volume": 0.04}
[2026-09-25 19:43:22.092] [SFX] {"sound": "civ_move_2", "volume": 0.12}
[2026-09-25 19:43:22.207] [SFX] {"sound": "civ_move_1", "volume": 0.07}
[2026-09-25 19:43:22.472] [M] {"button": 1, "pos": [331, 280], "ui_clicked": false}
[2026-09-25 19:43:22.479] [SFX] {"sound": "civ_move_1", "volume": 0.03}
[2026-09-25 19:43:22.480] [P] {"start": [76, 42], "goal": [76, 48], "length": 1, "is_direction_change": false}
[2026-09-25 19:43:22.480] [SFX] {"sound": "click_target", "volume": 0.68}
[2026-09-25 19:43:22.511] [SFX] {"sound": "civ_move_2", "volume": 0.11}
[2026-09-25 19:43:22.611] [SFX] {"sound": "civ_move_1", "volume": 0.06}
[2026-09-25 19:43:22.645] [SFX] {"sound": "civ_move_1", "volume": 0.05}
[2026-09-25 19:43:22.693] [SFX] {"sound": "player_move", "volume": 0.4}
[2026-09-25 19:43:22.843] [SFX] {"sound": "civ_move_1", "volume": 0.03}
[2026-09-25 19:43:22.926] [SFX] {"sound": "civ_move_2", "volume": 0.1}
[2026-09-25 19:43:22.963] [M] {"button": 1, "pos": [331, 280], "ui_clicked": false}
[2026-09-25 19:43:22.972] [P] {"start": [76, 48], "goal": [76, 52], "length": 1, "is_direction_change": false}
[2026-09-25 19:43:22.973] [SFX] {"sound": "click_target", "volume": 0.7}
[2026-09-25 19:43:23.013] [SFX] {"sound": "civ_move_1", "volume": 0.03}
[2026-09-25 19:43:23.046] [SFX] {"sound": "civ_move_1", "volume": 0.02}
[2026-09-25 19:43:23.330] [SFX] {"sound": "civ_move_2", "volume": 0.07}
[2026-09-25 19:43:23.429] [SFX] {"sound": "civ_move_1", "volume": 0.01}
[2026-09-25 19:43:23.740] [SFX] {"sound": "civ_move_2", "volume": 0.07}
[2026-09-25 19:43:23.840] [SFX] {"sound": "civ_move_1", "volume": 0.01}
[2026-09-25 19:43:23.923] [M] {"button": 1, "pos": [334, 276], "ui_clicked": false}
[2026-09-25 19:43:23.931] [P] {"start": [76, 52], "goal": [76, 57], "length": 1, "is_direction_change": false}
[2026-09-25 19:43:23.932] [SFX] {"sound": "click_target", "volume": 0.68}
[2026-09-25 19:43:23.965] [SFX] {"sound": "player_move", "volume": 0.4}
[2026-09-25 19:43:24.145] [SFX] {"sound": "civ_move_2", "volume": 0.03}
[2026-09-25 19:43:24.558] [SFX] {"sound": "civ_move_2", "volume": 0.02}
[2026-09-25 19:43:24.973] [SFX] {"sound": "civ_move_2", "volume": 0.01}
[2026-09-25 19:43:25.385] [SFX] {"sound": "civ_move_2", "volume": 0.0}
[2026-09-25 19:43:25.583] [M] {"button": 1, "pos": [368, 211], "ui_clicked": false}
[2026-09-25 19:43:25.593] [P] {"start": [76, 57], "goal": [78, 58], "length": 3, "is_direction_change": false}
[2026-09-25 19:43:25.594] [SFX] {"sound": "click_target", "volume": 0.73}
[2026-09-25 19:43:25.696] [SFX] {"sound": "player_move", "volume": 0.4}
[2026-09-25 19:43:25.878] [SFX] {"sound": "civ_move_1", "volume": 0.01}
[2026-09-25 19:43:25.995] [SFX] {"sound": "player_move", "volume": 0.4}
[2026-09-25 19:43:26.681] [SFX] {"sound": "civ_move_1", "volume": 0.01}
[2026-09-25 19:43:26.913] [SFX] {"sound": "threat_pulse", "volume": 0.32}
[2026-09-25 19:43:27.092] [M] {"button": 1, "pos": [313, 257], "ui_clicked": false}
[2026-09-25 19:43:27.099] [SFX] {"sound": "civ_move_1", "volume": 0.01}
[2026-09-25 19:43:27.100] [SFX] {"sound": "civ_move_1", "volume": 0.02}
[2026-09-25 19:43:27.100] [P] {"start": [78, 58], "goal": [77, 62], "length": 2, "is_direction_change": false}
[2026-09-25 19:43:27.101] [SFX] {"sound": "click_target", "volume": 0.71}
[2026-09-25 19:43:27.124] [JACK] IoT-Überwachung überall... Kameras, Mikrofone und Scanner wollen uns ertappen!
[2026-09-25 19:43:27.266] [SFX] {"sound": "player_move", "volume": 0.4}
[2026-09-25 19:43:27.316] [SFX] {"sound": "civ_move_1", "volume": 0.01}
[2026-09-25 19:43:27.367] [SFX] {"sound": "civ_move_2", "volume": 0.01}
[2026-09-25 19:43:27.500] [SFX] {"sound": "civ_move_1", "volume": 0.03}
[2026-09-25 19:43:27.502] [SFX] {"sound": "civ_move_1", "volume": 0.01}
[2026-09-25 19:43:27.781] [SFX] {"sound": "civ_move_2", "volume": 0.01}
[2026-09-25 19:43:27.915] [SFX] {"sound": "civ_move_1", "volume": 0.04}
[2026-09-25 19:43:27.916] [SFX] {"sound": "civ_move_1", "volume": 0.02}
[2026-09-25 19:43:28.128] [SFX] {"sound": "civ_move_1", "volume": 0.01}
[2026-09-25 19:43:28.194] [SFX] {"sound": "civ_move_2", "volume": 0.01}
[2026-09-25 19:43:28.325] [SFX] {"sound": "civ_move_1", "volume": 0.05}
[2026-09-25 19:43:28.326] [SFX] {"sound": "civ_move_1", "volume": 0.03}
[2026-09-25 19:43:28.348] [SFX] {"sound": "civ_move_1", "volume": 0.02}
[2026-09-25 19:43:28.381] [M] {"button": 1, "pos": [370, 262], "ui_clicked": false}
[2026-09-25 19:43:28.389] [P] {"start": [77, 62], "goal": [80, 66], "length": 4, "is_direction_change": false}
[2026-09-25 19:43:28.390] [SFX] {"sound": "click_target", "volume": 0.68}
[2026-09-25 19:43:28.535] [SFX] {"sound": "civ_move_1", "volume": 0.02}
[2026-09-25 19:43:28.600] [SFX] {"sound": "civ_move_2", "volume": 0.03}
[2026-09-25 19:43:28.622] [SFX] {"sound": "player_move", "volume": 0.4}
[2026-09-25 19:43:28.735] [SFX] {"sound": "civ_move_1", "volume": 0.08}
[2026-09-25 19:43:28.735] [SFX] {"sound": "civ_move_1", "volume": 0.0}
[2026-09-25 19:43:28.756] [SFX] {"sound": "civ_move_1", "volume": 0.06}
[2026-09-25 19:43:28.932] [SFX] {"sound": "player_move", "volume": 0.4}
[2026-09-25 19:43:28.954] [SFX] {"sound": "civ_move_1", "volume": 0.05}
[2026-09-25 19:43:29.015] [SFX] {"sound": "civ_move_2", "volume": 0.04}
[2026-09-25 19:43:29.145] [SFX] {"sound": "civ_move_1", "volume": 0.06}
[2026-09-25 19:43:29.146] [SFX] {"sound": "civ_move_1", "volume": 0.02}
[2026-09-25 19:43:29.167] [SFX] {"sound": "civ_move_1", "volume": 0.04}
[2026-09-25 19:43:29.362] [SFX] {"sound": "civ_move_1", "volume": 0.03}
[2026-09-25 19:43:29.428] [SFX] {"sound": "civ_move_2", "volume": 0.04}
[2026-09-25 19:43:29.545] [SFX] {"sound": "civ_move_1", "volume": 0.06}
[2026-09-25 19:43:29.545] [SFX] {"sound": "civ_move_1", "volume": 0.04}
[2026-09-25 19:43:29.776] [SFX] {"sound": "civ_move_1", "volume": 0.03}
[2026-09-25 19:43:29.840] [SFX] {"sound": "civ_move_2", "volume": 0.04}
[2026-09-25 19:43:29.957] [SFX] {"sound": "civ_move_1", "volume": 0.06}
[2026-09-25 19:43:29.958] [SFX] {"sound": "civ_move_1", "volume": 0.05}
[2026-09-25 19:43:30.189] [M] {"button": 1, "pos": [231, 229], "ui_clicked": false}
[2026-09-25 19:43:30.198] [SFX] {"sound": "civ_move_1", "volume": 0.03}
[2026-09-25 19:43:30.198] [P] {"start": [80, 66], "goal": [74, 68], "length": 2, "is_direction_change": false}
[2026-09-25 19:43:30.199] [SFX] {"sound": "click_target", "volume": 0.68}
[2026-09-25 19:43:30.246] [SFX] {"sound": "civ_move_2", "volume": 0.04}
[2026-09-25 19:43:30.361] [SFX] {"sound": "player_move", "volume": 0.4}
[2026-09-25 19:43:30.362] [SFX] {"sound": "civ_move_1", "volume": 0.08}
[2026-09-25 19:43:30.362] [SFX] {"sound": "civ_move_1", "volume": 0.05}
[2026-09-25 19:43:30.392] [SFX] {"sound": "civ_move_1", "volume": 0.07}
[2026-09-25 19:43:30.594] [SFX] {"sound": "civ_move_1", "volume": 0.03}
[2026-09-25 19:43:30.660] [SFX] {"sound": "civ_move_2", "volume": 0.04}
[2026-09-25 19:43:30.661] [SFX] {"sound": "civ_move_1", "volume": 0.03}
[2026-09-25 19:43:30.776] [SFX] {"sound": "civ_move_1", "volume": 0.11}
[2026-09-25 19:43:30.777] [SFX] {"sound": "civ_move_1", "volume": 0.06}
[2026-09-25 19:43:30.799] [SFX] {"sound": "civ_move_1", "volume": 0.09}
[2026-09-25 19:43:31.009] [SFX] {"sound": "civ_move_1", "volume": 0.02}
[2026-09-25 19:43:31.074] [SFX] {"sound": "civ_move_2", "volume": 0.04}
[2026-09-25 19:43:31.075] [SFX] {"sound": "civ_move_1", "volume": 0.04}
[2026-09-25 19:43:31.156] [M] {"button": 1, "pos": [313, 258], "ui_clicked": false}
[2026-09-25 19:43:31.189] [SFX] {"sound": "civ_move_1", "volume": 0.11}
[2026-09-25 19:43:31.189] [SFX] {"sound": "civ_move_1", "volume": 0.07}
[2026-09-25 19:43:31.212] [SFX] {"sound": "civ_move_1", "volume": 0.1}
[2026-09-25 19:43:31.423] [SFX] {"sound": "civ_move_1", "volume": 0.02}
[2026-09-25 19:43:31.490] [M] {"button": 1, "pos": [330, 269], "ui_clicked": false}
[2026-09-25 19:43:31.497] [SFX] {"sound": "civ_move_2", "volume": 0.03}
[2026-09-25 19:43:31.498] [SFX] {"sound": "civ_move_1", "volume": 0.05}
[2026-09-25 19:43:31.499] [P] {"start": [74, 68], "goal": [74, 73], "length": 1, "is_direction_change": false}
[2026-09-25 19:43:31.499] [SFX] {"sound": "click_target", "volume": 0.69}
[2026-09-25 19:43:31.570] [SFX] {"sound": "player_move", "volume": 0.4}
[2026-09-25 19:43:31.601] [SFX] {"sound": "civ_move_1", "volume": 0.13}
[2026-09-25 19:43:31.602] [SFX] {"sound": "civ_move_1", "volume": 0.07}
[2026-09-25 19:43:31.625] [SFX] {"sound": "civ_move_1", "volume": 0.11}
[2026-09-25 19:43:31.837] [SFX] {"sound": "civ_move_1", "volume": 0.03}
[2026-09-25 19:43:31.904] [SFX] {"sound": "civ_move_2", "volume": 0.06}
[2026-09-25 19:43:31.904] [SFX] {"sound": "civ_move_1", "volume": 0.03}
[2026-09-25 19:43:32.006] [SFX] {"sound": "civ_move_1", "volume": 0.13}
[2026-09-25 19:43:32.007] [SFX] {"sound": "civ_move_1", "volume": 0.06}
[2026-09-25 19:43:32.025] [SFX] {"sound": "civ_move_1", "volume": 0.11}
[2026-09-25 19:43:32.168] [M] {"button": 1, "pos": [330, 269], "ui_clicked": false}
[2026-09-25 19:43:32.249] [SFX] {"sound": "civ_move_1", "volume": 0.03}
[2026-09-25 19:43:32.314] [SFX] {"sound": "civ_move_2", "volume": 0.05}
[2026-09-25 19:43:32.315] [SFX] {"sound": "civ_move_1", "volume": 0.04}
[2026-09-25 19:43:32.415] [SFX] {"sound": "civ_move_1", "volume": 0.13}
[2026-09-25 19:43:32.416] [SFX] {"sound": "civ_move_1", "volume": 0.07}
[2026-09-25 19:43:32.436] [SFX] {"sound": "civ_move_1", "volume": 0.13}
[2026-09-25 19:43:32.665] [SFX] {"sound": "civ_move_1", "volume": 0.02}
[2026-09-25 19:43:32.717] [SFX] {"sound": "civ_move_2", "volume": 0.05}
[2026-09-25 19:43:32.718] [SFX] {"sound": "civ_move_1", "volume": 0.05}
[2026-09-25 19:43:32.820] [SFX] {"sound": "civ_move_1", "volume": 0.12}
[2026-09-25 19:43:32.821] [SFX] {"sound": "civ_move_1", "volume": 0.08}
[2026-09-25 19:43:32.843] [SFX] {"sound": "civ_move_1", "volume": 0.13}
[2026-09-25 19:43:33.068] [SFX] {"sound": "civ_move_1", "volume": 0.02}
[2026-09-25 19:43:33.133] [SFX] {"sound": "civ_move_2", "volume": 0.04}
[2026-09-25 19:43:33.134] [SFX] {"sound": "civ_move_1", "volume": 0.06}
[2026-09-25 19:43:33.232] [SFX] {"sound": "civ_move_1", "volume": 0.12}
[2026-09-25 19:43:33.233] [SFX] {"sound": "civ_move_1", "volume": 0.1}
[2026-09-25 19:43:33.254] [SFX] {"sound": "civ_move_1", "volume": 0.13}
[2026-09-25 19:43:33.482] [SFX] {"sound": "civ_move_1", "volume": 0.01}
[2026-09-25 19:43:33.548] [SFX] {"sound": "civ_move_1", "volume": 0.07}
[2026-09-25 19:43:33.570] [SFX] {"sound": "civ_move_2", "volume": 0.03}
[2026-09-25 19:43:33.649] [SFX] {"sound": "civ_move_1", "volume": 0.11}
[2026-09-25 19:43:33.672] [SFX] {"sound": "civ_move_1", "volume": 0.13}
[2026-09-25 19:43:33.673] [SFX] {"sound": "civ_move_1", "volume": 0.11}
[2026-09-25 19:43:33.896] [SFX] {"sound": "civ_move_1", "volume": 0.0}
[2026-09-25 19:43:33.961] [SFX] {"sound": "civ_move_1", "volume": 0.08}
[2026-09-25 19:43:33.984] [SFX] {"sound": "civ_move_2", "volume": 0.03}
[2026-09-25 19:43:34.059] [SFX] {"sound": "civ_move_1", "volume": 0.11}
[2026-09-25 19:43:34.081] [SFX] {"sound": "civ_move_1", "volume": 0.12}
[2026-09-25 19:43:34.373] [SFX] {"sound": "civ_move_1", "volume": 0.09}
[2026-09-25 19:43:34.395] [SFX] {"sound": "civ_move_2", "volume": 0.02}
[2026-09-25 19:43:34.472] [SFX] {"sound": "civ_move_1", "volume": 0.1}
[2026-09-25 19:43:34.495] [SFX] {"sound": "civ_move_1", "volume": 0.12}
[2026-09-25 19:43:34.496] [SFX] {"sound": "civ_move_1", "volume": 0.13}
[2026-09-25 19:43:34.787] [SFX] {"sound": "civ_move_1", "volume": 0.09}
[2026-09-25 19:43:34.810] [SFX] {"sound": "civ_move_2", "volume": 0.02}
[2026-09-25 19:43:34.873] [SFX] {"sound": "civ_move_1", "volume": 0.09}
[2026-09-25 19:43:34.897] [SFX] {"sound": "civ_move_1", "volume": 0.11}
[2026-09-25 19:43:34.897] [SFX] {"sound": "civ_move_1", "volume": 0.14}
[2026-09-25 19:43:35.196] [SFX] {"sound": "civ_move_1", "volume": 0.1}
[2026-09-25 19:43:35.217] [SFX] {"sound": "civ_move_2", "volume": 0.01}
[2026-09-25 19:43:35.276] [SFX] {"sound": "civ_move_1", "volume": 0.08}
[2026-09-25 19:43:35.299] [SFX] {"sound": "civ_move_1", "volume": 0.11}
[2026-09-25 19:43:35.300] [SFX] {"sound": "civ_move_1", "volume": 0.16}
[2026-09-25 19:43:35.609] [SFX] {"sound": "civ_move_1", "volume": 0.11}
[2026-09-25 19:43:35.631] [SFX] {"sound": "civ_move_2", "volume": 0.0}
[2026-09-25 19:43:35.691] [SFX] {"sound": "civ_move_1", "volume": 0.08}
[2026-09-25 19:43:35.713] [SFX] {"sound": "civ_move_1", "volume": 0.1}
[2026-09-25 19:43:35.714] [SFX] {"sound": "civ_move_1", "volume": 0.17}
[2026-09-25 19:43:36.023] [SFX] {"sound": "civ_move_1", "volume": 0.11}
[2026-09-25 19:43:36.105] [SFX] {"sound": "civ_move_1", "volume": 0.07}
[2026-09-25 19:43:36.129] [SFX] {"sound": "civ_move_1", "volume": 0.09}
[2026-09-25 19:43:36.129] [SFX] {"sound": "civ_move_1", "volume": 0.18}
[2026-09-25 19:43:36.371] [SFX] {"sound": "civ_move_1", "volume": 0.01}
[2026-09-25 19:43:36.437] [M] {"button": 1, "pos": [216, 289], "ui_clicked": true}
[2026-09-25 19:43:36.454] [JACK] Deck-Einstellungen werden angepasst...
[2026-09-25 19:43:36.455] [SFX] {"sound": "civ_move_1", "volume": 0.12}
[2026-09-25 19:43:36.518] [SFX] {"sound": "civ_move_1", "volume": 0.06}
[2026-09-25 19:43:36.542] [SFX] {"sound": "civ_move_1", "volume": 0.09}
[2026-09-25 19:43:36.543] [SFX] {"sound": "civ_move_1", "volume": 0.19}
[2026-09-25 19:43:36.770] [SFX] {"sound": "civ_move_1", "volume": 0.02}
[2026-09-25 19:43:36.838] [SFX] {"sound": "civ_move_1", "volume": 0.12}
[2026-09-25 19:43:36.921] [SFX] {"sound": "civ_move_1", "volume": 0.05}
[2026-09-25 19:43:36.943] [SFX] {"sound": "civ_move_1", "volume": 0.08}
[2026-09-25 19:43:36.944] [SFX] {"sound": "civ_move_1", "volume": 0.2}
[2026-09-25 19:43:37.171] [SFX] {"sound": "civ_move_1", "volume": 0.03}
[2026-09-25 19:43:37.251] [SFX] {"sound": "civ_move_1", "volume": 0.13}
[2026-09-25 19:43:37.333] [SFX] {"sound": "civ_move_1", "volume": 0.04}
[2026-09-25 19:43:37.355] [SFX] {"sound": "civ_move_1", "volume": 0.07}
[2026-09-25 19:43:37.356] [SFX] {"sound": "civ_move_1", "volume": 0.2}
[2026-09-25 19:43:37.584] [SFX] {"sound": "civ_move_1", "volume": 0.04}
[2026-09-25 19:43:37.654] [SFX] {"sound": "civ_move_1", "volume": 0.13}
[2026-09-25 19:43:37.735] [SFX] {"sound": "civ_move_1", "volume": 0.03}
[2026-09-25 19:43:37.757] [SFX] {"sound": "civ_move_1", "volume": 0.06}
[2026-09-25 19:43:37.757] [SFX] {"sound": "civ_move_1", "volume": 0.19}
[2026-09-25 19:43:37.983] [SFX] {"sound": "civ_move_1", "volume": 0.05}
[2026-09-25 19:43:38.065] [SFX] {"sound": "civ_move_1", "volume": 0.13}
[2026-09-25 19:43:38.146] [SFX] {"sound": "civ_move_1", "volume": 0.02}
[2026-09-25 19:43:38.169] [SFX] {"sound": "civ_move_1", "volume": 0.05}
[2026-09-25 19:43:38.170] [SFX] {"sound": "civ_move_1", "volume": 0.18}
[2026-09-25 19:43:38.395] [SFX] {"sound": "civ_move_1", "volume": 0.06}
[2026-09-25 19:43:38.477] [SFX] {"sound": "civ_move_1", "volume": 0.13}
[2026-09-25 19:43:38.527] [SFX] {"sound": "civ_move_2", "volume": 0.0}
[2026-09-25 19:43:38.561] [SFX] {"sound": "civ_move_1", "volume": 0.01}
[2026-09-25 19:43:38.583] [SFX] {"sound": "civ_move_1", "volume": 0.04}
[2026-09-25 19:43:38.584] [SFX] {"sound": "civ_move_1", "volume": 0.16}
[2026-09-25 19:43:38.797] [SFX] {"sound": "civ_move_1", "volume": 0.07}
[2026-09-25 19:43:38.880] [SFX] {"sound": "civ_move_1", "volume": 0.13}
[2026-09-25 19:43:38.929] [SFX] {"sound": "civ_move_2", "volume": 0.01}
[2026-09-25 19:43:38.962] [SFX] {"sound": "civ_move_1", "volume": 0.0}
[2026-09-25 19:43:38.983] [SFX] {"sound": "civ_move_1", "volume": 0.04}
[2026-09-25 19:43:38.984] [SFX] {"sound": "civ_move_1", "volume": 0.15}
[2026-09-25 19:43:39.209] [SFX] {"sound": "civ_move_1", "volume": 0.07}
[2026-09-25 19:43:39.293] [SFX] {"sound": "civ_move_1", "volume": 0.11}
[2026-09-25 19:43:39.342] [SFX] {"sound": "civ_move_2", "volume": 0.02}
[2026-09-25 19:43:39.391] [SFX] {"sound": "civ_move_1", "volume": 0.03}
[2026-09-25 19:43:39.391] [SFX] {"sound": "civ_move_1", "volume": 0.14}
[2026-09-25 19:43:39.624] [SFX] {"sound": "civ_move_1", "volume": 0.08}
[2026-09-25 19:43:39.708] [SFX] {"sound": "civ_move_1", "volume": 0.11}
[2026-09-25 19:43:39.742] [SFX] {"sound": "civ_move_2", "volume": 0.01}
[2026-09-25 19:43:39.742] [SFX] {"sound": "civ_move_2", "volume": 0.02}
[2026-09-25 19:43:39.791] [SFX] {"sound": "civ_move_1", "volume": 0.02}
[2026-09-25 19:43:39.792] [SFX] {"sound": "civ_move_1", "volume": 0.13}
[2026-09-25 19:43:40.039] [SFX] {"sound": "civ_move_1", "volume": 0.09}
[2026-09-25 19:43:40.123] [SFX] {"sound": "civ_move_1", "volume": 0.1}
[2026-09-25 19:43:40.155] [SFX] {"sound": "civ_move_2", "volume": 0.02}
[2026-09-25 19:43:40.156] [SFX] {"sound": "civ_move_2", "volume": 0.03}
[2026-09-25 19:43:40.205] [SFX] {"sound": "civ_move_1", "volume": 0.01}
[2026-09-25 19:43:40.206] [SFX] {"sound": "civ_move_1", "volume": 0.11}
[2026-09-25 19:43:40.451] [SFX] {"sound": "civ_move_1", "volume": 0.1}
[2026-09-25 19:43:40.566] [SFX] {"sound": "civ_move_2", "volume": 0.03}
[2026-09-25 19:43:40.567] [SFX] {"sound": "civ_move_2", "volume": 0.04}
[2026-09-25 19:43:40.619] [SFX] {"sound": "civ_move_1", "volume": 0.1}
[2026-09-25 19:43:40.771] [M] {"button": 1, "pos": [255, 331], "ui_clicked": true}
[2026-09-25 19:43:40.861] [SFX] {"sound": "civ_move_1", "volume": 0.1}
[2026-09-25 19:43:40.974] [SFX] {"sound": "civ_move_2", "volume": 0.05}
[2026-09-25 19:43:40.975] [SFX] {"sound": "civ_move_2", "volume": 0.04}
[2026-09-25 19:43:41.024] [SFX] {"sound": "civ_move_1", "volume": 0.09}
[2026-09-25 19:43:41.274] [SFX] {"sound": "civ_move_1", "volume": 0.11}
[2026-09-25 19:43:41.357] [SFX] {"sound": "civ_move_1", "volume": 0.1}
[2026-09-25 19:43:41.390] [SFX] {"sound": "civ_move_2", "volume": 0.06}
[2026-09-25 19:43:41.391] [SFX] {"sound": "civ_move_2", "volume": 0.05}
[2026-09-25 19:43:41.440] [SFX] {"sound": "civ_move_1", "volume": 0.08}
[2026-09-25 19:43:41.523] [M] {"button": 1, "pos": [300, 249], "ui_clicked": false}
[2026-09-25 19:43:41.529] [P] {"start": [74, 73], "goal": [72, 77], "length": 3, "is_direction_change": false}
[2026-09-25 19:43:41.530] [SFX] {"sound": "click_target", "volume": 0.71}
[2026-09-25 19:43:41.659] [SFX] {"sound": "player_move", "volume": 0.4}
[2026-09-25 19:43:41.681] [SFX] {"sound": "civ_move_1", "volume": 0.11}
[2026-09-25 19:43:41.789] [SFX] {"sound": "civ_move_2", "volume": 0.05}
[2026-09-25 19:43:41.790] [SFX] {"sound": "civ_move_2", "volume": 0.06}
[2026-09-25 19:43:41.854] [SFX] {"sound": "civ_move_1", "volume": 0.03}
[2026-09-25 19:43:42.079] [SFX] {"sound": "civ_move_1", "volume": 0.12}
[2026-09-25 19:43:42.161] [SFX] {"sound": "civ_move_1", "volume": 0.11}
[2026-09-25 19:43:42.194] [SFX] {"sound": "civ_move_2", "volume": 0.05}
[2026-09-25 19:43:42.195] [SFX] {"sound": "civ_move_2", "volume": 0.07}
[2026-09-25 19:43:42.262] [SFX] {"sound": "civ_move_1", "volume": 0.02}
[2026-09-25 19:43:42.492] [SFX] {"sound": "civ_move_1", "volume": 0.13}
[2026-09-25 19:43:42.514] [SFX] {"sound": "civ_move_1", "volume": 0.0}
[2026-09-25 19:43:42.576] [SFX] {"sound": "civ_move_1", "volume": 0.1}
[2026-09-25 19:43:42.609] [SFX] {"sound": "civ_move_2", "volume": 0.06}
[2026-09-25 19:43:42.610] [SFX] {"sound": "civ_move_2", "volume": 0.08}
[2026-09-25 19:43:42.674] [SFX] {"sound": "civ_move_1", "volume": 0.01}
[2026-09-25 19:43:42.906] [SFX] {"sound": "civ_move_1", "volume": 0.13}
[2026-09-25 19:43:42.929] [SFX] {"sound": "civ_move_1", "volume": 0.01}
[2026-09-25 19:43:42.988] [SFX] {"sound": "civ_move_1", "volume": 0.1}
[2026-09-25 19:43:43.024] [SFX] {"sound": "civ_move_2", "volume": 0.08}
[2026-09-25 19:43:43.307] [SFX] {"sound": "civ_move_1", "volume": 0.14}
[2026-09-25 19:43:43.329] [SFX] {"sound": "civ_move_1", "volume": 0.02}
[2026-09-25 19:43:43.390] [SFX] {"sound": "civ_move_1", "volume": 0.09}
[2026-09-25 19:43:43.424] [SFX] {"sound": "civ_move_2", "volume": 0.09}
[2026-09-25 19:43:43.685] [M] {"button": 5, "pos": [371, 145], "ui_clicked": false}
[2026-09-25 19:43:43.722] [SFX] {"sound": "civ_move_1", "volume": 0.14}
[2026-09-25 19:43:43.744] [SFX] {"sound": "civ_move_1", "volume": 0.03}
[2026-09-25 19:43:43.805] [SFX] {"sound": "civ_move_1", "volume": 0.09}
[2026-09-25 19:43:43.839] [SFX] {"sound": "civ_move_2", "volume": 0.1}
[2026-09-25 19:43:43.840] [SFX] {"sound": "civ_move_2", "volume": 0.09}
[2026-09-25 19:43:44.068] [M] {"button": 5, "pos": [371, 145], "ui_clicked": false}
[2026-09-25 19:43:44.136] [SFX] {"sound": "civ_move_1", "volume": 0.15}
[2026-09-25 19:43:44.159] [SFX] {"sound": "civ_move_1", "volume": 0.03}
[2026-09-25 19:43:44.220] [SFX] {"sound": "civ_move_1", "volume": 0.08}
[2026-09-25 19:43:44.252] [SFX] {"sound": "civ_move_2", "volume": 0.11}
[2026-09-25 19:43:44.253] [SFX] {"sound": "civ_move_2", "volume": 0.09}
[2026-09-25 19:43:44.549] [M] {"button": 5, "pos": [371, 145], "ui_clicked": false}
[2026-09-25 19:43:44.557] [SFX] {"sound": "civ_move_1", "volume": 0.15}
[2026-09-25 19:43:44.572] [SFX] {"sound": "civ_move_1", "volume": 0.04}
[2026-09-25 19:43:44.582] [M] {"button": 5, "pos": [371, 145], "ui_clicked": false}
[2026-09-25 19:43:44.632] [SFX] {"sound": "civ_move_1", "volume": 0.07}
[2026-09-25 19:43:44.665] [M] {"button": 5, "pos": [371, 145], "ui_clicked": false}
[2026-09-25 19:43:44.674] [SFX] {"sound": "civ_move_2", "volume": 0.12}
[2026-09-25 19:43:44.674] [SFX] {"sound": "civ_move_2", "volume": 0.1}
[2026-09-25 19:43:44.962] [SFX] {"sound": "civ_move_1", "volume": 0.15}
[2026-09-25 19:43:44.984] [SFX] {"sound": "civ_move_1", "volume": 0.05}
[2026-09-25 19:43:45.046] [SFX] {"sound": "civ_move_1", "volume": 0.07}
[2026-09-25 19:43:45.079] [SFX] {"sound": "civ_move_2", "volume": 0.14}
[2026-09-25 19:43:45.079] [SFX] {"sound": "civ_move_2", "volume": 0.1}
[2026-09-25 19:43:45.378] [SFX] {"sound": "civ_move_1", "volume": 0.05}
[2026-09-25 19:43:45.379] [SFX] {"sound": "civ_move_1", "volume": 0.15}
[2026-09-25 19:43:45.459] [SFX] {"sound": "civ_move_1", "volume": 0.06}
[2026-09-25 19:43:45.493] [SFX] {"sound": "civ_move_2", "volume": 0.15}
[2026-09-25 19:43:45.493] [SFX] {"sound": "civ_move_2", "volume": 0.1}
[2026-09-25 19:43:45.594] [M] {"button": 4, "pos": [371, 145], "ui_clicked": false}
[2026-09-25 19:43:45.791] [SFX] {"sound": "civ_move_1", "volume": 0.06}
[2026-09-25 19:43:45.791] [SFX] {"sound": "civ_move_1", "volume": 0.12}
[2026-09-25 19:43:45.873] [SFX] {"sound": "civ_move_1", "volume": 0.06}
[2026-09-25 19:43:45.908] [SFX] {"sound": "civ_move_2", "volume": 0.16}
[2026-09-25 19:43:45.908] [SFX] {"sound": "civ_move_2", "volume": 0.0}
[2026-09-25 19:43:45.909] [SFX] {"sound": "civ_move_2", "volume": 0.1}
[2026-09-25 19:43:46.206] [SFX] {"sound": "civ_move_1", "volume": 0.07}
[2026-09-25 19:43:46.207] [SFX] {"sound": "civ_move_1", "volume": 0.12}
[2026-09-25 19:43:46.286] [SFX] {"sound": "civ_move_1", "volume": 0.07}
[2026-09-25 19:43:46.320] [SFX] {"sound": "civ_move_2", "volume": 0.17}
[2026-09-25 19:43:46.321] [SFX] {"sound": "civ_move_2", "volume": 0.01}
[2026-09-25 19:43:46.322] [SFX] {"sound": "civ_move_2", "volume": 0.1}
[2026-09-25 19:43:46.615] [SFX] {"sound": "civ_move_1", "volume": 0.07}
[2026-09-25 19:43:46.616] [SFX] {"sound": "civ_move_1", "volume": 0.12}
[2026-09-25 19:43:46.698] [SFX] {"sound": "civ_move_1", "volume": 0.07}
[2026-09-25 19:43:46.730] [SFX] {"sound": "civ_move_2", "volume": 0.19}
[2026-09-25 19:43:46.730] [SFX] {"sound": "civ_move_2", "volume": 0.02}
[2026-09-25 19:43:46.731] [SFX] {"sound": "civ_move_2", "volume": 0.1}
[2026-09-25 19:43:46.911] [SFX] {"sound": "civ_move_2", "volume": 0.01}
[2026-09-25 19:43:47.028] [SFX] {"sound": "civ_move_1", "volume": 0.08}
[2026-09-25 19:43:47.029] [SFX] {"sound": "civ_move_1", "volume": 0.11}
[2026-09-25 19:43:47.111] [SFX] {"sound": "civ_move_1", "volume": 0.08}
[2026-09-25 19:43:47.145] [SFX] {"sound": "civ_move_2", "volume": 0.2}
[2026-09-25 19:43:47.146] [SFX] {"sound": "civ_move_2", "volume": 0.03}
[2026-09-25 19:43:47.146] [SFX] {"sound": "civ_move_2", "volume": 0.1}
[2026-09-25 19:43:47.313] [SFX] {"sound": "civ_move_2", "volume": 0.02}
[2026-09-25 19:43:47.430] [SFX] {"sound": "civ_move_1", "volume": 0.08}
[2026-09-25 19:43:47.430] [SFX] {"sound": "civ_move_1", "volume": 0.11}
[2026-09-25 19:43:47.513] [SFX] {"sound": "civ_move_1", "volume": 0.08}
[2026-09-25 19:43:47.547] [SFX] {"sound": "civ_move_2", "volume": 0.21}
[2026-09-25 19:43:47.548] [SFX] {"sound": "civ_move_2", "volume": 0.03}
[2026-09-25 19:43:47.549] [SFX] {"sound": "civ_move_2", "volume": 0.1}
[2026-09-25 19:43:47.629] [M] {"button": 1, "pos": [316, 111], "ui_clicked": false}
[2026-09-25 19:43:47.637] [P] {"start": [72, 77], "goal": [71, 66], "length": 6, "is_direction_change": false}
[2026-09-25 19:43:47.638] [SFX] {"sound": "click_target", "volume": 0.74}
[2026-09-25 19:43:47.680] [JACK] Vorsichtig vorantasten...
[2026-09-25 19:43:47.713] [SFX] {"sound": "civ_move_2", "volume": 0.04}
[2026-09-25 19:43:47.763] [SFX] {"sound": "player_move", "volume": 0.4}
[2026-09-25 19:43:47.830] [SFX] {"sound": "civ_move_1", "volume": 0.08}
[2026-09-25 19:43:47.830] [SFX] {"sound": "civ_move_1", "volume": 0.09}
[2026-09-25 19:43:47.929] [SFX] {"sound": "civ_move_1", "volume": 0.06}
[2026-09-25 19:43:47.964] [SFX] {"sound": "civ_move_2", "volume": 0.03}
[2026-09-25 19:43:47.964] [SFX] {"sound": "civ_move_2", "volume": 0.07}
[2026-09-25 19:43:47.985] [SFX] {"sound": "civ_move_2", "volume": 0.25}
[2026-09-25 19:43:48.078] [SFX] {"sound": "player_move", "volume": 0.4}
[2026-09-25 19:43:48.127] [SFX] {"sound": "civ_move_2", "volume": 0.1}
[2026-09-25 19:43:48.243] [SFX] {"sound": "civ_move_1", "volume": 0.04}
[2026-09-25 19:43:48.243] [SFX] {"sound": "civ_move_1", "volume": 0.06}
[2026-09-25 19:43:48.326] [C] {"civ_pos": [74, 63]}
[2026-09-25 19:43:48.354] [SFX] {"sound": "civ_move_1", "volume": 0.02}
[2026-09-25 19:43:48.372] [SFX] {"sound": "civ_move_2", "volume": 0.02}
[2026-09-25 19:43:48.388] [SFX] {"sound": "player_move", "volume": 0.4}
[2026-09-25 19:43:48.388] [SFX] {"sound": "civ_move_2", "volume": 0.29}
[2026-09-25 19:43:48.530] [SFX] {"sound": "civ_move_2", "volume": 0.17}
[2026-09-25 19:43:48.645] [SFX] {"sound": "civ_move_1", "volume": 0.01}
[2026-09-25 19:43:48.646] [SFX] {"sound": "civ_move_1", "volume": 0.03}
[2026-09-25 19:43:48.695] [SFX] {"sound": "player_move", "volume": 0.4}
[2026-09-25 19:43:48.751] [SFX] {"sound": "civ_move_1", "volume": 0.02}
[2026-09-25 19:43:48.777] [SFX] {"sound": "civ_move_2", "volume": 0.02}
[2026-09-25 19:43:48.800] [SFX] {"sound": "civ_move_2", "volume": 0.27}
[2026-09-25 19:43:48.944] [SFX] {"sound": "civ_move_2", "volume": 0.15}
[2026-09-25 19:43:49.060] [SFX] {"sound": "civ_move_1", "volume": 0.03}
[2026-09-25 19:43:49.060] [SFX] {"sound": "civ_move_1", "volume": 0.05}
[2026-09-25 19:43:49.159] [SFX] {"sound": "civ_move_1", "volume": 0.03}
[2026-09-25 19:43:49.192] [SFX] {"sound": "civ_move_2", "volume": 0.0}
[2026-09-25 19:43:49.193] [SFX] {"sound": "civ_move_2", "volume": 0.03}
[2026-09-25 19:43:49.215] [SFX] {"sound": "civ_move_2", "volume": 0.25}
[2026-09-25 19:43:49.359] [SFX] {"sound": "civ_move_2", "volume": 0.16}
[2026-09-25 19:43:49.476] [SFX] {"sound": "civ_move_1", "volume": 0.03}
[2026-09-25 19:43:49.477] [SFX] {"sound": "civ_move_1", "volume": 0.04}
[2026-09-25 19:43:49.563] [SFX] {"sound": "civ_move_1", "volume": 0.03}
[2026-09-25 19:43:49.598] [SFX] {"sound": "civ_move_2", "volume": 0.01}
[2026-09-25 19:43:49.599] [SFX] {"sound": "civ_move_2", "volume": 0.02}
[2026-09-25 19:43:49.622] [SFX] {"sound": "civ_move_2", "volume": 0.24}
[2026-09-25 19:43:49.632] [M] {"button": 4, "pos": [297, 199], "ui_clicked": false}
[2026-09-25 19:43:49.767] [SFX] {"sound": "civ_move_2", "volume": 0.18}
[2026-09-25 19:43:49.890] [SFX] {"sound": "civ_move_1", "volume": 0.03}
[2026-09-25 19:43:49.969] [SFX] {"sound": "civ_move_1", "volume": 0.04}
[2026-09-25 19:43:50.002] [SFX] {"sound": "civ_move_2", "volume": 0.01}
[2026-09-25 19:43:50.003] [SFX] {"sound": "civ_move_2", "volume": 0.02}
[2026-09-25 19:43:50.025] [SFX] {"sound": "civ_move_2", "volume": 0.23}
[2026-09-25 19:43:50.034] [M] {"button": 4, "pos": [297, 199], "ui_clicked": false}
[2026-09-25 19:43:50.168] [SFX] {"sound": "civ_move_2", "volume": 0.19}
[2026-09-25 19:43:50.301] [SFX] {"sound": "civ_move_1", "volume": 0.04}
[2026-09-25 19:43:50.302] [SFX] {"sound": "civ_move_1", "volume": 0.02}
[2026-09-25 19:43:50.386] [SFX] {"sound": "civ_move_1", "volume": 0.04}
[2026-09-25 19:43:50.418] [SFX] {"sound": "civ_move_2", "volume": 0.02}
[2026-09-25 19:43:50.440] [SFX] {"sound": "civ_move_2", "volume": 0.22}
[2026-09-25 19:43:50.582] [SFX] {"sound": "civ_move_2", "volume": 0.2}
[2026-09-25 19:43:50.713] [SFX] {"sound": "civ_move_1", "volume": 0.04}
[2026-09-25 19:43:50.714] [SFX] {"sound": "civ_move_1", "volume": 0.01}
[2026-09-25 19:43:50.797] [SFX] {"sound": "civ_move_1", "volume": 0.04}
[2026-09-25 19:43:50.832] [SFX] {"sound": "civ_move_2", "volume": 0.02}
[2026-09-25 19:43:50.832] [SFX] {"sound": "civ_move_2", "volume": 0.01}
[2026-09-25 19:43:50.853] [SFX] {"sound": "civ_move_2", "volume": 0.21}
[2026-09-25 19:43:51.029] [M] {"button": 1, "pos": [284, 176], "ui_clicked": false}
[2026-09-25 19:43:51.113] [SFX] {"sound": "civ_move_1", "volume": 0.04}
[2026-09-25 19:43:51.114] [SFX] {"sound": "civ_move_1", "volume": 0.01}
[2026-09-25 19:43:51.197] [SFX] {"sound": "civ_move_1", "volume": 0.04}
[2026-09-25 19:43:51.246] [SFX] {"sound": "civ_move_2", "volume": 0.02}
[2026-09-25 19:43:51.247] [SFX] {"sound": "civ_move_2", "volume": 0.01}
[2026-09-25 19:43:51.268] [SFX] {"sound": "civ_move_2", "volume": 0.2}
[2026-09-25 19:43:51.399] [SFX] {"sound": "civ_move_2", "volume": 0.22}
[2026-09-25 19:43:51.513] [SFX] {"sound": "civ_move_1", "volume": 0.04}
[2026-09-25 19:43:51.514] [SFX] {"sound": "civ_move_1", "volume": 0.01}
[2026-09-25 19:43:51.599] [SFX] {"sound": "civ_move_1", "volume": 0.03}
[2026-09-25 19:43:51.650] [SFX] {"sound": "civ_move_2", "volume": 0.03}
[2026-09-25 19:43:51.651] [SFX] {"sound": "civ_move_2", "volume": 0.01}
[2026-09-25 19:43:51.672] [SFX] {"sound": "civ_move_2", "volume": 0.19}
[2026-09-25 19:43:51.798] [SFX] {"sound": "civ_move_2", "volume": 0.24}
[2026-09-25 19:43:51.913] [SFX] {"sound": "civ_move_1", "volume": 0.03}
[2026-09-25 19:43:51.914] [SFX] {"sound": "civ_move_1", "volume": 0.01}
[2026-09-25 19:43:52.013] [SFX] {"sound": "civ_move_1", "volume": 0.03}
[2026-09-25 19:43:52.066] [SFX] {"sound": "civ_move_2", "volume": 0.03}
[2026-09-25 19:43:52.066] [SFX] {"sound": "civ_move_2", "volume": 0.02}
[2026-09-25 19:43:52.090] [SFX] {"sound": "civ_move_2", "volume": 0.18}
[2026-09-25 19:43:52.201] [SFX] {"sound": "civ_move_2", "volume": 0.25}
[2026-09-25 19:43:52.318] [SFX] {"sound": "civ_move_1", "volume": 0.03}
[2026-09-25 19:43:52.319] [SFX] {"sound": "civ_move_1", "volume": 0.02}
[2026-09-25 19:43:52.419] [SFX] {"sound": "civ_move_1", "volume": 0.03}
[2026-09-25 19:43:52.468] [SFX] {"sound": "civ_move_2", "volume": 0.03}
[2026-09-25 19:43:52.492] [SFX] {"sound": "civ_move_2", "volume": 0.17}
[2026-09-25 19:43:52.601] [SFX] {"sound": "civ_move_2", "volume": 0.26}
[2026-09-25 19:43:52.666] [M] {"button": 1, "pos": [271, 122], "ui_clicked": false}
[2026-09-25 19:43:52.734] [SFX] {"sound": "civ_move_1", "volume": 0.03}
[2026-09-25 19:43:52.734] [SFX] {"sound": "civ_move_1", "volume": 0.02}
[2026-09-25 19:43:52.837] [SFX] {"sound": "civ_move_1", "volume": 0.03}
[2026-09-25 19:43:52.883] [SFX] {"sound": "civ_move_2", "volume": 0.03}
[2026-09-25 19:43:52.884] [SFX] {"sound": "civ_move_2", "volume": 0.04}
[2026-09-25 19:43:52.904] [SFX] {"sound": "civ_move_2", "volume": 0.16}
[2026-09-25 19:43:53.016] [SFX] {"sound": "civ_move_2", "volume": 0.27}
[2026-09-25 19:43:53.134] [SFX] {"sound": "civ_move_1", "volume": 0.03}
[2026-09-25 19:43:53.217] [M] {"button": 1, "pos": [265, 155], "ui_clicked": false}
[2026-09-25 19:43:53.224] [P] {"start": [71, 66], "goal": [68, 64], "length": 2, "is_direction_change": false}
[2026-09-25 19:43:53.225] [SFX] {"sound": "click_target", "volume": 0.92}
[2026-09-25 19:43:53.261] [SFX] {"sound": "civ_move_1", "volume": 0.02}
[2026-09-25 19:43:53.286] [SFX] {"sound": "civ_move_2", "volume": 0.03}
[2026-09-25 19:43:53.287] [SFX] {"sound": "civ_move_2", "volume": 0.05}
[2026-09-25 19:43:53.311] [SFX] {"sound": "civ_move_2", "volume": 0.14}
[2026-09-25 19:43:53.328] [SFX] {"sound": "player_move", "volume": 0.4}
[2026-09-25 19:43:53.420] [SFX] {"sound": "civ_move_2", "volume": 0.25}
[2026-09-25 19:43:53.538] [SFX] {"sound": "civ_move_1", "volume": 0.02}
[2026-09-25 19:43:53.636] [SFX] {"sound": "civ_move_1", "volume": 0.0}
[2026-09-25 19:43:53.688] [SFX] {"sound": "civ_move_2", "volume": 0.02}
[2026-09-25 19:43:53.688] [SFX] {"sound": "civ_move_2", "volume": 0.05}
[2026-09-25 19:43:53.709] [SFX] {"sound": "civ_move_2", "volume": 0.14}
[2026-09-25 19:43:53.835] [SFX] {"sound": "civ_move_2", "volume": 0.2}
[2026-09-25 19:43:53.951] [SFX] {"sound": "civ_move_1", "volume": 0.02}
[2026-09-25 19:43:54.099] [SFX] {"sound": "civ_move_2", "volume": 0.02}
[2026-09-25 19:43:54.100] [SFX] {"sound": "civ_move_2", "volume": 0.06}
[2026-09-25 19:43:54.123] [SFX] {"sound": "civ_move_2", "volume": 0.13}
[2026-09-25 19:43:54.250] [SFX] {"sound": "civ_move_2", "volume": 0.2}
[2026-09-25 19:43:54.350] [SFX] {"sound": "civ_move_1", "volume": 0.01}
[2026-09-25 19:43:54.351] [SFX] {"sound": "civ_move_1", "volume": 0.02}
[2026-09-25 19:43:54.514] [SFX] {"sound": "civ_move_2", "volume": 0.02}
[2026-09-25 19:43:54.515] [SFX] {"sound": "civ_move_2", "volume": 0.07}
[2026-09-25 19:43:54.536] [SFX] {"sound": "civ_move_1", "volume": 0.0}
[2026-09-25 19:43:54.537] [SFX] {"sound": "civ_move_2", "volume": 0.12}
[2026-09-25 19:43:54.564] [M] {"button": 1, "pos": [320, 149], "ui_clicked": false}
[2026-09-25 19:43:54.662] [SFX] {"sound": "civ_move_2", "volume": 0.19}
[2026-09-25 19:43:54.763] [SFX] {"sound": "civ_move_1", "volume": 0.01}
[2026-09-25 19:43:54.763] [SFX] {"sound": "civ_move_1", "volume": 0.02}
[2026-09-25 19:43:54.929] [SFX] {"sound": "civ_move_1", "volume": 0.01}
[2026-09-25 19:43:54.930] [SFX] {"sound": "civ_move_2", "volume": 0.1}
[2026-09-25 19:43:54.931] [SFX] {"sound": "civ_move_2", "volume": 0.02}
[2026-09-25 19:43:54.932] [SFX] {"sound": "civ_move_2", "volume": 0.08}
[2026-09-25 19:43:54.961] [M] {"button": 1, "pos": [328, 185], "ui_clicked": false}
[2026-09-25 19:43:55.077] [SFX] {"sound": "civ_move_2", "volume": 0.18}
[2026-09-25 19:43:55.175] [SFX] {"sound": "civ_move_1", "volume": 0.01}
[2026-09-25 19:43:55.176] [SFX] {"sound": "civ_move_1", "volume": 0.02}
[2026-09-25 19:43:55.342] [SFX] {"sound": "civ_move_2", "volume": 0.09}
[2026-09-25 19:43:55.343] [SFX] {"sound": "civ_move_2", "volume": 0.02}
[2026-09-25 19:43:55.343] [SFX] {"sound": "civ_move_2", "volume": 0.09}
[2026-09-25 19:43:55.489] [SFX] {"sound": "civ_move_2", "volume": 0.18}
[2026-09-25 19:43:55.589] [SFX] {"sound": "civ_move_1", "volume": 0.0}
[2026-09-25 19:43:55.590] [SFX] {"sound": "civ_move_1", "volume": 0.02}
[2026-09-25 19:43:55.657] [M] {"button": 1, "pos": [385, 220], "ui_clicked": false}
[2026-09-25 19:43:55.664] [P] {"start": [68, 64], "goal": [71, 66], "length": 2, "is_direction_change": false}
[2026-09-25 19:43:55.665] [SFX] {"sound": "click_target", "volume": 0.72}
[2026-09-25 19:43:55.744] [SFX] {"sound": "civ_move_1", "volume": 0.02}
[2026-09-25 19:43:55.745] [SFX] {"sound": "civ_move_2", "volume": 0.07}
[2026-09-25 19:43:55.746] [SFX] {"sound": "civ_move_2", "volume": 0.03}
[2026-09-25 19:43:55.746] [SFX] {"sound": "civ_move_2", "volume": 0.1}
[2026-09-25 19:43:55.808] [SFX] {"sound": "player_move", "volume": 0.4}
[2026-09-25 19:43:55.904] [SFX] {"sound": "civ_move_2", "volume": 0.19}
[2026-09-25 19:43:56.002] [SFX] {"sound": "civ_move_1", "volume": 0.02}
[2026-09-25 19:43:56.002] [SFX] {"sound": "civ_move_1", "volume": 0.04}
[2026-09-25 19:43:56.150] [SFX] {"sound": "civ_move_2", "volume": 0.06}
[2026-09-25 19:43:56.151] [SFX] {"sound": "civ_move_2", "volume": 0.03}
[2026-09-25 19:43:56.151] [SFX] {"sound": "civ_move_2", "volume": 0.1}
[2026-09-25 19:43:56.317] [SFX] {"sound": "civ_move_2", "volume": 0.18}
[2026-09-25 19:43:56.417] [SFX] {"sound": "civ_move_1", "volume": 0.02}
[2026-09-25 19:43:56.418] [SFX] {"sound": "civ_move_1", "volume": 0.04}
[2026-09-25 19:43:56.566] [SFX] {"sound": "civ_move_1", "volume": 0.05}
[2026-09-25 19:43:56.566] [SFX] {"sound": "civ_move_1", "volume": 0.0}
[2026-09-25 19:43:56.567] [SFX] {"sound": "civ_move_2", "volume": 0.05}
[2026-09-25 19:43:56.568] [SFX] {"sound": "civ_move_2", "volume": 0.03}
[2026-09-25 19:43:56.568] [SFX] {"sound": "civ_move_2", "volume": 0.1}
[2026-09-25 19:43:56.730] [SFX] {"sound": "civ_move_2", "volume": 0.18}
[2026-09-25 19:43:56.817] [SFX] {"sound": "civ_move_1", "volume": 0.03}
[2026-09-25 19:43:56.898] [M] {"button": 5, "pos": [413, 130], "ui_clicked": false}
[2026-09-25 19:43:56.966] [SFX] {"sound": "civ_move_1", "volume": 0.01}
[2026-09-25 19:43:56.967] [SFX] {"sound": "civ_move_1", "volume": 0.06}
[2026-09-25 19:43:56.968] [SFX] {"sound": "civ_move_1", "volume": 0.02}
[2026-09-25 19:43:56.968] [SFX] {"sound": "civ_move_2", "volume": 0.04}
[2026-09-25 19:43:56.969] [SFX] {"sound": "civ_move_2", "volume": 0.03}
[2026-09-25 19:43:56.970] [SFX] {"sound": "civ_move_2", "volume": 0.11}
[2026-09-25 19:43:57.131] [SFX] {"sound": "civ_move_2", "volume": 0.17}
[2026-09-25 19:43:57.196] [M] {"button": 5, "pos": [413, 130], "ui_clicked": false}
[2026-09-25 19:43:57.230] [SFX] {"sound": "civ_move_1", "volume": 0.04}
[2026-09-25 19:43:57.231] [SFX] {"sound": "civ_move_1", "volume": 0.03}
[2026-09-25 19:43:57.246] [M] {"button": 5, "pos": [413, 130], "ui_clicked": false}
[2026-09-25 19:43:57.377] [SFX] {"sound": "civ_move_1", "volume": 0.02}
[2026-09-25 19:43:57.378] [SFX] {"sound": "civ_move_1", "volume": 0.07}
[2026-09-25 19:43:57.378] [SFX] {"sound": "civ_move_1", "volume": 0.03}
[2026-09-25 19:43:57.379] [SFX] {"sound": "civ_move_2", "volume": 0.02}
[2026-09-25 19:43:57.379] [SFX] {"sound": "civ_move_2", "volume": 0.11}
[2026-09-25 19:43:57.541] [M] {"button": 5, "pos": [413, 130], "ui_clicked": false}
[2026-09-25 19:43:57.548] [SFX] {"sound": "civ_move_2", "volume": 0.16}
[2026-09-25 19:43:57.558] [M] {"button": 5, "pos": [413, 130], "ui_clicked": false}
[2026-09-25 19:43:57.641] [SFX] {"sound": "civ_move_1", "volume": 0.05}
[2026-09-25 19:43:57.790] [SFX] {"sound": "civ_move_1", "volume": 0.03}
[2026-09-25 19:43:57.791] [SFX] {"sound": "civ_move_1", "volume": 0.09}
[2026-09-25 19:43:57.791] [SFX] {"sound": "civ_move_1", "volume": 0.04}
[2026-09-25 19:43:57.792] [SFX] {"sound": "civ_move_2", "volume": 0.01}
[2026-09-25 19:43:57.792] [SFX] {"sound": "civ_move_2", "volume": 0.02}
[2026-09-25 19:43:57.793] [SFX] {"sound": "civ_move_2", "volume": 0.12}
[2026-09-25 19:43:57.956] [SFX] {"sound": "civ_move_2", "volume": 0.16}
[2026-09-25 19:43:58.056] [SFX] {"sound": "civ_move_1", "volume": 0.06}
[2026-09-25 19:43:58.205] [SFX] {"sound": "civ_move_1", "volume": 0.04}
[2026-09-25 19:43:58.206] [SFX] {"sound": "civ_move_1", "volume": 0.1}
[2026-09-25 19:43:58.206] [SFX] {"sound": "civ_move_1", "volume": 0.05}
[2026-09-25 19:43:58.207] [SFX] {"sound": "civ_move_2", "volume": 0.01}
[2026-09-25 19:43:58.208] [SFX] {"sound": "civ_move_2", "volume": 0.12}
[2026-09-25 19:43:58.369] [SFX] {"sound": "civ_move_2", "volume": 0.15}
[2026-09-25 19:43:58.468] [SFX] {"sound": "civ_move_1", "volume": 0.06}
[2026-09-25 19:43:58.617] [SFX] {"sound": "civ_move_1", "volume": 0.11}
[2026-09-25 19:43:58.618] [SFX] {"sound": "civ_move_1", "volume": 0.07}
[2026-09-25 19:43:58.619] [SFX] {"sound": "civ_move_2", "volume": 0.01}
[2026-09-25 19:43:58.619] [SFX] {"sound": "civ_move_2", "volume": 0.12}
[2026-09-25 19:43:58.620] [SFX] {"sound": "civ_move_2", "volume": 0.22}
[2026-09-25 19:43:58.783] [SFX] {"sound": "civ_move_2", "volume": 0.14}
[2026-09-25 19:43:58.881] [SFX] {"sound": "civ_move_1", "volume": 0.07}
[2026-09-25 19:43:59.028] [SFX] {"sound": "civ_move_1", "volume": 0.12}
[2026-09-25 19:43:59.028] [SFX] {"sound": "civ_move_1", "volume": 0.08}
[2026-09-25 19:43:59.029] [SFX] {"sound": "civ_move_2", "volume": 0.01}
[2026-09-25 19:43:59.030] [SFX] {"sound": "civ_move_2", "volume": 0.12}
[2026-09-25 19:43:59.031] [SFX] {"sound": "civ_move_2", "volume": 0.28}
[2026-09-25 19:43:59.195] [SFX] {"sound": "civ_move_2", "volume": 0.14}
[2026-09-25 19:43:59.296] [SFX] {"sound": "civ_move_1", "volume": 0.08}
[2026-09-25 19:43:59.442] [SFX] {"sound": "civ_move_1", "volume": 0.13}
[2026-09-25 19:43:59.443] [SFX] {"sound": "civ_move_1", "volume": 0.09}
[2026-09-25 19:43:59.444] [SFX] {"sound": "civ_move_2", "volume": 0.02}
[2026-09-25 19:43:59.444] [SFX] {"sound": "civ_move_2", "volume": 0.13}
[2026-09-25 19:43:59.445] [SFX] {"sound": "civ_move_2", "volume": 0.27}
[2026-09-25 19:43:59.606] [SFX] {"sound": "civ_move_2", "volume": 0.14}
[2026-09-25 19:43:59.703] [SFX] {"sound": "civ_move_1", "volume": 0.09}
[2026-09-25 19:43:59.852] [SFX] {"sound": "civ_move_1", "volume": 0.15}
[2026-09-25 19:43:59.853] [SFX] {"sound": "civ_move_1", "volume": 0.1}
[2026-09-25 19:43:59.853] [SFX] {"sound": "civ_move_1", "volume": 0.01}
[2026-09-25 19:43:59.854] [SFX] {"sound": "civ_move_2", "volume": 0.03}
[2026-09-25 19:43:59.855] [SFX] {"sound": "civ_move_2", "volume": 0.16}
[2026-09-25 19:43:59.855] [SFX] {"sound": "civ_move_2", "volume": 0.26}
[2026-09-25 19:43:59.951] [M] {"button": 1, "pos": [314, 210], "ui_clicked": false}
[2026-09-25 19:43:59.958] [P] {"start": [71, 66], "goal": [68, 79], "length": 18, "is_direction_change": false}
[2026-09-25 19:43:59.959] [SFX] {"sound": "click_target", "volume": 0.53}
[2026-09-25 19:44:00.021] [SFX] {"sound": "civ_move_2", "volume": 0.13}
[2026-09-25 19:44:00.105] [SFX] {"sound": "civ_move_1", "volume": 0.08}
[2026-09-25 19:44:00.154] [SFX] {"sound": "player_move", "volume": 0.4}
[2026-09-25 19:44:00.252] [SFX] {"sound": "civ_move_1", "volume": 0.14}
[2026-09-25 19:44:00.253] [SFX] {"sound": "civ_move_1", "volume": 0.19}
[2026-09-25 19:44:00.254] [SFX] {"sound": "civ_move_1", "volume": 0.15}
[2026-09-25 19:44:00.254] [SFX] {"sound": "civ_move_1", "volume": 0.04}
[2026-09-25 19:44:00.255] [SFX] {"sound": "civ_move_2", "volume": 0.01}
[2026-09-25 19:44:00.256] [SFX] {"sound": "civ_move_2", "volume": 0.12}
[2026-09-25 19:44:00.256] [SFX] {"sound": "civ_move_2", "volume": 0.29}
[2026-09-25 19:44:00.319] [C] {"civ_pos": [74, 60]}
[2026-09-25 19:44:00.421] [SFX] {"sound": "civ_move_2", "volume": 0.12}
[2026-09-25 19:44:00.454] [SFX] {"sound": "player_move", "volume": 0.4}
[2026-09-25 19:44:00.505] [SFX] {"sound": "civ_move_1", "volume": 0.08}
[2026-09-25 19:44:00.653] [SFX] {"sound": "civ_move_1", "volume": 0.1}
[2026-09-25 19:44:00.654] [SFX] {"sound": "civ_move_1", "volume": 0.15}
[2026-09-25 19:44:00.654] [SFX] {"sound": "civ_move_1", "volume": 0.11}
[2026-09-25 19:44:00.655] [SFX] {"sound": "civ_move_1", "volume": 0.0}
[2026-09-25 19:44:00.656] [SFX] {"sound": "civ_move_2", "volume": 0.04}
[2026-09-25 19:44:00.657] [SFX] {"sound": "civ_move_2", "volume": 0.13}
[2026-09-25 19:44:00.657] [SFX] {"sound": "civ_move_2", "volume": 0.23}
[2026-09-25 19:44:00.768] [SFX] {"sound": "player_move", "volume": 0.4}
[2026-09-25 19:44:00.837] [SFX] {"sound": "civ_move_2", "volume": 0.16}
[2026-09-25 19:44:00.920] [SFX] {"sound": "civ_move_1", "volume": 0.1}
[2026-09-25 19:44:01.054] [SFX] {"sound": "civ_move_1", "volume": 0.06}
[2026-09-25 19:44:01.055] [SFX] {"sound": "civ_move_1", "volume": 0.11}
[2026-09-25 19:44:01.056] [SFX] {"sound": "civ_move_1", "volume": 0.07}
[2026-09-25 19:44:01.057] [SFX] {"sound": "civ_move_2", "volume": 0.08}
[2026-09-25 19:44:01.058] [SFX] {"sound": "civ_move_2", "volume": 0.1}
[2026-09-25 19:44:01.059] [SFX] {"sound": "civ_move_2", "volume": 0.17}
[2026-09-25 19:44:01.077] [SFX] {"sound": "player_move", "volume": 0.4}
[2026-09-25 19:44:01.240] [SFX] {"sound": "civ_move_2", "volume": 0.19}
[2026-09-25 19:44:01.324] [SFX] {"sound": "civ_move_1", "volume": 0.15}
[2026-09-25 19:44:01.373] [SFX] {"sound": "player_move", "volume": 0.4}
[2026-09-25 19:44:01.455] [SFX] {"sound": "civ_move_1", "volume": 0.04}
[2026-09-25 19:44:01.456] [SFX] {"sound": "civ_move_1", "volume": 0.09}
[2026-09-25 19:44:01.456] [SFX] {"sound": "civ_move_1", "volume": 0.05}
[2026-09-25 19:44:01.457] [SFX] {"sound": "civ_move_2", "volume": 0.1}
[2026-09-25 19:44:01.458] [SFX] {"sound": "civ_move_2", "volume": 0.07}
[2026-09-25 19:44:01.459] [SFX] {"sound": "civ_move_2", "volume": 0.13}
[2026-09-25 19:44:01.651] [SFX] {"sound": "civ_move_2", "volume": 0.2}
[2026-09-25 19:44:01.684] [SFX] {"sound": "player_move", "volume": 0.4}
[2026-09-25 19:44:01.734] [SFX] {"sound": "civ_move_1", "volume": 0.14}
[2026-09-25 19:44:01.865] [SFX] {"sound": "civ_move_1", "volume": 0.02}
[2026-09-25 19:44:01.866] [SFX] {"sound": "civ_move_1", "volume": 0.07}
[2026-09-25 19:44:01.867] [SFX] {"sound": "civ_move_1", "volume": 0.03}
[2026-09-25 19:44:01.867] [SFX] {"sound": "civ_move_2", "volume": 0.13}
[2026-09-25 19:44:01.868] [SFX] {"sound": "civ_move_2", "volume": 0.06}
[2026-09-25 19:44:01.868] [SFX] {"sound": "civ_move_2", "volume": 0.09}
[2026-09-25 19:44:01.997] [SFX] {"sound": "player_move", "volume": 0.4}
[2026-09-25 19:44:02.062] [SFX] {"sound": "civ_move_2", "volume": 0.22}
[2026-09-25 19:44:02.146] [SFX] {"sound": "civ_move_1", "volume": 0.14}
[2026-09-25 19:44:02.278] [SFX] {"sound": "civ_move_1", "volume": 0.05}
[2026-09-25 19:44:02.278] [SFX] {"sound": "civ_move_1", "volume": 0.01}
[2026-09-25 19:44:02.279] [SFX] {"sound": "civ_move_2", "volume": 0.19}
[2026-09-25 19:44:02.280] [SFX] {"sound": "civ_move_2", "volume": 0.04}
[2026-09-25 19:44:02.310] [SFX] {"sound": "player_move", "volume": 0.4}
[2026-09-25 19:44:02.476] [SFX] {"sound": "civ_move_2", "volume": 0.22}
[2026-09-25 19:44:02.558] [SFX] {"sound": "civ_move_1", "volume": 0.16}
[2026-09-25 19:44:02.625] [SFX] {"sound": "player_move", "volume": 0.4}
[2026-09-25 19:44:02.691] [SFX] {"sound": "civ_move_1", "volume": 0.04}
[2026-09-25 19:44:02.692] [SFX] {"sound": "civ_move_1", "volume": 0.09}
[2026-09-25 19:44:02.693] [SFX] {"sound": "civ_move_1", "volume": 0.05}
[2026-09-25 19:44:02.694] [SFX] {"sound": "civ_move_2", "volume": 0.17}
[2026-09-25 19:44:02.694] [SFX] {"sound": "civ_move_2", "volume": 0.07}
[2026-09-25 19:44:02.695] [SFX] {"sound": "civ_move_2", "volume": 0.06}
[2026-09-25 19:44:02.889] [M] {"button": 4, "pos": [302, 189], "ui_clicked": false}
[2026-09-25 19:44:02.896] [SFX] {"sound": "civ_move_2", "volume": 0.21}
[2026-09-25 19:44:02.906] [M] {"button": 4, "pos": [302, 189], "ui_clicked": false}
[2026-09-25 19:44:02.940] [SFX] {"sound": "player_move", "volume": 0.4}
[2026-09-25 19:44:02.956] [M] {"button": 4, "pos": [302, 189], "ui_clicked": false}
[2026-09-25 19:44:02.974] [SFX] {"sound": "civ_move_1", "volume": 0.15}
[2026-09-25 19:44:03.105] [SFX] {"sound": "civ_move_1", "volume": 0.09}
[2026-09-25 19:44:03.105] [SFX] {"sound": "civ_move_1", "volume": 0.14}
[2026-09-25 19:44:03.106] [SFX] {"sound": "civ_move_1", "volume": 0.1}
[2026-09-25 19:44:03.107] [SFX] {"sound": "civ_move_1", "volume": 0.02}
[2026-09-25 19:44:03.107] [SFX] {"sound": "civ_move_2", "volume": 0.14}
[2026-09-25 19:44:03.108] [SFX] {"sound": "civ_move_2", "volume": 0.07}
[2026-09-25 19:44:03.109] [SFX] {"sound": "civ_move_2", "volume": 0.08}
[2026-09-25 19:44:03.270] [M] {"button": 4, "pos": [302, 189], "ui_clicked": false}
[2026-09-25 19:44:03.304] [SFX] {"sound": "civ_move_2", "volume": 0.21}
[2026-09-25 19:44:03.319] [M] {"button": 4, "pos": [302, 189], "ui_clicked": false}
[2026-09-25 19:44:03.387] [SFX] {"sound": "civ_move_1", "volume": 0.16}
[2026-09-25 19:44:03.521] [SFX] {"sound": "civ_move_1", "volume": 0.1}
[2026-09-25 19:44:03.521] [SFX] {"sound": "civ_move_1", "volume": 0.15}
[2026-09-25 19:44:03.522] [SFX] {"sound": "civ_move_1", "volume": 0.11}
[2026-09-25 19:44:03.523] [SFX] {"sound": "civ_move_1", "volume": 0.03}
[2026-09-25 19:44:03.524] [SFX] {"sound": "civ_move_2", "volume": 0.14}
[2026-09-25 19:44:03.525] [SFX] {"sound": "civ_move_2", "volume": 0.06}
[2026-09-25 19:44:03.525] [SFX] {"sound": "civ_move_2", "volume": 0.07}
[2026-09-25 19:44:03.716] [SFX] {"sound": "civ_move_2", "volume": 0.2}
[2026-09-25 19:44:03.797] [SFX] {"sound": "civ_move_1", "volume": 0.15}
[2026-09-25 19:44:03.930] [SFX] {"sound": "civ_move_1", "volume": 0.11}
[2026-09-25 19:44:03.931] [SFX] {"sound": "civ_move_1", "volume": 0.17}
[2026-09-25 19:44:03.932] [SFX] {"sound": "civ_move_1", "volume": 0.12}
[2026-09-25 19:44:03.932] [SFX] {"sound": "civ_move_1", "volume": 0.04}
[2026-09-25 19:44:03.933] [SFX] {"sound": "civ_move_2", "volume": 0.14}
[2026-09-25 19:44:03.933] [SFX] {"sound": "civ_move_2", "volume": 0.05}
[2026-09-25 19:44:03.934] [SFX] {"sound": "civ_move_2", "volume": 0.06}
[2026-09-25 19:44:04.127] [SFX] {"sound": "civ_move_2", "volume": 0.2}
[2026-09-25 19:44:04.210] [SFX] {"sound": "civ_move_1", "volume": 0.14}
[2026-09-25 19:44:04.344] [SFX] {"sound": "civ_move_1", "volume": 0.12}
[2026-09-25 19:44:04.344] [SFX] {"sound": "civ_move_1", "volume": 0.17}
[2026-09-25 19:44:04.345] [SFX] {"sound": "civ_move_1", "volume": 0.14}
[2026-09-25 19:44:04.345] [SFX] {"sound": "civ_move_1", "volume": 0.05}
[2026-09-25 19:44:04.346] [SFX] {"sound": "civ_move_2", "volume": 0.18}
[2026-09-25 19:44:04.347] [SFX] {"sound": "civ_move_2", "volume": 0.04}
[2026-09-25 19:44:04.347] [SFX] {"sound": "civ_move_2", "volume": 0.05}
[2026-09-25 19:44:04.540] [SFX] {"sound": "civ_move_2", "volume": 0.21}
[2026-09-25 19:44:04.608] [M] {"button": 1, "pos": [300, 171], "ui_clicked": false}
[2026-09-25 19:44:04.615] [P] {"start": [68, 79], "goal": [66, 78], "length": 2, "is_direction_change": false}
[2026-09-25 19:44:04.616] [SFX] {"sound": "click_target", "volume": 0.95}
[2026-09-25 19:44:04.651] [SFX] {"sound": "civ_move_1", "volume": 0.14}
[2026-09-25 19:44:04.728] [SFX] {"sound": "player_move", "volume": 0.4}
[2026-09-25 19:44:04.759] [SFX] {"sound": "civ_move_1", "volume": 0.14}
[2026-09-25 19:44:04.760] [SFX] {"sound": "civ_move_1", "volume": 0.18}
[2026-09-25 19:44:04.761] [SFX] {"sound": "civ_move_1", "volume": 0.08}
[2026-09-25 19:44:04.762] [SFX] {"sound": "civ_move_2", "volume": 0.19}
[2026-09-25 19:44:04.762] [SFX] {"sound": "civ_move_2", "volume": 0.04}
[2026-09-25 19:44:04.941] [SFX] {"sound": "civ_move_2", "volume": 0.22}
[2026-09-25 19:44:05.026] [SFX] {"sound": "civ_move_1", "volume": 0.14}
[2026-09-25 19:44:05.173] [SFX] {"sound": "civ_move_1", "volume": 0.15}
[2026-09-25 19:44:05.173] [SFX] {"sound": "civ_move_1", "volume": 0.19}
[2026-09-25 19:44:05.174] [SFX] {"sound": "civ_move_1", "volume": 0.09}
[2026-09-25 19:44:05.175] [SFX] {"sound": "civ_move_2", "volume": 0.19}
[2026-09-25 19:44:05.176] [SFX] {"sound": "civ_move_2", "volume": 0.03}
[2026-09-25 19:44:05.353] [SFX] {"sound": "civ_move_2", "volume": 0.21}
[2026-09-25 19:44:05.435] [SFX] {"sound": "civ_move_1", "volume": 0.13}
[2026-09-25 19:44:05.583] [SFX] {"sound": "civ_move_1", "volume": 0.16}
[2026-09-25 19:44:05.584] [SFX] {"sound": "civ_move_1", "volume": 0.2}
[2026-09-25 19:44:05.585] [SFX] {"sound": "civ_move_1", "volume": 0.1}
[2026-09-25 19:44:05.586] [SFX] {"sound": "civ_move_2", "volume": 0.19}
[2026-09-25 19:44:05.586] [SFX] {"sound": "civ_move_2", "volume": 0.02}
[2026-09-25 19:44:05.767] [SFX] {"sound": "civ_move_2", "volume": 0.22}
[2026-09-25 19:44:05.848] [SFX] {"sound": "civ_move_1", "volume": 0.12}
[2026-09-25 19:44:05.998] [SFX] {"sound": "civ_move_1", "volume": 0.21}
[2026-09-25 19:44:05.999] [SFX] {"sound": "civ_move_1", "volume": 0.11}
[2026-09-25 19:44:06.000] [SFX] {"sound": "civ_move_2", "volume": 0.18}
[2026-09-25 19:44:06.000] [SFX] {"sound": "civ_move_2", "volume": 0.0}
[2026-09-25 19:44:06.022] [SFX] {"sound": "civ_move_1", "volume": 0.17}
[2026-09-25 19:44:06.146] [M] {"button": 1, "pos": [273, 252], "ui_clicked": false}
[2026-09-25 19:44:06.153] [SFX] {"sound": "click_target", "volume": 0.65}
[2026-09-25 19:44:06.179] [SFX] {"sound": "civ_move_2", "volume": 0.23}
[2026-09-25 19:44:06.229] [C] {"civ_pos": [68, 79]}
[2026-09-25 19:44:06.281] [SFX] {"sound": "civ_move_1", "volume": 0.1}
[2026-09-25 19:44:06.415] [SFX] {"sound": "player_move", "volume": 0.4}
[2026-09-25 19:44:06.415] [SFX] {"sound": "civ_move_1", "volume": 0.19}
[2026-09-25 19:44:06.416] [SFX] {"sound": "civ_move_1", "volume": 0.09}
[2026-09-25 19:44:06.417] [SFX] {"sound": "civ_move_2", "volume": 0.16}
[2026-09-25 19:44:06.438] [SFX] {"sound": "civ_move_1", "volume": 0.17}
[2026-09-25 19:44:06.597] [SFX] {"sound": "civ_move_2", "volume": 0.28}
[2026-09-25 19:44:06.682] [SFX] {"sound": "civ_move_1", "volume": 0.08}
[2026-09-25 19:44:06.714] [SFX] {"sound": "player_move", "volume": 0.4}
[2026-09-25 19:44:06.830] [SFX] {"sound": "civ_move_1", "volume": 0.16}
[2026-09-25 19:44:06.830] [SFX] {"sound": "civ_move_1", "volume": 0.1}
[2026-09-25 19:44:06.831] [SFX] {"sound": "civ_move_2", "volume": 0.16}
[2026-09-25 19:44:06.852] [SFX] {"sound": "civ_move_1", "volume": 0.15}
[2026-09-25 19:44:07.010] [SFX] {"sound": "civ_move_2", "volume": 0.27}
[2026-09-25 19:44:07.092] [SFX] {"sound": "civ_move_1", "volume": 0.06}
[2026-09-25 19:44:07.239] [SFX] {"sound": "civ_move_1", "volume": 0.12}
[2026-09-25 19:44:07.240] [SFX] {"sound": "civ_move_2", "volume": 0.15}
[2026-09-25 19:44:07.263] [SFX] {"sound": "civ_move_1", "volume": 0.16}
[2026-09-25 19:44:07.421] [SFX] {"sound": "civ_move_2", "volume": 0.28}
[2026-09-25 19:44:07.503] [SFX] {"sound": "civ_move_1", "volume": 0.05}
[2026-09-25 19:44:07.653] [SFX] {"sound": "civ_move_1", "volume": 0.13}
[2026-09-25 19:44:07.653] [SFX] {"sound": "civ_move_2", "volume": 0.14}
[2026-09-25 19:44:07.675] [SFX] {"sound": "civ_move_1", "volume": 0.16}
[2026-09-25 19:44:07.676] [SFX] {"sound": "civ_move_1", "volume": 0.17}
[2026-09-25 19:44:07.840] [SFX] {"sound": "civ_move_2", "volume": 0.29}
[2026-09-25 19:44:07.917] [SFX] {"sound": "civ_move_1", "volume": 0.04}
[2026-09-25 19:44:08.065] [SFX] {"sound": "civ_move_1", "volume": 0.14}
[2026-09-25 19:44:08.066] [SFX] {"sound": "civ_move_2", "volume": 0.13}
[2026-09-25 19:44:08.086] [SFX] {"sound": "civ_move_1", "volume": 0.17}
[2026-09-25 19:44:08.087] [SFX] {"sound": "civ_move_1", "volume": 0.16}
[2026-09-25 19:44:08.247] [SFX] {"sound": "civ_move_2", "volume": 0.3}
[2026-09-25 19:44:08.330] [SFX] {"sound": "civ_move_1", "volume": 0.03}
[2026-09-25 19:44:08.372] [M] {"button": 1, "pos": [437, 289], "ui_clicked": true}
[2026-09-25 19:44:08.479] [SFX] {"sound": "civ_move_1", "volume": 0.18}
[2026-09-25 19:44:08.480] [SFX] {"sound": "civ_move_1", "volume": 0.16}
[2026-09-25 19:44:08.481] [SFX] {"sound": "civ_move_1", "volume": 0.15}
[2026-09-25 19:44:08.482] [SFX] {"sound": "civ_move_2", "volume": 0.11}
[2026-09-25 19:44:08.513] [SFX] {"sound": "infiltrate 1", "volume": 0.5}
[2026-09-25 19:44:08.534] [SFX] {"sound": "threat_pulse", "volume": 0.31}
[2026-09-25 19:44:08.660] [SFX] {"sound": "civ_move_2", "volume": 0.23}
[2026-09-25 19:44:08.745] [SFX] {"sound": "civ_move_1", "volume": 0.02}
[2026-09-25 19:44:08.746] [C] {"civ_pos": [64, 84]}
[2026-09-25 19:44:08.882] [SFX] {"sound": "civ_move_1", "volume": 0.19}
[2026-09-25 19:44:08.883] [SFX] {"sound": "civ_move_1", "volume": 0.15}
[2026-09-25 19:44:08.883] [SFX] {"sound": "civ_move_1", "volume": 0.16}
[2026-09-25 19:44:08.884] [SFX] {"sound": "civ_move_2", "volume": 0.1}
[2026-09-25 19:44:08.915] [SFX] {"sound": "infiltrate 2", "volume": 0.5}
[2026-09-25 19:44:09.063] [SFX] {"sound": "civ_move_2", "volume": 0.23}
[2026-09-25 19:44:09.146] [SFX] {"sound": "civ_move_1", "volume": 0.0}
[2026-09-25 19:44:09.281] [SFX] {"sound": "civ_move_1", "volume": 0.2}
[2026-09-25 19:44:09.282] [SFX] {"sound": "civ_move_1", "volume": 0.13}
[2026-09-25 19:44:09.283] [SFX] {"sound": "civ_move_1", "volume": 0.17}
[2026-09-25 19:44:09.283] [SFX] {"sound": "civ_move_2", "volume": 0.09}
[2026-09-25 19:44:09.315] [SFX] {"sound": "infiltrate 1", "volume": 0.5}
[2026-09-25 19:44:09.430] [SFX] {"sound": "threat_pulse", "volume": 0.4}
[2026-09-25 19:44:09.464] [SFX] {"sound": "civ_move_2", "volume": 0.22}
[2026-09-25 19:44:09.695] [SFX] {"sound": "civ_move_1", "volume": 0.21}
[2026-09-25 19:44:09.695] [SFX] {"sound": "civ_move_1", "volume": 0.13}
[2026-09-25 19:44:09.696] [SFX] {"sound": "civ_move_1", "volume": 0.17}
[2026-09-25 19:44:09.697] [SFX] {"sound": "civ_move_2", "volume": 0.08}
[2026-09-25 19:44:09.726] [SFX] {"sound": "infiltrate 1", "volume": 0.5}
[2026-09-25 19:44:09.874] [SFX] {"sound": "civ_move_2", "volume": 0.21}
[2026-09-25 19:44:10.105] [SFX] {"sound": "civ_move_1", "volume": 0.22}
[2026-09-25 19:44:10.106] [SFX] {"sound": "civ_move_1", "volume": 0.13}
[2026-09-25 19:44:10.107] [SFX] {"sound": "civ_move_1", "volume": 0.18}
[2026-09-25 19:44:10.108] [SFX] {"sound": "civ_move_2", "volume": 0.07}
[2026-09-25 19:44:10.139] [SFX] {"sound": "infiltrate 1", "volume": 0.5}
[2026-09-25 19:44:10.237] [SFX] {"sound": "threat_pulse", "volume": 0.48}
[2026-09-25 19:44:10.287] [SFX] {"sound": "civ_move_2", "volume": 0.21}
[2026-09-25 19:44:10.518] [SFX] {"sound": "civ_move_1", "volume": 0.23}
[2026-09-25 19:44:10.519] [SFX] {"sound": "civ_move_1", "volume": 0.14}
[2026-09-25 19:44:10.519] [SFX] {"sound": "civ_move_1", "volume": 0.19}
[2026-09-25 19:44:10.520] [SFX] {"sound": "civ_move_2", "volume": 0.06}
[2026-09-25 19:44:10.557] [SFX] {"sound": "infiltrate 2", "volume": 0.5}
[2026-09-25 19:44:10.644] [JACK] Überall Wacheinheiten... Ihr bedrohliches Summen brennt sich ins Deck.
[2026-09-25 19:44:10.687] [SFX] {"sound": "civ_move_2", "volume": 0.21}
[2026-09-25 19:44:10.837] [SFX] {"sound": "threat_pulse", "volume": 0.54}
[2026-09-25 19:44:10.918] [SFX] {"sound": "civ_move_1", "volume": 0.23}
[2026-09-25 19:44:10.919] [SFX] {"sound": "civ_move_1", "volume": 0.15}
[2026-09-25 19:44:10.920] [SFX] {"sound": "civ_move_1", "volume": 0.2}
[2026-09-25 19:44:10.920] [SFX] {"sound": "civ_move_2", "volume": 0.05}
[2026-09-25 19:44:10.953] [SFX] {"sound": "infiltrate 2", "volume": 0.5}
[2026-09-25 19:44:11.100] [SFX] {"sound": "civ_move_2", "volume": 0.21}
[2026-09-25 19:44:11.331] [SFX] {"sound": "civ_move_1", "volume": 0.23}
[2026-09-25 19:44:11.331] [SFX] {"sound": "civ_move_1", "volume": 0.16}
[2026-09-25 19:44:11.332] [SFX] {"sound": "civ_move_1", "volume": 0.2}
[2026-09-25 19:44:11.333] [SFX] {"sound": "civ_move_2", "volume": 0.04}
[2026-09-25 19:44:11.357] [SFX] {"sound": "threat_pulse", "volume": 0.59}
[2026-09-25 19:44:11.374] [SFX] {"sound": "infiltrate 1", "volume": 0.5}
[2026-09-25 19:44:11.374] [SFX] {"sound": "hack_success", "volume": 1.0}
[2026-09-25 19:44:11.502] [SFX] {"sound": "civ_move_2", "volume": 0.22}
[2026-09-25 19:44:11.656] [SFX] {"sound": "threat_pulse", "volume": 0.58}
[2026-09-25 19:44:11.737] [SFX] {"sound": "civ_move_1", "volume": 0.22}
[2026-09-25 19:44:11.738] [SFX] {"sound": "civ_move_1", "volume": 0.16}
[2026-09-25 19:44:11.739] [SFX] {"sound": "civ_move_1", "volume": 0.21}
[2026-09-25 19:44:11.740] [SFX] {"sound": "civ_move_2", "volume": 0.03}
[2026-09-25 19:44:11.905] [SFX] {"sound": "civ_move_2", "volume": 0.21}
[2026-09-25 19:44:12.071] [SFX] {"sound": "threat_pulse", "volume": 0.56}
[2026-09-25 19:44:12.103] [M] {"button": 1, "pos": [353, 218], "ui_clicked": false}
[2026-09-25 19:44:12.109] [P] {"start": [64, 83], "goal": [66, 86], "length": 3, "is_direction_change": false}
[2026-09-25 19:44:12.110] [SFX] {"sound": "click_target", "volume": 0.71}
[2026-09-25 19:44:12.134] [JACK] Diese Bedrohung ist greifbar... Die Wachen dürfen unser Signal nicht isolieren.
[2026-09-25 19:44:12.150] [SFX] {"sound": "civ_move_1", "volume": 0.22}
[2026-09-25 19:44:12.151] [SFX] {"sound": "civ_move_1", "volume": 0.15}
[2026-09-25 19:44:12.151] [SFX] {"sound": "civ_move_1", "volume": 0.21}
[2026-09-25 19:44:12.152] [SFX] {"sound": "civ_move_2", "volume": 0.01}
[2026-09-25 19:44:12.312] [SFX] {"sound": "civ_move_2", "volume": 0.26}
[2026-09-25 19:44:12.478] [SFX] {"sound": "threat_pulse", "volume": 0.53}
[2026-09-25 19:44:12.544] [SFX] {"sound": "civ_move_1", "volume": 0.24}
[2026-09-25 19:44:12.545] [SFX] {"sound": "civ_move_1", "volume": 0.19}
[2026-09-25 19:44:12.725] [SFX] {"sound": "civ_move_2", "volume": 0.25}
[2026-09-25 19:44:12.955] [SFX] {"sound": "civ_move_1", "volume": 0.25}
[2026-09-25 19:44:12.956] [SFX] {"sound": "civ_move_1", "volume": 0.19}
[2026-09-25 19:44:12.988] [SFX] {"sound": "threat_pulse", "volume": 0.51}
[2026-09-25 19:44:13.136] [SFX] {"sound": "civ_move_2", "volume": 0.24}
[2026-09-25 19:44:13.334] [SFX] {"sound": "guardian_move", "volume": 0.26}
[2026-09-25 19:44:13.368] [SFX] {"sound": "civ_move_1", "volume": 0.26}
[2026-09-25 19:44:13.369] [SFX] {"sound": "civ_move_1", "volume": 0.16}
[2026-09-25 19:44:13.504] [SFX] {"sound": "threat_pulse", "volume": 0.48}
[2026-09-25 19:44:13.536] [SFX] {"sound": "civ_move_2", "volume": 0.23}
[2026-09-25 19:44:13.783] [SFX] {"sound": "civ_move_1", "volume": 0.27}
[2026-09-25 19:44:13.784] [SFX] {"sound": "civ_move_1", "volume": 0.16}
[2026-09-25 19:44:13.918] [SFX] {"sound": "civ_move_1", "volume": 0.15}
[2026-09-25 19:44:13.950] [SFX] {"sound": "civ_move_2", "volume": 0.23}
[2026-09-25 19:44:13.971] [SFX] {"sound": "guardian_move", "volume": 0.26}
[2026-09-25 19:44:13.998] [M] {"button": 1, "pos": [376, 159], "ui_clicked": false}
[2026-09-25 19:44:14.005] [P] {"start": [66, 86], "goal": [70, 84], "length": 4, "is_direction_change": false}
[2026-09-25 19:44:14.006] [SFX] {"sound": "click_target", "volume": 0.87}
[2026-09-25 19:44:14.045] [JACK] Verdammt, die Sentinels kreisen um uns... Ich habe echte Angst, ertappt zu werden!
[2026-09-25 19:44:14.061] [SFX] {"sound": "player_move", "volume": 0.4}
[2026-09-25 19:44:14.120] [SFX] {"sound": "threat_pulse", "volume": 0.45}
[2026-09-25 19:44:14.184] [SFX] {"sound": "civ_move_1", "volume": 0.27}
[2026-09-25 19:44:14.185] [SFX] {"sound": "civ_move_1", "volume": 0.15}
[2026-09-25 19:44:14.299] [C] {"civ_pos": [68, 84]}
[2026-09-25 19:44:14.349] [SFX] {"sound": "civ_move_2", "volume": 0.25}
[2026-09-25 19:44:14.350] [SFX] {"sound": "civ_move_1", "volume": 0.15}
[2026-09-25 19:44:14.371] [SFX] {"sound": "player_move", "volume": 0.4}
[2026-09-25 19:44:14.398] [SFX] {"sound": "civ_move_2", "volume": 0.15}
[2026-09-25 19:44:14.578] [SFX] {"sound": "guardian_move", "volume": 0.17}
[2026-09-25 19:44:14.602] [SFX] {"sound": "civ_move_1", "volume": 0.12}
[2026-09-25 19:44:14.762] [SFX] {"sound": "civ_move_2", "volume": 0.26}
[2026-09-25 19:44:14.763] [SFX] {"sound": "civ_move_1", "volume": 0.14}
[2026-09-25 19:44:14.812] [SFX] {"sound": "civ_move_2", "volume": 0.14}
[2026-09-25 19:44:14.834] [SFX] {"sound": "threat_pulse", "volume": 0.42}
[2026-09-25 19:44:14.997] [SFX] {"sound": "civ_move_1", "volume": 0.12}
[2026-09-25 19:44:15.177] [SFX] {"sound": "civ_move_2", "volume": 0.25}
[2026-09-25 19:44:15.178] [SFX] {"sound": "civ_move_1", "volume": 0.14}
[2026-09-25 19:44:15.200] [SFX] {"sound": "guardian_move", "volume": 0.17}
[2026-09-25 19:44:15.221] [SFX] {"sound": "civ_move_2", "volume": 0.13}
[2026-09-25 19:44:15.398] [SFX] {"sound": "civ_move_1", "volume": 0.12}
[2026-09-25 19:44:15.581] [SFX] {"sound": "civ_move_2", "volume": 0.24}
[2026-09-25 19:44:15.583] [SFX] {"sound": "civ_move_1", "volume": 0.14}
[2026-09-25 19:44:15.618] [SFX] {"sound": "civ_move_2", "volume": 0.12}
[2026-09-25 19:44:15.641] [SFX] {"sound": "threat_pulse", "volume": 0.38}
[2026-09-25 19:44:15.768] [M] {"button": 1, "pos": [374, 91], "ui_clicked": false}
[2026-09-25 19:44:15.775] [P] {"start": [70, 84], "goal": [74, 76], "length": 7, "is_direction_change": false}
[2026-09-25 19:44:15.776] [SFX] {"sound": "click_target", "volume": 0.77}
[2026-09-25 19:44:15.812] [JACK] Achtung! Guardians patrouillieren den Sektor. Wir müssen extrem vorsichtig sein!
[2026-09-25 19:44:15.827] [SFX] {"sound": "guardian_move", "volume": 0.15}
[2026-09-25 19:44:15.828] [SFX] {"sound": "civ_move_1", "volume": 0.11}
[2026-09-25 19:44:15.870] [SFX] {"sound": "civ_move_2", "volume": 0.1}
[2026-09-25 19:44:15.919] [SFX] {"sound": "player_move", "volume": 0.4}
[2026-09-25 19:44:15.985] [SFX] {"sound": "civ_move_2", "volume": 0.25}
[2026-09-25 19:44:15.986] [SFX] {"sound": "civ_move_1", "volume": 0.13}
[2026-09-25 19:44:16.017] [SFX] {"sound": "civ_move_2", "volume": 0.12}
[2026-09-25 19:44:16.098] [SFX] {"sound": "civ_move_1", "volume": 0.01}
[2026-09-25 19:44:16.231] [SFX] {"sound": "player_move", "volume": 0.4}
[2026-09-25 19:44:16.231] [SFX] {"sound": "civ_move_1", "volume": 0.07}
[2026-09-25 19:44:16.282] [SFX] {"sound": "civ_move_2", "volume": 0.08}
[2026-09-25 19:44:16.397] [SFX] {"sound": "civ_move_2", "volume": 0.27}
[2026-09-25 19:44:16.397] [SFX] {"sound": "civ_move_1", "volume": 0.11}
[2026-09-25 19:44:16.430] [SFX] {"sound": "guardian_move", "volume": 0.11}
[2026-09-25 19:44:16.431] [SFX] {"sound": "civ_move_2", "volume": 0.14}
[2026-09-25 19:44:16.530] [SFX] {"sound": "player_move", "volume": 0.4}
[2026-09-25 19:44:16.554] [SFX] {"sound": "threat_pulse", "volume": 0.33}
[2026-09-25 19:44:16.630] [SFX] {"sound": "civ_move_1", "volume": 0.05}
[2026-09-25 19:44:16.681] [SFX] {"sound": "civ_move_2", "volume": 0.05}
[2026-09-25 19:44:16.797] [SFX] {"sound": "civ_move_2", "volume": 0.28}
[2026-09-25 19:44:16.798] [SFX] {"sound": "civ_move_1", "volume": 0.1}
[2026-09-25 19:44:16.847] [SFX] {"sound": "civ_move_2", "volume": 0.14}
[2026-09-25 19:44:16.898] [SFX] {"sound": "civ_move_1", "volume": 0.0}
[2026-09-25 19:44:17.033] [SFX] {"sound": "guardian_move", "volume": 0.07}
[2026-09-25 19:44:17.034] [SFX] {"sound": "civ_move_1", "volume": 0.05}
[2026-09-25 19:44:17.085] [SFX] {"sound": "civ_move_2", "volume": 0.05}
[2026-09-25 19:44:17.201] [SFX] {"sound": "civ_move_2", "volume": 0.27}
[2026-09-25 19:44:17.202] [SFX] {"sound": "civ_move_1", "volume": 0.1}
[2026-09-25 19:44:17.252] [SFX] {"sound": "civ_move_2", "volume": 0.13}
[2026-09-25 19:44:17.301] [SFX] {"sound": "civ_move_1", "volume": 0.01}
[2026-09-25 19:44:17.448] [SFX] {"sound": "civ_move_1", "volume": 0.05}
[2026-09-25 19:44:17.498] [SFX] {"sound": "civ_move_2", "volume": 0.05}
[2026-09-25 19:44:17.616] [SFX] {"sound": "civ_move_2", "volume": 0.25}
[2026-09-25 19:44:17.617] [SFX] {"sound": "civ_move_1", "volume": 0.09}
[2026-09-25 19:44:17.643] [SFX] {"sound": "guardian_move", "volume": 0.06}
[2026-09-25 19:44:17.659] [SFX] {"sound": "civ_move_2", "volume": 0.12}
[2026-09-25 19:44:17.703] [SFX] {"sound": "civ_move_1", "volume": 0.02}
[2026-09-25 19:44:17.852] [SFX] {"sound": "civ_move_1", "volume": 0.06}
[2026-09-25 19:44:17.901] [SFX] {"sound": "civ_move_2", "volume": 0.06}
[2026-09-25 19:44:18.017] [SFX] {"sound": "civ_move_2", "volume": 0.24}
[2026-09-25 19:44:18.018] [SFX] {"sound": "civ_move_1", "volume": 0.09}
[2026-09-25 19:44:18.066] [SFX] {"sound": "civ_move_2", "volume": 0.1}
[2026-09-25 19:44:18.117] [SFX] {"sound": "civ_move_1", "volume": 0.03}
[2026-09-25 19:44:18.250] [SFX] {"sound": "guardian_move", "volume": 0.07}
[2026-09-25 19:44:18.272] [SFX] {"sound": "civ_move_1", "volume": 0.07}
[2026-09-25 19:44:18.316] [SFX] {"sound": "civ_move_2", "volume": 0.06}
[2026-09-25 19:44:18.417] [SFX] {"sound": "civ_move_2", "volume": 0.23}
[2026-09-25 19:44:18.418] [SFX] {"sound": "civ_move_1", "volume": 0.09}
[2026-09-25 19:44:18.467] [M] {"button": 1, "pos": [413, 48], "ui_clicked": false}
[2026-09-25 19:44:18.474] [SFX] {"sound": "civ_move_2", "volume": 0.09}
[2026-09-25 19:44:18.475] [P] {"start": [74, 76], "goal": [82, 64], "length": 4, "is_direction_change": false}
[2026-09-25 19:44:18.476] [SFX] {"sound": "click_target", "volume": 0.65}
[2026-09-25 19:44:18.523] [SFX] {"sound": "civ_move_1", "volume": 0.03}
[2026-09-25 19:44:18.669] [SFX] {"sound": "player_move", "volume": 0.4}
[2026-09-25 19:44:18.670] [SFX] {"sound": "civ_move_2", "volume": 0.03}
[2026-09-25 19:44:18.671] [SFX] {"sound": "civ_move_1", "volume": 0.05}
[2026-09-25 19:44:18.692] [SFX] {"sound": "civ_move_2", "volume": 0.02}
[2026-09-25 19:44:18.719] [SFX] {"sound": "civ_move_2", "volume": 0.04}
[2026-09-25 19:44:18.817] [SFX] {"sound": "civ_move_2", "volume": 0.27}
[2026-09-25 19:44:18.818] [SFX] {"sound": "civ_move_1", "volume": 0.05}
[2026-09-25 19:44:18.851] [SFX] {"sound": "guardian_move", "volume": 0.03}
[2026-09-25 19:44:18.874] [SFX] {"sound": "civ_move_2", "volume": 0.14}
[2026-09-25 19:44:18.933] [SFX] {"sound": "civ_move_1", "volume": 0.01}
[2026-09-25 19:44:18.983] [SFX] {"sound": "player_move", "volume": 0.4}
[2026-09-25 19:44:19.083] [SFX] {"sound": "civ_move_2", "volume": 0.07}
[2026-09-25 19:44:19.084] [SFX] {"sound": "civ_move_1", "volume": 0.02}
[2026-09-25 19:44:19.106] [SFX] {"sound": "civ_move_2", "volume": 0.02}
[2026-09-25 19:44:19.232] [SFX] {"sound": "civ_move_2", "volume": 0.25}
[2026-09-25 19:44:19.233] [SFX] {"sound": "civ_move_1", "volume": 0.04}
[2026-09-25 19:44:19.282] [SFX] {"sound": "civ_move_2", "volume": 0.14}
[2026-09-25 19:44:19.304] [SFX] {"sound": "player_move", "volume": 0.4}
[2026-09-25 19:44:19.348] [SFX] {"sound": "civ_move_1", "volume": 0.01}
[2026-09-25 19:44:19.364] [JACK] JACK // PROXY SAFE - SANCTUARY ACTIVE
[2026-09-25 19:44:19.497] [SFX] {"sound": "civ_move_2", "volume": 0.11}
[2026-09-25 19:44:19.519] [SFX] {"sound": "civ_move_2", "volume": 0.03}
[2026-09-25 19:44:19.645] [SFX] {"sound": "civ_move_2", "volume": 0.24}
[2026-09-25 19:44:19.645] [SFX] {"sound": "civ_move_1", "volume": 0.02}
[2026-09-25 19:44:19.693] [SFX] {"sound": "civ_move_2", "volume": 0.13}
[2026-09-25 19:44:19.760] [SFX] {"sound": "civ_move_1", "volume": 0.01}
[2026-09-25 19:44:19.907] [SFX] {"sound": "civ_move_2", "volume": 0.12}
[2026-09-25 19:44:19.929] [SFX] {"sound": "civ_move_2", "volume": 0.04}
[2026-09-25 19:44:20.057] [SFX] {"sound": "civ_move_2", "volume": 0.23}
[2026-09-25 19:44:20.057] [SFX] {"sound": "civ_move_1", "volume": 0.02}
[2026-09-25 19:44:20.107] [SFX] {"sound": "civ_move_2", "volume": 0.12}
[2026-09-25 19:44:20.173] [SFX] {"sound": "civ_move_1", "volume": 0.02}
[2026-09-25 19:44:20.322] [SFX] {"sound": "civ_move_2", "volume": 0.13}
[2026-09-25 19:44:20.322] [SFX] {"sound": "civ_move_1", "volume": 0.0}
[2026-09-25 19:44:20.343] [SFX] {"sound": "civ_move_2", "volume": 0.04}
[2026-09-25 19:44:20.369] [SFX] {"sound": "civ_move_2", "volume": 0.0}
[2026-09-25 19:44:20.469] [SFX] {"sound": "civ_move_2", "volume": 0.23}
[2026-09-25 19:44:20.470] [SFX] {"sound": "civ_move_1", "volume": 0.02}
[2026-09-25 19:44:20.519] [SFX] {"sound": "civ_move_2", "volume": 0.11}
[2026-09-25 19:44:20.583] [SFX] {"sound": "civ_move_1", "volume": 0.02}
[2026-09-25 19:44:20.735] [SFX] {"sound": "civ_move_2", "volume": 0.14}
[2026-09-25 19:44:20.735] [SFX] {"sound": "civ_move_1", "volume": 0.01}
[2026-09-25 19:44:20.757] [SFX] {"sound": "civ_move_2", "volume": 0.05}
[2026-09-25 19:44:20.775] [SFX] {"sound": "civ_move_2", "volume": 0.01}
[2026-09-25 19:44:20.870] [SFX] {"sound": "civ_move_2", "volume": 0.22}
[2026-09-25 19:44:20.871] [SFX] {"sound": "civ_move_1", "volume": 0.02}
[2026-09-25 19:44:20.934] [SFX] {"sound": "civ_move_2", "volume": 0.1}
[2026-09-25 19:44:20.983] [SFX] {"sound": "civ_move_1", "volume": 0.02}
[2026-09-25 19:44:21.148] [SFX] {"sound": "civ_move_2", "volume": 0.15}
[2026-09-25 19:44:21.149] [SFX] {"sound": "civ_move_1", "volume": 0.01}
[2026-09-25 19:44:21.170] [SFX] {"sound": "civ_move_2", "volume": 0.05}
[2026-09-25 19:44:21.181] [M] {"button": 1, "pos": [327, 66], "ui_clicked": false}
[2026-09-25 19:44:21.189] [SFX] {"sound": "civ_move_2", "volume": 0.01}
[2026-09-25 19:44:21.190] [P] {"start": [82, 64], "goal": [82, 54], "length": 1, "is_direction_change": false}
[2026-09-25 19:44:21.191] [SFX] {"sound": "click_target", "volume": 0.75}
[2026-09-25 19:44:21.277] [SFX] {"sound": "civ_move_2", "volume": 0.22}
[2026-09-25 19:44:21.278] [SFX] {"sound": "civ_move_1", "volume": 0.0}
[2026-09-25 19:44:21.300] [SFX] {"sound": "player_move", "volume": 0.4}
[2026-09-25 19:44:21.342] [SFX] {"sound": "civ_move_2", "volume": 0.11}
[2026-09-25 19:44:21.554] [SFX] {"sound": "civ_move_2", "volume": 0.22}
[2026-09-25 19:44:21.576] [SFX] {"sound": "civ_move_2", "volume": 0.07}
[2026-09-25 19:44:21.603] [SFX] {"sound": "player_move", "volume": 0.4}
[2026-09-25 19:44:21.687] [SFX] {"sound": "civ_move_2", "volume": 0.24}
[2026-09-25 19:44:21.752] [SFX] {"sound": "civ_move_2", "volume": 0.15}
[2026-09-25 19:44:21.965] [SFX] {"sound": "civ_move_2", "volume": 0.24}
[2026-09-25 19:44:21.986] [SFX] {"sound": "civ_move_2", "volume": 0.06}
[2026-09-25 19:44:22.095] [SFX] {"sound": "civ_move_2", "volume": 0.24}
[2026-09-25 19:44:22.161] [SFX] {"sound": "civ_move_2", "volume": 0.14}
[2026-09-25 19:44:22.377] [SFX] {"sound": "civ_move_2", "volume": 0.25}
[2026-09-25 19:44:22.400] [SFX] {"sound": "civ_move_2", "volume": 0.06}
[2026-09-25 19:44:22.510] [SFX] {"sound": "civ_move_2", "volume": 0.23}
[2026-09-25 19:44:22.576] [SFX] {"sound": "civ_move_2", "volume": 0.12}
[2026-09-25 19:44:22.642] [SFX] {"sound": "civ_move_2", "volume": 0.17}
[2026-09-25 19:44:22.789] [SFX] {"sound": "civ_move_2", "volume": 0.25}
[2026-09-25 19:44:22.790] [SFX] {"sound": "civ_move_2", "volume": 0.0}
[2026-09-25 19:44:22.812] [SFX] {"sound": "civ_move_2", "volume": 0.06}
[2026-09-25 19:44:22.888] [SFX] {"sound": "civ_move_1", "volume": 0.01}
[2026-09-25 19:44:22.921] [SFX] {"sound": "civ_move_2", "volume": 0.23}
[2026-09-25 19:44:22.986] [SFX] {"sound": "civ_move_2", "volume": 0.11}
[2026-09-25 19:44:23.052] [SFX] {"sound": "civ_move_2", "volume": 0.16}
[2026-09-25 19:44:23.198] [SFX] {"sound": "civ_move_2", "volume": 0.25}
[2026-09-25 19:44:23.199] [SFX] {"sound": "civ_move_2", "volume": 0.02}
[2026-09-25 19:44:23.215] [M] {"button": 1, "pos": [337, 256], "ui_clicked": false}
[2026-09-25 19:44:23.223] [SFX] {"sound": "civ_move_2", "volume": 0.06}
[2026-09-25 19:44:23.300] [SFX] {"sound": "civ_move_1", "volume": 0.01}
[2026-09-25 19:44:23.333] [SFX] {"sound": "civ_move_2", "volume": 0.22}
[2026-09-25 19:44:23.397] [SFX] {"sound": "civ_move_2", "volume": 0.1}
[2026-09-25 19:44:23.464] [SFX] {"sound": "civ_move_2", "volume": 0.15}
[2026-09-25 19:44:23.610] [SFX] {"sound": "civ_move_2", "volume": 0.2}
[2026-09-25 19:44:23.611] [SFX] {"sound": "civ_move_2", "volume": 0.03}
[2026-09-25 19:44:23.634] [SFX] {"sound": "civ_move_2", "volume": 0.06}
[2026-09-25 19:44:23.711] [SFX] {"sound": "civ_move_1", "volume": 0.02}
[2026-09-25 19:44:23.743] [SFX] {"sound": "civ_move_2", "volume": 0.21}
[2026-09-25 19:44:23.807] [SFX] {"sound": "civ_move_2", "volume": 0.09}
[2026-09-25 19:44:23.873] [SFX] {"sound": "civ_move_2", "volume": 0.14}
[2026-09-25 19:44:23.954] [M] {"button": 1, "pos": [322, 257], "ui_clicked": false}
[2026-09-25 19:44:23.961] [P] {"start": [82, 54], "goal": [82, 60], "length": 1, "is_direction_change": false}
[2026-09-25 19:44:23.962] [SFX] {"sound": "click_target", "volume": 0.67}
[2026-09-25 19:44:24.021] [SFX] {"sound": "civ_move_2", "volume": 0.2}
[2026-09-25 19:44:24.022] [SFX] {"sound": "civ_move_2", "volume": 0.03}
[2026-09-25 19:44:24.045] [SFX] {"sound": "civ_move_2", "volume": 0.06}
[2026-09-25 19:44:24.121] [SFX] {"sound": "civ_move_1", "volume": 0.01}
[2026-09-25 19:44:24.153] [SFX] {"sound": "civ_move_2", "volume": 0.18}
[2026-09-25 19:44:24.201] [SFX] {"sound": "player_move", "volume": 0.4}
[2026-09-25 19:44:24.225] [SFX] {"sound": "civ_move_2", "volume": 0.04}
[2026-09-25 19:44:24.286] [SFX] {"sound": "civ_move_2", "volume": 0.09}
[2026-09-25 19:44:24.434] [SFX] {"sound": "civ_move_2", "volume": 0.25}
[2026-09-25 19:44:24.435] [SFX] {"sound": "civ_move_2", "volume": 0.01}
[2026-09-25 19:44:24.456] [SFX] {"sound": "civ_move_2", "volume": 0.06}
[2026-09-25 19:44:24.531] [SFX] {"sound": "civ_move_1", "volume": 0.01}
[2026-09-25 19:44:24.562] [SFX] {"sound": "civ_move_2", "volume": 0.15}
[2026-09-25 19:44:24.627] [SFX] {"sound": "civ_move_2", "volume": 0.02}
[2026-09-25 19:44:24.694] [SFX] {"sound": "civ_move_2", "volume": 0.08}
[2026-09-25 19:44:24.842] [SFX] {"sound": "civ_move_2", "volume": 0.25}
[2026-09-25 19:44:24.843] [SFX] {"sound": "civ_move_2", "volume": 0.02}
[2026-09-25 19:44:24.864] [SFX] {"sound": "civ_move_2", "volume": 0.06}
[2026-09-25 19:44:24.939] [SFX] {"sound": "civ_move_1", "volume": 0.02}
[2026-09-25 19:44:24.971] [SFX] {"sound": "civ_move_2", "volume": 0.14}
[2026-09-25 19:44:25.038] [SFX] {"sound": "civ_move_2", "volume": 0.01}
[2026-09-25 19:44:25.105] [SFX] {"sound": "civ_move_2", "volume": 0.06}
[2026-09-25 19:44:25.255] [SFX] {"sound": "civ_move_2", "volume": 0.24}
[2026-09-25 19:44:25.256] [SFX] {"sound": "civ_move_2", "volume": 0.03}
[2026-09-25 19:44:25.278] [SFX] {"sound": "civ_move_2", "volume": 0.05}
[2026-09-25 19:44:25.339] [SFX] {"sound": "civ_move_1", "volume": 0.02}
[2026-09-25 19:44:25.371] [SFX] {"sound": "civ_move_2", "volume": 0.13}
[2026-09-25 19:44:25.519] [SFX] {"sound": "civ_move_2", "volume": 0.05}
[2026-09-25 19:44:25.655] [SFX] {"sound": "civ_move_2", "volume": 0.19}
[2026-09-25 19:44:25.655] [SFX] {"sound": "civ_move_2", "volume": 0.04}
[2026-09-25 19:44:25.688] [SFX] {"sound": "civ_move_2", "volume": 0.05}
[2026-09-25 19:44:25.738] [SFX] {"sound": "civ_move_1", "volume": 0.03}
[2026-09-25 19:44:25.773] [SFX] {"sound": "civ_move_2", "volume": 0.12}
[2026-09-25 19:44:25.921] [SFX] {"sound": "civ_move_2", "volume": 0.04}
[2026-09-25 19:44:26.071] [SFX] {"sound": "civ_move_2", "volume": 0.19}
[2026-09-25 19:44:26.072] [SFX] {"sound": "civ_move_2", "volume": 0.06}
[2026-09-25 19:44:26.105] [SFX] {"sound": "civ_move_2", "volume": 0.05}
[2026-09-25 19:44:26.139] [SFX] {"sound": "civ_move_1", "volume": 0.04}
[2026-09-25 19:44:26.172] [SFX] {"sound": "civ_move_2", "volume": 0.11}
[2026-09-25 19:44:26.336] [M] {"button": 1, "pos": [301, 233], "ui_clicked": false}
[2026-09-25 19:44:26.343] [SFX] {"sound": "civ_move_2", "volume": 0.03}
[2026-09-25 19:44:26.345] [P] {"start": [82, 60], "goal": [80, 64], "length": 2, "is_direction_change": false}
[2026-09-25 19:44:26.345] [SFX] {"sound": "click_target", "volume": 0.7}
[2026-09-25 19:44:26.476] [SFX] {"sound": "civ_move_2", "volume": 0.19}
[2026-09-25 19:44:26.476] [SFX] {"sound": "civ_move_1", "volume": 0.01}
[2026-09-25 19:44:26.477] [SFX] {"sound": "civ_move_2", "volume": 0.05}
[2026-09-25 19:44:26.508] [SFX] {"sound": "civ_move_2", "volume": 0.02}
[2026-09-25 19:44:26.539] [SFX] {"sound": "civ_move_1", "volume": 0.03}
[2026-09-25 19:44:26.574] [SFX] {"sound": "civ_move_2", "volume": 0.07}
[2026-09-25 19:44:26.597] [SFX] {"sound": "player_move", "volume": 0.4}
[2026-09-25 19:44:26.724] [SFX] {"sound": "civ_move_1", "volume": 0.01}
[2026-09-25 19:44:26.889] [SFX] {"sound": "civ_move_2", "volume": 0.2}
[2026-09-25 19:44:26.890] [SFX] {"sound": "civ_move_1", "volume": 0.01}
[2026-09-25 19:44:26.891] [SFX] {"sound": "civ_move_2", "volume": 0.05}
[2026-09-25 19:44:26.921] [SFX] {"sound": "civ_move_2", "volume": 0.06}
[2026-09-25 19:44:26.923] [SFX] {"sound": "civ_move_2", "volume": 0.01}
[2026-09-25 19:44:26.955] [SFX] {"sound": "civ_move_1", "volume": 0.05}
[2026-09-25 19:44:26.987] [SFX] {"sound": "civ_move_2", "volume": 0.06}
[2026-09-25 19:44:27.136] [SFX] {"sound": "civ_move_1", "volume": 0.0}
[2026-09-25 19:44:27.300] [SFX] {"sound": "civ_move_2", "volume": 0.2}
[2026-09-25 19:44:27.301] [SFX] {"sound": "civ_move_1", "volume": 0.01}
[2026-09-25 19:44:27.301] [SFX] {"sound": "civ_move_2", "volume": 0.07}
[2026-09-25 19:44:27.333] [SFX] {"sound": "civ_move_2", "volume": 0.06}
[2026-09-25 19:44:27.334] [SFX] {"sound": "civ_move_2", "volume": 0.01}
[2026-09-25 19:44:27.366] [SFX] {"sound": "civ_move_1", "volume": 0.05}
[2026-09-25 19:44:27.398] [SFX] {"sound": "civ_move_2", "volume": 0.05}
[2026-09-25 19:44:27.711] [SFX] {"sound": "civ_move_2", "volume": 0.19}
[2026-09-25 19:44:27.712] [SFX] {"sound": "civ_move_1", "volume": 0.0}
[2026-09-25 19:44:27.713] [SFX] {"sound": "civ_move_2", "volume": 0.08}
[2026-09-25 19:44:27.744] [SFX] {"sound": "civ_move_2", "volume": 0.05}
[2026-09-25 19:44:27.745] [SFX] {"sound": "civ_move_2", "volume": 0.01}
[2026-09-25 19:44:27.777] [SFX] {"sound": "civ_move_1", "volume": 0.06}
[2026-09-25 19:44:27.809] [SFX] {"sound": "civ_move_2", "volume": 0.03}
[2026-09-25 19:44:28.124] [SFX] {"sound": "civ_move_2", "volume": 0.18}
[2026-09-25 19:44:28.125] [SFX] {"sound": "civ_move_1", "volume": 0.0}
[2026-09-25 19:44:28.125] [SFX] {"sound": "civ_move_2", "volume": 0.09}
[2026-09-25 19:44:28.159] [SFX] {"sound": "civ_move_2", "volume": 0.05}
[2026-09-25 19:44:28.159] [SFX] {"sound": "civ_move_2", "volume": 0.0}
[2026-09-25 19:44:28.192] [SFX] {"sound": "civ_move_1", "volume": 0.06}
[2026-09-25 19:44:28.226] [SFX] {"sound": "civ_move_2", "volume": 0.02}
[2026-09-25 19:44:28.536] [SFX] {"sound": "civ_move_2", "volume": 0.1}
[2026-09-25 19:44:28.559] [SFX] {"sound": "civ_move_2", "volume": 0.18}
[2026-09-25 19:44:28.578] [SFX] {"sound": "civ_move_2", "volume": 0.05}
[2026-09-25 19:44:28.607] [SFX] {"sound": "civ_move_1", "volume": 0.07}
[2026-09-25 19:44:28.639] [SFX] {"sound": "civ_move_2", "volume": 0.01}
[2026-09-25 19:44:28.958] [SFX] {"sound": "civ_move_2", "volume": 0.19}
[2026-09-25 19:44:28.981] [SFX] {"sound": "civ_move_2", "volume": 0.04}
[2026-09-25 19:44:29.009] [SFX] {"sound": "civ_move_1", "volume": 0.07}
[2026-09-25 19:44:29.369] [SFX] {"sound": "civ_move_2", "volume": 0.2}
[2026-09-25 19:44:29.391] [SFX] {"sound": "civ_move_2", "volume": 0.03}
[2026-09-25 19:44:29.419] [SFX] {"sound": "civ_move_1", "volume": 0.08}
[2026-09-25 19:44:29.784] [SFX] {"sound": "civ_move_2", "volume": 0.2}
[2026-09-25 19:44:29.807] [SFX] {"sound": "civ_move_2", "volume": 0.03}
[2026-09-25 19:44:29.832] [SFX] {"sound": "civ_move_1", "volume": 0.08}
[2026-09-25 19:44:30.089] [SFX] {"sound": "civ_move_2", "volume": 0.24}
[2026-09-25 19:44:30.188] [SFX] {"sound": "civ_move_2", "volume": 0.2}
[2026-09-25 19:44:30.209] [SFX] {"sound": "civ_move_2", "volume": 0.02}
[2026-09-25 19:44:30.237] [SFX] {"sound": "civ_move_1", "volume": 0.09}
[2026-09-25 19:44:30.419] [M] {"button": 1, "pos": [287, 108], "ui_clicked": false}
[2026-09-25 19:44:30.487] [SFX] {"sound": "civ_move_2", "volume": 0.25}
[2026-09-25 19:44:30.603] [SFX] {"sound": "civ_move_2", "volume": 0.02}
[2026-09-25 19:44:30.652] [SFX] {"sound": "civ_move_1", "volume": 0.09}
[2026-09-25 19:44:30.897] [SFX] {"sound": "civ_move_2", "volume": 0.25}
[2026-09-25 19:44:31.011] [SFX] {"sound": "civ_move_2", "volume": 0.01}
[2026-09-25 19:44:31.060] [SFX] {"sound": "civ_move_1", "volume": 0.09}
[2026-09-25 19:44:31.307] [SFX] {"sound": "civ_move_2", "volume": 0.25}
[2026-09-25 19:44:31.424] [SFX] {"sound": "civ_move_2", "volume": 0.0}
[2026-09-25 19:44:31.460] [SFX] {"sound": "civ_move_1", "volume": 0.09}
[2026-09-25 19:44:31.576] [M] {"button": 1, "pos": [277, 75], "ui_clicked": false}
[2026-09-25 19:44:31.583] [P] {"start": [80, 64], "goal": [76, 54], "length": 3, "is_direction_change": false}
[2026-09-25 19:44:31.583] [SFX] {"sound": "click_target", "volume": 0.75}
[2026-09-25 19:44:31.710] [SFX] {"sound": "civ_move_2", "volume": 0.24}
[2026-09-25 19:44:31.811] [SFX] {"sound": "civ_move_2", "volume": 0.23}
[2026-09-25 19:44:31.833] [SFX] {"sound": "civ_move_2", "volume": 0.02}
[2026-09-25 19:44:31.849] [SFX] {"sound": "player_move", "volume": 0.4}
[2026-09-25 19:44:31.877] [SFX] {"sound": "civ_move_1", "volume": 0.1}
[2026-09-25 19:44:32.041] [SFX] {"sound": "civ_move_1", "volume": 0.03}
[2026-09-25 19:44:32.124] [SFX] {"sound": "civ_move_2", "volume": 0.24}
[2026-09-25 19:44:32.158] [SFX] {"sound": "player_move", "volume": 0.4}
[2026-09-25 19:44:32.226] [SFX] {"sound": "civ_move_2", "volume": 0.26}
[2026-09-25 19:44:32.278] [SFX] {"sound": "civ_move_1", "volume": 0.09}
[2026-09-25 19:44:32.415] [C] {"civ_pos": [76, 57]}
[2026-09-25 19:44:32.456] [SFX] {"sound": "civ_move_1", "volume": 0.0}
[2026-09-25 19:44:32.477] [SFX] {"sound": "player_move", "volume": 0.4}
[2026-09-25 19:44:32.536] [SFX] {"sound": "civ_move_2", "volume": 0.29}
[2026-09-25 19:44:32.638] [SFX] {"sound": "civ_move_2", "volume": 0.23}
[2026-09-25 19:44:32.691] [SFX] {"sound": "civ_move_1", "volume": 0.07}
[2026-09-25 19:44:32.943] [SFX] {"sound": "civ_move_2", "volume": 0.24}
[2026-09-25 19:44:33.045] [SFX] {"sound": "civ_move_2", "volume": 0.23}
[2026-09-25 19:44:33.094] [SFX] {"sound": "civ_move_1", "volume": 0.07}
[2026-09-25 19:44:33.344] [SFX] {"sound": "civ_move_2", "volume": 0.29}
[2026-09-25 19:44:33.460] [SFX] {"sound": "civ_move_2", "volume": 0.3}
[2026-09-25 19:44:33.495] [SFX] {"sound": "civ_move_1", "volume": 0.06}
[2026-09-25 19:44:33.661] [SFX] {"sound": "civ_move_1", "volume": 0.0}
[2026-09-25 19:44:33.745] [SFX] {"sound": "civ_move_2", "volume": 0.28}
[2026-09-25 19:44:33.862] [M] {"button": 1, "pos": [349, 173], "ui_clicked": false}
[2026-09-25 19:44:33.869] [SFX] {"sound": "civ_move_2", "volume": 0.28}
[2026-09-25 19:44:33.895] [SFX] {"sound": "civ_move_1", "volume": 0.06}
[2026-09-25 19:44:34.077] [SFX] {"sound": "civ_move_1", "volume": 0.01}
[2026-09-25 19:44:34.160] [SFX] {"sound": "civ_move_2", "volume": 0.27}
[2026-09-25 19:44:34.309] [SFX] {"sound": "civ_move_1", "volume": 0.05}
[2026-09-25 19:44:34.491] [SFX] {"sound": "civ_move_1", "volume": 0.02}
[2026-09-25 19:44:34.576] [SFX] {"sound": "civ_move_2", "volume": 0.25}
[2026-09-25 19:44:34.691] [SFX] {"sound": "civ_move_2", "volume": 0.26}
[2026-09-25 19:44:34.725] [SFX] {"sound": "civ_move_1", "volume": 0.04}
[2026-09-25 19:44:34.891] [M] {"button": 1, "pos": [324, 89], "ui_clicked": false}
[2026-09-25 19:44:34.898] [SFX] {"sound": "civ_move_1", "volume": 0.02}
[2026-09-25 19:44:34.899] [SFX] {"sound": "click_target", "volume": 0.8}
[2026-09-25 19:44:34.975] [SFX] {"sound": "player_move", "volume": 0.4}
[2026-09-25 19:44:34.998] [SFX] {"sound": "civ_move_2", "volume": 0.26}
[2026-09-25 19:44:35.040] [SFX] {"sound": "civ_move_2", "volume": 0.01}
[2026-09-25 19:44:35.091] [SFX] {"sound": "civ_move_2", "volume": 0.28}
[2026-09-25 19:44:35.126] [SFX] {"sound": "civ_move_1", "volume": 0.02}
[2026-09-25 19:44:35.149] [SFX] {"sound": "civ_move_2", "volume": 0.01}
[2026-09-25 19:44:35.167] [C] {"civ_pos": [76, 46]}
[2026-09-25 19:44:35.189] [JACK] Schon wieder ein ziviler Datenknoten auf unserem Schirm.
[2026-09-25 19:44:35.216] [SFX] {"sound": "civ_move_2", "volume": 0.03}
[2026-09-25 19:44:35.281] [SFX] {"sound": "player_move", "volume": 0.4}
[2026-09-25 19:44:35.302] [SFX] {"sound": "civ_move_1", "volume": 0.0}
[2026-09-25 19:44:35.397] [SFX] {"sound": "civ_move_2", "volume": 0.28}
[2026-09-25 19:44:35.419] [SFX] {"sound": "threat_pulse", "volume": 0.3}
[2026-09-25 19:44:35.447] [SFX] {"sound": "civ_move_2", "volume": 0.05}
[2026-09-25 19:44:35.500] [SFX] {"sound": "civ_move_2", "volume": 0.29}
[2026-09-25 19:44:35.549] [SFX] {"sound": "civ_move_2", "volume": 0.03}
[2026-09-25 19:44:35.581] [SFX] {"sound": "player_move", "volume": 0.4}
[2026-09-25 19:44:35.630] [M] {"button": 1, "pos": [324, 89], "ui_clicked": false}
[2026-09-25 19:44:35.638] [SFX] {"sound": "civ_move_2", "volume": 0.05}
[2026-09-25 19:44:35.639] [SFX] {"sound": "action_cancel", "volume": 1.0}
[2026-09-25 19:44:35.640] [P] {"start": [76, 45], "goal": [76, 38], "length": 1, "is_direction_change": false}
[2026-09-25 19:44:35.640] [SFX] {"sound": "click_target", "volume": 0.83}
[2026-09-25 19:44:35.720] [SFX] {"sound": "civ_move_2", "volume": 0.02}
[2026-09-25 19:44:35.803] [SFX] {"sound": "civ_move_2", "volume": 0.24}
[2026-09-25 19:44:35.852] [SFX] {"sound": "civ_move_2", "volume": 0.09}
[2026-09-25 19:44:35.884] [SFX] {"sound": "player_move", "volume": 0.4}
[2026-09-25 19:44:35.906] [SFX] {"sound": "civ_move_2", "volume": 0.22}
[2026-09-25 19:44:35.906] [SFX] {"sound": "civ_move_2", "volume": 0.03}
[2026-09-25 19:44:35.968] [SFX] {"sound": "civ_move_2", "volume": 0.08}
[2026-09-25 19:44:36.033] [SFX] {"sound": "civ_move_2", "volume": 0.09}
[2026-09-25 19:44:36.131] [SFX] {"sound": "civ_move_2", "volume": 0.06}
[2026-09-25 19:44:36.212] [SFX] {"sound": "civ_move_2", "volume": 0.22}
[2026-09-25 19:44:36.262] [SFX] {"sound": "civ_move_2", "volume": 0.12}
[2026-09-25 19:44:36.312] [SFX] {"sound": "civ_move_2", "volume": 0.22}
[2026-09-25 19:44:36.312] [SFX] {"sound": "civ_move_2", "volume": 0.03}
[2026-09-25 19:44:36.379] [M] {"button": 1, "pos": [324, 88], "ui_clicked": false}
[2026-09-25 19:44:36.386] [SFX] {"sound": "civ_move_2", "volume": 0.09}
[2026-09-25 19:44:36.387] [P] {"start": [76, 38], "goal": [76, 30], "length": 1, "is_direction_change": false}
[2026-09-25 19:44:36.388] [SFX] {"sound": "click_target", "volume": 0.81}
[2026-09-25 19:44:36.434] [SFX] {"sound": "civ_move_2", "volume": 0.1}
[2026-09-25 19:44:36.534] [SFX] {"sound": "civ_move_2", "volume": 0.08}
[2026-09-25 19:44:36.565] [SFX] {"sound": "player_move", "volume": 0.4}
[2026-09-25 19:44:36.616] [SFX] {"sound": "civ_move_2", "volume": 0.2}
[2026-09-25 19:44:36.666] [SFX] {"sound": "civ_move_2", "volume": 0.16}
[2026-09-25 19:44:36.717] [SFX] {"sound": "civ_move_2", "volume": 0.18}
[2026-09-25 19:44:36.718] [SFX] {"sound": "civ_move_2", "volume": 0.05}
[2026-09-25 19:44:36.791] [SFX] {"sound": "civ_move_2", "volume": 0.15}
[2026-09-25 19:44:36.837] [M] {"button": 1, "pos": [324, 88], "ui_clicked": false}
[2026-09-25 19:44:36.845] [SFX] {"sound": "civ_move_2", "volume": 0.12}
[2026-09-25 19:44:36.846] [P] {"start": [76, 30], "goal": [76, 24], "length": 1, "is_direction_change": false}
[2026-09-25 19:44:36.846] [SFX] {"sound": "click_target", "volume": 0.86}
[2026-09-25 19:44:36.949] [SFX] {"sound": "player_move", "volume": 0.4}
[2026-09-25 19:44:36.950] [SFX] {"sound": "civ_move_2", "volume": 0.11}
[2026-09-25 19:44:37.033] [SFX] {"sound": "civ_move_2", "volume": 0.17}
[2026-09-25 19:44:37.081] [SFX] {"sound": "civ_move_2", "volume": 0.22}
[2026-09-25 19:44:37.130] [SFX] {"sound": "civ_move_2", "volume": 0.15}
[2026-09-25 19:44:37.131] [SFX] {"sound": "civ_move_2", "volume": 0.07}
[2026-09-25 19:44:37.197] [SFX] {"sound": "civ_move_2", "volume": 0.19}
[2026-09-25 19:44:37.247] [M] {"button": 1, "pos": [324, 88], "ui_clicked": false}
[2026-09-25 19:44:37.253] [SFX] {"sound": "civ_move_2", "volume": 0.09}
[2026-09-25 19:44:37.254] [P] {"start": [76, 24], "goal": [76, 17], "length": 1, "is_direction_change": false}
[2026-09-25 19:44:37.254] [SFX] {"sound": "click_target", "volume": 0.85}
[2026-09-25 19:44:37.352] [SFX] {"sound": "civ_move_2", "volume": 0.12}
[2026-09-25 19:44:37.375] [SFX] {"sound": "player_move", "volume": 0.4}
[2026-09-25 19:44:37.449] [SFX] {"sound": "civ_move_2", "volume": 0.14}
[2026-09-25 19:44:37.482] [SFX] {"sound": "civ_move_2", "volume": 0.27}
[2026-09-25 19:44:37.533] [SFX] {"sound": "civ_move_2", "volume": 0.13}
[2026-09-25 19:44:37.534] [SFX] {"sound": "civ_move_2", "volume": 0.07}
[2026-09-25 19:44:37.600] [SFX] {"sound": "civ_move_2", "volume": 0.24}
[2026-09-25 19:44:37.649] [SFX] {"sound": "civ_move_2", "volume": 0.08}
[2026-09-25 19:44:37.673] [C] {"civ_pos": [76, 15]}
[2026-09-25 19:44:37.758] [SFX] {"sound": "civ_move_2", "volume": 0.09}
[2026-09-25 19:44:37.859] [SFX] {"sound": "civ_move_2", "volume": 0.14}
[2026-09-25 19:44:37.891] [SFX] {"sound": "civ_move_2", "volume": 0.3}
[2026-09-25 19:44:37.941] [SFX] {"sound": "civ_move_2", "volume": 0.13}
[2026-09-25 19:44:37.942] [SFX] {"sound": "civ_move_2", "volume": 0.06}
[2026-09-25 19:44:38.005] [SFX] {"sound": "civ_move_2", "volume": 0.25}
[2026-09-25 19:44:38.056] [SFX] {"sound": "civ_move_2", "volume": 0.07}
[2026-09-25 19:44:38.172] [SFX] {"sound": "civ_move_2", "volume": 0.09}
[2026-09-25 19:44:38.272] [SFX] {"sound": "civ_move_2", "volume": 0.14}
[2026-09-25 19:44:38.305] [SFX] {"sound": "civ_move_2", "volume": 0.23}
[2026-09-25 19:44:38.354] [SFX] {"sound": "civ_move_2", "volume": 0.14}
[2026-09-25 19:44:38.355] [SFX] {"sound": "civ_move_2", "volume": 0.05}
[2026-09-25 19:44:38.405] [SFX] {"sound": "civ_move_2", "volume": 0.26}
[2026-09-25 19:44:38.455] [SFX] {"sound": "civ_move_2", "volume": 0.07}
[2026-09-25 19:44:38.573] [SFX] {"sound": "civ_move_2", "volume": 0.09}
[2026-09-25 19:44:38.686] [SFX] {"sound": "civ_move_2", "volume": 0.15}
[2026-09-25 19:44:38.718] [SFX] {"sound": "civ_move_2", "volume": 0.22}
[2026-09-25 19:44:38.768] [SFX] {"sound": "civ_move_2", "volume": 0.15}
[2026-09-25 19:44:38.769] [SFX] {"sound": "civ_move_2", "volume": 0.04}
[2026-09-25 19:44:38.820] [SFX] {"sound": "civ_move_2", "volume": 0.26}
[2026-09-25 19:44:38.869] [SFX] {"sound": "civ_move_2", "volume": 0.06}
[2026-09-25 19:44:38.983] [SFX] {"sound": "civ_move_2", "volume": 0.08}
[2026-09-25 19:44:39.100] [SFX] {"sound": "civ_move_2", "volume": 0.16}
[2026-09-25 19:44:39.134] [SFX] {"sound": "civ_move_2", "volume": 0.21}
[2026-09-25 19:44:39.194] [SFX] {"sound": "civ_move_2", "volume": 0.16}
[2026-09-25 19:44:39.195] [SFX] {"sound": "civ_move_2", "volume": 0.02}
[2026-09-25 19:44:39.222] [SFX] {"sound": "civ_move_2", "volume": 0.26}
[2026-09-25 19:44:39.270] [SFX] {"sound": "civ_move_2", "volume": 0.05}
[2026-09-25 19:44:39.287] [M] {"button": 1, "pos": [468, 153], "ui_clicked": false}
[2026-09-25 19:44:39.296] [P] {"start": [76, 17], "goal": [88, 14], "length": 2, "is_direction_change": false}
[2026-09-25 19:44:39.297] [SFX] {"sound": "click_target", "volume": 0.67}
[2026-09-25 19:44:39.380] [SFX] {"sound": "player_move", "volume": 0.4}
[2026-09-25 19:44:39.402] [SFX] {"sound": "civ_move_2", "volume": 0.07}
[2026-09-25 19:44:39.514] [SFX] {"sound": "civ_move_2", "volume": 0.16}
[2026-09-25 19:44:39.547] [SFX] {"sound": "civ_move_2", "volume": 0.18}
[2026-09-25 19:44:39.596] [SFX] {"sound": "civ_move_2", "volume": 0.15}
[2026-09-25 19:44:39.596] [SFX] {"sound": "civ_move_2", "volume": 0.04}
[2026-09-25 19:44:39.630] [SFX] {"sound": "civ_move_2", "volume": 0.26}
[2026-09-25 19:44:39.680] [SFX] {"sound": "player_move", "volume": 0.4}
[2026-09-25 19:44:39.681] [SFX] {"sound": "civ_move_2", "volume": 0.01}
[2026-09-25 19:44:39.796] [SFX] {"sound": "civ_move_2", "volume": 0.03}
[2026-09-25 19:44:39.927] [SFX] {"sound": "civ_move_2", "volume": 0.15}
[2026-09-25 19:44:39.991] [SFX] {"sound": "player_move", "volume": 0.4}
[2026-09-25 19:44:40.012] [SFX] {"sound": "civ_move_2", "volume": 0.14}
[2026-09-25 19:44:40.013] [SFX] {"sound": "civ_move_2", "volume": 0.08}
[2026-09-25 19:44:40.041] [SFX] {"sound": "civ_move_2", "volume": 0.18}
[2026-09-25 19:44:40.343] [SFX] {"sound": "civ_move_2", "volume": 0.14}
[2026-09-25 19:44:40.407] [SFX] {"sound": "civ_move_2", "volume": 0.08}
[2026-09-25 19:44:40.440] [SFX] {"sound": "civ_move_2", "volume": 0.17}
[2026-09-25 19:44:40.473] [M] {"button": 1, "pos": [466, 178], "ui_clicked": false}
[2026-09-25 19:44:40.753] [SFX] {"sound": "civ_move_2", "volume": 0.15}
[2026-09-25 19:44:40.775] [SFX] {"sound": "civ_move_2", "volume": 0.13}
[2026-09-25 19:44:40.818] [SFX] {"sound": "civ_move_2", "volume": 0.15}
[2026-09-25 19:44:40.819] [SFX] {"sound": "civ_move_2", "volume": 0.07}
[2026-09-25 19:44:40.851] [SFX] {"sound": "civ_move_2", "volume": 0.16}
[2026-09-25 19:44:40.981] [M] {"button": 1, "pos": [471, 184], "ui_clicked": false}
[2026-09-25 19:44:40.989] [P] {"start": [88, 14], "goal": [101, 14], "length": 1, "is_direction_change": false}
[2026-09-25 19:44:40.990] [SFX] {"sound": "click_target", "volume": 0.54}
[2026-09-25 19:44:41.167] [SFX] {"sound": "civ_move_2", "volume": 0.14}
[2026-09-25 19:44:41.189] [SFX] {"sound": "civ_move_2", "volume": 0.11}
[2026-09-25 19:44:41.233] [SFX] {"sound": "player_move", "volume": 0.4}
[2026-09-25 19:44:41.234] [SFX] {"sound": "civ_move_2", "volume": 0.13}
[2026-09-25 19:44:41.235] [SFX] {"sound": "civ_move_2", "volume": 0.09}
[2026-09-25 19:44:41.265] [SFX] {"sound": "civ_move_2", "volume": 0.1}
[2026-09-25 19:44:41.534] [SFX] {"sound": "player_move", "volume": 0.4}
[2026-09-25 19:44:41.567] [SFX] {"sound": "civ_move_2", "volume": 0.09}
[2026-09-25 19:44:41.591] [SFX] {"sound": "civ_move_2", "volume": 0.06}
[2026-09-25 19:44:41.633] [SFX] {"sound": "civ_move_2", "volume": 0.08}
[2026-09-25 19:44:41.634] [SFX] {"sound": "civ_move_2", "volume": 0.14}
[2026-09-25 19:44:41.668] [SFX] {"sound": "civ_move_2", "volume": 0.04}
[2026-09-25 19:44:41.717] [M] {"button": 1, "pos": [471, 184], "ui_clicked": false}
[2026-09-25 19:44:41.724] [P] {"start": [101, 14], "goal": [111, 14], "length": 1, "is_direction_change": false}
[2026-09-25 19:44:41.725] [SFX] {"sound": "click_target", "volume": 0.58}
[2026-09-25 19:44:41.760] [JACK] Vorsichtig vorantasten...
[2026-09-25 19:44:41.850] [SFX] {"sound": "civ_move_1", "volume": 0.05}
[2026-09-25 19:44:41.948] [SFX] {"sound": "player_move", "volume": 0.4}
[2026-09-25 19:44:41.983] [SFX] {"sound": "civ_move_2", "volume": 0.06}
[2026-09-25 19:44:42.004] [SFX] {"sound": "civ_move_2", "volume": 0.02}
[2026-09-25 19:44:42.046] [SFX] {"sound": "civ_move_2", "volume": 0.05}
[2026-09-25 19:44:42.047] [SFX] {"sound": "civ_move_2", "volume": 0.18}
[2026-09-25 19:44:42.262] [SFX] {"sound": "civ_move_1", "volume": 0.12}
[2026-09-25 19:44:42.392] [SFX] {"sound": "civ_move_2", "volume": 0.03}
[2026-09-25 19:44:42.461] [SFX] {"sound": "civ_move_2", "volume": 0.19}
[2026-09-25 19:44:42.674] [SFX] {"sound": "civ_move_1", "volume": 0.13}
[2026-09-25 19:44:42.808] [SFX] {"sound": "civ_move_2", "volume": 0.03}
[2026-09-25 19:44:42.872] [SFX] {"sound": "civ_move_2", "volume": 0.18}
[2026-09-25 19:44:43.089] [SFX] {"sound": "civ_move_1", "volume": 0.14}
[2026-09-25 19:44:43.222] [SFX] {"sound": "civ_move_2", "volume": 0.04}
[2026-09-25 19:44:43.288] [SFX] {"sound": "civ_move_2", "volume": 0.03}
[2026-09-25 19:44:43.288] [SFX] {"sound": "civ_move_2", "volume": 0.17}
[2026-09-25 19:44:43.504] [SFX] {"sound": "civ_move_1", "volume": 0.15}
[2026-09-25 19:44:43.517] [M] {"button": 1, "pos": [378, 205], "ui_clicked": false}
[2026-09-25 19:44:43.637] [SFX] {"sound": "civ_move_2", "volume": 0.06}
[2026-09-25 19:44:43.703] [SFX] {"sound": "civ_move_2", "volume": 0.05}
[2026-09-25 19:44:43.704] [SFX] {"sound": "civ_move_2", "volume": 0.16}
[2026-09-25 19:44:43.917] [SFX] {"sound": "civ_move_1", "volume": 0.17}
[2026-09-25 19:44:44.047] [SFX] {"sound": "civ_move_2", "volume": 0.07}
[2026-09-25 19:44:44.111] [SFX] {"sound": "civ_move_2", "volume": 0.06}
[2026-09-25 19:44:44.112] [SFX] {"sound": "civ_move_2", "volume": 0.15}
[2026-09-25 19:44:44.321] [SFX] {"sound": "civ_move_1", "volume": 0.18}
[2026-09-25 19:44:44.455] [SFX] {"sound": "civ_move_2", "volume": 0.08}
[2026-09-25 19:44:44.520] [SFX] {"sound": "civ_move_2", "volume": 0.07}
[2026-09-25 19:44:44.521] [SFX] {"sound": "civ_move_2", "volume": 0.14}
[2026-09-25 19:44:44.736] [SFX] {"sound": "civ_move_1", "volume": 0.19}
[2026-09-25 19:44:44.868] [SFX] {"sound": "civ_move_2", "volume": 0.09}
[2026-09-25 19:44:44.934] [SFX] {"sound": "civ_move_2", "volume": 0.13}
[2026-09-25 19:44:45.135] [M] {"button": 1, "pos": [478, 171], "ui_clicked": false}
[2026-09-25 19:44:45.143] [SFX] {"sound": "click_target", "volume": 0.66}
[2026-09-25 19:44:45.160] [SFX] {"sound": "civ_move_1", "volume": 0.21}
[2026-09-25 19:44:45.178] [SFX] {"sound": "player_move", "volume": 0.4}
[2026-09-25 19:44:45.272] [SFX] {"sound": "civ_move_2", "volume": 0.08}
[2026-09-25 19:44:45.339] [SFX] {"sound": "civ_move_2", "volume": 0.07}
[2026-09-25 19:44:45.340] [SFX] {"sound": "civ_move_2", "volume": 0.15}
[2026-09-25 19:44:45.486] [SFX] {"sound": "player_move", "volume": 0.4}
[2026-09-25 19:44:45.567] [SFX] {"sound": "civ_move_2", "volume": 0.02}
[2026-09-25 19:44:45.568] [SFX] {"sound": "civ_move_1", "volume": 0.28}
[2026-09-25 19:44:45.615] [C] {"civ_pos": [122, 14]}
[2026-09-25 19:44:45.687] [SFX] {"sound": "civ_move_2", "volume": 0.04}
[2026-09-25 19:44:45.719] [M] {"button": 1, "pos": [478, 171], "ui_clicked": false}
[2026-09-25 19:44:45.727] [SFX] {"sound": "action_cancel", "volume": 1.0}
[2026-09-25 19:44:45.753] [SFX] {"sound": "civ_move_2", "volume": 0.03}
[2026-09-25 19:44:45.753] [SFX] {"sound": "civ_move_2", "volume": 0.19}
[2026-09-25 19:44:45.785] [SFX] {"sound": "player_move", "volume": 0.4}
[2026-09-25 19:44:45.982] [SFX] {"sound": "civ_move_1", "volume": 0.27}
[2026-09-25 19:44:46.097] [SFX] {"sound": "player_move", "volume": 0.4}
[2026-09-25 19:44:46.098] [SFX] {"sound": "civ_move_2", "volume": 0.11}
[2026-09-25 19:44:46.163] [SFX] {"sound": "civ_move_2", "volume": 0.12}
[2026-09-25 19:44:46.392] [SFX] {"sound": "civ_move_1", "volume": 0.25}
[2026-09-25 19:44:46.508] [SFX] {"sound": "civ_move_2", "volume": 0.13}
[2026-09-25 19:44:46.571] [SFX] {"sound": "civ_move_2", "volume": 0.12}
[2026-09-25 19:44:46.588] [M] {"button": 1, "pos": [404, 185], "ui_clicked": false}
[2026-09-25 19:44:46.597] [SFX] {"sound": "click_target", "volume": 0.65}
[2026-09-25 19:44:46.805] [SFX] {"sound": "player_move", "volume": 0.4}
[2026-09-25 19:44:46.806] [SFX] {"sound": "civ_move_1", "volume": 0.29}
[2026-09-25 19:44:46.920] [SFX] {"sound": "civ_move_2", "volume": 0.12}
[2026-09-25 19:44:46.985] [SFX] {"sound": "civ_move_2", "volume": 0.11}
[2026-09-25 19:44:46.985] [SFX] {"sound": "civ_move_2", "volume": 0.15}
[2026-09-25 19:44:47.098] [M] {"button": 1, "pos": [410, 184], "ui_clicked": false}
[2026-09-25 19:44:47.106] [SFX] {"sound": "action_cancel", "volume": 1.0}
[2026-09-25 19:44:47.107] [P] {"start": [116, 14], "goal": [123, 14], "length": 1, "is_direction_change": false}
[2026-09-25 19:44:47.108] [SFX] {"sound": "click_target", "volume": 0.65}
[2026-09-25 19:44:47.144] [SFX] {"sound": "player_move", "volume": 0.4}
[2026-09-25 19:44:47.160] [SFX] {"sound": "threat_pulse", "volume": 0.3}
[2026-09-25 19:44:47.221] [SFX] {"sound": "civ_move_2", "volume": 0.01}
[2026-09-25 19:44:47.221] [SFX] {"sound": "civ_move_1", "volume": 0.28}
[2026-09-25 19:44:47.320] [SFX] {"sound": "civ_move_2", "volume": 0.1}
[2026-09-25 19:44:47.386] [SFX] {"sound": "civ_move_2", "volume": 0.08}
[2026-09-25 19:44:47.387] [SFX] {"sound": "civ_move_2", "volume": 0.18}
[2026-09-25 19:44:47.419] [SFX] {"sound": "player_move", "volume": 0.4}
[2026-09-25 19:44:47.634] [SFX] {"sound": "civ_move_2", "volume": 0.04}
[2026-09-25 19:44:47.635] [SFX] {"sound": "civ_move_1", "volume": 0.23}
[2026-09-25 19:44:47.732] [SFX] {"sound": "civ_move_2", "volume": 0.09}
[2026-09-25 19:44:47.797] [SFX] {"sound": "civ_move_2", "volume": 0.08}
[2026-09-25 19:44:47.798] [SFX] {"sound": "civ_move_2", "volume": 0.19}
[2026-09-25 19:44:47.846] [M] {"button": 1, "pos": [422, 184], "ui_clicked": false}
[2026-09-25 19:44:47.853] [P] {"start": [123, 14], "goal": [131, 14], "length": 1, "is_direction_change": false}
[2026-09-25 19:44:47.853] [SFX] {"sound": "click_target", "volume": 0.63}
[2026-09-25 19:44:47.889] [JACK] Kurzer Blick um die Ecke...
[2026-09-25 19:44:48.045] [SFX] {"sound": "civ_move_2", "volume": 0.07}
[2026-09-25 19:44:48.046] [SFX] {"sound": "civ_move_1", "volume": 0.19}
[2026-09-25 19:44:48.143] [SFX] {"sound": "player_move", "volume": 0.4}
[2026-09-25 19:44:48.144] [SFX] {"sound": "civ_move_2", "volume": 0.06}
[2026-09-25 19:44:48.210] [SFX] {"sound": "civ_move_2", "volume": 0.04}
[2026-09-25 19:44:48.211] [SFX] {"sound": "civ_move_2", "volume": 0.24}
[2026-09-25 19:44:48.459] [SFX] {"sound": "civ_move_2", "volume": 0.1}
[2026-09-25 19:44:48.560] [SFX] {"sound": "civ_move_2", "volume": 0.05}
[2026-09-25 19:44:48.610] [SFX] {"sound": "civ_move_2", "volume": 0.26}
[2026-09-25 19:44:48.874] [SFX] {"sound": "civ_move_2", "volume": 0.1}
[2026-09-25 19:44:48.976] [SFX] {"sound": "civ_move_2", "volume": 0.07}
[2026-09-25 19:44:49.022] [SFX] {"sound": "civ_move_2", "volume": 0.06}
[2026-09-25 19:44:49.023] [SFX] {"sound": "civ_move_2", "volume": 0.21}
[2026-09-25 19:44:49.254] [M] {"button": 1, "pos": [437, 184], "ui_clicked": false}
[2026-09-25 19:44:49.261] [P] {"start": [131, 14], "goal": [141, 14], "length": 1, "is_direction_change": false}
[2026-09-25 19:44:49.262] [SFX] {"sound": "click_target", "volume": 0.6}
[2026-09-25 19:44:49.294] [SFX] {"sound": "civ_move_2", "volume": 0.11}
[2026-09-25 19:44:49.377] [SFX] {"sound": "civ_move_2", "volume": 0.06}
[2026-09-25 19:44:49.426] [SFX] {"sound": "civ_move_2", "volume": 0.04}
[2026-09-25 19:44:49.459] [SFX] {"sound": "player_move", "volume": 0.4}
[2026-09-25 19:44:49.708] [SFX] {"sound": "civ_move_2", "volume": 0.17}
[2026-09-25 19:44:49.788] [SFX] {"sound": "civ_move_2", "volume": 0.02}
[2026-09-25 19:44:49.839] [SFX] {"sound": "civ_move_2", "volume": 0.01}
[2026-09-25 19:44:50.115] [SFX] {"sound": "civ_move_2", "volume": 0.18}
[2026-09-25 19:44:50.198] [SFX] {"sound": "civ_move_2", "volume": 0.03}
[2026-09-25 19:44:50.248] [SFX] {"sound": "civ_move_2", "volume": 0.02}
[2026-09-25 19:44:50.529] [SFX] {"sound": "civ_move_2", "volume": 0.18}
[2026-09-25 19:44:50.610] [SFX] {"sound": "civ_move_1", "volume": 0.0}
[2026-09-25 19:44:50.611] [SFX] {"sound": "civ_move_2", "volume": 0.04}
[2026-09-25 19:44:50.660] [SFX] {"sound": "civ_move_2", "volume": 0.03}
[2026-09-25 19:44:50.929] [SFX] {"sound": "civ_move_2", "volume": 0.18}
[2026-09-25 19:44:51.013] [SFX] {"sound": "civ_move_1", "volume": 0.01}
[2026-09-25 19:44:51.013] [SFX] {"sound": "civ_move_2", "volume": 0.05}
[2026-09-25 19:44:51.063] [SFX] {"sound": "civ_move_2", "volume": 0.04}
[2026-09-25 19:44:51.343] [SFX] {"sound": "civ_move_2", "volume": 0.18}
[2026-09-25 19:44:51.424] [SFX] {"sound": "civ_move_1", "volume": 0.03}
[2026-09-25 19:44:51.425] [SFX] {"sound": "civ_move_2", "volume": 0.06}
[2026-09-25 19:44:51.755] [SFX] {"sound": "civ_move_2", "volume": 0.18}
[2026-09-25 19:44:51.840] [M] {"button": 1, "pos": [344, 228], "ui_clicked": false}
[2026-09-25 19:44:51.849] [SFX] {"sound": "civ_move_1", "volume": 0.04}
[2026-09-25 19:44:51.849] [SFX] {"sound": "civ_move_2", "volume": 0.08}
[2026-09-25 19:44:51.879] [SFX] {"sound": "civ_move_2", "volume": 0.07}
[2026-09-25 19:44:52.162] [SFX] {"sound": "civ_move_2", "volume": 0.18}
[2026-09-25 19:44:52.245] [SFX] {"sound": "civ_move_1", "volume": 0.05}
[2026-09-25 19:44:52.246] [SFX] {"sound": "civ_move_2", "volume": 0.09}
[2026-09-25 19:44:52.293] [M] {"button": 1, "pos": [339, 229], "ui_clicked": false}
[2026-09-25 19:44:52.300] [SFX] {"sound": "civ_move_2", "volume": 0.08}
[2026-09-25 19:44:52.301] [P] {"start": [141, 14], "goal": [142, 18], "length": 7, "is_direction_change": false}
[2026-09-25 19:44:52.302] [SFX] {"sound": "click_target", "volume": 0.71}
[2026-09-25 19:44:52.338] [SFX] {"sound": "player_move", "volume": 0.4}
[2026-09-25 19:44:52.563] [SFX] {"sound": "civ_move_2", "volume": 0.14}
[2026-09-25 19:44:52.614] [SFX] {"sound": "player_move", "volume": 0.4}
[2026-09-25 19:44:52.645] [SFX] {"sound": "civ_move_1", "volume": 0.02}
[2026-09-25 19:44:52.646] [SFX] {"sound": "civ_move_2", "volume": 0.14}
[2026-09-25 19:44:52.694] [SFX] {"sound": "civ_move_2", "volume": 0.13}
[2026-09-25 19:44:52.695] [SFX] {"sound": "civ_move_2", "volume": 0.0}
[2026-09-25 19:44:52.907] [SFX] {"sound": "civ_move_2", "volume": 0.04}
[2026-09-25 19:44:52.930] [SFX] {"sound": "player_move", "volume": 0.4}
[2026-09-25 19:44:52.977] [SFX] {"sound": "civ_move_2", "volume": 0.13}
[2026-09-25 19:44:53.061] [SFX] {"sound": "civ_move_1", "volume": 0.03}
[2026-09-25 19:44:53.061] [SFX] {"sound": "civ_move_2", "volume": 0.13}
[2026-09-25 19:44:53.094] [SFX] {"sound": "civ_move_2", "volume": 0.12}
[2026-09-25 19:44:53.095] [SFX] {"sound": "civ_move_2", "volume": 0.04}
[2026-09-25 19:44:53.228] [SFX] {"sound": "player_move", "volume": 0.4}
[2026-09-25 19:44:53.311] [SFX] {"sound": "civ_move_2", "volume": 0.04}
[2026-09-25 19:44:53.378] [SFX] {"sound": "civ_move_2", "volume": 0.15}
[2026-09-25 19:44:53.461] [SFX] {"sound": "civ_move_1", "volume": 0.06}
[2026-09-25 19:44:53.462] [SFX] {"sound": "civ_move_2", "volume": 0.15}
[2026-09-25 19:44:53.496] [SFX] {"sound": "civ_move_2", "volume": 0.14}
[2026-09-25 19:44:53.497] [SFX] {"sound": "civ_move_2", "volume": 0.0}
[2026-09-25 19:44:53.529] [SFX] {"sound": "player_move", "volume": 0.4}
[2026-09-25 19:44:53.712] [SFX] {"sound": "civ_move_2", "volume": 0.01}
[2026-09-25 19:44:53.779] [SFX] {"sound": "civ_move_2", "volume": 0.17}
[2026-09-25 19:44:53.844] [SFX] {"sound": "player_move", "volume": 0.4}
[2026-09-25 19:44:53.879] [SFX] {"sound": "civ_move_1", "volume": 0.1}
[2026-09-25 19:44:53.880] [SFX] {"sound": "civ_move_2", "volume": 0.13}
[2026-09-25 19:44:53.902] [SFX] {"sound": "civ_move_2", "volume": 0.12}
[2026-09-25 19:44:53.903] [SFX] {"sound": "civ_move_2", "volume": 0.01}
[2026-09-25 19:44:54.130] [SFX] {"sound": "civ_move_2", "volume": 0.02}
[2026-09-25 19:44:54.194] [SFX] {"sound": "civ_move_2", "volume": 0.18}
[2026-09-25 19:44:54.291] [SFX] {"sound": "civ_move_1", "volume": 0.12}
[2026-09-25 19:44:54.292] [SFX] {"sound": "civ_move_2", "volume": 0.14}
[2026-09-25 19:44:54.315] [SFX] {"sound": "civ_move_2", "volume": 0.13}
[2026-09-25 19:44:54.316] [SFX] {"sound": "civ_move_1", "volume": 0.0}
[2026-09-25 19:44:54.317] [SFX] {"sound": "civ_move_2", "volume": 0.01}
[2026-09-25 19:44:54.526] [SFX] {"sound": "civ_move_2", "volume": 0.02}
[2026-09-25 19:44:54.594] [M] {"button": 1, "pos": [371, 197], "ui_clicked": false}
[2026-09-25 19:44:54.602] [SFX] {"sound": "civ_move_2", "volume": 0.18}
[2026-09-25 19:44:54.696] [SFX] {"sound": "civ_move_1", "volume": 0.13}
[2026-09-25 19:44:54.697] [SFX] {"sound": "civ_move_2", "volume": 0.15}
[2026-09-25 19:44:54.717] [SFX] {"sound": "civ_move_2", "volume": 0.14}
[2026-09-25 19:44:54.718] [SFX] {"sound": "civ_move_2", "volume": 0.01}
[2026-09-25 19:44:54.928] [SFX] {"sound": "civ_move_2", "volume": 0.02}
[2026-09-25 19:44:54.995] [SFX] {"sound": "civ_move_2", "volume": 0.18}
[2026-09-25 19:44:55.111] [SFX] {"sound": "civ_move_1", "volume": 0.14}
[2026-09-25 19:44:55.112] [SFX] {"sound": "civ_move_2", "volume": 0.16}
[2026-09-25 19:44:55.145] [SFX] {"sound": "civ_move_2", "volume": 0.01}
[2026-09-25 19:44:55.344] [SFX] {"sound": "civ_move_2", "volume": 0.02}
[2026-09-25 19:44:55.396] [SFX] {"sound": "civ_move_2", "volume": 0.18}
[2026-09-25 19:44:55.509] [SFX] {"sound": "civ_move_1", "volume": 0.15}
[2026-09-25 19:44:55.510] [SFX] {"sound": "civ_move_2", "volume": 0.18}
[2026-09-25 19:44:55.534] [SFX] {"sound": "civ_move_2", "volume": 0.17}
[2026-09-25 19:44:55.551] [SFX] {"sound": "civ_move_2", "volume": 0.01}
[2026-09-25 19:44:55.577] [M] {"button": 1, "pos": [419, 143], "ui_clicked": false}
[2026-09-25 19:44:55.584] [P] {"start": [142, 18], "goal": [150, 14], "length": 7, "is_direction_change": false}
[2026-09-25 19:44:55.585] [SFX] {"sound": "click_target", "volume": 0.77}
[2026-09-25 19:44:55.609] [JACK] Vorsichtig vorantasten...
[2026-09-25 19:44:55.751] [SFX] {"sound": "civ_move_2", "volume": 0.01}
[2026-09-25 19:44:55.802] [SFX] {"sound": "civ_move_2", "volume": 0.17}
[2026-09-25 19:44:55.836] [SFX] {"sound": "player_move", "volume": 0.4}
[2026-09-25 19:44:55.919] [SFX] {"sound": "civ_move_1", "volume": 0.14}
[2026-09-25 19:44:55.920] [SFX] {"sound": "civ_move_2", "volume": 0.22}
[2026-09-25 19:44:55.941] [SFX] {"sound": "civ_move_2", "volume": 0.21}
[2026-09-25 19:44:56.153] [SFX] {"sound": "player_move", "volume": 0.4}
[2026-09-25 19:44:56.153] [SFX] {"sound": "civ_move_2", "volume": 0.03}
[2026-09-25 19:44:56.204] [SFX] {"sound": "civ_move_2", "volume": 0.15}
[2026-09-25 19:44:56.318] [SFX] {"sound": "civ_move_1", "volume": 0.13}
[2026-09-25 19:44:56.319] [SFX] {"sound": "civ_move_2", "volume": 0.2}
[2026-09-25 19:44:56.342] [SFX] {"sound": "civ_move_2", "volume": 0.19}
[2026-09-25 19:44:56.358] [SFX] {"sound": "civ_move_2", "volume": 0.04}
[2026-09-25 19:44:56.452] [SFX] {"sound": "player_move", "volume": 0.4}
[2026-09-25 19:44:56.553] [SFX] {"sound": "civ_move_2", "volume": 0.04}
[2026-09-25 19:44:56.603] [SFX] {"sound": "civ_move_2", "volume": 0.13}
[2026-09-25 19:44:56.735] [SFX] {"sound": "civ_move_2", "volume": 0.24}
[2026-09-25 19:44:56.735] [SFX] {"sound": "civ_move_1", "volume": 0.15}
[2026-09-25 19:44:56.736] [SFX] {"sound": "civ_move_2", "volume": 0.25}
[2026-09-25 19:44:56.767] [SFX] {"sound": "player_move", "volume": 0.4}
[2026-09-25 19:44:56.768] [SFX] {"sound": "civ_move_2", "volume": 0.01}
[2026-09-25 19:44:57.014] [SFX] {"sound": "civ_move_2", "volume": 0.15}
[2026-09-25 19:44:57.067] [SFX] {"sound": "player_move", "volume": 0.4}
[2026-09-25 19:44:57.147] [SFX] {"sound": "civ_move_2", "volume": 0.23}
[2026-09-25 19:44:57.148] [SFX] {"sound": "civ_move_1", "volume": 0.19}
[2026-09-25 19:44:57.148] [SFX] {"sound": "civ_move_2", "volume": 0.24}
[2026-09-25 19:44:57.367] [SFX] {"sound": "player_move", "volume": 0.4}
[2026-09-25 19:44:57.416] [SFX] {"sound": "civ_move_2", "volume": 0.21}
[2026-09-25 19:44:57.548] [SFX] {"sound": "civ_move_2", "volume": 0.19}
[2026-09-25 19:44:57.549] [SFX] {"sound": "civ_move_1", "volume": 0.26}
[2026-09-25 19:44:57.550] [SFX] {"sound": "civ_move_2", "volume": 0.2}
[2026-09-25 19:44:57.651] [C] {"civ_pos": [152, 14]}
[2026-09-25 19:44:57.818] [SFX] {"sound": "civ_move_2", "volume": 0.25}
[2026-09-25 19:44:57.950] [SFX] {"sound": "civ_move_2", "volume": 0.18}
[2026-09-25 19:44:57.951] [SFX] {"sound": "civ_move_1", "volume": 0.29}
[2026-09-25 19:44:57.952] [SFX] {"sound": "civ_move_2", "volume": 0.19}
[2026-09-25 19:44:58.232] [SFX] {"sound": "civ_move_2", "volume": 0.25}
[2026-09-25 19:44:58.364] [SFX] {"sound": "civ_move_2", "volume": 0.2}
[2026-09-25 19:44:58.364] [SFX] {"sound": "civ_move_1", "volume": 0.3}
[2026-09-25 19:44:58.365] [SFX] {"sound": "civ_move_2", "volume": 0.2}
[2026-09-25 19:44:58.645] [SFX] {"sound": "civ_move_2", "volume": 0.25}
[2026-09-25 19:44:58.678] [M] {"button": 1, "pos": [360, 68], "ui_clicked": false}
[2026-09-25 19:44:58.686] [P] {"start": [150, 14], "goal": [153, 4], "length": 5, "is_direction_change": false}
[2026-09-25 19:44:58.686] [SFX] {"sound": "click_target", "volume": 0.74}
[2026-09-25 19:44:58.735] [SFX] {"sound": "player_move", "volume": 0.4}
[2026-09-25 19:44:58.770] [SFX] {"sound": "civ_move_2", "volume": 0.19}
[2026-09-25 19:44:58.770] [SFX] {"sound": "civ_move_1", "volume": 0.27}
[2026-09-25 19:44:58.771] [SFX] {"sound": "civ_move_2", "volume": 0.2}
[2026-09-25 19:44:58.792] [SFX] {"sound": "civ_move_1", "volume": 0.0}
[2026-09-25 19:44:59.051] [SFX] {"sound": "player_move", "volume": 0.4}
[2026-09-25 19:44:59.052] [SFX] {"sound": "civ_move_2", "volume": 0.3}
[2026-09-25 19:44:59.180] [SFX] {"sound": "civ_move_2", "volume": 0.13}
[2026-09-25 19:44:59.181] [SFX] {"sound": "civ_move_1", "volume": 0.05}
[2026-09-25 19:44:59.182] [SFX] {"sound": "civ_move_1", "volume": 0.17}
[2026-09-25 19:44:59.183] [SFX] {"sound": "civ_move_2", "volume": 0.14}
[2026-09-25 19:44:59.204] [SFX] {"sound": "civ_move_1", "volume": 0.01}
[2026-09-25 19:44:59.365] [SFX] {"sound": "player_move", "volume": 0.4}
[2026-09-25 19:44:59.464] [SFX] {"sound": "civ_move_2", "volume": 0.21}
[2026-09-25 19:44:59.580] [SFX] {"sound": "civ_move_2", "volume": 0.17}
[2026-09-25 19:44:59.581] [SFX] {"sound": "civ_move_1", "volume": 0.02}
[2026-09-25 19:44:59.582] [SFX] {"sound": "civ_move_1", "volume": 0.19}
[2026-09-25 19:44:59.583] [SFX] {"sound": "civ_move_2", "volume": 0.17}
[2026-09-25 19:44:59.681] [SFX] {"sound": "player_move", "volume": 0.4}
[2026-09-25 19:44:59.879] [SFX] {"sound": "civ_move_2", "volume": 0.18}
[2026-09-25 19:44:59.994] [SFX] {"sound": "civ_move_2", "volume": 0.15}
[2026-09-25 19:44:59.995] [SFX] {"sound": "civ_move_1", "volume": 0.03}
[2026-09-25 19:44:59.996] [SFX] {"sound": "civ_move_1", "volume": 0.16}
[2026-09-25 19:44:59.997] [SFX] {"sound": "civ_move_2", "volume": 0.16}
[2026-09-25 19:45:00.282] [SFX] {"sound": "civ_move_2", "volume": 0.18}
[2026-09-25 19:45:00.400] [SFX] {"sound": "civ_move_2", "volume": 0.16}
[2026-09-25 19:45:00.401] [SFX] {"sound": "civ_move_1", "volume": 0.15}
[2026-09-25 19:45:00.402] [SFX] {"sound": "civ_move_2", "volume": 0.17}
[2026-09-25 19:45:00.425] [SFX] {"sound": "civ_move_1", "volume": 0.02}
[2026-09-25 19:45:00.685] [SFX] {"sound": "civ_move_2", "volume": 0.18}
[2026-09-25 19:45:00.801] [SFX] {"sound": "civ_move_2", "volume": 0.17}
[2026-09-25 19:45:00.802] [SFX] {"sound": "civ_move_1", "volume": 0.14}
[2026-09-25 19:45:00.803] [SFX] {"sound": "civ_move_2", "volume": 0.17}
[2026-09-25 19:45:00.825] [SFX] {"sound": "civ_move_1", "volume": 0.01}
[2026-09-25 19:45:00.835] [M] {"button": 1, "pos": [397, 160], "ui_clicked": false}
[2026-09-25 19:45:00.842] [P] {"start": [153, 4], "goal": [159, 2], "length": 3, "is_direction_change": false}
[2026-09-25 19:45:00.843] [SFX] {"sound": "click_target", "volume": 0.83}
[2026-09-25 19:45:00.897] [SFX] {"sound": "player_move", "volume": 0.4}
[2026-09-25 19:45:01.088] [SFX] {"sound": "civ_move_2", "volume": 0.17}
[2026-09-25 19:45:01.156] [SFX] {"sound": "player_move", "volume": 0.4}
[2026-09-25 19:45:01.205] [SFX] {"sound": "civ_move_2", "volume": 0.15}
[2026-09-25 19:45:01.205] [SFX] {"sound": "civ_move_1", "volume": 0.1}
[2026-09-25 19:45:01.206] [SFX] {"sound": "civ_move_2", "volume": 0.15}
[2026-09-25 19:45:01.229] [SFX] {"sound": "civ_move_1", "volume": 0.03}
[2026-09-25 19:45:01.489] [SFX] {"sound": "civ_move_2", "volume": 0.17}
[2026-09-25 19:45:01.609] [SFX] {"sound": "civ_move_2", "volume": 0.15}
[2026-09-25 19:45:01.609] [SFX] {"sound": "civ_move_1", "volume": 0.09}
[2026-09-25 19:45:01.610] [SFX] {"sound": "civ_move_2", "volume": 0.15}
[2026-09-25 19:45:01.629] [SFX] {"sound": "civ_move_1", "volume": 0.02}
[2026-09-25 19:45:01.904] [SFX] {"sound": "civ_move_2", "volume": 0.17}
[2026-09-25 19:45:02.004] [M] {"button": 1, "pos": [399, 187], "ui_clicked": false}
[2026-09-25 19:45:02.012] [SFX] {"sound": "click_target", "volume": 0.66}
[2026-09-25 19:45:02.028] [SFX] {"sound": "civ_move_2", "volume": 0.15}
[2026-09-25 19:45:02.029] [SFX] {"sound": "civ_move_1", "volume": 0.08}
[2026-09-25 19:45:02.029] [SFX] {"sound": "civ_move_2", "volume": 0.16}
[2026-09-25 19:45:02.046] [SFX] {"sound": "civ_move_1", "volume": 0.02}
[2026-09-25 19:45:02.219] [SFX] {"sound": "player_move", "volume": 0.4}
[2026-09-25 19:45:02.321] [SFX] {"sound": "civ_move_2", "volume": 0.15}
[2026-09-25 19:45:02.437] [SFX] {"sound": "civ_move_2", "volume": 0.13}
[2026-09-25 19:45:02.438] [SFX] {"sound": "civ_move_1", "volume": 0.03}
[2026-09-25 19:45:02.439] [SFX] {"sound": "civ_move_2", "volume": 0.14}
[2026-09-25 19:45:02.461] [SFX] {"sound": "civ_move_1", "volume": 0.04}
[2026-09-25 19:45:02.536] [M] {"button": 1, "pos": [406, 189], "ui_clicked": false}
[2026-09-25 19:45:02.543] [SFX] {"sound": "action_cancel", "volume": 1.0}
[2026-09-25 19:45:02.544] [P] {"start": [166, 2], "goal": [172, 2], "length": 4, "is_direction_change": false}
[2026-09-25 19:45:02.545] [SFX] {"sound": "click_target", "volume": 0.67}
[2026-09-25 19:45:02.693] [SFX] {"sound": "player_move", "volume": 0.4}
[2026-09-25 19:45:02.727] [SFX] {"sound": "civ_move_2", "volume": 0.15}
[2026-09-25 19:45:02.842] [SFX] {"sound": "civ_move_2", "volume": 0.13}
[2026-09-25 19:45:02.843] [SFX] {"sound": "civ_move_1", "volume": 0.0}
[2026-09-25 19:45:02.843] [SFX] {"sound": "civ_move_2", "volume": 0.13}
[2026-09-25 19:45:02.864] [SFX] {"sound": "civ_move_1", "volume": 0.06}
[2026-09-25 19:45:03.008] [SFX] {"sound": "player_move", "volume": 0.4}
[2026-09-25 19:45:03.141] [SFX] {"sound": "civ_move_2", "volume": 0.13}
[2026-09-25 19:45:03.242] [SFX] {"sound": "civ_move_2", "volume": 0.12}
[2026-09-25 19:45:03.264] [SFX] {"sound": "civ_move_1", "volume": 0.06}
[2026-09-25 19:45:03.555] [M] {"button": 1, "pos": [406, 189], "ui_clicked": false}
[2026-09-25 19:45:03.563] [SFX] {"sound": "civ_move_2", "volume": 0.13}
[2026-09-25 19:45:03.673] [SFX] {"sound": "civ_move_1", "volume": 0.05}
[2026-09-25 19:45:03.969] [SFX] {"sound": "civ_move_2", "volume": 0.13}
[2026-09-25 19:45:04.068] [SFX] {"sound": "civ_move_2", "volume": 0.14}
[2026-09-25 19:45:04.090] [SFX] {"sound": "civ_move_1", "volume": 0.04}
[2026-09-25 19:45:04.198] [M] {"button": 1, "pos": [361, 247], "ui_clicked": false}
[2026-09-25 19:45:04.380] [SFX] {"sound": "civ_move_2", "volume": 0.13}
[2026-09-25 19:45:04.482] [SFX] {"sound": "civ_move_2", "volume": 0.14}
[2026-09-25 19:45:04.483] [SFX] {"sound": "civ_move_2", "volume": 0.15}
[2026-09-25 19:45:04.504] [SFX] {"sound": "civ_move_1", "volume": 0.03}
[2026-09-25 19:45:04.792] [SFX] {"sound": "civ_move_2", "volume": 0.13}
[2026-09-25 19:45:04.891] [SFX] {"sound": "civ_move_2", "volume": 0.15}
[2026-09-25 19:45:04.913] [SFX] {"sound": "civ_move_1", "volume": 0.02}
[2026-09-25 19:45:05.106] [M] {"button": 1, "pos": [372, 223], "ui_clicked": false}
[2026-09-25 19:45:05.115] [P] {"start": [172, 2], "goal": [176, 5], "length": 5, "is_direction_change": false}
[2026-09-25 19:45:05.116] [SFX] {"sound": "click_target", "volume": 0.68}
[2026-09-25 19:45:05.202] [SFX] {"sound": "civ_move_2", "volume": 0.13}
[2026-09-25 19:45:05.301] [SFX] {"sound": "civ_move_2", "volume": 0.16}
[2026-09-25 19:45:05.324] [SFX] {"sound": "civ_move_1", "volume": 0.03}
[2026-09-25 19:45:05.351] [SFX] {"sound": "player_move", "volume": 0.4}
[2026-09-25 19:45:05.617] [SFX] {"sound": "civ_move_2", "volume": 0.11}
[2026-09-25 19:45:05.651] [SFX] {"sound": "player_move", "volume": 0.4}
[2026-09-25 19:45:05.702] [SFX] {"sound": "civ_move_2", "volume": 0.15}
[2026-09-25 19:45:05.702] [SFX] {"sound": "civ_move_2", "volume": 0.16}
[2026-09-25 19:45:05.724] [SFX] {"sound": "civ_move_1", "volume": 0.03}
[2026-09-25 19:45:06.030] [SFX] {"sound": "civ_move_2", "volume": 0.11}
[2026-09-25 19:45:06.111] [SFX] {"sound": "civ_move_2", "volume": 0.16}
[2026-09-25 19:45:06.112] [SFX] {"sound": "civ_move_2", "volume": 0.17}
[2026-09-25 19:45:06.133] [SFX] {"sound": "civ_move_1", "volume": 0.02}
[2026-09-25 19:45:06.442] [SFX] {"sound": "civ_move_2", "volume": 0.11}
[2026-09-25 19:45:06.525] [SFX] {"sound": "civ_move_2", "volume": 0.17}
[2026-09-25 19:45:06.526] [SFX] {"sound": "civ_move_2", "volume": 0.18}
[2026-09-25 19:45:06.548] [SFX] {"sound": "civ_move_1", "volume": 0.01}
[2026-09-25 19:45:06.857] [M] {"button": 1, "pos": [408, 295], "ui_clicked": false}
[2026-09-25 19:45:06.871] [SFX] {"sound": "civ_move_2", "volume": 0.11}
[2026-09-25 19:45:06.873] [P] {"start": [176, 5], "goal": [183, 14], "length": 4, "is_direction_change": false}
[2026-09-25 19:45:06.874] [SFX] {"sound": "click_target", "volume": 0.55}
[2026-09-25 19:45:06.938] [SFX] {"sound": "civ_move_2", "volume": 0.18}
[2026-09-25 19:45:06.939] [SFX] {"sound": "civ_move_2", "volume": 0.19}
[2026-09-25 19:45:06.960] [SFX] {"sound": "civ_move_1", "volume": 0.0}
[2026-09-25 19:45:07.118] [SFX] {"sound": "player_move", "volume": 0.4}
[2026-09-25 19:45:07.268] [SFX] {"sound": "civ_move_2", "volume": 0.14}
[2026-09-25 19:45:07.351] [SFX] {"sound": "civ_move_2", "volume": 0.22}
[2026-09-25 19:45:07.352] [SFX] {"sound": "civ_move_2", "volume": 0.23}
[2026-09-25 19:45:07.415] [C] {"civ_pos": [173, 14]}
[2026-09-25 19:45:07.458] [SFX] {"sound": "player_move", "volume": 0.4}
[2026-09-25 19:45:07.669] [SFX] {"sound": "civ_move_2", "volume": 0.14}
[2026-09-25 19:45:07.735] [SFX] {"sound": "player_move", "volume": 0.4}
[2026-09-25 19:45:07.755] [SFX] {"sound": "civ_move_2", "volume": 0.26}
[2026-09-25 19:45:07.756] [SFX] {"sound": "civ_move_2", "volume": 0.27}
[2026-09-25 19:45:07.772] [SFX] {"sound": "civ_move_1", "volume": 0.02}
[2026-09-25 19:45:08.080] [SFX] {"sound": "civ_move_2", "volume": 0.11}
[2026-09-25 19:45:08.161] [SFX] {"sound": "civ_move_2", "volume": 0.24}
[2026-09-25 19:45:08.162] [SFX] {"sound": "civ_move_2", "volume": 0.25}
[2026-09-25 19:45:08.185] [SFX] {"sound": "civ_move_1", "volume": 0.03}
[2026-09-25 19:45:08.186] [SFX] {"sound": "civ_move_2", "volume": 0.03}
[2026-09-25 19:45:08.491] [SFX] {"sound": "civ_move_2", "volume": 0.11}
[2026-09-25 19:45:08.575] [SFX] {"sound": "civ_move_2", "volume": 0.25}
[2026-09-25 19:45:08.576] [SFX] {"sound": "civ_move_2", "volume": 0.26}
[2026-09-25 19:45:08.597] [SFX] {"sound": "civ_move_1", "volume": 0.01}
[2026-09-25 19:45:08.598] [SFX] {"sound": "civ_move_2", "volume": 0.04}
[2026-09-25 19:45:08.904] [SFX] {"sound": "civ_move_2", "volume": 0.11}
[2026-09-25 19:45:08.989] [SFX] {"sound": "civ_move_2", "volume": 0.27}
[2026-09-25 19:45:09.012] [SFX] {"sound": "civ_move_1", "volume": 0.0}
[2026-09-25 19:45:09.013] [SFX] {"sound": "civ_move_2", "volume": 0.05}
[2026-09-25 19:45:09.014] [SFX] {"sound": "civ_move_2", "volume": 0.26}
[2026-09-25 19:45:09.305] [SFX] {"sound": "civ_move_2", "volume": 0.11}
[2026-09-25 19:45:09.405] [SFX] {"sound": "civ_move_2", "volume": 0.28}
[2026-09-25 19:45:09.427] [SFX] {"sound": "civ_move_2", "volume": 0.07}
[2026-09-25 19:45:09.428] [SFX] {"sound": "civ_move_2", "volume": 0.25}
[2026-09-25 19:45:09.505] [M] {"button": 1, "pos": [246, 164], "ui_clicked": false}
[2026-09-25 19:45:09.512] [SFX] {"sound": "click_target", "volume": 0.84}
[2026-09-25 19:45:09.637] [SFX] {"sound": "player_move", "volume": 0.4}
[2026-09-25 19:45:09.720] [SFX] {"sound": "civ_move_2", "volume": 0.14}
[2026-09-25 19:45:09.820] [SFX] {"sound": "civ_move_2", "volume": 0.26}
[2026-09-25 19:45:09.844] [SFX] {"sound": "civ_move_2", "volume": 0.03}
[2026-09-25 19:45:09.844] [SFX] {"sound": "civ_move_2", "volume": 0.29}
[2026-09-25 19:45:09.921] [C] {"civ_pos": [174, 14]}
[2026-09-25 19:45:09.952] [JACK] Interessante Signatur... Ein ziviler Node. Sollen wir näher ran?
[2026-09-25 19:45:09.953] [SFX] {"sound": "player_move", "volume": 0.4}
[2026-09-25 19:45:10.130] [SFX] {"sound": "civ_move_2", "volume": 0.14}
[2026-09-25 19:45:10.132] [SFX] {"sound": "civ_move_2", "volume": 0.01}
[2026-09-25 19:45:10.229] [SFX] {"sound": "civ_move_2", "volume": 0.18}
[2026-09-25 19:45:10.253] [SFX] {"sound": "civ_move_2", "volume": 0.02}
[2026-09-25 19:45:10.254] [SFX] {"sound": "civ_move_2", "volume": 0.23}
[2026-09-25 19:45:10.544] [SFX] {"sound": "civ_move_2", "volume": 0.14}
[2026-09-25 19:45:10.545] [SFX] {"sound": "civ_move_2", "volume": 0.01}
[2026-09-25 19:45:10.644] [SFX] {"sound": "civ_move_2", "volume": 0.17}
[2026-09-25 19:45:10.667] [SFX] {"sound": "civ_move_2", "volume": 0.03}
[2026-09-25 19:45:10.668] [SFX] {"sound": "civ_move_2", "volume": 0.22}
[2026-09-25 19:45:10.959] [SFX] {"sound": "civ_move_2", "volume": 0.14}
[2026-09-25 19:45:10.960] [SFX] {"sound": "civ_move_2", "volume": 0.03}
[2026-09-25 19:45:11.046] [SFX] {"sound": "civ_move_2", "volume": 0.16}
[2026-09-25 19:45:11.068] [SFX] {"sound": "civ_move_2", "volume": 0.04}
[2026-09-25 19:45:11.069] [SFX] {"sound": "civ_move_2", "volume": 0.22}
[2026-09-25 19:45:11.365] [SFX] {"sound": "civ_move_2", "volume": 0.14}
[2026-09-25 19:45:11.366] [SFX] {"sound": "civ_move_2", "volume": 0.03}
[2026-09-25 19:45:11.448] [SFX] {"sound": "civ_move_2", "volume": 0.15}
[2026-09-25 19:45:11.472] [SFX] {"sound": "civ_move_2", "volume": 0.05}
[2026-09-25 19:45:11.473] [SFX] {"sound": "civ_move_2", "volume": 0.21}
[2026-09-25 19:45:11.770] [SFX] {"sound": "civ_move_2", "volume": 0.14}
[2026-09-25 19:45:11.771] [SFX] {"sound": "civ_move_2", "volume": 0.03}
[2026-09-25 19:45:11.839] [M] {"button": 1, "pos": [427, 297], "ui_clicked": true}
[2026-09-25 19:45:11.874] [SFX] {"sound": "civ_move_2", "volume": 0.14}
[2026-09-25 19:45:11.875] [SFX] {"sound": "civ_move_2", "volume": 0.06}
[2026-09-25 19:45:11.876] [SFX] {"sound": "civ_move_2", "volume": 0.2}
[2026-09-25 19:45:12.185] [SFX] {"sound": "civ_move_2", "volume": 0.14}
[2026-09-25 19:45:12.186] [SFX] {"sound": "civ_move_2", "volume": 0.04}
[2026-09-25 19:45:12.252] [SFX] {"sound": "infiltrate 1", "volume": 0.5}
[2026-09-25 19:45:12.285] [SFX] {"sound": "civ_move_2", "volume": 0.13}
[2026-09-25 19:45:12.286] [SFX] {"sound": "civ_move_2", "volume": 0.07}
[2026-09-25 19:45:12.286] [SFX] {"sound": "civ_move_2", "volume": 0.19}
[2026-09-25 19:45:12.515] [M] {"button": 1, "pos": [435, 294], "ui_clicked": true}
[2026-09-25 19:45:12.591] [SFX] {"sound": "civ_move_2", "volume": 0.14}
[2026-09-25 19:45:12.592] [SFX] {"sound": "civ_move_2", "volume": 0.05}
[2026-09-25 19:45:12.675] [SFX] {"sound": "infiltrate 1", "volume": 0.5}
[2026-09-25 19:45:12.697] [SFX] {"sound": "civ_move_2", "volume": 0.12}
[2026-09-25 19:45:12.698] [SFX] {"sound": "civ_move_2", "volume": 0.08}
[2026-09-25 19:45:12.698] [SFX] {"sound": "civ_move_2", "volume": 0.18}
[2026-09-25 19:45:12.871] [SFX] {"sound": "threat_pulse", "volume": 0.36}
[2026-09-25 19:45:13.006] [SFX] {"sound": "civ_move_2", "volume": 0.14}
[2026-09-25 19:45:13.007] [SFX] {"sound": "civ_move_2", "volume": 0.06}
[2026-09-25 19:45:13.090] [SFX] {"sound": "infiltrate 2", "volume": 0.5}
[2026-09-25 19:45:13.114] [SFX] {"sound": "civ_move_2", "volume": 0.11}
[2026-09-25 19:45:13.115] [SFX] {"sound": "civ_move_2", "volume": 0.09}
[2026-09-25 19:45:13.115] [SFX] {"sound": "civ_move_2", "volume": 0.17}
[2026-09-25 19:45:13.408] [SFX] {"sound": "civ_move_2", "volume": 0.14}
[2026-09-25 19:45:13.409] [SFX] {"sound": "civ_move_2", "volume": 0.07}
[2026-09-25 19:45:13.492] [SFX] {"sound": "infiltrate 2", "volume": 0.5}
[2026-09-25 19:45:13.514] [SFX] {"sound": "civ_move_2", "volume": 0.1}
[2026-09-25 19:45:13.515] [SFX] {"sound": "civ_move_2", "volume": 0.16}
[2026-09-25 19:45:13.787] [SFX] {"sound": "threat_pulse", "volume": 0.45}
[2026-09-25 19:45:13.819] [SFX] {"sound": "civ_move_2", "volume": 0.14}
[2026-09-25 19:45:13.820] [SFX] {"sound": "civ_move_2", "volume": 0.08}
[2026-09-25 19:45:13.902] [SFX] {"sound": "infiltrate 2", "volume": 0.5}
[2026-09-25 19:45:13.923] [SFX] {"sound": "civ_move_2", "volume": 0.09}
[2026-09-25 19:45:13.924] [SFX] {"sound": "civ_move_2", "volume": 0.11}
[2026-09-25 19:45:13.924] [SFX] {"sound": "civ_move_2", "volume": 0.15}
[2026-09-25 19:45:14.232] [SFX] {"sound": "civ_move_2", "volume": 0.14}
[2026-09-25 19:45:14.233] [SFX] {"sound": "civ_move_2", "volume": 0.09}
[2026-09-25 19:45:14.315] [SFX] {"sound": "infiltrate 1", "volume": 0.5}
[2026-09-25 19:45:14.336] [SFX] {"sound": "civ_move_2", "volume": 0.08}
[2026-09-25 19:45:14.336] [SFX] {"sound": "civ_move_2", "volume": 0.12}
[2026-09-25 19:45:14.337] [SFX] {"sound": "civ_move_2", "volume": 0.14}
[2026-09-25 19:45:14.494] [SFX] {"sound": "threat_pulse", "volume": 0.52}
[2026-09-25 19:45:14.643] [SFX] {"sound": "civ_move_2", "volume": 0.14}
[2026-09-25 19:45:14.644] [SFX] {"sound": "civ_move_2", "volume": 0.1}
[2026-09-25 19:45:14.726] [SFX] {"sound": "infiltrate 1", "volume": 0.5}
[2026-09-25 19:45:14.749] [SFX] {"sound": "civ_move_2", "volume": 0.07}
[2026-09-25 19:45:14.749] [SFX] {"sound": "civ_move_2", "volume": 0.13}
[2026-09-25 19:45:14.860] [SFX] {"sound": "hack_success", "volume": 1.0}
[2026-09-25 19:45:15.006] [SFX] {"sound": "threat_pulse", "volume": 0.55}
[2026-09-25 19:45:15.055] [SFX] {"sound": "civ_move_2", "volume": 0.14}
[2026-09-25 19:45:15.056] [SFX] {"sound": "civ_move_2", "volume": 0.11}
[2026-09-25 19:45:15.154] [SFX] {"sound": "civ_move_2", "volume": 0.06}
[2026-09-25 19:45:15.155] [SFX] {"sound": "civ_move_2", "volume": 0.14}
[2026-09-25 19:45:15.156] [SFX] {"sound": "civ_move_2", "volume": 0.12}
[2026-09-25 19:45:15.285] [M] {"button": 1, "pos": [435, 189], "ui_clicked": false}
[2026-09-25 19:45:15.293] [P] {"start": [174, 13], "goal": [183, 14], "length": 2, "is_direction_change": false}
[2026-09-25 19:45:15.294] [SFX] {"sound": "click_target", "volume": 0.6}
[2026-09-25 19:45:15.329] [JACK] Überall Wacheinheiten... Ihr bedrohliches Summen brennt sich ins Deck.
[2026-09-25 19:45:15.421] [SFX] {"sound": "threat_pulse", "volume": 0.53}
[2026-09-25 19:45:15.470] [SFX] {"sound": "civ_move_2", "volume": 0.15}
[2026-09-25 19:45:15.471] [SFX] {"sound": "civ_move_2", "volume": 0.12}
[2026-09-25 19:45:15.553] [SFX] {"sound": "player_move", "volume": 0.4}
[2026-09-25 19:45:15.575] [SFX] {"sound": "civ_move_2", "volume": 0.11}
[2026-09-25 19:45:15.575] [SFX] {"sound": "civ_move_2", "volume": 0.22}
[2026-09-25 19:45:15.576] [SFX] {"sound": "civ_move_2", "volume": 0.09}
[2026-09-25 19:45:15.884] [SFX] {"sound": "civ_move_2", "volume": 0.11}
[2026-09-25 19:45:15.885] [SFX] {"sound": "civ_move_2", "volume": 0.09}
[2026-09-25 19:45:15.933] [SFX] {"sound": "threat_pulse", "volume": 0.51}
[2026-09-25 19:45:15.982] [SFX] {"sound": "civ_move_2", "volume": 0.12}
[2026-09-25 19:45:15.983] [SFX] {"sound": "civ_move_2", "volume": 0.26}
[2026-09-25 19:45:15.984] [SFX] {"sound": "civ_move_2", "volume": 0.05}
[2026-09-25 19:45:16.296] [SFX] {"sound": "civ_move_2", "volume": 0.11}
[2026-09-25 19:45:16.297] [SFX] {"sound": "civ_move_2", "volume": 0.1}
[2026-09-25 19:45:16.362] [M] {"button": 1, "pos": [435, 189], "ui_clicked": false}
[2026-09-25 19:45:16.370] [P] {"start": [183, 14], "goal": [192, 14], "length": 1, "is_direction_change": false}
[2026-09-25 19:45:16.371] [SFX] {"sound": "click_target", "volume": 0.6}
[2026-09-25 19:45:16.407] [JACK] Achtung! Guardians patrouillieren den Sektor. Wir müssen extrem vorsichtig sein!
[2026-09-25 19:45:16.423] [SFX] {"sound": "civ_move_2", "volume": 0.12}
[2026-09-25 19:45:16.423] [SFX] {"sound": "civ_move_2", "volume": 0.28}
[2026-09-25 19:45:16.424] [SFX] {"sound": "civ_move_2", "volume": 0.03}
[2026-09-25 19:45:16.440] [C] {"civ_pos": [186, 14]}
[2026-09-25 19:45:16.441] [SFX] {"sound": "threat_pulse", "volume": 0.48}
[2026-09-25 19:45:16.474] [SFX] {"sound": "player_move", "volume": 0.4}
[2026-09-25 19:45:16.703] [SFX] {"sound": "civ_move_2", "volume": 0.06}
[2026-09-25 19:45:16.786] [SFX] {"sound": "player_move", "volume": 0.4}
[2026-09-25 19:45:16.818] [SFX] {"sound": "civ_move_2", "volume": 0.17}
[2026-09-25 19:45:16.819] [SFX] {"sound": "civ_move_2", "volume": 0.24}
[2026-09-25 19:45:17.034] [SFX] {"sound": "threat_pulse", "volume": 0.45}
[2026-09-25 19:45:17.117] [SFX] {"sound": "civ_move_2", "volume": 0.04}
[2026-09-25 19:45:17.118] [SFX] {"sound": "civ_move_2", "volume": 0.06}
[2026-09-25 19:45:17.233] [SFX] {"sound": "civ_move_2", "volume": 0.15}
[2026-09-25 19:45:17.234] [SFX] {"sound": "civ_move_2", "volume": 0.01}
[2026-09-25 19:45:17.235] [SFX] {"sound": "civ_move_2", "volume": 0.23}
[2026-09-25 19:45:17.483] [M] {"button": 1, "pos": [435, 189], "ui_clicked": false}
[2026-09-25 19:45:17.491] [P] {"start": [192, 14], "goal": [201, 14], "length": 1, "is_direction_change": false}
[2026-09-25 19:45:17.492] [SFX] {"sound": "click_target", "volume": 0.6}
[2026-09-25 19:45:17.518] [JACK] Diese Bedrohung ist greifbar... Die Wachen dürfen unser Signal nicht isolieren.
[2026-09-25 19:45:17.536] [SFX] {"sound": "civ_move_2", "volume": 0.03}
[2026-09-25 19:45:17.536] [SFX] {"sound": "civ_move_2", "volume": 0.07}
[2026-09-25 19:45:17.537] [SFX] {"sound": "civ_move_1", "volume": 0.0}
[2026-09-25 19:45:17.647] [SFX] {"sound": "civ_move_2", "volume": 0.17}
[2026-09-25 19:45:17.647] [SFX] {"sound": "civ_move_2", "volume": 0.05}
[2026-09-25 19:45:17.648] [SFX] {"sound": "civ_move_2", "volume": 0.2}
[2026-09-25 19:45:17.745] [SFX] {"sound": "threat_pulse", "volume": 0.41}
[2026-09-25 19:45:17.778] [SFX] {"sound": "player_move", "volume": 0.4}
[2026-09-25 19:45:17.928] [SFX] {"sound": "civ_move_2", "volume": 0.02}
[2026-09-25 19:45:17.929] [SFX] {"sound": "civ_move_1", "volume": 0.05}
[2026-09-25 19:45:18.048] [SFX] {"sound": "civ_move_2", "volume": 0.2}
[2026-09-25 19:45:18.049] [SFX] {"sound": "civ_move_2", "volume": 0.1}
[2026-09-25 19:45:18.049] [SFX] {"sound": "civ_move_2", "volume": 0.14}
[2026-09-25 19:45:18.341] [SFX] {"sound": "civ_move_2", "volume": 0.03}
[2026-09-25 19:45:18.342] [SFX] {"sound": "civ_move_1", "volume": 0.07}
[2026-09-25 19:45:18.459] [SFX] {"sound": "civ_move_2", "volume": 0.18}
[2026-09-25 19:45:18.460] [SFX] {"sound": "civ_move_2", "volume": 0.11}
[2026-09-25 19:45:18.461] [SFX] {"sound": "civ_move_2", "volume": 0.13}
[2026-09-25 19:45:18.557] [SFX] {"sound": "threat_pulse", "volume": 0.37}
[2026-09-25 19:45:18.604] [M] {"button": 1, "pos": [182, 184], "ui_clicked": false}
[2026-09-25 19:45:18.613] [P] {"start": [201, 14], "goal": [188, 14], "length": 1, "is_direction_change": false}
[2026-09-25 19:45:18.613] [SFX] {"sound": "click_target", "volume": 0.56}
[2026-09-25 19:45:18.669] [JACK] Verdammt, die Sentinels kreisen um uns... Ich habe echte Angst, ertappt zu werden!
[2026-09-25 19:45:18.748] [SFX] {"sound": "civ_move_2", "volume": 0.06}
[2026-09-25 19:45:18.748] [SFX] {"sound": "civ_move_1", "volume": 0.06}
[2026-09-25 19:45:18.770] [SFX] {"sound": "player_move", "volume": 0.4}
[2026-09-25 19:45:18.862] [SFX] {"sound": "civ_move_2", "volume": 0.13}
[2026-09-25 19:45:18.862] [SFX] {"sound": "civ_move_2", "volume": 0.09}
[2026-09-25 19:45:18.863] [SFX] {"sound": "civ_move_2", "volume": 0.15}
[2026-09-25 19:45:19.061] [M] {"button": 1, "pos": [182, 184], "ui_clicked": false}
[2026-09-25 19:45:19.069] [P] {"start": [192, 14], "goal": [183, 14], "length": 1, "is_direction_change": false}
[2026-09-25 19:45:19.070] [SFX] {"sound": "click_target", "volume": 0.63}
[2026-09-25 19:45:19.108] [SFX] {"sound": "player_move", "volume": 0.4}
[2026-09-25 19:45:19.150] [SFX] {"sound": "civ_move_2", "volume": 0.05}
[2026-09-25 19:45:19.150] [SFX] {"sound": "civ_move_2", "volume": 0.14}
[2026-09-25 19:45:19.151] [SFX] {"sound": "civ_move_1", "volume": 0.01}
[2026-09-25 19:45:19.264] [SFX] {"sound": "civ_move_2", "volume": 0.06}
[2026-09-25 19:45:19.265] [SFX] {"sound": "civ_move_2", "volume": 0.04}
[2026-09-25 19:45:19.266] [SFX] {"sound": "civ_move_2", "volume": 0.2}
[2026-09-25 19:45:19.266] [SFX] {"sound": "civ_move_2", "volume": 0.01}
[2026-09-25 19:45:19.380] [SFX] {"sound": "player_move", "volume": 0.4}
[2026-09-25 19:45:19.465] [SFX] {"sound": "threat_pulse", "volume": 0.33}
[2026-09-25 19:45:19.531] [M] {"button": 1, "pos": [184, 184], "ui_clicked": false}
[2026-09-25 19:45:19.540] [SFX] {"sound": "click_target", "volume": 0.63}
[2026-09-25 19:45:19.556] [SFX] {"sound": "civ_move_2", "volume": 0.11}
[2026-09-25 19:45:19.557] [SFX] {"sound": "civ_move_2", "volume": 0.2}
[2026-09-25 19:45:19.668] [SFX] {"sound": "civ_move_2", "volume": 0.25}
[2026-09-25 19:45:19.669] [SFX] {"sound": "civ_move_2", "volume": 0.08}
[2026-09-25 19:45:19.719] [SFX] {"sound": "player_move", "volume": 0.4}
[2026-09-25 19:45:19.952] [SFX] {"sound": "civ_move_2", "volume": 0.17}
[2026-09-25 19:45:19.953] [SFX] {"sound": "civ_move_2", "volume": 0.28}
[2026-09-25 19:45:19.954] [C] {"civ_pos": [172, 14]}
[2026-09-25 19:45:20.025] [SFX] {"sound": "player_move", "volume": 0.4}
[2026-09-25 19:45:20.074] [SFX] {"sound": "civ_move_2", "volume": 0.29}
[2026-09-25 19:45:20.075] [SFX] {"sound": "civ_move_2", "volume": 0.01}
[2026-09-25 19:45:20.076] [SFX] {"sound": "civ_move_2", "volume": 0.15}
[2026-09-25 19:45:20.189] [M] {"button": 4, "pos": [283, 175], "ui_clicked": false}
[2026-09-25 19:45:20.337] [SFX] {"sound": "player_move", "volume": 0.4}
[2026-09-25 19:45:20.360] [SFX] {"sound": "civ_move_2", "volume": 0.19}
[2026-09-25 19:45:20.361] [SFX] {"sound": "civ_move_2", "volume": 0.29}
[2026-09-25 19:45:20.378] [SFX] {"sound": "threat_pulse", "volume": 0.31}
[2026-09-25 19:45:20.487] [SFX] {"sound": "civ_move_2", "volume": 0.29}
[2026-09-25 19:45:20.488] [SFX] {"sound": "civ_move_2", "volume": 0.01}
[2026-09-25 19:45:20.489] [SFX] {"sound": "civ_move_2", "volume": 0.18}
[2026-09-25 19:45:20.640] [SFX] {"sound": "player_move", "volume": 0.4}
[2026-09-25 19:45:20.655] [M] {"button": 4, "pos": [363, 179], "ui_clicked": false}
[2026-09-25 19:45:20.755] [SFX] {"sound": "civ_move_2", "volume": 0.2}
[2026-09-25 19:45:20.756] [SFX] {"sound": "civ_move_2", "volume": 0.26}
[2026-09-25 19:45:20.889] [SFX] {"sound": "civ_move_2", "volume": 0.29}
[2026-09-25 19:45:20.890] [SFX] {"sound": "civ_move_2", "volume": 0.01}
[2026-09-25 19:45:20.890] [SFX] {"sound": "civ_move_2", "volume": 0.2}
[2026-09-25 19:45:20.953] [SFX] {"sound": "player_move", "volume": 0.4}
[2026-09-25 19:45:21.050] [M] {"button": 1, "pos": [424, 193], "ui_clicked": false}
[2026-09-25 19:45:21.059] [SFX] {"sound": "action_cancel", "volume": 1.0}
[2026-09-25 19:45:21.059] [P] {"start": [168, 14], "goal": [172, 14], "length": 1, "is_direction_change": false}
[2026-09-25 19:45:21.060] [SFX] {"sound": "click_target", "volume": 0.72}
[2026-09-25 19:45:21.158] [SFX] {"sound": "civ_move_2", "volume": 0.2}
[2026-09-25 19:45:21.158] [SFX] {"sound": "civ_move_2", "volume": 0.26}
[2026-09-25 19:45:21.273] [SFX] {"sound": "threat_pulse", "volume": 0.31}
[2026-09-25 19:45:21.295] [SFX] {"sound": "civ_move_2", "volume": 0.26}
[2026-09-25 19:45:21.296] [SFX] {"sound": "civ_move_2", "volume": 0.19}
[2026-09-25 19:45:21.570] [SFX] {"sound": "civ_move_2", "volume": 0.26}
[2026-09-25 19:45:21.703] [SFX] {"sound": "civ_move_2", "volume": 0.25}
[2026-09-25 19:45:21.703] [SFX] {"sound": "civ_move_2", "volume": 0.21}
[2026-09-25 19:45:21.985] [SFX] {"sound": "civ_move_2", "volume": 0.19}
[2026-09-25 19:45:21.986] [SFX] {"sound": "civ_move_2", "volume": 0.24}
[2026-09-25 19:45:22.116] [SFX] {"sound": "civ_move_2", "volume": 0.01}
[2026-09-25 19:45:22.117] [SFX] {"sound": "civ_move_2", "volume": 0.24}
[2026-09-25 19:45:22.117] [SFX] {"sound": "civ_move_2", "volume": 0.22}
[2026-09-25 19:45:22.398] [SFX] {"sound": "civ_move_2", "volume": 0.19}
[2026-09-25 19:45:22.398] [SFX] {"sound": "civ_move_2", "volume": 0.23}
[2026-09-25 19:45:22.431] [M] {"button": 1, "pos": [445, 139], "ui_clicked": false}
[2026-09-25 19:45:22.532] [SFX] {"sound": "civ_move_2", "volume": 0.02}
[2026-09-25 19:45:22.532] [SFX] {"sound": "civ_move_2", "volume": 0.22}
[2026-09-25 19:45:22.533] [SFX] {"sound": "civ_move_2", "volume": 0.23}
[2026-09-25 19:45:22.813] [SFX] {"sound": "civ_move_2", "volume": 0.19}
[2026-09-25 19:45:22.813] [SFX] {"sound": "civ_move_2", "volume": 0.22}
[2026-09-25 19:45:22.913] [M] {"button": 1, "pos": [468, 205], "ui_clicked": false}
[2026-09-25 19:45:22.921] [P] {"start": [172, 14], "goal": [176, 14], "length": 1, "is_direction_change": false}
[2026-09-25 19:45:22.922] [SFX] {"sound": "click_target", "volume": 0.71}
[2026-09-25 19:45:22.958] [SFX] {"sound": "civ_move_2", "volume": 0.03}
[2026-09-25 19:45:22.959] [SFX] {"sound": "civ_move_2", "volume": 0.21}
[2026-09-25 19:45:22.959] [SFX] {"sound": "civ_move_2", "volume": 0.24}
[2026-09-25 19:45:22.976] [SFX] {"sound": "player_move", "volume": 0.4}
[2026-09-25 19:45:23.218] [SFX] {"sound": "civ_move_2", "volume": 0.16}
[2026-09-25 19:45:23.219] [SFX] {"sound": "civ_move_2", "volume": 0.24}
[2026-09-25 19:45:23.219] [SFX] {"sound": "civ_move_1", "volume": 0.03}
[2026-09-25 19:45:23.334] [SFX] {"sound": "civ_move_2", "volume": 0.07}
[2026-09-25 19:45:23.335] [SFX] {"sound": "civ_move_2", "volume": 0.17}
[2026-09-25 19:45:23.336] [SFX] {"sound": "civ_move_2", "volume": 0.22}
[2026-09-25 19:45:23.449] [M] {"button": 1, "pos": [467, 198], "ui_clicked": false}
[2026-09-25 19:45:23.457] [P] {"start": [176, 14], "goal": [180, 14], "length": 1, "is_direction_change": false}
[2026-09-25 19:45:23.458] [SFX] {"sound": "click_target", "volume": 0.72}
[2026-09-25 19:45:23.618] [SFX] {"sound": "player_move", "volume": 0.4}
[2026-09-25 19:45:23.619] [SFX] {"sound": "civ_move_2", "volume": 0.13}
[2026-09-25 19:45:23.620] [SFX] {"sound": "civ_move_2", "volume": 0.25}
[2026-09-25 19:45:23.621] [SFX] {"sound": "civ_move_1", "volume": 0.06}
[2026-09-25 19:45:23.735] [SFX] {"sound": "civ_move_2", "volume": 0.11}
[2026-09-25 19:45:23.735] [SFX] {"sound": "civ_move_2", "volume": 0.13}
[2026-09-25 19:45:23.736] [SFX] {"sound": "civ_move_2", "volume": 0.21}
[2026-09-25 19:45:23.948] [M] {"button": 5, "pos": [461, 198], "ui_clicked": false}
[2026-09-25 19:45:24.030] [SFX] {"sound": "civ_move_2", "volume": 0.13}
[2026-09-25 19:45:24.030] [SFX] {"sound": "civ_move_2", "volume": 0.24}
[2026-09-25 19:45:24.031] [SFX] {"sound": "civ_move_1", "volume": 0.08}
[2026-09-25 19:45:24.143] [SFX] {"sound": "civ_move_2", "volume": 0.13}
[2026-09-25 19:45:24.143] [SFX] {"sound": "civ_move_2", "volume": 0.11}
[2026-09-25 19:45:24.144] [SFX] {"sound": "civ_move_2", "volume": 0.22}
[2026-09-25 19:45:24.340] [M] {"button": 5, "pos": [461, 198], "ui_clicked": false}
[2026-09-25 19:45:24.438] [SFX] {"sound": "civ_move_2", "volume": 0.13}
[2026-09-25 19:45:24.439] [SFX] {"sound": "civ_move_2", "volume": 0.23}
[2026-09-25 19:45:24.440] [SFX] {"sound": "civ_move_1", "volume": 0.09}
[2026-09-25 19:45:24.555] [SFX] {"sound": "civ_move_2", "volume": 0.14}
[2026-09-25 19:45:24.556] [SFX] {"sound": "civ_move_2", "volume": 0.1}
[2026-09-25 19:45:24.557] [SFX] {"sound": "civ_move_2", "volume": 0.23}
[2026-09-25 19:45:24.704] [M] {"button": 1, "pos": [461, 197], "ui_clicked": false}
[2026-09-25 19:45:24.852] [SFX] {"sound": "civ_move_2", "volume": 0.13}
[2026-09-25 19:45:24.853] [SFX] {"sound": "civ_move_2", "volume": 0.22}
[2026-09-25 19:45:24.854] [SFX] {"sound": "civ_move_1", "volume": 0.1}
[2026-09-25 19:45:24.969] [SFX] {"sound": "civ_move_2", "volume": 0.15}
[2026-09-25 19:45:24.970] [SFX] {"sound": "civ_move_2", "volume": 0.09}
[2026-09-25 19:45:24.971] [SFX] {"sound": "civ_move_2", "volume": 0.24}
[2026-09-25 19:45:25.216] [M] {"button": 1, "pos": [455, 190], "ui_clicked": false}
[2026-09-25 19:45:25.224] [SFX] {"sound": "click_target", "volume": 0.44}
[2026-09-25 19:45:25.267] [SFX] {"sound": "civ_move_2", "volume": 0.12}
[2026-09-25 19:45:25.268] [SFX] {"sound": "civ_move_2", "volume": 0.21}
[2026-09-25 19:45:25.269] [SFX] {"sound": "civ_move_1", "volume": 0.13}
[2026-09-25 19:45:25.382] [SFX] {"sound": "civ_move_2", "volume": 0.19}
[2026-09-25 19:45:25.382] [SFX] {"sound": "civ_move_2", "volume": 0.05}
[2026-09-25 19:45:25.383] [SFX] {"sound": "civ_move_2", "volume": 0.23}
[2026-09-25 19:45:25.513] [SFX] {"sound": "player_move", "volume": 0.4}
[2026-09-25 19:45:25.678] [SFX] {"sound": "civ_move_2", "volume": 0.06}
[2026-09-25 19:45:25.679] [SFX] {"sound": "civ_move_2", "volume": 0.26}
[2026-09-25 19:45:25.680] [SFX] {"sound": "civ_move_1", "volume": 0.2}
[2026-09-25 19:45:25.796] [SFX] {"sound": "civ_move_2", "volume": 0.26}
[2026-09-25 19:45:25.796] [SFX] {"sound": "civ_move_2", "volume": 0.18}
[2026-09-25 19:45:25.828] [SFX] {"sound": "player_move", "volume": 0.4}
[2026-09-25 19:45:25.894] [C] {"civ_pos": [195, 14]}
[2026-09-25 19:45:25.936] [JACK] Diese Nodes wandern völlig ahnungslos durch das Grid.
[2026-09-25 19:45:26.080] [SFX] {"sound": "civ_move_2", "volume": 0.02}
[2026-09-25 19:45:26.081] [SFX] {"sound": "civ_move_2", "volume": 0.29}
[2026-09-25 19:45:26.082] [SFX] {"sound": "civ_move_1", "volume": 0.25}
[2026-09-25 19:45:26.130] [SFX] {"sound": "player_move", "volume": 0.4}
[2026-09-25 19:45:26.196] [SFX] {"sound": "civ_move_2", "volume": 0.3}
[2026-09-25 19:45:26.196] [SFX] {"sound": "civ_move_2", "volume": 0.17}
[2026-09-25 19:45:26.394] [M] {"button": 1, "pos": [457, 189], "ui_clicked": false}
[2026-09-25 19:45:26.402] [SFX] {"sound": "action_cancel", "volume": 1.0}
[2026-09-25 19:45:26.444] [SFX] {"sound": "player_move", "volume": 0.4}
[2026-09-25 19:45:26.495] [SFX] {"sound": "civ_move_2", "volume": 0.03}
[2026-09-25 19:45:26.495] [SFX] {"sound": "civ_move_2", "volume": 0.26}
[2026-09-25 19:45:26.496] [SFX] {"sound": "civ_move_1", "volume": 0.25}
[2026-09-25 19:45:26.596] [SFX] {"sound": "civ_move_2", "volume": 0.28}
[2026-09-25 19:45:26.597] [SFX] {"sound": "civ_move_2", "volume": 0.21}
[2026-09-25 19:45:26.744] [SFX] {"sound": "player_move", "volume": 0.4}
[2026-09-25 19:45:26.909] [SFX] {"sound": "civ_move_2", "volume": 0.1}
[2026-09-25 19:45:26.910] [SFX] {"sound": "civ_move_1", "volume": 0.2}
[2026-09-25 19:45:26.932] [SFX] {"sound": "civ_move_2", "volume": 0.2}
[2026-09-25 19:45:27.010] [SFX] {"sound": "civ_move_2", "volume": 0.23}
[2026-09-25 19:45:27.010] [SFX] {"sound": "civ_move_2", "volume": 0.01}
[2026-09-25 19:45:27.011] [SFX] {"sound": "civ_move_2", "volume": 0.29}
[2026-09-25 19:45:27.044] [SFX] {"sound": "player_move", "volume": 0.4}
[2026-09-25 19:45:27.093] [M] {"button": 1, "pos": [457, 188], "ui_clicked": false}
[2026-09-25 19:45:27.310] [SFX] {"sound": "civ_move_2", "volume": 0.16}
[2026-09-25 19:45:27.311] [SFX] {"sound": "civ_move_1", "volume": 0.15}
[2026-09-25 19:45:27.333] [SFX] {"sound": "civ_move_2", "volume": 0.16}
[2026-09-25 19:45:27.352] [SFX] {"sound": "player_move", "volume": 0.4}
[2026-09-25 19:45:27.413] [SFX] {"sound": "civ_move_2", "volume": 0.18}
[2026-09-25 19:45:27.414] [SFX] {"sound": "civ_move_2", "volume": 0.06}
[2026-09-25 19:45:27.415] [SFX] {"sound": "civ_move_2", "volume": 0.24}
[2026-09-25 19:45:27.446] [M] {"button": 1, "pos": [492, 174], "ui_clicked": false}
[2026-09-25 19:45:27.649] [SFX] {"sound": "player_move", "volume": 0.4}
[2026-09-25 19:45:27.715] [SFX] {"sound": "civ_move_2", "volume": 0.22}
[2026-09-25 19:45:27.737] [SFX] {"sound": "civ_move_2", "volume": 0.11}
[2026-09-25 19:45:27.738] [SFX] {"sound": "civ_move_1", "volume": 0.08}
[2026-09-25 19:45:27.780] [M] {"button": 1, "pos": [480, 185], "ui_clicked": false}
[2026-09-25 19:45:27.789] [SFX] {"sound": "click_target", "volume": 0.3}
[2026-09-25 19:45:27.816] [SFX] {"sound": "civ_move_2", "volume": 0.14}
[2026-09-25 19:45:27.817] [SFX] {"sound": "civ_move_2", "volume": 0.1}
[2026-09-25 19:45:27.818] [SFX] {"sound": "civ_move_2", "volume": 0.18}
[2026-09-25 19:45:27.950] [SFX] {"sound": "player_move", "volume": 0.4}
[2026-09-25 19:45:28.116] [SFX] {"sound": "civ_move_2", "volume": 0.18}
[2026-09-25 19:45:28.140] [SFX] {"sound": "civ_move_2", "volume": 0.17}
[2026-09-25 19:45:28.141] [SFX] {"sound": "civ_move_1", "volume": 0.11}
[2026-09-25 19:45:28.218] [SFX] {"sound": "civ_move_2", "volume": 0.22}
[2026-09-25 19:45:28.219] [SFX] {"sound": "civ_move_2", "volume": 0.03}
[2026-09-25 19:45:28.220] [SFX] {"sound": "civ_move_2", "volume": 0.23}
[2026-09-25 19:45:28.252] [SFX] {"sound": "player_move", "volume": 0.4}
[2026-09-25 19:45:28.517] [SFX] {"sound": "civ_move_2", "volume": 0.12}
[2026-09-25 19:45:28.549] [SFX] {"sound": "civ_move_2", "volume": 0.24}
[2026-09-25 19:45:28.550] [SFX] {"sound": "civ_move_1", "volume": 0.16}
[2026-09-25 19:45:28.572] [SFX] {"sound": "player_move", "volume": 0.4}
[2026-09-25 19:45:28.614] [C] {"civ_pos": [185, 14]}
[2026-09-25 19:45:28.679] [SFX] {"sound": "civ_move_2", "volume": 0.29}
[2026-09-25 19:45:28.680] [SFX] {"sound": "civ_move_2", "volume": 0.28}
[2026-09-25 19:45:28.875] [SFX] {"sound": "player_move", "volume": 0.4}
[2026-09-25 19:45:28.926] [SFX] {"sound": "civ_move_2", "volume": 0.07}
[2026-09-25 19:45:28.926] [SFX] {"sound": "threat_pulse", "volume": 0.3}
[2026-09-25 19:45:28.960] [SFX] {"sound": "civ_move_2", "volume": 0.3}
[2026-09-25 19:45:28.960] [SFX] {"sound": "civ_move_1", "volume": 0.19}
[2026-09-25 19:45:29.041] [SFX] {"sound": "civ_move_2", "volume": 0.27}
[2026-09-25 19:45:29.042] [SFX] {"sound": "civ_move_2", "volume": 0.3}
[2026-09-25 19:45:29.175] [SFX] {"sound": "player_move", "volume": 0.4}
[2026-09-25 19:45:29.342] [SFX] {"sound": "civ_move_2", "volume": 0.07}
[2026-09-25 19:45:29.374] [SFX] {"sound": "civ_move_2", "volume": 0.29}
[2026-09-25 19:45:29.375] [SFX] {"sound": "civ_move_1", "volume": 0.18}
[2026-09-25 19:45:29.456] [SFX] {"sound": "civ_move_2", "volume": 0.26}
[2026-09-25 19:45:29.457] [SFX] {"sound": "civ_move_2", "volume": 0.28}
[2026-09-25 19:45:29.489] [SFX] {"sound": "player_move", "volume": 0.4}
[2026-09-25 19:45:29.521] [M] {"button": 1, "pos": [486, 185], "ui_clicked": false}
[2026-09-25 19:45:29.528] [SFX] {"sound": "action_cancel", "volume": 1.0}
[2026-09-25 19:45:29.528] [P] {"start": [187, 14], "goal": [209, 14], "length": 1, "is_direction_change": false}
[2026-09-25 19:45:29.529] [SFX] {"sound": "click_target", "volume": 0.35}
[2026-09-25 19:45:29.741] [SFX] {"sound": "civ_move_2", "volume": 0.04}
[2026-09-25 19:45:29.773] [SFX] {"sound": "civ_move_2", "volume": 0.25}
[2026-09-25 19:45:29.774] [SFX] {"sound": "civ_move_1", "volume": 0.2}
[2026-09-25 19:45:29.795] [SFX] {"sound": "player_move", "volume": 0.4}
[2026-09-25 19:45:29.858] [SFX] {"sound": "civ_move_2", "volume": 0.2}
[2026-09-25 19:45:29.858] [SFX] {"sound": "civ_move_2", "volume": 0.28}
[2026-09-25 19:45:30.094] [SFX] {"sound": "player_move", "volume": 0.4}
[2026-09-25 19:45:30.178] [SFX] {"sound": "civ_move_2", "volume": 0.17}
[2026-09-25 19:45:30.179] [SFX] {"sound": "civ_move_1", "volume": 0.25}
[2026-09-25 19:45:30.260] [SFX] {"sound": "civ_move_2", "volume": 0.12}
[2026-09-25 19:45:30.261] [SFX] {"sound": "civ_move_2", "volume": 0.24}
[2026-09-25 19:45:30.404] [SFX] {"sound": "player_move", "volume": 0.4}
[2026-09-25 19:45:30.586] [SFX] {"sound": "civ_move_2", "volume": 0.1}
[2026-09-25 19:45:30.587] [SFX] {"sound": "civ_move_1", "volume": 0.3}
[2026-09-25 19:45:30.671] [SFX] {"sound": "civ_move_2", "volume": 0.06}
[2026-09-25 19:45:30.672] [SFX] {"sound": "civ_move_2", "volume": 0.2}
[2026-09-25 19:45:30.997] [SFX] {"sound": "civ_move_2", "volume": 0.09}
[2026-09-25 19:45:30.998] [SFX] {"sound": "civ_move_1", "volume": 0.29}
[2026-09-25 19:45:31.081] [SFX] {"sound": "civ_move_2", "volume": 0.05}
[2026-09-25 19:45:31.081] [SFX] {"sound": "civ_move_2", "volume": 0.21}
[2026-09-25 19:45:31.131] [C] {"civ_pos": [211, 14]}
[2026-09-25 19:45:31.412] [SFX] {"sound": "civ_move_2", "volume": 0.07}
[2026-09-25 19:45:31.412] [SFX] {"sound": "civ_move_1", "volume": 0.28}
[2026-09-25 19:45:31.495] [SFX] {"sound": "civ_move_2", "volume": 0.04}
[2026-09-25 19:45:31.495] [SFX] {"sound": "civ_move_2", "volume": 0.22}
[2026-09-25 19:45:31.824] [SFX] {"sound": "civ_move_2", "volume": 0.06}
[2026-09-25 19:45:31.825] [SFX] {"sound": "civ_move_1", "volume": 0.26}
[2026-09-25 19:45:31.907] [SFX] {"sound": "civ_move_2", "volume": 0.02}
[2026-09-25 19:45:31.908] [SFX] {"sound": "civ_move_2", "volume": 0.23}
[2026-09-25 19:45:32.087] [M] {"button": 1, "pos": [332, 197], "ui_clicked": false}
[2026-09-25 19:45:32.094] [SFX] {"sound": "click_target", "volume": 0.74}
[2026-09-25 19:45:32.238] [SFX] {"sound": "civ_move_2", "volume": 0.05}
[2026-09-25 19:45:32.239] [SFX] {"sound": "civ_move_1", "volume": 0.25}
[2026-09-25 19:45:32.307] [SFX] {"sound": "civ_move_2", "volume": 0.01}
[2026-09-25 19:45:32.308] [SFX] {"sound": "civ_move_2", "volume": 0.25}
[2026-09-25 19:45:32.642] [SFX] {"sound": "civ_move_2", "volume": 0.04}
[2026-09-25 19:45:32.642] [SFX] {"sound": "civ_move_1", "volume": 0.24}
[2026-09-25 19:45:32.710] [SFX] {"sound": "civ_move_2", "volume": 0.26}
[2026-09-25 19:45:33.054] [SFX] {"sound": "civ_move_2", "volume": 0.02}
[2026-09-25 19:45:33.055] [SFX] {"sound": "civ_move_1", "volume": 0.23}
[2026-09-25 19:45:33.119] [SFX] {"sound": "civ_move_2", "volume": 0.27}
[2026-09-25 19:45:33.271] [M] {"button": 1, "pos": [418, 294], "ui_clicked": true}
[2026-09-25 19:45:33.301] [JACK] Deck-Einstellungen werden angepasst...
[2026-09-25 19:45:33.459] [SFX] {"sound": "civ_move_2", "volume": 0.01}
[2026-09-25 19:45:33.483] [SFX] {"sound": "civ_move_1", "volume": 0.22}
[2026-09-25 19:45:33.528] [SFX] {"sound": "civ_move_2", "volume": 0.28}
[2026-09-25 19:45:33.551] [SFX] {"sound": "infiltrate 1", "volume": 0.5}
[2026-09-25 19:45:33.646] [C] {"civ_pos": [207, 14]}
[2026-09-25 19:45:33.879] [SFX] {"sound": "civ_move_1", "volume": 0.23}
[2026-09-25 19:45:33.928] [SFX] {"sound": "civ_move_2", "volume": 0.29}
[2026-09-25 19:45:33.962] [SFX] {"sound": "infiltrate 2", "volume": 0.5}
[2026-09-25 19:45:34.292] [SFX] {"sound": "civ_move_1", "volume": 0.25}
[2026-09-25 19:45:34.342] [SFX] {"sound": "civ_move_2", "volume": 0.29}
[2026-09-25 19:45:34.380] [SFX] {"sound": "infiltrate 1", "volume": 0.5}
[2026-09-25 19:45:34.693] [SFX] {"sound": "civ_move_1", "volume": 0.26}
[2026-09-25 19:45:34.742] [SFX] {"sound": "civ_move_2", "volume": 0.28}
[2026-09-25 19:45:34.794] [SFX] {"sound": "infiltrate 2", "volume": 0.5}
[2026-09-25 19:45:35.110] [SFX] {"sound": "civ_move_1", "volume": 0.27}
[2026-09-25 19:45:35.143] [SFX] {"sound": "civ_move_2", "volume": 0.27}
[2026-09-25 19:45:35.208] [SFX] {"sound": "infiltrate 2", "volume": 0.5}
[2026-09-25 19:45:35.524] [SFX] {"sound": "civ_move_1", "volume": 0.28}
[2026-09-25 19:45:35.558] [SFX] {"sound": "civ_move_2", "volume": 0.26}
[2026-09-25 19:45:35.624] [SFX] {"sound": "infiltrate 1", "volume": 0.5}
[2026-09-25 19:45:35.927] [SFX] {"sound": "civ_move_1", "volume": 0.29}
[2026-09-25 19:45:35.961] [SFX] {"sound": "civ_move_2", "volume": 0.24}
[2026-09-25 19:45:36.028] [SFX] {"sound": "infiltrate 1", "volume": 0.5}
[2026-09-25 19:45:36.160] [C] {"civ_pos": [208, 14]}
[2026-09-25 19:45:36.277] [SFX] {"sound": "hack_success", "volume": 1.0}
[2026-09-25 19:45:36.332] [SFX] {"sound": "civ_move_1", "volume": 0.29}
[2026-09-25 19:45:36.380] [SFX] {"sound": "civ_move_2", "volume": 0.25}
[2026-09-25 19:45:36.748] [SFX] {"sound": "civ_move_1", "volume": 0.28}
[2026-09-25 19:45:36.780] [M] {"button": 1, "pos": [394, 179], "ui_clicked": false}
[2026-09-25 19:45:36.788] [SFX] {"sound": "civ_move_2", "volume": 0.26}
[2026-09-25 19:45:37.149] [SFX] {"sound": "civ_move_1", "volume": 0.27}
[2026-09-25 19:45:37.183] [SFX] {"sound": "civ_move_2", "volume": 0.27}
[2026-09-25 19:45:37.400] [M] {"button": 1, "pos": [369, 173], "ui_clicked": false}
[2026-09-25 19:45:37.551] [SFX] {"sound": "civ_move_1", "volume": 0.26}
[2026-09-25 19:45:37.584] [SFX] {"sound": "civ_move_2", "volume": 0.28}
[2026-09-25 19:45:37.863] [M] {"button": 1, "pos": [368, 178], "ui_clicked": false}
[2026-09-25 19:45:37.961] [SFX] {"sound": "civ_move_1", "volume": 0.24}
[2026-09-25 19:45:37.995] [SFX] {"sound": "civ_move_2", "volume": 0.3}
[2026-09-25 19:45:38.359] [M] {"button": 1, "pos": [359, 181], "ui_clicked": false}
[2026-09-25 19:45:38.366] [P] {"start": [209, 14], "goal": [214, 14], "length": 1, "is_direction_change": false}
[2026-09-25 19:45:38.366] [SFX] {"sound": "click_target", "volume": 0.7}
[2026-09-25 19:45:38.404] [SFX] {"sound": "civ_move_1", "volume": 0.23}
[2026-09-25 19:45:38.422] [SFX] {"sound": "civ_move_2", "volume": 0.28}
[2026-09-25 19:45:38.466] [SFX] {"sound": "player_move", "volume": 0.4}
[2026-09-25 19:45:38.791] [SFX] {"sound": "civ_move_1", "volume": 0.18}
[2026-09-25 19:45:38.825] [SFX] {"sound": "civ_move_2", "volume": 0.24}
[2026-09-25 19:45:38.860] [M] {"button": 1, "pos": [359, 181], "ui_clicked": false}
[2026-09-25 19:45:38.868] [P] {"start": [214, 14], "goal": [218, 14], "length": 1, "is_direction_change": false}
[2026-09-25 19:45:38.869] [SFX] {"sound": "click_target", "volume": 0.71}
[2026-09-25 19:45:39.041] [SFX] {"sound": "player_move", "volume": 0.4}
[2026-09-25 19:45:39.206] [SFX] {"sound": "civ_move_1", "volume": 0.14}
[2026-09-25 19:45:39.237] [SFX] {"sound": "civ_move_2", "volume": 0.2}
[2026-09-25 19:45:39.385] [M] {"button": 1, "pos": [377, 179], "ui_clicked": false}
[2026-09-25 19:45:39.394] [SFX] {"sound": "click_target", "volume": 0.82}
[2026-09-25 19:45:39.615] [SFX] {"sound": "civ_move_1", "volume": 0.09}
[2026-09-25 19:45:39.649] [SFX] {"sound": "civ_move_2", "volume": 0.15}
[2026-09-25 19:45:39.815] [M] {"button": 1, "pos": [381, 179], "ui_clicked": false}
[2026-09-25 19:45:39.822] [SFX] {"sound": "action_cancel", "volume": 1.0}
[2026-09-25 19:45:40.025] [SFX] {"sound": "civ_move_1", "volume": 0.08}
[2026-09-25 19:45:40.058] [SFX] {"sound": "civ_move_2", "volume": 0.13}
[2026-09-25 19:45:40.436] [SFX] {"sound": "civ_move_1", "volume": 0.06}
[2026-09-25 19:45:40.469] [SFX] {"sound": "civ_move_2", "volume": 0.12}
[2026-09-25 19:45:40.850] [SFX] {"sound": "civ_move_1", "volume": 0.05}
[2026-09-25 19:45:40.886] [SFX] {"sound": "civ_move_2", "volume": 0.11}
[2026-09-25 19:45:41.098] [M] {"button": 1, "pos": [327, 167], "ui_clicked": false}
[2026-09-25 19:45:41.107] [SFX] {"sound": "click_target", "volume": 0.95}
[2026-09-25 19:45:41.268] [SFX] {"sound": "civ_move_1", "volume": 0.04}
[2026-09-25 19:45:41.301] [SFX] {"sound": "civ_move_2", "volume": 0.1}
[2026-09-25 19:45:41.684] [SFX] {"sound": "civ_move_1", "volume": 0.03}
[2026-09-25 19:45:41.707] [SFX] {"sound": "civ_move_2", "volume": 0.09}
[2026-09-25 19:45:42.097] [SFX] {"sound": "civ_move_1", "volume": 0.01}
[2026-09-25 19:45:42.119] [SFX] {"sound": "civ_move_2", "volume": 0.07}
[2026-09-25 19:45:42.165] [M] {"button": 1, "pos": [427, 293], "ui_clicked": true}
[2026-09-25 19:45:42.211] [JACK] Inventar durchwühlen. Wo liegt das passende Tool?
[2026-09-25 19:45:42.318] [SFX] {"sound": "infiltrate 2", "volume": 0.5}
[2026-09-25 19:45:42.499] [SFX] {"sound": "civ_move_1", "volume": 0.0}
[2026-09-25 19:45:42.521] [SFX] {"sound": "civ_move_2", "volume": 0.06}
[2026-09-25 19:45:42.729] [SFX] {"sound": "infiltrate 2", "volume": 0.5}
[2026-09-25 19:45:42.916] [SFX] {"sound": "civ_move_2", "volume": 0.05}
[2026-09-25 19:45:43.052] [M] {"button": 4, "pos": [361, 191], "ui_clicked": false}
[2026-09-25 19:45:43.086] [M] {"button": 4, "pos": [361, 190], "ui_clicked": false}
[2026-09-25 19:45:43.105] [M] {"button": 4, "pos": [361, 189], "ui_clicked": false}
[2026-09-25 19:45:43.141] [SFX] {"sound": "infiltrate 1", "volume": 0.5}
[2026-09-25 19:45:43.157] [M] {"button": 4, "pos": [360, 188], "ui_clicked": false}
[2026-09-25 19:45:43.320] [SFX] {"sound": "civ_move_2", "volume": 0.04}
[2026-09-25 19:45:43.418] [SFX] {"sound": "threat_pulse", "volume": 0.31}
[2026-09-25 19:45:43.468] [M] {"button": 4, "pos": [360, 188], "ui_clicked": false}
[2026-09-25 19:45:43.552] [SFX] {"sound": "infiltrate 1", "volume": 0.5}
[2026-09-25 19:45:43.733] [SFX] {"sound": "civ_move_2", "volume": 0.02}
[2026-09-25 19:45:43.962] [SFX] {"sound": "infiltrate 1", "volume": 0.5}
[2026-09-25 19:45:44.141] [SFX] {"sound": "civ_move_2", "volume": 0.01}
[2026-09-25 19:45:44.325] [SFX] {"sound": "threat_pulse", "volume": 0.41}
[2026-09-25 19:45:44.374] [SFX] {"sound": "infiltrate 2", "volume": 0.5}
[2026-09-25 19:45:44.552] [SFX] {"sound": "civ_move_2", "volume": 0.02}
[2026-09-25 19:45:44.783] [SFX] {"sound": "infiltrate 1", "volume": 0.5}
[2026-09-25 19:45:44.967] [SFX] {"sound": "civ_move_2", "volume": 0.03}
[2026-09-25 19:45:45.133] [SFX] {"sound": "threat_pulse", "volume": 0.49}
[2026-09-25 19:45:45.184] [SFX] {"sound": "infiltrate 2", "volume": 0.5}
[2026-09-25 19:45:45.184] [SFX] {"sound": "hack_success", "volume": 1.0}
[2026-09-25 19:45:45.369] [SFX] {"sound": "civ_move_2", "volume": 0.04}
[2026-09-25 19:45:45.564] [M] {"button": 1, "pos": [444, 197], "ui_clicked": false}
[2026-09-25 19:45:45.571] [P] {"start": [223, 14], "goal": [227, 14], "length": 1, "is_direction_change": false}
[2026-09-25 19:45:45.571] [SFX] {"sound": "click_target", "volume": 0.71}
[2026-09-25 19:45:45.608] [JACK] Diese Bedrohung ist greifbar... Die Wachen dürfen unser Signal nicht isolieren.
[2026-09-25 19:45:45.624] [SFX] {"sound": "player_move", "volume": 0.4}
[2026-09-25 19:45:45.735] [SFX] {"sound": "threat_pulse", "volume": 0.46}
[2026-09-25 19:45:45.767] [SFX] {"sound": "civ_move_2", "volume": 0.05}
[2026-09-25 19:45:46.096] [M] {"button": 1, "pos": [444, 197], "ui_clicked": false}
[2026-09-25 19:45:46.104] [P] {"start": [227, 14], "goal": [231, 14], "length": 1, "is_direction_change": false}
[2026-09-25 19:45:46.105] [SFX] {"sound": "click_target", "volume": 0.71}
[2026-09-25 19:45:46.152] [JACK] Überall Wacheinheiten... Ihr bedrohliches Summen brennt sich ins Deck.
[2026-09-25 19:45:46.180] [SFX] {"sound": "civ_move_2", "volume": 0.06}
[2026-09-25 19:45:46.293] [SFX] {"sound": "player_move", "volume": 0.4}
[2026-09-25 19:45:46.342] [SFX] {"sound": "threat_pulse", "volume": 0.43}
[2026-09-25 19:45:46.592] [SFX] {"sound": "civ_move_2", "volume": 0.07}
[2026-09-25 19:45:46.992] [SFX] {"sound": "civ_move_2", "volume": 0.08}
[2026-09-25 19:45:47.044] [SFX] {"sound": "threat_pulse", "volume": 0.4}
[2026-09-25 19:45:47.407] [SFX] {"sound": "civ_move_2", "volume": 0.09}
[2026-09-25 19:45:47.438] [M] {"button": 1, "pos": [364, 296], "ui_clicked": false}
[2026-09-25 19:45:47.447] [P] {"start": [231, 14], "goal": [232, 18], "length": 2, "is_direction_change": false}
[2026-09-25 19:45:47.447] [SFX] {"sound": "click_target", "volume": 0.71}
[2026-09-25 19:45:47.470] [JACK] Verdammt, die Sentinels kreisen um uns... Ich habe echte Angst, ertappt zu werden!
[2026-09-25 19:45:47.814] [SFX] {"sound": "civ_move_2", "volume": 0.12}
[2026-09-25 19:45:47.847] [SFX] {"sound": "threat_pulse", "volume": 0.36}
[2026-09-25 19:45:48.029] [SFX] {"sound": "civ_move_2", "volume": 0.0}
[2026-09-25 19:45:48.165] [M] {"button": 1, "pos": [345, 307], "ui_clicked": false}
[2026-09-25 19:45:48.174] [P] {"start": [232, 18], "goal": [232, 22], "length": 1, "is_direction_change": false}
[2026-09-25 19:45:48.175] [SFX] {"sound": "click_target", "volume": 0.71}
[2026-09-25 19:45:48.247] [SFX] {"sound": "player_move", "volume": 0.4}
[2026-09-25 19:45:48.248] [SFX] {"sound": "civ_move_2", "volume": 0.14}
[2026-09-25 19:45:48.443] [SFX] {"sound": "civ_move_2", "volume": 0.01}
[2026-09-25 19:45:48.658] [SFX] {"sound": "civ_move_2", "volume": 0.17}
[2026-09-25 19:45:48.691] [M] {"button": 1, "pos": [344, 312], "ui_clicked": false}
[2026-09-25 19:45:48.699] [P] {"start": [232, 22], "goal": [232, 26], "length": 1, "is_direction_change": false}
[2026-09-25 19:45:48.699] [SFX] {"sound": "click_target", "volume": 0.71}
[2026-09-25 19:45:48.750] [SFX] {"sound": "threat_pulse", "volume": 0.31}
[2026-09-25 19:45:48.850] [SFX] {"sound": "civ_move_2", "volume": 0.02}
[2026-09-25 19:45:48.883] [SFX] {"sound": "player_move", "volume": 0.4}
[2026-09-25 19:45:49.067] [M] {"button": 1, "pos": [344, 312], "ui_clicked": false}
[2026-09-25 19:45:49.075] [SFX] {"sound": "civ_move_2", "volume": 0.2}
[2026-09-25 19:45:49.076] [P] {"start": [232, 26], "goal": [232, 29], "length": 1, "is_direction_change": false}
[2026-09-25 19:45:49.077] [SFX] {"sound": "click_target", "volume": 0.72}
[2026-09-25 19:45:49.232] [C] {"civ_pos": [232, 31]}
[2026-09-25 19:45:49.271] [SFX] {"sound": "civ_move_2", "volume": 0.02}
[2026-09-25 19:45:49.403] [M] {"button": 1, "pos": [344, 312], "ui_clicked": false}
[2026-09-25 19:45:49.412] [P] {"start": [232, 29], "goal": [232, 33], "length": 1, "is_direction_change": false}
[2026-09-25 19:45:49.412] [SFX] {"sound": "click_target", "volume": 0.72}
[2026-09-25 19:45:49.480] [SFX] {"sound": "civ_move_2", "volume": 0.3}
[2026-09-25 19:45:49.561] [SFX] {"sound": "player_move", "volume": 0.4}
[2026-09-25 19:45:49.680] [SFX] {"sound": "civ_move_2", "volume": 0.04}
[2026-09-25 19:45:49.680] [SFX] {"sound": "civ_move_2", "volume": 0.02}
[2026-09-25 19:45:49.845] [M] {"button": 1, "pos": [344, 312], "ui_clicked": false}
[2026-09-25 19:45:49.852] [P] {"start": [232, 33], "goal": [232, 37], "length": 1, "is_direction_change": false}
[2026-09-25 19:45:49.853] [SFX] {"sound": "click_target", "volume": 0.71}
[2026-09-25 19:45:49.918] [SFX] {"sound": "civ_move_2", "volume": 0.26}
[2026-09-25 19:45:49.952] [SFX] {"sound": "civ_move_2", "volume": 0.04}
[2026-09-25 19:45:50.081] [SFX] {"sound": "civ_move_2", "volume": 0.07}
[2026-09-25 19:45:50.082] [SFX] {"sound": "civ_move_2", "volume": 0.01}
[2026-09-25 19:45:50.229] [M] {"button": 1, "pos": [344, 312], "ui_clicked": false}
[2026-09-25 19:45:50.237] [P] {"start": [232, 37], "goal": [232, 40], "length": 1, "is_direction_change": false}
[2026-09-25 19:45:50.238] [SFX] {"sound": "click_target", "volume": 0.72}
[2026-09-25 19:45:50.319] [SFX] {"sound": "player_move", "volume": 0.4}
[2026-09-25 19:45:50.320] [SFX] {"sound": "civ_move_2", "volume": 0.21}
[2026-09-25 19:45:50.352] [SFX] {"sound": "civ_move_2", "volume": 0.05}
[2026-09-25 19:45:50.487] [SFX] {"sound": "civ_move_2", "volume": 0.09}
[2026-09-25 19:45:50.487] [SFX] {"sound": "civ_move_2", "volume": 0.0}
[2026-09-25 19:45:50.668] [M] {"button": 5, "pos": [348, 308], "ui_clicked": false}
[2026-09-25 19:45:50.736] [SFX] {"sound": "civ_move_2", "volume": 0.19}
[2026-09-25 19:45:50.752] [M] {"button": 5, "pos": [348, 308], "ui_clicked": false}
[2026-09-25 19:45:50.761] [SFX] {"sound": "civ_move_2", "volume": 0.06}
[2026-09-25 19:45:50.887] [SFX] {"sound": "civ_move_2", "volume": 0.09}
[2026-09-25 19:45:50.888] [SFX] {"sound": "civ_move_2", "volume": 0.01}
[2026-09-25 19:45:51.151] [SFX] {"sound": "civ_move_2", "volume": 0.18}
[2026-09-25 19:45:51.173] [SFX] {"sound": "civ_move_2", "volume": 0.06}
[2026-09-25 19:45:51.303] [SFX] {"sound": "civ_move_2", "volume": 0.1}
[2026-09-25 19:45:51.304] [SFX] {"sound": "civ_move_2", "volume": 0.02}
[2026-09-25 19:45:51.557] [SFX] {"sound": "civ_move_2", "volume": 0.17}
[2026-09-25 19:45:51.580] [SFX] {"sound": "civ_move_2", "volume": 0.07}
[2026-09-25 19:45:51.654] [M] {"button": 1, "pos": [329, 232], "ui_clicked": false}
[2026-09-25 19:45:51.663] [P] {"start": [232, 40], "goal": [232, 44], "length": 1, "is_direction_change": false}
[2026-09-25 19:45:51.664] [SFX] {"sound": "click_target", "volume": 0.72}
[2026-09-25 19:45:51.710] [SFX] {"sound": "civ_move_2", "volume": 0.11}
[2026-09-25 19:45:51.711] [SFX] {"sound": "civ_move_2", "volume": 0.03}
[2026-09-25 19:45:51.875] [JACK] JACK // PROXY SAFE - SANCTUARY ACTIVE
[2026-09-25 19:45:51.961] [SFX] {"sound": "civ_move_2", "volume": 0.12}
[2026-09-25 19:45:51.984] [SFX] {"sound": "civ_move_2", "volume": 0.1}
[2026-09-25 19:45:52.112] [SFX] {"sound": "civ_move_2", "volume": 0.13}
[2026-09-25 19:45:52.113] [SFX] {"sound": "civ_move_2", "volume": 0.02}
[2026-09-25 19:45:52.362] [SFX] {"sound": "civ_move_2", "volume": 0.11}
[2026-09-25 19:45:52.512] [SFX] {"sound": "civ_move_2", "volume": 0.13}
[2026-09-25 19:45:52.513] [SFX] {"sound": "civ_move_2", "volume": 0.02}
[2026-09-25 19:45:52.773] [SFX] {"sound": "civ_move_2", "volume": 0.1}
[2026-09-25 19:45:52.800] [SFX] {"sound": "civ_move_2", "volume": 0.11}
[2026-09-25 19:45:52.928] [SFX] {"sound": "civ_move_2", "volume": 0.13}
[2026-09-25 19:45:52.928] [SFX] {"sound": "civ_move_2", "volume": 0.03}
[2026-09-25 19:45:53.187] [SFX] {"sound": "civ_move_2", "volume": 0.09}
[2026-09-25 19:45:53.210] [SFX] {"sound": "civ_move_2", "volume": 0.11}
[2026-09-25 19:45:53.271] [M] {"button": 1, "pos": [327, 260], "ui_clicked": false}
[2026-09-25 19:45:53.279] [P] {"start": [232, 44], "goal": [232, 50], "length": 1, "is_direction_change": false}
[2026-09-25 19:45:53.280] [SFX] {"sound": "click_target", "volume": 0.68}
[2026-09-25 19:45:53.344] [SFX] {"sound": "player_move", "volume": 0.4}
[2026-09-25 19:45:53.344] [SFX] {"sound": "civ_move_2", "volume": 0.14}
[2026-09-25 19:45:53.345] [SFX] {"sound": "civ_move_2", "volume": 0.03}
[2026-09-25 19:45:53.605] [SFX] {"sound": "civ_move_2", "volume": 0.14}
[2026-09-25 19:45:53.755] [M] {"button": 1, "pos": [326, 260], "ui_clicked": false}
[2026-09-25 19:45:53.763] [SFX] {"sound": "civ_move_2", "volume": 0.17}
[2026-09-25 19:45:53.764] [SFX] {"sound": "civ_move_2", "volume": 0.0}
[2026-09-25 19:45:53.764] [P] {"start": [232, 50], "goal": [232, 55], "length": 1, "is_direction_change": false}
[2026-09-25 19:45:53.765] [SFX] {"sound": "click_target", "volume": 0.7}
[2026-09-25 19:45:53.832] [SFX] {"sound": "player_move", "volume": 0.4}
[2026-09-25 19:45:54.016] [SFX] {"sound": "civ_move_2", "volume": 0.17}
[2026-09-25 19:45:54.166] [SFX] {"sound": "civ_move_2", "volume": 0.21}
[2026-09-25 19:45:54.182] [M] {"button": 1, "pos": [327, 260], "ui_clicked": false}
[2026-09-25 19:45:54.190] [SFX] {"sound": "click_target", "volume": 0.7}
[2026-09-25 19:45:54.300] [C] {"civ_pos": [232, 59]}
[2026-09-25 19:45:54.332] [SFX] {"sound": "player_move", "volume": 0.4}
[2026-09-25 19:45:54.426] [SFX] {"sound": "civ_move_2", "volume": 0.19}
[2026-09-25 19:45:54.555] [M] {"button": 1, "pos": [327, 260], "ui_clicked": false}
[2026-09-25 19:45:54.563] [SFX] {"sound": "action_cancel", "volume": 1.0}
[2026-09-25 19:45:54.563] [P] {"start": [232, 58], "goal": [232, 63], "length": 1, "is_direction_change": false}
[2026-09-25 19:45:54.564] [SFX] {"sound": "click_target", "volume": 0.69}
[2026-09-25 19:45:54.622] [SFX] {"sound": "civ_move_2", "volume": 0.3}
[2026-09-25 19:45:54.639] [SFX] {"sound": "player_move", "volume": 0.4}
[2026-09-25 19:45:54.835] [SFX] {"sound": "civ_move_2", "volume": 0.21}
[2026-09-25 19:45:54.985] [SFX] {"sound": "civ_move_2", "volume": 0.25}
[2026-09-25 19:45:55.250] [SFX] {"sound": "civ_move_2", "volume": 0.22}
[2026-09-25 19:45:55.397] [SFX] {"sound": "civ_move_2", "volume": 0.24}
[2026-09-25 19:45:55.662] [SFX] {"sound": "civ_move_2", "volume": 0.23}
[2026-09-25 19:45:55.882] [M] {"button": 1, "pos": [263, 148], "ui_clicked": false}
[2026-09-25 19:45:56.067] [SFX] {"sound": "civ_move_2", "volume": 0.24}
[2026-09-25 19:45:56.203] [SFX] {"sound": "civ_move_2", "volume": 0.22}
[2026-09-25 19:45:56.473] [SFX] {"sound": "civ_move_2", "volume": 0.29}
[2026-09-25 19:45:56.604] [SFX] {"sound": "civ_move_2", "volume": 0.2}
[2026-09-25 19:45:56.884] [M] {"button": 1, "pos": [382, 203], "ui_clicked": false}
[2026-09-25 19:45:56.892] [SFX] {"sound": "civ_move_2", "volume": 0.29}
[2026-09-25 19:45:56.893] [P] {"start": [232, 63], "goal": [236, 64], "length": 2, "is_direction_change": false}
[2026-09-25 19:45:56.894] [SFX] {"sound": "click_target", "volume": 0.7}
[2026-09-25 19:45:57.010] [SFX] {"sound": "civ_move_2", "volume": 0.18}
[2026-09-25 19:45:57.044] [SFX] {"sound": "player_move", "volume": 0.4}
[2026-09-25 19:45:57.295] [SFX] {"sound": "civ_move_2", "volume": 0.24}
[2026-09-25 19:45:57.412] [SFX] {"sound": "civ_move_2", "volume": 0.17}
[2026-09-25 19:45:57.428] [M] {"button": 1, "pos": [408, 196], "ui_clicked": false}
[2026-09-25 19:45:57.694] [SFX] {"sound": "civ_move_2", "volume": 0.23}
[2026-09-25 19:45:57.812] [SFX] {"sound": "civ_move_2", "volume": 0.16}
[2026-09-25 19:45:58.109] [SFX] {"sound": "civ_move_2", "volume": 0.22}
[2026-09-25 19:45:58.226] [SFX] {"sound": "civ_move_2", "volume": 0.15}
[2026-09-25 19:45:58.391] [M] {"button": 1, "pos": [375, 212], "ui_clicked": false}
[2026-09-25 19:45:58.399] [SFX] {"sound": "click_target", "volume": 0.7}
[2026-09-25 19:45:58.509] [SFX] {"sound": "civ_move_2", "volume": 0.19}
[2026-09-25 19:45:58.626] [SFX] {"sound": "civ_move_2", "volume": 0.13}
[2026-09-25 19:45:58.926] [SFX] {"sound": "civ_move_2", "volume": 0.17}
[2026-09-25 19:45:59.027] [SFX] {"sound": "civ_move_2", "volume": 0.12}
[2026-09-25 19:45:59.328] [SFX] {"sound": "civ_move_2", "volume": 0.16}
[2026-09-25 19:45:59.428] [SFX] {"sound": "civ_move_2", "volume": 0.11}
[2026-09-25 19:45:59.630] [M] {"button": 1, "pos": [430, 293], "ui_clicked": true}
[2026-09-25 19:45:59.737] [SFX] {"sound": "civ_move_2", "volume": 0.15}
[2026-09-25 19:45:59.836] [SFX] {"sound": "civ_move_2", "volume": 0.09}
[2026-09-25 19:46:00.038] [SFX] {"sound": "infiltrate 2", "volume": 0.5}
[2026-09-25 19:46:00.141] [SFX] {"sound": "civ_move_2", "volume": 0.14}
[2026-09-25 19:46:00.242] [SFX] {"sound": "civ_move_2", "volume": 0.08}
[2026-09-25 19:46:00.446] [SFX] {"sound": "infiltrate 2", "volume": 0.5}
[2026-09-25 19:46:00.545] [SFX] {"sound": "civ_move_2", "volume": 0.13}
[2026-09-25 19:46:00.643] [SFX] {"sound": "civ_move_2", "volume": 0.07}
[2026-09-25 19:46:00.860] [SFX] {"sound": "infiltrate 1", "volume": 0.5}
[2026-09-25 19:46:00.960] [SFX] {"sound": "civ_move_2", "volume": 0.11}
[2026-09-25 19:46:01.043] [SFX] {"sound": "civ_move_2", "volume": 0.06}
[2026-09-25 19:46:01.260] [SFX] {"sound": "infiltrate 1", "volume": 0.5}
[2026-09-25 19:46:01.362] [SFX] {"sound": "civ_move_2", "volume": 0.1}
[2026-09-25 19:46:01.447] [SFX] {"sound": "civ_move_2", "volume": 0.05}
[2026-09-25 19:46:01.676] [SFX] {"sound": "infiltrate 2", "volume": 0.5}
[2026-09-25 19:46:01.775] [SFX] {"sound": "civ_move_2", "volume": 0.09}
[2026-09-25 19:46:01.857] [SFX] {"sound": "civ_move_2", "volume": 0.03}
[2026-09-25 19:46:02.088] [SFX] {"sound": "infiltrate 1", "volume": 0.5}
[2026-09-25 19:46:02.186] [SFX] {"sound": "civ_move_2", "volume": 0.08}
[2026-09-25 19:46:02.268] [SFX] {"sound": "civ_move_2", "volume": 0.02}
[2026-09-25 19:46:02.500] [SFX] {"sound": "infiltrate 1", "volume": 0.5}
[2026-09-25 19:46:02.599] [SFX] {"sound": "civ_move_2", "volume": 0.06}
[2026-09-25 19:46:02.650] [SFX] {"sound": "hack_success", "volume": 1.0}
[2026-09-25 19:46:02.680] [SFX] {"sound": "civ_move_2", "volume": 0.01}
[2026-09-25 19:46:02.999] [SFX] {"sound": "civ_move_2", "volume": 0.05}
[2026-09-25 19:46:03.411] [SFX] {"sound": "civ_move_2", "volume": 0.04}
[2026-09-25 19:46:03.526] [M] {"button": 1, "pos": [342, 162], "ui_clicked": false}
[2026-09-25 19:46:03.534] [SFX] {"sound": "click_target", "volume": 0.94}
[2026-09-25 19:46:03.823] [SFX] {"sound": "civ_move_1", "volume": 0.01}
[2026-09-25 19:46:03.824] [SFX] {"sound": "civ_move_2", "volume": 0.03}
[2026-09-25 19:46:04.234] [SFX] {"sound": "civ_move_1", "volume": 0.02}
[2026-09-25 19:46:04.234] [SFX] {"sound": "civ_move_2", "volume": 0.02}
[2026-09-25 19:46:04.362] [SFX] {"sound": "guardian_move", "volume": 0.28}
[2026-09-25 19:46:04.397] [M] {"button": 1, "pos": [431, 295], "ui_clicked": true}
[2026-09-25 19:46:04.427] [JACK] Inventar durchwühlen. Wo liegt das passende Tool?
[2026-09-25 19:46:04.639] [SFX] {"sound": "civ_move_1", "volume": 0.04}
[2026-09-25 19:46:04.640] [SFX] {"sound": "civ_move_2", "volume": 0.0}
[2026-09-25 19:46:04.663] [SFX] {"sound": "infiltrate 1", "volume": 0.5}
[2026-09-25 19:46:04.986] [SFX] {"sound": "guardian_move", "volume": 0.29}
[2026-09-25 19:46:05.051] [SFX] {"sound": "civ_move_1", "volume": 0.05}
[2026-09-25 19:46:05.074] [SFX] {"sound": "infiltrate 1", "volume": 0.5}
[2026-09-25 19:46:05.451] [SFX] {"sound": "civ_move_1", "volume": 0.06}
[2026-09-25 19:46:05.473] [SFX] {"sound": "infiltrate 1", "volume": 0.5}
[2026-09-25 19:46:05.600] [SFX] {"sound": "guardian_move", "volume": 0.32}
[2026-09-25 19:46:05.866] [SFX] {"sound": "civ_move_1", "volume": 0.07}
[2026-09-25 19:46:05.888] [SFX] {"sound": "infiltrate 1", "volume": 0.5}
[2026-09-25 19:46:06.215] [SFX] {"sound": "guardian_move", "volume": 0.33}
[2026-09-25 19:46:06.269] [SFX] {"sound": "civ_move_1", "volume": 0.08}
[2026-09-25 19:46:06.293] [SFX] {"sound": "infiltrate 1", "volume": 0.5}
[2026-09-25 19:46:06.670] [SFX] {"sound": "civ_move_1", "volume": 0.1}
[2026-09-25 19:46:06.822] [SFX] {"sound": "guardian_move", "volume": 0.35}
[2026-09-25 19:46:07.004] [SFX] {"sound": "threat_pulse", "volume": 0.51}
[2026-09-25 19:46:07.071] [SFX] {"sound": "civ_move_1", "volume": 0.11}
[2026-09-25 19:46:07.269] [SFX] {"sound": "civ_move_2", "volume": 0.01}
[2026-09-25 19:46:07.335] [SFX] {"sound": "alert_trigger", "volume": 1.0}
[2026-09-25 19:46:07.433] [SFX] {"sound": "guardian_move", "volume": 0.37}
[2026-09-25 19:46:07.484] [SFX] {"sound": "civ_move_1", "volume": 0.12}
[2026-09-25 19:46:07.517] [SFX] {"sound": "threat_pulse", "volume": 0.7}
[2026-09-25 19:46:07.683] [SFX] {"sound": "civ_move_2", "volume": 0.02}
[2026-09-25 19:46:07.733] [SFX] {"sound": "threat_pulse", "volume": 0.7}
[2026-09-25 19:46:07.899] [SFX] {"sound": "civ_move_1", "volume": 0.13}
[2026-09-25 19:46:07.949] [SFX] {"sound": "threat_pulse", "volume": 0.7}
[2026-09-25 19:46:07.999] [SFX] {"sound": "game_over", "volume": 1.0}
[2026-09-25 19:46:11.673] [SFX] {"sound": "hack_success", "volume": 0.8}
[2026-09-25 19:46:12.525] [SESSION_RESET] {"msg": "--- NEW LIFE STARTED ---"}
[2026-09-25 19:46:12.563] [S] {"map": "Shadowgrid"}
[2026-09-25 19:46:12.586] [JACK] Ah, im Shadowgrid angekommen... endlich.
[2026-09-25 19:46:12.587] [C] {"civ_pos": [148, 28]}
[2026-09-25 19:46:13.046] [SFX] {"sound": "civ_move_1", "volume": 0.12}
[2026-09-25 19:46:13.080] [SFX] {"sound": "civ_move_1", "volume": 0.24}
[2026-09-25 19:46:13.313] [SFX] {"sound": "civ_move_1", "volume": 0.07}
[2026-09-25 19:46:13.448] [SFX] {"sound": "civ_move_1", "volume": 0.12}
[2026-09-25 19:46:13.482] [SFX] {"sound": "civ_move_1", "volume": 0.23}
[2026-09-25 19:46:13.715] [SFX] {"sound": "civ_move_1", "volume": 0.06}
[2026-09-25 19:46:13.849] [SFX] {"sound": "civ_move_1", "volume": 0.13}
[2026-09-25 19:46:13.882] [SFX] {"sound": "civ_move_1", "volume": 0.22}
[2026-09-25 19:46:14.127] [SFX] {"sound": "civ_move_1", "volume": 0.05}
[2026-09-25 19:46:14.256] [SFX] {"sound": "civ_move_1", "volume": 0.14}
[2026-09-25 19:46:14.289] [SFX] {"sound": "civ_move_1", "volume": 0.22}
[2026-09-25 19:46:14.535] [SFX] {"sound": "civ_move_1", "volume": 0.04}
[2026-09-25 19:46:14.669] [SFX] {"sound": "civ_move_1", "volume": 0.15}
[2026-09-25 19:46:14.702] [SFX] {"sound": "civ_move_1", "volume": 0.21}
[2026-09-25 19:46:14.952] [SFX] {"sound": "civ_move_1", "volume": 0.03}
[2026-09-25 19:46:15.082] [SFX] {"sound": "civ_move_1", "volume": 0.16}
[2026-09-25 19:46:15.115] [SFX] {"sound": "civ_move_1", "volume": 0.2}
[2026-09-25 19:46:15.363] [SFX] {"sound": "civ_move_1", "volume": 0.02}
[2026-09-25 19:46:15.494] [SFX] {"sound": "civ_move_1", "volume": 0.16}
[2026-09-25 19:46:15.528] [SFX] {"sound": "civ_move_1", "volume": 0.2}
[2026-09-25 19:46:15.764] [SFX] {"sound": "civ_move_1", "volume": 0.01}
[2026-09-25 19:46:15.898] [SFX] {"sound": "civ_move_1", "volume": 0.17}
[2026-09-25 19:46:15.932] [SFX] {"sound": "civ_move_1", "volume": 0.2}
[2026-09-25 19:46:16.312] [SFX] {"sound": "civ_move_1", "volume": 0.18}
[2026-09-25 19:46:16.346] [SFX] {"sound": "civ_move_1", "volume": 0.2}
[2026-09-25 19:46:16.728] [SFX] {"sound": "civ_move_1", "volume": 0.19}
[2026-09-25 19:46:17.142] [SFX] {"sound": "civ_move_1", "volume": 0.2}
[2026-09-25 19:46:17.176] [SFX] {"sound": "civ_move_1", "volume": 0.19}
[2026-09-25 19:46:17.541] [SFX] {"sound": "civ_move_1", "volume": 0.2}
[2026-09-25 19:46:17.591] [SFX] {"sound": "civ_move_1", "volume": 0.18}
[2026-09-25 19:46:17.957] [SFX] {"sound": "civ_move_1", "volume": 0.2}
[2026-09-25 19:46:18.005] [SFX] {"sound": "civ_move_1", "volume": 0.17}
[2026-09-25 19:46:18.368] [SFX] {"sound": "civ_move_1", "volume": 0.2}
[2026-09-25 19:46:18.418] [SFX] {"sound": "civ_move_1", "volume": 0.16}
[2026-09-25 19:46:18.784] [SFX] {"sound": "civ_move_1", "volume": 0.2}
[2026-09-25 19:46:18.833] [SFX] {"sound": "civ_move_1", "volume": 0.15}
[2026-09-25 19:46:19.198] [SFX] {"sound": "civ_move_1", "volume": 0.2}
[2026-09-25 19:46:19.249] [SFX] {"sound": "civ_move_1", "volume": 0.14}
[2026-09-25 19:46:19.612] [SFX] {"sound": "civ_move_1", "volume": 0.19}
[2026-09-25 19:46:19.660] [SFX] {"sound": "civ_move_1", "volume": 0.13}
[2026-09-25 19:46:20.021] [SFX] {"sound": "civ_move_1", "volume": 0.18}
[2026-09-25 19:46:20.070] [SFX] {"sound": "civ_move_1", "volume": 0.13}
[2026-09-25 19:46:20.435] [SFX] {"sound": "civ_move_1", "volume": 0.18}
[2026-09-25 19:46:20.485] [SFX] {"sound": "civ_move_1", "volume": 0.12}
[2026-09-25 19:46:20.846] [SFX] {"sound": "civ_move_1", "volume": 0.17}
[2026-09-25 19:46:20.896] [SFX] {"sound": "civ_move_1", "volume": 0.11}
[2026-09-25 19:46:21.259] [SFX] {"sound": "civ_move_1", "volume": 0.16}
[2026-09-25 19:46:21.298] [SFX] {"sound": "civ_move_1", "volume": 0.1}
[2026-09-25 19:46:21.668] [SFX] {"sound": "civ_move_1", "volume": 0.15}
[2026-09-25 19:46:21.701] [SFX] {"sound": "civ_move_1", "volume": 0.09}
[2026-09-25 19:46:22.081] [SFX] {"sound": "civ_move_1", "volume": 0.14}
[2026-09-25 19:46:22.115] [SFX] {"sound": "civ_move_1", "volume": 0.08}
[2026-09-25 19:46:22.396] [M] {"button": 1, "pos": [354, 219], "ui_clicked": false}
[2026-09-25 19:46:22.403] [SFX] {"sound": "action_cancel", "volume": 1.0}
[2026-09-25 19:46:22.404] [P] {"start": [148, 28], "goal": [152, 32], "length": 4, "is_direction_change": false}
[2026-09-25 19:46:22.405] [SFX] {"sound": "click_target", "volume": 0.67}
[2026-09-25 19:46:22.460] [JACK] Kleine Schritte. Immer die Augen nach IoT-Sensoren und Sentinels offen halten.
[2026-09-25 19:46:22.461] [SFX] {"sound": "player_move", "volume": 0.4}
[2026-09-25 19:46:22.486] [SFX] {"sound": "civ_move_1", "volume": 0.14}
[2026-09-25 19:46:22.518] [SFX] {"sound": "civ_move_1", "volume": 0.07}
[2026-09-25 19:46:22.719] [SFX] {"sound": "player_move", "volume": 0.4}
[2026-09-25 19:46:22.901] [SFX] {"sound": "civ_move_1", "volume": 0.14}
[2026-09-25 19:46:22.933] [SFX] {"sound": "civ_move_1", "volume": 0.08}
[2026-09-25 19:46:23.301] [SFX] {"sound": "civ_move_1", "volume": 0.14}
[2026-09-25 19:46:23.334] [SFX] {"sound": "civ_move_1", "volume": 0.08}
[2026-09-25 19:46:23.702] [SFX] {"sound": "civ_move_1", "volume": 0.13}
[2026-09-25 19:46:23.749] [SFX] {"sound": "civ_move_1", "volume": 0.07}
[2026-09-25 19:46:23.830] [M] {"button": 1, "pos": [453, 183], "ui_clicked": false}
[2026-09-25 19:46:23.837] [P] {"start": [152, 32], "goal": [168, 32], "length": 1, "is_direction_change": false}
[2026-09-25 19:46:23.838] [SFX] {"sound": "click_target", "volume": 0.47}
[2026-09-25 19:46:23.896] [SFX] {"sound": "player_move", "volume": 0.4}
[2026-09-25 19:46:24.105] [SFX] {"sound": "civ_move_1", "volume": 0.16}
[2026-09-25 19:46:24.156] [SFX] {"sound": "player_move", "volume": 0.4}
[2026-09-25 19:46:24.157] [SFX] {"sound": "civ_move_1", "volume": 0.09}
[2026-09-25 19:46:24.402] [JACK] JACK // PROXY SAFE - SANCTUARY ACTIVE
[2026-09-25 19:46:24.468] [SFX] {"sound": "player_move", "volume": 0.4}
[2026-09-25 19:46:24.517] [SFX] {"sound": "civ_move_1", "volume": 0.19}
[2026-09-25 19:46:24.566] [SFX] {"sound": "civ_move_1", "volume": 0.13}
[2026-09-25 19:46:24.582] [M] {"button": 1, "pos": [451, 183], "ui_clicked": false}
[2026-09-25 19:46:24.591] [P] {"start": [166, 32], "goal": [179, 32], "length": 1, "is_direction_change": false}
[2026-09-25 19:46:24.591] [SFX] {"sound": "click_target", "volume": 0.54}
[2026-09-25 19:46:24.783] [SFX] {"sound": "player_move", "volume": 0.4}
[2026-09-25 19:46:24.806] [SFX] {"sound": "civ_move_2", "volume": 0.02}
[2026-09-25 19:46:24.930] [SFX] {"sound": "civ_move_1", "volume": 0.23}
[2026-09-25 19:46:24.962] [C] {"civ_pos": [174, 34]}
[2026-09-25 19:46:25.015] [SFX] {"sound": "civ_move_1", "volume": 0.17}
[2026-09-25 19:46:25.092] [SFX] {"sound": "player_move", "volume": 0.4}
[2026-09-25 19:46:25.191] [SFX] {"sound": "civ_move_1", "volume": 0.0}
[2026-09-25 19:46:25.215] [SFX] {"sound": "civ_move_2", "volume": 0.08}
[2026-09-25 19:46:25.344] [SFX] {"sound": "civ_move_1", "volume": 0.22}
[2026-09-25 19:46:25.391] [SFX] {"sound": "civ_move_1", "volume": 0.19}
[2026-09-25 19:46:25.603] [SFX] {"sound": "civ_move_2", "volume": 0.0}
[2026-09-25 19:46:25.626] [SFX] {"sound": "civ_move_2", "volume": 0.09}
[2026-09-25 19:46:25.750] [SFX] {"sound": "civ_move_1", "volume": 0.23}
[2026-09-25 19:46:25.800] [SFX] {"sound": "civ_move_1", "volume": 0.18}
[2026-09-25 19:46:26.018] [SFX] {"sound": "civ_move_2", "volume": 0.01}
[2026-09-25 19:46:26.041] [SFX] {"sound": "civ_move_2", "volume": 0.1}
[2026-09-25 19:46:26.165] [SFX] {"sound": "civ_move_1", "volume": 0.23}
[2026-09-25 19:46:26.213] [SFX] {"sound": "civ_move_1", "volume": 0.17}
[2026-09-25 19:46:26.427] [SFX] {"sound": "civ_move_2", "volume": 0.02}
[2026-09-25 19:46:26.449] [SFX] {"sound": "civ_move_2", "volume": 0.11}
[2026-09-25 19:46:26.574] [SFX] {"sound": "civ_move_1", "volume": 0.22}
[2026-09-25 19:46:26.625] [SFX] {"sound": "civ_move_1", "volume": 0.16}
[2026-09-25 19:46:26.842] [SFX] {"sound": "civ_move_2", "volume": 0.03}
[2026-09-25 19:46:26.865] [SFX] {"sound": "civ_move_2", "volume": 0.12}
[2026-09-25 19:46:26.976] [SFX] {"sound": "civ_move_1", "volume": 0.21}
[2026-09-25 19:46:27.025] [SFX] {"sound": "civ_move_1", "volume": 0.15}
[2026-09-25 19:46:27.243] [SFX] {"sound": "civ_move_2", "volume": 0.04}
[2026-09-25 19:46:27.265] [SFX] {"sound": "civ_move_2", "volume": 0.13}
[2026-09-25 19:46:27.390] [SFX] {"sound": "civ_move_1", "volume": 0.2}
[2026-09-25 19:46:27.440] [SFX] {"sound": "civ_move_1", "volume": 0.14}
[2026-09-25 19:46:27.658] [SFX] {"sound": "civ_move_2", "volume": 0.05}
[2026-09-25 19:46:27.680] [SFX] {"sound": "civ_move_2", "volume": 0.14}
[2026-09-25 19:46:27.807] [SFX] {"sound": "civ_move_1", "volume": 0.2}
[2026-09-25 19:46:27.841] [SFX] {"sound": "civ_move_1", "volume": 0.13}
[2026-09-25 19:46:28.058] [SFX] {"sound": "civ_move_2", "volume": 0.06}
[2026-09-25 19:46:28.082] [SFX] {"sound": "civ_move_2", "volume": 0.14}
[2026-09-25 19:46:28.207] [SFX] {"sound": "civ_move_1", "volume": 0.19}
[2026-09-25 19:46:28.255] [SFX] {"sound": "civ_move_1", "volume": 0.12}
[2026-09-25 19:46:28.469] [SFX] {"sound": "civ_move_2", "volume": 0.07}
[2026-09-25 19:46:28.491] [SFX] {"sound": "civ_move_2", "volume": 0.16}
[2026-09-25 19:46:28.618] [SFX] {"sound": "civ_move_1", "volume": 0.18}
[2026-09-25 19:46:28.665] [SFX] {"sound": "civ_move_1", "volume": 0.11}
[2026-09-25 19:46:28.880] [SFX] {"sound": "civ_move_2", "volume": 0.08}
[2026-09-25 19:46:28.901] [SFX] {"sound": "civ_move_2", "volume": 0.16}
[2026-09-25 19:46:29.029] [SFX] {"sound": "civ_move_1", "volume": 0.17}
[2026-09-25 19:46:29.079] [SFX] {"sound": "civ_move_1", "volume": 0.1}
[2026-09-25 19:46:29.281] [SFX] {"sound": "civ_move_2", "volume": 0.09}
[2026-09-25 19:46:29.304] [SFX] {"sound": "civ_move_2", "volume": 0.17}
[2026-09-25 19:46:29.432] [SFX] {"sound": "civ_move_1", "volume": 0.16}
[2026-09-25 19:46:29.482] [SFX] {"sound": "civ_move_1", "volume": 0.09}
[2026-09-25 19:46:29.684] [SFX] {"sound": "civ_move_2", "volume": 0.1}
[2026-09-25 19:46:29.707] [SFX] {"sound": "civ_move_2", "volume": 0.18}
[2026-09-25 19:46:29.835] [SFX] {"sound": "civ_move_1", "volume": 0.15}
[2026-09-25 19:46:29.883] [SFX] {"sound": "civ_move_1", "volume": 0.08}
[2026-09-25 19:46:30.099] [SFX] {"sound": "civ_move_2", "volume": 0.11}
[2026-09-25 19:46:30.122] [SFX] {"sound": "civ_move_2", "volume": 0.19}
[2026-09-25 19:46:30.250] [SFX] {"sound": "civ_move_1", "volume": 0.14}
[2026-09-25 19:46:30.284] [SFX] {"sound": "civ_move_1", "volume": 0.07}
[2026-09-25 19:46:30.514] [SFX] {"sound": "civ_move_2", "volume": 0.12}
[2026-09-25 19:46:30.537] [SFX] {"sound": "civ_move_2", "volume": 0.2}
[2026-09-25 19:46:30.649] [SFX] {"sound": "civ_move_1", "volume": 0.13}
[2026-09-25 19:46:30.699] [SFX] {"sound": "civ_move_1", "volume": 0.06}
[2026-09-25 19:46:30.914] [SFX] {"sound": "civ_move_2", "volume": 0.13}
[2026-09-25 19:46:30.936] [SFX] {"sound": "civ_move_2", "volume": 0.21}
[2026-09-25 19:46:31.060] [SFX] {"sound": "civ_move_1", "volume": 0.12}
[2026-09-25 19:46:31.111] [SFX] {"sound": "civ_move_1", "volume": 0.05}
[2026-09-25 19:46:31.327] [SFX] {"sound": "civ_move_2", "volume": 0.14}
[2026-09-25 19:46:31.350] [SFX] {"sound": "civ_move_2", "volume": 0.22}
[2026-09-25 19:46:31.473] [SFX] {"sound": "civ_move_1", "volume": 0.11}
[2026-09-25 19:46:31.524] [SFX] {"sound": "civ_move_1", "volume": 0.04}
[2026-09-25 19:46:31.737] [SFX] {"sound": "civ_move_2", "volume": 0.15}
[2026-09-25 19:46:31.761] [SFX] {"sound": "civ_move_2", "volume": 0.23}
[2026-09-25 19:46:31.776] [C] {"civ_pos": [179, 34]}
[2026-09-25 19:46:31.883] [SFX] {"sound": "civ_move_1", "volume": 0.1}
[2026-09-25 19:46:31.933] [SFX] {"sound": "civ_move_1", "volume": 0.03}
[2026-09-25 19:46:32.149] [SFX] {"sound": "civ_move_2", "volume": 0.16}
[2026-09-25 19:46:32.171] [SFX] {"sound": "civ_move_2", "volume": 0.23}
[2026-09-25 19:46:32.295] [SFX] {"sound": "civ_move_1", "volume": 0.09}
[2026-09-25 19:46:32.344] [SFX] {"sound": "civ_move_1", "volume": 0.02}
[2026-09-25 19:46:32.560] [SFX] {"sound": "civ_move_2", "volume": 0.17}
[2026-09-25 19:46:32.584] [SFX] {"sound": "civ_move_2", "volume": 0.22}
[2026-09-25 19:46:32.708] [SFX] {"sound": "civ_move_1", "volume": 0.08}
[2026-09-25 19:46:32.758] [SFX] {"sound": "civ_move_1", "volume": 0.01}
[2026-09-25 19:46:32.971] [SFX] {"sound": "civ_move_2", "volume": 0.18}
[2026-09-25 19:46:32.992] [SFX] {"sound": "civ_move_2", "volume": 0.21}
[2026-09-25 19:46:33.119] [SFX] {"sound": "civ_move_1", "volume": 0.07}
[2026-09-25 19:46:33.168] [SFX] {"sound": "civ_move_1", "volume": 0.01}
[2026-09-25 19:46:33.401] [SFX] {"sound": "civ_move_2", "volume": 0.2}
[2026-09-25 19:46:33.402] [SFX] {"sound": "civ_move_2", "volume": 0.17}
[2026-09-25 19:46:33.519] [SFX] {"sound": "civ_move_1", "volume": 0.06}
[2026-09-25 19:46:33.571] [SFX] {"sound": "civ_move_1", "volume": 0.0}
[2026-09-25 19:46:33.802] [SFX] {"sound": "civ_move_2", "volume": 0.19}
[2026-09-25 19:46:33.803] [SFX] {"sound": "civ_move_2", "volume": 0.16}
[2026-09-25 19:46:33.935] [SFX] {"sound": "civ_move_1", "volume": 0.05}
[2026-09-25 19:46:33.984] [SFX] {"sound": "civ_move_1", "volume": 0.0}
[2026-09-25 19:46:34.216] [SFX] {"sound": "civ_move_2", "volume": 0.19}
[2026-09-25 19:46:34.217] [SFX] {"sound": "civ_move_2", "volume": 0.15}
[2026-09-25 19:46:34.348] [SFX] {"sound": "civ_move_1", "volume": 0.04}
[2026-09-25 19:46:34.398] [SFX] {"sound": "civ_move_1", "volume": 0.0}
[2026-09-25 19:46:34.631] [SFX] {"sound": "civ_move_2", "volume": 0.18}
[2026-09-25 19:46:34.632] [SFX] {"sound": "civ_move_2", "volume": 0.14}
[2026-09-25 19:46:34.764] [SFX] {"sound": "civ_move_1", "volume": 0.03}
[2026-09-25 19:46:35.031] [SFX] {"sound": "civ_move_2", "volume": 0.17}
[2026-09-25 19:46:35.032] [SFX] {"sound": "civ_move_2", "volume": 0.13}
[2026-09-25 19:46:35.177] [SFX] {"sound": "civ_move_1", "volume": 0.02}
[2026-09-25 19:46:35.442] [SFX] {"sound": "civ_move_2", "volume": 0.16}
[2026-09-25 19:46:35.443] [SFX] {"sound": "civ_move_2", "volume": 0.12}
[2026-09-25 19:46:35.590] [SFX] {"sound": "civ_move_1", "volume": 0.01}
[2026-09-25 19:46:35.854] [SFX] {"sound": "civ_move_2", "volume": 0.15}
[2026-09-25 19:46:35.855] [SFX] {"sound": "civ_move_2", "volume": 0.11}
[2026-09-25 19:46:36.002] [SFX] {"sound": "civ_move_1", "volume": 0.01}
[2026-09-25 19:46:36.263] [SFX] {"sound": "civ_move_2", "volume": 0.14}
[2026-09-25 19:46:36.264] [SFX] {"sound": "civ_move_2", "volume": 0.1}
[2026-09-25 19:46:36.425] [SFX] {"sound": "civ_move_1", "volume": 0.0}
[2026-09-25 19:46:36.666] [SFX] {"sound": "civ_move_2", "volume": 0.13}
[2026-09-25 19:46:36.667] [SFX] {"sound": "civ_move_2", "volume": 0.09}
[2026-09-25 19:46:36.830] [SFX] {"sound": "civ_move_1", "volume": 0.0}
[2026-09-25 19:46:37.078] [SFX] {"sound": "civ_move_2", "volume": 0.12}
[2026-09-25 19:46:37.079] [SFX] {"sound": "civ_move_2", "volume": 0.08}
[2026-09-25 19:46:37.245] [SFX] {"sound": "civ_move_1", "volume": 0.0}
[2026-09-25 19:46:37.493] [SFX] {"sound": "civ_move_2", "volume": 0.11}
[2026-09-25 19:46:37.493] [SFX] {"sound": "civ_move_2", "volume": 0.07}
[2026-09-25 19:46:37.895] [SFX] {"sound": "civ_move_2", "volume": 0.1}
[2026-09-25 19:46:37.897] [SFX] {"sound": "civ_move_2", "volume": 0.06}
[2026-09-25 19:46:38.309] [SFX] {"sound": "civ_move_2", "volume": 0.09}
[2026-09-25 19:46:38.310] [SFX] {"sound": "civ_move_2", "volume": 0.05}
[2026-09-25 19:46:38.710] [SFX] {"sound": "civ_move_2", "volume": 0.08}
[2026-09-25 19:46:38.711] [SFX] {"sound": "civ_move_2", "volume": 0.04}
[2026-09-25 19:46:39.110] [SFX] {"sound": "civ_move_2", "volume": 0.07}
[2026-09-25 19:46:39.110] [SFX] {"sound": "civ_move_2", "volume": 0.03}
[2026-09-25 19:46:39.522] [SFX] {"sound": "civ_move_2", "volume": 0.06}
[2026-09-25 19:46:39.523] [SFX] {"sound": "civ_move_2", "volume": 0.02}
[2026-09-25 19:46:39.936] [SFX] {"sound": "civ_move_2", "volume": 0.05}
[2026-09-25 19:46:39.936] [SFX] {"sound": "civ_move_2", "volume": 0.01}
[2026-09-25 19:46:40.347] [SFX] {"sound": "civ_move_2", "volume": 0.04}
[2026-09-25 19:46:40.347] [SFX] {"sound": "civ_move_2", "volume": 0.01}
[2026-09-25 19:46:40.762] [SFX] {"sound": "civ_move_2", "volume": 0.03}
[2026-09-25 19:46:40.762] [SFX] {"sound": "civ_move_2", "volume": 0.0}
[2026-09-25 19:46:41.175] [SFX] {"sound": "civ_move_2", "volume": 0.02}
[2026-09-25 19:46:41.176] [SFX] {"sound": "civ_move_2", "volume": 0.0}
[2026-09-25 19:46:41.585] [SFX] {"sound": "civ_move_2", "volume": 0.01}
[2026-09-25 19:46:41.586] [SFX] {"sound": "civ_move_2", "volume": 0.0}
[2026-09-25 19:46:47.375] [SFX] {"sound": "civ_move_2", "volume": 0.01}
[2026-09-25 19:46:47.791] [SFX] {"sound": "civ_move_2", "volume": 0.02}
[2026-09-25 19:46:48.204] [SFX] {"sound": "civ_move_2", "volume": 0.03}
[2026-09-25 19:46:48.617] [SFX] {"sound": "civ_move_2", "volume": 0.04}
[2026-09-25 19:46:49.031] [SFX] {"sound": "civ_move_2", "volume": 0.05}
[2026-09-25 19:46:49.445] [SFX] {"sound": "civ_move_2", "volume": 0.06}
[2026-09-25 19:46:49.847] [SFX] {"sound": "civ_move_2", "volume": 0.07}
[2026-09-25 19:46:50.011] [SFX] {"sound": "civ_move_2", "volume": 0.0}
[2026-09-25 19:46:50.262] [SFX] {"sound": "civ_move_2", "volume": 0.08}
[2026-09-25 19:46:50.412] [SFX] {"sound": "civ_move_2", "volume": 0.0}
[2026-09-25 19:46:50.674] [SFX] {"sound": "civ_move_2", "volume": 0.09}
[2026-09-25 19:46:50.807] [SFX] {"sound": "civ_move_1", "volume": 0.16}
[2026-09-25 19:46:50.830] [SFX] {"sound": "civ_move_2", "volume": 0.0}
[2026-09-25 19:46:51.089] [SFX] {"sound": "civ_move_2", "volume": 0.1}
[2026-09-25 19:46:51.222] [SFX] {"sound": "civ_move_1", "volume": 0.16}
[2026-09-25 19:46:51.245] [SFX] {"sound": "civ_move_2", "volume": 0.01}
[2026-09-25 19:46:51.245] [SFX] {"sound": "civ_move_1", "volume": 0.0}
[2026-09-25 19:46:51.490] [SFX] {"sound": "civ_move_2", "volume": 0.11}
[2026-09-25 19:46:51.623] [SFX] {"sound": "civ_move_1", "volume": 0.13}
[2026-09-25 19:46:51.645] [SFX] {"sound": "civ_move_2", "volume": 0.01}
[2026-09-25 19:46:51.646] [SFX] {"sound": "civ_move_1", "volume": 0.0}
[2026-09-25 19:46:51.900] [SFX] {"sound": "civ_move_2", "volume": 0.11}
[2026-09-25 19:46:52.031] [SFX] {"sound": "civ_move_1", "volume": 0.12}
[2026-09-25 19:46:52.053] [SFX] {"sound": "civ_move_2", "volume": 0.02}
[2026-09-25 19:46:52.054] [SFX] {"sound": "civ_move_1", "volume": 0.0}
[2026-09-25 19:46:52.302] [SFX] {"sound": "civ_move_2", "volume": 0.12}
[2026-09-25 19:46:52.435] [SFX] {"sound": "civ_move_1", "volume": 0.11}
[2026-09-25 19:46:52.457] [SFX] {"sound": "civ_move_2", "volume": 0.03}
[2026-09-25 19:46:52.458] [SFX] {"sound": "civ_move_1", "volume": 0.01}
[2026-09-25 19:46:52.717] [SFX] {"sound": "civ_move_2", "volume": 0.13}
[2026-09-25 19:46:52.851] [SFX] {"sound": "civ_move_2", "volume": 0.04}
[2026-09-25 19:46:52.852] [SFX] {"sound": "civ_move_1", "volume": 0.01}
[2026-09-25 19:46:52.852] [SFX] {"sound": "civ_move_1", "volume": 0.1}
[2026-09-25 19:46:53.132] [SFX] {"sound": "civ_move_2", "volume": 0.14}
[2026-09-25 19:46:53.264] [SFX] {"sound": "civ_move_2", "volume": 0.05}
[2026-09-25 19:46:53.264] [SFX] {"sound": "civ_move_1", "volume": 0.02}
[2026-09-25 19:46:53.265] [SFX] {"sound": "civ_move_1", "volume": 0.09}
[2026-09-25 19:46:53.546] [SFX] {"sound": "civ_move_2", "volume": 0.15}
[2026-09-25 19:46:53.679] [SFX] {"sound": "civ_move_2", "volume": 0.06}
[2026-09-25 19:46:53.679] [SFX] {"sound": "civ_move_1", "volume": 0.03}
[2026-09-25 19:46:53.681] [SFX] {"sound": "civ_move_1", "volume": 0.08}
[2026-09-25 19:46:53.958] [SFX] {"sound": "civ_move_2", "volume": 0.16}
[2026-09-25 19:46:54.093] [SFX] {"sound": "civ_move_2", "volume": 0.07}
[2026-09-25 19:46:54.094] [SFX] {"sound": "civ_move_1", "volume": 0.04}
[2026-09-25 19:46:54.094] [SFX] {"sound": "civ_move_1", "volume": 0.07}
[2026-09-25 19:46:54.359] [SFX] {"sound": "civ_move_2", "volume": 0.17}
[2026-09-25 19:46:54.508] [SFX] {"sound": "civ_move_2", "volume": 0.08}
[2026-09-25 19:46:54.509] [SFX] {"sound": "civ_move_1", "volume": 0.05}
[2026-09-25 19:46:54.509] [SFX] {"sound": "civ_move_1", "volume": 0.06}
[2026-09-25 19:46:54.774] [SFX] {"sound": "civ_move_2", "volume": 0.18}
[2026-09-25 19:46:54.920] [SFX] {"sound": "civ_move_2", "volume": 0.09}
[2026-09-25 19:46:54.921] [SFX] {"sound": "civ_move_1", "volume": 0.06}
[2026-09-25 19:46:54.922] [SFX] {"sound": "civ_move_1", "volume": 0.05}
[2026-09-25 19:46:55.187] [SFX] {"sound": "civ_move_2", "volume": 0.19}
[2026-09-25 19:46:55.320] [SFX] {"sound": "civ_move_2", "volume": 0.1}
[2026-09-25 19:46:55.321] [SFX] {"sound": "civ_move_1", "volume": 0.07}
[2026-09-25 19:46:55.323] [SFX] {"sound": "civ_move_1", "volume": 0.04}
[2026-09-25 19:46:55.602] [SFX] {"sound": "civ_move_2", "volume": 0.2}
[2026-09-25 19:46:55.732] [SFX] {"sound": "civ_move_2", "volume": 0.11}
[2026-09-25 19:46:55.733] [SFX] {"sound": "civ_move_1", "volume": 0.08}
[2026-09-25 19:46:55.733] [SFX] {"sound": "civ_move_1", "volume": 0.03}
[2026-09-25 19:46:56.010] [SFX] {"sound": "civ_move_2", "volume": 0.21}
[2026-09-25 19:46:56.141] [SFX] {"sound": "civ_move_2", "volume": 0.12}
[2026-09-25 19:46:56.141] [SFX] {"sound": "civ_move_1", "volume": 0.09}
[2026-09-25 19:46:56.142] [SFX] {"sound": "civ_move_1", "volume": 0.02}
[2026-09-25 19:46:56.419] [SFX] {"sound": "civ_move_2", "volume": 0.22}
[2026-09-25 19:46:56.552] [SFX] {"sound": "civ_move_2", "volume": 0.13}
[2026-09-25 19:46:56.552] [SFX] {"sound": "civ_move_1", "volume": 0.1}
[2026-09-25 19:46:56.553] [SFX] {"sound": "civ_move_1", "volume": 0.01}
[2026-09-25 19:46:56.819] [SFX] {"sound": "civ_move_2", "volume": 0.23}
[2026-09-25 19:46:56.953] [SFX] {"sound": "civ_move_2", "volume": 0.14}
[2026-09-25 19:46:56.954] [SFX] {"sound": "civ_move_1", "volume": 0.11}
[2026-09-25 19:46:56.955] [SFX] {"sound": "civ_move_1", "volume": 0.01}
[2026-09-25 19:46:57.069] [C] {"civ_pos": [179, 34]}
[2026-09-25 19:46:57.113] [JACK] Interessante Signatur... Ein ziviler Node. Sollen wir näher ran?
[2026-09-25 19:46:57.222] [SFX] {"sound": "civ_move_2", "volume": 0.23}
[2026-09-25 19:46:57.369] [SFX] {"sound": "civ_move_2", "volume": 0.15}
[2026-09-25 19:46:57.369] [SFX] {"sound": "civ_move_1", "volume": 0.12}
[2026-09-25 19:46:57.370] [SFX] {"sound": "civ_move_1", "volume": 0.0}
[2026-09-25 19:46:57.628] [SFX] {"sound": "civ_move_2", "volume": 0.22}
[2026-09-25 19:46:57.778] [SFX] {"sound": "civ_move_2", "volume": 0.16}
[2026-09-25 19:46:57.779] [SFX] {"sound": "civ_move_1", "volume": 0.13}
[2026-09-25 19:46:57.780] [SFX] {"sound": "civ_move_1", "volume": 0.0}
[2026-09-25 19:46:58.042] [SFX] {"sound": "civ_move_2", "volume": 0.21}
[2026-09-25 19:46:58.192] [SFX] {"sound": "civ_move_2", "volume": 0.17}
[2026-09-25 19:46:58.192] [SFX] {"sound": "civ_move_1", "volume": 0.14}
[2026-09-25 19:46:58.193] [SFX] {"sound": "civ_move_1", "volume": 0.0}
[2026-09-25 19:46:58.459] [SFX] {"sound": "civ_move_2", "volume": 0.2}
[2026-09-25 19:46:58.593] [SFX] {"sound": "civ_move_2", "volume": 0.18}
[2026-09-25 19:46:58.593] [SFX] {"sound": "civ_move_1", "volume": 0.15}
[2026-09-25 19:46:58.859] [SFX] {"sound": "civ_move_2", "volume": 0.2}
[2026-09-25 19:46:59.009] [SFX] {"sound": "civ_move_2", "volume": 0.18}
[2026-09-25 19:46:59.010] [SFX] {"sound": "civ_move_1", "volume": 0.16}
[2026-09-25 19:46:59.274] [SFX] {"sound": "civ_move_2", "volume": 0.19}
[2026-09-25 19:46:59.409] [SFX] {"sound": "civ_move_1", "volume": 0.16}
[2026-09-25 19:46:59.605] [SFX] {"sound": "civ_move_2", "volume": 0.0}
[2026-09-25 19:46:59.688] [SFX] {"sound": "civ_move_2", "volume": 0.18}
[2026-09-25 19:46:59.823] [SFX] {"sound": "civ_move_2", "volume": 0.2}
[2026-09-25 19:46:59.823] [SFX] {"sound": "civ_move_1", "volume": 0.17}
[2026-09-25 19:47:00.006] [SFX] {"sound": "civ_move_2", "volume": 0.0}
[2026-09-25 19:47:00.072] [SFX] {"sound": "civ_move_1", "volume": 0.0}
[2026-09-25 19:47:00.094] [SFX] {"sound": "civ_move_2", "volume": 0.17}
[2026-09-25 19:47:00.224] [SFX] {"sound": "civ_move_2", "volume": 0.21}
[2026-09-25 19:47:00.225] [SFX] {"sound": "civ_move_1", "volume": 0.18}
[2026-09-25 19:47:00.422] [SFX] {"sound": "civ_move_2", "volume": 0.0}
[2026-09-25 19:47:00.472] [SFX] {"sound": "civ_move_1", "volume": 0.01}
[2026-09-25 19:47:00.495] [SFX] {"sound": "civ_move_2", "volume": 0.16}
[2026-09-25 19:47:00.639] [SFX] {"sound": "civ_move_2", "volume": 0.22}
[2026-09-25 19:47:00.640] [SFX] {"sound": "civ_move_1", "volume": 0.19}
[2026-09-25 19:47:00.836] [SFX] {"sound": "civ_move_2", "volume": 0.0}
[2026-09-25 19:47:00.886] [SFX] {"sound": "civ_move_1", "volume": 0.0}
[2026-09-25 19:47:00.909] [SFX] {"sound": "civ_move_2", "volume": 0.15}
[2026-09-25 19:47:01.036] [C] {"civ_pos": [179, 34]}
[2026-09-25 19:47:01.065] [SFX] {"sound": "civ_move_2", "volume": 0.23}
[2026-09-25 19:47:01.066] [SFX] {"sound": "civ_move_1", "volume": 0.2}
[2026-09-25 19:47:01.242] [SFX] {"sound": "civ_move_2", "volume": 0.01}
[2026-09-25 19:47:01.291] [SFX] {"sound": "civ_move_1", "volume": 0.0}
[2026-09-25 19:47:01.313] [SFX] {"sound": "civ_move_2", "volume": 0.14}
[2026-09-25 19:47:01.458] [SFX] {"sound": "civ_move_2", "volume": 0.23}
[2026-09-25 19:47:01.459] [SFX] {"sound": "civ_move_1", "volume": 0.21}
[2026-09-25 19:47:01.641] [SFX] {"sound": "civ_move_2", "volume": 0.01}
[2026-09-25 19:47:01.691] [SFX] {"sound": "civ_move_1", "volume": 0.0}
[2026-09-25 19:47:01.713] [SFX] {"sound": "civ_move_2", "volume": 0.13}
[2026-09-25 19:47:01.858] [SFX] {"sound": "civ_move_2", "volume": 0.22}
[2026-09-25 19:47:01.859] [SFX] {"sound": "civ_move_1", "volume": 0.22}
[2026-09-25 19:47:02.056] [SFX] {"sound": "civ_move_2", "volume": 0.02}
[2026-09-25 19:47:02.120] [SFX] {"sound": "civ_move_2", "volume": 0.12}
[2026-09-25 19:47:02.271] [SFX] {"sound": "civ_move_2", "volume": 0.21}
[2026-09-25 19:47:02.271] [SFX] {"sound": "civ_move_1", "volume": 0.23}
[2026-09-25 19:47:02.351] [SFX] {"sound": "guardian_move", "volume": 0.0}
[2026-09-25 19:47:02.467] [SFX] {"sound": "civ_move_2", "volume": 0.03}
[2026-09-25 19:47:02.532] [SFX] {"sound": "civ_move_2", "volume": 0.11}
[2026-09-25 19:47:02.681] [SFX] {"sound": "civ_move_2", "volume": 0.2}
[2026-09-25 19:47:02.682] [SFX] {"sound": "civ_move_1", "volume": 0.23}
[2026-09-25 19:47:02.881] [SFX] {"sound": "civ_move_2", "volume": 0.04}
[2026-09-25 19:47:02.932] [SFX] {"sound": "civ_move_2", "volume": 0.1}
[2026-09-25 19:47:02.965] [SFX] {"sound": "guardian_move", "volume": 0.01}
[2026-09-25 19:47:03.096] [SFX] {"sound": "civ_move_2", "volume": 0.19}
[2026-09-25 19:47:03.096] [SFX] {"sound": "civ_move_1", "volume": 0.22}
[2026-09-25 19:47:03.283] [SFX] {"sound": "civ_move_2", "volume": 0.05}
[2026-09-25 19:47:03.347] [SFX] {"sound": "civ_move_2", "volume": 0.09}
[2026-09-25 19:47:03.496] [SFX] {"sound": "civ_move_2", "volume": 0.18}
[2026-09-25 19:47:03.497] [SFX] {"sound": "civ_move_1", "volume": 0.21}
[2026-09-25 19:47:03.580] [SFX] {"sound": "guardian_move", "volume": 0.01}
[2026-09-25 19:47:03.696] [SFX] {"sound": "civ_move_2", "volume": 0.06}
[2026-09-25 19:47:03.763] [SFX] {"sound": "civ_move_2", "volume": 0.08}
[2026-09-25 19:47:03.912] [SFX] {"sound": "civ_move_2", "volume": 0.18}
[2026-09-25 19:47:03.913] [SFX] {"sound": "civ_move_1", "volume": 0.2}
[2026-09-25 19:47:04.110] [SFX] {"sound": "civ_move_2", "volume": 0.07}
[2026-09-25 19:47:04.209] [SFX] {"sound": "guardian_move", "volume": 0.01}
[2026-09-25 19:47:04.325] [SFX] {"sound": "civ_move_2", "volume": 0.17}
[2026-09-25 19:47:04.326] [SFX] {"sound": "civ_move_1", "volume": 0.19}
[2026-09-25 19:47:04.524] [SFX] {"sound": "civ_move_2", "volume": 0.08}
[2026-09-25 19:47:04.590] [SFX] {"sound": "civ_move_2", "volume": 0.06}
[2026-09-25 19:47:04.739] [SFX] {"sound": "civ_move_2", "volume": 0.16}
[2026-09-25 19:47:04.740] [SFX] {"sound": "civ_move_1", "volume": 0.18}
[2026-09-25 19:47:04.821] [SFX] {"sound": "guardian_move", "volume": 0.01}
[2026-09-25 19:47:04.936] [SFX] {"sound": "civ_move_2", "volume": 0.09}
[2026-09-25 19:47:05.001] [SFX] {"sound": "civ_move_2", "volume": 0.05}
[2026-09-25 19:47:05.150] [SFX] {"sound": "civ_move_2", "volume": 0.15}
[2026-09-25 19:47:05.151] [SFX] {"sound": "civ_move_1", "volume": 0.18}
[2026-09-25 19:47:05.348] [SFX] {"sound": "civ_move_2", "volume": 0.1}
[2026-09-25 19:47:05.415] [SFX] {"sound": "civ_move_2", "volume": 0.04}
[2026-09-25 19:47:05.437] [SFX] {"sound": "guardian_move", "volume": 0.0}
[2026-09-25 19:47:05.562] [SFX] {"sound": "civ_move_2", "volume": 0.14}
[2026-09-25 19:47:05.563] [SFX] {"sound": "civ_move_1", "volume": 0.17}
[2026-09-25 19:47:05.763] [SFX] {"sound": "civ_move_2", "volume": 0.11}
[2026-09-25 19:47:05.829] [SFX] {"sound": "civ_move_2", "volume": 0.03}
[2026-09-25 19:47:05.978] [SFX] {"sound": "civ_move_2", "volume": 0.13}
[2026-09-25 19:47:05.978] [SFX] {"sound": "civ_move_1", "volume": 0.16}
[2026-09-25 19:47:06.046] [SFX] {"sound": "guardian_move", "volume": 0.0}
[2026-09-25 19:47:06.177] [SFX] {"sound": "civ_move_2", "volume": 0.12}
[2026-09-25 19:47:06.242] [SFX] {"sound": "civ_move_2", "volume": 0.02}
[2026-09-25 19:47:06.392] [SFX] {"sound": "civ_move_2", "volume": 0.12}
[2026-09-25 19:47:06.392] [SFX] {"sound": "civ_move_1", "volume": 0.15}
[2026-09-25 19:47:06.430] [SFX] {"sound": "guardian_move", "volume": 0.0}
[2026-09-25 19:47:06.578] [SFX] {"sound": "civ_move_2", "volume": 0.13}
[2026-09-25 19:47:06.644] [SFX] {"sound": "civ_move_2", "volume": 0.01}
[2026-09-25 19:47:06.792] [SFX] {"sound": "civ_move_2", "volume": 0.11}
[2026-09-25 19:47:06.793] [SFX] {"sound": "civ_move_1", "volume": 0.14}
[2026-09-25 19:47:06.991] [SFX] {"sound": "civ_move_2", "volume": 0.14}
[2026-09-25 19:47:07.040] [SFX] {"sound": "guardian_move", "volume": 0.02}
[2026-09-25 19:47:07.063] [SFX] {"sound": "civ_move_1", "volume": 0.0}
[2026-09-25 19:47:07.063] [SFX] {"sound": "civ_move_2", "volume": 0.01}
[2026-09-25 19:47:07.203] [SFX] {"sound": "civ_move_2", "volume": 0.1}
[2026-09-25 19:47:07.204] [SFX] {"sound": "civ_move_1", "volume": 0.13}
[2026-09-25 19:47:07.403] [SFX] {"sound": "civ_move_2", "volume": 0.15}
[2026-09-25 19:47:07.469] [SFX] {"sound": "civ_move_1", "volume": 0.0}
[2026-09-25 19:47:07.470] [SFX] {"sound": "civ_move_2", "volume": 0.0}
[2026-09-25 19:47:07.617] [SFX] {"sound": "civ_move_2", "volume": 0.09}
[2026-09-25 19:47:07.618] [SFX] {"sound": "civ_move_1", "volume": 0.12}
[2026-09-25 19:47:07.650] [SFX] {"sound": "guardian_move", "volume": 0.03}
[2026-09-25 19:47:07.817] [SFX] {"sound": "civ_move_2", "volume": 0.16}
[2026-09-25 19:47:07.882] [SFX] {"sound": "civ_move_1", "volume": 0.0}
[2026-09-25 19:47:07.883] [SFX] {"sound": "civ_move_2", "volume": 0.0}
[2026-09-25 19:47:08.031] [SFX] {"sound": "civ_move_2", "volume": 0.08}
[2026-09-25 19:47:08.032] [SFX] {"sound": "civ_move_1", "volume": 0.11}
[2026-09-25 19:47:08.229] [SFX] {"sound": "civ_move_2", "volume": 0.17}
[2026-09-25 19:47:08.263] [SFX] {"sound": "guardian_move", "volume": 0.05}
[2026-09-25 19:47:08.295] [SFX] {"sound": "civ_move_1", "volume": 0.0}
[2026-09-25 19:47:08.296] [SFX] {"sound": "civ_move_2", "volume": 0.0}
[2026-09-25 19:47:08.445] [SFX] {"sound": "civ_move_2", "volume": 0.07}
[2026-09-25 19:47:08.446] [SFX] {"sound": "civ_move_1", "volume": 0.1}
[2026-09-25 19:47:08.644] [SFX] {"sound": "civ_move_2", "volume": 0.18}
[2026-09-25 19:47:08.709] [SFX] {"sound": "civ_move_1", "volume": 0.01}
[2026-09-25 19:47:08.858] [SFX] {"sound": "civ_move_2", "volume": 0.06}
[2026-09-25 19:47:08.859] [SFX] {"sound": "civ_move_1", "volume": 0.09}
[2026-09-25 19:47:08.892] [SFX] {"sound": "guardian_move", "volume": 0.05}
[2026-09-25 19:47:09.057] [SFX] {"sound": "civ_move_2", "volume": 0.19}
[2026-09-25 19:47:09.125] [SFX] {"sound": "civ_move_1", "volume": 0.01}
[2026-09-25 19:47:09.271] [SFX] {"sound": "civ_move_2", "volume": 0.05}
[2026-09-25 19:47:09.272] [SFX] {"sound": "civ_move_1", "volume": 0.08}
[2026-09-25 19:47:09.468] [SFX] {"sound": "civ_move_2", "volume": 0.2}
[2026-09-25 19:47:09.502] [SFX] {"sound": "guardian_move", "volume": 0.03}
[2026-09-25 19:47:09.535] [SFX] {"sound": "civ_move_1", "volume": 0.01}
[2026-09-25 19:47:09.685] [SFX] {"sound": "civ_move_2", "volume": 0.04}
[2026-09-25 19:47:09.685] [SFX] {"sound": "civ_move_1", "volume": 0.07}
[2026-09-25 19:47:09.884] [SFX] {"sound": "civ_move_2", "volume": 0.21}
[2026-09-25 19:47:09.950] [SFX] {"sound": "civ_move_1", "volume": 0.01}
[2026-09-25 19:47:10.101] [SFX] {"sound": "civ_move_2", "volume": 0.03}
[2026-09-25 19:47:10.101] [SFX] {"sound": "civ_move_1", "volume": 0.06}
[2026-09-25 19:47:10.122] [SFX] {"sound": "guardian_move", "volume": 0.01}
[2026-09-25 19:47:10.300] [SFX] {"sound": "civ_move_2", "volume": 0.22}
[2026-09-25 19:47:10.366] [SFX] {"sound": "civ_move_1", "volume": 0.0}
[2026-09-25 19:47:10.515] [SFX] {"sound": "civ_move_2", "volume": 0.02}
[2026-09-25 19:47:10.516] [SFX] {"sound": "civ_move_1", "volume": 0.05}
[2026-09-25 19:47:10.713] [SFX] {"sound": "civ_move_2", "volume": 0.23}
[2026-09-25 19:47:10.794] [C] {"civ_pos": [179, 34]}
[2026-09-25 19:47:10.831] [JACK] Subroutine gesichtet. Ob der wertvollen Loot geladen hat?
[2026-09-25 19:47:10.925] [SFX] {"sound": "civ_move_2", "volume": 0.01}
[2026-09-25 19:47:10.925] [SFX] {"sound": "civ_move_1", "volume": 0.04}
[2026-09-25 19:47:11.119] [SFX] {"sound": "civ_move_2", "volume": 0.23}
[2026-09-25 19:47:11.335] [SFX] {"sound": "civ_move_1", "volume": 0.03}
[2026-09-25 19:47:11.518] [SFX] {"sound": "civ_move_2", "volume": 0.22}
[2026-09-25 19:47:11.601] [SFX] {"sound": "civ_move_1", "volume": 0.0}
[2026-09-25 19:47:11.749] [SFX] {"sound": "civ_move_1", "volume": 0.02}
[2026-09-25 19:47:11.932] [SFX] {"sound": "civ_move_2", "volume": 0.22}
[2026-09-25 19:47:12.015] [SFX] {"sound": "civ_move_1", "volume": 0.01}
[2026-09-25 19:47:12.348] [SFX] {"sound": "civ_move_2", "volume": 0.21}
[2026-09-25 19:47:12.415] [SFX] {"sound": "civ_move_1", "volume": 0.01}
[2026-09-25 19:47:12.754] [SFX] {"sound": "civ_move_2", "volume": 0.2}
[2026-09-25 19:47:12.821] [SFX] {"sound": "civ_move_1", "volume": 0.01}
[2026-09-25 19:47:13.168] [SFX] {"sound": "civ_move_2", "volume": 0.19}
[2026-09-25 19:47:13.237] [SFX] {"sound": "civ_move_1", "volume": 0.01}
[2026-09-25 19:47:13.572] [SFX] {"sound": "civ_move_2", "volume": 0.18}
[2026-09-25 19:47:13.638] [SFX] {"sound": "civ_move_1", "volume": 0.01}
[2026-09-25 19:47:13.985] [SFX] {"sound": "civ_move_2", "volume": 0.17}
[2026-09-25 19:47:14.051] [SFX] {"sound": "civ_move_1", "volume": 0.0}
[2026-09-25 19:47:14.398] [SFX] {"sound": "civ_move_2", "volume": 0.16}
[2026-09-25 19:47:14.451] [SFX] {"sound": "civ_move_1", "volume": 0.0}
[2026-09-25 19:47:14.584] [SFX] {"sound": "civ_move_2", "volume": 0.0}
[2026-09-25 19:47:14.798] [SFX] {"sound": "civ_move_2", "volume": 0.15}
[2026-09-25 19:47:14.864] [SFX] {"sound": "civ_move_1", "volume": 0.0}
[2026-09-25 19:47:14.998] [SFX] {"sound": "civ_move_2", "volume": 0.0}
[2026-09-25 19:47:15.199] [SFX] {"sound": "civ_move_2", "volume": 0.14}
[2026-09-25 19:47:15.398] [SFX] {"sound": "civ_move_1", "volume": 0.0}
[2026-09-25 19:47:15.398] [SFX] {"sound": "civ_move_2", "volume": 0.0}
[2026-09-25 19:47:15.613] [SFX] {"sound": "civ_move_2", "volume": 0.13}
[2026-09-25 19:47:15.813] [SFX] {"sound": "civ_move_1", "volume": 0.0}
[2026-09-25 19:47:15.814] [SFX] {"sound": "civ_move_2", "volume": 0.01}
[2026-09-25 19:47:16.026] [SFX] {"sound": "civ_move_2", "volume": 0.12}
[2026-09-25 19:47:16.226] [SFX] {"sound": "civ_move_1", "volume": 0.0}
[2026-09-25 19:47:16.226] [SFX] {"sound": "civ_move_2", "volume": 0.01}
[2026-09-25 19:47:16.427] [SFX] {"sound": "civ_move_2", "volume": 0.11}
[2026-09-25 19:47:16.628] [SFX] {"sound": "civ_move_1", "volume": 0.01}
[2026-09-25 19:47:16.629] [SFX] {"sound": "civ_move_2", "volume": 0.01}
[2026-09-25 19:47:16.843] [SFX] {"sound": "civ_move_2", "volume": 0.1}
[2026-09-25 19:47:17.043] [SFX] {"sound": "civ_move_1", "volume": 0.01}
[2026-09-25 19:47:17.044] [SFX] {"sound": "civ_move_2", "volume": 0.01}
[2026-09-25 19:47:17.243] [SFX] {"sound": "civ_move_2", "volume": 0.09}
[2026-09-25 19:47:17.456] [SFX] {"sound": "civ_move_1", "volume": 0.02}
[2026-09-25 19:47:17.457] [SFX] {"sound": "civ_move_2", "volume": 0.02}
[2026-09-25 19:47:17.509] [SFX] {"sound": "civ_move_2", "volume": 0.0}
[2026-09-25 19:47:17.657] [SFX] {"sound": "civ_move_2", "volume": 0.08}
[2026-09-25 19:47:17.857] [SFX] {"sound": "civ_move_1", "volume": 0.03}
[2026-09-25 19:47:17.858] [SFX] {"sound": "civ_move_2", "volume": 0.03}
[2026-09-25 19:47:17.922] [SFX] {"sound": "civ_move_2", "volume": 0.01}
[2026-09-25 19:47:18.071] [SFX] {"sound": "civ_move_2", "volume": 0.07}
[2026-09-25 19:47:18.266] [SFX] {"sound": "civ_move_1", "volume": 0.04}
[2026-09-25 19:47:18.267] [SFX] {"sound": "civ_move_2", "volume": 0.04}
[2026-09-25 19:47:18.332] [SFX] {"sound": "civ_move_2", "volume": 0.02}
[2026-09-25 19:47:18.485] [SFX] {"sound": "civ_move_2", "volume": 0.06}
[2026-09-25 19:47:18.673] [SFX] {"sound": "civ_move_1", "volume": 0.05}
[2026-09-25 19:47:18.674] [SFX] {"sound": "civ_move_2", "volume": 0.05}
[2026-09-25 19:47:18.733] [SFX] {"sound": "civ_move_2", "volume": 0.03}
[2026-09-25 19:47:18.885] [SFX] {"sound": "civ_move_2", "volume": 0.05}
[2026-09-25 19:47:19.070] [SFX] {"sound": "civ_move_1", "volume": 0.06}
[2026-09-25 19:47:19.092] [SFX] {"sound": "civ_move_2", "volume": 0.07}
[2026-09-25 19:47:19.137] [SFX] {"sound": "civ_move_2", "volume": 0.04}
[2026-09-25 19:47:19.471] [SFX] {"sound": "civ_move_1", "volume": 0.07}
[2026-09-25 19:47:19.494] [SFX] {"sound": "civ_move_1", "volume": 0.01}
[2026-09-25 19:47:19.495] [SFX] {"sound": "civ_move_2", "volume": 0.08}
[2026-09-25 19:47:19.537] [SFX] {"sound": "civ_move_2", "volume": 0.05}
[2026-09-25 19:47:19.701] [SFX] {"sound": "civ_move_2", "volume": 0.03}
[2026-09-25 19:47:19.884] [SFX] {"sound": "civ_move_1", "volume": 0.08}
[2026-09-25 19:47:19.907] [SFX] {"sound": "civ_move_1", "volume": 0.02}
[2026-09-25 19:47:19.907] [SFX] {"sound": "civ_move_2", "volume": 0.08}
[2026-09-25 19:47:19.949] [SFX] {"sound": "civ_move_2", "volume": 0.06}
[2026-09-25 19:47:20.113] [SFX] {"sound": "civ_move_2", "volume": 0.02}
[2026-09-25 19:47:20.295] [SFX] {"sound": "civ_move_1", "volume": 0.09}
[2026-09-25 19:47:20.318] [SFX] {"sound": "civ_move_1", "volume": 0.03}
[2026-09-25 19:47:20.318] [SFX] {"sound": "civ_move_2", "volume": 0.07}
[2026-09-25 19:47:20.527] [SFX] {"sound": "civ_move_2", "volume": 0.01}
[2026-09-25 19:47:20.709] [SFX] {"sound": "civ_move_1", "volume": 0.1}
[2026-09-25 19:47:20.731] [SFX] {"sound": "civ_move_1", "volume": 0.04}
[2026-09-25 19:47:20.731] [SFX] {"sound": "civ_move_2", "volume": 0.07}
[2026-09-25 19:47:20.776] [SFX] {"sound": "civ_move_2", "volume": 0.08}
[2026-09-25 19:47:20.941] [SFX] {"sound": "civ_move_2", "volume": 0.0}
[2026-09-25 19:47:21.109] [SFX] {"sound": "civ_move_1", "volume": 0.11}
[2026-09-25 19:47:21.141] [SFX] {"sound": "civ_move_1", "volume": 0.05}
[2026-09-25 19:47:21.142] [SFX] {"sound": "civ_move_2", "volume": 0.08}
[2026-09-25 19:47:21.190] [SFX] {"sound": "civ_move_2", "volume": 0.09}
[2026-09-25 19:47:21.516] [SFX] {"sound": "civ_move_1", "volume": 0.12}
[2026-09-25 19:47:21.549] [SFX] {"sound": "civ_move_1", "volume": 0.06}
[2026-09-25 19:47:21.549] [SFX] {"sound": "civ_move_2", "volume": 0.09}
[2026-09-25 19:47:21.598] [SFX] {"sound": "civ_move_2", "volume": 0.1}
[2026-09-25 19:47:21.928] [SFX] {"sound": "civ_move_1", "volume": 0.13}
[2026-09-25 19:47:21.961] [SFX] {"sound": "civ_move_1", "volume": 0.07}
[2026-09-25 19:47:21.962] [SFX] {"sound": "civ_move_2", "volume": 0.1}
[2026-09-25 19:47:22.012] [SFX] {"sound": "civ_move_2", "volume": 0.11}
[2026-09-25 19:47:22.342] [SFX] {"sound": "civ_move_1", "volume": 0.14}
[2026-09-25 19:47:22.375] [SFX] {"sound": "civ_move_1", "volume": 0.08}
[2026-09-25 19:47:22.376] [SFX] {"sound": "civ_move_2", "volume": 0.11}
[2026-09-25 19:47:22.425] [SFX] {"sound": "civ_move_2", "volume": 0.12}
[2026-09-25 19:47:22.757] [SFX] {"sound": "civ_move_1", "volume": 0.15}
[2026-09-25 19:47:22.790] [SFX] {"sound": "civ_move_1", "volume": 0.09}
[2026-09-25 19:47:22.791] [SFX] {"sound": "civ_move_2", "volume": 0.12}
[2026-09-25 19:47:22.826] [SFX] {"sound": "civ_move_2", "volume": 0.13}
[2026-09-25 19:47:23.173] [SFX] {"sound": "civ_move_1", "volume": 0.16}
[2026-09-25 19:47:23.206] [SFX] {"sound": "civ_move_1", "volume": 0.1}
[2026-09-25 19:47:23.207] [SFX] {"sound": "civ_move_2", "volume": 0.13}
[2026-09-25 19:47:23.239] [SFX] {"sound": "civ_move_2", "volume": 0.14}
[2026-09-25 19:47:23.586] [SFX] {"sound": "civ_move_1", "volume": 0.17}
[2026-09-25 19:47:23.618] [SFX] {"sound": "civ_move_1", "volume": 0.11}
[2026-09-25 19:47:23.619] [SFX] {"sound": "civ_move_2", "volume": 0.14}
[2026-09-25 19:47:23.652] [SFX] {"sound": "civ_move_2", "volume": 0.15}
[2026-09-25 19:47:23.996] [SFX] {"sound": "civ_move_1", "volume": 0.18}
[2026-09-25 19:47:24.029] [SFX] {"sound": "civ_move_1", "volume": 0.12}
[2026-09-25 19:47:24.030] [SFX] {"sound": "civ_move_2", "volume": 0.15}
[2026-09-25 19:47:24.066] [SFX] {"sound": "civ_move_2", "volume": 0.16}
[2026-09-25 19:47:24.395] [SFX] {"sound": "civ_move_1", "volume": 0.19}
[2026-09-25 19:47:24.445] [SFX] {"sound": "civ_move_1", "volume": 0.13}
[2026-09-25 19:47:24.445] [SFX] {"sound": "civ_move_2", "volume": 0.16}
[2026-09-25 19:47:24.477] [SFX] {"sound": "civ_move_2", "volume": 0.17}
[2026-09-25 19:47:24.761] [SFX] {"sound": "civ_move_1", "volume": 0.0}
[2026-09-25 19:47:24.810] [SFX] {"sound": "civ_move_1", "volume": 0.2}
[2026-09-25 19:47:24.860] [SFX] {"sound": "civ_move_1", "volume": 0.14}
[2026-09-25 19:47:24.860] [SFX] {"sound": "civ_move_2", "volume": 0.17}
[2026-09-25 19:47:24.893] [SFX] {"sound": "civ_move_2", "volume": 0.18}
[2026-09-25 19:47:25.162] [SFX] {"sound": "civ_move_1", "volume": 0.0}
[2026-09-25 19:47:25.211] [SFX] {"sound": "civ_move_1", "volume": 0.21}
[2026-09-25 19:47:25.261] [SFX] {"sound": "civ_move_1", "volume": 0.15}
[2026-09-25 19:47:25.262] [SFX] {"sound": "civ_move_2", "volume": 0.18}
[2026-09-25 19:47:25.294] [SFX] {"sound": "civ_move_2", "volume": 0.19}
[2026-09-25 19:47:25.570] [SFX] {"sound": "civ_move_1", "volume": 0.0}
[2026-09-25 19:47:25.619] [SFX] {"sound": "civ_move_1", "volume": 0.22}
[2026-09-25 19:47:25.669] [SFX] {"sound": "civ_move_1", "volume": 0.16}
[2026-09-25 19:47:25.669] [SFX] {"sound": "civ_move_2", "volume": 0.18}
[2026-09-25 19:47:25.701] [SFX] {"sound": "civ_move_2", "volume": 0.2}
[2026-09-25 19:47:25.898] [SFX] {"sound": "civ_move_1", "volume": 0.0}
[2026-09-25 19:47:25.985] [SFX] {"sound": "civ_move_1", "volume": 0.01}
[2026-09-25 19:47:26.034] [SFX] {"sound": "civ_move_1", "volume": 0.22}
[2026-09-25 19:47:26.082] [SFX] {"sound": "civ_move_1", "volume": 0.17}
[2026-09-25 19:47:26.083] [SFX] {"sound": "civ_move_2", "volume": 0.19}
[2026-09-25 19:47:26.115] [SFX] {"sound": "civ_move_2", "volume": 0.21}
[2026-09-25 19:47:26.295] [C] {"civ_pos": [179, 34]}
[2026-09-25 19:47:26.336] [JACK] Schon wieder ein ziviler Datenknoten auf unserem Schirm.
[2026-09-25 19:47:26.337] [SFX] {"sound": "civ_move_1", "volume": 0.0}
[2026-09-25 19:47:26.396] [SFX] {"sound": "civ_move_1", "volume": 0.01}
[2026-09-25 19:47:26.446] [SFX] {"sound": "civ_move_1", "volume": 0.23}
[2026-09-25 19:47:26.497] [SFX] {"sound": "civ_move_1", "volume": 0.18}
[2026-09-25 19:47:26.497] [SFX] {"sound": "civ_move_2", "volume": 0.2}
[2026-09-25 19:47:26.528] [SFX] {"sound": "civ_move_2", "volume": 0.22}
[2026-09-25 19:47:26.742] [SFX] {"sound": "civ_move_1", "volume": 0.0}
[2026-09-25 19:47:26.808] [SFX] {"sound": "civ_move_1", "volume": 0.02}
[2026-09-25 19:47:26.858] [SFX] {"sound": "civ_move_1", "volume": 0.23}
[2026-09-25 19:47:26.907] [SFX] {"sound": "civ_move_1", "volume": 0.19}
[2026-09-25 19:47:26.908] [SFX] {"sound": "civ_move_2", "volume": 0.21}
[2026-09-25 19:47:26.940] [SFX] {"sound": "civ_move_2", "volume": 0.22}
[2026-09-25 19:47:27.153] [SFX] {"sound": "civ_move_1", "volume": 0.0}
[2026-09-25 19:47:27.219] [SFX] {"sound": "civ_move_1", "volume": 0.03}
[2026-09-25 19:47:27.269] [SFX] {"sound": "civ_move_1", "volume": 0.22}
[2026-09-25 19:47:27.320] [SFX] {"sound": "civ_move_1", "volume": 0.2}
[2026-09-25 19:47:27.320] [SFX] {"sound": "civ_move_2", "volume": 0.22}
[2026-09-25 19:47:27.353] [SFX] {"sound": "civ_move_2", "volume": 0.23}
[2026-09-25 19:47:27.553] [SFX] {"sound": "civ_move_1", "volume": 0.01}
[2026-09-25 19:47:27.620] [SFX] {"sound": "civ_move_1", "volume": 0.04}
[2026-09-25 19:47:27.669] [SFX] {"sound": "civ_move_1", "volume": 0.21}
[2026-09-25 19:47:27.735] [SFX] {"sound": "civ_move_2", "volume": 0.23}
[2026-09-25 19:47:27.768] [SFX] {"sound": "civ_move_2", "volume": 0.22}
[2026-09-25 19:47:27.965] [SFX] {"sound": "civ_move_1", "volume": 0.02}
[2026-09-25 19:47:28.031] [SFX] {"sound": "civ_move_1", "volume": 0.05}
[2026-09-25 19:47:28.081] [SFX] {"sound": "civ_move_1", "volume": 0.2}
[2026-09-25 19:47:28.148] [SFX] {"sound": "civ_move_1", "volume": 0.21}
[2026-09-25 19:47:28.148] [SFX] {"sound": "civ_move_2", "volume": 0.23}
[2026-09-25 19:47:28.181] [SFX] {"sound": "civ_move_2", "volume": 0.22}
[2026-09-25 19:47:28.381] [SFX] {"sound": "civ_move_1", "volume": 0.03}
[2026-09-25 19:47:28.448] [SFX] {"sound": "civ_move_1", "volume": 0.06}
[2026-09-25 19:47:28.497] [SFX] {"sound": "civ_move_1", "volume": 0.19}
[2026-09-25 19:47:28.562] [SFX] {"sound": "civ_move_1", "volume": 0.22}
[2026-09-25 19:47:28.563] [SFX] {"sound": "civ_move_2", "volume": 0.22}
[2026-09-25 19:47:28.595] [SFX] {"sound": "civ_move_2", "volume": 0.21}
[2026-09-25 19:47:28.793] [SFX] {"sound": "civ_move_1", "volume": 0.03}
[2026-09-25 19:47:28.860] [SFX] {"sound": "civ_move_1", "volume": 0.07}
[2026-09-25 19:47:28.912] [SFX] {"sound": "civ_move_1", "volume": 0.18}
[2026-09-25 19:47:28.962] [SFX] {"sound": "civ_move_1", "volume": 0.23}
[2026-09-25 19:47:28.963] [SFX] {"sound": "civ_move_2", "volume": 0.21}
[2026-09-25 19:47:28.995] [SFX] {"sound": "civ_move_2", "volume": 0.2}
[2026-09-25 19:47:29.075] [C] {"civ_pos": [179, 34]}
[2026-09-25 19:47:29.200] [SFX] {"sound": "civ_move_1", "volume": 0.04}
[2026-09-25 19:47:29.268] [SFX] {"sound": "civ_move_1", "volume": 0.08}
[2026-09-25 19:47:29.316] [SFX] {"sound": "civ_move_1", "volume": 0.17}
[2026-09-25 19:47:29.367] [SFX] {"sound": "civ_move_1", "volume": 0.23}
[2026-09-25 19:47:29.368] [SFX] {"sound": "civ_move_2", "volume": 0.2}
[2026-09-25 19:47:29.400] [SFX] {"sound": "civ_move_2", "volume": 0.19}
[2026-09-25 19:47:29.615] [SFX] {"sound": "civ_move_1", "volume": 0.05}
[2026-09-25 19:47:29.683] [SFX] {"sound": "civ_move_1", "volume": 0.09}
[2026-09-25 19:47:29.732] [SFX] {"sound": "civ_move_1", "volume": 0.16}
[2026-09-25 19:47:29.781] [SFX] {"sound": "civ_move_1", "volume": 0.22}
[2026-09-25 19:47:29.782] [SFX] {"sound": "civ_move_2", "volume": 0.19}
[2026-09-25 19:47:29.813] [SFX] {"sound": "civ_move_2", "volume": 0.18}
[2026-09-25 19:47:30.031] [SFX] {"sound": "civ_move_1", "volume": 0.06}
[2026-09-25 19:47:30.098] [SFX] {"sound": "civ_move_1", "volume": 0.1}
[2026-09-25 19:47:30.146] [SFX] {"sound": "civ_move_1", "volume": 0.15}
[2026-09-25 19:47:30.196] [SFX] {"sound": "civ_move_1", "volume": 0.21}
[2026-09-25 19:47:30.197] [SFX] {"sound": "civ_move_2", "volume": 0.18}
[2026-09-25 19:47:30.219] [SFX] {"sound": "civ_move_2", "volume": 0.17}
[2026-09-25 19:47:30.444] [SFX] {"sound": "civ_move_1", "volume": 0.07}
[2026-09-25 19:47:30.512] [SFX] {"sound": "civ_move_1", "volume": 0.11}
[2026-09-25 19:47:30.562] [SFX] {"sound": "civ_move_1", "volume": 0.14}
[2026-09-25 19:47:30.613] [SFX] {"sound": "civ_move_2", "volume": 0.16}
[2026-09-25 19:47:30.613] [SFX] {"sound": "civ_move_1", "volume": 0.2}
[2026-09-25 19:47:30.614] [SFX] {"sound": "civ_move_2", "volume": 0.17}
[2026-09-25 19:47:30.860] [SFX] {"sound": "civ_move_1", "volume": 0.08}
[2026-09-25 19:47:30.926] [SFX] {"sound": "civ_move_1", "volume": 0.12}
[2026-09-25 19:47:30.976] [SFX] {"sound": "civ_move_1", "volume": 0.13}
[2026-09-25 19:47:31.025] [SFX] {"sound": "civ_move_2", "volume": 0.15}
[2026-09-25 19:47:31.026] [SFX] {"sound": "civ_move_1", "volume": 0.19}
[2026-09-25 19:47:31.026] [SFX] {"sound": "civ_move_2", "volume": 0.16}
[2026-09-25 19:47:31.275] [SFX] {"sound": "civ_move_1", "volume": 0.09}
[2026-09-25 19:47:31.328] [SFX] {"sound": "civ_move_1", "volume": 0.12}
[2026-09-25 19:47:31.428] [SFX] {"sound": "civ_move_2", "volume": 0.14}
[2026-09-25 19:47:31.428] [SFX] {"sound": "civ_move_1", "volume": 0.18}
[2026-09-25 19:47:31.429] [SFX] {"sound": "civ_move_2", "volume": 0.15}
[2026-09-25 19:47:31.688] [SFX] {"sound": "civ_move_1", "volume": 0.1}
[2026-09-25 19:47:31.737] [SFX] {"sound": "civ_move_1", "volume": 0.13}
[2026-09-25 19:47:31.787] [SFX] {"sound": "civ_move_1", "volume": 0.11}
[2026-09-25 19:47:31.835] [SFX] {"sound": "civ_move_2", "volume": 0.13}
[2026-09-25 19:47:31.836] [SFX] {"sound": "civ_move_1", "volume": 0.17}
[2026-09-25 19:47:31.837] [SFX] {"sound": "civ_move_2", "volume": 0.14}
[2026-09-25 19:47:32.109] [SFX] {"sound": "civ_move_1", "volume": 0.11}
[2026-09-25 19:47:32.139] [SFX] {"sound": "civ_move_1", "volume": 0.14}
[2026-09-25 19:47:32.189] [SFX] {"sound": "civ_move_1", "volume": 0.1}
[2026-09-25 19:47:32.237] [SFX] {"sound": "civ_move_2", "volume": 0.12}
[2026-09-25 19:47:32.238] [SFX] {"sound": "civ_move_1", "volume": 0.16}
[2026-09-25 19:47:32.239] [SFX] {"sound": "civ_move_2", "volume": 0.14}
[2026-09-25 19:47:32.514] [SFX] {"sound": "civ_move_1", "volume": 0.12}
[2026-09-25 19:47:32.547] [SFX] {"sound": "civ_move_1", "volume": 0.15}
[2026-09-25 19:47:32.598] [SFX] {"sound": "civ_move_1", "volume": 0.09}
[2026-09-25 19:47:32.649] [SFX] {"sound": "civ_move_2", "volume": 0.11}
[2026-09-25 19:47:32.649] [SFX] {"sound": "civ_move_1", "volume": 0.15}
[2026-09-25 19:47:32.650] [SFX] {"sound": "civ_move_2", "volume": 0.13}
[2026-09-25 19:47:32.930] [SFX] {"sound": "civ_move_1", "volume": 0.13}
[2026-09-25 19:47:32.952] [SFX] {"sound": "civ_move_1", "volume": 0.16}
[2026-09-25 19:47:33.013] [SFX] {"sound": "civ_move_1", "volume": 0.08}
[2026-09-25 19:47:33.064] [SFX] {"sound": "civ_move_2", "volume": 0.1}
[2026-09-25 19:47:33.064] [SFX] {"sound": "civ_move_1", "volume": 0.14}
[2026-09-25 19:47:33.065] [SFX] {"sound": "civ_move_2", "volume": 0.12}
[2026-09-25 19:47:33.330] [SFX] {"sound": "civ_move_1", "volume": 0.14}
[2026-09-25 19:47:33.352] [SFX] {"sound": "civ_move_1", "volume": 0.17}
[2026-09-25 19:47:33.416] [SFX] {"sound": "civ_move_1", "volume": 0.07}
[2026-09-25 19:47:33.467] [SFX] {"sound": "civ_move_2", "volume": 0.09}
[2026-09-25 19:47:33.468] [SFX] {"sound": "civ_move_1", "volume": 0.13}
[2026-09-25 19:47:33.468] [SFX] {"sound": "civ_move_2", "volume": 0.11}
[2026-09-25 19:47:33.732] [SFX] {"sound": "civ_move_1", "volume": 0.15}
[2026-09-25 19:47:33.756] [SFX] {"sound": "civ_move_1", "volume": 0.18}
[2026-09-25 19:47:33.831] [SFX] {"sound": "civ_move_1", "volume": 0.06}
[2026-09-25 19:47:33.882] [SFX] {"sound": "civ_move_2", "volume": 0.08}
[2026-09-25 19:47:33.882] [SFX] {"sound": "civ_move_1", "volume": 0.12}
[2026-09-25 19:47:33.883] [SFX] {"sound": "civ_move_2", "volume": 0.1}
[2026-09-25 19:47:34.148] [SFX] {"sound": "civ_move_1", "volume": 0.16}
[2026-09-25 19:47:34.171] [SFX] {"sound": "civ_move_1", "volume": 0.19}
[2026-09-25 19:47:34.230] [SFX] {"sound": "civ_move_1", "volume": 0.06}
[2026-09-25 19:47:34.282] [SFX] {"sound": "civ_move_2", "volume": 0.07}
[2026-09-25 19:47:34.282] [SFX] {"sound": "civ_move_1", "volume": 0.11}
[2026-09-25 19:47:34.283] [SFX] {"sound": "civ_move_2", "volume": 0.09}
[2026-09-25 19:47:34.562] [SFX] {"sound": "civ_move_1", "volume": 0.17}
[2026-09-25 19:47:34.586] [SFX] {"sound": "civ_move_1", "volume": 0.2}
[2026-09-25 19:47:34.632] [SFX] {"sound": "civ_move_1", "volume": 0.05}
[2026-09-25 19:47:34.697] [SFX] {"sound": "civ_move_2", "volume": 0.06}
[2026-09-25 19:47:34.698] [SFX] {"sound": "civ_move_1", "volume": 0.1}
[2026-09-25 19:47:34.699] [SFX] {"sound": "civ_move_2", "volume": 0.08}
[2026-09-25 19:47:34.966] [SFX] {"sound": "civ_move_1", "volume": 0.18}
[2026-09-25 19:47:34.987] [SFX] {"sound": "civ_move_1", "volume": 0.21}
[2026-09-25 19:47:35.048] [SFX] {"sound": "civ_move_1", "volume": 0.03}
[2026-09-25 19:47:35.112] [SFX] {"sound": "civ_move_2", "volume": 0.05}
[2026-09-25 19:47:35.113] [SFX] {"sound": "civ_move_1", "volume": 0.09}
[2026-09-25 19:47:35.113] [SFX] {"sound": "civ_move_2", "volume": 0.07}
[2026-09-25 19:47:35.375] [SFX] {"sound": "civ_move_1", "volume": 0.19}
[2026-09-25 19:47:35.398] [SFX] {"sound": "civ_move_1", "volume": 0.22}
[2026-09-25 19:47:35.460] [SFX] {"sound": "civ_move_1", "volume": 0.03}
[2026-09-25 19:47:35.524] [SFX] {"sound": "civ_move_2", "volume": 0.04}
[2026-09-25 19:47:35.524] [SFX] {"sound": "civ_move_1", "volume": 0.09}
[2026-09-25 19:47:35.525] [SFX] {"sound": "civ_move_2", "volume": 0.06}
[2026-09-25 19:47:35.788] [SFX] {"sound": "civ_move_1", "volume": 0.2}
[2026-09-25 19:47:35.811] [SFX] {"sound": "civ_move_1", "volume": 0.23}
[2026-09-25 19:47:35.871] [SFX] {"sound": "civ_move_1", "volume": 0.02}
[2026-09-25 19:47:35.872] [C] {"civ_pos": [179, 34]}
[2026-09-25 19:47:35.928] [JACK] Interessante Signatur... Ein ziviler Node. Sollen wir näher ran?
[2026-09-25 19:47:35.944] [SFX] {"sound": "civ_move_2", "volume": 0.03}
[2026-09-25 19:47:35.944] [SFX] {"sound": "civ_move_1", "volume": 0.07}
[2026-09-25 19:47:35.945] [SFX] {"sound": "civ_move_2", "volume": 0.05}
[2026-09-25 19:47:36.187] [SFX] {"sound": "civ_move_1", "volume": 0.21}
[2026-09-25 19:47:36.220] [SFX] {"sound": "civ_move_1", "volume": 0.23}
[2026-09-25 19:47:36.286] [SFX] {"sound": "civ_move_1", "volume": 0.01}
[2026-09-25 19:47:36.338] [SFX] {"sound": "civ_move_2", "volume": 0.02}
[2026-09-25 19:47:36.338] [SFX] {"sound": "civ_move_1", "volume": 0.07}
[2026-09-25 19:47:36.339] [SFX] {"sound": "civ_move_2", "volume": 0.05}
[2026-09-25 19:47:36.603] [SFX] {"sound": "civ_move_1", "volume": 0.22}
[2026-09-25 19:47:36.750] [SFX] {"sound": "civ_move_2", "volume": 0.01}
[2026-09-25 19:47:36.751] [SFX] {"sound": "civ_move_1", "volume": 0.06}
[2026-09-25 19:47:36.751] [SFX] {"sound": "civ_move_2", "volume": 0.05}
[2026-09-25 19:47:37.015] [SFX] {"sound": "civ_move_1", "volume": 0.23}
[2026-09-25 19:47:37.049] [SFX] {"sound": "civ_move_1", "volume": 0.21}
[2026-09-25 19:47:37.151] [SFX] {"sound": "civ_move_2", "volume": 0.01}
[2026-09-25 19:47:37.152] [SFX] {"sound": "civ_move_1", "volume": 0.05}
[2026-09-25 19:47:37.152] [SFX] {"sound": "civ_move_2", "volume": 0.04}
[2026-09-25 19:47:37.417] [SFX] {"sound": "civ_move_1", "volume": 0.23}
[2026-09-25 19:47:37.449] [SFX] {"sound": "civ_move_1", "volume": 0.21}
[2026-09-25 19:47:37.565] [SFX] {"sound": "civ_move_2", "volume": 0.0}
[2026-09-25 19:47:37.566] [SFX] {"sound": "civ_move_1", "volume": 0.04}
[2026-09-25 19:47:37.568] [SFX] {"sound": "civ_move_2", "volume": 0.04}
[2026-09-25 19:47:37.831] [SFX] {"sound": "civ_move_1", "volume": 0.22}
[2026-09-25 19:47:37.864] [SFX] {"sound": "civ_move_1", "volume": 0.2}
[2026-09-25 19:47:37.978] [SFX] {"sound": "civ_move_2", "volume": 0.0}
[2026-09-25 19:47:37.978] [SFX] {"sound": "civ_move_1", "volume": 0.03}
[2026-09-25 19:47:38.002] [SFX] {"sound": "civ_move_2", "volume": 0.04}
[2026-09-25 19:47:38.242] [SFX] {"sound": "civ_move_1", "volume": 0.22}
[2026-09-25 19:47:38.275] [SFX] {"sound": "civ_move_1", "volume": 0.19}
[2026-09-25 19:47:38.391] [SFX] {"sound": "civ_move_2", "volume": 0.0}
[2026-09-25 19:47:38.391] [SFX] {"sound": "civ_move_1", "volume": 0.02}
[2026-09-25 19:47:38.413] [SFX] {"sound": "civ_move_2", "volume": 0.04}
[2026-09-25 19:47:38.654] [SFX] {"sound": "civ_move_1", "volume": 0.21}
[2026-09-25 19:47:38.687] [SFX] {"sound": "civ_move_1", "volume": 0.18}
[2026-09-25 19:47:38.802] [SFX] {"sound": "civ_move_2", "volume": 0.0}
[2026-09-25 19:47:38.802] [SFX] {"sound": "civ_move_1", "volume": 0.01}
[2026-09-25 19:47:38.824] [SFX] {"sound": "civ_move_2", "volume": 0.05}
[2026-09-25 19:47:39.067] [SFX] {"sound": "civ_move_1", "volume": 0.2}
[2026-09-25 19:47:39.101] [SFX] {"sound": "civ_move_1", "volume": 0.17}
[2026-09-25 19:47:39.216] [SFX] {"sound": "civ_move_1", "volume": 0.01}
[2026-09-25 19:47:39.237] [SFX] {"sound": "civ_move_2", "volume": 0.05}
[2026-09-25 19:47:39.478] [SFX] {"sound": "civ_move_1", "volume": 0.19}
[2026-09-25 19:47:39.512] [SFX] {"sound": "civ_move_1", "volume": 0.16}
[2026-09-25 19:47:39.626] [SFX] {"sound": "civ_move_1", "volume": 0.0}
[2026-09-25 19:47:39.649] [SFX] {"sound": "civ_move_2", "volume": 0.05}
[2026-09-25 19:47:39.891] [SFX] {"sound": "civ_move_1", "volume": 0.18}
[2026-09-25 19:47:39.924] [SFX] {"sound": "civ_move_1", "volume": 0.15}
[2026-09-25 19:47:40.038] [SFX] {"sound": "civ_move_1", "volume": 0.0}
[2026-09-25 19:47:40.061] [SFX] {"sound": "civ_move_2", "volume": 0.06}
[2026-09-25 19:47:40.303] [SFX] {"sound": "civ_move_1", "volume": 0.17}
[2026-09-25 19:47:40.336] [SFX] {"sound": "civ_move_1", "volume": 0.14}
[2026-09-25 19:47:40.450] [SFX] {"sound": "civ_move_1", "volume": 0.0}
[2026-09-25 19:47:40.474] [SFX] {"sound": "civ_move_2", "volume": 0.07}
[2026-09-25 19:47:40.717] [SFX] {"sound": "civ_move_1", "volume": 0.16}
[2026-09-25 19:47:40.752] [SFX] {"sound": "civ_move_1", "volume": 0.13}
[2026-09-25 19:47:40.869] [SFX] {"sound": "civ_move_2", "volume": 0.08}
[2026-09-25 19:47:41.131] [SFX] {"sound": "civ_move_1", "volume": 0.15}
[2026-09-25 19:47:41.165] [SFX] {"sound": "civ_move_1", "volume": 0.12}
[2026-09-25 19:47:41.282] [SFX] {"sound": "civ_move_2", "volume": 0.09}
[2026-09-25 19:47:41.545] [SFX] {"sound": "civ_move_1", "volume": 0.14}
[2026-09-25 19:47:41.578] [SFX] {"sound": "civ_move_1", "volume": 0.11}
[2026-09-25 19:47:41.693] [SFX] {"sound": "civ_move_2", "volume": 0.1}
[2026-09-25 19:47:41.959] [SFX] {"sound": "civ_move_1", "volume": 0.13}
[2026-09-25 19:47:41.992] [SFX] {"sound": "civ_move_1", "volume": 0.1}
[2026-09-25 19:47:42.108] [SFX] {"sound": "civ_move_2", "volume": 0.11}
[2026-09-25 19:47:42.359] [SFX] {"sound": "civ_move_1", "volume": 0.12}
[2026-09-25 19:47:42.408] [SFX] {"sound": "civ_move_1", "volume": 0.09}
[2026-09-25 19:47:42.524] [SFX] {"sound": "civ_move_2", "volume": 0.12}
[2026-09-25 19:47:42.773] [SFX] {"sound": "civ_move_1", "volume": 0.11}
[2026-09-25 19:47:42.823] [SFX] {"sound": "civ_move_1", "volume": 0.08}
[2026-09-25 19:47:42.938] [SFX] {"sound": "civ_move_2", "volume": 0.13}
[2026-09-25 19:47:43.188] [SFX] {"sound": "civ_move_1", "volume": 0.1}
[2026-09-25 19:47:43.237] [SFX] {"sound": "civ_move_1", "volume": 0.07}
[2026-09-25 19:47:43.354] [SFX] {"sound": "civ_move_2", "volume": 0.14}
[2026-09-25 19:47:43.588] [SFX] {"sound": "civ_move_1", "volume": 0.09}
[2026-09-25 19:47:43.637] [SFX] {"sound": "civ_move_1", "volume": 0.06}
[2026-09-25 19:47:43.767] [SFX] {"sound": "civ_move_2", "volume": 0.15}
[2026-09-25 19:47:43.998] [SFX] {"sound": "civ_move_1", "volume": 0.08}
[2026-09-25 19:47:44.047] [SFX] {"sound": "civ_move_1", "volume": 0.05}
[2026-09-25 19:47:44.179] [SFX] {"sound": "civ_move_2", "volume": 0.16}
[2026-09-25 19:47:44.409] [SFX] {"sound": "civ_move_1", "volume": 0.07}
[2026-09-25 19:47:44.461] [SFX] {"sound": "civ_move_1", "volume": 0.05}
[2026-09-25 19:47:44.594] [SFX] {"sound": "civ_move_2", "volume": 0.17}
[2026-09-25 19:47:44.823] [SFX] {"sound": "civ_move_1", "volume": 0.06}
[2026-09-25 19:47:44.873] [SFX] {"sound": "civ_move_1", "volume": 0.05}
[2026-09-25 19:47:45.007] [SFX] {"sound": "civ_move_2", "volume": 0.18}
[2026-09-25 19:47:45.224] [SFX] {"sound": "civ_move_1", "volume": 0.05}
[2026-09-25 19:47:45.274] [SFX] {"sound": "civ_move_1", "volume": 0.04}
[2026-09-25 19:47:45.407] [SFX] {"sound": "civ_move_2", "volume": 0.19}
[2026-09-25 19:47:45.624] [SFX] {"sound": "civ_move_1", "volume": 0.07}
[2026-09-25 19:47:45.674] [SFX] {"sound": "civ_move_1", "volume": 0.04}
[2026-09-25 19:47:45.822] [SFX] {"sound": "civ_move_2", "volume": 0.2}
[2026-09-25 19:47:46.035] [SFX] {"sound": "civ_move_1", "volume": 0.05}
[2026-09-25 19:47:46.101] [SFX] {"sound": "civ_move_1", "volume": 0.04}
[2026-09-25 19:47:46.233] [SFX] {"sound": "civ_move_2", "volume": 0.21}
[2026-09-25 19:47:46.450] [SFX] {"sound": "civ_move_1", "volume": 0.05}
[2026-09-25 19:47:46.516] [SFX] {"sound": "civ_move_1", "volume": 0.04}
[2026-09-25 19:47:46.634] [SFX] {"sound": "civ_move_2", "volume": 0.22}
[2026-09-25 19:47:46.851] [SFX] {"sound": "civ_move_1", "volume": 0.06}
[2026-09-25 19:47:46.917] [SFX] {"sound": "civ_move_1", "volume": 0.05}
[2026-09-25 19:47:47.048] [SFX] {"sound": "civ_move_2", "volume": 0.22}
[2026-09-25 19:47:47.261] [SFX] {"sound": "civ_move_1", "volume": 0.07}
[2026-09-25 19:47:47.327] [SFX] {"sound": "civ_move_1", "volume": 0.05}
[2026-09-25 19:47:47.458] [SFX] {"sound": "civ_move_2", "volume": 0.23}
[2026-09-25 19:47:47.525] [C] {"civ_pos": [179, 34]}
[2026-09-25 19:47:47.567] [JACK] Ein weiterer Passant im Netz. Ignorieren oder anpöbeln?
[2026-09-25 19:47:47.740] [SFX] {"sound": "civ_move_1", "volume": 0.05}
[2026-09-25 19:47:47.872] [SFX] {"sound": "civ_move_2", "volume": 0.23}
[2026-09-25 19:47:48.155] [SFX] {"sound": "civ_move_1", "volume": 0.06}
[2026-09-25 19:47:48.287] [SFX] {"sound": "civ_move_2", "volume": 0.22}
[2026-09-25 19:47:48.568] [SFX] {"sound": "civ_move_1", "volume": 0.07}
[2026-09-25 19:47:48.700] [SFX] {"sound": "civ_move_2", "volume": 0.21}
[2026-09-25 19:47:48.979] [SFX] {"sound": "civ_move_1", "volume": 0.08}
[2026-09-25 19:47:49.001] [SFX] {"sound": "civ_move_1", "volume": 0.01}
[2026-09-25 19:47:49.115] [SFX] {"sound": "civ_move_2", "volume": 0.2}
[2026-09-25 19:47:49.379] [SFX] {"sound": "civ_move_1", "volume": 0.09}
[2026-09-25 19:47:49.402] [SFX] {"sound": "civ_move_1", "volume": 0.02}
[2026-09-25 19:47:49.529] [SFX] {"sound": "civ_move_2", "volume": 0.19}
[2026-09-25 19:47:49.796] [SFX] {"sound": "civ_move_1", "volume": 0.1}
[2026-09-25 19:47:49.796] [SFX] {"sound": "civ_move_1", "volume": 0.03}
[2026-09-25 19:47:49.929] [SFX] {"sound": "civ_move_2", "volume": 0.18}
[2026-09-25 19:47:50.211] [SFX] {"sound": "civ_move_1", "volume": 0.11}
[2026-09-25 19:47:50.212] [SFX] {"sound": "civ_move_1", "volume": 0.04}
[2026-09-25 19:47:50.344] [SFX] {"sound": "civ_move_2", "volume": 0.17}
[2026-09-25 19:47:50.611] [SFX] {"sound": "civ_move_1", "volume": 0.12}
[2026-09-25 19:47:50.611] [SFX] {"sound": "civ_move_1", "volume": 0.05}
[2026-09-25 19:47:50.758] [SFX] {"sound": "civ_move_2", "volume": 0.16}
[2026-09-25 19:47:51.021] [SFX] {"sound": "civ_move_1", "volume": 0.13}
[2026-09-25 19:47:51.022] [SFX] {"sound": "civ_move_1", "volume": 0.06}
[2026-09-25 19:47:51.169] [SFX] {"sound": "civ_move_2", "volume": 0.15}
[2026-09-25 19:47:51.436] [SFX] {"sound": "civ_move_1", "volume": 0.14}
[2026-09-25 19:47:51.437] [SFX] {"sound": "civ_move_1", "volume": 0.07}
[2026-09-25 19:47:51.582] [SFX] {"sound": "civ_move_2", "volume": 0.14}
[2026-09-25 19:47:51.847] [SFX] {"sound": "civ_move_1", "volume": 0.15}
[2026-09-25 19:47:51.848] [SFX] {"sound": "civ_move_1", "volume": 0.08}
[2026-09-25 19:47:51.997] [SFX] {"sound": "civ_move_2", "volume": 0.13}
[2026-09-25 19:47:52.178] [SFX] {"sound": "civ_move_2", "volume": 0.0}
[2026-09-25 19:47:52.262] [SFX] {"sound": "civ_move_1", "volume": 0.16}
[2026-09-25 19:47:52.263] [SFX] {"sound": "civ_move_1", "volume": 0.09}
[2026-09-25 19:47:52.411] [SFX] {"sound": "civ_move_2", "volume": 0.12}
[2026-09-25 19:47:52.595] [SFX] {"sound": "civ_move_2", "volume": 0.0}
[2026-09-25 19:47:52.676] [SFX] {"sound": "civ_move_1", "volume": 0.17}
[2026-09-25 19:47:52.677] [SFX] {"sound": "civ_move_1", "volume": 0.1}
[2026-09-25 19:47:52.825] [SFX] {"sound": "civ_move_2", "volume": 0.11}
[2026-09-25 19:47:53.008] [SFX] {"sound": "civ_move_2", "volume": 0.0}
[2026-09-25 19:47:53.092] [SFX] {"sound": "civ_move_1", "volume": 0.18}
[2026-09-25 19:47:53.093] [SFX] {"sound": "civ_move_1", "volume": 0.11}
[2026-09-25 19:47:53.224] [SFX] {"sound": "civ_move_2", "volume": 0.1}
[2026-09-25 19:47:53.421] [SFX] {"sound": "civ_move_2", "volume": 0.01}
[2026-09-25 19:47:53.501] [SFX] {"sound": "civ_move_1", "volume": 0.19}
[2026-09-25 19:47:53.501] [SFX] {"sound": "civ_move_1", "volume": 0.12}
[2026-09-25 19:47:53.633] [SFX] {"sound": "civ_move_2", "volume": 0.09}
[2026-09-25 19:47:53.832] [SFX] {"sound": "civ_move_2", "volume": 0.01}
[2026-09-25 19:47:53.914] [SFX] {"sound": "civ_move_1", "volume": 0.2}
[2026-09-25 19:47:53.915] [SFX] {"sound": "civ_move_1", "volume": 0.13}
[2026-09-25 19:47:54.047] [SFX] {"sound": "civ_move_2", "volume": 0.08}
[2026-09-25 19:47:54.247] [SFX] {"sound": "civ_move_2", "volume": 0.02}
[2026-09-25 19:47:54.329] [SFX] {"sound": "civ_move_1", "volume": 0.21}
[2026-09-25 19:47:54.330] [SFX] {"sound": "civ_move_1", "volume": 0.14}
[2026-09-25 19:47:54.461] [SFX] {"sound": "civ_move_2", "volume": 0.07}
[2026-09-25 19:47:54.659] [SFX] {"sound": "civ_move_2", "volume": 0.03}
[2026-09-25 19:47:54.741] [SFX] {"sound": "civ_move_1", "volume": 0.21}
[2026-09-25 19:47:54.741] [SFX] {"sound": "civ_move_1", "volume": 0.15}
[2026-09-25 19:47:54.875] [SFX] {"sound": "civ_move_2", "volume": 0.06}
[2026-09-25 19:47:55.061] [SFX] {"sound": "civ_move_2", "volume": 0.04}
[2026-09-25 19:47:55.144] [SFX] {"sound": "civ_move_1", "volume": 0.22}
[2026-09-25 19:47:55.144] [SFX] {"sound": "civ_move_1", "volume": 0.16}
[2026-09-25 19:47:55.278] [SFX] {"sound": "civ_move_2", "volume": 0.05}
[2026-09-25 19:47:55.558] [SFX] {"sound": "civ_move_1", "volume": 0.23}
[2026-09-25 19:47:55.559] [SFX] {"sound": "civ_move_1", "volume": 0.17}
[2026-09-25 19:47:55.657] [C] {"civ_pos": [179, 34]}
[2026-09-25 19:47:55.694] [JACK] Interessante Signatur... Ein ziviler Node. Sollen wir näher ran?
[2026-09-25 19:47:55.711] [SFX] {"sound": "civ_move_2", "volume": 0.04}
[2026-09-25 19:47:55.887] [SFX] {"sound": "civ_move_2", "volume": 0.0}
[2026-09-25 19:47:55.887] [SFX] {"sound": "civ_move_2", "volume": 0.06}
[2026-09-25 19:47:55.969] [SFX] {"sound": "civ_move_1", "volume": 0.23}
[2026-09-25 19:47:55.969] [SFX] {"sound": "civ_move_1", "volume": 0.18}
[2026-09-25 19:47:56.104] [SFX] {"sound": "civ_move_2", "volume": 0.03}
[2026-09-25 19:47:56.303] [SFX] {"sound": "civ_move_2", "volume": 0.01}
[2026-09-25 19:47:56.303] [SFX] {"sound": "civ_move_2", "volume": 0.07}
[2026-09-25 19:47:56.385] [SFX] {"sound": "civ_move_1", "volume": 0.22}
[2026-09-25 19:47:56.385] [SFX] {"sound": "civ_move_1", "volume": 0.19}
[2026-09-25 19:47:56.519] [SFX] {"sound": "civ_move_2", "volume": 0.02}
[2026-09-25 19:47:56.718] [SFX] {"sound": "civ_move_2", "volume": 0.08}
[2026-09-25 19:47:56.801] [SFX] {"sound": "civ_move_1", "volume": 0.21}
[2026-09-25 19:47:56.801] [SFX] {"sound": "civ_move_1", "volume": 0.2}
[2026-09-25 19:47:56.920] [SFX] {"sound": "civ_move_2", "volume": 0.01}
[2026-09-25 19:47:57.122] [SFX] {"sound": "civ_move_2", "volume": 0.03}
[2026-09-25 19:47:57.123] [SFX] {"sound": "civ_move_2", "volume": 0.09}
[2026-09-25 19:47:57.205] [SFX] {"sound": "civ_move_1", "volume": 0.2}
[2026-09-25 19:47:57.322] [SFX] {"sound": "civ_move_2", "volume": 0.01}
[2026-09-25 19:47:57.520] [SFX] {"sound": "civ_move_2", "volume": 0.04}
[2026-09-25 19:47:57.521] [SFX] {"sound": "civ_move_2", "volume": 0.09}
[2026-09-25 19:47:57.620] [SFX] {"sound": "civ_move_1", "volume": 0.19}
[2026-09-25 19:47:57.620] [SFX] {"sound": "civ_move_1", "volume": 0.21}
[2026-09-25 19:47:57.738] [SFX] {"sound": "civ_move_2", "volume": 0.0}
[2026-09-25 19:47:57.921] [SFX] {"sound": "civ_move_2", "volume": 0.05}
[2026-09-25 19:47:57.922] [SFX] {"sound": "civ_move_2", "volume": 0.1}
[2026-09-25 19:47:58.020] [SFX] {"sound": "civ_move_1", "volume": 0.18}
[2026-09-25 19:47:58.021] [SFX] {"sound": "civ_move_1", "volume": 0.22}
[2026-09-25 19:47:58.152] [SFX] {"sound": "civ_move_2", "volume": 0.0}
[2026-09-25 19:47:58.334] [SFX] {"sound": "civ_move_2", "volume": 0.06}
[2026-09-25 19:47:58.335] [SFX] {"sound": "civ_move_2", "volume": 0.11}
[2026-09-25 19:47:58.435] [SFX] {"sound": "civ_move_1", "volume": 0.17}
[2026-09-25 19:47:58.436] [SFX] {"sound": "civ_move_1", "volume": 0.23}
[2026-09-25 19:47:58.565] [SFX] {"sound": "civ_move_2", "volume": 0.0}
[2026-09-25 19:47:58.586] [C] {"civ_pos": [179, 34]}
[2026-09-25 19:47:58.734] [SFX] {"sound": "civ_move_2", "volume": 0.07}
[2026-09-25 19:47:58.735] [SFX] {"sound": "civ_move_2", "volume": 0.12}
[2026-09-25 19:47:58.836] [SFX] {"sound": "civ_move_1", "volume": 0.16}
[2026-09-25 19:47:58.837] [SFX] {"sound": "civ_move_1", "volume": 0.23}
[2026-09-25 19:47:58.966] [SFX] {"sound": "civ_move_2", "volume": 0.0}
[2026-09-25 19:47:59.135] [SFX] {"sound": "civ_move_2", "volume": 0.08}
[2026-09-25 19:47:59.135] [SFX] {"sound": "civ_move_2", "volume": 0.13}
[2026-09-25 19:47:59.250] [SFX] {"sound": "civ_move_1", "volume": 0.15}
[2026-09-25 19:47:59.251] [SFX] {"sound": "civ_move_1", "volume": 0.22}
[2026-09-25 19:47:59.548] [SFX] {"sound": "civ_move_2", "volume": 0.09}
[2026-09-25 19:47:59.549] [SFX] {"sound": "civ_move_2", "volume": 0.14}
[2026-09-25 19:47:59.666] [SFX] {"sound": "civ_move_1", "volume": 0.14}
[2026-09-25 19:47:59.666] [SFX] {"sound": "civ_move_1", "volume": 0.21}
[2026-09-25 19:47:59.961] [SFX] {"sound": "civ_move_2", "volume": 0.1}
[2026-09-25 19:47:59.962] [SFX] {"sound": "civ_move_2", "volume": 0.15}
[2026-09-25 19:48:00.079] [SFX] {"sound": "civ_move_1", "volume": 0.13}
[2026-09-25 19:48:00.081] [SFX] {"sound": "civ_move_1", "volume": 0.2}
[2026-09-25 19:48:00.371] [SFX] {"sound": "civ_move_2", "volume": 0.11}
[2026-09-25 19:48:00.372] [SFX] {"sound": "civ_move_2", "volume": 0.16}
[2026-09-25 19:48:00.490] [SFX] {"sound": "civ_move_1", "volume": 0.12}
[2026-09-25 19:48:00.490] [SFX] {"sound": "civ_move_1", "volume": 0.19}
[2026-09-25 19:48:00.787] [SFX] {"sound": "civ_move_2", "volume": 0.12}
[2026-09-25 19:48:00.787] [SFX] {"sound": "civ_move_2", "volume": 0.17}
[2026-09-25 19:48:00.903] [SFX] {"sound": "civ_move_1", "volume": 0.11}
[2026-09-25 19:48:00.904] [SFX] {"sound": "civ_move_1", "volume": 0.18}
[2026-09-25 19:48:01.203] [SFX] {"sound": "civ_move_2", "volume": 0.13}
[2026-09-25 19:48:01.203] [SFX] {"sound": "civ_move_2", "volume": 0.18}
[2026-09-25 19:48:01.303] [SFX] {"sound": "civ_move_1", "volume": 0.1}
[2026-09-25 19:48:01.304] [SFX] {"sound": "civ_move_1", "volume": 0.17}
[2026-09-25 19:48:01.603] [SFX] {"sound": "civ_move_2", "volume": 0.14}
[2026-09-25 19:48:01.604] [SFX] {"sound": "civ_move_2", "volume": 0.19}
[2026-09-25 19:48:01.703] [SFX] {"sound": "civ_move_1", "volume": 0.09}
[2026-09-25 19:48:01.703] [SFX] {"sound": "civ_move_1", "volume": 0.16}
[2026-09-25 19:48:02.003] [SFX] {"sound": "civ_move_2", "volume": 0.15}
[2026-09-25 19:48:02.003] [SFX] {"sound": "civ_move_2", "volume": 0.2}
[2026-09-25 19:48:02.118] [SFX] {"sound": "civ_move_1", "volume": 0.15}
[2026-09-25 19:48:02.415] [SFX] {"sound": "civ_move_2", "volume": 0.16}
[2026-09-25 19:48:02.416] [SFX] {"sound": "civ_move_2", "volume": 0.21}
[2026-09-25 19:48:02.530] [SFX] {"sound": "civ_move_1", "volume": 0.14}
[2026-09-25 19:48:02.827] [SFX] {"sound": "civ_move_2", "volume": 0.17}
[2026-09-25 19:48:02.828] [SFX] {"sound": "civ_move_2", "volume": 0.22}
[2026-09-25 19:48:02.828] [SFX] {"sound": "civ_move_1", "volume": 0.06}
[2026-09-25 19:48:02.942] [SFX] {"sound": "civ_move_1", "volume": 0.14}
[2026-09-25 19:48:03.242] [SFX] {"sound": "civ_move_2", "volume": 0.18}
[2026-09-25 19:48:03.242] [SFX] {"sound": "civ_move_2", "volume": 0.23}
[2026-09-25 19:48:03.243] [SFX] {"sound": "civ_move_1", "volume": 0.06}
[2026-09-25 19:48:03.323] [C] {"civ_pos": [179, 34]}
[2026-09-25 19:48:03.366] [JACK] Diese Nodes wandern völlig ahnungslos durch das Grid.
[2026-09-25 19:48:03.381] [SFX] {"sound": "civ_move_1", "volume": 0.12}
[2026-09-25 19:48:03.658] [SFX] {"sound": "civ_move_2", "volume": 0.19}
[2026-09-25 19:48:03.658] [SFX] {"sound": "civ_move_2", "volume": 0.23}
[2026-09-25 19:48:03.659] [SFX] {"sound": "civ_move_1", "volume": 0.06}
[2026-09-25 19:48:03.789] [SFX] {"sound": "civ_move_1", "volume": 0.11}
[2026-09-25 19:48:04.072] [SFX] {"sound": "civ_move_2", "volume": 0.2}
[2026-09-25 19:48:04.073] [SFX] {"sound": "civ_move_2", "volume": 0.22}
[2026-09-25 19:48:04.074] [SFX] {"sound": "civ_move_1", "volume": 0.06}
[2026-09-25 19:48:04.189] [SFX] {"sound": "civ_move_1", "volume": 0.11}
[2026-09-25 19:48:04.486] [SFX] {"sound": "civ_move_2", "volume": 0.21}
[2026-09-25 19:48:04.487] [SFX] {"sound": "civ_move_1", "volume": 0.05}
[2026-09-25 19:48:04.601] [SFX] {"sound": "civ_move_1", "volume": 0.1}
[2026-09-25 19:48:04.899] [SFX] {"sound": "civ_move_2", "volume": 0.22}
[2026-09-25 19:48:04.900] [SFX] {"sound": "civ_move_2", "volume": 0.21}
[2026-09-25 19:48:04.901] [SFX] {"sound": "civ_move_1", "volume": 0.04}
[2026-09-25 19:48:05.013] [SFX] {"sound": "civ_move_1", "volume": 0.09}
[2026-09-25 19:48:05.308] [SFX] {"sound": "civ_move_2", "volume": 0.22}
[2026-09-25 19:48:05.309] [SFX] {"sound": "civ_move_2", "volume": 0.2}
[2026-09-25 19:48:05.309] [SFX] {"sound": "civ_move_1", "volume": 0.03}
[2026-09-25 19:48:05.423] [SFX] {"sound": "civ_move_1", "volume": 0.08}
[2026-09-25 19:48:05.722] [SFX] {"sound": "civ_move_2", "volume": 0.23}
[2026-09-25 19:48:05.723] [SFX] {"sound": "civ_move_2", "volume": 0.19}
[2026-09-25 19:48:05.724] [SFX] {"sound": "civ_move_1", "volume": 0.03}
[2026-09-25 19:48:05.840] [SFX] {"sound": "civ_move_1", "volume": 0.07}
[2026-09-25 19:48:05.841] [C] {"civ_pos": [179, 34]}
[2026-09-25 19:48:06.136] [SFX] {"sound": "civ_move_2", "volume": 0.23}
[2026-09-25 19:48:06.137] [SFX] {"sound": "civ_move_2", "volume": 0.18}
[2026-09-25 19:48:06.138] [SFX] {"sound": "civ_move_1", "volume": 0.01}
[2026-09-25 19:48:06.252] [SFX] {"sound": "civ_move_1", "volume": 0.06}
[2026-09-25 19:48:06.536] [SFX] {"sound": "civ_move_2", "volume": 0.22}
[2026-09-25 19:48:06.537] [SFX] {"sound": "civ_move_2", "volume": 0.17}
[2026-09-25 19:48:06.537] [SFX] {"sound": "civ_move_1", "volume": 0.01}
[2026-09-25 19:48:06.668] [SFX] {"sound": "civ_move_1", "volume": 0.05}
[2026-09-25 19:48:06.950] [SFX] {"sound": "civ_move_2", "volume": 0.21}
[2026-09-25 19:48:06.951] [SFX] {"sound": "civ_move_2", "volume": 0.16}
[2026-09-25 19:48:06.951] [SFX] {"sound": "civ_move_1", "volume": 0.0}
[2026-09-25 19:48:07.083] [SFX] {"sound": "civ_move_1", "volume": 0.04}
[2026-09-25 19:48:07.365] [SFX] {"sound": "civ_move_2", "volume": 0.2}
[2026-09-25 19:48:07.365] [SFX] {"sound": "civ_move_2", "volume": 0.15}
[2026-09-25 19:48:07.366] [SFX] {"sound": "civ_move_1", "volume": 0.0}
[2026-09-25 19:48:07.497] [SFX] {"sound": "civ_move_1", "volume": 0.03}
[2026-09-25 19:48:07.780] [SFX] {"sound": "civ_move_2", "volume": 0.19}
[2026-09-25 19:48:07.780] [SFX] {"sound": "civ_move_2", "volume": 0.14}
[2026-09-25 19:48:07.781] [SFX] {"sound": "civ_move_1", "volume": 0.0}
[2026-09-25 19:48:07.896] [SFX] {"sound": "civ_move_1", "volume": 0.02}
[2026-09-25 19:48:08.181] [SFX] {"sound": "civ_move_2", "volume": 0.18}
[2026-09-25 19:48:08.182] [SFX] {"sound": "civ_move_2", "volume": 0.13}
[2026-09-25 19:48:08.183] [SFX] {"sound": "civ_move_1", "volume": 0.0}
[2026-09-25 19:48:08.311] [SFX] {"sound": "civ_move_1", "volume": 0.01}
[2026-09-25 19:48:08.597] [SFX] {"sound": "civ_move_2", "volume": 0.17}
[2026-09-25 19:48:08.597] [SFX] {"sound": "civ_move_2", "volume": 0.12}
[2026-09-25 19:48:08.712] [SFX] {"sound": "guardian_move", "volume": 0.0}
[2026-09-25 19:48:08.713] [SFX] {"sound": "civ_move_1", "volume": 0.01}
[2026-09-25 19:48:09.010] [SFX] {"sound": "civ_move_2", "volume": 0.16}
[2026-09-25 19:48:09.011] [SFX] {"sound": "civ_move_2", "volume": 0.11}
[2026-09-25 19:48:09.126] [SFX] {"sound": "civ_move_1", "volume": 0.0}
[2026-09-25 19:48:09.127] [SFX] {"sound": "civ_move_1", "volume": 0.01}
[2026-09-25 19:48:09.325] [SFX] {"sound": "guardian_move", "volume": 0.01}
[2026-09-25 19:48:09.425] [SFX] {"sound": "civ_move_2", "volume": 0.15}
[2026-09-25 19:48:09.425] [SFX] {"sound": "civ_move_2", "volume": 0.1}
[2026-09-25 19:48:09.526] [SFX] {"sound": "civ_move_1", "volume": 0.0}
[2026-09-25 19:48:09.527] [SFX] {"sound": "civ_move_1", "volume": 0.02}
[2026-09-25 19:48:09.830] [SFX] {"sound": "civ_move_2", "volume": 0.14}
[2026-09-25 19:48:09.830] [SFX] {"sound": "civ_move_2", "volume": 0.09}
[2026-09-25 19:48:09.928] [SFX] {"sound": "guardian_move", "volume": 0.01}
[2026-09-25 19:48:09.929] [SFX] {"sound": "civ_move_1", "volume": 0.0}
[2026-09-25 19:48:09.930] [SFX] {"sound": "civ_move_1", "volume": 0.03}
[2026-09-25 19:48:10.062] [SFX] {"sound": "civ_move_1", "volume": 0.0}
[2026-09-25 19:48:10.246] [SFX] {"sound": "civ_move_2", "volume": 0.13}
[2026-09-25 19:48:10.247] [SFX] {"sound": "civ_move_2", "volume": 0.08}
[2026-09-25 19:48:10.330] [SFX] {"sound": "civ_move_1", "volume": 0.04}
[2026-09-25 19:48:10.474] [SFX] {"sound": "civ_move_1", "volume": 0.01}
[2026-09-25 19:48:10.536] [SFX] {"sound": "guardian_move", "volume": 0.03}
[2026-09-25 19:48:10.649] [SFX] {"sound": "civ_move_2", "volume": 0.12}
[2026-09-25 19:48:10.650] [SFX] {"sound": "civ_move_2", "volume": 0.07}
[2026-09-25 19:48:10.731] [SFX] {"sound": "civ_move_1", "volume": 0.05}
[2026-09-25 19:48:10.863] [SFX] {"sound": "civ_move_1", "volume": 0.02}
[2026-09-25 19:48:11.065] [SFX] {"sound": "civ_move_2", "volume": 0.11}
[2026-09-25 19:48:11.065] [SFX] {"sound": "civ_move_2", "volume": 0.06}
[2026-09-25 19:48:11.133] [SFX] {"sound": "civ_move_1", "volume": 0.06}
[2026-09-25 19:48:11.155] [SFX] {"sound": "guardian_move", "volume": 0.05}
[2026-09-25 19:48:11.264] [SFX] {"sound": "civ_move_1", "volume": 0.03}
[2026-09-25 19:48:11.478] [SFX] {"sound": "civ_move_2", "volume": 0.1}
[2026-09-25 19:48:11.479] [SFX] {"sound": "civ_move_2", "volume": 0.05}
[2026-09-25 19:48:11.543] [SFX] {"sound": "civ_move_1", "volume": 0.06}
[2026-09-25 19:48:11.676] [SFX] {"sound": "civ_move_1", "volume": 0.04}
[2026-09-25 19:48:11.760] [SFX] {"sound": "guardian_move", "volume": 0.07}
[2026-09-25 19:48:11.882] [SFX] {"sound": "civ_move_2", "volume": 0.09}
[2026-09-25 19:48:11.882] [SFX] {"sound": "civ_move_2", "volume": 0.04}
[2026-09-25 19:48:11.950] [SFX] {"sound": "civ_move_1", "volume": 0.07}
[2026-09-25 19:48:12.084] [SFX] {"sound": "civ_move_1", "volume": 0.05}
[2026-09-25 19:48:12.297] [SFX] {"sound": "civ_move_2", "volume": 0.08}
[2026-09-25 19:48:12.298] [SFX] {"sound": "civ_move_2", "volume": 0.03}
[2026-09-25 19:48:12.364] [SFX] {"sound": "guardian_move", "volume": 0.08}
[2026-09-25 19:48:12.364] [SFX] {"sound": "civ_move_1", "volume": 0.08}
[2026-09-25 19:48:12.497] [SFX] {"sound": "civ_move_1", "volume": 0.06}
[2026-09-25 19:48:12.712] [SFX] {"sound": "civ_move_2", "volume": 0.07}
[2026-09-25 19:48:12.712] [SFX] {"sound": "civ_move_2", "volume": 0.02}
[2026-09-25 19:48:12.713] [SFX] {"sound": "civ_move_2", "volume": 0.0}
[2026-09-25 19:48:12.779] [SFX] {"sound": "civ_move_1", "volume": 0.09}
[2026-09-25 19:48:12.909] [SFX] {"sound": "civ_move_1", "volume": 0.07}
[2026-09-25 19:48:12.976] [SFX] {"sound": "guardian_move", "volume": 0.1}
[2026-09-25 19:48:13.125] [SFX] {"sound": "civ_move_2", "volume": 0.06}
[2026-09-25 19:48:13.126] [SFX] {"sound": "civ_move_2", "volume": 0.01}
[2026-09-25 19:48:13.127] [SFX] {"sound": "civ_move_2", "volume": 0.0}
[2026-09-25 19:48:13.190] [SFX] {"sound": "civ_move_1", "volume": 0.1}
[2026-09-25 19:48:13.322] [SFX] {"sound": "civ_move_1", "volume": 0.08}
[2026-09-25 19:48:13.536] [SFX] {"sound": "civ_move_2", "volume": 0.05}
[2026-09-25 19:48:13.537] [SFX] {"sound": "civ_move_2", "volume": 0.0}
[2026-09-25 19:48:13.585] [SFX] {"sound": "guardian_move", "volume": 0.12}
[2026-09-25 19:48:13.607] [SFX] {"sound": "civ_move_1", "volume": 0.11}
[2026-09-25 19:48:13.732] [SFX] {"sound": "civ_move_1", "volume": 0.09}
[2026-09-25 19:48:13.947] [SFX] {"sound": "civ_move_2", "volume": 0.04}
[2026-09-25 19:48:13.947] [SFX] {"sound": "civ_move_2", "volume": 0.01}
[2026-09-25 19:48:14.011] [SFX] {"sound": "civ_move_1", "volume": 0.12}
[2026-09-25 19:48:14.144] [SFX] {"sound": "civ_move_1", "volume": 0.1}
[2026-09-25 19:48:14.195] [SFX] {"sound": "guardian_move", "volume": 0.14}
[2026-09-25 19:48:14.360] [SFX] {"sound": "civ_move_2", "volume": 0.03}
[2026-09-25 19:48:14.361] [SFX] {"sound": "civ_move_2", "volume": 0.01}
[2026-09-25 19:48:14.413] [SFX] {"sound": "civ_move_1", "volume": 0.13}
[2026-09-25 19:48:14.548] [SFX] {"sound": "civ_move_1", "volume": 0.11}
[2026-09-25 19:48:14.762] [SFX] {"sound": "civ_move_2", "volume": 0.03}
[2026-09-25 19:48:14.763] [SFX] {"sound": "civ_move_2", "volume": 0.01}
[2026-09-25 19:48:14.795] [SFX] {"sound": "guardian_move", "volume": 0.16}
[2026-09-25 19:48:14.828] [SFX] {"sound": "civ_move_1", "volume": 0.16}
[2026-09-25 19:48:14.962] [SFX] {"sound": "civ_move_1", "volume": 0.12}
[2026-09-25 19:48:15.175] [SFX] {"sound": "civ_move_2", "volume": 0.01}
[2026-09-25 19:48:15.241] [SFX] {"sound": "civ_move_1", "volume": 0.18}
[2026-09-25 19:48:15.373] [SFX] {"sound": "civ_move_1", "volume": 0.12}
[2026-09-25 19:48:15.405] [SFX] {"sound": "guardian_move", "volume": 0.18}
[2026-09-25 19:48:15.587] [SFX] {"sound": "civ_move_2", "volume": 0.01}
[2026-09-25 19:48:15.654] [SFX] {"sound": "civ_move_1", "volume": 0.19}
[2026-09-25 19:48:15.786] [SFX] {"sound": "civ_move_1", "volume": 0.12}
[2026-09-25 19:48:15.885] [SFX] {"sound": "civ_move_2", "volume": 0.0}
[2026-09-25 19:48:16.002] [SFX] {"sound": "civ_move_2", "volume": 0.02}
[2026-09-25 19:48:16.025] [SFX] {"sound": "guardian_move", "volume": 0.2}
[2026-09-25 19:48:16.069] [SFX] {"sound": "civ_move_1", "volume": 0.2}
[2026-09-25 19:48:16.186] [SFX] {"sound": "civ_move_1", "volume": 0.12}
[2026-09-25 19:48:16.285] [SFX] {"sound": "civ_move_2", "volume": 0.0}
[2026-09-25 19:48:16.402] [SFX] {"sound": "civ_move_2", "volume": 0.03}
[2026-09-25 19:48:16.470] [SFX] {"sound": "civ_move_1", "volume": 0.21}
[2026-09-25 19:48:16.602] [SFX] {"sound": "civ_move_1", "volume": 0.12}
[2026-09-25 19:48:16.625] [SFX] {"sound": "guardian_move", "volume": 0.22}
[2026-09-25 19:48:16.685] [SFX] {"sound": "civ_move_2", "volume": 0.0}
[2026-09-25 19:48:16.817] [SFX] {"sound": "civ_move_2", "volume": 0.04}
[2026-09-25 19:48:16.899] [SFX] {"sound": "civ_move_1", "volume": 0.22}
[2026-09-25 19:48:17.016] [SFX] {"sound": "civ_move_1", "volume": 0.11}
[2026-09-25 19:48:17.098] [SFX] {"sound": "civ_move_2", "volume": 0.01}
[2026-09-25 19:48:17.232] [SFX] {"sound": "guardian_move", "volume": 0.24}
[2026-09-25 19:48:17.232] [SFX] {"sound": "civ_move_2", "volume": 0.0}
[2026-09-25 19:48:17.233] [SFX] {"sound": "civ_move_2", "volume": 0.05}
[2026-09-25 19:48:17.300] [SFX] {"sound": "civ_move_1", "volume": 0.21}
[2026-09-25 19:48:17.416] [SFX] {"sound": "civ_move_1", "volume": 0.11}
[2026-09-25 19:48:17.501] [SFX] {"sound": "civ_move_2", "volume": 0.01}
[2026-09-25 19:48:17.634] [SFX] {"sound": "civ_move_2", "volume": 0.07}
[2026-09-25 19:48:17.699] [SFX] {"sound": "civ_move_1", "volume": 0.2}
[2026-09-25 19:48:17.831] [SFX] {"sound": "civ_move_1", "volume": 0.1}
[2026-09-25 19:48:17.853] [SFX] {"sound": "guardian_move", "volume": 0.26}
[2026-09-25 19:48:17.917] [SFX] {"sound": "civ_move_2", "volume": 0.02}
[2026-09-25 19:48:18.050] [SFX] {"sound": "civ_move_2", "volume": 0.08}
[2026-09-25 19:48:18.100] [SFX] {"sound": "civ_move_1", "volume": 0.19}
[2026-09-25 19:48:18.234] [SFX] {"sound": "civ_move_1", "volume": 0.1}
[2026-09-25 19:48:18.317] [SFX] {"sound": "civ_move_2", "volume": 0.03}
[2026-09-25 19:48:18.450] [SFX] {"sound": "guardian_move", "volume": 0.28}
[2026-09-25 19:48:18.473] [SFX] {"sound": "civ_move_2", "volume": 0.09}
[2026-09-25 19:48:18.500] [SFX] {"sound": "civ_move_1", "volume": 0.18}
[2026-09-25 19:48:18.635] [SFX] {"sound": "civ_move_1", "volume": 0.09}
[2026-09-25 19:48:18.719] [SFX] {"sound": "civ_move_2", "volume": 0.04}
[2026-09-25 19:48:18.750] [JACK] Hörst du das Wummern? Sentinels in der Nähe... Bloß keinen falschen Schritt machen!
[2026-09-25 19:48:18.877] [SFX] {"sound": "civ_move_2", "volume": 0.1}
[2026-09-25 19:48:18.910] [SFX] {"sound": "civ_move_1", "volume": 0.16}
[2026-09-25 19:48:19.028] [SFX] {"sound": "threat_pulse", "volume": 0.3}
[2026-09-25 19:48:19.051] [SFX] {"sound": "civ_move_1", "volume": 0.09}
[2026-09-25 19:48:19.074] [SFX] {"sound": "guardian_move", "volume": 0.29}
[2026-09-25 19:48:19.125] [SFX] {"sound": "civ_move_2", "volume": 0.05}
[2026-09-25 19:48:19.282] [SFX] {"sound": "civ_move_2", "volume": 0.11}
[2026-09-25 19:48:19.316] [SFX] {"sound": "civ_move_1", "volume": 0.13}
[2026-09-25 19:48:19.449] [SFX] {"sound": "civ_move_1", "volume": 0.08}
[2026-09-25 19:48:19.532] [SFX] {"sound": "civ_move_2", "volume": 0.06}
[2026-09-25 19:48:19.666] [SFX] {"sound": "guardian_move", "volume": 0.29}
[2026-09-25 19:48:19.690] [SFX] {"sound": "civ_move_2", "volume": 0.13}
[2026-09-25 19:48:19.716] [SFX] {"sound": "civ_move_1", "volume": 0.12}
[2026-09-25 19:48:19.849] [SFX] {"sound": "civ_move_1", "volume": 0.07}
[2026-09-25 19:48:19.946] [SFX] {"sound": "civ_move_2", "volume": 0.07}
[2026-09-25 19:48:20.093] [SFX] {"sound": "civ_move_2", "volume": 0.14}
[2026-09-25 19:48:20.126] [SFX] {"sound": "civ_move_1", "volume": 0.11}
[2026-09-25 19:48:20.258] [SFX] {"sound": "civ_move_1", "volume": 0.06}
[2026-09-25 19:48:20.279] [SFX] {"sound": "guardian_move", "volume": 0.27}
[2026-09-25 19:48:20.357] [SFX] {"sound": "civ_move_2", "volume": 0.06}
[2026-09-25 19:48:20.509] [SFX] {"sound": "civ_move_2", "volume": 0.15}
[2026-09-25 19:48:20.542] [SFX] {"sound": "civ_move_1", "volume": 0.1}
[2026-09-25 19:48:20.657] [SFX] {"sound": "civ_move_1", "volume": 0.06}
[2026-09-25 19:48:20.770] [SFX] {"sound": "civ_move_2", "volume": 0.06}
[2026-09-25 19:48:20.886] [SFX] {"sound": "guardian_move", "volume": 0.25}
[2026-09-25 19:48:20.918] [SFX] {"sound": "civ_move_2", "volume": 0.16}
[2026-09-25 19:48:20.951] [SFX] {"sound": "civ_move_1", "volume": 0.09}
[2026-09-25 19:48:21.067] [SFX] {"sound": "civ_move_1", "volume": 0.05}
[2026-09-25 19:48:21.183] [SFX] {"sound": "civ_move_2", "volume": 0.05}
[2026-09-25 19:48:21.329] [SFX] {"sound": "civ_move_2", "volume": 0.16}
[2026-09-25 19:48:21.375] [SFX] {"sound": "civ_move_1", "volume": 0.08}
[2026-09-25 19:48:21.468] [SFX] {"sound": "civ_move_1", "volume": 0.04}
[2026-09-25 19:48:21.501] [SFX] {"sound": "guardian_move", "volume": 0.23}
[2026-09-25 19:48:21.585] [SFX] {"sound": "civ_move_2", "volume": 0.04}
[2026-09-25 19:48:21.733] [SFX] {"sound": "civ_move_2", "volume": 0.13}
[2026-09-25 19:48:21.766] [SFX] {"sound": "civ_move_1", "volume": 0.07}
[2026-09-25 19:48:21.883] [SFX] {"sound": "civ_move_1", "volume": 0.03}
[2026-09-25 19:48:21.998] [SFX] {"sound": "civ_move_2", "volume": 0.04}
[2026-09-25 19:48:22.101] [SFX] {"sound": "guardian_move", "volume": 0.21}
[2026-09-25 19:48:22.135] [SFX] {"sound": "civ_move_2", "volume": 0.13}
[2026-09-25 19:48:22.169] [SFX] {"sound": "civ_move_1", "volume": 0.06}
[2026-09-25 19:48:22.286] [SFX] {"sound": "civ_move_1", "volume": 0.03}
[2026-09-25 19:48:22.401] [SFX] {"sound": "civ_move_2", "volume": 0.03}
[2026-09-25 19:48:22.548] [SFX] {"sound": "civ_move_2", "volume": 0.14}
[2026-09-25 19:48:22.580] [SFX] {"sound": "civ_move_1", "volume": 0.06}
[2026-09-25 19:48:22.695] [SFX] {"sound": "civ_move_1", "volume": 0.02}
[2026-09-25 19:48:22.717] [SFX] {"sound": "guardian_move", "volume": 0.19}
[2026-09-25 19:48:22.808] [SFX] {"sound": "civ_move_2", "volume": 0.02}
[2026-09-25 19:48:22.955] [SFX] {"sound": "civ_move_2", "volume": 0.14}
[2026-09-25 19:48:22.988] [SFX] {"sound": "civ_move_1", "volume": 0.05}
[2026-09-25 19:48:23.106] [SFX] {"sound": "civ_move_1", "volume": 0.01}
[2026-09-25 19:48:23.222] [SFX] {"sound": "civ_move_2", "volume": 0.02}
[2026-09-25 19:48:23.319] [SFX] {"sound": "guardian_move", "volume": 0.17}
[2026-09-25 19:48:23.369] [SFX] {"sound": "civ_move_2", "volume": 0.15}
[2026-09-25 19:48:23.402] [SFX] {"sound": "civ_move_1", "volume": 0.04}
[2026-09-25 19:48:23.636] [SFX] {"sound": "civ_move_2", "volume": 0.03}
[2026-09-25 19:48:23.784] [SFX] {"sound": "civ_move_2", "volume": 0.16}
[2026-09-25 19:48:23.817] [SFX] {"sound": "civ_move_1", "volume": 0.03}
[2026-09-25 19:48:23.933] [SFX] {"sound": "guardian_move", "volume": 0.17}
[2026-09-25 19:48:24.047] [SFX] {"sound": "civ_move_2", "volume": 0.03}
[2026-09-25 19:48:24.197] [SFX] {"sound": "civ_move_2", "volume": 0.17}
[2026-09-25 19:48:24.231] [SFX] {"sound": "civ_move_1", "volume": 0.02}
[2026-09-25 19:48:24.447] [SFX] {"sound": "civ_move_2", "volume": 0.03}
[2026-09-25 19:48:24.549] [SFX] {"sound": "guardian_move", "volume": 0.23}
[2026-09-25 19:48:24.599] [SFX] {"sound": "civ_move_2", "volume": 0.18}
[2026-09-25 19:48:24.633] [SFX] {"sound": "civ_move_1", "volume": 0.01}
[2026-09-25 19:48:24.866] [SFX] {"sound": "civ_move_2", "volume": 0.03}
[2026-09-25 19:48:24.998] [SFX] {"sound": "civ_move_2", "volume": 0.19}
[2026-09-25 19:48:25.032] [SFX] {"sound": "civ_move_1", "volume": 0.01}
[2026-09-25 19:48:25.150] [SFX] {"sound": "guardian_move", "volume": 0.26}
[2026-09-25 19:48:25.266] [SFX] {"sound": "civ_move_2", "volume": 0.03}
[2026-09-25 19:48:25.367] [SFX] {"sound": "civ_move_1", "volume": 0.0}
[2026-09-25 19:48:25.401] [SFX] {"sound": "civ_move_2", "volume": 0.2}
[2026-09-25 19:48:25.435] [SFX] {"sound": "civ_move_1", "volume": 0.0}
[2026-09-25 19:48:25.668] [SFX] {"sound": "civ_move_2", "volume": 0.03}
[2026-09-25 19:48:25.752] [SFX] {"sound": "guardian_move", "volume": 0.28}
[2026-09-25 19:48:25.775] [SFX] {"sound": "civ_move_1", "volume": 0.01}
[2026-09-25 19:48:25.802] [SFX] {"sound": "civ_move_2", "volume": 0.21}
[2026-09-25 19:48:25.836] [SFX] {"sound": "civ_move_1", "volume": 0.0}
[2026-09-25 19:48:26.068] [SFX] {"sound": "civ_move_2", "volume": 0.02}
[2026-09-25 19:48:26.198] [SFX] {"sound": "civ_move_1", "volume": 0.02}
[2026-09-25 19:48:26.220] [SFX] {"sound": "civ_move_2", "volume": 0.22}
[2026-09-25 19:48:26.249] [SFX] {"sound": "civ_move_1", "volume": 0.0}
[2026-09-25 19:48:26.373] [SFX] {"sound": "guardian_move", "volume": 0.3}
[2026-09-25 19:48:26.467] [SFX] {"sound": "civ_move_2", "volume": 0.03}
[2026-09-25 19:48:26.599] [SFX] {"sound": "civ_move_1", "volume": 0.03}
[2026-09-25 19:48:26.622] [SFX] {"sound": "civ_move_2", "volume": 0.23}
[2026-09-25 19:48:26.684] [C] {"civ_pos": [179, 34]}
[2026-09-25 19:48:26.734] [JACK] Ein weiterer Passant im Netz. Ignorieren oder anpöbeln?
[2026-09-25 19:48:26.879] [SFX] {"sound": "civ_move_2", "volume": 0.03}
[2026-09-25 19:48:26.977] [SFX] {"sound": "guardian_move", "volume": 0.33}
[2026-09-25 19:48:27.009] [SFX] {"sound": "civ_move_1", "volume": 0.04}
[2026-09-25 19:48:27.032] [SFX] {"sound": "civ_move_2", "volume": 0.23}
[2026-09-25 19:48:27.226] [SFX] {"sound": "civ_move_1", "volume": 0.01}
[2026-09-25 19:48:27.293] [SFX] {"sound": "civ_move_2", "volume": 0.04}
[2026-09-25 19:48:27.412] [SFX] {"sound": "civ_move_1", "volume": 0.05}
[2026-09-25 19:48:27.434] [SFX] {"sound": "civ_move_2", "volume": 0.22}
[2026-09-25 19:48:27.579] [SFX] {"sound": "guardian_move", "volume": 0.35}
[2026-09-25 19:48:27.629] [SFX] {"sound": "civ_move_1", "volume": 0.02}
[2026-09-25 19:48:27.695] [SFX] {"sound": "civ_move_2", "volume": 0.05}
[2026-09-25 19:48:27.827] [SFX] {"sound": "civ_move_1", "volume": 0.05}
[2026-09-25 19:48:27.849] [SFX] {"sound": "civ_move_2", "volume": 0.21}
[2026-09-25 19:48:28.011] [SFX] {"sound": "threat_pulse", "volume": 0.31}
[2026-09-25 19:48:28.043] [SFX] {"sound": "civ_move_1", "volume": 0.02}
[2026-09-25 19:48:28.109] [SFX] {"sound": "civ_move_2", "volume": 0.06}
[2026-09-25 19:48:28.193] [SFX] {"sound": "guardian_move", "volume": 0.38}
[2026-09-25 19:48:28.242] [SFX] {"sound": "civ_move_1", "volume": 0.06}
[2026-09-25 19:48:28.263] [SFX] {"sound": "civ_move_2", "volume": 0.21}
[2026-09-25 19:48:28.456] [SFX] {"sound": "civ_move_1", "volume": 0.03}
[2026-09-25 19:48:28.513] [SFX] {"sound": "civ_move_2", "volume": 0.06}
[2026-09-25 19:48:28.646] [SFX] {"sound": "civ_move_1", "volume": 0.07}
[2026-09-25 19:48:28.668] [SFX] {"sound": "civ_move_2", "volume": 0.2}
[2026-09-25 19:48:28.811] [SFX] {"sound": "guardian_move", "volume": 0.4}
[2026-09-25 19:48:28.861] [SFX] {"sound": "civ_move_1", "volume": 0.04}
[2026-09-25 19:48:28.926] [SFX] {"sound": "civ_move_2", "volume": 0.06}
[2026-09-25 19:48:28.927] [SFX] {"sound": "threat_pulse", "volume": 0.36}
[2026-09-25 19:48:29.060] [SFX] {"sound": "civ_move_1", "volume": 0.08}
[2026-09-25 19:48:29.083] [SFX] {"sound": "civ_move_2", "volume": 0.19}
[2026-09-25 19:48:29.275] [SFX] {"sound": "civ_move_1", "volume": 0.05}
[2026-09-25 19:48:29.342] [SFX] {"sound": "civ_move_2", "volume": 0.07}
[2026-09-25 19:48:29.442] [SFX] {"sound": "guardian_move", "volume": 0.4}
[2026-09-25 19:48:29.467] [SFX] {"sound": "civ_move_1", "volume": 0.08}
[2026-09-25 19:48:29.483] [SFX] {"sound": "civ_move_2", "volume": 0.18}
[2026-09-25 19:48:29.677] [SFX] {"sound": "civ_move_1", "volume": 0.06}
[2026-09-25 19:48:29.742] [SFX] {"sound": "civ_move_2", "volume": 0.07}
[2026-09-25 19:48:29.841] [SFX] {"sound": "threat_pulse", "volume": 0.44}
[2026-09-25 19:48:29.874] [SFX] {"sound": "civ_move_1", "volume": 0.09}
[2026-09-25 19:48:29.898] [SFX] {"sound": "civ_move_2", "volume": 0.17}
[2026-09-25 19:48:30.073] [SFX] {"sound": "guardian_move", "volume": 0.39}
[2026-09-25 19:48:30.093] [SFX] {"sound": "civ_move_1", "volume": 0.06}
[2026-09-25 19:48:30.153] [SFX] {"sound": "civ_move_2", "volume": 0.08}
[2026-09-25 19:48:30.285] [SFX] {"sound": "civ_move_1", "volume": 0.1}
[2026-09-25 19:48:30.306] [SFX] {"sound": "civ_move_2", "volume": 0.16}
[2026-09-25 19:48:30.499] [SFX] {"sound": "civ_move_1", "volume": 0.07}
[2026-09-25 19:48:30.548] [SFX] {"sound": "threat_pulse", "volume": 0.49}
[2026-09-25 19:48:30.570] [SFX] {"sound": "civ_move_2", "volume": 0.09}
[2026-09-25 19:48:30.697] [SFX] {"sound": "guardian_move", "volume": 0.39}
[2026-09-25 19:48:30.698] [SFX] {"sound": "civ_move_1", "volume": 0.1}
[2026-09-25 19:48:30.720] [SFX] {"sound": "civ_move_2", "volume": 0.15}
[2026-09-25 19:48:30.914] [SFX] {"sound": "civ_move_1", "volume": 0.08}
[2026-09-25 19:48:30.964] [SFX] {"sound": "civ_move_2", "volume": 0.1}
[2026-09-25 19:48:31.111] [SFX] {"sound": "civ_move_1", "volume": 0.11}
[2026-09-25 19:48:31.133] [SFX] {"sound": "civ_move_2", "volume": 0.14}
[2026-09-25 19:48:31.160] [SFX] {"sound": "threat_pulse", "volume": 0.54}
[2026-09-25 19:48:31.327] [SFX] {"sound": "guardian_move", "volume": 0.4}
[2026-09-25 19:48:31.328] [SFX] {"sound": "civ_move_1", "volume": 0.09}
[2026-09-25 19:48:31.376] [SFX] {"sound": "civ_move_2", "volume": 0.11}
[2026-09-25 19:48:31.526] [SFX] {"sound": "civ_move_1", "volume": 0.11}
[2026-09-25 19:48:31.548] [SFX] {"sound": "civ_move_2", "volume": 0.13}
[2026-09-25 19:48:31.575] [SFX] {"sound": "threat_pulse", "volume": 0.58}
[2026-09-25 19:48:31.674] [SFX] {"sound": "civ_move_2", "volume": 0.0}
[2026-09-25 19:48:31.742] [SFX] {"sound": "civ_move_1", "volume": 0.09}
[2026-09-25 19:48:31.789] [SFX] {"sound": "civ_move_2", "volume": 0.12}
[2026-09-25 19:48:31.938] [SFX] {"sound": "civ_move_1", "volume": 0.12}
[2026-09-25 19:48:31.960] [SFX] {"sound": "civ_move_2", "volume": 0.12}
[2026-09-25 19:48:31.977] [SFX] {"sound": "guardian_move", "volume": 0.4}
[2026-09-25 19:48:31.993] [SFX] {"sound": "threat_pulse", "volume": 0.61}
[2026-09-25 19:48:32.088] [SFX] {"sound": "civ_move_2", "volume": 0.0}
[2026-09-25 19:48:32.154] [SFX] {"sound": "civ_move_1", "volume": 0.1}
[2026-09-25 19:48:32.203] [SFX] {"sound": "civ_move_2", "volume": 0.13}
[2026-09-25 19:48:32.287] [SFX] {"sound": "threat_pulse", "volume": 0.63}
[2026-09-25 19:48:32.352] [SFX] {"sound": "civ_move_1", "volume": 0.12}
[2026-09-25 19:48:32.503] [SFX] {"sound": "civ_move_2", "volume": 0.0}
[2026-09-25 19:48:32.503] [SFX] {"sound": "threat_pulse", "volume": 0.65}
[2026-09-25 19:48:32.554] [SFX] {"sound": "civ_move_1", "volume": 0.1}
[2026-09-25 19:48:32.604] [SFX] {"sound": "civ_move_2", "volume": 0.16}
[2026-09-25 19:48:32.723] [JACK] Hörst du das Wummern? Sentinels in der Nähe... Bloß keinen falschen Schritt machen!
[2026-09-25 19:48:32.741] [SFX] {"sound": "threat_pulse", "volume": 0.63}
[2026-09-25 19:48:32.767] [SFX] {"sound": "civ_move_1", "volume": 0.12}
[2026-09-25 19:48:32.915] [SFX] {"sound": "civ_move_2", "volume": 0.01}
[2026-09-25 19:48:32.948] [SFX] {"sound": "threat_pulse", "volume": 0.62}
[2026-09-25 19:48:32.971] [SFX] {"sound": "civ_move_1", "volume": 0.11}
[2026-09-25 19:48:33.015] [SFX] {"sound": "civ_move_2", "volume": 0.17}
[2026-09-25 19:48:33.164] [SFX] {"sound": "threat_pulse", "volume": 0.61}
[2026-09-25 19:48:33.186] [SFX] {"sound": "civ_move_1", "volume": 0.12}
[2026-09-25 19:48:33.316] [SFX] {"sound": "civ_move_2", "volume": 0.01}
[2026-09-25 19:48:33.381] [SFX] {"sound": "civ_move_1", "volume": 0.11}
[2026-09-25 19:48:33.415] [SFX] {"sound": "civ_move_2", "volume": 0.19}
[2026-09-25 19:48:33.464] [SFX] {"sound": "threat_pulse", "volume": 0.6}
[2026-09-25 19:48:33.582] [SFX] {"sound": "civ_move_1", "volume": 0.12}
[2026-09-25 19:48:33.730] [SFX] {"sound": "civ_move_2", "volume": 0.01}
[2026-09-25 19:48:33.765] [SFX] {"sound": "threat_pulse", "volume": 0.58}
[2026-09-25 19:48:33.798] [SFX] {"sound": "civ_move_1", "volume": 0.12}
[2026-09-25 19:48:33.821] [SFX] {"sound": "civ_move_2", "volume": 0.2}
[2026-09-25 19:48:33.999] [SFX] {"sound": "civ_move_1", "volume": 0.11}
[2026-09-25 19:48:34.080] [SFX] {"sound": "threat_pulse", "volume": 0.57}
[2026-09-25 19:48:34.132] [SFX] {"sound": "civ_move_2", "volume": 0.01}
[2026-09-25 19:48:34.201] [SFX] {"sound": "civ_move_1", "volume": 0.12}
[2026-09-25 19:48:34.223] [SFX] {"sound": "civ_move_2", "volume": 0.21}
[2026-09-25 19:48:34.399] [SFX] {"sound": "civ_move_1", "volume": 0.1}
[2026-09-25 19:48:34.481] [SFX] {"sound": "threat_pulse", "volume": 0.55}
[2026-09-25 19:48:34.532] [SFX] {"sound": "civ_move_2", "volume": 0.01}
[2026-09-25 19:48:34.614] [SFX] {"sound": "civ_move_1", "volume": 0.12}
[2026-09-25 19:48:34.638] [SFX] {"sound": "civ_move_2", "volume": 0.22}
[2026-09-25 19:48:34.813] [SFX] {"sound": "civ_move_1", "volume": 0.09}
[2026-09-25 19:48:34.895] [SFX] {"sound": "threat_pulse", "volume": 0.53}
[2026-09-25 19:48:34.946] [SFX] {"sound": "civ_move_2", "volume": 0.01}
[2026-09-25 19:48:35.029] [SFX] {"sound": "civ_move_1", "volume": 0.12}
[2026-09-25 19:48:35.053] [SFX] {"sound": "civ_move_2", "volume": 0.24}
[2026-09-25 19:48:35.227] [SFX] {"sound": "civ_move_1", "volume": 0.08}
[2026-09-25 19:48:35.359] [SFX] {"sound": "civ_move_2", "volume": 0.03}
[2026-09-25 19:48:35.408] [SFX] {"sound": "threat_pulse", "volume": 0.5}
[2026-09-25 19:48:35.440] [SFX] {"sound": "civ_move_1", "volume": 0.12}
[2026-09-25 19:48:35.461] [SFX] {"sound": "civ_move_2", "volume": 0.25}
[2026-09-25 19:48:35.640] [SFX] {"sound": "civ_move_1", "volume": 0.07}
[2026-09-25 19:48:35.772] [SFX] {"sound": "civ_move_2", "volume": 0.04}
[2026-09-25 19:48:35.854] [SFX] {"sound": "civ_move_1", "volume": 0.11}
[2026-09-25 19:48:35.877] [SFX] {"sound": "civ_move_2", "volume": 0.26}
[2026-09-25 19:48:35.921] [SFX] {"sound": "threat_pulse", "volume": 0.48}
[2026-09-25 19:48:36.053] [SFX] {"sound": "civ_move_1", "volume": 0.06}
[2026-09-25 19:48:36.186] [SFX] {"sound": "civ_move_2", "volume": 0.05}
[2026-09-25 19:48:36.269] [SFX] {"sound": "civ_move_1", "volume": 0.1}
[2026-09-25 19:48:36.290] [SFX] {"sound": "civ_move_2", "volume": 0.27}
[2026-09-25 19:48:36.465] [SFX] {"sound": "civ_move_1", "volume": 0.05}
[2026-09-25 19:48:36.466] [C] {"civ_pos": [181, 32]}
[2026-09-25 19:48:36.536] [SFX] {"sound": "threat_pulse", "volume": 0.44}
[2026-09-25 19:48:36.616] [SFX] {"sound": "civ_move_2", "volume": 0.06}
[2026-09-25 19:48:36.682] [SFX] {"sound": "civ_move_1", "volume": 0.09}
[2026-09-25 19:48:36.706] [SFX] {"sound": "civ_move_2", "volume": 0.28}
[2026-09-25 19:48:36.868] [SFX] {"sound": "civ_move_1", "volume": 0.04}
[2026-09-25 19:48:37.020] [SFX] {"sound": "civ_move_2", "volume": 0.07}
[2026-09-25 19:48:37.084] [SFX] {"sound": "civ_move_1", "volume": 0.08}
[2026-09-25 19:48:37.118] [SFX] {"sound": "civ_move_2", "volume": 0.29}
[2026-09-25 19:48:37.236] [SFX] {"sound": "threat_pulse", "volume": 0.41}
[2026-09-25 19:48:37.268] [SFX] {"sound": "civ_move_1", "volume": 0.03}
[2026-09-25 19:48:37.420] [SFX] {"sound": "civ_move_2", "volume": 0.09}
[2026-09-25 19:48:37.487] [SFX] {"sound": "civ_move_1", "volume": 0.07}
[2026-09-25 19:48:37.519] [SFX] {"sound": "civ_move_2", "volume": 0.28}
[2026-09-25 19:48:37.669] [SFX] {"sound": "civ_move_1", "volume": 0.03}
[2026-09-25 19:48:37.835] [SFX] {"sound": "civ_move_2", "volume": 0.1}
[2026-09-25 19:48:37.899] [SFX] {"sound": "civ_move_1", "volume": 0.06}
[2026-09-25 19:48:37.932] [SFX] {"sound": "civ_move_2", "volume": 0.26}
[2026-09-25 19:48:38.049] [SFX] {"sound": "threat_pulse", "volume": 0.37}
[2026-09-25 19:48:38.082] [SFX] {"sound": "civ_move_1", "volume": 0.02}
[2026-09-25 19:48:38.247] [SFX] {"sound": "civ_move_2", "volume": 0.11}
[2026-09-25 19:48:38.314] [SFX] {"sound": "civ_move_1", "volume": 0.05}
[2026-09-25 19:48:38.349] [SFX] {"sound": "civ_move_2", "volume": 0.25}
[2026-09-25 19:48:38.498] [SFX] {"sound": "civ_move_1", "volume": 0.0}
[2026-09-25 19:48:38.648] [SFX] {"sound": "civ_move_2", "volume": 0.12}
[2026-09-25 19:48:38.716] [SFX] {"sound": "civ_move_1", "volume": 0.04}
[2026-09-25 19:48:38.766] [SFX] {"sound": "civ_move_2", "volume": 0.24}
[2026-09-25 19:48:38.948] [SFX] {"sound": "threat_pulse", "volume": 0.32}
[2026-09-25 19:48:39.048] [SFX] {"sound": "civ_move_2", "volume": 0.14}
[2026-09-25 19:48:39.131] [SFX] {"sound": "civ_move_1", "volume": 0.03}
[2026-09-25 19:48:39.182] [SFX] {"sound": "civ_move_2", "volume": 0.23}
[2026-09-25 19:48:39.464] [SFX] {"sound": "civ_move_2", "volume": 0.15}
[2026-09-25 19:48:39.546] [SFX] {"sound": "civ_move_1", "volume": 0.02}
[2026-09-25 19:48:39.595] [SFX] {"sound": "civ_move_2", "volume": 0.21}
[2026-09-25 19:48:39.880] [SFX] {"sound": "civ_move_2", "volume": 0.16}
[2026-09-25 19:48:39.949] [SFX] {"sound": "civ_move_1", "volume": 0.01}
[2026-09-25 19:48:39.998] [SFX] {"sound": "civ_move_2", "volume": 0.2}
[2026-09-25 19:48:40.282] [SFX] {"sound": "civ_move_2", "volume": 0.16}
[2026-09-25 19:48:40.349] [SFX] {"sound": "civ_move_1", "volume": 0.01}
[2026-09-25 19:48:40.401] [SFX] {"sound": "civ_move_2", "volume": 0.19}
[2026-09-25 19:48:40.698] [SFX] {"sound": "civ_move_2", "volume": 0.16}
[2026-09-25 19:48:40.764] [SFX] {"sound": "civ_move_1", "volume": 0.0}
[2026-09-25 19:48:40.814] [SFX] {"sound": "civ_move_2", "volume": 0.18}
[2026-09-25 19:48:41.111] [SFX] {"sound": "civ_move_2", "volume": 0.17}
[2026-09-25 19:48:41.177] [SFX] {"sound": "civ_move_1", "volume": 0.0}
[2026-09-25 19:48:41.226] [SFX] {"sound": "civ_move_2", "volume": 0.17}
[2026-09-25 19:48:41.512] [SFX] {"sound": "civ_move_2", "volume": 0.18}
[2026-09-25 19:48:41.579] [SFX] {"sound": "civ_move_1", "volume": 0.0}
[2026-09-25 19:48:41.629] [SFX] {"sound": "civ_move_2", "volume": 0.13}
[2026-09-25 19:48:41.912] [SFX] {"sound": "civ_move_2", "volume": 0.19}
[2026-09-25 19:48:41.979] [SFX] {"sound": "civ_move_1", "volume": 0.0}
[2026-09-25 19:48:42.029] [SFX] {"sound": "civ_move_2", "volume": 0.12}
[2026-09-25 19:48:42.325] [SFX] {"sound": "civ_move_2", "volume": 0.21}
[2026-09-25 19:48:42.442] [SFX] {"sound": "civ_move_2", "volume": 0.11}
[2026-09-25 19:48:42.689] [SFX] {"sound": "civ_move_1", "volume": 0.0}
[2026-09-25 19:48:42.739] [SFX] {"sound": "civ_move_2", "volume": 0.22}
[2026-09-25 19:48:42.856] [SFX] {"sound": "civ_move_2", "volume": 0.11}
[2026-09-25 19:48:43.103] [SFX] {"sound": "civ_move_1", "volume": 0.0}
[2026-09-25 19:48:43.154] [SFX] {"sound": "civ_move_2", "volume": 0.23}
[2026-09-25 19:48:43.269] [SFX] {"sound": "civ_move_2", "volume": 0.1}
[2026-09-25 19:48:43.517] [SFX] {"sound": "civ_move_1", "volume": 0.0}
[2026-09-25 19:48:43.566] [SFX] {"sound": "civ_move_2", "volume": 0.24}
[2026-09-25 19:48:43.685] [SFX] {"sound": "civ_move_2", "volume": 0.09}
[2026-09-25 19:48:43.918] [SFX] {"sound": "civ_move_1", "volume": 0.0}
[2026-09-25 19:48:43.970] [SFX] {"sound": "civ_move_2", "volume": 0.26}
[2026-09-25 19:48:44.084] [SFX] {"sound": "civ_move_2", "volume": 0.08}
[2026-09-25 19:48:44.333] [SFX] {"sound": "civ_move_1", "volume": 0.01}
[2026-09-25 19:48:44.383] [SFX] {"sound": "civ_move_2", "volume": 0.27}
[2026-09-25 19:48:44.497] [SFX] {"sound": "civ_move_2", "volume": 0.07}
[2026-09-25 19:48:44.744] [SFX] {"sound": "civ_move_1", "volume": 0.01}
[2026-09-25 19:48:44.744] [C] {"civ_pos": [181, 32]}
[2026-09-25 19:48:44.787] [JACK] Ein weiterer Passant im Netz. Ignorieren oder anpöbeln?
[2026-09-25 19:48:44.803] [SFX] {"sound": "civ_move_2", "volume": 0.28}
[2026-09-25 19:48:44.829] [SFX] {"sound": "civ_move_1", "volume": 0.0}
[2026-09-25 19:48:44.912] [SFX] {"sound": "civ_move_2", "volume": 0.06}
[2026-09-25 19:48:45.145] [SFX] {"sound": "civ_move_1", "volume": 0.02}
[2026-09-25 19:48:45.210] [SFX] {"sound": "civ_move_2", "volume": 0.29}
[2026-09-25 19:48:45.244] [SFX] {"sound": "civ_move_1", "volume": 0.0}
[2026-09-25 19:48:45.326] [SFX] {"sound": "civ_move_2", "volume": 0.05}
[2026-09-25 19:48:45.558] [SFX] {"sound": "civ_move_1", "volume": 0.03}
[2026-09-25 19:48:45.625] [SFX] {"sound": "civ_move_2", "volume": 0.3}
[2026-09-25 19:48:45.658] [SFX] {"sound": "civ_move_1", "volume": 0.0}
[2026-09-25 19:48:45.740] [SFX] {"sound": "civ_move_2", "volume": 0.04}
[2026-09-25 19:48:45.969] [SFX] {"sound": "civ_move_1", "volume": 0.04}
[2026-09-25 19:48:46.034] [SFX] {"sound": "civ_move_2", "volume": 0.28}
[2026-09-25 19:48:46.069] [SFX] {"sound": "civ_move_1", "volume": 0.01}
[2026-09-25 19:48:46.151] [SFX] {"sound": "civ_move_2", "volume": 0.03}
[2026-09-25 19:48:46.384] [SFX] {"sound": "civ_move_1", "volume": 0.05}
[2026-09-25 19:48:46.437] [SFX] {"sound": "civ_move_2", "volume": 0.27}
[2026-09-25 19:48:46.473] [SFX] {"sound": "civ_move_1", "volume": 0.01}
[2026-09-25 19:48:46.556] [SFX] {"sound": "civ_move_2", "volume": 0.02}
[2026-09-25 19:48:46.800] [SFX] {"sound": "civ_move_1", "volume": 0.06}
[2026-09-25 19:48:46.849] [SFX] {"sound": "civ_move_2", "volume": 0.26}
[2026-09-25 19:48:46.882] [SFX] {"sound": "civ_move_1", "volume": 0.02}
[2026-09-25 19:48:46.965] [SFX] {"sound": "civ_move_2", "volume": 0.01}
[2026-09-25 19:48:47.215] [SFX] {"sound": "civ_move_1", "volume": 0.07}
[2026-09-25 19:48:47.264] [SFX] {"sound": "civ_move_2", "volume": 0.25}
[2026-09-25 19:48:47.297] [SFX] {"sound": "civ_move_1", "volume": 0.03}
[2026-09-25 19:48:47.615] [SFX] {"sound": "civ_move_1", "volume": 0.08}
[2026-09-25 19:48:47.666] [SFX] {"sound": "civ_move_2", "volume": 0.23}
[2026-09-25 19:48:47.698] [SFX] {"sound": "civ_move_1", "volume": 0.04}
[2026-09-25 19:48:48.029] [SFX] {"sound": "civ_move_1", "volume": 0.09}
[2026-09-25 19:48:48.078] [SFX] {"sound": "civ_move_2", "volume": 0.22}
[2026-09-25 19:48:48.110] [SFX] {"sound": "civ_move_1", "volume": 0.05}
[2026-09-25 19:48:48.440] [SFX] {"sound": "civ_move_1", "volume": 0.1}
[2026-09-25 19:48:48.490] [SFX] {"sound": "civ_move_2", "volume": 0.21}
[2026-09-25 19:48:48.522] [SFX] {"sound": "civ_move_1", "volume": 0.06}
[2026-09-25 19:48:48.852] [SFX] {"sound": "civ_move_1", "volume": 0.11}
[2026-09-25 19:48:48.902] [SFX] {"sound": "civ_move_2", "volume": 0.2}
[2026-09-25 19:48:48.935] [SFX] {"sound": "civ_move_1", "volume": 0.07}
[2026-09-25 19:48:49.264] [SFX] {"sound": "civ_move_1", "volume": 0.12}
[2026-09-25 19:48:49.314] [SFX] {"sound": "civ_move_2", "volume": 0.18}
[2026-09-25 19:48:49.348] [SFX] {"sound": "civ_move_1", "volume": 0.08}
[2026-09-25 19:48:49.664] [SFX] {"sound": "civ_move_1", "volume": 0.13}
[2026-09-25 19:48:49.730] [SFX] {"sound": "civ_move_2", "volume": 0.17}
[2026-09-25 19:48:49.764] [SFX] {"sound": "civ_move_1", "volume": 0.09}
[2026-09-25 19:48:50.076] [SFX] {"sound": "civ_move_1", "volume": 0.14}
[2026-09-25 19:48:50.142] [SFX] {"sound": "civ_move_2", "volume": 0.16}
[2026-09-25 19:48:50.176] [SFX] {"sound": "civ_move_1", "volume": 0.1}
[2026-09-25 19:48:50.478] [SFX] {"sound": "civ_move_1", "volume": 0.15}
[2026-09-25 19:48:50.544] [SFX] {"sound": "civ_move_2", "volume": 0.15}
[2026-09-25 19:48:50.579] [SFX] {"sound": "civ_move_1", "volume": 0.11}
[2026-09-25 19:48:50.892] [SFX] {"sound": "civ_move_1", "volume": 0.16}
[2026-09-25 19:48:50.958] [SFX] {"sound": "civ_move_2", "volume": 0.13}
[2026-09-25 19:48:50.993] [SFX] {"sound": "civ_move_1", "volume": 0.11}
[2026-09-25 19:48:51.308] [SFX] {"sound": "civ_move_1", "volume": 0.17}
[2026-09-25 19:48:51.358] [SFX] {"sound": "civ_move_2", "volume": 0.12}
[2026-09-25 19:48:51.408] [SFX] {"sound": "civ_move_1", "volume": 0.13}
[2026-09-25 19:48:51.710] [SFX] {"sound": "civ_move_1", "volume": 0.18}
[2026-09-25 19:48:51.759] [SFX] {"sound": "civ_move_2", "volume": 0.11}
[2026-09-25 19:48:51.810] [SFX] {"sound": "civ_move_1", "volume": 0.13}
[2026-09-25 19:48:52.041] [SFX] {"sound": "civ_move_1", "volume": 0.0}
[2026-09-25 19:48:52.124] [SFX] {"sound": "civ_move_1", "volume": 0.19}
[2026-09-25 19:48:52.175] [SFX] {"sound": "civ_move_2", "volume": 0.1}
[2026-09-25 19:48:52.225] [SFX] {"sound": "civ_move_1", "volume": 0.14}
[2026-09-25 19:48:52.452] [SFX] {"sound": "civ_move_1", "volume": 0.0}
[2026-09-25 19:48:52.533] [SFX] {"sound": "civ_move_1", "volume": 0.2}
[2026-09-25 19:48:52.583] [SFX] {"sound": "civ_move_2", "volume": 0.09}
[2026-09-25 19:48:52.633] [SFX] {"sound": "civ_move_1", "volume": 0.15}
[2026-09-25 19:48:52.866] [SFX] {"sound": "civ_move_1", "volume": 0.0}
[2026-09-25 19:48:52.947] [SFX] {"sound": "civ_move_1", "volume": 0.21}
[2026-09-25 19:48:52.998] [SFX] {"sound": "civ_move_2", "volume": 0.07}
[2026-09-25 19:48:53.047] [SFX] {"sound": "civ_move_1", "volume": 0.16}
[2026-09-25 19:48:53.280] [SFX] {"sound": "civ_move_1", "volume": 0.0}
[2026-09-25 19:48:53.347] [SFX] {"sound": "civ_move_1", "volume": 0.22}
[2026-09-25 19:48:53.398] [SFX] {"sound": "civ_move_2", "volume": 0.06}
[2026-09-25 19:48:53.462] [SFX] {"sound": "civ_move_1", "volume": 0.17}
[2026-09-25 19:48:53.693] [SFX] {"sound": "civ_move_1", "volume": 0.01}
[2026-09-25 19:48:53.760] [SFX] {"sound": "civ_move_1", "volume": 0.22}
[2026-09-25 19:48:53.811] [SFX] {"sound": "civ_move_2", "volume": 0.05}
[2026-09-25 19:48:53.878] [SFX] {"sound": "civ_move_1", "volume": 0.18}
[2026-09-25 19:48:53.946] [C] {"civ_pos": [179, 34]}
[2026-09-25 19:48:53.974] [JACK] Diese Nodes wandern völlig ahnungslos durch das Grid.
[2026-09-25 19:48:54.099] [SFX] {"sound": "civ_move_1", "volume": 0.01}
[2026-09-25 19:48:54.166] [SFX] {"sound": "civ_move_1", "volume": 0.23}
[2026-09-25 19:48:54.218] [SFX] {"sound": "civ_move_2", "volume": 0.04}
[2026-09-25 19:48:54.284] [SFX] {"sound": "civ_move_1", "volume": 0.19}
[2026-09-25 19:48:54.400] [SFX] {"sound": "civ_move_2", "volume": 0.0}
[2026-09-25 19:48:54.515] [SFX] {"sound": "civ_move_1", "volume": 0.02}
[2026-09-25 19:48:54.581] [SFX] {"sound": "civ_move_1", "volume": 0.22}
[2026-09-25 19:48:54.631] [SFX] {"sound": "civ_move_2", "volume": 0.03}
[2026-09-25 19:48:54.697] [SFX] {"sound": "civ_move_1", "volume": 0.2}
[2026-09-25 19:48:54.814] [SFX] {"sound": "civ_move_2", "volume": 0.01}
[2026-09-25 19:48:54.930] [SFX] {"sound": "civ_move_1", "volume": 0.03}
[2026-09-25 19:48:54.996] [SFX] {"sound": "civ_move_1", "volume": 0.22}
[2026-09-25 19:48:55.047] [SFX] {"sound": "civ_move_2", "volume": 0.01}
[2026-09-25 19:48:55.099] [SFX] {"sound": "civ_move_1", "volume": 0.21}
[2026-09-25 19:48:55.215] [SFX] {"sound": "civ_move_2", "volume": 0.02}
[2026-09-25 19:48:55.334] [SFX] {"sound": "civ_move_1", "volume": 0.04}
[2026-09-25 19:48:55.402] [SFX] {"sound": "civ_move_1", "volume": 0.21}
[2026-09-25 19:48:55.457] [SFX] {"sound": "civ_move_2", "volume": 0.0}
[2026-09-25 19:48:55.504] [SFX] {"sound": "civ_move_1", "volume": 0.22}
[2026-09-25 19:48:55.621] [SFX] {"sound": "civ_move_2", "volume": 0.03}
[2026-09-25 19:48:55.738] [SFX] {"sound": "civ_move_1", "volume": 0.05}
[2026-09-25 19:48:55.804] [SFX] {"sound": "civ_move_1", "volume": 0.2}
[2026-09-25 19:48:55.918] [SFX] {"sound": "civ_move_1", "volume": 0.23}
[2026-09-25 19:48:56.034] [SFX] {"sound": "civ_move_2", "volume": 0.04}
[2026-09-25 19:48:56.151] [SFX] {"sound": "civ_move_1", "volume": 0.06}
[2026-09-25 19:48:56.219] [SFX] {"sound": "civ_move_1", "volume": 0.19}
[2026-09-25 19:48:56.269] [SFX] {"sound": "civ_move_1", "volume": 0.16}
[2026-09-25 19:48:56.319] [SFX] {"sound": "civ_move_1", "volume": 0.23}
[2026-09-25 19:48:56.436] [SFX] {"sound": "civ_move_2", "volume": 0.05}
[2026-09-25 19:48:56.553] [SFX] {"sound": "civ_move_1", "volume": 0.07}
[2026-09-25 19:48:56.619] [SFX] {"sound": "civ_move_1", "volume": 0.18}
[2026-09-25 19:48:56.685] [SFX] {"sound": "civ_move_1", "volume": 0.15}
[2026-09-25 19:48:56.732] [SFX] {"sound": "civ_move_1", "volume": 0.22}
[2026-09-25 19:48:56.850] [SFX] {"sound": "civ_move_2", "volume": 0.06}
[2026-09-25 19:48:56.964] [SFX] {"sound": "civ_move_1", "volume": 0.08}
[2026-09-25 19:48:57.029] [SFX] {"sound": "civ_move_1", "volume": 0.17}
[2026-09-25 19:48:57.097] [SFX] {"sound": "civ_move_1", "volume": 0.14}
[2026-09-25 19:48:57.147] [SFX] {"sound": "civ_move_1", "volume": 0.21}
[2026-09-25 19:48:57.264] [SFX] {"sound": "civ_move_2", "volume": 0.07}
[2026-09-25 19:48:57.366] [SFX] {"sound": "civ_move_1", "volume": 0.09}
[2026-09-25 19:48:57.431] [SFX] {"sound": "civ_move_1", "volume": 0.16}
[2026-09-25 19:48:57.498] [SFX] {"sound": "civ_move_1", "volume": 0.14}
[2026-09-25 19:48:57.548] [SFX] {"sound": "civ_move_1", "volume": 0.2}
[2026-09-25 19:48:57.679] [SFX] {"sound": "civ_move_2", "volume": 0.08}
[2026-09-25 19:48:57.780] [SFX] {"sound": "civ_move_1", "volume": 0.1}
[2026-09-25 19:48:57.846] [SFX] {"sound": "civ_move_1", "volume": 0.15}
[2026-09-25 19:48:57.911] [SFX] {"sound": "civ_move_1", "volume": 0.13}
[2026-09-25 19:48:57.962] [SFX] {"sound": "civ_move_1", "volume": 0.2}
[2026-09-25 19:48:58.095] [SFX] {"sound": "civ_move_2", "volume": 0.09}
[2026-09-25 19:48:58.194] [SFX] {"sound": "civ_move_1", "volume": 0.11}
[2026-09-25 19:48:58.258] [SFX] {"sound": "civ_move_1", "volume": 0.14}
[2026-09-25 19:48:58.326] [SFX] {"sound": "civ_move_1", "volume": 0.11}
[2026-09-25 19:48:58.375] [SFX] {"sound": "civ_move_1", "volume": 0.19}
[2026-09-25 19:48:58.507] [SFX] {"sound": "civ_move_2", "volume": 0.1}
[2026-09-25 19:48:58.605] [SFX] {"sound": "civ_move_1", "volume": 0.12}
[2026-09-25 19:48:58.670] [SFX] {"sound": "civ_move_1", "volume": 0.13}
[2026-09-25 19:48:58.735] [SFX] {"sound": "civ_move_1", "volume": 0.11}
[2026-09-25 19:48:58.785] [SFX] {"sound": "civ_move_1", "volume": 0.18}
[2026-09-25 19:48:58.917] [SFX] {"sound": "civ_move_2", "volume": 0.11}
[2026-09-25 19:48:59.018] [SFX] {"sound": "civ_move_1", "volume": 0.13}
[2026-09-25 19:48:59.085] [SFX] {"sound": "civ_move_1", "volume": 0.12}
[2026-09-25 19:48:59.135] [SFX] {"sound": "civ_move_1", "volume": 0.1}
[2026-09-25 19:48:59.200] [SFX] {"sound": "civ_move_1", "volume": 0.17}
[2026-09-25 19:48:59.320] [SFX] {"sound": "civ_move_2", "volume": 0.12}
[2026-09-25 19:48:59.420] [SFX] {"sound": "civ_move_1", "volume": 0.14}
[2026-09-25 19:48:59.500] [SFX] {"sound": "civ_move_1", "volume": 0.11}
[2026-09-25 19:48:59.550] [SFX] {"sound": "civ_move_1", "volume": 0.09}
[2026-09-25 19:48:59.615] [SFX] {"sound": "civ_move_1", "volume": 0.16}
[2026-09-25 19:48:59.730] [SFX] {"sound": "civ_move_2", "volume": 0.13}
[2026-09-25 19:48:59.831] [SFX] {"sound": "civ_move_1", "volume": 0.15}
[2026-09-25 19:48:59.915] [SFX] {"sound": "civ_move_1", "volume": 0.1}
[2026-09-25 19:48:59.964] [SFX] {"sound": "civ_move_1", "volume": 0.08}
[2026-09-25 19:49:00.016] [SFX] {"sound": "civ_move_1", "volume": 0.15}
[2026-09-25 19:49:00.145] [SFX] {"sound": "civ_move_2", "volume": 0.14}
[2026-09-25 19:49:00.245] [SFX] {"sound": "civ_move_1", "volume": 0.16}
[2026-09-25 19:49:00.326] [SFX] {"sound": "civ_move_1", "volume": 0.09}
[2026-09-25 19:49:00.377] [SFX] {"sound": "civ_move_1", "volume": 0.07}
[2026-09-25 19:49:00.428] [SFX] {"sound": "civ_move_1", "volume": 0.14}
[2026-09-25 19:49:00.545] [SFX] {"sound": "civ_move_2", "volume": 0.15}
[2026-09-25 19:49:00.659] [SFX] {"sound": "civ_move_1", "volume": 0.17}
[2026-09-25 19:49:00.726] [SFX] {"sound": "civ_move_1", "volume": 0.08}
[2026-09-25 19:49:00.792] [SFX] {"sound": "civ_move_1", "volume": 0.06}
[2026-09-25 19:49:00.841] [SFX] {"sound": "civ_move_1", "volume": 0.13}
[2026-09-25 19:49:00.954] [SFX] {"sound": "civ_move_2", "volume": 0.16}
[2026-09-25 19:49:01.070] [SFX] {"sound": "civ_move_1", "volume": 0.18}
[2026-09-25 19:49:01.136] [SFX] {"sound": "civ_move_1", "volume": 0.07}
[2026-09-25 19:49:01.203] [SFX] {"sound": "civ_move_1", "volume": 0.05}
[2026-09-25 19:49:01.253] [SFX] {"sound": "civ_move_1", "volume": 0.12}
[2026-09-25 19:49:01.368] [SFX] {"sound": "civ_move_2", "volume": 0.17}
[2026-09-25 19:49:01.485] [SFX] {"sound": "civ_move_1", "volume": 0.19}
[2026-09-25 19:49:01.552] [SFX] {"sound": "civ_move_1", "volume": 0.06}
[2026-09-25 19:49:01.618] [SFX] {"sound": "civ_move_1", "volume": 0.04}
[2026-09-25 19:49:01.668] [SFX] {"sound": "civ_move_1", "volume": 0.11}
[2026-09-25 19:49:01.782] [SFX] {"sound": "civ_move_2", "volume": 0.18}
[2026-09-25 19:49:01.899] [SFX] {"sound": "civ_move_1", "volume": 0.2}
[2026-09-25 19:49:01.966] [SFX] {"sound": "civ_move_1", "volume": 0.05}
[2026-09-25 19:49:02.017] [SFX] {"sound": "civ_move_1", "volume": 0.03}
[2026-09-25 19:49:02.069] [SFX] {"sound": "civ_move_1", "volume": 0.1}
[2026-09-25 19:49:02.186] [SFX] {"sound": "civ_move_2", "volume": 0.19}
[2026-09-25 19:49:02.303] [SFX] {"sound": "civ_move_1", "volume": 0.21}
[2026-09-25 19:49:02.371] [SFX] {"sound": "civ_move_1", "volume": 0.04}
[2026-09-25 19:49:02.422] [SFX] {"sound": "civ_move_1", "volume": 0.02}
[2026-09-25 19:49:02.489] [SFX] {"sound": "civ_move_1", "volume": 0.1}
[2026-09-25 19:49:02.589] [SFX] {"sound": "civ_move_2", "volume": 0.2}
[2026-09-25 19:49:02.705] [SFX] {"sound": "civ_move_1", "volume": 0.22}
[2026-09-25 19:49:02.786] [SFX] {"sound": "civ_move_1", "volume": 0.03}
[2026-09-25 19:49:02.836] [SFX] {"sound": "civ_move_1", "volume": 0.01}
[2026-09-25 19:49:02.899] [SFX] {"sound": "civ_move_1", "volume": 0.11}
[2026-09-25 19:49:02.999] [SFX] {"sound": "civ_move_1", "volume": 0.0}
[2026-09-25 19:49:02.999] [SFX] {"sound": "civ_move_2", "volume": 0.21}
[2026-09-25 19:49:03.116] [SFX] {"sound": "civ_move_1", "volume": 0.22}
[2026-09-25 19:49:03.198] [SFX] {"sound": "civ_move_1", "volume": 0.02}
[2026-09-25 19:49:03.247] [SFX] {"sound": "civ_move_1", "volume": 0.01}
[2026-09-25 19:49:03.279] [C] {"civ_pos": [179, 34]}
[2026-09-25 19:49:03.337] [JACK] Ein weiterer Passant im Netz. Ignorieren oder anpöbeln?
[2026-09-25 19:49:03.353] [SFX] {"sound": "civ_move_1", "volume": 0.12}
[2026-09-25 19:49:03.399] [SFX] {"sound": "civ_move_1", "volume": 0.0}
[2026-09-25 19:49:03.400] [SFX] {"sound": "civ_move_2", "volume": 0.22}
[2026-09-25 19:49:03.518] [SFX] {"sound": "civ_move_1", "volume": 0.23}
[2026-09-25 19:49:03.601] [SFX] {"sound": "civ_move_1", "volume": 0.01}
[2026-09-25 19:49:03.651] [SFX] {"sound": "civ_move_1", "volume": 0.0}
[2026-09-25 19:49:03.750] [SFX] {"sound": "civ_move_1", "volume": 0.13}
[2026-09-25 19:49:03.802] [SFX] {"sound": "civ_move_1", "volume": 0.0}
[2026-09-25 19:49:03.802] [SFX] {"sound": "civ_move_2", "volume": 0.22}
[2026-09-25 19:49:03.920] [SFX] {"sound": "civ_move_1", "volume": 0.22}
[2026-09-25 19:49:04.006] [SFX] {"sound": "civ_move_1", "volume": 0.0}
[2026-09-25 19:49:04.153] [SFX] {"sound": "civ_move_1", "volume": 0.14}
[2026-09-25 19:49:04.218] [SFX] {"sound": "civ_move_1", "volume": 0.0}
[2026-09-25 19:49:04.218] [SFX] {"sound": "civ_move_2", "volume": 0.23}
[2026-09-25 19:49:04.332] [SFX] {"sound": "civ_move_1", "volume": 0.22}
[2026-09-25 19:49:04.464] [SFX] {"sound": "civ_move_1", "volume": 0.0}
[2026-09-25 19:49:04.562] [SFX] {"sound": "civ_move_1", "volume": 0.15}
[2026-09-25 19:49:04.629] [SFX] {"sound": "civ_move_1", "volume": 0.01}
[2026-09-25 19:49:04.630] [SFX] {"sound": "civ_move_2", "volume": 0.22}
[2026-09-25 19:49:04.744] [SFX] {"sound": "civ_move_1", "volume": 0.21}
[2026-09-25 19:49:04.962] [SFX] {"sound": "civ_move_1", "volume": 0.16}
[2026-09-25 19:49:05.045] [SFX] {"sound": "civ_move_2", "volume": 0.22}
[2026-09-25 19:49:05.159] [SFX] {"sound": "civ_move_1", "volume": 0.2}
[2026-09-25 19:49:05.374] [SFX] {"sound": "civ_move_1", "volume": 0.17}
[2026-09-25 19:49:05.459] [SFX] {"sound": "civ_move_2", "volume": 0.21}
[2026-09-25 19:49:05.574] [SFX] {"sound": "civ_move_1", "volume": 0.19}
[2026-09-25 19:49:05.786] [SFX] {"sound": "civ_move_1", "volume": 0.18}
[2026-09-25 19:49:05.871] [SFX] {"sound": "civ_move_2", "volume": 0.2}
[2026-09-25 19:49:05.988] [SFX] {"sound": "civ_move_1", "volume": 0.18}
[2026-09-25 19:49:06.188] [SFX] {"sound": "civ_move_1", "volume": 0.19}
[2026-09-25 19:49:06.286] [SFX] {"sound": "civ_move_2", "volume": 0.19}
[2026-09-25 19:49:06.402] [SFX] {"sound": "civ_move_1", "volume": 0.17}
[2026-09-25 19:49:06.588] [SFX] {"sound": "civ_move_1", "volume": 0.2}
[2026-09-25 19:49:06.637] [SFX] {"sound": "civ_move_2", "volume": 0.15}
[2026-09-25 19:49:06.686] [SFX] {"sound": "civ_move_2", "volume": 0.18}
[2026-09-25 19:49:06.817] [SFX] {"sound": "civ_move_1", "volume": 0.16}
[2026-09-25 19:49:06.998] [SFX] {"sound": "civ_move_1", "volume": 0.21}
[2026-09-25 19:49:07.047] [SFX] {"sound": "civ_move_2", "volume": 0.14}
[2026-09-25 19:49:07.098] [SFX] {"sound": "civ_move_2", "volume": 0.17}
[2026-09-25 19:49:07.231] [SFX] {"sound": "civ_move_1", "volume": 0.15}
[2026-09-25 19:49:07.410] [SFX] {"sound": "civ_move_1", "volume": 0.22}
[2026-09-25 19:49:07.460] [SFX] {"sound": "civ_move_2", "volume": 0.13}
[2026-09-25 19:49:07.510] [SFX] {"sound": "civ_move_2", "volume": 0.16}
[2026-09-25 19:49:07.532] [SFX] {"sound": "civ_move_1", "volume": 0.0}
[2026-09-25 19:49:07.642] [SFX] {"sound": "civ_move_1", "volume": 0.14}
[2026-09-25 19:49:07.825] [SFX] {"sound": "civ_move_1", "volume": 0.22}
[2026-09-25 19:49:07.875] [SFX] {"sound": "civ_move_2", "volume": 0.13}
[2026-09-25 19:49:07.926] [SFX] {"sound": "civ_move_2", "volume": 0.15}
[2026-09-25 19:49:07.949] [SFX] {"sound": "civ_move_1", "volume": 0.01}
[2026-09-25 19:49:08.043] [SFX] {"sound": "civ_move_1", "volume": 0.13}
[2026-09-25 19:49:08.208] [C] {"civ_pos": [179, 34]}
[2026-09-25 19:49:08.251] [SFX] {"sound": "civ_move_1", "volume": 0.23}
[2026-09-25 19:49:08.277] [SFX] {"sound": "civ_move_2", "volume": 0.16}
[2026-09-25 19:49:08.326] [SFX] {"sound": "civ_move_2", "volume": 0.14}
[2026-09-25 19:49:08.358] [SFX] {"sound": "civ_move_1", "volume": 0.02}
[2026-09-25 19:49:08.458] [SFX] {"sound": "civ_move_1", "volume": 0.12}
[2026-09-25 19:49:08.640] [SFX] {"sound": "civ_move_1", "volume": 0.22}
[2026-09-25 19:49:08.687] [SFX] {"sound": "civ_move_2", "volume": 0.16}
[2026-09-25 19:49:08.737] [SFX] {"sound": "civ_move_2", "volume": 0.13}
[2026-09-25 19:49:08.770] [SFX] {"sound": "civ_move_1", "volume": 0.03}
[2026-09-25 19:49:08.869] [SFX] {"sound": "civ_move_1", "volume": 0.11}
[2026-09-25 19:49:09.053] [SFX] {"sound": "civ_move_1", "volume": 0.22}
[2026-09-25 19:49:09.100] [SFX] {"sound": "civ_move_2", "volume": 0.16}
[2026-09-25 19:49:09.152] [SFX] {"sound": "civ_move_2", "volume": 0.12}
[2026-09-25 19:49:09.185] [SFX] {"sound": "civ_move_1", "volume": 0.04}
[2026-09-25 19:49:09.282] [SFX] {"sound": "civ_move_1", "volume": 0.1}
[2026-09-25 19:49:09.465] [SFX] {"sound": "civ_move_1", "volume": 0.21}
[2026-09-25 19:49:09.515] [SFX] {"sound": "civ_move_2", "volume": 0.15}
[2026-09-25 19:49:09.564] [SFX] {"sound": "civ_move_2", "volume": 0.11}
[2026-09-25 19:49:09.597] [SFX] {"sound": "civ_move_1", "volume": 0.05}
[2026-09-25 19:49:09.696] [SFX] {"sound": "civ_move_1", "volume": 0.09}
[2026-09-25 19:49:09.879] [SFX] {"sound": "civ_move_1", "volume": 0.2}
[2026-09-25 19:49:09.927] [SFX] {"sound": "civ_move_2", "volume": 0.14}
[2026-09-25 19:49:09.974] [SFX] {"sound": "civ_move_2", "volume": 0.1}
[2026-09-25 19:49:10.008] [SFX] {"sound": "civ_move_1", "volume": 0.06}
[2026-09-25 19:49:10.109] [SFX] {"sound": "civ_move_1", "volume": 0.08}
[2026-09-25 19:49:10.291] [SFX] {"sound": "civ_move_1", "volume": 0.19}
[2026-09-25 19:49:10.342] [SFX] {"sound": "civ_move_2", "volume": 0.12}
[2026-09-25 19:49:10.375] [SFX] {"sound": "civ_move_2", "volume": 0.09}
[2026-09-25 19:49:10.410] [SFX] {"sound": "civ_move_1", "volume": 0.07}
[2026-09-25 19:49:10.691] [SFX] {"sound": "civ_move_1", "volume": 0.18}
[2026-09-25 19:49:10.757] [SFX] {"sound": "civ_move_2", "volume": 0.11}
[2026-09-25 19:49:10.789] [SFX] {"sound": "civ_move_2", "volume": 0.08}
[2026-09-25 19:49:10.823] [SFX] {"sound": "civ_move_1", "volume": 0.08}
[2026-09-25 19:49:10.923] [SFX] {"sound": "civ_move_1", "volume": 0.06}
[2026-09-25 19:49:11.106] [SFX] {"sound": "civ_move_1", "volume": 0.17}
[2026-09-25 19:49:11.173] [SFX] {"sound": "civ_move_2", "volume": 0.1}
[2026-09-25 19:49:11.196] [SFX] {"sound": "civ_move_2", "volume": 0.07}
[2026-09-25 19:49:11.223] [SFX] {"sound": "civ_move_1", "volume": 0.09}
[2026-09-25 19:49:11.323] [SFX] {"sound": "civ_move_1", "volume": 0.05}
[2026-09-25 19:49:11.521] [SFX] {"sound": "civ_move_1", "volume": 0.16}
[2026-09-25 19:49:11.589] [SFX] {"sound": "civ_move_2", "volume": 0.09}
[2026-09-25 19:49:11.613] [SFX] {"sound": "civ_move_2", "volume": 0.06}
[2026-09-25 19:49:11.629] [SFX] {"sound": "civ_move_1", "volume": 0.1}
