[2026-09-26 01:11:04.958] [S] {"sid": "20260926_011104", "sys_t": "2026-09-26T01:11:04.958155"}
[2026-09-26 01:11:04.959] [SFX] {"sound": "hack_success", "volume": 0.8}
[2026-09-26 01:11:06.958] [SESSION_RESET] {"msg": "--- NEW LIFE STARTED ---"}
[2026-09-26 01:11:07.016] [S] {"map": "Shadowgrid"}
[2026-09-26 01:11:07.042] [JACK] Ah, im Shadowgrid angekommen... endlich.
[2026-09-26 01:11:07.189] [SFX] {"sound": "civ_move_2", "volume": 0.16}
[2026-09-26 01:11:08.326] [M] {"button": 1, "pos": [332, 250], "ui_clicked": false}
[2026-09-26 01:11:08.442] [SFX] {"sound": "civ_move_2", "volume": 0.16}
[2026-09-26 01:11:08.856] [SFX] {"sound": "civ_move_2", "volume": 0.17}
[2026-09-26 01:11:08.889] [M] {"button": 1, "pos": [357, 198], "ui_clicked": false}
[2026-09-26 01:11:08.896] [P] {"start": [84, 2], "goal": [88, 4], "length": 3, "is_direction_change": false}
[2026-09-26 01:11:08.897] [SFX] {"sound": "click_target", "volume": 0.7}
[2026-09-26 01:11:08.918] [SFX] {"sound": "player_move", "volume": 0.4}
[2026-09-26 01:11:09.270] [SFX] {"sound": "civ_move_2", "volume": 0.19}
[2026-09-26 01:11:09.961] [M] {"button": 1, "pos": [326, 216], "ui_clicked": false}
[2026-09-26 01:11:09.969] [P] {"start": [88, 4], "goal": [88, 8], "length": 5, "is_direction_change": false}
[2026-09-26 01:11:09.969] [SFX] {"sound": "click_target", "volume": 0.71}
[2026-09-26 01:11:09.990] [SFX] {"sound": "player_move", "volume": 0.4}
[2026-09-26 01:11:10.097] [SFX] {"sound": "civ_move_2", "volume": 0.18}
[2026-09-26 01:11:10.282] [SFX] {"sound": "player_move", "volume": 0.4}
[2026-09-26 01:11:10.512] [SFX] {"sound": "civ_move_2", "volume": 0.19}
[2026-09-26 01:11:10.596] [SFX] {"sound": "player_move", "volume": 0.4}
[2026-09-26 01:11:10.924] [SFX] {"sound": "civ_move_2", "volume": 0.2}
[2026-09-26 01:11:11.337] [SFX] {"sound": "civ_move_2", "volume": 0.19}
[2026-09-26 01:11:11.519] [M] {"button": 1, "pos": [330, 230], "ui_clicked": false}
[2026-09-26 01:11:11.527] [P] {"start": [88, 8], "goal": [89, 14], "length": 11, "is_direction_change": false}
[2026-09-26 01:11:11.528] [SFX] {"sound": "click_target", "volume": 0.67}
[2026-09-26 01:11:11.739] [SFX] {"sound": "civ_move_2", "volume": 0.2}
[2026-09-26 01:11:11.821] [SFX] {"sound": "player_move", "volume": 0.4}
[2026-09-26 01:11:12.153] [SFX] {"sound": "civ_move_2", "volume": 0.17}
[2026-09-26 01:11:12.436] [SFX] {"sound": "player_move", "volume": 0.4}
[2026-09-26 01:11:12.553] [SFX] {"sound": "civ_move_2", "volume": 0.2}
[2026-09-26 01:11:12.751] [SFX] {"sound": "player_move", "volume": 0.4}
[2026-09-26 01:11:12.968] [SFX] {"sound": "civ_move_2", "volume": 0.19}
[2026-09-26 01:11:13.062] [SFX] {"sound": "player_move", "volume": 0.4}
[2026-09-26 01:11:13.111] [JACK] JACK // PROXY SAFE - SANCTUARY ACTIVE
[2026-09-26 01:11:13.369] [SFX] {"sound": "civ_move_2", "volume": 0.2}
[2026-09-26 01:11:13.784] [SFX] {"sound": "civ_move_2", "volume": 0.19}
[2026-09-26 01:11:13.984] [M] {"button": 1, "pos": [336, 228], "ui_clicked": false}
[2026-09-26 01:11:13.991] [P] {"start": [89, 14], "goal": [90, 19], "length": 2, "is_direction_change": false}
[2026-09-26 01:11:13.992] [SFX] {"sound": "click_target", "volume": 0.67}
[2026-09-26 01:11:14.156] [SFX] {"sound": "player_move", "volume": 0.4}
[2026-09-26 01:11:14.189] [SFX] {"sound": "civ_move_2", "volume": 0.2}
[2026-09-26 01:11:14.288] [SFX] {"sound": "civ_move_2", "volume": 0.01}
[2026-09-26 01:11:14.454] [SFX] {"sound": "civ_move_1", "volume": 0.0}
[2026-09-26 01:11:14.455] [SFX] {"sound": "civ_move_2", "volume": 0.02}
[2026-09-26 01:11:14.601] [SFX] {"sound": "civ_move_2", "volume": 0.2}
[2026-09-26 01:11:14.650] [SFX] {"sound": "civ_move_1", "volume": 0.0}
[2026-09-26 01:11:14.700] [SFX] {"sound": "civ_move_2", "volume": 0.02}
[2026-09-26 01:11:14.866] [SFX] {"sound": "civ_move_1", "volume": 0.01}
[2026-09-26 01:11:14.867] [SFX] {"sound": "civ_move_2", "volume": 0.02}
[2026-09-26 01:11:14.997] [SFX] {"sound": "civ_move_2", "volume": 0.03}
[2026-09-26 01:11:15.020] [SFX] {"sound": "civ_move_2", "volume": 0.19}
[2026-09-26 01:11:15.062] [SFX] {"sound": "civ_move_1", "volume": 0.02}
[2026-09-26 01:11:15.112] [M] {"button": 1, "pos": [349, 228], "ui_clicked": false}
[2026-09-26 01:11:15.120] [SFX] {"sound": "civ_move_2", "volume": 0.03}
[2026-09-26 01:11:15.277] [SFX] {"sound": "civ_move_1", "volume": 0.02}
[2026-09-26 01:11:15.278] [SFX] {"sound": "civ_move_2", "volume": 0.03}
[2026-09-26 01:11:15.409] [SFX] {"sound": "civ_move_2", "volume": 0.04}
[2026-09-26 01:11:15.431] [SFX] {"sound": "civ_move_2", "volume": 0.19}
[2026-09-26 01:11:15.476] [SFX] {"sound": "civ_move_1", "volume": 0.03}
[2026-09-26 01:11:15.524] [SFX] {"sound": "civ_move_2", "volume": 0.04}
[2026-09-26 01:11:15.689] [M] {"button": 1, "pos": [344, 230], "ui_clicked": false}
[2026-09-26 01:11:15.703] [SFX] {"sound": "civ_move_1", "volume": 0.03}
[2026-09-26 01:11:15.704] [SFX] {"sound": "civ_move_2", "volume": 0.04}
[2026-09-26 01:11:15.705] [P] {"start": [90, 19], "goal": [92, 25], "length": 9, "is_direction_change": false}
[2026-09-26 01:11:15.705] [SFX] {"sound": "click_target", "volume": 0.66}
[2026-09-26 01:11:15.819] [SFX] {"sound": "civ_move_2", "volume": 0.04}
[2026-09-26 01:11:15.842] [SFX] {"sound": "civ_move_2", "volume": 0.19}
[2026-09-26 01:11:15.869] [SFX] {"sound": "player_move", "volume": 0.4}
[2026-09-26 01:11:15.891] [SFX] {"sound": "civ_move_1", "volume": 0.04}
[2026-09-26 01:11:15.936] [SFX] {"sound": "civ_move_2", "volume": 0.05}
[2026-09-26 01:11:16.101] [SFX] {"sound": "civ_move_1", "volume": 0.05}
[2026-09-26 01:11:16.102] [SFX] {"sound": "civ_move_2", "volume": 0.05}
[2026-09-26 01:11:16.169] [SFX] {"sound": "player_move", "volume": 0.4}
[2026-09-26 01:11:16.235] [SFX] {"sound": "civ_move_2", "volume": 0.04}
[2026-09-26 01:11:16.236] [SFX] {"sound": "civ_move_2", "volume": 0.22}
[2026-09-26 01:11:16.286] [SFX] {"sound": "civ_move_1", "volume": 0.07}
[2026-09-26 01:11:16.335] [C] {"civ_pos": [83, 26]}
[2026-09-26 01:11:16.376] [SFX] {"sound": "civ_move_2", "volume": 0.05}
[2026-09-26 01:11:16.484] [SFX] {"sound": "player_move", "volume": 0.4}
[2026-09-26 01:11:16.507] [SFX] {"sound": "civ_move_1", "volume": 0.08}
[2026-09-26 01:11:16.508] [SFX] {"sound": "civ_move_2", "volume": 0.05}
[2026-09-26 01:11:16.650] [SFX] {"sound": "civ_move_2", "volume": 0.06}
[2026-09-26 01:11:16.651] [SFX] {"sound": "civ_move_2", "volume": 0.01}
[2026-09-26 01:11:16.651] [SFX] {"sound": "civ_move_2", "volume": 0.3}
[2026-09-26 01:11:16.698] [SFX] {"sound": "civ_move_1", "volume": 0.09}
[2026-09-26 01:11:16.763] [SFX] {"sound": "civ_move_2", "volume": 0.08}
[2026-09-26 01:11:16.796] [SFX] {"sound": "player_move", "volume": 0.4}
[2026-09-26 01:11:16.910] [SFX] {"sound": "civ_move_1", "volume": 0.1}
[2026-09-26 01:11:16.911] [SFX] {"sound": "civ_move_2", "volume": 0.09}
[2026-09-26 01:11:17.057] [SFX] {"sound": "civ_move_2", "volume": 0.11}
[2026-09-26 01:11:17.057] [SFX] {"sound": "civ_move_2", "volume": 0.04}
[2026-09-26 01:11:17.058] [SFX] {"sound": "civ_move_2", "volume": 0.2}
[2026-09-26 01:11:17.108] [SFX] {"sound": "civ_move_1", "volume": 0.1}
[2026-09-26 01:11:17.186] [SFX] {"sound": "civ_move_2", "volume": 0.1}
[2026-09-26 01:11:17.325] [SFX] {"sound": "civ_move_1", "volume": 0.11}
[2026-09-26 01:11:17.326] [SFX] {"sound": "civ_move_2", "volume": 0.11}
[2026-09-26 01:11:17.459] [SFX] {"sound": "civ_move_2", "volume": 0.04}
[2026-09-26 01:11:17.460] [SFX] {"sound": "civ_move_2", "volume": 0.21}
[2026-09-26 01:11:17.510] [SFX] {"sound": "civ_move_1", "volume": 0.11}
[2026-09-26 01:11:17.575] [SFX] {"sound": "civ_move_2", "volume": 0.11}
[2026-09-26 01:11:17.709] [M] {"button": 1, "pos": [331, 241], "ui_clicked": false}
[2026-09-26 01:11:17.725] [SFX] {"sound": "civ_move_1", "volume": 0.12}
[2026-09-26 01:11:17.726] [SFX] {"sound": "civ_move_2", "volume": 0.11}
[2026-09-26 01:11:17.873] [SFX] {"sound": "civ_move_2", "volume": 0.12}
[2026-09-26 01:11:17.874] [SFX] {"sound": "civ_move_2", "volume": 0.05}
[2026-09-26 01:11:17.875] [SFX] {"sound": "civ_move_2", "volume": 0.22}
[2026-09-26 01:11:17.924] [SFX] {"sound": "civ_move_1", "volume": 0.12}
[2026-09-26 01:11:17.990] [SFX] {"sound": "civ_move_2", "volume": 0.12}
[2026-09-26 01:11:18.141] [M] {"button": 1, "pos": [326, 247], "ui_clicked": false}
[2026-09-26 01:11:18.148] [SFX] {"sound": "civ_move_1", "volume": 0.13}
[2026-09-26 01:11:18.149] [SFX] {"sound": "civ_move_2", "volume": 0.12}
[2026-09-26 01:11:18.150] [P] {"start": [92, 25], "goal": [92, 33], "length": 1, "is_direction_change": false}
[2026-09-26 01:11:18.150] [SFX] {"sound": "click_target", "volume": 0.63}
[2026-09-26 01:11:18.214] [SFX] {"sound": "player_move", "volume": 0.4}
[2026-09-26 01:11:18.279] [SFX] {"sound": "civ_move_2", "volume": 0.13}
[2026-09-26 01:11:18.280] [SFX] {"sound": "civ_move_2", "volume": 0.07}
[2026-09-26 01:11:18.281] [SFX] {"sound": "civ_move_2", "volume": 0.28}
[2026-09-26 01:11:18.329] [SFX] {"sound": "civ_move_1", "volume": 0.15}
[2026-09-26 01:11:18.394] [SFX] {"sound": "civ_move_2", "volume": 0.14}
[2026-09-26 01:11:18.394] [SFX] {"sound": "civ_move_2", "volume": 0.02}
[2026-09-26 01:11:18.525] [SFX] {"sound": "player_move", "volume": 0.4}
[2026-09-26 01:11:18.549] [SFX] {"sound": "civ_move_1", "volume": 0.18}
[2026-09-26 01:11:18.550] [SFX] {"sound": "civ_move_2", "volume": 0.14}
[2026-09-26 01:11:18.690] [SFX] {"sound": "civ_move_2", "volume": 0.1}
[2026-09-26 01:11:18.690] [SFX] {"sound": "civ_move_1", "volume": 0.03}
[2026-09-26 01:11:18.691] [SFX] {"sound": "civ_move_2", "volume": 0.03}
[2026-09-26 01:11:18.692] [SFX] {"sound": "civ_move_2", "volume": 0.25}
[2026-09-26 01:11:18.740] [SFX] {"sound": "civ_move_1", "volume": 0.19}
[2026-09-26 01:11:18.805] [SFX] {"sound": "civ_move_2", "volume": 0.14}
[2026-09-26 01:11:18.806] [SFX] {"sound": "civ_move_2", "volume": 0.04}
[2026-09-26 01:11:18.952] [SFX] {"sound": "civ_move_1", "volume": 0.19}
[2026-09-26 01:11:18.953] [SFX] {"sound": "civ_move_2", "volume": 0.14}
[2026-09-26 01:11:19.099] [SFX] {"sound": "civ_move_2", "volume": 0.11}
[2026-09-26 01:11:19.100] [SFX] {"sound": "civ_move_1", "volume": 0.03}
[2026-09-26 01:11:19.100] [SFX] {"sound": "civ_move_2", "volume": 0.03}
[2026-09-26 01:11:19.101] [SFX] {"sound": "civ_move_2", "volume": 0.25}
[2026-09-26 01:11:19.149] [SFX] {"sound": "civ_move_1", "volume": 0.2}
[2026-09-26 01:11:19.216] [SFX] {"sound": "civ_move_2", "volume": 0.18}
[2026-09-26 01:11:19.216] [SFX] {"sound": "civ_move_2", "volume": 0.05}
[2026-09-26 01:11:19.365] [SFX] {"sound": "civ_move_1", "volume": 0.2}
[2026-09-26 01:11:19.366] [SFX] {"sound": "civ_move_2", "volume": 0.18}
[2026-09-26 01:11:19.513] [SFX] {"sound": "civ_move_2", "volume": 0.12}
[2026-09-26 01:11:19.513] [SFX] {"sound": "civ_move_1", "volume": 0.04}
[2026-09-26 01:11:19.514] [SFX] {"sound": "civ_move_2", "volume": 0.04}
[2026-09-26 01:11:19.514] [SFX] {"sound": "civ_move_2", "volume": 0.24}
[2026-09-26 01:11:19.562] [SFX] {"sound": "civ_move_1", "volume": 0.21}
[2026-09-26 01:11:19.628] [SFX] {"sound": "civ_move_2", "volume": 0.18}
[2026-09-26 01:11:19.629] [SFX] {"sound": "civ_move_2", "volume": 0.06}
[2026-09-26 01:11:19.777] [SFX] {"sound": "civ_move_1", "volume": 0.21}
[2026-09-26 01:11:19.778] [SFX] {"sound": "civ_move_2", "volume": 0.18}
[2026-09-26 01:11:19.877] [M] {"button": 4, "pos": [341, 208], "ui_clicked": false}
[2026-09-26 01:11:19.926] [SFX] {"sound": "civ_move_2", "volume": 0.18}
[2026-09-26 01:11:19.926] [SFX] {"sound": "civ_move_2", "volume": 0.12}
[2026-09-26 01:11:19.927] [SFX] {"sound": "civ_move_1", "volume": 0.04}
[2026-09-26 01:11:19.928] [SFX] {"sound": "civ_move_2", "volume": 0.04}
[2026-09-26 01:11:19.928] [SFX] {"sound": "civ_move_2", "volume": 0.23}
[2026-09-26 01:11:19.961] [M] {"button": 4, "pos": [341, 208], "ui_clicked": false}
[2026-09-26 01:11:19.968] [SFX] {"sound": "civ_move_1", "volume": 0.22}
[2026-09-26 01:11:20.028] [SFX] {"sound": "civ_move_2", "volume": 0.18}
[2026-09-26 01:11:20.029] [SFX] {"sound": "civ_move_2", "volume": 0.07}
[2026-09-26 01:11:20.177] [SFX] {"sound": "civ_move_1", "volume": 0.22}
[2026-09-26 01:11:20.177] [SFX] {"sound": "civ_move_2", "volume": 0.18}
[2026-09-26 01:11:20.201] [C] {"civ_pos": [92, 35]}
[2026-09-26 01:11:20.331] [SFX] {"sound": "civ_move_2", "volume": 0.18}
[2026-09-26 01:11:20.332] [SFX] {"sound": "civ_move_2", "volume": 0.13}
[2026-09-26 01:11:20.333] [SFX] {"sound": "civ_move_1", "volume": 0.04}
[2026-09-26 01:11:20.333] [SFX] {"sound": "civ_move_2", "volume": 0.04}
[2026-09-26 01:11:20.334] [SFX] {"sound": "civ_move_2", "volume": 0.23}
[2026-09-26 01:11:20.366] [SFX] {"sound": "civ_move_1", "volume": 0.23}
[2026-09-26 01:11:20.431] [SFX] {"sound": "civ_move_2", "volume": 0.17}
[2026-09-26 01:11:20.432] [SFX] {"sound": "civ_move_2", "volume": 0.08}
[2026-09-26 01:11:20.579] [SFX] {"sound": "civ_move_2", "volume": 0.0}
[2026-09-26 01:11:20.580] [SFX] {"sound": "civ_move_1", "volume": 0.23}
[2026-09-26 01:11:20.581] [SFX] {"sound": "civ_move_2", "volume": 0.17}
[2026-09-26 01:11:20.745] [SFX] {"sound": "civ_move_2", "volume": 0.13}
[2026-09-26 01:11:20.746] [SFX] {"sound": "civ_move_1", "volume": 0.04}
[2026-09-26 01:11:20.746] [SFX] {"sound": "civ_move_2", "volume": 0.04}
[2026-09-26 01:11:20.747] [SFX] {"sound": "civ_move_2", "volume": 0.22}
[2026-09-26 01:11:20.778] [SFX] {"sound": "civ_move_1", "volume": 0.24}
[2026-09-26 01:11:20.845] [SFX] {"sound": "civ_move_2", "volume": 0.17}
[2026-09-26 01:11:20.846] [SFX] {"sound": "civ_move_2", "volume": 0.09}
[2026-09-26 01:11:20.994] [SFX] {"sound": "civ_move_2", "volume": 0.01}
[2026-09-26 01:11:20.995] [SFX] {"sound": "civ_move_1", "volume": 0.3}
[2026-09-26 01:11:20.996] [SFX] {"sound": "civ_move_2", "volume": 0.17}
[2026-09-26 01:11:21.158] [SFX] {"sound": "civ_move_2", "volume": 0.18}
[2026-09-26 01:11:21.159] [SFX] {"sound": "civ_move_2", "volume": 0.14}
[2026-09-26 01:11:21.159] [SFX] {"sound": "civ_move_1", "volume": 0.04}
[2026-09-26 01:11:21.160] [SFX] {"sound": "civ_move_2", "volume": 0.04}
[2026-09-26 01:11:21.161] [SFX] {"sound": "civ_move_2", "volume": 0.21}
[2026-09-26 01:11:21.191] [SFX] {"sound": "civ_move_1", "volume": 0.29}
[2026-09-26 01:11:21.257] [SFX] {"sound": "civ_move_2", "volume": 0.18}
[2026-09-26 01:11:21.258] [SFX] {"sound": "civ_move_2", "volume": 0.1}
[2026-09-26 01:11:21.403] [SFX] {"sound": "civ_move_2", "volume": 0.02}
[2026-09-26 01:11:21.404] [SFX] {"sound": "civ_move_2", "volume": 0.18}
[2026-09-26 01:11:21.572] [SFX] {"sound": "civ_move_2", "volume": 0.19}
[2026-09-26 01:11:21.573] [SFX] {"sound": "civ_move_2", "volume": 0.14}
[2026-09-26 01:11:21.573] [SFX] {"sound": "civ_move_1", "volume": 0.04}
[2026-09-26 01:11:21.574] [SFX] {"sound": "civ_move_2", "volume": 0.04}
[2026-09-26 01:11:21.575] [SFX] {"sound": "civ_move_2", "volume": 0.2}
[2026-09-26 01:11:21.605] [SFX] {"sound": "civ_move_1", "volume": 0.28}
[2026-09-26 01:11:21.656] [SFX] {"sound": "civ_move_2", "volume": 0.19}
[2026-09-26 01:11:21.657] [SFX] {"sound": "civ_move_2", "volume": 0.11}
[2026-09-26 01:11:21.738] [M] {"button": 1, "pos": [328, 139], "ui_clicked": false}
[2026-09-26 01:11:21.746] [JACK] JACK // CHROME SURGEON. HIS CACHES ARE FILLED WITH CUSTOM HARDWARE DRIVERS.
[2026-09-26 01:11:21.747] [SFX] {"sound": "click_target", "volume": 0.94}
[2026-09-26 01:11:21.789] [SFX] {"sound": "threat_pulse", "volume": 0.3}
[2026-09-26 01:11:21.810] [SFX] {"sound": "civ_move_2", "volume": 0.02}
[2026-09-26 01:11:21.811] [SFX] {"sound": "civ_move_2", "volume": 0.2}
[2026-09-26 01:11:21.986] [SFX] {"sound": "civ_move_2", "volume": 0.21}
[2026-09-26 01:11:21.986] [SFX] {"sound": "civ_move_2", "volume": 0.14}
[2026-09-26 01:11:21.987] [SFX] {"sound": "civ_move_1", "volume": 0.03}
[2026-09-26 01:11:21.988] [SFX] {"sound": "civ_move_2", "volume": 0.03}
[2026-09-26 01:11:21.989] [SFX] {"sound": "civ_move_2", "volume": 0.19}
[2026-09-26 01:11:22.019] [SFX] {"sound": "civ_move_1", "volume": 0.29}
[2026-09-26 01:11:22.042] [SFX] {"sound": "player_move", "volume": 0.4}
[2026-09-26 01:11:22.070] [SFX] {"sound": "civ_move_2", "volume": 0.21}
[2026-09-26 01:11:22.071] [SFX] {"sound": "civ_move_2", "volume": 0.1}
[2026-09-26 01:11:22.220] [SFX] {"sound": "civ_move_2", "volume": 0.01}
[2026-09-26 01:11:22.221] [SFX] {"sound": "civ_move_2", "volume": 0.22}
[2026-09-26 01:11:22.348] [SFX] {"sound": "player_move", "volume": 0.4}
[2026-09-26 01:11:22.400] [SFX] {"sound": "civ_move_2", "volume": 0.22}
[2026-09-26 01:11:22.401] [SFX] {"sound": "civ_move_2", "volume": 0.14}
[2026-09-26 01:11:22.401] [SFX] {"sound": "civ_move_1", "volume": 0.03}
[2026-09-26 01:11:22.402] [SFX] {"sound": "civ_move_2", "volume": 0.03}
[2026-09-26 01:11:22.403] [SFX] {"sound": "civ_move_2", "volume": 0.18}
[2026-09-26 01:11:22.432] [SFX] {"sound": "civ_move_1", "volume": 0.29}
[2026-09-26 01:11:22.482] [SFX] {"sound": "civ_move_2", "volume": 0.23}
[2026-09-26 01:11:22.483] [SFX] {"sound": "civ_move_2", "volume": 0.1}
[2026-09-26 01:11:22.631] [SFX] {"sound": "civ_move_2", "volume": 0.01}
[2026-09-26 01:11:22.631] [SFX] {"sound": "civ_move_2", "volume": 0.23}
[2026-09-26 01:11:22.662] [SFX] {"sound": "player_move", "volume": 0.4}
[2026-09-26 01:11:22.696] [SFX] {"sound": "threat_pulse", "volume": 0.31}
[2026-09-26 01:11:22.718] [C] {"civ_pos": [92, 26]}
[2026-09-26 01:11:22.728] [M] {"button": 1, "pos": [361, 157], "ui_clicked": true}
[2026-09-26 01:11:22.757] [SFX] {"sound": "infiltrate 1", "volume": 0.5}
[2026-09-26 01:11:22.805] [SFX] {"sound": "civ_move_2", "volume": 0.24}
[2026-09-26 01:11:22.806] [SFX] {"sound": "civ_move_2", "volume": 0.14}
[2026-09-26 01:11:22.807] [SFX] {"sound": "civ_move_1", "volume": 0.03}
[2026-09-26 01:11:22.807] [SFX] {"sound": "civ_move_2", "volume": 0.03}
[2026-09-26 01:11:22.808] [SFX] {"sound": "civ_move_2", "volume": 0.14}
[2026-09-26 01:11:22.837] [SFX] {"sound": "civ_move_1", "volume": 0.29}
[2026-09-26 01:11:22.887] [SFX] {"sound": "civ_move_2", "volume": 0.24}
[2026-09-26 01:11:22.888] [SFX] {"sound": "civ_move_2", "volume": 0.1}
[2026-09-26 01:11:22.970] [SFX] {"sound": "player_move", "volume": 0.4}
[2026-09-26 01:11:23.035] [SFX] {"sound": "civ_move_2", "volume": 0.02}
[2026-09-26 01:11:23.036] [SFX] {"sound": "civ_move_2", "volume": 0.25}
[2026-09-26 01:11:23.170] [SFX] {"sound": "infiltrate 2", "volume": 0.5}
[2026-09-26 01:11:23.220] [SFX] {"sound": "civ_move_2", "volume": 0.26}
[2026-09-26 01:11:23.220] [SFX] {"sound": "civ_move_2", "volume": 0.15}
[2026-09-26 01:11:23.221] [SFX] {"sound": "civ_move_1", "volume": 0.04}
[2026-09-26 01:11:23.222] [SFX] {"sound": "civ_move_2", "volume": 0.04}
[2026-09-26 01:11:23.222] [SFX] {"sound": "civ_move_2", "volume": 0.15}
[2026-09-26 01:11:23.252] [SFX] {"sound": "civ_move_1", "volume": 0.29}
[2026-09-26 01:11:23.285] [SFX] {"sound": "player_move", "volume": 0.4}
[2026-09-26 01:11:23.308] [SFX] {"sound": "civ_move_2", "volume": 0.26}
[2026-09-26 01:11:23.309] [SFX] {"sound": "civ_move_2", "volume": 0.1}
[2026-09-26 01:11:23.449] [SFX] {"sound": "civ_move_2", "volume": 0.03}
[2026-09-26 01:11:23.450] [SFX] {"sound": "civ_move_2", "volume": 0.27}
[2026-09-26 01:11:23.579] [SFX] {"sound": "infiltrate 1", "volume": 0.5}
[2026-09-26 01:11:23.601] [SFX] {"sound": "player_move", "volume": 0.4}
[2026-09-26 01:11:23.616] [SFX] {"sound": "threat_pulse", "volume": 0.32}
[2026-09-26 01:11:23.632] [SFX] {"sound": "civ_move_2", "volume": 0.28}
[2026-09-26 01:11:23.633] [SFX] {"sound": "civ_move_2", "volume": 0.16}
[2026-09-26 01:11:23.633] [SFX] {"sound": "civ_move_1", "volume": 0.05}
[2026-09-26 01:11:23.634] [SFX] {"sound": "civ_move_2", "volume": 0.05}
[2026-09-26 01:11:23.635] [SFX] {"sound": "civ_move_2", "volume": 0.16}
[2026-09-26 01:11:23.663] [SFX] {"sound": "civ_move_1", "volume": 0.29}
[2026-09-26 01:11:23.711] [SFX] {"sound": "civ_move_2", "volume": 0.29}
[2026-09-26 01:11:23.712] [SFX] {"sound": "civ_move_2", "volume": 0.11}
[2026-09-26 01:11:23.860] [SFX] {"sound": "civ_move_2", "volume": 0.04}
[2026-09-26 01:11:23.861] [SFX] {"sound": "civ_move_2", "volume": 0.3}
[2026-09-26 01:11:23.895] [SFX] {"sound": "player_move", "volume": 0.4}
[2026-09-26 01:11:23.992] [SFX] {"sound": "infiltrate 1", "volume": 0.5}
[2026-09-26 01:11:24.027] [SFX] {"sound": "civ_move_2", "volume": 0.3}
[2026-09-26 01:11:24.028] [SFX] {"sound": "civ_move_2", "volume": 0.17}
[2026-09-26 01:11:24.029] [SFX] {"sound": "civ_move_1", "volume": 0.05}
[2026-09-26 01:11:24.029] [SFX] {"sound": "civ_move_2", "volume": 0.05}
[2026-09-26 01:11:24.030] [SFX] {"sound": "civ_move_2", "volume": 0.16}
[2026-09-26 01:11:24.077] [SFX] {"sound": "civ_move_1", "volume": 0.29}
[2026-09-26 01:11:24.101] [SFX] {"sound": "hack_success", "volume": 1.0}
[2026-09-26 01:11:24.103] [JACK] JACK // STOLE 1 DATA FROM REN VANCE (SUB-DERMAL MODDER). TARGET FLEEING TO GUARD SPOT!
[2026-09-26 01:11:24.104] [JACK] JACK // CHROME SURGEON. HIS CACHES ARE FILLED WITH CUSTOM HARDWARE DRIVERS.
[2026-09-26 01:11:24.120] [SFX] {"sound": "civ_move_2", "volume": 0.29}
[2026-09-26 01:11:24.121] [SFX] {"sound": "civ_move_2", "volume": 0.12}
[2026-09-26 01:11:24.262] [SFX] {"sound": "civ_move_2", "volume": 0.05}
[2026-09-26 01:11:24.263] [SFX] {"sound": "civ_move_2", "volume": 0.29}
[2026-09-26 01:11:24.427] [SFX] {"sound": "civ_move_2", "volume": 0.28}
[2026-09-26 01:11:24.428] [SFX] {"sound": "civ_move_2", "volume": 0.21}
[2026-09-26 01:11:24.428] [SFX] {"sound": "civ_move_1", "volume": 0.06}
[2026-09-26 01:11:24.429] [SFX] {"sound": "civ_move_2", "volume": 0.06}
[2026-09-26 01:11:24.430] [SFX] {"sound": "civ_move_2", "volume": 0.16}
[2026-09-26 01:11:24.478] [SFX] {"sound": "civ_move_1", "volume": 0.28}
[2026-09-26 01:11:24.511] [SFX] {"sound": "threat_pulse", "volume": 0.31}
[2026-09-26 01:11:24.534] [SFX] {"sound": "civ_move_2", "volume": 0.28}
[2026-09-26 01:11:24.535] [SFX] {"sound": "civ_move_2", "volume": 0.13}
[2026-09-26 01:11:24.677] [SFX] {"sound": "civ_move_2", "volume": 0.06}
[2026-09-26 01:11:24.678] [SFX] {"sound": "civ_move_2", "volume": 0.27}
[2026-09-26 01:11:24.844] [SFX] {"sound": "civ_move_2", "volume": 0.23}
[2026-09-26 01:11:24.845] [SFX] {"sound": "civ_move_1", "volume": 0.07}
[2026-09-26 01:11:24.846] [SFX] {"sound": "civ_move_2", "volume": 0.07}
[2026-09-26 01:11:24.846] [SFX] {"sound": "civ_move_2", "volume": 0.15}
[2026-09-26 01:11:24.893] [SFX] {"sound": "civ_move_1", "volume": 0.27}
[2026-09-26 01:11:24.943] [SFX] {"sound": "civ_move_2", "volume": 0.27}
[2026-09-26 01:11:24.944] [SFX] {"sound": "civ_move_2", "volume": 0.14}
[2026-09-26 01:11:25.091] [SFX] {"sound": "civ_move_2", "volume": 0.07}
[2026-09-26 01:11:25.092] [SFX] {"sound": "civ_move_2", "volume": 0.21}
[2026-09-26 01:11:25.259] [SFX] {"sound": "civ_move_2", "volume": 0.24}
[2026-09-26 01:11:25.259] [SFX] {"sound": "civ_move_1", "volume": 0.08}
[2026-09-26 01:11:25.260] [SFX] {"sound": "civ_move_2", "volume": 0.08}
[2026-09-26 01:11:25.261] [SFX] {"sound": "civ_move_2", "volume": 0.15}
[2026-09-26 01:11:25.307] [SFX] {"sound": "civ_move_1", "volume": 0.26}
[2026-09-26 01:11:25.361] [SFX] {"sound": "civ_move_2", "volume": 0.21}
[2026-09-26 01:11:25.362] [SFX] {"sound": "civ_move_2", "volume": 0.15}
[2026-09-26 01:11:25.505] [SFX] {"sound": "civ_move_2", "volume": 0.08}
[2026-09-26 01:11:25.505] [SFX] {"sound": "civ_move_2", "volume": 0.21}
[2026-09-26 01:11:25.672] [SFX] {"sound": "civ_move_2", "volume": 0.25}
[2026-09-26 01:11:25.673] [SFX] {"sound": "civ_move_1", "volume": 0.09}
[2026-09-26 01:11:25.674] [SFX] {"sound": "civ_move_2", "volume": 0.09}
[2026-09-26 01:11:25.675] [SFX] {"sound": "civ_move_2", "volume": 0.14}
[2026-09-26 01:11:25.721] [SFX] {"sound": "civ_move_1", "volume": 0.24}
[2026-09-26 01:11:25.756] [SFX] {"sound": "civ_move_2", "volume": 0.21}
[2026-09-26 01:11:25.757] [SFX] {"sound": "civ_move_2", "volume": 0.16}
[2026-09-26 01:11:25.870] [M] {"button": 1, "pos": [260, 235], "ui_clicked": false}
[2026-09-26 01:11:25.878] [JACK] JACK // HEAVY VAULT LOCKS. EXTRACTION YIELDS HUGE DATA FRAGMENT REWARDS.
[2026-09-26 01:11:25.879] [SFX] {"sound": "click_target", "volume": 0.7}
[2026-09-26 01:11:25.905] [SFX] {"sound": "civ_move_2", "volume": 0.09}
[2026-09-26 01:11:25.906] [SFX] {"sound": "civ_move_2", "volume": 0.21}
[2026-09-26 01:11:25.974] [SFX] {"sound": "player_move", "volume": 0.4}
[2026-09-26 01:11:26.073] [SFX] {"sound": "civ_move_2", "volume": 0.21}
[2026-09-26 01:11:26.074] [SFX] {"sound": "civ_move_2", "volume": 0.23}
[2026-09-26 01:11:26.075] [SFX] {"sound": "civ_move_1", "volume": 0.11}
[2026-09-26 01:11:26.076] [SFX] {"sound": "civ_move_2", "volume": 0.11}
[2026-09-26 01:11:26.076] [SFX] {"sound": "civ_move_2", "volume": 0.12}
[2026-09-26 01:11:26.122] [SFX] {"sound": "civ_move_1", "volume": 0.2}
[2026-09-26 01:11:26.156] [SFX] {"sound": "civ_move_2", "volume": 0.22}
[2026-09-26 01:11:26.157] [SFX] {"sound": "civ_move_2", "volume": 0.18}
[2026-09-26 01:11:26.288] [SFX] {"sound": "player_move", "volume": 0.4}
[2026-09-26 01:11:26.289] [C] {"civ_pos": [92, 31]}
[2026-09-26 01:11:26.328] [SFX] {"sound": "civ_move_2", "volume": 0.1}
[2026-09-26 01:11:26.328] [SFX] {"sound": "civ_move_2", "volume": 0.23}
[2026-09-26 01:11:26.478] [SFX] {"sound": "civ_move_2", "volume": 0.24}
[2026-09-26 01:11:26.479] [SFX] {"sound": "civ_move_2", "volume": 0.23}
[2026-09-26 01:11:26.480] [SFX] {"sound": "civ_move_1", "volume": 0.15}
[2026-09-26 01:11:26.480] [SFX] {"sound": "civ_move_2", "volume": 0.15}
[2026-09-26 01:11:26.481] [SFX] {"sound": "civ_move_2", "volume": 0.13}
[2026-09-26 01:11:26.528] [SFX] {"sound": "civ_move_1", "volume": 0.18}
[2026-09-26 01:11:26.564] [SFX] {"sound": "civ_move_2", "volume": 0.23}
[2026-09-26 01:11:26.565] [SFX] {"sound": "civ_move_2", "volume": 0.22}
[2026-09-26 01:11:26.599] [SFX] {"sound": "player_move", "volume": 0.4}
[2026-09-26 01:11:26.730] [SFX] {"sound": "civ_move_2", "volume": 0.12}
[2026-09-26 01:11:26.731] [SFX] {"sound": "civ_move_2", "volume": 0.23}
[2026-09-26 01:11:26.891] [SFX] {"sound": "civ_move_1", "volume": 0.17}
[2026-09-26 01:11:26.891] [SFX] {"sound": "civ_move_2", "volume": 0.17}
[2026-09-26 01:11:26.892] [SFX] {"sound": "civ_move_2", "volume": 0.13}
[2026-09-26 01:11:26.913] [SFX] {"sound": "player_move", "volume": 0.4}
[2026-09-26 01:11:26.939] [SFX] {"sound": "civ_move_1", "volume": 0.17}
[2026-09-26 01:11:26.973] [SFX] {"sound": "civ_move_2", "volume": 0.23}
[2026-09-26 01:11:26.973] [SFX] {"sound": "civ_move_2", "volume": 0.24}
[2026-09-26 01:11:27.006] [SFX] {"sound": "threat_pulse", "volume": 0.31}
[2026-09-26 01:11:27.139] [SFX] {"sound": "civ_move_2", "volume": 0.13}
[2026-09-26 01:11:27.140] [SFX] {"sound": "civ_move_2", "volume": 0.23}
[2026-09-26 01:11:27.222] [SFX] {"sound": "player_move", "volume": 0.4}
[2026-09-26 01:11:27.290] [M] {"button": 1, "pos": [360, 250], "ui_clicked": true}
[2026-09-26 01:11:27.334] [SFX] {"sound": "civ_move_2", "volume": 0.23}
[2026-09-26 01:11:27.335] [SFX] {"sound": "civ_move_1", "volume": 0.19}
[2026-09-26 01:11:27.336] [SFX] {"sound": "civ_move_2", "volume": 0.19}
[2026-09-26 01:11:27.337] [SFX] {"sound": "civ_move_2", "volume": 0.12}
[2026-09-26 01:11:27.358] [SFX] {"sound": "civ_move_1", "volume": 0.17}
[2026-09-26 01:11:27.384] [SFX] {"sound": "civ_move_2", "volume": 0.23}
[2026-09-26 01:11:27.384] [SFX] {"sound": "civ_move_2", "volume": 0.28}
[2026-09-26 01:11:27.535] [SFX] {"sound": "player_move", "volume": 0.4}
[2026-09-26 01:11:27.557] [SFX] {"sound": "civ_move_2", "volume": 0.14}
[2026-09-26 01:11:27.558] [SFX] {"sound": "civ_move_2", "volume": 0.23}
[2026-09-26 01:11:27.601] [SFX] {"sound": "infiltrate 2", "volume": 0.5}
[2026-09-26 01:11:27.735] [SFX] {"sound": "civ_move_2", "volume": 0.23}
[2026-09-26 01:11:27.736] [SFX] {"sound": "civ_move_2", "volume": 0.22}
[2026-09-26 01:11:27.737] [SFX] {"sound": "civ_move_1", "volume": 0.21}
[2026-09-26 01:11:27.737] [SFX] {"sound": "civ_move_2", "volume": 0.21}
[2026-09-26 01:11:27.738] [SFX] {"sound": "civ_move_2", "volume": 0.13}
[2026-09-26 01:11:27.757] [SFX] {"sound": "civ_move_1", "volume": 0.17}
[2026-09-26 01:11:27.785] [SFX] {"sound": "civ_move_2", "volume": 0.23}
[2026-09-26 01:11:27.786] [SFX] {"sound": "civ_move_2", "volume": 0.26}
[2026-09-26 01:11:27.851] [SFX] {"sound": "player_move", "volume": 0.4}
[2026-09-26 01:11:27.919] [SFX] {"sound": "threat_pulse", "volume": 0.32}
[2026-09-26 01:11:27.953] [SFX] {"sound": "civ_move_2", "volume": 0.14}
[2026-09-26 01:11:27.954] [SFX] {"sound": "civ_move_2", "volume": 0.23}
[2026-09-26 01:11:28.004] [SFX] {"sound": "infiltrate 2", "volume": 0.5}
[2026-09-26 01:11:28.138] [SFX] {"sound": "civ_move_2", "volume": 0.23}
[2026-09-26 01:11:28.139] [SFX] {"sound": "civ_move_2", "volume": 0.22}
[2026-09-26 01:11:28.140] [SFX] {"sound": "civ_move_1", "volume": 0.22}
[2026-09-26 01:11:28.141] [SFX] {"sound": "civ_move_2", "volume": 0.22}
[2026-09-26 01:11:28.142] [SFX] {"sound": "civ_move_2", "volume": 0.12}
[2026-09-26 01:11:28.161] [SFX] {"sound": "player_move", "volume": 0.4}
[2026-09-26 01:11:28.161] [SFX] {"sound": "civ_move_1", "volume": 0.17}
[2026-09-26 01:11:28.187] [SFX] {"sound": "civ_move_2", "volume": 0.23}
[2026-09-26 01:11:28.187] [SFX] {"sound": "civ_move_2", "volume": 0.24}
[2026-09-26 01:11:28.354] [SFX] {"sound": "civ_move_2", "volume": 0.14}
[2026-09-26 01:11:28.354] [SFX] {"sound": "civ_move_2", "volume": 0.22}
[2026-09-26 01:11:28.403] [SFX] {"sound": "infiltrate 2", "volume": 0.5}
[2026-09-26 01:11:28.470] [SFX] {"sound": "player_move", "volume": 0.4}
[2026-09-26 01:11:28.552] [SFX] {"sound": "civ_move_2", "volume": 0.23}
[2026-09-26 01:11:28.553] [SFX] {"sound": "civ_move_2", "volume": 0.22}
[2026-09-26 01:11:28.554] [SFX] {"sound": "civ_move_1", "volume": 0.23}
[2026-09-26 01:11:28.555] [SFX] {"sound": "civ_move_2", "volume": 0.23}
[2026-09-26 01:11:28.555] [SFX] {"sound": "civ_move_2", "volume": 0.12}
[2026-09-26 01:11:28.575] [SFX] {"sound": "civ_move_1", "volume": 0.18}
[2026-09-26 01:11:28.601] [SFX] {"sound": "civ_move_2", "volume": 0.22}
[2026-09-26 01:11:28.602] [SFX] {"sound": "civ_move_2", "volume": 0.23}
[2026-09-26 01:11:28.665] [SFX] {"sound": "hack_success", "volume": 1.0}
[2026-09-26 01:11:36.005] [M] {"button": 1, "pos": [257, 257], "ui_clicked": true}
[2026-09-26 01:11:36.005] [SFX] {"sound": "hack_success", "volume": 1.0}
[2026-09-26 01:11:36.093] [SFX] {"sound": "civ_move_2", "volume": 0.18}
[2026-09-26 01:11:36.094] [SFX] {"sound": "civ_move_2", "volume": 0.21}
[2026-09-26 01:11:36.115] [SFX] {"sound": "player_move", "volume": 0.4}
[2026-09-26 01:11:36.142] [C] {"civ_pos": [92, 37]}
[2026-09-26 01:11:36.171] [SFX] {"sound": "threat_pulse", "volume": 0.41}
[2026-09-26 01:11:36.295] [SFX] {"sound": "civ_move_2", "volume": 0.23}
[2026-09-26 01:11:36.296] [SFX] {"sound": "civ_move_1", "volume": 0.3}
[2026-09-26 01:11:36.297] [SFX] {"sound": "civ_move_2", "volume": 0.3}
[2026-09-26 01:11:36.297] [SFX] {"sound": "civ_move_2", "volume": 0.11}
[2026-09-26 01:11:36.319] [SFX] {"sound": "civ_move_1", "volume": 0.18}
[2026-09-26 01:11:36.345] [SFX] {"sound": "civ_move_2", "volume": 0.21}
[2026-09-26 01:11:36.345] [SFX] {"sound": "civ_move_2", "volume": 0.22}
[2026-09-26 01:11:36.410] [SFX] {"sound": "player_move", "volume": 0.4}
[2026-09-26 01:11:36.492] [SFX] {"sound": "civ_move_2", "volume": 0.18}
[2026-09-26 01:11:36.493] [SFX] {"sound": "civ_move_2", "volume": 0.2}
[2026-09-26 01:11:36.710] [SFX] {"sound": "civ_move_2", "volume": 0.23}
[2026-09-26 01:11:36.711] [SFX] {"sound": "civ_move_2", "volume": 0.25}
[2026-09-26 01:11:36.711] [SFX] {"sound": "civ_move_1", "volume": 0.29}
[2026-09-26 01:11:36.712] [SFX] {"sound": "civ_move_2", "volume": 0.29}
[2026-09-26 01:11:36.713] [SFX] {"sound": "civ_move_2", "volume": 0.1}
[2026-09-26 01:11:36.732] [SFX] {"sound": "player_move", "volume": 0.4}
[2026-09-26 01:11:36.733] [SFX] {"sound": "civ_move_1", "volume": 0.18}
[2026-09-26 01:11:36.759] [SFX] {"sound": "civ_move_2", "volume": 0.2}
[2026-09-26 01:11:36.760] [SFX] {"sound": "civ_move_2", "volume": 0.22}
[2026-09-26 01:11:36.909] [SFX] {"sound": "civ_move_2", "volume": 0.18}
[2026-09-26 01:11:36.909] [SFX] {"sound": "civ_move_2", "volume": 0.2}
[2026-09-26 01:11:36.974] [SFX] {"sound": "threat_pulse", "volume": 0.49}
[2026-09-26 01:11:37.039] [SFX] {"sound": "player_move", "volume": 0.4}
[2026-09-26 01:11:37.122] [SFX] {"sound": "civ_move_2", "volume": 0.23}
[2026-09-26 01:11:37.122] [SFX] {"sound": "civ_move_2", "volume": 0.26}
[2026-09-26 01:11:37.123] [SFX] {"sound": "civ_move_1", "volume": 0.28}
[2026-09-26 01:11:37.124] [SFX] {"sound": "civ_move_2", "volume": 0.28}
[2026-09-26 01:11:37.124] [SFX] {"sound": "civ_move_2", "volume": 0.1}
[2026-09-26 01:11:37.145] [SFX] {"sound": "civ_move_1", "volume": 0.14}
[2026-09-26 01:11:37.172] [SFX] {"sound": "civ_move_2", "volume": 0.19}
[2026-09-26 01:11:37.172] [SFX] {"sound": "civ_move_2", "volume": 0.21}
[2026-09-26 01:11:37.322] [SFX] {"sound": "civ_move_2", "volume": 0.17}
[2026-09-26 01:11:37.323] [SFX] {"sound": "civ_move_2", "volume": 0.19}
[2026-09-26 01:11:37.344] [SFX] {"sound": "player_move", "volume": 0.4}
[2026-09-26 01:11:37.538] [SFX] {"sound": "civ_move_2", "volume": 0.23}
[2026-09-26 01:11:37.538] [SFX] {"sound": "civ_move_2", "volume": 0.27}
[2026-09-26 01:11:37.539] [SFX] {"sound": "civ_move_1", "volume": 0.26}
[2026-09-26 01:11:37.540] [SFX] {"sound": "civ_move_2", "volume": 0.26}
[2026-09-26 01:11:37.540] [SFX] {"sound": "civ_move_2", "volume": 0.09}
[2026-09-26 01:11:37.560] [SFX] {"sound": "civ_move_1", "volume": 0.14}
[2026-09-26 01:11:37.589] [SFX] {"sound": "civ_move_2", "volume": 0.18}
[2026-09-26 01:11:37.589] [SFX] {"sound": "civ_move_2", "volume": 0.21}
[2026-09-26 01:11:37.590] [SFX] {"sound": "threat_pulse", "volume": 0.55}
[2026-09-26 01:11:37.652] [SFX] {"sound": "player_move", "volume": 0.4}
[2026-09-26 01:11:37.734] [SFX] {"sound": "civ_move_2", "volume": 0.17}
[2026-09-26 01:11:37.735] [SFX] {"sound": "civ_move_2", "volume": 0.18}
[2026-09-26 01:11:37.948] [SFX] {"sound": "civ_move_2", "volume": 0.23}
[2026-09-26 01:11:37.949] [SFX] {"sound": "civ_move_2", "volume": 0.28}
[2026-09-26 01:11:37.949] [SFX] {"sound": "civ_move_1", "volume": 0.25}
[2026-09-26 01:11:37.950] [SFX] {"sound": "civ_move_2", "volume": 0.25}
[2026-09-26 01:11:37.951] [SFX] {"sound": "civ_move_2", "volume": 0.08}
[2026-09-26 01:11:37.970] [SFX] {"sound": "player_move", "volume": 0.4}
[2026-09-26 01:11:37.971] [SFX] {"sound": "civ_move_1", "volume": 0.14}
[2026-09-26 01:11:37.999] [SFX] {"sound": "civ_move_2", "volume": 0.17}
[2026-09-26 01:11:38.000] [SFX] {"sound": "civ_move_2", "volume": 0.2}
[2026-09-26 01:11:38.001] [SFX] {"sound": "threat_pulse", "volume": 0.59}
[2026-09-26 01:11:38.133] [SFX] {"sound": "civ_move_2", "volume": 0.16}
[2026-09-26 01:11:38.134] [SFX] {"sound": "civ_move_2", "volume": 0.17}
[2026-09-26 01:11:38.267] [SFX] {"sound": "player_move", "volume": 0.4}
[2026-09-26 01:11:38.301] [SFX] {"sound": "threat_pulse", "volume": 0.62}
[2026-09-26 01:11:38.352] [SFX] {"sound": "civ_move_2", "volume": 0.23}
[2026-09-26 01:11:38.353] [SFX] {"sound": "civ_move_2", "volume": 0.29}
[2026-09-26 01:11:38.353] [SFX] {"sound": "civ_move_1", "volume": 0.24}
[2026-09-26 01:11:38.354] [SFX] {"sound": "civ_move_2", "volume": 0.24}
[2026-09-26 01:11:38.354] [SFX] {"sound": "civ_move_2", "volume": 0.07}
[2026-09-26 01:11:38.376] [SFX] {"sound": "civ_move_1", "volume": 0.14}
[2026-09-26 01:11:38.401] [SFX] {"sound": "civ_move_2", "volume": 0.16}
[2026-09-26 01:11:38.402] [SFX] {"sound": "civ_move_2", "volume": 0.2}
[2026-09-26 01:11:38.502] [SFX] {"sound": "threat_pulse", "volume": 0.64}
[2026-09-26 01:11:38.535] [SFX] {"sound": "civ_move_2", "volume": 0.16}
[2026-09-26 01:11:38.569] [SFX] {"sound": "player_move", "volume": 0.4}
[2026-09-26 01:11:38.653] [C] {"civ_pos": [92, 37]}
[2026-09-26 01:11:38.714] [SFX] {"sound": "threat_pulse", "volume": 0.67}
[2026-09-26 01:11:38.762] [SFX] {"sound": "civ_move_2", "volume": 0.23}
[2026-09-26 01:11:38.763] [SFX] {"sound": "civ_move_1", "volume": 0.23}
[2026-09-26 01:11:38.764] [SFX] {"sound": "civ_move_2", "volume": 0.23}
[2026-09-26 01:11:38.764] [SFX] {"sound": "civ_move_2", "volume": 0.07}
[2026-09-26 01:11:38.785] [SFX] {"sound": "civ_move_1", "volume": 0.13}
[2026-09-26 01:11:38.812] [SFX] {"sound": "civ_move_2", "volume": 0.15}
[2026-09-26 01:11:38.813] [SFX] {"sound": "civ_move_2", "volume": 0.19}
[2026-09-26 01:11:38.836] [SFX] {"sound": "threat_pulse", "volume": 0.68}
[2026-09-26 01:11:38.878] [SFX] {"sound": "player_move", "volume": 0.4}
[2026-09-26 01:11:38.928] [SFX] {"sound": "threat_pulse", "volume": 0.69}
[2026-09-26 01:11:38.952] [SFX] {"sound": "civ_move_2", "volume": 0.16}
[2026-09-26 01:11:38.953] [SFX] {"sound": "civ_move_2", "volume": 0.15}
[2026-09-26 01:11:39.044] [M] {"button": 1, "pos": [351, 181], "ui_clicked": false}
[2026-09-26 01:11:39.053] [SFX] {"sound": "threat_pulse", "volume": 0.7}
[2026-09-26 01:11:39.054] [SFX] {"sound": "click_target", "volume": 0.76}
[2026-09-26 01:11:39.069] [SFX] {"sound": "alert_trigger", "volume": 1.0}
[2026-09-26 01:11:39.146] [SFX] {"sound": "threat_pulse", "volume": 0.7}
[2026-09-26 01:11:39.169] [SFX] {"sound": "civ_move_2", "volume": 0.23}
[2026-09-26 01:11:39.169] [SFX] {"sound": "civ_move_2", "volume": 0.22}
[2026-09-26 01:11:39.170] [SFX] {"sound": "civ_move_1", "volume": 0.22}
[2026-09-26 01:11:39.171] [SFX] {"sound": "civ_move_2", "volume": 0.22}
[2026-09-26 01:11:39.171] [SFX] {"sound": "civ_move_2", "volume": 0.06}
[2026-09-26 01:11:39.187] [SFX] {"sound": "player_move", "volume": 0.4}
[2026-09-26 01:11:39.188] [SFX] {"sound": "civ_move_1", "volume": 0.13}
[2026-09-26 01:11:39.214] [SFX] {"sound": "civ_move_2", "volume": 0.14}
[2026-09-26 01:11:39.215] [SFX] {"sound": "civ_move_2", "volume": 0.18}
[2026-09-26 01:11:39.248] [SFX] {"sound": "threat_pulse", "volume": 0.7}
[2026-09-26 01:11:39.347] [SFX] {"sound": "civ_move_2", "volume": 0.17}
[2026-09-26 01:11:39.348] [SFX] {"sound": "civ_move_2", "volume": 0.14}
[2026-09-26 01:11:39.349] [SFX] {"sound": "threat_pulse", "volume": 0.7}
[2026-09-26 01:11:39.496] [SFX] {"sound": "player_move", "volume": 0.4}
[2026-09-26 01:11:39.564] [SFX] {"sound": "civ_move_2", "volume": 0.23}
[2026-09-26 01:11:39.565] [SFX] {"sound": "civ_move_2", "volume": 0.22}
[2026-09-26 01:11:39.566] [SFX] {"sound": "civ_move_1", "volume": 0.22}
[2026-09-26 01:11:39.566] [SFX] {"sound": "civ_move_2", "volume": 0.22}
[2026-09-26 01:11:39.567] [SFX] {"sound": "civ_move_2", "volume": 0.05}
[2026-09-26 01:11:39.568] [SFX] {"sound": "threat_pulse", "volume": 0.7}
[2026-09-26 01:11:39.588] [SFX] {"sound": "civ_move_1", "volume": 0.12}
[2026-09-26 01:11:39.630] [SFX] {"sound": "civ_move_2", "volume": 0.13}
[2026-09-26 01:11:39.630] [SFX] {"sound": "civ_move_2", "volume": 0.17}
[2026-09-26 01:11:39.678] [SFX] {"sound": "threat_pulse", "volume": 0.7}
[2026-09-26 01:11:39.761] [SFX] {"sound": "civ_move_2", "volume": 0.18}
[2026-09-26 01:11:39.761] [SFX] {"sound": "civ_move_2", "volume": 0.13}
[2026-09-26 01:11:39.793] [SFX] {"sound": "threat_pulse", "volume": 0.7}
[2026-09-26 01:11:39.817] [SFX] {"sound": "player_move", "volume": 0.4}
[2026-09-26 01:11:39.895] [SFX] {"sound": "threat_pulse", "volume": 0.7}
[2026-09-26 01:11:39.977] [SFX] {"sound": "civ_move_2", "volume": 0.23}
[2026-09-26 01:11:39.978] [SFX] {"sound": "civ_move_2", "volume": 0.21}
[2026-09-26 01:11:39.978] [SFX] {"sound": "civ_move_1", "volume": 0.21}
[2026-09-26 01:11:39.979] [SFX] {"sound": "civ_move_2", "volume": 0.21}
[2026-09-26 01:11:39.980] [SFX] {"sound": "civ_move_2", "volume": 0.04}
[2026-09-26 01:11:40.000] [SFX] {"sound": "civ_move_1", "volume": 0.12}
[2026-09-26 01:11:40.018] [SFX] {"sound": "threat_pulse", "volume": 0.7}
[2026-09-26 01:11:40.045] [SFX] {"sound": "civ_move_2", "volume": 0.12}
[2026-09-26 01:11:40.046] [SFX] {"sound": "civ_move_2", "volume": 0.16}
[2026-09-26 01:11:40.092] [M] {"button": 1, "pos": [325, 106], "ui_clicked": false}
[2026-09-26 01:11:40.101] [SFX] {"sound": "action_cancel", "volume": 1.0}
[2026-09-26 01:11:40.102] [P] {"start": [92, 36], "goal": [92, 32], "length": 1, "is_direction_change": false}
[2026-09-26 01:11:40.103] [SFX] {"sound": "click_target", "volume": 0.89}
[2026-09-26 01:11:40.139] [JACK] Hörst du das Wummern? Sentinels in der Nähe... Bloß keinen falschen Schritt machen!
[2026-09-26 01:11:40.140] [SFX] {"sound": "player_move", "volume": 0.4}
[2026-09-26 01:11:40.140] [SFX] {"sound": "threat_pulse", "volume": 0.7}
[2026-09-26 01:11:40.166] [SFX] {"sound": "civ_move_2", "volume": 0.19}
[2026-09-26 01:11:40.168] [SFX] {"sound": "civ_move_2", "volume": 0.11}
[2026-09-26 01:11:40.217] [SFX] {"sound": "threat_pulse", "volume": 0.7}
[2026-09-26 01:11:40.380] [SFX] {"sound": "civ_move_2", "volume": 0.2}
[2026-09-26 01:11:40.381] [SFX] {"sound": "civ_move_2", "volume": 0.17}
[2026-09-26 01:11:40.382] [SFX] {"sound": "civ_move_1", "volume": 0.24}
[2026-09-26 01:11:40.383] [SFX] {"sound": "civ_move_2", "volume": 0.24}
[2026-09-26 01:11:40.384] [SFX] {"sound": "civ_move_2", "volume": 0.0}
[2026-09-26 01:11:40.403] [SFX] {"sound": "civ_move_1", "volume": 0.09}
[2026-09-26 01:11:40.446] [SFX] {"sound": "civ_move_2", "volume": 0.08}
[2026-09-26 01:11:40.447] [SFX] {"sound": "civ_move_2", "volume": 0.17}
[2026-09-26 01:11:40.448] [SFX] {"sound": "threat_pulse", "volume": 0.7}
[2026-09-26 01:11:40.581] [SFX] {"sound": "civ_move_2", "volume": 0.22}
[2026-09-26 01:11:40.582] [SFX] {"sound": "civ_move_2", "volume": 0.08}
[2026-09-26 01:11:40.648] [SFX] {"sound": "threat_pulse", "volume": 0.7}
[2026-09-26 01:11:40.797] [SFX] {"sound": "civ_move_2", "volume": 0.19}
[2026-09-26 01:11:40.797] [SFX] {"sound": "civ_move_2", "volume": 0.16}
[2026-09-26 01:11:40.798] [SFX] {"sound": "civ_move_1", "volume": 0.08}
[2026-09-26 01:11:40.798] [SFX] {"sound": "civ_move_1", "volume": 0.23}
[2026-09-26 01:11:40.799] [SFX] {"sound": "civ_move_2", "volume": 0.23}
[2026-09-26 01:11:40.829] [M] {"button": 1, "pos": [325, 106], "ui_clicked": false}
[2026-09-26 01:11:40.836] [P] {"start": [92, 32], "goal": [92, 27], "length": 1, "is_direction_change": false}
[2026-09-26 01:11:40.837] [SFX] {"sound": "click_target", "volume": 0.89}
[2026-09-26 01:11:40.874] [SFX] {"sound": "civ_move_2", "volume": 0.07}
[2026-09-26 01:11:40.875] [SFX] {"sound": "civ_move_2", "volume": 0.16}
[2026-09-26 01:11:40.891] [SFX] {"sound": "threat_pulse", "volume": 0.7}
[2026-09-26 01:11:40.915] [SFX] {"sound": "player_move", "volume": 0.4}
[2026-09-26 01:11:40.998] [SFX] {"sound": "civ_move_2", "volume": 0.24}
[2026-09-26 01:11:40.998] [SFX] {"sound": "civ_move_2", "volume": 0.05}
[2026-09-26 01:11:40.999] [SFX] {"sound": "threat_pulse", "volume": 0.7}
[2026-09-26 01:11:41.047] [SFX] {"sound": "alert_trigger", "volume": 1.0}
[2026-09-26 01:11:41.112] [SFX] {"sound": "threat_pulse", "volume": 0.7}
[2026-09-26 01:11:41.211] [SFX] {"sound": "civ_move_2", "volume": 0.15}
[2026-09-26 01:11:41.212] [SFX] {"sound": "civ_move_2", "volume": 0.12}
[2026-09-26 01:11:41.213] [SFX] {"sound": "civ_move_1", "volume": 0.05}
[2026-09-26 01:11:41.213] [SFX] {"sound": "civ_move_1", "volume": 0.23}
[2026-09-26 01:11:41.214] [SFX] {"sound": "civ_move_2", "volume": 0.23}
[2026-09-26 01:11:41.234] [SFX] {"sound": "threat_pulse", "volume": 0.7}
[2026-09-26 01:11:41.262] [SFX] {"sound": "civ_move_2", "volume": 0.03}
[2026-09-26 01:11:41.262] [SFX] {"sound": "civ_move_2", "volume": 0.15}
[2026-09-26 01:11:41.344] [SFX] {"sound": "threat_pulse", "volume": 0.7}
[2026-09-26 01:11:41.409] [SFX] {"sound": "civ_move_2", "volume": 0.26}
[2026-09-26 01:11:41.410] [SFX] {"sound": "civ_move_2", "volume": 0.03}
[2026-09-26 01:11:41.458] [SFX] {"sound": "threat_pulse", "volume": 0.7}
[2026-09-26 01:11:41.474] [M] {"button": 1, "pos": [329, 105], "ui_clicked": false}
[2026-09-26 01:11:41.482] [P] {"start": [92, 27], "goal": [92, 22], "length": 1, "is_direction_change": false}
[2026-09-26 01:11:41.483] [SFX] {"sound": "click_target", "volume": 0.89}
[2026-09-26 01:11:41.505] [JACK] Achtung! Guardians patrouillieren den Sektor. Wir müssen extrem vorsichtig sein!
[2026-09-26 01:11:41.565] [SFX] {"sound": "threat_pulse", "volume": 0.7}
[2026-09-26 01:11:41.613] [SFX] {"sound": "civ_move_2", "volume": 0.12}
[2026-09-26 01:11:41.614] [SFX] {"sound": "civ_move_2", "volume": 0.09}
[2026-09-26 01:11:41.615] [SFX] {"sound": "civ_move_1", "volume": 0.02}
[2026-09-26 01:11:41.616] [SFX] {"sound": "civ_move_1", "volume": 0.18}
[2026-09-26 01:11:41.617] [SFX] {"sound": "civ_move_2", "volume": 0.18}
[2026-09-26 01:11:41.640] [SFX] {"sound": "player_move", "volume": 0.4}
[2026-09-26 01:11:41.667] [SFX] {"sound": "civ_move_2", "volume": 0.11}
[2026-09-26 01:11:41.668] [SFX] {"sound": "threat_pulse", "volume": 0.7}
[2026-09-26 01:11:41.816] [SFX] {"sound": "civ_move_2", "volume": 0.21}
[2026-09-26 01:11:41.866] [SFX] {"sound": "threat_pulse", "volume": 0.7}
[2026-09-26 01:11:41.883] [M] {"button": 1, "pos": [329, 105], "ui_clicked": false}
[2026-09-26 01:11:41.890] [P] {"start": [92, 22], "goal": [92, 18], "length": 1, "is_direction_change": false}
[2026-09-26 01:11:41.891] [SFX] {"sound": "click_target", "volume": 0.92}
[2026-09-26 01:11:41.923] [JACK] Diese Bedrohung ist greifbar... Die Wachen dürfen unser Signal nicht isolieren.
[2026-09-26 01:11:41.981] [SFX] {"sound": "threat_pulse", "volume": 0.7}
[2026-09-26 01:11:42.015] [SFX] {"sound": "civ_move_2", "volume": 0.08}
[2026-09-26 01:11:42.016] [SFX] {"sound": "civ_move_2", "volume": 0.05}
[2026-09-26 01:11:42.017] [SFX] {"sound": "civ_move_1", "volume": 0.17}
[2026-09-26 01:11:42.018] [SFX] {"sound": "civ_move_2", "volume": 0.16}
[2026-09-26 01:11:42.081] [SFX] {"sound": "civ_move_2", "volume": 0.09}
[2026-09-26 01:11:42.104] [SFX] {"sound": "threat_pulse", "volume": 0.7}
[2026-09-26 01:11:42.231] [SFX] {"sound": "civ_move_2", "volume": 0.19}
[2026-09-26 01:11:42.312] [SFX] {"sound": "threat_pulse", "volume": 0.7}
[2026-09-26 01:11:42.329] [M] {"button": 1, "pos": [329, 105], "ui_clicked": false}
[2026-09-26 01:11:42.337] [P] {"start": [92, 18], "goal": [92, 14], "length": 1, "is_direction_change": false}
[2026-09-26 01:11:42.337] [SFX] {"sound": "click_target", "volume": 0.91}
[2026-09-26 01:11:42.376] [JACK] Verdammt, die Sentinels kreisen um uns... Ich habe echte Angst, ertappt zu werden!
[2026-09-26 01:11:42.377] [SFX] {"sound": "player_move", "volume": 0.4}
[2026-09-26 01:11:42.419] [SFX] {"sound": "civ_move_2", "volume": 0.05}
[2026-09-26 01:11:42.419] [SFX] {"sound": "civ_move_2", "volume": 0.02}
[2026-09-26 01:11:42.421] [SFX] {"sound": "civ_move_1", "volume": 0.17}
[2026-09-26 01:11:42.422] [SFX] {"sound": "civ_move_2", "volume": 0.14}
[2026-09-26 01:11:42.423] [SFX] {"sound": "threat_pulse", "volume": 0.7}
[2026-09-26 01:11:42.482] [SFX] {"sound": "civ_move_2", "volume": 0.08}
[2026-09-26 01:11:42.530] [SFX] {"sound": "threat_pulse", "volume": 0.7}
[2026-09-26 01:11:42.645] [SFX] {"sound": "civ_move_2", "volume": 0.17}
[2026-09-26 01:11:42.646] [SFX] {"sound": "threat_pulse", "volume": 0.7}
[2026-09-26 01:11:42.823] [SFX] {"sound": "civ_move_2", "volume": 0.03}
[2026-09-26 01:11:42.824] [SFX] {"sound": "civ_move_2", "volume": 0.0}
[2026-09-26 01:11:42.824] [SFX] {"sound": "civ_move_1", "volume": 0.17}
[2026-09-26 01:11:42.825] [SFX] {"sound": "civ_move_2", "volume": 0.12}
[2026-09-26 01:11:42.873] [SFX] {"sound": "threat_pulse", "volume": 0.7}
[2026-09-26 01:11:42.897] [SFX] {"sound": "civ_move_2", "volume": 0.07}
[2026-09-26 01:11:42.974] [SFX] {"sound": "threat_pulse", "volume": 0.7}
[2026-09-26 01:11:43.056] [SFX] {"sound": "civ_move_2", "volume": 0.17}
[2026-09-26 01:11:43.057] [SFX] {"sound": "alert_trigger", "volume": 1.0}
[2026-09-26 01:11:43.079] [SFX] {"sound": "threat_pulse", "volume": 0.7}
[2026-09-26 01:11:43.239] [SFX] {"sound": "civ_move_2", "volume": 0.02}
[2026-09-26 01:11:43.240] [SFX] {"sound": "civ_move_1", "volume": 0.17}
[2026-09-26 01:11:43.241] [SFX] {"sound": "civ_move_2", "volume": 0.12}
[2026-09-26 01:11:43.290] [SFX] {"sound": "threat_pulse", "volume": 0.7}
[2026-09-26 01:11:43.312] [SFX] {"sound": "civ_move_2", "volume": 0.06}
[2026-09-26 01:11:43.388] [M] {"button": 1, "pos": [329, 105], "ui_clicked": false}
[2026-09-26 01:11:43.404] [SFX] {"sound": "threat_pulse", "volume": 0.7}
[2026-09-26 01:11:43.471] [SFX] {"sound": "civ_move_2", "volume": 0.17}
[2026-09-26 01:11:43.505] [SFX] {"sound": "threat_pulse", "volume": 0.7}
[2026-09-26 01:11:43.655] [SFX] {"sound": "civ_move_2", "volume": 0.01}
[2026-09-26 01:11:43.656] [SFX] {"sound": "civ_move_1", "volume": 0.18}
[2026-09-26 01:11:43.657] [SFX] {"sound": "civ_move_2", "volume": 0.11}
[2026-09-26 01:11:43.704] [SFX] {"sound": "threat_pulse", "volume": 0.7}
[2026-09-26 01:11:43.727] [SFX] {"sound": "civ_move_2", "volume": 0.05}
[2026-09-26 01:11:43.807] [SFX] {"sound": "threat_pulse", "volume": 0.7}
[2026-09-26 01:11:43.873] [SFX] {"sound": "civ_move_2", "volume": 0.16}
[2026-09-26 01:11:43.923] [SFX] {"sound": "threat_pulse", "volume": 0.7}
[2026-09-26 01:11:44.022] [M] {"button": 1, "pos": [374, 120], "ui_clicked": false}
[2026-09-26 01:11:44.031] [P] {"start": [92, 14], "goal": [95, 10], "length": 2, "is_direction_change": false}
[2026-09-26 01:11:44.032] [SFX] {"sound": "click_target", "volume": 0.88}
[2026-09-26 01:11:44.066] [JACK] Überall Wacheinheiten... Ihr bedrohliches Summen brennt sich ins Deck.
[2026-09-26 01:11:44.067] [SFX] {"sound": "threat_pulse", "volume": 0.7}
[2026-09-26 01:11:44.082] [SFX] {"sound": "civ_move_1", "volume": 0.18}
[2026-09-26 01:11:44.083] [SFX] {"sound": "civ_move_2", "volume": 0.1}
[2026-09-26 01:11:44.126] [SFX] {"sound": "civ_move_2", "volume": 0.03}
[2026-09-26 01:11:44.150] [SFX] {"sound": "threat_pulse", "volume": 0.7}
[2026-09-26 01:11:44.166] [SFX] {"sound": "player_move", "volume": 0.4}
[2026-09-26 01:11:44.242] [SFX] {"sound": "threat_pulse", "volume": 0.7}
[2026-09-26 01:11:44.274] [SFX] {"sound": "civ_move_2", "volume": 0.14}
[2026-09-26 01:11:44.359] [SFX] {"sound": "threat_pulse", "volume": 0.7}
[2026-09-26 01:11:44.491] [SFX] {"sound": "civ_move_1", "volume": 0.16}
[2026-09-26 01:11:44.491] [SFX] {"sound": "civ_move_2", "volume": 0.09}
[2026-09-26 01:11:44.540] [SFX] {"sound": "civ_move_2", "volume": 0.04}
[2026-09-26 01:11:44.590] [SFX] {"sound": "threat_pulse", "volume": 0.7}
[2026-09-26 01:11:44.688] [SFX] {"sound": "civ_move_2", "volume": 0.12}
[2026-09-26 01:11:44.711] [SFX] {"sound": "threat_pulse", "volume": 0.7}
[2026-09-26 01:11:44.901] [SFX] {"sound": "civ_move_1", "volume": 0.17}
[2026-09-26 01:11:44.902] [SFX] {"sound": "civ_move_2", "volume": 0.08}
[2026-09-26 01:11:44.934] [SFX] {"sound": "threat_pulse", "volume": 0.7}
[2026-09-26 01:11:44.957] [SFX] {"sound": "civ_move_2", "volume": 0.03}
[2026-09-26 01:11:45.048] [SFX] {"sound": "threat_pulse", "volume": 0.7}
[2026-09-26 01:11:45.071] [SFX] {"sound": "alert_trigger", "volume": 1.0}
[2026-09-26 01:11:45.097] [SFX] {"sound": "civ_move_2", "volume": 0.12}
[2026-09-26 01:11:45.164] [SFX] {"sound": "threat_pulse", "volume": 0.7}
[2026-09-26 01:11:45.315] [SFX] {"sound": "civ_move_1", "volume": 0.18}
[2026-09-26 01:11:45.316] [SFX] {"sound": "civ_move_2", "volume": 0.07}
[2026-09-26 01:11:45.364] [M] {"button": 1, "pos": [422, 181], "ui_clicked": false}
[2026-09-26 01:11:45.372] [SFX] {"sound": "civ_move_2", "volume": 0.02}
[2026-09-26 01:11:45.373] [SFX] {"sound": "threat_pulse", "volume": 0.7}
[2026-09-26 01:11:45.373] [P] {"start": [95, 10], "goal": [101, 10], "length": 1, "is_direction_change": false}
[2026-09-26 01:11:45.374] [SFX] {"sound": "click_target", "volume": 0.68}
[2026-09-26 01:11:45.428] [JACK] Diese Bedrohung ist greifbar... Die Wachen dürfen unser Signal nicht isolieren.
[2026-09-26 01:11:45.453] [SFX] {"sound": "player_move", "volume": 0.4}
[2026-09-26 01:11:45.477] [SFX] {"sound": "threat_pulse", "volume": 0.7}
[2026-09-26 01:11:45.503] [SFX] {"sound": "civ_move_2", "volume": 0.11}
[2026-09-26 01:11:45.583] [SFX] {"sound": "threat_pulse", "volume": 0.7}
[2026-09-26 01:11:45.730] [SFX] {"sound": "civ_move_1", "volume": 0.16}
[2026-09-26 01:11:45.730] [SFX] {"sound": "civ_move_2", "volume": 0.07}
[2026-09-26 01:11:45.780] [SFX] {"sound": "civ_move_2", "volume": 0.04}
[2026-09-26 01:11:45.812] [SFX] {"sound": "threat_pulse", "volume": 0.7}
[2026-09-26 01:11:45.911] [SFX] {"sound": "civ_move_2", "volume": 0.1}
[2026-09-26 01:11:45.932] [SFX] {"sound": "threat_pulse", "volume": 0.7}
[2026-09-26 01:11:46.076] [M] {"button": 1, "pos": [440, 184], "ui_clicked": false}
[2026-09-26 01:11:46.084] [P] {"start": [101, 10], "goal": [107, 10], "length": 1, "is_direction_change": false}
[2026-09-26 01:11:46.085] [SFX] {"sound": "click_target", "volume": 0.66}
[2026-09-26 01:11:46.133] [SFX] {"sound": "civ_move_1", "volume": 0.16}
[2026-09-26 01:11:46.133] [SFX] {"sound": "civ_move_2", "volume": 0.07}
[2026-09-26 01:11:46.134] [SFX] {"sound": "threat_pulse", "volume": 0.7}
[2026-09-26 01:11:46.165] [SFX] {"sound": "player_move", "volume": 0.4}
[2026-09-26 01:11:46.189] [SFX] {"sound": "civ_move_2", "volume": 0.04}
[2026-09-26 01:11:46.248] [SFX] {"sound": "threat_pulse", "volume": 0.7}
[2026-09-26 01:11:46.312] [SFX] {"sound": "civ_move_2", "volume": 0.09}
[2026-09-26 01:11:46.361] [SFX] {"sound": "threat_pulse", "volume": 0.7}
[2026-09-26 01:11:46.542] [SFX] {"sound": "civ_move_1", "volume": 0.13}
[2026-09-26 01:11:46.542] [SFX] {"sound": "civ_move_2", "volume": 0.06}
[2026-09-26 01:11:46.592] [SFX] {"sound": "threat_pulse", "volume": 0.7}
[2026-09-26 01:11:46.725] [SFX] {"sound": "civ_move_2", "volume": 0.08}
[2026-09-26 01:11:46.809] [SFX] {"sound": "threat_pulse", "volume": 0.7}
[2026-09-26 01:11:46.943] [SFX] {"sound": "civ_move_1", "volume": 0.13}
[2026-09-26 01:11:46.944] [SFX] {"sound": "civ_move_2", "volume": 0.05}
[2026-09-26 01:11:47.024] [SFX] {"sound": "threat_pulse", "volume": 0.7}
[2026-09-26 01:11:47.075] [SFX] {"sound": "alert_trigger", "volume": 1.0}
[2026-09-26 01:11:47.140] [SFX] {"sound": "civ_move_2", "volume": 0.09}
[2026-09-26 01:11:47.141] [SFX] {"sound": "threat_pulse", "volume": 0.7}
[2026-09-26 01:11:47.357] [SFX] {"sound": "civ_move_1", "volume": 0.12}
[2026-09-26 01:11:47.358] [SFX] {"sound": "civ_move_2", "volume": 0.04}
[2026-09-26 01:11:47.445] [SFX] {"sound": "threat_pulse", "volume": 0.7}
[2026-09-26 01:11:47.544] [SFX] {"sound": "civ_move_2", "volume": 0.1}
[2026-09-26 01:11:47.545] [SFX] {"sound": "threat_pulse", "volume": 0.7}
[2026-09-26 01:11:47.760] [SFX] {"sound": "civ_move_1", "volume": 0.12}
[2026-09-26 01:11:47.760] [SFX] {"sound": "civ_move_2", "volume": 0.03}
[2026-09-26 01:11:47.761] [SFX] {"sound": "threat_pulse", "volume": 0.7}
[2026-09-26 01:11:47.793] [SFX] {"sound": "civ_move_2", "volume": 0.03}
[2026-09-26 01:11:47.876] [SFX] {"sound": "threat_pulse", "volume": 0.7}
[2026-09-26 01:11:47.945] [SFX] {"sound": "civ_move_1", "volume": 0.07}
[2026-09-26 01:11:47.966] [SFX] {"sound": "civ_move_2", "volume": 0.11}
[2026-09-26 01:11:47.986] [SFX] {"sound": "threat_pulse", "volume": 0.7}
[2026-09-26 01:11:48.175] [SFX] {"sound": "civ_move_1", "volume": 0.11}
[2026-09-26 01:11:48.176] [SFX] {"sound": "civ_move_2", "volume": 0.02}
[2026-09-26 01:11:48.191] [M] {"button": 1, "pos": [455, 188], "ui_clicked": false}
[2026-09-26 01:11:48.199] [P] {"start": [107, 10], "goal": [115, 10], "length": 1, "is_direction_change": false}
[2026-09-26 01:11:48.199] [SFX] {"sound": "click_target", "volume": 0.64}
[2026-09-26 01:11:48.235] [SFX] {"sound": "civ_move_2", "volume": 0.02}
[2026-09-26 01:11:48.237] [SFX] {"sound": "threat_pulse", "volume": 0.7}
[2026-09-26 01:11:48.297] [SFX] {"sound": "player_move", "volume": 0.4}
[2026-09-26 01:11:48.322] [SFX] {"sound": "threat_pulse", "volume": 0.7}
[2026-09-26 01:11:48.346] [SFX] {"sound": "civ_move_1", "volume": 0.07}
[2026-09-26 01:11:48.369] [SFX] {"sound": "civ_move_2", "volume": 0.09}
[2026-09-26 01:11:48.429] [SFX] {"sound": "threat_pulse", "volume": 0.7}
[2026-09-26 01:11:48.578] [SFX] {"sound": "civ_move_1", "volume": 0.07}
[2026-09-26 01:11:48.579] [SFX] {"sound": "civ_move_2", "volume": 0.01}
[2026-09-26 01:11:48.611] [SFX] {"sound": "civ_move_2", "volume": 0.06}
[2026-09-26 01:11:48.645] [SFX] {"sound": "threat_pulse", "volume": 0.7}
[2026-09-26 01:11:48.777] [SFX] {"sound": "civ_move_2", "volume": 0.08}
[2026-09-26 01:11:48.778] [SFX] {"sound": "civ_move_1", "volume": 0.05}
[2026-09-26 01:11:48.844] [SFX] {"sound": "threat_pulse", "volume": 0.7}
[2026-09-26 01:11:48.992] [SFX] {"sound": "civ_move_1", "volume": 0.06}
[2026-09-26 01:11:49.026] [SFX] {"sound": "civ_move_2", "volume": 0.05}
[2026-09-26 01:11:49.059] [SFX] {"sound": "threat_pulse", "volume": 0.7}
[2026-09-26 01:11:49.175] [SFX] {"sound": "threat_pulse", "volume": 0.69}
[2026-09-26 01:11:49.197] [SFX] {"sound": "civ_move_2", "volume": 0.08}
[2026-09-26 01:11:49.198] [SFX] {"sound": "civ_move_1", "volume": 0.06}
[2026-09-26 01:11:49.288] [SFX] {"sound": "threat_pulse", "volume": 0.69}
[2026-09-26 01:11:49.403] [SFX] {"sound": "civ_move_1", "volume": 0.06}
[2026-09-26 01:11:49.403] [SFX] {"sound": "threat_pulse", "volume": 0.68}
[2026-09-26 01:11:49.436] [SFX] {"sound": "civ_move_2", "volume": 0.04}
[2026-09-26 01:11:49.518] [SFX] {"sound": "threat_pulse", "volume": 0.68}
[2026-09-26 01:11:49.598] [SFX] {"sound": "civ_move_2", "volume": 0.08}
[2026-09-26 01:11:49.599] [SFX] {"sound": "civ_move_1", "volume": 0.07}
[2026-09-26 01:11:49.632] [SFX] {"sound": "threat_pulse", "volume": 0.67}
[2026-09-26 01:11:49.850] [SFX] {"sound": "civ_move_2", "volume": 0.03}
[2026-09-26 01:11:49.851] [SFX] {"sound": "threat_pulse", "volume": 0.66}
[2026-09-26 01:11:49.960] [SFX] {"sound": "threat_pulse", "volume": 0.65}
[2026-09-26 01:11:50.014] [SFX] {"sound": "civ_move_2", "volume": 0.09}
[2026-09-26 01:11:50.015] [SFX] {"sound": "civ_move_1", "volume": 0.07}
[2026-09-26 01:11:50.160] [SFX] {"sound": "threat_pulse", "volume": 0.64}
[2026-09-26 01:11:50.264] [SFX] {"sound": "civ_move_2", "volume": 0.02}
[2026-09-26 01:11:50.365] [SFX] {"sound": "threat_pulse", "volume": 0.63}
[2026-09-26 01:11:50.398] [SFX] {"sound": "civ_move_2", "volume": 0.04}
[2026-09-26 01:11:50.421] [SFX] {"sound": "civ_move_2", "volume": 0.09}
[2026-09-26 01:11:50.422] [SFX] {"sound": "civ_move_1", "volume": 0.08}
[2026-09-26 01:11:50.567] [SFX] {"sound": "threat_pulse", "volume": 0.62}
[2026-09-26 01:11:50.665] [SFX] {"sound": "civ_move_2", "volume": 0.01}
[2026-09-26 01:11:50.780] [SFX] {"sound": "threat_pulse", "volume": 0.61}
[2026-09-26 01:11:50.813] [SFX] {"sound": "civ_move_2", "volume": 0.04}
[2026-09-26 01:11:50.836] [SFX] {"sound": "civ_move_2", "volume": 0.08}
[2026-09-26 01:11:50.837] [SFX] {"sound": "civ_move_1", "volume": 0.09}
[2026-09-26 01:11:51.077] [SFX] {"sound": "civ_move_2", "volume": 0.0}
[2026-09-26 01:11:51.100] [SFX] {"sound": "threat_pulse", "volume": 0.6}
[2026-09-26 01:11:51.241] [SFX] {"sound": "civ_move_2", "volume": 0.08}
[2026-09-26 01:11:51.242] [SFX] {"sound": "civ_move_1", "volume": 0.09}
[2026-09-26 01:11:51.244] [SFX] {"sound": "civ_move_2", "volume": 0.05}
[2026-09-26 01:11:51.408] [SFX] {"sound": "threat_pulse", "volume": 0.58}
[2026-09-26 01:11:51.573] [M] {"button": 1, "pos": [455, 188], "ui_clicked": false}
[2026-09-26 01:11:51.580] [P] {"start": [115, 10], "goal": [123, 10], "length": 1, "is_direction_change": false}
[2026-09-26 01:11:51.581] [SFX] {"sound": "click_target", "volume": 0.64}
[2026-09-26 01:11:51.623] [SFX] {"sound": "player_move", "volume": 0.4}
[2026-09-26 01:11:51.657] [SFX] {"sound": "civ_move_2", "volume": 0.06}
[2026-09-26 01:11:51.658] [SFX] {"sound": "civ_move_1", "volume": 0.09}
[2026-09-26 01:11:51.659] [SFX] {"sound": "civ_move_2", "volume": 0.05}
[2026-09-26 01:11:51.723] [SFX] {"sound": "threat_pulse", "volume": 0.57}
[2026-09-26 01:11:51.905] [SFX] {"sound": "civ_move_2", "volume": 0.02}
[2026-09-26 01:11:51.939] [SFX] {"sound": "player_move", "volume": 0.4}
[2026-09-26 01:11:52.036] [M] {"button": 1, "pos": [455, 188], "ui_clicked": false}
[2026-09-26 01:11:52.044] [P] {"start": [123, 10], "goal": [128, 10], "length": 1, "is_direction_change": false}
[2026-09-26 01:11:52.045] [SFX] {"sound": "click_target", "volume": 0.68}
[2026-09-26 01:11:52.089] [SFX] {"sound": "civ_move_2", "volume": 0.01}
[2026-09-26 01:11:52.090] [SFX] {"sound": "civ_move_1", "volume": 0.07}
[2026-09-26 01:11:52.091] [SFX] {"sound": "civ_move_2", "volume": 0.01}
[2026-09-26 01:11:52.122] [SFX] {"sound": "threat_pulse", "volume": 0.55}
[2026-09-26 01:11:52.305] [SFX] {"sound": "civ_move_2", "volume": 0.05}
[2026-09-26 01:11:52.436] [M] {"button": 1, "pos": [455, 188], "ui_clicked": false}
[2026-09-26 01:11:52.443] [P] {"start": [128, 10], "goal": [134, 10], "length": 1, "is_direction_change": false}
[2026-09-26 01:11:52.444] [SFX] {"sound": "click_target", "volume": 0.67}
[2026-09-26 01:11:52.503] [SFX] {"sound": "player_move", "volume": 0.4}
[2026-09-26 01:11:52.504] [SFX] {"sound": "civ_move_1", "volume": 0.05}
[2026-09-26 01:11:52.535] [SFX] {"sound": "threat_pulse", "volume": 0.53}
[2026-09-26 01:11:52.716] [SFX] {"sound": "civ_move_2", "volume": 0.07}
[2026-09-26 01:11:52.894] [M] {"button": 1, "pos": [455, 188], "ui_clicked": false}
[2026-09-26 01:11:52.902] [P] {"start": [134, 10], "goal": [140, 10], "length": 1, "is_direction_change": false}
[2026-09-26 01:11:52.903] [SFX] {"sound": "click_target", "volume": 0.67}
[2026-09-26 01:11:52.926] [JACK] Überall Wacheinheiten... Ihr bedrohliches Summen brennt sich ins Deck.
[2026-09-26 01:11:52.927] [SFX] {"sound": "civ_move_1", "volume": 0.03}
[2026-09-26 01:11:52.969] [SFX] {"sound": "player_move", "volume": 0.4}
[2026-09-26 01:11:53.038] [SFX] {"sound": "threat_pulse", "volume": 0.5}
[2026-09-26 01:11:53.119] [SFX] {"sound": "civ_move_2", "volume": 0.08}
[2026-09-26 01:11:53.201] [JACK_REGISTERED_BY_CAMERA] {"camera": [140, 8]}
[2026-09-26 01:11:53.315] [SFX] {"sound": "civ_move_1", "volume": 0.01}
[2026-09-26 01:11:53.366] [M] {"button": 1, "pos": [455, 188], "ui_clicked": false}
[2026-09-26 01:11:53.374] [P] {"start": [140, 10], "goal": [146, 10], "length": 1, "is_direction_change": false}
[2026-09-26 01:11:53.375] [SFX] {"sound": "click_target", "volume": 0.66}
[2026-09-26 01:11:53.410] [JACK] Verdammt, die Sentinels kreisen um uns... Ich habe echte Angst, ertappt zu werden!
[2026-09-26 01:11:53.452] [SFX] {"sound": "player_move", "volume": 0.4}
[2026-09-26 01:11:53.519] [SFX] {"sound": "civ_move_2", "volume": 0.1}
[2026-09-26 01:11:53.551] [SFX] {"sound": "threat_pulse", "volume": 0.48}
[2026-09-26 01:11:53.931] [SFX] {"sound": "civ_move_2", "volume": 0.1}
[2026-09-26 01:11:54.164] [SFX] {"sound": "threat_pulse", "volume": 0.44}
[2026-09-26 01:11:54.346] [SFX] {"sound": "civ_move_2", "volume": 0.09}
[2026-09-26 01:11:54.879] [SFX] {"sound": "threat_pulse", "volume": 0.41}
[2026-09-26 01:11:55.159] [SFX] {"sound": "civ_move_2", "volume": 0.08}
[2026-09-26 01:11:55.573] [SFX] {"sound": "civ_move_2", "volume": 0.07}
[2026-09-26 01:11:55.687] [SFX] {"sound": "threat_pulse", "volume": 0.37}
[2026-09-26 01:11:55.938] [M] {"button": 1, "pos": [269, 183], "ui_clicked": false}
[2026-09-26 01:11:55.946] [P] {"start": [146, 10], "goal": [142, 10], "length": 1, "is_direction_change": false}
[2026-09-26 01:11:55.947] [SFX] {"sound": "click_target", "volume": 0.74}
[2026-09-26 01:11:56.007] [SFX] {"sound": "civ_move_2", "volume": 0.05}
[2026-09-26 01:11:56.042] [SFX] {"sound": "player_move", "volume": 0.4}
[2026-09-26 01:11:56.423] [SFX] {"sound": "civ_move_2", "volume": 0.03}
[2026-09-26 01:11:56.587] [SFX] {"sound": "threat_pulse", "volume": 0.32}
[2026-09-26 01:11:56.834] [SFX] {"sound": "civ_move_2", "volume": 0.02}
[2026-09-26 01:11:57.648] [SFX] {"sound": "civ_move_2", "volume": 0.01}
[2026-09-26 01:11:59.444] [SFX] {"sound": "civ_move_2", "volume": 0.0}
[2026-09-26 01:11:59.445] [SFX] {"sound": "civ_move_1", "volume": 0.0}
[2026-09-26 01:11:59.857] [SFX] {"sound": "civ_move_2", "volume": 0.01}
[2026-09-26 01:11:59.858] [SFX] {"sound": "civ_move_1", "volume": 0.01}
[2026-09-26 01:12:00.073] [M] {"button": 1, "pos": [424, 182], "ui_clicked": false}
[2026-09-26 01:12:00.081] [P] {"start": [142, 10], "goal": [148, 10], "length": 1, "is_direction_change": false}
[2026-09-26 01:12:00.082] [SFX] {"sound": "click_target", "volume": 0.67}
[2026-09-26 01:12:00.106] [JACK] Kurzer Blick um die Ecke...
[2026-09-26 01:12:00.268] [SFX] {"sound": "civ_move_2", "volume": 0.04}
[2026-09-26 01:12:00.269] [SFX] {"sound": "civ_move_1", "volume": 0.04}
[2026-09-26 01:12:00.300] [SFX] {"sound": "player_move", "volume": 0.4}
[2026-09-26 01:12:00.334] [SFX] {"sound": "civ_move_2", "volume": 0.25}
[2026-09-26 01:12:00.517] [M] {"button": 1, "pos": [437, 182], "ui_clicked": false}
[2026-09-26 01:12:00.524] [P] {"start": [148, 10], "goal": [153, 10], "length": 1, "is_direction_change": false}
[2026-09-26 01:12:00.525] [SFX] {"sound": "click_target", "volume": 0.69}
[2026-09-26 01:12:00.668] [SFX] {"sound": "civ_move_2", "volume": 0.07}
[2026-09-26 01:12:00.668] [SFX] {"sound": "civ_move_1", "volume": 0.07}
[2026-09-26 01:12:00.734] [SFX] {"sound": "civ_move_2", "volume": 0.29}
[2026-09-26 01:12:00.758] [SFX] {"sound": "player_move", "volume": 0.4}
[2026-09-26 01:12:00.776] [C] {"civ_pos": [153, 8]}
[2026-09-26 01:12:00.941] [M] {"button": 1, "pos": [437, 182], "ui_clicked": false}
[2026-09-26 01:12:00.948] [P] {"start": [153, 10], "goal": [158, 10], "length": 1, "is_direction_change": false}
[2026-09-26 01:12:00.949] [SFX] {"sound": "click_target", "volume": 0.68}
[2026-09-26 01:12:01.078] [SFX] {"sound": "civ_move_2", "volume": 0.1}
[2026-09-26 01:12:01.079] [SFX] {"sound": "civ_move_1", "volume": 0.1}
[2026-09-26 01:12:01.163] [SFX] {"sound": "civ_move_2", "volume": 0.27}
[2026-09-26 01:12:01.329] [SFX] {"sound": "civ_move_2", "volume": 0.01}
[2026-09-26 01:12:01.478] [SFX] {"sound": "civ_move_2", "volume": 0.12}
[2026-09-26 01:12:01.479] [SFX] {"sound": "civ_move_1", "volume": 0.12}
[2026-09-26 01:12:01.578] [SFX] {"sound": "civ_move_2", "volume": 0.28}
[2026-09-26 01:12:01.740] [SFX] {"sound": "civ_move_2", "volume": 0.0}
[2026-09-26 01:12:01.891] [SFX] {"sound": "civ_move_2", "volume": 0.13}
[2026-09-26 01:12:01.892] [SFX] {"sound": "civ_move_1", "volume": 0.13}
[2026-09-26 01:12:01.988] [SFX] {"sound": "civ_move_2", "volume": 0.29}
[2026-09-26 01:12:02.304] [SFX] {"sound": "civ_move_2", "volume": 0.13}
[2026-09-26 01:12:02.305] [SFX] {"sound": "civ_move_1", "volume": 0.13}
[2026-09-26 01:12:02.388] [SFX] {"sound": "civ_move_2", "volume": 0.3}
[2026-09-26 01:12:02.715] [SFX] {"sound": "civ_move_2", "volume": 0.13}
[2026-09-26 01:12:02.716] [SFX] {"sound": "civ_move_1", "volume": 0.13}
[2026-09-26 01:12:02.797] [SFX] {"sound": "civ_move_2", "volume": 0.29}
[2026-09-26 01:12:03.124] [SFX] {"sound": "civ_move_2", "volume": 0.14}
[2026-09-26 01:12:03.125] [SFX] {"sound": "civ_move_1", "volume": 0.14}
[2026-09-26 01:12:03.207] [SFX] {"sound": "civ_move_2", "volume": 0.27}
[2026-09-26 01:12:03.534] [SFX] {"sound": "civ_move_2", "volume": 0.14}
[2026-09-26 01:12:03.535] [SFX] {"sound": "civ_move_1", "volume": 0.14}
[2026-09-26 01:12:03.616] [SFX] {"sound": "civ_move_2", "volume": 0.26}
[2026-09-26 01:12:03.928] [M] {"button": 1, "pos": [426, 184], "ui_clicked": false}
[2026-09-26 01:12:03.937] [JACK] JACK // LIGHT ON HER FEET. FLIES THROUGH NODES BEFORE SENTINELS CAN TARGET HER.
[2026-09-26 01:12:03.938] [SFX] {"sound": "click_target", "volume": 0.67}
[2026-09-26 01:12:03.954] [SFX] {"sound": "civ_move_2", "volume": 0.14}
[2026-09-26 01:12:03.955] [SFX] {"sound": "civ_move_1", "volume": 0.14}
[2026-09-26 01:12:03.998] [SFX] {"sound": "player_move", "volume": 0.4}
[2026-09-26 01:12:04.031] [SFX] {"sound": "civ_move_2", "volume": 0.27}
[2026-09-26 01:12:04.197] [C] {"civ_pos": [165, 10]}
[2026-09-26 01:12:04.306] [SFX] {"sound": "player_move", "volume": 0.4}
[2026-09-26 01:12:04.357] [SFX] {"sound": "civ_move_2", "volume": 0.14}
[2026-09-26 01:12:04.357] [SFX] {"sound": "civ_move_1", "volume": 0.14}
[2026-09-26 01:12:04.442] [SFX] {"sound": "civ_move_2", "volume": 0.29}
[2026-09-26 01:12:04.605] [SFX] {"sound": "player_move", "volume": 0.4}
[2026-09-26 01:12:04.606] [SFX] {"sound": "threat_pulse", "volume": 0.31}
[2026-09-26 01:12:04.773] [SFX] {"sound": "civ_move_2", "volume": 0.13}
[2026-09-26 01:12:04.773] [SFX] {"sound": "civ_move_1", "volume": 0.13}
[2026-09-26 01:12:04.857] [SFX] {"sound": "civ_move_2", "volume": 0.29}
[2026-09-26 01:12:04.908] [SFX] {"sound": "player_move", "volume": 0.4}
[2026-09-26 01:12:05.172] [SFX] {"sound": "civ_move_2", "volume": 0.12}
[2026-09-26 01:12:05.173] [SFX] {"sound": "civ_move_1", "volume": 0.12}
[2026-09-26 01:12:05.222] [M] {"button": 1, "pos": [401, 209], "ui_clicked": true}
[2026-09-26 01:12:05.249] [SFX] {"sound": "player_move", "volume": 0.4}
[2026-09-26 01:12:05.264] [SFX] {"sound": "civ_move_2", "volume": 0.29}
[2026-09-26 01:12:05.391] [SFX] {"sound": "infiltrate 1", "volume": 0.5}
[2026-09-26 01:12:05.520] [SFX] {"sound": "threat_pulse", "volume": 0.32}
[2026-09-26 01:12:05.543] [SFX] {"sound": "player_move", "volume": 0.4}
[2026-09-26 01:12:05.587] [SFX] {"sound": "civ_move_2", "volume": 0.1}
[2026-09-26 01:12:05.587] [SFX] {"sound": "civ_move_1", "volume": 0.1}
[2026-09-26 01:12:05.668] [SFX] {"sound": "civ_move_2", "volume": 0.29}
[2026-09-26 01:12:05.799] [SFX] {"sound": "infiltrate 1", "volume": 0.5}
[2026-09-26 01:12:05.849] [SFX] {"sound": "player_move", "volume": 0.4}
[2026-09-26 01:12:05.997] [SFX] {"sound": "civ_move_2", "volume": 0.09}
[2026-09-26 01:12:05.998] [SFX] {"sound": "civ_move_1", "volume": 0.09}
[2026-09-26 01:12:06.080] [SFX] {"sound": "civ_move_2", "volume": 0.29}
[2026-09-26 01:12:06.162] [SFX] {"sound": "player_move", "volume": 0.4}
[2026-09-26 01:12:06.211] [SFX] {"sound": "infiltrate 1", "volume": 0.5}
[2026-09-26 01:12:06.409] [SFX] {"sound": "civ_move_2", "volume": 0.08}
[2026-09-26 01:12:06.410] [SFX] {"sound": "civ_move_1", "volume": 0.08}
[2026-09-26 01:12:06.431] [SFX] {"sound": "threat_pulse", "volume": 0.35}
[2026-09-26 01:12:06.475] [SFX] {"sound": "player_move", "volume": 0.4}
[2026-09-26 01:12:06.498] [SFX] {"sound": "civ_move_2", "volume": 0.29}
[2026-09-26 01:12:06.590] [SFX] {"sound": "hack_success", "volume": 1.0}
[2026-09-26 01:12:06.591] [JACK] JACK // STOLE 3 DATA FROM NOMI SUN (SUB-NET COURIER). TARGET FLEEING TO GUARD SPOT!
[2026-09-26 01:12:06.592] [JACK] JACK // LIGHT ON HER FEET. FLIES THROUGH NODES BEFORE SENTINELS CAN TARGET HER.
[2026-09-26 01:12:06.706] [C] {"civ_pos": [173, 10]}
[2026-09-26 01:12:06.814] [SFX] {"sound": "civ_move_2", "volume": 0.07}
[2026-09-26 01:12:06.815] [SFX] {"sound": "civ_move_1", "volume": 0.07}
[2026-09-26 01:12:06.898] [SFX] {"sound": "civ_move_2", "volume": 0.28}
[2026-09-26 01:12:07.229] [SFX] {"sound": "civ_move_2", "volume": 0.06}
[2026-09-26 01:12:07.230] [SFX] {"sound": "civ_move_1", "volume": 0.06}
[2026-09-26 01:12:07.312] [SFX] {"sound": "civ_move_2", "volume": 0.27}
[2026-09-26 01:12:07.338] [SFX] {"sound": "threat_pulse", "volume": 0.33}
[2026-09-26 01:12:07.611] [SENTINEL_ALARM_DISPATCHED] {"guard": [66, 114], "investigate": [92, 26]}
[2026-09-26 01:12:07.640] [SFX] {"sound": "civ_move_2", "volume": 0.05}
[2026-09-26 01:12:07.641] [SFX] {"sound": "civ_move_1", "volume": 0.05}
[2026-09-26 01:12:07.724] [SFX] {"sound": "civ_move_2", "volume": 0.26}
[2026-09-26 01:12:07.920] [M] {"button": 1, "pos": [382, 190], "ui_clicked": false}
[2026-09-26 01:12:07.930] [P] {"start": [172, 10], "goal": [175, 10], "length": 1, "is_direction_change": false}
[2026-09-26 01:12:07.931] [SFX] {"sound": "click_target", "volume": 0.72}
[2026-09-26 01:12:08.047] [SFX] {"sound": "civ_move_2", "volume": 0.03}
[2026-09-26 01:12:08.048] [SFX] {"sound": "civ_move_1", "volume": 0.03}
[2026-09-26 01:12:08.130] [SFX] {"sound": "civ_move_2", "volume": 0.27}
[2026-09-26 01:12:08.459] [SFX] {"sound": "civ_move_2", "volume": 0.02}
[2026-09-26 01:12:08.460] [SFX] {"sound": "civ_move_1", "volume": 0.02}
[2026-09-26 01:12:08.544] [SFX] {"sound": "civ_move_2", "volume": 0.26}
[2026-09-26 01:12:08.860] [SFX] {"sound": "civ_move_2", "volume": 0.01}
[2026-09-26 01:12:08.861] [SFX] {"sound": "civ_move_1", "volume": 0.01}
[2026-09-26 01:12:08.943] [SFX] {"sound": "civ_move_2", "volume": 0.24}
[2026-09-26 01:12:09.028] [M] {"button": 1, "pos": [407, 190], "ui_clicked": false}
[2026-09-26 01:12:09.038] [P] {"start": [175, 10], "goal": [180, 10], "length": 1, "is_direction_change": false}
[2026-09-26 01:12:09.039] [SFX] {"sound": "click_target", "volume": 0.69}
[2026-09-26 01:12:09.087] [SFX] {"sound": "player_move", "volume": 0.4}
[2026-09-26 01:12:09.307] [SFX] {"sound": "civ_move_2", "volume": 0.04}
[2026-09-26 01:12:09.357] [SFX] {"sound": "civ_move_2", "volume": 0.27}
[2026-09-26 01:12:09.394] [M] {"button": 1, "pos": [419, 191], "ui_clicked": false}
[2026-09-26 01:12:09.405] [P] {"start": [180, 10], "goal": [184, 10], "length": 1, "is_direction_change": false}
[2026-09-26 01:12:09.406] [SFX] {"sound": "click_target", "volume": 0.71}
[2026-09-26 01:12:09.519] [SFX] {"sound": "player_move", "volume": 0.4}
[2026-09-26 01:12:09.520] [C] {"civ_pos": [184, 10]}
[2026-09-26 01:12:09.713] [SFX] {"sound": "civ_move_2", "volume": 0.09}
[2026-09-26 01:12:09.765] [SFX] {"sound": "civ_move_2", "volume": 0.29}
[2026-09-26 01:12:09.998] [M] {"button": 1, "pos": [446, 192], "ui_clicked": false}
[2026-09-26 01:12:10.011] [P] {"start": [184, 10], "goal": [191, 10], "length": 1, "is_direction_change": false}
[2026-09-26 01:12:10.012] [SFX] {"sound": "click_target", "volume": 0.65}
[2026-09-26 01:12:10.127] [SFX] {"sound": "civ_move_2", "volume": 0.12}
[2026-09-26 01:12:10.178] [SFX] {"sound": "civ_move_2", "volume": 0.3}
[2026-09-26 01:12:10.246] [SFX] {"sound": "player_move", "volume": 0.4}
[2026-09-26 01:12:10.331] [SFX] {"sound": "civ_move_2", "volume": 0.0}
[2026-09-26 01:12:10.529] [SFX] {"sound": "civ_move_2", "volume": 0.16}
[2026-09-26 01:12:10.580] [SFX] {"sound": "civ_move_2", "volume": 0.29}
[2026-09-26 01:12:10.931] [SFX] {"sound": "civ_move_2", "volume": 0.18}
[2026-09-26 01:12:10.983] [SFX] {"sound": "civ_move_2", "volume": 0.3}
[2026-09-26 01:12:11.337] [SFX] {"sound": "civ_move_2", "volume": 0.19}
[2026-09-26 01:12:11.389] [SFX] {"sound": "civ_move_2", "volume": 0.29}
[2026-09-26 01:12:11.739] [SFX] {"sound": "civ_move_2", "volume": 0.2}
[2026-09-26 01:12:11.803] [SFX] {"sound": "civ_move_2", "volume": 0.28}
[2026-09-26 01:12:12.151] [SFX] {"sound": "civ_move_2", "volume": 0.21}
[2026-09-26 01:12:12.218] [SFX] {"sound": "civ_move_2", "volume": 0.27}
[2026-09-26 01:12:12.234] [M] {"button": 1, "pos": [416, 192], "ui_clicked": false}
[2026-09-26 01:12:12.242] [P] {"start": [191, 10], "goal": [196, 10], "length": 1, "is_direction_change": false}
[2026-09-26 01:12:12.243] [SFX] {"sound": "click_target", "volume": 0.68}
[2026-09-26 01:12:12.413] [C] {"civ_pos": [196, 10]}
[2026-09-26 01:12:12.450] [SFX] {"sound": "player_move", "volume": 0.4}
[2026-09-26 01:12:12.517] [SFX] {"sound": "civ_move_1", "volume": 0.01}
[2026-09-26 01:12:12.566] [SFX] {"sound": "civ_move_2", "volume": 0.26}
[2026-09-26 01:12:12.632] [SFX] {"sound": "civ_move_2", "volume": 0.29}
[2026-09-26 01:12:12.898] [SFX] {"sound": "civ_move_2", "volume": 0.0}
[2026-09-26 01:12:12.931] [SFX] {"sound": "civ_move_1", "volume": 0.01}
[2026-09-26 01:12:12.982] [SFX] {"sound": "civ_move_2", "volume": 0.27}
[2026-09-26 01:12:13.047] [SFX] {"sound": "civ_move_2", "volume": 0.28}
[2026-09-26 01:12:13.313] [SFX] {"sound": "civ_move_2", "volume": 0.01}
[2026-09-26 01:12:13.345] [SFX] {"sound": "civ_move_1", "volume": 0.02}
[2026-09-26 01:12:13.394] [SFX] {"sound": "civ_move_2", "volume": 0.29}
[2026-09-26 01:12:13.460] [SFX] {"sound": "civ_move_2", "volume": 0.27}
[2026-09-26 01:12:13.543] [M] {"button": 1, "pos": [416, 192], "ui_clicked": false}
[2026-09-26 01:12:13.550] [P] {"start": [196, 10], "goal": [201, 10], "length": 1, "is_direction_change": false}
[2026-09-26 01:12:13.551] [SFX] {"sound": "click_target", "volume": 0.68}
[2026-09-26 01:12:13.713] [SFX] {"sound": "civ_move_2", "volume": 0.03}
[2026-09-26 01:12:13.747] [SFX] {"sound": "civ_move_1", "volume": 0.04}
[2026-09-26 01:12:13.796] [SFX] {"sound": "civ_move_2", "volume": 0.26}
[2026-09-26 01:12:13.860] [SFX] {"sound": "civ_move_2", "volume": 0.29}
[2026-09-26 01:12:14.125] [SFX] {"sound": "civ_move_2", "volume": 0.04}
[2026-09-26 01:12:14.157] [SFX] {"sound": "civ_move_1", "volume": 0.05}
[2026-09-26 01:12:14.208] [SFX] {"sound": "civ_move_2", "volume": 0.25}
[2026-09-26 01:12:14.273] [SFX] {"sound": "civ_move_2", "volume": 0.28}
[2026-09-26 01:12:14.536] [SFX] {"sound": "civ_move_2", "volume": 0.05}
[2026-09-26 01:12:14.568] [SFX] {"sound": "civ_move_1", "volume": 0.06}
[2026-09-26 01:12:14.618] [SFX] {"sound": "civ_move_2", "volume": 0.24}
[2026-09-26 01:12:14.684] [SFX] {"sound": "civ_move_2", "volume": 0.27}
[2026-09-26 01:12:14.946] [SFX] {"sound": "civ_move_2", "volume": 0.06}
[2026-09-26 01:12:14.979] [SFX] {"sound": "civ_move_1", "volume": 0.07}
[2026-09-26 01:12:15.027] [SFX] {"sound": "civ_move_2", "volume": 0.23}
[2026-09-26 01:12:15.093] [SFX] {"sound": "civ_move_2", "volume": 0.25}
[2026-09-26 01:12:15.143] [M] {"button": 1, "pos": [435, 182], "ui_clicked": false}
[2026-09-26 01:12:15.150] [P] {"start": [201, 10], "goal": [207, 10], "length": 1, "is_direction_change": false}
[2026-09-26 01:12:15.150] [SFX] {"sound": "click_target", "volume": 0.66}
[2026-09-26 01:12:15.186] [JACK] Vorsichtig vorantasten...
[2026-09-26 01:12:15.203] [SFX] {"sound": "player_move", "volume": 0.4}
[2026-09-26 01:12:15.360] [SFX] {"sound": "civ_move_2", "volume": 0.08}
[2026-09-26 01:12:15.391] [SFX] {"sound": "civ_move_1", "volume": 0.1}
[2026-09-26 01:12:15.425] [C] {"civ_pos": [208, 10]}
[2026-09-26 01:12:15.466] [SFX] {"sound": "civ_move_2", "volume": 0.17}
[2026-09-26 01:12:15.507] [SFX] {"sound": "civ_move_2", "volume": 0.29}
[2026-09-26 01:12:15.771] [SFX] {"sound": "civ_move_2", "volume": 0.1}
[2026-09-26 01:12:15.806] [SFX] {"sound": "civ_move_1", "volume": 0.11}
[2026-09-26 01:12:15.853] [SFX] {"sound": "civ_move_2", "volume": 0.16}
[2026-09-26 01:12:15.920] [SFX] {"sound": "civ_move_2", "volume": 0.27}
[2026-09-26 01:12:16.183] [SFX] {"sound": "civ_move_2", "volume": 0.11}
[2026-09-26 01:12:16.216] [SFX] {"sound": "civ_move_1", "volume": 0.12}
[2026-09-26 01:12:16.265] [SFX] {"sound": "civ_move_2", "volume": 0.15}
[2026-09-26 01:12:16.332] [SFX] {"sound": "civ_move_2", "volume": 0.26}
[2026-09-26 01:12:16.431] [M] {"button": 1, "pos": [410, 190], "ui_clicked": false}
[2026-09-26 01:12:16.438] [P] {"start": [207, 10], "goal": [212, 10], "length": 1, "is_direction_change": false}
[2026-09-26 01:12:16.438] [SFX] {"sound": "click_target", "volume": 0.69}
[2026-09-26 01:12:16.498] [SFX] {"sound": "player_move", "volume": 0.4}
[2026-09-26 01:12:16.598] [SFX] {"sound": "civ_move_2", "volume": 0.12}
[2026-09-26 01:12:16.620] [SFX] {"sound": "civ_move_1", "volume": 0.13}
[2026-09-26 01:12:16.664] [SFX] {"sound": "civ_move_2", "volume": 0.1}
[2026-09-26 01:12:16.748] [SFX] {"sound": "civ_move_2", "volume": 0.29}
[2026-09-26 01:12:17.011] [SFX] {"sound": "civ_move_2", "volume": 0.13}
[2026-09-26 01:12:17.033] [SFX] {"sound": "civ_move_1", "volume": 0.14}
[2026-09-26 01:12:17.078] [SFX] {"sound": "civ_move_2", "volume": 0.08}
[2026-09-26 01:12:17.161] [SFX] {"sound": "civ_move_2", "volume": 0.27}
[2026-09-26 01:12:17.428] [SFX] {"sound": "civ_move_1", "volume": 0.14}
[2026-09-26 01:12:17.429] [SFX] {"sound": "civ_move_2", "volume": 0.14}
[2026-09-26 01:12:17.493] [SFX] {"sound": "civ_move_2", "volume": 0.07}
[2026-09-26 01:12:17.575] [SFX] {"sound": "civ_move_2", "volume": 0.26}
[2026-09-26 01:12:17.839] [SFX] {"sound": "civ_move_1", "volume": 0.14}
[2026-09-26 01:12:17.840] [SFX] {"sound": "civ_move_2", "volume": 0.14}
[2026-09-26 01:12:17.904] [SFX] {"sound": "civ_move_2", "volume": 0.06}
[2026-09-26 01:12:17.988] [SFX] {"sound": "civ_move_2", "volume": 0.25}
[2026-09-26 01:12:18.234] [M] {"button": 1, "pos": [115, 52], "ui_clicked": true}
[2026-09-26 01:12:18.267] [SFX] {"sound": "civ_move_1", "volume": 0.14}
[2026-09-26 01:12:18.268] [SFX] {"sound": "civ_move_2", "volume": 0.14}
[2026-09-26 01:12:18.316] [SFX] {"sound": "civ_move_2", "volume": 0.05}
[2026-09-26 01:12:18.398] [SFX] {"sound": "civ_move_2", "volume": 0.24}
[2026-09-26 01:12:18.681] [SFX] {"sound": "civ_move_1", "volume": 0.14}
[2026-09-26 01:12:18.682] [SFX] {"sound": "civ_move_2", "volume": 0.14}
[2026-09-26 01:12:18.732] [SFX] {"sound": "civ_move_2", "volume": 0.03}
[2026-09-26 01:12:18.800] [SFX] {"sound": "civ_move_2", "volume": 0.22}
[2026-09-26 01:12:19.083] [SFX] {"sound": "civ_move_1", "volume": 0.14}
[2026-09-26 01:12:19.084] [SFX] {"sound": "civ_move_2", "volume": 0.14}
[2026-09-26 01:12:19.146] [SFX] {"sound": "civ_move_2", "volume": 0.02}
[2026-09-26 01:12:19.212] [SFX] {"sound": "civ_move_2", "volume": 0.21}
[2026-09-26 01:12:19.229] [M] {"button": 1, "pos": [103, 15], "ui_clicked": true}
[2026-09-26 01:12:19.495] [SFX] {"sound": "civ_move_1", "volume": 0.14}
[2026-09-26 01:12:19.496] [SFX] {"sound": "civ_move_2", "volume": 0.14}
[2026-09-26 01:12:19.561] [SFX] {"sound": "civ_move_2", "volume": 0.01}
[2026-09-26 01:12:19.628] [SFX] {"sound": "civ_move_2", "volume": 0.17}
[2026-09-26 01:12:19.910] [SFX] {"sound": "civ_move_1", "volume": 0.14}
[2026-09-26 01:12:19.911] [SFX] {"sound": "civ_move_2", "volume": 0.14}
[2026-09-26 01:12:20.043] [SFX] {"sound": "civ_move_2", "volume": 0.17}
[2026-09-26 01:12:20.324] [SFX] {"sound": "civ_move_1", "volume": 0.13}
[2026-09-26 01:12:20.324] [SFX] {"sound": "civ_move_2", "volume": 0.14}
[2026-09-26 01:12:20.456] [SFX] {"sound": "civ_move_2", "volume": 0.16}
[2026-09-26 01:12:20.739] [SFX] {"sound": "civ_move_1", "volume": 0.13}
[2026-09-26 01:12:20.740] [SFX] {"sound": "civ_move_2", "volume": 0.13}
[2026-09-26 01:12:20.870] [SFX] {"sound": "civ_move_2", "volume": 0.15}
[2026-09-26 01:12:21.151] [SFX] {"sound": "civ_move_1", "volume": 0.12}
[2026-09-26 01:12:21.152] [SFX] {"sound": "civ_move_2", "volume": 0.13}
[2026-09-26 01:12:21.286] [SFX] {"sound": "civ_move_2", "volume": 0.15}
[2026-09-26 01:12:21.400] [M] {"button": 1, "pos": [399, 195], "ui_clicked": false}
[2026-09-26 01:12:21.408] [P] {"start": [212, 10], "goal": [216, 10], "length": 1, "is_direction_change": false}
[2026-09-26 01:12:21.409] [SFX] {"sound": "click_target", "volume": 0.7}
[2026-09-26 01:12:21.431] [JACK] Kurzer Blick um die Ecke...
[2026-09-26 01:12:21.524] [SFX] {"sound": "player_move", "volume": 0.4}
[2026-09-26 01:12:21.557] [SFX] {"sound": "civ_move_1", "volume": 0.1}
[2026-09-26 01:12:21.558] [SFX] {"sound": "civ_move_2", "volume": 0.11}
[2026-09-26 01:12:21.691] [SFX] {"sound": "civ_move_2", "volume": 0.17}
[2026-09-26 01:12:21.839] [M] {"button": 1, "pos": [454, 194], "ui_clicked": false}
[2026-09-26 01:12:21.846] [P] {"start": [216, 10], "goal": [223, 10], "length": 1, "is_direction_change": false}
[2026-09-26 01:12:21.847] [SFX] {"sound": "click_target", "volume": 0.65}
[2026-09-26 01:12:21.962] [SFX] {"sound": "civ_move_1", "volume": 0.08}
[2026-09-26 01:12:21.963] [SFX] {"sound": "civ_move_2", "volume": 0.09}
[2026-09-26 01:12:22.077] [SFX] {"sound": "player_move", "volume": 0.4}
[2026-09-26 01:12:22.102] [SFX] {"sound": "civ_move_2", "volume": 0.18}
[2026-09-26 01:12:22.178] [M] {"button": 1, "pos": [459, 193], "ui_clicked": false}
[2026-09-26 01:12:22.190] [P] {"start": [222, 10], "goal": [227, 10], "length": 1, "is_direction_change": false}
[2026-09-26 01:12:22.191] [SFX] {"sound": "click_target", "volume": 0.69}
[2026-09-26 01:12:22.375] [SFX] {"sound": "civ_move_1", "volume": 0.03}
[2026-09-26 01:12:22.376] [SFX] {"sound": "civ_move_2", "volume": 0.04}
[2026-09-26 01:12:22.508] [SFX] {"sound": "civ_move_2", "volume": 0.18}
[2026-09-26 01:12:22.776] [SFX] {"sound": "civ_move_1", "volume": 0.02}
[2026-09-26 01:12:22.777] [SFX] {"sound": "civ_move_2", "volume": 0.03}
[2026-09-26 01:12:22.912] [SFX] {"sound": "civ_move_2", "volume": 0.17}
[2026-09-26 01:12:23.191] [SFX] {"sound": "civ_move_1", "volume": 0.01}
[2026-09-26 01:12:23.192] [SFX] {"sound": "civ_move_2", "volume": 0.02}
[2026-09-26 01:12:23.322] [SFX] {"sound": "civ_move_2", "volume": 0.16}
[2026-09-26 01:12:23.607] [SFX] {"sound": "civ_move_1", "volume": 0.0}
[2026-09-26 01:12:23.608] [SFX] {"sound": "civ_move_2", "volume": 0.01}
[2026-09-26 01:12:23.723] [SFX] {"sound": "civ_move_2", "volume": 0.15}
[2026-09-26 01:12:24.021] [SFX] {"sound": "civ_move_2", "volume": 0.01}
[2026-09-26 01:12:24.104] [M] {"button": 1, "pos": [283, 146], "ui_clicked": false}
[2026-09-26 01:12:24.138] [SFX] {"sound": "civ_move_2", "volume": 0.14}
[2026-09-26 01:12:24.457] [M] {"button": 1, "pos": [283, 150], "ui_clicked": false}
[2026-09-26 01:12:24.465] [P] {"start": [227, 10], "goal": [224, 8], "length": 2, "is_direction_change": false}
[2026-09-26 01:12:24.465] [SFX] {"sound": "click_target", "volume": 0.93}
[2026-09-26 01:12:24.487] [SFX] {"sound": "player_move", "volume": 0.4}
[2026-09-26 01:12:24.547] [SFX] {"sound": "civ_move_2", "volume": 0.14}
[2026-09-26 01:12:24.961] [SFX] {"sound": "civ_move_2", "volume": 0.13}
[2026-09-26 01:12:26.057] [SFX] {"sound": "civ_move_2", "volume": 0.0}
[2026-09-26 01:12:26.288] [M] {"button": 1, "pos": [418, 187], "ui_clicked": false}
[2026-09-26 01:12:26.470] [SFX] {"sound": "civ_move_2", "volume": 0.01}
[2026-09-26 01:12:26.620] [SENTINEL_ALARM_DISPATCHED] {"guard": [217, 24], "investigate": [153, 10]}
[2026-09-26 01:12:26.701] [M] {"button": 1, "pos": [427, 186], "ui_clicked": false}
[2026-09-26 01:12:26.711] [P] {"start": [224, 8], "goal": [230, 8], "length": 3, "is_direction_change": false}
[2026-09-26 01:12:26.712] [SFX] {"sound": "click_target", "volume": 0.67}
[2026-09-26 01:12:26.780] [SFX] {"sound": "player_move", "volume": 0.4}
[2026-09-26 01:12:26.879] [SFX] {"sound": "civ_move_2", "volume": 0.02}
[2026-09-26 01:12:27.092] [SFX] {"sound": "player_move", "volume": 0.4}
[2026-09-26 01:12:27.176] [SFX] {"sound": "guardian_move", "volume": 0.15}
[2026-09-26 01:12:27.706] [SFX] {"sound": "civ_move_2", "volume": 0.01}
[2026-09-26 01:12:27.787] [SFX] {"sound": "guardian_move", "volume": 0.15}
[2026-09-26 01:12:27.803] [M] {"button": 1, "pos": [424, 208], "ui_clicked": false}
[2026-09-26 01:12:28.106] [SFX] {"sound": "civ_move_2", "volume": 0.01}
[2026-09-26 01:12:28.171] [M] {"button": 1, "pos": [430, 216], "ui_clicked": false}
[2026-09-26 01:12:28.180] [P] {"start": [230, 8], "goal": [236, 10], "length": 3, "is_direction_change": false}
[2026-09-26 01:12:28.180] [SFX] {"sound": "click_target", "volume": 0.66}
[2026-09-26 01:12:28.344] [SFX] {"sound": "player_move", "volume": 0.4}
[2026-09-26 01:12:28.394] [SFX] {"sound": "guardian_move", "volume": 0.17}
[2026-09-26 01:12:28.508] [SFX] {"sound": "civ_move_2", "volume": 0.01}
[2026-09-26 01:12:28.918] [SFX] {"sound": "civ_move_2", "volume": 0.0}
[2026-09-26 01:12:29.001] [SFX] {"sound": "guardian_move", "volume": 0.16}
[2026-09-26 01:12:29.328] [SFX] {"sound": "civ_move_2", "volume": 0.01}
[2026-09-26 01:12:29.611] [SFX] {"sound": "guardian_move", "volume": 0.18}
[2026-09-26 01:12:29.741] [SFX] {"sound": "civ_move_2", "volume": 0.02}
[2026-09-26 01:12:30.153] [SFX] {"sound": "civ_move_2", "volume": 0.03}
[2026-09-26 01:12:30.220] [SFX] {"sound": "guardian_move", "volume": 0.19}
[2026-09-26 01:12:30.566] [SFX] {"sound": "civ_move_2", "volume": 0.04}
[2026-09-26 01:12:30.835] [SFX] {"sound": "guardian_move", "volume": 0.21}
[2026-09-26 01:12:30.981] [SFX] {"sound": "civ_move_2", "volume": 0.05}
[2026-09-26 01:12:31.149] [SFX] {"sound": "civ_move_1", "volume": 0.13}
[2026-09-26 01:12:31.181] [SFX] {"sound": "civ_move_1", "volume": 0.0}
[2026-09-26 01:12:31.393] [SFX] {"sound": "civ_move_2", "volume": 0.06}
[2026-09-26 01:12:31.443] [SFX] {"sound": "guardian_move", "volume": 0.22}
[2026-09-26 01:12:31.559] [SFX] {"sound": "civ_move_1", "volume": 0.13}
[2026-09-26 01:12:31.590] [SFX] {"sound": "civ_move_1", "volume": 0.01}
[2026-09-26 01:12:31.806] [SFX] {"sound": "civ_move_2", "volume": 0.07}
[2026-09-26 01:12:31.972] [SFX] {"sound": "civ_move_1", "volume": 0.13}
[2026-09-26 01:12:32.006] [SFX] {"sound": "civ_move_1", "volume": 0.02}
[2026-09-26 01:12:32.054] [SFX] {"sound": "guardian_move", "volume": 0.23}
[2026-09-26 01:12:32.220] [SFX] {"sound": "civ_move_2", "volume": 0.07}
[2026-09-26 01:12:32.402] [SFX] {"sound": "civ_move_1", "volume": 0.14}
[2026-09-26 01:12:32.425] [SFX] {"sound": "civ_move_1", "volume": 0.03}
[2026-09-26 01:12:32.633] [SFX] {"sound": "civ_move_2", "volume": 0.08}
[2026-09-26 01:12:32.666] [SFX] {"sound": "guardian_move", "volume": 0.23}
[2026-09-26 01:12:32.716] [M] {"button": 4, "pos": [327, 236], "ui_clicked": false}
[2026-09-26 01:12:32.813] [SFX] {"sound": "civ_move_1", "volume": 0.14}
[2026-09-26 01:12:32.837] [SFX] {"sound": "civ_move_1", "volume": 0.04}
[2026-09-26 01:12:33.032] [SFX] {"sound": "civ_move_2", "volume": 0.09}
[2026-09-26 01:12:33.218] [SFX] {"sound": "civ_move_1", "volume": 0.14}
[2026-09-26 01:12:33.241] [SFX] {"sound": "civ_move_1", "volume": 0.05}
[2026-09-26 01:12:33.268] [SFX] {"sound": "guardian_move", "volume": 0.22}
[2026-09-26 01:12:33.435] [SFX] {"sound": "civ_move_2", "volume": 0.1}
[2026-09-26 01:12:33.618] [SFX] {"sound": "civ_move_1", "volume": 0.14}
[2026-09-26 01:12:33.640] [SFX] {"sound": "civ_move_1", "volume": 0.06}
[2026-09-26 01:12:33.802] [M] {"button": 5, "pos": [327, 236], "ui_clicked": false}
[2026-09-26 01:12:33.837] [SFX] {"sound": "civ_move_2", "volume": 0.1}
[2026-09-26 01:12:33.869] [SFX] {"sound": "guardian_move", "volume": 0.28}
[2026-09-26 01:12:33.885] [M] {"button": 5, "pos": [327, 236], "ui_clicked": false}
[2026-09-26 01:12:34.022] [SFX] {"sound": "civ_move_1", "volume": 0.14}
[2026-09-26 01:12:34.044] [SFX] {"sound": "civ_move_1", "volume": 0.07}
[2026-09-26 01:12:34.248] [SFX] {"sound": "civ_move_2", "volume": 0.11}
[2026-09-26 01:12:34.430] [SFX] {"sound": "civ_move_1", "volume": 0.14}
[2026-09-26 01:12:34.453] [SFX] {"sound": "civ_move_1", "volume": 0.07}
[2026-09-26 01:12:34.479] [SFX] {"sound": "guardian_move", "volume": 0.26}
[2026-09-26 01:12:34.661] [SFX] {"sound": "civ_move_2", "volume": 0.12}
[2026-09-26 01:12:34.843] [SFX] {"sound": "civ_move_1", "volume": 0.14}
[2026-09-26 01:12:34.866] [SFX] {"sound": "civ_move_1", "volume": 0.08}
[2026-09-26 01:12:35.058] [M] {"button": 1, "pos": [250, 217], "ui_clicked": false}
[2026-09-26 01:12:35.066] [P] {"start": [236, 10], "goal": [231, 12], "length": 4, "is_direction_change": false}
[2026-09-26 01:12:35.067] [SFX] {"sound": "click_target", "volume": 0.7}
[2026-09-26 01:12:35.105] [JACK] Vorsichtig vorantasten...
[2026-09-26 01:12:35.106] [SFX] {"sound": "guardian_move", "volume": 0.23}
[2026-09-26 01:12:35.107] [SFX] {"sound": "civ_move_2", "volume": 0.12}
[2026-09-26 01:12:35.123] [SFX] {"sound": "player_move", "volume": 0.4}
[2026-09-26 01:12:35.248] [SFX] {"sound": "civ_move_1", "volume": 0.15}
[2026-09-26 01:12:35.269] [SFX] {"sound": "civ_move_1", "volume": 0.1}
[2026-09-26 01:12:35.418] [SFX] {"sound": "player_move", "volume": 0.4}
[2026-09-26 01:12:35.483] [SFX] {"sound": "civ_move_2", "volume": 0.14}
[2026-09-26 01:12:35.648] [SFX] {"sound": "civ_move_1", "volume": 0.15}
[2026-09-26 01:12:35.671] [SFX] {"sound": "civ_move_1", "volume": 0.13}
[2026-09-26 01:12:35.687] [SFX] {"sound": "guardian_move", "volume": 0.26}
[2026-09-26 01:12:35.892] [SFX] {"sound": "civ_move_2", "volume": 0.15}
[2026-09-26 01:12:36.058] [SFX] {"sound": "civ_move_1", "volume": 0.15}
[2026-09-26 01:12:36.082] [SFX] {"sound": "civ_move_1", "volume": 0.13}
[2026-09-26 01:12:36.293] [SFX] {"sound": "guardian_move", "volume": 0.23}
[2026-09-26 01:12:36.294] [SFX] {"sound": "civ_move_2", "volume": 0.16}
[2026-09-26 01:12:36.473] [SFX] {"sound": "civ_move_1", "volume": 0.15}
[2026-09-26 01:12:36.495] [SFX] {"sound": "civ_move_1", "volume": 0.14}
[2026-09-26 01:12:36.705] [SFX] {"sound": "civ_move_2", "volume": 0.16}
[2026-09-26 01:12:36.887] [SFX] {"sound": "civ_move_1", "volume": 0.14}
[2026-09-26 01:12:36.911] [SFX] {"sound": "guardian_move", "volume": 0.21}
[2026-09-26 01:12:36.911] [SFX] {"sound": "civ_move_1", "volume": 0.14}
[2026-09-26 01:12:37.116] [SFX] {"sound": "civ_move_2", "volume": 0.16}
[2026-09-26 01:12:37.298] [SFX] {"sound": "civ_move_1", "volume": 0.13}
[2026-09-26 01:12:37.319] [SFX] {"sound": "civ_move_1", "volume": 0.15}
[2026-09-26 01:12:37.397] [M] {"button": 1, "pos": [244, 233], "ui_clicked": false}
[2026-09-26 01:12:37.406] [P] {"start": [231, 12], "goal": [226, 15], "length": 4, "is_direction_change": false}
[2026-09-26 01:12:37.407] [SFX] {"sound": "click_target", "volume": 0.68}
[2026-09-26 01:12:37.484] [SFX] {"sound": "player_move", "volume": 0.4}
[2026-09-26 01:12:37.517] [SFX] {"sound": "guardian_move", "volume": 0.21}
[2026-09-26 01:12:37.517] [SFX] {"sound": "civ_move_2", "volume": 0.15}
[2026-09-26 01:12:37.701] [SFX] {"sound": "civ_move_1", "volume": 0.15}
[2026-09-26 01:12:37.723] [SFX] {"sound": "civ_move_1", "volume": 0.17}
[2026-09-26 01:12:37.798] [SFX] {"sound": "player_move", "volume": 0.4}
[2026-09-26 01:12:37.930] [SFX] {"sound": "civ_move_2", "volume": 0.15}
[2026-09-26 01:12:38.114] [SFX] {"sound": "civ_move_1", "volume": 0.16}
[2026-09-26 01:12:38.136] [SFX] {"sound": "guardian_move", "volume": 0.2}
[2026-09-26 01:12:38.137] [SFX] {"sound": "civ_move_1", "volume": 0.17}
[2026-09-26 01:12:38.331] [SFX] {"sound": "civ_move_2", "volume": 0.14}
[2026-09-26 01:12:38.516] [SFX] {"sound": "civ_move_1", "volume": 0.15}
[2026-09-26 01:12:38.540] [SFX] {"sound": "civ_move_1", "volume": 0.17}
[2026-09-26 01:12:38.730] [SFX] {"sound": "guardian_move", "volume": 0.18}
[2026-09-26 01:12:38.754] [SFX] {"sound": "civ_move_2", "volume": 0.14}
[2026-09-26 01:12:38.918] [SFX] {"sound": "civ_move_1", "volume": 0.14}
[2026-09-26 01:12:38.932] [M] {"button": 1, "pos": [317, 273], "ui_clicked": false}
[2026-09-26 01:12:38.949] [SFX] {"sound": "civ_move_1", "volume": 0.17}
[2026-09-26 01:12:39.161] [SFX] {"sound": "civ_move_2", "volume": 0.13}
[2026-09-26 01:12:39.326] [SFX] {"sound": "civ_move_1", "volume": 0.13}
[2026-09-26 01:12:39.343] [M] {"button": 1, "pos": [325, 276], "ui_clicked": false}
[2026-09-26 01:12:39.350] [SFX] {"sound": "guardian_move", "volume": 0.16}
[2026-09-26 01:12:39.351] [P] {"start": [226, 15], "goal": [226, 21], "length": 1, "is_direction_change": false}
[2026-09-26 01:12:39.351] [SFX] {"sound": "click_target", "volume": 0.68}
[2026-09-26 01:12:39.388] [SFX] {"sound": "civ_move_1", "volume": 0.16}
[2026-09-26 01:12:39.561] [SFX] {"sound": "civ_move_2", "volume": 0.14}
[2026-09-26 01:12:39.627] [SFX] {"sound": "player_move", "volume": 0.4}
[2026-09-26 01:12:39.728] [SFX] {"sound": "civ_move_1", "volume": 0.14}
[2026-09-26 01:12:39.761] [SFX] {"sound": "civ_move_1", "volume": 0.18}
[2026-09-26 01:12:39.877] [M] {"button": 1, "pos": [326, 277], "ui_clicked": false}
[2026-09-26 01:12:39.885] [P] {"start": [226, 21], "goal": [226, 26], "length": 1, "is_direction_change": false}
[2026-09-26 01:12:39.886] [SFX] {"sound": "click_target", "volume": 0.69}
[2026-09-26 01:12:39.948] [SFX] {"sound": "guardian_move", "volume": 0.11}
[2026-09-26 01:12:39.971] [SFX] {"sound": "civ_move_2", "volume": 0.14}
[2026-09-26 01:12:40.128] [SFX] {"sound": "civ_move_1", "volume": 0.17}
[2026-09-26 01:12:40.177] [SFX] {"sound": "civ_move_1", "volume": 0.22}
[2026-09-26 01:12:40.371] [M] {"button": 1, "pos": [328, 278], "ui_clicked": false}
[2026-09-26 01:12:40.379] [SFX] {"sound": "civ_move_2", "volume": 0.15}
[2026-09-26 01:12:40.380] [P] {"start": [226, 26], "goal": [226, 31], "length": 1, "is_direction_change": false}
[2026-09-26 01:12:40.381] [SFX] {"sound": "click_target", "volume": 0.69}
[2026-09-26 01:12:40.444] [SFX] {"sound": "player_move", "volume": 0.4}
[2026-09-26 01:12:40.543] [SFX] {"sound": "civ_move_1", "volume": 0.16}
[2026-09-26 01:12:40.567] [SFX] {"sound": "guardian_move", "volume": 0.05}
[2026-09-26 01:12:40.585] [SFX] {"sound": "civ_move_1", "volume": 0.21}
[2026-09-26 01:12:40.776] [SFX] {"sound": "civ_move_2", "volume": 0.15}
[2026-09-26 01:12:40.957] [SFX] {"sound": "civ_move_1", "volume": 0.14}
[2026-09-26 01:12:40.989] [SFX] {"sound": "civ_move_1", "volume": 0.19}
[2026-09-26 01:12:41.039] [M] {"button": 1, "pos": [330, 278], "ui_clicked": false}
[2026-09-26 01:12:41.048] [P] {"start": [226, 31], "goal": [226, 37], "length": 1, "is_direction_change": false}
[2026-09-26 01:12:41.049] [SFX] {"sound": "click_target", "volume": 0.68}
[2026-09-26 01:12:41.165] [SFX] {"sound": "guardian_move", "volume": 0.01}
[2026-09-26 01:12:41.187] [SFX] {"sound": "player_move", "volume": 0.4}
[2026-09-26 01:12:41.188] [SFX] {"sound": "civ_move_2", "volume": 0.16}
[2026-09-26 01:12:41.366] [SFX] {"sound": "civ_move_1", "volume": 0.12}
[2026-09-26 01:12:41.398] [SFX] {"sound": "civ_move_1", "volume": 0.17}
[2026-09-26 01:12:41.514] [M] {"button": 1, "pos": [331, 278], "ui_clicked": false}
[2026-09-26 01:12:41.522] [P] {"start": [226, 37], "goal": [226, 42], "length": 1, "is_direction_change": false}
[2026-09-26 01:12:41.522] [SFX] {"sound": "click_target", "volume": 0.7}
[2026-09-26 01:12:41.586] [SFX] {"sound": "civ_move_2", "volume": 0.19}
[2026-09-26 01:12:41.669] [SFX] {"sound": "player_move", "volume": 0.4}
[2026-09-26 01:12:41.770] [SFX] {"sound": "civ_move_1", "volume": 0.09}
[2026-09-26 01:12:41.804] [SFX] {"sound": "civ_move_1", "volume": 0.16}
[2026-09-26 01:12:41.934] [M] {"button": 1, "pos": [331, 278], "ui_clicked": false}
[2026-09-26 01:12:41.943] [P] {"start": [226, 42], "goal": [226, 47], "length": 1, "is_direction_change": false}
[2026-09-26 01:12:41.944] [SFX] {"sound": "click_target", "volume": 0.7}
[2026-09-26 01:12:41.987] [SFX] {"sound": "civ_move_2", "volume": 0.19}
[2026-09-26 01:12:42.152] [SFX] {"sound": "player_move", "volume": 0.4}
[2026-09-26 01:12:42.177] [SFX] {"sound": "civ_move_1", "volume": 0.06}
[2026-09-26 01:12:42.204] [SFX] {"sound": "civ_move_1", "volume": 0.14}
[2026-09-26 01:12:42.386] [SFX] {"sound": "civ_move_2", "volume": 0.18}
[2026-09-26 01:12:42.453] [M] {"button": 1, "pos": [331, 278], "ui_clicked": false}
[2026-09-26 01:12:42.460] [P] {"start": [226, 47], "goal": [226, 52], "length": 1, "is_direction_change": false}
[2026-09-26 01:12:42.460] [SFX] {"sound": "click_target", "volume": 0.69}
[2026-09-26 01:12:42.576] [SFX] {"sound": "civ_move_1", "volume": 0.03}
[2026-09-26 01:12:42.610] [SFX] {"sound": "civ_move_1", "volume": 0.13}
[2026-09-26 01:12:42.792] [SFX] {"sound": "civ_move_2", "volume": 0.17}
[2026-09-26 01:12:42.987] [SFX] {"sound": "civ_move_1", "volume": 0.01}
[2026-09-26 01:12:43.021] [SFX] {"sound": "civ_move_1", "volume": 0.13}
[2026-09-26 01:12:43.121] [M] {"button": 1, "pos": [331, 301], "ui_clicked": false}
[2026-09-26 01:12:43.129] [P] {"start": [226, 52], "goal": [226, 59], "length": 1, "is_direction_change": false}
[2026-09-26 01:12:43.129] [SFX] {"sound": "click_target", "volume": 0.65}
[2026-09-26 01:12:43.181] [SFX] {"sound": "player_move", "volume": 0.4}
[2026-09-26 01:12:43.204] [SFX] {"sound": "civ_move_2", "volume": 0.17}
[2026-09-26 01:12:43.428] [SFX] {"sound": "civ_move_1", "volume": 0.1}
[2026-09-26 01:12:43.543] [M] {"button": 1, "pos": [332, 301], "ui_clicked": false}
[2026-09-26 01:12:43.551] [P] {"start": [226, 59], "goal": [226, 64], "length": 1, "is_direction_change": false}
[2026-09-26 01:12:43.552] [SFX] {"sound": "click_target", "volume": 0.69}
[2026-09-26 01:12:43.589] [SFX] {"sound": "player_move", "volume": 0.4}
[2026-09-26 01:12:43.606] [SFX] {"sound": "civ_move_2", "volume": 0.15}
[2026-09-26 01:12:43.834] [SFX] {"sound": "civ_move_1", "volume": 0.07}
[2026-09-26 01:12:43.935] [M] {"button": 1, "pos": [332, 301], "ui_clicked": false}
[2026-09-26 01:12:43.943] [P] {"start": [226, 64], "goal": [226, 70], "length": 1, "is_direction_change": false}
[2026-09-26 01:12:43.943] [SFX] {"sound": "click_target", "volume": 0.67}
[2026-09-26 01:12:44.009] [SFX] {"sound": "civ_move_2", "volume": 0.12}
[2026-09-26 01:12:44.031] [SFX] {"sound": "player_move", "volume": 0.4}
[2026-09-26 01:12:44.242] [SFX] {"sound": "civ_move_1", "volume": 0.04}
[2026-09-26 01:12:44.259] [M] {"button": 1, "pos": [333, 301], "ui_clicked": false}
[2026-09-26 01:12:44.266] [P] {"start": [226, 70], "goal": [226, 74], "length": 1, "is_direction_change": false}
[2026-09-26 01:12:44.267] [SFX] {"sound": "click_target", "volume": 0.7}
[2026-09-26 01:12:44.365] [SFX] {"sound": "player_move", "volume": 0.4}
[2026-09-26 01:12:44.415] [SFX] {"sound": "civ_move_2", "volume": 0.09}
[2026-09-26 01:12:44.596] [M] {"button": 1, "pos": [333, 301], "ui_clicked": false}
[2026-09-26 01:12:44.646] [SFX] {"sound": "civ_move_1", "volume": 0.03}
[2026-09-26 01:12:44.828] [SFX] {"sound": "civ_move_2", "volume": 0.09}
[2026-09-26 01:12:45.060] [SFX] {"sound": "civ_move_1", "volume": 0.04}
[2026-09-26 01:12:45.239] [SFX] {"sound": "civ_move_2", "volume": 0.1}
[2026-09-26 01:12:45.287] [M] {"button": 1, "pos": [226, 193], "ui_clicked": false}
[2026-09-26 01:12:45.296] [P] {"start": [226, 74], "goal": [219, 74], "length": 1, "is_direction_change": false}
[2026-09-26 01:12:45.297] [SFX] {"sound": "click_target", "volume": 0.68}
[2026-09-26 01:12:45.471] [SFX] {"sound": "civ_move_1", "volume": 0.03}
[2026-09-26 01:12:45.504] [SFX] {"sound": "player_move", "volume": 0.4}
[2026-09-26 01:12:45.639] [SFX] {"sound": "civ_move_2", "volume": 0.08}
[2026-09-26 01:12:45.705] [M] {"button": 1, "pos": [224, 192], "ui_clicked": false}
[2026-09-26 01:12:45.713] [P] {"start": [219, 74], "goal": [214, 74], "length": 1, "is_direction_change": false}
[2026-09-26 01:12:45.714] [SFX] {"sound": "click_target", "volume": 0.72}
[2026-09-26 01:12:45.874] [SFX] {"sound": "civ_move_1", "volume": 0.02}
[2026-09-26 01:12:45.897] [SFX] {"sound": "player_move", "volume": 0.4}
[2026-09-26 01:12:46.041] [SFX] {"sound": "civ_move_2", "volume": 0.06}
[2026-09-26 01:12:46.075] [M] {"button": 1, "pos": [224, 192], "ui_clicked": false}
[2026-09-26 01:12:46.082] [P] {"start": [214, 74], "goal": [209, 74], "length": 1, "is_direction_change": false}
[2026-09-26 01:12:46.083] [SFX] {"sound": "click_target", "volume": 0.71}
[2026-09-26 01:12:46.442] [M] {"button": 1, "pos": [224, 192], "ui_clicked": false}
[2026-09-26 01:12:46.449] [SFX] {"sound": "civ_move_2", "volume": 0.03}
[2026-09-26 01:12:46.450] [P] {"start": [209, 74], "goal": [204, 74], "length": 1, "is_direction_change": false}
[2026-09-26 01:12:46.451] [SFX] {"sound": "click_target", "volume": 0.71}
[2026-09-26 01:12:46.490] [SFX] {"sound": "player_move", "volume": 0.4}
[2026-09-26 01:12:46.827] [M] {"button": 1, "pos": [224, 192], "ui_clicked": false}
[2026-09-26 01:12:46.836] [P] {"start": [204, 74], "goal": [199, 74], "length": 1, "is_direction_change": false}
[2026-09-26 01:12:46.837] [SFX] {"sound": "click_target", "volume": 0.7}
[2026-09-26 01:12:46.876] [SFX] {"sound": "civ_move_2", "volume": 0.0}
[2026-09-26 01:12:46.922] [SFX] {"sound": "player_move", "volume": 0.4}
[2026-09-26 01:12:47.173] [M] {"button": 1, "pos": [224, 192], "ui_clicked": false}
[2026-09-26 01:12:47.181] [P] {"start": [199, 74], "goal": [194, 74], "length": 1, "is_direction_change": false}
[2026-09-26 01:12:47.182] [SFX] {"sound": "click_target", "volume": 0.71}
[2026-09-26 01:12:47.328] [SFX] {"sound": "player_move", "volume": 0.4}
[2026-09-26 01:12:48.960] [M] {"button": 1, "pos": [332, 211], "ui_clicked": false}
[2026-09-26 01:12:48.967] [SFX] {"sound": "click_target", "volume": 0.76}
[2026-09-26 01:12:50.084] [M] {"button": 1, "pos": [366, 233], "ui_clicked": true}
[2026-09-26 01:12:50.104] [JACK] Deck-Einstellungen werden angepasst...
[2026-09-26 01:12:50.121] [SFX] {"sound": "infiltrate 2", "volume": 0.5}
[2026-09-26 01:12:50.516] [SFX] {"sound": "infiltrate 1", "volume": 0.5}
[2026-09-26 01:12:51.331] [SFX] {"sound": "infiltrate 2", "volume": 0.5}
[2026-09-26 01:12:51.460] [SFX] {"sound": "hack_success", "volume": 1.0}
[2026-09-26 01:12:53.302] [M] {"button": 1, "pos": [287, 162], "ui_clicked": false}
[2026-09-26 01:12:53.310] [SFX] {"sound": "action_cancel", "volume": 1.0}
[2026-09-26 01:12:54.109] [M] {"button": 1, "pos": [287, 159], "ui_clicked": false}
[2026-09-26 01:12:55.250] [M] {"button": 1, "pos": [286, 156], "ui_clicked": false}
[2026-09-26 01:12:55.925] [M] {"button": 1, "pos": [302, 187], "ui_clicked": false}
[2026-09-26 01:12:55.933] [P] {"start": [194, 74], "goal": [192, 74], "length": 1, "is_direction_change": false}
[2026-09-26 01:12:55.934] [SFX] {"sound": "click_target", "volume": 0.77}
[2026-09-26 01:12:56.703] [M] {"button": 1, "pos": [309, 150], "ui_clicked": false}
[2026-09-26 01:12:57.740] [M] {"button": 1, "pos": [303, 184], "ui_clicked": false}
[2026-09-26 01:12:57.748] [P] {"start": [192, 74], "goal": [190, 74], "length": 1, "is_direction_change": false}
[2026-09-26 01:12:57.749] [SFX] {"sound": "click_target", "volume": 0.78}
[2026-09-26 01:12:57.771] [JACK] Vorsichtig vorantasten...
[2026-09-26 01:12:58.371] [M] {"button": 1, "pos": [337, 151], "ui_clicked": false}
[2026-09-26 01:12:58.943] [M] {"button": 1, "pos": [379, 187], "ui_clicked": false}
[2026-09-26 01:12:58.951] [P] {"start": [190, 74], "goal": [193, 74], "length": 1, "is_direction_change": false}
[2026-09-26 01:12:58.952] [SFX] {"sound": "click_target", "volume": 0.72}
[2026-09-26 01:12:58.999] [SFX] {"sound": "player_move", "volume": 0.4}
[2026-09-26 01:12:59.806] [M] {"button": 1, "pos": [234, 188], "ui_clicked": false}
[2026-09-26 01:12:59.814] [P] {"start": [193, 74], "goal": [187, 74], "length": 1, "is_direction_change": false}
[2026-09-26 01:12:59.815] [SFX] {"sound": "click_target", "volume": 0.69}
[2026-09-26 01:13:00.027] [SFX] {"sound": "player_move", "volume": 0.4}
[2026-09-26 01:13:00.339] [M] {"button": 1, "pos": [237, 188], "ui_clicked": false}
[2026-09-26 01:13:00.348] [P] {"start": [187, 74], "goal": [182, 74], "length": 6, "is_direction_change": false}
[2026-09-26 01:13:00.349] [SFX] {"sound": "click_target", "volume": 0.71}
[2026-09-26 01:13:00.580] [SFX] {"sound": "player_move", "volume": 0.4}
[2026-09-26 01:13:02.118] [M] {"button": 1, "pos": [269, 218], "ui_clicked": false}
[2026-09-26 01:13:02.128] [P] {"start": [182, 74], "goal": [178, 76], "length": 3, "is_direction_change": false}
[2026-09-26 01:13:02.128] [SFX] {"sound": "click_target", "volume": 0.72}
[2026-09-26 01:13:02.400] [SFX] {"sound": "player_move", "volume": 0.4}
[2026-09-26 01:13:03.063] [M] {"button": 1, "pos": [236, 198], "ui_clicked": false}
[2026-09-26 01:13:03.071] [P] {"start": [178, 76], "goal": [172, 77], "length": 2, "is_direction_change": false}
[2026-09-26 01:13:03.072] [SFX] {"sound": "click_target", "volume": 0.69}
[2026-09-26 01:13:03.337] [SFX] {"sound": "player_move", "volume": 0.4}
[2026-09-26 01:13:03.436] [SENTINEL_EMPTIED_IOT] {"iot": "watcher", "stolen_data": 13, "had_jack_sighting": false, "node": [110, 83]}
[2026-09-26 01:13:03.861] [M] {"button": 1, "pos": [265, 223], "ui_clicked": false}
[2026-09-26 01:13:04.206] [M] {"button": 1, "pos": [264, 231], "ui_clicked": false}
[2026-09-26 01:13:04.214] [P] {"start": [172, 77], "goal": [168, 80], "length": 2, "is_direction_change": false}
[2026-09-26 01:13:04.215] [SFX] {"sound": "click_target", "volume": 0.7}
[2026-09-26 01:13:04.429] [SFX] {"sound": "player_move", "volume": 0.4}
[2026-09-26 01:13:06.278] [M] {"button": 1, "pos": [296, 253], "ui_clicked": false}
[2026-09-26 01:13:06.287] [P] {"start": [168, 80], "goal": [166, 84], "length": 2, "is_direction_change": false}
[2026-09-26 01:13:06.287] [SFX] {"sound": "click_target", "volume": 0.7}
[2026-09-26 01:13:06.455] [SFX] {"sound": "player_move", "volume": 0.4}
[2026-09-26 01:13:06.903] [M] {"button": 1, "pos": [314, 259], "ui_clicked": false}
[2026-09-26 01:13:07.366] [M] {"button": 1, "pos": [316, 258], "ui_clicked": false}
[2026-09-26 01:13:08.525] [M] {"button": 1, "pos": [320, 192], "ui_clicked": false}
[2026-09-26 01:13:09.135] [M] {"button": 1, "pos": [398, 131], "ui_clicked": false}
[2026-09-26 01:13:09.145] [P] {"start": [166, 84], "goal": [171, 80], "length": 2, "is_direction_change": false}
[2026-09-26 01:13:09.145] [SFX] {"sound": "click_target", "volume": 0.85}
[2026-09-26 01:13:09.316] [SFX] {"sound": "player_move", "volume": 0.4}
[2026-09-26 01:13:10.257] [M] {"button": 1, "pos": [454, 131], "ui_clicked": false}
[2026-09-26 01:13:10.266] [P] {"start": [171, 80], "goal": [179, 76], "length": 3, "is_direction_change": false}
[2026-09-26 01:13:10.267] [SFX] {"sound": "click_target", "volume": 0.77}
[2026-09-26 01:13:10.306] [JACK] Kurzer Blick um die Ecke...
[2026-09-26 01:13:10.323] [SFX] {"sound": "player_move", "volume": 0.4}
[2026-09-26 01:13:10.765] [M] {"button": 1, "pos": [480, 142], "ui_clicked": false}
[2026-09-26 01:13:10.773] [P] {"start": [176, 76], "goal": [184, 74], "length": 8, "is_direction_change": false}
[2026-09-26 01:13:10.774] [SFX] {"sound": "click_target", "volume": 0.8}
[2026-09-26 01:13:10.917] [SFX] {"sound": "player_move", "volume": 0.4}
[2026-09-26 01:13:11.862] [M] {"button": 1, "pos": [403, 293], "ui_clicked": false}
[2026-09-26 01:13:12.242] [M] {"button": 1, "pos": [342, 310], "ui_clicked": false}
[2026-09-26 01:13:12.506] [M] {"button": 1, "pos": [351, 278], "ui_clicked": false}
[2026-09-26 01:13:12.807] [M] {"button": 1, "pos": [361, 271], "ui_clicked": false}
[2026-09-26 01:13:12.817] [P] {"start": [184, 74], "goal": [186, 79], "length": 2, "is_direction_change": false}
[2026-09-26 01:13:12.818] [SFX] {"sound": "click_target", "volume": 0.67}
[2026-09-26 01:13:13.060] [SFX] {"sound": "player_move", "volume": 0.4}
[2026-09-26 01:13:13.822] [M] {"button": 1, "pos": [313, 290], "ui_clicked": false}
[2026-09-26 01:13:14.369] [M] {"button": 1, "pos": [324, 276], "ui_clicked": false}
[2026-09-26 01:13:14.378] [P] {"start": [186, 79], "goal": [186, 85], "length": 1, "is_direction_change": false}
[2026-09-26 01:13:14.378] [SFX] {"sound": "click_target", "volume": 0.68}
[2026-09-26 01:13:14.582] [SFX] {"sound": "player_move", "volume": 0.4}
[2026-09-26 01:13:14.848] [M] {"button": 1, "pos": [328, 272], "ui_clicked": false}
[2026-09-26 01:13:14.857] [P] {"start": [186, 85], "goal": [186, 89], "length": 1, "is_direction_change": false}
[2026-09-26 01:13:14.858] [SFX] {"sound": "click_target", "volume": 0.7}
[2026-09-26 01:13:15.288] [M] {"button": 1, "pos": [329, 272], "ui_clicked": false}
[2026-09-26 01:13:15.296] [P] {"start": [186, 89], "goal": [186, 94], "length": 1, "is_direction_change": false}
[2026-09-26 01:13:15.296] [SFX] {"sound": "click_target", "volume": 0.7}
[2026-09-26 01:13:15.346] [SFX] {"sound": "player_move", "volume": 0.4}
[2026-09-26 01:13:17.148] [M] {"button": 1, "pos": [328, 269], "ui_clicked": false}
[2026-09-26 01:13:17.158] [P] {"start": [186, 94], "goal": [186, 99], "length": 1, "is_direction_change": false}
[2026-09-26 01:13:17.158] [SFX] {"sound": "click_target", "volume": 0.68}
[2026-09-26 01:13:17.277] [SFX] {"sound": "player_move", "volume": 0.4}
[2026-09-26 01:13:17.588] [M] {"button": 1, "pos": [328, 269], "ui_clicked": false}
[2026-09-26 01:13:17.596] [P] {"start": [186, 99], "goal": [186, 103], "length": 1, "is_direction_change": false}
[2026-09-26 01:13:17.597] [SFX] {"sound": "click_target", "volume": 0.7}
[2026-09-26 01:13:17.744] [JACK_REGISTERED_BY_CAMERA] {"camera": [184, 102]}
[2026-09-26 01:13:17.778] [SFX] {"sound": "player_move", "volume": 0.4}
[2026-09-26 01:13:19.567] [M] {"button": 1, "pos": [330, 264], "ui_clicked": false}
[2026-09-26 01:13:19.576] [P] {"start": [186, 103], "goal": [186, 108], "length": 1, "is_direction_change": false}
[2026-09-26 01:13:19.577] [SFX] {"sound": "click_target", "volume": 0.69}
[2026-09-26 01:13:20.011] [M] {"button": 1, "pos": [331, 264], "ui_clicked": false}
[2026-09-26 01:13:20.019] [P] {"start": [186, 108], "goal": [186, 112], "length": 1, "is_direction_change": false}
[2026-09-26 01:13:20.020] [SFX] {"sound": "click_target", "volume": 0.71}
[2026-09-26 01:13:20.069] [SFX] {"sound": "player_move", "volume": 0.4}
[2026-09-26 01:13:20.467] [M] {"button": 1, "pos": [331, 264], "ui_clicked": false}
[2026-09-26 01:13:20.476] [P] {"start": [186, 112], "goal": [186, 116], "length": 1, "is_direction_change": false}
[2026-09-26 01:13:20.477] [SFX] {"sound": "click_target", "volume": 0.7}
[2026-09-26 01:13:20.638] [SFX] {"sound": "player_move", "volume": 0.4}
[2026-09-26 01:13:20.931] [M] {"button": 1, "pos": [331, 264], "ui_clicked": false}
[2026-09-26 01:13:20.939] [P] {"start": [186, 116], "goal": [186, 120], "length": 1, "is_direction_change": false}
[2026-09-26 01:13:20.940] [SFX] {"sound": "click_target", "volume": 0.7}
[2026-09-26 01:13:21.374] [M] {"button": 1, "pos": [331, 263], "ui_clicked": false}
[2026-09-26 01:13:21.383] [P] {"start": [186, 120], "goal": [186, 124], "length": 1, "is_direction_change": false}
[2026-09-26 01:13:21.384] [SFX] {"sound": "click_target", "volume": 0.71}
[2026-09-26 01:13:21.467] [SFX] {"sound": "player_move", "volume": 0.4}
[2026-09-26 01:13:22.329] [M] {"button": 1, "pos": [331, 263], "ui_clicked": false}
[2026-09-26 01:13:22.337] [P] {"start": [186, 124], "goal": [186, 129], "length": 1, "is_direction_change": false}
[2026-09-26 01:13:22.338] [SFX] {"sound": "click_target", "volume": 0.69}
[2026-09-26 01:13:22.385] [JACK_REGISTERED_BY_CAMERA] {"camera": [184, 125]}
[2026-09-26 01:13:22.532] [SFX] {"sound": "player_move", "volume": 0.4}
[2026-09-26 01:13:22.745] [M] {"button": 1, "pos": [331, 263], "ui_clicked": false}
[2026-09-26 01:13:23.453] [M] {"button": 1, "pos": [389, 218], "ui_clicked": false}
[2026-09-26 01:13:23.955] [M] {"button": 1, "pos": [404, 208], "ui_clicked": false}
[2026-09-26 01:13:23.964] [P] {"start": [186, 129], "goal": [191, 130], "length": 2, "is_direction_change": false}
[2026-09-26 01:13:23.964] [SFX] {"sound": "click_target", "volume": 0.69}
[2026-09-26 01:13:24.234] [SFX] {"sound": "player_move", "volume": 0.4}
[2026-09-26 01:13:24.398] [M] {"button": 1, "pos": [405, 207], "ui_clicked": false}
[2026-09-26 01:13:24.829] [M] {"button": 1, "pos": [415, 194], "ui_clicked": false}
[2026-09-26 01:13:24.837] [P] {"start": [191, 130], "goal": [197, 130], "length": 1, "is_direction_change": false}
[2026-09-26 01:13:24.838] [SFX] {"sound": "click_target", "volume": 0.68}
[2026-09-26 01:13:25.124] [SFX] {"sound": "player_move", "volume": 0.4}
[2026-09-26 01:13:25.206] [M] {"button": 1, "pos": [415, 194], "ui_clicked": false}
[2026-09-26 01:13:25.214] [P] {"start": [197, 130], "goal": [201, 130], "length": 1, "is_direction_change": false}
[2026-09-26 01:13:25.215] [SFX] {"sound": "click_target", "volume": 0.71}
[2026-09-26 01:13:25.565] [SFX] {"sound": "civ_move_2", "volume": 0.01}
[2026-09-26 01:13:25.862] [M] {"button": 1, "pos": [415, 194], "ui_clicked": false}
[2026-09-26 01:13:25.870] [P] {"start": [201, 130], "goal": [206, 130], "length": 1, "is_direction_change": false}
[2026-09-26 01:13:25.870] [SFX] {"sound": "click_target", "volume": 0.68}
[2026-09-26 01:13:25.972] [SFX] {"sound": "player_move", "volume": 0.4}
[2026-09-26 01:13:25.973] [SFX] {"sound": "civ_move_2", "volume": 0.03}
[2026-09-26 01:13:26.385] [SFX] {"sound": "civ_move_2", "volume": 0.06}
[2026-09-26 01:13:26.799] [SFX] {"sound": "civ_move_2", "volume": 0.07}
[2026-09-26 01:13:27.132] [M] {"button": 1, "pos": [603, 336], "ui_clicked": true}
[2026-09-26 01:13:27.208] [SFX] {"sound": "civ_move_2", "volume": 0.09}
[2026-09-26 01:13:27.621] [SFX] {"sound": "civ_move_2", "volume": 0.1}
[2026-09-26 01:13:28.774] [M] {"button": 1, "pos": [508, 223], "ui_clicked": true}
[2026-09-26 01:13:30.210] [M] {"button": 1, "pos": [494, 222], "ui_clicked": true}
[2026-09-26 01:13:30.240] [JACK] Deck-Einstellungen werden angepasst...
[2026-09-26 01:13:31.061] [M] {"button": 1, "pos": [500, 234], "ui_clicked": true}
[2026-09-26 01:13:32.377] [M] {"button": 3, "pos": [497, 268], "ui_clicked": true}
[2026-09-26 01:13:32.378] [EQ_M] {"type": "DRIVER", "file": "ucam.drv", "replaced": "disp.drv"}
[2026-09-26 01:13:32.415] [JACK] Neuer Treiber montiert! Das gibt uns ordentlich Auftrieb.
[2026-09-26 01:13:32.957] [M] {"button": 1, "pos": [497, 268], "ui_clicked": true}
[2026-09-26 01:13:34.463] [SENTINEL_EMPTIED_IOT] {"iot": "listener", "stolen_data": 10, "had_jack_sighting": false, "node": [106, 104]}
[2026-09-26 01:13:35.700] [M] {"button": 1, "pos": [499, 218], "ui_clicked": true}
[2026-09-26 01:13:37.807] [M] {"button": 1, "pos": [501, 233], "ui_clicked": true}
[2026-09-26 01:13:47.871] [M] {"button": 1, "pos": [409, 266], "ui_clicked": false}
[2026-09-26 01:13:48.494] [M] {"button": 5, "pos": [409, 266], "ui_clicked": false}
[2026-09-26 01:13:51.254] [M] {"button": 1, "pos": [585, 327], "ui_clicked": false}
[2026-09-26 01:13:51.622] [M] {"button": 1, "pos": [594, 327], "ui_clicked": true}
[2026-09-26 01:13:51.651] [JACK] Deck-Einstellungen werden angepasst...
[2026-09-26 01:13:53.243] [M] {"button": 1, "pos": [468, 180], "ui_clicked": false}
[2026-09-26 01:13:53.606] [M] {"button": 1, "pos": [469, 186], "ui_clicked": false}
[2026-09-26 01:13:53.615] [P] {"start": [206, 130], "goal": [226, 130], "length": 1, "is_direction_change": false}
[2026-09-26 01:13:53.615] [SFX] {"sound": "click_target", "volume": 0.4}
[2026-09-26 01:13:53.787] [SFX] {"sound": "player_move", "volume": 0.4}
[2026-09-26 01:13:54.110] [JACK_REGISTERED_BY_CAMERA] {"camera": [216, 132]}
[2026-09-26 01:13:54.411] [SFX] {"sound": "player_move", "volume": 0.4}
[2026-09-26 01:13:57.441] [M] {"button": 1, "pos": [382, 159], "ui_clicked": false}
[2026-09-26 01:13:57.449] [SFX] {"sound": "click_target", "volume": 0.87}
[2026-09-26 01:13:57.560] [SFX] {"sound": "player_move", "volume": 0.4}
[2026-09-26 01:13:59.017] [M] {"button": 1, "pos": [363, 190], "ui_clicked": true}
[2026-09-26 01:13:59.305] [SFX] {"sound": "infiltrate 2", "volume": 0.5}
[2026-09-26 01:13:59.719] [SFX] {"sound": "infiltrate 1", "volume": 0.5}
[2026-09-26 01:13:59.769] [SFX] {"sound": "threat_pulse", "volume": 0.32}
[2026-09-26 01:14:00.120] [SFX] {"sound": "infiltrate 2", "volume": 0.5}
[2026-09-26 01:14:00.384] [SFX] {"sound": "hack_success", "volume": 1.0}
[2026-09-26 01:14:00.385] [JACK] JACK // EXTRACTED 5 DATA FRAGMENTS FROM PC. REGISTRATION WIPED!
[2026-09-26 01:14:00.683] [SFX] {"sound": "threat_pulse", "volume": 0.37}
[2026-09-26 01:14:01.593] [SFX] {"sound": "threat_pulse", "volume": 0.32}
[2026-09-26 01:14:01.778] [M] {"button": 1, "pos": [396, 31], "ui_clicked": false}
[2026-09-26 01:14:02.228] [M] {"button": 1, "pos": [408, 37], "ui_clicked": false}
[2026-09-26 01:14:02.282] [SFX] {"sound": "guardian_move", "volume": 0.22}
[2026-09-26 01:14:02.911] [SFX] {"sound": "guardian_move", "volume": 0.23}
[2026-09-26 01:14:03.520] [SFX] {"sound": "guardian_move", "volume": 0.25}
[2026-09-26 01:14:03.818] [M] {"button": 4, "pos": [380, 173], "ui_clicked": false}
[2026-09-26 01:14:04.133] [SFX] {"sound": "guardian_move", "volume": 0.26}
[2026-09-26 01:14:04.180] [M] {"button": 4, "pos": [380, 173], "ui_clicked": false}
[2026-09-26 01:14:04.742] [SFX] {"sound": "guardian_move", "volume": 0.27}
[2026-09-26 01:14:05.041] [JACK] Diese Bedrohung ist greifbar... Die Wachen dürfen unser Signal nicht isolieren.
[2026-09-26 01:14:05.356] [SFX] {"sound": "guardian_move", "volume": 0.29}
[2026-09-26 01:14:05.971] [SFX] {"sound": "guardian_move", "volume": 0.27}
[2026-09-26 01:14:06.582] [SFX] {"sound": "guardian_move", "volume": 0.26}
[2026-09-26 01:14:06.782] [M] {"button": 1, "pos": [461, 198], "ui_clicked": false}
[2026-09-26 01:14:06.792] [P] {"start": [232, 128], "goal": [233, 130], "length": 2, "is_direction_change": false}
[2026-09-26 01:14:06.793] [SFX] {"sound": "click_target", "volume": 0.75}
[2026-09-26 01:14:06.856] [SFX] {"sound": "player_move", "volume": 0.4}
[2026-09-26 01:14:07.187] [SFX] {"sound": "guardian_move", "volume": 0.32}
[2026-09-26 01:14:07.304] [M] {"button": 1, "pos": [467, 201], "ui_clicked": false}
[2026-09-26 01:14:07.314] [P] {"start": [233, 130], "goal": [235, 130], "length": 1, "is_direction_change": false}
[2026-09-26 01:14:07.315] [SFX] {"sound": "click_target", "volume": 0.75}
[2026-09-26 01:14:07.757] [M] {"button": 5, "pos": [468, 199], "ui_clicked": false}
[2026-09-26 01:14:07.792] [SFX] {"sound": "guardian_move", "volume": 0.33}
[2026-09-26 01:14:07.808] [M] {"button": 5, "pos": [468, 199], "ui_clicked": false}
[2026-09-26 01:14:08.406] [SFX] {"sound": "guardian_move", "volume": 0.31}
[2026-09-26 01:14:08.954] [M] {"button": 1, "pos": [443, 76], "ui_clicked": false}
[2026-09-26 01:14:08.973] [SFX] {"sound": "civ_move_1", "volume": 0.0}
[2026-09-26 01:14:09.007] [SFX] {"sound": "guardian_move", "volume": 0.29}
[2026-09-26 01:14:09.359] [M] {"button": 1, "pos": [432, 74], "ui_clicked": false}
[2026-09-26 01:14:09.368] [P] {"start": [235, 130], "goal": [240, 121], "length": 2, "is_direction_change": false}
[2026-09-26 01:14:09.368] [SFX] {"sound": "click_target", "volume": 0.74}
[2026-09-26 01:14:09.405] [SFX] {"sound": "civ_move_1", "volume": 0.01}
[2026-09-26 01:14:09.517] [SFX] {"sound": "player_move", "volume": 0.4}
[2026-09-26 01:14:09.618] [SFX] {"sound": "guardian_move", "volume": 0.27}
[2026-09-26 01:14:09.783] [SFX] {"sound": "civ_move_1", "volume": 0.05}
[2026-09-26 01:14:09.818] [SFX] {"sound": "player_move", "volume": 0.4}
[2026-09-26 01:14:10.200] [SFX] {"sound": "civ_move_1", "volume": 0.11}
[2026-09-26 01:14:10.238] [SFX] {"sound": "guardian_move", "volume": 0.34}
[2026-09-26 01:14:10.602] [SFX] {"sound": "civ_move_1", "volume": 0.12}
[2026-09-26 01:14:10.785] [M] {"button": 1, "pos": [325, 23], "ui_clicked": false}
[2026-09-26 01:14:10.792] [P] {"start": [240, 121], "goal": [240, 112], "length": 1, "is_direction_change": false}
[2026-09-26 01:14:10.793] [SFX] {"sound": "click_target", "volume": 0.78}
[2026-09-26 01:14:10.844] [SFX] {"sound": "player_move", "volume": 0.4}
[2026-09-26 01:14:10.845] [SFX] {"sound": "guardian_move", "volume": 0.33}
[2026-09-26 01:14:11.014] [SFX] {"sound": "civ_move_1", "volume": 0.17}
[2026-09-26 01:14:11.145] [SFX] {"sound": "player_move", "volume": 0.4}
[2026-09-26 01:14:11.262] [SENTINEL_EMPTIED_IOT] {"iot": "watcher", "stolen_data": 18, "had_jack_sighting": false, "node": [201, 24]}
[2026-09-26 01:14:11.425] [SFX] {"sound": "civ_move_1", "volume": 0.21}
[2026-09-26 01:14:11.426] [SFX] {"sound": "threat_pulse", "volume": 0.33}
[2026-09-26 01:14:11.473] [SFX] {"sound": "guardian_move", "volume": 0.31}
[2026-09-26 01:14:11.837] [SFX] {"sound": "civ_move_1", "volume": 0.23}
[2026-09-26 01:14:11.985] [M] {"button": 1, "pos": [325, 22], "ui_clicked": false}
[2026-09-26 01:14:11.992] [JACK] JACK // EASY TARGET. HER PASS CODES ARE STILL SET TO FACTORY DEFAULT.
[2026-09-26 01:14:11.993] [SFX] {"sound": "click_target", "volume": 0.79}
[2026-09-26 01:14:12.202] [SFX] {"sound": "player_move", "volume": 0.4}
[2026-09-26 01:14:12.239] [SFX] {"sound": "civ_move_1", "volume": 0.28}
[2026-09-26 01:14:12.305] [C] {"civ_pos": [240, 104]}
[2026-09-26 01:14:12.357] [SFX] {"sound": "threat_pulse", "volume": 0.33}
[2026-09-26 01:14:12.508] [SFX] {"sound": "player_move", "volume": 0.4}
[2026-09-26 01:14:12.644] [SFX] {"sound": "civ_move_1", "volume": 0.01}
[2026-09-26 01:14:12.645] [SFX] {"sound": "civ_move_1", "volume": 0.3}
[2026-09-26 01:14:12.823] [SFX] {"sound": "player_move", "volume": 0.4}
[2026-09-26 01:14:13.055] [SFX] {"sound": "civ_move_1", "volume": 0.01}
[2026-09-26 01:14:13.055] [SFX] {"sound": "civ_move_1", "volume": 0.23}
[2026-09-26 01:14:13.123] [SFX] {"sound": "player_move", "volume": 0.4}
[2026-09-26 01:14:13.258] [SFX] {"sound": "threat_pulse", "volume": 0.34}
[2026-09-26 01:14:13.424] [SFX] {"sound": "player_move", "volume": 0.4}
[2026-09-26 01:14:13.458] [SFX] {"sound": "civ_move_1", "volume": 0.02}
[2026-09-26 01:14:13.459] [SFX] {"sound": "civ_move_1", "volume": 0.23}
[2026-09-26 01:14:13.726] [SFX] {"sound": "player_move", "volume": 0.4}
[2026-09-26 01:14:13.859] [SFX] {"sound": "civ_move_1", "volume": 0.02}
[2026-09-26 01:14:13.860] [SFX] {"sound": "civ_move_1", "volume": 0.23}
[2026-09-26 01:14:14.040] [SFX] {"sound": "player_move", "volume": 0.4}
[2026-09-26 01:14:14.159] [SFX] {"sound": "threat_pulse", "volume": 0.35}
[2026-09-26 01:14:14.275] [SFX] {"sound": "civ_move_1", "volume": 0.01}
[2026-09-26 01:14:14.276] [SFX] {"sound": "civ_move_1", "volume": 0.23}
[2026-09-26 01:14:14.341] [SFX] {"sound": "player_move", "volume": 0.4}
[2026-09-26 01:14:14.690] [SFX] {"sound": "civ_move_1", "volume": 0.01}
[2026-09-26 01:14:14.691] [SFX] {"sound": "civ_move_1", "volume": 0.23}
[2026-09-26 01:14:14.809] [C] {"civ_pos": [240, 114]}
[2026-09-26 01:14:14.901] [M] {"button": 1, "pos": [365, 140], "ui_clicked": true}
[2026-09-26 01:14:14.957] [SFX] {"sound": "player_move", "volume": 0.4}
[2026-09-26 01:14:15.041] [SFX] {"sound": "infiltrate 1", "volume": 0.5}
[2026-09-26 01:14:15.075] [SFX] {"sound": "threat_pulse", "volume": 0.36}
[2026-09-26 01:14:15.097] [SFX] {"sound": "civ_move_1", "volume": 0.01}
[2026-09-26 01:14:15.098] [SFX] {"sound": "civ_move_1", "volume": 0.23}
[2026-09-26 01:14:15.262] [SFX] {"sound": "player_move", "volume": 0.4}
[2026-09-26 01:14:15.446] [SFX] {"sound": "infiltrate 2", "volume": 0.5}
[2026-09-26 01:14:15.497] [SFX] {"sound": "civ_move_1", "volume": 0.01}
[2026-09-26 01:14:15.497] [SFX] {"sound": "civ_move_1", "volume": 0.23}
[2026-09-26 01:14:15.563] [SFX] {"sound": "player_move", "volume": 0.4}
[2026-09-26 01:14:15.857] [SFX] {"sound": "infiltrate 2", "volume": 0.5}
[2026-09-26 01:14:15.882] [SFX] {"sound": "player_move", "volume": 0.4}
[2026-09-26 01:14:15.912] [SFX] {"sound": "civ_move_1", "volume": 0.02}
[2026-09-26 01:14:15.913] [SFX] {"sound": "civ_move_1", "volume": 0.23}
[2026-09-26 01:14:15.981] [SFX] {"sound": "threat_pulse", "volume": 0.37}
[2026-09-26 01:14:16.178] [SFX] {"sound": "player_move", "volume": 0.4}
[2026-09-26 01:14:16.264] [SFX] {"sound": "infiltrate 2", "volume": 0.5}
[2026-09-26 01:14:16.280] [SFX] {"sound": "hack_success", "volume": 1.0}
[2026-09-26 01:14:23.252] [M] {"button": 1, "pos": [281, 284], "ui_clicked": true}
[2026-09-26 01:14:32.191] [M] {"button": 1, "pos": [270, 284], "ui_clicked": true}
[2026-09-26 01:14:32.192] [SFX] {"sound": "hack_success", "volume": 1.0}
[2026-09-26 01:14:32.245] [SFX] {"sound": "civ_move_1", "volume": 0.01}
[2026-09-26 01:14:32.246] [SFX] {"sound": "civ_move_1", "volume": 0.23}
[2026-09-26 01:14:32.395] [SFX] {"sound": "player_move", "volume": 0.4}
[2026-09-26 01:14:32.660] [SFX] {"sound": "civ_move_1", "volume": 0.01}
[2026-09-26 01:14:32.661] [SFX] {"sound": "civ_move_1", "volume": 0.23}
[2026-09-26 01:14:32.696] [SFX] {"sound": "player_move", "volume": 0.4}
[2026-09-26 01:14:32.796] [SFX] {"sound": "threat_pulse", "volume": 0.38}
[2026-09-26 01:14:32.999] [SFX] {"sound": "player_move", "volume": 0.4}
[2026-09-26 01:14:33.065] [SFX] {"sound": "civ_move_1", "volume": 0.01}
[2026-09-26 01:14:33.066] [SFX] {"sound": "civ_move_1", "volume": 0.23}
[2026-09-26 01:14:33.230] [C] {"civ_pos": [240, 124]}
[2026-09-26 01:14:33.314] [SFX] {"sound": "player_move", "volume": 0.4}
[2026-09-26 01:14:33.479] [SFX] {"sound": "civ_move_1", "volume": 0.02}
[2026-09-26 01:14:33.480] [SFX] {"sound": "civ_move_1", "volume": 0.23}
[2026-09-26 01:14:33.612] [SFX] {"sound": "threat_pulse", "volume": 0.39}
[2026-09-26 01:14:33.635] [SFX] {"sound": "player_move", "volume": 0.4}
[2026-09-26 01:14:33.747] [M] {"button": 1, "pos": [270, 284], "ui_clicked": true}
[2026-09-26 01:14:33.888] [SFX] {"sound": "civ_move_1", "volume": 0.02}
[2026-09-26 01:14:33.888] [SFX] {"sound": "civ_move_1", "volume": 0.23}
[2026-09-26 01:14:33.920] [JACK] Achtung! Guardians patrouillieren den Sektor. Wir müssen extrem vorsichtig sein!
[2026-09-26 01:14:33.940] [SFX] {"sound": "player_move", "volume": 0.4}
[2026-09-26 01:14:34.141] [M] {"button": 3, "pos": [271, 284], "ui_clicked": true}
[2026-09-26 01:14:34.241] [SFX] {"sound": "player_move", "volume": 0.4}
[2026-09-26 01:14:34.292] [SFX] {"sound": "civ_move_1", "volume": 0.02}
[2026-09-26 01:14:34.293] [SFX] {"sound": "civ_move_1", "volume": 0.23}
[2026-09-26 01:14:34.424] [SFX] {"sound": "threat_pulse", "volume": 0.4}
[2026-09-26 01:14:34.558] [SFX] {"sound": "player_move", "volume": 0.4}
[2026-09-26 01:14:34.696] [SFX] {"sound": "civ_move_1", "volume": 0.01}
[2026-09-26 01:14:34.696] [SFX] {"sound": "civ_move_1", "volume": 0.23}
[2026-09-26 01:14:34.867] [SFX] {"sound": "player_move", "volume": 0.4}
[2026-09-26 01:14:34.949] [M] {"button": 3, "pos": [430, 325], "ui_clicked": true}
[2026-09-26 01:14:35.108] [SFX] {"sound": "civ_move_1", "volume": 0.02}
[2026-09-26 01:14:35.109] [SFX] {"sound": "civ_move_1", "volume": 0.29}
[2026-09-26 01:14:35.176] [SFX] {"sound": "player_move", "volume": 0.4}
[2026-09-26 01:14:35.225] [SFX] {"sound": "threat_pulse", "volume": 0.41}
[2026-09-26 01:14:35.489] [SFX] {"sound": "player_move", "volume": 0.4}
[2026-09-26 01:14:35.523] [SFX] {"sound": "civ_move_1", "volume": 0.03}
[2026-09-26 01:14:35.524] [SFX] {"sound": "civ_move_1", "volume": 0.29}
[2026-09-26 01:14:35.742] [C] {"civ_pos": [235, 130]}
[2026-09-26 01:14:35.800] [SFX] {"sound": "player_move", "volume": 0.4}
[2026-09-26 01:14:35.931] [SFX] {"sound": "civ_move_1", "volume": 0.04}
[2026-09-26 01:14:35.932] [SFX] {"sound": "civ_move_1", "volume": 0.29}
[2026-09-26 01:14:36.032] [SFX] {"sound": "threat_pulse", "volume": 0.42}
[2026-09-26 01:14:36.108] [SFX] {"sound": "player_move", "volume": 0.4}
[2026-09-26 01:14:36.341] [SFX] {"sound": "civ_move_1", "volume": 0.05}
[2026-09-26 01:14:36.341] [SFX] {"sound": "civ_move_1", "volume": 0.29}
[2026-09-26 01:14:36.410] [SFX] {"sound": "player_move", "volume": 0.4}
[2026-09-26 01:14:36.609] [M] {"button": 1, "pos": [352, 274], "ui_clicked": false}
[2026-09-26 01:14:36.617] [SFX] {"sound": "action_cancel", "volume": 1.0}
[2026-09-26 01:14:36.745] [SFX] {"sound": "civ_move_1", "volume": 0.06}
[2026-09-26 01:14:36.746] [SFX] {"sound": "civ_move_1", "volume": 0.3}
[2026-09-26 01:14:36.747] [SFX] {"sound": "threat_pulse", "volume": 0.42}
[2026-09-26 01:14:37.154] [SFX] {"sound": "civ_move_1", "volume": 0.07}
[2026-09-26 01:14:37.155] [SFX] {"sound": "civ_move_1", "volume": 0.29}
[2026-09-26 01:14:37.452] [SFX] {"sound": "threat_pulse", "volume": 0.39}
[2026-09-26 01:14:37.491] [SFX] {"sound": "civ_move_1", "volume": 0.27}
[2026-09-26 01:14:37.557] [SFX] {"sound": "civ_move_1", "volume": 0.08}
[2026-09-26 01:14:37.890] [SFX] {"sound": "civ_move_1", "volume": 0.27}
[2026-09-26 01:14:37.959] [SFX] {"sound": "civ_move_1", "volume": 0.1}
[2026-09-26 01:14:38.261] [SFX] {"sound": "threat_pulse", "volume": 0.35}
[2026-09-26 01:14:38.311] [SFX] {"sound": "civ_move_1", "volume": 0.28}
[2026-09-26 01:14:38.361] [SFX] {"sound": "civ_move_1", "volume": 0.11}
[2026-09-26 01:14:38.562] [C] {"civ_pos": [232, 128]}
[2026-09-26 01:14:38.716] [SFX] {"sound": "civ_move_1", "volume": 0.29}
[2026-09-26 01:14:38.769] [SFX] {"sound": "civ_move_1", "volume": 0.12}
[2026-09-26 01:14:39.116] [SFX] {"sound": "civ_move_1", "volume": 0.3}
[2026-09-26 01:14:39.165] [SFX] {"sound": "threat_pulse", "volume": 0.3}
[2026-09-26 01:14:39.188] [SFX] {"sound": "civ_move_1", "volume": 0.13}
[2026-09-26 01:14:39.527] [SFX] {"sound": "civ_move_1", "volume": 0.28}
[2026-09-26 01:14:39.592] [SFX] {"sound": "civ_move_1", "volume": 0.14}
[2026-09-26 01:14:39.941] [SFX] {"sound": "civ_move_1", "volume": 0.27}
[2026-09-26 01:14:39.995] [SFX] {"sound": "civ_move_1", "volume": 0.15}
[2026-09-26 01:14:40.344] [SFX] {"sound": "civ_move_1", "volume": 0.26}
[2026-09-26 01:14:40.395] [SFX] {"sound": "civ_move_1", "volume": 0.16}
[2026-09-26 01:14:40.543] [SFX] {"sound": "civ_move_1", "volume": 0.27}
[2026-09-26 01:14:40.757] [SFX] {"sound": "civ_move_1", "volume": 0.25}
[2026-09-26 01:14:40.810] [SFX] {"sound": "civ_move_1", "volume": 0.17}
[2026-09-26 01:14:40.942] [SFX] {"sound": "civ_move_1", "volume": 0.28}
[2026-09-26 01:14:41.159] [SFX] {"sound": "civ_move_1", "volume": 0.24}
[2026-09-26 01:14:41.225] [SFX] {"sound": "civ_move_1", "volume": 0.18}
[2026-09-26 01:14:41.377] [SFX] {"sound": "civ_move_1", "volume": 0.28}
[2026-09-26 01:14:41.526] [C] {"civ_pos": [232, 128]}
[2026-09-26 01:14:41.582] [JACK] Ein weiterer Passant im Netz. Ignorieren oder anpöbeln?
[2026-09-26 01:14:41.604] [SFX] {"sound": "civ_move_1", "volume": 0.22}
[2026-09-26 01:14:41.635] [SFX] {"sound": "civ_move_1", "volume": 0.19}
[2026-09-26 01:14:41.783] [SFX] {"sound": "civ_move_1", "volume": 0.29}
[2026-09-26 01:14:42.001] [SFX] {"sound": "civ_move_1", "volume": 0.21}
[2026-09-26 01:14:42.035] [SFX] {"sound": "civ_move_1", "volume": 0.2}
[2026-09-26 01:14:42.185] [SFX] {"sound": "civ_move_1", "volume": 0.3}
[2026-09-26 01:14:42.401] [SFX] {"sound": "civ_move_1", "volume": 0.2}
[2026-09-26 01:14:42.450] [SFX] {"sound": "civ_move_1", "volume": 0.21}
[2026-09-26 01:14:42.600] [SFX] {"sound": "civ_move_1", "volume": 0.28}
[2026-09-26 01:14:42.816] [SFX] {"sound": "civ_move_1", "volume": 0.19}
[2026-09-26 01:14:42.865] [SFX] {"sound": "civ_move_1", "volume": 0.22}
[2026-09-26 01:14:43.014] [SFX] {"sound": "civ_move_1", "volume": 0.27}
[2026-09-26 01:14:43.231] [SFX] {"sound": "civ_move_1", "volume": 0.17}
[2026-09-26 01:14:43.264] [SFX] {"sound": "civ_move_1", "volume": 0.23}
[2026-09-26 01:14:43.415] [SFX] {"sound": "civ_move_1", "volume": 0.26}
[2026-09-26 01:14:43.646] [SFX] {"sound": "civ_move_1", "volume": 0.16}
[2026-09-26 01:14:43.679] [SFX] {"sound": "civ_move_1", "volume": 0.24}
[2026-09-26 01:14:43.829] [SFX] {"sound": "civ_move_1", "volume": 0.25}
[2026-09-26 01:14:44.046] [SFX] {"sound": "civ_move_1", "volume": 0.15}
[2026-09-26 01:14:44.095] [SFX] {"sound": "civ_move_1", "volume": 0.24}
[2026-09-26 01:14:44.460] [SFX] {"sound": "civ_move_1", "volume": 0.14}
[2026-09-26 01:14:44.510] [SFX] {"sound": "civ_move_1", "volume": 0.24}
[2026-09-26 01:14:44.873] [SFX] {"sound": "civ_move_1", "volume": 0.12}
[2026-09-26 01:14:44.922] [SFX] {"sound": "civ_move_1", "volume": 0.25}
[2026-09-26 01:14:45.056] [SFX] {"sound": "civ_move_1", "volume": 0.23}
[2026-09-26 01:14:45.287] [SFX] {"sound": "civ_move_1", "volume": 0.11}
[2026-09-26 01:14:45.337] [SFX] {"sound": "civ_move_1", "volume": 0.27}
[2026-09-26 01:14:45.456] [SFX] {"sound": "civ_move_1", "volume": 0.23}
[2026-09-26 01:14:45.702] [SFX] {"sound": "civ_move_1", "volume": 0.1}
[2026-09-26 01:14:45.753] [SFX] {"sound": "civ_move_1", "volume": 0.28}
[2026-09-26 01:14:45.754] [C] {"civ_pos": [234, 130]}
[2026-09-26 01:14:45.861] [SFX] {"sound": "civ_move_1", "volume": 0.22}
[2026-09-26 01:14:46.108] [SFX] {"sound": "civ_move_1", "volume": 0.09}
[2026-09-26 01:14:46.159] [SFX] {"sound": "civ_move_1", "volume": 0.29}
[2026-09-26 01:14:46.273] [SFX] {"sound": "civ_move_1", "volume": 0.21}
[2026-09-26 01:14:46.521] [SFX] {"sound": "civ_move_1", "volume": 0.08}
[2026-09-26 01:14:46.570] [SFX] {"sound": "civ_move_1", "volume": 0.3}
[2026-09-26 01:14:46.687] [SFX] {"sound": "civ_move_1", "volume": 0.2}
[2026-09-26 01:14:46.935] [SFX] {"sound": "civ_move_1", "volume": 0.06}
[2026-09-26 01:14:46.985] [SFX] {"sound": "civ_move_1", "volume": 0.28}
[2026-09-26 01:14:47.102] [SFX] {"sound": "civ_move_1", "volume": 0.19}
[2026-09-26 01:14:47.349] [SFX] {"sound": "civ_move_1", "volume": 0.05}
[2026-09-26 01:14:47.515] [SFX] {"sound": "civ_move_1", "volume": 0.18}
[2026-09-26 01:14:47.763] [SFX] {"sound": "civ_move_1", "volume": 0.04}
[2026-09-26 01:14:47.928] [SFX] {"sound": "civ_move_1", "volume": 0.17}
[2026-09-26 01:14:48.178] [SFX] {"sound": "civ_move_1", "volume": 0.03}
[2026-09-26 01:14:48.344] [SFX] {"sound": "civ_move_1", "volume": 0.16}
[2026-09-26 01:14:48.522] [M] {"button": 1, "pos": [405, 37], "ui_clicked": false}
[2026-09-26 01:14:48.530] [P] {"start": [232, 130], "goal": [240, 118], "length": 2, "is_direction_change": false}
[2026-09-26 01:14:48.530] [SFX] {"sound": "click_target", "volume": 0.65}
[2026-09-26 01:14:48.570] [JACK] Vorsichtig vorantasten...
[2026-09-26 01:14:48.589] [SFX] {"sound": "player_move", "volume": 0.4}
[2026-09-26 01:14:48.590] [SFX] {"sound": "civ_move_1", "volume": 0.01}
[2026-09-26 01:14:48.750] [SFX] {"sound": "civ_move_1", "volume": 0.16}
[2026-09-26 01:14:48.886] [SFX] {"sound": "player_move", "volume": 0.4}
[2026-09-26 01:14:49.118] [SFX] {"sound": "civ_move_2", "volume": 0.0}
[2026-09-26 01:14:49.152] [SFX] {"sound": "civ_move_1", "volume": 0.18}
[2026-09-26 01:14:49.186] [SFX] {"sound": "player_move", "volume": 0.4}
[2026-09-26 01:14:49.521] [SFX] {"sound": "civ_move_2", "volume": 0.07}
[2026-09-26 01:14:49.554] [SFX] {"sound": "civ_move_1", "volume": 0.22}
[2026-09-26 01:14:49.686] [M] {"button": 1, "pos": [346, 71], "ui_clicked": false}
[2026-09-26 01:14:49.936] [SFX] {"sound": "civ_move_2", "volume": 0.09}
[2026-09-26 01:14:49.970] [SFX] {"sound": "civ_move_1", "volume": 0.21}
[2026-09-26 01:14:50.350] [SFX] {"sound": "civ_move_2", "volume": 0.1}
[2026-09-26 01:14:50.387] [SFX] {"sound": "civ_move_1", "volume": 0.2}
[2026-09-26 01:14:50.505] [M] {"button": 1, "pos": [323, 76], "ui_clicked": false}
[2026-09-26 01:14:50.513] [P] {"start": [240, 118], "goal": [240, 113], "length": 1, "is_direction_change": false}
[2026-09-26 01:14:50.514] [SFX] {"sound": "click_target", "volume": 0.88}
[2026-09-26 01:14:50.763] [SFX] {"sound": "civ_move_2", "volume": 0.15}
[2026-09-26 01:14:50.799] [SFX] {"sound": "civ_move_1", "volume": 0.22}
[2026-09-26 01:14:51.149] [M] {"button": 1, "pos": [323, 76], "ui_clicked": false}
[2026-09-26 01:14:51.157] [P] {"start": [240, 113], "goal": [240, 108], "length": 1, "is_direction_change": false}
[2026-09-26 01:14:51.158] [SFX] {"sound": "click_target", "volume": 0.89}
[2026-09-26 01:14:51.195] [SFX] {"sound": "player_move", "volume": 0.4}
[2026-09-26 01:14:51.196] [SFX] {"sound": "civ_move_2", "volume": 0.17}
[2026-09-26 01:14:51.215] [SFX] {"sound": "civ_move_1", "volume": 0.22}
[2026-09-26 01:14:51.572] [SFX] {"sound": "civ_move_2", "volume": 0.21}
[2026-09-26 01:14:51.622] [SFX] {"sound": "civ_move_1", "volume": 0.24}
[2026-09-26 01:14:51.970] [M] {"button": 1, "pos": [324, 37], "ui_clicked": false}
[2026-09-26 01:14:51.979] [P] {"start": [240, 108], "goal": [240, 100], "length": 1, "is_direction_change": false}
[2026-09-26 01:14:51.980] [SFX] {"sound": "click_target", "volume": 0.82}
[2026-09-26 01:14:52.020] [SFX] {"sound": "civ_move_2", "volume": 0.23}
[2026-09-26 01:14:52.040] [SFX] {"sound": "civ_move_1", "volume": 0.23}
[2026-09-26 01:14:52.058] [SFX] {"sound": "player_move", "volume": 0.4}
[2026-09-26 01:14:52.301] [C] {"civ_pos": [240, 99]}
[2026-09-26 01:14:52.359] [SFX] {"sound": "player_move", "volume": 0.4}
[2026-09-26 01:14:52.407] [M] {"button": 1, "pos": [324, 37], "ui_clicked": false}
[2026-09-26 01:14:52.415] [SFX] {"sound": "civ_move_2", "volume": 0.3}
[2026-09-26 01:14:52.416] [P] {"start": [240, 100], "goal": [240, 92], "length": 1, "is_direction_change": false}
[2026-09-26 01:14:52.417] [SFX] {"sound": "click_target", "volume": 0.82}
[2026-09-26 01:14:52.452] [SFX] {"sound": "civ_move_1", "volume": 0.28}
[2026-09-26 01:14:52.720] [SFX] {"sound": "player_move", "volume": 0.4}
[2026-09-26 01:14:52.819] [SFX] {"sound": "civ_move_2", "volume": 0.19}
[2026-09-26 01:14:52.852] [SFX] {"sound": "civ_move_1", "volume": 0.22}
[2026-09-26 01:14:53.232] [SFX] {"sound": "civ_move_2", "volume": 0.18}
[2026-09-26 01:14:53.266] [SFX] {"sound": "civ_move_1", "volume": 0.23}
[2026-09-26 01:14:53.633] [SFX] {"sound": "civ_move_2", "volume": 0.17}
[2026-09-26 01:14:53.670] [SFX] {"sound": "civ_move_1", "volume": 0.3}
[2026-09-26 01:14:54.035] [SFX] {"sound": "civ_move_2", "volume": 0.16}
[2026-09-26 01:14:54.086] [SFX] {"sound": "civ_move_1", "volume": 0.28}
[2026-09-26 01:14:54.336] [M] {"button": 1, "pos": [324, 127], "ui_clicked": false}
[2026-09-26 01:14:54.344] [P] {"start": [240, 92], "goal": [240, 91], "length": 1, "is_direction_change": false}
[2026-09-26 01:14:54.344] [SFX] {"sound": "click_target", "volume": 0.99}
[2026-09-26 01:14:54.392] [JACK] JACK // PROXY SAFE - SANCTUARY ACTIVE
[2026-09-26 01:14:54.443] [SFX] {"sound": "civ_move_2", "volume": 0.14}
[2026-09-26 01:14:54.495] [SFX] {"sound": "civ_move_1", "volume": 0.28}
[2026-09-26 01:14:54.845] [SFX] {"sound": "civ_move_2", "volume": 0.13}
[2026-09-26 01:14:54.910] [SFX] {"sound": "civ_move_1", "volume": 0.27}
[2026-09-26 01:14:55.259] [SFX] {"sound": "civ_move_2", "volume": 0.12}
[2026-09-26 01:14:55.325] [SFX] {"sound": "civ_move_1", "volume": 0.25}
[2026-09-26 01:14:55.658] [M] {"button": 1, "pos": [332, 66], "ui_clicked": false}
[2026-09-26 01:14:55.666] [P] {"start": [240, 91], "goal": [240, 86], "length": 1, "is_direction_change": false}
[2026-09-26 01:14:55.666] [SFX] {"sound": "click_target", "volume": 0.88}
[2026-09-26 01:14:55.707] [SFX] {"sound": "civ_move_2", "volume": 0.11}
[2026-09-26 01:14:55.729] [SFX] {"sound": "civ_move_1", "volume": 0.25}
[2026-09-26 01:14:55.859] [SFX] {"sound": "player_move", "volume": 0.4}
[2026-09-26 01:14:56.091] [SFX] {"sound": "civ_move_2", "volume": 0.07}
[2026-09-26 01:14:56.124] [SFX] {"sound": "civ_move_1", "volume": 0.27}
[2026-09-26 01:14:56.157] [M] {"button": 1, "pos": [332, 65], "ui_clicked": false}
[2026-09-26 01:14:56.165] [JACK] JACK // SYNTHETIC CORE. PREDICTABLE ROUTING, NO EMOTIONAL SPIKES TO EXPLOIT.
[2026-09-26 01:14:56.166] [SFX] {"sound": "click_target", "volume": 0.88}
[2026-09-26 01:14:56.276] [C] {"civ_pos": [240, 81]}
[2026-09-26 01:14:56.425] [SFX] {"sound": "player_move", "volume": 0.4}
[2026-09-26 01:14:56.491] [SFX] {"sound": "civ_move_2", "volume": 0.03}
[2026-09-26 01:14:56.539] [SFX] {"sound": "civ_move_1", "volume": 0.29}
[2026-09-26 01:14:56.735] [SFX] {"sound": "player_move", "volume": 0.4}
[2026-09-26 01:14:56.905] [SFX] {"sound": "civ_move_2", "volume": 0.01}
[2026-09-26 01:14:56.939] [SFX] {"sound": "civ_move_1", "volume": 0.29}
[2026-09-26 01:14:57.037] [SFX] {"sound": "player_move", "volume": 0.4}
[2026-09-26 01:14:57.138] [SFX] {"sound": "threat_pulse", "volume": 0.31}
[2026-09-26 01:14:57.340] [SFX] {"sound": "player_move", "volume": 0.4}
[2026-09-26 01:14:57.341] [SFX] {"sound": "civ_move_1", "volume": 0.29}
[2026-09-26 01:14:57.653] [SFX] {"sound": "player_move", "volume": 0.4}
[2026-09-26 01:14:57.755] [SFX] {"sound": "civ_move_1", "volume": 0.29}
[2026-09-26 01:14:57.959] [SFX] {"sound": "player_move", "volume": 0.4}
[2026-09-26 01:14:58.043] [SFX] {"sound": "threat_pulse", "volume": 0.32}
[2026-09-26 01:14:58.160] [SFX] {"sound": "civ_move_1", "volume": 0.29}
[2026-09-26 01:14:58.259] [SFX] {"sound": "player_move", "volume": 0.4}
[2026-09-26 01:14:58.571] [SFX] {"sound": "civ_move_1", "volume": 0.29}
[2026-09-26 01:14:58.789] [C] {"civ_pos": [240, 70]}
[2026-09-26 01:14:58.874] [SFX] {"sound": "player_move", "volume": 0.4}
[2026-09-26 01:14:58.943] [SFX] {"sound": "threat_pulse", "volume": 0.33}
[2026-09-26 01:14:58.977] [SFX] {"sound": "civ_move_1", "volume": 0.29}
[2026-09-26 01:14:59.176] [SFX] {"sound": "player_move", "volume": 0.4}
[2026-09-26 01:14:59.377] [SFX] {"sound": "civ_move_1", "volume": 0.29}
[2026-09-26 01:14:59.476] [SFX] {"sound": "player_move", "volume": 0.4}
[2026-09-26 01:14:59.541] [M] {"button": 1, "pos": [364, 181], "ui_clicked": true}
[2026-09-26 01:14:59.781] [SFX] {"sound": "player_move", "volume": 0.4}
[2026-09-26 01:14:59.782] [SFX] {"sound": "civ_move_1", "volume": 0.29}
[2026-09-26 01:14:59.850] [SFX] {"sound": "threat_pulse", "volume": 0.34}
[2026-09-26 01:14:59.951] [SFX] {"sound": "infiltrate 2", "volume": 0.5}
[2026-09-26 01:15:00.097] [SFX] {"sound": "player_move", "volume": 0.4}
[2026-09-26 01:15:00.195] [SFX] {"sound": "civ_move_1", "volume": 0.29}
[2026-09-26 01:15:00.361] [SFX] {"sound": "infiltrate 1", "volume": 0.5}
[2026-09-26 01:15:00.409] [SFX] {"sound": "player_move", "volume": 0.4}
[2026-09-26 01:15:00.606] [SFX] {"sound": "civ_move_1", "volume": 0.29}
[2026-09-26 01:15:00.722] [SFX] {"sound": "player_move", "volume": 0.4}
[2026-09-26 01:15:00.754] [SFX] {"sound": "civ_move_2", "volume": 0.01}
[2026-09-26 01:15:00.755] [SFX] {"sound": "threat_pulse", "volume": 0.38}
[2026-09-26 01:15:00.776] [SFX] {"sound": "infiltrate 2", "volume": 0.5}
[2026-09-26 01:15:00.906] [SFX] {"sound": "hack_success", "volume": 1.0}
[2026-09-26 01:15:00.907] [JACK] JACK // STOLE 2 DATA FROM LYRA-9 (SYNTHETIC RELAY OPERATOR). TARGET FLEEING TO GUARD SPOT!
[2026-09-26 01:15:00.908] [JACK] JACK // SYNTHETIC CORE. PREDICTABLE ROUTING, NO EMOTIONAL SPIKES TO EXPLOIT.
[2026-09-26 01:15:01.021] [SFX] {"sound": "civ_move_1", "volume": 0.3}
[2026-09-26 01:15:01.171] [SFX] {"sound": "civ_move_2", "volume": 0.01}
[2026-09-26 01:15:01.302] [C] {"civ_pos": [238, 65]}
[2026-09-26 01:15:01.424] [SFX] {"sound": "civ_move_1", "volume": 0.23}
[2026-09-26 01:15:01.589] [SFX] {"sound": "civ_move_2", "volume": 0.01}
[2026-09-26 01:15:01.655] [SFX] {"sound": "threat_pulse", "volume": 0.36}
[2026-09-26 01:15:01.837] [SFX] {"sound": "civ_move_1", "volume": 0.21}
[2026-09-26 01:15:02.000] [SFX] {"sound": "civ_move_2", "volume": 0.01}
[2026-09-26 01:15:02.245] [SFX] {"sound": "civ_move_1", "volume": 0.2}
[2026-09-26 01:15:02.376] [SFX] {"sound": "civ_move_2", "volume": 0.0}
[2026-09-26 01:15:02.411] [SFX] {"sound": "civ_move_2", "volume": 0.01}
[2026-09-26 01:15:02.562] [SFX] {"sound": "threat_pulse", "volume": 0.31}
[2026-09-26 01:15:02.646] [SFX] {"sound": "civ_move_1", "volume": 0.2}
[2026-09-26 01:15:02.781] [SFX] {"sound": "civ_move_2", "volume": 0.0}
[2026-09-26 01:15:03.061] [SFX] {"sound": "civ_move_1", "volume": 0.19}
[2026-09-26 01:15:03.193] [SFX] {"sound": "civ_move_2", "volume": 0.0}
[2026-09-26 01:15:03.475] [SFX] {"sound": "civ_move_1", "volume": 0.18}
[2026-09-26 01:15:03.527] [M] {"button": 1, "pos": [327, 91], "ui_clicked": false}
[2026-09-26 01:15:03.534] [P] {"start": [240, 65], "goal": [240, 58], "length": 1, "is_direction_change": false}
[2026-09-26 01:15:03.535] [SFX] {"sound": "click_target", "volume": 0.83}
[2026-09-26 01:15:03.602] [SFX] {"sound": "civ_move_2", "volume": 0.02}
[2026-09-26 01:15:03.654] [SFX] {"sound": "player_move", "volume": 0.4}
[2026-09-26 01:15:03.887] [SFX] {"sound": "civ_move_1", "volume": 0.13}
[2026-09-26 01:15:04.003] [SFX] {"sound": "civ_move_2", "volume": 0.06}
[2026-09-26 01:15:04.051] [SFX] {"sound": "civ_move_2", "volume": 0.05}
[2026-09-26 01:15:04.301] [SFX] {"sound": "civ_move_1", "volume": 0.12}
[2026-09-26 01:15:04.386] [M] {"button": 1, "pos": [325, 65], "ui_clicked": false}
[2026-09-26 01:15:04.393] [P] {"start": [240, 58], "goal": [240, 52], "length": 1, "is_direction_change": false}
[2026-09-26 01:15:04.394] [SFX] {"sound": "click_target", "volume": 0.85}
[2026-09-26 01:15:04.454] [SFX] {"sound": "civ_move_2", "volume": 0.07}
[2026-09-26 01:15:04.472] [SFX] {"sound": "player_move", "volume": 0.4}
[2026-09-26 01:15:04.473] [SFX] {"sound": "civ_move_2", "volume": 0.06}
[2026-09-26 01:15:04.715] [SFX] {"sound": "civ_move_1", "volume": 0.07}
[2026-09-26 01:15:04.817] [SFX] {"sound": "civ_move_2", "volume": 0.12}
[2026-09-26 01:15:04.868] [SFX] {"sound": "civ_move_2", "volume": 0.08}
[2026-09-26 01:15:04.883] [M] {"button": 1, "pos": [325, 65], "ui_clicked": false}
[2026-09-26 01:15:04.892] [P] {"start": [240, 52], "goal": [240, 46], "length": 1, "is_direction_change": false}
[2026-09-26 01:15:04.892] [SFX] {"sound": "click_target", "volume": 0.86}
[2026-09-26 01:15:04.978] [SFX] {"sound": "player_move", "volume": 0.4}
[2026-09-26 01:15:05.126] [SFX] {"sound": "civ_move_1", "volume": 0.03}
[2026-09-26 01:15:05.226] [SFX] {"sound": "civ_move_2", "volume": 0.18}
[2026-09-26 01:15:05.276] [SFX] {"sound": "civ_move_2", "volume": 0.12}
[2026-09-26 01:15:05.342] [M] {"button": 1, "pos": [325, 65], "ui_clicked": false}
[2026-09-26 01:15:05.349] [P] {"start": [240, 46], "goal": [240, 40], "length": 1, "is_direction_change": false}
[2026-09-26 01:15:05.350] [SFX] {"sound": "click_target", "volume": 0.87}
[2026-09-26 01:15:05.446] [SFX] {"sound": "player_move", "volume": 0.4}
[2026-09-26 01:15:05.629] [SFX] {"sound": "civ_move_2", "volume": 0.24}
[2026-09-26 01:15:05.680] [SFX] {"sound": "civ_move_2", "volume": 0.14}
[2026-09-26 01:15:05.926] [M] {"button": 1, "pos": [325, 65], "ui_clicked": false}
[2026-09-26 01:15:05.934] [P] {"start": [240, 40], "goal": [240, 34], "length": 1, "is_direction_change": false}
[2026-09-26 01:15:05.935] [SFX] {"sound": "click_target", "volume": 0.87}
[2026-09-26 01:15:06.043] [SFX] {"sound": "civ_move_2", "volume": 0.27}
[2026-09-26 01:15:06.068] [SFX] {"sound": "player_move", "volume": 0.4}
[2026-09-26 01:15:06.099] [SFX] {"sound": "civ_move_2", "volume": 0.15}
[2026-09-26 01:15:06.148] [C] {"civ_pos": [240, 33]}
[2026-09-26 01:15:06.452] [SFX] {"sound": "civ_move_2", "volume": 0.23}
[2026-09-26 01:15:06.501] [SFX] {"sound": "civ_move_2", "volume": 0.15}
[2026-09-26 01:15:06.865] [SFX] {"sound": "civ_move_2", "volume": 0.22}
[2026-09-26 01:15:06.914] [SFX] {"sound": "civ_move_2", "volume": 0.13}
[2026-09-26 01:15:07.256] [M] {"button": 1, "pos": [324, 66], "ui_clicked": false}
[2026-09-26 01:15:07.264] [P] {"start": [240, 34], "goal": [240, 28], "length": 1, "is_direction_change": false}
[2026-09-26 01:15:07.265] [SFX] {"sound": "click_target", "volume": 0.87}
[2026-09-26 01:15:07.308] [SFX] {"sound": "civ_move_2", "volume": 0.21}
[2026-09-26 01:15:07.326] [SFX] {"sound": "civ_move_2", "volume": 0.13}
[2026-09-26 01:15:07.407] [SFX] {"sound": "player_move", "volume": 0.4}
[2026-09-26 01:15:07.687] [SFX] {"sound": "civ_move_2", "volume": 0.17}
[2026-09-26 01:15:07.720] [SFX] {"sound": "civ_move_2", "volume": 0.12}
[2026-09-26 01:15:07.983] [M] {"button": 1, "pos": [219, 102], "ui_clicked": false}
[2026-09-26 01:15:08.101] [SFX] {"sound": "civ_move_2", "volume": 0.16}
[2026-09-26 01:15:08.134] [SFX] {"sound": "civ_move_2", "volume": 0.11}
[2026-09-26 01:15:08.467] [M] {"button": 5, "pos": [251, 146], "ui_clicked": false}
[2026-09-26 01:15:08.504] [SFX] {"sound": "civ_move_2", "volume": 0.15}
[2026-09-26 01:15:08.521] [M] {"button": 5, "pos": [251, 146], "ui_clicked": false}
[2026-09-26 01:15:08.542] [SFX] {"sound": "civ_move_2", "volume": 0.1}
[2026-09-26 01:15:08.852] [M] {"button": 5, "pos": [251, 146], "ui_clicked": false}
[2026-09-26 01:15:08.915] [SFX] {"sound": "civ_move_2", "volume": 0.14}
[2026-09-26 01:15:08.930] [M] {"button": 5, "pos": [251, 146], "ui_clicked": false}
[2026-09-26 01:15:08.951] [SFX] {"sound": "civ_move_2", "volume": 0.08}
[2026-09-26 01:15:09.312] [M] {"button": 5, "pos": [252, 146], "ui_clicked": false}
[2026-09-26 01:15:09.321] [SFX] {"sound": "civ_move_2", "volume": 0.13}
[2026-09-26 01:15:09.349] [M] {"button": 5, "pos": [252, 146], "ui_clicked": false}
[2026-09-26 01:15:09.367] [SFX] {"sound": "civ_move_2", "volume": 0.07}
[2026-09-26 01:15:09.715] [SFX] {"sound": "civ_move_2", "volume": 0.12}
[2026-09-26 01:15:09.780] [SFX] {"sound": "civ_move_2", "volume": 0.06}
[2026-09-26 01:15:10.124] [SFX] {"sound": "civ_move_2", "volume": 0.11}
[2026-09-26 01:15:10.193] [SFX] {"sound": "civ_move_2", "volume": 0.05}
[2026-09-26 01:15:10.535] [SFX] {"sound": "civ_move_2", "volume": 0.1}
[2026-09-26 01:15:10.602] [SFX] {"sound": "civ_move_2", "volume": 0.03}
[2026-09-26 01:15:10.939] [SFX] {"sound": "civ_move_2", "volume": 0.09}
[2026-09-26 01:15:11.012] [SFX] {"sound": "civ_move_2", "volume": 0.02}
[2026-09-26 01:15:11.344] [SFX] {"sound": "civ_move_2", "volume": 0.08}
[2026-09-26 01:15:11.414] [SFX] {"sound": "civ_move_2", "volume": 0.01}
[2026-09-26 01:15:11.747] [SFX] {"sound": "civ_move_2", "volume": 0.07}
[2026-09-26 01:15:12.159] [SFX] {"sound": "civ_move_2", "volume": 0.06}
[2026-09-26 01:15:12.573] [SFX] {"sound": "civ_move_2", "volume": 0.05}
[2026-09-26 01:15:12.986] [SFX] {"sound": "civ_move_2", "volume": 0.04}
[2026-09-26 01:15:13.402] [SFX] {"sound": "civ_move_2", "volume": 0.03}
[2026-09-26 01:15:13.815] [SFX] {"sound": "civ_move_2", "volume": 0.02}
[2026-09-26 01:15:14.227] [SFX] {"sound": "civ_move_2", "volume": 0.01}
[2026-09-26 01:15:14.642] [SFX] {"sound": "civ_move_2", "volume": 0.0}
[2026-09-26 01:15:14.907] [SFX] {"sound": "civ_move_2", "volume": 0.01}
[2026-09-26 01:15:15.320] [SFX] {"sound": "civ_move_2", "volume": 0.02}
[2026-09-26 01:15:15.321] [SFX] {"sound": "civ_move_1", "volume": 0.01}
[2026-09-26 01:15:15.728] [SFX] {"sound": "civ_move_2", "volume": 0.03}
[2026-09-26 01:15:15.729] [SFX] {"sound": "civ_move_1", "volume": 0.02}
[2026-09-26 01:15:16.138] [SFX] {"sound": "civ_move_2", "volume": 0.04}
[2026-09-26 01:15:16.139] [SFX] {"sound": "civ_move_1", "volume": 0.03}
[2026-09-26 01:15:16.552] [SFX] {"sound": "civ_move_2", "volume": 0.06}
[2026-09-26 01:15:16.553] [SFX] {"sound": "civ_move_1", "volume": 0.04}
[2026-09-26 01:15:16.964] [SFX] {"sound": "civ_move_2", "volume": 0.07}
[2026-09-26 01:15:16.965] [SFX] {"sound": "civ_move_1", "volume": 0.06}
[2026-09-26 01:15:17.365] [SFX] {"sound": "civ_move_2", "volume": 0.08}
[2026-09-26 01:15:17.366] [SFX] {"sound": "civ_move_1", "volume": 0.07}
[2026-09-26 01:15:17.433] [M] {"button": 1, "pos": [261, 200], "ui_clicked": false}
[2026-09-26 01:15:17.780] [SFX] {"sound": "civ_move_2", "volume": 0.09}
[2026-09-26 01:15:17.780] [SFX] {"sound": "civ_move_1", "volume": 0.08}
[2026-09-26 01:15:18.190] [SFX] {"sound": "civ_move_2", "volume": 0.11}
[2026-09-26 01:15:18.191] [SFX] {"sound": "civ_move_1", "volume": 0.09}
[2026-09-26 01:15:18.454] [M] {"button": 1, "pos": [263, 202], "ui_clicked": false}
[2026-09-26 01:15:18.589] [SFX] {"sound": "civ_move_2", "volume": 0.12}
[2026-09-26 01:15:18.590] [SFX] {"sound": "civ_move_1", "volume": 0.11}
[2026-09-26 01:15:18.969] [M] {"button": 1, "pos": [263, 200], "ui_clicked": false}
[2026-09-26 01:15:18.989] [SFX] {"sound": "civ_move_2", "volume": 0.13}
[2026-09-26 01:15:18.990] [SFX] {"sound": "civ_move_1", "volume": 0.12}
[2026-09-26 01:15:19.398] [SFX] {"sound": "civ_move_2", "volume": 0.14}
[2026-09-26 01:15:19.398] [SFX] {"sound": "civ_move_1", "volume": 0.13}
[2026-09-26 01:15:19.497] [M] {"button": 1, "pos": [264, 199], "ui_clicked": false}
[2026-09-26 01:15:19.699] [SFX] {"sound": "civ_move_2", "volume": 0.01}
[2026-09-26 01:15:19.801] [SFX] {"sound": "civ_move_2", "volume": 0.15}
[2026-09-26 01:15:19.801] [SFX] {"sound": "civ_move_1", "volume": 0.14}
[2026-09-26 01:15:19.839] [M] {"button": 1, "pos": [264, 199], "ui_clicked": false}
[2026-09-26 01:15:20.074] [M] {"button": 1, "pos": [263, 197], "ui_clicked": false}
[2026-09-26 01:15:20.111] [SFX] {"sound": "civ_move_2", "volume": 0.02}
[2026-09-26 01:15:20.212] [SFX] {"sound": "civ_move_2", "volume": 0.17}
[2026-09-26 01:15:20.213] [SFX] {"sound": "civ_move_1", "volume": 0.15}
[2026-09-26 01:15:20.314] [M] {"button": 1, "pos": [261, 197], "ui_clicked": false}
[2026-09-26 01:15:20.515] [SFX] {"sound": "civ_move_2", "volume": 0.03}
[2026-09-26 01:15:20.551] [M] {"button": 1, "pos": [260, 197], "ui_clicked": false}
[2026-09-26 01:15:20.625] [SFX] {"sound": "civ_move_2", "volume": 0.18}
[2026-09-26 01:15:20.626] [SFX] {"sound": "civ_move_1", "volume": 0.17}
[2026-09-26 01:15:20.757] [M] {"button": 1, "pos": [260, 197], "ui_clicked": false}
[2026-09-26 01:15:20.927] [SFX] {"sound": "civ_move_2", "volume": 0.04}
[2026-09-26 01:15:20.928] [SENTINEL_ALARM_DISPATCHED] {"guard": [244, 136], "investigate": [240, 130]}
[2026-09-26 01:15:21.033] [SFX] {"sound": "civ_move_2", "volume": 0.19}
[2026-09-26 01:15:21.033] [SFX] {"sound": "civ_move_1", "volume": 0.18}
[2026-09-26 01:15:21.198] [M] {"button": 4, "pos": [258, 211], "ui_clicked": false}
[2026-09-26 01:15:21.332] [SFX] {"sound": "civ_move_2", "volume": 0.06}
[2026-09-26 01:15:21.433] [SFX] {"sound": "civ_move_2", "volume": 0.2}
[2026-09-26 01:15:21.434] [SFX] {"sound": "civ_move_1", "volume": 0.19}
[2026-09-26 01:15:21.748] [SFX] {"sound": "civ_move_2", "volume": 0.07}
[2026-09-26 01:15:21.847] [SFX] {"sound": "civ_move_2", "volume": 0.21}
[2026-09-26 01:15:21.847] [SFX] {"sound": "civ_move_1", "volume": 0.2}
[2026-09-26 01:15:21.945] [M] {"button": 4, "pos": [236, 215], "ui_clicked": false}
[2026-09-26 01:15:22.161] [SFX] {"sound": "civ_move_2", "volume": 0.08}
[2026-09-26 01:15:22.261] [SFX] {"sound": "civ_move_2", "volume": 0.23}
[2026-09-26 01:15:22.262] [SFX] {"sound": "civ_move_1", "volume": 0.22}
[2026-09-26 01:15:22.561] [SFX] {"sound": "civ_move_2", "volume": 0.09}
[2026-09-26 01:15:22.662] [SFX] {"sound": "civ_move_2", "volume": 0.24}
[2026-09-26 01:15:22.662] [SFX] {"sound": "civ_move_1", "volume": 0.23}
[2026-09-26 01:15:22.827] [M] {"button": 1, "pos": [218, 216], "ui_clicked": false}
[2026-09-26 01:15:22.961] [SFX] {"sound": "civ_move_2", "volume": 0.1}
[2026-09-26 01:15:23.029] [M] {"button": 1, "pos": [220, 215], "ui_clicked": false}
[2026-09-26 01:15:23.065] [SFX] {"sound": "civ_move_2", "volume": 0.25}
[2026-09-26 01:15:23.066] [SFX] {"sound": "civ_move_1", "volume": 0.24}
[2026-09-26 01:15:23.247] [M] {"button": 1, "pos": [221, 214], "ui_clicked": false}
[2026-09-26 01:15:23.366] [SFX] {"sound": "civ_move_2", "volume": 0.12}
[2026-09-26 01:15:23.431] [M] {"button": 1, "pos": [222, 214], "ui_clicked": false}
[2026-09-26 01:15:23.467] [SFX] {"sound": "civ_move_2", "volume": 0.26}
[2026-09-26 01:15:23.468] [SFX] {"sound": "civ_move_1", "volume": 0.25}
[2026-09-26 01:15:23.654] [M] {"button": 1, "pos": [222, 214], "ui_clicked": false}
[2026-09-26 01:15:23.775] [SFX] {"sound": "civ_move_2", "volume": 0.13}
[2026-09-26 01:15:23.858] [M] {"button": 1, "pos": [224, 214], "ui_clicked": false}
[2026-09-26 01:15:23.866] [P] {"start": [240, 28], "goal": [166, 83], "length": 15, "is_direction_change": false}
[2026-09-26 01:15:23.891] [JACK] Schon wieder kilometerlange Datenstränge laufen...
[2026-09-26 01:15:23.892] [SFX] {"sound": "civ_move_2", "volume": 0.27}
[2026-09-26 01:15:23.892] [SFX] {"sound": "civ_move_1", "volume": 0.26}
[2026-09-26 01:15:24.005] [C] {"civ_pos": [237, 26]}
[2026-09-26 01:15:24.032] [SFX] {"sound": "player_move", "volume": 0.4}
[2026-09-26 01:15:24.093] [M] {"button": 1, "pos": [224, 214], "ui_clicked": false}
[2026-09-26 01:15:24.175] [SFX] {"sound": "civ_move_2", "volume": 0.17}
[2026-09-26 01:15:24.291] [SFX] {"sound": "civ_move_2", "volume": 0.26}
[2026-09-26 01:15:24.292] [SFX] {"sound": "civ_move_1", "volume": 0.27}
[2026-09-26 01:15:24.326] [SFX] {"sound": "player_move", "volume": 0.4}
[2026-09-26 01:15:24.591] [SFX] {"sound": "civ_move_2", "volume": 0.25}
[2026-09-26 01:15:24.626] [SFX] {"sound": "player_move", "volume": 0.4}
[2026-09-26 01:15:24.693] [SFX] {"sound": "civ_move_2", "volume": 0.19}
[2026-09-26 01:15:24.694] [SFX] {"sound": "civ_move_1", "volume": 0.21}
[2026-09-26 01:15:24.928] [SFX] {"sound": "player_move", "volume": 0.4}
[2026-09-26 01:15:24.993] [SFX] {"sound": "civ_move_2", "volume": 0.24}
[2026-09-26 01:15:25.108] [SFX] {"sound": "civ_move_2", "volume": 0.18}
[2026-09-26 01:15:25.109] [SFX] {"sound": "civ_move_1", "volume": 0.18}
[2026-09-26 01:15:25.241] [SFX] {"sound": "player_move", "volume": 0.4}
[2026-09-26 01:15:25.407] [SFX] {"sound": "civ_move_2", "volume": 0.19}
[2026-09-26 01:15:25.515] [SFX] {"sound": "civ_move_2", "volume": 0.15}
[2026-09-26 01:15:25.516] [SFX] {"sound": "civ_move_1", "volume": 0.15}
[2026-09-26 01:15:25.550] [SFX] {"sound": "player_move", "volume": 0.4}
[2026-09-26 01:15:25.814] [SFX] {"sound": "civ_move_2", "volume": 0.13}
[2026-09-26 01:15:25.863] [SFX] {"sound": "player_move", "volume": 0.4}
[2026-09-26 01:15:25.927] [SFX] {"sound": "civ_move_2", "volume": 0.12}
[2026-09-26 01:15:25.927] [SFX] {"sound": "civ_move_1", "volume": 0.11}
[2026-09-26 01:15:26.177] [SFX] {"sound": "player_move", "volume": 0.4}
[2026-09-26 01:15:26.228] [SFX] {"sound": "civ_move_2", "volume": 0.07}
[2026-09-26 01:15:26.327] [SFX] {"sound": "civ_move_2", "volume": 0.08}
[2026-09-26 01:15:26.328] [SFX] {"sound": "civ_move_1", "volume": 0.07}
[2026-09-26 01:15:26.478] [SFX] {"sound": "player_move", "volume": 0.4}
[2026-09-26 01:15:26.628] [SFX] {"sound": "civ_move_2", "volume": 0.01}
[2026-09-26 01:15:26.743] [SFX] {"sound": "civ_move_2", "volume": 0.03}
[2026-09-26 01:15:26.744] [SFX] {"sound": "civ_move_1", "volume": 0.02}
[2026-09-26 01:15:26.795] [SFX] {"sound": "player_move", "volume": 0.4}
[2026-09-26 01:15:28.150] [M] {"button": 4, "pos": [229, 206], "ui_clicked": false}
[2026-09-26 01:15:28.368] [SFX] {"sound": "player_move", "volume": 0.4}
[2026-09-26 01:15:31.945] [M] {"button": 4, "pos": [301, 205], "ui_clicked": false}
[2026-09-26 01:15:32.825] [M] {"button": 1, "pos": [319, 235], "ui_clicked": false}
[2026-09-26 01:15:33.301] [M] {"button": 1, "pos": [320, 231], "ui_clicked": false}
[2026-09-26 01:15:33.697] [M] {"button": 5, "pos": [293, 229], "ui_clicked": false}
[2026-09-26 01:15:34.049] [M] {"button": 5, "pos": [292, 228], "ui_clicked": false}
[2026-09-26 01:15:34.069] [M] {"button": 5, "pos": [291, 228], "ui_clicked": false}
[2026-09-26 01:15:34.088] [M] {"button": 5, "pos": [290, 228], "ui_clicked": false}
[2026-09-26 01:15:35.513] [M] {"button": 1, "pos": [198, 204], "ui_clicked": false}
[2026-09-26 01:15:35.522] [P] {"start": [166, 83], "goal": [108, 92], "length": 15, "is_direction_change": false}
[2026-09-26 01:15:35.560] [JACK] Gibt's hier kein Teleport-Protokoll? Das dauert ewig!
[2026-09-26 01:15:35.722] [SFX] {"sound": "player_move", "volume": 0.4}
[2026-09-26 01:15:38.542] [SFX] {"sound": "civ_move_2", "volume": 0.01}
[2026-09-26 01:15:38.625] [SFX] {"sound": "guardian_move", "volume": 0.03}
[2026-09-26 01:15:38.692] [SFX] {"sound": "civ_move_2", "volume": 0.03}
[2026-09-26 01:15:38.693] [SFX] {"sound": "civ_move_1", "volume": 0.03}
[2026-09-26 01:15:38.842] [SFX] {"sound": "player_move", "volume": 0.4}
[2026-09-26 01:15:38.941] [SFX] {"sound": "civ_move_2", "volume": 0.07}
[2026-09-26 01:15:39.108] [SFX] {"sound": "civ_move_1", "volume": 0.08}
[2026-09-26 01:15:39.142] [SFX] {"sound": "player_move", "volume": 0.4}
[2026-09-26 01:15:39.226] [SFX] {"sound": "guardian_move", "volume": 0.13}
[2026-09-26 01:15:39.343] [SFX] {"sound": "civ_move_2", "volume": 0.13}
[2026-09-26 01:15:39.444] [SFX] {"sound": "player_move", "volume": 0.4}
[2026-09-26 01:15:39.509] [SFX] {"sound": "civ_move_2", "volume": 0.11}
[2026-09-26 01:15:39.510] [SFX] {"sound": "civ_move_1", "volume": 0.12}
[2026-09-26 01:15:39.759] [SFX] {"sound": "player_move", "volume": 0.4}
[2026-09-26 01:15:39.759] [SFX] {"sound": "civ_move_2", "volume": 0.19}
[2026-09-26 01:15:39.827] [SFX] {"sound": "guardian_move", "volume": 0.21}
[2026-09-26 01:15:39.911] [SFX] {"sound": "civ_move_2", "volume": 0.11}
[2026-09-26 01:15:39.911] [SFX] {"sound": "civ_move_1", "volume": 0.11}
[2026-09-26 01:15:40.074] [SFX] {"sound": "player_move", "volume": 0.4}
[2026-09-26 01:15:40.173] [SFX] {"sound": "civ_move_1", "volume": 0.0}
[2026-09-26 01:15:40.174] [SFX] {"sound": "civ_move_2", "volume": 0.15}
[2026-09-26 01:15:40.175] [SFX] {"sound": "civ_move_1", "volume": 0.01}
[2026-09-26 01:15:40.321] [SFX] {"sound": "civ_move_2", "volume": 0.06}
[2026-09-26 01:15:40.322] [SFX] {"sound": "civ_move_1", "volume": 0.07}
[2026-09-26 01:15:40.389] [SFX] {"sound": "player_move", "volume": 0.4}
[2026-09-26 01:15:40.390] [SFX] {"sound": "civ_move_1", "volume": 0.01}
[2026-09-26 01:15:40.440] [SFX] {"sound": "guardian_move", "volume": 0.18}
[2026-09-26 01:15:40.473] [M] {"button": 4, "pos": [329, 153], "ui_clicked": false}
[2026-09-26 01:15:40.574] [SFX] {"sound": "civ_move_1", "volume": 0.05}
[2026-09-26 01:15:40.575] [SFX] {"sound": "civ_move_2", "volume": 0.12}
[2026-09-26 01:15:40.576] [SFX] {"sound": "civ_move_1", "volume": 0.07}
[2026-09-26 01:15:40.590] [M] {"button": 4, "pos": [329, 153], "ui_clicked": false}
[2026-09-26 01:15:40.690] [SFX] {"sound": "player_move", "volume": 0.4}
[2026-09-26 01:15:40.724] [SFX] {"sound": "civ_move_2", "volume": 0.0}
[2026-09-26 01:15:40.724] [SFX] {"sound": "civ_move_1", "volume": 0.01}
[2026-09-26 01:15:40.792] [SFX] {"sound": "civ_move_1", "volume": 0.07}
[2026-09-26 01:15:40.817] [SFX] {"sound": "civ_move_2", "volume": 0.0}
[2026-09-26 01:15:40.829] [M] {"button": 4, "pos": [330, 157], "ui_clicked": false}
[2026-09-26 01:15:40.980] [SFX] {"sound": "civ_move_1", "volume": 0.1}
[2026-09-26 01:15:40.981] [SFX] {"sound": "civ_move_2", "volume": 0.08}
[2026-09-26 01:15:40.981] [SFX] {"sound": "civ_move_1", "volume": 0.13}
[2026-09-26 01:15:40.982] [SFX] {"sound": "civ_move_1", "volume": 0.12}
[2026-09-26 01:15:41.002] [SFX] {"sound": "player_move", "volume": 0.4}
[2026-09-26 01:15:41.048] [SFX] {"sound": "guardian_move", "volume": 0.12}
[2026-09-26 01:15:41.196] [M] {"button": 4, "pos": [331, 158], "ui_clicked": false}
[2026-09-26 01:15:41.204] [SFX] {"sound": "civ_move_1", "volume": 0.12}
[2026-09-26 01:15:41.216] [M] {"button": 4, "pos": [331, 158], "ui_clicked": false}
[2026-09-26 01:15:41.302] [SFX] {"sound": "player_move", "volume": 0.4}
[2026-09-26 01:15:41.389] [SFX] {"sound": "civ_move_1", "volume": 0.15}
[2026-09-26 01:15:41.390] [SFX] {"sound": "civ_move_2", "volume": 0.02}
[2026-09-26 01:15:41.391] [SFX] {"sound": "civ_move_1", "volume": 0.18}
[2026-09-26 01:15:41.605] [SFX] {"sound": "player_move", "volume": 0.4}
[2026-09-26 01:15:41.606] [SFX] {"sound": "civ_move_1", "volume": 0.17}
[2026-09-26 01:15:41.607] [SFX] {"sound": "civ_move_1", "volume": 0.01}
[2026-09-26 01:15:41.658] [SFX] {"sound": "guardian_move", "volume": 0.05}
[2026-09-26 01:15:41.789] [SFX] {"sound": "civ_move_1", "volume": 0.19}
[2026-09-26 01:15:41.790] [SFX] {"sound": "civ_move_1", "volume": 0.23}
[2026-09-26 01:15:41.791] [SFX] {"sound": "civ_move_1", "volume": 0.21}
[2026-09-26 01:15:41.909] [SFX] {"sound": "player_move", "volume": 0.4}
[2026-09-26 01:15:42.009] [SFX] {"sound": "civ_move_1", "volume": 0.21}
[2026-09-26 01:15:42.010] [SFX] {"sound": "civ_move_1", "volume": 0.03}
[2026-09-26 01:15:42.197] [SFX] {"sound": "civ_move_1", "volume": 0.14}
[2026-09-26 01:15:42.198] [SFX] {"sound": "civ_move_1", "volume": 0.22}
[2026-09-26 01:15:42.198] [SFX] {"sound": "civ_move_1", "volume": 0.2}
[2026-09-26 01:15:42.219] [SFX] {"sound": "player_move", "volume": 0.4}
[2026-09-26 01:15:42.233] [M] {"button": 1, "pos": [339, 280], "ui_clicked": false}
[2026-09-26 01:15:42.416] [SFX] {"sound": "civ_move_1", "volume": 0.27}
[2026-09-26 01:15:42.417] [SFX] {"sound": "civ_move_1", "volume": 0.09}
[2026-09-26 01:15:42.483] [C] {"civ_pos": [216, 26]}
[2026-09-26 01:15:42.524] [JACK] Diese Nodes wandern völlig ahnungslos durch das Grid.
[2026-09-26 01:15:42.545] [SFX] {"sound": "player_move", "volume": 0.4}
[2026-09-26 01:15:42.609] [SFX] {"sound": "civ_move_1", "volume": 0.09}
[2026-09-26 01:15:42.610] [SFX] {"sound": "civ_move_1", "volume": 0.15}
[2026-09-26 01:15:42.611] [SFX] {"sound": "civ_move_1", "volume": 0.13}
[2026-09-26 01:15:42.758] [SFX] {"sound": "civ_move_2", "volume": 0.07}
[2026-09-26 01:15:42.830] [SFX] {"sound": "civ_move_1", "volume": 0.26}
[2026-09-26 01:15:42.831] [SFX] {"sound": "civ_move_1", "volume": 0.17}
[2026-09-26 01:15:42.852] [SFX] {"sound": "player_move", "volume": 0.4}
[2026-09-26 01:15:43.013] [SFX] {"sound": "civ_move_1", "volume": 0.04}
[2026-09-26 01:15:43.013] [SFX] {"sound": "civ_move_1", "volume": 0.07}
[2026-09-26 01:15:43.014] [SFX] {"sound": "civ_move_1", "volume": 0.05}
[2026-09-26 01:15:43.029] [M] {"button": 5, "pos": [342, 265], "ui_clicked": false}
[2026-09-26 01:15:43.146] [SFX] {"sound": "player_move", "volume": 0.4}
[2026-09-26 01:15:43.169] [SFX] {"sound": "civ_move_2", "volume": 0.14}
[2026-09-26 01:15:43.234] [SFX] {"sound": "civ_move_1", "volume": 0.18}
[2026-09-26 01:15:43.234] [SFX] {"sound": "civ_move_1", "volume": 0.24}
[2026-09-26 01:15:43.286] [SFX] {"sound": "civ_move_1", "volume": 0.07}
[2026-09-26 01:15:43.320] [JACK_REGISTERED_BY_CAMERA] {"camera": [201, 24]}
[2026-09-26 01:15:43.457] [M] {"button": 5, "pos": [341, 260], "ui_clicked": false}
[2026-09-26 01:15:43.464] [SFX] {"sound": "player_move", "volume": 0.4}
[2026-09-26 01:15:43.476] [M] {"button": 5, "pos": [341, 260], "ui_clicked": false}
[2026-09-26 01:15:43.578] [SFX] {"sound": "civ_move_2", "volume": 0.21}
[2026-09-26 01:15:43.644] [SFX] {"sound": "civ_move_1", "volume": 0.01}
[2026-09-26 01:15:43.645] [SFX] {"sound": "civ_move_1", "volume": 0.11}
[2026-09-26 01:15:43.646] [SFX] {"sound": "civ_move_1", "volume": 0.29}
[2026-09-26 01:15:43.694] [SFX] {"sound": "civ_move_1", "volume": 0.14}
[2026-09-26 01:15:43.761] [SFX] {"sound": "player_move", "volume": 0.4}
[2026-09-26 01:15:43.992] [SFX] {"sound": "civ_move_2", "volume": 0.29}
[2026-09-26 01:15:44.045] [SFX] {"sound": "civ_move_1", "volume": 0.09}
[2026-09-26 01:15:44.046] [SFX] {"sound": "civ_move_1", "volume": 0.04}
[2026-09-26 01:15:44.047] [SFX] {"sound": "civ_move_1", "volume": 0.22}
[2026-09-26 01:15:44.069] [SFX] {"sound": "player_move", "volume": 0.4}
[2026-09-26 01:15:44.101] [SFX] {"sound": "civ_move_1", "volume": 0.21}
[2026-09-26 01:15:44.236] [SFX] {"sound": "civ_move_2", "volume": 0.01}
[2026-09-26 01:15:44.370] [SFX] {"sound": "player_move", "volume": 0.4}
[2026-09-26 01:15:44.408] [SFX] {"sound": "civ_move_2", "volume": 0.24}
[2026-09-26 01:15:44.457] [SFX] {"sound": "civ_move_1", "volume": 0.16}
[2026-09-26 01:15:44.457] [SFX] {"sound": "civ_move_1", "volume": 0.14}
[2026-09-26 01:15:44.506] [SFX] {"sound": "civ_move_1", "volume": 0.29}
[2026-09-26 01:15:44.608] [SFX] {"sound": "civ_move_2", "volume": 0.01}
[2026-09-26 01:15:44.643] [SFX] {"sound": "civ_move_2", "volume": 0.08}
[2026-09-26 01:15:44.678] [SFX] {"sound": "player_move", "volume": 0.4}
[2026-09-26 01:15:44.811] [SFX] {"sound": "civ_move_2", "volume": 0.17}
[2026-09-26 01:15:44.860] [SFX] {"sound": "civ_move_1", "volume": 0.23}
[2026-09-26 01:15:44.861] [SFX] {"sound": "civ_move_1", "volume": 0.07}
[2026-09-26 01:15:44.911] [SFX] {"sound": "civ_move_1", "volume": 0.24}
[2026-09-26 01:15:44.979] [SFX] {"sound": "player_move", "volume": 0.4}
[2026-09-26 01:15:45.013] [SFX] {"sound": "civ_move_2", "volume": 0.05}
[2026-09-26 01:15:45.045] [SFX] {"sound": "civ_move_2", "volume": 0.15}
[2026-09-26 01:15:45.129] [C] {"civ_pos": [163, 26]}
[2026-09-26 01:15:45.212] [SFX] {"sound": "civ_move_2", "volume": 0.09}
[2026-09-26 01:15:45.263] [SFX] {"sound": "civ_move_1", "volume": 0.3}
[2026-09-26 01:15:45.285] [SFX] {"sound": "player_move", "volume": 0.4}
[2026-09-26 01:15:45.313] [SFX] {"sound": "civ_move_1", "volume": 0.17}
[2026-09-26 01:15:45.429] [SFX] {"sound": "civ_move_2", "volume": 0.09}
[2026-09-26 01:15:45.463] [SFX] {"sound": "civ_move_2", "volume": 0.23}
[2026-09-26 01:15:45.579] [SFX] {"sound": "player_move", "volume": 0.4}
[2026-09-26 01:15:45.614] [SFX] {"sound": "civ_move_2", "volume": 0.02}
[2026-09-26 01:15:45.663] [SFX] {"sound": "civ_move_1", "volume": 0.22}
[2026-09-26 01:15:45.723] [SFX] {"sound": "civ_move_1", "volume": 0.1}
[2026-09-26 01:15:45.834] [SFX] {"sound": "civ_move_2", "volume": 0.13}
[2026-09-26 01:15:45.868] [SFX] {"sound": "civ_move_2", "volume": 0.3}
[2026-09-26 01:15:45.890] [SFX] {"sound": "player_move", "volume": 0.4}
[2026-09-26 01:15:46.069] [SFX] {"sound": "civ_move_1", "volume": 0.15}
[2026-09-26 01:15:46.120] [SFX] {"sound": "civ_move_1", "volume": 0.02}
[2026-09-26 01:15:46.187] [SFX] {"sound": "player_move", "volume": 0.4}
[2026-09-26 01:15:46.236] [SFX] {"sound": "civ_move_2", "volume": 0.16}
[2026-09-26 01:15:46.270] [SFX] {"sound": "civ_move_2", "volume": 0.23}
[2026-09-26 01:15:46.485] [SFX] {"sound": "civ_move_1", "volume": 0.08}
[2026-09-26 01:15:46.507] [SFX] {"sound": "player_move", "volume": 0.4}
[2026-09-26 01:15:46.652] [SFX] {"sound": "civ_move_2", "volume": 0.18}
[2026-09-26 01:15:46.686] [SFX] {"sound": "civ_move_2", "volume": 0.15}
[2026-09-26 01:15:46.817] [SFX] {"sound": "player_move", "volume": 0.4}
[2026-09-26 01:15:46.885] [SFX] {"sound": "civ_move_1", "volume": 0.0}
[2026-09-26 01:15:47.067] [SFX] {"sound": "civ_move_2", "volume": 0.18}
[2026-09-26 01:15:47.102] [SFX] {"sound": "civ_move_2", "volume": 0.08}
[2026-09-26 01:15:47.125] [SFX] {"sound": "player_move", "volume": 0.4}
[2026-09-26 01:15:47.480] [SFX] {"sound": "civ_move_2", "volume": 0.16}
[2026-09-26 01:15:47.513] [SFX] {"sound": "civ_move_2", "volume": 0.0}
[2026-09-26 01:15:47.744] [SFX] {"sound": "player_move", "volume": 0.4}
[2026-09-26 01:15:47.891] [SFX] {"sound": "civ_move_2", "volume": 0.13}
[2026-09-26 01:15:48.058] [SFX] {"sound": "player_move", "volume": 0.4}
[2026-09-26 01:15:48.291] [SFX] {"sound": "civ_move_2", "volume": 0.09}
[2026-09-26 01:15:48.373] [SFX] {"sound": "player_move", "volume": 0.4}
[2026-09-26 01:15:48.692] [SFX] {"sound": "civ_move_2", "volume": 0.05}
[2026-09-26 01:15:48.992] [SFX] {"sound": "player_move", "volume": 0.4}
[2026-09-26 01:15:49.093] [SFX] {"sound": "civ_move_2", "volume": 0.0}
[2026-09-26 01:15:49.291] [SFX] {"sound": "player_move", "volume": 0.4}
[2026-09-26 01:15:49.562] [SFX] {"sound": "civ_move_2", "volume": 0.03}
[2026-09-26 01:15:49.596] [SFX] {"sound": "player_move", "volume": 0.4}
[2026-09-26 01:15:49.974] [SFX] {"sound": "civ_move_2", "volume": 0.06}
[2026-09-26 01:15:50.222] [SFX] {"sound": "player_move", "volume": 0.4}
[2026-09-26 01:15:50.402] [SFX] {"sound": "civ_move_2", "volume": 0.09}
[2026-09-26 01:15:50.534] [SFX] {"sound": "player_move", "volume": 0.4}
[2026-09-26 01:15:50.812] [SFX] {"sound": "civ_move_2", "volume": 0.07}
[2026-09-26 01:15:50.847] [SFX] {"sound": "player_move", "volume": 0.4}
[2026-09-26 01:15:50.881] [JACK_REGISTERED_BY_CAMERA] {"camera": [110, 83]}
[2026-09-26 01:15:51.149] [SFX] {"sound": "player_move", "volume": 0.4}
[2026-09-26 01:15:51.216] [SFX] {"sound": "civ_move_2", "volume": 0.04}
[2026-09-26 01:15:51.627] [SFX] {"sound": "civ_move_2", "volume": 0.02}
[2026-09-26 01:15:52.040] [SFX] {"sound": "civ_move_2", "volume": 0.01}
[2026-09-26 01:15:52.440] [SFX] {"sound": "civ_move_2", "volume": 0.02}
[2026-09-26 01:15:52.540] [M] {"button": 4, "pos": [333, 245], "ui_clicked": false}
[2026-09-26 01:15:52.840] [SFX] {"sound": "civ_move_2", "volume": 0.03}
[2026-09-26 01:15:53.240] [SFX] {"sound": "civ_move_2", "volume": 0.04}
[2026-09-26 01:15:53.655] [SFX] {"sound": "civ_move_2", "volume": 0.05}
[2026-09-26 01:15:54.303] [M] {"button": 1, "pos": [216, 138], "ui_clicked": false}
[2026-09-26 01:15:54.323] [C] {"civ_pos": [106, 92]}
[2026-09-26 01:15:54.364] [JACK] Interessante Signatur... Ein ziviler Node. Sollen wir näher ran?
[2026-09-26 01:15:54.461] [SFX] {"sound": "civ_move_2", "volume": 0.06}
[2026-09-26 01:15:54.582] [SFX] {"sound": "civ_move_1", "volume": 0.28}
[2026-09-26 01:15:54.764] [M] {"button": 1, "pos": [219, 132], "ui_clicked": false}
[2026-09-26 01:15:54.772] [P] {"start": [108, 92], "goal": [94, 108], "length": 2, "is_direction_change": false}
[2026-09-26 01:15:54.772] [SFX] {"sound": "click_target", "volume": 0.38}
[2026-09-26 01:15:54.853] [JACK] JACK // PROXY SAFE - SANCTUARY ACTIVE
[2026-09-26 01:15:54.873] [SFX] {"sound": "civ_move_2", "volume": 0.06}
[2026-09-26 01:15:54.906] [SFX] {"sound": "player_move", "volume": 0.4}
[2026-09-26 01:15:54.989] [SFX] {"sound": "civ_move_1", "volume": 0.27}
[2026-09-26 01:15:55.220] [SFX] {"sound": "player_move", "volume": 0.4}
[2026-09-26 01:15:55.421] [SFX] {"sound": "civ_move_1", "volume": 0.2}
[2026-09-26 01:15:55.536] [SFX] {"sound": "player_move", "volume": 0.4}
[2026-09-26 01:15:55.835] [SFX] {"sound": "civ_move_1", "volume": 0.19}
[2026-09-26 01:15:56.150] [SFX] {"sound": "player_move", "volume": 0.4}
[2026-09-26 01:15:56.250] [SFX] {"sound": "civ_move_1", "volume": 0.16}
[2026-09-26 01:15:56.525] [M] {"button": 1, "pos": [146, 212], "ui_clicked": false}
[2026-09-26 01:15:56.658] [SFX] {"sound": "civ_move_1", "volume": 0.17}
[2026-09-26 01:15:56.974] [M] {"button": 1, "pos": [134, 203], "ui_clicked": false}
[2026-09-26 01:15:56.983] [P] {"start": [94, 108], "goal": [72, 111], "length": 2, "is_direction_change": false}
[2026-09-26 01:15:56.984] [SFX] {"sound": "click_target", "volume": 0.37}
[2026-09-26 01:15:57.068] [SFX] {"sound": "civ_move_1", "volume": 0.16}
[2026-09-26 01:15:57.166] [SFX] {"sound": "player_move", "volume": 0.4}
[2026-09-26 01:15:57.481] [SFX] {"sound": "civ_move_1", "volume": 0.11}
[2026-09-26 01:15:57.784] [SFX] {"sound": "player_move", "volume": 0.4}
[2026-09-26 01:15:57.885] [SFX] {"sound": "civ_move_1", "volume": 0.05}
[2026-09-26 01:15:58.086] [SFX] {"sound": "player_move", "volume": 0.4}
[2026-09-26 01:15:58.285] [SFX] {"sound": "civ_move_1", "volume": 0.02}
[2026-09-26 01:15:58.701] [SFX] {"sound": "civ_move_1", "volume": 0.03}
[2026-09-26 01:15:59.790] [M] {"button": 1, "pos": [442, 183], "ui_clicked": false}
[2026-09-26 01:15:59.926] [SFX] {"sound": "civ_move_1", "volume": 0.05}
[2026-09-26 01:16:00.225] [M] {"button": 1, "pos": [443, 187], "ui_clicked": false}
[2026-09-26 01:16:00.327] [SFX] {"sound": "civ_move_1", "volume": 0.06}
[2026-09-26 01:16:00.721] [M] {"button": 1, "pos": [446, 186], "ui_clicked": false}
[2026-09-26 01:16:00.741] [SFX] {"sound": "civ_move_1", "volume": 0.07}
[2026-09-26 01:16:01.154] [SFX] {"sound": "civ_move_1", "volume": 0.08}
[2026-09-26 01:16:01.254] [M] {"button": 1, "pos": [451, 180], "ui_clicked": false}
[2026-09-26 01:16:01.261] [P] {"start": [72, 111], "goal": [91, 108], "length": 2, "is_direction_change": false}
[2026-09-26 01:16:01.262] [SFX] {"sound": "click_target", "volume": 0.52}
[2026-09-26 01:16:01.421] [SFX] {"sound": "player_move", "volume": 0.4}
[2026-09-26 01:16:01.554] [SFX] {"sound": "civ_move_1", "volume": 0.12}
[2026-09-26 01:16:01.722] [SFX] {"sound": "player_move", "volume": 0.4}
[2026-09-26 01:16:01.938] [M] {"button": 1, "pos": [451, 180], "ui_clicked": false}
[2026-09-26 01:16:01.945] [JACK] JACK // RELIABLE CRYPTO SOURCE. HIS CODES ARE STABLE AND WORTH STEALING.
[2026-09-26 01:16:01.946] [SFX] {"sound": "click_target", "volume": 0.51}
[2026-09-26 01:16:01.965] [SFX] {"sound": "civ_move_1", "volume": 0.19}
[2026-09-26 01:16:02.026] [SFX] {"sound": "player_move", "volume": 0.4}
[2026-09-26 01:16:02.361] [SFX] {"sound": "civ_move_1", "volume": 0.26}
[2026-09-26 01:16:02.462] [M] {"button": 1, "pos": [455, 180], "ui_clicked": false}
[2026-09-26 01:16:02.471] [SFX] {"sound": "action_cancel", "volume": 1.0}
[2026-09-26 01:16:02.472] [P] {"start": [92, 108], "goal": [107, 108], "length": 1, "is_direction_change": false}
[2026-09-26 01:16:02.472] [SFX] {"sound": "click_target", "volume": 0.51}
[2026-09-26 01:16:02.535] [C] {"civ_pos": [95, 108]}
[2026-09-26 01:16:02.640] [SFX] {"sound": "player_move", "volume": 0.4}
[2026-09-26 01:16:02.772] [SFX] {"sound": "civ_move_1", "volume": 0.26}
[2026-09-26 01:16:02.953] [SFX] {"sound": "player_move", "volume": 0.4}
[2026-09-26 01:16:03.188] [SFX] {"sound": "civ_move_1", "volume": 0.19}
[2026-09-26 01:16:03.602] [SFX] {"sound": "civ_move_1", "volume": 0.18}
[2026-09-26 01:16:04.013] [SFX] {"sound": "civ_move_1", "volume": 0.17}
[2026-09-26 01:16:04.414] [SFX] {"sound": "civ_move_1", "volume": 0.16}
[2026-09-26 01:16:04.826] [SFX] {"sound": "civ_move_1", "volume": 0.14}
[2026-09-26 01:16:05.239] [SFX] {"sound": "civ_move_1", "volume": 0.13}
[2026-09-26 01:16:05.406] [M] {"button": 1, "pos": [344, 83], "ui_clicked": false}
[2026-09-26 01:16:05.639] [SFX] {"sound": "civ_move_1", "volume": 0.12}
[2026-09-26 01:16:06.052] [SFX] {"sound": "civ_move_1", "volume": 0.11}
[2026-09-26 01:16:06.465] [SFX] {"sound": "civ_move_1", "volume": 0.09}
[2026-09-26 01:16:06.867] [SFX] {"sound": "civ_move_1", "volume": 0.08}
[2026-09-26 01:16:07.083] [M] {"button": 1, "pos": [331, 63], "ui_clicked": false}
[2026-09-26 01:16:07.266] [SFX] {"sound": "civ_move_1", "volume": 0.07}
[2026-09-26 01:16:07.537] [M] {"button": 1, "pos": [353, 30], "ui_clicked": false}
[2026-09-26 01:16:07.672] [SFX] {"sound": "civ_move_1", "volume": 0.06}
[2026-09-26 01:16:08.071] [SFX] {"sound": "civ_move_1", "volume": 0.05}
[2026-09-26 01:16:08.169] [M] {"button": 5, "pos": [377, 148], "ui_clicked": false}
[2026-09-26 01:16:08.480] [SFX] {"sound": "civ_move_1", "volume": 0.03}
[2026-09-26 01:16:08.496] [M] {"button": 5, "pos": [378, 148], "ui_clicked": false}
[2026-09-26 01:16:08.895] [SFX] {"sound": "civ_move_1", "volume": 0.02}
[2026-09-26 01:16:09.180] [M] {"button": 5, "pos": [378, 148], "ui_clicked": false}
[2026-09-26 01:16:09.298] [SFX] {"sound": "civ_move_1", "volume": 0.01}
[2026-09-26 01:16:09.564] [SFX] {"sound": "civ_move_2", "volume": 0.17}
[2026-09-26 01:16:09.709] [M] {"button": 4, "pos": [378, 148], "ui_clicked": false}
[2026-09-26 01:16:09.975] [SFX] {"sound": "civ_move_2", "volume": 0.17}
[2026-09-26 01:16:10.376] [SFX] {"sound": "civ_move_2", "volume": 0.22}
[2026-09-26 01:16:10.498] [SFX] {"sound": "civ_move_2", "volume": 0.17}
[2026-09-26 01:16:10.799] [SFX] {"sound": "civ_move_2", "volume": 0.21}
[2026-09-26 01:16:10.900] [SFX] {"sound": "civ_move_2", "volume": 0.17}
[2026-09-26 01:16:11.212] [SFX] {"sound": "civ_move_2", "volume": 0.19}
[2026-09-26 01:16:11.312] [SFX] {"sound": "civ_move_2", "volume": 0.17}
[2026-09-26 01:16:11.625] [SFX] {"sound": "civ_move_2", "volume": 0.18}
[2026-09-26 01:16:11.729] [SFX] {"sound": "civ_move_2", "volume": 0.22}
[2026-09-26 01:16:12.029] [SFX] {"sound": "civ_move_2", "volume": 0.17}
[2026-09-26 01:16:12.143] [SFX] {"sound": "civ_move_2", "volume": 0.24}
[2026-09-26 01:16:12.444] [SFX] {"sound": "civ_move_2", "volume": 0.16}
[2026-09-26 01:16:12.546] [SFX] {"sound": "civ_move_2", "volume": 0.25}
[2026-09-26 01:16:12.857] [SFX] {"sound": "civ_move_2", "volume": 0.14}
[2026-09-26 01:16:12.957] [SFX] {"sound": "civ_move_2", "volume": 0.26}
[2026-09-26 01:16:13.271] [SFX] {"sound": "civ_move_2", "volume": 0.13}
[2026-09-26 01:16:13.370] [SFX] {"sound": "civ_move_2", "volume": 0.27}
[2026-09-26 01:16:13.681] [SFX] {"sound": "civ_move_2", "volume": 0.12}
[2026-09-26 01:16:13.750] [C] {"civ_pos": [105, 108]}
[2026-09-26 01:16:13.793] [JACK] Subroutine gesichtet. Ob der wertvollen Loot geladen hat?
[2026-09-26 01:16:13.814] [SFX] {"sound": "civ_move_2", "volume": 0.29}
[2026-09-26 01:16:14.081] [SFX] {"sound": "civ_move_2", "volume": 0.11}
[2026-09-26 01:16:14.215] [SFX] {"sound": "civ_move_2", "volume": 0.3}
[2026-09-26 01:16:14.282] [M] {"button": 1, "pos": [297, 120], "ui_clicked": false}
[2026-09-26 01:16:14.293] [P] {"start": [107, 108], "goal": [84, 58], "length": 8, "is_direction_change": false}
[2026-09-26 01:16:14.374] [SFX] {"sound": "player_move", "volume": 0.4}
[2026-09-26 01:16:14.489] [SFX] {"sound": "civ_move_2", "volume": 0.07}
[2026-09-26 01:16:14.623] [SFX] {"sound": "civ_move_2", "volume": 0.21}
[2026-09-26 01:16:14.689] [SFX] {"sound": "player_move", "volume": 0.4}
[2026-09-26 01:16:14.905] [SFX] {"sound": "civ_move_2", "volume": 0.05}
[2026-09-26 01:16:15.005] [SFX] {"sound": "player_move", "volume": 0.4}
[2026-09-26 01:16:15.038] [SFX] {"sound": "civ_move_2", "volume": 0.17}
[2026-09-26 01:16:15.072] [JACK] JACK // PROXY SAFE - SANCTUARY ACTIVE
[2026-09-26 01:16:15.223] [SFX] {"sound": "civ_move_2", "volume": 0.04}
[2026-09-26 01:16:15.308] [SFX] {"sound": "player_move", "volume": 0.4}
[2026-09-26 01:16:15.309] [SFX] {"sound": "civ_move_2", "volume": 0.02}
[2026-09-26 01:16:15.358] [SFX] {"sound": "civ_move_2", "volume": 0.03}
[2026-09-26 01:16:15.442] [SFX] {"sound": "civ_move_2", "volume": 0.13}
[2026-09-26 01:16:15.510] [M] {"button": 4, "pos": [395, 150], "ui_clicked": false}
[2026-09-26 01:16:15.612] [SFX] {"sound": "player_move", "volume": 0.4}
[2026-09-26 01:16:15.629] [M] {"button": 4, "pos": [395, 150], "ui_clicked": false}
[2026-09-26 01:16:15.636] [SFX] {"sound": "civ_move_2", "volume": 0.08}
[2026-09-26 01:16:15.682] [SFX] {"sound": "civ_move_2", "volume": 0.01}
[2026-09-26 01:16:15.765] [SFX] {"sound": "civ_move_2", "volume": 0.1}
[2026-09-26 01:16:15.848] [SFX] {"sound": "civ_move_2", "volume": 0.09}
[2026-09-26 01:16:15.917] [SFX] {"sound": "player_move", "volume": 0.4}
[2026-09-26 01:16:16.034] [SFX] {"sound": "civ_move_2", "volume": 0.12}
[2026-09-26 01:16:16.084] [SFX] {"sound": "civ_move_2", "volume": 0.01}
[2026-09-26 01:16:16.170] [SFX] {"sound": "civ_move_2", "volume": 0.17}
[2026-09-26 01:16:16.222] [SFX] {"sound": "player_move", "volume": 0.4}
[2026-09-26 01:16:16.257] [SFX] {"sound": "civ_move_2", "volume": 0.05}
[2026-09-26 01:16:16.442] [SFX] {"sound": "civ_move_2", "volume": 0.15}
[2026-09-26 01:16:16.491] [SFX] {"sound": "civ_move_2", "volume": 0.01}
[2026-09-26 01:16:16.525] [SFX] {"sound": "player_move", "volume": 0.4}
[2026-09-26 01:16:16.573] [SFX] {"sound": "civ_move_2", "volume": 0.25}
[2026-09-26 01:16:16.669] [SFX] {"sound": "civ_move_2", "volume": 0.01}
[2026-09-26 01:16:16.769] [C] {"civ_pos": [108, 57]}
[2026-09-26 01:16:16.838] [SFX] {"sound": "player_move", "volume": 0.4}
[2026-09-26 01:16:16.860] [SFX] {"sound": "civ_move_2", "volume": 0.17}
[2026-09-26 01:16:16.893] [SFX] {"sound": "civ_move_1", "volume": 0.03}
[2026-09-26 01:16:16.975] [SFX] {"sound": "civ_move_2", "volume": 0.22}
[2026-09-26 01:16:17.142] [SFX] {"sound": "player_move", "volume": 0.4}
[2026-09-26 01:16:17.226] [SFX] {"sound": "civ_move_1", "volume": 0.02}
[2026-09-26 01:16:17.262] [SFX] {"sound": "civ_move_2", "volume": 0.14}
[2026-09-26 01:16:17.299] [SFX] {"sound": "civ_move_1", "volume": 0.09}
[2026-09-26 01:16:17.382] [SFX] {"sound": "civ_move_2", "volume": 0.17}
[2026-09-26 01:16:17.449] [SFX] {"sound": "player_move", "volume": 0.4}
[2026-09-26 01:16:17.631] [SFX] {"sound": "civ_move_1", "volume": 0.07}
[2026-09-26 01:16:17.666] [SFX] {"sound": "civ_move_2", "volume": 0.13}
[2026-09-26 01:16:17.700] [SFX] {"sound": "civ_move_1", "volume": 0.14}
[2026-09-26 01:16:17.765] [SFX] {"sound": "player_move", "volume": 0.4}
[2026-09-26 01:16:17.799] [SFX] {"sound": "civ_move_2", "volume": 0.11}
[2026-09-26 01:16:18.046] [SFX] {"sound": "civ_move_1", "volume": 0.1}
[2026-09-26 01:16:18.047] [SFX] {"sound": "civ_move_1", "volume": 0.03}
[2026-09-26 01:16:18.079] [SFX] {"sound": "player_move", "volume": 0.4}
[2026-09-26 01:16:18.079] [SFX] {"sound": "civ_move_2", "volume": 0.11}
[2026-09-26 01:16:18.112] [SFX] {"sound": "civ_move_1", "volume": 0.19}
[2026-09-26 01:16:18.211] [SFX] {"sound": "civ_move_2", "volume": 0.05}
[2026-09-26 01:16:18.393] [SFX] {"sound": "player_move", "volume": 0.4}
[2026-09-26 01:16:18.461] [SFX] {"sound": "civ_move_1", "volume": 0.13}
[2026-09-26 01:16:18.462] [SFX] {"sound": "civ_move_1", "volume": 0.07}
[2026-09-26 01:16:18.494] [SFX] {"sound": "civ_move_2", "volume": 0.09}
[2026-09-26 01:16:18.528] [SFX] {"sound": "civ_move_1", "volume": 0.22}
[2026-09-26 01:16:18.611] [SFX] {"sound": "civ_move_2", "volume": 0.01}
[2026-09-26 01:16:18.710] [SFX] {"sound": "player_move", "volume": 0.4}
[2026-09-26 01:16:18.860] [SFX] {"sound": "civ_move_1", "volume": 0.2}
[2026-09-26 01:16:18.861] [SFX] {"sound": "civ_move_1", "volume": 0.03}
[2026-09-26 01:16:18.893] [SFX] {"sound": "civ_move_2", "volume": 0.12}
[2026-09-26 01:16:18.927] [SFX] {"sound": "civ_move_1", "volume": 0.3}
[2026-09-26 01:16:19.018] [SFX] {"sound": "player_move", "volume": 0.4}
[2026-09-26 01:16:19.269] [SFX] {"sound": "civ_move_1", "volume": 0.26}
[2026-09-26 01:16:19.304] [SFX] {"sound": "civ_move_2", "volume": 0.14}
[2026-09-26 01:16:19.326] [SFX] {"sound": "player_move", "volume": 0.4}
[2026-09-26 01:16:19.345] [SFX] {"sound": "civ_move_1", "volume": 0.24}
[2026-09-26 01:16:19.636] [SFX] {"sound": "player_move", "volume": 0.4}
[2026-09-26 01:16:19.671] [SFX] {"sound": "civ_move_1", "volume": 0.19}
[2026-09-26 01:16:19.706] [SFX] {"sound": "civ_move_2", "volume": 0.2}
[2026-09-26 01:16:19.740] [SFX] {"sound": "civ_move_1", "volume": 0.2}
[2026-09-26 01:16:19.822] [SFX] {"sound": "civ_move_2", "volume": 0.03}
[2026-09-26 01:16:19.872] [C] {"civ_pos": [92, 40]}
[2026-09-26 01:16:19.889] [M] {"button": 4, "pos": [370, 144], "ui_clicked": false}
[2026-09-26 01:16:19.940] [SFX] {"sound": "player_move", "volume": 0.4}
[2026-09-26 01:16:19.972] [M] {"button": 4, "pos": [370, 144], "ui_clicked": false}
[2026-09-26 01:16:20.071] [SFX] {"sound": "civ_move_1", "volume": 0.13}
[2026-09-26 01:16:20.122] [SFX] {"sound": "civ_move_2", "volume": 0.27}
[2026-09-26 01:16:20.155] [SFX] {"sound": "civ_move_1", "volume": 0.14}
[2026-09-26 01:16:20.222] [SFX] {"sound": "civ_move_2", "volume": 0.06}
[2026-09-26 01:16:20.255] [SFX] {"sound": "player_move", "volume": 0.4}
[2026-09-26 01:16:20.473] [SFX] {"sound": "civ_move_1", "volume": 0.07}
[2026-09-26 01:16:20.524] [SFX] {"sound": "civ_move_2", "volume": 0.2}
[2026-09-26 01:16:20.556] [SFX] {"sound": "player_move", "volume": 0.4}
[2026-09-26 01:16:20.557] [SFX] {"sound": "civ_move_1", "volume": 0.08}
[2026-09-26 01:16:20.625] [SFX] {"sound": "civ_move_2", "volume": 0.09}
[2026-09-26 01:16:20.870] [SFX] {"sound": "player_move", "volume": 0.4}
[2026-09-26 01:16:20.937] [SFX] {"sound": "civ_move_2", "volume": 0.13}
[2026-09-26 01:16:20.971] [SFX] {"sound": "civ_move_1", "volume": 0.02}
[2026-09-26 01:16:21.037] [SFX] {"sound": "civ_move_2", "volume": 0.12}
[2026-09-26 01:16:21.172] [SFX] {"sound": "player_move", "volume": 0.4}
[2026-09-26 01:16:21.339] [SFX] {"sound": "civ_move_2", "volume": 0.07}
[2026-09-26 01:16:21.437] [SFX] {"sound": "civ_move_2", "volume": 0.11}
[2026-09-26 01:16:21.487] [SFX] {"sound": "player_move", "volume": 0.4}
[2026-09-26 01:16:21.752] [SFX] {"sound": "civ_move_2", "volume": 0.04}
[2026-09-26 01:16:21.785] [SFX] {"sound": "civ_move_2", "volume": 0.03}
[2026-09-26 01:16:21.807] [SFX] {"sound": "player_move", "volume": 0.4}
[2026-09-26 01:16:21.835] [SFX] {"sound": "civ_move_2", "volume": 0.01}
[2026-09-26 01:16:21.858] [SFX] {"sound": "civ_move_2", "volume": 0.07}
[2026-09-26 01:16:22.104] [SFX] {"sound": "player_move", "volume": 0.4}
[2026-09-26 01:16:22.154] [SFX] {"sound": "civ_move_2", "volume": 0.08}
[2026-09-26 01:16:22.189] [SFX] {"sound": "civ_move_2", "volume": 0.01}
[2026-09-26 01:16:22.254] [SFX] {"sound": "civ_move_2", "volume": 0.05}
[2026-09-26 01:16:22.568] [SFX] {"sound": "civ_move_2", "volume": 0.08}
[2026-09-26 01:16:22.652] [SFX] {"sound": "civ_move_2", "volume": 0.02}
[2026-09-26 01:16:22.676] [SFX] {"sound": "civ_move_2", "volume": 0.04}
[2026-09-26 01:16:22.969] [SFX] {"sound": "civ_move_2", "volume": 0.07}
[2026-09-26 01:16:23.053] [SFX] {"sound": "civ_move_2", "volume": 0.02}
[2026-09-26 01:16:23.077] [SFX] {"sound": "civ_move_2", "volume": 0.04}
[2026-09-26 01:16:23.371] [SFX] {"sound": "civ_move_2", "volume": 0.06}
[2026-09-26 01:16:23.436] [M] {"button": 4, "pos": [349, 133], "ui_clicked": false}
[2026-09-26 01:16:23.455] [SFX] {"sound": "civ_move_2", "volume": 0.03}
[2026-09-26 01:16:23.472] [M] {"button": 4, "pos": [348, 133], "ui_clicked": false}
[2026-09-26 01:16:23.480] [SFX] {"sound": "civ_move_2", "volume": 0.03}
[2026-09-26 01:16:23.492] [M] {"button": 4, "pos": [348, 133], "ui_clicked": false}
[2026-09-26 01:16:23.773] [SFX] {"sound": "civ_move_2", "volume": 0.05}
[2026-09-26 01:16:23.856] [SFX] {"sound": "civ_move_2", "volume": 0.04}
[2026-09-26 01:16:23.879] [SFX] {"sound": "civ_move_2", "volume": 0.02}
[2026-09-26 01:16:24.191] [SFX] {"sound": "civ_move_2", "volume": 0.05}
[2026-09-26 01:16:24.273] [SFX] {"sound": "civ_move_2", "volume": 0.01}
[2026-09-26 01:16:24.605] [SFX] {"sound": "civ_move_2", "volume": 0.04}
[2026-09-26 01:16:24.672] [SFX] {"sound": "civ_move_2", "volume": 0.06}
[2026-09-26 01:16:24.695] [SFX] {"sound": "civ_move_2", "volume": 0.01}
[2026-09-26 01:16:24.775] [M] {"button": 1, "pos": [352, 108], "ui_clicked": false}
[2026-09-26 01:16:24.782] [P] {"start": [84, 58], "goal": [85, 56], "length": 2, "is_direction_change": false}
[2026-09-26 01:16:24.783] [SFX] {"sound": "click_target", "volume": 0.94}
[2026-09-26 01:16:24.828] [JACK] Kurzer Blick um die Ecke...
[2026-09-26 01:16:24.925] [SFX] {"sound": "player_move", "volume": 0.4}
[2026-09-26 01:16:25.009] [SFX] {"sound": "civ_move_2", "volume": 0.06}
[2026-09-26 01:16:25.402] [SFX] {"sound": "civ_move_1", "volume": 0.04}
[2026-09-26 01:16:25.425] [SFX] {"sound": "civ_move_2", "volume": 0.05}
[2026-09-26 01:16:25.476] [SFX] {"sound": "civ_move_2", "volume": 0.07}
[2026-09-26 01:16:25.808] [SFX] {"sound": "civ_move_1", "volume": 0.04}
[2026-09-26 01:16:25.822] [M] {"button": 1, "pos": [363, 156], "ui_clicked": false}
[2026-09-26 01:16:25.831] [SFX] {"sound": "civ_move_2", "volume": 0.05}
[2026-09-26 01:16:25.832] [P] {"start": [85, 56], "goal": [86, 56], "length": 1, "is_direction_change": false}
[2026-09-26 01:16:25.833] [SFX] {"sound": "click_target", "volume": 0.76}
[2026-09-26 01:16:25.885] [SFX] {"sound": "civ_move_2", "volume": 0.07}
[2026-09-26 01:16:26.213] [SFX] {"sound": "civ_move_1", "volume": 0.05}
[2026-09-26 01:16:26.236] [SFX] {"sound": "civ_move_2", "volume": 0.04}
[2026-09-26 01:16:26.289] [SFX] {"sound": "civ_move_2", "volume": 0.08}
[2026-09-26 01:16:26.636] [SFX] {"sound": "civ_move_2", "volume": 0.04}
[2026-09-26 01:16:26.637] [SFX] {"sound": "civ_move_1", "volume": 0.06}
[2026-09-26 01:16:26.703] [SFX] {"sound": "civ_move_2", "volume": 0.09}
[2026-09-26 01:16:26.940] [M] {"button": 1, "pos": [439, 114], "ui_clicked": false}
[2026-09-26 01:16:26.949] [P] {"start": [86, 56], "goal": [92, 53], "length": 6, "is_direction_change": false}
[2026-09-26 01:16:26.950] [SFX] {"sound": "click_target", "volume": 0.84}
[2026-09-26 01:16:27.038] [SFX] {"sound": "civ_move_2", "volume": 0.02}
[2026-09-26 01:16:27.039] [SFX] {"sound": "civ_move_1", "volume": 0.06}
[2026-09-26 01:16:27.105] [SFX] {"sound": "civ_move_2", "volume": 0.12}
[2026-09-26 01:16:27.204] [SFX] {"sound": "player_move", "volume": 0.4}
[2026-09-26 01:16:27.449] [SFX] {"sound": "civ_move_1", "volume": 0.08}
[2026-09-26 01:16:27.520] [SFX] {"sound": "player_move", "volume": 0.4}
[2026-09-26 01:16:27.521] [SFX] {"sound": "civ_move_2", "volume": 0.14}
[2026-09-26 01:16:27.833] [SFX] {"sound": "player_move", "volume": 0.4}
[2026-09-26 01:16:27.856] [SFX] {"sound": "civ_move_1", "volume": 0.1}
[2026-09-26 01:16:27.936] [SFX] {"sound": "civ_move_2", "volume": 0.16}
[2026-09-26 01:16:28.147] [SFX] {"sound": "player_move", "volume": 0.4}
[2026-09-26 01:16:28.250] [SFX] {"sound": "civ_move_1", "volume": 0.14}
[2026-09-26 01:16:28.350] [SFX] {"sound": "civ_move_2", "volume": 0.11}
[2026-09-26 01:16:28.450] [SFX] {"sound": "player_move", "volume": 0.4}
[2026-09-26 01:16:28.663] [SFX] {"sound": "civ_move_2", "volume": 0.02}
[2026-09-26 01:16:28.664] [SFX] {"sound": "civ_move_1", "volume": 0.12}
[2026-09-26 01:16:28.762] [SFX] {"sound": "player_move", "volume": 0.4}
[2026-09-26 01:16:28.763] [SFX] {"sound": "civ_move_2", "volume": 0.1}
[2026-09-26 01:16:29.075] [SFX] {"sound": "civ_move_2", "volume": 0.04}
[2026-09-26 01:16:29.076] [SFX] {"sound": "civ_move_1", "volume": 0.11}
[2026-09-26 01:16:29.175] [SFX] {"sound": "civ_move_2", "volume": 0.1}
[2026-09-26 01:16:29.338] [M] {"button": 1, "pos": [331, 48], "ui_clicked": false}
[2026-09-26 01:16:29.346] [P] {"start": [92, 53], "goal": [92, 48], "length": 1, "is_direction_change": false}
[2026-09-26 01:16:29.347] [SFX] {"sound": "click_target", "volume": 0.87}
[2026-09-26 01:16:29.453] [SFX] {"sound": "civ_move_1", "volume": 0.01}
[2026-09-26 01:16:29.487] [SFX] {"sound": "civ_move_2", "volume": 0.05}
[2026-09-26 01:16:29.488] [SFX] {"sound": "civ_move_1", "volume": 0.11}
[2026-09-26 01:16:29.571] [SFX] {"sound": "player_move", "volume": 0.4}
[2026-09-26 01:16:29.594] [SFX] {"sound": "civ_move_2", "volume": 0.09}
[2026-09-26 01:16:29.693] [M] {"button": 5, "pos": [331, 48], "ui_clicked": false}
[2026-09-26 01:16:29.864] [SFX] {"sound": "civ_move_1", "volume": 0.04}
[2026-09-26 01:16:29.897] [SFX] {"sound": "civ_move_2", "volume": 0.05}
[2026-09-26 01:16:29.898] [SFX] {"sound": "civ_move_1", "volume": 0.1}
[2026-09-26 01:16:29.998] [SFX] {"sound": "civ_move_2", "volume": 0.1}
[2026-09-26 01:16:30.150] [SFX] {"sound": "civ_move_1", "volume": 0.03}
[2026-09-26 01:16:30.268] [SFX] {"sound": "civ_move_1", "volume": 0.05}
[2026-09-26 01:16:30.304] [SFX] {"sound": "civ_move_2", "volume": 0.04}
[2026-09-26 01:16:30.304] [SFX] {"sound": "civ_move_1", "volume": 0.11}
[2026-09-26 01:16:30.402] [SFX] {"sound": "civ_move_2", "volume": 0.11}
[2026-09-26 01:16:30.436] [M] {"button": 1, "pos": [323, 31], "ui_clicked": false}
[2026-09-26 01:16:30.444] [P] {"start": [92, 48], "goal": [92, 31], "length": 1, "is_direction_change": false}
[2026-09-26 01:16:30.445] [SFX] {"sound": "click_target", "volume": 0.59}
[2026-09-26 01:16:30.561] [SFX] {"sound": "civ_move_1", "volume": 0.02}
[2026-09-26 01:16:30.677] [SFX] {"sound": "civ_move_1", "volume": 0.1}
[2026-09-26 01:16:30.712] [SFX] {"sound": "civ_move_2", "volume": 0.05}
[2026-09-26 01:16:30.712] [SFX] {"sound": "civ_move_1", "volume": 0.09}
[2026-09-26 01:16:30.735] [SFX] {"sound": "player_move", "volume": 0.4}
[2026-09-26 01:16:30.815] [SFX] {"sound": "civ_move_2", "volume": 0.07}
[2026-09-26 01:16:31.045] [SFX] {"sound": "player_move", "volume": 0.4}
[2026-09-26 01:16:31.080] [SFX] {"sound": "civ_move_1", "volume": 0.17}
[2026-09-26 01:16:31.114] [SFX] {"sound": "civ_move_2", "volume": 0.06}
[2026-09-26 01:16:31.115] [SFX] {"sound": "civ_move_1", "volume": 0.06}
[2026-09-26 01:16:31.230] [SFX] {"sound": "civ_move_2", "volume": 0.03}
[2026-09-26 01:16:31.482] [SFX] {"sound": "civ_move_1", "volume": 0.22}
[2026-09-26 01:16:31.515] [SFX] {"sound": "civ_move_2", "volume": 0.06}
[2026-09-26 01:16:31.516] [SFX] {"sound": "civ_move_1", "volume": 0.05}
[2026-09-26 01:16:31.633] [SFX] {"sound": "civ_move_2", "volume": 0.02}
[2026-09-26 01:16:31.896] [SFX] {"sound": "civ_move_1", "volume": 0.23}
[2026-09-26 01:16:31.931] [SFX] {"sound": "civ_move_2", "volume": 0.05}
[2026-09-26 01:16:31.932] [SFX] {"sound": "civ_move_1", "volume": 0.06}
[2026-09-26 01:16:31.963] [SFX] {"sound": "civ_move_1", "volume": 0.0}
[2026-09-26 01:16:32.045] [SFX] {"sound": "civ_move_2", "volume": 0.03}
[2026-09-26 01:16:32.311] [SFX] {"sound": "civ_move_1", "volume": 0.24}
[2026-09-26 01:16:32.345] [M] {"button": 1, "pos": [246, 102], "ui_clicked": false}
[2026-09-26 01:16:32.354] [SFX] {"sound": "civ_move_2", "volume": 0.03}
[2026-09-26 01:16:32.355] [SFX] {"sound": "civ_move_1", "volume": 0.07}
[2026-09-26 01:16:32.355] [P] {"start": [92, 31], "goal": [82, 24], "length": 3, "is_direction_change": false}
[2026-09-26 01:16:32.356] [SFX] {"sound": "click_target", "volume": 0.7}
[2026-09-26 01:16:32.394] [SFX] {"sound": "civ_move_1", "volume": 0.01}
[2026-09-26 01:16:32.423] [SFX] {"sound": "player_move", "volume": 0.4}
[2026-09-26 01:16:32.458] [SFX] {"sound": "civ_move_2", "volume": 0.01}
[2026-09-26 01:16:32.576] [C] {"civ_pos": [92, 24]}
[2026-09-26 01:16:32.713] [SFX] {"sound": "civ_move_1", "volume": 0.28}
[2026-09-26 01:16:32.736] [SFX] {"sound": "player_move", "volume": 0.4}
[2026-09-26 01:16:32.755] [SFX] {"sound": "civ_move_2", "volume": 0.01}
[2026-09-26 01:16:32.756] [SFX] {"sound": "civ_move_1", "volume": 0.05}
[2026-09-26 01:16:32.776] [SFX] {"sound": "civ_move_1", "volume": 0.01}
[2026-09-26 01:16:33.039] [SFX] {"sound": "player_move", "volume": 0.4}
[2026-09-26 01:16:33.123] [SFX] {"sound": "civ_move_1", "volume": 0.22}
[2026-09-26 01:16:33.156] [SFX] {"sound": "civ_move_1", "volume": 0.02}
[2026-09-26 01:16:33.538] [SFX] {"sound": "civ_move_1", "volume": 0.17}
[2026-09-26 01:16:33.572] [SFX] {"sound": "civ_move_1", "volume": 0.02}
[2026-09-26 01:16:33.938] [SFX] {"sound": "civ_move_1", "volume": 0.16}
[2026-09-26 01:16:33.986] [SFX] {"sound": "civ_move_1", "volume": 0.03}
[2026-09-26 01:16:34.351] [SFX] {"sound": "civ_move_1", "volume": 0.15}
[2026-09-26 01:16:34.401] [SFX] {"sound": "civ_move_1", "volume": 0.04}
[2026-09-26 01:16:34.423] [SFX] {"sound": "civ_move_1", "volume": 0.0}
[2026-09-26 01:16:34.517] [M] {"button": 1, "pos": [380, 110], "ui_clicked": false}
[2026-09-26 01:16:34.525] [P] {"start": [82, 24], "goal": [92, 16], "length": 3, "is_direction_change": false}
[2026-09-26 01:16:34.526] [SFX] {"sound": "click_target", "volume": 0.68}
[2026-09-26 01:16:34.642] [SFX] {"sound": "player_move", "volume": 0.4}
[2026-09-26 01:16:34.758] [SFX] {"sound": "civ_move_1", "volume": 0.19}
[2026-09-26 01:16:34.807] [SFX] {"sound": "civ_move_1", "volume": 0.07}
[2026-09-26 01:16:34.829] [SFX] {"sound": "civ_move_1", "volume": 0.04}
[2026-09-26 01:16:34.907] [SFX] {"sound": "civ_move_2", "volume": 0.03}
[2026-09-26 01:16:34.942] [SFX] {"sound": "player_move", "volume": 0.4}
[2026-09-26 01:16:35.090] [SFX] {"sound": "civ_move_1", "volume": 0.01}
[2026-09-26 01:16:35.171] [SFX] {"sound": "civ_move_1", "volume": 0.19}
[2026-09-26 01:16:35.207] [SFX] {"sound": "civ_move_1", "volume": 0.1}
[2026-09-26 01:16:35.241] [SFX] {"sound": "civ_move_1", "volume": 0.08}
[2026-09-26 01:16:35.263] [SFX] {"sound": "player_move", "volume": 0.4}
[2026-09-26 01:16:35.309] [SFX] {"sound": "civ_move_2", "volume": 0.02}
[2026-09-26 01:16:35.571] [SFX] {"sound": "player_move", "volume": 0.4}
[2026-09-26 01:16:35.572] [SFX] {"sound": "civ_move_1", "volume": 0.16}
[2026-09-26 01:16:35.620] [SFX] {"sound": "civ_move_1", "volume": 0.06}
[2026-09-26 01:16:35.654] [SFX] {"sound": "civ_move_1", "volume": 0.08}
[2026-09-26 01:16:35.984] [SFX] {"sound": "civ_move_1", "volume": 0.15}
[2026-09-26 01:16:36.034] [SFX] {"sound": "civ_move_1", "volume": 0.07}
[2026-09-26 01:16:36.068] [SFX] {"sound": "civ_move_1", "volume": 0.09}
[2026-09-26 01:16:36.396] [SFX] {"sound": "civ_move_1", "volume": 0.14}
[2026-09-26 01:16:36.449] [SFX] {"sound": "civ_move_1", "volume": 0.08}
[2026-09-26 01:16:36.481] [SFX] {"sound": "civ_move_1", "volume": 0.1}
[2026-09-26 01:16:36.547] [SFX] {"sound": "civ_move_2", "volume": 0.01}
[2026-09-26 01:16:36.810] [SFX] {"sound": "civ_move_1", "volume": 0.13}
[2026-09-26 01:16:36.861] [SFX] {"sound": "civ_move_1", "volume": 0.09}
[2026-09-26 01:16:36.894] [SFX] {"sound": "civ_move_1", "volume": 0.11}
[2026-09-26 01:16:36.958] [SFX] {"sound": "civ_move_2", "volume": 0.02}
[2026-09-26 01:16:37.141] [SFX] {"sound": "civ_move_1", "volume": 0.0}
[2026-09-26 01:16:37.225] [SFX] {"sound": "civ_move_1", "volume": 0.12}
[2026-09-26 01:16:37.276] [SFX] {"sound": "civ_move_1", "volume": 0.09}
[2026-09-26 01:16:37.309] [SFX] {"sound": "civ_move_1", "volume": 0.12}
[2026-09-26 01:16:37.360] [SFX] {"sound": "civ_move_2", "volume": 0.03}
[2026-09-26 01:16:37.543] [SFX] {"sound": "civ_move_1", "volume": 0.01}
[2026-09-26 01:16:37.626] [SFX] {"sound": "civ_move_1", "volume": 0.12}
[2026-09-26 01:16:37.690] [SFX] {"sound": "civ_move_1", "volume": 0.1}
[2026-09-26 01:16:37.714] [SFX] {"sound": "civ_move_1", "volume": 0.12}
[2026-09-26 01:16:37.763] [SFX] {"sound": "civ_move_2", "volume": 0.04}
[2026-09-26 01:16:37.947] [SFX] {"sound": "civ_move_1", "volume": 0.02}
[2026-09-26 01:16:38.029] [SFX] {"sound": "civ_move_1", "volume": 0.11}
[2026-09-26 01:16:38.112] [SFX] {"sound": "civ_move_1", "volume": 0.12}
[2026-09-26 01:16:38.179] [SFX] {"sound": "civ_move_2", "volume": 0.05}
[2026-09-26 01:16:38.360] [SFX] {"sound": "civ_move_1", "volume": 0.03}
[2026-09-26 01:16:38.441] [SFX] {"sound": "civ_move_1", "volume": 0.11}
[2026-09-26 01:16:38.524] [SFX] {"sound": "civ_move_1", "volume": 0.12}
[2026-09-26 01:16:38.591] [SFX] {"sound": "civ_move_2", "volume": 0.06}
[2026-09-26 01:16:38.774] [SFX] {"sound": "civ_move_1", "volume": 0.04}
[2026-09-26 01:16:38.807] [SFX] {"sound": "civ_move_2", "volume": 0.14}
[2026-09-26 01:16:38.857] [M] {"button": 1, "pos": [250, 67], "ui_clicked": false}
[2026-09-26 01:16:38.865] [SFX] {"sound": "civ_move_1", "volume": 0.1}
[2026-09-26 01:16:38.867] [P] {"start": [92, 16], "goal": [82, 4], "length": 30, "is_direction_change": false}
[2026-09-26 01:16:38.867] [SFX] {"sound": "click_target", "volume": 0.62}
[2026-09-26 01:16:38.892] [JACK] Laufen, laufen, laufen... Die Netstopologie nimmt kein Ende.
[2026-09-26 01:16:38.922] [SFX] {"sound": "civ_move_1", "volume": 0.13}
[2026-09-26 01:16:38.944] [SFX] {"sound": "civ_move_1", "volume": 0.12}
[2026-09-26 01:16:39.005] [SFX] {"sound": "civ_move_2", "volume": 0.08}
[2026-09-26 01:16:39.104] [SFX] {"sound": "player_move", "volume": 0.4}
[2026-09-26 01:16:39.188] [SFX] {"sound": "civ_move_1", "volume": 0.08}
[2026-09-26 01:16:39.222] [SFX] {"sound": "civ_move_2", "volume": 0.19}
[2026-09-26 01:16:39.257] [SFX] {"sound": "civ_move_1", "volume": 0.12}
[2026-09-26 01:16:39.327] [SFX] {"sound": "civ_move_1", "volume": 0.14}
[2026-09-26 01:16:39.412] [SFX] {"sound": "player_move", "volume": 0.4}
[2026-09-26 01:16:39.413] [SFX] {"sound": "civ_move_2", "volume": 0.13}
[2026-09-26 01:16:39.593] [SFX] {"sound": "civ_move_1", "volume": 0.08}
[2026-09-26 01:16:39.642] [SFX] {"sound": "civ_move_2", "volume": 0.19}
[2026-09-26 01:16:39.666] [SFX] {"sound": "civ_move_1", "volume": 0.09}
[2026-09-26 01:16:39.727] [SFX] {"sound": "player_move", "volume": 0.4}
[2026-09-26 01:16:39.728] [SFX] {"sound": "civ_move_1", "volume": 0.14}
[2026-09-26 01:16:39.749] [SFX] {"sound": "civ_move_1", "volume": 0.09}
[2026-09-26 01:16:39.812] [SFX] {"sound": "civ_move_2", "volume": 0.13}
[2026-09-26 01:16:40.009] [SFX] {"sound": "civ_move_1", "volume": 0.05}
[2026-09-26 01:16:40.042] [SFX] {"sound": "player_move", "volume": 0.4}
[2026-09-26 01:16:40.043] [SFX] {"sound": "civ_move_2", "volume": 0.18}
[2026-09-26 01:16:40.065] [SFX] {"sound": "civ_move_1", "volume": 0.07}
[2026-09-26 01:16:40.142] [SFX] {"sound": "civ_move_1", "volume": 0.11}
[2026-09-26 01:16:40.164] [SFX] {"sound": "civ_move_1", "volume": 0.08}
[2026-09-26 01:16:40.227] [SFX] {"sound": "civ_move_2", "volume": 0.12}
[2026-09-26 01:16:40.344] [SFX] {"sound": "player_move", "volume": 0.4}
[2026-09-26 01:16:40.409] [SFX] {"sound": "civ_move_1", "volume": 0.08}
[2026-09-26 01:16:40.458] [SFX] {"sound": "civ_move_2", "volume": 0.19}
[2026-09-26 01:16:40.481] [SFX] {"sound": "civ_move_1", "volume": 0.07}
[2026-09-26 01:16:40.544] [SFX] {"sound": "civ_move_1", "volume": 0.15}
[2026-09-26 01:16:40.567] [SFX] {"sound": "civ_move_1", "volume": 0.09}
[2026-09-26 01:16:40.635] [SFX] {"sound": "civ_move_2", "volume": 0.13}
[2026-09-26 01:16:40.658] [SFX] {"sound": "player_move", "volume": 0.4}
[2026-09-26 01:16:40.818] [SFX] {"sound": "civ_move_1", "volume": 0.07}
[2026-09-26 01:16:40.868] [SFX] {"sound": "civ_move_2", "volume": 0.17}
[2026-09-26 01:16:40.891] [SFX] {"sound": "civ_move_1", "volume": 0.05}
[2026-09-26 01:16:40.956] [SFX] {"sound": "player_move", "volume": 0.4}
[2026-09-26 01:16:40.956] [SFX] {"sound": "civ_move_1", "volume": 0.14}
[2026-09-26 01:16:40.978] [SFX] {"sound": "civ_move_1", "volume": 0.05}
[2026-09-26 01:16:41.041] [SFX] {"sound": "civ_move_2", "volume": 0.1}
[2026-09-26 01:16:41.057] [JACK] JACK // PROXY SAFE - SANCTUARY ACTIVE
[2026-09-26 01:16:41.224] [SFX] {"sound": "civ_move_1", "volume": 0.05}
[2026-09-26 01:16:41.258] [SFX] {"sound": "player_move", "volume": 0.4}
[2026-09-26 01:16:41.281] [SFX] {"sound": "civ_move_2", "volume": 0.15}
[2026-09-26 01:16:41.302] [SFX] {"sound": "civ_move_1", "volume": 0.01}
[2026-09-26 01:16:41.367] [SFX] {"sound": "civ_move_1", "volume": 0.13}
[2026-09-26 01:16:41.390] [SFX] {"sound": "civ_move_1", "volume": 0.04}
[2026-09-26 01:16:41.453] [SFX] {"sound": "civ_move_2", "volume": 0.12}
[2026-09-26 01:16:41.567] [SFX] {"sound": "player_move", "volume": 0.4}
[2026-09-26 01:16:41.636] [SFX] {"sound": "civ_move_1", "volume": 0.05}
[2026-09-26 01:16:41.687] [SFX] {"sound": "civ_move_2", "volume": 0.14}
[2026-09-26 01:16:41.709] [SFX] {"sound": "civ_move_1", "volume": 0.0}
[2026-09-26 01:16:41.771] [SFX] {"sound": "civ_move_1", "volume": 0.12}
[2026-09-26 01:16:41.792] [SFX] {"sound": "civ_move_1", "volume": 0.01}
[2026-09-26 01:16:41.857] [SFX] {"sound": "civ_move_2", "volume": 0.09}
[2026-09-26 01:16:41.880] [SFX] {"sound": "player_move", "volume": 0.4}
[2026-09-26 01:16:42.041] [SFX] {"sound": "civ_move_1", "volume": 0.04}
[2026-09-26 01:16:42.092] [SFX] {"sound": "civ_move_2", "volume": 0.12}
[2026-09-26 01:16:42.177] [SFX] {"sound": "player_move", "volume": 0.4}
[2026-09-26 01:16:42.177] [SFX] {"sound": "civ_move_1", "volume": 0.12}
[2026-09-26 01:16:42.261] [SFX] {"sound": "civ_move_2", "volume": 0.1}
[2026-09-26 01:16:42.377] [SFX] {"sound": "civ_move_1", "volume": 0.01}
[2026-09-26 01:16:42.444] [SFX] {"sound": "civ_move_1", "volume": 0.07}
[2026-09-26 01:16:42.478] [SFX] {"sound": "player_move", "volume": 0.4}
[2026-09-26 01:16:42.501] [SFX] {"sound": "civ_move_2", "volume": 0.13}
[2026-09-26 01:16:42.586] [SFX] {"sound": "civ_move_1", "volume": 0.13}
[2026-09-26 01:16:42.669] [SFX] {"sound": "civ_move_2", "volume": 0.1}
[2026-09-26 01:16:42.785] [SFX] {"sound": "player_move", "volume": 0.4}
[2026-09-26 01:16:42.786] [SFX] {"sound": "civ_move_1", "volume": 0.0}
[2026-09-26 01:16:42.851] [SFX] {"sound": "civ_move_1", "volume": 0.06}
[2026-09-26 01:16:42.902] [SFX] {"sound": "civ_move_2", "volume": 0.11}
[2026-09-26 01:16:42.985] [SFX] {"sound": "civ_move_1", "volume": 0.11}
[2026-09-26 01:16:43.068] [SFX] {"sound": "civ_move_2", "volume": 0.08}
[2026-09-26 01:16:43.092] [SFX] {"sound": "player_move", "volume": 0.4}
[2026-09-26 01:16:43.267] [SFX] {"sound": "civ_move_1", "volume": 0.05}
[2026-09-26 01:16:43.302] [SFX] {"sound": "civ_move_2", "volume": 0.08}
[2026-09-26 01:16:43.388] [SFX] {"sound": "player_move", "volume": 0.4}
[2026-09-26 01:16:43.388] [SFX] {"sound": "civ_move_1", "volume": 0.1}
[2026-09-26 01:16:43.472] [SFX] {"sound": "civ_move_2", "volume": 0.09}
[2026-09-26 01:16:43.669] [SFX] {"sound": "civ_move_1", "volume": 0.04}
[2026-09-26 01:16:43.702] [SFX] {"sound": "player_move", "volume": 0.4}
[2026-09-26 01:16:43.703] [SFX] {"sound": "civ_move_2", "volume": 0.06}
[2026-09-26 01:16:43.788] [SFX] {"sound": "civ_move_1", "volume": 0.1}
[2026-09-26 01:16:43.872] [SFX] {"sound": "civ_move_2", "volume": 0.09}
[2026-09-26 01:16:44.073] [SFX] {"sound": "civ_move_1", "volume": 0.04}
[2026-09-26 01:16:44.107] [SFX] {"sound": "civ_move_2", "volume": 0.05}
[2026-09-26 01:16:44.192] [SFX] {"sound": "civ_move_1", "volume": 0.1}
[2026-09-26 01:16:44.275] [SFX] {"sound": "civ_move_2", "volume": 0.09}
[2026-09-26 01:16:44.476] [SFX] {"sound": "civ_move_1", "volume": 0.05}
[2026-09-26 01:16:44.511] [SFX] {"sound": "civ_move_2", "volume": 0.05}
[2026-09-26 01:16:44.595] [SFX] {"sound": "civ_move_1", "volume": 0.1}
[2026-09-26 01:16:44.678] [SFX] {"sound": "civ_move_2", "volume": 0.09}
[2026-09-26 01:16:44.795] [SFX] {"sound": "civ_move_1", "volume": 0.0}
[2026-09-26 01:16:44.878] [SFX] {"sound": "civ_move_1", "volume": 0.06}
[2026-09-26 01:16:44.914] [SFX] {"sound": "civ_move_2", "volume": 0.04}
[2026-09-26 01:16:44.995] [SFX] {"sound": "civ_move_1", "volume": 0.11}
[2026-09-26 01:16:45.091] [SFX] {"sound": "civ_move_2", "volume": 0.08}
[2026-09-26 01:16:45.194] [SFX] {"sound": "civ_move_1", "volume": 0.01}
[2026-09-26 01:16:45.279] [SFX] {"sound": "civ_move_1", "volume": 0.06}
[2026-09-26 01:16:45.327] [SFX] {"sound": "civ_move_2", "volume": 0.03}
[2026-09-26 01:16:45.410] [SFX] {"sound": "civ_move_1", "volume": 0.11}
[2026-09-26 01:16:45.507] [SFX] {"sound": "civ_move_2", "volume": 0.07}
[2026-09-26 01:16:45.607] [SFX] {"sound": "civ_move_1", "volume": 0.02}
[2026-09-26 01:16:45.690] [SFX] {"sound": "civ_move_1", "volume": 0.07}
[2026-09-26 01:16:45.740] [SFX] {"sound": "civ_move_2", "volume": 0.02}
[2026-09-26 01:16:45.824] [SFX] {"sound": "civ_move_1", "volume": 0.11}
[2026-09-26 01:16:45.923] [SFX] {"sound": "civ_move_2", "volume": 0.07}
[2026-09-26 01:16:46.020] [SFX] {"sound": "civ_move_1", "volume": 0.03}
[2026-09-26 01:16:46.105] [SFX] {"sound": "civ_move_1", "volume": 0.07}
[2026-09-26 01:16:46.156] [SFX] {"sound": "civ_move_2", "volume": 0.01}
[2026-09-26 01:16:46.238] [SFX] {"sound": "civ_move_1", "volume": 0.12}
[2026-09-26 01:16:46.337] [SFX] {"sound": "civ_move_2", "volume": 0.06}
[2026-09-26 01:16:46.422] [SFX] {"sound": "civ_move_1", "volume": 0.04}
[2026-09-26 01:16:46.506] [SFX] {"sound": "civ_move_1", "volume": 0.08}
[2026-09-26 01:16:46.556] [SFX] {"sound": "civ_move_2", "volume": 0.01}
[2026-09-26 01:16:46.640] [SFX] {"sound": "civ_move_1", "volume": 0.12}
[2026-09-26 01:16:46.740] [SFX] {"sound": "civ_move_2", "volume": 0.05}
[2026-09-26 01:16:46.826] [SFX] {"sound": "civ_move_1", "volume": 0.04}
[2026-09-26 01:16:46.910] [SFX] {"sound": "civ_move_1", "volume": 0.09}
[2026-09-26 01:16:47.042] [SFX] {"sound": "civ_move_1", "volume": 0.12}
[2026-09-26 01:16:47.143] [SFX] {"sound": "civ_move_2", "volume": 0.05}
[2026-09-26 01:16:47.242] [SFX] {"sound": "civ_move_1", "volume": 0.05}
[2026-09-26 01:16:47.324] [SFX] {"sound": "civ_move_1", "volume": 0.09}
[2026-09-26 01:16:47.457] [SFX] {"sound": "civ_move_1", "volume": 0.13}
[2026-09-26 01:16:47.556] [SFX] {"sound": "civ_move_2", "volume": 0.04}
[2026-09-26 01:16:47.655] [SFX] {"sound": "civ_move_1", "volume": 0.06}
[2026-09-26 01:16:47.738] [SFX] {"sound": "civ_move_1", "volume": 0.09}
[2026-09-26 01:16:47.872] [SFX] {"sound": "civ_move_1", "volume": 0.13}
[2026-09-26 01:16:47.972] [SFX] {"sound": "civ_move_2", "volume": 0.03}
[2026-09-26 01:16:48.056] [SFX] {"sound": "civ_move_1", "volume": 0.06}
[2026-09-26 01:16:48.140] [SFX] {"sound": "civ_move_1", "volume": 0.09}
[2026-09-26 01:16:48.273] [SFX] {"sound": "civ_move_1", "volume": 0.13}
[2026-09-26 01:16:48.373] [SFX] {"sound": "civ_move_2", "volume": 0.03}
[2026-09-26 01:16:48.455] [M] {"button": 1, "pos": [496, 241], "ui_clicked": false}
[2026-09-26 01:16:48.463] [SFX] {"sound": "civ_move_1", "volume": 0.07}
[2026-09-26 01:16:48.543] [SFX] {"sound": "civ_move_1", "volume": 0.08}
[2026-09-26 01:16:48.675] [SFX] {"sound": "civ_move_1", "volume": 0.13}
[2026-09-26 01:16:48.773] [SFX] {"sound": "civ_move_2", "volume": 0.02}
[2026-09-26 01:16:48.857] [SFX] {"sound": "civ_move_1", "volume": 0.08}
[2026-09-26 01:16:48.943] [M] {"button": 1, "pos": [497, 236], "ui_clicked": false}
[2026-09-26 01:16:48.951] [SFX] {"sound": "civ_move_1", "volume": 0.07}
[2026-09-26 01:16:48.952] [P] {"start": [82, 4], "goal": [108, 10], "length": 31, "is_direction_change": false}
[2026-09-26 01:16:48.953] [SFX] {"sound": "click_target", "volume": 0.26}
[2026-09-26 01:16:49.081] [SFX] {"sound": "civ_move_1", "volume": 0.14}
[2026-09-26 01:16:49.102] [SFX] {"sound": "player_move", "volume": 0.4}
[2026-09-26 01:16:49.181] [SFX] {"sound": "civ_move_2", "volume": 0.01}
[2026-09-26 01:16:49.264] [SFX] {"sound": "civ_move_1", "volume": 0.08}
[2026-09-26 01:16:49.347] [SFX] {"sound": "civ_move_1", "volume": 0.06}
[2026-09-26 01:16:49.398] [SFX] {"sound": "player_move", "volume": 0.4}
[2026-09-26 01:16:49.481] [SFX] {"sound": "civ_move_1", "volume": 0.14}
[2026-09-26 01:16:49.596] [SFX] {"sound": "civ_move_2", "volume": 0.02}
[2026-09-26 01:16:49.664] [SFX] {"sound": "civ_move_1", "volume": 0.09}
[2026-09-26 01:16:49.713] [SFX] {"sound": "player_move", "volume": 0.4}
[2026-09-26 01:16:49.762] [SFX] {"sound": "civ_move_1", "volume": 0.05}
[2026-09-26 01:16:49.881] [SFX] {"sound": "civ_move_1", "volume": 0.16}
[2026-09-26 01:16:49.998] [SFX] {"sound": "civ_move_2", "volume": 0.03}
[2026-09-26 01:16:50.022] [SFX] {"sound": "player_move", "volume": 0.4}
[2026-09-26 01:16:50.070] [SFX] {"sound": "civ_move_1", "volume": 0.12}
[2026-09-26 01:16:50.173] [SFX] {"sound": "civ_move_1", "volume": 0.07}
[2026-09-26 01:16:50.291] [SFX] {"sound": "civ_move_1", "volume": 0.19}
[2026-09-26 01:16:50.325] [SFX] {"sound": "player_move", "volume": 0.4}
[2026-09-26 01:16:50.409] [SFX] {"sound": "civ_move_2", "volume": 0.04}
[2026-09-26 01:16:50.477] [SFX] {"sound": "civ_move_1", "volume": 0.14}
[2026-09-26 01:16:50.575] [SFX] {"sound": "civ_move_1", "volume": 0.07}
[2026-09-26 01:16:50.627] [SFX] {"sound": "player_move", "volume": 0.4}
[2026-09-26 01:16:50.692] [SFX] {"sound": "civ_move_1", "volume": 0.19}
[2026-09-26 01:16:50.823] [SFX] {"sound": "civ_move_2", "volume": 0.01}
[2026-09-26 01:16:50.891] [SFX] {"sound": "civ_move_1", "volume": 0.12}
[2026-09-26 01:16:50.942] [SFX] {"sound": "player_move", "volume": 0.4}
[2026-09-26 01:16:50.978] [SFX] {"sound": "civ_move_1", "volume": 0.07}
[2026-09-26 01:16:51.093] [SFX] {"sound": "civ_move_1", "volume": 0.26}
[2026-09-26 01:16:51.225] [SFX] {"sound": "civ_move_2", "volume": 0.04}
[2026-09-26 01:16:51.249] [SFX] {"sound": "player_move", "volume": 0.4}
[2026-09-26 01:16:51.295] [SFX] {"sound": "civ_move_1", "volume": 0.15}
[2026-09-26 01:16:51.360] [C] {"civ_pos": [88, 14]}
[2026-09-26 01:16:51.401] [JACK] Diese Nodes wandern völlig ahnungslos durch das Grid.
[2026-09-26 01:16:51.419] [SFX] {"sound": "civ_move_1", "volume": 0.07}
[2026-09-26 01:16:51.497] [SFX] {"sound": "civ_move_1", "volume": 0.23}
[2026-09-26 01:16:51.547] [SFX] {"sound": "player_move", "volume": 0.4}
[2026-09-26 01:16:51.629] [SFX] {"sound": "civ_move_2", "volume": 0.03}
[2026-09-26 01:16:51.677] [JACK] JACK // PROXY SAFE - SANCTUARY ACTIVE
[2026-09-26 01:16:51.695] [SFX] {"sound": "civ_move_1", "volume": 0.13}
[2026-09-26 01:16:51.827] [SFX] {"sound": "civ_move_1", "volume": 0.07}
[2026-09-26 01:16:51.861] [SFX] {"sound": "player_move", "volume": 0.4}
[2026-09-26 01:16:51.911] [SFX] {"sound": "civ_move_1", "volume": 0.27}
[2026-09-26 01:16:52.028] [SFX] {"sound": "civ_move_2", "volume": 0.06}
[2026-09-26 01:16:52.178] [SFX] {"sound": "player_move", "volume": 0.4}
[2026-09-26 01:16:52.227] [SFX] {"sound": "civ_move_1", "volume": 0.1}
[2026-09-26 01:16:52.311] [SFX] {"sound": "civ_move_1", "volume": 0.23}
[2026-09-26 01:16:52.440] [SFX] {"sound": "civ_move_2", "volume": 0.05}
[2026-09-26 01:16:52.493] [SFX] {"sound": "player_move", "volume": 0.4}
[2026-09-26 01:16:52.641] [SFX] {"sound": "civ_move_1", "volume": 0.1}
[2026-09-26 01:16:52.726] [SFX] {"sound": "civ_move_1", "volume": 0.21}
[2026-09-26 01:16:52.794] [SFX] {"sound": "player_move", "volume": 0.4}
[2026-09-26 01:16:52.843] [SFX] {"sound": "civ_move_2", "volume": 0.04}
[2026-09-26 01:16:53.041] [SFX] {"sound": "civ_move_1", "volume": 0.11}
[2026-09-26 01:16:53.109] [SFX] {"sound": "player_move", "volume": 0.4}
[2026-09-26 01:16:53.132] [SFX] {"sound": "civ_move_1", "volume": 0.21}
[2026-09-26 01:16:53.246] [SFX] {"sound": "civ_move_2", "volume": 0.07}
[2026-09-26 01:16:53.412] [SFX] {"sound": "player_move", "volume": 0.4}
[2026-09-26 01:16:53.450] [SFX] {"sound": "civ_move_1", "volume": 0.1}
[2026-09-26 01:16:53.532] [SFX] {"sound": "civ_move_1", "volume": 0.23}
[2026-09-26 01:16:53.650] [SFX] {"sound": "civ_move_2", "volume": 0.04}
[2026-09-26 01:16:53.716] [SFX] {"sound": "player_move", "volume": 0.4}
[2026-09-26 01:16:53.866] [SFX] {"sound": "civ_move_1", "volume": 0.04}
[2026-09-26 01:16:53.948] [SFX] {"sound": "civ_move_1", "volume": 0.19}
[2026-09-26 01:16:54.030] [SFX] {"sound": "player_move", "volume": 0.4}
[2026-09-26 01:16:54.953] [SFX] {"sound": "civ_move_1", "volume": 0.03}
[2026-09-26 01:16:54.976] [SFX] {"sound": "player_move", "volume": 0.4}
[2026-09-26 01:16:55.353] [SFX] {"sound": "civ_move_1", "volume": 0.05}
[2026-09-26 01:16:55.753] [SFX] {"sound": "civ_move_1", "volume": 0.07}
[2026-09-26 01:16:56.033] [SFX] {"sound": "civ_move_1", "volume": 0.0}
[2026-09-26 01:16:56.166] [SFX] {"sound": "civ_move_1", "volume": 0.08}
[2026-09-26 01:16:56.445] [SFX] {"sound": "civ_move_1", "volume": 0.01}
[2026-09-26 01:16:56.581] [SFX] {"sound": "civ_move_1", "volume": 0.09}
[2026-09-26 01:16:56.764] [M] {"button": 1, "pos": [581, 190], "ui_clicked": false}
[2026-09-26 01:16:56.849] [SFX] {"sound": "civ_move_1", "volume": 0.02}
[2026-09-26 01:16:56.996] [SFX] {"sound": "civ_move_1", "volume": 0.1}
[2026-09-26 01:16:57.260] [M] {"button": 1, "pos": [602, 185], "ui_clicked": false}
[2026-09-26 01:16:57.269] [SFX] {"sound": "civ_move_1", "volume": 0.03}
[2026-09-26 01:16:57.270] [P] {"start": [108, 10], "goal": [142, 10], "length": 1, "is_direction_change": false}
[2026-09-26 01:16:57.271] [SFX] {"sound": "click_target", "volume": 0.12}
[2026-09-26 01:16:57.405] [SFX] {"sound": "civ_move_1", "volume": 0.14}
[2026-09-26 01:16:57.535] [SFX] {"sound": "player_move", "volume": 0.4}
[2026-09-26 01:16:57.667] [SFX] {"sound": "civ_move_1", "volume": 0.04}
[2026-09-26 01:16:57.818] [SFX] {"sound": "civ_move_1", "volume": 0.21}
[2026-09-26 01:16:57.842] [SFX] {"sound": "player_move", "volume": 0.4}
[2026-09-26 01:16:58.070] [SFX] {"sound": "civ_move_1", "volume": 0.03}
[2026-09-26 01:16:58.136] [SFX] {"sound": "player_move", "volume": 0.4}
[2026-09-26 01:16:58.221] [SFX] {"sound": "civ_move_1", "volume": 0.28}
[2026-09-26 01:16:58.243] [C] {"civ_pos": [129, 10]}
[2026-09-26 01:16:58.407] [SFX] {"sound": "civ_move_2", "volume": 0.03}
[2026-09-26 01:16:58.440] [SFX] {"sound": "player_move", "volume": 0.4}
[2026-09-26 01:16:58.473] [SFX] {"sound": "civ_move_1", "volume": 0.01}
[2026-09-26 01:16:58.621] [SFX] {"sound": "civ_move_1", "volume": 0.24}
[2026-09-26 01:16:58.749] [SFX] {"sound": "player_move", "volume": 0.4}
[2026-09-26 01:16:58.816] [SFX] {"sound": "civ_move_2", "volume": 0.07}
[2026-09-26 01:16:59.028] [SFX] {"sound": "civ_move_1", "volume": 0.18}
[2026-09-26 01:16:59.227] [SFX] {"sound": "civ_move_2", "volume": 0.07}
[2026-09-26 01:16:59.443] [SFX] {"sound": "civ_move_1", "volume": 0.17}
[2026-09-26 01:16:59.492] [M] {"button": 1, "pos": [598, 184], "ui_clicked": false}
[2026-09-26 01:16:59.500] [P] {"start": [142, 10], "goal": [175, 10], "length": 1, "is_direction_change": false}
[2026-09-26 01:16:59.501] [SFX] {"sound": "click_target", "volume": 0.13}
[2026-09-26 01:16:59.605] [SFX] {"sound": "player_move", "volume": 0.4}
[2026-09-26 01:16:59.640] [SFX] {"sound": "civ_move_2", "volume": 0.08}
[2026-09-26 01:16:59.854] [SFX] {"sound": "civ_move_1", "volume": 0.1}
[2026-09-26 01:16:59.920] [SFX] {"sound": "player_move", "volume": 0.4}
[2026-09-26 01:17:00.051] [SFX] {"sound": "civ_move_2", "volume": 0.11}
[2026-09-26 01:17:00.232] [SFX] {"sound": "player_move", "volume": 0.4}
[2026-09-26 01:17:00.267] [SFX] {"sound": "civ_move_1", "volume": 0.03}
[2026-09-26 01:17:00.465] [SFX] {"sound": "civ_move_2", "volume": 0.13}
[2026-09-26 01:17:00.533] [SFX] {"sound": "player_move", "volume": 0.4}
[2026-09-26 01:17:00.616] [M] {"button": 1, "pos": [598, 184], "ui_clicked": false}
[2026-09-26 01:17:00.625] [P] {"start": [164, 10], "goal": [198, 10], "length": 1, "is_direction_change": false}
[2026-09-26 01:17:00.626] [SFX] {"sound": "click_target", "volume": 0.13}
[2026-09-26 01:17:00.668] [JACK] Vorsichtig vorantasten...
[2026-09-26 01:17:00.847] [SFX] {"sound": "player_move", "volume": 0.4}
[2026-09-26 01:17:00.884] [SFX] {"sound": "civ_move_2", "volume": 0.14}
[2026-09-26 01:17:01.162] [SFX] {"sound": "player_move", "volume": 0.4}
[2026-09-26 01:17:01.295] [SFX] {"sound": "civ_move_2", "volume": 0.14}
[2026-09-26 01:17:01.477] [SFX] {"sound": "player_move", "volume": 0.4}
[2026-09-26 01:17:01.609] [M] {"button": 1, "pos": [598, 184], "ui_clicked": false}
[2026-09-26 01:17:01.616] [P] {"start": [184, 10], "goal": [217, 10], "length": 1, "is_direction_change": false}
[2026-09-26 01:17:01.617] [SFX] {"sound": "click_target", "volume": 0.13}
[2026-09-26 01:17:01.701] [SFX] {"sound": "civ_move_2", "volume": 0.12}
[2026-09-26 01:17:01.787] [SFX] {"sound": "player_move", "volume": 0.4}
[2026-09-26 01:17:02.103] [SFX] {"sound": "civ_move_2", "volume": 0.1}
[2026-09-26 01:17:02.402] [SFX] {"sound": "player_move", "volume": 0.4}
[2026-09-26 01:17:02.517] [SFX] {"sound": "civ_move_2", "volume": 0.06}
[2026-09-26 01:17:02.550] [M] {"button": 1, "pos": [598, 184], "ui_clicked": false}
[2026-09-26 01:17:02.560] [P] {"start": [202, 10], "goal": [236, 10], "length": 5, "is_direction_change": false}
[2026-09-26 01:17:02.561] [SFX] {"sound": "click_target", "volume": 0.13}
[2026-09-26 01:17:02.711] [SFX] {"sound": "player_move", "volume": 0.4}
[2026-09-26 01:17:02.926] [SFX] {"sound": "civ_move_2", "volume": 0.03}
[2026-09-26 01:17:03.010] [SFX] {"sound": "player_move", "volume": 0.4}
[2026-09-26 01:17:04.133] [M] {"button": 1, "pos": [350, 307], "ui_clicked": false}
[2026-09-26 01:17:04.252] [SFX] {"sound": "player_move", "volume": 0.4}
[2026-09-26 01:17:04.581] [M] {"button": 1, "pos": [350, 307], "ui_clicked": false}
[2026-09-26 01:17:04.590] [P] {"start": [236, 10], "goal": [237, 26], "length": 8, "is_direction_change": false}
[2026-09-26 01:17:04.591] [SFX] {"sound": "click_target", "volume": 0.47}
[2026-09-26 01:17:04.702] [SFX] {"sound": "player_move", "volume": 0.4}
[2026-09-26 01:17:05.797] [SFX] {"sound": "civ_move_2", "volume": 0.03}
[2026-09-26 01:17:05.932] [SFX] {"sound": "player_move", "volume": 0.4}
[2026-09-26 01:17:06.199] [SFX] {"sound": "civ_move_2", "volume": 0.04}
[2026-09-26 01:17:06.235] [SFX] {"sound": "player_move", "volume": 0.4}
[2026-09-26 01:17:06.236] [SFX] {"sound": "civ_move_2", "volume": 0.02}
[2026-09-26 01:17:06.515] [M] {"button": 1, "pos": [309, 331], "ui_clicked": false}
[2026-09-26 01:17:06.533] [SFX] {"sound": "player_move", "volume": 0.4}
[2026-09-26 01:17:06.638] [SFX] {"sound": "civ_move_2", "volume": 0.0}
[2026-09-26 01:17:07.474] [M] {"button": 1, "pos": [358, 340], "ui_clicked": false}
[2026-09-26 01:17:07.836] [SFX] {"sound": "civ_move_2", "volume": 0.02}
[2026-09-26 01:17:08.250] [SFX] {"sound": "civ_move_2", "volume": 0.03}
[2026-09-26 01:17:08.653] [SFX] {"sound": "civ_move_2", "volume": 0.04}
[2026-09-26 01:17:09.066] [SFX] {"sound": "civ_move_2", "volume": 0.05}
[2026-09-26 01:17:09.470] [SFX] {"sound": "civ_move_2", "volume": 0.06}
[2026-09-26 01:17:09.884] [SFX] {"sound": "civ_move_2", "volume": 0.08}
[2026-09-26 01:17:10.296] [SFX] {"sound": "civ_move_2", "volume": 0.09}
[2026-09-26 01:17:10.496] [M] {"button": 1, "pos": [386, 297], "ui_clicked": false}
[2026-09-26 01:17:10.698] [SFX] {"sound": "civ_move_2", "volume": 0.1}
[2026-09-26 01:17:11.111] [SFX] {"sound": "civ_move_2", "volume": 0.11}
[2026-09-26 01:17:11.192] [M] {"button": 1, "pos": [373, 298], "ui_clicked": false}
[2026-09-26 01:17:11.201] [P] {"start": [237, 26], "goal": [240, 84], "length": 2, "is_direction_change": false}
[2026-09-26 01:17:11.240] [JACK] Kurzer Blick um die Ecke...
[2026-09-26 01:17:11.339] [SFX] {"sound": "player_move", "volume": 0.4}
[2026-09-26 01:17:11.524] [SFX] {"sound": "civ_move_2", "volume": 0.1}
[2026-09-26 01:17:11.640] [SFX] {"sound": "player_move", "volume": 0.4}
[2026-09-26 01:17:11.938] [SFX] {"sound": "civ_move_2", "volume": 0.1}
[2026-09-26 01:17:11.961] [SFX] {"sound": "player_move", "volume": 0.4}
[2026-09-26 01:17:12.350] [SFX] {"sound": "civ_move_2", "volume": 0.07}
[2026-09-26 01:17:12.403] [SFX] {"sound": "civ_move_2", "volume": 0.01}
[2026-09-26 01:17:12.584] [SFX] {"sound": "player_move", "volume": 0.4}
[2026-09-26 01:17:12.765] [SFX] {"sound": "civ_move_2", "volume": 0.04}
[2026-09-26 01:17:12.815] [SFX] {"sound": "civ_move_2", "volume": 0.03}
[2026-09-26 01:17:12.898] [SFX] {"sound": "player_move", "volume": 0.4}
[2026-09-26 01:17:13.228] [SFX] {"sound": "civ_move_2", "volume": 0.04}
[2026-09-26 01:17:13.228] [SFX] {"sound": "civ_move_1", "volume": 0.01}
[2026-09-26 01:17:13.511] [M] {"button": 1, "pos": [319, 317], "ui_clicked": false}
[2026-09-26 01:17:13.519] [SFX] {"sound": "player_move", "volume": 0.4}
[2026-09-26 01:17:13.630] [SFX] {"sound": "civ_move_2", "volume": 0.05}
[2026-09-26 01:17:13.631] [SFX] {"sound": "civ_move_1", "volume": 0.05}
[2026-09-26 01:17:13.812] [SFX] {"sound": "player_move", "volume": 0.4}
[2026-09-26 01:17:14.044] [SFX] {"sound": "civ_move_2", "volume": 0.04}
[2026-09-26 01:17:14.045] [SFX] {"sound": "civ_move_1", "volume": 0.09}
[2026-09-26 01:17:14.125] [SFX] {"sound": "player_move", "volume": 0.4}
[2026-09-26 01:17:14.444] [SFX] {"sound": "civ_move_2", "volume": 0.02}
[2026-09-26 01:17:14.445] [SFX] {"sound": "civ_move_1", "volume": 0.11}
[2026-09-26 01:17:14.860] [SFX] {"sound": "civ_move_2", "volume": 0.01}
[2026-09-26 01:17:14.861] [SFX] {"sound": "civ_move_1", "volume": 0.1}
[2026-09-26 01:17:14.960] [M] {"button": 1, "pos": [320, 299], "ui_clicked": false}
[2026-09-26 01:17:15.274] [SFX] {"sound": "civ_move_1", "volume": 0.09}
[2026-09-26 01:17:15.403] [M] {"button": 1, "pos": [326, 304], "ui_clicked": false}
[2026-09-26 01:17:15.412] [P] {"start": [240, 84], "goal": [240, 96], "length": 1, "is_direction_change": false}
[2026-09-26 01:17:15.413] [SFX] {"sound": "click_target", "volume": 0.55}
[2026-09-26 01:17:15.595] [SFX] {"sound": "player_move", "volume": 0.4}
[2026-09-26 01:17:15.680] [SFX] {"sound": "civ_move_1", "volume": 0.11}
[2026-09-26 01:17:15.779] [JACK] JACK // PROXY SAFE - SANCTUARY ACTIVE
[2026-09-26 01:17:15.878] [M] {"button": 1, "pos": [327, 314], "ui_clicked": false}
[2026-09-26 01:17:15.889] [P] {"start": [240, 93], "goal": [240, 107], "length": 1, "is_direction_change": false}
[2026-09-26 01:17:15.890] [SFX] {"sound": "click_target", "volume": 0.51}
[2026-09-26 01:17:15.930] [SFX] {"sound": "player_move", "volume": 0.4}
[2026-09-26 01:17:16.089] [SFX] {"sound": "civ_move_1", "volume": 0.15}
[2026-09-26 01:17:16.174] [SFX] {"sound": "civ_move_1", "volume": 0.06}
[2026-09-26 01:17:16.207] [SFX] {"sound": "player_move", "volume": 0.4}
[2026-09-26 01:17:16.457] [M] {"button": 1, "pos": [327, 314], "ui_clicked": false}
[2026-09-26 01:17:16.464] [P] {"start": [240, 104], "goal": [240, 119], "length": 1, "is_direction_change": false}
[2026-09-26 01:17:16.465] [SFX] {"sound": "click_target", "volume": 0.51}
[2026-09-26 01:17:16.514] [SFX] {"sound": "player_move", "volume": 0.4}
[2026-09-26 01:17:16.515] [SFX] {"sound": "civ_move_1", "volume": 0.19}
[2026-09-26 01:17:16.581] [SFX] {"sound": "civ_move_1", "volume": 0.11}
[2026-09-26 01:17:16.797] [SFX] {"sound": "civ_move_2", "volume": 0.13}
[2026-09-26 01:17:16.820] [SFX] {"sound": "player_move", "volume": 0.4}
[2026-09-26 01:17:16.882] [C] {"civ_pos": [240, 115]}
[2026-09-26 01:17:16.944] [SFX] {"sound": "civ_move_1", "volume": 0.23}
[2026-09-26 01:17:16.979] [M] {"button": 1, "pos": [327, 314], "ui_clicked": false}
[2026-09-26 01:17:16.987] [P] {"start": [240, 115], "goal": [240, 129], "length": 1, "is_direction_change": false}
[2026-09-26 01:17:16.987] [SFX] {"sound": "click_target", "volume": 0.51}
[2026-09-26 01:17:17.013] [SFX] {"sound": "civ_move_1", "volume": 0.16}
[2026-09-26 01:17:17.115] [SFX] {"sound": "player_move", "volume": 0.4}
[2026-09-26 01:17:17.200] [SFX] {"sound": "civ_move_2", "volume": 0.17}
[2026-09-26 01:17:17.349] [SFX] {"sound": "civ_move_1", "volume": 0.26}
[2026-09-26 01:17:17.418] [SFX] {"sound": "player_move", "volume": 0.4}
[2026-09-26 01:17:17.419] [SFX] {"sound": "civ_move_1", "volume": 0.19}
[2026-09-26 01:17:17.630] [SFX] {"sound": "civ_move_2", "volume": 0.24}
[2026-09-26 01:17:17.763] [SFX] {"sound": "civ_move_1", "volume": 0.23}
[2026-09-26 01:17:17.832] [SFX] {"sound": "civ_move_1", "volume": 0.19}
[2026-09-26 01:17:18.034] [SFX] {"sound": "civ_move_2", "volume": 0.24}
[2026-09-26 01:17:18.169] [SFX] {"sound": "civ_move_1", "volume": 0.24}
[2026-09-26 01:17:18.236] [SFX] {"sound": "civ_move_1", "volume": 0.2}
[2026-09-26 01:17:18.438] [SFX] {"sound": "civ_move_2", "volume": 0.19}
[2026-09-26 01:17:18.570] [SFX] {"sound": "civ_move_1", "volume": 0.25}
[2026-09-26 01:17:18.587] [M] {"button": 1, "pos": [219, 218], "ui_clicked": false}
[2026-09-26 01:17:18.596] [P] {"start": [240, 129], "goal": [226, 130], "length": 2, "is_direction_change": false}
[2026-09-26 01:17:18.596] [SFX] {"sound": "click_target", "volume": 0.53}
[2026-09-26 01:17:18.649] [SFX] {"sound": "civ_move_1", "volume": 0.26}
[2026-09-26 01:17:18.671] [SFX] {"sound": "player_move", "volume": 0.4}
[2026-09-26 01:17:18.848] [SFX] {"sound": "civ_move_2", "volume": 0.29}
[2026-09-26 01:17:18.981] [SFX] {"sound": "player_move", "volume": 0.4}
[2026-09-26 01:17:18.981] [SFX] {"sound": "civ_move_1", "volume": 0.23}
[2026-09-26 01:17:19.063] [SFX] {"sound": "civ_move_1", "volume": 0.26}
[2026-09-26 01:17:19.261] [SFX] {"sound": "civ_move_2", "volume": 0.24}
[2026-09-26 01:17:19.296] [SFX] {"sound": "player_move", "volume": 0.4}
[2026-09-26 01:17:19.396] [SFX] {"sound": "civ_move_1", "volume": 0.19}
[2026-09-26 01:17:19.478] [SFX] {"sound": "civ_move_1", "volume": 0.21}
[2026-09-26 01:17:19.663] [SFX] {"sound": "civ_move_2", "volume": 0.21}
[2026-09-26 01:17:19.798] [SFX] {"sound": "civ_move_1", "volume": 0.19}
[2026-09-26 01:17:19.883] [SFX] {"sound": "civ_move_1", "volume": 0.2}
[2026-09-26 01:17:20.062] [M] {"button": 1, "pos": [162, 186], "ui_clicked": false}
[2026-09-26 01:17:20.070] [P] {"start": [226, 130], "goal": [208, 130], "length": 1, "is_direction_change": false}
[2026-09-26 01:17:20.071] [SFX] {"sound": "click_target", "volume": 0.45}
[2026-09-26 01:17:20.116] [SFX] {"sound": "civ_move_2", "volume": 0.2}
[2026-09-26 01:17:20.213] [SFX] {"sound": "civ_move_1", "volume": 0.17}
[2026-09-26 01:17:20.297] [SFX] {"sound": "civ_move_1", "volume": 0.16}
[2026-09-26 01:17:20.319] [SFX] {"sound": "player_move", "volume": 0.4}
[2026-09-26 01:17:20.497] [SFX] {"sound": "civ_move_2", "volume": 0.13}
[2026-09-26 01:17:20.615] [SFX] {"sound": "player_move", "volume": 0.4}
[2026-09-26 01:17:20.616] [SFX] {"sound": "civ_move_1", "volume": 0.12}
[2026-09-26 01:17:20.697] [M] {"button": 1, "pos": [161, 186], "ui_clicked": false}
[2026-09-26 01:17:20.706] [SFX] {"sound": "civ_move_1", "volume": 0.1}
[2026-09-26 01:17:20.707] [P] {"start": [213, 130], "goal": [195, 130], "length": 1, "is_direction_change": false}
[2026-09-26 01:17:20.707] [SFX] {"sound": "click_target", "volume": 0.44}
[2026-09-26 01:17:20.905] [SFX] {"sound": "civ_move_2", "volume": 0.07}
[2026-09-26 01:17:20.926] [SFX] {"sound": "player_move", "volume": 0.4}
[2026-09-26 01:17:21.021] [SFX] {"sound": "civ_move_1", "volume": 0.07}
[2026-09-26 01:17:21.104] [SFX] {"sound": "civ_move_1", "volume": 0.04}
[2026-09-26 01:17:21.226] [SFX] {"sound": "player_move", "volume": 0.4}
[2026-09-26 01:17:21.242] [M] {"button": 1, "pos": [161, 186], "ui_clicked": false}
[2026-09-26 01:17:21.311] [SFX] {"sound": "civ_move_2", "volume": 0.01}
[2026-09-26 01:17:21.429] [SFX] {"sound": "civ_move_1", "volume": 0.02}
[2026-09-26 01:17:21.532] [SFX] {"sound": "player_move", "volume": 0.4}
[2026-09-26 01:17:21.832] [SFX] {"sound": "civ_move_1", "volume": 0.0}
[2026-09-26 01:17:22.236] [SFX] {"sound": "civ_move_1", "volume": 0.02}
[2026-09-26 01:17:23.136] [M] {"button": 1, "pos": [234, 146], "ui_clicked": false}
[2026-09-26 01:17:23.778] [M] {"button": 1, "pos": [229, 130], "ui_clicked": false}
[2026-09-26 01:17:23.789] [P] {"start": [195, 130], "goal": [186, 123], "length": 2, "is_direction_change": false}
[2026-09-26 01:17:23.789] [SFX] {"sound": "click_target", "volume": 0.73}
[2026-09-26 01:17:23.827] [JACK] Kurzer Blick um die Ecke...
[2026-09-26 01:17:23.892] [SFX] {"sound": "civ_move_2", "volume": 0.02}
[2026-09-26 01:17:24.025] [SFX] {"sound": "player_move", "volume": 0.4}
[2026-09-26 01:17:25.534] [M] {"button": 1, "pos": [304, 174], "ui_clicked": false}
[2026-09-26 01:17:25.543] [SFX] {"sound": "click_target", "volume": 0.74}
[2026-09-26 01:17:27.256] [M] {"button": 1, "pos": [343, 200], "ui_clicked": true}
[2026-09-26 01:17:27.534] [SFX] {"sound": "infiltrate 1", "volume": 0.5}
[2026-09-26 01:17:28.120] [SFX] {"sound": "threat_pulse", "volume": 0.33}
[2026-09-26 01:17:28.337] [SFX] {"sound": "infiltrate 2", "volume": 0.5}
[2026-09-26 01:17:28.632] [SFX] {"sound": "hack_success", "volume": 1.0}
[2026-09-26 01:17:29.031] [SFX] {"sound": "threat_pulse", "volume": 0.42}
[2026-09-26 01:17:29.830] [JACK] Achtung! Guardians patrouillieren den Sektor. Wir müssen extrem vorsichtig sein!
[2026-09-26 01:17:29.850] [SFX] {"sound": "threat_pulse", "volume": 0.5}
[2026-09-26 01:17:30.359] [SFX] {"sound": "threat_pulse", "volume": 0.55}
[2026-09-26 01:17:30.758] [SFX] {"sound": "threat_pulse", "volume": 0.59}
[2026-09-26 01:17:30.826] [M] {"button": 1, "pos": [322, 70], "ui_clicked": false}
[2026-09-26 01:17:30.836] [SFX] {"sound": "action_cancel", "volume": 1.0}
[2026-09-26 01:17:30.836] [P] {"start": [186, 124], "goal": [186, 110], "length": 1, "is_direction_change": false}
[2026-09-26 01:17:30.837] [SFX] {"sound": "click_target", "volume": 0.67}
[2026-09-26 01:17:30.862] [JACK] Verdammt, die Sentinels kreisen um uns... Ich habe echte Angst, ertappt zu werden!
[2026-09-26 01:17:30.862] [SFX] {"sound": "player_move", "volume": 0.4}
[2026-09-26 01:17:31.072] [SFX] {"sound": "threat_pulse", "volume": 0.59}
[2026-09-26 01:17:31.157] [SFX] {"sound": "player_move", "volume": 0.4}
[2026-09-26 01:17:31.386] [SFX] {"sound": "threat_pulse", "volume": 0.57}
[2026-09-26 01:17:31.456] [SFX] {"sound": "player_move", "volume": 0.4}
[2026-09-26 01:17:31.788] [SFX] {"sound": "threat_pulse", "volume": 0.55}
[2026-09-26 01:17:32.195] [SFX] {"sound": "threat_pulse", "volume": 0.53}
[2026-09-26 01:17:32.362] [SFX] {"sound": "civ_move_2", "volume": 0.0}
[2026-09-26 01:17:32.610] [M] {"button": 4, "pos": [350, 154], "ui_clicked": false}
[2026-09-26 01:17:32.695] [SFX] {"sound": "threat_pulse", "volume": 0.51}
[2026-09-26 01:17:32.730] [M] {"button": 4, "pos": [350, 154], "ui_clicked": false}
[2026-09-26 01:17:32.765] [SFX] {"sound": "civ_move_2", "volume": 0.01}
[2026-09-26 01:17:33.198] [SFX] {"sound": "threat_pulse", "volume": 0.48}
[2026-09-26 01:17:33.566] [SFX] {"sound": "civ_move_2", "volume": 0.02}
[2026-09-26 01:17:33.799] [SFX] {"sound": "threat_pulse", "volume": 0.45}
[2026-09-26 01:17:33.967] [SFX] {"sound": "civ_move_2", "volume": 0.02}
[2026-09-26 01:17:34.134] [M] {"button": 1, "pos": [320, 65], "ui_clicked": false}
[2026-09-26 01:17:34.143] [P] {"start": [186, 110], "goal": [186, 106], "length": 1, "is_direction_change": false}
[2026-09-26 01:17:34.144] [SFX] {"sound": "click_target", "volume": 0.91}
[2026-09-26 01:17:34.181] [JACK] Überall Wacheinheiten... Ihr bedrohliches Summen brennt sich ins Deck.
[2026-09-26 01:17:34.512] [SFX] {"sound": "threat_pulse", "volume": 0.41}
[2026-09-26 01:17:35.322] [SFX] {"sound": "threat_pulse", "volume": 0.37}
[2026-09-26 01:17:36.232] [SFX] {"sound": "threat_pulse", "volume": 0.33}
[2026-09-26 01:17:36.543] [M] {"button": 1, "pos": [327, 75], "ui_clicked": false}
[2026-09-26 01:17:36.550] [P] {"start": [186, 106], "goal": [186, 102], "length": 1, "is_direction_change": false}
[2026-09-26 01:17:36.551] [SFX] {"sound": "click_target", "volume": 0.92}
[2026-09-26 01:17:36.602] [SFX] {"sound": "player_move", "volume": 0.4}
[2026-09-26 01:17:37.490] [M] {"button": 1, "pos": [303, 137], "ui_clicked": false}
[2026-09-26 01:17:37.499] [SFX] {"sound": "click_target", "volume": 0.77}
[2026-09-26 01:17:37.828] [SFX] {"sound": "threat_pulse", "volume": 0.3}
[2026-09-26 01:17:38.437] [M] {"button": 1, "pos": [334, 151], "ui_clicked": true}
[2026-09-26 01:17:38.568] [SFX] {"sound": "infiltrate 1", "volume": 0.5}
[2026-09-26 01:17:38.732] [SFX] {"sound": "threat_pulse", "volume": 0.31}
[2026-09-26 01:17:38.979] [SFX] {"sound": "infiltrate 1", "volume": 0.5}
[2026-09-26 01:17:39.380] [SFX] {"sound": "infiltrate 2", "volume": 0.5}
[2026-09-26 01:17:39.646] [SFX] {"sound": "threat_pulse", "volume": 0.33}
[2026-09-26 01:17:39.782] [SFX] {"sound": "infiltrate 2", "volume": 0.5}
[2026-09-26 01:17:39.814] [SFX] {"sound": "hack_success", "volume": 1.0}
[2026-09-26 01:17:40.551] [SFX] {"sound": "threat_pulse", "volume": 0.34}
[2026-09-26 01:17:41.461] [SFX] {"sound": "threat_pulse", "volume": 0.35}
[2026-09-26 01:17:42.374] [SFX] {"sound": "threat_pulse", "volume": 0.36}
[2026-09-26 01:17:42.528] [JACK] Diese Bedrohung ist greifbar... Die Wachen dürfen unser Signal nicht isolieren.
[2026-09-26 01:17:43.283] [SFX] {"sound": "threat_pulse", "volume": 0.37}
[2026-09-26 01:17:43.962] [M] {"button": 1, "pos": [328, 72], "ui_clicked": false}
[2026-09-26 01:17:43.970] [SFX] {"sound": "action_cancel", "volume": 1.0}
[2026-09-26 01:17:43.971] [P] {"start": [186, 102], "goal": [186, 98], "length": 1, "is_direction_change": false}
[2026-09-26 01:17:43.972] [SFX] {"sound": "click_target", "volume": 0.92}
[2026-09-26 01:17:44.136] [SFX] {"sound": "player_move", "volume": 0.4}
[2026-09-26 01:17:44.187] [SFX] {"sound": "threat_pulse", "volume": 0.37}
[2026-09-26 01:17:44.532] [M] {"button": 1, "pos": [328, 72], "ui_clicked": false}
[2026-09-26 01:17:44.540] [P] {"start": [186, 98], "goal": [186, 94], "length": 1, "is_direction_change": false}
[2026-09-26 01:17:44.541] [SFX] {"sound": "click_target", "volume": 0.92}
[2026-09-26 01:17:45.051] [M] {"button": 1, "pos": [328, 72], "ui_clicked": false}
[2026-09-26 01:17:45.059] [P] {"start": [186, 94], "goal": [186, 90], "length": 1, "is_direction_change": false}
[2026-09-26 01:17:45.060] [SFX] {"sound": "click_target", "volume": 0.92}
[2026-09-26 01:17:45.110] [SFX] {"sound": "threat_pulse", "volume": 0.32}
[2026-09-26 01:17:45.161] [SFX] {"sound": "player_move", "volume": 0.4}
[2026-09-26 01:17:45.887] [M] {"button": 1, "pos": [335, 27], "ui_clicked": false}
[2026-09-26 01:17:45.896] [P] {"start": [186, 90], "goal": [186, 83], "length": 1, "is_direction_change": false}
[2026-09-26 01:17:45.897] [SFX] {"sound": "click_target", "volume": 0.84}
[2026-09-26 01:17:46.109] [SFX] {"sound": "player_move", "volume": 0.4}
[2026-09-26 01:17:46.408] [M] {"button": 1, "pos": [335, 27], "ui_clicked": false}
[2026-09-26 01:17:46.417] [P] {"start": [186, 83], "goal": [186, 76], "length": 1, "is_direction_change": false}
[2026-09-26 01:17:46.418] [SFX] {"sound": "click_target", "volume": 0.85}
[2026-09-26 01:17:46.605] [SFX] {"sound": "player_move", "volume": 0.4}
[2026-09-26 01:17:46.922] [M] {"button": 1, "pos": [336, 27], "ui_clicked": false}
[2026-09-26 01:17:47.519] [M] {"button": 1, "pos": [410, 107], "ui_clicked": false}
[2026-09-26 01:17:47.529] [P] {"start": [186, 76], "goal": [191, 74], "length": 2, "is_direction_change": false}
[2026-09-26 01:17:47.530] [SFX] {"sound": "click_target", "volume": 0.85}
[2026-09-26 01:17:47.681] [SFX] {"sound": "player_move", "volume": 0.4}
[2026-09-26 01:17:48.558] [M] {"button": 1, "pos": [471, 173], "ui_clicked": false}
[2026-09-26 01:17:48.565] [P] {"start": [191, 74], "goal": [197, 74], "length": 1, "is_direction_change": false}
[2026-09-26 01:17:48.566] [SFX] {"sound": "click_target", "volume": 0.66}
[2026-09-26 01:17:48.689] [SFX] {"sound": "player_move", "volume": 0.4}
[2026-09-26 01:17:49.271] [SFX] {"sound": "civ_move_2", "volume": 0.0}
[2026-09-26 01:17:49.686] [SFX] {"sound": "civ_move_2", "volume": 0.01}
[2026-09-26 01:17:50.102] [SFX] {"sound": "civ_move_2", "volume": 0.02}
[2026-09-26 01:17:50.504] [SFX] {"sound": "civ_move_2", "volume": 0.03}
[2026-09-26 01:17:50.653] [SFX] {"sound": "civ_move_1", "volume": 0.22}
[2026-09-26 01:17:50.903] [SFX] {"sound": "civ_move_2", "volume": 0.03}
[2026-09-26 01:17:51.059] [SFX] {"sound": "civ_move_1", "volume": 0.22}
[2026-09-26 01:17:51.227] [C] {"civ_pos": [195, 74]}
[2026-09-26 01:17:51.261] [JACK] Ein weiterer Passant im Netz. Ignorieren oder anpöbeln?
[2026-09-26 01:17:51.309] [SFX] {"sound": "civ_move_2", "volume": 0.04}
[2026-09-26 01:17:51.460] [SFX] {"sound": "civ_move_1", "volume": 0.28}
[2026-09-26 01:17:51.720] [SFX] {"sound": "civ_move_2", "volume": 0.05}
[2026-09-26 01:17:51.889] [SFX] {"sound": "civ_move_1", "volume": 0.3}
[2026-09-26 01:17:52.124] [SFX] {"sound": "civ_move_2", "volume": 0.05}
[2026-09-26 01:17:52.293] [SFX] {"sound": "civ_move_1", "volume": 0.29}
[2026-09-26 01:17:52.525] [SFX] {"sound": "civ_move_2", "volume": 0.06}
[2026-09-26 01:17:52.708] [SFX] {"sound": "civ_move_1", "volume": 0.28}
[2026-09-26 01:17:52.939] [SFX] {"sound": "civ_move_2", "volume": 0.06}
[2026-09-26 01:17:53.090] [M] {"button": 1, "pos": [352, 216], "ui_clicked": false}
[2026-09-26 01:17:53.099] [SFX] {"sound": "click_target", "volume": 0.74}
[2026-09-26 01:17:53.116] [SFX] {"sound": "civ_move_1", "volume": 0.26}
[2026-09-26 01:17:53.343] [SFX] {"sound": "civ_move_2", "volume": 0.06}
[2026-09-26 01:17:53.510] [SFX] {"sound": "civ_move_1", "volume": 0.25}
[2026-09-26 01:17:53.758] [M] {"button": 1, "pos": [375, 224], "ui_clicked": true}
[2026-09-26 01:17:53.796] [SFX] {"sound": "civ_move_2", "volume": 0.07}
[2026-09-26 01:17:53.926] [SFX] {"sound": "civ_move_1", "volume": 0.24}
[2026-09-26 01:17:54.090] [M] {"button": 1, "pos": [378, 230], "ui_clicked": true}
[2026-09-26 01:17:54.162] [SFX] {"sound": "civ_move_2", "volume": 0.07}
[2026-09-26 01:17:54.329] [SFX] {"sound": "civ_move_1", "volume": 0.23}
[2026-09-26 01:17:54.478] [SFX] {"sound": "infiltrate 1", "volume": 0.5}
[2026-09-26 01:17:54.577] [SFX] {"sound": "civ_move_2", "volume": 0.07}
[2026-09-26 01:17:54.740] [SFX] {"sound": "civ_move_1", "volume": 0.21}
[2026-09-26 01:17:54.889] [SFX] {"sound": "infiltrate 2", "volume": 0.5}
[2026-09-26 01:17:54.989] [SFX] {"sound": "civ_move_2", "volume": 0.08}
[2026-09-26 01:17:55.155] [SFX] {"sound": "civ_move_1", "volume": 0.2}
[2026-09-26 01:17:55.295] [SFX] {"sound": "infiltrate 2", "volume": 0.5}
[2026-09-26 01:17:55.400] [SFX] {"sound": "civ_move_2", "volume": 0.08}
[2026-09-26 01:17:55.467] [SFX] {"sound": "hack_success", "volume": 1.0}
[2026-09-26 01:17:55.568] [SFX] {"sound": "civ_move_1", "volume": 0.19}
[2026-09-26 01:17:55.814] [SFX] {"sound": "civ_move_2", "volume": 0.08}
[2026-09-26 01:17:55.980] [SFX] {"sound": "civ_move_1", "volume": 0.18}
[2026-09-26 01:17:56.228] [SFX] {"sound": "civ_move_2", "volume": 0.09}
[2026-09-26 01:17:56.391] [SFX] {"sound": "civ_move_1", "volume": 0.17}
[2026-09-26 01:17:56.641] [SFX] {"sound": "civ_move_2", "volume": 0.1}
[2026-09-26 01:17:56.794] [SFX] {"sound": "civ_move_1", "volume": 0.15}
[2026-09-26 01:17:57.043] [SFX] {"sound": "civ_move_2", "volume": 0.11}
[2026-09-26 01:17:57.209] [SFX] {"sound": "civ_move_1", "volume": 0.14}
[2026-09-26 01:17:57.373] [M] {"button": 1, "pos": [505, 185], "ui_clicked": false}
[2026-09-26 01:17:57.382] [SFX] {"sound": "action_cancel", "volume": 1.0}
[2026-09-26 01:17:57.383] [P] {"start": [196, 74], "goal": [205, 74], "length": 1, "is_direction_change": false}
[2026-09-26 01:17:57.384] [SFX] {"sound": "click_target", "volume": 0.62}
[2026-09-26 01:17:57.412] [JACK] Kurzer Blick um die Ecke...
[2026-09-26 01:17:57.445] [SFX] {"sound": "civ_move_2", "volume": 0.13}
[2026-09-26 01:17:57.497] [SFX] {"sound": "player_move", "volume": 0.4}
[2026-09-26 01:17:57.612] [SFX] {"sound": "civ_move_1", "volume": 0.17}
[2026-09-26 01:17:57.859] [SFX] {"sound": "civ_move_2", "volume": 0.2}
[2026-09-26 01:17:57.957] [M] {"button": 1, "pos": [505, 185], "ui_clicked": false}
[2026-09-26 01:17:57.964] [P] {"start": [205, 74], "goal": [213, 74], "length": 1, "is_direction_change": false}
[2026-09-26 01:17:57.965] [SFX] {"sound": "click_target", "volume": 0.64}
[2026-09-26 01:17:57.991] [SFX] {"sound": "player_move", "volume": 0.4}
[2026-09-26 01:17:58.021] [SFX] {"sound": "civ_move_1", "volume": 0.19}
[2026-09-26 01:17:58.269] [SFX] {"sound": "civ_move_2", "volume": 0.26}
[2026-09-26 01:17:58.292] [SFX] {"sound": "player_move", "volume": 0.4}
[2026-09-26 01:17:58.320] [SFX] {"sound": "civ_move_2", "volume": 0.02}
[2026-09-26 01:17:58.403] [M] {"button": 1, "pos": [505, 185], "ui_clicked": false}
[2026-09-26 01:17:58.412] [JACK] JACK // COMPLEX CIPHER ARCHITECTURE. REQUIRES SHARP FOCUS TO BREACH.
[2026-09-26 01:17:58.413] [SFX] {"sound": "click_target", "volume": 0.64}
[2026-09-26 01:17:58.431] [SFX] {"sound": "civ_move_1", "volume": 0.23}
[2026-09-26 01:17:58.476] [C] {"civ_pos": [216, 74]}
[2026-09-26 01:17:58.644] [SFX] {"sound": "player_move", "volume": 0.4}
[2026-09-26 01:17:58.679] [SFX] {"sound": "civ_move_2", "volume": 0.28}
[2026-09-26 01:17:58.730] [SFX] {"sound": "civ_move_2", "volume": 0.04}
[2026-09-26 01:17:58.828] [SFX] {"sound": "civ_move_1", "volume": 0.28}
[2026-09-26 01:17:58.946] [SFX] {"sound": "player_move", "volume": 0.4}
[2026-09-26 01:17:59.093] [SFX] {"sound": "civ_move_2", "volume": 0.22}
[2026-09-26 01:17:59.144] [SFX] {"sound": "civ_move_2", "volume": 0.05}
[2026-09-26 01:17:59.228] [SFX] {"sound": "civ_move_1", "volume": 0.29}
[2026-09-26 01:17:59.261] [SFX] {"sound": "player_move", "volume": 0.4}
[2026-09-26 01:17:59.346] [SFX] {"sound": "threat_pulse", "volume": 0.31}
[2026-09-26 01:17:59.495] [SFX] {"sound": "civ_move_2", "volume": 0.2}
[2026-09-26 01:17:59.547] [SFX] {"sound": "civ_move_2", "volume": 0.05}
[2026-09-26 01:17:59.571] [SFX] {"sound": "player_move", "volume": 0.4}
[2026-09-26 01:17:59.637] [SFX] {"sound": "civ_move_1", "volume": 0.29}
[2026-09-26 01:17:59.869] [SFX] {"sound": "player_move", "volume": 0.4}
[2026-09-26 01:17:59.906] [SFX] {"sound": "civ_move_2", "volume": 0.15}
[2026-09-26 01:17:59.955] [SFX] {"sound": "civ_move_2", "volume": 0.03}
[2026-09-26 01:18:00.039] [SFX] {"sound": "civ_move_1", "volume": 0.29}
[2026-09-26 01:18:00.173] [SFX] {"sound": "player_move", "volume": 0.4}
[2026-09-26 01:18:00.261] [SFX] {"sound": "threat_pulse", "volume": 0.32}
[2026-09-26 01:18:00.312] [SFX] {"sound": "civ_move_2", "volume": 0.13}
[2026-09-26 01:18:00.363] [SFX] {"sound": "civ_move_2", "volume": 0.01}
[2026-09-26 01:18:00.446] [SFX] {"sound": "civ_move_1", "volume": 0.29}
[2026-09-26 01:18:00.482] [SFX] {"sound": "player_move", "volume": 0.4}
[2026-09-26 01:18:00.714] [SFX] {"sound": "civ_move_2", "volume": 0.12}
[2026-09-26 01:18:00.782] [SFX] {"sound": "player_move", "volume": 0.4}
[2026-09-26 01:18:00.850] [SFX] {"sound": "civ_move_1", "volume": 0.29}
[2026-09-26 01:18:00.986] [C] {"civ_pos": [226, 67]}
[2026-09-26 01:18:01.086] [SFX] {"sound": "player_move", "volume": 0.4}
[2026-09-26 01:18:01.122] [SFX] {"sound": "civ_move_2", "volume": 0.11}
[2026-09-26 01:18:01.173] [SFX] {"sound": "threat_pulse", "volume": 0.33}
[2026-09-26 01:18:01.256] [SFX] {"sound": "civ_move_1", "volume": 0.29}
[2026-09-26 01:18:01.289] [M] {"button": 1, "pos": [367, 182], "ui_clicked": true}
[2026-09-26 01:18:01.387] [SFX] {"sound": "player_move", "volume": 0.4}
[2026-09-26 01:18:01.522] [SFX] {"sound": "civ_move_2", "volume": 0.1}
[2026-09-26 01:18:01.545] [SFX] {"sound": "infiltrate 1", "volume": 0.5}
[2026-09-26 01:18:01.657] [SFX] {"sound": "civ_move_1", "volume": 0.29}
[2026-09-26 01:18:01.689] [SFX] {"sound": "player_move", "volume": 0.4}
[2026-09-26 01:18:01.740] [SFX] {"sound": "civ_move_1", "volume": 0.0}
[2026-09-26 01:18:01.922] [SFX] {"sound": "civ_move_2", "volume": 0.09}
[2026-09-26 01:18:01.944] [SFX] {"sound": "infiltrate 2", "volume": 0.5}
[2026-09-26 01:18:01.991] [SFX] {"sound": "player_move", "volume": 0.4}
[2026-09-26 01:18:02.058] [SFX] {"sound": "civ_move_1", "volume": 0.29}
[2026-09-26 01:18:02.079] [SFX] {"sound": "threat_pulse", "volume": 0.39}
[2026-09-26 01:18:02.141] [SFX] {"sound": "civ_move_1", "volume": 0.0}
[2026-09-26 01:18:02.305] [SFX] {"sound": "player_move", "volume": 0.4}
[2026-09-26 01:18:02.341] [SFX] {"sound": "civ_move_2", "volume": 0.08}
[2026-09-26 01:18:02.342] [SFX] {"sound": "infiltrate 2", "volume": 0.5}
[2026-09-26 01:18:02.473] [SFX] {"sound": "civ_move_1", "volume": 0.29}
[2026-09-26 01:18:02.555] [SFX] {"sound": "civ_move_1", "volume": 0.0}
[2026-09-26 01:18:02.607] [SFX] {"sound": "player_move", "volume": 0.4}
[2026-09-26 01:18:02.657] [SFX] {"sound": "hack_success", "volume": 1.0}
[2026-09-26 01:18:02.658] [JACK] JACK // STOLE 3 DATA FROM NYX THORNE (DEEP-WEB CRYPTOGRAPHER). TARGET FLEEING TO GUARD SPOT!
[2026-09-26 01:18:02.659] [JACK] JACK // COMPLEX CIPHER ARCHITECTURE. REQUIRES SHARP FOCUS TO BREACH.
[2026-09-26 01:18:02.743] [SFX] {"sound": "civ_move_2", "volume": 0.07}
[2026-09-26 01:18:02.876] [SFX] {"sound": "civ_move_1", "volume": 0.29}
[2026-09-26 01:18:02.877] [SFX] {"sound": "threat_pulse", "volume": 0.43}
[2026-09-26 01:18:02.959] [SFX] {"sound": "civ_move_1", "volume": 0.0}
[2026-09-26 01:18:03.157] [SFX] {"sound": "civ_move_2", "volume": 0.06}
[2026-09-26 01:18:03.289] [SFX] {"sound": "civ_move_1", "volume": 0.27}
[2026-09-26 01:18:03.374] [SFX] {"sound": "civ_move_1", "volume": 0.0}
[2026-09-26 01:18:03.556] [SFX] {"sound": "civ_move_2", "volume": 0.05}
[2026-09-26 01:18:03.589] [SFX] {"sound": "threat_pulse", "volume": 0.4}
[2026-09-26 01:18:03.688] [SFX] {"sound": "civ_move_1", "volume": 0.26}
[2026-09-26 01:18:03.789] [SFX] {"sound": "civ_move_1", "volume": 0.0}
[2026-09-26 01:18:04.088] [SFX] {"sound": "civ_move_1", "volume": 0.25}
[2026-09-26 01:18:04.401] [SFX] {"sound": "threat_pulse", "volume": 0.36}
[2026-09-26 01:18:04.501] [SFX] {"sound": "civ_move_1", "volume": 0.24}
[2026-09-26 01:18:04.846] [M] {"button": 1, "pos": [328, 92], "ui_clicked": false}
[2026-09-26 01:18:04.854] [P] {"start": [226, 65], "goal": [226, 60], "length": 1, "is_direction_change": false}
[2026-09-26 01:18:04.855] [SFX] {"sound": "click_target", "volume": 0.86}
[2026-09-26 01:18:04.908] [SFX] {"sound": "civ_move_1", "volume": 0.23}
[2026-09-26 01:18:05.025] [SFX] {"sound": "civ_move_1", "volume": 0.02}
[2026-09-26 01:18:05.107] [SFX] {"sound": "player_move", "volume": 0.4}
[2026-09-26 01:18:05.309] [SFX] {"sound": "civ_move_1", "volume": 0.26}
[2026-09-26 01:18:05.309] [SFX] {"sound": "threat_pulse", "volume": 0.31}
[2026-09-26 01:18:05.391] [M] {"button": 1, "pos": [328, 92], "ui_clicked": false}
[2026-09-26 01:18:05.401] [P] {"start": [226, 60], "goal": [226, 57], "length": 1, "is_direction_change": false}
[2026-09-26 01:18:05.401] [SFX] {"sound": "click_target", "volume": 0.93}
[2026-09-26 01:18:05.451] [SFX] {"sound": "civ_move_1", "volume": 0.04}
[2026-09-26 01:18:05.711] [SFX] {"sound": "civ_move_1", "volume": 0.27}
[2026-09-26 01:18:05.868] [SFX] {"sound": "civ_move_1", "volume": 0.05}
[2026-09-26 01:18:06.052] [M] {"button": 1, "pos": [328, 92], "ui_clicked": false}
[2026-09-26 01:18:06.061] [P] {"start": [226, 57], "goal": [226, 54], "length": 1, "is_direction_change": false}
[2026-09-26 01:18:06.062] [SFX] {"sound": "click_target", "volume": 0.94}
[2026-09-26 01:18:06.126] [SFX] {"sound": "civ_move_1", "volume": 0.27}
[2026-09-26 01:18:06.276] [SFX] {"sound": "civ_move_1", "volume": 0.07}
[2026-09-26 01:18:06.542] [SFX] {"sound": "civ_move_1", "volume": 0.26}
[2026-09-26 01:18:06.676] [SFX] {"sound": "civ_move_1", "volume": 0.06}
[2026-09-26 01:18:06.709] [M] {"button": 1, "pos": [328, 92], "ui_clicked": false}
[2026-09-26 01:18:06.718] [P] {"start": [226, 54], "goal": [226, 51], "length": 1, "is_direction_change": false}
[2026-09-26 01:18:06.719] [SFX] {"sound": "click_target", "volume": 0.95}
[2026-09-26 01:18:06.758] [SFX] {"sound": "player_move", "volume": 0.4}
[2026-09-26 01:18:06.956] [SFX] {"sound": "civ_move_1", "volume": 0.27}
[2026-09-26 01:18:07.089] [SFX] {"sound": "civ_move_1", "volume": 0.07}
[2026-09-26 01:18:07.275] [M] {"button": 1, "pos": [327, 67], "ui_clicked": false}
[2026-09-26 01:18:07.283] [P] {"start": [226, 51], "goal": [226, 47], "length": 1, "is_direction_change": false}
[2026-09-26 01:18:07.284] [SFX] {"sound": "click_target", "volume": 0.91}
[2026-09-26 01:18:07.366] [SFX] {"sound": "civ_move_1", "volume": 0.28}
[2026-09-26 01:18:07.449] [C] {"civ_pos": [226, 45]}
[2026-09-26 01:18:07.479] [SFX] {"sound": "player_move", "volume": 0.4}
[2026-09-26 01:18:07.497] [SFX] {"sound": "civ_move_1", "volume": 0.09}
[2026-09-26 01:18:07.778] [SFX] {"sound": "civ_move_1", "volume": 0.28}
[2026-09-26 01:18:07.863] [M] {"button": 1, "pos": [326, 63], "ui_clicked": false}
[2026-09-26 01:18:07.872] [P] {"start": [226, 47], "goal": [226, 43], "length": 1, "is_direction_change": false}
[2026-09-26 01:18:07.872] [SFX] {"sound": "click_target", "volume": 0.9}
[2026-09-26 01:18:07.908] [SFX] {"sound": "civ_move_1", "volume": 0.09}
[2026-09-26 01:18:08.189] [SFX] {"sound": "civ_move_1", "volume": 0.3}
[2026-09-26 01:18:08.320] [SFX] {"sound": "civ_move_1", "volume": 0.09}
[2026-09-26 01:18:08.501] [M] {"button": 1, "pos": [326, 63], "ui_clicked": false}
[2026-09-26 01:18:08.509] [P] {"start": [226, 43], "goal": [226, 39], "length": 1, "is_direction_change": false}
[2026-09-26 01:18:08.509] [SFX] {"sound": "click_target", "volume": 0.91}
[2026-09-26 01:18:08.600] [SFX] {"sound": "civ_move_1", "volume": 0.3}
[2026-09-26 01:18:08.625] [SFX] {"sound": "player_move", "volume": 0.4}
[2026-09-26 01:18:08.726] [SFX] {"sound": "civ_move_1", "volume": 0.1}
[2026-09-26 01:18:09.012] [SFX] {"sound": "civ_move_1", "volume": 0.24}
[2026-09-26 01:18:09.129] [SFX] {"sound": "civ_move_1", "volume": 0.09}
[2026-09-26 01:18:09.412] [SFX] {"sound": "civ_move_1", "volume": 0.29}
[2026-09-26 01:18:09.544] [SFX] {"sound": "civ_move_1", "volume": 0.08}
[2026-09-26 01:18:09.826] [SFX] {"sound": "civ_move_1", "volume": 0.28}
[2026-09-26 01:18:09.959] [SFX] {"sound": "civ_move_1", "volume": 0.07}
[2026-09-26 01:18:10.239] [SFX] {"sound": "civ_move_1", "volume": 0.27}
[2026-09-26 01:18:10.371] [SFX] {"sound": "civ_move_1", "volume": 0.05}
[2026-09-26 01:18:10.654] [SFX] {"sound": "civ_move_1", "volume": 0.25}
[2026-09-26 01:18:10.786] [SFX] {"sound": "civ_move_1", "volume": 0.04}
[2026-09-26 01:18:10.987] [M] {"button": 1, "pos": [326, 26], "ui_clicked": false}
[2026-09-26 01:18:10.995] [P] {"start": [226, 39], "goal": [226, 32], "length": 1, "is_direction_change": false}
[2026-09-26 01:18:10.996] [SFX] {"sound": "click_target", "volume": 0.85}
[2026-09-26 01:18:11.035] [JACK] Kurzer Blick um die Ecke...
[2026-09-26 01:18:11.064] [SFX] {"sound": "civ_move_1", "volume": 0.25}
[2026-09-26 01:18:11.197] [SFX] {"sound": "civ_move_1", "volume": 0.04}
[2026-09-26 01:18:11.219] [SFX] {"sound": "player_move", "volume": 0.4}
[2026-09-26 01:18:11.316] [C] {"civ_pos": [226, 30]}
[2026-09-26 01:18:11.472] [SFX] {"sound": "civ_move_1", "volume": 0.28}
[2026-09-26 01:18:11.607] [SFX] {"sound": "civ_move_1", "volume": 0.03}
[2026-09-26 01:18:11.872] [SFX] {"sound": "civ_move_1", "volume": 0.27}
[2026-09-26 01:18:12.022] [SFX] {"sound": "civ_move_1", "volume": 0.02}
[2026-09-26 01:18:12.274] [SFX] {"sound": "civ_move_1", "volume": 0.26}
[2026-09-26 01:18:12.425] [SFX] {"sound": "civ_move_1", "volume": 0.01}
[2026-09-26 01:18:12.674] [SFX] {"sound": "civ_move_1", "volume": 0.25}
[2026-09-26 01:18:13.489] [M] {"button": 1, "pos": [283, 39], "ui_clicked": false}
[2026-09-26 01:18:13.498] [SFX] {"sound": "civ_move_1", "volume": 0.24}
[2026-09-26 01:18:13.499] [P] {"start": [226, 32], "goal": [223, 26], "length": 2, "is_direction_change": false}
[2026-09-26 01:18:13.500] [SFX] {"sound": "click_target", "volume": 0.85}
[2026-09-26 01:18:13.670] [SFX] {"sound": "player_move", "volume": 0.4}
[2026-09-26 01:18:13.899] [SFX] {"sound": "civ_move_1", "volume": 0.27}
[2026-09-26 01:18:14.310] [SFX] {"sound": "civ_move_1", "volume": 0.26}
[2026-09-26 01:18:15.152] [SENTINEL_ALARM_DISPATCHED] {"guard": [217, 24], "investigate": [226, 74]}
[2026-09-26 01:18:15.445] [SFX] {"sound": "guardian_move", "volume": 0.34}
[2026-09-26 01:18:16.055] [SFX] {"sound": "guardian_move", "volume": 0.35}
[2026-09-26 01:18:16.585] [SFX] {"sound": "threat_pulse", "volume": 0.32}
[2026-09-26 01:18:16.671] [SFX] {"sound": "guardian_move", "volume": 0.38}
[2026-09-26 01:18:17.032] [JACK] Verdammt, die Sentinels kreisen um uns... Ich habe echte Angst, ertappt zu werden!
[2026-09-26 01:18:17.292] [SFX] {"sound": "guardian_move", "volume": 0.4}
[2026-09-26 01:18:17.490] [SFX] {"sound": "threat_pulse", "volume": 0.4}
[2026-09-26 01:18:17.905] [SFX] {"sound": "guardian_move", "volume": 0.39}
[2026-09-26 01:18:18.300] [SFX] {"sound": "threat_pulse", "volume": 0.46}
[2026-09-26 01:18:18.451] [M] {"button": 1, "pos": [410, 159], "ui_clicked": false}
[2026-09-26 01:18:18.460] [P] {"start": [223, 26], "goal": [230, 26], "length": 1, "is_direction_change": false}
[2026-09-26 01:18:18.461] [SFX] {"sound": "click_target", "volume": 0.64}
[2026-09-26 01:18:18.490] [JACK] Diese Bedrohung ist greifbar... Die Wachen dürfen unser Signal nicht isolieren.
[2026-09-26 01:18:18.491] [SFX] {"sound": "player_move", "volume": 0.4}
[2026-09-26 01:18:18.521] [SFX] {"sound": "guardian_move", "volume": 0.4}
[2026-09-26 01:18:18.784] [SFX] {"sound": "player_move", "volume": 0.4}
[2026-09-26 01:18:18.902] [SFX] {"sound": "threat_pulse", "volume": 0.5}
[2026-09-26 01:18:19.135] [SFX] {"sound": "guardian_move", "volume": 0.29}
[2026-09-26 01:18:19.517] [SFX] {"sound": "threat_pulse", "volume": 0.47}
[2026-09-26 01:18:19.735] [SFX] {"sound": "guardian_move", "volume": 0.28}
[2026-09-26 01:18:20.118] [SFX] {"sound": "threat_pulse", "volume": 0.44}
[2026-09-26 01:18:20.348] [SFX] {"sound": "guardian_move", "volume": 0.27}
[2026-09-26 01:18:20.595] [M] {"button": 1, "pos": [302, 245], "ui_clicked": false}
[2026-09-26 01:18:20.603] [P] {"start": [230, 26], "goal": [226, 30], "length": 2, "is_direction_change": false}
[2026-09-26 01:18:20.604] [SFX] {"sound": "click_target", "volume": 0.68}
[2026-09-26 01:18:20.644] [JACK] Überall Wacheinheiten... Ihr bedrohliches Summen brennt sich ins Deck.
[2026-09-26 01:18:20.831] [SFX] {"sound": "threat_pulse", "volume": 0.41}
[2026-09-26 01:18:20.881] [SFX] {"sound": "player_move", "volume": 0.4}
[2026-09-26 01:18:20.950] [SFX] {"sound": "guardian_move", "volume": 0.28}
[2026-09-26 01:18:21.551] [SFX] {"sound": "guardian_move", "volume": 0.27}
[2026-09-26 01:18:21.637] [SFX] {"sound": "threat_pulse", "volume": 0.37}
[2026-09-26 01:18:22.081] [M] {"button": 1, "pos": [315, 343], "ui_clicked": false}
[2026-09-26 01:18:22.090] [P] {"start": [226, 30], "goal": [226, 41], "length": 1, "is_direction_change": false}
[2026-09-26 01:18:22.091] [SFX] {"sound": "click_target", "volume": 0.58}
[2026-09-26 01:18:22.157] [SFX] {"sound": "guardian_move", "volume": 0.26}
[2026-09-26 01:18:22.276] [SFX] {"sound": "player_move", "volume": 0.4}
[2026-09-26 01:18:22.507] [M] {"button": 1, "pos": [325, 341], "ui_clicked": false}
[2026-09-26 01:18:22.514] [P] {"start": [226, 38], "goal": [226, 45], "length": 1, "is_direction_change": false}
[2026-09-26 01:18:22.515] [SFX] {"sound": "click_target", "volume": 0.65}
[2026-09-26 01:18:22.548] [JACK] Achtung! Guardians patrouillieren den Sektor. Wir müssen extrem vorsichtig sein!
[2026-09-26 01:18:22.568] [SFX] {"sound": "threat_pulse", "volume": 0.34}
[2026-09-26 01:18:22.586] [SFX] {"sound": "player_move", "volume": 0.4}
[2026-09-26 01:18:22.786] [SFX] {"sound": "guardian_move", "volume": 0.36}
[2026-09-26 01:18:23.386] [SFX] {"sound": "guardian_move", "volume": 0.37}
[2026-09-26 01:18:23.470] [SFX] {"sound": "threat_pulse", "volume": 0.38}
[2026-09-26 01:18:23.997] [SFX] {"sound": "guardian_move", "volume": 0.4}
[2026-09-26 01:18:24.117] [M] {"button": 1, "pos": [326, 96], "ui_clicked": false}
[2026-09-26 01:18:24.127] [P] {"start": [226, 45], "goal": [226, 43], "length": 1, "is_direction_change": false}
[2026-09-26 01:18:24.128] [SFX] {"sound": "click_target", "volume": 0.97}
[2026-09-26 01:18:24.165] [JACK] Verdammt, die Sentinels kreisen um uns... Ich habe echte Angst, ertappt zu werden!
[2026-09-26 01:18:24.184] [SFX] {"sound": "player_move", "volume": 0.4}
[2026-09-26 01:18:24.381] [SFX] {"sound": "threat_pulse", "volume": 0.45}
[2026-09-26 01:18:24.629] [SFX] {"sound": "guardian_move", "volume": 0.31}
[2026-09-26 01:18:25.091] [SFX] {"sound": "threat_pulse", "volume": 0.51}
[2026-09-26 01:18:25.243] [SFX] {"sound": "guardian_move", "volume": 0.31}
[2026-09-26 01:18:25.592] [SFX] {"sound": "threat_pulse", "volume": 0.55}
[2026-09-26 01:18:25.659] [M] {"button": 1, "pos": [328, 240], "ui_clicked": false}
[2026-09-26 01:18:25.668] [P] {"start": [226, 43], "goal": [226, 50], "length": 1, "is_direction_change": false}
[2026-09-26 01:18:25.669] [SFX] {"sound": "click_target", "volume": 0.64}
[2026-09-26 01:18:25.709] [JACK] Überall Wacheinheiten... Ihr bedrohliches Summen brennt sich ins Deck.
[2026-09-26 01:18:25.873] [SFX] {"sound": "guardian_move", "volume": 0.37}
[2026-09-26 01:18:25.926] [SFX] {"sound": "player_move", "volume": 0.4}
[2026-09-26 01:18:25.993] [SFX] {"sound": "threat_pulse", "volume": 0.57}
[2026-09-26 01:18:26.404] [SFX] {"sound": "threat_pulse", "volume": 0.58}
[2026-09-26 01:18:26.490] [SFX] {"sound": "guardian_move", "volume": 0.37}
[2026-09-26 01:18:26.789] [JACK] JACK // INTERCEPTED BY KONZERN-ENFORCER (THREAT 75% >= NERVOUSNESS 71%)!
[2026-09-26 01:18:26.790] [SFX] {"sound": "alert_trigger", "volume": 0.8}
[2026-09-26 01:18:27.033] [M] {"button": 1, "pos": [342, 160], "ui_clicked": true}
