[2026-09-25 17:23:40.572] [S] {"sid": "20260925_172340", "sys_t": "2026-09-25T17:23:40.555631"}
[2026-09-25 17:23:40.573] [SFX] {"sound": "hack_success", "volume": 0.8}
[2026-09-25 17:23:42.610] [SESSION_RESET] {"msg": "--- NEW LIFE STARTED ---"}
[2026-09-25 17:23:42.660] [S] {"map": "Shadowgrid"}
[2026-09-25 17:23:42.685] [JACK] Ah, im Shadowgrid angekommen... endlich.
[2026-09-25 17:23:43.274] [SFX] {"sound": "civ_move_1", "volume": 0.16}
[2026-09-25 17:23:43.393] [SFX] {"sound": "civ_move_2", "volume": 0.06}
[2026-09-25 17:23:43.458] [SFX] {"sound": "civ_move_2", "volume": 0.02}
[2026-09-25 17:23:43.689] [SFX] {"sound": "civ_move_1", "volume": 0.15}
[2026-09-25 17:23:43.803] [SFX] {"sound": "civ_move_2", "volume": 0.05}
[2026-09-25 17:23:43.869] [SFX] {"sound": "civ_move_2", "volume": 0.01}
[2026-09-25 17:23:44.101] [SFX] {"sound": "civ_move_1", "volume": 0.14}
[2026-09-25 17:23:44.218] [SFX] {"sound": "civ_move_2", "volume": 0.04}
[2026-09-25 17:23:44.285] [SFX] {"sound": "civ_move_2", "volume": 0.0}
[2026-09-25 17:23:44.500] [SFX] {"sound": "civ_move_1", "volume": 0.13}
[2026-09-25 17:23:44.634] [SFX] {"sound": "civ_move_2", "volume": 0.03}
[2026-09-25 17:23:44.914] [SFX] {"sound": "civ_move_1", "volume": 0.12}
[2026-09-25 17:23:45.049] [SFX] {"sound": "civ_move_2", "volume": 0.02}
[2026-09-25 17:23:45.314] [SFX] {"sound": "civ_move_1", "volume": 0.11}
[2026-09-25 17:23:45.463] [SFX] {"sound": "civ_move_2", "volume": 0.01}
[2026-09-25 17:23:45.724] [SFX] {"sound": "civ_move_1", "volume": 0.1}
[2026-09-25 17:23:45.872] [SFX] {"sound": "civ_move_2", "volume": 0.0}
[2026-09-25 17:23:46.139] [SFX] {"sound": "civ_move_1", "volume": 0.09}
[2026-09-25 17:23:46.551] [SFX] {"sound": "civ_move_1", "volume": 0.08}
[2026-09-25 17:23:46.965] [SFX] {"sound": "civ_move_1", "volume": 0.07}
[2026-09-25 17:23:47.378] [SFX] {"sound": "civ_move_1", "volume": 0.06}
[2026-09-25 17:23:47.791] [SFX] {"sound": "civ_move_1", "volume": 0.05}
[2026-09-25 17:23:47.938] [M] {"button": 1, "pos": [295, 218], "ui_clicked": false}
[2026-09-25 17:23:48.202] [SFX] {"sound": "civ_move_1", "volume": 0.04}
[2026-09-25 17:23:48.528] [M] {"button": 1, "pos": [303, 216], "ui_clicked": false}
[2026-09-25 17:23:48.611] [SFX] {"sound": "civ_move_1", "volume": 0.03}
[2026-09-25 17:23:48.892] [M] {"button": 1, "pos": [306, 217], "ui_clicked": false}
[2026-09-25 17:23:48.898] [P] {"start": [150, 2], "goal": [148, 6], "length": 2, "is_direction_change": false}
[2026-09-25 17:23:48.899] [SFX] {"sound": "click_target", "volume": 0.7}
[2026-09-25 17:23:48.920] [JACK] Kleine Schritte. Immer auf die Umgebung achten.
[2026-09-25 17:23:48.921] [SFX] {"sound": "player_move", "volume": 0.4}
[2026-09-25 17:23:49.028] [SFX] {"sound": "civ_move_1", "volume": 0.04}
[2026-09-25 17:23:49.094] [SCANNER_INTERCEPT] {"tile": [150, 6]}
[2026-09-25 17:23:49.095] [SFX] {"sound": "threat_pulse", "volume": 0.3}
[2026-09-25 17:23:49.121] [JACK] Verdammt! Ein Scanner-Node hat unser Pathfinding abgefangen!
[2026-09-25 17:23:49.428] [SFX] {"sound": "civ_move_1", "volume": 0.04}
[2026-09-25 17:23:49.842] [SFX] {"sound": "civ_move_1", "volume": 0.03}
[2026-09-25 17:23:50.006] [SFX] {"sound": "threat_pulse", "volume": 0.32}
[2026-09-25 17:23:50.256] [SFX] {"sound": "civ_move_1", "volume": 0.02}
[2026-09-25 17:23:50.671] [SFX] {"sound": "civ_move_1", "volume": 0.01}
[2026-09-25 17:23:50.920] [SFX] {"sound": "threat_pulse", "volume": 0.34}
[2026-09-25 17:23:51.825] [SFX] {"sound": "threat_pulse", "volume": 0.37}
[2026-09-25 17:23:52.586] [M] {"button": 1, "pos": [305, 215], "ui_clicked": false}
[2026-09-25 17:23:52.593] [P] {"start": [150, 6], "goal": [148, 10], "length": 2, "is_direction_change": false}
[2026-09-25 17:23:52.594] [SFX] {"sound": "click_target", "volume": 0.7}
[2026-09-25 17:23:52.628] [JACK] Hörst du das Wummern? Sentinels in der Nähe... Bloß keinen falschen Schritt machen!
[2026-09-25 17:23:52.718] [SFX] {"sound": "player_move", "volume": 0.4}
[2026-09-25 17:23:52.741] [SFX] {"sound": "threat_pulse", "volume": 0.38}
[2026-09-25 17:23:53.647] [SFX] {"sound": "threat_pulse", "volume": 0.33}
[2026-09-25 17:23:53.795] [M] {"button": 1, "pos": [289, 205], "ui_clicked": false}
[2026-09-25 17:23:53.803] [P] {"start": [148, 10], "goal": [144, 13], "length": 2, "is_direction_change": false}
[2026-09-25 17:23:53.804] [SFX] {"sound": "click_target", "volume": 0.7}
[2026-09-25 17:23:53.922] [SFX] {"sound": "player_move", "volume": 0.4}
[2026-09-25 17:23:54.679] [M] {"button": 1, "pos": [325, 223], "ui_clicked": false}
[2026-09-25 17:23:54.688] [P] {"start": [144, 13], "goal": [144, 18], "length": 1, "is_direction_change": false}
[2026-09-25 17:23:54.688] [SFX] {"sound": "click_target", "volume": 0.69}
[2026-09-25 17:23:54.751] [SFX] {"sound": "player_move", "volume": 0.4}
[2026-09-25 17:23:55.164] [M] {"button": 1, "pos": [323, 231], "ui_clicked": false}
[2026-09-25 17:23:55.171] [P] {"start": [144, 18], "goal": [144, 23], "length": 1, "is_direction_change": false}
[2026-09-25 17:23:55.172] [SFX] {"sound": "click_target", "volume": 0.69}
[2026-09-25 17:23:55.213] [SFX] {"sound": "civ_move_1", "volume": 0.0}
[2026-09-25 17:23:55.313] [SFX] {"sound": "player_move", "volume": 0.4}
[2026-09-25 17:23:55.528] [SFX] {"sound": "guardian_move", "volume": 0.04}
[2026-09-25 17:23:55.629] [SFX] {"sound": "civ_move_1", "volume": 0.03}
[2026-09-25 17:23:55.745] [M] {"button": 1, "pos": [325, 236], "ui_clicked": false}
[2026-09-25 17:23:55.753] [P] {"start": [144, 23], "goal": [144, 29], "length": 1, "is_direction_change": false}
[2026-09-25 17:23:55.753] [SFX] {"sound": "click_target", "volume": 0.67}
[2026-09-25 17:23:55.948] [SFX] {"sound": "player_move", "volume": 0.4}
[2026-09-25 17:23:56.030] [SFX] {"sound": "civ_move_1", "volume": 0.06}
[2026-09-25 17:23:56.129] [SFX] {"sound": "guardian_move", "volume": 0.07}
[2026-09-25 17:23:56.153] [SFX] {"sound": "civ_move_2", "volume": 0.01}
[2026-09-25 17:23:56.262] [M] {"button": 1, "pos": [325, 237], "ui_clicked": false}
[2026-09-25 17:23:56.269] [P] {"start": [144, 29], "goal": [144, 35], "length": 1, "is_direction_change": false}
[2026-09-25 17:23:56.269] [SFX] {"sound": "click_target", "volume": 0.68}
[2026-09-25 17:23:56.323] [SFX] {"sound": "civ_move_1", "volume": 0.01}
[2026-09-25 17:23:56.440] [SFX] {"sound": "civ_move_1", "volume": 0.08}
[2026-09-25 17:23:56.487] [SFX] {"sound": "player_move", "volume": 0.4}
[2026-09-25 17:23:56.556] [SFX] {"sound": "civ_move_2", "volume": 0.03}
[2026-09-25 17:23:56.588] [SFX] {"sound": "civ_move_1", "volume": 0.02}
[2026-09-25 17:23:56.737] [SFX] {"sound": "guardian_move", "volume": 0.1}
[2026-09-25 17:23:56.737] [SFX] {"sound": "civ_move_1", "volume": 0.05}
[2026-09-25 17:23:56.753] [M] {"button": 1, "pos": [325, 237], "ui_clicked": false}
[2026-09-25 17:23:56.760] [P] {"start": [144, 35], "goal": [144, 40], "length": 1, "is_direction_change": false}
[2026-09-25 17:23:56.762] [SFX] {"sound": "click_target", "volume": 0.68}
[2026-09-25 17:23:56.807] [SFX] {"sound": "civ_move_1", "volume": 0.01}
[2026-09-25 17:23:56.842] [SFX] {"sound": "civ_move_1", "volume": 0.1}
[2026-09-25 17:23:56.957] [SFX] {"sound": "civ_move_2", "volume": 0.04}
[2026-09-25 17:23:56.989] [SFX] {"sound": "player_move", "volume": 0.4}
[2026-09-25 17:23:56.990] [SFX] {"sound": "civ_move_1", "volume": 0.05}
[2026-09-25 17:23:57.143] [SFX] {"sound": "civ_move_1", "volume": 0.0}
[2026-09-25 17:23:57.144] [SFX] {"sound": "civ_move_1", "volume": 0.09}
[2026-09-25 17:23:57.210] [SFX] {"sound": "civ_move_1", "volume": 0.05}
[2026-09-25 17:23:57.244] [SFX] {"sound": "civ_move_1", "volume": 0.11}
[2026-09-25 17:23:57.326] [M] {"button": 1, "pos": [324, 247], "ui_clicked": false}
[2026-09-25 17:23:57.332] [P] {"start": [144, 40], "goal": [144, 47], "length": 1, "is_direction_change": false}
[2026-09-25 17:23:57.333] [SFX] {"sound": "click_target", "volume": 0.64}
[2026-09-25 17:23:57.356] [SFX] {"sound": "guardian_move", "volume": 0.12}
[2026-09-25 17:23:57.371] [SFX] {"sound": "civ_move_2", "volume": 0.04}
[2026-09-25 17:23:57.398] [SFX] {"sound": "civ_move_1", "volume": 0.06}
[2026-09-25 17:23:57.549] [SFX] {"sound": "civ_move_1", "volume": 0.03}
[2026-09-25 17:23:57.550] [SFX] {"sound": "civ_move_1", "volume": 0.13}
[2026-09-25 17:23:57.551] [SFX] {"sound": "civ_move_1", "volume": 0.02}
[2026-09-25 17:23:57.615] [SFX] {"sound": "civ_move_1", "volume": 0.09}
[2026-09-25 17:23:57.639] [SFX] {"sound": "player_move", "volume": 0.4}
[2026-09-25 17:23:57.657] [SFX] {"sound": "civ_move_1", "volume": 0.13}
[2026-09-25 17:23:57.683] [M] {"button": 1, "pos": [323, 259], "ui_clicked": false}
[2026-09-25 17:23:57.691] [P] {"start": [144, 47], "goal": [144, 53], "length": 1, "is_direction_change": false}
[2026-09-25 17:23:57.692] [SFX] {"sound": "click_target", "volume": 0.66}
[2026-09-25 17:23:57.774] [SFX] {"sound": "civ_move_2", "volume": 0.01}
[2026-09-25 17:23:57.775] [SFX] {"sound": "civ_move_2", "volume": 0.05}
[2026-09-25 17:23:57.776] [SFX] {"sound": "civ_move_1", "volume": 0.01}
[2026-09-25 17:23:57.776] [SFX] {"sound": "civ_move_2", "volume": 0.06}
[2026-09-25 17:23:57.807] [SFX] {"sound": "civ_move_1", "volume": 0.11}
[2026-09-25 17:23:57.939] [SFX] {"sound": "guardian_move", "volume": 0.03}
[2026-09-25 17:23:57.960] [SFX] {"sound": "player_move", "volume": 0.4}
[2026-09-25 17:23:57.961] [SFX] {"sound": "guardian_move", "volume": 0.2}
[2026-09-25 17:23:57.962] [SFX] {"sound": "civ_move_1", "volume": 0.07}
[2026-09-25 17:23:57.962] [SFX] {"sound": "civ_move_1", "volume": 0.19}
[2026-09-25 17:23:57.963] [SFX] {"sound": "civ_move_1", "volume": 0.06}
[2026-09-25 17:23:58.025] [SFX] {"sound": "civ_move_1", "volume": 0.14}
[2026-09-25 17:23:58.174] [M] {"button": 1, "pos": [319, 272], "ui_clicked": false}
[2026-09-25 17:23:58.190] [SFX] {"sound": "civ_move_2", "volume": 0.02}
[2026-09-25 17:23:58.190] [SFX] {"sound": "civ_move_2", "volume": 0.04}
[2026-09-25 17:23:58.191] [SFX] {"sound": "civ_move_1", "volume": 0.03}
[2026-09-25 17:23:58.192] [SFX] {"sound": "civ_move_2", "volume": 0.09}
[2026-09-25 17:23:58.222] [SFX] {"sound": "civ_move_1", "volume": 0.13}
[2026-09-25 17:23:58.245] [SFX] {"sound": "guardian_move", "volume": 0.02}
[2026-09-25 17:23:58.246] [SFX] {"sound": "guardian_move", "volume": 0.01}
[2026-09-25 17:23:58.247] [SFX] {"sound": "civ_move_2", "volume": 0.01}
[2026-09-25 17:23:58.356] [SFX] {"sound": "civ_move_1", "volume": 0.08}
[2026-09-25 17:23:58.357] [SFX] {"sound": "civ_move_1", "volume": 0.2}
[2026-09-25 17:23:58.358] [SFX] {"sound": "civ_move_1", "volume": 0.07}
[2026-09-25 17:23:58.454] [SFX] {"sound": "civ_move_1", "volume": 0.14}
[2026-09-25 17:23:58.476] [SFX] {"sound": "civ_move_1", "volume": 0.13}
[2026-09-25 17:23:58.538] [SFX] {"sound": "guardian_move", "volume": 0.05}
[2026-09-25 17:23:58.561] [SFX] {"sound": "guardian_move", "volume": 0.19}
[2026-09-25 17:23:58.587] [M] {"button": 1, "pos": [319, 272], "ui_clicked": false}
[2026-09-25 17:23:58.607] [SFX] {"sound": "civ_move_2", "volume": 0.01}
[2026-09-25 17:23:58.607] [SFX] {"sound": "civ_move_2", "volume": 0.03}
[2026-09-25 17:23:58.608] [SFX] {"sound": "civ_move_1", "volume": 0.02}
[2026-09-25 17:23:58.609] [SFX] {"sound": "civ_move_2", "volume": 0.1}
[2026-09-25 17:23:58.629] [SFX] {"sound": "civ_move_1", "volume": 0.14}
[2026-09-25 17:23:58.646] [SFX] {"sound": "civ_move_2", "volume": 0.01}
[2026-09-25 17:23:58.771] [SFX] {"sound": "civ_move_1", "volume": 0.09}
[2026-09-25 17:23:58.772] [SFX] {"sound": "civ_move_1", "volume": 0.21}
[2026-09-25 17:23:58.772] [SFX] {"sound": "civ_move_1", "volume": 0.08}
[2026-09-25 17:23:58.853] [SFX] {"sound": "guardian_move", "volume": 0.02}
[2026-09-25 17:23:58.876] [SFX] {"sound": "civ_move_1", "volume": 0.15}
[2026-09-25 17:23:58.885] [M] {"button": 1, "pos": [325, 242], "ui_clicked": false}
[2026-09-25 17:23:58.892] [SFX] {"sound": "civ_move_1", "volume": 0.12}
[2026-09-25 17:23:58.893] [P] {"start": [144, 53], "goal": [144, 60], "length": 1, "is_direction_change": false}
[2026-09-25 17:23:58.894] [SFX] {"sound": "click_target", "volume": 0.65}
[2026-09-25 17:23:58.917] [JACK] Vorsichtig vorantasten...
[2026-09-25 17:23:59.008] [SFX] {"sound": "civ_move_2", "volume": 0.01}
[2026-09-25 17:23:59.009] [SFX] {"sound": "civ_move_2", "volume": 0.0}
[2026-09-25 17:23:59.009] [SFX] {"sound": "civ_move_2", "volume": 0.02}
[2026-09-25 17:23:59.010] [SFX] {"sound": "civ_move_1", "volume": 0.03}
[2026-09-25 17:23:59.010] [SFX] {"sound": "civ_move_2", "volume": 0.13}
[2026-09-25 17:23:59.031] [SFX] {"sound": "civ_move_1", "volume": 0.15}
[2026-09-25 17:23:59.048] [SFX] {"sound": "civ_move_2", "volume": 0.01}
[2026-09-25 17:23:59.049] [SFX] {"sound": "civ_move_2", "volume": 0.03}
[2026-09-25 17:23:59.143] [SFX] {"sound": "guardian_move", "volume": 0.09}
[2026-09-25 17:23:59.165] [C] {"civ_pos": [142, 58]}
[2026-09-25 17:23:59.190] [SFX] {"sound": "player_move", "volume": 0.4}
[2026-09-25 17:23:59.190] [SFX] {"sound": "guardian_move", "volume": 0.25}
[2026-09-25 17:23:59.191] [SFX] {"sound": "civ_move_1", "volume": 0.11}
[2026-09-25 17:23:59.192] [SFX] {"sound": "civ_move_1", "volume": 0.29}
[2026-09-25 17:23:59.192] [SFX] {"sound": "civ_move_1", "volume": 0.1}
[2026-09-25 17:23:59.268] [SFX] {"sound": "guardian_move", "volume": 0.03}
[2026-09-25 17:23:59.291] [SFX] {"sound": "civ_move_1", "volume": 0.14}
[2026-09-25 17:23:59.292] [SFX] {"sound": "civ_move_1", "volume": 0.2}
[2026-09-25 17:23:59.413] [SFX] {"sound": "civ_move_2", "volume": 0.03}
[2026-09-25 17:23:59.414] [SFX] {"sound": "civ_move_2", "volume": 0.0}
[2026-09-25 17:23:59.415] [SFX] {"sound": "civ_move_2", "volume": 0.02}
[2026-09-25 17:23:59.415] [SFX] {"sound": "civ_move_1", "volume": 0.06}
[2026-09-25 17:23:59.416] [SFX] {"sound": "civ_move_2", "volume": 0.16}
[2026-09-25 17:23:59.437] [SFX] {"sound": "civ_move_1", "volume": 0.18}
[2026-09-25 17:23:59.453] [SFX] {"sound": "civ_move_2", "volume": 0.03}
[2026-09-25 17:23:59.454] [SFX] {"sound": "civ_move_2", "volume": 0.05}
[2026-09-25 17:23:59.470] [SFX] {"sound": "guardian_move", "volume": 0.1}
[2026-09-25 17:23:59.471] [SFX] {"sound": "guardian_move", "volume": 0.08}
[2026-09-25 17:23:59.595] [SFX] {"sound": "civ_move_1", "volume": 0.13}
[2026-09-25 17:23:59.595] [SFX] {"sound": "civ_move_1", "volume": 0.27}
[2026-09-25 17:23:59.596] [SFX] {"sound": "civ_move_1", "volume": 0.0}
[2026-09-25 17:23:59.597] [SFX] {"sound": "civ_move_1", "volume": 0.12}
[2026-09-25 17:23:59.692] [SFX] {"sound": "civ_move_1", "volume": 0.13}
[2026-09-25 17:23:59.692] [SFX] {"sound": "civ_move_1", "volume": 0.21}
[2026-09-25 17:23:59.756] [SFX] {"sound": "guardian_move", "volume": 0.11}
[2026-09-25 17:23:59.788] [SFX] {"sound": "guardian_move", "volume": 0.28}
[2026-09-25 17:23:59.822] [SFX] {"sound": "civ_move_2", "volume": 0.04}
[2026-09-25 17:23:59.822] [SFX] {"sound": "civ_move_2", "volume": 0.01}
[2026-09-25 17:23:59.823] [SFX] {"sound": "civ_move_1", "volume": 0.06}
[2026-09-25 17:23:59.824] [SFX] {"sound": "civ_move_2", "volume": 0.17}
[2026-09-25 17:23:59.844] [SFX] {"sound": "civ_move_1", "volume": 0.18}
[2026-09-25 17:23:59.861] [SFX] {"sound": "civ_move_2", "volume": 0.04}
[2026-09-25 17:23:59.878] [SFX] {"sound": "guardian_move", "volume": 0.05}
[2026-09-25 17:24:00.009] [SFX] {"sound": "civ_move_1", "volume": 0.13}
[2026-09-25 17:24:00.009] [SFX] {"sound": "civ_move_1", "volume": 0.26}
[2026-09-25 17:24:00.010] [SFX] {"sound": "civ_move_1", "volume": 0.01}
[2026-09-25 17:24:00.011] [SFX] {"sound": "civ_move_1", "volume": 0.12}
[2026-09-25 17:24:00.074] [SFX] {"sound": "guardian_move", "volume": 0.12}
[2026-09-25 17:24:00.075] [SFX] {"sound": "guardian_move", "volume": 0.08}
[2026-09-25 17:24:00.097] [SFX] {"sound": "civ_move_1", "volume": 0.12}
[2026-09-25 17:24:00.098] [SFX] {"sound": "civ_move_1", "volume": 0.22}
[2026-09-25 17:24:00.223] [SFX] {"sound": "civ_move_2", "volume": 0.05}
[2026-09-25 17:24:00.224] [SFX] {"sound": "civ_move_1", "volume": 0.06}
[2026-09-25 17:24:00.224] [SFX] {"sound": "civ_move_2", "volume": 0.18}
[2026-09-25 17:24:00.246] [SFX] {"sound": "civ_move_1", "volume": 0.18}
[2026-09-25 17:24:00.261] [SFX] {"sound": "civ_move_2", "volume": 0.05}
[2026-09-25 17:24:00.262] [SFX] {"sound": "civ_move_2", "volume": 0.04}
[2026-09-25 17:24:00.355] [SFX] {"sound": "threat_pulse", "volume": 0.31}
[2026-09-25 17:24:00.376] [SFX] {"sound": "guardian_move", "volume": 0.13}
[2026-09-25 17:24:00.403] [SFX] {"sound": "guardian_move", "volume": 0.3}
[2026-09-25 17:24:00.425] [SFX] {"sound": "civ_move_1", "volume": 0.14}
[2026-09-25 17:24:00.425] [SFX] {"sound": "civ_move_1", "volume": 0.25}
[2026-09-25 17:24:00.426] [SFX] {"sound": "civ_move_1", "volume": 0.02}
[2026-09-25 17:24:00.427] [SFX] {"sound": "civ_move_1", "volume": 0.13}
[2026-09-25 17:24:00.486] [SFX] {"sound": "guardian_move", "volume": 0.06}
[2026-09-25 17:24:00.508] [SFX] {"sound": "civ_move_1", "volume": 0.11}
[2026-09-25 17:24:00.508] [SFX] {"sound": "civ_move_1", "volume": 0.23}
[2026-09-25 17:24:00.552] [SFX] {"sound": "civ_move_1", "volume": 0.0}
[2026-09-25 17:24:00.635] [SFX] {"sound": "civ_move_2", "volume": 0.06}
[2026-09-25 17:24:00.636] [SFX] {"sound": "civ_move_1", "volume": 0.05}
[2026-09-25 17:24:00.637] [SFX] {"sound": "civ_move_2", "volume": 0.19}
[2026-09-25 17:24:00.659] [SFX] {"sound": "civ_move_1", "volume": 0.17}
[2026-09-25 17:24:00.676] [SFX] {"sound": "civ_move_2", "volume": 0.06}
[2026-09-25 17:24:00.691] [SFX] {"sound": "guardian_move", "volume": 0.14}
[2026-09-25 17:24:00.692] [SFX] {"sound": "guardian_move", "volume": 0.08}
[2026-09-25 17:24:00.693] [SFX] {"sound": "civ_move_2", "volume": 0.04}
[2026-09-25 17:24:00.835] [SFX] {"sound": "civ_move_1", "volume": 0.15}
[2026-09-25 17:24:00.835] [SFX] {"sound": "civ_move_1", "volume": 0.24}
[2026-09-25 17:24:00.836] [SFX] {"sound": "civ_move_1", "volume": 0.03}
[2026-09-25 17:24:00.837] [SFX] {"sound": "civ_move_1", "volume": 0.14}
[2026-09-25 17:24:00.919] [M] {"button": 1, "pos": [340, 167], "ui_clicked": false}
[2026-09-25 17:24:00.926] [SFX] {"sound": "civ_move_1", "volume": 0.09}
[2026-09-25 17:24:00.927] [SFX] {"sound": "civ_move_1", "volume": 0.3}
[2026-09-25 17:24:00.927] [P] {"start": [144, 60], "goal": [146, 58], "length": 2, "is_direction_change": false}
[2026-09-25 17:24:00.928] [SFX] {"sound": "click_target", "volume": 0.93}
[2026-09-25 17:24:00.968] [JACK] Hörst du das Wummern? Sentinels in der Nähe... Bloß keinen falschen Schritt machen!
[2026-09-25 17:24:00.983] [SFX] {"sound": "guardian_move", "volume": 0.14}
[2026-09-25 17:24:00.984] [SFX] {"sound": "civ_move_1", "volume": 0.01}
[2026-09-25 17:24:01.020] [SFX] {"sound": "guardian_move", "volume": 0.3}
[2026-09-25 17:24:01.049] [SFX] {"sound": "civ_move_2", "volume": 0.07}
[2026-09-25 17:24:01.050] [SFX] {"sound": "civ_move_1", "volume": 0.04}
[2026-09-25 17:24:01.051] [SFX] {"sound": "civ_move_2", "volume": 0.19}
[2026-09-25 17:24:01.073] [SFX] {"sound": "civ_move_1", "volume": 0.16}
[2026-09-25 17:24:01.088] [SFX] {"sound": "civ_move_2", "volume": 0.07}
[2026-09-25 17:24:01.106] [SFX] {"sound": "guardian_move", "volume": 0.07}
[2026-09-25 17:24:01.106] [SFX] {"sound": "civ_move_2", "volume": 0.03}
[2026-09-25 17:24:01.246] [SFX] {"sound": "civ_move_1", "volume": 0.16}
[2026-09-25 17:24:01.247] [SFX] {"sound": "civ_move_1", "volume": 0.21}
[2026-09-25 17:24:01.248] [SFX] {"sound": "civ_move_1", "volume": 0.03}
[2026-09-25 17:24:01.249] [SFX] {"sound": "civ_move_1", "volume": 0.15}
[2026-09-25 17:24:01.273] [SFX] {"sound": "threat_pulse", "volume": 0.35}
[2026-09-25 17:24:01.298] [SFX] {"sound": "guardian_move", "volume": 0.14}
[2026-09-25 17:24:01.299] [SFX] {"sound": "guardian_move", "volume": 0.09}
[2026-09-25 17:24:01.331] [SFX] {"sound": "civ_move_1", "volume": 0.07}
[2026-09-25 17:24:01.332] [SFX] {"sound": "civ_move_1", "volume": 0.28}
[2026-09-25 17:24:01.380] [SFX] {"sound": "civ_move_1", "volume": 0.01}
[2026-09-25 17:24:01.463] [SFX] {"sound": "civ_move_2", "volume": 0.09}
[2026-09-25 17:24:01.464] [SFX] {"sound": "civ_move_1", "volume": 0.04}
[2026-09-25 17:24:01.465] [SFX] {"sound": "civ_move_2", "volume": 0.2}
[2026-09-25 17:24:01.485] [SFX] {"sound": "civ_move_1", "volume": 0.15}
[2026-09-25 17:24:01.502] [SFX] {"sound": "civ_move_2", "volume": 0.08}
[2026-09-25 17:24:01.519] [SFX] {"sound": "civ_move_2", "volume": 0.04}
[2026-09-25 17:24:01.578] [SFX] {"sound": "guardian_move", "volume": 0.17}
[2026-09-25 17:24:01.628] [SFX] {"sound": "guardian_move", "volume": 0.38}
[2026-09-25 17:24:01.662] [SFX] {"sound": "civ_move_1", "volume": 0.16}
[2026-09-25 17:24:01.663] [SFX] {"sound": "civ_move_1", "volume": 0.2}
[2026-09-25 17:24:01.664] [SFX] {"sound": "civ_move_1", "volume": 0.04}
[2026-09-25 17:24:01.665] [SFX] {"sound": "civ_move_1", "volume": 0.15}
[2026-09-25 17:24:01.666] [C] {"civ_pos": [145, 58]}
[2026-09-25 17:24:01.713] [SFX] {"sound": "guardian_move", "volume": 0.08}
[2026-09-25 17:24:01.747] [SFX] {"sound": "civ_move_1", "volume": 0.05}
[2026-09-25 17:24:01.747] [SFX] {"sound": "civ_move_1", "volume": 0.3}
[2026-09-25 17:24:01.780] [SFX] {"sound": "civ_move_1", "volume": 0.02}
[2026-09-25 17:24:01.879] [SFX] {"sound": "civ_move_2", "volume": 0.09}
[2026-09-25 17:24:01.880] [SFX] {"sound": "civ_move_1", "volume": 0.04}
[2026-09-25 17:24:01.880] [SFX] {"sound": "civ_move_2", "volume": 0.21}
[2026-09-25 17:24:01.902] [SFX] {"sound": "civ_move_1", "volume": 0.14}
[2026-09-25 17:24:01.918] [SFX] {"sound": "guardian_move", "volume": 0.16}
[2026-09-25 17:24:01.919] [SFX] {"sound": "guardian_move", "volume": 0.11}
[2026-09-25 17:24:01.919] [SFX] {"sound": "civ_move_2", "volume": 0.09}
[2026-09-25 17:24:01.937] [SFX] {"sound": "civ_move_2", "volume": 0.04}
[2026-09-25 17:24:02.062] [SFX] {"sound": "civ_move_1", "volume": 0.16}
[2026-09-25 17:24:02.062] [SFX] {"sound": "civ_move_1", "volume": 0.19}
[2026-09-25 17:24:02.063] [SFX] {"sound": "civ_move_1", "volume": 0.05}
[2026-09-25 17:24:02.064] [SFX] {"sound": "civ_move_1", "volume": 0.16}
[2026-09-25 17:24:02.161] [SFX] {"sound": "civ_move_1", "volume": 0.04}
[2026-09-25 17:24:02.162] [SFX] {"sound": "civ_move_1", "volume": 0.29}
[2026-09-25 17:24:02.163] [SFX] {"sound": "threat_pulse", "volume": 0.4}
[2026-09-25 17:24:02.183] [SFX] {"sound": "guardian_move", "volume": 0.18}
[2026-09-25 17:24:02.199] [SFX] {"sound": "civ_move_1", "volume": 0.03}
[2026-09-25 17:24:02.246] [SFX] {"sound": "guardian_move", "volume": 0.4}
[2026-09-25 17:24:02.294] [SFX] {"sound": "civ_move_2", "volume": 0.1}
[2026-09-25 17:24:02.295] [SFX] {"sound": "civ_move_1", "volume": 0.03}
[2026-09-25 17:24:02.295] [SFX] {"sound": "civ_move_2", "volume": 0.22}
[2026-09-25 17:24:02.316] [SFX] {"sound": "civ_move_1", "volume": 0.13}
[2026-09-25 17:24:02.333] [SFX] {"sound": "guardian_move", "volume": 0.1}
[2026-09-25 17:24:02.334] [SFX] {"sound": "civ_move_2", "volume": 0.1}
[2026-09-25 17:24:02.350] [SFX] {"sound": "civ_move_2", "volume": 0.04}
[2026-09-25 17:24:02.477] [SFX] {"sound": "civ_move_1", "volume": 0.17}
[2026-09-25 17:24:02.477] [SFX] {"sound": "civ_move_1", "volume": 0.18}
[2026-09-25 17:24:02.478] [SFX] {"sound": "civ_move_1", "volume": 0.05}
[2026-09-25 17:24:02.479] [SFX] {"sound": "civ_move_1", "volume": 0.16}
[2026-09-25 17:24:02.526] [SFX] {"sound": "guardian_move", "volume": 0.18}
[2026-09-25 17:24:02.527] [SFX] {"sound": "guardian_move", "volume": 0.13}
[2026-09-25 17:24:02.576] [SFX] {"sound": "civ_move_1", "volume": 0.03}
[2026-09-25 17:24:02.577] [SFX] {"sound": "civ_move_1", "volume": 0.28}
[2026-09-25 17:24:02.609] [SFX] {"sound": "civ_move_1", "volume": 0.03}
[2026-09-25 17:24:02.705] [SFX] {"sound": "civ_move_2", "volume": 0.11}
[2026-09-25 17:24:02.706] [SFX] {"sound": "civ_move_1", "volume": 0.03}
[2026-09-25 17:24:02.707] [SFX] {"sound": "civ_move_2", "volume": 0.22}
[2026-09-25 17:24:02.729] [SFX] {"sound": "civ_move_1", "volume": 0.13}
[2026-09-25 17:24:02.745] [SFX] {"sound": "civ_move_2", "volume": 0.11}
[2026-09-25 17:24:02.762] [SFX] {"sound": "civ_move_2", "volume": 0.05}
[2026-09-25 17:24:02.790] [SFX] {"sound": "guardian_move", "volume": 0.19}
[2026-09-25 17:24:02.889] [SFX] {"sound": "civ_move_1", "volume": 0.17}
[2026-09-25 17:24:02.890] [SFX] {"sound": "civ_move_1", "volume": 0.16}
[2026-09-25 17:24:02.890] [SFX] {"sound": "civ_move_1", "volume": 0.06}
[2026-09-25 17:24:02.891] [SFX] {"sound": "civ_move_1", "volume": 0.17}
[2026-09-25 17:24:02.937] [SFX] {"sound": "guardian_move", "volume": 0.12}
[2026-09-25 17:24:02.971] [SFX] {"sound": "threat_pulse", "volume": 0.46}
[2026-09-25 17:24:02.995] [SFX] {"sound": "civ_move_1", "volume": 0.02}
[2026-09-25 17:24:02.996] [SFX] {"sound": "civ_move_1", "volume": 0.27}
[2026-09-25 17:24:03.012] [SFX] {"sound": "guardian_move", "volume": 0.4}
[2026-09-25 17:24:03.029] [SFX] {"sound": "civ_move_1", "volume": 0.04}
[2026-09-25 17:24:03.120] [SFX] {"sound": "civ_move_2", "volume": 0.12}
[2026-09-25 17:24:03.121] [SFX] {"sound": "civ_move_1", "volume": 0.03}
[2026-09-25 17:24:03.122] [SFX] {"sound": "civ_move_2", "volume": 0.28}
[2026-09-25 17:24:03.144] [SFX] {"sound": "guardian_move", "volume": 0.2}
[2026-09-25 17:24:03.145] [SFX] {"sound": "guardian_move", "volume": 0.15}
[2026-09-25 17:24:03.146] [SFX] {"sound": "civ_move_2", "volume": 0.0}
[2026-09-25 17:24:03.146] [SFX] {"sound": "civ_move_1", "volume": 0.12}
[2026-09-25 17:24:03.167] [SFX] {"sound": "civ_move_2", "volume": 0.12}
[2026-09-25 17:24:03.168] [SFX] {"sound": "civ_move_2", "volume": 0.05}
[2026-09-25 17:24:03.246] [M] {"button": 1, "pos": [322, 201], "ui_clicked": false}
[2026-09-25 17:24:03.294] [SFX] {"sound": "civ_move_1", "volume": 0.17}
[2026-09-25 17:24:03.295] [SFX] {"sound": "civ_move_1", "volume": 0.15}
[2026-09-25 17:24:03.296] [SFX] {"sound": "civ_move_1", "volume": 0.07}
[2026-09-25 17:24:03.296] [SFX] {"sound": "civ_move_1", "volume": 0.17}
[2026-09-25 17:24:03.397] [SFX] {"sound": "guardian_move", "volume": 0.21}
[2026-09-25 17:24:03.398] [SFX] {"sound": "civ_move_1", "volume": 0.01}
[2026-09-25 17:24:03.398] [SFX] {"sound": "civ_move_1", "volume": 0.25}
[2026-09-25 17:24:03.428] [SFX] {"sound": "civ_move_1", "volume": 0.05}
[2026-09-25 17:24:03.529] [SFX] {"sound": "civ_move_2", "volume": 0.13}
[2026-09-25 17:24:03.529] [SFX] {"sound": "civ_move_1", "volume": 0.02}
[2026-09-25 17:24:03.530] [SFX] {"sound": "civ_move_2", "volume": 0.27}
[2026-09-25 17:24:03.554] [SFX] {"sound": "guardian_move", "volume": 0.13}
[2026-09-25 17:24:03.555] [SFX] {"sound": "civ_move_2", "volume": 0.01}
[2026-09-25 17:24:03.555] [SFX] {"sound": "civ_move_1", "volume": 0.11}
[2026-09-25 17:24:03.571] [SFX] {"sound": "civ_move_2", "volume": 0.12}
[2026-09-25 17:24:03.572] [SFX] {"sound": "civ_move_2", "volume": 0.05}
[2026-09-25 17:24:03.588] [SFX] {"sound": "threat_pulse", "volume": 0.51}
[2026-09-25 17:24:03.695] [SFX] {"sound": "civ_move_1", "volume": 0.17}
[2026-09-25 17:24:03.696] [SFX] {"sound": "civ_move_1", "volume": 0.14}
[2026-09-25 17:24:03.697] [SFX] {"sound": "civ_move_1", "volume": 0.08}
[2026-09-25 17:24:03.697] [SFX] {"sound": "civ_move_1", "volume": 0.17}
[2026-09-25 17:24:03.711] [M] {"button": 1, "pos": [322, 201], "ui_clicked": false}
[2026-09-25 17:24:03.718] [SFX] {"sound": "guardian_move", "volume": 0.4}
[2026-09-25 17:24:03.745] [SFX] {"sound": "guardian_move", "volume": 0.22}
[2026-09-25 17:24:03.746] [SFX] {"sound": "guardian_move", "volume": 0.16}
[2026-09-25 17:24:03.810] [SFX] {"sound": "civ_move_1", "volume": 0.24}
[2026-09-25 17:24:03.844] [SFX] {"sound": "civ_move_1", "volume": 0.06}
[2026-09-25 17:24:03.944] [SFX] {"sound": "civ_move_2", "volume": 0.13}
[2026-09-25 17:24:03.944] [SFX] {"sound": "civ_move_1", "volume": 0.02}
[2026-09-25 17:24:03.945] [SFX] {"sound": "civ_move_2", "volume": 0.26}
[2026-09-25 17:24:03.967] [SFX] {"sound": "civ_move_2", "volume": 0.03}
[2026-09-25 17:24:03.968] [SFX] {"sound": "civ_move_1", "volume": 0.1}
[2026-09-25 17:24:03.984] [SFX] {"sound": "civ_move_2", "volume": 0.13}
[2026-09-25 17:24:03.985] [SFX] {"sound": "civ_move_2", "volume": 0.05}
[2026-09-25 17:24:03.994] [M] {"button": 1, "pos": [322, 201], "ui_clicked": false}
[2026-09-25 17:24:04.010] [SFX] {"sound": "guardian_move", "volume": 0.21}
[2026-09-25 17:24:04.095] [SFX] {"sound": "threat_pulse", "volume": 0.55}
[2026-09-25 17:24:04.118] [SFX] {"sound": "civ_move_1", "volume": 0.16}
[2026-09-25 17:24:04.119] [SFX] {"sound": "civ_move_1", "volume": 0.13}
[2026-09-25 17:24:04.120] [SFX] {"sound": "civ_move_1", "volume": 0.09}
[2026-09-25 17:24:04.121] [SFX] {"sound": "civ_move_1", "volume": 0.17}
[2026-09-25 17:24:04.147] [SFX] {"sound": "guardian_move", "volume": 0.15}
[2026-09-25 17:24:04.213] [SFX] {"sound": "civ_move_1", "volume": 0.23}
[2026-09-25 17:24:04.246] [SFX] {"sound": "civ_move_1", "volume": 0.07}
[2026-09-25 17:24:04.345] [M] {"button": 1, "pos": [307, 193], "ui_clicked": false}
[2026-09-25 17:24:04.352] [SFX] {"sound": "civ_move_2", "volume": 0.14}
[2026-09-25 17:24:04.352] [SFX] {"sound": "civ_move_1", "volume": 0.01}
[2026-09-25 17:24:04.353] [SFX] {"sound": "civ_move_2", "volume": 0.25}
[2026-09-25 17:24:04.354] [P] {"start": [146, 58], "goal": [144, 59], "length": 2, "is_direction_change": false}
[2026-09-25 17:24:04.354] [SFX] {"sound": "click_target", "volume": 0.75}
[2026-09-25 17:24:04.388] [JACK] Diese Bedrohung ist greifbar... Die Wachen dürfen unser Signal nicht isolieren.
[2026-09-25 17:24:04.389] [SFX] {"sound": "guardian_move", "volume": 0.22}
[2026-09-25 17:24:04.390] [SFX] {"sound": "guardian_move", "volume": 0.18}
[2026-09-25 17:24:04.391] [SFX] {"sound": "civ_move_2", "volume": 0.04}
[2026-09-25 17:24:04.392] [SFX] {"sound": "civ_move_1", "volume": 0.1}
[2026-09-25 17:24:04.409] [SFX] {"sound": "player_move", "volume": 0.4}
[2026-09-25 17:24:04.410] [SFX] {"sound": "guardian_move", "volume": 0.39}
[2026-09-25 17:24:04.411] [SFX] {"sound": "civ_move_2", "volume": 0.13}
[2026-09-25 17:24:04.412] [SFX] {"sound": "civ_move_2", "volume": 0.05}
[2026-09-25 17:24:04.504] [SFX] {"sound": "threat_pulse", "volume": 0.59}
[2026-09-25 17:24:04.526] [SFX] {"sound": "civ_move_1", "volume": 0.17}
[2026-09-25 17:24:04.527] [SFX] {"sound": "civ_move_1", "volume": 0.13}
[2026-09-25 17:24:04.528] [SFX] {"sound": "civ_move_1", "volume": 0.11}
[2026-09-25 17:24:04.529] [SFX] {"sound": "civ_move_1", "volume": 0.17}
[2026-09-25 17:24:04.624] [SFX] {"sound": "guardian_move", "volume": 0.22}
[2026-09-25 17:24:04.625] [SFX] {"sound": "civ_move_1", "volume": 0.21}
[2026-09-25 17:24:04.659] [SFX] {"sound": "civ_move_1", "volume": 0.09}
[2026-09-25 17:24:04.757] [SFX] {"sound": "guardian_move", "volume": 0.18}
[2026-09-25 17:24:04.758] [SFX] {"sound": "civ_move_2", "volume": 0.14}
[2026-09-25 17:24:04.758] [SFX] {"sound": "civ_move_1", "volume": 0.01}
[2026-09-25 17:24:04.759] [SFX] {"sound": "civ_move_2", "volume": 0.25}
[2026-09-25 17:24:04.779] [SFX] {"sound": "civ_move_2", "volume": 0.06}
[2026-09-25 17:24:04.779] [SFX] {"sound": "civ_move_1", "volume": 0.1}
[2026-09-25 17:24:04.807] [SFX] {"sound": "civ_move_2", "volume": 0.14}
[2026-09-25 17:24:04.808] [SFX] {"sound": "civ_move_2", "volume": 0.06}
[2026-09-25 17:24:04.809] [SFX] {"sound": "threat_pulse", "volume": 0.6}
[2026-09-25 17:24:04.922] [SFX] {"sound": "civ_move_1", "volume": 0.17}
[2026-09-25 17:24:04.923] [SFX] {"sound": "civ_move_1", "volume": 0.12}
[2026-09-25 17:24:04.923] [SFX] {"sound": "civ_move_1", "volume": 0.0}
[2026-09-25 17:24:04.924] [SFX] {"sound": "civ_move_1", "volume": 0.17}
[2026-09-25 17:24:04.971] [SFX] {"sound": "guardian_move", "volume": 0.22}
[2026-09-25 17:24:04.972] [SFX] {"sound": "guardian_move", "volume": 0.21}
[2026-09-25 17:24:05.005] [SFX] {"sound": "guardian_move", "volume": 0.39}
[2026-09-25 17:24:05.039] [SFX] {"sound": "civ_move_1", "volume": 0.17}
[2026-09-25 17:24:05.073] [SFX] {"sound": "civ_move_1", "volume": 0.1}
[2026-09-25 17:24:05.122] [SFX] {"sound": "threat_pulse", "volume": 0.63}
[2026-09-25 17:24:05.173] [SFX] {"sound": "civ_move_2", "volume": 0.15}
[2026-09-25 17:24:05.174] [SFX] {"sound": "civ_move_2", "volume": 0.08}
[2026-09-25 17:24:05.175] [SFX] {"sound": "civ_move_1", "volume": 0.02}
[2026-09-25 17:24:05.175] [SFX] {"sound": "civ_move_1", "volume": 0.09}
[2026-09-25 17:24:05.176] [SFX] {"sound": "civ_move_2", "volume": 0.24}
[2026-09-25 17:24:05.222] [SFX] {"sound": "civ_move_2", "volume": 0.15}
[2026-09-25 17:24:05.223] [SFX] {"sound": "civ_move_2", "volume": 0.07}
[2026-09-25 17:24:05.245] [SFX] {"sound": "guardian_move", "volume": 0.23}
[2026-09-25 17:24:05.324] [SFX] {"sound": "civ_move_1", "volume": 0.16}
[2026-09-25 17:24:05.324] [SFX] {"sound": "civ_move_1", "volume": 0.1}
[2026-09-25 17:24:05.325] [SFX] {"sound": "civ_move_1", "volume": 0.13}
[2026-09-25 17:24:05.326] [SFX] {"sound": "civ_move_1", "volume": 0.01}
[2026-09-25 17:24:05.326] [SFX] {"sound": "civ_move_1", "volume": 0.17}
[2026-09-25 17:24:05.327] [SFX] {"sound": "threat_pulse", "volume": 0.64}
[2026-09-25 17:24:05.357] [M] {"button": 1, "pos": [336, 193], "ui_clicked": false}
[2026-09-25 17:24:05.364] [SFX] {"sound": "guardian_move", "volume": 0.2}
[2026-09-25 17:24:05.440] [SFX] {"sound": "civ_move_1", "volume": 0.17}
[2026-09-25 17:24:05.473] [SFX] {"sound": "civ_move_1", "volume": 0.11}
[2026-09-25 17:24:05.539] [SFX] {"sound": "threat_pulse", "volume": 0.66}
[2026-09-25 17:24:05.573] [SFX] {"sound": "guardian_move", "volume": 0.22}
[2026-09-25 17:24:05.573] [SFX] {"sound": "guardian_move", "volume": 0.23}
[2026-09-25 17:24:05.574] [SFX] {"sound": "civ_move_2", "volume": 0.16}
[2026-09-25 17:24:05.575] [SFX] {"sound": "civ_move_2", "volume": 0.09}
[2026-09-25 17:24:05.575] [SFX] {"sound": "civ_move_1", "volume": 0.02}
[2026-09-25 17:24:05.576] [SFX] {"sound": "civ_move_1", "volume": 0.08}
[2026-09-25 17:24:05.577] [SFX] {"sound": "civ_move_2", "volume": 0.22}
[2026-09-25 17:24:05.607] [M] {"button": 1, "pos": [337, 185], "ui_clicked": false}
[2026-09-25 17:24:05.623] [SFX] {"sound": "guardian_move", "volume": 0.32}
[2026-09-25 17:24:05.624] [SFX] {"sound": "civ_move_2", "volume": 0.16}
[2026-09-25 17:24:05.625] [SFX] {"sound": "civ_move_2", "volume": 0.08}
[2026-09-25 17:24:05.740] [SFX] {"sound": "civ_move_1", "volume": 0.16}
[2026-09-25 17:24:05.741] [SFX] {"sound": "civ_move_1", "volume": 0.09}
[2026-09-25 17:24:05.742] [SFX] {"sound": "civ_move_1", "volume": 0.14}
[2026-09-25 17:24:05.742] [SFX] {"sound": "civ_move_1", "volume": 0.02}
[2026-09-25 17:24:05.743] [SFX] {"sound": "civ_move_1", "volume": 0.16}
[2026-09-25 17:24:05.744] [SFX] {"sound": "threat_pulse", "volume": 0.68}
[2026-09-25 17:24:05.806] [M] {"button": 1, "pos": [332, 163], "ui_clicked": false}
[2026-09-25 17:24:05.838] [SFX] {"sound": "guardian_move", "volume": 0.23}
[2026-09-25 17:24:05.860] [SFX] {"sound": "threat_pulse", "volume": 0.69}
[2026-09-25 17:24:05.877] [SFX] {"sound": "civ_move_1", "volume": 0.17}
[2026-09-25 17:24:05.895] [SFX] {"sound": "civ_move_1", "volume": 0.12}
[2026-09-25 17:24:05.956] [SFX] {"sound": "threat_pulse", "volume": 0.69}
[2026-09-25 17:24:05.977] [SFX] {"sound": "guardian_move", "volume": 0.21}
[2026-09-25 17:24:05.995] [SFX] {"sound": "civ_move_2", "volume": 0.16}
[2026-09-25 17:24:05.996] [SFX] {"sound": "civ_move_2", "volume": 0.1}
[2026-09-25 17:24:05.997] [SFX] {"sound": "civ_move_1", "volume": 0.03}
[2026-09-25 17:24:05.997] [SFX] {"sound": "civ_move_1", "volume": 0.07}
[2026-09-25 17:24:05.998] [SFX] {"sound": "civ_move_2", "volume": 0.21}
[2026-09-25 17:24:06.025] [SFX] {"sound": "civ_move_2", "volume": 0.16}
[2026-09-25 17:24:06.026] [SFX] {"sound": "civ_move_2", "volume": 0.09}
[2026-09-25 17:24:06.049] [SFX] {"sound": "alert_trigger", "volume": 1.0}
[2026-09-25 17:24:06.067] [SFX] {"sound": "game_over", "volume": 1.0}
[2026-09-25 17:24:06.753] [SFX] {"sound": "hack_success", "volume": 0.8}
[2026-09-25 17:24:07.599] [SESSION_RESET] {"msg": "--- NEW LIFE STARTED ---"}
[2026-09-25 17:24:07.645] [S] {"map": "Shadowgrid"}
[2026-09-25 17:24:07.667] [JACK] Ah, im Shadowgrid angekommen... endlich.
[2026-09-25 17:24:08.126] [SFX] {"sound": "civ_move_2", "volume": 0.09}
[2026-09-25 17:24:08.225] [SFX] {"sound": "civ_move_2", "volume": 0.07}
[2026-09-25 17:24:08.226] [SFX] {"sound": "civ_move_1", "volume": 0.03}
[2026-09-25 17:24:08.260] [SFX] {"sound": "civ_move_1", "volume": 0.08}
[2026-09-25 17:24:08.342] [SFX] {"sound": "civ_move_1", "volume": 0.05}
[2026-09-25 17:24:08.375] [M] {"button": 1, "pos": [306, 216], "ui_clicked": false}
[2026-09-25 17:24:08.383] [SFX] {"sound": "civ_move_1", "volume": 0.01}
[2026-09-25 17:24:08.384] [P] {"start": [52, 20], "goal": [50, 24], "length": 3, "is_direction_change": false}
[2026-09-25 17:24:08.385] [SFX] {"sound": "click_target", "volume": 0.7}
[2026-09-25 17:24:08.421] [SFX] {"sound": "player_move", "volume": 0.4}
[2026-09-25 17:24:08.438] [SFX] {"sound": "civ_move_1", "volume": 0.1}
[2026-09-25 17:24:08.465] [SFX] {"sound": "civ_move_1", "volume": 0.03}
[2026-09-25 17:24:08.488] [SFX] {"sound": "civ_move_2", "volume": 0.18}
[2026-09-25 17:24:08.504] [SFX] {"sound": "civ_move_2", "volume": 0.01}
[2026-09-25 17:24:08.532] [SFX] {"sound": "civ_move_2", "volume": 0.1}
[2026-09-25 17:24:08.629] [SFX] {"sound": "civ_move_2", "volume": 0.09}
[2026-09-25 17:24:08.629] [SFX] {"sound": "civ_move_1", "volume": 0.04}
[2026-09-25 17:24:08.662] [SFX] {"sound": "civ_move_1", "volume": 0.1}
[2026-09-25 17:24:08.695] [SFX] {"sound": "player_move", "volume": 0.4}
[2026-09-25 17:24:08.744] [SFX] {"sound": "civ_move_1", "volume": 0.05}
[2026-09-25 17:24:08.776] [SFX] {"sound": "civ_move_1", "volume": 0.04}
[2026-09-25 17:24:08.791] [M] {"button": 1, "pos": [308, 232], "ui_clicked": false}
[2026-09-25 17:24:08.842] [SFX] {"sound": "civ_move_1", "volume": 0.1}
[2026-09-25 17:24:08.842] [SFX] {"sound": "civ_move_2", "volume": 0.01}
[2026-09-25 17:24:08.873] [SFX] {"sound": "civ_move_1", "volume": 0.05}
[2026-09-25 17:24:08.895] [SFX] {"sound": "civ_move_2", "volume": 0.19}
[2026-09-25 17:24:08.913] [SFX] {"sound": "civ_move_2", "volume": 0.02}
[2026-09-25 17:24:08.941] [SFX] {"sound": "civ_move_2", "volume": 0.11}
[2026-09-25 17:24:09.042] [SFX] {"sound": "civ_move_2", "volume": 0.08}
[2026-09-25 17:24:09.043] [SFX] {"sound": "civ_move_1", "volume": 0.06}
[2026-09-25 17:24:09.076] [SFX] {"sound": "civ_move_1", "volume": 0.11}
[2026-09-25 17:24:09.159] [M] {"button": 1, "pos": [320, 236], "ui_clicked": false}
[2026-09-25 17:24:09.167] [SFX] {"sound": "civ_move_1", "volume": 0.04}
[2026-09-25 17:24:09.168] [P] {"start": [50, 24], "goal": [50, 30], "length": 1, "is_direction_change": false}
[2026-09-25 17:24:09.169] [SFX] {"sound": "click_target", "volume": 0.66}
[2026-09-25 17:24:09.204] [SFX] {"sound": "civ_move_1", "volume": 0.05}
[2026-09-25 17:24:09.246] [SFX] {"sound": "civ_move_1", "volume": 0.11}
[2026-09-25 17:24:09.247] [SFX] {"sound": "civ_move_2", "volume": 0.02}
[2026-09-25 17:24:09.279] [SFX] {"sound": "civ_move_1", "volume": 0.07}
[2026-09-25 17:24:09.302] [SFX] {"sound": "civ_move_2", "volume": 0.2}
[2026-09-25 17:24:09.318] [SFX] {"sound": "civ_move_2", "volume": 0.03}
[2026-09-25 17:24:09.344] [SFX] {"sound": "civ_move_2", "volume": 0.13}
[2026-09-25 17:24:09.445] [SFX] {"sound": "civ_move_2", "volume": 0.11}
[2026-09-25 17:24:09.446] [SFX] {"sound": "civ_move_1", "volume": 0.08}
[2026-09-25 17:24:09.478] [SFX] {"sound": "civ_move_1", "volume": 0.14}
[2026-09-25 17:24:09.559] [SFX] {"sound": "civ_move_1", "volume": 0.06}
[2026-09-25 17:24:09.592] [SFX] {"sound": "civ_move_1", "volume": 0.08}
[2026-09-25 17:24:09.609] [M] {"button": 1, "pos": [323, 246], "ui_clicked": false}
[2026-09-25 17:24:09.657] [SFX] {"sound": "civ_move_1", "volume": 0.13}
[2026-09-25 17:24:09.658] [SFX] {"sound": "civ_move_2", "volume": 0.02}
[2026-09-25 17:24:09.691] [SFX] {"sound": "civ_move_1", "volume": 0.1}
[2026-09-25 17:24:09.713] [SFX] {"sound": "civ_move_2", "volume": 0.2}
[2026-09-25 17:24:09.731] [SFX] {"sound": "civ_move_2", "volume": 0.05}
[2026-09-25 17:24:09.757] [SFX] {"sound": "civ_move_2", "volume": 0.13}
[2026-09-25 17:24:09.856] [SFX] {"sound": "civ_move_2", "volume": 0.1}
[2026-09-25 17:24:09.856] [SFX] {"sound": "civ_move_1", "volume": 0.07}
[2026-09-25 17:24:09.887] [SFX] {"sound": "civ_move_1", "volume": 0.13}
[2026-09-25 17:24:09.971] [SFX] {"sound": "civ_move_1", "volume": 0.05}
[2026-09-25 17:24:10.004] [SFX] {"sound": "civ_move_1", "volume": 0.09}
[2026-09-25 17:24:10.070] [SFX] {"sound": "civ_move_1", "volume": 0.12}
[2026-09-25 17:24:10.071] [SFX] {"sound": "civ_move_2", "volume": 0.01}
[2026-09-25 17:24:10.102] [SFX] {"sound": "civ_move_1", "volume": 0.11}
[2026-09-25 17:24:10.125] [SFX] {"sound": "civ_move_2", "volume": 0.2}
[2026-09-25 17:24:10.143] [SFX] {"sound": "civ_move_2", "volume": 0.06}
[2026-09-25 17:24:10.169] [SFX] {"sound": "civ_move_2", "volume": 0.12}
[2026-09-25 17:24:10.265] [SFX] {"sound": "civ_move_2", "volume": 0.09}
[2026-09-25 17:24:10.266] [SFX] {"sound": "civ_move_1", "volume": 0.07}
[2026-09-25 17:24:10.298] [SFX] {"sound": "civ_move_1", "volume": 0.13}
[2026-09-25 17:24:10.315] [M] {"button": 1, "pos": [321, 220], "ui_clicked": false}
[2026-09-25 17:24:10.322] [P] {"start": [50, 30], "goal": [50, 34], "length": 6, "is_direction_change": false}
[2026-09-25 17:24:10.323] [SFX] {"sound": "click_target", "volume": 0.7}
[2026-09-25 17:24:10.344] [SFX] {"sound": "player_move", "volume": 0.4}
[2026-09-25 17:24:10.371] [SFX] {"sound": "civ_move_1", "volume": 0.04}
[2026-09-25 17:24:10.404] [SFX] {"sound": "civ_move_1", "volume": 0.11}
[2026-09-25 17:24:10.472] [SFX] {"sound": "civ_move_1", "volume": 0.12}
[2026-09-25 17:24:10.472] [SFX] {"sound": "civ_move_2", "volume": 0.0}
[2026-09-25 17:24:10.504] [SFX] {"sound": "civ_move_1", "volume": 0.13}
[2026-09-25 17:24:10.527] [SFX] {"sound": "civ_move_2", "volume": 0.22}
[2026-09-25 17:24:10.544] [SFX] {"sound": "civ_move_2", "volume": 0.06}
[2026-09-25 17:24:10.570] [SFX] {"sound": "civ_move_2", "volume": 0.12}
[2026-09-25 17:24:10.636] [SFX] {"sound": "player_move", "volume": 0.4}
[2026-09-25 17:24:10.669] [SFX] {"sound": "civ_move_2", "volume": 0.1}
[2026-09-25 17:24:10.670] [SFX] {"sound": "civ_move_1", "volume": 0.09}
[2026-09-25 17:24:10.703] [SFX] {"sound": "civ_move_1", "volume": 0.14}
[2026-09-25 17:24:10.787] [SFX] {"sound": "civ_move_1", "volume": 0.02}
[2026-09-25 17:24:10.819] [SFX] {"sound": "civ_move_1", "volume": 0.15}
[2026-09-25 17:24:10.853] [C] {"civ_pos": [48, 36]}
[2026-09-25 17:24:10.893] [SFX] {"sound": "civ_move_1", "volume": 0.12}
[2026-09-25 17:24:10.914] [SFX] {"sound": "civ_move_1", "volume": 0.15}
[2026-09-25 17:24:10.931] [SFX] {"sound": "civ_move_2", "volume": 0.23}
[2026-09-25 17:24:10.947] [SFX] {"sound": "player_move", "volume": 0.4}
[2026-09-25 17:24:10.948] [SFX] {"sound": "civ_move_2", "volume": 0.08}
[2026-09-25 17:24:10.973] [SFX] {"sound": "civ_move_2", "volume": 0.13}
[2026-09-25 17:24:11.072] [SFX] {"sound": "civ_move_2", "volume": 0.1}
[2026-09-25 17:24:11.073] [SFX] {"sound": "civ_move_1", "volume": 0.08}
[2026-09-25 17:24:11.105] [SFX] {"sound": "civ_move_1", "volume": 0.14}
[2026-09-25 17:24:11.187] [SFX] {"sound": "civ_move_1", "volume": 0.03}
[2026-09-25 17:24:11.222] [SFX] {"sound": "civ_move_1", "volume": 0.13}
[2026-09-25 17:24:11.238] [M] {"button": 1, "pos": [324, 219], "ui_clicked": false}
[2026-09-25 17:24:11.302] [SFX] {"sound": "civ_move_1", "volume": 0.12}
[2026-09-25 17:24:11.325] [SFX] {"sound": "civ_move_1", "volume": 0.13}
[2026-09-25 17:24:11.340] [SFX] {"sound": "civ_move_2", "volume": 0.21}
[2026-09-25 17:24:11.356] [SFX] {"sound": "civ_move_2", "volume": 0.1}
[2026-09-25 17:24:11.383] [SFX] {"sound": "civ_move_2", "volume": 0.12}
[2026-09-25 17:24:11.484] [SFX] {"sound": "civ_move_1", "volume": 0.06}
[2026-09-25 17:24:11.508] [SFX] {"sound": "civ_move_2", "volume": 0.1}
[2026-09-25 17:24:11.524] [SFX] {"sound": "civ_move_1", "volume": 0.13}
[2026-09-25 17:24:11.599] [SFX] {"sound": "civ_move_1", "volume": 0.03}
[2026-09-25 17:24:11.633] [SFX] {"sound": "civ_move_1", "volume": 0.13}
[2026-09-25 17:24:11.713] [M] {"button": 1, "pos": [322, 234], "ui_clicked": false}
[2026-09-25 17:24:11.722] [SFX] {"sound": "civ_move_1", "volume": 0.11}
[2026-09-25 17:24:11.737] [SFX] {"sound": "civ_move_1", "volume": 0.14}
[2026-09-25 17:24:11.754] [SFX] {"sound": "civ_move_2", "volume": 0.2}
[2026-09-25 17:24:11.770] [SFX] {"sound": "civ_move_2", "volume": 0.1}
[2026-09-25 17:24:11.797] [SFX] {"sound": "civ_move_2", "volume": 0.11}
[2026-09-25 17:24:11.896] [SFX] {"sound": "civ_move_1", "volume": 0.06}
[2026-09-25 17:24:11.918] [SFX] {"sound": "civ_move_2", "volume": 0.11}
[2026-09-25 17:24:11.936] [SFX] {"sound": "civ_move_1", "volume": 0.13}
[2026-09-25 17:24:12.013] [SFX] {"sound": "civ_move_1", "volume": 0.03}
[2026-09-25 17:24:12.046] [SFX] {"sound": "civ_move_1", "volume": 0.13}
[2026-09-25 17:24:12.127] [SFX] {"sound": "civ_move_1", "volume": 0.11}
[2026-09-25 17:24:12.151] [SFX] {"sound": "civ_move_1", "volume": 0.15}
[2026-09-25 17:24:12.169] [SFX] {"sound": "civ_move_2", "volume": 0.19}
[2026-09-25 17:24:12.184] [SFX] {"sound": "civ_move_2", "volume": 0.11}
[2026-09-25 17:24:12.210] [M] {"button": 1, "pos": [305, 221], "ui_clicked": false}
[2026-09-25 17:24:12.219] [SFX] {"sound": "civ_move_2", "volume": 0.1}
[2026-09-25 17:24:12.220] [P] {"start": [50, 34], "goal": [48, 39], "length": 2, "is_direction_change": false}
[2026-09-25 17:24:12.221] [SFX] {"sound": "click_target", "volume": 0.69}
[2026-09-25 17:24:12.295] [SFX] {"sound": "player_move", "volume": 0.4}
[2026-09-25 17:24:12.296] [SFX] {"sound": "civ_move_1", "volume": 0.06}
[2026-09-25 17:24:12.318] [SFX] {"sound": "civ_move_2", "volume": 0.13}
[2026-09-25 17:24:12.335] [SFX] {"sound": "civ_move_1", "volume": 0.11}
[2026-09-25 17:24:12.414] [SFX] {"sound": "civ_move_1", "volume": 0.02}
[2026-09-25 17:24:12.448] [SFX] {"sound": "civ_move_1", "volume": 0.16}
[2026-09-25 17:24:12.530] [SFX] {"sound": "civ_move_1", "volume": 0.1}
[2026-09-25 17:24:12.554] [SFX] {"sound": "civ_move_1", "volume": 0.18}
[2026-09-25 17:24:12.571] [SFX] {"sound": "civ_move_2", "volume": 0.21}
[2026-09-25 17:24:12.587] [SFX] {"sound": "civ_move_2", "volume": 0.12}
[2026-09-25 17:24:12.699] [SFX] {"sound": "civ_move_1", "volume": 0.08}
[2026-09-25 17:24:12.723] [SFX] {"sound": "civ_move_2", "volume": 0.16}
[2026-09-25 17:24:12.739] [SFX] {"sound": "civ_move_1", "volume": 0.13}
[2026-09-25 17:24:12.830] [SFX] {"sound": "civ_move_1", "volume": 0.02}
[2026-09-25 17:24:12.863] [SFX] {"sound": "civ_move_1", "volume": 0.18}
[2026-09-25 17:24:12.932] [SFX] {"sound": "civ_move_1", "volume": 0.09}
[2026-09-25 17:24:12.953] [SFX] {"sound": "civ_move_1", "volume": 0.19}
[2026-09-25 17:24:12.969] [SFX] {"sound": "civ_move_2", "volume": 0.21}
[2026-09-25 17:24:12.980] [M] {"button": 1, "pos": [321, 235], "ui_clicked": false}
[2026-09-25 17:24:12.996] [SFX] {"sound": "civ_move_2", "volume": 0.13}
[2026-09-25 17:24:13.028] [SFX] {"sound": "civ_move_2", "volume": 0.11}
[2026-09-25 17:24:13.110] [SFX] {"sound": "civ_move_1", "volume": 0.08}
[2026-09-25 17:24:13.133] [SFX] {"sound": "civ_move_2", "volume": 0.17}
[2026-09-25 17:24:13.151] [SFX] {"sound": "civ_move_1", "volume": 0.12}
[2026-09-25 17:24:13.243] [SFX] {"sound": "civ_move_1", "volume": 0.02}
[2026-09-25 17:24:13.277] [SFX] {"sound": "civ_move_1", "volume": 0.18}
[2026-09-25 17:24:13.344] [SFX] {"sound": "civ_move_1", "volume": 0.08}
[2026-09-25 17:24:13.366] [SFX] {"sound": "civ_move_1", "volume": 0.2}
[2026-09-25 17:24:13.382] [SFX] {"sound": "civ_move_2", "volume": 0.21}
[2026-09-25 17:24:13.410] [SFX] {"sound": "civ_move_2", "volume": 0.14}
[2026-09-25 17:24:13.443] [SFX] {"sound": "civ_move_2", "volume": 0.1}
[2026-09-25 17:24:13.476] [M] {"button": 1, "pos": [324, 225], "ui_clicked": false}
[2026-09-25 17:24:13.483] [P] {"start": [48, 39], "goal": [48, 44], "length": 1, "is_direction_change": false}
[2026-09-25 17:24:13.483] [SFX] {"sound": "click_target", "volume": 0.69}
[2026-09-25 17:24:13.528] [SFX] {"sound": "player_move", "volume": 0.4}
[2026-09-25 17:24:13.528] [SFX] {"sound": "civ_move_2", "volume": 0.18}
[2026-09-25 17:24:13.529] [SFX] {"sound": "civ_move_1", "volume": 0.09}
[2026-09-25 17:24:13.550] [SFX] {"sound": "civ_move_1", "volume": 0.12}
[2026-09-25 17:24:13.643] [SFX] {"sound": "civ_move_1", "volume": 0.02}
[2026-09-25 17:24:13.677] [SFX] {"sound": "civ_move_1", "volume": 0.21}
[2026-09-25 17:24:13.761] [SFX] {"sound": "civ_move_1", "volume": 0.27}
[2026-09-25 17:24:13.761] [SFX] {"sound": "civ_move_1", "volume": 0.07}
[2026-09-25 17:24:13.784] [SFX] {"sound": "civ_move_2", "volume": 0.27}
[2026-09-25 17:24:13.809] [SFX] {"sound": "civ_move_2", "volume": 0.2}
[2026-09-25 17:24:13.843] [SFX] {"sound": "civ_move_2", "volume": 0.12}
[2026-09-25 17:24:13.943] [SFX] {"sound": "civ_move_2", "volume": 0.2}
[2026-09-25 17:24:13.944] [SFX] {"sound": "civ_move_1", "volume": 0.12}
[2026-09-25 17:24:13.965] [SFX] {"sound": "civ_move_1", "volume": 0.13}
[2026-09-25 17:24:14.060] [SFX] {"sound": "civ_move_1", "volume": 0.02}
[2026-09-25 17:24:14.092] [SFX] {"sound": "civ_move_1", "volume": 0.22}
[2026-09-25 17:24:14.125] [C] {"civ_pos": [46, 44]}
[2026-09-25 17:24:14.168] [JACK] Da drüben bewegt sich eine Civ-Subroutine! Was führt die im Schilde?
[2026-09-25 17:24:14.183] [SFX] {"sound": "civ_move_1", "volume": 0.29}
[2026-09-25 17:24:14.183] [SFX] {"sound": "civ_move_1", "volume": 0.06}
[2026-09-25 17:24:14.202] [SFX] {"sound": "civ_move_2", "volume": 0.25}
[2026-09-25 17:24:14.221] [SFX] {"sound": "civ_move_2", "volume": 0.21}
[2026-09-25 17:24:14.247] [SFX] {"sound": "civ_move_2", "volume": 0.11}
[2026-09-25 17:24:14.347] [SFX] {"sound": "civ_move_2", "volume": 0.21}
[2026-09-25 17:24:14.348] [SFX] {"sound": "civ_move_1", "volume": 0.12}
[2026-09-25 17:24:14.463] [SFX] {"sound": "civ_move_1", "volume": 0.02}
[2026-09-25 17:24:14.496] [SFX] {"sound": "civ_move_1", "volume": 0.22}
[2026-09-25 17:24:14.577] [SFX] {"sound": "civ_move_1", "volume": 0.05}
[2026-09-25 17:24:14.601] [SFX] {"sound": "civ_move_1", "volume": 0.3}
[2026-09-25 17:24:14.602] [SFX] {"sound": "civ_move_2", "volume": 0.24}
[2026-09-25 17:24:14.629] [SFX] {"sound": "civ_move_2", "volume": 0.22}
[2026-09-25 17:24:14.661] [SFX] {"sound": "civ_move_2", "volume": 0.1}
[2026-09-25 17:24:14.759] [SFX] {"sound": "civ_move_2", "volume": 0.22}
[2026-09-25 17:24:14.760] [SFX] {"sound": "civ_move_1", "volume": 0.13}
[2026-09-25 17:24:14.782] [SFX] {"sound": "civ_move_1", "volume": 0.11}
[2026-09-25 17:24:14.876] [SFX] {"sound": "civ_move_1", "volume": 0.01}
[2026-09-25 17:24:14.908] [SFX] {"sound": "civ_move_1", "volume": 0.23}
[2026-09-25 17:24:14.991] [SFX] {"sound": "civ_move_1", "volume": 0.0}
[2026-09-25 17:24:14.992] [SFX] {"sound": "civ_move_1", "volume": 0.04}
[2026-09-25 17:24:15.012] [SFX] {"sound": "civ_move_1", "volume": 0.29}
[2026-09-25 17:24:15.013] [SFX] {"sound": "civ_move_2", "volume": 0.19}
[2026-09-25 17:24:15.039] [SFX] {"sound": "civ_move_2", "volume": 0.23}
[2026-09-25 17:24:15.073] [SFX] {"sound": "civ_move_2", "volume": 0.09}
[2026-09-25 17:24:15.172] [SFX] {"sound": "civ_move_2", "volume": 0.23}
[2026-09-25 17:24:15.172] [SFX] {"sound": "civ_move_1", "volume": 0.14}
[2026-09-25 17:24:15.189] [M] {"button": 1, "pos": [361, 189], "ui_clicked": false}
[2026-09-25 17:24:15.195] [SFX] {"sound": "civ_move_1", "volume": 0.1}
[2026-09-25 17:24:15.289] [SFX] {"sound": "civ_move_1", "volume": 0.01}
[2026-09-25 17:24:15.322] [SFX] {"sound": "civ_move_1", "volume": 0.22}
[2026-09-25 17:24:15.404] [SFX] {"sound": "civ_move_1", "volume": 0.01}
[2026-09-25 17:24:15.405] [SFX] {"sound": "civ_move_1", "volume": 0.03}
[2026-09-25 17:24:15.427] [SFX] {"sound": "civ_move_1", "volume": 0.28}
[2026-09-25 17:24:15.428] [SFX] {"sound": "civ_move_2", "volume": 0.19}
[2026-09-25 17:24:15.488] [SFX] {"sound": "civ_move_2", "volume": 0.08}
[2026-09-25 17:24:15.588] [SFX] {"sound": "civ_move_2", "volume": 0.23}
[2026-09-25 17:24:15.589] [SFX] {"sound": "civ_move_1", "volume": 0.14}
[2026-09-25 17:24:15.604] [M] {"button": 1, "pos": [367, 184], "ui_clicked": false}
[2026-09-25 17:24:15.611] [SFX] {"sound": "civ_move_1", "volume": 0.09}
[2026-09-25 17:24:15.612] [P] {"start": [48, 44], "goal": [53, 44], "length": 1, "is_direction_change": false}
[2026-09-25 17:24:15.613] [SFX] {"sound": "click_target", "volume": 0.68}
[2026-09-25 17:24:15.693] [SFX] {"sound": "civ_move_1", "volume": 0.01}
[2026-09-25 17:24:15.715] [SFX] {"sound": "player_move", "volume": 0.4}
[2026-09-25 17:24:15.731] [SFX] {"sound": "civ_move_1", "volume": 0.23}
[2026-09-25 17:24:15.808] [SFX] {"sound": "civ_move_1", "volume": 0.03}
[2026-09-25 17:24:15.809] [SFX] {"sound": "civ_move_1", "volume": 0.05}
[2026-09-25 17:24:15.830] [SFX] {"sound": "civ_move_1", "volume": 0.3}
[2026-09-25 17:24:15.831] [SFX] {"sound": "civ_move_2", "volume": 0.2}
[2026-09-25 17:24:15.858] [SFX] {"sound": "civ_move_2", "volume": 0.22}
[2026-09-25 17:24:15.892] [SFX] {"sound": "civ_move_2", "volume": 0.08}
[2026-09-25 17:24:15.990] [SFX] {"sound": "civ_move_2", "volume": 0.22}
[2026-09-25 17:24:15.991] [SFX] {"sound": "civ_move_1", "volume": 0.13}
[2026-09-25 17:24:16.013] [SFX] {"sound": "civ_move_1", "volume": 0.09}
[2026-09-25 17:24:16.076] [SFX] {"sound": "guardian_move", "volume": 0.0}
[2026-09-25 17:24:16.093] [M] {"button": 1, "pos": [367, 184], "ui_clicked": false}
[2026-09-25 17:24:16.099] [SFX] {"sound": "civ_move_1", "volume": 0.02}
[2026-09-25 17:24:16.100] [P] {"start": [53, 44], "goal": [58, 44], "length": 1, "is_direction_change": false}
[2026-09-25 17:24:16.101] [SFX] {"sound": "click_target", "volume": 0.7}
[2026-09-25 17:24:16.141] [SFX] {"sound": "civ_move_1", "volume": 0.23}
[2026-09-25 17:24:16.209] [SFX] {"sound": "civ_move_1", "volume": 0.04}
[2026-09-25 17:24:16.209] [SFX] {"sound": "civ_move_1", "volume": 0.06}
[2026-09-25 17:24:16.230] [SFX] {"sound": "civ_move_1", "volume": 0.29}
[2026-09-25 17:24:16.231] [SFX] {"sound": "civ_move_2", "volume": 0.2}
[2026-09-25 17:24:16.273] [SFX] {"sound": "player_move", "volume": 0.4}
[2026-09-25 17:24:16.274] [SFX] {"sound": "civ_move_2", "volume": 0.22}
[2026-09-25 17:24:16.305] [SFX] {"sound": "civ_move_2", "volume": 0.07}
[2026-09-25 17:24:16.390] [SFX] {"sound": "guardian_move", "volume": 0.01}
[2026-09-25 17:24:16.411] [SFX] {"sound": "civ_move_2", "volume": 0.2}
[2026-09-25 17:24:16.412] [SFX] {"sound": "civ_move_1", "volume": 0.11}
[2026-09-25 17:24:16.412] [SFX] {"sound": "civ_move_1", "volume": 0.08}
[2026-09-25 17:24:16.440] [SFX] {"sound": "guardian_move", "volume": 0.06}
[2026-09-25 17:24:16.506] [SFX] {"sound": "civ_move_1", "volume": 0.04}
[2026-09-25 17:24:16.556] [SFX] {"sound": "civ_move_1", "volume": 0.22}
[2026-09-25 17:24:16.622] [SFX] {"sound": "civ_move_1", "volume": 0.05}
[2026-09-25 17:24:16.623] [SFX] {"sound": "civ_move_1", "volume": 0.07}
[2026-09-25 17:24:16.645] [SFX] {"sound": "civ_move_1", "volume": 0.28}
[2026-09-25 17:24:16.646] [SFX] {"sound": "civ_move_2", "volume": 0.19}
[2026-09-25 17:24:16.646] [C] {"civ_pos": [56, 44]}
[2026-09-25 17:24:16.691] [SFX] {"sound": "guardian_move", "volume": 0.04}
[2026-09-25 17:24:16.692] [SFX] {"sound": "civ_move_2", "volume": 0.21}
[2026-09-25 17:24:16.724] [SFX] {"sound": "civ_move_2", "volume": 0.06}
[2026-09-25 17:24:16.808] [SFX] {"sound": "civ_move_2", "volume": 0.21}
[2026-09-25 17:24:16.809] [SFX] {"sound": "civ_move_1", "volume": 0.11}
[2026-09-25 17:24:16.809] [SFX] {"sound": "civ_move_1", "volume": 0.07}
[2026-09-25 17:24:16.908] [SFX] {"sound": "civ_move_1", "volume": 0.03}
[2026-09-25 17:24:16.908] [SFX] {"sound": "civ_move_1", "volume": 0.01}
[2026-09-25 17:24:16.956] [SFX] {"sound": "civ_move_1", "volume": 0.22}
[2026-09-25 17:24:17.005] [SFX] {"sound": "guardian_move", "volume": 0.01}
[2026-09-25 17:24:17.028] [SFX] {"sound": "civ_move_1", "volume": 0.06}
[2026-09-25 17:24:17.045] [SFX] {"sound": "civ_move_1", "volume": 0.22}
[2026-09-25 17:24:17.046] [SFX] {"sound": "civ_move_2", "volume": 0.18}
[2026-09-25 17:24:17.062] [SFX] {"sound": "guardian_move", "volume": 0.09}
[2026-09-25 17:24:17.106] [SFX] {"sound": "civ_move_2", "volume": 0.2}
[2026-09-25 17:24:17.139] [SFX] {"sound": "civ_move_2", "volume": 0.07}
[2026-09-25 17:24:17.220] [SFX] {"sound": "civ_move_2", "volume": 0.22}
[2026-09-25 17:24:17.221] [SFX] {"sound": "civ_move_1", "volume": 0.11}
[2026-09-25 17:24:17.222] [SFX] {"sound": "civ_move_1", "volume": 0.06}
[2026-09-25 17:24:17.303] [SFX] {"sound": "guardian_move", "volume": 0.03}
[2026-09-25 17:24:17.320] [M] {"button": 1, "pos": [304, 228], "ui_clicked": false}
[2026-09-25 17:24:17.328] [SFX] {"sound": "civ_move_1", "volume": 0.02}
[2026-09-25 17:24:17.356] [SFX] {"sound": "civ_move_1", "volume": 0.23}
[2026-09-25 17:24:17.438] [SFX] {"sound": "civ_move_1", "volume": 0.07}
[2026-09-25 17:24:17.438] [SFX] {"sound": "civ_move_1", "volume": 0.05}
[2026-09-25 17:24:17.462] [SFX] {"sound": "civ_move_1", "volume": 0.23}
[2026-09-25 17:24:17.463] [SFX] {"sound": "civ_move_2", "volume": 0.17}
[2026-09-25 17:24:17.507] [SFX] {"sound": "civ_move_2", "volume": 0.19}
[2026-09-25 17:24:17.540] [SFX] {"sound": "civ_move_2", "volume": 0.08}
[2026-09-25 17:24:17.607] [SFX] {"sound": "guardian_move", "volume": 0.02}
[2026-09-25 17:24:17.631] [SFX] {"sound": "civ_move_2", "volume": 0.23}
[2026-09-25 17:24:17.632] [SFX] {"sound": "civ_move_1", "volume": 0.12}
[2026-09-25 17:24:17.633] [SFX] {"sound": "civ_move_1", "volume": 0.05}
[2026-09-25 17:24:17.658] [SFX] {"sound": "guardian_move", "volume": 0.11}
[2026-09-25 17:24:17.724] [M] {"button": 1, "pos": [312, 228], "ui_clicked": false}
[2026-09-25 17:24:17.735] [SFX] {"sound": "civ_move_1", "volume": 0.02}
[2026-09-25 17:24:17.736] [SFX] {"sound": "civ_move_1", "volume": 0.03}
[2026-09-25 17:24:17.737] [P] {"start": [58, 44], "goal": [56, 49], "length": 2, "is_direction_change": false}
[2026-09-25 17:24:17.738] [SFX] {"sound": "click_target", "volume": 0.68}
[2026-09-25 17:24:17.777] [SFX] {"sound": "civ_move_1", "volume": 0.22}
[2026-09-25 17:24:17.844] [SFX] {"sound": "civ_move_1", "volume": 0.08}
[2026-09-25 17:24:17.845] [SFX] {"sound": "civ_move_1", "volume": 0.02}
[2026-09-25 17:24:17.866] [SFX] {"sound": "civ_move_1", "volume": 0.22}
[2026-09-25 17:24:17.867] [SFX] {"sound": "civ_move_2", "volume": 0.17}
[2026-09-25 17:24:17.909] [SFX] {"sound": "guardian_move", "volume": 0.02}
[2026-09-25 17:24:17.910] [SFX] {"sound": "civ_move_2", "volume": 0.19}
[2026-09-25 17:24:17.942] [SFX] {"sound": "civ_move_2", "volume": 0.11}
[2026-09-25 17:24:17.966] [SFX] {"sound": "player_move", "volume": 0.4}
[2026-09-25 17:24:18.025] [SFX] {"sound": "civ_move_2", "volume": 0.28}
[2026-09-25 17:24:18.025] [SFX] {"sound": "civ_move_1", "volume": 0.14}
[2026-09-25 17:24:18.026] [SFX] {"sound": "civ_move_1", "volume": 0.07}
[2026-09-25 17:24:18.126] [SFX] {"sound": "civ_move_1", "volume": 0.02}
[2026-09-25 17:24:18.127] [SFX] {"sound": "civ_move_1", "volume": 0.03}
[2026-09-25 17:24:18.193] [SFX] {"sound": "civ_move_1", "volume": 0.26}
[2026-09-25 17:24:18.193] [SFX] {"sound": "civ_move_1", "volume": 0.02}
[2026-09-25 17:24:18.215] [SFX] {"sound": "guardian_move", "volume": 0.03}
[2026-09-25 17:24:18.257] [SFX] {"sound": "civ_move_1", "volume": 0.12}
[2026-09-25 17:24:18.258] [SFX] {"sound": "civ_move_1", "volume": 0.03}
[2026-09-25 17:24:18.279] [SFX] {"sound": "guardian_move", "volume": 0.11}
[2026-09-25 17:24:18.280] [SFX] {"sound": "civ_move_1", "volume": 0.26}
[2026-09-25 17:24:18.281] [SFX] {"sound": "civ_move_2", "volume": 0.18}
[2026-09-25 17:24:18.322] [SFX] {"sound": "civ_move_2", "volume": 0.2}
[2026-09-25 17:24:18.356] [SFX] {"sound": "civ_move_2", "volume": 0.13}
[2026-09-25 17:24:18.374] [M] {"button": 1, "pos": [326, 231], "ui_clicked": false}
[2026-09-25 17:24:18.381] [P] {"start": [56, 49], "goal": [56, 54], "length": 1, "is_direction_change": false}
[2026-09-25 17:24:18.382] [SFX] {"sound": "click_target", "volume": 0.68}
[2026-09-25 17:24:18.424] [SFX] {"sound": "civ_move_2", "volume": 0.26}
[2026-09-25 17:24:18.425] [SFX] {"sound": "civ_move_1", "volume": 0.17}
[2026-09-25 17:24:18.426] [SFX] {"sound": "civ_move_1", "volume": 0.07}
[2026-09-25 17:24:18.524] [SFX] {"sound": "guardian_move", "volume": 0.03}
[2026-09-25 17:24:18.546] [SFX] {"sound": "civ_move_1", "volume": 0.03}
[2026-09-25 17:24:18.547] [SFX] {"sound": "civ_move_1", "volume": 0.04}
[2026-09-25 17:24:18.573] [SFX] {"sound": "player_move", "volume": 0.4}
[2026-09-25 17:24:18.607] [SFX] {"sound": "civ_move_1", "volume": 0.22}
[2026-09-25 17:24:18.607] [SFX] {"sound": "civ_move_1", "volume": 0.04}
[2026-09-25 17:24:18.672] [SFX] {"sound": "civ_move_1", "volume": 0.16}
[2026-09-25 17:24:18.673] [SFX] {"sound": "civ_move_1", "volume": 0.03}
[2026-09-25 17:24:18.693] [SFX] {"sound": "civ_move_1", "volume": 0.22}
[2026-09-25 17:24:18.694] [SFX] {"sound": "civ_move_2", "volume": 0.2}
[2026-09-25 17:24:18.737] [SFX] {"sound": "civ_move_2", "volume": 0.22}
[2026-09-25 17:24:18.770] [SFX] {"sound": "civ_move_2", "volume": 0.17}
[2026-09-25 17:24:18.819] [SFX] {"sound": "guardian_move", "volume": 0.03}
[2026-09-25 17:24:18.841] [SFX] {"sound": "civ_move_2", "volume": 0.23}
[2026-09-25 17:24:18.842] [SFX] {"sound": "civ_move_1", "volume": 0.16}
[2026-09-25 17:24:18.843] [SFX] {"sound": "civ_move_1", "volume": 0.09}
[2026-09-25 17:24:18.885] [SFX] {"sound": "guardian_move", "volume": 0.12}
[2026-09-25 17:24:18.910] [M] {"button": 1, "pos": [326, 231], "ui_clicked": false}
[2026-09-25 17:24:18.918] [SFX] {"sound": "click_target", "volume": 0.68}
[2026-09-25 17:24:18.945] [SFX] {"sound": "civ_move_1", "volume": 0.03}
[2026-09-25 17:24:18.945] [SFX] {"sound": "civ_move_1", "volume": 0.04}
[2026-09-25 17:24:19.011] [SFX] {"sound": "civ_move_1", "volume": 0.2}
[2026-09-25 17:24:19.011] [SFX] {"sound": "civ_move_1", "volume": 0.06}
[2026-09-25 17:24:19.012] [SFX] {"sound": "threat_pulse", "volume": 0.3}
[2026-09-25 17:24:19.078] [SFX] {"sound": "civ_move_1", "volume": 0.19}
[2026-09-25 17:24:19.079] [SFX] {"sound": "civ_move_1", "volume": 0.03}
[2026-09-25 17:24:19.100] [SFX] {"sound": "civ_move_1", "volume": 0.2}
[2026-09-25 17:24:19.101] [SFX] {"sound": "civ_move_2", "volume": 0.21}
[2026-09-25 17:24:19.127] [SFX] {"sound": "guardian_move", "volume": 0.03}
[2026-09-25 17:24:19.149] [SFX] {"sound": "civ_move_2", "volume": 0.23}
[2026-09-25 17:24:19.149] [C] {"civ_pos": [56, 59]}
[2026-09-25 17:24:19.175] [SFX] {"sound": "player_move", "volume": 0.4}
[2026-09-25 17:24:19.192] [SFX] {"sound": "civ_move_2", "volume": 0.21}
[2026-09-25 17:24:19.248] [SFX] {"sound": "civ_move_2", "volume": 0.19}
[2026-09-25 17:24:19.249] [SFX] {"sound": "civ_move_1", "volume": 0.14}
[2026-09-25 17:24:19.250] [SFX] {"sound": "civ_move_1", "volume": 0.1}
[2026-09-25 17:24:19.348] [SFX] {"sound": "civ_move_1", "volume": 0.04}
[2026-09-25 17:24:19.413] [SFX] {"sound": "civ_move_1", "volume": 0.18}
[2026-09-25 17:24:19.414] [SFX] {"sound": "civ_move_1", "volume": 0.07}
[2026-09-25 17:24:19.438] [SFX] {"sound": "guardian_move", "volume": 0.03}
[2026-09-25 17:24:19.464] [SFX] {"sound": "player_move", "volume": 0.4}
[2026-09-25 17:24:19.488] [SFX] {"sound": "civ_move_1", "volume": 0.21}
[2026-09-25 17:24:19.489] [SFX] {"sound": "civ_move_1", "volume": 0.02}
[2026-09-25 17:24:19.505] [SFX] {"sound": "guardian_move", "volume": 0.12}
[2026-09-25 17:24:19.505] [SFX] {"sound": "civ_move_1", "volume": 0.18}
[2026-09-25 17:24:19.506] [SFX] {"sound": "civ_move_2", "volume": 0.22}
[2026-09-25 17:24:19.546] [SFX] {"sound": "civ_move_2", "volume": 0.23}
[2026-09-25 17:24:19.571] [SFX] {"sound": "civ_move_1", "volume": 0.01}
[2026-09-25 17:24:19.596] [SFX] {"sound": "civ_move_2", "volume": 0.23}
[2026-09-25 17:24:19.662] [SFX] {"sound": "civ_move_2", "volume": 0.17}
[2026-09-25 17:24:19.663] [SFX] {"sound": "civ_move_1", "volume": 0.14}
[2026-09-25 17:24:19.663] [SFX] {"sound": "civ_move_1", "volume": 0.1}
[2026-09-25 17:24:19.729] [SFX] {"sound": "guardian_move", "volume": 0.03}
[2026-09-25 17:24:19.762] [SFX] {"sound": "civ_move_1", "volume": 0.04}
[2026-09-25 17:24:19.763] [SFX] {"sound": "civ_move_1", "volume": 0.05}
[2026-09-25 17:24:19.786] [SFX] {"sound": "player_move", "volume": 0.4}
[2026-09-25 17:24:19.830] [SFX] {"sound": "civ_move_1", "volume": 0.16}
[2026-09-25 17:24:19.831] [SFX] {"sound": "civ_move_1", "volume": 0.08}
[2026-09-25 17:24:19.880] [SFX] {"sound": "guardian_move", "volume": 0.02}
[2026-09-25 17:24:19.905] [SFX] {"sound": "civ_move_1", "volume": 0.23}
[2026-09-25 17:24:19.906] [SFX] {"sound": "civ_move_1", "volume": 0.02}
[2026-09-25 17:24:19.923] [SFX] {"sound": "civ_move_1", "volume": 0.16}
[2026-09-25 17:24:19.923] [SFX] {"sound": "civ_move_2", "volume": 0.22}
[2026-09-25 17:24:19.924] [SFX] {"sound": "threat_pulse", "volume": 0.31}
[2026-09-25 17:24:19.950] [SFX] {"sound": "civ_move_2", "volume": 0.23}
[2026-09-25 17:24:19.967] [M] {"button": 1, "pos": [345, 232], "ui_clicked": true}
[2026-09-25 17:24:19.980] [SFX] {"sound": "civ_move_1", "volume": 0.02}
[2026-09-25 17:24:19.997] [SFX] {"sound": "infiltrate 1", "volume": 0.5}
[2026-09-25 17:24:20.014] [SFX] {"sound": "civ_move_2", "volume": 0.29}
[2026-09-25 17:24:20.043] [SFX] {"sound": "guardian_move", "volume": 0.02}
[2026-09-25 17:24:20.076] [SFX] {"sound": "civ_move_2", "volume": 0.16}
[2026-09-25 17:24:20.077] [SFX] {"sound": "civ_move_1", "volume": 0.14}
[2026-09-25 17:24:20.077] [SFX] {"sound": "civ_move_1", "volume": 0.1}
[2026-09-25 17:24:20.098] [SFX] {"sound": "player_move", "volume": 0.4}
[2026-09-25 17:24:20.116] [SFX] {"sound": "guardian_move", "volume": 0.13}
[2026-09-25 17:24:20.174] [SFX] {"sound": "civ_move_1", "volume": 0.04}
[2026-09-25 17:24:20.175] [SFX] {"sound": "civ_move_1", "volume": 0.05}
[2026-09-25 17:24:20.240] [SFX] {"sound": "civ_move_1", "volume": 0.14}
[2026-09-25 17:24:20.241] [SFX] {"sound": "civ_move_1", "volume": 0.08}
[2026-09-25 17:24:20.307] [SFX] {"sound": "civ_move_1", "volume": 0.29}
[2026-09-25 17:24:20.307] [SFX] {"sound": "civ_move_1", "volume": 0.02}
[2026-09-25 17:24:20.329] [SFX] {"sound": "civ_move_1", "volume": 0.14}
[2026-09-25 17:24:20.330] [SFX] {"sound": "civ_move_2", "volume": 0.22}
[2026-09-25 17:24:20.346] [SFX] {"sound": "guardian_move", "volume": 0.03}
[2026-09-25 17:24:20.364] [SFX] {"sound": "civ_move_2", "volume": 0.23}
[2026-09-25 17:24:20.380] [SFX] {"sound": "civ_move_1", "volume": 0.04}
[2026-09-25 17:24:20.397] [SFX] {"sound": "infiltrate 2", "volume": 0.5}
[2026-09-25 17:24:20.414] [SFX] {"sound": "player_move", "volume": 0.4}
[2026-09-25 17:24:20.430] [SFX] {"sound": "civ_move_2", "volume": 0.27}
[2026-09-25 17:24:20.490] [SFX] {"sound": "guardian_move", "volume": 0.06}
[2026-09-25 17:24:20.490] [SFX] {"sound": "civ_move_2", "volume": 0.14}
[2026-09-25 17:24:20.492] [SFX] {"sound": "civ_move_1", "volume": 0.14}
[2026-09-25 17:24:20.493] [SFX] {"sound": "civ_move_1", "volume": 0.1}
[2026-09-25 17:24:20.588] [SFX] {"sound": "civ_move_1", "volume": 0.04}
[2026-09-25 17:24:20.588] [SFX] {"sound": "civ_move_1", "volume": 0.05}
[2026-09-25 17:24:20.654] [SFX] {"sound": "civ_move_1", "volume": 0.12}
[2026-09-25 17:24:20.655] [SFX] {"sound": "civ_move_1", "volume": 0.08}
[2026-09-25 17:24:20.719] [SFX] {"sound": "player_move", "volume": 0.4}
[2026-09-25 17:24:20.720] [SFX] {"sound": "guardian_move", "volume": 0.12}
[2026-09-25 17:24:20.721] [SFX] {"sound": "civ_move_1", "volume": 0.26}
[2026-09-25 17:24:20.721] [SFX] {"sound": "civ_move_1", "volume": 0.02}
[2026-09-25 17:24:20.742] [SFX] {"sound": "civ_move_1", "volume": 0.12}
[2026-09-25 17:24:20.743] [SFX] {"sound": "civ_move_2", "volume": 0.22}
[2026-09-25 17:24:20.769] [SFX] {"sound": "civ_move_2", "volume": 0.23}
[2026-09-25 17:24:20.795] [SFX] {"sound": "civ_move_1", "volume": 0.05}
[2026-09-25 17:24:20.814] [SFX] {"sound": "infiltrate 2", "volume": 0.5}
[2026-09-25 17:24:20.831] [SFX] {"sound": "civ_move_2", "volume": 0.24}
[2026-09-25 17:24:20.832] [SFX] {"sound": "threat_pulse", "volume": 0.32}
[2026-09-25 17:24:20.892] [SFX] {"sound": "civ_move_2", "volume": 0.12}
[2026-09-25 17:24:20.893] [SFX] {"sound": "civ_move_1", "volume": 0.13}
[2026-09-25 17:24:20.894] [SFX] {"sound": "civ_move_1", "volume": 0.1}
[2026-09-25 17:24:20.943] [SFX] {"sound": "guardian_move", "volume": 0.03}
[2026-09-25 17:24:20.992] [SFX] {"sound": "civ_move_1", "volume": 0.04}
[2026-09-25 17:24:20.992] [SFX] {"sound": "civ_move_1", "volume": 0.06}
[2026-09-25 17:24:21.042] [SFX] {"sound": "player_move", "volume": 0.4}
[2026-09-25 17:24:21.063] [SFX] {"sound": "civ_move_1", "volume": 0.11}
[2026-09-25 17:24:21.064] [SFX] {"sound": "civ_move_1", "volume": 0.1}
[2026-09-25 17:24:21.091] [SFX] {"sound": "guardian_move", "volume": 0.09}
[2026-09-25 17:24:21.124] [SFX] {"sound": "civ_move_1", "volume": 0.25}
[2026-09-25 17:24:21.125] [SFX] {"sound": "civ_move_1", "volume": 0.03}
[2026-09-25 17:24:21.146] [SFX] {"sound": "civ_move_1", "volume": 0.11}
[2026-09-25 17:24:21.147] [SFX] {"sound": "civ_move_2", "volume": 0.21}
[2026-09-25 17:24:21.192] [M] {"button": 1, "pos": [348, 208], "ui_clicked": true}
[2026-09-25 17:24:21.220] [JACK] Blick ins Systemfenster... Was führen wir im Schild?
[2026-09-25 17:24:21.221] [SFX] {"sound": "civ_move_1", "volume": 0.06}
[2026-09-25 17:24:21.222] [SFX] {"sound": "civ_move_2", "volume": 0.3}
[2026-09-25 17:24:21.237] [SFX] {"sound": "civ_move_2", "volume": 0.23}
[2026-09-25 17:24:21.238] [SFX] {"sound": "infiltrate 2", "volume": 0.5}
[2026-09-25 17:24:21.264] [SFX] {"sound": "guardian_move", "volume": 0.01}
[2026-09-25 17:24:21.298] [SFX] {"sound": "civ_move_2", "volume": 0.12}
[2026-09-25 17:24:21.299] [SFX] {"sound": "civ_move_1", "volume": 0.14}
[2026-09-25 17:24:21.300] [SFX] {"sound": "civ_move_1", "volume": 0.09}
[2026-09-25 17:24:21.330] [SFX] {"sound": "guardian_move", "volume": 0.14}
[2026-09-25 17:24:21.355] [SFX] {"sound": "player_move", "volume": 0.4}
[2026-09-25 17:24:21.397] [SFX] {"sound": "civ_move_1", "volume": 0.03}
[2026-09-25 17:24:21.398] [SFX] {"sound": "civ_move_1", "volume": 0.07}
[2026-09-25 17:24:21.464] [SFX] {"sound": "civ_move_1", "volume": 0.11}
[2026-09-25 17:24:21.465] [SFX] {"sound": "civ_move_1", "volume": 0.1}
[2026-09-25 17:24:21.532] [SFX] {"sound": "civ_move_1", "volume": 0.24}
[2026-09-25 17:24:21.534] [SFX] {"sound": "civ_move_1", "volume": 0.03}
[2026-09-25 17:24:21.556] [SFX] {"sound": "guardian_move", "volume": 0.03}
[2026-09-25 17:24:21.557] [SFX] {"sound": "civ_move_1", "volume": 0.11}
[2026-09-25 17:24:21.558] [SFX] {"sound": "civ_move_2", "volume": 0.2}
[2026-09-25 17:24:21.603] [SFX] {"sound": "civ_move_1", "volume": 0.06}
[2026-09-25 17:24:21.603] [SFX] {"sound": "civ_move_2", "volume": 0.29}
[2026-09-25 17:24:21.636] [SFX] {"sound": "civ_move_2", "volume": 0.23}
[2026-09-25 17:24:21.659] [SFX] {"sound": "player_move", "volume": 0.4}
[2026-09-25 17:24:21.660] [C] {"civ_pos": [56, 62]}
[2026-09-25 17:24:21.704] [SFX] {"sound": "guardian_move", "volume": 0.08}
[2026-09-25 17:24:21.705] [SFX] {"sound": "civ_move_2", "volume": 0.12}
[2026-09-25 17:24:21.706] [SFX] {"sound": "civ_move_1", "volume": 0.16}
[2026-09-25 17:24:21.706] [SFX] {"sound": "civ_move_1", "volume": 0.08}
[2026-09-25 17:24:21.736] [SFX] {"sound": "threat_pulse", "volume": 0.33}
[2026-09-25 17:24:21.802] [SFX] {"sound": "civ_move_1", "volume": 0.02}
[2026-09-25 17:24:21.803] [SFX] {"sound": "civ_move_1", "volume": 0.09}
[2026-09-25 17:24:21.870] [SFX] {"sound": "guardian_move", "volume": 0.04}
[2026-09-25 17:24:21.871] [SFX] {"sound": "civ_move_1", "volume": 0.1}
[2026-09-25 17:24:21.936] [SFX] {"sound": "guardian_move", "volume": 0.17}
[2026-09-25 17:24:21.937] [SFX] {"sound": "civ_move_1", "volume": 0.24}
[2026-09-25 17:24:21.937] [SFX] {"sound": "civ_move_1", "volume": 0.03}
[2026-09-25 17:24:21.959] [SFX] {"sound": "player_move", "volume": 0.4}
[2026-09-25 17:24:21.960] [SFX] {"sound": "civ_move_1", "volume": 0.11}
[2026-09-25 17:24:21.960] [SFX] {"sound": "civ_move_2", "volume": 0.18}
[2026-09-25 17:24:22.008] [SFX] {"sound": "civ_move_1", "volume": 0.06}
[2026-09-25 17:24:22.009] [SFX] {"sound": "civ_move_2", "volume": 0.29}
[2026-09-25 17:24:22.043] [SFX] {"sound": "civ_move_2", "volume": 0.23}
[2026-09-25 17:24:22.112] [SFX] {"sound": "civ_move_2", "volume": 0.11}
[2026-09-25 17:24:22.113] [SFX] {"sound": "civ_move_1", "volume": 0.17}
[2026-09-25 17:24:22.136] [SFX] {"sound": "civ_move_1", "volume": 0.07}
[2026-09-25 17:24:22.164] [SFX] {"sound": "guardian_move", "volume": 0.01}
[2026-09-25 17:24:22.212] [SFX] {"sound": "civ_move_1", "volume": 0.01}
[2026-09-25 17:24:22.212] [SFX] {"sound": "civ_move_1", "volume": 0.1}
[2026-09-25 17:24:22.261] [SFX] {"sound": "player_move", "volume": 0.4}
[2026-09-25 17:24:22.283] [SFX] {"sound": "civ_move_1", "volume": 0.1}
[2026-09-25 17:24:22.310] [SFX] {"sound": "guardian_move", "volume": 0.06}
[2026-09-25 17:24:22.343] [SFX] {"sound": "civ_move_1", "volume": 0.24}
[2026-09-25 17:24:22.344] [SFX] {"sound": "civ_move_1", "volume": 0.02}
[2026-09-25 17:24:22.366] [SFX] {"sound": "civ_move_1", "volume": 0.11}
[2026-09-25 17:24:22.367] [SFX] {"sound": "civ_move_2", "volume": 0.16}
[2026-09-25 17:24:22.410] [SFX] {"sound": "civ_move_1", "volume": 0.06}
[2026-09-25 17:24:22.411] [SFX] {"sound": "civ_move_2", "volume": 0.29}
[2026-09-25 17:24:22.444] [SFX] {"sound": "civ_move_2", "volume": 0.23}
[2026-09-25 17:24:22.478] [SFX] {"sound": "guardian_move", "volume": 0.07}
[2026-09-25 17:24:22.526] [SFX] {"sound": "civ_move_2", "volume": 0.11}
[2026-09-25 17:24:22.526] [SFX] {"sound": "civ_move_1", "volume": 0.19}
[2026-09-25 17:24:22.548] [SFX] {"sound": "guardian_move", "volume": 0.2}
[2026-09-25 17:24:22.549] [SFX] {"sound": "civ_move_1", "volume": 0.06}
[2026-09-25 17:24:22.577] [SFX] {"sound": "player_move", "volume": 0.4}
[2026-09-25 17:24:22.625] [SFX] {"sound": "civ_move_1", "volume": 0.12}
[2026-09-25 17:24:22.648] [SFX] {"sound": "threat_pulse", "volume": 0.34}
[2026-09-25 17:24:22.692] [SFX] {"sound": "civ_move_1", "volume": 0.1}
[2026-09-25 17:24:22.743] [SFX] {"sound": "civ_move_1", "volume": 0.24}
[2026-09-25 17:24:22.743] [SFX] {"sound": "civ_move_1", "volume": 0.02}
[2026-09-25 17:24:22.766] [SFX] {"sound": "civ_move_1", "volume": 0.1}
[2026-09-25 17:24:22.766] [SFX] {"sound": "civ_move_2", "volume": 0.14}
[2026-09-25 17:24:22.782] [SFX] {"sound": "guardian_move", "volume": 0.0}
[2026-09-25 17:24:22.811] [SFX] {"sound": "civ_move_1", "volume": 0.06}
[2026-09-25 17:24:22.812] [SFX] {"sound": "civ_move_2", "volume": 0.29}
[2026-09-25 17:24:22.844] [SFX] {"sound": "civ_move_2", "volume": 0.23}
[2026-09-25 17:24:22.879] [SFX] {"sound": "player_move", "volume": 0.4}
[2026-09-25 17:24:22.910] [SFX] {"sound": "guardian_move", "volume": 0.05}
[2026-09-25 17:24:22.932] [SFX] {"sound": "civ_move_2", "volume": 0.11}
[2026-09-25 17:24:22.933] [SFX] {"sound": "civ_move_1", "volume": 0.2}
[2026-09-25 17:24:22.959] [SFX] {"sound": "civ_move_1", "volume": 0.05}
[2026-09-25 17:24:23.026] [SFX] {"sound": "civ_move_1", "volume": 0.14}
[2026-09-25 17:24:23.077] [SFX] {"sound": "guardian_move", "volume": 0.1}
[2026-09-25 17:24:23.100] [SFX] {"sound": "civ_move_1", "volume": 0.09}
[2026-09-25 17:24:23.101] [SFX] {"sound": "civ_move_1", "volume": 0.1}
[2026-09-25 17:24:23.146] [SFX] {"sound": "guardian_move", "volume": 0.24}
[2026-09-25 17:24:23.146] [SFX] {"sound": "civ_move_1", "volume": 0.24}
[2026-09-25 17:24:23.147] [SFX] {"sound": "civ_move_1", "volume": 0.02}
[2026-09-25 17:24:23.169] [SFX] {"sound": "civ_move_1", "volume": 0.1}
[2026-09-25 17:24:23.171] [SFX] {"sound": "civ_move_2", "volume": 0.12}
[2026-09-25 17:24:23.190] [SFX] {"sound": "player_move", "volume": 0.4}
[2026-09-25 17:24:23.229] [SFX] {"sound": "civ_move_1", "volume": 0.06}
[2026-09-25 17:24:23.230] [SFX] {"sound": "civ_move_2", "volume": 0.29}
[2026-09-25 17:24:23.253] [SFX] {"sound": "civ_move_2", "volume": 0.22}
[2026-09-25 17:24:23.329] [SFX] {"sound": "civ_move_2", "volume": 0.1}
[2026-09-25 17:24:23.330] [SFX] {"sound": "civ_move_1", "volume": 0.22}
[2026-09-25 17:24:23.362] [SFX] {"sound": "civ_move_1", "volume": 0.04}
[2026-09-25 17:24:23.428] [SFX] {"sound": "civ_move_1", "volume": 0.15}
[2026-09-25 17:24:23.493] [SFX] {"sound": "player_move", "volume": 0.4}
[2026-09-25 17:24:23.516] [SFX] {"sound": "civ_move_1", "volume": 0.09}
[2026-09-25 17:24:23.517] [SFX] {"sound": "civ_move_1", "volume": 0.1}
[2026-09-25 17:24:23.534] [SFX] {"sound": "guardian_move", "volume": 0.03}
[2026-09-25 17:24:23.551] [SFX] {"sound": "threat_pulse", "volume": 0.35}
[2026-09-25 17:24:23.568] [SFX] {"sound": "civ_move_1", "volume": 0.24}
[2026-09-25 17:24:23.569] [SFX] {"sound": "civ_move_1", "volume": 0.09}
[2026-09-25 17:24:23.570] [SFX] {"sound": "civ_move_1", "volume": 0.01}
[2026-09-25 17:24:23.571] [SFX] {"sound": "civ_move_2", "volume": 0.1}
[2026-09-25 17:24:23.629] [SFX] {"sound": "civ_move_1", "volume": 0.06}
[2026-09-25 17:24:23.630] [SFX] {"sound": "civ_move_2", "volume": 0.29}
[2026-09-25 17:24:23.652] [SFX] {"sound": "civ_move_2", "volume": 0.22}
[2026-09-25 17:24:23.680] [SFX] {"sound": "guardian_move", "volume": 0.14}
[2026-09-25 17:24:23.744] [SFX] {"sound": "civ_move_2", "volume": 0.1}
[2026-09-25 17:24:23.745] [SFX] {"sound": "civ_move_1", "volume": 0.23}
[2026-09-25 17:24:23.766] [SFX] {"sound": "guardian_move", "volume": 0.27}
[2026-09-25 17:24:23.784] [SFX] {"sound": "civ_move_1", "volume": 0.03}
[2026-09-25 17:24:23.800] [SFX] {"sound": "player_move", "volume": 0.4}
[2026-09-25 17:24:23.827] [SFX] {"sound": "civ_move_1", "volume": 0.17}
[2026-09-25 17:24:23.912] [SFX] {"sound": "civ_move_1", "volume": 0.1}
[2026-09-25 17:24:23.962] [SFX] {"sound": "civ_move_1", "volume": 0.24}
[2026-09-25 17:24:23.963] [SFX] {"sound": "civ_move_1", "volume": 0.09}
[2026-09-25 17:24:23.964] [SFX] {"sound": "civ_move_1", "volume": 0.0}
[2026-09-25 17:24:23.964] [SFX] {"sound": "civ_move_2", "volume": 0.08}
[2026-09-25 17:24:24.043] [SFX] {"sound": "civ_move_1", "volume": 0.06}
[2026-09-25 17:24:24.044] [SFX] {"sound": "civ_move_2", "volume": 0.29}
[2026-09-25 17:24:24.065] [SFX] {"sound": "civ_move_2", "volume": 0.22}
[2026-09-25 17:24:24.110] [SFX] {"sound": "player_move", "volume": 0.4}
[2026-09-25 17:24:24.133] [SFX] {"sound": "guardian_move", "volume": 0.01}
[2026-09-25 17:24:24.153] [SFX] {"sound": "civ_move_2", "volume": 0.09}
[2026-09-25 17:24:24.154] [SFX] {"sound": "civ_move_1", "volume": 0.24}
[2026-09-25 17:24:24.170] [C] {"civ_pos": [56, 52]}
[2026-09-25 17:24:24.207] [SFX] {"sound": "civ_move_1", "volume": 0.02}
[2026-09-25 17:24:24.235] [SFX] {"sound": "civ_move_1", "volume": 0.19}
[2026-09-25 17:24:24.285] [SFX] {"sound": "guardian_move", "volume": 0.17}
[2026-09-25 17:24:24.318] [SFX] {"sound": "civ_move_1", "volume": 0.1}
[2026-09-25 17:24:24.366] [SFX] {"sound": "guardian_move", "volume": 0.3}
[2026-09-25 17:24:24.366] [SFX] {"sound": "civ_move_1", "volume": 0.24}
[2026-09-25 17:24:24.367] [SFX] {"sound": "civ_move_1", "volume": 0.08}
[2026-09-25 17:24:24.368] [SFX] {"sound": "civ_move_2", "volume": 0.06}
[2026-09-25 17:24:24.416] [SFX] {"sound": "player_move", "volume": 0.4}
[2026-09-25 17:24:24.448] [SFX] {"sound": "civ_move_1", "volume": 0.06}
[2026-09-25 17:24:24.449] [SFX] {"sound": "civ_move_2", "volume": 0.29}
[2026-09-25 17:24:24.450] [SFX] {"sound": "threat_pulse", "volume": 0.37}
[2026-09-25 17:24:24.472] [SFX] {"sound": "civ_move_2", "volume": 0.24}
[2026-09-25 17:24:24.548] [SFX] {"sound": "civ_move_2", "volume": 0.08}
[2026-09-25 17:24:24.549] [SFX] {"sound": "civ_move_1", "volume": 0.25}
[2026-09-25 17:24:24.582] [SFX] {"sound": "civ_move_1", "volume": 0.02}
[2026-09-25 17:24:24.631] [M] {"button": 1, "pos": [366, 286], "ui_clicked": true}
[2026-09-25 17:24:24.653] [SFX] {"sound": "civ_move_1", "volume": 0.21}
[2026-09-25 17:24:24.719] [SFX] {"sound": "player_move", "volume": 0.4}
[2026-09-25 17:24:24.720] [SFX] {"sound": "civ_move_1", "volume": 0.1}
[2026-09-25 17:24:24.741] [SFX] {"sound": "guardian_move", "volume": 0.01}
[2026-09-25 17:24:24.768] [SFX] {"sound": "civ_move_1", "volume": 0.24}
[2026-09-25 17:24:24.769] [SFX] {"sound": "civ_move_1", "volume": 0.07}
[2026-09-25 17:24:24.770] [SFX] {"sound": "civ_move_2", "volume": 0.04}
[2026-09-25 17:24:24.852] [SFX] {"sound": "civ_move_1", "volume": 0.06}
[2026-09-25 17:24:24.853] [SFX] {"sound": "civ_move_2", "volume": 0.29}
[2026-09-25 17:24:24.874] [SFX] {"sound": "civ_move_2", "volume": 0.24}
[2026-09-25 17:24:24.893] [SFX] {"sound": "guardian_move", "volume": 0.2}
[2026-09-25 17:24:24.936] [SFX] {"sound": "infiltrate 2", "volume": 0.5}
[2026-09-25 17:24:24.959] [SFX] {"sound": "civ_move_2", "volume": 0.07}
[2026-09-25 17:24:24.960] [SFX] {"sound": "civ_move_1", "volume": 0.25}
[2026-09-25 17:24:24.977] [SFX] {"sound": "guardian_move", "volume": 0.33}
[2026-09-25 17:24:24.994] [SFX] {"sound": "civ_move_1", "volume": 0.02}
[2026-09-25 17:24:25.020] [SFX] {"sound": "player_move", "volume": 0.4}
[2026-09-25 17:24:25.055] [SFX] {"sound": "civ_move_1", "volume": 0.22}
[2026-09-25 17:24:25.121] [SFX] {"sound": "civ_move_1", "volume": 0.08}
[2026-09-25 17:24:25.122] [SFX] {"sound": "civ_move_1", "volume": 0.1}
[2026-09-25 17:24:25.170] [SFX] {"sound": "civ_move_1", "volume": 0.23}
[2026-09-25 17:24:25.171] [SFX] {"sound": "civ_move_1", "volume": 0.06}
[2026-09-25 17:24:25.172] [SFX] {"sound": "civ_move_2", "volume": 0.03}
[2026-09-25 17:24:25.254] [SFX] {"sound": "civ_move_1", "volume": 0.06}
[2026-09-25 17:24:25.254] [SFX] {"sound": "civ_move_2", "volume": 0.29}
[2026-09-25 17:24:25.277] [SFX] {"sound": "civ_move_2", "volume": 0.24}
[2026-09-25 17:24:25.321] [SFX] {"sound": "player_move", "volume": 0.4}
[2026-09-25 17:24:25.344] [SFX] {"sound": "guardian_move", "volume": 0.01}
[2026-09-25 17:24:25.344] [SFX] {"sound": "infiltrate 1", "volume": 0.5}
[2026-09-25 17:24:25.360] [SFX] {"sound": "civ_move_2", "volume": 0.06}
[2026-09-25 17:24:25.361] [SFX] {"sound": "civ_move_1", "volume": 0.24}
[2026-09-25 17:24:25.361] [SFX] {"sound": "threat_pulse", "volume": 0.42}
[2026-09-25 17:24:25.388] [SFX] {"sound": "civ_move_1", "volume": 0.03}
[2026-09-25 17:24:25.471] [SFX] {"sound": "civ_move_1", "volume": 0.23}
[2026-09-25 17:24:25.494] [SFX] {"sound": "guardian_move", "volume": 0.22}
[2026-09-25 17:24:25.522] [SFX] {"sound": "civ_move_1", "volume": 0.07}
[2026-09-25 17:24:25.523] [SFX] {"sound": "civ_move_1", "volume": 0.1}
[2026-09-25 17:24:25.572] [SFX] {"sound": "guardian_move", "volume": 0.34}
[2026-09-25 17:24:25.573] [SFX] {"sound": "civ_move_1", "volume": 0.22}
[2026-09-25 17:24:25.574] [SFX] {"sound": "civ_move_1", "volume": 0.04}
[2026-09-25 17:24:25.574] [SFX] {"sound": "civ_move_2", "volume": 0.02}
[2026-09-25 17:24:25.622] [SFX] {"sound": "player_move", "volume": 0.4}
[2026-09-25 17:24:25.654] [SFX] {"sound": "civ_move_1", "volume": 0.07}
[2026-09-25 17:24:25.655] [SFX] {"sound": "civ_move_2", "volume": 0.29}
[2026-09-25 17:24:25.678] [SFX] {"sound": "civ_move_2", "volume": 0.23}
[2026-09-25 17:24:25.770] [SFX] {"sound": "civ_move_2", "volume": 0.05}
[2026-09-25 17:24:25.771] [SFX] {"sound": "civ_move_1", "volume": 0.23}
[2026-09-25 17:24:25.786] [M] {"button": 1, "pos": [371, 294], "ui_clicked": true}
[2026-09-25 17:24:25.813] [SFX] {"sound": "civ_move_1", "volume": 0.04}
[2026-09-25 17:24:25.881] [SFX] {"sound": "civ_move_1", "volume": 0.24}
[2026-09-25 17:24:25.929] [SFX] {"sound": "player_move", "volume": 0.4}
[2026-09-25 17:24:25.930] [SFX] {"sound": "civ_move_1", "volume": 0.06}
[2026-09-25 17:24:25.931] [SFX] {"sound": "civ_move_1", "volume": 0.11}
[2026-09-25 17:24:25.952] [SFX] {"sound": "guardian_move", "volume": 0.03}
[2026-09-25 17:24:25.978] [SFX] {"sound": "civ_move_1", "volume": 0.21}
[2026-09-25 17:24:25.979] [SFX] {"sound": "civ_move_1", "volume": 0.03}
[2026-09-25 17:24:25.979] [SFX] {"sound": "civ_move_2", "volume": 0.01}
[2026-09-25 17:24:26.014] [SFX] {"sound": "alert_trigger", "volume": 1.0}
[2026-09-25 17:24:26.065] [SFX] {"sound": "civ_move_1", "volume": 0.07}
[2026-09-25 17:24:26.066] [SFX] {"sound": "civ_move_2", "volume": 0.29}
[2026-09-25 17:24:26.067] [SFX] {"sound": "threat_pulse", "volume": 0.7}
[2026-09-25 17:24:26.088] [SFX] {"sound": "civ_move_2", "volume": 0.23}
[2026-09-25 17:24:26.104] [SFX] {"sound": "guardian_move", "volume": 0.25}
[2026-09-25 17:24:26.179] [SFX] {"sound": "guardian_move", "volume": 0.38}
[2026-09-25 17:24:26.180] [SFX] {"sound": "civ_move_2", "volume": 0.03}
[2026-09-25 17:24:26.180] [SFX] {"sound": "civ_move_1", "volume": 0.22}
[2026-09-25 17:24:26.181] [SFX] {"sound": "threat_pulse", "volume": 0.7}
[2026-09-25 17:24:26.213] [SFX] {"sound": "civ_move_1", "volume": 0.04}
[2026-09-25 17:24:26.237] [SFX] {"sound": "player_move", "volume": 0.4}
[2026-09-25 17:24:26.280] [SFX] {"sound": "threat_pulse", "volume": 0.7}
[2026-09-25 17:24:26.302] [SFX] {"sound": "civ_move_1", "volume": 0.26}
[2026-09-25 17:24:26.329] [SFX] {"sound": "civ_move_1", "volume": 0.05}
[2026-09-25 17:24:26.330] [SFX] {"sound": "civ_move_1", "volume": 0.13}
[2026-09-25 17:24:26.331] [SFX] {"sound": "game_over", "volume": 1.0}
[2026-09-25 17:24:27.769] [SFX] {"sound": "hack_success", "volume": 0.8}
[2026-09-25 17:24:28.598] [SESSION_RESET] {"msg": "--- NEW LIFE STARTED ---"}
[2026-09-25 17:24:28.646] [S] {"map": "Shadowgrid"}
[2026-09-25 17:24:28.669] [JACK] Ah, im Shadowgrid angekommen... endlich.
[2026-09-25 17:24:29.157] [SFX] {"sound": "civ_move_2", "volume": 0.05}
[2026-09-25 17:24:29.157] [SFX] {"sound": "civ_move_2", "volume": 0.2}
[2026-09-25 17:24:29.179] [SFX] {"sound": "civ_move_1", "volume": 0.11}
[2026-09-25 17:24:29.196] [SFX] {"sound": "civ_move_1", "volume": 0.07}
[2026-09-25 17:24:29.421] [SFX] {"sound": "civ_move_1", "volume": 0.16}
[2026-09-25 17:24:29.571] [SFX] {"sound": "civ_move_2", "volume": 0.06}
[2026-09-25 17:24:29.571] [SFX] {"sound": "civ_move_2", "volume": 0.2}
[2026-09-25 17:24:29.592] [SFX] {"sound": "civ_move_1", "volume": 0.1}
[2026-09-25 17:24:29.608] [SFX] {"sound": "civ_move_1", "volume": 0.06}
[2026-09-25 17:24:29.835] [SFX] {"sound": "civ_move_1", "volume": 0.17}
[2026-09-25 17:24:29.900] [SFX] {"sound": "civ_move_1", "volume": 0.16}
[2026-09-25 17:24:29.983] [SFX] {"sound": "civ_move_2", "volume": 0.07}
[2026-09-25 17:24:29.983] [SFX] {"sound": "civ_move_2", "volume": 0.19}
[2026-09-25 17:24:30.005] [SFX] {"sound": "civ_move_1", "volume": 0.09}
[2026-09-25 17:24:30.022] [SFX] {"sound": "civ_move_1", "volume": 0.05}
[2026-09-25 17:24:30.249] [SFX] {"sound": "civ_move_1", "volume": 0.18}
[2026-09-25 17:24:30.314] [SFX] {"sound": "civ_move_1", "volume": 0.16}
[2026-09-25 17:24:30.383] [SFX] {"sound": "civ_move_2", "volume": 0.08}
[2026-09-25 17:24:30.384] [SFX] {"sound": "civ_move_2", "volume": 0.18}
[2026-09-25 17:24:30.416] [SFX] {"sound": "civ_move_1", "volume": 0.1}
[2026-09-25 17:24:30.438] [SFX] {"sound": "civ_move_1", "volume": 0.05}
[2026-09-25 17:24:30.648] [SFX] {"sound": "civ_move_1", "volume": 0.19}
[2026-09-25 17:24:30.715] [SFX] {"sound": "civ_move_1", "volume": 0.16}
[2026-09-25 17:24:30.797] [SFX] {"sound": "civ_move_2", "volume": 0.09}
[2026-09-25 17:24:30.797] [SFX] {"sound": "civ_move_2", "volume": 0.18}
[2026-09-25 17:24:30.831] [SFX] {"sound": "civ_move_1", "volume": 0.11}
[2026-09-25 17:24:30.832] [SFX] {"sound": "civ_move_1", "volume": 0.04}
[2026-09-25 17:24:30.948] [M] {"button": 1, "pos": [350, 185], "ui_clicked": false}
[2026-09-25 17:24:31.064] [SFX] {"sound": "civ_move_1", "volume": 0.19}
[2026-09-25 17:24:31.129] [SFX] {"sound": "civ_move_1", "volume": 0.16}
[2026-09-25 17:24:31.211] [SFX] {"sound": "civ_move_2", "volume": 0.1}
[2026-09-25 17:24:31.212] [SFX] {"sound": "civ_move_2", "volume": 0.19}
[2026-09-25 17:24:31.245] [SFX] {"sound": "civ_move_1", "volume": 0.12}
[2026-09-25 17:24:31.245] [SFX] {"sound": "civ_move_1", "volume": 0.03}
[2026-09-25 17:24:31.477] [SFX] {"sound": "civ_move_1", "volume": 0.18}
[2026-09-25 17:24:31.542] [SFX] {"sound": "civ_move_1", "volume": 0.16}
[2026-09-25 17:24:31.575] [M] {"button": 1, "pos": [345, 184], "ui_clicked": false}
[2026-09-25 17:24:31.624] [SFX] {"sound": "civ_move_2", "volume": 0.11}
[2026-09-25 17:24:31.625] [SFX] {"sound": "civ_move_2", "volume": 0.19}
[2026-09-25 17:24:31.656] [SFX] {"sound": "civ_move_1", "volume": 0.13}
[2026-09-25 17:24:31.657] [SFX] {"sound": "civ_move_1", "volume": 0.04}
[2026-09-25 17:24:31.888] [SFX] {"sound": "civ_move_1", "volume": 0.18}
[2026-09-25 17:24:31.955] [M] {"button": 1, "pos": [347, 195], "ui_clicked": false}
[2026-09-25 17:24:31.963] [SFX] {"sound": "civ_move_1", "volume": 0.17}
[2026-09-25 17:24:32.039] [SFX] {"sound": "civ_move_2", "volume": 0.11}
[2026-09-25 17:24:32.040] [SFX] {"sound": "civ_move_2", "volume": 0.18}
[2026-09-25 17:24:32.062] [SFX] {"sound": "civ_move_1", "volume": 0.14}
[2026-09-25 17:24:32.063] [SFX] {"sound": "civ_move_1", "volume": 0.04}
[2026-09-25 17:24:32.238] [M] {"button": 1, "pos": [347, 201], "ui_clicked": false}
[2026-09-25 17:24:32.246] [SFX] {"sound": "action_cancel", "volume": 1.0}
[2026-09-25 17:24:32.246] [P] {"start": [214, 2], "goal": [217, 4], "length": 3, "is_direction_change": false}
[2026-09-25 17:24:32.247] [SFX] {"sound": "click_target", "volume": 0.71}
[2026-09-25 17:24:32.283] [SFX] {"sound": "player_move", "volume": 0.4}
[2026-09-25 17:24:32.299] [SFX] {"sound": "civ_move_1", "volume": 0.17}
[2026-09-25 17:24:32.357] [SFX] {"sound": "civ_move_1", "volume": 0.19}
[2026-09-25 17:24:32.440] [SFX] {"sound": "civ_move_2", "volume": 0.12}
[2026-09-25 17:24:32.441] [SFX] {"sound": "civ_move_2", "volume": 0.18}
[2026-09-25 17:24:32.464] [SFX] {"sound": "civ_move_1", "volume": 0.16}
[2026-09-25 17:24:32.465] [SFX] {"sound": "civ_move_1", "volume": 0.06}
[2026-09-25 17:24:32.607] [SFX] {"sound": "civ_move_2", "volume": 0.0}
[2026-09-25 17:24:32.705] [SFX] {"sound": "civ_move_1", "volume": 0.16}
[2026-09-25 17:24:32.772] [SFX] {"sound": "civ_move_1", "volume": 0.2}
[2026-09-25 17:24:32.855] [SFX] {"sound": "civ_move_2", "volume": 0.12}
[2026-09-25 17:24:32.856] [SFX] {"sound": "civ_move_2", "volume": 0.17}
[2026-09-25 17:24:32.877] [SFX] {"sound": "civ_move_1", "volume": 0.16}
[2026-09-25 17:24:32.878] [SFX] {"sound": "civ_move_1", "volume": 0.05}
[2026-09-25 17:24:33.019] [SFX] {"sound": "civ_move_2", "volume": 0.01}
[2026-09-25 17:24:33.119] [SFX] {"sound": "civ_move_1", "volume": 0.15}
[2026-09-25 17:24:33.186] [SFX] {"sound": "civ_move_1", "volume": 0.21}
[2026-09-25 17:24:33.269] [SFX] {"sound": "civ_move_2", "volume": 0.13}
[2026-09-25 17:24:33.270] [SFX] {"sound": "civ_move_2", "volume": 0.16}
[2026-09-25 17:24:33.293] [SFX] {"sound": "civ_move_1", "volume": 0.17}
[2026-09-25 17:24:33.293] [SFX] {"sound": "civ_move_1", "volume": 0.04}
[2026-09-25 17:24:33.421] [SFX] {"sound": "civ_move_2", "volume": 0.01}
[2026-09-25 17:24:33.522] [SFX] {"sound": "civ_move_1", "volume": 0.14}
[2026-09-25 17:24:33.538] [M] {"button": 1, "pos": [322, 169], "ui_clicked": false}
[2026-09-25 17:24:33.588] [SFX] {"sound": "civ_move_1", "volume": 0.21}
[2026-09-25 17:24:33.670] [SFX] {"sound": "civ_move_2", "volume": 0.14}
[2026-09-25 17:24:33.671] [SFX] {"sound": "civ_move_2", "volume": 0.15}
[2026-09-25 17:24:33.693] [SFX] {"sound": "civ_move_1", "volume": 0.18}
[2026-09-25 17:24:33.693] [SFX] {"sound": "civ_move_1", "volume": 0.03}
[2026-09-25 17:24:33.821] [SFX] {"sound": "civ_move_2", "volume": 0.02}
[2026-09-25 17:24:33.936] [SFX] {"sound": "civ_move_1", "volume": 0.13}
[2026-09-25 17:24:33.951] [M] {"button": 1, "pos": [326, 186], "ui_clicked": false}
[2026-09-25 17:24:34.000] [SFX] {"sound": "civ_move_1", "volume": 0.22}
[2026-09-25 17:24:34.083] [SFX] {"sound": "civ_move_2", "volume": 0.15}
[2026-09-25 17:24:34.083] [SFX] {"sound": "civ_move_2", "volume": 0.14}
[2026-09-25 17:24:34.107] [SFX] {"sound": "civ_move_1", "volume": 0.19}
[2026-09-25 17:24:34.108] [SFX] {"sound": "civ_move_1", "volume": 0.03}
[2026-09-25 17:24:34.236] [SFX] {"sound": "civ_move_2", "volume": 0.01}
[2026-09-25 17:24:34.350] [SFX] {"sound": "civ_move_1", "volume": 0.12}
[2026-09-25 17:24:34.400] [SFX] {"sound": "civ_move_1", "volume": 0.22}
[2026-09-25 17:24:34.483] [SFX] {"sound": "civ_move_2", "volume": 0.16}
[2026-09-25 17:24:34.484] [SFX] {"sound": "civ_move_2", "volume": 0.13}
[2026-09-25 17:24:34.516] [SFX] {"sound": "civ_move_1", "volume": 0.19}
[2026-09-25 17:24:34.516] [SFX] {"sound": "civ_move_1", "volume": 0.02}
[2026-09-25 17:24:34.548] [M] {"button": 1, "pos": [333, 184], "ui_clicked": false}
[2026-09-25 17:24:34.556] [P] {"start": [217, 4], "goal": [218, 4], "length": 1, "is_direction_change": false}
[2026-09-25 17:24:34.557] [SFX] {"sound": "click_target", "volume": 0.77}
[2026-09-25 17:24:34.756] [SFX] {"sound": "civ_move_1", "volume": 0.1}
[2026-09-25 17:24:34.805] [SFX] {"sound": "civ_move_1", "volume": 0.22}
[2026-09-25 17:24:34.888] [SFX] {"sound": "civ_move_2", "volume": 0.16}
[2026-09-25 17:24:34.889] [SFX] {"sound": "civ_move_2", "volume": 0.12}
[2026-09-25 17:24:34.920] [SFX] {"sound": "civ_move_1", "volume": 0.18}
[2026-09-25 17:24:34.921] [SFX] {"sound": "civ_move_1", "volume": 0.01}
[2026-09-25 17:24:35.164] [SFX] {"sound": "civ_move_1", "volume": 0.1}
[2026-09-25 17:24:35.213] [SFX] {"sound": "civ_move_1", "volume": 0.21}
[2026-09-25 17:24:35.294] [SFX] {"sound": "civ_move_2", "volume": 0.17}
[2026-09-25 17:24:35.295] [SFX] {"sound": "civ_move_2", "volume": 0.11}
[2026-09-25 17:24:35.328] [SFX] {"sound": "civ_move_1", "volume": 0.17}
[2026-09-25 17:24:35.329] [SFX] {"sound": "civ_move_1", "volume": 0.0}
[2026-09-25 17:24:35.573] [SFX] {"sound": "civ_move_1", "volume": 0.09}
[2026-09-25 17:24:35.624] [SFX] {"sound": "civ_move_1", "volume": 0.22}
[2026-09-25 17:24:35.707] [SFX] {"sound": "civ_move_2", "volume": 0.18}
[2026-09-25 17:24:35.707] [SFX] {"sound": "civ_move_2", "volume": 0.1}
[2026-09-25 17:24:35.740] [SFX] {"sound": "civ_move_1", "volume": 0.16}
[2026-09-25 17:24:35.973] [SFX] {"sound": "civ_move_1", "volume": 0.08}
[2026-09-25 17:24:35.974] [C] {"civ_pos": [220, 4]}
[2026-09-25 17:24:36.014] [JACK] Da drüben bewegt sich eine Civ-Subroutine! Was führt die im Schilde?
[2026-09-25 17:24:36.030] [SFX] {"sound": "civ_move_1", "volume": 0.28}
[2026-09-25 17:24:36.108] [SFX] {"sound": "civ_move_2", "volume": 0.18}
[2026-09-25 17:24:36.109] [SFX] {"sound": "civ_move_2", "volume": 0.1}
[2026-09-25 17:24:36.141] [SFX] {"sound": "civ_move_1", "volume": 0.15}
[2026-09-25 17:24:36.388] [M] {"button": 1, "pos": [331, 170], "ui_clicked": false}
[2026-09-25 17:24:36.396] [SFX] {"sound": "civ_move_1", "volume": 0.07}
[2026-09-25 17:24:36.397] [SFX] {"sound": "click_target", "volume": 0.95}
[2026-09-25 17:24:36.424] [SFX] {"sound": "player_move", "volume": 0.4}
[2026-09-25 17:24:36.445] [SFX] {"sound": "civ_move_1", "volume": 0.23}
[2026-09-25 17:24:36.521] [SFX] {"sound": "civ_move_2", "volume": 0.18}
[2026-09-25 17:24:36.521] [SFX] {"sound": "civ_move_2", "volume": 0.1}
[2026-09-25 17:24:36.522] [SFX] {"sound": "threat_pulse", "volume": 0.3}
[2026-09-25 17:24:36.556] [SFX] {"sound": "civ_move_1", "volume": 0.13}
[2026-09-25 17:24:36.739] [SFX] {"sound": "player_move", "volume": 0.4}
[2026-09-25 17:24:36.789] [SFX] {"sound": "civ_move_1", "volume": 0.05}
[2026-09-25 17:24:36.855] [SFX] {"sound": "civ_move_1", "volume": 0.3}
[2026-09-25 17:24:36.921] [SFX] {"sound": "civ_move_2", "volume": 0.16}
[2026-09-25 17:24:36.922] [SFX] {"sound": "civ_move_2", "volume": 0.1}
[2026-09-25 17:24:36.970] [SFX] {"sound": "civ_move_1", "volume": 0.12}
[2026-09-25 17:24:37.053] [SFX] {"sound": "player_move", "volume": 0.4}
[2026-09-25 17:24:37.203] [SFX] {"sound": "civ_move_1", "volume": 0.04}
[2026-09-25 17:24:37.269] [SFX] {"sound": "civ_move_1", "volume": 0.29}
[2026-09-25 17:24:37.335] [SFX] {"sound": "civ_move_2", "volume": 0.16}
[2026-09-25 17:24:37.336] [SFX] {"sound": "civ_move_2", "volume": 0.11}
[2026-09-25 17:24:37.366] [SFX] {"sound": "player_move", "volume": 0.4}
[2026-09-25 17:24:37.390] [SFX] {"sound": "civ_move_1", "volume": 0.12}
[2026-09-25 17:24:37.432] [SFX] {"sound": "threat_pulse", "volume": 0.31}
[2026-09-25 17:24:37.612] [SFX] {"sound": "civ_move_1", "volume": 0.03}
[2026-09-25 17:24:37.677] [SFX] {"sound": "player_move", "volume": 0.4}
[2026-09-25 17:24:37.678] [SFX] {"sound": "civ_move_1", "volume": 0.23}
[2026-09-25 17:24:37.694] [M] {"button": 1, "pos": [363, 206], "ui_clicked": true}
[2026-09-25 17:24:37.747] [SFX] {"sound": "civ_move_2", "volume": 0.16}
[2026-09-25 17:24:37.748] [SFX] {"sound": "civ_move_2", "volume": 0.11}
[2026-09-25 17:24:37.798] [SFX] {"sound": "civ_move_1", "volume": 0.11}
[2026-09-25 17:24:37.982] [SFX] {"sound": "player_move", "volume": 0.4}
[2026-09-25 17:24:38.016] [SFX] {"sound": "civ_move_1", "volume": 0.03}
[2026-09-25 17:24:38.081] [SFX] {"sound": "civ_move_1", "volume": 0.29}
[2026-09-25 17:24:38.163] [SFX] {"sound": "civ_move_2", "volume": 0.15}
[2026-09-25 17:24:38.163] [SFX] {"sound": "civ_move_2", "volume": 0.11}
[2026-09-25 17:24:38.213] [SFX] {"sound": "civ_move_1", "volume": 0.11}
[2026-09-25 17:24:38.296] [SFX] {"sound": "player_move", "volume": 0.4}
[2026-09-25 17:24:38.344] [SFX] {"sound": "threat_pulse", "volume": 0.32}
[2026-09-25 17:24:38.428] [SFX] {"sound": "civ_move_1", "volume": 0.04}
[2026-09-25 17:24:38.478] [C] {"civ_pos": [216, 3]}
[2026-09-25 17:24:38.530] [SFX] {"sound": "civ_move_1", "volume": 0.3}
[2026-09-25 17:24:38.573] [SFX] {"sound": "civ_move_2", "volume": 0.14}
[2026-09-25 17:24:38.574] [SFX] {"sound": "civ_move_2", "volume": 0.1}
[2026-09-25 17:24:38.607] [SFX] {"sound": "player_move", "volume": 0.4}
[2026-09-25 17:24:38.623] [M] {"button": 1, "pos": [363, 207], "ui_clicked": true}
[2026-09-25 17:24:38.636] [SFX] {"sound": "civ_move_1", "volume": 0.11}
[2026-09-25 17:24:38.696] [SFX] {"sound": "infiltrate 2", "volume": 0.5}
[2026-09-25 17:24:38.828] [SFX] {"sound": "civ_move_1", "volume": 0.04}
[2026-09-25 17:24:38.898] [SFX] {"sound": "civ_move_1", "volume": 0.29}
[2026-09-25 17:24:38.921] [SFX] {"sound": "player_move", "volume": 0.4}
[2026-09-25 17:24:38.980] [SFX] {"sound": "civ_move_2", "volume": 0.13}
[2026-09-25 17:24:38.981] [SFX] {"sound": "civ_move_2", "volume": 0.09}
[2026-09-25 17:24:39.028] [SFX] {"sound": "civ_move_1", "volume": 0.1}
[2026-09-25 17:24:39.111] [SFX] {"sound": "infiltrate 1", "volume": 0.5}
[2026-09-25 17:24:39.227] [SFX] {"sound": "player_move", "volume": 0.4}
[2026-09-25 17:24:39.249] [SFX] {"sound": "civ_move_1", "volume": 0.04}
[2026-09-25 17:24:39.265] [SFX] {"sound": "threat_pulse", "volume": 0.33}
[2026-09-25 17:24:39.310] [SFX] {"sound": "civ_move_1", "volume": 0.29}
[2026-09-25 17:24:39.394] [SFX] {"sound": "civ_move_2", "volume": 0.12}
[2026-09-25 17:24:39.394] [SFX] {"sound": "civ_move_2", "volume": 0.08}
[2026-09-25 17:24:39.444] [SFX] {"sound": "civ_move_1", "volume": 0.09}
[2026-09-25 17:24:39.510] [SFX] {"sound": "infiltrate 2", "volume": 0.5}
[2026-09-25 17:24:39.533] [SFX] {"sound": "player_move", "volume": 0.4}
[2026-09-25 17:24:39.643] [SFX] {"sound": "civ_move_1", "volume": 0.04}
[2026-09-25 17:24:39.710] [SFX] {"sound": "civ_move_1", "volume": 0.23}
[2026-09-25 17:24:39.809] [SFX] {"sound": "civ_move_2", "volume": 0.11}
[2026-09-25 17:24:39.809] [SFX] {"sound": "civ_move_2", "volume": 0.08}
[2026-09-25 17:24:39.842] [SFX] {"sound": "player_move", "volume": 0.4}
[2026-09-25 17:24:39.864] [SFX] {"sound": "civ_move_1", "volume": 0.09}
[2026-09-25 17:24:39.925] [SFX] {"sound": "infiltrate 1", "volume": 0.5}
[2026-09-25 17:24:40.059] [SFX] {"sound": "civ_move_1", "volume": 0.04}
[2026-09-25 17:24:40.124] [SFX] {"sound": "civ_move_1", "volume": 0.23}
[2026-09-25 17:24:40.157] [SFX] {"sound": "player_move", "volume": 0.4}
[2026-09-25 17:24:40.179] [SFX] {"sound": "threat_pulse", "volume": 0.34}
[2026-09-25 17:24:40.224] [SFX] {"sound": "civ_move_2", "volume": 0.11}
[2026-09-25 17:24:40.225] [SFX] {"sound": "civ_move_2", "volume": 0.08}
[2026-09-25 17:24:40.274] [SFX] {"sound": "civ_move_1", "volume": 0.08}
[2026-09-25 17:24:40.340] [SFX] {"sound": "infiltrate 2", "volume": 0.5}
[2026-09-25 17:24:40.473] [SFX] {"sound": "player_move", "volume": 0.4}
[2026-09-25 17:24:40.474] [SFX] {"sound": "civ_move_1", "volume": 0.03}
[2026-09-25 17:24:40.540] [SFX] {"sound": "civ_move_1", "volume": 0.23}
[2026-09-25 17:24:40.640] [SFX] {"sound": "civ_move_2", "volume": 0.11}
[2026-09-25 17:24:40.641] [SFX] {"sound": "civ_move_2", "volume": 0.09}
[2026-09-25 17:24:40.690] [SFX] {"sound": "civ_move_1", "volume": 0.07}
[2026-09-25 17:24:40.740] [SFX] {"sound": "infiltrate 1", "volume": 0.5}
[2026-09-25 17:24:40.773] [SFX] {"sound": "player_move", "volume": 0.4}
[2026-09-25 17:24:40.876] [SFX] {"sound": "civ_move_1", "volume": 0.03}
[2026-09-25 17:24:40.945] [SFX] {"sound": "civ_move_1", "volume": 0.23}
[2026-09-25 17:24:40.994] [C] {"civ_pos": [214, 8]}
[2026-09-25 17:24:41.055] [SFX] {"sound": "civ_move_2", "volume": 0.11}
[2026-09-25 17:24:41.056] [SFX] {"sound": "civ_move_2", "volume": 0.1}
[2026-09-25 17:24:41.090] [SFX] {"sound": "player_move", "volume": 0.4}
[2026-09-25 17:24:41.091] [SFX] {"sound": "civ_move_1", "volume": 0.07}
[2026-09-25 17:24:41.092] [SFX] {"sound": "threat_pulse", "volume": 0.36}
[2026-09-25 17:24:41.141] [SFX] {"sound": "infiltrate 1", "volume": 0.5}
[2026-09-25 17:24:41.292] [SFX] {"sound": "civ_move_1", "volume": 0.03}
[2026-09-25 17:24:41.358] [SFX] {"sound": "civ_move_1", "volume": 0.23}
[2026-09-25 17:24:41.390] [SFX] {"sound": "player_move", "volume": 0.4}
[2026-09-25 17:24:41.466] [SFX] {"sound": "civ_move_2", "volume": 0.12}
[2026-09-25 17:24:41.467] [SFX] {"sound": "civ_move_2", "volume": 0.11}
[2026-09-25 17:24:41.499] [SFX] {"sound": "civ_move_1", "volume": 0.06}
[2026-09-25 17:24:41.699] [SFX] {"sound": "player_move", "volume": 0.4}
[2026-09-25 17:24:41.700] [SFX] {"sound": "civ_move_1", "volume": 0.04}
[2026-09-25 17:24:41.762] [SFX] {"sound": "civ_move_1", "volume": 0.29}
[2026-09-25 17:24:41.877] [SFX] {"sound": "civ_move_2", "volume": 0.11}
[2026-09-25 17:24:41.910] [SFX] {"sound": "civ_move_1", "volume": 0.07}
[2026-09-25 17:24:41.998] [JACK] Hörst du das Wummern? Sentinels in der Nähe... Bloß keinen falschen Schritt machen!
[2026-09-25 17:24:41.999] [SFX] {"sound": "threat_pulse", "volume": 0.37}
[2026-09-25 17:24:42.014] [SFX] {"sound": "player_move", "volume": 0.4}
[2026-09-25 17:24:42.106] [SFX] {"sound": "civ_move_1", "volume": 0.05}
[2026-09-25 17:24:42.172] [SFX] {"sound": "civ_move_1", "volume": 0.29}
[2026-09-25 17:24:42.284] [SFX] {"sound": "civ_move_2", "volume": 0.1}
[2026-09-25 17:24:42.285] [SFX] {"sound": "civ_move_2", "volume": 0.11}
[2026-09-25 17:24:42.319] [SFX] {"sound": "player_move", "volume": 0.4}
[2026-09-25 17:24:42.320] [SFX] {"sound": "civ_move_1", "volume": 0.08}
[2026-09-25 17:24:42.514] [SFX] {"sound": "civ_move_1", "volume": 0.06}
[2026-09-25 17:24:42.582] [SFX] {"sound": "civ_move_1", "volume": 0.29}
[2026-09-25 17:24:42.631] [SFX] {"sound": "player_move", "volume": 0.4}
[2026-09-25 17:24:42.696] [SFX] {"sound": "civ_move_2", "volume": 0.09}
[2026-09-25 17:24:42.697] [SFX] {"sound": "civ_move_2", "volume": 0.11}
[2026-09-25 17:24:42.730] [SFX] {"sound": "civ_move_1", "volume": 0.08}
[2026-09-25 17:24:42.893] [SFX] {"sound": "threat_pulse", "volume": 0.38}
[2026-09-25 17:24:42.927] [SFX] {"sound": "civ_move_1", "volume": 0.08}
[2026-09-25 17:24:42.952] [SFX] {"sound": "player_move", "volume": 0.4}
[2026-09-25 17:24:42.995] [SFX] {"sound": "civ_move_1", "volume": 0.24}
[2026-09-25 17:24:43.111] [SFX] {"sound": "civ_move_2", "volume": 0.11}
[2026-09-25 17:24:43.133] [SFX] {"sound": "civ_move_2", "volume": 0.08}
[2026-09-25 17:24:43.150] [SFX] {"sound": "civ_move_1", "volume": 0.09}
[2026-09-25 17:24:43.244] [SFX] {"sound": "player_move", "volume": 0.4}
[2026-09-25 17:24:43.329] [SFX] {"sound": "civ_move_1", "volume": 0.1}
[2026-09-25 17:24:43.395] [SFX] {"sound": "civ_move_1", "volume": 0.23}
[2026-09-25 17:24:43.495] [C] {"civ_pos": [208, 12]}
[2026-09-25 17:24:43.548] [SFX] {"sound": "civ_move_2", "volume": 0.1}
[2026-09-25 17:24:43.560] [M] {"button": 1, "pos": [341, 207], "ui_clicked": true}
[2026-09-25 17:24:43.575] [SFX] {"sound": "player_move", "volume": 0.4}
[2026-09-25 17:24:43.575] [SFX] {"sound": "civ_move_2", "volume": 0.08}
[2026-09-25 17:24:43.576] [SFX] {"sound": "civ_move_1", "volume": 0.09}
[2026-09-25 17:24:43.604] [SFX] {"sound": "civ_move_1", "volume": 0.02}
[2026-09-25 17:24:43.734] [SFX] {"sound": "civ_move_1", "volume": 0.1}
[2026-09-25 17:24:43.798] [SFX] {"sound": "threat_pulse", "volume": 0.39}
[2026-09-25 17:24:43.836] [SFX] {"sound": "civ_move_1", "volume": 0.29}
[2026-09-25 17:24:43.862] [SFX] {"sound": "player_move", "volume": 0.4}
[2026-09-25 17:24:43.911] [SFX] {"sound": "civ_move_2", "volume": 0.1}
[2026-09-25 17:24:43.960] [SFX] {"sound": "civ_move_2", "volume": 0.07}
[2026-09-25 17:24:43.961] [SFX] {"sound": "civ_move_1", "volume": 0.08}
[2026-09-25 17:24:44.010] [SFX] {"sound": "civ_move_1", "volume": 0.02}
[2026-09-25 17:24:44.144] [SFX] {"sound": "civ_move_1", "volume": 0.09}
[2026-09-25 17:24:44.177] [SFX] {"sound": "player_move", "volume": 0.4}
[2026-09-25 17:24:44.227] [SFX] {"sound": "civ_move_1", "volume": 0.23}
[2026-09-25 17:24:44.244] [M] {"button": 1, "pos": [349, 206], "ui_clicked": true}
[2026-09-25 17:24:44.313] [SFX] {"sound": "civ_move_2", "volume": 0.11}
[2026-09-25 17:24:44.363] [SFX] {"sound": "civ_move_2", "volume": 0.06}
[2026-09-25 17:24:44.364] [SFX] {"sound": "civ_move_1", "volume": 0.07}
[2026-09-25 17:24:44.412] [SFX] {"sound": "civ_move_1", "volume": 0.04}
[2026-09-25 17:24:44.435] [SFX] {"sound": "infiltrate 2", "volume": 0.5}
[2026-09-25 17:24:44.479] [SFX] {"sound": "player_move", "volume": 0.4}
[2026-09-25 17:24:44.544] [SFX] {"sound": "civ_move_1", "volume": 0.09}
[2026-09-25 17:24:44.611] [SFX] {"sound": "threat_pulse", "volume": 0.4}
[2026-09-25 17:24:44.634] [SFX] {"sound": "civ_move_1", "volume": 0.23}
[2026-09-25 17:24:44.729] [SFX] {"sound": "civ_move_2", "volume": 0.12}
[2026-09-25 17:24:44.777] [SFX] {"sound": "civ_move_2", "volume": 0.07}
[2026-09-25 17:24:44.777] [SFX] {"sound": "civ_move_1", "volume": 0.08}
[2026-09-25 17:24:44.800] [SFX] {"sound": "player_move", "volume": 0.4}
[2026-09-25 17:24:44.841] [SFX] {"sound": "civ_move_1", "volume": 0.06}
[2026-09-25 17:24:44.856] [SFX] {"sound": "infiltrate 2", "volume": 0.5}
[2026-09-25 17:24:44.949] [SFX] {"sound": "civ_move_1", "volume": 0.09}
[2026-09-25 17:24:45.032] [SFX] {"sound": "civ_move_1", "volume": 0.23}
[2026-09-25 17:24:45.097] [SFX] {"sound": "player_move", "volume": 0.4}
[2026-09-25 17:24:45.129] [SFX] {"sound": "civ_move_2", "volume": 0.14}
[2026-09-25 17:24:45.179] [SFX] {"sound": "civ_move_2", "volume": 0.07}
[2026-09-25 17:24:45.179] [SFX] {"sound": "civ_move_1", "volume": 0.08}
[2026-09-25 17:24:45.310] [SFX] {"sound": "civ_move_2", "volume": 0.0}
[2026-09-25 17:24:45.361] [SFX] {"sound": "civ_move_1", "volume": 0.08}
[2026-09-25 17:24:45.412] [SFX] {"sound": "player_move", "volume": 0.4}
[2026-09-25 17:24:45.412] [SFX] {"sound": "threat_pulse", "volume": 0.41}
[2026-09-25 17:24:45.445] [SFX] {"sound": "civ_move_1", "volume": 0.3}
[2026-09-25 17:24:45.542] [SFX] {"sound": "civ_move_2", "volume": 0.14}
[2026-09-25 17:24:45.592] [SFX] {"sound": "civ_move_2", "volume": 0.07}
[2026-09-25 17:24:45.593] [SFX] {"sound": "civ_move_1", "volume": 0.09}
[2026-09-25 17:24:45.640] [SFX] {"sound": "civ_move_1", "volume": 0.1}
[2026-09-25 17:24:45.723] [SFX] {"sound": "player_move", "volume": 0.4}
[2026-09-25 17:24:45.724] [SFX] {"sound": "civ_move_2", "volume": 0.02}
[2026-09-25 17:24:45.773] [SFX] {"sound": "civ_move_1", "volume": 0.07}
[2026-09-25 17:24:45.856] [SFX] {"sound": "civ_move_1", "volume": 0.29}
[2026-09-25 17:24:45.873] [M] {"button": 1, "pos": [365, 206], "ui_clicked": true}
[2026-09-25 17:24:45.946] [SFX] {"sound": "civ_move_2", "volume": 0.14}
[2026-09-25 17:24:45.996] [SFX] {"sound": "civ_move_2", "volume": 0.06}
[2026-09-25 17:24:45.997] [SFX] {"sound": "civ_move_1", "volume": 0.09}
[2026-09-25 17:24:45.997] [C] {"civ_pos": [208, 18]}
[2026-09-25 17:24:46.035] [SFX] {"sound": "player_move", "volume": 0.4}
[2026-09-25 17:24:46.036] [SFX] {"sound": "infiltrate 2", "volume": 0.5}
[2026-09-25 17:24:46.058] [SFX] {"sound": "civ_move_1", "volume": 0.11}
[2026-09-25 17:24:46.134] [SFX] {"sound": "civ_move_2", "volume": 0.04}
[2026-09-25 17:24:46.182] [SFX] {"sound": "civ_move_1", "volume": 0.07}
[2026-09-25 17:24:46.216] [SFX] {"sound": "threat_pulse", "volume": 0.42}
[2026-09-25 17:24:46.265] [SFX] {"sound": "civ_move_1", "volume": 0.24}
[2026-09-25 17:24:46.348] [SFX] {"sound": "player_move", "volume": 0.4}
[2026-09-25 17:24:46.348] [SFX] {"sound": "civ_move_2", "volume": 0.13}
[2026-09-25 17:24:46.398] [SFX] {"sound": "civ_move_2", "volume": 0.05}
[2026-09-25 17:24:46.420] [SFX] {"sound": "civ_move_1", "volume": 0.1}
[2026-09-25 17:24:46.446] [SFX] {"sound": "infiltrate 2", "volume": 0.5}
[2026-09-25 17:24:46.469] [SFX] {"sound": "civ_move_1", "volume": 0.12}
[2026-09-25 17:24:46.546] [SFX] {"sound": "civ_move_2", "volume": 0.05}
[2026-09-25 17:24:46.595] [SFX] {"sound": "civ_move_1", "volume": 0.06}
[2026-09-25 17:24:46.661] [SFX] {"sound": "player_move", "volume": 0.4}
[2026-09-25 17:24:46.682] [SFX] {"sound": "civ_move_1", "volume": 0.24}
[2026-09-25 17:24:46.760] [SFX] {"sound": "civ_move_2", "volume": 0.13}
[2026-09-25 17:24:46.812] [SFX] {"sound": "civ_move_2", "volume": 0.04}
[2026-09-25 17:24:46.833] [SFX] {"sound": "civ_move_1", "volume": 0.1}
[2026-09-25 17:24:46.862] [SFX] {"sound": "infiltrate 1", "volume": 0.5}
[2026-09-25 17:24:46.884] [SFX] {"sound": "civ_move_1", "volume": 0.11}
[2026-09-25 17:24:46.966] [SFX] {"sound": "player_move", "volume": 0.4}
[2026-09-25 17:24:46.967] [SFX] {"sound": "civ_move_2", "volume": 0.06}
[2026-09-25 17:24:46.998] [SFX] {"sound": "civ_move_1", "volume": 0.07}
[2026-09-25 17:24:47.030] [SFX] {"sound": "threat_pulse", "volume": 0.5}
[2026-09-25 17:24:47.080] [SFX] {"sound": "civ_move_1", "volume": 0.24}
[2026-09-25 17:24:47.165] [SFX] {"sound": "civ_move_2", "volume": 0.12}
[2026-09-25 17:24:47.215] [SFX] {"sound": "civ_move_2", "volume": 0.03}
[2026-09-25 17:24:47.238] [SFX] {"sound": "civ_move_1", "volume": 0.1}
[2026-09-25 17:24:47.264] [SFX] {"sound": "infiltrate 1", "volume": 0.5}
[2026-09-25 17:24:47.287] [SFX] {"sound": "player_move", "volume": 0.4}
[2026-09-25 17:24:47.287] [SFX] {"sound": "civ_move_1", "volume": 0.11}
[2026-09-25 17:24:47.313] [SFX] {"sound": "civ_move_1", "volume": 0.0}
[2026-09-25 17:24:47.381] [SFX] {"sound": "civ_move_2", "volume": 0.07}
[2026-09-25 17:24:47.403] [SFX] {"sound": "civ_move_1", "volume": 0.05}
[2026-09-25 17:24:47.482] [SFX] {"sound": "civ_move_1", "volume": 0.24}
[2026-09-25 17:24:47.566] [SFX] {"sound": "civ_move_2", "volume": 0.11}
[2026-09-25 17:24:47.589] [SFX] {"sound": "player_move", "volume": 0.4}
[2026-09-25 17:24:47.615] [SFX] {"sound": "civ_move_2", "volume": 0.02}
[2026-09-25 17:24:47.638] [SFX] {"sound": "civ_move_1", "volume": 0.1}
[2026-09-25 17:24:47.638] [SFX] {"sound": "threat_pulse", "volume": 0.56}
[2026-09-25 17:24:47.665] [SFX] {"sound": "infiltrate 1", "volume": 0.5}
[2026-09-25 17:24:47.687] [SFX] {"sound": "civ_move_1", "volume": 0.1}
[2026-09-25 17:24:47.714] [SFX] {"sound": "civ_move_1", "volume": 0.01}
[2026-09-25 17:24:47.781] [SFX] {"sound": "civ_move_2", "volume": 0.08}
[2026-09-25 17:24:47.813] [SFX] {"sound": "civ_move_1", "volume": 0.06}
[2026-09-25 17:24:47.896] [SFX] {"sound": "player_move", "volume": 0.4}
[2026-09-25 17:24:47.897] [SFX] {"sound": "civ_move_1", "volume": 0.24}
[2026-09-25 17:24:47.979] [SFX] {"sound": "civ_move_2", "volume": 0.1}
[2026-09-25 17:24:48.028] [SFX] {"sound": "civ_move_2", "volume": 0.01}
[2026-09-25 17:24:48.051] [SFX] {"sound": "civ_move_1", "volume": 0.09}
[2026-09-25 17:24:48.053] [SFX] {"sound": "threat_pulse", "volume": 0.6}
[2026-09-25 17:24:48.080] [SFX] {"sound": "infiltrate 1", "volume": 0.5}
[2026-09-25 17:24:48.104] [SFX] {"sound": "civ_move_1", "volume": 0.1}
[2026-09-25 17:24:48.131] [SFX] {"sound": "civ_move_1", "volume": 0.02}
[2026-09-25 17:24:48.181] [SFX] {"sound": "civ_move_2", "volume": 0.09}
[2026-09-25 17:24:48.205] [SFX] {"sound": "player_move", "volume": 0.4}
[2026-09-25 17:24:48.230] [SFX] {"sound": "civ_move_1", "volume": 0.06}
[2026-09-25 17:24:48.311] [SFX] {"sound": "civ_move_1", "volume": 0.24}
[2026-09-25 17:24:48.345] [SFX] {"sound": "threat_pulse", "volume": 0.63}
[2026-09-25 17:24:48.378] [SFX] {"sound": "civ_move_2", "volume": 0.09}
[2026-09-25 17:24:48.428] [SFX] {"sound": "civ_move_2", "volume": 0.0}
[2026-09-25 17:24:48.451] [SFX] {"sound": "civ_move_1", "volume": 0.09}
[2026-09-25 17:24:48.494] [SFX] {"sound": "infiltrate 1", "volume": 0.5}
[2026-09-25 17:24:48.517] [SFX] {"sound": "player_move", "volume": 0.4}
[2026-09-25 17:24:48.518] [SFX] {"sound": "civ_move_1", "volume": 0.09}
[2026-09-25 17:24:48.519] [C] {"civ_pos": [208, 19]}
[2026-09-25 17:24:48.553] [SFX] {"sound": "civ_move_1", "volume": 0.03}
[2026-09-25 17:24:48.554] [SFX] {"sound": "threat_pulse", "volume": 0.65}
[2026-09-25 17:24:48.586] [SFX] {"sound": "civ_move_2", "volume": 0.09}
[2026-09-25 17:24:48.634] [SFX] {"sound": "civ_move_1", "volume": 0.06}
[2026-09-25 17:24:48.717] [SFX] {"sound": "civ_move_1", "volume": 0.24}
[2026-09-25 17:24:48.767] [SFX] {"sound": "threat_pulse", "volume": 0.67}
[2026-09-25 17:24:48.790] [SFX] {"sound": "civ_move_2", "volume": 0.08}
[2026-09-25 17:24:48.816] [SFX] {"sound": "player_move", "volume": 0.4}
[2026-09-25 17:24:48.848] [SFX] {"sound": "civ_move_1", "volume": 0.09}
[2026-09-25 17:24:48.880] [SFX] {"sound": "threat_pulse", "volume": 0.68}
[2026-09-25 17:24:48.881] [SFX] {"sound": "hack_success", "volume": 1.0}
[2026-09-25 17:24:48.914] [SFX] {"sound": "civ_move_1", "volume": 0.09}
[2026-09-25 17:24:48.963] [SFX] {"sound": "civ_move_1", "volume": 0.04}
[2026-09-25 17:24:49.004] [SFX] {"sound": "civ_move_2", "volume": 0.1}
[2026-09-25 17:24:49.005] [SFX] {"sound": "threat_pulse", "volume": 0.68}
[2026-09-25 17:24:49.047] [SFX] {"sound": "civ_move_1", "volume": 0.07}
[2026-09-25 17:24:49.113] [SFX] {"sound": "threat_pulse", "volume": 0.67}
[2026-09-25 17:24:49.136] [SFX] {"sound": "civ_move_1", "volume": 0.24}
[2026-09-25 17:24:49.197] [SFX] {"sound": "civ_move_2", "volume": 0.07}
[2026-09-25 17:24:49.220] [SFX] {"sound": "threat_pulse", "volume": 0.67}
[2026-09-25 17:24:49.245] [M] {"button": 1, "pos": [352, 154], "ui_clicked": false}
[2026-09-25 17:24:49.266] [P] {"start": [208, 18], "goal": [212, 15], "length": 3, "is_direction_change": false}
[2026-09-25 17:24:49.267] [SFX] {"sound": "click_target", "volume": 0.87}
[2026-09-25 17:24:49.289] [JACK] Überall Wacheinheiten... Ihr bedrohliches Summen brennt sich ins Deck.
[2026-09-25 17:24:49.290] [SFX] {"sound": "civ_move_1", "volume": 0.12}
[2026-09-25 17:24:49.315] [SFX] {"sound": "civ_move_1", "volume": 0.09}
[2026-09-25 17:24:49.316] [SFX] {"sound": "threat_pulse", "volume": 0.66}
[2026-09-25 17:24:49.365] [SFX] {"sound": "civ_move_1", "volume": 0.06}
[2026-09-25 17:24:49.413] [SFX] {"sound": "civ_move_2", "volume": 0.12}
[2026-09-25 17:24:49.463] [SFX] {"sound": "civ_move_1", "volume": 0.04}
[2026-09-25 17:24:49.496] [SFX] {"sound": "player_move", "volume": 0.4}
[2026-09-25 17:24:49.529] [SFX] {"sound": "threat_pulse", "volume": 0.65}
[2026-09-25 17:24:49.551] [SFX] {"sound": "civ_move_1", "volume": 0.27}
[2026-09-25 17:24:49.609] [SFX] {"sound": "civ_move_2", "volume": 0.06}
[2026-09-25 17:24:49.692] [SFX] {"sound": "civ_move_1", "volume": 0.07}
[2026-09-25 17:24:49.724] [SFX] {"sound": "civ_move_1", "volume": 0.05}
[2026-09-25 17:24:49.747] [SFX] {"sound": "threat_pulse", "volume": 0.64}
[2026-09-25 17:24:49.774] [SFX] {"sound": "civ_move_1", "volume": 0.04}
[2026-09-25 17:24:49.822] [SFX] {"sound": "civ_move_2", "volume": 0.09}
[2026-09-25 17:24:49.872] [SFX] {"sound": "civ_move_1", "volume": 0.06}
[2026-09-25 17:24:49.955] [SFX] {"sound": "civ_move_1", "volume": 0.2}
[2026-09-25 17:24:49.955] [SFX] {"sound": "threat_pulse", "volume": 0.63}
[2026-09-25 17:24:50.021] [SFX] {"sound": "civ_move_2", "volume": 0.03}
[2026-09-25 17:24:50.104] [SFX] {"sound": "civ_move_1", "volume": 0.07}
[2026-09-25 17:24:50.136] [SFX] {"sound": "civ_move_1", "volume": 0.04}
[2026-09-25 17:24:50.170] [SFX] {"sound": "threat_pulse", "volume": 0.62}
[2026-09-25 17:24:50.192] [SFX] {"sound": "civ_move_1", "volume": 0.05}
[2026-09-25 17:24:50.236] [SFX] {"sound": "civ_move_2", "volume": 0.08}
[2026-09-25 17:24:50.287] [SFX] {"sound": "civ_move_1", "volume": 0.07}
[2026-09-25 17:24:50.370] [SFX] {"sound": "civ_move_1", "volume": 0.2}
[2026-09-25 17:24:50.435] [SFX] {"sound": "civ_move_2", "volume": 0.02}
[2026-09-25 17:24:50.483] [SFX] {"sound": "threat_pulse", "volume": 0.6}
[2026-09-25 17:24:50.515] [SFX] {"sound": "civ_move_1", "volume": 0.09}
[2026-09-25 17:24:50.547] [M] {"button": 1, "pos": [342, 146], "ui_clicked": false}
[2026-09-25 17:24:50.556] [SFX] {"sound": "civ_move_1", "volume": 0.03}
[2026-09-25 17:24:50.557] [P] {"start": [212, 15], "goal": [214, 10], "length": 2, "is_direction_change": false}
[2026-09-25 17:24:50.558] [SFX] {"sound": "click_target", "volume": 0.87}
[2026-09-25 17:24:50.579] [JACK] Diese Bedrohung ist greifbar... Die Wachen dürfen unser Signal nicht isolieren.
[2026-09-25 17:24:50.595] [SFX] {"sound": "player_move", "volume": 0.4}
[2026-09-25 17:24:50.596] [SFX] {"sound": "civ_move_1", "volume": 0.05}
[2026-09-25 17:24:50.639] [SFX] {"sound": "civ_move_2", "volume": 0.07}
[2026-09-25 17:24:50.691] [SFX] {"sound": "civ_move_1", "volume": 0.08}
[2026-09-25 17:24:50.773] [SFX] {"sound": "civ_move_1", "volume": 0.18}
[2026-09-25 17:24:50.795] [SFX] {"sound": "threat_pulse", "volume": 0.59}
[2026-09-25 17:24:50.889] [SFX] {"sound": "player_move", "volume": 0.4}
[2026-09-25 17:24:50.921] [SFX] {"sound": "civ_move_1", "volume": 0.06}
[2026-09-25 17:24:50.989] [SFX] {"sound": "civ_move_1", "volume": 0.04}
[2026-09-25 17:24:51.039] [SFX] {"sound": "civ_move_2", "volume": 0.04}
[2026-09-25 17:24:51.106] [SFX] {"sound": "civ_move_1", "volume": 0.07}
[2026-09-25 17:24:51.107] [SFX] {"sound": "threat_pulse", "volume": 0.57}
[2026-09-25 17:24:51.188] [SFX] {"sound": "civ_move_1", "volume": 0.17}
[2026-09-25 17:24:51.321] [SFX] {"sound": "civ_move_1", "volume": 0.06}
[2026-09-25 17:24:51.356] [SFX] {"sound": "civ_move_1", "volume": 0.0}
[2026-09-25 17:24:51.403] [SFX] {"sound": "civ_move_1", "volume": 0.05}
[2026-09-25 17:24:51.454] [SFX] {"sound": "civ_move_2", "volume": 0.04}
[2026-09-25 17:24:51.519] [SFX] {"sound": "civ_move_1", "volume": 0.06}
[2026-09-25 17:24:51.520] [SFX] {"sound": "threat_pulse", "volume": 0.55}
[2026-09-25 17:24:51.604] [SFX] {"sound": "civ_move_1", "volume": 0.17}
[2026-09-25 17:24:51.736] [SFX] {"sound": "civ_move_1", "volume": 0.08}
[2026-09-25 17:24:51.770] [SFX] {"sound": "civ_move_1", "volume": 0.01}
[2026-09-25 17:24:51.819] [SFX] {"sound": "civ_move_1", "volume": 0.06}
[2026-09-25 17:24:51.869] [SFX] {"sound": "civ_move_2", "volume": 0.03}
[2026-09-25 17:24:51.934] [SFX] {"sound": "civ_move_1", "volume": 0.06}
[2026-09-25 17:24:51.936] [SFX] {"sound": "threat_pulse", "volume": 0.53}
[2026-09-25 17:24:52.019] [SFX] {"sound": "civ_move_1", "volume": 0.17}
[2026-09-25 17:24:52.152] [SFX] {"sound": "civ_move_1", "volume": 0.1}
[2026-09-25 17:24:52.175] [SFX] {"sound": "civ_move_1", "volume": 0.01}
[2026-09-25 17:24:52.218] [SFX] {"sound": "civ_move_1", "volume": 0.07}
[2026-09-25 17:24:52.269] [SFX] {"sound": "civ_move_2", "volume": 0.02}
[2026-09-25 17:24:52.303] [M] {"button": 1, "pos": [333, 209], "ui_clicked": false}
[2026-09-25 17:24:52.336] [SFX] {"sound": "civ_move_1", "volume": 0.06}
[2026-09-25 17:24:52.419] [SFX] {"sound": "civ_move_1", "volume": 0.17}
[2026-09-25 17:24:52.442] [SFX] {"sound": "threat_pulse", "volume": 0.5}
[2026-09-25 17:24:52.567] [SFX] {"sound": "civ_move_1", "volume": 0.11}
[2026-09-25 17:24:52.590] [SFX] {"sound": "civ_move_1", "volume": 0.02}
[2026-09-25 17:24:52.632] [SFX] {"sound": "civ_move_1", "volume": 0.08}
[2026-09-25 17:24:52.682] [SFX] {"sound": "civ_move_2", "volume": 0.02}
[2026-09-25 17:24:52.748] [SFX] {"sound": "civ_move_1", "volume": 0.05}
[2026-09-25 17:24:52.828] [SFX] {"sound": "civ_move_1", "volume": 0.17}
[2026-09-25 17:24:52.942] [SFX] {"sound": "threat_pulse", "volume": 0.48}
[2026-09-25 17:24:52.973] [SFX] {"sound": "civ_move_1", "volume": 0.12}
[2026-09-25 17:24:52.990] [M] {"button": 1, "pos": [328, 197], "ui_clicked": false}
[2026-09-25 17:24:52.998] [SFX] {"sound": "civ_move_1", "volume": 0.03}
[2026-09-25 17:24:52.999] [P] {"start": [214, 10], "goal": [214, 12], "length": 24, "is_direction_change": false}
[2026-09-25 17:24:52.999] [SFX] {"sound": "click_target", "volume": 0.75}
[2026-09-25 17:24:53.034] [JACK] Verdammt, die Sentinels kreisen um uns... Ich habe echte Angst, ertappt zu werden!
[2026-09-25 17:24:53.049] [SFX] {"sound": "civ_move_1", "volume": 0.08}
[2026-09-25 17:24:53.093] [SFX] {"sound": "civ_move_2", "volume": 0.0}
[2026-09-25 17:24:53.158] [SFX] {"sound": "civ_move_1", "volume": 0.04}
[2026-09-25 17:24:53.240] [SFX] {"sound": "civ_move_1", "volume": 0.15}
[2026-09-25 17:24:53.289] [SFX] {"sound": "player_move", "volume": 0.4}
[2026-09-25 17:24:53.389] [SFX] {"sound": "civ_move_1", "volume": 0.1}
[2026-09-25 17:24:53.412] [SFX] {"sound": "civ_move_1", "volume": 0.0}
[2026-09-25 17:24:53.455] [SFX] {"sound": "civ_move_1", "volume": 0.05}
[2026-09-25 17:24:53.555] [SFX] {"sound": "threat_pulse", "volume": 0.45}
[2026-09-25 17:24:53.578] [SFX] {"sound": "civ_move_1", "volume": 0.02}
[2026-09-25 17:24:53.604] [SFX] {"sound": "player_move", "volume": 0.4}
[2026-09-25 17:24:53.654] [SFX] {"sound": "civ_move_1", "volume": 0.14}
[2026-09-25 17:24:53.803] [SFX] {"sound": "civ_move_1", "volume": 0.09}
[2026-09-25 17:24:53.868] [SFX] {"sound": "civ_move_1", "volume": 0.06}
[2026-09-25 17:24:53.917] [SFX] {"sound": "player_move", "volume": 0.4}
[2026-09-25 17:24:54.065] [SFX] {"sound": "civ_move_1", "volume": 0.12}
[2026-09-25 17:24:54.211] [SFX] {"sound": "civ_move_1", "volume": 0.07}
[2026-09-25 17:24:54.234] [SFX] {"sound": "player_move", "volume": 0.4}
[2026-09-25 17:24:54.263] [SFX] {"sound": "threat_pulse", "volume": 0.41}
[2026-09-25 17:24:54.288] [SFX] {"sound": "civ_move_1", "volume": 0.08}
[2026-09-25 17:24:54.478] [SFX] {"sound": "civ_move_1", "volume": 0.14}
[2026-09-25 17:24:54.529] [SFX] {"sound": "player_move", "volume": 0.4}
[2026-09-25 17:24:54.612] [SFX] {"sound": "civ_move_1", "volume": 0.11}
[2026-09-25 17:24:54.635] [SFX] {"sound": "civ_move_1", "volume": 0.02}
[2026-09-25 17:24:54.694] [SFX] {"sound": "civ_move_1", "volume": 0.11}
[2026-09-25 17:24:54.845] [SFX] {"sound": "player_move", "volume": 0.4}
[2026-09-25 17:24:54.894] [SFX] {"sound": "civ_move_1", "volume": 0.13}
[2026-09-25 17:24:55.025] [SFX] {"sound": "civ_move_1", "volume": 0.12}
[2026-09-25 17:24:55.076] [SFX] {"sound": "threat_pulse", "volume": 0.37}
[2026-09-25 17:24:55.109] [SFX] {"sound": "civ_move_1", "volume": 0.12}
[2026-09-25 17:24:55.157] [SFX] {"sound": "player_move", "volume": 0.4}
[2026-09-25 17:24:55.305] [SFX] {"sound": "civ_move_1", "volume": 0.15}
[2026-09-25 17:24:55.438] [SFX] {"sound": "civ_move_1", "volume": 0.13}
[2026-09-25 17:24:55.461] [SFX] {"sound": "civ_move_1", "volume": 0.02}
[2026-09-25 17:24:55.478] [SFX] {"sound": "player_move", "volume": 0.4}
[2026-09-25 17:24:55.479] [SFX] {"sound": "civ_move_1", "volume": 0.02}
[2026-09-25 17:24:55.523] [SFX] {"sound": "civ_move_1", "volume": 0.16}
[2026-09-25 17:24:55.558] [SFX] {"sound": "civ_move_2", "volume": 0.0}
[2026-09-25 17:24:55.624] [SFX] {"sound": "civ_move_1", "volume": 0.02}
[2026-09-25 17:24:55.708] [SFX] {"sound": "civ_move_1", "volume": 0.17}
[2026-09-25 17:24:55.773] [SFX] {"sound": "player_move", "volume": 0.4}
[2026-09-25 17:24:55.838] [SFX] {"sound": "civ_move_1", "volume": 0.16}
[2026-09-25 17:24:55.860] [SFX] {"sound": "civ_move_1", "volume": 0.02}
[2026-09-25 17:24:55.877] [SFX] {"sound": "civ_move_1", "volume": 0.01}
[2026-09-25 17:24:55.938] [SFX] {"sound": "civ_move_1", "volume": 0.15}
[2026-09-25 17:24:55.961] [SFX] {"sound": "guardian_move", "volume": 0.01}
[2026-09-25 17:24:55.988] [SFX] {"sound": "threat_pulse", "volume": 0.33}
[2026-09-25 17:24:56.037] [SFX] {"sound": "civ_move_1", "volume": 0.02}
[2026-09-25 17:24:56.087] [SFX] {"sound": "player_move", "volume": 0.4}
[2026-09-25 17:24:56.119] [SFX] {"sound": "civ_move_1", "volume": 0.16}
[2026-09-25 17:24:56.249] [SFX] {"sound": "civ_move_1", "volume": 0.2}
[2026-09-25 17:24:56.273] [SFX] {"sound": "civ_move_1", "volume": 0.04}
[2026-09-25 17:24:56.289] [SFX] {"sound": "civ_move_1", "volume": 0.03}
[2026-09-25 17:24:56.351] [SFX] {"sound": "civ_move_1", "volume": 0.18}
[2026-09-25 17:24:56.385] [SFX] {"sound": "civ_move_2", "volume": 0.03}
[2026-09-25 17:24:56.408] [SFX] {"sound": "player_move", "volume": 0.4}
[2026-09-25 17:24:56.450] [SFX] {"sound": "civ_move_1", "volume": 0.05}
[2026-09-25 17:24:56.534] [SFX] {"sound": "civ_move_1", "volume": 0.18}
[2026-09-25 17:24:56.565] [SFX] {"sound": "guardian_move", "volume": 0.05}
[2026-09-25 17:24:56.664] [SFX] {"sound": "civ_move_1", "volume": 0.23}
[2026-09-25 17:24:56.687] [SFX] {"sound": "civ_move_1", "volume": 0.06}
[2026-09-25 17:24:56.703] [SFX] {"sound": "civ_move_1", "volume": 0.04}
[2026-09-25 17:24:56.764] [SFX] {"sound": "civ_move_1", "volume": 0.19}
[2026-09-25 17:24:56.797] [SFX] {"sound": "civ_move_2", "volume": 0.04}
[2026-09-25 17:24:56.864] [SFX] {"sound": "civ_move_1", "volume": 0.05}
[2026-09-25 17:24:56.864] [SFX] {"sound": "civ_move_2", "volume": 0.01}
[2026-09-25 17:24:56.947] [SFX] {"sound": "civ_move_1", "volume": 0.18}
[2026-09-25 17:24:57.080] [SFX] {"sound": "civ_move_1", "volume": 0.24}
[2026-09-25 17:24:57.103] [SFX] {"sound": "civ_move_1", "volume": 0.07}
[2026-09-25 17:24:57.120] [SFX] {"sound": "civ_move_1", "volume": 0.03}
[2026-09-25 17:24:57.179] [SFX] {"sound": "guardian_move", "volume": 0.07}
[2026-09-25 17:24:57.180] [SFX] {"sound": "civ_move_1", "volume": 0.2}
[2026-09-25 17:24:57.212] [SFX] {"sound": "civ_move_2", "volume": 0.04}
[2026-09-25 17:24:57.276] [SFX] {"sound": "civ_move_1", "volume": 0.05}
[2026-09-25 17:24:57.276] [SFX] {"sound": "civ_move_2", "volume": 0.02}
[2026-09-25 17:24:57.356] [SFX] {"sound": "civ_move_1", "volume": 0.18}
[2026-09-25 17:24:57.488] [SFX] {"sound": "civ_move_1", "volume": 0.25}
[2026-09-25 17:24:57.510] [SFX] {"sound": "civ_move_1", "volume": 0.06}
[2026-09-25 17:24:57.528] [SFX] {"sound": "civ_move_1", "volume": 0.02}
[2026-09-25 17:24:57.587] [SFX] {"sound": "civ_move_1", "volume": 0.21}
[2026-09-25 17:24:57.620] [SFX] {"sound": "civ_move_2", "volume": 0.05}
[2026-09-25 17:24:57.687] [SFX] {"sound": "civ_move_1", "volume": 0.05}
[2026-09-25 17:24:57.688] [SFX] {"sound": "civ_move_2", "volume": 0.03}
[2026-09-25 17:24:57.768] [SFX] {"sound": "civ_move_1", "volume": 0.18}
[2026-09-25 17:24:57.790] [SFX] {"sound": "guardian_move", "volume": 0.08}
[2026-09-25 17:24:57.814] [M] {"button": 1, "pos": [329, 199], "ui_clicked": false}
[2026-09-25 17:24:57.896] [SFX] {"sound": "civ_move_1", "volume": 0.26}
[2026-09-25 17:24:57.919] [SFX] {"sound": "civ_move_1", "volume": 0.06}
[2026-09-25 17:24:57.935] [SFX] {"sound": "civ_move_1", "volume": 0.02}
[2026-09-25 17:24:57.993] [SFX] {"sound": "civ_move_1", "volume": 0.22}
[2026-09-25 17:24:58.025] [SFX] {"sound": "civ_move_2", "volume": 0.05}
[2026-09-25 17:24:58.090] [SFX] {"sound": "civ_move_1", "volume": 0.04}
[2026-09-25 17:24:58.091] [SFX] {"sound": "civ_move_2", "volume": 0.04}
[2026-09-25 17:24:58.170] [M] {"button": 1, "pos": [329, 199], "ui_clicked": false}
[2026-09-25 17:24:58.178] [SFX] {"sound": "civ_move_1", "volume": 0.18}
[2026-09-25 17:24:58.306] [SFX] {"sound": "civ_move_1", "volume": 0.28}
[2026-09-25 17:24:58.328] [SFX] {"sound": "civ_move_1", "volume": 0.05}
[2026-09-25 17:24:58.344] [SFX] {"sound": "civ_move_1", "volume": 0.01}
[2026-09-25 17:24:58.387] [M] {"button": 1, "pos": [330, 199], "ui_clicked": false}
[2026-09-25 17:24:58.394] [SFX] {"sound": "guardian_move", "volume": 0.1}
[2026-09-25 17:24:58.411] [SFX] {"sound": "civ_move_1", "volume": 0.22}
[2026-09-25 17:24:58.438] [SFX] {"sound": "civ_move_2", "volume": 0.05}
[2026-09-25 17:24:58.505] [SFX] {"sound": "civ_move_1", "volume": 0.04}
[2026-09-25 17:24:58.506] [SFX] {"sound": "civ_move_2", "volume": 0.05}
[2026-09-25 17:24:58.576] [SFX] {"sound": "civ_move_1", "volume": 0.18}
[2026-09-25 17:24:58.598] [C] {"civ_pos": [212, 12]}
[2026-09-25 17:24:58.713] [SFX] {"sound": "civ_move_1", "volume": 0.28}
[2026-09-25 17:24:58.735] [SFX] {"sound": "civ_move_1", "volume": 0.05}
[2026-09-25 17:24:58.753] [SFX] {"sound": "civ_move_1", "volume": 0.0}
[2026-09-25 17:24:58.813] [SFX] {"sound": "civ_move_1", "volume": 0.28}
[2026-09-25 17:24:58.845] [SFX] {"sound": "civ_move_2", "volume": 0.06}
[2026-09-25 17:24:58.909] [SFX] {"sound": "civ_move_1", "volume": 0.03}
[2026-09-25 17:24:58.910] [SFX] {"sound": "civ_move_2", "volume": 0.06}
[2026-09-25 17:24:58.991] [SFX] {"sound": "guardian_move", "volume": 0.12}
[2026-09-25 17:24:58.992] [SFX] {"sound": "civ_move_1", "volume": 0.18}
[2026-09-25 17:24:59.126] [SFX] {"sound": "civ_move_1", "volume": 0.23}
[2026-09-25 17:24:59.147] [SFX] {"sound": "civ_move_1", "volume": 0.04}
[2026-09-25 17:24:59.164] [SFX] {"sound": "civ_move_1", "volume": 0.01}
[2026-09-25 17:24:59.224] [SFX] {"sound": "civ_move_1", "volume": 0.28}
[2026-09-25 17:24:59.259] [SFX] {"sound": "civ_move_2", "volume": 0.05}
[2026-09-25 17:24:59.310] [SFX] {"sound": "civ_move_1", "volume": 0.0}
[2026-09-25 17:24:59.311] [SFX] {"sound": "civ_move_1", "volume": 0.03}
[2026-09-25 17:24:59.312] [SFX] {"sound": "civ_move_2", "volume": 0.06}
[2026-09-25 17:24:59.392] [SFX] {"sound": "civ_move_1", "volume": 0.18}
[2026-09-25 17:24:59.526] [SFX] {"sound": "civ_move_1", "volume": 0.22}
[2026-09-25 17:24:59.548] [SFX] {"sound": "civ_move_1", "volume": 0.04}
[2026-09-25 17:24:59.565] [SFX] {"sound": "civ_move_1", "volume": 0.01}
[2026-09-25 17:24:59.593] [SFX] {"sound": "guardian_move", "volume": 0.14}
[2026-09-25 17:24:59.625] [SFX] {"sound": "civ_move_1", "volume": 0.28}
[2026-09-25 17:24:59.659] [SFX] {"sound": "civ_move_2", "volume": 0.04}
[2026-09-25 17:24:59.724] [SFX] {"sound": "civ_move_1", "volume": 0.01}
[2026-09-25 17:24:59.725] [SFX] {"sound": "civ_move_1", "volume": 0.02}
[2026-09-25 17:24:59.726] [SFX] {"sound": "civ_move_2", "volume": 0.08}
[2026-09-25 17:24:59.807] [SFX] {"sound": "civ_move_1", "volume": 0.18}
[2026-09-25 17:24:59.874] [M] {"button": 1, "pos": [313, 249], "ui_clicked": false}
[2026-09-25 17:24:59.940] [SFX] {"sound": "civ_move_1", "volume": 0.21}
[2026-09-25 17:24:59.963] [SFX] {"sound": "civ_move_1", "volume": 0.03}
[2026-09-25 17:24:59.979] [SFX] {"sound": "civ_move_1", "volume": 0.02}
[2026-09-25 17:25:00.040] [SFX] {"sound": "civ_move_1", "volume": 0.28}
[2026-09-25 17:25:00.073] [SFX] {"sound": "civ_move_2", "volume": 0.03}
[2026-09-25 17:25:00.139] [SFX] {"sound": "civ_move_1", "volume": 0.02}
[2026-09-25 17:25:00.140] [SFX] {"sound": "civ_move_2", "volume": 0.09}
[2026-09-25 17:25:00.205] [SFX] {"sound": "guardian_move", "volume": 0.16}
[2026-09-25 17:25:00.228] [SFX] {"sound": "civ_move_1", "volume": 0.18}
[2026-09-25 17:25:00.353] [M] {"button": 1, "pos": [319, 211], "ui_clicked": false}
[2026-09-25 17:25:00.360] [SFX] {"sound": "civ_move_1", "volume": 0.2}
[2026-09-25 17:25:00.376] [SFX] {"sound": "civ_move_1", "volume": 0.02}
[2026-09-25 17:25:00.394] [SFX] {"sound": "civ_move_1", "volume": 0.03}
[2026-09-25 17:25:00.454] [SFX] {"sound": "civ_move_1", "volume": 0.27}
[2026-09-25 17:25:00.486] [SFX] {"sound": "civ_move_2", "volume": 0.03}
[2026-09-25 17:25:00.551] [SFX] {"sound": "civ_move_1", "volume": 0.03}
[2026-09-25 17:25:00.551] [SFX] {"sound": "civ_move_1", "volume": 0.01}
[2026-09-25 17:25:00.552] [SFX] {"sound": "civ_move_2", "volume": 0.09}
[2026-09-25 17:25:00.568] [M] {"button": 1, "pos": [321, 207], "ui_clicked": false}
[2026-09-25 17:25:00.576] [P] {"start": [214, 12], "goal": [214, 15], "length": 1, "is_direction_change": false}
[2026-09-25 17:25:00.576] [SFX] {"sound": "click_target", "volume": 0.73}
[2026-09-25 17:25:00.600] [JACK] Vorsichtig vorantasten...
[2026-09-25 17:25:00.625] [SFX] {"sound": "civ_move_1", "volume": 0.19}
[2026-09-25 17:25:00.759] [SFX] {"sound": "civ_move_1", "volume": 0.21}
[2026-09-25 17:25:00.782] [SFX] {"sound": "civ_move_1", "volume": 0.03}
[2026-09-25 17:25:00.799] [SFX] {"sound": "civ_move_1", "volume": 0.05}
[2026-09-25 17:25:00.816] [SFX] {"sound": "guardian_move", "volume": 0.2}
[2026-09-25 17:25:00.859] [SFX] {"sound": "civ_move_1", "volume": 0.23}
[2026-09-25 17:25:00.893] [SFX] {"sound": "civ_move_2", "volume": 0.04}
[2026-09-25 17:25:00.958] [SFX] {"sound": "civ_move_1", "volume": 0.06}
[2026-09-25 17:25:00.959] [SFX] {"sound": "civ_move_1", "volume": 0.01}
[2026-09-25 17:25:00.960] [SFX] {"sound": "civ_move_2", "volume": 0.12}
[2026-09-25 17:25:01.026] [SFX] {"sound": "civ_move_1", "volume": 0.2}
[2026-09-25 17:25:01.190] [SFX] {"sound": "civ_move_1", "volume": 0.02}
[2026-09-25 17:25:01.214] [SFX] {"sound": "civ_move_1", "volume": 0.05}
[2026-09-25 17:25:01.273] [M] {"button": 1, "pos": [335, 179], "ui_clicked": false}
[2026-09-25 17:25:01.281] [SFX] {"sound": "civ_move_1", "volume": 0.22}
[2026-09-25 17:25:01.308] [SFX] {"sound": "civ_move_2", "volume": 0.04}
[2026-09-25 17:25:01.374] [SFX] {"sound": "civ_move_1", "volume": 0.07}
[2026-09-25 17:25:01.375] [SFX] {"sound": "civ_move_1", "volume": 0.02}
[2026-09-25 17:25:01.376] [SFX] {"sound": "civ_move_2", "volume": 0.13}
[2026-09-25 17:25:01.409] [SFX] {"sound": "guardian_move", "volume": 0.22}
[2026-09-25 17:25:01.431] [SFX] {"sound": "civ_move_1", "volume": 0.2}
[2026-09-25 17:25:01.475] [M] {"button": 1, "pos": [335, 179], "ui_clicked": false}
[2026-09-25 17:25:01.577] [SFX] {"sound": "civ_move_1", "volume": 0.19}
[2026-09-25 17:25:01.598] [SFX] {"sound": "civ_move_1", "volume": 0.01}
[2026-09-25 17:25:01.618] [SFX] {"sound": "civ_move_1", "volume": 0.06}
[2026-09-25 17:25:01.678] [M] {"button": 1, "pos": [335, 179], "ui_clicked": false}
[2026-09-25 17:25:01.686] [SFX] {"sound": "civ_move_1", "volume": 0.21}
[2026-09-25 17:25:01.712] [SFX] {"sound": "civ_move_2", "volume": 0.05}
[2026-09-25 17:25:01.780] [SFX] {"sound": "civ_move_1", "volume": 0.08}
[2026-09-25 17:25:01.781] [SFX] {"sound": "civ_move_1", "volume": 0.03}
[2026-09-25 17:25:01.782] [SFX] {"sound": "civ_move_2", "volume": 0.14}
[2026-09-25 17:25:01.828] [SFX] {"sound": "civ_move_1", "volume": 0.2}
[2026-09-25 17:25:01.980] [SFX] {"sound": "civ_move_1", "volume": 0.18}
[2026-09-25 17:25:02.002] [SFX] {"sound": "civ_move_1", "volume": 0.02}
[2026-09-25 17:25:02.018] [SFX] {"sound": "civ_move_1", "volume": 0.07}
[2026-09-25 17:25:02.033] [SFX] {"sound": "guardian_move", "volume": 0.23}
[2026-09-25 17:25:02.078] [SFX] {"sound": "civ_move_1", "volume": 0.2}
[2026-09-25 17:25:02.126] [SFX] {"sound": "civ_move_2", "volume": 0.06}
[2026-09-25 17:25:02.176] [SFX] {"sound": "guardian_move", "volume": 0.02}
[2026-09-25 17:25:02.199] [SFX] {"sound": "civ_move_1", "volume": 0.09}
[2026-09-25 17:25:02.199] [SFX] {"sound": "civ_move_1", "volume": 0.03}
[2026-09-25 17:25:02.200] [SFX] {"sound": "civ_move_2", "volume": 0.15}
[2026-09-25 17:25:02.228] [SFX] {"sound": "civ_move_1", "volume": 0.2}
[2026-09-25 17:25:02.392] [SFX] {"sound": "civ_move_1", "volume": 0.17}
[2026-09-25 17:25:02.415] [SFX] {"sound": "civ_move_1", "volume": 0.02}
[2026-09-25 17:25:02.432] [SFX] {"sound": "civ_move_1", "volume": 0.07}
[2026-09-25 17:25:02.493] [SFX] {"sound": "civ_move_1", "volume": 0.2}
[2026-09-25 17:25:02.526] [SFX] {"sound": "civ_move_2", "volume": 0.06}
[2026-09-25 17:25:02.592] [SFX] {"sound": "civ_move_1", "volume": 0.1}
[2026-09-25 17:25:02.593] [SFX] {"sound": "civ_move_1", "volume": 0.04}
[2026-09-25 17:25:02.594] [SFX] {"sound": "civ_move_2", "volume": 0.16}
[2026-09-25 17:25:02.628] [SFX] {"sound": "guardian_move", "volume": 0.22}
[2026-09-25 17:25:02.628] [SFX] {"sound": "civ_move_1", "volume": 0.2}
[2026-09-25 17:25:02.777] [SFX] {"sound": "guardian_move", "volume": 0.04}
[2026-09-25 17:25:02.800] [SFX] {"sound": "civ_move_1", "volume": 0.16}
[2026-09-25 17:25:02.818] [SFX] {"sound": "civ_move_1", "volume": 0.03}
[2026-09-25 17:25:02.834] [SFX] {"sound": "civ_move_1", "volume": 0.08}
[2026-09-25 17:25:02.893] [SFX] {"sound": "civ_move_1", "volume": 0.22}
[2026-09-25 17:25:02.926] [SFX] {"sound": "civ_move_2", "volume": 0.06}
[2026-09-25 17:25:03.009] [SFX] {"sound": "civ_move_1", "volume": 0.11}
[2026-09-25 17:25:03.009] [SFX] {"sound": "civ_move_1", "volume": 0.05}
[2026-09-25 17:25:03.010] [SFX] {"sound": "civ_move_2", "volume": 0.17}
[2026-09-25 17:25:03.043] [SFX] {"sound": "civ_move_1", "volume": 0.2}
[2026-09-25 17:25:03.192] [SFX] {"sound": "civ_move_1", "volume": 0.16}
[2026-09-25 17:25:03.218] [SFX] {"sound": "civ_move_1", "volume": 0.03}
[2026-09-25 17:25:03.233] [SFX] {"sound": "guardian_move", "volume": 0.2}
[2026-09-25 17:25:03.234] [SFX] {"sound": "civ_move_1", "volume": 0.08}
[2026-09-25 17:25:03.325] [SFX] {"sound": "civ_move_1", "volume": 0.22}
[2026-09-25 17:25:03.348] [SFX] {"sound": "civ_move_2", "volume": 0.05}
[2026-09-25 17:25:03.391] [SFX] {"sound": "guardian_move", "volume": 0.06}
[2026-09-25 17:25:03.424] [SFX] {"sound": "civ_move_1", "volume": 0.12}
[2026-09-25 17:25:03.425] [SFX] {"sound": "civ_move_1", "volume": 0.06}
[2026-09-25 17:25:03.426] [SFX] {"sound": "civ_move_2", "volume": 0.18}
[2026-09-25 17:25:03.457] [SFX] {"sound": "civ_move_1", "volume": 0.2}
