[2026-09-25 22:57:34.973] [S] {"sid": "20260925_225734", "sys_t": "2026-09-25T22:57:34.973430"}
[2026-09-25 22:57:34.974] [SFX] {"sound": "hack_success", "volume": 0.8}
[2026-09-25 22:57:37.810] [SESSION_RESET] {"msg": "--- NEW LIFE STARTED ---"}
[2026-09-25 22:57:37.839] [S] {"map": "Shadowgrid"}
[2026-09-25 22:57:37.872] [JACK] Ah, im Shadowgrid angekommen... endlich.
[2026-09-25 22:57:37.873] [SFX] {"sound": "civ_move_1", "volume": 0.09}
[2026-09-25 22:57:38.070] [SFX] {"sound": "civ_move_2", "volume": 0.09}
[2026-09-25 22:57:38.264] [SFX] {"sound": "civ_move_1", "volume": 0.09}
[2026-09-25 22:57:38.482] [SFX] {"sound": "civ_move_2", "volume": 0.1}
[2026-09-25 22:57:38.664] [SFX] {"sound": "civ_move_1", "volume": 0.1}
[2026-09-25 22:57:38.914] [SFX] {"sound": "civ_move_2", "volume": 0.1}
[2026-09-25 22:57:39.080] [M] {"button": 1, "pos": [601, 329], "ui_clicked": true}
[2026-09-25 22:57:39.100] [SFX] {"sound": "civ_move_1", "volume": 0.09}
[2026-09-25 22:57:39.316] [SFX] {"sound": "civ_move_2", "volume": 0.09}
[2026-09-25 22:57:39.514] [SFX] {"sound": "civ_move_1", "volume": 0.08}
[2026-09-25 22:57:39.677] [SFX] {"sound": "guardian_move", "volume": 0.06}
[2026-09-25 22:57:39.727] [SFX] {"sound": "civ_move_2", "volume": 0.08}
[2026-09-25 22:57:39.922] [SFX] {"sound": "civ_move_1", "volume": 0.08}
[2026-09-25 22:57:40.137] [SFX] {"sound": "civ_move_2", "volume": 0.08}
[2026-09-25 22:57:40.302] [SFX] {"sound": "guardian_move", "volume": 0.05}
[2026-09-25 22:57:40.335] [SFX] {"sound": "civ_move_1", "volume": 0.07}
[2026-09-25 22:57:40.552] [SFX] {"sound": "civ_move_2", "volume": 0.07}
[2026-09-25 22:57:40.619] [M] {"button": 1, "pos": [477, 221], "ui_clicked": true}
[2026-09-25 22:57:40.741] [SFX] {"sound": "civ_move_1", "volume": 0.06}
[2026-09-25 22:57:40.905] [SFX] {"sound": "guardian_move", "volume": 0.03}
[2026-09-25 22:57:40.953] [SFX] {"sound": "civ_move_2", "volume": 0.07}
[2026-09-25 22:57:41.155] [SFX] {"sound": "civ_move_1", "volume": 0.05}
[2026-09-25 22:57:41.355] [SFX] {"sound": "civ_move_2", "volume": 0.06}
[2026-09-25 22:57:41.506] [SFX] {"sound": "guardian_move", "volume": 0.02}
[2026-09-25 22:57:41.556] [SFX] {"sound": "civ_move_1", "volume": 0.04}
[2026-09-25 22:57:41.769] [SFX] {"sound": "civ_move_2", "volume": 0.06}
[2026-09-25 22:57:41.970] [SFX] {"sound": "civ_move_1", "volume": 0.03}
[2026-09-25 22:57:42.120] [SFX] {"sound": "guardian_move", "volume": 0.0}
[2026-09-25 22:57:42.170] [SFX] {"sound": "civ_move_2", "volume": 0.05}
[2026-09-25 22:57:42.371] [SFX] {"sound": "civ_move_1", "volume": 0.02}
[2026-09-25 22:57:42.585] [SFX] {"sound": "civ_move_2", "volume": 0.04}
[2026-09-25 22:57:42.783] [SFX] {"sound": "civ_move_1", "volume": 0.01}
[2026-09-25 22:57:42.801] [M] {"button": 4, "pos": [491, 253], "ui_clicked": true}
[2026-09-25 22:57:42.990] [SFX] {"sound": "civ_move_2", "volume": 0.04}
[2026-09-25 22:57:43.187] [M] {"button": 5, "pos": [491, 253], "ui_clicked": true}
[2026-09-25 22:57:43.214] [SFX] {"sound": "civ_move_1", "volume": 0.0}
[2026-09-25 22:57:43.223] [M] {"button": 5, "pos": [491, 253], "ui_clicked": true}
[2026-09-25 22:57:43.394] [SFX] {"sound": "civ_move_2", "volume": 0.03}
[2026-09-25 22:57:43.687] [M] {"button": 4, "pos": [491, 252], "ui_clicked": true}
[2026-09-25 22:57:43.809] [SFX] {"sound": "civ_move_2", "volume": 0.02}
[2026-09-25 22:57:43.888] [M] {"button": 4, "pos": [491, 251], "ui_clicked": true}
[2026-09-25 22:57:43.902] [JACK] Inventar durchwühlen. Wo liegt das passende Tool?
[2026-09-25 22:57:44.210] [SFX] {"sound": "civ_move_2", "volume": 0.02}
[2026-09-25 22:57:44.621] [SFX] {"sound": "civ_move_2", "volume": 0.01}
[2026-09-25 22:57:44.986] [M] {"button": 1, "pos": [471, 217], "ui_clicked": true}
[2026-09-25 22:57:45.022] [SFX] {"sound": "civ_move_2", "volume": 0.0}
[2026-09-25 22:57:46.702] [M] {"button": 1, "pos": [489, 235], "ui_clicked": true}
[2026-09-25 22:57:50.681] [M] {"button": 3, "pos": [497, 267], "ui_clicked": true}
[2026-09-25 22:57:50.682] [EQ_M] {"type": "DRIVER", "file": "ucam.drv", "replaced": "disp.drv"}
[2026-09-25 22:57:50.710] [JACK] Deck-Einstellungen werden angepasst...
[2026-09-25 22:57:50.733] [JACK] Neuer Treiber montiert! Das gibt uns ordentlich Auftrieb.
[2026-09-25 22:57:52.973] [M] {"button": 1, "pos": [594, 336], "ui_clicked": true}
[2026-09-25 22:57:54.174] [M] {"button": 4, "pos": [476, 251], "ui_clicked": false}
[2026-09-25 22:57:57.235] [M] {"button": 1, "pos": [473, 183], "ui_clicked": false}
[2026-09-25 22:57:57.244] [P] {"start": [40, 24], "goal": [51, 24], "length": 1, "is_direction_change": false}
[2026-09-25 22:57:57.245] [SFX] {"sound": "click_target", "volume": 0.58}
[2026-09-25 22:57:57.292] [JACK] Kleine Schritte. Immer die Augen nach IoT-Sensoren und Sentinels offen halten.
[2026-09-25 22:57:57.293] [SFX] {"sound": "player_move", "volume": 0.4}
[2026-09-25 22:57:58.013] [SFX] {"sound": "civ_move_1", "volume": 0.0}
[2026-09-25 22:57:58.427] [SFX] {"sound": "civ_move_1", "volume": 0.01}
[2026-09-25 22:57:58.829] [SFX] {"sound": "civ_move_1", "volume": 0.02}
[2026-09-25 22:57:59.243] [SFX] {"sound": "civ_move_1", "volume": 0.03}
[2026-09-25 22:57:59.645] [SFX] {"sound": "civ_move_1", "volume": 0.04}
[2026-09-25 22:58:00.061] [SFX] {"sound": "civ_move_1", "volume": 0.05}
[2026-09-25 22:58:00.460] [SFX] {"sound": "civ_move_1", "volume": 0.06}
[2026-09-25 22:58:00.674] [SFX] {"sound": "guardian_move", "volume": 0.0}
[2026-09-25 22:58:00.872] [SFX] {"sound": "civ_move_1", "volume": 0.07}
[2026-09-25 22:58:01.273] [SFX] {"sound": "civ_move_1", "volume": 0.08}
[2026-09-25 22:58:01.298] [SFX] {"sound": "guardian_move", "volume": 0.02}
[2026-09-25 22:58:01.539] [M] {"button": 1, "pos": [501, 186], "ui_clicked": false}
[2026-09-25 22:58:01.547] [P] {"start": [51, 24], "goal": [60, 24], "length": 1, "is_direction_change": false}
[2026-09-25 22:58:01.548] [SFX] {"sound": "click_target", "volume": 0.61}
[2026-09-25 22:58:01.629] [SFX] {"sound": "player_move", "volume": 0.4}
[2026-09-25 22:58:01.678] [SFX] {"sound": "civ_move_1", "volume": 0.1}
[2026-09-25 22:58:01.845] [JACK_REGISTERED_BY_CAMERA] {"camera": [57, 26]}
[2026-09-25 22:58:01.894] [SFX] {"sound": "guardian_move", "volume": 0.05}
[2026-09-25 22:58:01.944] [SFX] {"sound": "player_move", "volume": 0.4}
[2026-09-25 22:58:02.079] [SFX] {"sound": "civ_move_1", "volume": 0.14}
[2026-09-25 22:58:02.490] [SFX] {"sound": "civ_move_1", "volume": 0.15}
[2026-09-25 22:58:02.513] [SFX] {"sound": "guardian_move", "volume": 0.08}
[2026-09-25 22:58:02.905] [SFX] {"sound": "civ_move_1", "volume": 0.15}
[2026-09-25 22:58:03.123] [SFX] {"sound": "guardian_move", "volume": 0.09}
[2026-09-25 22:58:03.308] [SFX] {"sound": "civ_move_1", "volume": 0.15}
[2026-09-25 22:58:03.736] [SFX] {"sound": "guardian_move", "volume": 0.11}
[2026-09-25 22:58:04.133] [SFX] {"sound": "civ_move_1", "volume": 0.16}
[2026-09-25 22:58:04.351] [SFX] {"sound": "guardian_move", "volume": 0.13}
[2026-09-25 22:58:04.536] [SFX] {"sound": "civ_move_1", "volume": 0.16}
[2026-09-25 22:58:04.954] [SFX] {"sound": "guardian_move", "volume": 0.15}
[2026-09-25 22:58:05.353] [SFX] {"sound": "civ_move_1", "volume": 0.15}
[2026-09-25 22:58:05.568] [SFX] {"sound": "guardian_move", "volume": 0.17}
[2026-09-25 22:58:05.767] [SFX] {"sound": "civ_move_1", "volume": 0.14}
[2026-09-25 22:58:06.180] [SFX] {"sound": "guardian_move", "volume": 0.19}
[2026-09-25 22:58:06.181] [SFX] {"sound": "civ_move_1", "volume": 0.13}
[2026-09-25 22:58:06.592] [SFX] {"sound": "civ_move_1", "volume": 0.12}
[2026-09-25 22:58:06.793] [SFX] {"sound": "guardian_move", "volume": 0.21}
[2026-09-25 22:58:06.992] [SFX] {"sound": "civ_move_1", "volume": 0.11}
[2026-09-25 22:58:07.396] [SFX] {"sound": "guardian_move", "volume": 0.22}
[2026-09-25 22:58:07.397] [SFX] {"sound": "civ_move_1", "volume": 0.1}
[2026-09-25 22:58:07.797] [SFX] {"sound": "civ_move_1", "volume": 0.09}
[2026-09-25 22:58:08.008] [SFX] {"sound": "guardian_move", "volume": 0.21}
[2026-09-25 22:58:08.209] [SFX] {"sound": "civ_move_1", "volume": 0.09}
[2026-09-25 22:58:08.621] [SFX] {"sound": "guardian_move", "volume": 0.2}
[2026-09-25 22:58:08.622] [SFX] {"sound": "civ_move_1", "volume": 0.08}
[2026-09-25 22:58:09.031] [SFX] {"sound": "civ_move_1", "volume": 0.07}
[2026-09-25 22:58:09.228] [SFX] {"sound": "guardian_move", "volume": 0.2}
[2026-09-25 22:58:09.444] [SFX] {"sound": "civ_move_1", "volume": 0.06}
[2026-09-25 22:58:09.838] [SFX] {"sound": "guardian_move", "volume": 0.19}
[2026-09-25 22:58:09.860] [SFX] {"sound": "civ_move_1", "volume": 0.05}
[2026-09-25 22:58:10.267] [SFX] {"sound": "civ_move_1", "volume": 0.04}
[2026-09-25 22:58:10.438] [SFX] {"sound": "guardian_move", "volume": 0.17}
[2026-09-25 22:58:10.638] [M] {"button": 5, "pos": [420, 201], "ui_clicked": false}
[2026-09-25 22:58:10.675] [SFX] {"sound": "civ_move_1", "volume": 0.03}
[2026-09-25 22:58:10.689] [M] {"button": 5, "pos": [420, 201], "ui_clicked": false}
[2026-09-25 22:58:11.043] [SFX] {"sound": "guardian_move", "volume": 0.16}
[2026-09-25 22:58:11.080] [SFX] {"sound": "civ_move_1", "volume": 0.02}
[2026-09-25 22:58:11.485] [SFX] {"sound": "civ_move_1", "volume": 0.01}
[2026-09-25 22:58:11.649] [SFX] {"sound": "guardian_move", "volume": 0.14}
[2026-09-25 22:58:12.249] [SFX] {"sound": "guardian_move", "volume": 0.12}
[2026-09-25 22:58:12.853] [SFX] {"sound": "guardian_move", "volume": 0.11}
[2026-09-25 22:58:12.953] [M] {"button": 1, "pos": [429, 187], "ui_clicked": false}
[2026-09-25 22:58:12.961] [P] {"start": [60, 24], "goal": [69, 24], "length": 1, "is_direction_change": false}
[2026-09-25 22:58:12.962] [SFX] {"sound": "click_target", "volume": 0.6}
[2026-09-25 22:58:12.999] [JACK] Vorsichtig vorantasten...
[2026-09-25 22:58:13.228] [SFX] {"sound": "player_move", "volume": 0.4}
[2026-09-25 22:58:13.229] [SFX] {"sound": "threat_pulse", "volume": 0.3}
[2026-09-25 22:58:13.460] [SFX] {"sound": "guardian_move", "volume": 0.15}
[2026-09-25 22:58:13.527] [SFX] {"sound": "civ_move_2", "volume": 0.02}
[2026-09-25 22:58:13.942] [SFX] {"sound": "civ_move_2", "volume": 0.03}
[2026-09-25 22:58:13.994] [M] {"button": 1, "pos": [429, 187], "ui_clicked": false}
[2026-09-25 22:58:14.002] [P] {"start": [69, 24], "goal": [78, 24], "length": 1, "is_direction_change": false}
[2026-09-25 22:58:14.003] [SFX] {"sound": "click_target", "volume": 0.61}
[2026-09-25 22:58:14.061] [SFX] {"sound": "guardian_move", "volume": 0.15}
[2026-09-25 22:58:14.129] [SFX] {"sound": "player_move", "volume": 0.4}
[2026-09-25 22:58:14.346] [SFX] {"sound": "civ_move_2", "volume": 0.08}
[2026-09-25 22:58:14.429] [SFX] {"sound": "player_move", "volume": 0.4}
[2026-09-25 22:58:14.661] [SFX] {"sound": "guardian_move", "volume": 0.18}
[2026-09-25 22:58:14.758] [SFX] {"sound": "civ_move_2", "volume": 0.1}
[2026-09-25 22:58:15.174] [SFX] {"sound": "civ_move_2", "volume": 0.11}
[2026-09-25 22:58:15.272] [SFX] {"sound": "guardian_move", "volume": 0.17}
[2026-09-25 22:58:15.589] [SFX] {"sound": "civ_move_2", "volume": 0.12}
[2026-09-25 22:58:15.887] [SFX] {"sound": "guardian_move", "volume": 0.15}
[2026-09-25 22:58:16.005] [SFX] {"sound": "civ_move_2", "volume": 0.13}
[2026-09-25 22:58:16.504] [SFX] {"sound": "guardian_move", "volume": 0.13}
[2026-09-25 22:58:16.951] [M] {"button": 1, "pos": [446, 184], "ui_clicked": false}
[2026-09-25 22:58:16.959] [P] {"start": [78, 24], "goal": [89, 24], "length": 1, "is_direction_change": false}
[2026-09-25 22:58:16.960] [SFX] {"sound": "click_target", "volume": 0.56}
[2026-09-25 22:58:17.105] [SFX] {"sound": "guardian_move", "volume": 0.13}
[2026-09-25 22:58:17.255] [SFX] {"sound": "player_move", "volume": 0.4}
[2026-09-25 22:58:17.279] [SFX] {"sound": "guardian_move", "volume": 0.01}
[2026-09-25 22:58:17.717] [SFX] {"sound": "guardian_move", "volume": 0.17}
[2026-09-25 22:58:17.886] [SFX] {"sound": "guardian_move", "volume": 0.07}
[2026-09-25 22:58:18.330] [SFX] {"sound": "guardian_move", "volume": 0.16}
[2026-09-25 22:58:18.499] [SFX] {"sound": "guardian_move", "volume": 0.09}
[2026-09-25 22:58:18.933] [SFX] {"sound": "guardian_move", "volume": 0.14}
[2026-09-25 22:58:19.100] [SFX] {"sound": "guardian_move", "volume": 0.1}
[2026-09-25 22:58:19.533] [SFX] {"sound": "guardian_move", "volume": 0.12}
[2026-09-25 22:58:20.135] [SFX] {"sound": "guardian_move", "volume": 0.1}
[2026-09-25 22:58:20.318] [SFX] {"sound": "guardian_move", "volume": 0.14}
[2026-09-25 22:58:20.734] [SFX] {"sound": "guardian_move", "volume": 0.09}
[2026-09-25 22:58:20.933] [SFX] {"sound": "guardian_move", "volume": 0.16}
[2026-09-25 22:58:21.345] [SFX] {"sound": "guardian_move", "volume": 0.07}
[2026-09-25 22:58:21.547] [SFX] {"sound": "guardian_move", "volume": 0.17}
[2026-09-25 22:58:21.958] [SFX] {"sound": "guardian_move", "volume": 0.05}
[2026-09-25 22:58:22.124] [SFX] {"sound": "civ_move_2", "volume": 0.18}
[2026-09-25 22:58:22.159] [SFX] {"sound": "guardian_move", "volume": 0.19}
[2026-09-25 22:58:22.524] [SFX] {"sound": "civ_move_2", "volume": 0.18}
[2026-09-25 22:58:22.573] [SFX] {"sound": "guardian_move", "volume": 0.03}
[2026-09-25 22:58:22.760] [SFX] {"sound": "guardian_move", "volume": 0.2}
[2026-09-25 22:58:22.924] [SFX] {"sound": "civ_move_2", "volume": 0.18}
[2026-09-25 22:58:23.188] [SFX] {"sound": "guardian_move", "volume": 0.01}
[2026-09-25 22:58:23.354] [SFX] {"sound": "civ_move_2", "volume": 0.18}
[2026-09-25 22:58:23.377] [SFX] {"sound": "guardian_move", "volume": 0.22}
[2026-09-25 22:58:23.769] [SFX] {"sound": "civ_move_2", "volume": 0.18}
[2026-09-25 22:58:23.855] [M] {"button": 1, "pos": [484, 183], "ui_clicked": false}
[2026-09-25 22:58:23.863] [P] {"start": [89, 24], "goal": [105, 24], "length": 1, "is_direction_change": false}
[2026-09-25 22:58:23.864] [SFX] {"sound": "click_target", "volume": 0.47}
[2026-09-25 22:58:23.928] [SFX] {"sound": "player_move", "volume": 0.4}
[2026-09-25 22:58:23.979] [SFX] {"sound": "guardian_move", "volume": 0.24}
[2026-09-25 22:58:24.179] [SFX] {"sound": "civ_move_2", "volume": 0.17}
[2026-09-25 22:58:24.230] [SFX] {"sound": "player_move", "volume": 0.4}
[2026-09-25 22:58:24.411] [SFX] {"sound": "guardian_move", "volume": 0.06}
[2026-09-25 22:58:24.543] [SFX] {"sound": "player_move", "volume": 0.4}
[2026-09-25 22:58:24.579] [SFX] {"sound": "guardian_move", "volume": 0.05}
[2026-09-25 22:58:24.580] [SFX] {"sound": "guardian_move", "volume": 0.2}
[2026-09-25 22:58:24.581] [SFX] {"sound": "civ_move_2", "volume": 0.13}
[2026-09-25 22:58:24.989] [SFX] {"sound": "civ_move_2", "volume": 0.11}
[2026-09-25 22:58:25.027] [SFX] {"sound": "guardian_move", "volume": 0.08}
[2026-09-25 22:58:25.195] [SFX] {"sound": "guardian_move", "volume": 0.17}
[2026-09-25 22:58:25.395] [SFX] {"sound": "civ_move_2", "volume": 0.11}
[2026-09-25 22:58:25.630] [SFX] {"sound": "guardian_move", "volume": 0.06}
[2026-09-25 22:58:25.797] [SFX] {"sound": "guardian_move", "volume": 0.1}
[2026-09-25 22:58:25.798] [SFX] {"sound": "guardian_move", "volume": 0.16}
[2026-09-25 22:58:25.798] [SFX] {"sound": "civ_move_2", "volume": 0.1}
[2026-09-25 22:58:26.210] [SFX] {"sound": "civ_move_2", "volume": 0.09}
[2026-09-25 22:58:26.247] [SFX] {"sound": "guardian_move", "volume": 0.04}
[2026-09-25 22:58:26.396] [SFX] {"sound": "guardian_move", "volume": 0.12}
[2026-09-25 22:58:26.397] [SFX] {"sound": "guardian_move", "volume": 0.14}
[2026-09-25 22:58:26.614] [SFX] {"sound": "civ_move_2", "volume": 0.08}
[2026-09-25 22:58:26.848] [SFX] {"sound": "guardian_move", "volume": 0.02}
[2026-09-25 22:58:26.998] [SFX] {"sound": "guardian_move", "volume": 0.14}
[2026-09-25 22:58:26.999] [SFX] {"sound": "guardian_move", "volume": 0.12}
[2026-09-25 22:58:27.035] [SFX] {"sound": "civ_move_2", "volume": 0.07}
[2026-09-25 22:58:27.450] [SFX] {"sound": "guardian_move", "volume": 0.0}
[2026-09-25 22:58:27.451] [SFX] {"sound": "civ_move_2", "volume": 0.06}
[2026-09-25 22:58:27.597] [SFX] {"sound": "guardian_move", "volume": 0.15}
[2026-09-25 22:58:27.598] [SFX] {"sound": "guardian_move", "volume": 0.11}
[2026-09-25 22:58:27.864] [SFX] {"sound": "civ_move_2", "volume": 0.05}
[2026-09-25 22:58:28.213] [SFX] {"sound": "guardian_move", "volume": 0.17}
[2026-09-25 22:58:28.214] [SFX] {"sound": "guardian_move", "volume": 0.09}
[2026-09-25 22:58:28.279] [SFX] {"sound": "civ_move_2", "volume": 0.04}
[2026-09-25 22:58:28.496] [M] {"button": 1, "pos": [146, 190], "ui_clicked": false}
[2026-09-25 22:58:28.681] [SFX] {"sound": "civ_move_2", "volume": 0.03}
[2026-09-25 22:58:28.814] [SFX] {"sound": "guardian_move", "volume": 0.19}
[2026-09-25 22:58:28.814] [SFX] {"sound": "guardian_move", "volume": 0.07}
[2026-09-25 22:58:29.014] [M] {"button": 1, "pos": [152, 185], "ui_clicked": false}
[2026-09-25 22:58:29.021] [P] {"start": [105, 24], "goal": [80, 24], "length": 1, "is_direction_change": false}
[2026-09-25 22:58:29.022] [SFX] {"sound": "click_target", "volume": 0.3}
[2026-09-25 22:58:29.086] [SFX] {"sound": "civ_move_2", "volume": 0.03}
[2026-09-25 22:58:29.218] [SFX] {"sound": "player_move", "volume": 0.4}
[2026-09-25 22:58:29.416] [SFX] {"sound": "guardian_move", "volume": 0.15}
[2026-09-25 22:58:29.416] [SFX] {"sound": "guardian_move", "volume": 0.11}
[2026-09-25 22:58:29.498] [SFX] {"sound": "civ_move_2", "volume": 0.07}
[2026-09-25 22:58:29.532] [SFX] {"sound": "player_move", "volume": 0.4}
[2026-09-25 22:58:29.814] [SFX] {"sound": "guardian_move", "volume": 0.07}
[2026-09-25 22:58:29.847] [SFX] {"sound": "player_move", "volume": 0.4}
[2026-09-25 22:58:29.899] [SFX] {"sound": "civ_move_2", "volume": 0.11}
[2026-09-25 22:58:30.016] [SFX] {"sound": "guardian_move", "volume": 0.08}
[2026-09-25 22:58:30.017] [SFX] {"sound": "guardian_move", "volume": 0.18}
[2026-09-25 22:58:30.148] [SFX] {"sound": "player_move", "volume": 0.4}
[2026-09-25 22:58:30.314] [SFX] {"sound": "civ_move_2", "volume": 0.13}
[2026-09-25 22:58:30.430] [SFX] {"sound": "guardian_move", "volume": 0.14}
[2026-09-25 22:58:30.628] [SFX] {"sound": "guardian_move", "volume": 0.06}
[2026-09-25 22:58:30.629] [SFX] {"sound": "guardian_move", "volume": 0.2}
[2026-09-25 22:58:30.727] [SFX] {"sound": "civ_move_2", "volume": 0.13}
[2026-09-25 22:58:31.063] [SFX] {"sound": "guardian_move", "volume": 0.13}
[2026-09-25 22:58:31.130] [SFX] {"sound": "civ_move_2", "volume": 0.12}
[2026-09-25 22:58:31.244] [SFX] {"sound": "guardian_move", "volume": 0.08}
[2026-09-25 22:58:31.245] [SFX] {"sound": "guardian_move", "volume": 0.18}
[2026-09-25 22:58:31.542] [SFX] {"sound": "civ_move_2", "volume": 0.11}
[2026-09-25 22:58:31.675] [SFX] {"sound": "guardian_move", "volume": 0.11}
[2026-09-25 22:58:31.859] [SFX] {"sound": "guardian_move", "volume": 0.1}
[2026-09-25 22:58:31.860] [SFX] {"sound": "guardian_move", "volume": 0.17}
[2026-09-25 22:58:31.943] [SFX] {"sound": "civ_move_2", "volume": 0.11}
[2026-09-25 22:58:32.277] [SFX] {"sound": "guardian_move", "volume": 0.1}
[2026-09-25 22:58:32.343] [SFX] {"sound": "civ_move_2", "volume": 0.1}
[2026-09-25 22:58:32.459] [SFX] {"sound": "guardian_move", "volume": 0.11}
[2026-09-25 22:58:32.460] [SFX] {"sound": "guardian_move", "volume": 0.15}
[2026-09-25 22:58:32.747] [SFX] {"sound": "civ_move_2", "volume": 0.09}
[2026-09-25 22:58:32.879] [SFX] {"sound": "guardian_move", "volume": 0.08}
[2026-09-25 22:58:33.064] [SFX] {"sound": "guardian_move", "volume": 0.13}
[2026-09-25 22:58:33.065] [SFX] {"sound": "guardian_move", "volume": 0.14}
[2026-09-25 22:58:33.147] [SFX] {"sound": "civ_move_2", "volume": 0.09}
[2026-09-25 22:58:33.495] [SFX] {"sound": "guardian_move", "volume": 0.07}
[2026-09-25 22:58:33.560] [SFX] {"sound": "civ_move_2", "volume": 0.08}
[2026-09-25 22:58:33.680] [SFX] {"sound": "guardian_move", "volume": 0.15}
[2026-09-25 22:58:33.964] [SFX] {"sound": "civ_move_2", "volume": 0.07}
[2026-09-25 22:58:34.099] [SFX] {"sound": "guardian_move", "volume": 0.05}
[2026-09-25 22:58:34.285] [SFX] {"sound": "guardian_move", "volume": 0.17}
[2026-09-25 22:58:34.308] [SFX] {"sound": "guardian_move", "volume": 0.16}
[2026-09-25 22:58:34.371] [SFX] {"sound": "civ_move_2", "volume": 0.06}
[2026-09-25 22:58:34.703] [SFX] {"sound": "guardian_move", "volume": 0.03}
[2026-09-25 22:58:34.786] [SFX] {"sound": "civ_move_2", "volume": 0.05}
[2026-09-25 22:58:34.888] [SFX] {"sound": "guardian_move", "volume": 0.18}
[2026-09-25 22:58:35.200] [SFX] {"sound": "civ_move_2", "volume": 0.05}
[2026-09-25 22:58:35.318] [SFX] {"sound": "guardian_move", "volume": 0.01}
[2026-09-25 22:58:35.499] [SFX] {"sound": "guardian_move", "volume": 0.2}
[2026-09-25 22:58:35.522] [SFX] {"sound": "guardian_move", "volume": 0.19}
[2026-09-25 22:58:35.615] [SFX] {"sound": "civ_move_2", "volume": 0.04}
[2026-09-25 22:58:36.030] [SFX] {"sound": "civ_move_2", "volume": 0.03}
[2026-09-25 22:58:36.115] [SFX] {"sound": "guardian_move", "volume": 0.21}
[2026-09-25 22:58:36.434] [SFX] {"sound": "civ_move_2", "volume": 0.02}
[2026-09-25 22:58:36.730] [SFX] {"sound": "guardian_move", "volume": 0.22}
[2026-09-25 22:58:36.845] [SFX] {"sound": "civ_move_2", "volume": 0.01}
[2026-09-25 22:58:37.260] [SFX] {"sound": "civ_move_2", "volume": 0.0}
[2026-09-25 22:58:37.345] [SFX] {"sound": "guardian_move", "volume": 0.23}
[2026-09-25 22:58:37.959] [SFX] {"sound": "guardian_move", "volume": 0.24}
[2026-09-25 22:58:39.780] [SFX] {"sound": "guardian_move", "volume": 0.23}
[2026-09-25 22:58:40.382] [SFX] {"sound": "guardian_move", "volume": 0.22}
[2026-09-25 22:58:40.984] [SFX] {"sound": "guardian_move", "volume": 0.2}
[2026-09-25 22:58:41.017] [SFX] {"sound": "guardian_move", "volume": 0.21}
[2026-09-25 22:58:41.599] [SFX] {"sound": "guardian_move", "volume": 0.19}
[2026-09-25 22:58:41.634] [SFX] {"sound": "guardian_move", "volume": 0.2}
[2026-09-25 22:58:42.214] [SFX] {"sound": "guardian_move", "volume": 0.17}
[2026-09-25 22:58:42.246] [SFX] {"sound": "guardian_move", "volume": 0.18}
[2026-09-25 22:58:42.813] [SFX] {"sound": "guardian_move", "volume": 0.16}
[2026-09-25 22:58:43.130] [SFX] {"sound": "civ_move_2", "volume": 0.11}
[2026-09-25 22:58:43.433] [SFX] {"sound": "guardian_move", "volume": 0.16}
[2026-09-25 22:58:43.456] [SFX] {"sound": "guardian_move", "volume": 0.15}
[2026-09-25 22:58:43.536] [SFX] {"sound": "civ_move_2", "volume": 0.11}
[2026-09-25 22:58:44.038] [SFX] {"sound": "guardian_move", "volume": 0.17}
[2026-09-25 22:58:44.061] [SFX] {"sound": "guardian_move", "volume": 0.13}
[2026-09-25 22:58:44.357] [SFX] {"sound": "civ_move_2", "volume": 0.12}
[2026-09-25 22:58:44.641] [SFX] {"sound": "guardian_move", "volume": 0.19}
[2026-09-25 22:58:44.663] [SFX] {"sound": "guardian_move", "volume": 0.11}
[2026-09-25 22:58:44.757] [SFX] {"sound": "civ_move_2", "volume": 0.13}
[2026-09-25 22:58:44.790] [SFX] {"sound": "guardian_move", "volume": 0.01}
[2026-09-25 22:58:45.172] [SFX] {"sound": "civ_move_2", "volume": 0.12}
[2026-09-25 22:58:45.257] [SFX] {"sound": "guardian_move", "volume": 0.2}
[2026-09-25 22:58:45.279] [SFX] {"sound": "guardian_move", "volume": 0.09}
[2026-09-25 22:58:45.394] [SFX] {"sound": "guardian_move", "volume": 0.02}
[2026-09-25 22:58:45.575] [SFX] {"sound": "civ_move_2", "volume": 0.12}
[2026-09-25 22:58:45.860] [SFX] {"sound": "guardian_move", "volume": 0.22}
[2026-09-25 22:58:45.883] [SFX] {"sound": "guardian_move", "volume": 0.08}
[2026-09-25 22:58:45.981] [SFX] {"sound": "civ_move_2", "volume": 0.11}
[2026-09-25 22:58:46.003] [SFX] {"sound": "guardian_move", "volume": 0.04}
[2026-09-25 22:58:46.380] [SFX] {"sound": "civ_move_2", "volume": 0.1}
[2026-09-25 22:58:46.465] [SFX] {"sound": "guardian_move", "volume": 0.23}
[2026-09-25 22:58:46.488] [SFX] {"sound": "guardian_move", "volume": 0.06}
[2026-09-25 22:58:46.684] [M] {"button": 1, "pos": [166, 209], "ui_clicked": false}
[2026-09-25 22:58:46.692] [JACK] JACK // RETAINS OLD HARDWARE SCHEMATICS. WEARS HIGH-FREQ JAMMER WEAVE.
[2026-09-25 22:58:46.692] [SFX] {"sound": "click_target", "volume": 0.33}
[2026-09-25 22:58:46.790] [SFX] {"sound": "civ_move_2", "volume": 0.1}
[2026-09-25 22:58:46.872] [SFX] {"sound": "player_move", "volume": 0.4}
[2026-09-25 22:58:47.072] [SFX] {"sound": "guardian_move", "volume": 0.23}
[2026-09-25 22:58:47.173] [SFX] {"sound": "player_move", "volume": 0.4}
[2026-09-25 22:58:47.198] [SFX] {"sound": "civ_move_2", "volume": 0.12}
[2026-09-25 22:58:47.215] [SFX] {"sound": "guardian_move", "volume": 0.11}
[2026-09-25 22:58:47.477] [SFX] {"sound": "player_move", "volume": 0.4}
[2026-09-25 22:58:47.597] [SFX] {"sound": "civ_move_2", "volume": 0.11}
[2026-09-25 22:58:47.681] [SFX] {"sound": "guardian_move", "volume": 0.15}
[2026-09-25 22:58:47.784] [SFX] {"sound": "player_move", "volume": 0.4}
[2026-09-25 22:58:47.819] [SFX] {"sound": "guardian_move", "volume": 0.12}
[2026-09-25 22:58:48.005] [SFX] {"sound": "civ_move_2", "volume": 0.09}
[2026-09-25 22:58:48.091] [SFX] {"sound": "player_move", "volume": 0.4}
[2026-09-25 22:58:48.291] [SFX] {"sound": "guardian_move", "volume": 0.04}
[2026-09-25 22:58:48.390] [SFX] {"sound": "player_move", "volume": 0.4}
[2026-09-25 22:58:48.415] [SFX] {"sound": "civ_move_2", "volume": 0.06}
[2026-09-25 22:58:48.705] [SFX] {"sound": "player_move", "volume": 0.4}
[2026-09-25 22:58:48.821] [SFX] {"sound": "civ_move_2", "volume": 0.04}
[2026-09-25 22:58:49.021] [SFX] {"sound": "player_move", "volume": 0.4}
[2026-09-25 22:58:49.224] [SFX] {"sound": "civ_move_2", "volume": 0.06}
[2026-09-25 22:58:49.322] [SFX] {"sound": "player_move", "volume": 0.4}
[2026-09-25 22:58:49.626] [SFX] {"sound": "civ_move_2", "volume": 0.09}
[2026-09-25 22:58:49.940] [SFX] {"sound": "player_move", "volume": 0.4}
[2026-09-25 22:58:50.040] [SFX] {"sound": "civ_move_2", "volume": 0.11}
[2026-09-25 22:58:50.108] [SFX] {"sound": "guardian_move", "volume": 0.09}
[2026-09-25 22:58:50.240] [SFX] {"sound": "player_move", "volume": 0.4}
[2026-09-25 22:58:50.440] [SFX] {"sound": "civ_move_2", "volume": 0.11}
[2026-09-25 22:58:50.541] [SFX] {"sound": "player_move", "volume": 0.4}
[2026-09-25 22:58:50.721] [SFX] {"sound": "guardian_move", "volume": 0.12}
[2026-09-25 22:58:50.854] [SFX] {"sound": "player_move", "volume": 0.4}
[2026-09-25 22:58:50.854] [SFX] {"sound": "civ_move_2", "volume": 0.15}
[2026-09-25 22:58:51.166] [SFX] {"sound": "player_move", "volume": 0.4}
[2026-09-25 22:58:51.267] [SFX] {"sound": "civ_move_2", "volume": 0.19}
[2026-09-25 22:58:51.318] [JACK_REGISTERED_BY_CAMERA] {"camera": [62, 52]}
[2026-09-25 22:58:51.341] [SFX] {"sound": "guardian_move", "volume": 0.05}
[2026-09-25 22:58:51.468] [SFX] {"sound": "player_move", "volume": 0.4}
[2026-09-25 22:58:51.682] [SFX] {"sound": "civ_move_2", "volume": 0.23}
[2026-09-25 22:58:51.683] [C] {"civ_pos": [64, 61]}
[2026-09-25 22:58:51.774] [SFX] {"sound": "player_move", "volume": 0.4}
[2026-09-25 22:58:52.086] [SFX] {"sound": "civ_move_2", "volume": 0.23}
[2026-09-25 22:58:52.302] [SFX] {"sound": "threat_pulse", "volume": 0.31}
[2026-09-25 22:58:52.402] [SFX] {"sound": "player_move", "volume": 0.4}
[2026-09-25 22:58:52.502] [SFX] {"sound": "civ_move_2", "volume": 0.23}
[2026-09-25 22:58:52.716] [SFX] {"sound": "player_move", "volume": 0.4}
[2026-09-25 22:58:52.901] [SFX] {"sound": "civ_move_2", "volume": 0.23}
[2026-09-25 22:58:53.016] [SFX] {"sound": "player_move", "volume": 0.4}
[2026-09-25 22:58:53.203] [SFX] {"sound": "threat_pulse", "volume": 0.32}
[2026-09-25 22:58:53.304] [M] {"button": 1, "pos": [365, 235], "ui_clicked": true}
[2026-09-25 22:58:53.337] [JACK] Inventar durchwühlen. Wo liegt das passende Tool?
[2026-09-25 22:58:53.338] [SFX] {"sound": "civ_move_2", "volume": 0.23}
[2026-09-25 22:58:53.358] [SFX] {"sound": "player_move", "volume": 0.4}
[2026-09-25 22:58:53.359] [SFX] {"sound": "infiltrate 2", "volume": 0.5}
[2026-09-25 22:58:53.652] [SFX] {"sound": "player_move", "volume": 0.4}
[2026-09-25 22:58:53.706] [SFX] {"sound": "civ_move_2", "volume": 0.23}
[2026-09-25 22:58:53.756] [SFX] {"sound": "infiltrate 2", "volume": 0.5}
[2026-09-25 22:58:53.953] [SFX] {"sound": "player_move", "volume": 0.4}
[2026-09-25 22:58:54.103] [SFX] {"sound": "threat_pulse", "volume": 0.33}
[2026-09-25 22:58:54.126] [SFX] {"sound": "civ_move_2", "volume": 0.23}
[2026-09-25 22:58:54.156] [SFX] {"sound": "infiltrate 2", "volume": 0.5}
[2026-09-25 22:58:54.188] [C] {"civ_pos": [64, 71]}
[2026-09-25 22:58:54.265] [SFX] {"sound": "player_move", "volume": 0.4}
[2026-09-25 22:58:54.531] [SFX] {"sound": "civ_move_2", "volume": 0.23}
[2026-09-25 22:58:54.565] [SFX] {"sound": "player_move", "volume": 0.4}
[2026-09-25 22:58:54.566] [SFX] {"sound": "infiltrate 2", "volume": 0.5}
[2026-09-25 22:58:54.876] [SFX] {"sound": "player_move", "volume": 0.4}
[2026-09-25 22:58:54.947] [SFX] {"sound": "civ_move_2", "volume": 0.23}
[2026-09-25 22:58:54.982] [SFX] {"sound": "infiltrate 2", "volume": 0.5}
[2026-09-25 22:58:55.015] [SFX] {"sound": "threat_pulse", "volume": 0.34}
[2026-09-25 22:58:55.181] [SFX] {"sound": "player_move", "volume": 0.4}
[2026-09-25 22:58:55.348] [SFX] {"sound": "civ_move_2", "volume": 0.23}
[2026-09-25 22:58:55.382] [SFX] {"sound": "infiltrate 1", "volume": 0.5}
[2026-09-25 22:58:55.482] [SFX] {"sound": "player_move", "volume": 0.4}
[2026-09-25 22:58:55.750] [SFX] {"sound": "civ_move_2", "volume": 0.23}
[2026-09-25 22:58:55.784] [SFX] {"sound": "player_move", "volume": 0.4}
[2026-09-25 22:58:55.786] [SFX] {"sound": "infiltrate 1", "volume": 0.5}
[2026-09-25 22:58:55.919] [SFX] {"sound": "threat_pulse", "volume": 0.35}
[2026-09-25 22:58:56.099] [SFX] {"sound": "player_move", "volume": 0.4}
[2026-09-25 22:58:56.166] [SFX] {"sound": "civ_move_2", "volume": 0.23}
[2026-09-25 22:58:56.189] [SFX] {"sound": "infiltrate 2", "volume": 0.5}
[2026-09-25 22:58:56.319] [SFX] {"sound": "hack_success", "volume": 1.0}
[2026-09-25 22:58:56.319] [JACK] JACK // STOLE 2 DATA FROM SORA TAKEDA (DATA COURIER). TARGET FLEEING TO GUARD SPOT!
[2026-09-25 22:58:56.320] [JACK] JACK // RETAINS OLD HARDWARE SCHEMATICS. WEARS HIGH-FREQ JAMMER WEAVE.
[2026-09-25 22:58:56.581] [SFX] {"sound": "civ_move_2", "volume": 0.3}
[2026-09-25 22:58:56.699] [C] {"civ_pos": [64, 78]}
[2026-09-25 22:58:56.832] [SFX] {"sound": "threat_pulse", "volume": 0.33}
[2026-09-25 22:58:56.985] [SFX] {"sound": "civ_move_2", "volume": 0.29}
[2026-09-25 22:58:57.397] [SFX] {"sound": "civ_move_2", "volume": 0.28}
[2026-09-25 22:58:57.800] [SFX] {"sound": "civ_move_2", "volume": 0.26}
[2026-09-25 22:58:58.213] [SFX] {"sound": "civ_move_2", "volume": 0.25}
[2026-09-25 22:58:58.627] [SFX] {"sound": "civ_move_2", "volume": 0.24}
[2026-09-25 22:58:59.039] [SFX] {"sound": "civ_move_2", "volume": 0.23}
[2026-09-25 22:58:59.451] [SFX] {"sound": "civ_move_2", "volume": 0.21}
[2026-09-25 22:58:59.865] [SFX] {"sound": "civ_move_2", "volume": 0.2}
[2026-09-25 22:59:00.265] [SFX] {"sound": "civ_move_2", "volume": 0.19}
[2026-09-25 22:59:00.512] [M] {"button": 1, "pos": [325, 127], "ui_clicked": false}
[2026-09-25 22:59:00.519] [P] {"start": [64, 79], "goal": [64, 71], "length": 1, "is_direction_change": false}
[2026-09-25 22:59:00.520] [SFX] {"sound": "click_target", "volume": 0.82}
[2026-09-25 22:59:00.602] [SFX] {"sound": "player_move", "volume": 0.4}
[2026-09-25 22:59:00.669] [SFX] {"sound": "civ_move_2", "volume": 0.2}
[2026-09-25 22:59:00.915] [SFX] {"sound": "player_move", "volume": 0.4}
[2026-09-25 22:59:01.082] [SFX] {"sound": "civ_move_2", "volume": 0.22}
[2026-09-25 22:59:01.218] [M] {"button": 1, "pos": [322, 111], "ui_clicked": false}
[2026-09-25 22:59:01.226] [P] {"start": [64, 71], "goal": [64, 65], "length": 1, "is_direction_change": false}
[2026-09-25 22:59:01.227] [SFX] {"sound": "click_target", "volume": 0.86}
[2026-09-25 22:59:01.495] [SFX] {"sound": "civ_move_2", "volume": 0.26}
[2026-09-25 22:59:01.910] [SFX] {"sound": "civ_move_2", "volume": 0.24}
[2026-09-25 22:59:02.161] [M] {"button": 1, "pos": [322, 111], "ui_clicked": false}
[2026-09-25 22:59:02.169] [P] {"start": [64, 65], "goal": [64, 59], "length": 1, "is_direction_change": false}
[2026-09-25 22:59:02.170] [SFX] {"sound": "click_target", "volume": 0.87}
[2026-09-25 22:59:02.215] [SFX] {"sound": "player_move", "volume": 0.4}
[2026-09-25 22:59:02.312] [SFX] {"sound": "civ_move_2", "volume": 0.26}
[2026-09-25 22:59:02.726] [SFX] {"sound": "civ_move_2", "volume": 0.27}
[2026-09-25 22:59:03.128] [SFX] {"sound": "civ_move_2", "volume": 0.25}
[2026-09-25 22:59:03.544] [SFX] {"sound": "civ_move_2", "volume": 0.24}
[2026-09-25 22:59:03.943] [SFX] {"sound": "civ_move_2", "volume": 0.23}
[2026-09-25 22:59:04.359] [SFX] {"sound": "civ_move_2", "volume": 0.22}
[2026-09-25 22:59:04.771] [SFX] {"sound": "civ_move_2", "volume": 0.2}
[2026-09-25 22:59:05.386] [SENTINEL_ALARM_DISPATCHED] {"guard": [66, 46], "investigate": [64, 34]}
[2026-09-25 22:59:05.949] [SFX] {"sound": "guardian_move", "volume": 0.27}
[2026-09-25 22:59:06.557] [SFX] {"sound": "guardian_move", "volume": 0.24}
[2026-09-25 22:59:07.168] [SFX] {"sound": "guardian_move", "volume": 0.22}
[2026-09-25 22:59:07.685] [SFX] {"sound": "civ_move_2", "volume": 0.01}
[2026-09-25 22:59:07.768] [SFX] {"sound": "guardian_move", "volume": 0.2}
[2026-09-25 22:59:08.085] [SFX] {"sound": "civ_move_2", "volume": 0.02}
[2026-09-25 22:59:08.383] [SFX] {"sound": "guardian_move", "volume": 0.17}
[2026-09-25 22:59:08.500] [SFX] {"sound": "civ_move_2", "volume": 0.03}
[2026-09-25 22:59:08.916] [SFX] {"sound": "civ_move_2", "volume": 0.04}
[2026-09-25 22:59:09.002] [SFX] {"sound": "guardian_move", "volume": 0.15}
[2026-09-25 22:59:09.232] [SFX] {"sound": "civ_move_1", "volume": 0.0}
[2026-09-25 22:59:09.332] [SFX] {"sound": "civ_move_2", "volume": 0.05}
[2026-09-25 22:59:09.614] [SFX] {"sound": "guardian_move", "volume": 0.18}
[2026-09-25 22:59:09.648] [SFX] {"sound": "civ_move_1", "volume": 0.01}
[2026-09-25 22:59:09.746] [SFX] {"sound": "civ_move_2", "volume": 0.06}
[2026-09-25 22:59:10.056] [SFX] {"sound": "civ_move_1", "volume": 0.02}
[2026-09-25 22:59:10.154] [SFX] {"sound": "civ_move_2", "volume": 0.07}
[2026-09-25 22:59:10.221] [SFX] {"sound": "guardian_move", "volume": 0.2}
[2026-09-25 22:59:10.449] [SFX] {"sound": "civ_move_1", "volume": 0.03}
[2026-09-25 22:59:10.564] [SFX] {"sound": "civ_move_2", "volume": 0.08}
[2026-09-25 22:59:10.843] [SFX] {"sound": "guardian_move", "volume": 0.23}
[2026-09-25 22:59:10.867] [SFX] {"sound": "civ_move_1", "volume": 0.04}
[2026-09-25 22:59:10.978] [SFX] {"sound": "civ_move_2", "volume": 0.09}
[2026-09-25 22:59:11.268] [SFX] {"sound": "civ_move_1", "volume": 0.05}
[2026-09-25 22:59:11.385] [SFX] {"sound": "civ_move_2", "volume": 0.1}
[2026-09-25 22:59:11.452] [SFX] {"sound": "guardian_move", "volume": 0.25}
[2026-09-25 22:59:11.518] [SFX] {"sound": "civ_move_2", "volume": 0.01}
[2026-09-25 22:59:11.671] [SFX] {"sound": "civ_move_1", "volume": 0.06}
[2026-09-25 22:59:11.788] [SFX] {"sound": "civ_move_2", "volume": 0.11}
[2026-09-25 22:59:11.927] [SFX] {"sound": "civ_move_2", "volume": 0.01}
[2026-09-25 22:59:12.077] [SFX] {"sound": "civ_move_1", "volume": 0.06}
[2026-09-25 22:59:12.193] [SFX] {"sound": "civ_move_2", "volume": 0.12}
[2026-09-25 22:59:12.329] [SFX] {"sound": "civ_move_2", "volume": 0.02}
[2026-09-25 22:59:12.479] [SFX] {"sound": "civ_move_1", "volume": 0.07}
[2026-09-25 22:59:12.598] [SFX] {"sound": "civ_move_2", "volume": 0.12}
[2026-09-25 22:59:12.729] [SFX] {"sound": "civ_move_2", "volume": 0.03}
[2026-09-25 22:59:12.881] [SFX] {"sound": "civ_move_1", "volume": 0.08}
[2026-09-25 22:59:12.999] [SFX] {"sound": "civ_move_2", "volume": 0.13}
[2026-09-25 22:59:13.132] [SFX] {"sound": "civ_move_2", "volume": 0.04}
[2026-09-25 22:59:13.297] [SFX] {"sound": "civ_move_1", "volume": 0.08}
[2026-09-25 22:59:13.400] [SFX] {"sound": "civ_move_2", "volume": 0.14}
[2026-09-25 22:59:13.532] [SFX] {"sound": "civ_move_2", "volume": 0.05}
[2026-09-25 22:59:13.701] [SFX] {"sound": "civ_move_1", "volume": 0.09}
[2026-09-25 22:59:13.803] [SFX] {"sound": "civ_move_2", "volume": 0.15}
[2026-09-25 22:59:13.939] [SFX] {"sound": "civ_move_2", "volume": 0.06}
[2026-09-25 22:59:14.104] [SFX] {"sound": "civ_move_1", "volume": 0.09}
[2026-09-25 22:59:14.203] [SFX] {"sound": "civ_move_2", "volume": 0.16}
[2026-09-25 22:59:14.354] [SFX] {"sound": "civ_move_2", "volume": 0.07}
[2026-09-25 22:59:14.520] [SFX] {"sound": "civ_move_1", "volume": 0.1}
[2026-09-25 22:59:14.606] [SFX] {"sound": "civ_move_2", "volume": 0.0}
[2026-09-25 22:59:14.607] [SFX] {"sound": "civ_move_2", "volume": 0.17}
[2026-09-25 22:59:14.758] [SFX] {"sound": "civ_move_2", "volume": 0.08}
[2026-09-25 22:59:14.923] [SFX] {"sound": "civ_move_1", "volume": 0.1}
[2026-09-25 22:59:15.021] [SFX] {"sound": "civ_move_2", "volume": 0.01}
[2026-09-25 22:59:15.022] [SFX] {"sound": "civ_move_2", "volume": 0.18}
[2026-09-25 22:59:15.172] [SFX] {"sound": "civ_move_2", "volume": 0.09}
[2026-09-25 22:59:15.323] [SFX] {"sound": "civ_move_1", "volume": 0.11}
[2026-09-25 22:59:15.422] [SFX] {"sound": "civ_move_2", "volume": 0.02}
[2026-09-25 22:59:15.422] [SFX] {"sound": "civ_move_2", "volume": 0.19}
[2026-09-25 22:59:15.572] [SFX] {"sound": "civ_move_2", "volume": 0.1}
[2026-09-25 22:59:15.722] [SFX] {"sound": "civ_move_1", "volume": 0.11}
[2026-09-25 22:59:15.824] [SFX] {"sound": "civ_move_2", "volume": 0.03}
[2026-09-25 22:59:15.825] [SFX] {"sound": "civ_move_2", "volume": 0.2}
[2026-09-25 22:59:15.976] [SFX] {"sound": "civ_move_2", "volume": 0.11}
[2026-09-25 22:59:16.126] [SFX] {"sound": "civ_move_1", "volume": 0.11}
[2026-09-25 22:59:16.227] [SFX] {"sound": "civ_move_2", "volume": 0.04}
[2026-09-25 22:59:16.228] [SFX] {"sound": "civ_move_2", "volume": 0.21}
[2026-09-25 22:59:16.377] [SFX] {"sound": "civ_move_2", "volume": 0.12}
[2026-09-25 22:59:16.528] [SFX] {"sound": "civ_move_1", "volume": 0.11}
[2026-09-25 22:59:16.627] [SFX] {"sound": "civ_move_2", "volume": 0.04}
[2026-09-25 22:59:16.628] [SFX] {"sound": "civ_move_2", "volume": 0.22}
[2026-09-25 22:59:16.677] [C] {"civ_pos": [64, 61]}
[2026-09-25 22:59:16.723] [JACK] Sieht aus wie ein harmloses Datenpaket. Oder verbirgt er was?
[2026-09-25 22:59:16.785] [SFX] {"sound": "civ_move_2", "volume": 0.13}
[2026-09-25 22:59:16.934] [SFX] {"sound": "civ_move_1", "volume": 0.11}
[2026-09-25 22:59:17.032] [SFX] {"sound": "civ_move_2", "volume": 0.05}
[2026-09-25 22:59:17.032] [SFX] {"sound": "civ_move_2", "volume": 0.23}
[2026-09-25 22:59:17.199] [SFX] {"sound": "civ_move_2", "volume": 0.14}
[2026-09-25 22:59:17.346] [SFX] {"sound": "civ_move_1", "volume": 0.11}
[2026-09-25 22:59:17.431] [SFX] {"sound": "civ_move_2", "volume": 0.06}
[2026-09-25 22:59:17.432] [SFX] {"sound": "civ_move_2", "volume": 0.3}
[2026-09-25 22:59:17.616] [SFX] {"sound": "civ_move_2", "volume": 0.15}
[2026-09-25 22:59:17.833] [SFX] {"sound": "civ_move_2", "volume": 0.07}
[2026-09-25 22:59:17.834] [SFX] {"sound": "civ_move_2", "volume": 0.29}
[2026-09-25 22:59:18.031] [SFX] {"sound": "civ_move_2", "volume": 0.16}
[2026-09-25 22:59:18.247] [SFX] {"sound": "civ_move_2", "volume": 0.07}
[2026-09-25 22:59:18.247] [SFX] {"sound": "civ_move_2", "volume": 0.27}
[2026-09-25 22:59:18.431] [SFX] {"sound": "civ_move_2", "volume": 0.17}
[2026-09-25 22:59:18.649] [SFX] {"sound": "civ_move_2", "volume": 0.08}
[2026-09-25 22:59:18.649] [SFX] {"sound": "civ_move_2", "volume": 0.26}
[2026-09-25 22:59:18.832] [SFX] {"sound": "civ_move_2", "volume": 0.18}
[2026-09-25 22:59:19.049] [SFX] {"sound": "civ_move_2", "volume": 0.09}
[2026-09-25 22:59:19.050] [SFX] {"sound": "civ_move_2", "volume": 0.25}
[2026-09-25 22:59:19.233] [SFX] {"sound": "civ_move_2", "volume": 0.19}
[2026-09-25 22:59:19.451] [SFX] {"sound": "civ_move_2", "volume": 0.09}
[2026-09-25 22:59:19.452] [SFX] {"sound": "civ_move_2", "volume": 0.24}
[2026-09-25 22:59:19.648] [SFX] {"sound": "civ_move_2", "volume": 0.2}
[2026-09-25 22:59:19.864] [SFX] {"sound": "civ_move_2", "volume": 0.1}
[2026-09-25 22:59:19.865] [SFX] {"sound": "civ_move_2", "volume": 0.23}
[2026-09-25 22:59:20.061] [SFX] {"sound": "civ_move_2", "volume": 0.21}
[2026-09-25 22:59:20.277] [SFX] {"sound": "civ_move_2", "volume": 0.1}
[2026-09-25 22:59:20.278] [SFX] {"sound": "civ_move_2", "volume": 0.21}
[2026-09-25 22:59:20.464] [SFX] {"sound": "civ_move_2", "volume": 0.22}
[2026-09-25 22:59:20.561] [C] {"civ_pos": [64, 61]}
[2026-09-25 22:59:20.682] [SFX] {"sound": "civ_move_2", "volume": 0.11}
[2026-09-25 22:59:20.683] [SFX] {"sound": "civ_move_2", "volume": 0.2}
[2026-09-25 22:59:20.866] [SFX] {"sound": "civ_move_2", "volume": 0.23}
[2026-09-25 22:59:21.083] [SFX] {"sound": "civ_move_2", "volume": 0.11}
[2026-09-25 22:59:21.084] [SFX] {"sound": "civ_move_2", "volume": 0.19}
[2026-09-25 22:59:21.267] [SFX] {"sound": "civ_move_2", "volume": 0.24}
[2026-09-25 22:59:21.499] [SFX] {"sound": "civ_move_2", "volume": 0.11}
[2026-09-25 22:59:21.500] [SFX] {"sound": "civ_move_2", "volume": 0.18}
[2026-09-25 22:59:21.678] [SFX] {"sound": "civ_move_2", "volume": 0.29}
[2026-09-25 22:59:21.907] [SFX] {"sound": "civ_move_2", "volume": 0.11}
[2026-09-25 22:59:21.908] [SFX] {"sound": "civ_move_2", "volume": 0.17}
[2026-09-25 22:59:22.089] [SFX] {"sound": "civ_move_2", "volume": 0.28}
[2026-09-25 22:59:22.307] [SFX] {"sound": "civ_move_2", "volume": 0.11}
[2026-09-25 22:59:22.308] [SFX] {"sound": "civ_move_2", "volume": 0.15}
[2026-09-25 22:59:22.492] [SFX] {"sound": "civ_move_2", "volume": 0.26}
[2026-09-25 22:59:22.645] [M] {"button": 4, "pos": [342, 100], "ui_clicked": false}
[2026-09-25 22:59:22.714] [SFX] {"sound": "civ_move_2", "volume": 0.11}
[2026-09-25 22:59:22.715] [SFX] {"sound": "civ_move_2", "volume": 0.14}
[2026-09-25 22:59:22.747] [M] {"button": 4, "pos": [342, 100], "ui_clicked": false}
[2026-09-25 22:59:22.897] [SFX] {"sound": "civ_move_2", "volume": 0.25}
[2026-09-25 22:59:23.127] [SFX] {"sound": "civ_move_2", "volume": 0.11}
[2026-09-25 22:59:23.128] [SFX] {"sound": "civ_move_2", "volume": 0.13}
[2026-09-25 22:59:23.296] [SFX] {"sound": "civ_move_2", "volume": 0.24}
[2026-09-25 22:59:23.530] [SFX] {"sound": "civ_move_2", "volume": 0.12}
[2026-09-25 22:59:23.696] [SFX] {"sound": "civ_move_2", "volume": 0.23}
[2026-09-25 22:59:23.930] [SFX] {"sound": "civ_move_2", "volume": 0.11}
[2026-09-25 22:59:24.097] [SFX] {"sound": "civ_move_2", "volume": 0.22}
[2026-09-25 22:59:24.331] [SFX] {"sound": "civ_move_2", "volume": 0.11}
[2026-09-25 22:59:24.512] [SFX] {"sound": "civ_move_2", "volume": 0.2}
[2026-09-25 22:59:24.746] [SFX] {"sound": "civ_move_2", "volume": 0.11}
[2026-09-25 22:59:24.914] [SFX] {"sound": "civ_move_2", "volume": 0.19}
[2026-09-25 22:59:25.147] [SFX] {"sound": "civ_move_2", "volume": 0.11}
[2026-09-25 22:59:25.315] [SFX] {"sound": "civ_move_2", "volume": 0.18}
[2026-09-25 22:59:25.547] [SFX] {"sound": "civ_move_2", "volume": 0.1}
[2026-09-25 22:59:25.729] [SFX] {"sound": "civ_move_2", "volume": 0.17}
[2026-09-25 22:59:25.961] [SFX] {"sound": "civ_move_2", "volume": 0.1}
[2026-09-25 22:59:26.144] [SFX] {"sound": "civ_move_2", "volume": 0.15}
[2026-09-25 22:59:26.376] [SFX] {"sound": "civ_move_2", "volume": 0.1}
[2026-09-25 22:59:26.559] [SFX] {"sound": "civ_move_2", "volume": 0.14}
[2026-09-25 22:59:26.791] [SFX] {"sound": "civ_move_2", "volume": 0.09}
[2026-09-25 22:59:26.976] [SFX] {"sound": "civ_move_2", "volume": 0.13}
[2026-09-25 22:59:27.206] [SFX] {"sound": "civ_move_2", "volume": 0.08}
[2026-09-25 22:59:27.388] [SFX] {"sound": "civ_move_2", "volume": 0.12}
[2026-09-25 22:59:27.619] [SFX] {"sound": "civ_move_2", "volume": 0.08}
[2026-09-25 22:59:27.802] [SFX] {"sound": "civ_move_2", "volume": 0.11}
[2026-09-25 22:59:28.033] [SFX] {"sound": "civ_move_2", "volume": 0.07}
[2026-09-25 22:59:28.117] [SFX] {"sound": "civ_move_2", "volume": 0.01}
[2026-09-25 22:59:28.202] [SFX] {"sound": "civ_move_2", "volume": 0.11}
[2026-09-25 22:59:28.448] [SFX] {"sound": "civ_move_2", "volume": 0.06}
[2026-09-25 22:59:28.531] [SFX] {"sound": "civ_move_2", "volume": 0.02}
[2026-09-25 22:59:28.849] [SFX] {"sound": "civ_move_2", "volume": 0.06}
[2026-09-25 22:59:28.934] [SFX] {"sound": "civ_move_2", "volume": 0.02}
[2026-09-25 22:59:29.249] [SFX] {"sound": "civ_move_2", "volume": 0.05}
[2026-09-25 22:59:29.347] [SFX] {"sound": "civ_move_2", "volume": 0.03}
[2026-09-25 22:59:29.664] [SFX] {"sound": "civ_move_2", "volume": 0.04}
[2026-09-25 22:59:30.080] [SFX] {"sound": "civ_move_2", "volume": 0.03}
[2026-09-25 22:59:30.131] [SFX] {"sound": "guardian_move", "volume": 0.01}
[2026-09-25 22:59:30.164] [SFX] {"sound": "civ_move_2", "volume": 0.05}
[2026-09-25 22:59:30.494] [SFX] {"sound": "civ_move_2", "volume": 0.02}
[2026-09-25 22:59:30.578] [SFX] {"sound": "civ_move_2", "volume": 0.06}
[2026-09-25 22:59:30.745] [SFX] {"sound": "guardian_move", "volume": 0.03}
[2026-09-25 22:59:30.898] [SFX] {"sound": "civ_move_2", "volume": 0.01}
[2026-09-25 22:59:30.983] [SFX] {"sound": "civ_move_2", "volume": 0.07}
[2026-09-25 22:59:31.350] [SFX] {"sound": "guardian_move", "volume": 0.04}
[2026-09-25 22:59:31.383] [SFX] {"sound": "civ_move_2", "volume": 0.07}
[2026-09-25 22:59:31.784] [SFX] {"sound": "civ_move_2", "volume": 0.08}
[2026-09-25 22:59:31.952] [SFX] {"sound": "guardian_move", "volume": 0.06}
[2026-09-25 22:59:32.185] [SFX] {"sound": "civ_move_2", "volume": 0.09}
[2026-09-25 22:59:32.553] [SFX] {"sound": "guardian_move", "volume": 0.08}
[2026-09-25 22:59:32.587] [SFX] {"sound": "civ_move_2", "volume": 0.09}
[2026-09-25 22:59:32.989] [SFX] {"sound": "civ_move_2", "volume": 0.1}
[2026-09-25 22:59:33.153] [SFX] {"sound": "guardian_move", "volume": 0.09}
[2026-09-25 22:59:33.205] [SFX] {"sound": "civ_move_2", "volume": 0.0}
[2026-09-25 22:59:33.405] [SFX] {"sound": "civ_move_2", "volume": 0.1}
[2026-09-25 22:59:33.604] [SFX] {"sound": "civ_move_2", "volume": 0.01}
[2026-09-25 22:59:33.753] [SFX] {"sound": "guardian_move", "volume": 0.1}
[2026-09-25 22:59:33.821] [SFX] {"sound": "civ_move_2", "volume": 0.1}
[2026-09-25 22:59:34.007] [SFX] {"sound": "civ_move_2", "volume": 0.02}
[2026-09-25 22:59:34.224] [SFX] {"sound": "civ_move_2", "volume": 0.11}
[2026-09-25 22:59:34.355] [SFX] {"sound": "guardian_move", "volume": 0.12}
[2026-09-25 22:59:34.423] [SFX] {"sound": "civ_move_2", "volume": 0.03}
[2026-09-25 22:59:34.623] [SFX] {"sound": "civ_move_2", "volume": 0.12}
[2026-09-25 22:59:34.840] [SFX] {"sound": "civ_move_2", "volume": 0.04}
[2026-09-25 22:59:34.958] [SFX] {"sound": "guardian_move", "volume": 0.13}
[2026-09-25 22:59:35.023] [SFX] {"sound": "civ_move_2", "volume": 0.12}
[2026-09-25 22:59:35.241] [SFX] {"sound": "civ_move_2", "volume": 0.05}
[2026-09-25 22:59:35.427] [SFX] {"sound": "civ_move_2", "volume": 0.13}
[2026-09-25 22:59:35.563] [SFX] {"sound": "guardian_move", "volume": 0.14}
[2026-09-25 22:59:35.651] [SFX] {"sound": "civ_move_2", "volume": 0.05}
[2026-09-25 22:59:35.834] [SFX] {"sound": "civ_move_2", "volume": 0.13}
[2026-09-25 22:59:36.066] [SFX] {"sound": "civ_move_2", "volume": 0.06}
[2026-09-25 22:59:36.166] [SFX] {"sound": "guardian_move", "volume": 0.14}
[2026-09-25 22:59:36.249] [SFX] {"sound": "civ_move_2", "volume": 0.13}
[2026-09-25 22:59:36.482] [SFX] {"sound": "civ_move_2", "volume": 0.07}
[2026-09-25 22:59:36.649] [SFX] {"sound": "civ_move_2", "volume": 0.14}
[2026-09-25 22:59:36.781] [SFX] {"sound": "guardian_move", "volume": 0.16}
[2026-09-25 22:59:36.896] [SFX] {"sound": "civ_move_2", "volume": 0.08}
[2026-09-25 22:59:37.059] [SFX] {"sound": "civ_move_2", "volume": 0.15}
[2026-09-25 22:59:37.310] [SFX] {"sound": "civ_move_2", "volume": 0.08}
[2026-09-25 22:59:37.393] [SFX] {"sound": "guardian_move", "volume": 0.17}
[2026-09-25 22:59:37.459] [SFX] {"sound": "civ_move_2", "volume": 0.16}
[2026-09-25 22:59:37.723] [SFX] {"sound": "civ_move_2", "volume": 0.09}
[2026-09-25 22:59:37.873] [SFX] {"sound": "civ_move_2", "volume": 0.18}
[2026-09-25 22:59:38.004] [SFX] {"sound": "guardian_move", "volume": 0.17}
[2026-09-25 22:59:38.138] [SFX] {"sound": "civ_move_2", "volume": 0.09}
[2026-09-25 22:59:38.273] [SFX] {"sound": "civ_move_2", "volume": 0.19}
[2026-09-25 22:59:38.539] [SFX] {"sound": "civ_move_2", "volume": 0.1}
[2026-09-25 22:59:38.605] [SFX] {"sound": "guardian_move", "volume": 0.18}
[2026-09-25 22:59:38.687] [SFX] {"sound": "civ_move_2", "volume": 0.2}
[2026-09-25 22:59:38.951] [SFX] {"sound": "civ_move_2", "volume": 0.1}
[2026-09-25 22:59:39.102] [SFX] {"sound": "civ_move_2", "volume": 0.21}
[2026-09-25 22:59:39.218] [SFX] {"sound": "guardian_move", "volume": 0.21}
[2026-09-25 22:59:39.351] [SFX] {"sound": "civ_move_2", "volume": 0.11}
[2026-09-25 22:59:39.502] [SFX] {"sound": "civ_move_2", "volume": 0.23}
[2026-09-25 22:59:39.767] [SFX] {"sound": "civ_move_2", "volume": 0.11}
[2026-09-25 22:59:39.834] [SFX] {"sound": "guardian_move", "volume": 0.23}
[2026-09-25 22:59:39.902] [SFX] {"sound": "civ_move_2", "volume": 0.24}
[2026-09-25 22:59:40.167] [SFX] {"sound": "civ_move_2", "volume": 0.11}
[2026-09-25 22:59:40.314] [SFX] {"sound": "civ_move_2", "volume": 0.25}
[2026-09-25 22:59:40.450] [SFX] {"sound": "guardian_move", "volume": 0.26}
[2026-09-25 22:59:40.569] [SFX] {"sound": "civ_move_2", "volume": 0.11}
[2026-09-25 22:59:40.717] [SFX] {"sound": "civ_move_2", "volume": 0.26}
[2026-09-25 22:59:40.983] [SFX] {"sound": "civ_move_2", "volume": 0.11}
[2026-09-25 22:59:41.018] [SFX] {"sound": "civ_move_1", "volume": 0.13}
[2026-09-25 22:59:41.051] [SFX] {"sound": "guardian_move", "volume": 0.28}
[2026-09-25 22:59:41.120] [SFX] {"sound": "civ_move_2", "volume": 0.27}
[2026-09-25 22:59:41.386] [SFX] {"sound": "civ_move_2", "volume": 0.11}
[2026-09-25 22:59:41.421] [SFX] {"sound": "civ_move_1", "volume": 0.12}
[2026-09-25 22:59:41.472] [C] {"civ_pos": [64, 57]}
[2026-09-25 22:59:41.517] [JACK] Interessante Signatur... Ein ziviler Node. Sollen wir näher ran?
[2026-09-25 22:59:41.536] [SFX] {"sound": "civ_move_2", "volume": 0.29}
[2026-09-25 22:59:41.666] [SFX] {"sound": "guardian_move", "volume": 0.31}
[2026-09-25 22:59:41.849] [SFX] {"sound": "civ_move_1", "volume": 0.11}
[2026-09-25 22:59:41.933] [SFX] {"sound": "civ_move_2", "volume": 0.3}
[2026-09-25 22:59:42.249] [SFX] {"sound": "civ_move_1", "volume": 0.11}
[2026-09-25 22:59:42.272] [SFX] {"sound": "guardian_move", "volume": 0.33}
[2026-09-25 22:59:42.334] [SFX] {"sound": "civ_move_2", "volume": 0.23}
[2026-09-25 22:59:42.649] [SFX] {"sound": "civ_move_1", "volume": 0.11}
[2026-09-25 22:59:42.749] [SFX] {"sound": "civ_move_2", "volume": 0.22}
[2026-09-25 22:59:42.881] [SFX] {"sound": "guardian_move", "volume": 0.35}
[2026-09-25 22:59:43.047] [SFX] {"sound": "threat_pulse", "volume": 0.31}
[2026-09-25 22:59:43.071] [SFX] {"sound": "civ_move_1", "volume": 0.11}
[2026-09-25 22:59:43.150] [SFX] {"sound": "civ_move_2", "volume": 0.21}
[2026-09-25 22:59:43.471] [SFX] {"sound": "civ_move_1", "volume": 0.11}
[2026-09-25 22:59:43.494] [SFX] {"sound": "guardian_move", "volume": 0.38}
[2026-09-25 22:59:43.557] [SFX] {"sound": "civ_move_2", "volume": 0.2}
[2026-09-25 22:59:43.876] [SFX] {"sound": "civ_move_1", "volume": 0.11}
[2026-09-25 22:59:43.892] [M] {"button": 1, "pos": [332, 136], "ui_clicked": false}
[2026-09-25 22:59:43.901] [P] {"start": [64, 59], "goal": [64, 48], "length": 1, "is_direction_change": false}
[2026-09-25 22:59:43.902] [SFX] {"sound": "click_target", "volume": 0.75}
[2026-09-25 22:59:43.938] [JACK] Hörst du das Wummern? Sentinels in der Nähe... Bloß keinen falschen Schritt machen!
[2026-09-25 22:59:43.956] [SFX] {"sound": "player_move", "volume": 0.4}
[2026-09-25 22:59:43.957] [SFX] {"sound": "threat_pulse", "volume": 0.37}
[2026-09-25 22:59:43.973] [SFX] {"sound": "civ_move_2", "volume": 0.18}
[2026-09-25 22:59:44.102] [SFX] {"sound": "guardian_move", "volume": 0.29}
[2026-09-25 22:59:44.252] [SFX] {"sound": "player_move", "volume": 0.4}
[2026-09-25 22:59:44.287] [SFX] {"sound": "civ_move_1", "volume": 0.16}
[2026-09-25 22:59:44.371] [SFX] {"sound": "civ_move_2", "volume": 0.13}
[2026-09-25 22:59:44.702] [SFX] {"sound": "guardian_move", "volume": 0.26}
[2026-09-25 22:59:44.703] [SFX] {"sound": "civ_move_1", "volume": 0.18}
[2026-09-25 22:59:44.771] [SFX] {"sound": "civ_move_2", "volume": 0.11}
[2026-09-25 22:59:44.856] [SFX] {"sound": "threat_pulse", "volume": 0.34}
[2026-09-25 22:59:45.108] [SFX] {"sound": "civ_move_1", "volume": 0.17}
[2026-09-25 22:59:45.176] [SFX] {"sound": "civ_move_2", "volume": 0.1}
[2026-09-25 22:59:45.361] [M] {"button": 1, "pos": [327, 52], "ui_clicked": false}
[2026-09-25 22:59:45.370] [P] {"start": [64, 48], "goal": [64, 43], "length": 1, "is_direction_change": false}
[2026-09-25 22:59:45.371] [SFX] {"sound": "click_target", "volume": 0.88}
[2026-09-25 22:59:45.485] [SFX] {"sound": "player_move", "volume": 0.4}
[2026-09-25 22:59:45.519] [SFX] {"sound": "civ_move_1", "volume": 0.18}
[2026-09-25 22:59:45.587] [SFX] {"sound": "civ_move_2", "volume": 0.06}
[2026-09-25 22:59:45.921] [SFX] {"sound": "civ_move_1", "volume": 0.18}
[2026-09-25 22:59:46.003] [SFX] {"sound": "civ_move_2", "volume": 0.05}
[2026-09-25 22:59:46.332] [SFX] {"sound": "civ_move_1", "volume": 0.17}
[2026-09-25 22:59:46.415] [SFX] {"sound": "civ_move_2", "volume": 0.04}
[2026-09-25 22:59:46.465] [M] {"button": 5, "pos": [356, 210], "ui_clicked": false}
[2026-09-25 22:59:46.748] [SFX] {"sound": "civ_move_1", "volume": 0.15}
[2026-09-25 22:59:46.831] [SFX] {"sound": "civ_move_2", "volume": 0.03}
[2026-09-25 22:59:47.163] [SFX] {"sound": "civ_move_1", "volume": 0.14}
[2026-09-25 22:59:47.233] [SFX] {"sound": "civ_move_2", "volume": 0.02}
[2026-09-25 22:59:47.566] [SFX] {"sound": "civ_move_1", "volume": 0.13}
[2026-09-25 22:59:47.636] [SFX] {"sound": "civ_move_2", "volume": 0.01}
[2026-09-25 22:59:47.973] [SFX] {"sound": "civ_move_1", "volume": 0.12}
[2026-09-25 22:59:48.384] [SFX] {"sound": "civ_move_1", "volume": 0.11}
[2026-09-25 22:59:48.785] [SFX] {"sound": "civ_move_1", "volume": 0.1}
[2026-09-25 22:59:49.187] [SFX] {"sound": "civ_move_1", "volume": 0.09}
[2026-09-25 22:59:49.587] [SFX] {"sound": "civ_move_1", "volume": 0.08}
[2026-09-25 22:59:49.987] [SFX] {"sound": "civ_move_1", "volume": 0.06}
[2026-09-25 22:59:50.402] [SFX] {"sound": "civ_move_1", "volume": 0.05}
[2026-09-25 22:59:50.805] [SFX] {"sound": "civ_move_1", "volume": 0.04}
[2026-09-25 22:59:51.210] [SFX] {"sound": "civ_move_1", "volume": 0.03}
[2026-09-25 22:59:51.559] [M] {"button": 1, "pos": [321, 299], "ui_clicked": false}
[2026-09-25 22:59:51.567] [P] {"start": [64, 43], "goal": [64, 58], "length": 1, "is_direction_change": false}
[2026-09-25 22:59:51.568] [SFX] {"sound": "click_target", "volume": 0.48}
[2026-09-25 22:59:51.606] [JACK] Kurzer Blick um die Ecke...
[2026-09-25 22:59:51.625] [SFX] {"sound": "civ_move_1", "volume": 0.02}
[2026-09-25 22:59:51.753] [SFX] {"sound": "player_move", "volume": 0.4}
[2026-09-25 22:59:52.100] [SFX] {"sound": "civ_move_1", "volume": 0.01}
[2026-09-25 22:59:52.516] [SFX] {"sound": "civ_move_1", "volume": 0.05}
[2026-09-25 22:59:52.920] [SFX] {"sound": "civ_move_1", "volume": 0.06}
[2026-09-25 22:59:53.326] [SFX] {"sound": "civ_move_1", "volume": 0.07}
[2026-09-25 22:59:54.149] [SFX] {"sound": "civ_move_1", "volume": 0.08}
[2026-09-25 22:59:54.564] [SFX] {"sound": "civ_move_1", "volume": 0.09}
[2026-09-25 22:59:54.968] [SFX] {"sound": "civ_move_1", "volume": 0.1}
[2026-09-25 22:59:55.385] [SFX] {"sound": "civ_move_1", "volume": 0.11}
[2026-09-25 22:59:55.785] [SFX] {"sound": "civ_move_1", "volume": 0.12}
[2026-09-25 22:59:56.200] [SFX] {"sound": "civ_move_1", "volume": 0.13}
[2026-09-25 22:59:56.601] [SFX] {"sound": "civ_move_1", "volume": 0.14}
[2026-09-25 22:59:57.015] [SFX] {"sound": "civ_move_1", "volume": 0.15}
[2026-09-25 22:59:57.415] [SFX] {"sound": "civ_move_1", "volume": 0.16}
[2026-09-25 22:59:57.827] [SFX] {"sound": "civ_move_1", "volume": 0.17}
[2026-09-25 22:59:57.862] [SFX] {"sound": "civ_move_2", "volume": 0.13}
[2026-09-25 22:59:58.228] [SFX] {"sound": "civ_move_1", "volume": 0.18}
[2026-09-25 22:59:58.263] [SFX] {"sound": "civ_move_2", "volume": 0.13}
[2026-09-25 22:59:58.640] [SFX] {"sound": "civ_move_1", "volume": 0.19}
[2026-09-25 22:59:58.673] [SFX] {"sound": "civ_move_2", "volume": 0.12}
[2026-09-25 22:59:59.050] [SFX] {"sound": "civ_move_1", "volume": 0.2}
[2026-09-25 22:59:59.100] [SFX] {"sound": "civ_move_2", "volume": 0.12}
[2026-09-25 22:59:59.450] [SFX] {"sound": "civ_move_1", "volume": 0.21}
[2026-09-25 22:59:59.502] [SFX] {"sound": "civ_move_2", "volume": 0.12}
[2026-09-25 22:59:59.851] [SFX] {"sound": "civ_move_1", "volume": 0.22}
[2026-09-25 22:59:59.885] [C] {"civ_pos": [64, 60]}
[2026-09-25 22:59:59.927] [JACK] Ein weiterer Passant im Netz. Ignorieren oder anpöbeln?
[2026-09-25 22:59:59.928] [SFX] {"sound": "civ_move_2", "volume": 0.12}
[2026-09-25 22:59:59.929] [SFX] {"sound": "civ_move_2", "volume": 0.13}
[2026-09-25 23:00:00.257] [SFX] {"sound": "civ_move_1", "volume": 0.23}
[2026-09-25 23:00:00.307] [SFX] {"sound": "civ_move_2", "volume": 0.12}
[2026-09-25 23:00:00.308] [SFX] {"sound": "civ_move_2", "volume": 0.13}
[2026-09-25 23:00:00.661] [SFX] {"sound": "civ_move_1", "volume": 0.3}
[2026-09-25 23:00:00.713] [SFX] {"sound": "civ_move_2", "volume": 0.12}
[2026-09-25 23:00:01.062] [SFX] {"sound": "civ_move_1", "volume": 0.29}
[2026-09-25 23:00:01.127] [SFX] {"sound": "civ_move_2", "volume": 0.11}
[2026-09-25 23:00:01.150] [SFX] {"sound": "civ_move_2", "volume": 0.12}
[2026-09-25 23:00:01.477] [SFX] {"sound": "civ_move_1", "volume": 0.27}
[2026-09-25 23:00:01.543] [SFX] {"sound": "civ_move_2", "volume": 0.11}
[2026-09-25 23:00:01.544] [SFX] {"sound": "civ_move_2", "volume": 0.12}
[2026-09-25 23:00:01.891] [SFX] {"sound": "civ_move_1", "volume": 0.26}
[2026-09-25 23:00:01.958] [SFX] {"sound": "civ_move_2", "volume": 0.11}
[2026-09-25 23:00:01.959] [SFX] {"sound": "civ_move_2", "volume": 0.12}
[2026-09-25 23:00:02.307] [SFX] {"sound": "civ_move_1", "volume": 0.25}
[2026-09-25 23:00:02.374] [SFX] {"sound": "civ_move_2", "volume": 0.1}
[2026-09-25 23:00:02.375] [SFX] {"sound": "civ_move_2", "volume": 0.12}
[2026-09-25 23:00:02.723] [SFX] {"sound": "civ_move_1", "volume": 0.24}
[2026-09-25 23:00:02.774] [SFX] {"sound": "civ_move_2", "volume": 0.09}
[2026-09-25 23:00:02.775] [SFX] {"sound": "civ_move_2", "volume": 0.12}
[2026-09-25 23:00:02.775] [SFX] {"sound": "civ_move_2", "volume": 0.0}
[2026-09-25 23:00:03.136] [SFX] {"sound": "civ_move_1", "volume": 0.22}
[2026-09-25 23:00:03.185] [SFX] {"sound": "civ_move_2", "volume": 0.09}
[2026-09-25 23:00:03.185] [SFX] {"sound": "civ_move_2", "volume": 0.11}
[2026-09-25 23:00:03.186] [SFX] {"sound": "civ_move_2", "volume": 0.0}
[2026-09-25 23:00:03.547] [SFX] {"sound": "civ_move_1", "volume": 0.21}
[2026-09-25 23:00:03.598] [SFX] {"sound": "civ_move_2", "volume": 0.08}
[2026-09-25 23:00:03.598] [SFX] {"sound": "civ_move_2", "volume": 0.11}
[2026-09-25 23:00:03.599] [SFX] {"sound": "civ_move_2", "volume": 0.01}
[2026-09-25 23:00:03.963] [SFX] {"sound": "civ_move_1", "volume": 0.2}
[2026-09-25 23:00:04.013] [SFX] {"sound": "civ_move_2", "volume": 0.07}
[2026-09-25 23:00:04.013] [SFX] {"sound": "civ_move_2", "volume": 0.1}
[2026-09-25 23:00:04.036] [SFX] {"sound": "civ_move_2", "volume": 0.02}
[2026-09-25 23:00:04.365] [SFX] {"sound": "civ_move_1", "volume": 0.19}
[2026-09-25 23:00:04.415] [SFX] {"sound": "civ_move_2", "volume": 0.07}
[2026-09-25 23:00:04.416] [SFX] {"sound": "civ_move_2", "volume": 0.1}
[2026-09-25 23:00:04.438] [SFX] {"sound": "civ_move_2", "volume": 0.03}
[2026-09-25 23:00:04.771] [SFX] {"sound": "civ_move_1", "volume": 0.18}
[2026-09-25 23:00:04.823] [SFX] {"sound": "civ_move_2", "volume": 0.06}
[2026-09-25 23:00:04.824] [SFX] {"sound": "civ_move_2", "volume": 0.09}
[2026-09-25 23:00:04.846] [SFX] {"sound": "civ_move_2", "volume": 0.04}
[2026-09-25 23:00:05.175] [SFX] {"sound": "civ_move_1", "volume": 0.16}
[2026-09-25 23:00:05.225] [SFX] {"sound": "civ_move_2", "volume": 0.05}
[2026-09-25 23:00:05.226] [SFX] {"sound": "civ_move_2", "volume": 0.09}
[2026-09-25 23:00:05.250] [SFX] {"sound": "civ_move_2", "volume": 0.05}
[2026-09-25 23:00:05.585] [SFX] {"sound": "civ_move_1", "volume": 0.15}
[2026-09-25 23:00:05.634] [SFX] {"sound": "civ_move_2", "volume": 0.04}
[2026-09-25 23:00:05.635] [SFX] {"sound": "civ_move_2", "volume": 0.08}
[2026-09-25 23:00:05.658] [SFX] {"sound": "civ_move_2", "volume": 0.05}
[2026-09-25 23:00:05.990] [SFX] {"sound": "civ_move_1", "volume": 0.14}
[2026-09-25 23:00:06.042] [SFX] {"sound": "civ_move_2", "volume": 0.03}
[2026-09-25 23:00:06.043] [SFX] {"sound": "civ_move_2", "volume": 0.07}
[2026-09-25 23:00:06.064] [SFX] {"sound": "civ_move_2", "volume": 0.06}
[2026-09-25 23:00:06.391] [SFX] {"sound": "civ_move_1", "volume": 0.13}
[2026-09-25 23:00:06.457] [SFX] {"sound": "civ_move_2", "volume": 0.02}
[2026-09-25 23:00:06.458] [SFX] {"sound": "civ_move_2", "volume": 0.07}
[2026-09-25 23:00:06.805] [SFX] {"sound": "civ_move_1", "volume": 0.12}
[2026-09-25 23:00:06.859] [SFX] {"sound": "civ_move_2", "volume": 0.02}
[2026-09-25 23:00:06.860] [SFX] {"sound": "civ_move_2", "volume": 0.06}
[2026-09-25 23:00:06.882] [SFX] {"sound": "civ_move_2", "volume": 0.08}
[2026-09-25 23:00:07.164] [SFX] {"sound": "civ_move_1", "volume": 0.0}
[2026-09-25 23:00:07.214] [SFX] {"sound": "civ_move_1", "volume": 0.12}
[2026-09-25 23:00:07.265] [SFX] {"sound": "civ_move_2", "volume": 0.01}
[2026-09-25 23:00:07.266] [SFX] {"sound": "civ_move_2", "volume": 0.05}
[2026-09-25 23:00:07.288] [SFX] {"sound": "civ_move_2", "volume": 0.08}
[2026-09-25 23:00:07.565] [SFX] {"sound": "civ_move_1", "volume": 0.0}
[2026-09-25 23:00:07.670] [SFX] {"sound": "civ_move_2", "volume": 0.04}
[2026-09-25 23:00:07.694] [SFX] {"sound": "civ_move_2", "volume": 0.09}
[2026-09-25 23:00:07.976] [SFX] {"sound": "civ_move_1", "volume": 0.01}
[2026-09-25 23:00:08.076] [SFX] {"sound": "civ_move_2", "volume": 0.03}
[2026-09-25 23:00:08.099] [SFX] {"sound": "civ_move_2", "volume": 0.1}
[2026-09-25 23:00:08.392] [SFX] {"sound": "civ_move_1", "volume": 0.02}
[2026-09-25 23:00:08.477] [SFX] {"sound": "civ_move_2", "volume": 0.02}
[2026-09-25 23:00:08.500] [SFX] {"sound": "civ_move_2", "volume": 0.1}
[2026-09-25 23:00:08.797] [SFX] {"sound": "civ_move_1", "volume": 0.03}
[2026-09-25 23:00:08.881] [SFX] {"sound": "civ_move_2", "volume": 0.01}
[2026-09-25 23:00:08.904] [SFX] {"sound": "civ_move_2", "volume": 0.11}
[2026-09-25 23:00:09.200] [SFX] {"sound": "civ_move_1", "volume": 0.04}
[2026-09-25 23:00:09.286] [SFX] {"sound": "civ_move_2", "volume": 0.0}
[2026-09-25 23:00:09.309] [SFX] {"sound": "civ_move_2", "volume": 0.11}
[2026-09-25 23:00:09.603] [SFX] {"sound": "civ_move_1", "volume": 0.05}
[2026-09-25 23:00:09.704] [SFX] {"sound": "civ_move_2", "volume": 0.11}
[2026-09-25 23:00:10.017] [SFX] {"sound": "civ_move_1", "volume": 0.06}
[2026-09-25 23:00:10.116] [SFX] {"sound": "civ_move_2", "volume": 0.13}
[2026-09-25 23:00:10.417] [SFX] {"sound": "civ_move_1", "volume": 0.06}
[2026-09-25 23:00:10.530] [SFX] {"sound": "civ_move_2", "volume": 0.13}
[2026-09-25 23:00:10.830] [SFX] {"sound": "civ_move_1", "volume": 0.07}
[2026-09-25 23:00:10.945] [SFX] {"sound": "civ_move_2", "volume": 0.13}
[2026-09-25 23:00:11.231] [SFX] {"sound": "civ_move_1", "volume": 0.08}
[2026-09-25 23:00:11.349] [SFX] {"sound": "civ_move_2", "volume": 0.13}
[2026-09-25 23:00:11.632] [SFX] {"sound": "civ_move_1", "volume": 0.09}
[2026-09-25 23:00:11.765] [SFX] {"sound": "civ_move_2", "volume": 0.13}
[2026-09-25 23:00:12.033] [SFX] {"sound": "civ_move_1", "volume": 0.09}
[2026-09-25 23:00:12.066] [SFX] {"sound": "civ_move_1", "volume": 0.01}
[2026-09-25 23:00:12.167] [SFX] {"sound": "civ_move_2", "volume": 0.15}
[2026-09-25 23:00:12.435] [SFX] {"sound": "civ_move_1", "volume": 0.1}
[2026-09-25 23:00:12.472] [SFX] {"sound": "civ_move_1", "volume": 0.02}
[2026-09-25 23:00:12.571] [SFX] {"sound": "civ_move_2", "volume": 0.16}
[2026-09-25 23:00:12.836] [SFX] {"sound": "civ_move_1", "volume": 0.1}
[2026-09-25 23:00:12.888] [SFX] {"sound": "civ_move_1", "volume": 0.03}
[2026-09-25 23:00:12.972] [SFX] {"sound": "civ_move_2", "volume": 0.17}
[2026-09-25 23:00:13.242] [SFX] {"sound": "civ_move_1", "volume": 0.11}
[2026-09-25 23:00:13.291] [SFX] {"sound": "civ_move_1", "volume": 0.04}
[2026-09-25 23:00:13.377] [SFX] {"sound": "civ_move_2", "volume": 0.18}
[2026-09-25 23:00:13.657] [SFX] {"sound": "civ_move_1", "volume": 0.11}
[2026-09-25 23:00:13.707] [SFX] {"sound": "civ_move_1", "volume": 0.04}
[2026-09-25 23:00:13.792] [SFX] {"sound": "civ_move_2", "volume": 0.2}
[2026-09-25 23:00:14.057] [SFX] {"sound": "civ_move_1", "volume": 0.11}
[2026-09-25 23:00:14.109] [SFX] {"sound": "civ_move_1", "volume": 0.05}
[2026-09-25 23:00:14.192] [SFX] {"sound": "civ_move_2", "volume": 0.21}
[2026-09-25 23:00:14.457] [SFX] {"sound": "civ_move_1", "volume": 0.13}
[2026-09-25 23:00:14.524] [SFX] {"sound": "civ_move_1", "volume": 0.06}
[2026-09-25 23:00:14.607] [SFX] {"sound": "civ_move_2", "volume": 0.22}
[2026-09-25 23:00:14.860] [SFX] {"sound": "civ_move_1", "volume": 0.13}
[2026-09-25 23:00:14.925] [SFX] {"sound": "civ_move_1", "volume": 0.07}
[2026-09-25 23:00:15.009] [SFX] {"sound": "civ_move_2", "volume": 0.23}
[2026-09-25 23:00:15.260] [SFX] {"sound": "civ_move_1", "volume": 0.13}
[2026-09-25 23:00:15.331] [SFX] {"sound": "civ_move_1", "volume": 0.08}
[2026-09-25 23:00:15.415] [SFX] {"sound": "civ_move_2", "volume": 0.24}
[2026-09-25 23:00:15.668] [SFX] {"sound": "civ_move_1", "volume": 0.13}
[2026-09-25 23:00:15.733] [SFX] {"sound": "civ_move_1", "volume": 0.08}
[2026-09-25 23:00:15.816] [SFX] {"sound": "civ_move_2", "volume": 0.26}
[2026-09-25 23:00:16.080] [SFX] {"sound": "civ_move_1", "volume": 0.13}
[2026-09-25 23:00:16.149] [SFX] {"sound": "civ_move_1", "volume": 0.09}
[2026-09-25 23:00:16.216] [SFX] {"sound": "civ_move_2", "volume": 0.27}
[2026-09-25 23:00:16.481] [SFX] {"sound": "civ_move_1", "volume": 0.15}
[2026-09-25 23:00:16.563] [SFX] {"sound": "civ_move_1", "volume": 0.1}
[2026-09-25 23:00:16.631] [SFX] {"sound": "civ_move_2", "volume": 0.28}
[2026-09-25 23:00:16.780] [C] {"civ_pos": [64, 56]}
[2026-09-25 23:00:16.823] [JACK] Schon wieder ein ziviler Datenknoten auf unserem Schirm.
[2026-09-25 23:00:16.885] [SFX] {"sound": "civ_move_1", "volume": 0.16}
[2026-09-25 23:00:16.967] [SFX] {"sound": "civ_move_1", "volume": 0.1}
[2026-09-25 23:00:17.036] [SFX] {"sound": "civ_move_2", "volume": 0.29}
[2026-09-25 23:00:17.286] [SFX] {"sound": "civ_move_1", "volume": 0.17}
[2026-09-25 23:00:17.370] [SFX] {"sound": "civ_move_1", "volume": 0.11}
[2026-09-25 23:00:17.436] [SFX] {"sound": "civ_move_2", "volume": 0.24}
[2026-09-25 23:00:17.688] [SFX] {"sound": "civ_move_1", "volume": 0.18}
[2026-09-25 23:00:17.785] [SFX] {"sound": "civ_move_1", "volume": 0.11}
[2026-09-25 23:00:17.852] [SFX] {"sound": "civ_move_2", "volume": 0.23}
[2026-09-25 23:00:18.098] [SFX] {"sound": "civ_move_1", "volume": 0.2}
[2026-09-25 23:00:18.199] [SFX] {"sound": "civ_move_1", "volume": 0.11}
[2026-09-25 23:00:18.266] [SFX] {"sound": "civ_move_2", "volume": 0.22}
[2026-09-25 23:00:18.515] [SFX] {"sound": "civ_move_1", "volume": 0.21}
[2026-09-25 23:00:18.616] [SFX] {"sound": "civ_move_1", "volume": 0.12}
[2026-09-25 23:00:18.666] [SFX] {"sound": "civ_move_2", "volume": 0.21}
[2026-09-25 23:00:18.915] [SFX] {"sound": "civ_move_1", "volume": 0.22}
[2026-09-25 23:00:19.016] [SFX] {"sound": "civ_move_1", "volume": 0.12}
[2026-09-25 23:00:19.082] [SFX] {"sound": "civ_move_2", "volume": 0.2}
[2026-09-25 23:00:19.317] [SFX] {"sound": "civ_move_1", "volume": 0.23}
[2026-09-25 23:00:19.417] [SFX] {"sound": "civ_move_1", "volume": 0.12}
[2026-09-25 23:00:19.439] [SFX] {"sound": "civ_move_1", "volume": 0.13}
[2026-09-25 23:00:19.484] [SFX] {"sound": "civ_move_2", "volume": 0.19}
[2026-09-25 23:00:19.730] [SFX] {"sound": "civ_move_1", "volume": 0.24}
[2026-09-25 23:00:19.831] [SFX] {"sound": "civ_move_1", "volume": 0.12}
[2026-09-25 23:00:19.854] [SFX] {"sound": "civ_move_1", "volume": 0.13}
[2026-09-25 23:00:19.899] [SFX] {"sound": "civ_move_2", "volume": 0.18}
[2026-09-25 23:00:20.134] [SFX] {"sound": "civ_move_1", "volume": 0.26}
[2026-09-25 23:00:20.234] [SFX] {"sound": "civ_move_1", "volume": 0.12}
[2026-09-25 23:00:20.299] [SFX] {"sound": "civ_move_2", "volume": 0.17}
[2026-09-25 23:00:20.548] [SFX] {"sound": "civ_move_1", "volume": 0.27}
[2026-09-25 23:00:20.681] [SFX] {"sound": "civ_move_1", "volume": 0.12}
[2026-09-25 23:00:20.705] [SFX] {"sound": "civ_move_2", "volume": 0.16}
[2026-09-25 23:00:20.948] [SFX] {"sound": "civ_move_1", "volume": 0.28}
[2026-09-25 23:00:21.097] [SFX] {"sound": "civ_move_1", "volume": 0.12}
[2026-09-25 23:00:21.120] [SFX] {"sound": "civ_move_2", "volume": 0.15}
[2026-09-25 23:00:21.121] [C] {"civ_pos": [64, 56]}
[2026-09-25 23:00:21.351] [SFX] {"sound": "civ_move_1", "volume": 0.29}
[2026-09-25 23:00:21.507] [SFX] {"sound": "civ_move_1", "volume": 0.12}
[2026-09-25 23:00:21.530] [SFX] {"sound": "civ_move_2", "volume": 0.14}
[2026-09-25 23:00:21.760] [SFX] {"sound": "civ_move_1", "volume": 0.24}
[2026-09-25 23:00:21.911] [SFX] {"sound": "civ_move_1", "volume": 0.12}
[2026-09-25 23:00:21.935] [SFX] {"sound": "civ_move_2", "volume": 0.13}
[2026-09-25 23:00:22.160] [SFX] {"sound": "civ_move_1", "volume": 0.23}
[2026-09-25 23:00:22.328] [SFX] {"sound": "civ_move_2", "volume": 0.12}
[2026-09-25 23:00:22.329] [SFX] {"sound": "civ_move_1", "volume": 0.12}
[2026-09-25 23:00:22.562] [SFX] {"sound": "civ_move_1", "volume": 0.22}
[2026-09-25 23:00:22.728] [SFX] {"sound": "civ_move_2", "volume": 0.11}
[2026-09-25 23:00:22.729] [SFX] {"sound": "civ_move_1", "volume": 0.11}
[2026-09-25 23:00:22.976] [SFX] {"sound": "civ_move_1", "volume": 0.21}
[2026-09-25 23:00:23.145] [SFX] {"sound": "civ_move_2", "volume": 0.1}
[2026-09-25 23:00:23.146] [SFX] {"sound": "civ_move_1", "volume": 0.11}
[2026-09-25 23:00:23.392] [SFX] {"sound": "civ_move_1", "volume": 0.2}
[2026-09-25 23:00:23.558] [SFX] {"sound": "civ_move_2", "volume": 0.09}
[2026-09-25 23:00:23.558] [SFX] {"sound": "civ_move_1", "volume": 0.11}
[2026-09-25 23:00:23.809] [SFX] {"sound": "civ_move_1", "volume": 0.19}
[2026-09-25 23:00:23.974] [SFX] {"sound": "civ_move_2", "volume": 0.08}
[2026-09-25 23:00:23.975] [SFX] {"sound": "civ_move_1", "volume": 0.1}
[2026-09-25 23:00:24.222] [SFX] {"sound": "civ_move_1", "volume": 0.18}
[2026-09-25 23:00:24.389] [SFX] {"sound": "civ_move_2", "volume": 0.07}
[2026-09-25 23:00:24.390] [SFX] {"sound": "civ_move_1", "volume": 0.1}
[2026-09-25 23:00:24.637] [SFX] {"sound": "civ_move_1", "volume": 0.17}
[2026-09-25 23:00:24.802] [SFX] {"sound": "civ_move_2", "volume": 0.06}
[2026-09-25 23:00:24.803] [SFX] {"sound": "civ_move_1", "volume": 0.09}
[2026-09-25 23:00:25.049] [SFX] {"sound": "civ_move_1", "volume": 0.16}
[2026-09-25 23:00:25.219] [SFX] {"sound": "civ_move_2", "volume": 0.05}
[2026-09-25 23:00:25.219] [SFX] {"sound": "civ_move_1", "volume": 0.08}
[2026-09-25 23:00:25.451] [SFX] {"sound": "civ_move_1", "volume": 0.15}
[2026-09-25 23:00:25.634] [SFX] {"sound": "civ_move_2", "volume": 0.04}
[2026-09-25 23:00:25.635] [SFX] {"sound": "civ_move_1", "volume": 0.07}
[2026-09-25 23:00:25.865] [SFX] {"sound": "civ_move_1", "volume": 0.14}
[2026-09-25 23:00:26.042] [SFX] {"sound": "civ_move_2", "volume": 0.03}
[2026-09-25 23:00:26.043] [SFX] {"sound": "civ_move_1", "volume": 0.07}
[2026-09-25 23:00:26.272] [SFX] {"sound": "civ_move_1", "volume": 0.13}
[2026-09-25 23:00:26.455] [SFX] {"sound": "civ_move_2", "volume": 0.02}
[2026-09-25 23:00:26.456] [SFX] {"sound": "civ_move_1", "volume": 0.06}
[2026-09-25 23:00:26.686] [SFX] {"sound": "civ_move_1", "volume": 0.12}
[2026-09-25 23:00:26.871] [SFX] {"sound": "civ_move_2", "volume": 0.01}
[2026-09-25 23:00:26.872] [SFX] {"sound": "civ_move_1", "volume": 0.05}
[2026-09-25 23:00:27.101] [SFX] {"sound": "civ_move_1", "volume": 0.11}
[2026-09-25 23:00:27.284] [SFX] {"sound": "civ_move_2", "volume": 0.0}
[2026-09-25 23:00:27.285] [SFX] {"sound": "civ_move_1", "volume": 0.04}
[2026-09-25 23:00:27.503] [SFX] {"sound": "civ_move_1", "volume": 0.1}
[2026-09-25 23:00:27.686] [SFX] {"sound": "civ_move_1", "volume": 0.03}
[2026-09-25 23:00:27.903] [SFX] {"sound": "civ_move_1", "volume": 0.09}
[2026-09-25 23:00:28.088] [SFX] {"sound": "civ_move_1", "volume": 0.02}
[2026-09-25 23:00:28.305] [SFX] {"sound": "civ_move_1", "volume": 0.08}
[2026-09-25 23:00:28.503] [SFX] {"sound": "civ_move_1", "volume": 0.02}
[2026-09-25 23:00:28.705] [SFX] {"sound": "civ_move_1", "volume": 0.07}
[2026-09-25 23:00:28.905] [SFX] {"sound": "civ_move_1", "volume": 0.01}
[2026-09-25 23:00:29.105] [SFX] {"sound": "civ_move_1", "volume": 0.06}
[2026-09-25 23:00:29.509] [SFX] {"sound": "civ_move_1", "volume": 0.05}
[2026-09-25 23:00:29.910] [SFX] {"sound": "civ_move_1", "volume": 0.04}
[2026-09-25 23:00:30.324] [SFX] {"sound": "civ_move_1", "volume": 0.03}
[2026-09-25 23:00:30.725] [SFX] {"sound": "civ_move_1", "volume": 0.02}
[2026-09-25 23:00:31.125] [SFX] {"sound": "civ_move_1", "volume": 0.01}
[2026-09-25 23:00:31.526] [SFX] {"sound": "civ_move_1", "volume": 0.0}
[2026-09-25 23:00:40.523] [M] {"button": 1, "pos": [328, 295], "ui_clicked": false}
[2026-09-25 23:00:40.531] [P] {"start": [64, 58], "goal": [64, 73], "length": 1, "is_direction_change": false}
[2026-09-25 23:00:40.531] [SFX] {"sound": "click_target", "volume": 0.49}
[2026-09-25 23:00:40.556] [JACK] Vorsichtig vorantasten...
[2026-09-25 23:00:40.599] [SFX] {"sound": "player_move", "volume": 0.4}
[2026-09-25 23:00:41.279] [M] {"button": 1, "pos": [329, 295], "ui_clicked": false}
[2026-09-25 23:00:41.288] [P] {"start": [64, 73], "goal": [64, 81], "length": 1, "is_direction_change": false}
[2026-09-25 23:00:41.289] [SFX] {"sound": "click_target", "volume": 0.64}
[2026-09-25 23:00:41.555] [SFX] {"sound": "player_move", "volume": 0.4}
[2026-09-25 23:00:42.451] [M] {"button": 1, "pos": [331, 326], "ui_clicked": false}
[2026-09-25 23:00:43.014] [M] {"button": 5, "pos": [332, 314], "ui_clicked": false}
[2026-09-25 23:00:43.632] [M] {"button": 1, "pos": [331, 317], "ui_clicked": false}
[2026-09-25 23:00:44.541] [M] {"button": 1, "pos": [314, 328], "ui_clicked": false}
[2026-09-25 23:00:45.010] [M] {"button": 1, "pos": [317, 333], "ui_clicked": false}
[2026-09-25 23:00:45.443] [M] {"button": 1, "pos": [319, 336], "ui_clicked": false}
[2026-09-25 23:00:45.746] [M] {"button": 1, "pos": [320, 338], "ui_clicked": false}
[2026-09-25 23:00:46.013] [M] {"button": 1, "pos": [328, 337], "ui_clicked": false}
[2026-09-25 23:00:47.285] [M] {"button": 1, "pos": [320, 333], "ui_clicked": false}
[2026-09-25 23:00:47.837] [M] {"button": 1, "pos": [320, 336], "ui_clicked": false}
[2026-09-25 23:00:48.250] [M] {"button": 1, "pos": [318, 337], "ui_clicked": false}
[2026-09-25 23:00:48.881] [M] {"button": 1, "pos": [320, 346], "ui_clicked": false}
[2026-09-25 23:00:50.557] [M] {"button": 1, "pos": [353, 161], "ui_clicked": false}
[2026-09-25 23:00:50.565] [P] {"start": [64, 81], "goal": [72, 134], "length": 2, "is_direction_change": false}
[2026-09-25 23:00:50.602] [JACK] Kurzer Blick um die Ecke...
[2026-09-25 23:00:50.750] [SFX] {"sound": "player_move", "volume": 0.4}
[2026-09-25 23:00:51.844] [SFX] {"sound": "civ_move_2", "volume": 0.03}
[2026-09-25 23:00:51.868] [SFX] {"sound": "civ_move_1", "volume": 0.02}
[2026-09-25 23:00:51.983] [SFX] {"sound": "player_move", "volume": 0.4}
[2026-09-25 23:00:52.246] [SFX] {"sound": "civ_move_2", "volume": 0.07}
[2026-09-25 23:00:52.268] [SFX] {"sound": "civ_move_1", "volume": 0.06}
[2026-09-25 23:00:52.296] [SFX] {"sound": "player_move", "volume": 0.4}
[2026-09-25 23:00:52.646] [SFX] {"sound": "civ_move_2", "volume": 0.1}
[2026-09-25 23:00:52.669] [SFX] {"sound": "civ_move_1", "volume": 0.1}
[2026-09-25 23:00:52.895] [SFX] {"sound": "player_move", "volume": 0.4}
[2026-09-25 23:00:53.058] [SFX] {"sound": "civ_move_2", "volume": 0.13}
[2026-09-25 23:00:53.081] [SFX] {"sound": "civ_move_1", "volume": 0.12}
[2026-09-25 23:00:53.208] [SFX] {"sound": "player_move", "volume": 0.4}
[2026-09-25 23:00:53.470] [SFX] {"sound": "civ_move_2", "volume": 0.21}
[2026-09-25 23:00:53.493] [SFX] {"sound": "civ_move_1", "volume": 0.21}
[2026-09-25 23:00:53.520] [SFX] {"sound": "player_move", "volume": 0.4}
[2026-09-25 23:00:53.881] [SFX] {"sound": "civ_move_2", "volume": 0.25}
[2026-09-25 23:00:53.905] [SFX] {"sound": "civ_move_1", "volume": 0.24}
[2026-09-25 23:00:54.282] [SFX] {"sound": "civ_move_2", "volume": 0.26}
[2026-09-25 23:00:54.303] [SFX] {"sound": "civ_move_1", "volume": 0.25}
[2026-09-25 23:00:54.684] [SFX] {"sound": "civ_move_2", "volume": 0.27}
[2026-09-25 23:00:54.706] [SFX] {"sound": "civ_move_1", "volume": 0.27}
[2026-09-25 23:00:54.833] [C] {"civ_pos": [74, 134]}
[2026-09-25 23:00:55.084] [SFX] {"sound": "civ_move_2", "volume": 0.29}
[2026-09-25 23:00:55.107] [SFX] {"sound": "civ_move_1", "volume": 0.28}
[2026-09-25 23:00:55.499] [SFX] {"sound": "civ_move_2", "volume": 0.3}
[2026-09-25 23:00:55.522] [SFX] {"sound": "civ_move_1", "volume": 0.29}
[2026-09-25 23:00:55.914] [SFX] {"sound": "civ_move_2", "volume": 0.29}
[2026-09-25 23:00:55.936] [SFX] {"sound": "civ_move_1", "volume": 0.3}
[2026-09-25 23:00:56.323] [SFX] {"sound": "civ_move_2", "volume": 0.28}
[2026-09-25 23:00:56.344] [SFX] {"sound": "civ_move_1", "volume": 0.28}
[2026-09-25 23:00:56.735] [SFX] {"sound": "civ_move_2", "volume": 0.27}
[2026-09-25 23:00:56.758] [SFX] {"sound": "civ_move_1", "volume": 0.27}
[2026-09-25 23:00:57.149] [SFX] {"sound": "civ_move_2", "volume": 0.25}
[2026-09-25 23:00:57.171] [SFX] {"sound": "civ_move_1", "volume": 0.26}
[2026-09-25 23:00:57.549] [SFX] {"sound": "civ_move_2", "volume": 0.24}
[2026-09-25 23:00:57.573] [SFX] {"sound": "civ_move_1", "volume": 0.25}
[2026-09-25 23:00:57.951] [SFX] {"sound": "civ_move_2", "volume": 0.24}
[2026-09-25 23:00:57.973] [SFX] {"sound": "civ_move_1", "volume": 0.24}
[2026-09-25 23:00:58.362] [SFX] {"sound": "civ_move_2", "volume": 0.24}
[2026-09-25 23:00:58.384] [SFX] {"sound": "civ_move_1", "volume": 0.24}
[2026-09-25 23:00:58.773] [SFX] {"sound": "civ_move_2", "volume": 0.23}
[2026-09-25 23:00:58.797] [SFX] {"sound": "civ_move_1", "volume": 0.23}
[2026-09-25 23:00:59.154] [M] {"button": 1, "pos": [447, 180], "ui_clicked": false}
[2026-09-25 23:00:59.188] [SFX] {"sound": "civ_move_2", "volume": 0.22}
[2026-09-25 23:00:59.210] [SFX] {"sound": "civ_move_1", "volume": 0.23}
[2026-09-25 23:00:59.334] [SFX] {"sound": "civ_move_1", "volume": 0.01}
[2026-09-25 23:00:59.601] [SFX] {"sound": "civ_move_2", "volume": 0.21}
[2026-09-25 23:00:59.624] [SFX] {"sound": "civ_move_1", "volume": 0.22}
[2026-09-25 23:00:59.636] [M] {"button": 1, "pos": [430, 184], "ui_clicked": false}
[2026-09-25 23:00:59.643] [P] {"start": [72, 134], "goal": [97, 134], "length": 1, "is_direction_change": false}
[2026-09-25 23:00:59.644] [SFX] {"sound": "click_target", "volume": 0.3}
[2026-09-25 23:00:59.688] [JACK] Vorsichtig vorantasten...
[2026-09-25 23:00:59.748] [SFX] {"sound": "civ_move_1", "volume": 0.04}
[2026-09-25 23:00:59.848] [SFX] {"sound": "player_move", "volume": 0.4}
[2026-09-25 23:00:59.863] [JACK] JACK // PROXY SAFE - SANCTUARY ACTIVE
[2026-09-25 23:01:00.016] [SFX] {"sound": "civ_move_2", "volume": 0.16}
[2026-09-25 23:01:00.039] [SFX] {"sound": "civ_move_1", "volume": 0.16}
[2026-09-25 23:01:00.151] [SFX] {"sound": "player_move", "volume": 0.4}
[2026-09-25 23:01:00.152] [SFX] {"sound": "civ_move_1", "volume": 0.11}
[2026-09-25 23:01:00.249] [SFX] {"sound": "civ_move_2", "volume": 0.05}
[2026-09-25 23:01:00.416] [SFX] {"sound": "civ_move_2", "volume": 0.1}
[2026-09-25 23:01:00.439] [SFX] {"sound": "civ_move_1", "volume": 0.1}
[2026-09-25 23:01:00.467] [SFX] {"sound": "player_move", "volume": 0.4}
[2026-09-25 23:01:00.565] [SFX] {"sound": "civ_move_1", "volume": 0.18}
[2026-09-25 23:01:00.649] [SFX] {"sound": "civ_move_2", "volume": 0.12}
[2026-09-25 23:01:00.783] [SFX] {"sound": "player_move", "volume": 0.4}
[2026-09-25 23:01:00.816] [SFX] {"sound": "civ_move_2", "volume": 0.04}
[2026-09-25 23:01:00.849] [SFX] {"sound": "civ_move_1", "volume": 0.04}
[2026-09-25 23:01:00.981] [SFX] {"sound": "civ_move_1", "volume": 0.25}
[2026-09-25 23:01:01.065] [SFX] {"sound": "civ_move_2", "volume": 0.17}
[2026-09-25 23:01:01.230] [SFX] {"sound": "civ_move_2", "volume": 0.03}
[2026-09-25 23:01:01.264] [SFX] {"sound": "civ_move_1", "volume": 0.03}
[2026-09-25 23:01:01.395] [SFX] {"sound": "civ_move_1", "volume": 0.26}
[2026-09-25 23:01:01.476] [SFX] {"sound": "civ_move_2", "volume": 0.18}
[2026-09-25 23:01:01.641] [SFX] {"sound": "civ_move_2", "volume": 0.02}
[2026-09-25 23:01:01.675] [SFX] {"sound": "civ_move_1", "volume": 0.03}
[2026-09-25 23:01:01.772] [M] {"button": 1, "pos": [502, 181], "ui_clicked": false}
[2026-09-25 23:01:01.780] [P] {"start": [97, 134], "goal": [140, 134], "length": 1, "is_direction_change": false}
[2026-09-25 23:01:01.829] [SFX] {"sound": "civ_move_1", "volume": 0.28}
[2026-09-25 23:01:01.851] [C] {"civ_pos": [100, 134]}
[2026-09-25 23:01:01.886] [SFX] {"sound": "civ_move_2", "volume": 0.21}
[2026-09-25 23:01:01.985] [SFX] {"sound": "player_move", "volume": 0.4}
[2026-09-25 23:01:02.101] [SFX] {"sound": "civ_move_1", "volume": 0.12}
[2026-09-25 23:01:02.234] [SFX] {"sound": "civ_move_1", "volume": 0.25}
[2026-09-25 23:01:02.297] [SFX] {"sound": "player_move", "volume": 0.4}
[2026-09-25 23:01:02.298] [SFX] {"sound": "civ_move_2", "volume": 0.28}
[2026-09-25 23:01:02.398] [SFX] {"sound": "civ_move_1", "volume": 0.06}
[2026-09-25 23:01:02.511] [SFX] {"sound": "civ_move_1", "volume": 0.17}
[2026-09-25 23:01:02.576] [JACK_REGISTERED_BY_CAMERA] {"camera": [113, 132]}
[2026-09-25 23:01:02.608] [SFX] {"sound": "player_move", "volume": 0.4}
[2026-09-25 23:01:02.641] [SFX] {"sound": "civ_move_1", "volume": 0.17}
[2026-09-25 23:01:02.706] [SFX] {"sound": "civ_move_2", "volume": 0.24}
[2026-09-25 23:01:02.805] [SFX] {"sound": "civ_move_1", "volume": 0.14}
[2026-09-25 23:01:02.917] [SFX] {"sound": "player_move", "volume": 0.4}
[2026-09-25 23:01:02.918] [SFX] {"sound": "civ_move_1", "volume": 0.22}
[2026-09-25 23:01:03.048] [SFX] {"sound": "civ_move_1", "volume": 0.1}
[2026-09-25 23:01:03.117] [SFX] {"sound": "civ_move_2", "volume": 0.17}
[2026-09-25 23:01:03.216] [SFX] {"sound": "civ_move_1", "volume": 0.21}
[2026-09-25 23:01:03.239] [SFX] {"sound": "player_move", "volume": 0.4}
[2026-09-25 23:01:03.350] [SFX] {"sound": "civ_move_1", "volume": 0.26}
[2026-09-25 23:01:03.449] [SFX] {"sound": "civ_move_1", "volume": 0.03}
[2026-09-25 23:01:03.532] [SFX] {"sound": "civ_move_2", "volume": 0.1}
[2026-09-25 23:01:03.554] [SFX] {"sound": "player_move", "volume": 0.4}
[2026-09-25 23:01:03.632] [SFX] {"sound": "civ_move_1", "volume": 0.29}
[2026-09-25 23:01:03.632] [SFX] {"sound": "civ_move_2", "volume": 0.0}
[2026-09-25 23:01:03.749] [SFX] {"sound": "civ_move_1", "volume": 0.19}
[2026-09-25 23:01:03.850] [SFX] {"sound": "player_move", "volume": 0.4}
[2026-09-25 23:01:03.933] [SFX] {"sound": "civ_move_2", "volume": 0.02}
[2026-09-25 23:01:04.031] [SFX] {"sound": "civ_move_1", "volume": 0.26}
[2026-09-25 23:01:04.032] [SFX] {"sound": "civ_move_2", "volume": 0.03}
[2026-09-25 23:01:04.082] [SFX] {"sound": "civ_move_2", "volume": 0.08}
[2026-09-25 23:01:04.165] [SFX] {"sound": "civ_move_1", "volume": 0.15}
[2026-09-25 23:01:04.346] [SFX] {"sound": "civ_move_2", "volume": 0.01}
[2026-09-25 23:01:04.446] [SFX] {"sound": "civ_move_1", "volume": 0.24}
[2026-09-25 23:01:04.447] [SFX] {"sound": "civ_move_2", "volume": 0.04}
[2026-09-25 23:01:04.497] [SFX] {"sound": "civ_move_2", "volume": 0.08}
[2026-09-25 23:01:04.580] [SFX] {"sound": "civ_move_1", "volume": 0.13}
[2026-09-25 23:01:04.712] [M] {"button": 4, "pos": [395, 213], "ui_clicked": false}
[2026-09-25 23:01:04.747] [SFX] {"sound": "civ_move_2", "volume": 0.0}
[2026-09-25 23:01:04.763] [M] {"button": 4, "pos": [395, 213], "ui_clicked": false}
[2026-09-25 23:01:04.849] [SFX] {"sound": "civ_move_1", "volume": 0.23}
[2026-09-25 23:01:04.850] [SFX] {"sound": "civ_move_2", "volume": 0.05}
[2026-09-25 23:01:04.900] [SFX] {"sound": "civ_move_2", "volume": 0.08}
[2026-09-25 23:01:04.984] [SFX] {"sound": "civ_move_1", "volume": 0.12}
[2026-09-25 23:01:05.080] [M] {"button": 4, "pos": [394, 209], "ui_clicked": false}
[2026-09-25 23:01:05.265] [SFX] {"sound": "civ_move_1", "volume": 0.22}
[2026-09-25 23:01:05.266] [SFX] {"sound": "civ_move_2", "volume": 0.06}
[2026-09-25 23:01:05.332] [SFX] {"sound": "civ_move_2", "volume": 0.09}
[2026-09-25 23:01:05.399] [SFX] {"sound": "civ_move_1", "volume": 0.11}
[2026-09-25 23:01:05.669] [SFX] {"sound": "civ_move_1", "volume": 0.21}
[2026-09-25 23:01:05.669] [SFX] {"sound": "civ_move_2", "volume": 0.08}
[2026-09-25 23:01:05.733] [SFX] {"sound": "civ_move_2", "volume": 0.11}
[2026-09-25 23:01:05.800] [SFX] {"sound": "civ_move_1", "volume": 0.1}
[2026-09-25 23:01:06.079] [SFX] {"sound": "civ_move_1", "volume": 0.2}
[2026-09-25 23:01:06.080] [SFX] {"sound": "civ_move_2", "volume": 0.09}
[2026-09-25 23:01:06.146] [SFX] {"sound": "civ_move_2", "volume": 0.12}
[2026-09-25 23:01:06.210] [SFX] {"sound": "civ_move_1", "volume": 0.09}
[2026-09-25 23:01:06.376] [SFX] {"sound": "civ_move_1", "volume": 0.01}
[2026-09-25 23:01:06.492] [SFX] {"sound": "civ_move_1", "volume": 0.18}
[2026-09-25 23:01:06.493] [SFX] {"sound": "civ_move_2", "volume": 0.1}
[2026-09-25 23:01:06.559] [SFX] {"sound": "civ_move_2", "volume": 0.13}
[2026-09-25 23:01:06.610] [SFX] {"sound": "civ_move_1", "volume": 0.07}
[2026-09-25 23:01:06.790] [SFX] {"sound": "civ_move_1", "volume": 0.02}
[2026-09-25 23:01:06.905] [SFX] {"sound": "civ_move_2", "volume": 0.11}
[2026-09-25 23:01:06.971] [SFX] {"sound": "civ_move_2", "volume": 0.14}
[2026-09-25 23:01:07.021] [SFX] {"sound": "civ_move_1", "volume": 0.06}
[2026-09-25 23:01:07.202] [SFX] {"sound": "civ_move_1", "volume": 0.03}
[2026-09-25 23:01:07.316] [SFX] {"sound": "civ_move_2", "volume": 0.12}
[2026-09-25 23:01:07.317] [SFX] {"sound": "civ_move_1", "volume": 0.0}
[2026-09-25 23:01:07.380] [SFX] {"sound": "civ_move_2", "volume": 0.15}
[2026-09-25 23:01:07.432] [SFX] {"sound": "civ_move_1", "volume": 0.05}
[2026-09-25 23:01:07.730] [SFX] {"sound": "civ_move_2", "volume": 0.14}
[2026-09-25 23:01:07.731] [SFX] {"sound": "civ_move_1", "volume": 0.02}
[2026-09-25 23:01:07.780] [SFX] {"sound": "civ_move_2", "volume": 0.17}
[2026-09-25 23:01:07.845] [SFX] {"sound": "civ_move_1", "volume": 0.04}
[2026-09-25 23:01:08.029] [SFX] {"sound": "civ_move_1", "volume": 0.06}
[2026-09-25 23:01:08.130] [SFX] {"sound": "civ_move_2", "volume": 0.15}
[2026-09-25 23:01:08.131] [SFX] {"sound": "civ_move_1", "volume": 0.03}
[2026-09-25 23:01:08.196] [SFX] {"sound": "civ_move_2", "volume": 0.18}
[2026-09-25 23:01:08.245] [SFX] {"sound": "civ_move_1", "volume": 0.02}
[2026-09-25 23:01:08.444] [SFX] {"sound": "civ_move_1", "volume": 0.07}
[2026-09-25 23:01:08.545] [SFX] {"sound": "civ_move_2", "volume": 0.16}
[2026-09-25 23:01:08.546] [SFX] {"sound": "civ_move_1", "volume": 0.04}
[2026-09-25 23:01:08.610] [SFX] {"sound": "civ_move_2", "volume": 0.19}
[2026-09-25 23:01:08.660] [SFX] {"sound": "civ_move_1", "volume": 0.01}
[2026-09-25 23:01:08.856] [SFX] {"sound": "civ_move_1", "volume": 0.08}
[2026-09-25 23:01:08.955] [SFX] {"sound": "civ_move_2", "volume": 0.17}
[2026-09-25 23:01:08.956] [SFX] {"sound": "civ_move_1", "volume": 0.05}
[2026-09-25 23:01:09.023] [SFX] {"sound": "civ_move_2", "volume": 0.2}
[2026-09-25 23:01:09.273] [SFX] {"sound": "civ_move_1", "volume": 0.09}
[2026-09-25 23:01:09.358] [M] {"button": 1, "pos": [417, 143], "ui_clicked": false}
[2026-09-25 23:01:09.366] [SFX] {"sound": "civ_move_2", "volume": 0.18}
[2026-09-25 23:01:09.367] [SFX] {"sound": "civ_move_1", "volume": 0.07}
[2026-09-25 23:01:09.368] [P] {"start": [140, 134], "goal": [146, 130], "length": 2, "is_direction_change": false}
[2026-09-25 23:01:09.369] [SFX] {"sound": "click_target", "volume": 0.82}
[2026-09-25 23:01:09.432] [SFX] {"sound": "civ_move_2", "volume": 0.21}
[2026-09-25 23:01:09.581] [SFX] {"sound": "civ_move_1", "volume": 0.04}
[2026-09-25 23:01:09.604] [SFX] {"sound": "player_move", "volume": 0.4}
[2026-09-25 23:01:09.684] [SFX] {"sound": "civ_move_1", "volume": 0.12}
[2026-09-25 23:01:09.766] [SFX] {"sound": "civ_move_2", "volume": 0.22}
[2026-09-25 23:01:09.767] [SFX] {"sound": "civ_move_1", "volume": 0.1}
[2026-09-25 23:01:09.833] [SFX] {"sound": "civ_move_2", "volume": 0.14}
[2026-09-25 23:01:09.995] [SFX] {"sound": "civ_move_1", "volume": 0.07}
[2026-09-25 23:01:10.094] [SFX] {"sound": "civ_move_1", "volume": 0.15}
[2026-09-25 23:01:10.177] [SFX] {"sound": "civ_move_2", "volume": 0.24}
[2026-09-25 23:01:10.178] [SFX] {"sound": "civ_move_1", "volume": 0.12}
[2026-09-25 23:01:10.244] [SFX] {"sound": "civ_move_2", "volume": 0.15}
[2026-09-25 23:01:10.426] [SFX] {"sound": "civ_move_1", "volume": 0.06}
[2026-09-25 23:01:10.508] [SFX] {"sound": "civ_move_1", "volume": 0.17}
[2026-09-25 23:01:10.588] [SFX] {"sound": "civ_move_2", "volume": 0.26}
[2026-09-25 23:01:10.589] [SFX] {"sound": "civ_move_1", "volume": 0.14}
[2026-09-25 23:01:10.655] [SFX] {"sound": "civ_move_2", "volume": 0.16}
[2026-09-25 23:01:10.838] [SFX] {"sound": "civ_move_1", "volume": 0.05}
[2026-09-25 23:01:10.922] [SFX] {"sound": "civ_move_1", "volume": 0.18}
[2026-09-25 23:01:11.003] [SFX] {"sound": "civ_move_2", "volume": 0.27}
[2026-09-25 23:01:11.004] [SFX] {"sound": "civ_move_1", "volume": 0.15}
[2026-09-25 23:01:11.069] [SFX] {"sound": "civ_move_2", "volume": 0.17}
[2026-09-25 23:01:11.250] [SFX] {"sound": "civ_move_1", "volume": 0.04}
[2026-09-25 23:01:11.331] [SFX] {"sound": "civ_move_1", "volume": 0.19}
[2026-09-25 23:01:11.416] [SFX] {"sound": "civ_move_2", "volume": 0.28}
[2026-09-25 23:01:11.417] [SFX] {"sound": "civ_move_1", "volume": 0.16}
[2026-09-25 23:01:11.483] [SFX] {"sound": "civ_move_2", "volume": 0.18}
[2026-09-25 23:01:11.516] [C] {"civ_pos": [146, 128]}
[2026-09-25 23:01:11.558] [JACK] Subroutine gesichtet. Ob der wertvollen Loot geladen hat?
[2026-09-25 23:01:11.651] [SFX] {"sound": "civ_move_1", "volume": 0.03}
[2026-09-25 23:01:11.733] [SFX] {"sound": "civ_move_1", "volume": 0.2}
[2026-09-25 23:01:11.819] [SFX] {"sound": "civ_move_2", "volume": 0.29}
[2026-09-25 23:01:11.819] [SFX] {"sound": "civ_move_1", "volume": 0.17}
[2026-09-25 23:01:11.885] [SFX] {"sound": "civ_move_2", "volume": 0.19}
[2026-09-25 23:01:12.052] [SFX] {"sound": "civ_move_1", "volume": 0.03}
[2026-09-25 23:01:12.136] [SFX] {"sound": "civ_move_1", "volume": 0.22}
[2026-09-25 23:01:12.219] [SFX] {"sound": "civ_move_2", "volume": 0.24}
[2026-09-25 23:01:12.220] [SFX] {"sound": "civ_move_1", "volume": 0.18}
[2026-09-25 23:01:12.293] [SFX] {"sound": "civ_move_2", "volume": 0.2}
[2026-09-25 23:01:12.459] [SFX] {"sound": "civ_move_1", "volume": 0.03}
[2026-09-25 23:01:12.546] [SFX] {"sound": "civ_move_1", "volume": 0.23}
[2026-09-25 23:01:12.630] [SFX] {"sound": "civ_move_2", "volume": 0.22}
[2026-09-25 23:01:12.631] [SFX] {"sound": "civ_move_1", "volume": 0.2}
[2026-09-25 23:01:12.695] [SFX] {"sound": "civ_move_2", "volume": 0.21}
[2026-09-25 23:01:12.875] [SFX] {"sound": "civ_move_1", "volume": 0.03}
[2026-09-25 23:01:12.956] [SFX] {"sound": "civ_move_1", "volume": 0.24}
[2026-09-25 23:01:13.040] [SFX] {"sound": "civ_move_2", "volume": 0.22}
[2026-09-25 23:01:13.041] [SFX] {"sound": "civ_move_1", "volume": 0.21}
[2026-09-25 23:01:13.106] [SFX] {"sound": "civ_move_2", "volume": 0.21}
[2026-09-25 23:01:13.287] [SFX] {"sound": "civ_move_1", "volume": 0.02}
[2026-09-25 23:01:13.370] [SFX] {"sound": "civ_move_1", "volume": 0.25}
[2026-09-25 23:01:13.453] [SFX] {"sound": "civ_move_2", "volume": 0.21}
[2026-09-25 23:01:13.454] [SFX] {"sound": "civ_move_1", "volume": 0.22}
[2026-09-25 23:01:13.520] [SFX] {"sound": "civ_move_2", "volume": 0.22}
[2026-09-25 23:01:13.700] [SFX] {"sound": "civ_move_1", "volume": 0.02}
[2026-09-25 23:01:13.782] [SFX] {"sound": "civ_move_1", "volume": 0.27}
[2026-09-25 23:01:13.866] [SFX] {"sound": "civ_move_2", "volume": 0.21}
[2026-09-25 23:01:13.867] [SFX] {"sound": "civ_move_1", "volume": 0.23}
[2026-09-25 23:01:13.932] [SFX] {"sound": "civ_move_2", "volume": 0.22}
[2026-09-25 23:01:14.019] [C] {"civ_pos": [146, 132]}
[2026-09-25 23:01:14.109] [SFX] {"sound": "civ_move_1", "volume": 0.02}
[2026-09-25 23:01:14.191] [SFX] {"sound": "civ_move_1", "volume": 0.28}
[2026-09-25 23:01:14.271] [SFX] {"sound": "civ_move_2", "volume": 0.2}
[2026-09-25 23:01:14.271] [SFX] {"sound": "civ_move_1", "volume": 0.25}
[2026-09-25 23:01:14.337] [SFX] {"sound": "civ_move_2", "volume": 0.23}
[2026-09-25 23:01:14.518] [SFX] {"sound": "civ_move_1", "volume": 0.02}
[2026-09-25 23:01:14.600] [SFX] {"sound": "civ_move_1", "volume": 0.29}
[2026-09-25 23:01:14.684] [SFX] {"sound": "civ_move_2", "volume": 0.19}
[2026-09-25 23:01:14.685] [SFX] {"sound": "civ_move_1", "volume": 0.26}
[2026-09-25 23:01:14.764] [SFX] {"sound": "civ_move_2", "volume": 0.3}
[2026-09-25 23:01:14.922] [SFX] {"sound": "civ_move_1", "volume": 0.01}
[2026-09-25 23:01:14.985] [M] {"button": 4, "pos": [357, 144], "ui_clicked": false}
[2026-09-25 23:01:15.002] [SFX] {"sound": "civ_move_1", "volume": 0.24}
[2026-09-25 23:01:15.034] [M] {"button": 4, "pos": [357, 144], "ui_clicked": false}
[2026-09-25 23:01:15.084] [SFX] {"sound": "civ_move_2", "volume": 0.18}
[2026-09-25 23:01:15.085] [SFX] {"sound": "civ_move_1", "volume": 0.27}
[2026-09-25 23:01:15.166] [SFX] {"sound": "civ_move_2", "volume": 0.29}
[2026-09-25 23:01:15.332] [SFX] {"sound": "civ_move_1", "volume": 0.01}
[2026-09-25 23:01:15.417] [SFX] {"sound": "civ_move_1", "volume": 0.23}
[2026-09-25 23:01:15.500] [SFX] {"sound": "civ_move_2", "volume": 0.18}
[2026-09-25 23:01:15.501] [SFX] {"sound": "civ_move_1", "volume": 0.28}
[2026-09-25 23:01:15.568] [SFX] {"sound": "civ_move_2", "volume": 0.27}
[2026-09-25 23:01:15.733] [SFX] {"sound": "civ_move_1", "volume": 0.0}
[2026-09-25 23:01:15.816] [SFX] {"sound": "civ_move_1", "volume": 0.22}
[2026-09-25 23:01:15.901] [SFX] {"sound": "civ_move_2", "volume": 0.17}
[2026-09-25 23:01:15.902] [SFX] {"sound": "civ_move_1", "volume": 0.3}
[2026-09-25 23:01:15.985] [SFX] {"sound": "civ_move_2", "volume": 0.26}
[2026-09-25 23:01:16.233] [SFX] {"sound": "civ_move_1", "volume": 0.21}
[2026-09-25 23:01:16.301] [SFX] {"sound": "civ_move_2", "volume": 0.16}
[2026-09-25 23:01:16.302] [SFX] {"sound": "civ_move_1", "volume": 0.23}
[2026-09-25 23:01:16.401] [SFX] {"sound": "civ_move_2", "volume": 0.25}
[2026-09-25 23:01:16.533] [C] {"civ_pos": [146, 131]}
[2026-09-25 23:01:16.638] [SFX] {"sound": "civ_move_1", "volume": 0.21}
[2026-09-25 23:01:16.704] [SFX] {"sound": "civ_move_2", "volume": 0.15}
[2026-09-25 23:01:16.705] [SFX] {"sound": "civ_move_1", "volume": 0.22}
[2026-09-25 23:01:16.801] [SFX] {"sound": "civ_move_2", "volume": 0.24}
[2026-09-25 23:01:17.051] [SFX] {"sound": "civ_move_1", "volume": 0.2}
[2026-09-25 23:01:17.118] [SFX] {"sound": "civ_move_2", "volume": 0.14}
[2026-09-25 23:01:17.119] [SFX] {"sound": "civ_move_1", "volume": 0.22}
[2026-09-25 23:01:17.203] [SFX] {"sound": "civ_move_2", "volume": 0.22}
[2026-09-25 23:01:17.466] [SFX] {"sound": "civ_move_1", "volume": 0.2}
[2026-09-25 23:01:17.533] [SFX] {"sound": "civ_move_2", "volume": 0.13}
[2026-09-25 23:01:17.534] [SFX] {"sound": "civ_move_1", "volume": 0.21}
[2026-09-25 23:01:17.618] [SFX] {"sound": "civ_move_2", "volume": 0.21}
[2026-09-25 23:01:17.869] [SFX] {"sound": "civ_move_1", "volume": 0.19}
[2026-09-25 23:01:17.936] [SFX] {"sound": "civ_move_2", "volume": 0.12}
[2026-09-25 23:01:17.937] [SFX] {"sound": "civ_move_1", "volume": 0.21}
[2026-09-25 23:01:18.019] [SFX] {"sound": "civ_move_2", "volume": 0.2}
[2026-09-25 23:01:18.282] [SFX] {"sound": "civ_move_1", "volume": 0.18}
[2026-09-25 23:01:18.348] [SFX] {"sound": "civ_move_2", "volume": 0.11}
[2026-09-25 23:01:18.349] [SFX] {"sound": "civ_move_1", "volume": 0.2}
[2026-09-25 23:01:18.431] [SFX] {"sound": "civ_move_2", "volume": 0.19}
[2026-09-25 23:01:18.691] [SFX] {"sound": "civ_move_1", "volume": 0.17}
[2026-09-25 23:01:18.755] [SFX] {"sound": "civ_move_1", "volume": 0.19}
[2026-09-25 23:01:18.840] [SFX] {"sound": "civ_move_2", "volume": 0.18}
[2026-09-25 23:01:19.104] [SFX] {"sound": "civ_move_1", "volume": 0.16}
[2026-09-25 23:01:19.169] [SFX] {"sound": "civ_move_1", "volume": 0.18}
[2026-09-25 23:01:19.254] [SFX] {"sound": "civ_move_2", "volume": 0.16}
[2026-09-25 23:01:19.420] [SFX] {"sound": "civ_move_1", "volume": 0.1}
[2026-09-25 23:01:19.521] [SFX] {"sound": "civ_move_1", "volume": 0.15}
[2026-09-25 23:01:19.570] [SFX] {"sound": "civ_move_1", "volume": 0.17}
[2026-09-25 23:01:19.669] [M] {"button": 5, "pos": [363, 104], "ui_clicked": false}
[2026-09-25 23:01:19.676] [SFX] {"sound": "civ_move_2", "volume": 0.15}
[2026-09-25 23:01:19.705] [M] {"button": 5, "pos": [363, 104], "ui_clicked": false}
[2026-09-25 23:01:19.821] [SFX] {"sound": "civ_move_1", "volume": 0.1}
[2026-09-25 23:01:19.937] [SFX] {"sound": "civ_move_1", "volume": 0.14}
[2026-09-25 23:01:19.971] [SFX] {"sound": "civ_move_1", "volume": 0.17}
[2026-09-25 23:01:20.070] [SFX] {"sound": "civ_move_2", "volume": 0.14}
[2026-09-25 23:01:20.252] [SFX] {"sound": "civ_move_1", "volume": 0.11}
[2026-09-25 23:01:20.351] [SFX] {"sound": "civ_move_1", "volume": 0.13}
[2026-09-25 23:01:20.384] [SFX] {"sound": "civ_move_1", "volume": 0.16}
[2026-09-25 23:01:20.483] [SFX] {"sound": "civ_move_2", "volume": 0.13}
[2026-09-25 23:01:20.565] [M] {"button": 1, "pos": [339, 61], "ui_clicked": false}
[2026-09-25 23:01:20.572] [P] {"start": [146, 130], "goal": [146, 122], "length": 1, "is_direction_change": false}
[2026-09-25 23:01:20.573] [SFX] {"sound": "click_target", "volume": 0.8}
[2026-09-25 23:01:20.611] [JACK] Vorsichtig vorantasten...
[2026-09-25 23:01:20.627] [SFX] {"sound": "player_move", "volume": 0.4}
[2026-09-25 23:01:20.656] [SFX] {"sound": "civ_move_1", "volume": 0.12}
[2026-09-25 23:01:20.754] [SFX] {"sound": "civ_move_1", "volume": 0.11}
[2026-09-25 23:01:20.788] [SFX] {"sound": "civ_move_1", "volume": 0.14}
[2026-09-25 23:01:20.887] [SFX] {"sound": "civ_move_2", "volume": 0.16}
[2026-09-25 23:01:20.940] [SFX] {"sound": "player_move", "volume": 0.4}
[2026-09-25 23:01:21.056] [SFX] {"sound": "civ_move_1", "volume": 0.11}
[2026-09-25 23:01:21.155] [SFX] {"sound": "civ_move_1", "volume": 0.09}
[2026-09-25 23:01:21.191] [SFX] {"sound": "civ_move_1", "volume": 0.12}
[2026-09-25 23:01:21.291] [SFX] {"sound": "civ_move_2", "volume": 0.16}
[2026-09-25 23:01:21.456] [SFX] {"sound": "civ_move_1", "volume": 0.12}
[2026-09-25 23:01:21.571] [SFX] {"sound": "civ_move_1", "volume": 0.09}
[2026-09-25 23:01:21.604] [SFX] {"sound": "civ_move_1", "volume": 0.11}
[2026-09-25 23:01:21.704] [SFX] {"sound": "civ_move_2", "volume": 0.15}
[2026-09-25 23:01:21.868] [SFX] {"sound": "civ_move_1", "volume": 0.13}
[2026-09-25 23:01:21.970] [SFX] {"sound": "civ_move_1", "volume": 0.08}
[2026-09-25 23:01:22.019] [SFX] {"sound": "civ_move_1", "volume": 0.1}
[2026-09-25 23:01:22.119] [SFX] {"sound": "civ_move_2", "volume": 0.14}
[2026-09-25 23:01:22.270] [SFX] {"sound": "civ_move_1", "volume": 0.13}
[2026-09-25 23:01:22.387] [SFX] {"sound": "civ_move_1", "volume": 0.07}
[2026-09-25 23:01:22.421] [SFX] {"sound": "civ_move_1", "volume": 0.09}
[2026-09-25 23:01:22.522] [SFX] {"sound": "civ_move_2", "volume": 0.13}
[2026-09-25 23:01:22.673] [SFX] {"sound": "civ_move_1", "volume": 0.14}
[2026-09-25 23:01:22.790] [SFX] {"sound": "civ_move_1", "volume": 0.06}
[2026-09-25 23:01:22.824] [SFX] {"sound": "civ_move_1", "volume": 0.08}
[2026-09-25 23:01:22.923] [SFX] {"sound": "civ_move_2", "volume": 0.11}
[2026-09-25 23:01:23.087] [SFX] {"sound": "civ_move_1", "volume": 0.15}
[2026-09-25 23:01:23.203] [SFX] {"sound": "civ_move_1", "volume": 0.05}
[2026-09-25 23:01:23.236] [SFX] {"sound": "civ_move_1", "volume": 0.07}
[2026-09-25 23:01:23.336] [SFX] {"sound": "civ_move_2", "volume": 0.1}
[2026-09-25 23:01:23.502] [SFX] {"sound": "civ_move_1", "volume": 0.15}
[2026-09-25 23:01:23.619] [SFX] {"sound": "civ_move_1", "volume": 0.04}
[2026-09-25 23:01:23.651] [SFX] {"sound": "civ_move_1", "volume": 0.07}
[2026-09-25 23:01:23.748] [SFX] {"sound": "civ_move_2", "volume": 0.09}
[2026-09-25 23:01:23.911] [SFX] {"sound": "civ_move_1", "volume": 0.16}
[2026-09-25 23:01:24.028] [SFX] {"sound": "civ_move_1", "volume": 0.03}
[2026-09-25 23:01:24.063] [SFX] {"sound": "civ_move_1", "volume": 0.06}
[2026-09-25 23:01:24.163] [SFX] {"sound": "civ_move_2", "volume": 0.09}
[2026-09-25 23:01:24.313] [SFX] {"sound": "civ_move_1", "volume": 0.16}
[2026-09-25 23:01:24.443] [SFX] {"sound": "civ_move_1", "volume": 0.02}
[2026-09-25 23:01:24.477] [SFX] {"sound": "civ_move_1", "volume": 0.05}
[2026-09-25 23:01:24.577] [SFX] {"sound": "civ_move_2", "volume": 0.09}
[2026-09-25 23:01:24.722] [SFX] {"sound": "civ_move_1", "volume": 0.17}
[2026-09-25 23:01:24.886] [SFX] {"sound": "civ_move_1", "volume": 0.04}
[2026-09-25 23:01:24.984] [SFX] {"sound": "civ_move_2", "volume": 0.09}
[2026-09-25 23:01:25.132] [SFX] {"sound": "civ_move_1", "volume": 0.17}
[2026-09-25 23:01:25.299] [SFX] {"sound": "civ_move_1", "volume": 0.03}
[2026-09-25 23:01:25.401] [SFX] {"sound": "civ_move_2", "volume": 0.08}
[2026-09-25 23:01:25.485] [SFX] {"sound": "civ_move_1", "volume": 0.08}
[2026-09-25 23:01:25.534] [SFX] {"sound": "civ_move_1", "volume": 0.17}
[2026-09-25 23:01:25.700] [SFX] {"sound": "civ_move_1", "volume": 0.02}
[2026-09-25 23:01:25.702] [SFX] {"sound": "civ_move_1", "volume": 0.01}
[2026-09-25 23:01:25.815] [SFX] {"sound": "civ_move_2", "volume": 0.08}
[2026-09-25 23:01:25.899] [SFX] {"sound": "civ_move_1", "volume": 0.09}
[2026-09-25 23:01:25.949] [SFX] {"sound": "civ_move_1", "volume": 0.18}
[2026-09-25 23:01:26.116] [SFX] {"sound": "civ_move_1", "volume": 0.02}
[2026-09-25 23:01:26.148] [M] {"button": 1, "pos": [330, 29], "ui_clicked": false}
[2026-09-25 23:01:26.155] [P] {"start": [146, 122], "goal": [146, 112], "length": 1, "is_direction_change": false}
[2026-09-25 23:01:26.155] [SFX] {"sound": "click_target", "volume": 0.76}
[2026-09-25 23:01:26.216] [SFX] {"sound": "civ_move_2", "volume": 0.09}
[2026-09-25 23:01:26.317] [SFX] {"sound": "civ_move_1", "volume": 0.08}
[2026-09-25 23:01:26.350] [SFX] {"sound": "civ_move_1", "volume": 0.16}
[2026-09-25 23:01:26.432] [SFX] {"sound": "player_move", "volume": 0.4}
[2026-09-25 23:01:26.530] [SFX] {"sound": "civ_move_1", "volume": 0.01}
[2026-09-25 23:01:26.629] [SFX] {"sound": "civ_move_2", "volume": 0.14}
[2026-09-25 23:01:26.731] [SFX] {"sound": "civ_move_1", "volume": 0.06}
[2026-09-25 23:01:26.764] [SFX] {"sound": "civ_move_1", "volume": 0.14}
[2026-09-25 23:01:26.814] [M] {"button": 1, "pos": [330, 51], "ui_clicked": false}
[2026-09-25 23:01:26.822] [P] {"start": [146, 112], "goal": [146, 104], "length": 1, "is_direction_change": false}
[2026-09-25 23:01:26.822] [SFX] {"sound": "click_target", "volume": 0.81}
[2026-09-25 23:01:26.848] [JACK] Kurzer Blick um die Ecke...
[2026-09-25 23:01:26.909] [SFX] {"sound": "player_move", "volume": 0.4}
[2026-09-25 23:01:27.042] [SFX] {"sound": "civ_move_2", "volume": 0.16}
[2026-09-25 23:01:27.141] [SFX] {"sound": "civ_move_1", "volume": 0.04}
[2026-09-25 23:01:27.175] [SFX] {"sound": "civ_move_1", "volume": 0.1}
[2026-09-25 23:01:27.210] [SFX] {"sound": "player_move", "volume": 0.4}
[2026-09-25 23:01:27.442] [SFX] {"sound": "civ_move_2", "volume": 0.17}
[2026-09-25 23:01:27.544] [SFX] {"sound": "civ_move_1", "volume": 0.03}
[2026-09-25 23:01:27.577] [SFX] {"sound": "civ_move_1", "volume": 0.11}
[2026-09-25 23:01:27.847] [SFX] {"sound": "civ_move_2", "volume": 0.16}
[2026-09-25 23:01:27.948] [SFX] {"sound": "civ_move_1", "volume": 0.04}
[2026-09-25 23:01:27.982] [SFX] {"sound": "civ_move_1", "volume": 0.12}
[2026-09-25 23:01:28.248] [SFX] {"sound": "civ_move_2", "volume": 0.15}
[2026-09-25 23:01:28.349] [SFX] {"sound": "civ_move_1", "volume": 0.04}
[2026-09-25 23:01:28.382] [SFX] {"sound": "civ_move_1", "volume": 0.13}
[2026-09-25 23:01:28.533] [M] {"button": 1, "pos": [180, 145], "ui_clicked": false}
[2026-09-25 23:01:28.541] [P] {"start": [146, 104], "goal": [133, 104], "length": 6, "is_direction_change": false}
[2026-09-25 23:01:28.542] [SFX] {"sound": "click_target", "volume": 0.56}
[2026-09-25 23:01:28.592] [SFX] {"sound": "civ_move_1", "volume": 0.0}
[2026-09-25 23:01:28.653] [SFX] {"sound": "civ_move_2", "volume": 0.15}
[2026-09-25 23:01:28.751] [SFX] {"sound": "civ_move_1", "volume": 0.02}
[2026-09-25 23:01:28.775] [SFX] {"sound": "civ_move_1", "volume": 0.03}
[2026-09-25 23:01:28.792] [SFX] {"sound": "civ_move_1", "volume": 0.11}
[2026-09-25 23:01:28.835] [SFX] {"sound": "player_move", "volume": 0.4}
[2026-09-25 23:01:29.064] [SFX] {"sound": "civ_move_2", "volume": 0.17}
[2026-09-25 23:01:29.147] [SFX] {"sound": "player_move", "volume": 0.4}
[2026-09-25 23:01:29.179] [SFX] {"sound": "civ_move_1", "volume": 0.07}
[2026-09-25 23:01:29.202] [SFX] {"sound": "civ_move_1", "volume": 0.09}
[2026-09-25 23:01:29.458] [SFX] {"sound": "player_move", "volume": 0.4}
[2026-09-25 23:01:29.481] [SFX] {"sound": "civ_move_2", "volume": 0.22}
[2026-09-25 23:01:29.592] [SFX] {"sound": "civ_move_1", "volume": 0.04}
[2026-09-25 23:01:29.614] [SFX] {"sound": "civ_move_1", "volume": 0.08}
[2026-09-25 23:01:29.759] [SFX] {"sound": "player_move", "volume": 0.4}
[2026-09-25 23:01:29.793] [SFX] {"sound": "civ_move_1", "volume": 0.0}
[2026-09-25 23:01:29.877] [SFX] {"sound": "civ_move_2", "volume": 0.23}
[2026-09-25 23:01:29.976] [SFX] {"sound": "civ_move_1", "volume": 0.01}
[2026-09-25 23:01:30.001] [SFX] {"sound": "civ_move_1", "volume": 0.02}
[2026-09-25 23:01:30.018] [SFX] {"sound": "civ_move_1", "volume": 0.1}
[2026-09-25 23:01:30.062] [SFX] {"sound": "player_move", "volume": 0.4}
[2026-09-25 23:01:30.195] [SFX] {"sound": "civ_move_1", "volume": 0.03}
[2026-09-25 23:01:30.277] [SFX] {"sound": "civ_move_2", "volume": 0.17}
[2026-09-25 23:01:30.375] [SFX] {"sound": "player_move", "volume": 0.4}
[2026-09-25 23:01:30.396] [SFX] {"sound": "civ_move_1", "volume": 0.06}
[2026-09-25 23:01:30.425] [SFX] {"sound": "civ_move_1", "volume": 0.14}
[2026-09-25 23:01:30.608] [SFX] {"sound": "civ_move_1", "volume": 0.06}
[2026-09-25 23:01:30.679] [SFX] {"sound": "civ_move_2", "volume": 0.15}
[2026-09-25 23:01:30.797] [SFX] {"sound": "civ_move_1", "volume": 0.05}
[2026-09-25 23:01:30.829] [SFX] {"sound": "civ_move_1", "volume": 0.15}
[2026-09-25 23:01:31.011] [SFX] {"sound": "civ_move_1", "volume": 0.06}
[2026-09-25 23:01:31.095] [SFX] {"sound": "civ_move_2", "volume": 0.13}
[2026-09-25 23:01:31.196] [SFX] {"sound": "civ_move_1", "volume": 0.05}
[2026-09-25 23:01:31.230] [SFX] {"sound": "civ_move_1", "volume": 0.15}
[2026-09-25 23:01:31.412] [SFX] {"sound": "civ_move_1", "volume": 0.06}
[2026-09-25 23:01:31.511] [SFX] {"sound": "civ_move_2", "volume": 0.12}
[2026-09-25 23:01:31.611] [SFX] {"sound": "civ_move_1", "volume": 0.05}
[2026-09-25 23:01:31.645] [SFX] {"sound": "civ_move_1", "volume": 0.16}
[2026-09-25 23:01:31.727] [M] {"button": 5, "pos": [239, 224], "ui_clicked": false}
[2026-09-25 23:01:31.813] [SFX] {"sound": "civ_move_1", "volume": 0.06}
[2026-09-25 23:01:31.912] [SFX] {"sound": "civ_move_2", "volume": 0.11}
[2026-09-25 23:01:32.013] [SFX] {"sound": "civ_move_1", "volume": 0.05}
[2026-09-25 23:01:32.048] [SFX] {"sound": "civ_move_1", "volume": 0.16}
[2026-09-25 23:01:32.213] [SFX] {"sound": "civ_move_1", "volume": 0.06}
[2026-09-25 23:01:32.313] [SFX] {"sound": "civ_move_2", "volume": 0.1}
[2026-09-25 23:01:32.427] [SFX] {"sound": "civ_move_1", "volume": 0.06}
[2026-09-25 23:01:32.461] [SFX] {"sound": "civ_move_1", "volume": 0.16}
[2026-09-25 23:01:32.626] [SFX] {"sound": "civ_move_1", "volume": 0.06}
[2026-09-25 23:01:32.724] [SFX] {"sound": "civ_move_2", "volume": 0.09}
[2026-09-25 23:01:32.838] [SFX] {"sound": "civ_move_1", "volume": 0.07}
[2026-09-25 23:01:32.871] [SFX] {"sound": "civ_move_1", "volume": 0.16}
[2026-09-25 23:01:33.036] [SFX] {"sound": "civ_move_1", "volume": 0.06}
[2026-09-25 23:01:33.136] [SFX] {"sound": "civ_move_2", "volume": 0.07}
[2026-09-25 23:01:33.250] [SFX] {"sound": "civ_move_1", "volume": 0.08}
[2026-09-25 23:01:33.283] [SFX] {"sound": "civ_move_1", "volume": 0.2}
[2026-09-25 23:01:33.446] [SFX] {"sound": "civ_move_1", "volume": 0.06}
[2026-09-25 23:01:33.549] [SFX] {"sound": "civ_move_2", "volume": 0.06}
[2026-09-25 23:01:33.665] [SFX] {"sound": "civ_move_1", "volume": 0.09}
[2026-09-25 23:01:33.686] [SFX] {"sound": "civ_move_2", "volume": 0.0}
[2026-09-25 23:01:33.704] [SFX] {"sound": "civ_move_1", "volume": 0.2}
[2026-09-25 23:01:33.846] [SFX] {"sound": "civ_move_1", "volume": 0.05}
[2026-09-25 23:01:33.963] [SFX] {"sound": "civ_move_2", "volume": 0.05}
[2026-09-25 23:01:34.079] [SFX] {"sound": "civ_move_1", "volume": 0.09}
[2026-09-25 23:01:34.101] [SFX] {"sound": "civ_move_2", "volume": 0.01}
[2026-09-25 23:01:34.250] [SFX] {"sound": "civ_move_1", "volume": 0.05}
[2026-09-25 23:01:34.365] [SFX] {"sound": "civ_move_2", "volume": 0.04}
[2026-09-25 23:01:34.483] [SFX] {"sound": "civ_move_1", "volume": 0.1}
[2026-09-25 23:01:34.506] [SFX] {"sound": "civ_move_2", "volume": 0.01}
[2026-09-25 23:01:34.653] [SFX] {"sound": "civ_move_1", "volume": 0.05}
[2026-09-25 23:01:34.654] [SFX] {"sound": "civ_move_2", "volume": 0.04}
[2026-09-25 23:01:34.769] [SFX] {"sound": "civ_move_2", "volume": 0.03}
[2026-09-25 23:01:34.886] [SFX] {"sound": "civ_move_1", "volume": 0.11}
[2026-09-25 23:01:34.909] [SFX] {"sound": "civ_move_2", "volume": 0.02}
[2026-09-25 23:01:35.053] [SFX] {"sound": "civ_move_1", "volume": 0.05}
[2026-09-25 23:01:35.053] [SFX] {"sound": "civ_move_2", "volume": 0.05}
[2026-09-25 23:01:35.169] [SFX] {"sound": "civ_move_2", "volume": 0.01}
[2026-09-25 23:01:35.303] [SFX] {"sound": "civ_move_2", "volume": 0.03}
[2026-09-25 23:01:35.304] [SFX] {"sound": "civ_move_1", "volume": 0.12}
[2026-09-25 23:01:35.469] [SFX] {"sound": "civ_move_1", "volume": 0.06}
[2026-09-25 23:01:35.490] [SFX] {"sound": "civ_move_2", "volume": 0.05}
[2026-09-25 23:01:35.584] [SFX] {"sound": "civ_move_2", "volume": 0.0}
[2026-09-25 23:01:35.717] [SFX] {"sound": "civ_move_2", "volume": 0.03}
[2026-09-25 23:01:35.718] [SFX] {"sound": "civ_move_1", "volume": 0.13}
[2026-09-25 23:01:35.882] [SFX] {"sound": "civ_move_1", "volume": 0.06}
[2026-09-25 23:01:35.904] [SFX] {"sound": "civ_move_2", "volume": 0.05}
[2026-09-25 23:01:36.119] [SFX] {"sound": "civ_move_2", "volume": 0.04}
[2026-09-25 23:01:36.120] [SFX] {"sound": "civ_move_1", "volume": 0.13}
[2026-09-25 23:01:36.284] [SFX] {"sound": "civ_move_1", "volume": 0.07}
[2026-09-25 23:01:36.310] [SFX] {"sound": "civ_move_2", "volume": 0.04}
[2026-09-25 23:01:36.524] [SFX] {"sound": "civ_move_1", "volume": 0.14}
[2026-09-25 23:01:36.690] [SFX] {"sound": "civ_move_1", "volume": 0.08}
[2026-09-25 23:01:36.713] [SFX] {"sound": "civ_move_2", "volume": 0.04}
[2026-09-25 23:01:36.923] [SFX] {"sound": "civ_move_1", "volume": 0.14}
[2026-09-25 23:01:37.103] [SFX] {"sound": "civ_move_1", "volume": 0.09}
[2026-09-25 23:01:37.126] [SFX] {"sound": "civ_move_2", "volume": 0.04}
[2026-09-25 23:01:37.338] [SFX] {"sound": "civ_move_2", "volume": 0.05}
[2026-09-25 23:01:37.339] [SFX] {"sound": "civ_move_1", "volume": 0.15}
[2026-09-25 23:01:37.506] [SFX] {"sound": "civ_move_1", "volume": 0.1}
[2026-09-25 23:01:37.527] [SFX] {"sound": "civ_move_2", "volume": 0.03}
[2026-09-25 23:01:37.738] [SFX] {"sound": "civ_move_2", "volume": 0.05}
[2026-09-25 23:01:37.738] [SFX] {"sound": "civ_move_1", "volume": 0.15}
[2026-09-25 23:01:37.922] [SFX] {"sound": "civ_move_1", "volume": 0.11}
[2026-09-25 23:01:37.922] [SFX] {"sound": "civ_move_2", "volume": 0.03}
[2026-09-25 23:01:38.152] [SFX] {"sound": "civ_move_1", "volume": 0.16}
[2026-09-25 23:01:38.321] [SFX] {"sound": "civ_move_1", "volume": 0.11}
[2026-09-25 23:01:38.322] [SFX] {"sound": "civ_move_2", "volume": 0.02}
[2026-09-25 23:01:38.552] [SFX] {"sound": "civ_move_1", "volume": 0.16}
[2026-09-25 23:01:38.687] [M] {"button": 1, "pos": [425, 200], "ui_clicked": false}
[2026-09-25 23:01:38.694] [P] {"start": [133, 104], "goal": [146, 104], "length": 6, "is_direction_change": false}
[2026-09-25 23:01:38.694] [SFX] {"sound": "click_target", "volume": 0.52}
[2026-09-25 23:01:38.741] [SFX] {"sound": "civ_move_1", "volume": 0.13}
[2026-09-25 23:01:38.742] [SFX] {"sound": "civ_move_2", "volume": 0.01}
[2026-09-25 23:01:38.923] [SFX] {"sound": "player_move", "volume": 0.4}
[2026-09-25 23:01:38.956] [SFX] {"sound": "civ_move_1", "volume": 0.16}
[2026-09-25 23:01:39.156] [SFX] {"sound": "civ_move_1", "volume": 0.09}
[2026-09-25 23:01:39.238] [SFX] {"sound": "player_move", "volume": 0.4}
[2026-09-25 23:01:39.260] [SFX] {"sound": "civ_move_2", "volume": 0.05}
[2026-09-25 23:01:39.356] [SFX] {"sound": "civ_move_1", "volume": 0.14}
[2026-09-25 23:01:39.553] [SFX] {"sound": "player_move", "volume": 0.4}
[2026-09-25 23:01:39.577] [SFX] {"sound": "civ_move_1", "volume": 0.1}
[2026-09-25 23:01:39.670] [SFX] {"sound": "civ_move_2", "volume": 0.07}
[2026-09-25 23:01:39.769] [SFX] {"sound": "civ_move_1", "volume": 0.18}
[2026-09-25 23:01:39.865] [SFX] {"sound": "player_move", "volume": 0.4}
[2026-09-25 23:01:39.984] [SFX] {"sound": "civ_move_1", "volume": 0.12}
[2026-09-25 23:01:40.084] [SFX] {"sound": "civ_move_2", "volume": 0.07}
[2026-09-25 23:01:40.175] [SFX] {"sound": "player_move", "volume": 0.4}
[2026-09-25 23:01:40.176] [SFX] {"sound": "civ_move_1", "volume": 0.21}
[2026-09-25 23:01:40.259] [C] {"civ_pos": [146, 99]}
[2026-09-25 23:01:40.389] [SFX] {"sound": "civ_move_1", "volume": 0.17}
[2026-09-25 23:01:40.489] [SFX] {"sound": "player_move", "volume": 0.4}
[2026-09-25 23:01:40.490] [SFX] {"sound": "civ_move_2", "volume": 0.01}
[2026-09-25 23:01:40.755] [M] {"button": 4, "pos": [389, 233], "ui_clicked": false}
[2026-09-25 23:01:40.803] [SFX] {"sound": "civ_move_1", "volume": 0.2}
[2026-09-25 23:01:40.836] [M] {"button": 4, "pos": [389, 233], "ui_clicked": false}
[2026-09-25 23:01:41.085] [SFX] {"sound": "civ_move_2", "volume": 0.01}
[2026-09-25 23:01:41.218] [SFX] {"sound": "civ_move_1", "volume": 0.21}
[2026-09-25 23:01:41.498] [SFX] {"sound": "civ_move_2", "volume": 0.01}
[2026-09-25 23:01:41.627] [SFX] {"sound": "civ_move_1", "volume": 0.22}
[2026-09-25 23:01:41.908] [SFX] {"sound": "civ_move_2", "volume": 0.01}
[2026-09-25 23:01:42.038] [SFX] {"sound": "civ_move_1", "volume": 0.23}
[2026-09-25 23:01:42.333] [SFX] {"sound": "civ_move_2", "volume": 0.02}
[2026-09-25 23:01:42.449] [SFX] {"sound": "civ_move_1", "volume": 0.3}
[2026-09-25 23:01:42.744] [SFX] {"sound": "civ_move_2", "volume": 0.03}
[2026-09-25 23:01:42.767] [C] {"civ_pos": [146, 102]}
[2026-09-25 23:01:42.864] [SFX] {"sound": "civ_move_1", "volume": 0.29}
[2026-09-25 23:01:43.159] [SFX] {"sound": "civ_move_2", "volume": 0.03}
[2026-09-25 23:01:43.276] [SFX] {"sound": "civ_move_1", "volume": 0.27}
[2026-09-25 23:01:43.559] [SFX] {"sound": "civ_move_2", "volume": 0.04}
[2026-09-25 23:01:44.800] [SFX] {"sound": "civ_move_2", "volume": 0.05}
[2026-09-25 23:01:46.037] [SFX] {"sound": "civ_move_2", "volume": 0.06}
[2026-09-25 23:01:46.486] [M] {"button": 5, "pos": [389, 231], "ui_clicked": false}
[2026-09-25 23:01:46.851] [SFX] {"sound": "civ_move_2", "volume": 0.06}
[2026-09-25 23:01:47.839] [SFX] {"sound": "civ_move_1", "volume": 0.0}
[2026-09-25 23:01:47.908] [M] {"button": 1, "pos": [328, 307], "ui_clicked": false}
[2026-09-25 23:01:47.916] [P] {"start": [146, 104], "goal": [146, 111], "length": 1, "is_direction_change": false}
[2026-09-25 23:01:47.917] [SFX] {"sound": "click_target", "volume": 0.65}
[2026-09-25 23:01:48.077] [SFX] {"sound": "civ_move_2", "volume": 0.09}
[2026-09-25 23:01:48.128] [SFX] {"sound": "player_move", "volume": 0.4}
[2026-09-25 23:01:48.243] [SFX] {"sound": "civ_move_1", "volume": 0.04}
[2026-09-25 23:01:48.490] [SFX] {"sound": "civ_move_2", "volume": 0.13}
[2026-09-25 23:01:48.605] [M] {"button": 1, "pos": [328, 307], "ui_clicked": false}
[2026-09-25 23:01:48.613] [P] {"start": [146, 111], "goal": [146, 118], "length": 1, "is_direction_change": false}
[2026-09-25 23:01:48.614] [SFX] {"sound": "click_target", "volume": 0.66}
[2026-09-25 23:01:48.803] [SFX] {"sound": "player_move", "volume": 0.4}
[2026-09-25 23:01:48.903] [SFX] {"sound": "civ_move_2", "volume": 0.17}
[2026-09-25 23:01:48.953] [SFX] {"sound": "civ_move_1", "volume": 0.02}
[2026-09-25 23:01:49.119] [M] {"button": 1, "pos": [328, 307], "ui_clicked": false}
[2026-09-25 23:01:49.127] [P] {"start": [146, 118], "goal": [146, 125], "length": 1, "is_direction_change": false}
[2026-09-25 23:01:49.128] [SFX] {"sound": "click_target", "volume": 0.66}
[2026-09-25 23:01:49.276] [SFX] {"sound": "player_move", "volume": 0.4}
[2026-09-25 23:01:49.308] [SFX] {"sound": "civ_move_2", "volume": 0.21}
[2026-09-25 23:01:49.341] [SFX] {"sound": "civ_move_2", "volume": 0.02}
[2026-09-25 23:01:49.363] [SFX] {"sound": "civ_move_1", "volume": 0.04}
[2026-09-25 23:01:49.442] [C] {"civ_pos": [146, 126]}
[2026-09-25 23:01:49.504] [M] {"button": 1, "pos": [328, 307], "ui_clicked": false}
[2026-09-25 23:01:49.511] [SFX] {"sound": "civ_move_2", "volume": 0.03}
[2026-09-25 23:01:49.512] [P] {"start": [146, 125], "goal": [146, 132], "length": 1, "is_direction_change": false}
[2026-09-25 23:01:49.513] [SFX] {"sound": "click_target", "volume": 0.66}
[2026-09-25 23:01:49.635] [SFX] {"sound": "player_move", "volume": 0.4}
[2026-09-25 23:01:49.717] [SFX] {"sound": "civ_move_2", "volume": 0.27}
[2026-09-25 23:01:49.749] [SFX] {"sound": "civ_move_2", "volume": 0.03}
[2026-09-25 23:01:49.770] [SFX] {"sound": "civ_move_1", "volume": 0.06}
[2026-09-25 23:01:49.913] [SFX] {"sound": "civ_move_2", "volume": 0.04}
[2026-09-25 23:01:50.126] [SFX] {"sound": "civ_move_2", "volume": 0.24}
[2026-09-25 23:01:50.159] [SFX] {"sound": "civ_move_2", "volume": 0.03}
[2026-09-25 23:01:50.183] [SFX] {"sound": "civ_move_1", "volume": 0.07}
[2026-09-25 23:01:50.328] [SFX] {"sound": "civ_move_2", "volume": 0.03}
[2026-09-25 23:01:50.528] [SFX] {"sound": "civ_move_2", "volume": 0.22}
[2026-09-25 23:01:50.578] [SFX] {"sound": "civ_move_1", "volume": 0.08}
[2026-09-25 23:01:50.601] [SFX] {"sound": "civ_move_2", "volume": 0.04}
[2026-09-25 23:01:50.942] [SFX] {"sound": "civ_move_2", "volume": 0.21}
[2026-09-25 23:01:50.993] [M] {"button": 1, "pos": [334, 272], "ui_clicked": false}
[2026-09-25 23:01:51.001] [SFX] {"sound": "civ_move_1", "volume": 0.09}
[2026-09-25 23:01:51.018] [SFX] {"sound": "civ_move_2", "volume": 0.05}
[2026-09-25 23:01:51.357] [SFX] {"sound": "civ_move_2", "volume": 0.2}
[2026-09-25 23:01:51.406] [SFX] {"sound": "civ_move_1", "volume": 0.1}
[2026-09-25 23:01:51.429] [SFX] {"sound": "civ_move_2", "volume": 0.06}
[2026-09-25 23:01:51.756] [SFX] {"sound": "civ_move_2", "volume": 0.19}
[2026-09-25 23:01:51.837] [SFX] {"sound": "civ_move_2", "volume": 0.07}
[2026-09-25 23:01:52.169] [SFX] {"sound": "civ_move_2", "volume": 0.18}
[2026-09-25 23:01:52.252] [SFX] {"sound": "civ_move_2", "volume": 0.08}
[2026-09-25 23:01:52.498] [SFX] {"sound": "civ_move_2", "volume": 0.0}
[2026-09-25 23:01:52.581] [SFX] {"sound": "civ_move_2", "volume": 0.16}
[2026-09-25 23:01:52.663] [SFX] {"sound": "civ_move_2", "volume": 0.09}
[2026-09-25 23:01:52.910] [SFX] {"sound": "civ_move_2", "volume": 0.01}
[2026-09-25 23:01:52.991] [M] {"button": 1, "pos": [333, 264], "ui_clicked": false}
[2026-09-25 23:01:53.000] [SFX] {"sound": "civ_move_2", "volume": 0.15}
[2026-09-25 23:01:53.063] [SFX] {"sound": "civ_move_2", "volume": 0.1}
[2026-09-25 23:01:53.312] [SFX] {"sound": "civ_move_2", "volume": 0.02}
[2026-09-25 23:01:53.394] [SFX] {"sound": "civ_move_2", "volume": 0.14}
[2026-09-25 23:01:53.626] [SFX] {"sound": "civ_move_2", "volume": 0.11}
[2026-09-25 23:01:53.726] [SFX] {"sound": "civ_move_2", "volume": 0.03}
[2026-09-25 23:01:53.806] [SFX] {"sound": "civ_move_2", "volume": 0.13}
[2026-09-25 23:01:54.133] [SFX] {"sound": "civ_move_2", "volume": 0.04}
[2026-09-25 23:01:54.150] [M] {"button": 1, "pos": [419, 252], "ui_clicked": false}
[2026-09-25 23:01:54.158] [P] {"start": [146, 132], "goal": [154, 134], "length": 6, "is_direction_change": false}
[2026-09-25 23:01:54.159] [SFX] {"sound": "click_target", "volume": 0.62}
[2026-09-25 23:01:54.208] [SFX] {"sound": "civ_move_2", "volume": 0.11}
[2026-09-25 23:01:54.243] [SFX] {"sound": "player_move", "volume": 0.4}
[2026-09-25 23:01:54.265] [SFX] {"sound": "civ_move_2", "volume": 0.04}
[2026-09-25 23:01:54.541] [SFX] {"sound": "civ_move_2", "volume": 0.05}
[2026-09-25 23:01:54.563] [SFX] {"sound": "player_move", "volume": 0.4}
[2026-09-25 23:01:54.608] [SFX] {"sound": "civ_move_2", "volume": 0.06}
[2026-09-25 23:01:54.675] [SFX] {"sound": "civ_move_2", "volume": 0.02}
[2026-09-25 23:01:54.873] [SFX] {"sound": "player_move", "volume": 0.4}
[2026-09-25 23:01:54.955] [SFX] {"sound": "civ_move_2", "volume": 0.04}
[2026-09-25 23:01:55.020] [SFX] {"sound": "civ_move_2", "volume": 0.09}
[2026-09-25 23:01:55.103] [SFX] {"sound": "civ_move_2", "volume": 0.0}
[2026-09-25 23:01:55.188] [SFX] {"sound": "player_move", "volume": 0.4}
[2026-09-25 23:01:55.356] [SFX] {"sound": "civ_move_2", "volume": 0.03}
[2026-09-25 23:01:55.422] [SFX] {"sound": "civ_move_2", "volume": 0.06}
[2026-09-25 23:01:55.771] [SFX] {"sound": "civ_move_2", "volume": 0.04}
[2026-09-25 23:01:56.185] [SFX] {"sound": "civ_move_2", "volume": 0.06}
[2026-09-25 23:01:56.415] [SFX] {"sound": "civ_move_1", "volume": 0.06}
[2026-09-25 23:01:56.595] [M] {"button": 1, "pos": [266, 27], "ui_clicked": false}
[2026-09-25 23:01:56.605] [SFX] {"sound": "civ_move_2", "volume": 0.07}
[2026-09-25 23:01:56.606] [P] {"start": [154, 134], "goal": [146, 120], "length": 6, "is_direction_change": false}
[2026-09-25 23:01:56.607] [SFX] {"sound": "click_target", "volume": 0.61}
[2026-09-25 23:01:56.787] [SFX] {"sound": "player_move", "volume": 0.4}
[2026-09-25 23:01:56.819] [SFX] {"sound": "civ_move_1", "volume": 0.08}
[2026-09-25 23:01:56.922] [SFX] {"sound": "civ_move_2", "volume": 0.02}
[2026-09-25 23:01:56.957] [SFX] {"sound": "civ_move_2", "volume": 0.05}
[2026-09-25 23:01:57.007] [SFX] {"sound": "civ_move_2", "volume": 0.1}
[2026-09-25 23:01:57.088] [SFX] {"sound": "player_move", "volume": 0.4}
[2026-09-25 23:01:57.223] [SFX] {"sound": "civ_move_1", "volume": 0.12}
[2026-09-25 23:01:57.337] [SFX] {"sound": "civ_move_2", "volume": 0.05}
[2026-09-25 23:01:57.373] [SFX] {"sound": "civ_move_2", "volume": 0.01}
[2026-09-25 23:01:57.395] [SFX] {"sound": "player_move", "volume": 0.4}
[2026-09-25 23:01:57.422] [SFX] {"sound": "civ_move_2", "volume": 0.15}
[2026-09-25 23:01:57.651] [SFX] {"sound": "civ_move_1", "volume": 0.1}
[2026-09-25 23:01:57.701] [SFX] {"sound": "player_move", "volume": 0.4}
[2026-09-25 23:01:57.753] [SFX] {"sound": "civ_move_2", "volume": 0.06}
[2026-09-25 23:01:57.835] [SFX] {"sound": "civ_move_2", "volume": 0.13}
[2026-09-25 23:01:58.003] [SFX] {"sound": "player_move", "volume": 0.4}
[2026-09-25 23:01:58.053] [SFX] {"sound": "civ_move_1", "volume": 0.08}
[2026-09-25 23:01:58.153] [SFX] {"sound": "civ_move_2", "volume": 0.06}
[2026-09-25 23:01:58.203] [SFX] {"sound": "civ_move_2", "volume": 0.13}
[2026-09-25 23:01:58.251] [SFX] {"sound": "civ_move_2", "volume": 0.12}
[2026-09-25 23:01:58.317] [SFX] {"sound": "player_move", "volume": 0.4}
[2026-09-25 23:01:58.400] [M] {"button": 1, "pos": [338, 35], "ui_clicked": false}
[2026-09-25 23:01:58.452] [SFX] {"sound": "civ_move_1", "volume": 0.06}
[2026-09-25 23:01:58.552] [SFX] {"sound": "civ_move_2", "volume": 0.06}
[2026-09-25 23:01:58.618] [SFX] {"sound": "civ_move_2", "volume": 0.17}
[2026-09-25 23:01:58.650] [SFX] {"sound": "civ_move_2", "volume": 0.12}
[2026-09-25 23:01:58.864] [M] {"button": 1, "pos": [328, 33], "ui_clicked": false}
[2026-09-25 23:01:58.871] [SFX] {"sound": "civ_move_1", "volume": 0.05}
[2026-09-25 23:01:58.872] [P] {"start": [146, 120], "goal": [146, 110], "length": 1, "is_direction_change": false}
[2026-09-25 23:01:58.873] [SFX] {"sound": "click_target", "volume": 0.77}
[2026-09-25 23:01:58.952] [SFX] {"sound": "civ_move_2", "volume": 0.06}
[2026-09-25 23:01:59.019] [SFX] {"sound": "civ_move_2", "volume": 0.2}
[2026-09-25 23:01:59.052] [SFX] {"sound": "civ_move_2", "volume": 0.11}
[2026-09-25 23:01:59.171] [SFX] {"sound": "player_move", "volume": 0.4}
[2026-09-25 23:01:59.271] [SFX] {"sound": "civ_move_1", "volume": 0.02}
[2026-09-25 23:01:59.353] [SFX] {"sound": "civ_move_2", "volume": 0.04}
[2026-09-25 23:01:59.422] [SFX] {"sound": "civ_move_2", "volume": 0.26}
[2026-09-25 23:01:59.456] [SFX] {"sound": "civ_move_2", "volume": 0.08}
[2026-09-25 23:01:59.537] [M] {"button": 1, "pos": [321, 53], "ui_clicked": false}
[2026-09-25 23:01:59.544] [P] {"start": [146, 110], "goal": [146, 102], "length": 1, "is_direction_change": false}
[2026-09-25 23:01:59.545] [SFX] {"sound": "click_target", "volume": 0.82}
[2026-09-25 23:01:59.622] [C] {"civ_pos": [146, 106]}
[2026-09-25 23:01:59.664] [SFX] {"sound": "player_move", "volume": 0.4}
[2026-09-25 23:01:59.761] [SFX] {"sound": "civ_move_2", "volume": 0.02}
[2026-09-25 23:01:59.828] [SFX] {"sound": "civ_move_2", "volume": 0.22}
[2026-09-25 23:01:59.861] [SFX] {"sound": "civ_move_2", "volume": 0.05}
[2026-09-25 23:02:00.177] [SFX] {"sound": "civ_move_2", "volume": 0.01}
[2026-09-25 23:02:00.243] [SFX] {"sound": "civ_move_2", "volume": 0.2}
[2026-09-25 23:02:00.278] [SFX] {"sound": "civ_move_2", "volume": 0.04}
[2026-09-25 23:02:00.577] [SFX] {"sound": "civ_move_2", "volume": 0.02}
[2026-09-25 23:02:00.643] [M] {"button": 1, "pos": [138, 162], "ui_clicked": false}
[2026-09-25 23:02:00.652] [SFX] {"sound": "civ_move_2", "volume": 0.19}
[2026-09-25 23:02:00.653] [P] {"start": [146, 102], "goal": [130, 104], "length": 6, "is_direction_change": false}
[2026-09-25 23:02:00.653] [SFX] {"sound": "click_target", "volume": 0.48}
[2026-09-25 23:02:00.679] [JACK] Vorsichtig vorantasten...
[2026-09-25 23:02:00.696] [SFX] {"sound": "player_move", "volume": 0.4}
[2026-09-25 23:02:00.697] [SFX] {"sound": "civ_move_2", "volume": 0.04}
[2026-09-25 23:02:01.002] [SFX] {"sound": "player_move", "volume": 0.4}
[2026-09-25 23:02:01.051] [SFX] {"sound": "civ_move_2", "volume": 0.04}
[2026-09-25 23:02:01.051] [SFX] {"sound": "civ_move_2", "volume": 0.13}
[2026-09-25 23:02:01.313] [SFX] {"sound": "player_move", "volume": 0.4}
[2026-09-25 23:02:01.376] [SFX] {"sound": "civ_move_2", "volume": 0.17}
[2026-09-25 23:02:01.457] [SFX] {"sound": "civ_move_2", "volume": 0.01}
[2026-09-25 23:02:01.457] [SFX] {"sound": "civ_move_2", "volume": 0.11}
[2026-09-25 23:02:01.620] [SFX] {"sound": "player_move", "volume": 0.4}
[2026-09-25 23:02:01.783] [SFX] {"sound": "civ_move_2", "volume": 0.14}
[2026-09-25 23:02:01.807] [SFX] {"sound": "civ_move_2", "volume": 0.0}
[2026-09-25 23:02:01.866] [SFX] {"sound": "civ_move_2", "volume": 0.1}
[2026-09-25 23:02:01.915] [SFX] {"sound": "civ_move_2", "volume": 0.0}
[2026-09-25 23:02:01.937] [SFX] {"sound": "player_move", "volume": 0.4}
[2026-09-25 23:02:02.216] [SFX] {"sound": "civ_move_2", "volume": 0.04}
[2026-09-25 23:02:02.216] [SFX] {"sound": "civ_move_2", "volume": 0.21}
[2026-09-25 23:02:02.239] [SFX] {"sound": "player_move", "volume": 0.4}
[2026-09-25 23:02:02.272] [SFX] {"sound": "civ_move_2", "volume": 0.13}
[2026-09-25 23:02:02.322] [SFX] {"sound": "civ_move_2", "volume": 0.04}
[2026-09-25 23:02:02.538] [SFX] {"sound": "player_move", "volume": 0.4}
[2026-09-25 23:02:02.621] [SFX] {"sound": "civ_move_2", "volume": 0.06}
[2026-09-25 23:02:02.622] [SFX] {"sound": "civ_move_2", "volume": 0.17}
[2026-09-25 23:02:02.687] [SFX] {"sound": "civ_move_2", "volume": 0.11}
[2026-09-25 23:02:02.736] [SFX] {"sound": "civ_move_2", "volume": 0.05}
[2026-09-25 23:02:03.035] [SFX] {"sound": "civ_move_2", "volume": 0.17}
[2026-09-25 23:02:03.101] [SFX] {"sound": "civ_move_2", "volume": 0.1}
[2026-09-25 23:02:03.152] [SFX] {"sound": "civ_move_2", "volume": 0.05}
[2026-09-25 23:02:03.449] [M] {"button": 1, "pos": [324, 108], "ui_clicked": false}
[2026-09-25 23:02:03.457] [SFX] {"sound": "civ_move_2", "volume": 0.05}
[2026-09-25 23:02:03.458] [SFX] {"sound": "civ_move_2", "volume": 0.16}
[2026-09-25 23:02:03.459] [P] {"start": [130, 104], "goal": [132, 96], "length": 3, "is_direction_change": false}
[2026-09-25 23:02:03.460] [SFX] {"sound": "click_target", "volume": 0.8}
[2026-09-25 23:02:03.530] [SFX] {"sound": "civ_move_2", "volume": 0.1}
[2026-09-25 23:02:03.564] [SFX] {"sound": "civ_move_2", "volume": 0.07}
[2026-09-25 23:02:03.726] [SFX] {"sound": "player_move", "volume": 0.4}
[2026-09-25 23:02:03.858] [SFX] {"sound": "civ_move_2", "volume": 0.03}
[2026-09-25 23:02:03.858] [SFX] {"sound": "civ_move_2", "volume": 0.2}
[2026-09-25 23:02:03.939] [SFX] {"sound": "civ_move_2", "volume": 0.01}
[2026-09-25 23:02:03.940] [SFX] {"sound": "civ_move_2", "volume": 0.07}
[2026-09-25 23:02:03.971] [SFX] {"sound": "civ_move_2", "volume": 0.05}
[2026-09-25 23:02:04.037] [SFX] {"sound": "player_move", "volume": 0.4}
[2026-09-25 23:02:04.268] [SFX] {"sound": "civ_move_2", "volume": 0.0}
[2026-09-25 23:02:04.269] [SFX] {"sound": "civ_move_2", "volume": 0.21}
[2026-09-25 23:02:04.352] [SFX] {"sound": "civ_move_2", "volume": 0.02}
[2026-09-25 23:02:04.353] [SFX] {"sound": "civ_move_2", "volume": 0.05}
[2026-09-25 23:02:04.384] [SFX] {"sound": "civ_move_2", "volume": 0.04}
[2026-09-25 23:02:04.684] [SFX] {"sound": "civ_move_2", "volume": 0.0}
[2026-09-25 23:02:04.684] [SFX] {"sound": "civ_move_2", "volume": 0.22}
[2026-09-25 23:02:04.767] [SFX] {"sound": "civ_move_2", "volume": 0.03}
[2026-09-25 23:02:04.768] [SFX] {"sound": "civ_move_2", "volume": 0.04}
[2026-09-25 23:02:04.802] [SFX] {"sound": "civ_move_2", "volume": 0.05}
[2026-09-25 23:02:05.086] [SFX] {"sound": "civ_move_2", "volume": 0.23}
[2026-09-25 23:02:05.171] [SFX] {"sound": "civ_move_2", "volume": 0.03}
[2026-09-25 23:02:05.205] [SFX] {"sound": "civ_move_2", "volume": 0.06}
[2026-09-25 23:02:05.221] [M] {"button": 1, "pos": [271, 81], "ui_clicked": false}
[2026-09-25 23:02:05.500] [SFX] {"sound": "civ_move_2", "volume": 0.0}
[2026-09-25 23:02:05.501] [SFX] {"sound": "civ_move_2", "volume": 0.24}
[2026-09-25 23:02:05.582] [SFX] {"sound": "civ_move_2", "volume": 0.04}
[2026-09-25 23:02:05.582] [SFX] {"sound": "civ_move_2", "volume": 0.02}
[2026-09-25 23:02:05.615] [SFX] {"sound": "civ_move_2", "volume": 0.07}
[2026-09-25 23:02:05.679] [M] {"button": 1, "pos": [268, 80], "ui_clicked": false}
[2026-09-25 23:02:05.687] [P] {"start": [132, 96], "goal": [128, 89], "length": 3, "is_direction_change": false}
[2026-09-25 23:02:05.688] [SFX] {"sound": "click_target", "volume": 0.81}
[2026-09-25 23:02:05.851] [SFX] {"sound": "player_move", "volume": 0.4}
[2026-09-25 23:02:05.900] [SFX] {"sound": "civ_move_2", "volume": 0.24}
[2026-09-25 23:02:05.983] [SFX] {"sound": "civ_move_2", "volume": 0.04}
[2026-09-25 23:02:06.018] [SFX] {"sound": "civ_move_2", "volume": 0.05}
[2026-09-25 23:02:06.152] [SFX] {"sound": "player_move", "volume": 0.4}
[2026-09-25 23:02:06.300] [SFX] {"sound": "civ_move_2", "volume": 0.18}
[2026-09-25 23:02:06.399] [SFX] {"sound": "civ_move_2", "volume": 0.08}
[2026-09-25 23:02:06.431] [SFX] {"sound": "civ_move_2", "volume": 0.04}
[2026-09-25 23:02:06.715] [SFX] {"sound": "civ_move_2", "volume": 0.19}
[2026-09-25 23:02:06.798] [SFX] {"sound": "civ_move_2", "volume": 0.09}
[2026-09-25 23:02:06.832] [SFX] {"sound": "civ_move_2", "volume": 0.05}
[2026-09-25 23:02:07.128] [SFX] {"sound": "civ_move_2", "volume": 0.2}
[2026-09-25 23:02:07.213] [SFX] {"sound": "civ_move_2", "volume": 0.09}
[2026-09-25 23:02:07.246] [SFX] {"sound": "civ_move_2", "volume": 0.05}
[2026-09-25 23:02:07.392] [M] {"button": 1, "pos": [317, 47], "ui_clicked": false}
[2026-09-25 23:02:07.400] [P] {"start": [128, 89], "goal": [128, 80], "length": 1, "is_direction_change": false}
[2026-09-25 23:02:07.400] [SFX] {"sound": "click_target", "volume": 0.78}
[2026-09-25 23:02:07.531] [SFX] {"sound": "civ_move_2", "volume": 0.19}
[2026-09-25 23:02:07.598] [SFX] {"sound": "player_move", "volume": 0.4}
[2026-09-25 23:02:07.619] [SFX] {"sound": "civ_move_2", "volume": 0.13}
[2026-09-25 23:02:07.647] [SFX] {"sound": "civ_move_2", "volume": 0.04}
[2026-09-25 23:02:07.943] [SFX] {"sound": "civ_move_2", "volume": 0.16}
[2026-09-25 23:02:08.028] [SFX] {"sound": "civ_move_2", "volume": 0.17}
[2026-09-25 23:02:08.061] [SFX] {"sound": "civ_move_2", "volume": 0.03}
[2026-09-25 23:02:08.353] [SFX] {"sound": "civ_move_2", "volume": 0.16}
[2026-09-25 23:02:08.437] [SFX] {"sound": "civ_move_2", "volume": 0.17}
[2026-09-25 23:02:08.473] [SFX] {"sound": "civ_move_2", "volume": 0.03}
[2026-09-25 23:02:08.640] [M] {"button": 1, "pos": [318, 52], "ui_clicked": false}
[2026-09-25 23:02:08.755] [SFX] {"sound": "civ_move_2", "volume": 0.17}
[2026-09-25 23:02:08.889] [SFX] {"sound": "civ_move_2", "volume": 0.04}
[2026-09-25 23:02:08.925] [SFX] {"sound": "civ_move_2", "volume": 0.0}
[2026-09-25 23:02:09.169] [SFX] {"sound": "civ_move_2", "volume": 0.18}
[2026-09-25 23:02:09.219] [M] {"button": 1, "pos": [321, 50], "ui_clicked": false}
[2026-09-25 23:02:09.226] [P] {"start": [128, 80], "goal": [128, 72], "length": 1, "is_direction_change": false}
[2026-09-25 23:02:09.227] [SFX] {"sound": "click_target", "volume": 0.81}
[2026-09-25 23:02:09.277] [SFX] {"sound": "civ_move_2", "volume": 0.19}
[2026-09-25 23:02:09.300] [SFX] {"sound": "player_move", "volume": 0.4}
[2026-09-25 23:02:09.300] [SFX] {"sound": "civ_move_2", "volume": 0.04}
[2026-09-25 23:02:09.327] [SFX] {"sound": "civ_move_2", "volume": 0.02}
[2026-09-25 23:02:09.393] [JACK] JACK // PROXY SAFE - SANCTUARY ACTIVE
[2026-09-25 23:02:09.576] [SFX] {"sound": "civ_move_2", "volume": 0.14}
[2026-09-25 23:02:09.599] [SFX] {"sound": "player_move", "volume": 0.4}
[2026-09-25 23:02:09.691] [M] {"button": 1, "pos": [322, 50], "ui_clicked": false}
[2026-09-25 23:02:09.700] [SFX] {"sound": "civ_move_2", "volume": 0.24}
[2026-09-25 23:02:09.701] [JACK] JACK // RUNS ANONYMOUS RELAYS. KEEPS HIS TRAFFIC NOISY TO BLUR HIS FOOTSTEPS.
[2026-09-25 23:02:09.702] [SFX] {"sound": "click_target", "volume": 0.81}
[2026-09-25 23:02:09.719] [SFX] {"sound": "civ_move_2", "volume": 0.02}
[2026-09-25 23:02:09.738] [SFX] {"sound": "civ_move_2", "volume": 0.05}
[2026-09-25 23:02:09.964] [C] {"civ_pos": [128, 64]}
[2026-09-25 23:02:10.004] [SFX] {"sound": "player_move", "volume": 0.4}
[2026-09-25 23:02:10.005] [SFX] {"sound": "civ_move_2", "volume": 0.11}
[2026-09-25 23:02:10.097] [SFX] {"sound": "civ_move_2", "volume": 0.29}
[2026-09-25 23:02:10.098] [SFX] {"sound": "threat_pulse", "volume": 0.3}
[2026-09-25 23:02:10.148] [SFX] {"sound": "civ_move_2", "volume": 0.06}
[2026-09-25 23:02:10.281] [SFX] {"sound": "player_move", "volume": 0.4}
[2026-09-25 23:02:10.382] [SFX] {"sound": "civ_move_2", "volume": 0.12}
[2026-09-25 23:02:10.498] [SFX] {"sound": "civ_move_2", "volume": 0.24}
[2026-09-25 23:02:10.548] [SFX] {"sound": "civ_move_2", "volume": 0.08}
[2026-09-25 23:02:10.583] [SFX] {"sound": "player_move", "volume": 0.4}
[2026-09-25 23:02:10.781] [SFX] {"sound": "civ_move_2", "volume": 0.13}
[2026-09-25 23:02:10.899] [SFX] {"sound": "player_move", "volume": 0.4}
[2026-09-25 23:02:10.900] [SFX] {"sound": "civ_move_2", "volume": 0.23}
[2026-09-25 23:02:10.932] [SFX] {"sound": "civ_move_2", "volume": 0.01}
[2026-09-25 23:02:10.965] [SFX] {"sound": "civ_move_2", "volume": 0.09}
[2026-09-25 23:02:10.998] [SFX] {"sound": "threat_pulse", "volume": 0.31}
[2026-09-25 23:02:11.197] [SFX] {"sound": "civ_move_2", "volume": 0.15}
[2026-09-25 23:02:11.219] [SFX] {"sound": "player_move", "volume": 0.4}
[2026-09-25 23:02:11.301] [SFX] {"sound": "civ_move_2", "volume": 0.23}
[2026-09-25 23:02:11.368] [SFX] {"sound": "civ_move_2", "volume": 0.1}
[2026-09-25 23:02:11.517] [SFX] {"sound": "player_move", "volume": 0.4}
[2026-09-25 23:02:11.601] [SFX] {"sound": "civ_move_2", "volume": 0.17}
[2026-09-25 23:02:11.682] [SFX] {"sound": "civ_move_1", "volume": 0.03}
[2026-09-25 23:02:11.716] [M] {"button": 1, "pos": [392, 144], "ui_clicked": true}
[2026-09-25 23:02:11.755] [SFX] {"sound": "civ_move_2", "volume": 0.23}
[2026-09-25 23:02:11.782] [SFX] {"sound": "civ_move_2", "volume": 0.11}
[2026-09-25 23:02:11.818] [SFX] {"sound": "player_move", "volume": 0.4}
[2026-09-25 23:02:11.902] [SFX] {"sound": "threat_pulse", "volume": 0.32}
[2026-09-25 23:02:11.986] [SFX] {"sound": "infiltrate 1", "volume": 0.5}
[2026-09-25 23:02:12.009] [SFX] {"sound": "civ_move_2", "volume": 0.19}
[2026-09-25 23:02:12.089] [SFX] {"sound": "civ_move_1", "volume": 0.03}
[2026-09-25 23:02:12.121] [SFX] {"sound": "player_move", "volume": 0.4}
[2026-09-25 23:02:12.122] [SFX] {"sound": "civ_move_2", "volume": 0.23}
[2026-09-25 23:02:12.187] [SFX] {"sound": "civ_move_2", "volume": 0.12}
[2026-09-25 23:02:12.398] [SFX] {"sound": "infiltrate 2", "volume": 0.5}
[2026-09-25 23:02:12.423] [SFX] {"sound": "civ_move_2", "volume": 0.02}
[2026-09-25 23:02:12.424] [SFX] {"sound": "civ_move_2", "volume": 0.21}
[2026-09-25 23:02:12.442] [SFX] {"sound": "player_move", "volume": 0.4}
[2026-09-25 23:02:12.472] [C] {"civ_pos": [128, 73]}
[2026-09-25 23:02:12.522] [SFX] {"sound": "civ_move_1", "volume": 0.05}
[2026-09-25 23:02:12.539] [SFX] {"sound": "civ_move_2", "volume": 0.23}
[2026-09-25 23:02:12.540] [SFX] {"sound": "civ_move_1", "volume": 0.01}
[2026-09-25 23:02:12.601] [SFX] {"sound": "civ_move_2", "volume": 0.12}
[2026-09-25 23:02:12.738] [SFX] {"sound": "player_move", "volume": 0.4}
[2026-09-25 23:02:12.803] [SFX] {"sound": "threat_pulse", "volume": 0.33}
[2026-09-25 23:02:12.804] [SFX] {"sound": "infiltrate 2", "volume": 0.5}
[2026-09-25 23:02:12.825] [SFX] {"sound": "civ_move_2", "volume": 0.03}
[2026-09-25 23:02:12.826] [SFX] {"sound": "civ_move_2", "volume": 0.23}
[2026-09-25 23:02:12.921] [SFX] {"sound": "civ_move_1", "volume": 0.05}
[2026-09-25 23:02:12.943] [SFX] {"sound": "civ_move_2", "volume": 0.23}
[2026-09-25 23:02:12.944] [SFX] {"sound": "civ_move_1", "volume": 0.02}
[2026-09-25 23:02:13.009] [SFX] {"sound": "civ_move_2", "volume": 0.13}
[2026-09-25 23:02:13.043] [SFX] {"sound": "player_move", "volume": 0.4}
[2026-09-25 23:02:13.208] [SFX] {"sound": "infiltrate 1", "volume": 0.5}
[2026-09-25 23:02:13.231] [SFX] {"sound": "civ_move_2", "volume": 0.05}
[2026-09-25 23:02:13.232] [SFX] {"sound": "civ_move_2", "volume": 0.29}
[2026-09-25 23:02:13.327] [SFX] {"sound": "civ_move_1", "volume": 0.05}
[2026-09-25 23:02:13.344] [JACK] JACK // PROXY SAFE - SANCTUARY ACTIVE
[2026-09-25 23:02:13.352] [SFX] {"sound": "player_move", "volume": 0.4}
[2026-09-25 23:02:13.353] [SFX] {"sound": "civ_move_2", "volume": 0.24}
[2026-09-25 23:02:13.354] [SFX] {"sound": "civ_move_1", "volume": 0.03}
[2026-09-25 23:02:13.414] [SFX] {"sound": "civ_move_2", "volume": 0.13}
[2026-09-25 23:02:13.629] [SFX] {"sound": "civ_move_2", "volume": 0.23}
[2026-09-25 23:02:13.653] [SFX] {"sound": "player_move", "volume": 0.4}
[2026-09-25 23:02:13.730] [SFX] {"sound": "civ_move_1", "volume": 0.08}
[2026-09-25 23:02:13.753] [SFX] {"sound": "civ_move_2", "volume": 0.26}
[2026-09-25 23:02:13.754] [SFX] {"sound": "civ_move_1", "volume": 0.01}
[2026-09-25 23:02:13.816] [SFX] {"sound": "civ_move_2", "volume": 0.09}
[2026-09-25 23:02:13.948] [SFX] {"sound": "player_move", "volume": 0.4}
[2026-09-25 23:02:14.033] [SFX] {"sound": "civ_move_2", "volume": 0.16}
[2026-09-25 23:02:14.133] [SFX] {"sound": "civ_move_1", "volume": 0.11}
[2026-09-25 23:02:14.156] [SFX] {"sound": "civ_move_2", "volume": 0.21}
[2026-09-25 23:02:14.217] [SFX] {"sound": "civ_move_2", "volume": 0.05}
[2026-09-25 23:02:14.437] [SFX] {"sound": "civ_move_2", "volume": 0.12}
[2026-09-25 23:02:14.536] [SFX] {"sound": "civ_move_1", "volume": 0.11}
[2026-09-25 23:02:14.558] [SFX] {"sound": "civ_move_2", "volume": 0.21}
[2026-09-25 23:02:14.621] [SFX] {"sound": "civ_move_2", "volume": 0.05}
[2026-09-25 23:02:14.838] [SFX] {"sound": "civ_move_2", "volume": 0.11}
[2026-09-25 23:02:14.935] [SFX] {"sound": "civ_move_1", "volume": 0.1}
[2026-09-25 23:02:14.969] [SFX] {"sound": "civ_move_2", "volume": 0.22}
[2026-09-25 23:02:15.036] [SFX] {"sound": "civ_move_2", "volume": 0.06}
[2026-09-25 23:02:15.248] [SFX] {"sound": "civ_move_2", "volume": 0.09}
[2026-09-25 23:02:15.345] [SFX] {"sound": "civ_move_1", "volume": 0.1}
[2026-09-25 23:02:15.379] [SFX] {"sound": "civ_move_2", "volume": 0.23}
[2026-09-25 23:02:15.379] [SFX] {"sound": "civ_move_1", "volume": 0.0}
[2026-09-25 23:02:15.445] [SFX] {"sound": "civ_move_2", "volume": 0.06}
[2026-09-25 23:02:15.478] [M] {"button": 1, "pos": [341, 152], "ui_clicked": false}
[2026-09-25 23:02:15.659] [SFX] {"sound": "civ_move_2", "volume": 0.08}
[2026-09-25 23:02:15.759] [SFX] {"sound": "civ_move_1", "volume": 0.09}
[2026-09-25 23:02:15.792] [SFX] {"sound": "civ_move_2", "volume": 0.25}
[2026-09-25 23:02:15.792] [SFX] {"sound": "civ_move_1", "volume": 0.01}
[2026-09-25 23:02:15.861] [SFX] {"sound": "civ_move_2", "volume": 0.07}
[2026-09-25 23:02:16.172] [SFX] {"sound": "civ_move_1", "volume": 0.08}
[2026-09-25 23:02:16.206] [SFX] {"sound": "civ_move_2", "volume": 0.26}
[2026-09-25 23:02:16.207] [SFX] {"sound": "civ_move_1", "volume": 0.02}
[2026-09-25 23:02:16.273] [SFX] {"sound": "civ_move_2", "volume": 0.07}
[2026-09-25 23:02:16.572] [SFX] {"sound": "civ_move_1", "volume": 0.07}
[2026-09-25 23:02:16.620] [M] {"button": 1, "pos": [325, 190], "ui_clicked": false}
[2026-09-25 23:02:16.627] [SFX] {"sound": "civ_move_2", "volume": 0.27}
[2026-09-25 23:02:16.628] [SFX] {"sound": "civ_move_1", "volume": 0.02}
[2026-09-25 23:02:16.629] [JACK] JACK // RUNS ANONYMOUS RELAYS. KEEPS HIS TRAFFIC NOISY TO BLUR HIS FOOTSTEPS.
[2026-09-25 23:02:16.630] [SFX] {"sound": "click_target", "volume": 0.92}
[2026-09-25 23:02:16.663] [SFX] {"sound": "player_move", "volume": 0.4}
[2026-09-25 23:02:16.684] [SFX] {"sound": "civ_move_2", "volume": 0.08}
[2026-09-25 23:02:16.702] [C] {"civ_pos": [128, 90]}
[2026-09-25 23:02:16.884] [SFX] {"sound": "civ_move_2", "volume": 0.09}
[2026-09-25 23:02:16.967] [SFX] {"sound": "player_move", "volume": 0.4}
[2026-09-25 23:02:16.990] [SFX] {"sound": "civ_move_1", "volume": 0.05}
[2026-09-25 23:02:17.020] [SFX] {"sound": "civ_move_2", "volume": 0.24}
[2026-09-25 23:02:17.021] [SFX] {"sound": "civ_move_1", "volume": 0.05}
[2026-09-25 23:02:17.054] [SFX] {"sound": "threat_pulse", "volume": 0.3}
[2026-09-25 23:02:17.088] [SFX] {"sound": "civ_move_2", "volume": 0.09}
[2026-09-25 23:02:17.269] [SFX] {"sound": "player_move", "volume": 0.4}
[2026-09-25 23:02:17.292] [SFX] {"sound": "civ_move_2", "volume": 0.09}
[2026-09-25 23:02:17.384] [SFX] {"sound": "civ_move_1", "volume": 0.05}
[2026-09-25 23:02:17.434] [SFX] {"sound": "civ_move_2", "volume": 0.23}
[2026-09-25 23:02:17.434] [SFX] {"sound": "civ_move_1", "volume": 0.05}
[2026-09-25 23:02:17.499] [SFX] {"sound": "civ_move_2", "volume": 0.08}
[2026-09-25 23:02:17.580] [SFX] {"sound": "player_move", "volume": 0.4}
[2026-09-25 23:02:17.696] [SFX] {"sound": "civ_move_2", "volume": 0.07}
[2026-09-25 23:02:17.798] [SFX] {"sound": "civ_move_1", "volume": 0.05}
[2026-09-25 23:02:17.848] [SFX] {"sound": "civ_move_2", "volume": 0.29}
[2026-09-25 23:02:17.849] [SFX] {"sound": "civ_move_1", "volume": 0.04}
[2026-09-25 23:02:17.882] [SFX] {"sound": "player_move", "volume": 0.4}
[2026-09-25 23:02:17.905] [SFX] {"sound": "civ_move_2", "volume": 0.07}
[2026-09-25 23:02:17.966] [SFX] {"sound": "threat_pulse", "volume": 0.32}
[2026-09-25 23:02:18.099] [SFX] {"sound": "civ_move_2", "volume": 0.07}
[2026-09-25 23:02:18.181] [SFX] {"sound": "player_move", "volume": 0.4}
[2026-09-25 23:02:18.203] [SFX] {"sound": "civ_move_1", "volume": 0.05}
[2026-09-25 23:02:18.263] [SFX] {"sound": "civ_move_2", "volume": 0.29}
[2026-09-25 23:02:18.264] [SFX] {"sound": "civ_move_1", "volume": 0.05}
[2026-09-25 23:02:18.314] [SFX] {"sound": "civ_move_2", "volume": 0.08}
[2026-09-25 23:02:18.335] [SFX] {"sound": "civ_move_1", "volume": 0.0}
[2026-09-25 23:02:18.486] [SFX] {"sound": "player_move", "volume": 0.4}
[2026-09-25 23:02:18.508] [SFX] {"sound": "civ_move_2", "volume": 0.07}
[2026-09-25 23:02:18.603] [SFX] {"sound": "civ_move_1", "volume": 0.04}
[2026-09-25 23:02:18.670] [SFX] {"sound": "civ_move_2", "volume": 0.29}
[2026-09-25 23:02:18.670] [SFX] {"sound": "civ_move_1", "volume": 0.06}
[2026-09-25 23:02:18.722] [SFX] {"sound": "civ_move_2", "volume": 0.09}
[2026-09-25 23:02:18.743] [SFX] {"sound": "civ_move_1", "volume": 0.01}
[2026-09-25 23:02:18.787] [SFX] {"sound": "player_move", "volume": 0.4}
[2026-09-25 23:02:18.803] [M] {"button": 1, "pos": [368, 205], "ui_clicked": true}
[2026-09-25 23:02:18.875] [SFX] {"sound": "threat_pulse", "volume": 0.33}
[2026-09-25 23:02:18.909] [SFX] {"sound": "civ_move_2", "volume": 0.07}
[2026-09-25 23:02:19.004] [SFX] {"sound": "civ_move_1", "volume": 0.04}
[2026-09-25 23:02:19.069] [SFX] {"sound": "civ_move_2", "volume": 0.29}
[2026-09-25 23:02:19.070] [SFX] {"sound": "civ_move_1", "volume": 0.07}
[2026-09-25 23:02:19.092] [SFX] {"sound": "infiltrate 2", "volume": 0.5}
[2026-09-25 23:02:19.110] [SFX] {"sound": "player_move", "volume": 0.4}
[2026-09-25 23:02:19.128] [SFX] {"sound": "civ_move_2", "volume": 0.1}
[2026-09-25 23:02:19.146] [SFX] {"sound": "civ_move_1", "volume": 0.03}
[2026-09-25 23:02:19.209] [C] {"civ_pos": [134, 94]}
[2026-09-25 23:02:19.310] [SFX] {"sound": "civ_move_2", "volume": 0.07}
[2026-09-25 23:02:19.407] [SFX] {"sound": "player_move", "volume": 0.4}
[2026-09-25 23:02:19.408] [SFX] {"sound": "civ_move_1", "volume": 0.03}
[2026-09-25 23:02:19.474] [SFX] {"sound": "civ_move_2", "volume": 0.29}
[2026-09-25 23:02:19.474] [SFX] {"sound": "civ_move_1", "volume": 0.07}
[2026-09-25 23:02:19.496] [SFX] {"sound": "infiltrate 1", "volume": 0.5}
[2026-09-25 23:02:19.525] [SFX] {"sound": "civ_move_2", "volume": 0.11}
[2026-09-25 23:02:19.546] [SFX] {"sound": "civ_move_1", "volume": 0.04}
[2026-09-25 23:02:19.722] [SFX] {"sound": "player_move", "volume": 0.4}
[2026-09-25 23:02:19.723] [SFX] {"sound": "civ_move_2", "volume": 0.07}
[2026-09-25 23:02:19.789] [SFX] {"sound": "threat_pulse", "volume": 0.34}
[2026-09-25 23:02:19.822] [SFX] {"sound": "civ_move_1", "volume": 0.03}
[2026-09-25 23:02:19.873] [SFX] {"sound": "civ_move_2", "volume": 0.29}
[2026-09-25 23:02:19.874] [SFX] {"sound": "civ_move_1", "volume": 0.07}
[2026-09-25 23:02:19.894] [SFX] {"sound": "infiltrate 2", "volume": 0.5}
[2026-09-25 23:02:19.940] [SFX] {"sound": "civ_move_2", "volume": 0.12}
[2026-09-25 23:02:19.963] [SFX] {"sound": "civ_move_1", "volume": 0.05}
[2026-09-25 23:02:20.024] [SFX] {"sound": "player_move", "volume": 0.4}
[2026-09-25 23:02:20.137] [SFX] {"sound": "civ_move_2", "volume": 0.07}
[2026-09-25 23:02:20.234] [SFX] {"sound": "civ_move_1", "volume": 0.02}
[2026-09-25 23:02:20.282] [SFX] {"sound": "civ_move_2", "volume": 0.29}
[2026-09-25 23:02:20.283] [SFX] {"sound": "civ_move_1", "volume": 0.07}
[2026-09-25 23:02:20.308] [SFX] {"sound": "infiltrate 1", "volume": 0.5}
[2026-09-25 23:02:20.337] [SFX] {"sound": "player_move", "volume": 0.4}
[2026-09-25 23:02:20.359] [SFX] {"sound": "civ_move_2", "volume": 0.13}
[2026-09-25 23:02:20.377] [SFX] {"sound": "civ_move_1", "volume": 0.06}
[2026-09-25 23:02:20.553] [SFX] {"sound": "civ_move_2", "volume": 0.06}
[2026-09-25 23:02:20.635] [SFX] {"sound": "civ_move_1", "volume": 0.01}
[2026-09-25 23:02:20.656] [SFX] {"sound": "player_move", "volume": 0.4}
[2026-09-25 23:02:20.685] [SFX] {"sound": "civ_move_2", "volume": 0.29}
[2026-09-25 23:02:20.686] [SFX] {"sound": "civ_move_1", "volume": 0.07}
[2026-09-25 23:02:20.707] [SFX] {"sound": "threat_pulse", "volume": 0.41}
[2026-09-25 23:02:20.708] [SFX] {"sound": "infiltrate 2", "volume": 0.5}
[2026-09-25 23:02:20.753] [SFX] {"sound": "civ_move_2", "volume": 0.14}
[2026-09-25 23:02:20.778] [SFX] {"sound": "civ_move_1", "volume": 0.07}
[2026-09-25 23:02:20.953] [SFX] {"sound": "player_move", "volume": 0.4}
[2026-09-25 23:02:20.954] [SFX] {"sound": "civ_move_2", "volume": 0.06}
[2026-09-25 23:02:21.038] [SFX] {"sound": "civ_move_1", "volume": 0.0}
[2026-09-25 23:02:21.090] [SFX] {"sound": "civ_move_2", "volume": 0.29}
[2026-09-25 23:02:21.091] [SFX] {"sound": "civ_move_1", "volume": 0.07}
[2026-09-25 23:02:21.112] [SFX] {"sound": "infiltrate 2", "volume": 0.5}
[2026-09-25 23:02:21.156] [SFX] {"sound": "civ_move_2", "volume": 0.15}
[2026-09-25 23:02:21.178] [SFX] {"sound": "civ_move_1", "volume": 0.08}
[2026-09-25 23:02:21.257] [SFX] {"sound": "player_move", "volume": 0.4}
[2026-09-25 23:02:21.357] [SFX] {"sound": "civ_move_2", "volume": 0.05}
[2026-09-25 23:02:21.493] [SFX] {"sound": "civ_move_2", "volume": 0.29}
[2026-09-25 23:02:21.493] [SFX] {"sound": "civ_move_1", "volume": 0.07}
[2026-09-25 23:02:21.514] [SFX] {"sound": "threat_pulse", "volume": 0.49}
[2026-09-25 23:02:21.515] [SFX] {"sound": "infiltrate 2", "volume": 0.5}
[2026-09-25 23:02:21.560] [SFX] {"sound": "player_move", "volume": 0.4}
[2026-09-25 23:02:21.560] [SFX] {"sound": "civ_move_2", "volume": 0.16}
[2026-09-25 23:02:21.581] [SFX] {"sound": "civ_move_1", "volume": 0.09}
[2026-09-25 23:02:21.725] [C] {"civ_pos": [137, 94]}
[2026-09-25 23:02:21.775] [SFX] {"sound": "civ_move_2", "volume": 0.05}
[2026-09-25 23:02:21.808] [SFX] {"sound": "hack_success", "volume": 1.0}
[2026-09-25 23:02:21.810] [JACK] JACK // STOLE 2 DATA FROM NYX VANE (DATA COURIER). TARGET FLEEING TO GUARD SPOT!
[2026-09-25 23:02:21.810] [JACK] JACK // RUNS ANONYMOUS RELAYS. KEEPS HIS TRAFFIC NOISY TO BLUR HIS FOOTSTEPS.
[2026-09-25 23:02:21.908] [SFX] {"sound": "civ_move_2", "volume": 0.29}
[2026-09-25 23:02:21.908] [SFX] {"sound": "civ_move_1", "volume": 0.07}
[2026-09-25 23:02:21.974] [SFX] {"sound": "civ_move_2", "volume": 0.17}
[2026-09-25 23:02:21.996] [SFX] {"sound": "civ_move_1", "volume": 0.1}
[2026-09-25 23:02:22.126] [SFX] {"sound": "threat_pulse", "volume": 0.5}
[2026-09-25 23:02:22.178] [SFX] {"sound": "civ_move_2", "volume": 0.04}
[2026-09-25 23:02:22.310] [SFX] {"sound": "civ_move_2", "volume": 0.28}
[2026-09-25 23:02:22.311] [SFX] {"sound": "civ_move_1", "volume": 0.07}
[2026-09-25 23:02:22.375] [SFX] {"sound": "civ_move_2", "volume": 0.18}
[2026-09-25 23:02:22.406] [SFX] {"sound": "civ_move_1", "volume": 0.11}
[2026-09-25 23:02:22.488] [M] {"button": 1, "pos": [238, 183], "ui_clicked": false}
[2026-09-25 23:02:22.496] [P] {"start": [136, 94], "goal": [129, 94], "length": 1, "is_direction_change": false}
[2026-09-25 23:02:22.497] [SFX] {"sound": "click_target", "volume": 0.66}
[2026-09-25 23:02:22.530] [JACK] Hörst du das Wummern? Sentinels in der Nähe... Bloß keinen falschen Schritt machen!
[2026-09-25 23:02:22.548] [SFX] {"sound": "player_move", "volume": 0.4}
[2026-09-25 23:02:22.592] [SFX] {"sound": "civ_move_2", "volume": 0.03}
[2026-09-25 23:02:22.720] [SFX] {"sound": "civ_move_2", "volume": 0.23}
[2026-09-25 23:02:22.721] [SFX] {"sound": "civ_move_1", "volume": 0.09}
[2026-09-25 23:02:22.744] [SFX] {"sound": "threat_pulse", "volume": 0.47}
[2026-09-25 23:02:22.788] [SFX] {"sound": "civ_move_2", "volume": 0.21}
[2026-09-25 23:02:22.822] [SFX] {"sound": "civ_move_1", "volume": 0.09}
[2026-09-25 23:02:22.855] [SFX] {"sound": "player_move", "volume": 0.4}
[2026-09-25 23:02:23.121] [SFX] {"sound": "civ_move_2", "volume": 0.19}
[2026-09-25 23:02:23.122] [SFX] {"sound": "civ_move_1", "volume": 0.11}
[2026-09-25 23:02:23.202] [SFX] {"sound": "civ_move_2", "volume": 0.23}
[2026-09-25 23:02:23.236] [SFX] {"sound": "civ_move_1", "volume": 0.1}
[2026-09-25 23:02:23.342] [SFX] {"sound": "threat_pulse", "volume": 0.44}
[2026-09-25 23:02:23.522] [SFX] {"sound": "civ_move_2", "volume": 0.18}
[2026-09-25 23:02:23.523] [SFX] {"sound": "civ_move_1", "volume": 0.12}
[2026-09-25 23:02:23.605] [SFX] {"sound": "civ_move_2", "volume": 0.24}
[2026-09-25 23:02:23.639] [SFX] {"sound": "civ_move_1", "volume": 0.1}
[2026-09-25 23:02:23.933] [SFX] {"sound": "civ_move_2", "volume": 0.14}
[2026-09-25 23:02:23.933] [SFX] {"sound": "civ_move_1", "volume": 0.13}
[2026-09-25 23:02:24.015] [SFX] {"sound": "civ_move_2", "volume": 0.25}
[2026-09-25 23:02:24.049] [SFX] {"sound": "civ_move_1", "volume": 0.11}
[2026-09-25 23:02:24.050] [SFX] {"sound": "threat_pulse", "volume": 0.4}
[2026-09-25 23:02:24.344] [SFX] {"sound": "civ_move_2", "volume": 0.14}
[2026-09-25 23:02:24.345] [SFX] {"sound": "civ_move_1", "volume": 0.14}
[2026-09-25 23:02:24.428] [SFX] {"sound": "civ_move_2", "volume": 0.27}
[2026-09-25 23:02:24.462] [SFX] {"sound": "civ_move_1", "volume": 0.12}
[2026-09-25 23:02:24.757] [SFX] {"sound": "civ_move_2", "volume": 0.14}
[2026-09-25 23:02:24.758] [SFX] {"sound": "civ_move_1", "volume": 0.16}
[2026-09-25 23:02:24.839] [SFX] {"sound": "civ_move_2", "volume": 0.28}
[2026-09-25 23:02:24.862] [SFX] {"sound": "threat_pulse", "volume": 0.36}
[2026-09-25 23:02:24.879] [SFX] {"sound": "civ_move_1", "volume": 0.12}
[2026-09-25 23:02:25.170] [SFX] {"sound": "civ_move_2", "volume": 0.13}
[2026-09-25 23:02:25.171] [SFX] {"sound": "civ_move_1", "volume": 0.17}
[2026-09-25 23:02:25.254] [SFX] {"sound": "civ_move_2", "volume": 0.29}
[2026-09-25 23:02:25.288] [SFX] {"sound": "civ_move_1", "volume": 0.13}
[2026-09-25 23:02:25.289] [C] {"civ_pos": [128, 93]}
[2026-09-25 23:02:25.572] [SFX] {"sound": "civ_move_2", "volume": 0.13}
[2026-09-25 23:02:25.573] [SFX] {"sound": "civ_move_1", "volume": 0.18}
[2026-09-25 23:02:25.654] [SFX] {"sound": "civ_move_2", "volume": 0.3}
[2026-09-25 23:02:25.688] [SFX] {"sound": "civ_move_1", "volume": 0.13}
[2026-09-25 23:02:25.757] [SFX] {"sound": "threat_pulse", "volume": 0.32}
[2026-09-25 23:02:25.987] [SFX] {"sound": "civ_move_2", "volume": 0.13}
[2026-09-25 23:02:25.988] [SFX] {"sound": "civ_move_1", "volume": 0.19}
[2026-09-25 23:02:26.070] [SFX] {"sound": "civ_move_2", "volume": 0.29}
[2026-09-25 23:02:26.103] [SFX] {"sound": "civ_move_1", "volume": 0.13}
[2026-09-25 23:02:26.237] [M] {"button": 1, "pos": [298, 178], "ui_clicked": false}
[2026-09-25 23:02:26.245] [JACK] JACK // SYNTHETIC CORE. PREDICTABLE ROUTING, NO EMOTIONAL SPIKES TO EXPLOIT.
[2026-09-25 23:02:26.245] [SFX] {"sound": "click_target", "volume": 0.96}
[2026-09-25 23:02:26.391] [SFX] {"sound": "civ_move_2", "volume": 0.13}
[2026-09-25 23:02:26.392] [SFX] {"sound": "civ_move_1", "volume": 0.2}
[2026-09-25 23:02:26.476] [SFX] {"sound": "civ_move_2", "volume": 0.29}
[2026-09-25 23:02:26.509] [SFX] {"sound": "civ_move_1", "volume": 0.15}
[2026-09-25 23:02:26.530] [SFX] {"sound": "player_move", "volume": 0.4}
[2026-09-25 23:02:26.777] [SFX] {"sound": "threat_pulse", "volume": 0.31}
[2026-09-25 23:02:26.800] [SFX] {"sound": "civ_move_2", "volume": 0.13}
[2026-09-25 23:02:26.801] [SFX] {"sound": "civ_move_1", "volume": 0.21}
[2026-09-25 23:02:26.830] [SFX] {"sound": "player_move", "volume": 0.4}
[2026-09-25 23:02:26.881] [SFX] {"sound": "civ_move_2", "volume": 0.29}
[2026-09-25 23:02:26.916] [SFX] {"sound": "civ_move_1", "volume": 0.16}
[2026-09-25 23:02:27.130] [SFX] {"sound": "player_move", "volume": 0.4}
[2026-09-25 23:02:27.195] [SFX] {"sound": "civ_move_2", "volume": 0.13}
[2026-09-25 23:02:27.196] [SFX] {"sound": "civ_move_1", "volume": 0.22}
[2026-09-25 23:02:27.294] [SFX] {"sound": "civ_move_2", "volume": 0.29}
[2026-09-25 23:02:27.327] [SFX] {"sound": "civ_move_1", "volume": 0.17}
[2026-09-25 23:02:27.442] [SFX] {"sound": "player_move", "volume": 0.4}
[2026-09-25 23:02:27.605] [SFX] {"sound": "civ_move_2", "volume": 0.13}
[2026-09-25 23:02:27.606] [SFX] {"sound": "civ_move_1", "volume": 0.22}
[2026-09-25 23:02:27.677] [SFX] {"sound": "threat_pulse", "volume": 0.32}
[2026-09-25 23:02:27.710] [SFX] {"sound": "civ_move_2", "volume": 0.29}
[2026-09-25 23:02:27.726] [M] {"button": 1, "pos": [374, 211], "ui_clicked": true}
[2026-09-25 23:02:27.741] [SFX] {"sound": "civ_move_1", "volume": 0.23}
[2026-09-25 23:02:27.757] [SFX] {"sound": "player_move", "volume": 0.4}
[2026-09-25 23:02:27.792] [C] {"civ_pos": [137, 94]}
[2026-09-25 23:02:27.835] [SFX] {"sound": "infiltrate 2", "volume": 0.5}
[2026-09-25 23:02:28.016] [SFX] {"sound": "civ_move_2", "volume": 0.13}
[2026-09-25 23:02:28.016] [SFX] {"sound": "civ_move_1", "volume": 0.22}
[2026-09-25 23:02:28.065] [SFX] {"sound": "player_move", "volume": 0.4}
[2026-09-25 23:02:28.116] [SFX] {"sound": "civ_move_2", "volume": 0.29}
[2026-09-25 23:02:28.117] [SFX] {"sound": "civ_move_2", "volume": 0.01}
[2026-09-25 23:02:28.139] [SFX] {"sound": "civ_move_1", "volume": 0.26}
[2026-09-25 23:02:28.249] [SFX] {"sound": "infiltrate 2", "volume": 0.5}
[2026-09-25 23:02:28.367] [SFX] {"sound": "player_move", "volume": 0.4}
[2026-09-25 23:02:28.416] [SFX] {"sound": "civ_move_2", "volume": 0.12}
[2026-09-25 23:02:28.417] [SFX] {"sound": "civ_move_1", "volume": 0.22}
[2026-09-25 23:02:28.532] [SFX] {"sound": "civ_move_2", "volume": 0.29}
[2026-09-25 23:02:28.532] [SFX] {"sound": "civ_move_2", "volume": 0.02}
[2026-09-25 23:02:28.553] [SFX] {"sound": "civ_move_1", "volume": 0.27}
[2026-09-25 23:02:28.572] [SFX] {"sound": "civ_move_2", "volume": 0.2}
[2026-09-25 23:02:28.590] [SFX] {"sound": "threat_pulse", "volume": 0.35}
[2026-09-25 23:02:28.653] [SFX] {"sound": "infiltrate 1", "volume": 0.5}
[2026-09-25 23:02:28.675] [SFX] {"sound": "player_move", "volume": 0.4}
[2026-09-25 23:02:28.824] [SFX] {"sound": "civ_move_2", "volume": 0.11}
[2026-09-25 23:02:28.824] [SFX] {"sound": "civ_move_1", "volume": 0.22}
[2026-09-25 23:02:28.938] [SFX] {"sound": "civ_move_2", "volume": 0.29}
[2026-09-25 23:02:28.938] [SFX] {"sound": "civ_move_2", "volume": 0.03}
[2026-09-25 23:02:28.961] [SFX] {"sound": "civ_move_1", "volume": 0.29}
[2026-09-25 23:02:28.979] [SFX] {"sound": "player_move", "volume": 0.4}
[2026-09-25 23:02:28.980] [SFX] {"sound": "civ_move_2", "volume": 0.2}
[2026-09-25 23:02:29.060] [SFX] {"sound": "infiltrate 2", "volume": 0.5}
[2026-09-25 23:02:29.224] [SFX] {"sound": "civ_move_2", "volume": 0.1}
[2026-09-25 23:02:29.225] [SFX] {"sound": "civ_move_1", "volume": 0.22}
[2026-09-25 23:02:29.275] [SFX] {"sound": "player_move", "volume": 0.4}
[2026-09-25 23:02:29.342] [SFX] {"sound": "civ_move_2", "volume": 0.29}
[2026-09-25 23:02:29.343] [SFX] {"sound": "civ_move_2", "volume": 0.04}
[2026-09-25 23:02:29.364] [SFX] {"sound": "civ_move_1", "volume": 0.3}
[2026-09-25 23:02:29.381] [SFX] {"sound": "civ_move_2", "volume": 0.19}
[2026-09-25 23:02:29.475] [SFX] {"sound": "infiltrate 2", "volume": 0.5}
[2026-09-25 23:02:29.499] [SFX] {"sound": "threat_pulse", "volume": 0.44}
[2026-09-25 23:02:29.576] [SFX] {"sound": "player_move", "volume": 0.4}
[2026-09-25 23:02:29.626] [SFX] {"sound": "civ_move_2", "volume": 0.09}
[2026-09-25 23:02:29.627] [SFX] {"sound": "civ_move_1", "volume": 0.23}
[2026-09-25 23:02:29.743] [SFX] {"sound": "civ_move_2", "volume": 0.29}
[2026-09-25 23:02:29.744] [SFX] {"sound": "civ_move_2", "volume": 0.04}
[2026-09-25 23:02:29.766] [SFX] {"sound": "civ_move_1", "volume": 0.29}
[2026-09-25 23:02:29.795] [SFX] {"sound": "civ_move_2", "volume": 0.2}
[2026-09-25 23:02:29.878] [SFX] {"sound": "player_move", "volume": 0.4}
[2026-09-25 23:02:29.879] [SFX] {"sound": "infiltrate 1", "volume": 0.5}
[2026-09-25 23:02:30.028] [SFX] {"sound": "civ_move_2", "volume": 0.08}
[2026-09-25 23:02:30.029] [SFX] {"sound": "civ_move_1", "volume": 0.24}
[2026-09-25 23:02:30.143] [SFX] {"sound": "civ_move_2", "volume": 0.29}
[2026-09-25 23:02:30.144] [SFX] {"sound": "civ_move_2", "volume": 0.05}
[2026-09-25 23:02:30.164] [SFX] {"sound": "civ_move_1", "volume": 0.28}
[2026-09-25 23:02:30.192] [SFX] {"sound": "player_move", "volume": 0.4}
[2026-09-25 23:02:30.215] [SFX] {"sound": "civ_move_2", "volume": 0.21}
[2026-09-25 23:02:30.215] [SFX] {"sound": "threat_pulse", "volume": 0.51}
[2026-09-25 23:02:30.291] [SFX] {"sound": "infiltrate 1", "volume": 0.5}
[2026-09-25 23:02:30.313] [C] {"civ_pos": [139, 94]}
[2026-09-25 23:02:30.427] [SFX] {"sound": "civ_move_2", "volume": 0.08}
[2026-09-25 23:02:30.428] [SFX] {"sound": "civ_move_1", "volume": 0.25}
[2026-09-25 23:02:30.492] [SFX] {"sound": "player_move", "volume": 0.4}
[2026-09-25 23:02:30.558] [SFX] {"sound": "civ_move_2", "volume": 0.29}
[2026-09-25 23:02:30.558] [SFX] {"sound": "civ_move_2", "volume": 0.05}
[2026-09-25 23:02:30.581] [SFX] {"sound": "civ_move_1", "volume": 0.26}
[2026-09-25 23:02:30.608] [SFX] {"sound": "civ_move_2", "volume": 0.21}
[2026-09-25 23:02:30.690] [SFX] {"sound": "infiltrate 1", "volume": 0.5}
[2026-09-25 23:02:30.725] [SFX] {"sound": "threat_pulse", "volume": 0.56}
[2026-09-25 23:02:30.747] [SFX] {"sound": "hack_success", "volume": 1.0}
[2026-09-25 23:02:30.748] [JACK] JACK // STOLE 2 DATA FROM LYRA-9 (DATA COURIER). TARGET FLEEING TO GUARD SPOT!
[2026-09-25 23:02:30.749] [JACK] JACK // SYNTHETIC CORE. PREDICTABLE ROUTING, NO EMOTIONAL SPIKES TO EXPLOIT.
[2026-09-25 23:02:30.843] [SFX] {"sound": "civ_move_2", "volume": 0.07}
[2026-09-25 23:02:30.844] [SFX] {"sound": "civ_move_1", "volume": 0.26}
[2026-09-25 23:02:30.959] [SFX] {"sound": "civ_move_2", "volume": 0.29}
[2026-09-25 23:02:30.959] [SFX] {"sound": "civ_move_2", "volume": 0.06}
[2026-09-25 23:02:30.984] [SFX] {"sound": "civ_move_1", "volume": 0.25}
[2026-09-25 23:02:31.011] [SFX] {"sound": "civ_move_2", "volume": 0.2}
[2026-09-25 23:02:31.127] [SFX] {"sound": "threat_pulse", "volume": 0.54}
[2026-09-25 23:02:31.255] [SFX] {"sound": "civ_move_2", "volume": 0.06}
[2026-09-25 23:02:31.256] [SFX] {"sound": "civ_move_1", "volume": 0.27}
[2026-09-25 23:02:31.372] [SFX] {"sound": "civ_move_2", "volume": 0.27}
[2026-09-25 23:02:31.373] [SFX] {"sound": "civ_move_2", "volume": 0.06}
[2026-09-25 23:02:31.394] [SFX] {"sound": "civ_move_1", "volume": 0.24}
[2026-09-25 23:02:31.421] [SFX] {"sound": "civ_move_2", "volume": 0.2}
[2026-09-25 23:02:31.538] [SFX] {"sound": "threat_pulse", "volume": 0.52}
[2026-09-25 23:02:31.671] [SFX] {"sound": "civ_move_2", "volume": 0.05}
[2026-09-25 23:02:31.673] [SFX] {"sound": "civ_move_1", "volume": 0.29}
[2026-09-25 23:02:31.773] [SFX] {"sound": "civ_move_2", "volume": 0.26}
[2026-09-25 23:02:31.774] [SFX] {"sound": "civ_move_2", "volume": 0.07}
[2026-09-25 23:02:31.795] [SFX] {"sound": "civ_move_1", "volume": 0.23}
[2026-09-25 23:02:31.827] [SFX] {"sound": "civ_move_2", "volume": 0.25}
[2026-09-25 23:02:32.042] [SFX] {"sound": "threat_pulse", "volume": 0.5}
[2026-09-25 23:02:32.074] [SFX] {"sound": "civ_move_2", "volume": 0.04}
[2026-09-25 23:02:32.075] [SFX] {"sound": "civ_move_1", "volume": 0.3}
[2026-09-25 23:02:32.173] [SFX] {"sound": "civ_move_2", "volume": 0.25}
[2026-09-25 23:02:32.174] [SFX] {"sound": "civ_move_2", "volume": 0.07}
[2026-09-25 23:02:32.196] [SFX] {"sound": "civ_move_2", "volume": 0.0}
[2026-09-25 23:02:32.197] [SFX] {"sound": "civ_move_1", "volume": 0.22}
[2026-09-25 23:02:32.227] [SFX] {"sound": "civ_move_2", "volume": 0.24}
[2026-09-25 23:02:32.280] [M] {"button": 1, "pos": [324, 183], "ui_clicked": false}
[2026-09-25 23:02:32.288] [SFX] {"sound": "click_target", "volume": 0.79}
[2026-09-25 23:02:32.333] [SFX] {"sound": "player_move", "volume": 0.4}
[2026-09-25 23:02:32.485] [SFX] {"sound": "civ_move_2", "volume": 0.03}
[2026-09-25 23:02:32.486] [SFX] {"sound": "civ_move_1", "volume": 0.29}
[2026-09-25 23:02:32.583] [SFX] {"sound": "civ_move_2", "volume": 0.2}
[2026-09-25 23:02:32.584] [SFX] {"sound": "civ_move_2", "volume": 0.07}
[2026-09-25 23:02:32.605] [SFX] {"sound": "civ_move_2", "volume": 0.01}
[2026-09-25 23:02:32.606] [SFX] {"sound": "civ_move_1", "volume": 0.21}
[2026-09-25 23:02:32.636] [SFX] {"sound": "player_move", "volume": 0.4}
[2026-09-25 23:02:32.637] [SFX] {"sound": "civ_move_2", "volume": 0.22}
[2026-09-25 23:02:32.660] [SFX] {"sound": "threat_pulse", "volume": 0.49}
[2026-09-25 23:02:32.822] [C] {"civ_pos": [141, 94]}
[2026-09-25 23:02:32.890] [SFX] {"sound": "civ_move_2", "volume": 0.02}
[2026-09-25 23:02:32.891] [SFX] {"sound": "civ_move_1", "volume": 0.29}
[2026-09-25 23:02:32.938] [M] {"button": 1, "pos": [369, 210], "ui_clicked": true}
[2026-09-25 23:02:32.954] [SFX] {"sound": "player_move", "volume": 0.4}
[2026-09-25 23:02:32.984] [SFX] {"sound": "civ_move_2", "volume": 0.21}
[2026-09-25 23:02:32.985] [SFX] {"sound": "civ_move_2", "volume": 0.07}
[2026-09-25 23:02:33.005] [SFX] {"sound": "civ_move_2", "volume": 0.03}
[2026-09-25 23:02:33.006] [SFX] {"sound": "civ_move_1", "volume": 0.2}
[2026-09-25 23:02:33.052] [SFX] {"sound": "civ_move_2", "volume": 0.2}
[2026-09-25 23:02:33.249] [SFX] {"sound": "player_move", "volume": 0.4}
[2026-09-25 23:02:33.272] [SFX] {"sound": "threat_pulse", "volume": 0.5}
[2026-09-25 23:02:33.299] [SFX] {"sound": "civ_move_2", "volume": 0.01}
[2026-09-25 23:02:33.300] [SFX] {"sound": "civ_move_1", "volume": 0.29}
[2026-09-25 23:02:33.301] [SFX] {"sound": "infiltrate 2", "volume": 0.5}
[2026-09-25 23:02:33.398] [SFX] {"sound": "civ_move_2", "volume": 0.21}
[2026-09-25 23:02:33.399] [SFX] {"sound": "civ_move_2", "volume": 0.07}
[2026-09-25 23:02:33.421] [SFX] {"sound": "civ_move_2", "volume": 0.04}
[2026-09-25 23:02:33.421] [SFX] {"sound": "civ_move_1", "volume": 0.18}
[2026-09-25 23:02:33.466] [SFX] {"sound": "civ_move_2", "volume": 0.19}
[2026-09-25 23:02:33.549] [SFX] {"sound": "player_move", "volume": 0.4}
[2026-09-25 23:02:33.699] [SFX] {"sound": "civ_move_2", "volume": 0.0}
[2026-09-25 23:02:33.700] [SFX] {"sound": "civ_move_1", "volume": 0.29}
[2026-09-25 23:02:33.701] [SFX] {"sound": "infiltrate 2", "volume": 0.5}
[2026-09-25 23:02:33.799] [SFX] {"sound": "civ_move_2", "volume": 0.21}
[2026-09-25 23:02:33.799] [SFX] {"sound": "civ_move_2", "volume": 0.07}
[2026-09-25 23:02:33.832] [SFX] {"sound": "civ_move_2", "volume": 0.05}
[2026-09-25 23:02:33.832] [SFX] {"sound": "civ_move_1", "volume": 0.17}
[2026-09-25 23:02:33.864] [SFX] {"sound": "player_move", "volume": 0.4}
[2026-09-25 23:02:33.885] [SFX] {"sound": "civ_move_2", "volume": 0.17}
[2026-09-25 23:02:33.886] [SFX] {"sound": "threat_pulse", "volume": 0.51}
[2026-09-25 23:02:34.112] [SFX] {"sound": "civ_move_1", "volume": 0.24}
[2026-09-25 23:02:34.113] [SFX] {"sound": "infiltrate 2", "volume": 0.5}
[2026-09-25 23:02:34.163] [SFX] {"sound": "player_move", "volume": 0.4}
[2026-09-25 23:02:34.213] [SFX] {"sound": "civ_move_2", "volume": 0.2}
[2026-09-25 23:02:34.214] [SFX] {"sound": "civ_move_2", "volume": 0.07}
[2026-09-25 23:02:34.246] [SFX] {"sound": "civ_move_2", "volume": 0.06}
[2026-09-25 23:02:34.247] [SFX] {"sound": "civ_move_1", "volume": 0.15}
[2026-09-25 23:02:34.295] [SFX] {"sound": "civ_move_2", "volume": 0.16}
[2026-09-25 23:02:34.395] [SFX] {"sound": "threat_pulse", "volume": 0.51}
[2026-09-25 23:02:34.476] [SFX] {"sound": "player_move", "volume": 0.4}
[2026-09-25 23:02:34.526] [SFX] {"sound": "civ_move_2", "volume": 0.0}
[2026-09-25 23:02:34.527] [SFX] {"sound": "civ_move_1", "volume": 0.23}
[2026-09-25 23:02:34.528] [SFX] {"sound": "infiltrate 2", "volume": 0.5}
[2026-09-25 23:02:34.626] [SFX] {"sound": "civ_move_2", "volume": 0.2}
[2026-09-25 23:02:34.627] [SFX] {"sound": "civ_move_2", "volume": 0.05}
[2026-09-25 23:02:34.660] [SFX] {"sound": "civ_move_2", "volume": 0.06}
[2026-09-25 23:02:34.661] [SFX] {"sound": "civ_move_1", "volume": 0.14}
[2026-09-25 23:02:34.711] [SFX] {"sound": "civ_move_2", "volume": 0.15}
[2026-09-25 23:02:34.776] [SFX] {"sound": "player_move", "volume": 0.4}
[2026-09-25 23:02:34.909] [SFX] {"sound": "threat_pulse", "volume": 0.52}
[2026-09-25 23:02:34.932] [SFX] {"sound": "civ_move_2", "volume": 0.01}
[2026-09-25 23:02:34.933] [SFX] {"sound": "civ_move_1", "volume": 0.23}
[2026-09-25 23:02:34.935] [SFX] {"sound": "infiltrate 1", "volume": 0.5}
[2026-09-25 23:02:35.029] [SFX] {"sound": "civ_move_2", "volume": 0.2}
[2026-09-25 23:02:35.030] [SFX] {"sound": "civ_move_2", "volume": 0.04}
[2026-09-25 23:02:35.063] [SFX] {"sound": "civ_move_2", "volume": 0.05}
[2026-09-25 23:02:35.064] [SFX] {"sound": "civ_move_1", "volume": 0.12}
[2026-09-25 23:02:35.085] [SFX] {"sound": "player_move", "volume": 0.4}
[2026-09-25 23:02:35.114] [SFX] {"sound": "civ_move_2", "volume": 0.13}
[2026-09-25 23:02:35.327] [SFX] {"sound": "civ_move_2", "volume": 0.02}
[2026-09-25 23:02:35.328] [SFX] {"sound": "civ_move_1", "volume": 0.23}
[2026-09-25 23:02:35.329] [C] {"civ_pos": [146, 98]}
[2026-09-25 23:02:35.330] [SFX] {"sound": "infiltrate 1", "volume": 0.5}
[2026-09-25 23:02:35.383] [SFX] {"sound": "player_move", "volume": 0.4}
[2026-09-25 23:02:35.415] [SFX] {"sound": "threat_pulse", "volume": 0.54}
[2026-09-25 23:02:35.437] [SFX] {"sound": "civ_move_2", "volume": 0.19}
[2026-09-25 23:02:35.438] [SFX] {"sound": "civ_move_2", "volume": 0.03}
[2026-09-25 23:02:35.467] [SFX] {"sound": "civ_move_2", "volume": 0.04}
[2026-09-25 23:02:35.468] [SFX] {"sound": "civ_move_1", "volume": 0.11}
[2026-09-25 23:02:35.517] [SFX] {"sound": "civ_move_2", "volume": 0.12}
[2026-09-25 23:02:35.700] [SFX] {"sound": "player_move", "volume": 0.4}
[2026-09-25 23:02:35.733] [SFX] {"sound": "civ_move_2", "volume": 0.02}
[2026-09-25 23:02:35.734] [SFX] {"sound": "civ_move_1", "volume": 0.23}
[2026-09-25 23:02:35.735] [SFX] {"sound": "infiltrate 2", "volume": 0.5}
[2026-09-25 23:02:35.817] [SFX] {"sound": "threat_pulse", "volume": 0.58}
[2026-09-25 23:02:35.839] [SFX] {"sound": "civ_move_2", "volume": 0.18}
[2026-09-25 23:02:35.840] [SFX] {"sound": "civ_move_2", "volume": 0.02}
[2026-09-25 23:02:35.867] [SFX] {"sound": "civ_move_2", "volume": 0.05}
[2026-09-25 23:02:35.868] [SFX] {"sound": "civ_move_1", "volume": 0.1}
[2026-09-25 23:02:35.918] [SFX] {"sound": "civ_move_2", "volume": 0.12}
[2026-09-25 23:02:35.951] [SFX] {"sound": "hack_success", "volume": 1.0}
[2026-09-25 23:02:35.952] [JACK] JACK // STOLE 2 DATA FROM LYRA-9 (DATA COURIER). TARGET FLEEING TO GUARD SPOT!
[2026-09-25 23:02:35.953] [JACK] JACK // SYNTHETIC CORE. PREDICTABLE ROUTING, NO EMOTIONAL SPIKES TO EXPLOIT.
[2026-09-25 23:02:36.118] [SFX] {"sound": "threat_pulse", "volume": 0.59}
[2026-09-25 23:02:36.140] [SFX] {"sound": "civ_move_1", "volume": 0.23}
[2026-09-25 23:02:36.233] [SFX] {"sound": "civ_move_2", "volume": 0.17}
[2026-09-25 23:02:36.234] [SFX] {"sound": "civ_move_2", "volume": 0.02}
[2026-09-25 23:02:36.284] [SFX] {"sound": "civ_move_2", "volume": 0.05}
[2026-09-25 23:02:36.285] [SFX] {"sound": "civ_move_1", "volume": 0.09}
[2026-09-25 23:02:36.335] [SFX] {"sound": "civ_move_2", "volume": 0.11}
[2026-09-25 23:02:36.421] [SFX] {"sound": "threat_pulse", "volume": 0.57}
[2026-09-25 23:02:36.536] [SFX] {"sound": "civ_move_1", "volume": 0.22}
[2026-09-25 23:02:36.620] [SENTINEL_ALARM_DISPATCHED] {"guard": [137, 132], "investigate": [128, 94]}
[2026-09-25 23:02:36.643] [SFX] {"sound": "civ_move_2", "volume": 0.16}
[2026-09-25 23:02:36.643] [SFX] {"sound": "civ_move_2", "volume": 0.01}
[2026-09-25 23:02:36.689] [SFX] {"sound": "civ_move_2", "volume": 0.05}
[2026-09-25 23:02:36.690] [SFX] {"sound": "civ_move_1", "volume": 0.08}
[2026-09-25 23:02:36.739] [SFX] {"sound": "civ_move_2", "volume": 0.1}
[2026-09-25 23:02:36.823] [SFX] {"sound": "threat_pulse", "volume": 0.55}
[2026-09-25 23:02:36.921] [SFX] {"sound": "civ_move_2", "volume": 0.22}
[2026-09-25 23:02:36.943] [SFX] {"sound": "civ_move_1", "volume": 0.21}
[2026-09-25 23:02:37.039] [SFX] {"sound": "civ_move_2", "volume": 0.15}
[2026-09-25 23:02:37.040] [SFX] {"sound": "civ_move_2", "volume": 0.03}
[2026-09-25 23:02:37.088] [SFX] {"sound": "civ_move_2", "volume": 0.05}
[2026-09-25 23:02:37.089] [SFX] {"sound": "civ_move_1", "volume": 0.07}
[2026-09-25 23:02:37.121] [SFX] {"sound": "guardian_move", "volume": 0.02}
[2026-09-25 23:02:37.153] [SFX] {"sound": "civ_move_2", "volume": 0.09}
[2026-09-25 23:02:37.236] [SFX] {"sound": "threat_pulse", "volume": 0.53}
[2026-09-25 23:02:37.333] [SFX] {"sound": "civ_move_2", "volume": 0.22}
[2026-09-25 23:02:37.355] [SFX] {"sound": "civ_move_1", "volume": 0.2}
[2026-09-25 23:02:37.453] [SFX] {"sound": "civ_move_2", "volume": 0.14}
[2026-09-25 23:02:37.454] [SFX] {"sound": "civ_move_2", "volume": 0.04}
[2026-09-25 23:02:37.504] [SFX] {"sound": "civ_move_2", "volume": 0.05}
[2026-09-25 23:02:37.505] [SFX] {"sound": "civ_move_1", "volume": 0.06}
[2026-09-25 23:02:37.554] [SFX] {"sound": "civ_move_2", "volume": 0.08}
[2026-09-25 23:02:37.738] [SFX] {"sound": "guardian_move", "volume": 0.02}
[2026-09-25 23:02:37.739] [SFX] {"sound": "threat_pulse", "volume": 0.51}
[2026-09-25 23:02:37.762] [SFX] {"sound": "civ_move_1", "volume": 0.19}
[2026-09-25 23:02:37.763] [SFX] {"sound": "civ_move_2", "volume": 0.22}
[2026-09-25 23:02:37.857] [SFX] {"sound": "civ_move_2", "volume": 0.13}
[2026-09-25 23:02:37.858] [SFX] {"sound": "civ_move_2", "volume": 0.05}
[2026-09-25 23:02:37.891] [C] {"civ_pos": [146, 99]}
[2026-09-25 23:02:37.939] [SFX] {"sound": "civ_move_2", "volume": 0.05}
[2026-09-25 23:02:37.940] [SFX] {"sound": "civ_move_1", "volume": 0.05}
[2026-09-25 23:02:37.969] [SFX] {"sound": "civ_move_2", "volume": 0.07}
[2026-09-25 23:02:38.167] [SFX] {"sound": "civ_move_1", "volume": 0.18}
[2026-09-25 23:02:38.168] [SFX] {"sound": "civ_move_2", "volume": 0.23}
[2026-09-25 23:02:38.249] [SFX] {"sound": "threat_pulse", "volume": 0.48}
[2026-09-25 23:02:38.274] [SFX] {"sound": "civ_move_2", "volume": 0.12}
[2026-09-25 23:02:38.275] [SFX] {"sound": "civ_move_2", "volume": 0.06}
[2026-09-25 23:02:38.275] [SFX] {"sound": "civ_move_2", "volume": 0.01}
[2026-09-25 23:02:38.319] [SFX] {"sound": "civ_move_2", "volume": 0.04}
[2026-09-25 23:02:38.320] [SFX] {"sound": "civ_move_1", "volume": 0.04}
[2026-09-25 23:02:38.336] [M] {"button": 1, "pos": [286, 142], "ui_clicked": false}
[2026-09-25 23:02:38.342] [P] {"start": [146, 97], "goal": [143, 94], "length": 2, "is_direction_change": false}
[2026-09-25 23:02:38.343] [SFX] {"sound": "click_target", "volume": 0.89}
[2026-09-25 23:02:38.380] [JACK] Überall Wacheinheiten... Ihr bedrohliches Summen brennt sich ins Deck.
[2026-09-25 23:02:38.381] [SFX] {"sound": "guardian_move", "volume": 0.03}
[2026-09-25 23:02:38.398] [SFX] {"sound": "player_move", "volume": 0.4}
[2026-09-25 23:02:38.399] [SFX] {"sound": "civ_move_2", "volume": 0.07}
[2026-09-25 23:02:38.575] [SFX] {"sound": "civ_move_1", "volume": 0.15}
[2026-09-25 23:02:38.576] [SFX] {"sound": "civ_move_2", "volume": 0.22}
[2026-09-25 23:02:38.677] [SFX] {"sound": "civ_move_2", "volume": 0.09}
[2026-09-25 23:02:38.677] [SFX] {"sound": "civ_move_2", "volume": 0.1}
[2026-09-25 23:02:38.678] [SFX] {"sound": "civ_move_2", "volume": 0.02}
[2026-09-25 23:02:38.727] [SFX] {"sound": "civ_move_2", "volume": 0.07}
[2026-09-25 23:02:38.728] [SFX] {"sound": "civ_move_1", "volume": 0.07}
[2026-09-25 23:02:38.793] [SFX] {"sound": "civ_move_2", "volume": 0.09}
[2026-09-25 23:02:38.858] [SFX] {"sound": "threat_pulse", "volume": 0.45}
[2026-09-25 23:02:38.990] [SFX] {"sound": "civ_move_1", "volume": 0.14}
[2026-09-25 23:02:38.991] [SFX] {"sound": "civ_move_2", "volume": 0.22}
[2026-09-25 23:02:39.089] [SFX] {"sound": "civ_move_2", "volume": 0.08}
[2026-09-25 23:02:39.089] [SFX] {"sound": "civ_move_2", "volume": 0.11}
[2026-09-25 23:02:39.090] [SFX] {"sound": "civ_move_2", "volume": 0.03}
[2026-09-25 23:02:39.140] [SFX] {"sound": "civ_move_2", "volume": 0.07}
[2026-09-25 23:02:39.141] [SFX] {"sound": "civ_move_1", "volume": 0.06}
[2026-09-25 23:02:39.207] [SFX] {"sound": "civ_move_2", "volume": 0.07}
[2026-09-25 23:02:39.401] [SFX] {"sound": "civ_move_1", "volume": 0.13}
[2026-09-25 23:02:39.402] [SFX] {"sound": "civ_move_2", "volume": 0.28}
[2026-09-25 23:02:39.500] [SFX] {"sound": "civ_move_2", "volume": 0.07}
[2026-09-25 23:02:39.501] [SFX] {"sound": "civ_move_2", "volume": 0.12}
[2026-09-25 23:02:39.502] [SFX] {"sound": "civ_move_2", "volume": 0.04}
[2026-09-25 23:02:39.503] [SFX] {"sound": "civ_move_1", "volume": 0.0}
[2026-09-25 23:02:39.551] [SFX] {"sound": "civ_move_2", "volume": 0.07}
[2026-09-25 23:02:39.552] [SFX] {"sound": "civ_move_1", "volume": 0.05}
[2026-09-25 23:02:39.573] [SFX] {"sound": "guardian_move", "volume": 0.01}
[2026-09-25 23:02:39.574] [SFX] {"sound": "threat_pulse", "volume": 0.42}
[2026-09-25 23:02:39.616] [SFX] {"sound": "civ_move_2", "volume": 0.06}
[2026-09-25 23:02:39.812] [SFX] {"sound": "civ_move_1", "volume": 0.12}
[2026-09-25 23:02:39.813] [SFX] {"sound": "civ_move_2", "volume": 0.29}
[2026-09-25 23:02:39.911] [SFX] {"sound": "civ_move_2", "volume": 0.06}
[2026-09-25 23:02:39.912] [SFX] {"sound": "civ_move_2", "volume": 0.13}
[2026-09-25 23:02:39.913] [SFX] {"sound": "civ_move_2", "volume": 0.04}
[2026-09-25 23:02:39.914] [SFX] {"sound": "civ_move_1", "volume": 0.01}
[2026-09-25 23:02:39.962] [SFX] {"sound": "civ_move_2", "volume": 0.06}
[2026-09-25 23:02:39.963] [SFX] {"sound": "civ_move_1", "volume": 0.05}
[2026-09-25 23:02:40.028] [SFX] {"sound": "civ_move_2", "volume": 0.05}
[2026-09-25 23:02:40.173] [SFX] {"sound": "guardian_move", "volume": 0.03}
[2026-09-25 23:02:40.224] [SFX] {"sound": "civ_move_1", "volume": 0.11}
[2026-09-25 23:02:40.224] [SFX] {"sound": "civ_move_2", "volume": 0.3}
[2026-09-25 23:02:40.324] [SFX] {"sound": "civ_move_2", "volume": 0.05}
[2026-09-25 23:02:40.324] [SFX] {"sound": "civ_move_2", "volume": 0.14}
[2026-09-25 23:02:40.325] [SFX] {"sound": "civ_move_2", "volume": 0.05}
[2026-09-25 23:02:40.326] [SFX] {"sound": "civ_move_1", "volume": 0.02}
[2026-09-25 23:02:40.374] [SFX] {"sound": "civ_move_2", "volume": 0.06}
[2026-09-25 23:02:40.375] [SFX] {"sound": "civ_move_1", "volume": 0.06}
[2026-09-25 23:02:40.376] [SFX] {"sound": "threat_pulse", "volume": 0.38}
[2026-09-25 23:02:40.398] [C] {"civ_pos": [142, 94]}
[2026-09-25 23:02:40.450] [SFX] {"sound": "civ_move_2", "volume": 0.05}
[2026-09-25 23:02:40.633] [SFX] {"sound": "civ_move_1", "volume": 0.1}
[2026-09-25 23:02:40.634] [SFX] {"sound": "civ_move_2", "volume": 0.28}
[2026-09-25 23:02:40.734] [SFX] {"sound": "civ_move_2", "volume": 0.04}
[2026-09-25 23:02:40.735] [SFX] {"sound": "civ_move_2", "volume": 0.15}
[2026-09-25 23:02:40.735] [SFX] {"sound": "civ_move_2", "volume": 0.05}
[2026-09-25 23:02:40.736] [SFX] {"sound": "civ_move_1", "volume": 0.03}
[2026-09-25 23:02:40.784] [SFX] {"sound": "guardian_move", "volume": 0.04}
[2026-09-25 23:02:40.785] [SFX] {"sound": "civ_move_2", "volume": 0.05}
[2026-09-25 23:02:40.786] [SFX] {"sound": "civ_move_1", "volume": 0.06}
[2026-09-25 23:02:40.852] [SFX] {"sound": "civ_move_2", "volume": 0.06}
[2026-09-25 23:02:41.035] [SFX] {"sound": "civ_move_1", "volume": 0.09}
[2026-09-25 23:02:41.036] [SFX] {"sound": "civ_move_2", "volume": 0.27}
[2026-09-25 23:02:41.149] [SFX] {"sound": "civ_move_2", "volume": 0.03}
[2026-09-25 23:02:41.150] [SFX] {"sound": "civ_move_2", "volume": 0.16}
[2026-09-25 23:02:41.151] [SFX] {"sound": "civ_move_2", "volume": 0.06}
[2026-09-25 23:02:41.151] [SFX] {"sound": "civ_move_1", "volume": 0.03}
[2026-09-25 23:02:41.199] [SFX] {"sound": "civ_move_2", "volume": 0.05}
[2026-09-25 23:02:41.200] [SFX] {"sound": "civ_move_1", "volume": 0.07}
[2026-09-25 23:02:41.267] [SFX] {"sound": "civ_move_2", "volume": 0.06}
[2026-09-25 23:02:41.289] [SFX] {"sound": "threat_pulse", "volume": 0.33}
[2026-09-25 23:02:41.399] [SFX] {"sound": "guardian_move", "volume": 0.06}
[2026-09-25 23:02:41.450] [SFX] {"sound": "civ_move_1", "volume": 0.08}
[2026-09-25 23:02:41.451] [SFX] {"sound": "civ_move_2", "volume": 0.26}
[2026-09-25 23:02:41.565] [SFX] {"sound": "civ_move_2", "volume": 0.02}
[2026-09-25 23:02:41.566] [SFX] {"sound": "civ_move_2", "volume": 0.16}
[2026-09-25 23:02:41.567] [SFX] {"sound": "civ_move_2", "volume": 0.06}
[2026-09-25 23:02:41.567] [SFX] {"sound": "civ_move_1", "volume": 0.04}
[2026-09-25 23:02:41.600] [SFX] {"sound": "civ_move_2", "volume": 0.06}
[2026-09-25 23:02:41.601] [SFX] {"sound": "civ_move_1", "volume": 0.07}
[2026-09-25 23:02:41.667] [SFX] {"sound": "civ_move_2", "volume": 0.06}
[2026-09-25 23:02:41.865] [SFX] {"sound": "civ_move_1", "volume": 0.07}
[2026-09-25 23:02:41.866] [SFX] {"sound": "civ_move_2", "volume": 0.25}
[2026-09-25 23:02:41.980] [SFX] {"sound": "civ_move_2", "volume": 0.01}
[2026-09-25 23:02:41.982] [SFX] {"sound": "civ_move_2", "volume": 0.17}
[2026-09-25 23:02:41.982] [SFX] {"sound": "civ_move_2", "volume": 0.07}
[2026-09-25 23:02:41.983] [SFX] {"sound": "civ_move_1", "volume": 0.05}
[2026-09-25 23:02:42.016] [SFX] {"sound": "guardian_move", "volume": 0.08}
[2026-09-25 23:02:42.017] [SFX] {"sound": "civ_move_2", "volume": 0.07}
[2026-09-25 23:02:42.018] [SFX] {"sound": "civ_move_1", "volume": 0.07}
[2026-09-25 23:02:42.067] [SFX] {"sound": "civ_move_2", "volume": 0.07}
[2026-09-25 23:02:42.266] [SFX] {"sound": "civ_move_1", "volume": 0.06}
[2026-09-25 23:02:42.267] [SFX] {"sound": "civ_move_2", "volume": 0.24}
[2026-09-25 23:02:42.383] [SFX] {"sound": "civ_move_2", "volume": 0.0}
[2026-09-25 23:02:42.384] [SFX] {"sound": "civ_move_2", "volume": 0.18}
[2026-09-25 23:02:42.385] [SFX] {"sound": "civ_move_2", "volume": 0.07}
[2026-09-25 23:02:42.385] [SFX] {"sound": "civ_move_1", "volume": 0.05}
[2026-09-25 23:02:42.417] [SFX] {"sound": "civ_move_2", "volume": 0.08}
[2026-09-25 23:02:42.418] [SFX] {"sound": "civ_move_1", "volume": 0.07}
[2026-09-25 23:02:42.467] [SFX] {"sound": "civ_move_2", "volume": 0.07}
[2026-09-25 23:02:42.631] [SFX] {"sound": "guardian_move", "volume": 0.1}
[2026-09-25 23:02:42.681] [SFX] {"sound": "civ_move_1", "volume": 0.05}
[2026-09-25 23:02:42.682] [SFX] {"sound": "civ_move_2", "volume": 0.22}
[2026-09-25 23:02:42.798] [SFX] {"sound": "civ_move_2", "volume": 0.18}
[2026-09-25 23:02:42.798] [SFX] {"sound": "civ_move_2", "volume": 0.07}
[2026-09-25 23:02:42.799] [SFX] {"sound": "civ_move_1", "volume": 0.06}
[2026-09-25 23:02:42.830] [SFX] {"sound": "civ_move_2", "volume": 0.09}
[2026-09-25 23:02:42.831] [SFX] {"sound": "civ_move_1", "volume": 0.07}
[2026-09-25 23:02:42.878] [SFX] {"sound": "civ_move_2", "volume": 0.07}
[2026-09-25 23:02:43.092] [SFX] {"sound": "civ_move_1", "volume": 0.04}
[2026-09-25 23:02:43.092] [SFX] {"sound": "civ_move_2", "volume": 0.21}
[2026-09-25 23:02:43.206] [SFX] {"sound": "civ_move_2", "volume": 0.18}
[2026-09-25 23:02:43.207] [SFX] {"sound": "civ_move_2", "volume": 0.07}
[2026-09-25 23:02:43.208] [SFX] {"sound": "civ_move_1", "volume": 0.06}
[2026-09-25 23:02:43.238] [SFX] {"sound": "guardian_move", "volume": 0.12}
[2026-09-25 23:02:43.239] [SFX] {"sound": "civ_move_2", "volume": 0.1}
[2026-09-25 23:02:43.240] [SFX] {"sound": "civ_move_1", "volume": 0.07}
[2026-09-25 23:02:43.288] [SFX] {"sound": "civ_move_2", "volume": 0.07}
[2026-09-25 23:02:43.502] [SFX] {"sound": "civ_move_1", "volume": 0.03}
[2026-09-25 23:02:43.504] [SFX] {"sound": "civ_move_2", "volume": 0.2}
[2026-09-25 23:02:43.615] [SFX] {"sound": "civ_move_2", "volume": 0.19}
[2026-09-25 23:02:43.616] [SFX] {"sound": "civ_move_2", "volume": 0.07}
[2026-09-25 23:02:43.617] [SFX] {"sound": "civ_move_1", "volume": 0.06}
[2026-09-25 23:02:43.651] [SFX] {"sound": "civ_move_2", "volume": 0.11}
[2026-09-25 23:02:43.652] [SFX] {"sound": "civ_move_1", "volume": 0.07}
[2026-09-25 23:02:43.701] [SFX] {"sound": "civ_move_2", "volume": 0.07}
[2026-09-25 23:02:43.849] [SFX] {"sound": "guardian_move", "volume": 0.14}
[2026-09-25 23:02:43.914] [SFX] {"sound": "civ_move_1", "volume": 0.02}
[2026-09-25 23:02:43.915] [SFX] {"sound": "civ_move_2", "volume": 0.19}
[2026-09-25 23:02:44.027] [SFX] {"sound": "civ_move_2", "volume": 0.07}
[2026-09-25 23:02:44.027] [SFX] {"sound": "civ_move_1", "volume": 0.07}
[2026-09-25 23:02:44.059] [SFX] {"sound": "civ_move_2", "volume": 0.12}
[2026-09-25 23:02:44.060] [SFX] {"sound": "civ_move_1", "volume": 0.07}
[2026-09-25 23:02:44.107] [SFX] {"sound": "civ_move_2", "volume": 0.07}
[2026-09-25 23:02:44.321] [SFX] {"sound": "civ_move_1", "volume": 0.01}
[2026-09-25 23:02:44.322] [SFX] {"sound": "civ_move_2", "volume": 0.19}
[2026-09-25 23:02:44.437] [SFX] {"sound": "civ_move_2", "volume": 0.2}
[2026-09-25 23:02:44.437] [SFX] {"sound": "civ_move_2", "volume": 0.07}
[2026-09-25 23:02:44.438] [SFX] {"sound": "civ_move_1", "volume": 0.07}
[2026-09-25 23:02:44.458] [SFX] {"sound": "guardian_move", "volume": 0.16}
[2026-09-25 23:02:44.475] [SFX] {"sound": "civ_move_2", "volume": 0.13}
[2026-09-25 23:02:44.475] [SFX] {"sound": "civ_move_1", "volume": 0.07}
[2026-09-25 23:02:44.519] [SFX] {"sound": "civ_move_2", "volume": 0.07}
[2026-09-25 23:02:44.732] [SFX] {"sound": "civ_move_1", "volume": 0.0}
[2026-09-25 23:02:44.733] [SFX] {"sound": "civ_move_2", "volume": 0.18}
[2026-09-25 23:02:44.846] [SFX] {"sound": "civ_move_2", "volume": 0.21}
[2026-09-25 23:02:44.847] [SFX] {"sound": "civ_move_2", "volume": 0.07}
[2026-09-25 23:02:44.848] [SFX] {"sound": "civ_move_1", "volume": 0.07}
[2026-09-25 23:02:44.879] [SFX] {"sound": "civ_move_2", "volume": 0.14}
[2026-09-25 23:02:44.879] [SFX] {"sound": "civ_move_1", "volume": 0.07}
[2026-09-25 23:02:44.928] [SFX] {"sound": "civ_move_2", "volume": 0.07}
[2026-09-25 23:02:45.060] [SFX] {"sound": "guardian_move", "volume": 0.18}
[2026-09-25 23:02:45.144] [SFX] {"sound": "civ_move_2", "volume": 0.18}
[2026-09-25 23:02:45.212] [SENTINEL_ALARM_DISPATCHED] {"guard": [137, 132], "investigate": [128, 94]}
[2026-09-25 23:02:45.260] [SFX] {"sound": "civ_move_2", "volume": 0.22}
[2026-09-25 23:02:45.261] [SFX] {"sound": "civ_move_2", "volume": 0.07}
[2026-09-25 23:02:45.262] [SFX] {"sound": "civ_move_1", "volume": 0.07}
[2026-09-25 23:02:45.292] [SFX] {"sound": "civ_move_2", "volume": 0.15}
[2026-09-25 23:02:45.293] [SFX] {"sound": "civ_move_1", "volume": 0.07}
[2026-09-25 23:02:45.341] [SFX] {"sound": "civ_move_2", "volume": 0.07}
[2026-09-25 23:02:45.457] [SFX] {"sound": "guardian_move", "volume": 0.01}
[2026-09-25 23:02:45.555] [SFX] {"sound": "civ_move_2", "volume": 0.18}
[2026-09-25 23:02:45.669] [SFX] {"sound": "guardian_move", "volume": 0.2}
[2026-09-25 23:02:45.670] [SFX] {"sound": "civ_move_2", "volume": 0.23}
[2026-09-25 23:02:45.670] [SFX] {"sound": "civ_move_2", "volume": 0.07}
[2026-09-25 23:02:45.671] [SFX] {"sound": "civ_move_1", "volume": 0.07}
[2026-09-25 23:02:45.705] [SFX] {"sound": "civ_move_2", "volume": 0.15}
[2026-09-25 23:02:45.706] [SFX] {"sound": "civ_move_1", "volume": 0.06}
[2026-09-25 23:02:45.754] [SFX] {"sound": "civ_move_2", "volume": 0.07}
[2026-09-25 23:02:45.965] [SFX] {"sound": "civ_move_2", "volume": 0.17}
[2026-09-25 23:02:46.079] [SFX] {"sound": "civ_move_2", "volume": 0.25}
[2026-09-25 23:02:46.079] [SFX] {"sound": "civ_move_2", "volume": 0.07}
[2026-09-25 23:02:46.080] [SFX] {"sound": "civ_move_1", "volume": 0.07}
[2026-09-25 23:02:46.112] [SFX] {"sound": "civ_move_2", "volume": 0.16}
[2026-09-25 23:02:46.113] [SFX] {"sound": "civ_move_1", "volume": 0.06}
[2026-09-25 23:02:46.161] [SFX] {"sound": "civ_move_2", "volume": 0.07}
[2026-09-25 23:02:46.276] [SFX] {"sound": "guardian_move", "volume": 0.22}
[2026-09-25 23:02:46.377] [SFX] {"sound": "civ_move_2", "volume": 0.17}
[2026-09-25 23:02:46.493] [SFX] {"sound": "civ_move_2", "volume": 0.26}
[2026-09-25 23:02:46.494] [SFX] {"sound": "civ_move_2", "volume": 0.06}
[2026-09-25 23:02:46.494] [SFX] {"sound": "civ_move_1", "volume": 0.07}
[2026-09-25 23:02:46.527] [SFX] {"sound": "civ_move_2", "volume": 0.17}
[2026-09-25 23:02:46.528] [SFX] {"sound": "civ_move_1", "volume": 0.05}
[2026-09-25 23:02:46.560] [SFX] {"sound": "civ_move_2", "volume": 0.06}
[2026-09-25 23:02:46.791] [SFX] {"sound": "civ_move_2", "volume": 0.16}
[2026-09-25 23:02:46.888] [SFX] {"sound": "guardian_move", "volume": 0.24}
[2026-09-25 23:02:46.909] [SFX] {"sound": "civ_move_2", "volume": 0.27}
[2026-09-25 23:02:46.910] [SFX] {"sound": "civ_move_2", "volume": 0.06}
[2026-09-25 23:02:46.911] [SFX] {"sound": "civ_move_1", "volume": 0.07}
[2026-09-25 23:02:46.939] [SFX] {"sound": "civ_move_2", "volume": 0.17}
[2026-09-25 23:02:46.939] [SFX] {"sound": "civ_move_1", "volume": 0.05}
[2026-09-25 23:02:46.972] [SFX] {"sound": "civ_move_2", "volume": 0.06}
[2026-09-25 23:02:47.202] [SFX] {"sound": "civ_move_2", "volume": 0.15}
[2026-09-25 23:02:47.320] [SFX] {"sound": "civ_move_2", "volume": 0.28}
[2026-09-25 23:02:47.320] [SFX] {"sound": "civ_move_2", "volume": 0.05}
[2026-09-25 23:02:47.321] [SFX] {"sound": "civ_move_1", "volume": 0.07}
[2026-09-25 23:02:47.345] [SFX] {"sound": "civ_move_2", "volume": 0.18}
[2026-09-25 23:02:47.346] [SFX] {"sound": "civ_move_1", "volume": 0.04}
[2026-09-25 23:02:47.357] [M] {"button": 1, "pos": [193, 166], "ui_clicked": false}
[2026-09-25 23:02:47.365] [C] {"civ_pos": [141, 94]}
[2026-09-25 23:02:47.387] [JACK] Sieht aus wie ein harmloses Datenpaket. Oder verbirgt er was?
[2026-09-25 23:02:47.388] [SFX] {"sound": "civ_move_2", "volume": 0.05}
[2026-09-25 23:02:47.498] [SFX] {"sound": "guardian_move", "volume": 0.26}
[2026-09-25 23:02:47.614] [SFX] {"sound": "civ_move_1", "volume": 0.01}
[2026-09-25 23:02:47.615] [SFX] {"sound": "civ_move_2", "volume": 0.14}
[2026-09-25 23:02:47.728] [SFX] {"sound": "civ_move_2", "volume": 0.3}
[2026-09-25 23:02:47.730] [SFX] {"sound": "civ_move_2", "volume": 0.05}
[2026-09-25 23:02:47.731] [SFX] {"sound": "civ_move_1", "volume": 0.07}
[2026-09-25 23:02:47.752] [SFX] {"sound": "civ_move_2", "volume": 0.18}
[2026-09-25 23:02:47.752] [SFX] {"sound": "civ_move_1", "volume": 0.04}
[2026-09-25 23:02:47.782] [SFX] {"sound": "civ_move_2", "volume": 0.05}
[2026-09-25 23:02:47.813] [M] {"button": 1, "pos": [206, 175], "ui_clicked": false}
[2026-09-25 23:02:47.820] [P] {"start": [143, 94], "goal": [135, 94], "length": 1, "is_direction_change": false}
[2026-09-25 23:02:47.820] [SFX] {"sound": "click_target", "volume": 0.64}
[2026-09-25 23:02:47.869] [SFX] {"sound": "player_move", "volume": 0.4}
[2026-09-25 23:02:48.017] [SFX] {"sound": "civ_move_1", "volume": 0.0}
[2026-09-25 23:02:48.017] [SFX] {"sound": "civ_move_2", "volume": 0.15}
[2026-09-25 23:02:48.099] [SFX] {"sound": "guardian_move", "volume": 0.24}
[2026-09-25 23:02:48.134] [SFX] {"sound": "player_move", "volume": 0.4}
[2026-09-25 23:02:48.135] [SFX] {"sound": "civ_move_2", "volume": 0.24}
[2026-09-25 23:02:48.136] [SFX] {"sound": "civ_move_2", "volume": 0.07}
[2026-09-25 23:02:48.136] [SFX] {"sound": "civ_move_1", "volume": 0.07}
[2026-09-25 23:02:48.157] [SFX] {"sound": "civ_move_2", "volume": 0.24}
[2026-09-25 23:02:48.158] [SFX] {"sound": "civ_move_1", "volume": 0.0}
[2026-09-25 23:02:48.189] [SFX] {"sound": "civ_move_2", "volume": 0.01}
[2026-09-25 23:02:48.417] [SFX] {"sound": "civ_move_2", "volume": 0.15}
[2026-09-25 23:02:48.500] [SFX] {"sound": "guardian_move", "volume": 0.0}
[2026-09-25 23:02:48.550] [SFX] {"sound": "civ_move_2", "volume": 0.25}
[2026-09-25 23:02:48.550] [SFX] {"sound": "civ_move_2", "volume": 0.22}
[2026-09-25 23:02:48.551] [SFX] {"sound": "civ_move_2", "volume": 0.09}
[2026-09-25 23:02:48.552] [SFX] {"sound": "civ_move_1", "volume": 0.07}
[2026-09-25 23:02:48.598] [SFX] {"sound": "civ_move_2", "volume": 0.0}
[2026-09-25 23:02:48.633] [M] {"button": 1, "pos": [284, 209], "ui_clicked": false}
[2026-09-25 23:02:48.699] [SFX] {"sound": "guardian_move", "volume": 0.23}
[2026-09-25 23:02:48.817] [SFX] {"sound": "civ_move_2", "volume": 0.14}
[2026-09-25 23:02:48.949] [SFX] {"sound": "civ_move_2", "volume": 0.25}
[2026-09-25 23:02:48.950] [SFX] {"sound": "civ_move_2", "volume": 0.17}
[2026-09-25 23:02:48.951] [SFX] {"sound": "civ_move_2", "volume": 0.1}
[2026-09-25 23:02:48.952] [SFX] {"sound": "civ_move_1", "volume": 0.07}
[2026-09-25 23:02:49.117] [SFX] {"sound": "guardian_move", "volume": 0.02}
[2026-09-25 23:02:49.180] [M] {"button": 1, "pos": [271, 208], "ui_clicked": false}
[2026-09-25 23:02:49.188] [P] {"start": [135, 94], "goal": [134, 96], "length": 3, "is_direction_change": false}
[2026-09-25 23:02:49.189] [SFX] {"sound": "click_target", "volume": 0.75}
[2026-09-25 23:02:49.249] [SFX] {"sound": "civ_move_2", "volume": 0.13}
[2026-09-25 23:02:49.300] [SFX] {"sound": "guardian_move", "volume": 0.21}
[2026-09-25 23:02:49.365] [SFX] {"sound": "civ_move_2", "volume": 0.29}
[2026-09-25 23:02:49.366] [SFX] {"sound": "civ_move_2", "volume": 0.15}
[2026-09-25 23:02:49.366] [SFX] {"sound": "civ_move_2", "volume": 0.11}
[2026-09-25 23:02:49.367] [SFX] {"sound": "civ_move_1", "volume": 0.07}
[2026-09-25 23:02:49.414] [SFX] {"sound": "player_move", "volume": 0.4}
[2026-09-25 23:02:49.516] [SFX] {"sound": "civ_move_2", "volume": 0.01}
[2026-09-25 23:02:49.663] [SFX] {"sound": "civ_move_2", "volume": 0.11}
[2026-09-25 23:02:49.733] [SFX] {"sound": "guardian_move", "volume": 0.05}
[2026-09-25 23:02:49.781] [SFX] {"sound": "civ_move_2", "volume": 0.28}
[2026-09-25 23:02:49.781] [SFX] {"sound": "civ_move_2", "volume": 0.17}
[2026-09-25 23:02:49.782] [SFX] {"sound": "civ_move_2", "volume": 0.11}
[2026-09-25 23:02:49.783] [SFX] {"sound": "civ_move_1", "volume": 0.06}
[2026-09-25 23:02:49.909] [SFX] {"sound": "guardian_move", "volume": 0.3}
[2026-09-25 23:02:49.932] [SFX] {"sound": "civ_move_2", "volume": 0.01}
[2026-09-25 23:02:50.075] [SFX] {"sound": "civ_move_2", "volume": 0.09}
[2026-09-25 23:02:50.195] [SFX] {"sound": "civ_move_2", "volume": 0.28}
[2026-09-25 23:02:50.196] [SFX] {"sound": "civ_move_2", "volume": 0.16}
[2026-09-25 23:02:50.197] [SFX] {"sound": "civ_move_2", "volume": 0.12}
[2026-09-25 23:02:50.198] [SFX] {"sound": "civ_move_1", "volume": 0.07}
[2026-09-25 23:02:50.294] [C] {"civ_pos": [134, 94]}
[2026-09-25 23:02:50.363] [SFX] {"sound": "guardian_move", "volume": 0.07}
[2026-09-25 23:02:50.364] [SFX] {"sound": "civ_move_2", "volume": 0.01}
[2026-09-25 23:02:50.480] [SFX] {"sound": "civ_move_2", "volume": 0.08}
[2026-09-25 23:02:50.513] [SFX] {"sound": "guardian_move", "volume": 0.32}
[2026-09-25 23:02:50.596] [SFX] {"sound": "civ_move_2", "volume": 0.28}
[2026-09-25 23:02:50.597] [SFX] {"sound": "civ_move_2", "volume": 0.16}
[2026-09-25 23:02:50.598] [SFX] {"sound": "civ_move_2", "volume": 0.13}
[2026-09-25 23:02:50.598] [SFX] {"sound": "civ_move_1", "volume": 0.08}
[2026-09-25 23:02:50.777] [SFX] {"sound": "civ_move_2", "volume": 0.01}
[2026-09-25 23:02:50.860] [M] {"button": 1, "pos": [328, 233], "ui_clicked": false}
[2026-09-25 23:02:50.868] [P] {"start": [134, 96], "goal": [134, 99], "length": 1, "is_direction_change": false}
[2026-09-25 23:02:50.869] [SFX] {"sound": "click_target", "volume": 0.72}
[2026-09-25 23:02:50.927] [SFX] {"sound": "civ_move_2", "volume": 0.07}
[2026-09-25 23:02:50.928] [SENTINEL_ALARM_DISPATCHED] {"guard": [154, 130], "investigate": [146, 94]}
[2026-09-25 23:02:50.972] [SFX] {"sound": "guardian_move", "volume": 0.11}
[2026-09-25 23:02:51.006] [SFX] {"sound": "civ_move_2", "volume": 0.26}
[2026-09-25 23:02:51.007] [SFX] {"sound": "civ_move_2", "volume": 0.16}
[2026-09-25 23:02:51.008] [SFX] {"sound": "civ_move_2", "volume": 0.13}
[2026-09-25 23:02:51.008] [SFX] {"sound": "civ_move_1", "volume": 0.07}
[2026-09-25 23:02:51.028] [SFX] {"sound": "guardian_move", "volume": 0.02}
[2026-09-25 23:02:51.123] [SFX] {"sound": "guardian_move", "volume": 0.33}
[2026-09-25 23:02:51.188] [SFX] {"sound": "civ_move_2", "volume": 0.03}
[2026-09-25 23:02:51.289] [SFX] {"sound": "civ_move_2", "volume": 0.04}
[2026-09-25 23:02:51.408] [SFX] {"sound": "civ_move_2", "volume": 0.25}
[2026-09-25 23:02:51.408] [SFX] {"sound": "civ_move_2", "volume": 0.16}
[2026-09-25 23:02:51.409] [SFX] {"sound": "civ_move_2", "volume": 0.14}
[2026-09-25 23:02:51.410] [SFX] {"sound": "civ_move_1", "volume": 0.08}
[2026-09-25 23:02:51.575] [SFX] {"sound": "guardian_move", "volume": 0.13}
[2026-09-25 23:02:51.596] [SFX] {"sound": "civ_move_2", "volume": 0.03}
[2026-09-25 23:02:51.624] [SFX] {"sound": "guardian_move", "volume": 0.01}
[2026-09-25 23:02:51.691] [SFX] {"sound": "civ_move_2", "volume": 0.03}
[2026-09-25 23:02:51.724] [SFX] {"sound": "guardian_move", "volume": 0.34}
[2026-09-25 23:02:51.810] [SFX] {"sound": "civ_move_2", "volume": 0.24}
[2026-09-25 23:02:51.811] [SFX] {"sound": "civ_move_2", "volume": 0.15}
[2026-09-25 23:02:51.812] [SFX] {"sound": "civ_move_1", "volume": 0.1}
[2026-09-25 23:02:51.993] [SFX] {"sound": "civ_move_2", "volume": 0.03}
[2026-09-25 23:02:52.091] [SFX] {"sound": "civ_move_2", "volume": 0.04}
[2026-09-25 23:02:52.176] [SFX] {"sound": "guardian_move", "volume": 0.15}
[2026-09-25 23:02:52.211] [SFX] {"sound": "civ_move_2", "volume": 0.23}
[2026-09-25 23:02:52.211] [SFX] {"sound": "civ_move_2", "volume": 0.15}
[2026-09-25 23:02:52.212] [SFX] {"sound": "civ_move_2", "volume": 0.16}
[2026-09-25 23:02:52.213] [SFX] {"sound": "civ_move_1", "volume": 0.11}
[2026-09-25 23:02:52.234] [SFX] {"sound": "guardian_move", "volume": 0.0}
[2026-09-25 23:02:52.328] [SFX] {"sound": "guardian_move", "volume": 0.35}
[2026-09-25 23:02:52.395] [SFX] {"sound": "civ_move_2", "volume": 0.03}
[2026-09-25 23:02:52.494] [SFX] {"sound": "civ_move_2", "volume": 0.04}
[2026-09-25 23:02:52.625] [SFX] {"sound": "civ_move_2", "volume": 0.22}
[2026-09-25 23:02:52.626] [SFX] {"sound": "civ_move_2", "volume": 0.14}
[2026-09-25 23:02:52.627] [SFX] {"sound": "civ_move_2", "volume": 0.17}
[2026-09-25 23:02:52.628] [SFX] {"sound": "civ_move_1", "volume": 0.12}
[2026-09-25 23:02:52.777] [SFX] {"sound": "guardian_move", "volume": 0.16}
[2026-09-25 23:02:52.801] [SFX] {"sound": "civ_move_2", "volume": 0.03}
[2026-09-25 23:02:52.832] [SFX] {"sound": "guardian_move", "volume": 0.01}
[2026-09-25 23:02:52.897] [SFX] {"sound": "civ_move_2", "volume": 0.04}
[2026-09-25 23:02:52.929] [SFX] {"sound": "guardian_move", "volume": 0.35}
[2026-09-25 23:02:53.030] [SFX] {"sound": "civ_move_2", "volume": 0.21}
[2026-09-25 23:02:53.030] [SFX] {"sound": "civ_move_2", "volume": 0.14}
[2026-09-25 23:02:53.031] [SFX] {"sound": "civ_move_2", "volume": 0.18}
[2026-09-25 23:02:53.032] [SFX] {"sound": "civ_move_1", "volume": 0.13}
[2026-09-25 23:02:53.194] [SFX] {"sound": "civ_move_2", "volume": 0.03}
[2026-09-25 23:02:53.312] [SFX] {"sound": "civ_move_2", "volume": 0.04}
[2026-09-25 23:02:53.378] [SFX] {"sound": "guardian_move", "volume": 0.18}
[2026-09-25 23:02:53.443] [SFX] {"sound": "guardian_move", "volume": 0.03}
[2026-09-25 23:02:53.443] [SFX] {"sound": "civ_move_2", "volume": 0.2}
[2026-09-25 23:02:53.444] [SFX] {"sound": "civ_move_2", "volume": 0.13}
[2026-09-25 23:02:53.445] [SFX] {"sound": "civ_move_2", "volume": 0.19}
[2026-09-25 23:02:53.446] [SFX] {"sound": "civ_move_1", "volume": 0.14}
[2026-09-25 23:02:53.541] [SFX] {"sound": "guardian_move", "volume": 0.33}
[2026-09-25 23:02:53.607] [SFX] {"sound": "civ_move_2", "volume": 0.03}
[2026-09-25 23:02:53.722] [SFX] {"sound": "civ_move_2", "volume": 0.04}
[2026-09-25 23:02:53.857] [SFX] {"sound": "civ_move_2", "volume": 0.21}
[2026-09-25 23:02:53.857] [SFX] {"sound": "civ_move_2", "volume": 0.12}
[2026-09-25 23:02:53.858] [SFX] {"sound": "civ_move_2", "volume": 0.21}
[2026-09-25 23:02:53.859] [SFX] {"sound": "civ_move_1", "volume": 0.15}
[2026-09-25 23:02:53.989] [SFX] {"sound": "guardian_move", "volume": 0.19}
[2026-09-25 23:02:54.024] [SFX] {"sound": "civ_move_2", "volume": 0.02}
[2026-09-25 23:02:54.058] [SFX] {"sound": "guardian_move", "volume": 0.03}
[2026-09-25 23:02:54.125] [SFX] {"sound": "civ_move_2", "volume": 0.04}
[2026-09-25 23:02:54.159] [SFX] {"sound": "guardian_move", "volume": 0.33}
[2026-09-25 23:02:54.257] [SFX] {"sound": "civ_move_2", "volume": 0.21}
[2026-09-25 23:02:54.257] [SFX] {"sound": "civ_move_2", "volume": 0.11}
[2026-09-25 23:02:54.258] [SFX] {"sound": "civ_move_2", "volume": 0.21}
[2026-09-25 23:02:54.259] [SFX] {"sound": "civ_move_1", "volume": 0.17}
[2026-09-25 23:02:54.428] [SFX] {"sound": "civ_move_2", "volume": 0.02}
[2026-09-25 23:02:54.444] [M] {"button": 1, "pos": [393, 155], "ui_clicked": false}
[2026-09-25 23:02:54.453] [P] {"start": [134, 99], "goal": [140, 94], "length": 4, "is_direction_change": false}
[2026-09-25 23:02:54.453] [SFX] {"sound": "click_target", "volume": 0.81}
[2026-09-25 23:02:54.491] [JACK] Vorsichtig vorantasten...
[2026-09-25 23:02:54.492] [SFX] {"sound": "player_move", "volume": 0.4}
[2026-09-25 23:02:54.537] [SFX] {"sound": "civ_move_2", "volume": 0.05}
[2026-09-25 23:02:54.603] [SFX] {"sound": "guardian_move", "volume": 0.19}
[2026-09-25 23:02:54.669] [SFX] {"sound": "civ_move_2", "volume": 0.08}
[2026-09-25 23:02:54.670] [SFX] {"sound": "civ_move_2", "volume": 0.25}
[2026-09-25 23:02:54.670] [SFX] {"sound": "civ_move_1", "volume": 0.2}
[2026-09-25 23:02:54.771] [SFX] {"sound": "player_move", "volume": 0.4}
[2026-09-25 23:02:54.772] [SFX] {"sound": "guardian_move", "volume": 0.39}
[2026-09-25 23:02:54.852] [SFX] {"sound": "threat_pulse", "volume": 0.32}
[2026-09-25 23:02:54.952] [SFX] {"sound": "civ_move_2", "volume": 0.07}
[2026-09-25 23:02:55.068] [SFX] {"sound": "civ_move_2", "volume": 0.08}
[2026-09-25 23:02:55.069] [SFX] {"sound": "civ_move_2", "volume": 0.23}
[2026-09-25 23:02:55.069] [SFX] {"sound": "civ_move_1", "volume": 0.21}
[2026-09-25 23:02:55.091] [SFX] {"sound": "player_move", "volume": 0.4}
[2026-09-25 23:02:55.218] [SFX] {"sound": "guardian_move", "volume": 0.22}
[2026-09-25 23:02:55.250] [SFX] {"sound": "civ_move_2", "volume": 0.0}
[2026-09-25 23:02:55.365] [SFX] {"sound": "civ_move_2", "volume": 0.07}
[2026-09-25 23:02:55.389] [SFX] {"sound": "guardian_move", "volume": 0.34}
[2026-09-25 23:02:55.405] [SFX] {"sound": "civ_move_1", "volume": 0.19}
[2026-09-25 23:02:55.483] [SFX] {"sound": "civ_move_2", "volume": 0.07}
[2026-09-25 23:02:55.483] [SFX] {"sound": "civ_move_2", "volume": 0.21}
[2026-09-25 23:02:55.484] [SFX] {"sound": "civ_move_1", "volume": 0.2}
[2026-09-25 23:02:55.666] [SFX] {"sound": "civ_move_2", "volume": 0.01}
[2026-09-25 23:02:55.768] [SFX] {"sound": "civ_move_2", "volume": 0.07}
[2026-09-25 23:02:55.768] [SFX] {"sound": "threat_pulse", "volume": 0.3}
[2026-09-25 23:02:55.801] [SFX] {"sound": "civ_move_1", "volume": 0.19}
[2026-09-25 23:02:55.833] [SFX] {"sound": "guardian_move", "volume": 0.24}
[2026-09-25 23:02:55.898] [SFX] {"sound": "civ_move_2", "volume": 0.06}
[2026-09-25 23:02:55.899] [SFX] {"sound": "civ_move_2", "volume": 0.22}
[2026-09-25 23:02:55.899] [SFX] {"sound": "civ_move_1", "volume": 0.2}
[2026-09-25 23:02:56.002] [SFX] {"sound": "guardian_move", "volume": 0.36}
[2026-09-25 23:02:56.069] [SFX] {"sound": "civ_move_2", "volume": 0.02}
[2026-09-25 23:02:56.169] [SFX] {"sound": "civ_move_2", "volume": 0.07}
[2026-09-25 23:02:56.185] [M] {"button": 1, "pos": [300, 209], "ui_clicked": false}
[2026-09-25 23:02:56.222] [SFX] {"sound": "civ_move_1", "volume": 0.19}
[2026-09-25 23:02:56.307] [SFX] {"sound": "civ_move_2", "volume": 0.05}
[2026-09-25 23:02:56.308] [SFX] {"sound": "civ_move_2", "volume": 0.24}
[2026-09-25 23:02:56.309] [SFX] {"sound": "civ_move_1", "volume": 0.21}
[2026-09-25 23:02:56.441] [SFX] {"sound": "guardian_move", "volume": 0.25}
[2026-09-25 23:02:56.476] [M] {"button": 1, "pos": [293, 233], "ui_clicked": false}
[2026-09-25 23:02:56.484] [SFX] {"sound": "civ_move_2", "volume": 0.03}
[2026-09-25 23:02:56.485] [JACK] JACK // ANXIETY LEVELS OFF THE CHARTS. KEEPS DISCARDED BACKUPS IN EMBEDDED RETINAL CHIPS.
[2026-09-25 23:02:56.485] [SFX] {"sound": "click_target", "volume": 0.65}
[2026-09-25 23:02:56.581] [SFX] {"sound": "civ_move_2", "volume": 0.06}
[2026-09-25 23:02:56.616] [SFX] {"sound": "guardian_move", "volume": 0.39}
[2026-09-25 23:02:56.639] [SFX] {"sound": "civ_move_1", "volume": 0.21}
[2026-09-25 23:02:56.656] [SFX] {"sound": "player_move", "volume": 0.4}
[2026-09-25 23:02:56.674] [SFX] {"sound": "threat_pulse", "volume": 0.35}
[2026-09-25 23:02:56.701] [C] {"civ_pos": [133, 94]}
[2026-09-25 23:02:56.763] [SFX] {"sound": "civ_move_2", "volume": 0.04}
[2026-09-25 23:02:56.764] [SFX] {"sound": "civ_move_2", "volume": 0.29}
[2026-09-25 23:02:56.764] [SFX] {"sound": "civ_move_1", "volume": 0.24}
[2026-09-25 23:02:56.879] [SFX] {"sound": "civ_move_2", "volume": 0.03}
[2026-09-25 23:02:56.963] [SFX] {"sound": "player_move", "volume": 0.4}
[2026-09-25 23:02:56.996] [SFX] {"sound": "civ_move_2", "volume": 0.03}
[2026-09-25 23:02:57.032] [SFX] {"sound": "civ_move_1", "volume": 0.23}
[2026-09-25 23:02:57.054] [SFX] {"sound": "guardian_move", "volume": 0.22}
[2026-09-25 23:02:57.098] [SFX] {"sound": "guardian_move", "volume": 0.01}
[2026-09-25 23:02:57.132] [SFX] {"sound": "civ_move_2", "volume": 0.03}
[2026-09-25 23:02:57.132] [SFX] {"sound": "civ_move_2", "volume": 0.28}
[2026-09-25 23:02:57.133] [SFX] {"sound": "civ_move_1", "volume": 0.25}
[2026-09-25 23:02:57.231] [SFX] {"sound": "guardian_move", "volume": 0.37}
[2026-09-25 23:02:57.265] [SFX] {"sound": "player_move", "volume": 0.4}
[2026-09-25 23:02:57.286] [SFX] {"sound": "civ_move_2", "volume": 0.05}
[2026-09-25 23:02:57.399] [SFX] {"sound": "civ_move_2", "volume": 0.03}
[2026-09-25 23:02:57.433] [SFX] {"sound": "civ_move_1", "volume": 0.3}
[2026-09-25 23:02:57.535] [SFX] {"sound": "civ_move_2", "volume": 0.03}
[2026-09-25 23:02:57.536] [SFX] {"sound": "civ_move_2", "volume": 0.28}
[2026-09-25 23:02:57.537] [SFX] {"sound": "civ_move_1", "volume": 0.26}
[2026-09-25 23:02:57.568] [SFX] {"sound": "player_move", "volume": 0.4}
[2026-09-25 23:02:57.569] [SFX] {"sound": "threat_pulse", "volume": 0.35}
[2026-09-25 23:02:57.650] [SFX] {"sound": "guardian_move", "volume": 0.28}
[2026-09-25 23:02:57.685] [SFX] {"sound": "civ_move_2", "volume": 0.06}
[2026-09-25 23:02:57.707] [SFX] {"sound": "guardian_move", "volume": 0.02}
[2026-09-25 23:02:57.801] [M] {"button": 1, "pos": [299, 242], "ui_clicked": false}
[2026-09-25 23:02:57.809] [SFX] {"sound": "civ_move_2", "volume": 0.02}
[2026-09-25 23:02:57.810] [SFX] {"sound": "action_cancel", "volume": 1.0}
[2026-09-25 23:02:57.838] [SFX] {"sound": "guardian_move", "volume": 0.38}
[2026-09-25 23:02:57.840] [SFX] {"sound": "civ_move_1", "volume": 0.3}
[2026-09-25 23:02:57.937] [SFX] {"sound": "civ_move_2", "volume": 0.01}
[2026-09-25 23:02:57.938] [SFX] {"sound": "civ_move_2", "volume": 0.25}
[2026-09-25 23:02:57.938] [SFX] {"sound": "civ_move_1", "volume": 0.28}
[2026-09-25 23:02:58.085] [SFX] {"sound": "civ_move_2", "volume": 0.07}
[2026-09-25 23:02:58.203] [SFX] {"sound": "civ_move_2", "volume": 0.0}
[2026-09-25 23:02:58.254] [SFX] {"sound": "guardian_move", "volume": 0.27}
[2026-09-25 23:02:58.254] [SFX] {"sound": "civ_move_1", "volume": 0.29}
[2026-09-25 23:02:58.302] [SFX] {"sound": "guardian_move", "volume": 0.04}
[2026-09-25 23:02:58.352] [SFX] {"sound": "civ_move_2", "volume": 0.0}
[2026-09-25 23:02:58.352] [SFX] {"sound": "civ_move_2", "volume": 0.24}
[2026-09-25 23:02:58.353] [SFX] {"sound": "civ_move_1", "volume": 0.28}
[2026-09-25 23:02:58.451] [SFX] {"sound": "guardian_move", "volume": 0.39}
[2026-09-25 23:02:58.488] [SFX] {"sound": "civ_move_2", "volume": 0.07}
[2026-09-25 23:02:58.488] [SFX] {"sound": "threat_pulse", "volume": 0.38}
[2026-09-25 23:02:58.585] [M] {"button": 1, "pos": [318, 257], "ui_clicked": false}
[2026-09-25 23:02:58.669] [SFX] {"sound": "civ_move_1", "volume": 0.28}
[2026-09-25 23:02:58.752] [SFX] {"sound": "civ_move_2", "volume": 0.23}
[2026-09-25 23:02:58.753] [SFX] {"sound": "civ_move_1", "volume": 0.28}
[2026-09-25 23:02:58.868] [SFX] {"sound": "guardian_move", "volume": 0.29}
[2026-09-25 23:02:58.901] [SFX] {"sound": "civ_move_2", "volume": 0.08}
[2026-09-25 23:02:58.923] [SFX] {"sound": "guardian_move", "volume": 0.05}
[2026-09-25 23:02:59.051] [M] {"button": 1, "pos": [324, 278], "ui_clicked": false}
[2026-09-25 23:02:59.058] [P] {"start": [132, 96], "goal": [133, 104], "length": 3, "is_direction_change": false}
[2026-09-25 23:02:59.058] [SFX] {"sound": "click_target", "volume": 0.63}
[2026-09-25 23:02:59.094] [JACK] Diese Bedrohung ist greifbar... Die Wachen dürfen unser Signal nicht isolieren.
[2026-09-25 23:02:59.095] [SFX] {"sound": "player_move", "volume": 0.4}
[2026-09-25 23:02:59.096] [SFX] {"sound": "civ_move_1", "volume": 0.28}
[2026-09-25 23:02:59.158] [SFX] {"sound": "civ_move_2", "volume": 0.0}
[2026-09-25 23:02:59.159] [SFX] {"sound": "civ_move_2", "volume": 0.23}
[2026-09-25 23:02:59.160] [SFX] {"sound": "civ_move_1", "volume": 0.28}
[2026-09-25 23:02:59.289] [SFX] {"sound": "threat_pulse", "volume": 0.38}
[2026-09-25 23:02:59.311] [SFX] {"sound": "civ_move_2", "volume": 0.11}
[2026-09-25 23:02:59.373] [SFX] {"sound": "player_move", "volume": 0.4}
[2026-09-25 23:02:59.472] [SFX] {"sound": "guardian_move", "volume": 0.3}
[2026-09-25 23:02:59.473] [SFX] {"sound": "civ_move_1", "volume": 0.24}
[2026-09-25 23:02:59.521] [SFX] {"sound": "guardian_move", "volume": 0.13}
[2026-09-25 23:02:59.564] [SFX] {"sound": "civ_move_2", "volume": 0.05}
[2026-09-25 23:02:59.565] [SFX] {"sound": "civ_move_2", "volume": 0.19}
[2026-09-25 23:02:59.566] [SFX] {"sound": "civ_move_1", "volume": 0.22}
[2026-09-25 23:02:59.713] [SFX] {"sound": "civ_move_2", "volume": 0.14}
[2026-09-25 23:02:59.882] [SFX] {"sound": "civ_move_1", "volume": 0.22}
[2026-09-25 23:02:59.965] [SFX] {"sound": "civ_move_2", "volume": 0.05}
[2026-09-25 23:02:59.966] [SFX] {"sound": "civ_move_2", "volume": 0.18}
[2026-09-25 23:02:59.967] [SFX] {"sound": "civ_move_1", "volume": 0.21}
[2026-09-25 23:03:00.080] [SFX] {"sound": "guardian_move", "volume": 0.29}
[2026-09-25 23:03:00.113] [SFX] {"sound": "civ_move_2", "volume": 0.14}
[2026-09-25 23:03:00.135] [SFX] {"sound": "guardian_move", "volume": 0.15}
[2026-09-25 23:03:00.197] [SFX] {"sound": "threat_pulse", "volume": 0.33}
[2026-09-25 23:03:00.282] [SFX] {"sound": "civ_move_1", "volume": 0.21}
[2026-09-25 23:03:00.381] [SFX] {"sound": "civ_move_2", "volume": 0.06}
[2026-09-25 23:03:00.382] [SFX] {"sound": "civ_move_2", "volume": 0.19}
[2026-09-25 23:03:00.383] [SFX] {"sound": "civ_move_1", "volume": 0.21}
[2026-09-25 23:03:00.515] [SFX] {"sound": "civ_move_2", "volume": 0.15}
[2026-09-25 23:03:00.682] [SFX] {"sound": "guardian_move", "volume": 0.3}
[2026-09-25 23:03:00.683] [SFX] {"sound": "civ_move_1", "volume": 0.2}
[2026-09-25 23:03:00.731] [SFX] {"sound": "guardian_move", "volume": 0.16}
[2026-09-25 23:03:00.781] [SFX] {"sound": "civ_move_2", "volume": 0.06}
[2026-09-25 23:03:00.782] [SFX] {"sound": "civ_move_2", "volume": 0.19}
[2026-09-25 23:03:00.783] [SFX] {"sound": "civ_move_1", "volume": 0.2}
[2026-09-25 23:03:00.915] [SFX] {"sound": "civ_move_2", "volume": 0.0}
[2026-09-25 23:03:00.916] [SFX] {"sound": "civ_move_2", "volume": 0.15}
[2026-09-25 23:03:01.095] [SFX] {"sound": "civ_move_1", "volume": 0.19}
[2026-09-25 23:03:01.197] [SFX] {"sound": "civ_move_2", "volume": 0.06}
[2026-09-25 23:03:01.198] [SFX] {"sound": "civ_move_2", "volume": 0.2}
[2026-09-25 23:03:01.199] [SFX] {"sound": "civ_move_1", "volume": 0.19}
[2026-09-25 23:03:01.298] [SFX] {"sound": "guardian_move", "volume": 0.3}
[2026-09-25 23:03:01.330] [SFX] {"sound": "guardian_move", "volume": 0.18}
[2026-09-25 23:03:01.331] [SFX] {"sound": "civ_move_2", "volume": 0.01}
[2026-09-25 23:03:01.331] [SFX] {"sound": "civ_move_2", "volume": 0.16}
[2026-09-25 23:03:01.495] [SFX] {"sound": "civ_move_1", "volume": 0.19}
[2026-09-25 23:03:01.612] [SFX] {"sound": "civ_move_2", "volume": 0.06}
[2026-09-25 23:03:01.613] [SFX] {"sound": "civ_move_2", "volume": 0.2}
[2026-09-25 23:03:01.614] [SFX] {"sound": "civ_move_1", "volume": 0.18}
[2026-09-25 23:03:01.744] [SFX] {"sound": "civ_move_2", "volume": 0.01}
[2026-09-25 23:03:01.744] [SFX] {"sound": "civ_move_2", "volume": 0.16}
[2026-09-25 23:03:01.911] [SFX] {"sound": "guardian_move", "volume": 0.3}
[2026-09-25 23:03:01.912] [SFX] {"sound": "civ_move_1", "volume": 0.18}
[2026-09-25 23:03:01.948] [SFX] {"sound": "guardian_move", "volume": 0.19}
[2026-09-25 23:03:02.015] [SFX] {"sound": "civ_move_2", "volume": 0.06}
[2026-09-25 23:03:02.015] [SFX] {"sound": "civ_move_2", "volume": 0.2}
[2026-09-25 23:03:02.016] [SFX] {"sound": "civ_move_1", "volume": 0.18}
[2026-09-25 23:03:02.148] [SFX] {"sound": "civ_move_2", "volume": 0.16}
[2026-09-25 23:03:02.313] [SFX] {"sound": "civ_move_1", "volume": 0.18}
[2026-09-25 23:03:02.430] [SFX] {"sound": "civ_move_2", "volume": 0.06}
[2026-09-25 23:03:02.431] [SFX] {"sound": "civ_move_2", "volume": 0.2}
[2026-09-25 23:03:02.432] [SFX] {"sound": "civ_move_1", "volume": 0.19}
[2026-09-25 23:03:02.532] [SFX] {"sound": "guardian_move", "volume": 0.29}
[2026-09-25 23:03:02.554] [SFX] {"sound": "civ_move_2", "volume": 0.2}
[2026-09-25 23:03:02.574] [SFX] {"sound": "guardian_move", "volume": 0.2}
[2026-09-25 23:03:02.718] [SFX] {"sound": "civ_move_1", "volume": 0.19}
[2026-09-25 23:03:02.833] [SFX] {"sound": "civ_move_2", "volume": 0.06}
[2026-09-25 23:03:02.834] [SFX] {"sound": "civ_move_2", "volume": 0.16}
[2026-09-25 23:03:02.835] [SFX] {"sound": "civ_move_1", "volume": 0.19}
[2026-09-25 23:03:02.950] [SFX] {"sound": "civ_move_2", "volume": 0.2}
[2026-09-25 23:03:03.079] [SFX] {"sound": "civ_move_2", "volume": 0.0}
[2026-09-25 23:03:03.133] [SFX] {"sound": "guardian_move", "volume": 0.3}
[2026-09-25 23:03:03.134] [SFX] {"sound": "civ_move_1", "volume": 0.2}
[2026-09-25 23:03:03.168] [SFX] {"sound": "guardian_move", "volume": 0.21}
[2026-09-25 23:03:03.236] [SFX] {"sound": "civ_move_2", "volume": 0.06}
[2026-09-25 23:03:03.237] [SFX] {"sound": "civ_move_2", "volume": 0.16}
[2026-09-25 23:03:03.238] [SFX] {"sound": "civ_move_1", "volume": 0.2}
[2026-09-25 23:03:03.484] [SFX] {"sound": "civ_move_2", "volume": 0.01}
[2026-09-25 23:03:03.533] [SFX] {"sound": "civ_move_1", "volume": 0.2}
[2026-09-25 23:03:03.650] [SFX] {"sound": "civ_move_2", "volume": 0.05}
[2026-09-25 23:03:03.651] [SFX] {"sound": "civ_move_2", "volume": 0.16}
[2026-09-25 23:03:03.652] [SFX] {"sound": "civ_move_1", "volume": 0.2}
[2026-09-25 23:03:03.736] [SFX] {"sound": "guardian_move", "volume": 0.3}
[2026-09-25 23:03:03.771] [SFX] {"sound": "guardian_move", "volume": 0.21}
[2026-09-25 23:03:03.888] [SFX] {"sound": "civ_move_2", "volume": 0.02}
[2026-09-25 23:03:03.939] [SFX] {"sound": "civ_move_1", "volume": 0.2}
[2026-09-25 23:03:04.055] [SFX] {"sound": "civ_move_2", "volume": 0.05}
[2026-09-25 23:03:04.056] [SFX] {"sound": "civ_move_2", "volume": 0.15}
[2026-09-25 23:03:04.057] [SFX] {"sound": "civ_move_1", "volume": 0.2}
[2026-09-25 23:03:04.300] [SFX] {"sound": "civ_move_2", "volume": 0.02}
[2026-09-25 23:03:04.337] [SFX] {"sound": "guardian_move", "volume": 0.3}
[2026-09-25 23:03:04.359] [SFX] {"sound": "civ_move_1", "volume": 0.2}
[2026-09-25 23:03:04.388] [SFX] {"sound": "guardian_move", "volume": 0.22}
[2026-09-25 23:03:04.470] [SFX] {"sound": "civ_move_2", "volume": 0.05}
[2026-09-25 23:03:04.471] [SFX] {"sound": "civ_move_2", "volume": 0.15}
[2026-09-25 23:03:04.472] [SFX] {"sound": "civ_move_1", "volume": 0.16}
[2026-09-25 23:03:04.701] [SFX] {"sound": "civ_move_2", "volume": 0.03}
[2026-09-25 23:03:04.766] [SFX] {"sound": "civ_move_1", "volume": 0.16}
[2026-09-25 23:03:04.884] [SFX] {"sound": "civ_move_2", "volume": 0.05}
[2026-09-25 23:03:04.885] [SFX] {"sound": "civ_move_2", "volume": 0.14}
[2026-09-25 23:03:04.885] [SFX] {"sound": "civ_move_1", "volume": 0.16}
[2026-09-25 23:03:04.950] [SFX] {"sound": "guardian_move", "volume": 0.29}
[2026-09-25 23:03:04.999] [SFX] {"sound": "guardian_move", "volume": 0.27}
[2026-09-25 23:03:05.113] [SFX] {"sound": "civ_move_2", "volume": 0.03}
[2026-09-25 23:03:05.179] [SFX] {"sound": "civ_move_1", "volume": 0.16}
[2026-09-25 23:03:05.295] [SFX] {"sound": "civ_move_2", "volume": 0.04}
[2026-09-25 23:03:05.296] [SFX] {"sound": "civ_move_2", "volume": 0.14}
[2026-09-25 23:03:05.297] [SFX] {"sound": "civ_move_1", "volume": 0.16}
[2026-09-25 23:03:05.525] [SFX] {"sound": "civ_move_2", "volume": 0.04}
[2026-09-25 23:03:05.558] [SFX] {"sound": "guardian_move", "volume": 0.28}
[2026-09-25 23:03:05.590] [SFX] {"sound": "civ_move_1", "volume": 0.16}
[2026-09-25 23:03:05.612] [SFX] {"sound": "guardian_move", "volume": 0.26}
[2026-09-25 23:03:05.675] [SFX] {"sound": "civ_move_1", "volume": 0.0}
[2026-09-25 23:03:05.707] [SFX] {"sound": "civ_move_2", "volume": 0.04}
[2026-09-25 23:03:05.708] [SFX] {"sound": "civ_move_2", "volume": 0.13}
[2026-09-25 23:03:05.709] [SFX] {"sound": "civ_move_1", "volume": 0.15}
[2026-09-25 23:03:05.938] [SFX] {"sound": "civ_move_2", "volume": 0.04}
[2026-09-25 23:03:06.005] [SFX] {"sound": "civ_move_1", "volume": 0.15}
[2026-09-25 23:03:06.087] [SFX] {"sound": "civ_move_1", "volume": 0.01}
[2026-09-25 23:03:06.120] [SFX] {"sound": "civ_move_2", "volume": 0.03}
[2026-09-25 23:03:06.121] [SFX] {"sound": "civ_move_2", "volume": 0.12}
[2026-09-25 23:03:06.122] [SFX] {"sound": "civ_move_1", "volume": 0.15}
[2026-09-25 23:03:06.170] [SFX] {"sound": "guardian_move", "volume": 0.26}
[2026-09-25 23:03:06.219] [M] {"button": 1, "pos": [351, 100], "ui_clicked": false}
[2026-09-25 23:03:06.229] [SFX] {"sound": "guardian_move", "volume": 0.25}
[2026-09-25 23:03:06.230] [P] {"start": [133, 104], "goal": [136, 94], "length": 5, "is_direction_change": false}
[2026-09-25 23:03:06.231] [SFX] {"sound": "click_target", "volume": 0.74}
[2026-09-25 23:03:06.269] [JACK] Kurzer Blick um die Ecke...
[2026-09-25 23:03:06.304] [SFX] {"sound": "player_move", "volume": 0.4}
[2026-09-25 23:03:06.342] [SFX] {"sound": "civ_move_2", "volume": 0.04}
[2026-09-25 23:03:06.409] [SFX] {"sound": "civ_move_1", "volume": 0.14}
[2026-09-25 23:03:06.526] [SFX] {"sound": "civ_move_2", "volume": 0.09}
[2026-09-25 23:03:06.527] [SFX] {"sound": "civ_move_1", "volume": 0.13}
[2026-09-25 23:03:06.609] [SFX] {"sound": "player_move", "volume": 0.4}
[2026-09-25 23:03:06.743] [SFX] {"sound": "civ_move_2", "volume": 0.0}
[2026-09-25 23:03:06.776] [SFX] {"sound": "guardian_move", "volume": 0.27}
[2026-09-25 23:03:06.809] [SFX] {"sound": "civ_move_1", "volume": 0.1}
[2026-09-25 23:03:06.832] [SFX] {"sound": "guardian_move", "volume": 0.26}
[2026-09-25 23:03:06.926] [SFX] {"sound": "player_move", "volume": 0.4}
[2026-09-25 23:03:06.927] [SFX] {"sound": "civ_move_2", "volume": 0.05}
[2026-09-25 23:03:06.927] [SFX] {"sound": "civ_move_1", "volume": 0.09}
[2026-09-25 23:03:07.088] [M] {"button": 1, "pos": [338, 240], "ui_clicked": false}
[2026-09-25 23:03:07.219] [SFX] {"sound": "civ_move_1", "volume": 0.1}
[2026-09-25 23:03:07.337] [SFX] {"sound": "civ_move_2", "volume": 0.05}
[2026-09-25 23:03:07.337] [SFX] {"sound": "civ_move_1", "volume": 0.09}
[2026-09-25 23:03:07.385] [SFX] {"sound": "guardian_move", "volume": 0.24}
[2026-09-25 23:03:07.620] [SFX] {"sound": "civ_move_1", "volume": 0.09}
[2026-09-25 23:03:07.739] [SFX] {"sound": "civ_move_2", "volume": 0.04}
[2026-09-25 23:03:07.740] [SFX] {"sound": "civ_move_1", "volume": 0.08}
[2026-09-25 23:03:07.990] [SFX] {"sound": "guardian_move", "volume": 0.23}
[2026-09-25 23:03:08.021] [SFX] {"sound": "civ_move_1", "volume": 0.08}
[2026-09-25 23:03:08.054] [SFX] {"sound": "guardian_move", "volume": 0.23}
[2026-09-25 23:03:08.153] [SFX] {"sound": "civ_move_2", "volume": 0.03}
[2026-09-25 23:03:08.154] [SFX] {"sound": "civ_move_1", "volume": 0.07}
[2026-09-25 23:03:08.553] [SFX] {"sound": "civ_move_2", "volume": 0.02}
[2026-09-25 23:03:08.554] [SFX] {"sound": "civ_move_1", "volume": 0.07}
[2026-09-25 23:03:08.604] [SFX] {"sound": "guardian_move", "volume": 0.23}
[2026-09-25 23:03:08.671] [SFX] {"sound": "guardian_move", "volume": 0.22}
[2026-09-25 23:03:08.840] [SFX] {"sound": "civ_move_1", "volume": 0.06}
[2026-09-25 23:03:08.957] [SFX] {"sound": "civ_move_2", "volume": 0.02}
[2026-09-25 23:03:08.958] [SFX] {"sound": "civ_move_1", "volume": 0.06}
[2026-09-25 23:03:09.170] [M] {"button": 1, "pos": [259, 105], "ui_clicked": false}
[2026-09-25 23:03:09.179] [P] {"start": [136, 94], "goal": [128, 88], "length": 2, "is_direction_change": false}
[2026-09-25 23:03:09.180] [SFX] {"sound": "click_target", "volume": 0.76}
[2026-09-25 23:03:09.213] [SFX] {"sound": "guardian_move", "volume": 0.21}
[2026-09-25 23:03:09.248] [SFX] {"sound": "civ_move_1", "volume": 0.05}
[2026-09-25 23:03:09.282] [SFX] {"sound": "guardian_move", "volume": 0.2}
[2026-09-25 23:03:09.304] [SFX] {"sound": "player_move", "volume": 0.4}
[2026-09-25 23:03:09.364] [SFX] {"sound": "civ_move_1", "volume": 0.04}
[2026-09-25 23:03:09.612] [SFX] {"sound": "player_move", "volume": 0.4}
[2026-09-25 23:03:09.661] [SFX] {"sound": "civ_move_1", "volume": 0.02}
[2026-09-25 23:03:09.825] [SFX] {"sound": "guardian_move", "volume": 0.13}
[2026-09-25 23:03:09.892] [SFX] {"sound": "guardian_move", "volume": 0.12}
[2026-09-25 23:03:10.336] [M] {"button": 1, "pos": [312, 95], "ui_clicked": false}
[2026-09-25 23:03:10.437] [SFX] {"sound": "guardian_move", "volume": 0.11}
[2026-09-25 23:03:10.502] [SFX] {"sound": "guardian_move", "volume": 0.1}
[2026-09-25 23:03:10.788] [M] {"button": 1, "pos": [319, 94], "ui_clicked": false}
[2026-09-25 23:03:10.797] [P] {"start": [128, 88], "goal": [128, 83], "length": 1, "is_direction_change": false}
[2026-09-25 23:03:10.798] [SFX] {"sound": "click_target", "volume": 0.89}
[2026-09-25 23:03:10.834] [SFX] {"sound": "player_move", "volume": 0.4}
[2026-09-25 23:03:11.050] [SFX] {"sound": "guardian_move", "volume": 0.06}
[2026-09-25 23:03:11.664] [SFX] {"sound": "guardian_move", "volume": 0.04}
[2026-09-25 23:03:12.129] [SFX] {"sound": "civ_move_1", "volume": 0.08}
[2026-09-25 23:03:12.279] [SFX] {"sound": "guardian_move", "volume": 0.03}
[2026-09-25 23:03:12.336] [SFX] {"sound": "guardian_move", "volume": 0.02}
[2026-09-25 23:03:12.532] [SFX] {"sound": "civ_move_1", "volume": 0.08}
[2026-09-25 23:03:12.881] [SFX] {"sound": "guardian_move", "volume": 0.01}
[2026-09-25 23:03:12.947] [SFX] {"sound": "civ_move_1", "volume": 0.09}
[2026-09-25 23:03:13.377] [SFX] {"sound": "civ_move_1", "volume": 0.08}
[2026-09-25 23:03:13.792] [SFX] {"sound": "civ_move_1", "volume": 0.07}
[2026-09-25 23:03:14.173] [M] {"button": 1, "pos": [493, 270], "ui_clicked": false}
[2026-09-25 23:03:14.182] [P] {"start": [128, 83], "goal": [143, 94], "length": 2, "is_direction_change": false}
[2026-09-25 23:03:14.182] [SFX] {"sound": "click_target", "volume": 0.42}
[2026-09-25 23:03:14.221] [SFX] {"sound": "civ_move_1", "volume": 0.07}
[2026-09-25 23:03:14.284] [SFX] {"sound": "player_move", "volume": 0.4}
[2026-09-25 23:03:14.603] [SFX] {"sound": "civ_move_1", "volume": 0.1}
[2026-09-25 23:03:14.704] [M] {"button": 1, "pos": [493, 270], "ui_clicked": false}
[2026-09-25 23:03:14.724] [SFX] {"sound": "guardian_move", "volume": 0.03}
[2026-09-25 23:03:14.889] [SFX] {"sound": "player_move", "volume": 0.4}
[2026-09-25 23:03:14.941] [SFX] {"sound": "civ_move_2", "volume": 0.04}
[2026-09-25 23:03:15.009] [SFX] {"sound": "civ_move_1", "volume": 0.0}
[2026-09-25 23:03:15.010] [SFX] {"sound": "civ_move_1", "volume": 0.12}
[2026-09-25 23:03:15.191] [SFX] {"sound": "player_move", "volume": 0.4}
[2026-09-25 23:03:15.340] [SFX] {"sound": "guardian_move", "volume": 0.05}
[2026-09-25 23:03:15.363] [SFX] {"sound": "civ_move_2", "volume": 0.06}
[2026-09-25 23:03:15.381] [SFX] {"sound": "guardian_move", "volume": 0.05}
[2026-09-25 23:03:15.410] [SFX] {"sound": "civ_move_1", "volume": 0.14}
[2026-09-25 23:03:15.463] [SFX] {"sound": "civ_move_1", "volume": 0.0}
[2026-09-25 23:03:15.762] [SFX] {"sound": "civ_move_2", "volume": 0.07}
[2026-09-25 23:03:15.810] [SFX] {"sound": "civ_move_1", "volume": 0.13}
[2026-09-25 23:03:15.876] [SFX] {"sound": "civ_move_1", "volume": 0.01}
[2026-09-25 23:03:15.942] [SFX] {"sound": "guardian_move", "volume": 0.03}
[2026-09-25 23:03:16.174] [SFX] {"sound": "civ_move_2", "volume": 0.08}
[2026-09-25 23:03:16.225] [SFX] {"sound": "civ_move_1", "volume": 0.12}
[2026-09-25 23:03:16.291] [SFX] {"sound": "civ_move_1", "volume": 0.02}
[2026-09-25 23:03:16.541] [M] {"button": 1, "pos": [408, 327], "ui_clicked": false}
[2026-09-25 23:03:16.549] [P] {"start": [143, 94], "goal": [146, 106], "length": 2, "is_direction_change": false}
[2026-09-25 23:03:16.550] [SFX] {"sound": "click_target", "volume": 0.54}
[2026-09-25 23:03:16.588] [SFX] {"sound": "player_move", "volume": 0.4}
[2026-09-25 23:03:16.589] [SFX] {"sound": "guardian_move", "volume": 0.01}
[2026-09-25 23:03:16.607] [SFX] {"sound": "civ_move_2", "volume": 0.09}
[2026-09-25 23:03:16.634] [SFX] {"sound": "civ_move_1", "volume": 0.11}
[2026-09-25 23:03:16.701] [SFX] {"sound": "civ_move_1", "volume": 0.03}
[2026-09-25 23:03:16.866] [SFX] {"sound": "player_move", "volume": 0.4}
[2026-09-25 23:03:17.015] [SFX] {"sound": "civ_move_2", "volume": 0.14}
[2026-09-25 23:03:17.049] [SFX] {"sound": "civ_move_1", "volume": 0.01}
[2026-09-25 23:03:17.050] [SFX] {"sound": "civ_move_1", "volume": 0.14}
[2026-09-25 23:03:17.118] [SFX] {"sound": "civ_move_1", "volume": 0.09}
[2026-09-25 23:03:17.119] [SFX] {"sound": "civ_move_1", "volume": 0.05}
[2026-09-25 23:03:17.151] [SFX] {"sound": "civ_move_1", "volume": 0.01}
[2026-09-25 23:03:17.173] [SFX] {"sound": "player_move", "volume": 0.4}
[2026-09-25 23:03:17.173] [SFX] {"sound": "guardian_move", "volume": 0.07}
[2026-09-25 23:03:17.201] [SFX] {"sound": "guardian_move", "volume": 0.08}
[2026-09-25 23:03:17.418] [SFX] {"sound": "civ_move_2", "volume": 0.19}
[2026-09-25 23:03:17.456] [SFX] {"sound": "civ_move_1", "volume": 0.02}
[2026-09-25 23:03:17.457] [SFX] {"sound": "civ_move_1", "volume": 0.16}
[2026-09-25 23:03:17.523] [SFX] {"sound": "civ_move_1", "volume": 0.13}
[2026-09-25 23:03:17.524] [SFX] {"sound": "civ_move_1", "volume": 0.08}
[2026-09-25 23:03:17.773] [SFX] {"sound": "guardian_move", "volume": 0.09}
[2026-09-25 23:03:17.807] [SFX] {"sound": "civ_move_2", "volume": 0.25}
[2026-09-25 23:03:17.829] [SFX] {"sound": "civ_move_2", "volume": 0.2}
[2026-09-25 23:03:17.856] [M] {"button": 1, "pos": [329, 325], "ui_clicked": false}
[2026-09-25 23:03:17.864] [SFX] {"sound": "civ_move_1", "volume": 0.02}
[2026-09-25 23:03:17.865] [SFX] {"sound": "civ_move_1", "volume": 0.15}
[2026-09-25 23:03:17.866] [P] {"start": [146, 106], "goal": [146, 115], "length": 1, "is_direction_change": false}
[2026-09-25 23:03:17.866] [SFX] {"sound": "click_target", "volume": 0.62}
[2026-09-25 23:03:17.934] [SFX] {"sound": "civ_move_1", "volume": 0.14}
[2026-09-25 23:03:17.934] [SFX] {"sound": "civ_move_1", "volume": 0.1}
[2026-09-25 23:03:18.033] [SFX] {"sound": "player_move", "volume": 0.4}
[2026-09-25 23:03:18.083] [C] {"civ_pos": [146, 112]}
[2026-09-25 23:03:18.222] [SFX] {"sound": "civ_move_2", "volume": 0.29}
[2026-09-25 23:03:18.223] [SFX] {"sound": "civ_move_2", "volume": 0.19}
[2026-09-25 23:03:18.272] [SFX] {"sound": "civ_move_1", "volume": 0.05}
[2026-09-25 23:03:18.272] [SFX] {"sound": "civ_move_1", "volume": 0.19}
[2026-09-25 23:03:18.339] [SFX] {"sound": "civ_move_1", "volume": 0.2}
[2026-09-25 23:03:18.339] [SFX] {"sound": "civ_move_1", "volume": 0.16}
[2026-09-25 23:03:18.388] [SFX] {"sound": "guardian_move", "volume": 0.16}
[2026-09-25 23:03:18.453] [M] {"button": 1, "pos": [335, 327], "ui_clicked": false}
[2026-09-25 23:03:18.634] [SFX] {"sound": "civ_move_2", "volume": 0.26}
[2026-09-25 23:03:18.635] [SFX] {"sound": "civ_move_2", "volume": 0.18}
[2026-09-25 23:03:18.685] [SFX] {"sound": "civ_move_1", "volume": 0.04}
[2026-09-25 23:03:18.685] [SFX] {"sound": "civ_move_1", "volume": 0.19}
[2026-09-25 23:03:18.749] [SFX] {"sound": "civ_move_1", "volume": 0.21}
[2026-09-25 23:03:18.750] [SFX] {"sound": "civ_move_1", "volume": 0.17}
[2026-09-25 23:03:18.848] [SFX] {"sound": "civ_move_1", "volume": 0.0}
[2026-09-25 23:03:19.000] [SFX] {"sound": "guardian_move", "volume": 0.16}
[2026-09-25 23:03:19.033] [SFX] {"sound": "guardian_move", "volume": 0.15}
[2026-09-25 23:03:19.055] [SFX] {"sound": "civ_move_2", "volume": 0.25}
[2026-09-25 23:03:19.073] [SFX] {"sound": "civ_move_2", "volume": 0.17}
[2026-09-25 23:03:19.101] [SFX] {"sound": "civ_move_1", "volume": 0.03}
[2026-09-25 23:03:19.102] [SFX] {"sound": "civ_move_1", "volume": 0.18}
[2026-09-25 23:03:19.150] [SFX] {"sound": "civ_move_1", "volume": 0.22}
[2026-09-25 23:03:19.151] [SFX] {"sound": "civ_move_1", "volume": 0.18}
[2026-09-25 23:03:19.252] [SFX] {"sound": "civ_move_1", "volume": 0.01}
[2026-09-25 23:03:19.450] [SFX] {"sound": "civ_move_2", "volume": 0.24}
[2026-09-25 23:03:19.482] [SFX] {"sound": "civ_move_2", "volume": 0.16}
[2026-09-25 23:03:19.516] [SFX] {"sound": "civ_move_1", "volume": 0.02}
[2026-09-25 23:03:19.517] [SFX] {"sound": "civ_move_1", "volume": 0.17}
[2026-09-25 23:03:19.567] [SFX] {"sound": "civ_move_1", "volume": 0.23}
[2026-09-25 23:03:19.568] [SFX] {"sound": "civ_move_1", "volume": 0.19}
[2026-09-25 23:03:19.600] [SFX] {"sound": "guardian_move", "volume": 0.15}
[2026-09-25 23:03:19.667] [SFX] {"sound": "civ_move_1", "volume": 0.02}
[2026-09-25 23:03:19.866] [SFX] {"sound": "civ_move_2", "volume": 0.23}
[2026-09-25 23:03:19.901] [SFX] {"sound": "civ_move_2", "volume": 0.15}
[2026-09-25 23:03:19.923] [SFX] {"sound": "civ_move_1", "volume": 0.02}
[2026-09-25 23:03:19.924] [SFX] {"sound": "civ_move_1", "volume": 0.16}
[2026-09-25 23:03:19.971] [SFX] {"sound": "civ_move_1", "volume": 0.24}
[2026-09-25 23:03:19.972] [SFX] {"sound": "civ_move_1", "volume": 0.2}
[2026-09-25 23:03:20.067] [SFX] {"sound": "civ_move_1", "volume": 0.03}
[2026-09-25 23:03:20.200] [SFX] {"sound": "guardian_move", "volume": 0.14}
[2026-09-25 23:03:20.266] [SFX] {"sound": "civ_move_2", "volume": 0.21}
[2026-09-25 23:03:20.316] [SFX] {"sound": "civ_move_2", "volume": 0.14}
[2026-09-25 23:03:20.339] [SFX] {"sound": "civ_move_1", "volume": 0.01}
[2026-09-25 23:03:20.340] [SFX] {"sound": "civ_move_1", "volume": 0.15}
[2026-09-25 23:03:20.384] [SFX] {"sound": "civ_move_1", "volume": 0.29}
[2026-09-25 23:03:20.386] [SFX] {"sound": "civ_move_1", "volume": 0.2}
[2026-09-25 23:03:20.483] [SFX] {"sound": "civ_move_1", "volume": 0.04}
[2026-09-25 23:03:20.499] [M] {"button": 1, "pos": [333, 312], "ui_clicked": false}
[2026-09-25 23:03:20.670] [SFX] {"sound": "civ_move_2", "volume": 0.2}
[2026-09-25 23:03:20.720] [SFX] {"sound": "civ_move_2", "volume": 0.14}
[2026-09-25 23:03:20.741] [SFX] {"sound": "civ_move_1", "volume": 0.14}
[2026-09-25 23:03:20.786] [SFX] {"sound": "civ_move_1", "volume": 0.28}
[2026-09-25 23:03:20.787] [SFX] {"sound": "civ_move_1", "volume": 0.21}
[2026-09-25 23:03:20.809] [SFX] {"sound": "guardian_move", "volume": 0.13}
[2026-09-25 23:03:20.837] [SFX] {"sound": "guardian_move", "volume": 0.12}
[2026-09-25 23:03:20.886] [SFX] {"sound": "civ_move_1", "volume": 0.04}
[2026-09-25 23:03:21.016] [M] {"button": 1, "pos": [326, 321], "ui_clicked": false}
[2026-09-25 23:03:21.025] [P] {"start": [146, 115], "goal": [146, 123], "length": 1, "is_direction_change": false}
[2026-09-25 23:03:21.025] [SFX] {"sound": "click_target", "volume": 0.63}
[2026-09-25 23:03:21.073] [SFX] {"sound": "player_move", "volume": 0.4}
[2026-09-25 23:03:21.074] [SFX] {"sound": "civ_move_2", "volume": 0.18}
[2026-09-25 23:03:21.096] [C] {"civ_pos": [146, 118]}
[2026-09-25 23:03:21.131] [SFX] {"sound": "civ_move_2", "volume": 0.12}
[2026-09-25 23:03:21.152] [SFX] {"sound": "civ_move_1", "volume": 0.14}
[2026-09-25 23:03:21.197] [SFX] {"sound": "civ_move_1", "volume": 0.24}
[2026-09-25 23:03:21.198] [SFX] {"sound": "civ_move_1", "volume": 0.29}
[2026-09-25 23:03:21.281] [SFX] {"sound": "civ_move_2", "volume": 0.08}
[2026-09-25 23:03:21.302] [SFX] {"sound": "civ_move_1", "volume": 0.07}
[2026-09-25 23:03:21.379] [SFX] {"sound": "player_move", "volume": 0.4}
[2026-09-25 23:03:21.412] [SFX] {"sound": "guardian_move", "volume": 0.15}
[2026-09-25 23:03:21.481] [SFX] {"sound": "civ_move_2", "volume": 0.12}
[2026-09-25 23:03:21.516] [M] {"button": 1, "pos": [327, 321], "ui_clicked": false}
[2026-09-25 23:03:21.523] [P] {"start": [146, 123], "goal": [146, 131], "length": 1, "is_direction_change": false}
[2026-09-25 23:03:21.524] [SFX] {"sound": "click_target", "volume": 0.63}
[2026-09-25 23:03:21.560] [SFX] {"sound": "civ_move_2", "volume": 0.08}
[2026-09-25 23:03:21.578] [SFX] {"sound": "civ_move_1", "volume": 0.18}
[2026-09-25 23:03:21.606] [SFX] {"sound": "civ_move_1", "volume": 0.23}
[2026-09-25 23:03:21.687] [SFX] {"sound": "civ_move_2", "volume": 0.1}
[2026-09-25 23:03:21.709] [SFX] {"sound": "civ_move_1", "volume": 0.09}
[2026-09-25 23:03:21.786] [SFX] {"sound": "player_move", "volume": 0.4}
[2026-09-25 23:03:21.886] [SFX] {"sound": "civ_move_2", "volume": 0.05}
[2026-09-25 23:03:21.949] [SFX] {"sound": "civ_move_2", "volume": 0.02}
[2026-09-25 23:03:21.983] [SFX] {"sound": "civ_move_1", "volume": 0.21}
[2026-09-25 23:03:22.015] [SFX] {"sound": "guardian_move", "volume": 0.16}
[2026-09-25 23:03:22.016] [SFX] {"sound": "civ_move_1", "volume": 0.12}
[2026-09-25 23:03:22.017] [SFX] {"sound": "civ_move_1", "volume": 0.18}
[2026-09-25 23:03:22.049] [SFX] {"sound": "guardian_move", "volume": 0.16}
[2026-09-25 23:03:22.099] [SFX] {"sound": "civ_move_2", "volume": 0.11}
[2026-09-25 23:03:22.121] [SFX] {"sound": "civ_move_1", "volume": 0.11}
[2026-09-25 23:03:22.298] [SFX] {"sound": "civ_move_2", "volume": 0.03}
[2026-09-25 23:03:22.363] [SFX] {"sound": "civ_move_2", "volume": 0.01}
[2026-09-25 23:03:22.397] [SFX] {"sound": "civ_move_1", "volume": 0.21}
[2026-09-25 23:03:22.431] [SFX] {"sound": "civ_move_1", "volume": 0.11}
[2026-09-25 23:03:22.432] [SFX] {"sound": "civ_move_1", "volume": 0.16}
[2026-09-25 23:03:22.530] [SFX] {"sound": "civ_move_1", "volume": 0.12}
[2026-09-25 23:03:22.531] [SFX] {"sound": "civ_move_2", "volume": 0.1}
[2026-09-25 23:03:22.631] [SFX] {"sound": "guardian_move", "volume": 0.14}
[2026-09-25 23:03:22.682] [M] {"button": 1, "pos": [335, 305], "ui_clicked": false}
[2026-09-25 23:03:22.701] [SFX] {"sound": "civ_move_2", "volume": 0.02}
[2026-09-25 23:03:22.768] [SFX] {"sound": "civ_move_2", "volume": 0.01}
[2026-09-25 23:03:22.803] [SFX] {"sound": "civ_move_1", "volume": 0.2}
[2026-09-25 23:03:22.835] [SFX] {"sound": "civ_move_1", "volume": 0.1}
[2026-09-25 23:03:22.835] [SFX] {"sound": "civ_move_1", "volume": 0.15}
[2026-09-25 23:03:22.935] [SFX] {"sound": "civ_move_1", "volume": 0.13}
[2026-09-25 23:03:22.936] [SFX] {"sound": "civ_move_2", "volume": 0.09}
[2026-09-25 23:03:23.117] [M] {"button": 1, "pos": [341, 304], "ui_clicked": false}
[2026-09-25 23:03:23.126] [SFX] {"sound": "civ_move_2", "volume": 0.02}
[2026-09-25 23:03:23.171] [SFX] {"sound": "civ_move_2", "volume": 0.01}
[2026-09-25 23:03:23.204] [SFX] {"sound": "civ_move_1", "volume": 0.19}
[2026-09-25 23:03:23.236] [SFX] {"sound": "guardian_move", "volume": 0.12}
[2026-09-25 23:03:23.237] [SFX] {"sound": "civ_move_1", "volume": 0.08}
[2026-09-25 23:03:23.238] [SFX] {"sound": "civ_move_1", "volume": 0.14}
[2026-09-25 23:03:23.271] [SFX] {"sound": "guardian_move", "volume": 0.12}
[2026-09-25 23:03:23.338] [SFX] {"sound": "civ_move_1", "volume": 0.14}
[2026-09-25 23:03:23.339] [SFX] {"sound": "civ_move_2", "volume": 0.08}
[2026-09-25 23:03:23.418] [M] {"button": 1, "pos": [344, 315], "ui_clicked": false}
[2026-09-25 23:03:23.426] [P] {"start": [146, 131], "goal": [148, 138], "length": 2, "is_direction_change": false}
[2026-09-25 23:03:23.427] [SFX] {"sound": "click_target", "volume": 0.64}
[2026-09-25 23:03:23.524] [SFX] {"sound": "civ_move_2", "volume": 0.01}
[2026-09-25 23:03:23.609] [SFX] {"sound": "player_move", "volume": 0.4}
[2026-09-25 23:03:23.610] [SFX] {"sound": "civ_move_1", "volume": 0.23}
[2026-09-25 23:03:23.641] [SFX] {"sound": "civ_move_1", "volume": 0.04}
[2026-09-25 23:03:23.642] [SFX] {"sound": "civ_move_1", "volume": 0.09}
[2026-09-25 23:03:23.741] [SFX] {"sound": "civ_move_1", "volume": 0.18}
[2026-09-25 23:03:23.741] [SFX] {"sound": "civ_move_2", "volume": 0.09}
[2026-09-25 23:03:23.840] [SFX] {"sound": "guardian_move", "volume": 0.11}
[2026-09-25 23:03:23.875] [SFX] {"sound": "guardian_move", "volume": 0.1}
[2026-09-25 23:03:24.024] [SFX] {"sound": "civ_move_1", "volume": 0.2}
[2026-09-25 23:03:24.057] [SFX] {"sound": "civ_move_1", "volume": 0.01}
[2026-09-25 23:03:24.058] [SFX] {"sound": "civ_move_1", "volume": 0.06}
[2026-09-25 23:03:24.156] [SFX] {"sound": "civ_move_1", "volume": 0.18}
[2026-09-25 23:03:24.157] [SFX] {"sound": "civ_move_2", "volume": 0.06}
[2026-09-25 23:03:24.437] [SFX] {"sound": "civ_move_1", "volume": 0.19}
[2026-09-25 23:03:24.459] [SFX] {"sound": "guardian_move", "volume": 0.08}
[2026-09-25 23:03:24.477] [SFX] {"sound": "civ_move_1", "volume": 0.05}
[2026-09-25 23:03:24.495] [SFX] {"sound": "guardian_move", "volume": 0.08}
[2026-09-25 23:03:24.557] [SFX] {"sound": "civ_move_1", "volume": 0.19}
[2026-09-25 23:03:24.558] [SFX] {"sound": "civ_move_2", "volume": 0.05}
[2026-09-25 23:03:24.850] [SFX] {"sound": "civ_move_1", "volume": 0.17}
[2026-09-25 23:03:24.886] [SFX] {"sound": "civ_move_1", "volume": 0.04}
[2026-09-25 23:03:24.971] [SFX] {"sound": "civ_move_1", "volume": 0.2}
[2026-09-25 23:03:24.972] [SFX] {"sound": "civ_move_2", "volume": 0.03}
[2026-09-25 23:03:25.054] [SFX] {"sound": "guardian_move", "volume": 0.06}
[2026-09-25 23:03:25.104] [SFX] {"sound": "guardian_move", "volume": 0.05}
[2026-09-25 23:03:25.253] [SFX] {"sound": "civ_move_1", "volume": 0.16}
[2026-09-25 23:03:25.286] [SFX] {"sound": "civ_move_1", "volume": 0.02}
[2026-09-25 23:03:25.374] [SFX] {"sound": "civ_move_1", "volume": 0.21}
[2026-09-25 23:03:25.375] [SFX] {"sound": "civ_move_2", "volume": 0.02}
[2026-09-25 23:03:25.486] [M] {"button": 1, "pos": [218, 172], "ui_clicked": false}
[2026-09-25 23:03:25.493] [JACK] JACK // HIGH THREAT POTENTIAL. SWITCHES FREQUENCIES FREQUENTLY. KEEP DISTANCE.
[2026-09-25 23:03:25.494] [SFX] {"sound": "click_target", "volume": 0.73}
[2026-09-25 23:03:25.523] [SFX] {"sound": "player_move", "volume": 0.4}
[2026-09-25 23:03:25.655] [SFX] {"sound": "guardian_move", "volume": 0.05}
[2026-09-25 23:03:25.656] [SFX] {"sound": "civ_move_1", "volume": 0.17}
[2026-09-25 23:03:25.688] [SFX] {"sound": "civ_move_1", "volume": 0.03}
[2026-09-25 23:03:25.710] [SFX] {"sound": "guardian_move", "volume": 0.05}
[2026-09-25 23:03:25.773] [SFX] {"sound": "civ_move_1", "volume": 0.25}
[2026-09-25 23:03:25.825] [SFX] {"sound": "player_move", "volume": 0.4}
[2026-09-25 23:03:25.975] [C] {"civ_pos": [139, 134]}
[2026-09-25 23:03:26.069] [SFX] {"sound": "civ_move_1", "volume": 0.2}
[2026-09-25 23:03:26.103] [SFX] {"sound": "civ_move_1", "volume": 0.03}
[2026-09-25 23:03:26.138] [SFX] {"sound": "player_move", "volume": 0.4}
[2026-09-25 23:03:26.187] [SFX] {"sound": "civ_move_1", "volume": 0.3}
[2026-09-25 23:03:26.188] [SFX] {"sound": "threat_pulse", "volume": 0.3}
[2026-09-25 23:03:26.220] [SFX] {"sound": "civ_move_2", "volume": 0.08}
[2026-09-25 23:03:26.269] [SFX] {"sound": "guardian_move", "volume": 0.09}
[2026-09-25 23:03:26.319] [SFX] {"sound": "guardian_move", "volume": 0.08}
[2026-09-25 23:03:26.452] [SFX] {"sound": "player_move", "volume": 0.4}
[2026-09-25 23:03:26.487] [SFX] {"sound": "civ_move_1", "volume": 0.18}
[2026-09-25 23:03:26.508] [SFX] {"sound": "civ_move_1", "volume": 0.02}
[2026-09-25 23:03:26.603] [SFX] {"sound": "civ_move_1", "volume": 0.29}
[2026-09-25 23:03:26.626] [SFX] {"sound": "civ_move_2", "volume": 0.07}
[2026-09-25 23:03:26.753] [SFX] {"sound": "player_move", "volume": 0.4}
[2026-09-25 23:03:26.869] [SFX] {"sound": "guardian_move", "volume": 0.04}
[2026-09-25 23:03:26.919] [SFX] {"sound": "civ_move_1", "volume": 0.0}
[2026-09-25 23:03:26.940] [SFX] {"sound": "guardian_move", "volume": 0.04}
[2026-09-25 23:03:27.003] [SFX] {"sound": "civ_move_1", "volume": 0.29}
[2026-09-25 23:03:27.052] [SFX] {"sound": "civ_move_2", "volume": 0.06}
[2026-09-25 23:03:27.073] [SFX] {"sound": "player_move", "volume": 0.4}
[2026-09-25 23:03:27.103] [SFX] {"sound": "threat_pulse", "volume": 0.31}
[2026-09-25 23:03:27.383] [SFX] {"sound": "player_move", "volume": 0.4}
[2026-09-25 23:03:27.419] [SFX] {"sound": "civ_move_1", "volume": 0.29}
[2026-09-25 23:03:27.453] [SFX] {"sound": "civ_move_2", "volume": 0.06}
[2026-09-25 23:03:27.689] [SFX] {"sound": "player_move", "volume": 0.4}
[2026-09-25 23:03:27.790] [M] {"button": 1, "pos": [382, 209], "ui_clicked": true}
[2026-09-25 23:03:27.831] [SFX] {"sound": "civ_move_1", "volume": 0.29}
[2026-09-25 23:03:27.865] [SFX] {"sound": "civ_move_2", "volume": 0.05}
[2026-09-25 23:03:27.983] [SFX] {"sound": "infiltrate 2", "volume": 0.5}
[2026-09-25 23:03:28.004] [SFX] {"sound": "player_move", "volume": 0.4}
[2026-09-25 23:03:28.024] [SFX] {"sound": "threat_pulse", "volume": 0.32}
[2026-09-25 23:03:28.152] [SFX] {"sound": "civ_move_1", "volume": 0.01}
[2026-09-25 23:03:28.235] [SFX] {"sound": "civ_move_1", "volume": 0.29}
[2026-09-25 23:03:28.268] [SFX] {"sound": "civ_move_2", "volume": 0.06}
[2026-09-25 23:03:28.302] [SFX] {"sound": "player_move", "volume": 0.4}
[2026-09-25 23:03:28.387] [SFX] {"sound": "infiltrate 1", "volume": 0.5}
[2026-09-25 23:03:28.484] [C] {"civ_pos": [146, 130]}
[2026-09-25 23:03:28.554] [SFX] {"sound": "civ_move_1", "volume": 0.01}
[2026-09-25 23:03:28.555] [SFX] {"sound": "civ_move_1", "volume": 0.02}
[2026-09-25 23:03:28.605] [SFX] {"sound": "player_move", "volume": 0.4}
[2026-09-25 23:03:28.639] [SFX] {"sound": "civ_move_1", "volume": 0.29}
[2026-09-25 23:03:28.673] [SFX] {"sound": "civ_move_2", "volume": 0.07}
[2026-09-25 23:03:28.789] [SFX] {"sound": "infiltrate 2", "volume": 0.5}
[2026-09-25 23:03:28.907] [SFX] {"sound": "player_move", "volume": 0.4}
[2026-09-25 23:03:28.928] [SFX] {"sound": "threat_pulse", "volume": 0.34}
[2026-09-25 23:03:28.958] [SFX] {"sound": "civ_move_1", "volume": 0.01}
[2026-09-25 23:03:28.958] [SFX] {"sound": "civ_move_1", "volume": 0.03}
[2026-09-25 23:03:29.042] [SFX] {"sound": "civ_move_1", "volume": 0.29}
[2026-09-25 23:03:29.075] [SFX] {"sound": "civ_move_2", "volume": 0.08}
[2026-09-25 23:03:29.193] [SFX] {"sound": "infiltrate 1", "volume": 0.5}
[2026-09-25 23:03:29.216] [SFX] {"sound": "player_move", "volume": 0.4}
[2026-09-25 23:03:29.362] [SFX] {"sound": "civ_move_1", "volume": 0.02}
[2026-09-25 23:03:29.363] [SFX] {"sound": "civ_move_1", "volume": 0.04}
[2026-09-25 23:03:29.444] [SFX] {"sound": "civ_move_1", "volume": 0.29}
[2026-09-25 23:03:29.478] [SFX] {"sound": "civ_move_2", "volume": 0.08}
[2026-09-25 23:03:29.511] [SFX] {"sound": "player_move", "volume": 0.4}
[2026-09-25 23:03:29.592] [SFX] {"sound": "infiltrate 2", "volume": 0.5}
[2026-09-25 23:03:29.772] [SFX] {"sound": "civ_move_1", "volume": 0.03}
[2026-09-25 23:03:29.773] [SFX] {"sound": "civ_move_1", "volume": 0.05}
[2026-09-25 23:03:29.824] [SFX] {"sound": "player_move", "volume": 0.4}
[2026-09-25 23:03:29.825] [SFX] {"sound": "threat_pulse", "volume": 0.35}
[2026-09-25 23:03:29.859] [SFX] {"sound": "civ_move_1", "volume": 0.29}
[2026-09-25 23:03:29.894] [SFX] {"sound": "civ_move_2", "volume": 0.09}
[2026-09-25 23:03:30.007] [SFX] {"sound": "infiltrate 2", "volume": 0.5}
[2026-09-25 23:03:30.139] [SFX] {"sound": "player_move", "volume": 0.4}
[2026-09-25 23:03:30.174] [SFX] {"sound": "civ_move_1", "volume": 0.03}
[2026-09-25 23:03:30.175] [SFX] {"sound": "civ_move_1", "volume": 0.05}
[2026-09-25 23:03:30.273] [SFX] {"sound": "civ_move_1", "volume": 0.29}
[2026-09-25 23:03:30.308] [SFX] {"sound": "civ_move_2", "volume": 0.1}
[2026-09-25 23:03:30.409] [SFX] {"sound": "infiltrate 2", "volume": 0.5}
[2026-09-25 23:03:30.441] [SFX] {"sound": "player_move", "volume": 0.4}
[2026-09-25 23:03:30.589] [SFX] {"sound": "civ_move_1", "volume": 0.03}
[2026-09-25 23:03:30.589] [SFX] {"sound": "civ_move_1", "volume": 0.06}
[2026-09-25 23:03:30.687] [SFX] {"sound": "civ_move_1", "volume": 0.29}
[2026-09-25 23:03:30.719] [SFX] {"sound": "civ_move_2", "volume": 0.1}
[2026-09-25 23:03:30.742] [SFX] {"sound": "threat_pulse", "volume": 0.36}
[2026-09-25 23:03:30.760] [SFX] {"sound": "player_move", "volume": 0.4}
[2026-09-25 23:03:30.807] [SFX] {"sound": "hack_success", "volume": 1.0}
[2026-09-25 23:03:30.808] [JACK] JACK // STOLE 1 DATA FROM KIRA VANCE (DATA COURIER). TARGET FLEEING TO GUARD SPOT!
[2026-09-25 23:03:30.808] [JACK] JACK // HIGH THREAT POTENTIAL. SWITCHES FREQUENCIES FREQUENTLY. KEEP DISTANCE.
[2026-09-25 23:03:30.989] [SFX] {"sound": "civ_move_1", "volume": 0.02}
[2026-09-25 23:03:30.989] [SFX] {"sound": "civ_move_1", "volume": 0.06}
[2026-09-25 23:03:30.990] [C] {"civ_pos": [145, 121]}
[2026-09-25 23:03:31.094] [SFX] {"sound": "civ_move_1", "volume": 0.23}
[2026-09-25 23:03:31.129] [SFX] {"sound": "civ_move_2", "volume": 0.11}
[2026-09-25 23:03:31.391] [SFX] {"sound": "civ_move_1", "volume": 0.01}
[2026-09-25 23:03:31.392] [SFX] {"sound": "civ_move_1", "volume": 0.05}
[2026-09-25 23:03:31.506] [SFX] {"sound": "civ_move_1", "volume": 0.22}
[2026-09-25 23:03:31.539] [SFX] {"sound": "civ_move_2", "volume": 0.12}
[2026-09-25 23:03:31.638] [SFX] {"sound": "threat_pulse", "volume": 0.32}
[2026-09-25 23:03:31.804] [SFX] {"sound": "civ_move_1", "volume": 0.05}
[2026-09-25 23:03:31.922] [SFX] {"sound": "civ_move_1", "volume": 0.21}
[2026-09-25 23:03:31.956] [SFX] {"sound": "civ_move_2", "volume": 0.12}
[2026-09-25 23:03:32.221] [SFX] {"sound": "civ_move_1", "volume": 0.04}
[2026-09-25 23:03:32.324] [SFX] {"sound": "civ_move_1", "volume": 0.19}
[2026-09-25 23:03:32.360] [SFX] {"sound": "civ_move_2", "volume": 0.13}
[2026-09-25 23:03:32.410] [M] {"button": 1, "pos": [331, 221], "ui_clicked": false}
[2026-09-25 23:03:32.418] [P] {"start": [146, 121], "goal": [146, 126], "length": 1, "is_direction_change": false}
[2026-09-25 23:03:32.419] [SFX] {"sound": "click_target", "volume": 0.71}
[2026-09-25 23:03:32.732] [SFX] {"sound": "civ_move_1", "volume": 0.19}
[2026-09-25 23:03:32.766] [SFX] {"sound": "civ_move_2", "volume": 0.15}
[2026-09-25 23:03:33.082] [M] {"button": 1, "pos": [329, 225], "ui_clicked": false}
[2026-09-25 23:03:33.090] [P] {"start": [146, 126], "goal": [146, 127], "length": 1, "is_direction_change": false}
[2026-09-25 23:03:33.091] [SFX] {"sound": "click_target", "volume": 0.77}
[2026-09-25 23:03:33.142] [SFX] {"sound": "civ_move_1", "volume": 0.18}
[2026-09-25 23:03:33.175] [SFX] {"sound": "civ_move_2", "volume": 0.17}
[2026-09-25 23:03:33.555] [SFX] {"sound": "civ_move_1", "volume": 0.18}
[2026-09-25 23:03:33.571] [M] {"button": 1, "pos": [330, 280], "ui_clicked": false}
[2026-09-25 23:03:33.579] [P] {"start": [146, 127], "goal": [146, 132], "length": 1, "is_direction_change": false}
[2026-09-25 23:03:33.580] [SFX] {"sound": "click_target", "volume": 0.69}
[2026-09-25 23:03:33.606] [SFX] {"sound": "civ_move_2", "volume": 0.18}
[2026-09-25 23:03:33.626] [SFX] {"sound": "player_move", "volume": 0.4}
[2026-09-25 23:03:33.957] [SFX] {"sound": "civ_move_1", "volume": 0.19}
[2026-09-25 23:03:34.007] [SFX] {"sound": "civ_move_2", "volume": 0.2}
[2026-09-25 23:03:34.420] [SFX] {"sound": "civ_move_2", "volume": 0.21}
[2026-09-25 23:03:34.623] [SENTINEL_ALARM_DISPATCHED] {"guard": [137, 132], "investigate": [146, 134]}
[2026-09-25 23:03:34.674] [SFX] {"sound": "guardian_move", "volume": 0.25}
[2026-09-25 23:03:34.826] [SFX] {"sound": "civ_move_2", "volume": 0.22}
[2026-09-25 23:03:35.275] [SFX] {"sound": "guardian_move", "volume": 0.25}
[2026-09-25 23:03:35.637] [SFX] {"sound": "civ_move_2", "volume": 0.23}
[2026-09-25 23:03:35.705] [C] {"civ_pos": [146, 134]}
[2026-09-25 23:03:35.874] [SFX] {"sound": "guardian_move", "volume": 0.27}
[2026-09-25 23:03:36.042] [SFX] {"sound": "civ_move_2", "volume": 0.24}
[2026-09-25 23:03:36.453] [SFX] {"sound": "civ_move_2", "volume": 0.29}
[2026-09-25 23:03:36.488] [SFX] {"sound": "guardian_move", "volume": 0.29}
[2026-09-25 23:03:36.853] [SFX] {"sound": "civ_move_2", "volume": 0.28}
[2026-09-25 23:03:36.937] [SFX] {"sound": "threat_pulse", "volume": 0.31}
[2026-09-25 23:03:37.103] [SFX] {"sound": "guardian_move", "volume": 0.3}
[2026-09-25 23:03:37.254] [M] {"button": 1, "pos": [325, 92], "ui_clicked": false}
[2026-09-25 23:03:37.263] [SFX] {"sound": "civ_move_2", "volume": 0.27}
[2026-09-25 23:03:37.264] [P] {"start": [146, 132], "goal": [146, 120], "length": 1, "is_direction_change": false}
[2026-09-25 23:03:37.265] [SFX] {"sound": "click_target", "volume": 0.71}
[2026-09-25 23:03:37.301] [JACK] Achtung! Guardians patrouillieren den Sektor. Wir müssen extrem vorsichtig sein!
[2026-09-25 23:03:37.381] [SFX] {"sound": "player_move", "volume": 0.4}
[2026-09-25 23:03:37.663] [SFX] {"sound": "civ_move_2", "volume": 0.23}
[2026-09-25 23:03:37.685] [SFX] {"sound": "player_move", "volume": 0.4}
[2026-09-25 23:03:37.732] [SFX] {"sound": "guardian_move", "volume": 0.23}
[2026-09-25 23:03:37.849] [SFX] {"sound": "threat_pulse", "volume": 0.3}
[2026-09-25 23:03:37.897] [M] {"button": 1, "pos": [323, 70], "ui_clicked": false}
[2026-09-25 23:03:37.906] [P] {"start": [146, 120], "goal": [146, 113], "length": 1, "is_direction_change": false}
[2026-09-25 23:03:37.907] [SFX] {"sound": "click_target", "volume": 0.85}
[2026-09-25 23:03:38.042] [SFX] {"sound": "player_move", "volume": 0.4}
[2026-09-25 23:03:38.077] [SFX] {"sound": "civ_move_2", "volume": 0.19}
[2026-09-25 23:03:38.342] [SFX] {"sound": "guardian_move", "volume": 0.15}
[2026-09-25 23:03:38.491] [SFX] {"sound": "civ_move_2", "volume": 0.18}
[2026-09-25 23:03:38.900] [SFX] {"sound": "civ_move_2", "volume": 0.19}
[2026-09-25 23:03:38.949] [SFX] {"sound": "guardian_move", "volume": 0.14}
[2026-09-25 23:03:39.315] [SFX] {"sound": "civ_move_2", "volume": 0.2}
[2026-09-25 23:03:39.562] [SFX] {"sound": "guardian_move", "volume": 0.14}
[2026-09-25 23:03:39.728] [SFX] {"sound": "civ_move_2", "volume": 0.21}
[2026-09-25 23:03:40.136] [SFX] {"sound": "civ_move_2", "volume": 0.22}
[2026-09-25 23:03:40.170] [SFX] {"sound": "guardian_move", "volume": 0.13}
[2026-09-25 23:03:40.219] [C] {"civ_pos": [146, 115]}
[2026-09-25 23:03:40.550] [SFX] {"sound": "civ_move_2", "volume": 0.23}
[2026-09-25 23:03:40.781] [SFX] {"sound": "guardian_move", "volume": 0.12}
[2026-09-25 23:03:40.914] [M] {"button": 1, "pos": [319, 123], "ui_clicked": false}
[2026-09-25 23:03:40.950] [SFX] {"sound": "civ_move_2", "volume": 0.3}
[2026-09-25 23:03:41.362] [SFX] {"sound": "civ_move_2", "volume": 0.29}
[2026-09-25 23:03:41.397] [SFX] {"sound": "guardian_move", "volume": 0.11}
[2026-09-25 23:03:41.596] [M] {"button": 1, "pos": [323, 131], "ui_clicked": false}
[2026-09-25 23:03:41.604] [P] {"start": [146, 113], "goal": [146, 112], "length": 1, "is_direction_change": false}
[2026-09-25 23:03:41.605] [SFX] {"sound": "click_target", "volume": 0.98}
[2026-09-25 23:03:41.775] [SFX] {"sound": "civ_move_2", "volume": 0.28}
[2026-09-25 23:03:42.005] [SFX] {"sound": "guardian_move", "volume": 0.09}
[2026-09-25 23:03:42.187] [SFX] {"sound": "civ_move_2", "volume": 0.27}
[2026-09-25 23:03:42.587] [SFX] {"sound": "civ_move_2", "volume": 0.26}
[2026-09-25 23:03:42.619] [SFX] {"sound": "guardian_move", "volume": 0.08}
[2026-09-25 23:03:42.998] [SFX] {"sound": "civ_move_2", "volume": 0.25}
[2026-09-25 23:03:43.234] [SFX] {"sound": "guardian_move", "volume": 0.06}
[2026-09-25 23:03:43.284] [M] {"button": 1, "pos": [326, 335], "ui_clicked": false}
[2026-09-25 23:03:43.292] [P] {"start": [146, 112], "goal": [146, 129], "length": 1, "is_direction_change": false}
[2026-09-25 23:03:43.293] [SFX] {"sound": "click_target", "volume": 0.46}
[2026-09-25 23:03:43.333] [JACK] Kurzer Blick um die Ecke...
[2026-09-25 23:03:43.352] [SFX] {"sound": "player_move", "volume": 0.4}
[2026-09-25 23:03:43.398] [SFX] {"sound": "civ_move_2", "volume": 0.22}
[2026-09-25 23:03:43.661] [SFX] {"sound": "player_move", "volume": 0.4}
[2026-09-25 23:03:43.810] [SFX] {"sound": "civ_move_2", "volume": 0.14}
[2026-09-25 23:03:43.846] [SFX] {"sound": "guardian_move", "volume": 0.1}
[2026-09-25 23:03:43.963] [SFX] {"sound": "player_move", "volume": 0.4}
[2026-09-25 23:03:44.217] [SFX] {"sound": "civ_move_2", "volume": 0.08}
[2026-09-25 23:03:44.462] [SFX] {"sound": "guardian_move", "volume": 0.09}
[2026-09-25 23:03:44.630] [SFX] {"sound": "civ_move_2", "volume": 0.07}
[2026-09-25 23:03:45.039] [SFX] {"sound": "civ_move_2", "volume": 0.06}
[2026-09-25 23:03:45.073] [M] {"button": 1, "pos": [439, 327], "ui_clicked": false}
[2026-09-25 23:03:45.081] [SFX] {"sound": "guardian_move", "volume": 0.07}
[2026-09-25 23:03:45.082] [P] {"start": [146, 129], "goal": [156, 138], "length": 17, "is_direction_change": false}
[2026-09-25 23:03:45.082] [SFX] {"sound": "click_target", "volume": 0.52}
[2026-09-25 23:03:45.219] [SFX] {"sound": "player_move", "volume": 0.4}
[2026-09-25 23:03:45.681] [SFX] {"sound": "guardian_move", "volume": 0.05}
[2026-09-25 23:03:45.848] [SFX] {"sound": "player_move", "volume": 0.4}
[2026-09-25 23:03:45.870] [SFX] {"sound": "civ_move_2", "volume": 0.0}
[2026-09-25 23:03:46.163] [SFX] {"sound": "player_move", "volume": 0.4}
[2026-09-25 23:03:48.540] [M] {"button": 1, "pos": [30, 150], "ui_clicked": false}
[2026-09-25 23:03:48.920] [M] {"button": 1, "pos": [43, 164], "ui_clicked": false}
[2026-09-25 23:03:48.928] [P] {"start": [156, 138], "goal": [126, 134], "length": 18, "is_direction_change": false}
[2026-09-25 23:03:48.929] [SFX] {"sound": "click_target", "volume": 0.26}
[2026-09-25 23:03:49.228] [SFX] {"sound": "player_move", "volume": 0.4}
[2026-09-25 23:03:51.984] [SFX] {"sound": "civ_move_1", "volume": 0.03}
[2026-09-25 23:03:52.283] [SFX] {"sound": "player_move", "volume": 0.4}
[2026-09-25 23:03:52.386] [SFX] {"sound": "civ_move_1", "volume": 0.1}
[2026-09-25 23:03:52.585] [SFX] {"sound": "player_move", "volume": 0.4}
[2026-09-25 23:03:52.800] [SFX] {"sound": "civ_move_1", "volume": 0.15}
[2026-09-25 23:03:53.200] [SFX] {"sound": "civ_move_1", "volume": 0.16}
[2026-09-25 23:03:53.603] [SFX] {"sound": "civ_move_1", "volume": 0.17}
[2026-09-25 23:03:53.912] [M] {"button": 1, "pos": [16, 182], "ui_clicked": false}
[2026-09-25 23:03:53.920] [P] {"start": [126, 134], "goal": [96, 134], "length": 1, "is_direction_change": false}
[2026-09-25 23:03:53.920] [SFX] {"sound": "click_target", "volume": 0.21}
[2026-09-25 23:03:54.005] [SFX] {"sound": "civ_move_1", "volume": 0.2}
[2026-09-25 23:03:54.208] [SFX] {"sound": "player_move", "volume": 0.4}
[2026-09-25 23:03:54.411] [SFX] {"sound": "civ_move_1", "volume": 0.27}
[2026-09-25 23:03:54.495] [C] {"civ_pos": [112, 134]}
[2026-09-25 23:03:54.535] [SFX] {"sound": "player_move", "volume": 0.4}
[2026-09-25 23:03:54.779] [SFX] {"sound": "guardian_move", "volume": 0.08}
[2026-09-25 23:03:54.813] [SFX] {"sound": "player_move", "volume": 0.4}
[2026-09-25 23:03:54.814] [SFX] {"sound": "civ_move_1", "volume": 0.26}
[2026-09-25 23:03:54.879] [JACK] JACK // PROXY SAFE - SANCTUARY ACTIVE
[2026-09-25 23:03:55.113] [SFX] {"sound": "player_move", "volume": 0.4}
[2026-09-25 23:03:55.213] [SFX] {"sound": "civ_move_1", "volume": 0.19}
[2026-09-25 23:03:55.382] [SFX] {"sound": "guardian_move", "volume": 0.22}
[2026-09-25 23:03:55.614] [SFX] {"sound": "civ_move_1", "volume": 0.15}
[2026-09-25 23:03:55.988] [SFX] {"sound": "guardian_move", "volume": 0.25}
[2026-09-25 23:03:56.022] [SFX] {"sound": "civ_move_1", "volume": 0.13}
[2026-09-25 23:03:56.436] [SFX] {"sound": "civ_move_1", "volume": 0.12}
[2026-09-25 23:03:56.590] [SFX] {"sound": "guardian_move", "volume": 0.27}
[2026-09-25 23:03:56.840] [SFX] {"sound": "civ_move_1", "volume": 0.11}
[2026-09-25 23:03:57.203] [SFX] {"sound": "guardian_move", "volume": 0.29}
[2026-09-25 23:03:57.254] [SFX] {"sound": "civ_move_1", "volume": 0.1}
[2026-09-25 23:03:57.420] [M] {"button": 1, "pos": [478, 183], "ui_clicked": false}
[2026-09-25 23:03:57.427] [P] {"start": [96, 134], "goal": [113, 134], "length": 1, "is_direction_change": false}
[2026-09-25 23:03:57.428] [SFX] {"sound": "click_target", "volume": 0.45}
[2026-09-25 23:03:57.468] [SFX] {"sound": "player_move", "volume": 0.4}
[2026-09-25 23:03:57.809] [SFX] {"sound": "guardian_move", "volume": 0.24}
[2026-09-25 23:03:58.059] [SFX] {"sound": "player_move", "volume": 0.4}
[2026-09-25 23:03:58.423] [SFX] {"sound": "guardian_move", "volume": 0.17}
[2026-09-25 23:03:58.886] [M] {"button": 1, "pos": [474, 185], "ui_clicked": false}
[2026-09-25 23:03:58.893] [P] {"start": [113, 134], "goal": [122, 134], "length": 1, "is_direction_change": false}
[2026-09-25 23:03:58.894] [SFX] {"sound": "click_target", "volume": 0.61}
[2026-09-25 23:03:58.946] [SFX] {"sound": "civ_move_1", "volume": 0.01}
[2026-09-25 23:03:58.995] [SFX] {"sound": "player_move", "volume": 0.4}
[2026-09-25 23:03:59.030] [SFX] {"sound": "guardian_move", "volume": 0.17}
[2026-09-25 23:03:59.295] [SFX] {"sound": "player_move", "volume": 0.4}
[2026-09-25 23:03:59.347] [SFX] {"sound": "civ_move_1", "volume": 0.06}
[2026-09-25 23:03:59.631] [SFX] {"sound": "guardian_move", "volume": 0.13}
[2026-09-25 23:03:59.748] [SFX] {"sound": "civ_move_1", "volume": 0.07}
[2026-09-25 23:04:00.177] [M] {"button": 1, "pos": [474, 185], "ui_clicked": false}
[2026-09-25 23:04:00.185] [P] {"start": [122, 134], "goal": [131, 134], "length": 1, "is_direction_change": false}
[2026-09-25 23:04:00.186] [SFX] {"sound": "click_target", "volume": 0.61}
[2026-09-25 23:04:00.238] [SFX] {"sound": "guardian_move", "volume": 0.14}
[2026-09-25 23:04:00.453] [SFX] {"sound": "player_move", "volume": 0.4}
[2026-09-25 23:04:00.572] [SFX] {"sound": "civ_move_1", "volume": 0.13}
[2026-09-25 23:04:00.851] [SFX] {"sound": "guardian_move", "volume": 0.09}
[2026-09-25 23:04:00.984] [SFX] {"sound": "civ_move_1", "volume": 0.14}
[2026-09-25 23:04:01.383] [SFX] {"sound": "civ_move_1", "volume": 0.15}
[2026-09-25 23:04:01.468] [SFX] {"sound": "guardian_move", "volume": 0.11}
[2026-09-25 23:04:01.785] [SFX] {"sound": "civ_move_1", "volume": 0.16}
[2026-09-25 23:04:02.083] [SFX] {"sound": "guardian_move", "volume": 0.14}
[2026-09-25 23:04:02.185] [SFX] {"sound": "civ_move_1", "volume": 0.17}
[2026-09-25 23:04:02.645] [SFX] {"sound": "civ_move_1", "volume": 0.01}
[2026-09-25 23:04:02.698] [SFX] {"sound": "guardian_move", "volume": 0.16}
[2026-09-25 23:04:02.997] [SFX] {"sound": "civ_move_1", "volume": 0.18}
[2026-09-25 23:04:03.047] [SFX] {"sound": "civ_move_1", "volume": 0.02}
[2026-09-25 23:04:03.299] [SFX] {"sound": "guardian_move", "volume": 0.19}
[2026-09-25 23:04:03.398] [SFX] {"sound": "civ_move_1", "volume": 0.18}
[2026-09-25 23:04:03.450] [SFX] {"sound": "civ_move_1", "volume": 0.03}
[2026-09-25 23:04:03.801] [SFX] {"sound": "civ_move_1", "volume": 0.18}
[2026-09-25 23:04:03.851] [SFX] {"sound": "civ_move_1", "volume": 0.04}
[2026-09-25 23:04:03.901] [SFX] {"sound": "guardian_move", "volume": 0.21}
[2026-09-25 23:04:04.214] [SFX] {"sound": "civ_move_1", "volume": 0.19}
[2026-09-25 23:04:04.264] [SFX] {"sound": "civ_move_1", "volume": 0.05}
[2026-09-25 23:04:04.512] [SFX] {"sound": "guardian_move", "volume": 0.24}
[2026-09-25 23:04:04.615] [SFX] {"sound": "civ_move_1", "volume": 0.19}
[2026-09-25 23:04:04.665] [SFX] {"sound": "civ_move_1", "volume": 0.07}
[2026-09-25 23:04:05.030] [SFX] {"sound": "civ_move_1", "volume": 0.2}
[2026-09-25 23:04:05.081] [SFX] {"sound": "civ_move_1", "volume": 0.08}
[2026-09-25 23:04:05.114] [SFX] {"sound": "guardian_move", "volume": 0.26}
[2026-09-25 23:04:05.433] [SFX] {"sound": "civ_move_1", "volume": 0.21}
[2026-09-25 23:04:05.483] [SFX] {"sound": "civ_move_1", "volume": 0.09}
[2026-09-25 23:04:05.717] [SFX] {"sound": "guardian_move", "volume": 0.28}
[2026-09-25 23:04:05.836] [SFX] {"sound": "civ_move_1", "volume": 0.22}
[2026-09-25 23:04:05.887] [SFX] {"sound": "civ_move_1", "volume": 0.1}
[2026-09-25 23:04:06.249] [SFX] {"sound": "civ_move_1", "volume": 0.24}
[2026-09-25 23:04:06.300] [SFX] {"sound": "civ_move_1", "volume": 0.11}
[2026-09-25 23:04:06.323] [SFX] {"sound": "guardian_move", "volume": 0.31}
[2026-09-25 23:04:06.369] [M] {"button": 1, "pos": [136, 186], "ui_clicked": false}
[2026-09-25 23:04:06.378] [P] {"start": [131, 134], "goal": [111, 134], "length": 1, "is_direction_change": false}
[2026-09-25 23:04:06.379] [SFX] {"sound": "click_target", "volume": 0.4}
[2026-09-25 23:04:06.411] [JACK] Kurzer Blick um die Ecke...
[2026-09-25 23:04:06.507] [SFX] {"sound": "player_move", "volume": 0.4}
[2026-09-25 23:04:06.656] [SFX] {"sound": "civ_move_1", "volume": 0.21}
[2026-09-25 23:04:06.707] [SFX] {"sound": "civ_move_1", "volume": 0.08}
[2026-09-25 23:04:06.821] [SFX] {"sound": "player_move", "volume": 0.4}
[2026-09-25 23:04:06.921] [SFX] {"sound": "guardian_move", "volume": 0.37}
[2026-09-25 23:04:07.070] [SFX] {"sound": "civ_move_1", "volume": 0.16}
[2026-09-25 23:04:07.120] [SFX] {"sound": "civ_move_1", "volume": 0.04}
[2026-09-25 23:04:07.141] [SFX] {"sound": "player_move", "volume": 0.4}
[2026-09-25 23:04:07.384] [SFX] {"sound": "threat_pulse", "volume": 0.3}
[2026-09-25 23:04:07.485] [SFX] {"sound": "civ_move_1", "volume": 0.12}
[2026-09-25 23:04:07.520] [SFX] {"sound": "civ_move_1", "volume": 0.01}
[2026-09-25 23:04:07.541] [SFX] {"sound": "guardian_move", "volume": 0.3}
[2026-09-25 23:04:07.886] [SFX] {"sound": "civ_move_1", "volume": 0.13}
[2026-09-25 23:04:07.921] [SFX] {"sound": "civ_move_1", "volume": 0.02}
[2026-09-25 23:04:08.300] [SFX] {"sound": "civ_move_1", "volume": 0.15}
[2026-09-25 23:04:08.333] [SFX] {"sound": "civ_move_1", "volume": 0.02}
[2026-09-25 23:04:08.715] [SFX] {"sound": "civ_move_1", "volume": 0.16}
[2026-09-25 23:04:08.748] [SFX] {"sound": "civ_move_1", "volume": 0.02}
[2026-09-25 23:04:09.129] [SFX] {"sound": "civ_move_1", "volume": 0.17}
[2026-09-25 23:04:09.166] [SFX] {"sound": "civ_move_1", "volume": 0.03}
[2026-09-25 23:04:09.530] [SFX] {"sound": "civ_move_1", "volume": 0.18}
[2026-09-25 23:04:09.579] [SFX] {"sound": "civ_move_1", "volume": 0.03}
[2026-09-25 23:04:09.943] [SFX] {"sound": "civ_move_1", "volume": 0.2}
[2026-09-25 23:04:09.980] [SFX] {"sound": "civ_move_1", "volume": 0.03}
[2026-09-25 23:04:10.261] [M] {"button": 1, "pos": [111, 185], "ui_clicked": false}
[2026-09-25 23:04:10.269] [P] {"start": [111, 134], "goal": [96, 134], "length": 1, "is_direction_change": false}
[2026-09-25 23:04:10.270] [SFX] {"sound": "click_target", "volume": 0.51}
[2026-09-25 23:04:10.338] [SFX] {"sound": "player_move", "volume": 0.4}
[2026-09-25 23:04:10.361] [SFX] {"sound": "civ_move_1", "volume": 0.2}
[2026-09-25 23:04:10.391] [SFX] {"sound": "civ_move_1", "volume": 0.02}
[2026-09-25 23:04:10.489] [JACK] JACK // PROXY SAFE - SANCTUARY ACTIVE
[2026-09-25 23:04:10.498] [SFX] {"sound": "civ_move_2", "volume": 0.08}
[2026-09-25 23:04:10.641] [SFX] {"sound": "player_move", "volume": 0.4}
[2026-09-25 23:04:10.642] [SFX] {"sound": "guardian_move", "volume": 0.02}
[2026-09-25 23:04:10.742] [SFX] {"sound": "guardian_move", "volume": 0.03}
[2026-09-25 23:04:10.764] [SFX] {"sound": "civ_move_1", "volume": 0.15}
[2026-09-25 23:04:10.807] [M] {"button": 1, "pos": [111, 185], "ui_clicked": false}
[2026-09-25 23:04:10.817] [P] {"start": [100, 134], "goal": [85, 134], "length": 1, "is_direction_change": false}
[2026-09-25 23:04:10.818] [SFX] {"sound": "click_target", "volume": 0.51}
[2026-09-25 23:04:10.901] [SFX] {"sound": "civ_move_2", "volume": 0.13}
[2026-09-25 23:04:10.934] [SFX] {"sound": "civ_move_2", "volume": 0.04}
[2026-09-25 23:04:10.958] [SFX] {"sound": "player_move", "volume": 0.4}
[2026-09-25 23:04:11.169] [SFX] {"sound": "civ_move_1", "volume": 0.1}
[2026-09-25 23:04:11.251] [SFX] {"sound": "player_move", "volume": 0.4}
[2026-09-25 23:04:11.252] [SFX] {"sound": "guardian_move", "volume": 0.1}
[2026-09-25 23:04:11.318] [SFX] {"sound": "civ_move_2", "volume": 0.23}
[2026-09-25 23:04:11.352] [SFX] {"sound": "guardian_move", "volume": 0.11}
[2026-09-25 23:04:11.353] [SFX] {"sound": "civ_move_2", "volume": 0.11}
[2026-09-25 23:04:11.451] [SFX] {"sound": "civ_move_1", "volume": 0.02}
[2026-09-25 23:04:11.551] [SFX] {"sound": "player_move", "volume": 0.4}
[2026-09-25 23:04:11.574] [SFX] {"sound": "civ_move_1", "volume": 0.05}
[2026-09-25 23:04:11.719] [SFX] {"sound": "civ_move_2", "volume": 0.27}
[2026-09-25 23:04:11.752] [SFX] {"sound": "civ_move_2", "volume": 0.14}
[2026-09-25 23:04:11.851] [SFX] {"sound": "guardian_move", "volume": 0.14}
[2026-09-25 23:04:11.852] [SFX] {"sound": "civ_move_1", "volume": 0.01}
[2026-09-25 23:04:11.852] [SFX] {"sound": "civ_move_1", "volume": 0.04}
[2026-09-25 23:04:11.967] [SFX] {"sound": "guardian_move", "volume": 0.14}
[2026-09-25 23:04:11.989] [SFX] {"sound": "civ_move_1", "volume": 0.06}
[2026-09-25 23:04:12.050] [C] {"civ_pos": [83, 134]}
[2026-09-25 23:04:12.119] [SFX] {"sound": "civ_move_2", "volume": 0.29}
[2026-09-25 23:04:12.154] [SFX] {"sound": "civ_move_2", "volume": 0.14}
[2026-09-25 23:04:12.254] [SFX] {"sound": "civ_move_1", "volume": 0.02}
[2026-09-25 23:04:12.255] [SFX] {"sound": "civ_move_1", "volume": 0.05}
[2026-09-25 23:04:12.388] [SFX] {"sound": "civ_move_1", "volume": 0.07}
[2026-09-25 23:04:12.458] [SFX] {"sound": "guardian_move", "volume": 0.13}
[2026-09-25 23:04:12.525] [SFX] {"sound": "civ_move_2", "volume": 0.3}
[2026-09-25 23:04:12.558] [SFX] {"sound": "civ_move_2", "volume": 0.14}
[2026-09-25 23:04:12.579] [SFX] {"sound": "guardian_move", "volume": 0.13}
[2026-09-25 23:04:12.658] [SFX] {"sound": "civ_move_1", "volume": 0.03}
[2026-09-25 23:04:12.658] [SFX] {"sound": "civ_move_1", "volume": 0.06}
[2026-09-25 23:04:12.791] [SFX] {"sound": "civ_move_1", "volume": 0.09}
[2026-09-25 23:04:12.939] [SFX] {"sound": "civ_move_2", "volume": 0.29}
[2026-09-25 23:04:12.973] [SFX] {"sound": "civ_move_2", "volume": 0.14}
[2026-09-25 23:04:13.073] [SFX] {"sound": "guardian_move", "volume": 0.11}
[2026-09-25 23:04:13.073] [SFX] {"sound": "civ_move_1", "volume": 0.04}
[2026-09-25 23:04:13.074] [SFX] {"sound": "civ_move_1", "volume": 0.07}
[2026-09-25 23:04:13.189] [SFX] {"sound": "guardian_move", "volume": 0.1}
[2026-09-25 23:04:13.211] [SFX] {"sound": "civ_move_1", "volume": 0.1}
[2026-09-25 23:04:13.342] [SFX] {"sound": "civ_move_2", "volume": 0.28}
[2026-09-25 23:04:13.375] [SFX] {"sound": "civ_move_2", "volume": 0.15}
[2026-09-25 23:04:13.476] [SFX] {"sound": "civ_move_1", "volume": 0.05}
[2026-09-25 23:04:13.476] [SFX] {"sound": "civ_move_1", "volume": 0.07}
[2026-09-25 23:04:13.606] [SFX] {"sound": "civ_move_1", "volume": 0.11}
[2026-09-25 23:04:13.686] [SFX] {"sound": "guardian_move", "volume": 0.08}
[2026-09-25 23:04:13.753] [SFX] {"sound": "civ_move_2", "volume": 0.26}
[2026-09-25 23:04:13.786] [SFX] {"sound": "civ_move_2", "volume": 0.17}
[2026-09-25 23:04:13.809] [SFX] {"sound": "guardian_move", "volume": 0.08}
[2026-09-25 23:04:13.887] [SFX] {"sound": "civ_move_1", "volume": 0.06}
[2026-09-25 23:04:13.888] [SFX] {"sound": "civ_move_1", "volume": 0.08}
[2026-09-25 23:04:14.018] [SFX] {"sound": "civ_move_1", "volume": 0.12}
[2026-09-25 23:04:14.168] [SFX] {"sound": "civ_move_2", "volume": 0.25}
[2026-09-25 23:04:14.202] [SFX] {"sound": "civ_move_2", "volume": 0.18}
[2026-09-25 23:04:14.288] [SFX] {"sound": "guardian_move", "volume": 0.08}
[2026-09-25 23:04:14.289] [SFX] {"sound": "civ_move_1", "volume": 0.07}
[2026-09-25 23:04:14.290] [SFX] {"sound": "civ_move_1", "volume": 0.09}
[2026-09-25 23:04:14.424] [SFX] {"sound": "civ_move_1", "volume": 0.14}
[2026-09-25 23:04:14.571] [SFX] {"sound": "civ_move_2", "volume": 0.24}
[2026-09-25 23:04:14.606] [SFX] {"sound": "civ_move_2", "volume": 0.19}
[2026-09-25 23:04:14.693] [SFX] {"sound": "civ_move_1", "volume": 0.08}
[2026-09-25 23:04:14.693] [SFX] {"sound": "civ_move_1", "volume": 0.1}
[2026-09-25 23:04:14.826] [SFX] {"sound": "civ_move_1", "volume": 0.15}
[2026-09-25 23:04:14.980] [SFX] {"sound": "civ_move_2", "volume": 0.23}
[2026-09-25 23:04:15.015] [SFX] {"sound": "civ_move_2", "volume": 0.2}
[2026-09-25 23:04:15.098] [SFX] {"sound": "civ_move_1", "volume": 0.08}
[2026-09-25 23:04:15.099] [SFX] {"sound": "civ_move_1", "volume": 0.11}
[2026-09-25 23:04:15.231] [SFX] {"sound": "civ_move_1", "volume": 0.16}
[2026-09-25 23:04:15.383] [SFX] {"sound": "civ_move_2", "volume": 0.21}
[2026-09-25 23:04:15.416] [SFX] {"sound": "civ_move_2", "volume": 0.22}
[2026-09-25 23:04:15.499] [SFX] {"sound": "civ_move_1", "volume": 0.09}
[2026-09-25 23:04:15.500] [SFX] {"sound": "civ_move_1", "volume": 0.11}
[2026-09-25 23:04:15.633] [SFX] {"sound": "civ_move_1", "volume": 0.17}
[2026-09-25 23:04:15.798] [SFX] {"sound": "civ_move_2", "volume": 0.2}
[2026-09-25 23:04:15.830] [SFX] {"sound": "civ_move_2", "volume": 0.23}
[2026-09-25 23:04:15.913] [SFX] {"sound": "civ_move_1", "volume": 0.1}
[2026-09-25 23:04:15.914] [SFX] {"sound": "civ_move_1", "volume": 0.12}
[2026-09-25 23:04:16.048] [SFX] {"sound": "civ_move_1", "volume": 0.18}
[2026-09-25 23:04:16.199] [SFX] {"sound": "civ_move_2", "volume": 0.19}
[2026-09-25 23:04:16.234] [SFX] {"sound": "civ_move_2", "volume": 0.24}
[2026-09-25 23:04:16.318] [SFX] {"sound": "civ_move_1", "volume": 0.11}
[2026-09-25 23:04:16.319] [SFX] {"sound": "civ_move_1", "volume": 0.13}
[2026-09-25 23:04:16.454] [SFX] {"sound": "civ_move_1", "volume": 0.2}
[2026-09-25 23:04:16.603] [SFX] {"sound": "civ_move_2", "volume": 0.18}
[2026-09-25 23:04:16.639] [SFX] {"sound": "civ_move_2", "volume": 0.25}
[2026-09-25 23:04:16.720] [SFX] {"sound": "civ_move_1", "volume": 0.11}
[2026-09-25 23:04:16.721] [SFX] {"sound": "civ_move_1", "volume": 0.13}
[2026-09-25 23:04:16.858] [SFX] {"sound": "civ_move_1", "volume": 0.21}
[2026-09-25 23:04:16.907] [M] {"button": 1, "pos": [418, 184], "ui_clicked": false}
[2026-09-25 23:04:16.915] [SFX] {"sound": "civ_move_1", "volume": 0.0}
[2026-09-25 23:04:16.916] [JACK] JACK // HIGH THREAT POTENTIAL. SWITCHES FREQUENCIES FREQUENTLY. KEEP DISTANCE.
[2026-09-25 23:04:16.917] [SFX] {"sound": "click_target", "volume": 0.55}
[2026-09-25 23:04:17.011] [SFX] {"sound": "civ_move_2", "volume": 0.18}
[2026-09-25 23:04:17.124] [SFX] {"sound": "civ_move_1", "volume": 0.09}
[2026-09-25 23:04:17.124] [SFX] {"sound": "civ_move_1", "volume": 0.1}
[2026-09-25 23:04:17.222] [SFX] {"sound": "player_move", "volume": 0.4}
[2026-09-25 23:04:17.273] [SFX] {"sound": "civ_move_1", "volume": 0.28}
[2026-09-25 23:04:17.339] [C] {"civ_pos": [95, 134]}
[2026-09-25 23:04:17.412] [SFX] {"sound": "civ_move_2", "volume": 0.22}
[2026-09-25 23:04:17.434] [SFX] {"sound": "civ_move_2", "volume": 0.15}
[2026-09-25 23:04:17.527] [SFX] {"sound": "player_move", "volume": 0.4}
[2026-09-25 23:04:17.527] [SFX] {"sound": "civ_move_1", "volume": 0.06}
[2026-09-25 23:04:17.528] [SFX] {"sound": "civ_move_1", "volume": 0.07}
[2026-09-25 23:04:17.677] [SFX] {"sound": "civ_move_1", "volume": 0.3}
[2026-09-25 23:04:17.727] [SFX] {"sound": "civ_move_2", "volume": 0.06}
[2026-09-25 23:04:17.810] [SFX] {"sound": "civ_move_1", "volume": 0.17}
[2026-09-25 23:04:17.832] [SFX] {"sound": "player_move", "volume": 0.4}
[2026-09-25 23:04:17.832] [SFX] {"sound": "civ_move_2", "volume": 0.21}
[2026-09-25 23:04:17.850] [SFX] {"sound": "civ_move_2", "volume": 0.15}
[2026-09-25 23:04:17.942] [SFX] {"sound": "civ_move_1", "volume": 0.07}
[2026-09-25 23:04:17.943] [SFX] {"sound": "civ_move_1", "volume": 0.08}
[2026-09-25 23:04:18.092] [SFX] {"sound": "civ_move_1", "volume": 0.29}
[2026-09-25 23:04:18.127] [SFX] {"sound": "player_move", "volume": 0.4}
[2026-09-25 23:04:18.128] [SFX] {"sound": "civ_move_2", "volume": 0.05}
[2026-09-25 23:04:18.177] [SFX] {"sound": "threat_pulse", "volume": 0.31}
[2026-09-25 23:04:18.225] [SFX] {"sound": "civ_move_1", "volume": 0.16}
[2026-09-25 23:04:18.248] [SFX] {"sound": "civ_move_2", "volume": 0.19}
[2026-09-25 23:04:18.268] [SFX] {"sound": "civ_move_2", "volume": 0.16}
[2026-09-25 23:04:18.347] [SFX] {"sound": "civ_move_1", "volume": 0.08}
[2026-09-25 23:04:18.348] [SFX] {"sound": "civ_move_1", "volume": 0.09}
[2026-09-25 23:04:18.430] [SFX] {"sound": "player_move", "volume": 0.4}
[2026-09-25 23:04:18.497] [SFX] {"sound": "civ_move_1", "volume": 0.29}
[2026-09-25 23:04:18.533] [SFX] {"sound": "civ_move_2", "volume": 0.06}
[2026-09-25 23:04:18.648] [SFX] {"sound": "civ_move_2", "volume": 0.16}
[2026-09-25 23:04:18.649] [SFX] {"sound": "civ_move_1", "volume": 0.15}
[2026-09-25 23:04:18.684] [SFX] {"sound": "civ_move_2", "volume": 0.23}
[2026-09-25 23:04:18.734] [SFX] {"sound": "player_move", "volume": 0.4}
[2026-09-25 23:04:18.757] [SFX] {"sound": "civ_move_1", "volume": 0.1}
[2026-09-25 23:04:18.901] [SFX] {"sound": "civ_move_1", "volume": 0.29}
[2026-09-25 23:04:18.950] [SFX] {"sound": "civ_move_2", "volume": 0.05}
[2026-09-25 23:04:19.049] [SFX] {"sound": "player_move", "volume": 0.4}
[2026-09-25 23:04:19.050] [SFX] {"sound": "civ_move_1", "volume": 0.12}
[2026-09-25 23:04:19.084] [SFX] {"sound": "civ_move_2", "volume": 0.25}
[2026-09-25 23:04:19.084] [SFX] {"sound": "threat_pulse", "volume": 0.32}
[2026-09-25 23:04:19.167] [SFX] {"sound": "civ_move_1", "volume": 0.11}
[2026-09-25 23:04:19.167] [SFX] {"sound": "civ_move_1", "volume": 0.12}
[2026-09-25 23:04:19.316] [SFX] {"sound": "civ_move_1", "volume": 0.29}
[2026-09-25 23:04:19.350] [SFX] {"sound": "player_move", "volume": 0.4}
[2026-09-25 23:04:19.351] [SFX] {"sound": "civ_move_1", "volume": 0.0}
[2026-09-25 23:04:19.372] [SFX] {"sound": "civ_move_2", "volume": 0.06}
[2026-09-25 23:04:19.435] [M] {"button": 1, "pos": [363, 210], "ui_clicked": true}
[2026-09-25 23:04:19.475] [SFX] {"sound": "civ_move_1", "volume": 0.1}
[2026-09-25 23:04:19.476] [SFX] {"sound": "infiltrate 2", "volume": 0.5}
[2026-09-25 23:04:19.498] [SFX] {"sound": "civ_move_2", "volume": 0.28}
[2026-09-25 23:04:19.576] [SFX] {"sound": "civ_move_1", "volume": 0.13}
[2026-09-25 23:04:19.577] [SFX] {"sound": "civ_move_1", "volume": 0.15}
[2026-09-25 23:04:19.661] [SFX] {"sound": "player_move", "volume": 0.4}
[2026-09-25 23:04:19.726] [SFX] {"sound": "civ_move_1", "volume": 0.29}
[2026-09-25 23:04:19.761] [SFX] {"sound": "civ_move_1", "volume": 0.01}
[2026-09-25 23:04:19.782] [SFX] {"sound": "civ_move_2", "volume": 0.06}
[2026-09-25 23:04:19.842] [C] {"civ_pos": [86, 134]}
[2026-09-25 23:04:19.896] [SFX] {"sound": "civ_move_2", "volume": 0.29}
[2026-09-25 23:04:19.898] [SFX] {"sound": "civ_move_1", "volume": 0.08}
[2026-09-25 23:04:19.899] [SFX] {"sound": "infiltrate 1", "volume": 0.5}
[2026-09-25 23:04:19.962] [SFX] {"sound": "player_move", "volume": 0.4}
[2026-09-25 23:04:19.984] [SFX] {"sound": "civ_move_1", "volume": 0.13}
[2026-09-25 23:04:19.984] [SFX] {"sound": "civ_move_1", "volume": 0.16}
[2026-09-25 23:04:20.003] [SFX] {"sound": "threat_pulse", "volume": 0.37}
[2026-09-25 23:04:20.135] [SFX] {"sound": "civ_move_1", "volume": 0.29}
[2026-09-25 23:04:20.166] [SFX] {"sound": "civ_move_1", "volume": 0.02}
[2026-09-25 23:04:20.187] [SFX] {"sound": "civ_move_2", "volume": 0.07}
[2026-09-25 23:04:20.264] [SFX] {"sound": "player_move", "volume": 0.4}
[2026-09-25 23:04:20.297] [SFX] {"sound": "civ_move_2", "volume": 0.3}
[2026-09-25 23:04:20.298] [SFX] {"sound": "civ_move_1", "volume": 0.07}
[2026-09-25 23:04:20.299] [SFX] {"sound": "infiltrate 2", "volume": 0.5}
[2026-09-25 23:04:20.382] [SFX] {"sound": "civ_move_1", "volume": 0.14}
[2026-09-25 23:04:20.383] [SFX] {"sound": "civ_move_1", "volume": 0.17}
[2026-09-25 23:04:20.549] [SFX] {"sound": "civ_move_1", "volume": 0.29}
[2026-09-25 23:04:20.571] [SFX] {"sound": "player_move", "volume": 0.4}
[2026-09-25 23:04:20.591] [SFX] {"sound": "civ_move_1", "volume": 0.03}
[2026-09-25 23:04:20.591] [SFX] {"sound": "civ_move_2", "volume": 0.09}
[2026-09-25 23:04:20.704] [SFX] {"sound": "civ_move_2", "volume": 0.28}
[2026-09-25 23:04:20.704] [SFX] {"sound": "civ_move_1", "volume": 0.06}
[2026-09-25 23:04:20.705] [SFX] {"sound": "infiltrate 1", "volume": 0.5}
[2026-09-25 23:04:20.786] [SFX] {"sound": "civ_move_1", "volume": 0.15}
[2026-09-25 23:04:20.787] [SFX] {"sound": "civ_move_1", "volume": 0.18}
[2026-09-25 23:04:20.869] [SFX] {"sound": "player_move", "volume": 0.4}
[2026-09-25 23:04:20.903] [SFX] {"sound": "threat_pulse", "volume": 0.46}
[2026-09-25 23:04:20.952] [SFX] {"sound": "civ_move_1", "volume": 0.29}
[2026-09-25 23:04:20.986] [SFX] {"sound": "civ_move_1", "volume": 0.04}
[2026-09-25 23:04:20.987] [SFX] {"sound": "civ_move_2", "volume": 0.1}
[2026-09-25 23:04:21.119] [SFX] {"sound": "civ_move_2", "volume": 0.27}
[2026-09-25 23:04:21.120] [SFX] {"sound": "civ_move_1", "volume": 0.04}
[2026-09-25 23:04:21.121] [SFX] {"sound": "infiltrate 2", "volume": 0.5}
[2026-09-25 23:04:21.140] [SFX] {"sound": "civ_move_2", "volume": 0.19}
[2026-09-25 23:04:21.170] [SFX] {"sound": "player_move", "volume": 0.4}
[2026-09-25 23:04:21.194] [SFX] {"sound": "civ_move_1", "volume": 0.16}
[2026-09-25 23:04:21.195] [SFX] {"sound": "civ_move_1", "volume": 0.2}
[2026-09-25 23:04:21.356] [SFX] {"sound": "civ_move_1", "volume": 0.29}
[2026-09-25 23:04:21.391] [SFX] {"sound": "civ_move_1", "volume": 0.05}
[2026-09-25 23:04:21.392] [SFX] {"sound": "civ_move_2", "volume": 0.11}
[2026-09-25 23:04:21.473] [SFX] {"sound": "player_move", "volume": 0.4}
[2026-09-25 23:04:21.510] [SFX] {"sound": "threat_pulse", "volume": 0.52}
[2026-09-25 23:04:21.532] [SFX] {"sound": "civ_move_2", "volume": 0.26}
[2026-09-25 23:04:21.533] [SFX] {"sound": "civ_move_1", "volume": 0.03}
[2026-09-25 23:04:21.534] [SFX] {"sound": "infiltrate 2", "volume": 0.5}
[2026-09-25 23:04:21.551] [SFX] {"sound": "civ_move_2", "volume": 0.19}
[2026-09-25 23:04:21.595] [SFX] {"sound": "civ_move_1", "volume": 0.17}
[2026-09-25 23:04:21.596] [SFX] {"sound": "civ_move_1", "volume": 0.21}
[2026-09-25 23:04:21.761] [SFX] {"sound": "civ_move_1", "volume": 0.29}
[2026-09-25 23:04:21.783] [SFX] {"sound": "player_move", "volume": 0.4}
[2026-09-25 23:04:21.801] [SFX] {"sound": "civ_move_1", "volume": 0.06}
[2026-09-25 23:04:21.802] [SFX] {"sound": "civ_move_2", "volume": 0.12}
[2026-09-25 23:04:21.929] [SFX] {"sound": "civ_move_2", "volume": 0.25}
[2026-09-25 23:04:21.930] [SFX] {"sound": "infiltrate 1", "volume": 0.5}
[2026-09-25 23:04:21.952] [SFX] {"sound": "civ_move_2", "volume": 0.2}
[2026-09-25 23:04:21.999] [SFX] {"sound": "civ_move_1", "volume": 0.18}
[2026-09-25 23:04:22.000] [SFX] {"sound": "civ_move_1", "volume": 0.22}
[2026-09-25 23:04:22.022] [SFX] {"sound": "threat_pulse", "volume": 0.57}
[2026-09-25 23:04:22.081] [SFX] {"sound": "player_move", "volume": 0.4}
[2026-09-25 23:04:22.163] [SFX] {"sound": "civ_move_1", "volume": 0.29}
[2026-09-25 23:04:22.197] [SFX] {"sound": "civ_move_1", "volume": 0.07}
[2026-09-25 23:04:22.198] [SFX] {"sound": "civ_move_2", "volume": 0.13}
[2026-09-25 23:04:22.331] [SFX] {"sound": "civ_move_2", "volume": 0.24}
[2026-09-25 23:04:22.332] [SFX] {"sound": "infiltrate 1", "volume": 0.5}
[2026-09-25 23:04:22.354] [C] {"civ_pos": [86, 134]}
[2026-09-25 23:04:22.395] [SFX] {"sound": "civ_move_2", "volume": 0.26}
[2026-09-25 23:04:22.416] [SFX] {"sound": "player_move", "volume": 0.4}
[2026-09-25 23:04:22.417] [SFX] {"sound": "civ_move_1", "volume": 0.2}
[2026-09-25 23:04:22.417] [SFX] {"sound": "civ_move_1", "volume": 0.23}
[2026-09-25 23:04:22.435] [SFX] {"sound": "threat_pulse", "volume": 0.62}
[2026-09-25 23:04:22.453] [SFX] {"sound": "hack_success", "volume": 1.0}
[2026-09-25 23:04:22.453] [JACK] JACK // STOLE 2 DATA FROM KIRA VANCE (DATA COURIER). TARGET FLEEING TO GUARD SPOT!
[2026-09-25 23:04:22.454] [JACK] JACK // HIGH THREAT POTENTIAL. SWITCHES FREQUENCIES FREQUENTLY. KEEP DISTANCE.
[2026-09-25 23:04:22.567] [SFX] {"sound": "civ_move_1", "volume": 0.3}
[2026-09-25 23:04:22.601] [SFX] {"sound": "civ_move_1", "volume": 0.08}
[2026-09-25 23:04:22.602] [SFX] {"sound": "civ_move_2", "volume": 0.15}
[2026-09-25 23:04:22.733] [SFX] {"sound": "civ_move_2", "volume": 0.22}
[2026-09-25 23:04:22.734] [SFX] {"sound": "threat_pulse", "volume": 0.6}
[2026-09-25 23:04:22.765] [SFX] {"sound": "civ_move_2", "volume": 0.27}
[2026-09-25 23:04:22.815] [SFX] {"sound": "civ_move_1", "volume": 0.21}
[2026-09-25 23:04:22.816] [SFX] {"sound": "civ_move_1", "volume": 0.24}
[2026-09-25 23:04:22.978] [SFX] {"sound": "civ_move_1", "volume": 0.29}
[2026-09-25 23:04:23.010] [SFX] {"sound": "civ_move_1", "volume": 0.08}
[2026-09-25 23:04:23.011] [SFX] {"sound": "civ_move_2", "volume": 0.16}
[2026-09-25 23:04:23.044] [SFX] {"sound": "threat_pulse", "volume": 0.59}
[2026-09-25 23:04:23.144] [SFX] {"sound": "civ_move_2", "volume": 0.21}
[2026-09-25 23:04:23.176] [SFX] {"sound": "civ_move_2", "volume": 0.28}
[2026-09-25 23:04:23.226] [SFX] {"sound": "civ_move_1", "volume": 0.22}
[2026-09-25 23:04:23.359] [SFX] {"sound": "threat_pulse", "volume": 0.57}
[2026-09-25 23:04:23.393] [SFX] {"sound": "civ_move_1", "volume": 0.28}
[2026-09-25 23:04:23.426] [SFX] {"sound": "civ_move_1", "volume": 0.09}
[2026-09-25 23:04:23.426] [SFX] {"sound": "civ_move_2", "volume": 0.17}
[2026-09-25 23:04:23.543] [SFX] {"sound": "civ_move_2", "volume": 0.2}
[2026-09-25 23:04:23.579] [SFX] {"sound": "civ_move_2", "volume": 0.29}
[2026-09-25 23:04:23.628] [SFX] {"sound": "civ_move_1", "volume": 0.23}
[2026-09-25 23:04:23.775] [SFX] {"sound": "threat_pulse", "volume": 0.55}
[2026-09-25 23:04:23.810] [SFX] {"sound": "civ_move_1", "volume": 0.27}
[2026-09-25 23:04:23.834] [SFX] {"sound": "civ_move_1", "volume": 0.1}
[2026-09-25 23:04:23.835] [SFX] {"sound": "civ_move_2", "volume": 0.18}
[2026-09-25 23:04:23.946] [SFX] {"sound": "civ_move_2", "volume": 0.19}
[2026-09-25 23:04:23.979] [SFX] {"sound": "civ_move_2", "volume": 0.3}
[2026-09-25 23:04:24.030] [SFX] {"sound": "civ_move_1", "volume": 0.24}
[2026-09-25 23:04:24.175] [SFX] {"sound": "threat_pulse", "volume": 0.53}
[2026-09-25 23:04:24.224] [SFX] {"sound": "civ_move_1", "volume": 0.25}
[2026-09-25 23:04:24.247] [SFX] {"sound": "civ_move_1", "volume": 0.1}
[2026-09-25 23:04:24.248] [SFX] {"sound": "civ_move_2", "volume": 0.2}
[2026-09-25 23:04:24.360] [SFX] {"sound": "civ_move_2", "volume": 0.17}
[2026-09-25 23:04:24.394] [SFX] {"sound": "civ_move_2", "volume": 0.28}
[2026-09-25 23:04:24.638] [SFX] {"sound": "civ_move_1", "volume": 0.24}
[2026-09-25 23:04:24.661] [SFX] {"sound": "civ_move_1", "volume": 0.11}
[2026-09-25 23:04:24.662] [SFX] {"sound": "civ_move_2", "volume": 0.21}
[2026-09-25 23:04:24.690] [SFX] {"sound": "threat_pulse", "volume": 0.51}
[2026-09-25 23:04:24.773] [SFX] {"sound": "civ_move_2", "volume": 0.16}
[2026-09-25 23:04:24.807] [SFX] {"sound": "civ_move_2", "volume": 0.27}
[2026-09-25 23:04:25.052] [SFX] {"sound": "civ_move_1", "volume": 0.23}
[2026-09-25 23:04:25.074] [SFX] {"sound": "civ_move_1", "volume": 0.11}
[2026-09-25 23:04:25.075] [SFX] {"sound": "civ_move_2", "volume": 0.22}
[2026-09-25 23:04:25.187] [SFX] {"sound": "civ_move_2", "volume": 0.15}
[2026-09-25 23:04:25.209] [SFX] {"sound": "threat_pulse", "volume": 0.48}
[2026-09-25 23:04:25.226] [SFX] {"sound": "civ_move_2", "volume": 0.26}
[2026-09-25 23:04:25.453] [SFX] {"sound": "civ_move_1", "volume": 0.22}
[2026-09-25 23:04:25.473] [SFX] {"sound": "civ_move_1", "volume": 0.12}
[2026-09-25 23:04:25.474] [SFX] {"sound": "civ_move_2", "volume": 0.23}
[2026-09-25 23:04:25.601] [SFX] {"sound": "civ_move_2", "volume": 0.14}
[2026-09-25 23:04:25.633] [SFX] {"sound": "civ_move_2", "volume": 0.25}
[2026-09-25 23:04:25.815] [SFX] {"sound": "threat_pulse", "volume": 0.45}
[2026-09-25 23:04:25.867] [SFX] {"sound": "civ_move_1", "volume": 0.2}
[2026-09-25 23:04:25.889] [SFX] {"sound": "civ_move_1", "volume": 0.12}
[2026-09-25 23:04:25.890] [SFX] {"sound": "civ_move_2", "volume": 0.24}
[2026-09-25 23:04:26.017] [SFX] {"sound": "civ_move_2", "volume": 0.12}
[2026-09-25 23:04:26.051] [SFX] {"sound": "civ_move_2", "volume": 0.23}
[2026-09-25 23:04:26.268] [SFX] {"sound": "civ_move_1", "volume": 0.19}
[2026-09-25 23:04:26.291] [SFX] {"sound": "civ_move_1", "volume": 0.12}
[2026-09-25 23:04:26.292] [SFX] {"sound": "civ_move_2", "volume": 0.26}
[2026-09-25 23:04:26.416] [SFX] {"sound": "civ_move_2", "volume": 0.11}
[2026-09-25 23:04:26.467] [SFX] {"sound": "civ_move_2", "volume": 0.22}
[2026-09-25 23:04:26.498] [M] {"button": 1, "pos": [253, 181], "ui_clicked": false}
[2026-09-25 23:04:26.507] [P] {"start": [87, 134], "goal": [81, 134], "length": 1, "is_direction_change": false}
[2026-09-25 23:04:26.507] [SFX] {"sound": "click_target", "volume": 0.68}
[2026-09-25 23:04:26.531] [JACK] Verdammt, die Sentinels kreisen um uns... Ich habe echte Angst, ertappt zu werden!
[2026-09-25 23:04:26.532] [SFX] {"sound": "threat_pulse", "volume": 0.41}
[2026-09-25 23:04:26.679] [SFX] {"sound": "civ_move_1", "volume": 0.15}
[2026-09-25 23:04:26.702] [SFX] {"sound": "civ_move_2", "volume": 0.24}
[2026-09-25 23:04:26.763] [SFX] {"sound": "player_move", "volume": 0.4}
[2026-09-25 23:04:26.831] [SFX] {"sound": "civ_move_2", "volume": 0.05}
[2026-09-25 23:04:26.880] [SFX] {"sound": "civ_move_2", "volume": 0.16}
[2026-09-25 23:04:27.095] [SFX] {"sound": "civ_move_1", "volume": 0.12}
[2026-09-25 23:04:27.118] [SFX] {"sound": "civ_move_1", "volume": 0.17}
[2026-09-25 23:04:27.119] [SFX] {"sound": "civ_move_2", "volume": 0.23}
[2026-09-25 23:04:27.234] [SFX] {"sound": "civ_move_2", "volume": 0.04}
[2026-09-25 23:04:27.284] [SFX] {"sound": "civ_move_2", "volume": 0.15}
[2026-09-25 23:04:27.333] [SFX] {"sound": "threat_pulse", "volume": 0.37}
[2026-09-25 23:04:27.500] [SFX] {"sound": "civ_move_1", "volume": 0.11}
[2026-09-25 23:04:27.522] [SFX] {"sound": "civ_move_1", "volume": 0.18}
[2026-09-25 23:04:27.523] [SFX] {"sound": "civ_move_2", "volume": 0.25}
[2026-09-25 23:04:27.653] [SFX] {"sound": "civ_move_2", "volume": 0.03}
[2026-09-25 23:04:27.684] [SFX] {"sound": "civ_move_2", "volume": 0.14}
[2026-09-25 23:04:27.901] [SFX] {"sound": "civ_move_1", "volume": 0.1}
[2026-09-25 23:04:27.923] [SFX] {"sound": "civ_move_1", "volume": 0.19}
[2026-09-25 23:04:27.924] [SFX] {"sound": "civ_move_2", "volume": 0.26}
[2026-09-25 23:04:28.052] [SFX] {"sound": "civ_move_2", "volume": 0.02}
[2026-09-25 23:04:28.085] [SFX] {"sound": "civ_move_2", "volume": 0.13}
[2026-09-25 23:04:28.217] [M] {"button": 1, "pos": [414, 183], "ui_clicked": false}
[2026-09-25 23:04:28.225] [P] {"start": [81, 134], "goal": [92, 134], "length": 1, "is_direction_change": false}
[2026-09-25 23:04:28.225] [SFX] {"sound": "click_target", "volume": 0.58}
[2026-09-25 23:04:28.250] [SFX] {"sound": "threat_pulse", "volume": 0.33}
[2026-09-25 23:04:28.316] [SFX] {"sound": "civ_move_1", "volume": 0.1}
[2026-09-25 23:04:28.338] [SFX] {"sound": "civ_move_1", "volume": 0.19}
[2026-09-25 23:04:28.339] [SFX] {"sound": "civ_move_2", "volume": 0.29}
[2026-09-25 23:04:28.339] [C] {"civ_pos": [84, 134]}
[2026-09-25 23:04:28.458] [SFX] {"sound": "civ_move_2", "volume": 0.04}
[2026-09-25 23:04:28.480] [SFX] {"sound": "player_move", "volume": 0.4}
[2026-09-25 23:04:28.498] [SFX] {"sound": "civ_move_2", "volume": 0.15}
[2026-09-25 23:04:28.528] [SFX] {"sound": "civ_move_1", "volume": 0.04}
[2026-09-25 23:04:28.731] [SFX] {"sound": "civ_move_1", "volume": 0.15}
[2026-09-25 23:04:28.754] [SFX] {"sound": "civ_move_1", "volume": 0.14}
[2026-09-25 23:04:28.755] [SFX] {"sound": "civ_move_2", "volume": 0.24}
[2026-09-25 23:04:28.869] [SFX] {"sound": "civ_move_2", "volume": 0.07}
[2026-09-25 23:04:28.903] [SFX] {"sound": "civ_move_2", "volume": 0.18}
[2026-09-25 23:04:28.936] [SFX] {"sound": "civ_move_1", "volume": 0.09}
[2026-09-25 23:04:28.971] [SFX] {"sound": "civ_move_1", "volume": 0.02}
[2026-09-25 23:04:29.136] [SFX] {"sound": "civ_move_1", "volume": 0.14}
[2026-09-25 23:04:29.159] [SFX] {"sound": "civ_move_1", "volume": 0.15}
[2026-09-25 23:04:29.160] [SFX] {"sound": "civ_move_2", "volume": 0.22}
[2026-09-25 23:04:29.269] [M] {"button": 1, "pos": [451, 181], "ui_clicked": false}
[2026-09-25 23:04:29.278] [SFX] {"sound": "civ_move_2", "volume": 0.06}
[2026-09-25 23:04:29.279] [P] {"start": [92, 134], "goal": [100, 134], "length": 1, "is_direction_change": false}
[2026-09-25 23:04:29.280] [SFX] {"sound": "click_target", "volume": 0.64}
[2026-09-25 23:04:29.317] [SFX] {"sound": "player_move", "volume": 0.4}
[2026-09-25 23:04:29.336] [SFX] {"sound": "civ_move_2", "volume": 0.18}
[2026-09-25 23:04:29.354] [SFX] {"sound": "civ_move_1", "volume": 0.11}
[2026-09-25 23:04:29.384] [SFX] {"sound": "civ_move_1", "volume": 0.05}
[2026-09-25 23:04:29.549] [SFX] {"sound": "civ_move_1", "volume": 0.17}
[2026-09-25 23:04:29.573] [SFX] {"sound": "civ_move_1", "volume": 0.11}
[2026-09-25 23:04:29.574] [SFX] {"sound": "civ_move_2", "volume": 0.17}
[2026-09-25 23:04:29.604] [SFX] {"sound": "player_move", "volume": 0.4}
[2026-09-25 23:04:29.672] [SFX] {"sound": "civ_move_2", "volume": 0.11}
[2026-09-25 23:04:29.739] [SFX] {"sound": "civ_move_2", "volume": 0.22}
[2026-09-25 23:04:29.762] [SFX] {"sound": "civ_move_1", "volume": 0.17}
[2026-09-25 23:04:29.795] [SFX] {"sound": "civ_move_1", "volume": 0.1}
[2026-09-25 23:04:29.961] [SFX] {"sound": "civ_move_1", "volume": 0.18}
[2026-09-25 23:04:29.983] [SFX] {"sound": "civ_move_1", "volume": 0.11}
[2026-09-25 23:04:29.984] [SFX] {"sound": "civ_move_2", "volume": 0.14}
[2026-09-25 23:04:30.081] [SFX] {"sound": "civ_move_2", "volume": 0.1}
[2026-09-25 23:04:30.146] [SFX] {"sound": "civ_move_2", "volume": 0.21}
[2026-09-25 23:04:30.169] [SFX] {"sound": "civ_move_1", "volume": 0.19}
[2026-09-25 23:04:30.199] [SFX] {"sound": "civ_move_1", "volume": 0.12}
[2026-09-25 23:04:30.364] [SFX] {"sound": "civ_move_1", "volume": 0.17}
[2026-09-25 23:04:30.387] [SFX] {"sound": "civ_move_1", "volume": 0.12}
[2026-09-25 23:04:30.388] [SFX] {"sound": "civ_move_2", "volume": 0.12}
[2026-09-25 23:04:30.484] [SFX] {"sound": "civ_move_2", "volume": 0.09}
[2026-09-25 23:04:30.552] [SFX] {"sound": "civ_move_2", "volume": 0.2}
[2026-09-25 23:04:30.574] [SFX] {"sound": "civ_move_1", "volume": 0.2}
[2026-09-25 23:04:30.767] [SFX] {"sound": "civ_move_1", "volume": 0.15}
[2026-09-25 23:04:30.791] [SFX] {"sound": "civ_move_1", "volume": 0.13}
[2026-09-25 23:04:30.792] [SFX] {"sound": "civ_move_2", "volume": 0.11}
[2026-09-25 23:04:30.888] [SFX] {"sound": "civ_move_2", "volume": 0.07}
[2026-09-25 23:04:30.954] [SFX] {"sound": "civ_move_2", "volume": 0.18}
[2026-09-25 23:04:30.976] [SFX] {"sound": "civ_move_1", "volume": 0.21}
[2026-09-25 23:04:31.173] [SFX] {"sound": "civ_move_1", "volume": 0.14}
[2026-09-25 23:04:31.195] [SFX] {"sound": "civ_move_1", "volume": 0.15}
[2026-09-25 23:04:31.195] [SFX] {"sound": "civ_move_2", "volume": 0.1}
[2026-09-25 23:04:31.258] [SFX] {"sound": "civ_move_1", "volume": 0.22}
[2026-09-25 23:04:31.293] [SFX] {"sound": "civ_move_2", "volume": 0.06}
[2026-09-25 23:04:31.359] [SFX] {"sound": "civ_move_2", "volume": 0.17}
[2026-09-25 23:04:31.573] [SFX] {"sound": "civ_move_1", "volume": 0.13}
[2026-09-25 23:04:31.596] [SFX] {"sound": "civ_move_2", "volume": 0.09}
[2026-09-25 23:04:31.658] [SFX] {"sound": "civ_move_1", "volume": 0.22}
[2026-09-25 23:04:31.706] [SFX] {"sound": "civ_move_2", "volume": 0.05}
[2026-09-25 23:04:31.772] [SFX] {"sound": "civ_move_2", "volume": 0.16}
[2026-09-25 23:04:31.985] [SFX] {"sound": "civ_move_1", "volume": 0.12}
[2026-09-25 23:04:32.007] [SFX] {"sound": "civ_move_2", "volume": 0.08}
[2026-09-25 23:04:32.085] [SFX] {"sound": "civ_move_1", "volume": 0.22}
[2026-09-25 23:04:32.119] [SFX] {"sound": "civ_move_2", "volume": 0.04}
[2026-09-25 23:04:32.184] [SFX] {"sound": "civ_move_2", "volume": 0.15}
[2026-09-25 23:04:32.184] [SFX] {"sound": "civ_move_1", "volume": 0.22}
[2026-09-25 23:04:32.399] [SFX] {"sound": "civ_move_1", "volume": 0.1}
[2026-09-25 23:04:32.421] [SFX] {"sound": "civ_move_2", "volume": 0.06}
[2026-09-25 23:04:32.500] [SFX] {"sound": "civ_move_1", "volume": 0.24}
[2026-09-25 23:04:32.534] [SFX] {"sound": "civ_move_2", "volume": 0.03}
[2026-09-25 23:04:32.584] [SFX] {"sound": "civ_move_2", "volume": 0.13}
[2026-09-25 23:04:32.585] [SFX] {"sound": "civ_move_1", "volume": 0.22}
[2026-09-25 23:04:32.799] [SFX] {"sound": "civ_move_1", "volume": 0.09}
[2026-09-25 23:04:32.821] [SFX] {"sound": "civ_move_2", "volume": 0.05}
[2026-09-25 23:04:32.900] [SFX] {"sound": "civ_move_1", "volume": 0.25}
[2026-09-25 23:04:32.934] [SFX] {"sound": "civ_move_2", "volume": 0.01}
[2026-09-25 23:04:32.984] [SFX] {"sound": "civ_move_2", "volume": 0.12}
[2026-09-25 23:04:33.018] [SFX] {"sound": "civ_move_1", "volume": 0.21}
[2026-09-25 23:04:33.203] [SFX] {"sound": "civ_move_1", "volume": 0.08}
[2026-09-25 23:04:33.226] [SFX] {"sound": "civ_move_2", "volume": 0.04}
[2026-09-25 23:04:33.305] [SFX] {"sound": "civ_move_1", "volume": 0.26}
[2026-09-25 23:04:33.338] [SFX] {"sound": "civ_move_2", "volume": 0.0}
[2026-09-25 23:04:33.388] [SFX] {"sound": "civ_move_2", "volume": 0.11}
[2026-09-25 23:04:33.422] [SFX] {"sound": "civ_move_1", "volume": 0.2}
[2026-09-25 23:04:33.605] [SFX] {"sound": "civ_move_1", "volume": 0.07}
[2026-09-25 23:04:33.630] [SFX] {"sound": "civ_move_2", "volume": 0.03}
[2026-09-25 23:04:33.710] [SFX] {"sound": "civ_move_1", "volume": 0.27}
[2026-09-25 23:04:33.792] [SFX] {"sound": "civ_move_2", "volume": 0.1}
[2026-09-25 23:04:33.824] [SFX] {"sound": "civ_move_1", "volume": 0.19}
[2026-09-25 23:04:33.892] [C] {"civ_pos": [102, 134]}
[2026-09-25 23:04:33.933] [JACK] Interessante Signatur... Ein ziviler Node. Sollen wir näher ran?
[2026-09-25 23:04:34.013] [SFX] {"sound": "civ_move_1", "volume": 0.06}
[2026-09-25 23:04:34.036] [SFX] {"sound": "civ_move_2", "volume": 0.03}
[2026-09-25 23:04:34.115] [SFX] {"sound": "civ_move_1", "volume": 0.28}
[2026-09-25 23:04:34.202] [SFX] {"sound": "civ_move_2", "volume": 0.09}
[2026-09-25 23:04:34.236] [SFX] {"sound": "civ_move_1", "volume": 0.18}
[2026-09-25 23:04:34.417] [SFX] {"sound": "civ_move_1", "volume": 0.04}
[2026-09-25 23:04:34.439] [SFX] {"sound": "civ_move_2", "volume": 0.03}
[2026-09-25 23:04:34.517] [SFX] {"sound": "civ_move_1", "volume": 0.3}
[2026-09-25 23:04:34.615] [SFX] {"sound": "civ_move_2", "volume": 0.07}
[2026-09-25 23:04:34.648] [SFX] {"sound": "civ_move_1", "volume": 0.16}
[2026-09-25 23:04:34.828] [SFX] {"sound": "civ_move_1", "volume": 0.03}
[2026-09-25 23:04:34.850] [SFX] {"sound": "civ_move_2", "volume": 0.03}
[2026-09-25 23:04:34.928] [SFX] {"sound": "civ_move_1", "volume": 0.29}
[2026-09-25 23:04:35.030] [SFX] {"sound": "civ_move_2", "volume": 0.06}
[2026-09-25 23:04:35.064] [SFX] {"sound": "civ_move_1", "volume": 0.15}
[2026-09-25 23:04:35.252] [SFX] {"sound": "civ_move_2", "volume": 0.03}
[2026-09-25 23:04:35.337] [SFX] {"sound": "civ_move_1", "volume": 0.28}
[2026-09-25 23:04:35.436] [SFX] {"sound": "civ_move_2", "volume": 0.05}
[2026-09-25 23:04:35.470] [SFX] {"sound": "civ_move_1", "volume": 0.14}
[2026-09-25 23:04:35.520] [M] {"button": 1, "pos": [479, 182], "ui_clicked": false}
[2026-09-25 23:04:35.527] [P] {"start": [100, 134], "goal": [109, 134], "length": 1, "is_direction_change": false}
[2026-09-25 23:04:35.528] [SFX] {"sound": "click_target", "volume": 0.6}
[2026-09-25 23:04:35.626] [SENTINEL_ALARM_DISPATCHED] {"guard": [137, 132], "investigate": [146, 134]}
[2026-09-25 23:04:35.659] [SFX] {"sound": "civ_move_2", "volume": 0.0}
[2026-09-25 23:04:35.741] [SFX] {"sound": "civ_move_1", "volume": 0.23}
[2026-09-25 23:04:35.775] [SFX] {"sound": "player_move", "volume": 0.4}
[2026-09-25 23:04:35.843] [JACK] JACK // PROXY SAFE - SANCTUARY ACTIVE
[2026-09-25 23:04:35.852] [SFX] {"sound": "civ_move_2", "volume": 0.08}
[2026-09-25 23:04:35.881] [SFX] {"sound": "civ_move_1", "volume": 0.18}
[2026-09-25 23:04:35.948] [SFX] {"sound": "civ_move_2", "volume": 0.15}
[2026-09-25 23:04:36.146] [SFX] {"sound": "civ_move_1", "volume": 0.19}
[2026-09-25 23:04:36.198] [SFX] {"sound": "civ_move_2", "volume": 0.02}
[2026-09-25 23:04:36.248] [SFX] {"sound": "civ_move_2", "volume": 0.09}
[2026-09-25 23:04:36.297] [SFX] {"sound": "civ_move_1", "volume": 0.18}
[2026-09-25 23:04:36.362] [SFX] {"sound": "civ_move_2", "volume": 0.15}
[2026-09-25 23:04:36.378] [M] {"button": 1, "pos": [479, 182], "ui_clicked": false}
[2026-09-25 23:04:36.386] [P] {"start": [109, 134], "goal": [118, 134], "length": 1, "is_direction_change": false}
[2026-09-25 23:04:36.387] [SFX] {"sound": "click_target", "volume": 0.6}
[2026-09-25 23:04:36.492] [SFX] {"sound": "player_move", "volume": 0.4}
[2026-09-25 23:04:36.560] [SFX] {"sound": "civ_move_1", "volume": 0.15}
[2026-09-25 23:04:36.608] [SFX] {"sound": "civ_move_2", "volume": 0.05}
[2026-09-25 23:04:36.659] [SFX] {"sound": "civ_move_2", "volume": 0.12}
[2026-09-25 23:04:36.710] [SFX] {"sound": "civ_move_1", "volume": 0.22}
[2026-09-25 23:04:36.792] [SFX] {"sound": "civ_move_2", "volume": 0.24}
[2026-09-25 23:04:36.813] [SFX] {"sound": "player_move", "volume": 0.4}
[2026-09-25 23:04:36.940] [M] {"button": 1, "pos": [479, 182], "ui_clicked": false}
[2026-09-25 23:04:36.948] [JACK] JACK // OBSESSED WITH QUANTUM KEYS. LEAVES RETINAL SHADOWS IN EVERY NODE HE TOUCHES.
[2026-09-25 23:04:36.949] [SFX] {"sound": "click_target", "volume": 0.6}
[2026-09-25 23:04:36.966] [SFX] {"sound": "civ_move_1", "volume": 0.09}
[2026-09-25 23:04:37.013] [SFX] {"sound": "civ_move_2", "volume": 0.09}
[2026-09-25 23:04:37.063] [SFX] {"sound": "civ_move_2", "volume": 0.15}
[2026-09-25 23:04:37.111] [SFX] {"sound": "civ_move_1", "volume": 0.25}
[2026-09-25 23:04:37.191] [SFX] {"sound": "civ_move_2", "volume": 0.27}
[2026-09-25 23:04:37.225] [SFX] {"sound": "player_move", "volume": 0.4}
[2026-09-25 23:04:37.258] [C] {"civ_pos": [126, 134]}
[2026-09-25 23:04:37.373] [SFX] {"sound": "civ_move_1", "volume": 0.02}
[2026-09-25 23:04:37.407] [SFX] {"sound": "civ_move_2", "volume": 0.03}
[2026-09-25 23:04:37.430] [SFX] {"sound": "civ_move_2", "volume": 0.14}
[2026-09-25 23:04:37.474] [SFX] {"sound": "civ_move_2", "volume": 0.2}
[2026-09-25 23:04:37.524] [SFX] {"sound": "player_move", "volume": 0.4}
[2026-09-25 23:04:37.525] [SFX] {"sound": "civ_move_1", "volume": 0.29}
[2026-09-25 23:04:37.608] [SFX] {"sound": "civ_move_2", "volume": 0.29}
[2026-09-25 23:04:37.742] [SFX] {"sound": "threat_pulse", "volume": 0.3}
[2026-09-25 23:04:37.807] [SFX] {"sound": "civ_move_2", "volume": 0.05}
[2026-09-25 23:04:37.839] [SFX] {"sound": "player_move", "volume": 0.4}
[2026-09-25 23:04:37.839] [SFX] {"sound": "civ_move_2", "volume": 0.15}
[2026-09-25 23:04:37.887] [SFX] {"sound": "civ_move_2", "volume": 0.2}
[2026-09-25 23:04:37.939] [SFX] {"sound": "civ_move_1", "volume": 0.29}
[2026-09-25 23:04:38.022] [SFX] {"sound": "civ_move_2", "volume": 0.29}
[2026-09-25 23:04:38.140] [SFX] {"sound": "player_move", "volume": 0.4}
[2026-09-25 23:04:38.207] [SFX] {"sound": "civ_move_2", "volume": 0.06}
[2026-09-25 23:04:38.243] [SFX] {"sound": "civ_move_2", "volume": 0.15}
[2026-09-25 23:04:38.293] [SFX] {"sound": "civ_move_2", "volume": 0.2}
[2026-09-25 23:04:38.344] [SFX] {"sound": "civ_move_1", "volume": 0.29}
[2026-09-25 23:04:38.428] [SFX] {"sound": "civ_move_2", "volume": 0.29}
[2026-09-25 23:04:38.452] [SFX] {"sound": "player_move", "volume": 0.4}
[2026-09-25 23:04:38.613] [SFX] {"sound": "civ_move_2", "volume": 0.08}
[2026-09-25 23:04:38.649] [SFX] {"sound": "civ_move_2", "volume": 0.15}
[2026-09-25 23:04:38.649] [SFX] {"sound": "threat_pulse", "volume": 0.32}
[2026-09-25 23:04:38.698] [SFX] {"sound": "civ_move_2", "volume": 0.21}
[2026-09-25 23:04:38.730] [M] {"button": 1, "pos": [435, 202], "ui_clicked": true}
[2026-09-25 23:04:38.769] [SFX] {"sound": "player_move", "volume": 0.4}
[2026-09-25 23:04:38.770] [SFX] {"sound": "civ_move_1", "volume": 0.29}
[2026-09-25 23:04:38.837] [SFX] {"sound": "civ_move_2", "volume": 0.29}
[2026-09-25 23:04:39.017] [SFX] {"sound": "civ_move_2", "volume": 0.09}
[2026-09-25 23:04:39.018] [SFX] {"sound": "infiltrate 2", "volume": 0.5}
[2026-09-25 23:04:39.050] [SFX] {"sound": "civ_move_2", "volume": 0.15}
[2026-09-25 23:04:39.084] [SFX] {"sound": "player_move", "volume": 0.4}
[2026-09-25 23:04:39.106] [SFX] {"sound": "civ_move_2", "volume": 0.22}
[2026-09-25 23:04:39.170] [SFX] {"sound": "civ_move_1", "volume": 0.29}
[2026-09-25 23:04:39.250] [SFX] {"sound": "civ_move_2", "volume": 0.29}
[2026-09-25 23:04:39.383] [SFX] {"sound": "player_move", "volume": 0.4}
[2026-09-25 23:04:39.416] [SFX] {"sound": "civ_move_2", "volume": 0.11}
[2026-09-25 23:04:39.417] [SFX] {"sound": "infiltrate 1", "volume": 0.5}
[2026-09-25 23:04:39.465] [SFX] {"sound": "civ_move_2", "volume": 0.14}
[2026-09-25 23:04:39.514] [SFX] {"sound": "civ_move_2", "volume": 0.22}
[2026-09-25 23:04:39.548] [SFX] {"sound": "threat_pulse", "volume": 0.33}
[2026-09-25 23:04:39.581] [SFX] {"sound": "civ_move_1", "volume": 0.29}
[2026-09-25 23:04:39.664] [SFX] {"sound": "civ_move_2", "volume": 0.29}
[2026-09-25 23:04:39.698] [SFX] {"sound": "player_move", "volume": 0.4}
[2026-09-25 23:04:39.767] [C] {"civ_pos": [138, 134]}
[2026-09-25 23:04:39.824] [SFX] {"sound": "civ_move_2", "volume": 0.13}
[2026-09-25 23:04:39.825] [SFX] {"sound": "infiltrate 1", "volume": 0.5}
[2026-09-25 23:04:39.873] [SFX] {"sound": "civ_move_2", "volume": 0.14}
[2026-09-25 23:04:39.922] [SFX] {"sound": "civ_move_2", "volume": 0.23}
[2026-09-25 23:04:39.991] [SFX] {"sound": "civ_move_1", "volume": 0.29}
[2026-09-25 23:04:40.013] [SFX] {"sound": "player_move", "volume": 0.4}
[2026-09-25 23:04:40.076] [SFX] {"sound": "civ_move_2", "volume": 0.29}
[2026-09-25 23:04:40.225] [SFX] {"sound": "civ_move_2", "volume": 0.14}
[2026-09-25 23:04:40.226] [SFX] {"sound": "infiltrate 1", "volume": 0.5}
[2026-09-25 23:04:40.276] [SFX] {"sound": "civ_move_2", "volume": 0.13}
[2026-09-25 23:04:40.311] [SFX] {"sound": "player_move", "volume": 0.4}
[2026-09-25 23:04:40.335] [SFX] {"sound": "civ_move_2", "volume": 0.23}
[2026-09-25 23:04:40.401] [SFX] {"sound": "civ_move_1", "volume": 0.29}
[2026-09-25 23:04:40.453] [SFX] {"sound": "threat_pulse", "volume": 0.34}
[2026-09-25 23:04:40.485] [SFX] {"sound": "civ_move_2", "volume": 0.29}
[2026-09-25 23:04:40.618] [SFX] {"sound": "player_move", "volume": 0.4}
[2026-09-25 23:04:40.640] [SFX] {"sound": "civ_move_2", "volume": 0.16}
[2026-09-25 23:04:40.641] [SFX] {"sound": "infiltrate 2", "volume": 0.5}
[2026-09-25 23:04:40.687] [SFX] {"sound": "civ_move_2", "volume": 0.12}
[2026-09-25 23:04:40.738] [SFX] {"sound": "civ_move_2", "volume": 0.22}
[2026-09-25 23:04:40.805] [SFX] {"sound": "civ_move_1", "volume": 0.29}
[2026-09-25 23:04:40.889] [SFX] {"sound": "civ_move_2", "volume": 0.29}
[2026-09-25 23:04:40.922] [SFX] {"sound": "player_move", "volume": 0.4}
[2026-09-25 23:04:41.037] [SFX] {"sound": "civ_move_2", "volume": 0.17}
[2026-09-25 23:04:41.038] [SFX] {"sound": "infiltrate 1", "volume": 0.5}
[2026-09-25 23:04:41.101] [SFX] {"sound": "civ_move_2", "volume": 0.11}
[2026-09-25 23:04:41.152] [SFX] {"sound": "civ_move_2", "volume": 0.21}
[2026-09-25 23:04:41.218] [SFX] {"sound": "civ_move_1", "volume": 0.29}
[2026-09-25 23:04:41.239] [SFX] {"sound": "player_move", "volume": 0.4}
[2026-09-25 23:04:41.303] [SFX] {"sound": "civ_move_2", "volume": 0.28}
[2026-09-25 23:04:41.354] [SFX] {"sound": "threat_pulse", "volume": 0.43}
[2026-09-25 23:04:41.437] [SFX] {"sound": "civ_move_2", "volume": 0.18}
[2026-09-25 23:04:41.438] [SFX] {"sound": "infiltrate 1", "volume": 0.5}
[2026-09-25 23:04:41.508] [SFX] {"sound": "civ_move_2", "volume": 0.1}
[2026-09-25 23:04:41.542] [SFX] {"sound": "player_move", "volume": 0.4}
[2026-09-25 23:04:41.565] [SFX] {"sound": "civ_move_2", "volume": 0.2}
[2026-09-25 23:04:41.628] [SFX] {"sound": "civ_move_1", "volume": 0.29}
[2026-09-25 23:04:41.710] [SFX] {"sound": "civ_move_2", "volume": 0.27}
[2026-09-25 23:04:41.744] [SFX] {"sound": "hack_success", "volume": 1.0}
[2026-09-25 23:04:41.744] [JACK] JACK // STOLE 3 DATA FROM DR. KAELEN STERLING (DATA COURIER). TARGET FLEEING TO GUARD SPOT!
[2026-09-25 23:04:41.745] [JACK] JACK // OBSESSED WITH QUANTUM KEYS. LEAVES RETINAL SHADOWS IN EVERY NODE HE TOUCHES.
[2026-09-25 23:04:41.842] [SFX] {"sound": "civ_move_2", "volume": 0.19}
[2026-09-25 23:04:41.909] [SFX] {"sound": "civ_move_2", "volume": 0.08}
[2026-09-25 23:04:41.960] [SFX] {"sound": "civ_move_2", "volume": 0.19}
[2026-09-25 23:04:42.041] [SFX] {"sound": "civ_move_1", "volume": 0.3}
[2026-09-25 23:04:42.065] [SFX] {"sound": "threat_pulse", "volume": 0.45}
[2026-09-25 23:04:42.112] [SFX] {"sound": "civ_move_2", "volume": 0.26}
[2026-09-25 23:04:42.243] [SFX] {"sound": "civ_move_2", "volume": 0.2}
[2026-09-25 23:04:42.279] [C] {"civ_pos": [139, 134]}
[2026-09-25 23:04:42.295] [M] {"button": 1, "pos": [390, 138], "ui_clicked": false}
[2026-09-25 23:04:42.323] [P] {"start": [140, 134], "goal": [146, 130], "length": 2, "is_direction_change": false}
[2026-09-25 23:04:42.323] [SFX] {"sound": "click_target", "volume": 0.82}
[2026-09-25 23:04:42.346] [JACK] Diese Bedrohung ist greifbar... Die Wachen dürfen unser Signal nicht isolieren.
[2026-09-25 23:04:42.347] [SFX] {"sound": "civ_move_2", "volume": 0.07}
[2026-09-25 23:04:42.365] [SFX] {"sound": "civ_move_2", "volume": 0.18}
[2026-09-25 23:04:42.395] [SFX] {"sound": "player_move", "volume": 0.4}
[2026-09-25 23:04:42.445] [SFX] {"sound": "civ_move_1", "volume": 0.26}
[2026-09-25 23:04:42.526] [SFX] {"sound": "civ_move_2", "volume": 0.28}
[2026-09-25 23:04:42.645] [SFX] {"sound": "civ_move_2", "volume": 0.23}
[2026-09-25 23:04:42.694] [SFX] {"sound": "player_move", "volume": 0.4}
[2026-09-25 23:04:42.747] [SFX] {"sound": "civ_move_2", "volume": 0.09}
[2026-09-25 23:04:42.769] [SFX] {"sound": "civ_move_2", "volume": 0.2}
[2026-09-25 23:04:42.770] [SFX] {"sound": "threat_pulse", "volume": 0.42}
[2026-09-25 23:04:42.932] [SFX] {"sound": "civ_move_2", "volume": 0.24}
[2026-09-25 23:04:43.048] [SFX] {"sound": "civ_move_2", "volume": 0.26}
[2026-09-25 23:04:43.147] [SFX] {"sound": "civ_move_2", "volume": 0.08}
[2026-09-25 23:04:43.167] [SFX] {"sound": "civ_move_2", "volume": 0.19}
[2026-09-25 23:04:43.343] [SFX] {"sound": "civ_move_2", "volume": 0.29}
[2026-09-25 23:04:43.377] [SENTINEL_ALARM_DISPATCHED] {"guard": [137, 132], "investigate": [111, 134]}
[2026-09-25 23:04:43.461] [SFX] {"sound": "civ_move_2", "volume": 0.28}
[2026-09-25 23:04:43.482] [SFX] {"sound": "civ_move_2", "volume": 0.07}
[2026-09-25 23:04:43.577] [SFX] {"sound": "civ_move_2", "volume": 0.18}
[2026-09-25 23:04:43.578] [SFX] {"sound": "threat_pulse", "volume": 0.38}
[2026-09-25 23:04:43.743] [SFX] {"sound": "civ_move_2", "volume": 0.28}
[2026-09-25 23:04:43.877] [SFX] {"sound": "guardian_move", "volume": 0.24}
[2026-09-25 23:04:43.877] [SFX] {"sound": "civ_move_2", "volume": 0.29}
[2026-09-25 23:04:43.898] [SFX] {"sound": "civ_move_2", "volume": 0.07}
[2026-09-25 23:04:43.963] [SFX] {"sound": "civ_move_2", "volume": 0.06}
[2026-09-25 23:04:43.987] [SFX] {"sound": "civ_move_2", "volume": 0.17}
[2026-09-25 23:04:44.146] [SFX] {"sound": "civ_move_2", "volume": 0.27}
[2026-09-25 23:04:44.282] [SFX] {"sound": "civ_move_2", "volume": 0.24}
[2026-09-25 23:04:44.304] [SFX] {"sound": "civ_move_2", "volume": 0.07}
[2026-09-25 23:04:44.367] [SFX] {"sound": "civ_move_2", "volume": 0.04}
[2026-09-25 23:04:44.390] [SFX] {"sound": "civ_move_2", "volume": 0.15}
[2026-09-25 23:04:44.482] [SFX] {"sound": "guardian_move", "volume": 0.22}
[2026-09-25 23:04:44.483] [SFX] {"sound": "threat_pulse", "volume": 0.33}
[2026-09-25 23:04:44.549] [SFX] {"sound": "civ_move_2", "volume": 0.26}
[2026-09-25 23:04:44.682] [SFX] {"sound": "civ_move_2", "volume": 0.23}
[2026-09-25 23:04:44.715] [SFX] {"sound": "civ_move_2", "volume": 0.06}
[2026-09-25 23:04:44.781] [SFX] {"sound": "civ_move_2", "volume": 0.03}
[2026-09-25 23:04:44.782] [C] {"civ_pos": [146, 132]}
[2026-09-25 23:04:44.825] [SFX] {"sound": "civ_move_2", "volume": 0.14}
[2026-09-25 23:04:44.953] [SFX] {"sound": "civ_move_2", "volume": 0.24}
[2026-09-25 23:04:45.085] [SFX] {"sound": "guardian_move", "volume": 0.2}
[2026-09-25 23:04:45.085] [SFX] {"sound": "civ_move_2", "volume": 0.22}
[2026-09-25 23:04:45.117] [SFX] {"sound": "civ_move_2", "volume": 0.05}
[2026-09-25 23:04:45.182] [SFX] {"sound": "civ_move_2", "volume": 0.03}
[2026-09-25 23:04:45.203] [SFX] {"sound": "civ_move_2", "volume": 0.13}
[2026-09-25 23:04:45.362] [SFX] {"sound": "civ_move_2", "volume": 0.23}
[2026-09-25 23:04:45.428] [M] {"button": 1, "pos": [292, 200], "ui_clicked": false}
[2026-09-25 23:04:45.437] [P] {"start": [146, 130], "goal": [142, 134], "length": 2, "is_direction_change": false}
[2026-09-25 23:04:45.438] [SFX] {"sound": "click_target", "volume": 0.69}
[2026-09-25 23:04:45.496] [SFX] {"sound": "civ_move_2", "volume": 0.22}
[2026-09-25 23:04:45.530] [SFX] {"sound": "civ_move_2", "volume": 0.02}
[2026-09-25 23:04:45.597] [SFX] {"sound": "civ_move_2", "volume": 0.0}
[2026-09-25 23:04:45.618] [SFX] {"sound": "civ_move_2", "volume": 0.09}
[2026-09-25 23:04:45.662] [SFX] {"sound": "player_move", "volume": 0.4}
[2026-09-25 23:04:45.696] [SFX] {"sound": "guardian_move", "volume": 0.25}
[2026-09-25 23:04:45.777] [SFX] {"sound": "civ_move_2", "volume": 0.19}
[2026-09-25 23:04:45.910] [SFX] {"sound": "civ_move_2", "volume": 0.29}
[2026-09-25 23:04:46.025] [SFX] {"sound": "civ_move_2", "volume": 0.07}
[2026-09-25 23:04:46.189] [SFX] {"sound": "civ_move_2", "volume": 0.17}
[2026-09-25 23:04:46.303] [SFX] {"sound": "guardian_move", "volume": 0.25}
[2026-09-25 23:04:46.326] [SFX] {"sound": "civ_move_2", "volume": 0.3}
[2026-09-25 23:04:46.435] [SFX] {"sound": "civ_move_2", "volume": 0.06}
[2026-09-25 23:04:46.599] [SFX] {"sound": "civ_move_2", "volume": 0.16}
[2026-09-25 23:04:46.733] [SFX] {"sound": "civ_move_2", "volume": 0.28}
[2026-09-25 23:04:46.914] [SFX] {"sound": "guardian_move", "volume": 0.23}
[2026-09-25 23:04:47.013] [SFX] {"sound": "civ_move_2", "volume": 0.15}
[2026-09-25 23:04:47.144] [SFX] {"sound": "civ_move_2", "volume": 0.27}
[2026-09-25 23:04:47.427] [SFX] {"sound": "civ_move_2", "volume": 0.14}
[2026-09-25 23:04:47.526] [SFX] {"sound": "guardian_move", "volume": 0.2}
[2026-09-25 23:04:47.550] [SFX] {"sound": "civ_move_2", "volume": 0.26}
[2026-09-25 23:04:47.645] [SFX] {"sound": "civ_move_2", "volume": 0.07}
[2026-09-25 23:04:47.841] [SFX] {"sound": "civ_move_2", "volume": 0.12}
[2026-09-25 23:04:47.955] [SFX] {"sound": "civ_move_2", "volume": 0.25}
[2026-09-25 23:04:48.051] [SFX] {"sound": "civ_move_2", "volume": 0.07}
[2026-09-25 23:04:48.133] [SFX] {"sound": "guardian_move", "volume": 0.18}
[2026-09-25 23:04:48.252] [SFX] {"sound": "civ_move_2", "volume": 0.11}
[2026-09-25 23:04:48.369] [SFX] {"sound": "civ_move_2", "volume": 0.24}
[2026-09-25 23:04:48.452] [SFX] {"sound": "civ_move_2", "volume": 0.07}
[2026-09-25 23:04:48.586] [M] {"button": 1, "pos": [119, 181], "ui_clicked": false}
[2026-09-25 23:04:48.653] [SFX] {"sound": "civ_move_2", "volume": 0.1}
[2026-09-25 23:04:48.735] [SFX] {"sound": "guardian_move", "volume": 0.16}
[2026-09-25 23:04:48.770] [SFX] {"sound": "civ_move_2", "volume": 0.22}
[2026-09-25 23:04:48.868] [SFX] {"sound": "civ_move_2", "volume": 0.08}
[2026-09-25 23:04:49.065] [SFX] {"sound": "civ_move_2", "volume": 0.09}
[2026-09-25 23:04:49.080] [M] {"button": 1, "pos": [118, 185], "ui_clicked": false}
[2026-09-25 23:04:49.181] [SFX] {"sound": "civ_move_2", "volume": 0.21}
[2026-09-25 23:04:49.282] [SFX] {"sound": "civ_move_2", "volume": 0.09}
[2026-09-25 23:04:49.347] [SFX] {"sound": "guardian_move", "volume": 0.13}
[2026-09-25 23:04:49.397] [M] {"button": 1, "pos": [118, 189], "ui_clicked": false}
[2026-09-25 23:04:49.405] [P] {"start": [142, 134], "goal": [126, 134], "length": 1, "is_direction_change": false}
[2026-09-25 23:04:49.405] [SFX] {"sound": "click_target", "volume": 0.49}
[2026-09-25 23:04:49.444] [JACK] Kurzer Blick um die Ecke...
[2026-09-25 23:04:49.473] [SFX] {"sound": "civ_move_2", "volume": 0.07}
[2026-09-25 23:04:49.523] [SFX] {"sound": "player_move", "volume": 0.4}
[2026-09-25 23:04:49.590] [SFX] {"sound": "civ_move_2", "volume": 0.23}
[2026-09-25 23:04:49.690] [SFX] {"sound": "civ_move_2", "volume": 0.15}
[2026-09-25 23:04:49.838] [SFX] {"sound": "player_move", "volume": 0.4}
[2026-09-25 23:04:49.873] [SFX] {"sound": "civ_move_2", "volume": 0.05}
[2026-09-25 23:04:49.959] [SFX] {"sound": "guardian_move", "volume": 0.22}
[2026-09-25 23:04:49.992] [SFX] {"sound": "civ_move_2", "volume": 0.28}
[2026-09-25 23:04:50.075] [C] {"civ_pos": [126, 134]}
[2026-09-25 23:04:50.115] [SFX] {"sound": "civ_move_2", "volume": 0.22}
[2026-09-25 23:04:50.145] [SFX] {"sound": "player_move", "volume": 0.4}
[2026-09-25 23:04:50.279] [SFX] {"sound": "civ_move_2", "volume": 0.01}
[2026-09-25 23:04:50.397] [SFX] {"sound": "civ_move_2", "volume": 0.29}
[2026-09-25 23:04:50.501] [SFX] {"sound": "civ_move_2", "volume": 0.25}
[2026-09-25 23:04:50.584] [SFX] {"sound": "guardian_move", "volume": 0.26}
[2026-09-25 23:04:50.681] [SFX] {"sound": "civ_move_2", "volume": 0.0}
[2026-09-25 23:04:50.797] [SFX] {"sound": "civ_move_2", "volume": 0.28}
[2026-09-25 23:04:50.912] [SFX] {"sound": "civ_move_2", "volume": 0.26}
[2026-09-25 23:04:50.933] [SFX] {"sound": "civ_move_2", "volume": 0.0}
[2026-09-25 23:04:51.189] [SFX] {"sound": "guardian_move", "volume": 0.28}
[2026-09-25 23:04:51.212] [SFX] {"sound": "civ_move_2", "volume": 0.27}
[2026-09-25 23:04:51.339] [SFX] {"sound": "civ_move_2", "volume": 0.0}
[2026-09-25 23:04:51.623] [SFX] {"sound": "civ_move_2", "volume": 0.26}
[2026-09-25 23:04:51.721] [SFX] {"sound": "civ_move_2", "volume": 0.28}
[2026-09-25 23:04:51.755] [SFX] {"sound": "civ_move_2", "volume": 0.01}
[2026-09-25 23:04:51.805] [SFX] {"sound": "guardian_move", "volume": 0.31}
[2026-09-25 23:04:51.986] [M] {"button": 1, "pos": [410, 183], "ui_clicked": false}
[2026-09-25 23:04:51.994] [P] {"start": [126, 134], "goal": [137, 134], "length": 1, "is_direction_change": false}
[2026-09-25 23:04:51.995] [SFX] {"sound": "click_target", "volume": 0.57}
[2026-09-25 23:04:52.052] [SFX] {"sound": "civ_move_2", "volume": 0.24}
[2026-09-25 23:04:52.137] [SFX] {"sound": "civ_move_2", "volume": 0.27}
[2026-09-25 23:04:52.171] [SFX] {"sound": "civ_move_2", "volume": 0.02}
[2026-09-25 23:04:52.237] [SFX] {"sound": "player_move", "volume": 0.4}
[2026-09-25 23:04:52.419] [SFX] {"sound": "guardian_move", "volume": 0.24}
[2026-09-25 23:04:52.452] [SFX] {"sound": "civ_move_2", "volume": 0.16}
[2026-09-25 23:04:52.552] [SFX] {"sound": "civ_move_2", "volume": 0.23}
[2026-09-25 23:04:52.584] [SFX] {"sound": "civ_move_2", "volume": 0.02}
[2026-09-25 23:04:52.799] [M] {"button": 1, "pos": [410, 183], "ui_clicked": false}
[2026-09-25 23:04:52.807] [P] {"start": [137, 134], "goal": [141, 134], "length": 1, "is_direction_change": false}
[2026-09-25 23:04:52.808] [SFX] {"sound": "click_target", "volume": 0.71}
[2026-09-25 23:04:52.834] [SFX] {"sound": "player_move", "volume": 0.4}
[2026-09-25 23:04:52.866] [SFX] {"sound": "civ_move_2", "volume": 0.13}
[2026-09-25 23:04:52.968] [SFX] {"sound": "civ_move_2", "volume": 0.21}
[2026-09-25 23:04:53.001] [SFX] {"sound": "civ_move_2", "volume": 0.02}
[2026-09-25 23:04:53.034] [SFX] {"sound": "guardian_move", "volume": 0.2}
[2026-09-25 23:04:53.282] [SFX] {"sound": "civ_move_2", "volume": 0.09}
[2026-09-25 23:04:53.383] [SFX] {"sound": "civ_move_2", "volume": 0.22}
[2026-09-25 23:04:53.417] [SFX] {"sound": "civ_move_2", "volume": 0.0}
[2026-09-25 23:04:53.468] [M] {"button": 1, "pos": [410, 183], "ui_clicked": false}
[2026-09-25 23:04:53.475] [P] {"start": [141, 134], "goal": [145, 134], "length": 1, "is_direction_change": false}
[2026-09-25 23:04:53.476] [SFX] {"sound": "click_target", "volume": 0.72}
[2026-09-25 23:04:53.594] [SFX] {"sound": "player_move", "volume": 0.4}
[2026-09-25 23:04:53.644] [SFX] {"sound": "guardian_move", "volume": 0.2}
[2026-09-25 23:04:53.693] [SFX] {"sound": "civ_move_2", "volume": 0.05}
[2026-09-25 23:04:53.794] [SFX] {"sound": "civ_move_2", "volume": 0.2}
[2026-09-25 23:04:54.105] [SFX] {"sound": "civ_move_2", "volume": 0.04}
[2026-09-25 23:04:54.200] [M] {"button": 1, "pos": [410, 183], "ui_clicked": false}
[2026-09-25 23:04:54.209] [SFX] {"sound": "civ_move_2", "volume": 0.21}
[2026-09-25 23:04:54.209] [P] {"start": [145, 134], "goal": [148, 134], "length": 4, "is_direction_change": false}
[2026-09-25 23:04:54.210] [SFX] {"sound": "click_target", "volume": 0.72}
[2026-09-25 23:04:54.262] [SFX] {"sound": "guardian_move", "volume": 0.2}
[2026-09-25 23:04:54.442] [SFX] {"sound": "player_move", "volume": 0.4}
[2026-09-25 23:04:54.509] [SFX] {"sound": "civ_move_2", "volume": 0.01}
[2026-09-25 23:04:54.609] [SFX] {"sound": "civ_move_2", "volume": 0.2}
[2026-09-25 23:04:54.755] [SFX] {"sound": "player_move", "volume": 0.4}
[2026-09-25 23:04:54.871] [SFX] {"sound": "guardian_move", "volume": 0.21}
[2026-09-25 23:04:55.019] [SFX] {"sound": "civ_move_2", "volume": 0.22}
[2026-09-25 23:04:55.433] [SFX] {"sound": "civ_move_2", "volume": 0.23}
[2026-09-25 23:04:55.486] [SFX] {"sound": "guardian_move", "volume": 0.23}
[2026-09-25 23:04:55.844] [SFX] {"sound": "civ_move_2", "volume": 0.24}
[2026-09-25 23:04:56.091] [SFX] {"sound": "guardian_move", "volume": 0.26}
[2026-09-25 23:04:56.254] [SFX] {"sound": "civ_move_2", "volume": 0.25}
[2026-09-25 23:04:56.667] [SFX] {"sound": "civ_move_2", "volume": 0.27}
[2026-09-25 23:04:56.704] [SFX] {"sound": "guardian_move", "volume": 0.28}
[2026-09-25 23:04:57.069] [SFX] {"sound": "civ_move_2", "volume": 0.28}
[2026-09-25 23:04:57.284] [C] {"civ_pos": [146, 134]}
[2026-09-25 23:04:57.334] [JACK] Schon wieder ein ziviler Datenknoten auf unserem Schirm.
[2026-09-25 23:04:57.352] [SFX] {"sound": "guardian_move", "volume": 0.31}
[2026-09-25 23:04:57.481] [SFX] {"sound": "civ_move_2", "volume": 0.28}
[2026-09-25 23:04:57.962] [SFX] {"sound": "guardian_move", "volume": 0.33}
[2026-09-25 23:04:58.293] [SFX] {"sound": "civ_move_2", "volume": 0.27}
[2026-09-25 23:04:58.575] [SFX] {"sound": "guardian_move", "volume": 0.36}
[2026-09-25 23:04:58.693] [SFX] {"sound": "threat_pulse", "volume": 0.31}
[2026-09-25 23:04:58.715] [SFX] {"sound": "civ_move_2", "volume": 0.25}
[2026-09-25 23:04:59.122] [SFX] {"sound": "civ_move_2", "volume": 0.24}
[2026-09-25 23:04:59.188] [SFX] {"sound": "guardian_move", "volume": 0.3}
[2026-09-25 23:04:59.533] [SFX] {"sound": "civ_move_2", "volume": 0.23}
[2026-09-25 23:04:59.599] [SFX] {"sound": "threat_pulse", "volume": 0.34}
[2026-09-25 23:04:59.797] [SFX] {"sound": "guardian_move", "volume": 0.29}
[2026-09-25 23:04:59.949] [SFX] {"sound": "civ_move_2", "volume": 0.22}
[2026-09-25 23:05:00.364] [SFX] {"sound": "civ_move_2", "volume": 0.21}
[2026-09-25 23:05:00.400] [SFX] {"sound": "guardian_move", "volume": 0.29}
[2026-09-25 23:05:00.516] [SFX] {"sound": "threat_pulse", "volume": 0.32}
[2026-09-25 23:05:00.765] [SFX] {"sound": "civ_move_2", "volume": 0.19}
[2026-09-25 23:05:00.999] [SFX] {"sound": "guardian_move", "volume": 0.3}
[2026-09-25 23:05:01.015] [M] {"button": 1, "pos": [241, 158], "ui_clicked": false}
[2026-09-25 23:05:01.024] [P] {"start": [148, 134], "goal": [140, 134], "length": 4, "is_direction_change": false}
[2026-09-25 23:05:01.025] [SFX] {"sound": "click_target", "volume": 0.65}
[2026-09-25 23:05:01.072] [JACK] Verdammt, die Sentinels kreisen um uns... Ich habe echte Angst, ertappt zu werden!
[2026-09-25 23:05:01.165] [SFX] {"sound": "civ_move_2", "volume": 0.16}
[2026-09-25 23:05:01.298] [SFX] {"sound": "player_move", "volume": 0.4}
[2026-09-25 23:05:01.430] [SFX] {"sound": "threat_pulse", "volume": 0.36}
[2026-09-25 23:05:01.577] [SFX] {"sound": "civ_move_2", "volume": 0.17}
[2026-09-25 23:05:01.610] [SFX] {"sound": "player_move", "volume": 0.4}
[2026-09-25 23:05:01.610] [SFX] {"sound": "guardian_move", "volume": 0.28}
[2026-09-25 23:05:01.977] [SFX] {"sound": "civ_move_2", "volume": 0.15}
[2026-09-25 23:05:02.222] [SFX] {"sound": "guardian_move", "volume": 0.26}
[2026-09-25 23:05:02.290] [SFX] {"sound": "civ_move_1", "volume": 0.05}
[2026-09-25 23:05:02.340] [SFX] {"sound": "threat_pulse", "volume": 0.32}
[2026-09-25 23:05:02.390] [SFX] {"sound": "civ_move_2", "volume": 0.14}
[2026-09-25 23:05:02.705] [SFX] {"sound": "civ_move_1", "volume": 0.05}
[2026-09-25 23:05:02.804] [SFX] {"sound": "civ_move_2", "volume": 0.13}
[2026-09-25 23:05:02.841] [SFX] {"sound": "guardian_move", "volume": 0.27}
[2026-09-25 23:05:03.106] [SFX] {"sound": "civ_move_1", "volume": 0.05}
[2026-09-25 23:05:03.206] [SFX] {"sound": "civ_move_2", "volume": 0.12}
[2026-09-25 23:05:03.453] [SFX] {"sound": "guardian_move", "volume": 0.35}
[2026-09-25 23:05:03.538] [SFX] {"sound": "civ_move_1", "volume": 0.06}
[2026-09-25 23:05:03.611] [SFX] {"sound": "civ_move_2", "volume": 0.1}
[2026-09-25 23:05:03.940] [SFX] {"sound": "civ_move_1", "volume": 0.07}
[2026-09-25 23:05:04.023] [SFX] {"sound": "civ_move_2", "volume": 0.09}
[2026-09-25 23:05:04.059] [SFX] {"sound": "guardian_move", "volume": 0.37}
[2026-09-25 23:05:04.241] [SFX] {"sound": "threat_pulse", "volume": 0.31}
[2026-09-25 23:05:04.307] [M] {"button": 1, "pos": [68, 179], "ui_clicked": false}
[2026-09-25 23:05:04.316] [P] {"start": [140, 134], "goal": [121, 134], "length": 1, "is_direction_change": false}
[2026-09-25 23:05:04.316] [SFX] {"sound": "click_target", "volume": 0.43}
[2026-09-25 23:05:04.353] [JACK] Achtung! Guardians patrouillieren den Sektor. Wir müssen extrem vorsichtig sein!
[2026-09-25 23:05:04.371] [SFX] {"sound": "civ_move_1", "volume": 0.08}
[2026-09-25 23:05:04.388] [SFX] {"sound": "player_move", "volume": 0.4}
[2026-09-25 23:05:04.437] [SFX] {"sound": "civ_move_2", "volume": 0.08}
[2026-09-25 23:05:04.667] [SFX] {"sound": "guardian_move", "volume": 0.33}
[2026-09-25 23:05:04.688] [SFX] {"sound": "player_move", "volume": 0.4}
[2026-09-25 23:05:04.765] [SFX] {"sound": "civ_move_1", "volume": 0.07}
[2026-09-25 23:05:04.847] [SFX] {"sound": "civ_move_2", "volume": 0.04}
[2026-09-25 23:05:04.996] [SFX] {"sound": "player_move", "volume": 0.4}
[2026-09-25 23:05:05.175] [SFX] {"sound": "civ_move_1", "volume": 0.04}
[2026-09-25 23:05:06.005] [SFX] {"sound": "civ_move_1", "volume": 0.05}
[2026-09-25 23:05:06.417] [SFX] {"sound": "civ_move_1", "volume": 0.06}
[2026-09-25 23:05:06.616] [M] {"button": 1, "pos": [72, 179], "ui_clicked": false}
[2026-09-25 23:05:06.819] [SFX] {"sound": "civ_move_1", "volume": 0.07}
[2026-09-25 23:05:07.647] [SFX] {"sound": "civ_move_1", "volume": 0.08}
[2026-09-25 23:05:07.712] [M] {"button": 1, "pos": [126, 184], "ui_clicked": false}
[2026-09-25 23:05:07.720] [P] {"start": [121, 134], "goal": [108, 134], "length": 1, "is_direction_change": false}
[2026-09-25 23:05:07.721] [SFX] {"sound": "click_target", "volume": 0.54}
[2026-09-25 23:05:07.771] [SFX] {"sound": "player_move", "volume": 0.4}
[2026-09-25 23:05:08.049] [SFX] {"sound": "civ_move_1", "volume": 0.04}
[2026-09-25 23:05:08.083] [SFX] {"sound": "player_move", "volume": 0.4}
[2026-09-25 23:05:08.465] [SFX] {"sound": "civ_move_1", "volume": 0.0}
[2026-09-25 23:05:09.025] [M] {"button": 1, "pos": [138, 185], "ui_clicked": false}
[2026-09-25 23:05:09.033] [P] {"start": [108, 134], "goal": [96, 134], "length": 1, "is_direction_change": false}
[2026-09-25 23:05:09.034] [SFX] {"sound": "click_target", "volume": 0.56}
[2026-09-25 23:05:09.067] [SFX] {"sound": "player_move", "volume": 0.4}
[2026-09-25 23:05:09.100] [JACK] JACK // PROXY SAFE - SANCTUARY ACTIVE
[2026-09-25 23:05:09.382] [SFX] {"sound": "player_move", "volume": 0.4}
[2026-09-25 23:05:09.630] [M] {"button": 1, "pos": [138, 185], "ui_clicked": false}
[2026-09-25 23:05:09.639] [P] {"start": [96, 134], "goal": [84, 134], "length": 1, "is_direction_change": false}
[2026-09-25 23:05:09.639] [SFX] {"sound": "click_target", "volume": 0.56}
[2026-09-25 23:05:09.704] [SFX] {"sound": "player_move", "volume": 0.4}
[2026-09-25 23:05:11.382] [M] {"button": 1, "pos": [449, 187], "ui_clicked": false}
[2026-09-25 23:05:11.391] [P] {"start": [84, 134], "goal": [98, 134], "length": 1, "is_direction_change": false}
[2026-09-25 23:05:11.392] [SFX] {"sound": "click_target", "volume": 0.5}
[2026-09-25 23:05:11.474] [SFX] {"sound": "player_move", "volume": 0.4}
[2026-09-25 23:05:12.019] [M] {"button": 1, "pos": [449, 187], "ui_clicked": false}
[2026-09-25 23:05:12.027] [P] {"start": [96, 134], "goal": [104, 134], "length": 1, "is_direction_change": false}
[2026-09-25 23:05:12.027] [SFX] {"sound": "click_target", "volume": 0.64}
[2026-09-25 23:05:12.091] [SFX] {"sound": "player_move", "volume": 0.4}
[2026-09-25 23:05:12.553] [SFX] {"sound": "civ_move_1", "volume": 0.02}
[2026-09-25 23:05:12.620] [M] {"button": 1, "pos": [449, 187], "ui_clicked": false}
[2026-09-25 23:05:12.629] [P] {"start": [104, 134], "goal": [111, 134], "length": 1, "is_direction_change": false}
[2026-09-25 23:05:12.629] [SFX] {"sound": "click_target", "volume": 0.65}
[2026-09-25 23:05:12.686] [SFX] {"sound": "player_move", "volume": 0.4}
[2026-09-25 23:05:12.965] [SFX] {"sound": "civ_move_1", "volume": 0.08}
[2026-09-25 23:05:13.226] [M] {"button": 1, "pos": [449, 187], "ui_clicked": false}
[2026-09-25 23:05:13.235] [P] {"start": [111, 134], "goal": [118, 134], "length": 1, "is_direction_change": false}
[2026-09-25 23:05:13.235] [SFX] {"sound": "click_target", "volume": 0.65}
[2026-09-25 23:05:13.261] [SFX] {"sound": "player_move", "volume": 0.4}
[2026-09-25 23:05:13.374] [SFX] {"sound": "civ_move_1", "volume": 0.12}
[2026-09-25 23:05:13.554] [SFX] {"sound": "player_move", "volume": 0.4}
[2026-09-25 23:05:13.785] [SFX] {"sound": "civ_move_1", "volume": 0.16}
[2026-09-25 23:05:13.899] [M] {"button": 1, "pos": [468, 187], "ui_clicked": false}
[2026-09-25 23:05:13.907] [P] {"start": [118, 134], "goal": [126, 134], "length": 1, "is_direction_change": false}
[2026-09-25 23:05:13.908] [SFX] {"sound": "click_target", "volume": 0.62}
[2026-09-25 23:05:14.183] [SFX] {"sound": "player_move", "volume": 0.4}
[2026-09-25 23:05:14.206] [SFX] {"sound": "civ_move_1", "volume": 0.22}
[2026-09-25 23:05:14.515] [M] {"button": 1, "pos": [490, 187], "ui_clicked": false}
[2026-09-25 23:05:14.524] [P] {"start": [126, 134], "goal": [137, 134], "length": 1, "is_direction_change": false}
[2026-09-25 23:05:14.525] [SFX] {"sound": "click_target", "volume": 0.58}
[2026-09-25 23:05:14.612] [SFX] {"sound": "civ_move_1", "volume": 0.26}
[2026-09-25 23:05:14.711] [SFX] {"sound": "player_move", "volume": 0.4}
[2026-09-25 23:05:14.762] [C] {"civ_pos": [132, 134]}
[2026-09-25 23:05:15.015] [SFX] {"sound": "player_move", "volume": 0.4}
[2026-09-25 23:05:15.016] [SFX] {"sound": "civ_move_1", "volume": 0.27}
[2026-09-25 23:05:15.149] [M] {"button": 1, "pos": [516, 185], "ui_clicked": false}
[2026-09-25 23:05:15.156] [P] {"start": [137, 134], "goal": [150, 134], "length": 6, "is_direction_change": false}
[2026-09-25 23:05:15.157] [SFX] {"sound": "click_target", "volume": 0.53}
[2026-09-25 23:05:15.402] [SFX] {"sound": "player_move", "volume": 0.4}
[2026-09-25 23:05:15.425] [SFX] {"sound": "civ_move_1", "volume": 0.21}
[2026-09-25 23:05:15.704] [SFX] {"sound": "player_move", "volume": 0.4}
[2026-09-25 23:05:15.835] [SFX] {"sound": "civ_move_1", "volume": 0.16}
[2026-09-25 23:05:16.019] [SFX] {"sound": "player_move", "volume": 0.4}
[2026-09-25 23:05:16.250] [SFX] {"sound": "civ_move_1", "volume": 0.11}
[2026-09-25 23:05:16.333] [SFX] {"sound": "player_move", "volume": 0.4}
[2026-09-25 23:05:16.666] [SFX] {"sound": "civ_move_1", "volume": 0.11}
[2026-09-25 23:05:17.067] [SFX] {"sound": "civ_move_1", "volume": 0.1}
[2026-09-25 23:05:17.467] [SFX] {"sound": "civ_move_1", "volume": 0.09}
[2026-09-25 23:05:17.880] [SFX] {"sound": "civ_move_1", "volume": 0.08}
[2026-09-25 23:05:18.291] [SFX] {"sound": "civ_move_1", "volume": 0.07}
[2026-09-25 23:05:18.706] [SFX] {"sound": "civ_move_1", "volume": 0.05}
[2026-09-25 23:05:19.119] [SFX] {"sound": "civ_move_1", "volume": 0.04}
[2026-09-25 23:05:19.530] [SFX] {"sound": "civ_move_1", "volume": 0.03}
[2026-09-25 23:05:19.944] [SFX] {"sound": "civ_move_1", "volume": 0.02}
[2026-09-25 23:05:21.594] [M] {"button": 1, "pos": [383, 177], "ui_clicked": false}
[2026-09-25 23:05:21.602] [P] {"start": [150, 134], "goal": [154, 132], "length": 2, "is_direction_change": false}
[2026-09-25 23:05:21.603] [SFX] {"sound": "click_target", "volume": 0.88}
[2026-09-25 23:05:21.644] [JACK] Vorsichtig vorantasten...
[2026-09-25 23:05:21.773] [SFX] {"sound": "player_move", "volume": 0.4}
[2026-09-25 23:05:24.211] [M] {"button": 1, "pos": [248, 79], "ui_clicked": false}
[2026-09-25 23:05:24.219] [P] {"start": [154, 132], "goal": [146, 124], "length": 7, "is_direction_change": false}
[2026-09-25 23:05:24.220] [SFX] {"sound": "click_target", "volume": 0.73}
[2026-09-25 23:05:24.302] [SFX] {"sound": "civ_move_1", "volume": 0.02}
[2026-09-25 23:05:24.385] [SFX] {"sound": "player_move", "volume": 0.4}
[2026-09-25 23:05:24.457] [SFX] {"sound": "civ_move_1", "volume": 0.02}
[2026-09-25 23:05:24.687] [SFX] {"sound": "player_move", "volume": 0.4}
[2026-09-25 23:05:24.709] [SFX] {"sound": "civ_move_1", "volume": 0.05}
[2026-09-25 23:05:24.859] [SFX] {"sound": "civ_move_1", "volume": 0.06}
[2026-09-25 23:05:24.993] [SFX] {"sound": "player_move", "volume": 0.4}
[2026-09-25 23:05:25.111] [SFX] {"sound": "civ_move_1", "volume": 0.01}
[2026-09-25 23:05:25.260] [SFX] {"sound": "civ_move_1", "volume": 0.08}
[2026-09-25 23:05:25.294] [SFX] {"sound": "player_move", "volume": 0.4}
[2026-09-25 23:05:25.540] [SFX] {"sound": "civ_move_1", "volume": 0.05}
[2026-09-25 23:05:25.606] [SFX] {"sound": "player_move", "volume": 0.4}
[2026-09-25 23:05:25.674] [SFX] {"sound": "civ_move_1", "volume": 0.07}
[2026-09-25 23:05:25.943] [SFX] {"sound": "civ_move_1", "volume": 0.09}
[2026-09-25 23:05:26.074] [SFX] {"sound": "civ_move_1", "volume": 0.07}
[2026-09-25 23:05:26.107] [M] {"button": 1, "pos": [309, 51], "ui_clicked": false}
[2026-09-25 23:05:26.115] [SFX] {"sound": "civ_move_2", "volume": 0.03}
[2026-09-25 23:05:26.358] [SFX] {"sound": "civ_move_1", "volume": 0.07}
[2026-09-25 23:05:26.488] [SFX] {"sound": "civ_move_1", "volume": 0.08}
[2026-09-25 23:05:26.521] [SFX] {"sound": "civ_move_2", "volume": 0.04}
[2026-09-25 23:05:26.605] [M] {"button": 1, "pos": [322, 50], "ui_clicked": false}
[2026-09-25 23:05:26.613] [P] {"start": [146, 124], "goal": [146, 116], "length": 1, "is_direction_change": false}
[2026-09-25 23:05:26.614] [SFX] {"sound": "click_target", "volume": 0.81}
[2026-09-25 23:05:26.680] [SFX] {"sound": "player_move", "volume": 0.4}
[2026-09-25 23:05:26.762] [SFX] {"sound": "civ_move_1", "volume": 0.09}
[2026-09-25 23:05:26.892] [SFX] {"sound": "civ_move_1", "volume": 0.08}
[2026-09-25 23:05:26.924] [SFX] {"sound": "civ_move_2", "volume": 0.09}
[2026-09-25 23:05:26.991] [SFX] {"sound": "player_move", "volume": 0.4}
[2026-09-25 23:05:27.177] [SFX] {"sound": "civ_move_1", "volume": 0.11}
[2026-09-25 23:05:27.291] [M] {"button": 1, "pos": [322, 50], "ui_clicked": false}
[2026-09-25 23:05:27.299] [SFX] {"sound": "civ_move_1", "volume": 0.07}
[2026-09-25 23:05:27.300] [P] {"start": [146, 116], "goal": [146, 108], "length": 1, "is_direction_change": false}
[2026-09-25 23:05:27.301] [SFX] {"sound": "click_target", "volume": 0.81}
[2026-09-25 23:05:27.335] [SFX] {"sound": "civ_move_2", "volume": 0.11}
[2026-09-25 23:05:27.587] [SFX] {"sound": "civ_move_1", "volume": 0.14}
[2026-09-25 23:05:27.611] [SFX] {"sound": "player_move", "volume": 0.4}
[2026-09-25 23:05:27.697] [SFX] {"sound": "civ_move_1", "volume": 0.05}
[2026-09-25 23:05:27.745] [SFX] {"sound": "civ_move_2", "volume": 0.16}
[2026-09-25 23:05:27.973] [M] {"button": 1, "pos": [322, 50], "ui_clicked": false}
[2026-09-25 23:05:27.981] [P] {"start": [146, 108], "goal": [146, 100], "length": 1, "is_direction_change": false}
[2026-09-25 23:05:27.982] [SFX] {"sound": "click_target", "volume": 0.81}
[2026-09-25 23:05:28.024] [SFX] {"sound": "civ_move_1", "volume": 0.14}
[2026-09-25 23:05:28.104] [SFX] {"sound": "civ_move_1", "volume": 0.04}
[2026-09-25 23:05:28.156] [SFX] {"sound": "civ_move_2", "volume": 0.18}
[2026-09-25 23:05:28.205] [SFX] {"sound": "player_move", "volume": 0.4}
[2026-09-25 23:05:28.405] [SFX] {"sound": "civ_move_1", "volume": 0.02}
[2026-09-25 23:05:28.405] [SFX] {"sound": "civ_move_1", "volume": 0.16}
[2026-09-25 23:05:28.504] [SFX] {"sound": "civ_move_1", "volume": 0.01}
[2026-09-25 23:05:28.570] [SFX] {"sound": "civ_move_2", "volume": 0.21}
[2026-09-25 23:05:28.816] [SFX] {"sound": "civ_move_1", "volume": 0.02}
[2026-09-25 23:05:28.817] [SFX] {"sound": "civ_move_1", "volume": 0.15}
[2026-09-25 23:05:28.919] [SFX] {"sound": "civ_move_1", "volume": 0.02}
[2026-09-25 23:05:28.970] [SFX] {"sound": "civ_move_2", "volume": 0.22}
[2026-09-25 23:05:29.088] [SFX] {"sound": "civ_move_2", "volume": 0.28}
[2026-09-25 23:05:29.222] [SFX] {"sound": "civ_move_1", "volume": 0.01}
[2026-09-25 23:05:29.222] [SFX] {"sound": "civ_move_1", "volume": 0.15}
[2026-09-25 23:05:29.320] [SFX] {"sound": "civ_move_1", "volume": 0.02}
[2026-09-25 23:05:29.372] [SFX] {"sound": "civ_move_2", "volume": 0.23}
[2026-09-25 23:05:29.373] [C] {"civ_pos": [147, 99]}
[2026-09-25 23:05:29.491] [SFX] {"sound": "civ_move_2", "volume": 0.29}
[2026-09-25 23:05:29.629] [SFX] {"sound": "civ_move_1", "volume": 0.01}
[2026-09-25 23:05:29.630] [SFX] {"sound": "civ_move_1", "volume": 0.14}
[2026-09-25 23:05:29.731] [SFX] {"sound": "civ_move_1", "volume": 0.03}
[2026-09-25 23:05:29.783] [SFX] {"sound": "civ_move_2", "volume": 0.24}
[2026-09-25 23:05:29.915] [SFX] {"sound": "civ_move_2", "volume": 0.29}
[2026-09-25 23:05:30.033] [SFX] {"sound": "civ_move_1", "volume": 0.0}
[2026-09-25 23:05:30.034] [SFX] {"sound": "civ_move_1", "volume": 0.14}
[2026-09-25 23:05:30.132] [SFX] {"sound": "civ_move_1", "volume": 0.03}
[2026-09-25 23:05:30.198] [SFX] {"sound": "civ_move_2", "volume": 0.25}
[2026-09-25 23:05:30.316] [SFX] {"sound": "civ_move_2", "volume": 0.28}
[2026-09-25 23:05:30.449] [SFX] {"sound": "civ_move_1", "volume": 0.13}
[2026-09-25 23:05:30.534] [SFX] {"sound": "civ_move_1", "volume": 0.03}
[2026-09-25 23:05:30.601] [SFX] {"sound": "civ_move_2", "volume": 0.25}
[2026-09-25 23:05:30.718] [SFX] {"sound": "civ_move_2", "volume": 0.27}
[2026-09-25 23:05:30.851] [SFX] {"sound": "civ_move_1", "volume": 0.12}
[2026-09-25 23:05:30.934] [SFX] {"sound": "civ_move_1", "volume": 0.03}
[2026-09-25 23:05:31.016] [SFX] {"sound": "civ_move_2", "volume": 0.26}
[2026-09-25 23:05:31.148] [M] {"button": 1, "pos": [116, 190], "ui_clicked": false}
[2026-09-25 23:05:31.157] [P] {"start": [146, 100], "goal": [128, 104], "length": 6, "is_direction_change": false}
[2026-09-25 23:05:31.158] [SFX] {"sound": "click_target", "volume": 0.43}
[2026-09-25 23:05:31.255] [SFX] {"sound": "civ_move_1", "volume": 0.12}
[2026-09-25 23:05:31.290] [SFX] {"sound": "player_move", "volume": 0.4}
[2026-09-25 23:05:31.341] [SFX] {"sound": "civ_move_1", "volume": 0.01}
[2026-09-25 23:05:31.424] [SFX] {"sound": "civ_move_2", "volume": 0.23}
[2026-09-25 23:05:31.542] [SFX] {"sound": "civ_move_2", "volume": 0.3}
[2026-09-25 23:05:31.592] [SFX] {"sound": "player_move", "volume": 0.4}
[2026-09-25 23:05:31.659] [SFX] {"sound": "civ_move_1", "volume": 0.16}
[2026-09-25 23:05:31.824] [SFX] {"sound": "civ_move_2", "volume": 0.19}
[2026-09-25 23:05:31.905] [SFX] {"sound": "player_move", "volume": 0.4}
[2026-09-25 23:05:31.957] [SFX] {"sound": "civ_move_2", "volume": 0.25}
[2026-09-25 23:05:32.071] [SFX] {"sound": "civ_move_1", "volume": 0.18}
[2026-09-25 23:05:32.220] [SFX] {"sound": "player_move", "volume": 0.4}
[2026-09-25 23:05:32.241] [SFX] {"sound": "civ_move_2", "volume": 0.15}
[2026-09-25 23:05:32.369] [SFX] {"sound": "civ_move_2", "volume": 0.24}
[2026-09-25 23:05:32.485] [SFX] {"sound": "civ_move_1", "volume": 0.15}
[2026-09-25 23:05:32.535] [SFX] {"sound": "player_move", "volume": 0.4}
[2026-09-25 23:05:32.584] [SFX] {"sound": "civ_move_1", "volume": 0.02}
[2026-09-25 23:05:32.782] [SFX] {"sound": "civ_move_2", "volume": 0.22}
[2026-09-25 23:05:32.850] [SFX] {"sound": "player_move", "volume": 0.4}
[2026-09-25 23:05:32.901] [SFX] {"sound": "civ_move_1", "volume": 0.09}
[2026-09-25 23:05:32.984] [SFX] {"sound": "civ_move_1", "volume": 0.05}
[2026-09-25 23:05:33.183] [SFX] {"sound": "civ_move_2", "volume": 0.2}
[2026-09-25 23:05:33.301] [SFX] {"sound": "civ_move_1", "volume": 0.08}
[2026-09-25 23:05:33.386] [SFX] {"sound": "civ_move_1", "volume": 0.05}
[2026-09-25 23:05:33.590] [SFX] {"sound": "civ_move_2", "volume": 0.2}
[2026-09-25 23:05:33.707] [SFX] {"sound": "civ_move_1", "volume": 0.07}
[2026-09-25 23:05:33.789] [SFX] {"sound": "civ_move_1", "volume": 0.06}
[2026-09-25 23:05:34.003] [SFX] {"sound": "civ_move_2", "volume": 0.21}
[2026-09-25 23:05:34.121] [SFX] {"sound": "civ_move_1", "volume": 0.06}
[2026-09-25 23:05:34.418] [SFX] {"sound": "civ_move_2", "volume": 0.22}
[2026-09-25 23:05:34.534] [SFX] {"sound": "civ_move_1", "volume": 0.04}
[2026-09-25 23:05:34.603] [SFX] {"sound": "civ_move_1", "volume": 0.07}
[2026-09-25 23:05:34.819] [SFX] {"sound": "civ_move_2", "volume": 0.22}
[2026-09-25 23:05:34.820] [SFX] {"sound": "civ_move_2", "volume": 0.15}
[2026-09-25 23:05:34.935] [SFX] {"sound": "civ_move_1", "volume": 0.03}
[2026-09-25 23:05:35.003] [M] {"button": 1, "pos": [431, 81], "ui_clicked": false}
[2026-09-25 23:05:35.010] [SFX] {"sound": "civ_move_1", "volume": 0.08}
[2026-09-25 23:05:35.011] [P] {"start": [128, 104], "goal": [140, 94], "length": 5, "is_direction_change": false}
[2026-09-25 23:05:35.012] [SFX] {"sound": "click_target", "volume": 0.61}
[2026-09-25 23:05:35.045] [JACK] Kurzer Blick um die Ecke...
[2026-09-25 23:05:35.063] [SFX] {"sound": "player_move", "volume": 0.4}
[2026-09-25 23:05:35.227] [SFX] {"sound": "civ_move_2", "volume": 0.22}
[2026-09-25 23:05:35.228] [SFX] {"sound": "civ_move_2", "volume": 0.18}
[2026-09-25 23:05:35.341] [SFX] {"sound": "civ_move_1", "volume": 0.02}
[2026-09-25 23:05:35.364] [SFX] {"sound": "player_move", "volume": 0.4}
[2026-09-25 23:05:35.411] [SFX] {"sound": "civ_move_1", "volume": 0.1}
[2026-09-25 23:05:35.630] [SFX] {"sound": "civ_move_2", "volume": 0.25}
[2026-09-25 23:05:35.630] [SFX] {"sound": "civ_move_2", "volume": 0.16}
[2026-09-25 23:05:35.664] [SFX] {"sound": "player_move", "volume": 0.4}
[2026-09-25 23:05:35.748] [SFX] {"sound": "civ_move_1", "volume": 0.06}
[2026-09-25 23:05:35.818] [SFX] {"sound": "civ_move_1", "volume": 0.07}
[2026-09-25 23:05:35.968] [SFX] {"sound": "player_move", "volume": 0.4}
[2026-09-25 23:05:36.039] [SFX] {"sound": "civ_move_2", "volume": 0.25}
[2026-09-25 23:05:36.061] [SFX] {"sound": "civ_move_2", "volume": 0.15}
[2026-09-25 23:05:36.158] [SFX] {"sound": "civ_move_1", "volume": 0.07}
[2026-09-25 23:05:36.227] [SFX] {"sound": "civ_move_1", "volume": 0.08}
[2026-09-25 23:05:36.276] [SFX] {"sound": "player_move", "volume": 0.4}
[2026-09-25 23:05:36.442] [SFX] {"sound": "civ_move_2", "volume": 0.21}
[2026-09-25 23:05:36.466] [SFX] {"sound": "civ_move_2", "volume": 0.17}
[2026-09-25 23:05:36.560] [SFX] {"sound": "civ_move_1", "volume": 0.06}
[2026-09-25 23:05:36.627] [SFX] {"sound": "civ_move_1", "volume": 0.1}
[2026-09-25 23:05:36.859] [SFX] {"sound": "civ_move_2", "volume": 0.2}
[2026-09-25 23:05:36.859] [SFX] {"sound": "civ_move_2", "volume": 0.16}
[2026-09-25 23:05:36.976] [SFX] {"sound": "civ_move_1", "volume": 0.07}
[2026-09-25 23:05:37.042] [SFX] {"sound": "civ_move_1", "volume": 0.1}
[2026-09-25 23:05:37.274] [SFX] {"sound": "civ_move_2", "volume": 0.2}
[2026-09-25 23:05:37.275] [SFX] {"sound": "civ_move_2", "volume": 0.15}
[2026-09-25 23:05:37.375] [SFX] {"sound": "civ_move_1", "volume": 0.07}
[2026-09-25 23:05:37.443] [SFX] {"sound": "civ_move_1", "volume": 0.11}
[2026-09-25 23:05:37.675] [SFX] {"sound": "civ_move_2", "volume": 0.19}
[2026-09-25 23:05:37.676] [SFX] {"sound": "civ_move_2", "volume": 0.14}
[2026-09-25 23:05:37.789] [SFX] {"sound": "civ_move_1", "volume": 0.07}
[2026-09-25 23:05:37.855] [SFX] {"sound": "civ_move_1", "volume": 0.12}
[2026-09-25 23:05:38.087] [SFX] {"sound": "civ_move_2", "volume": 0.18}
[2026-09-25 23:05:38.088] [SFX] {"sound": "civ_move_2", "volume": 0.13}
[2026-09-25 23:05:38.171] [M] {"button": 1, "pos": [436, 322], "ui_clicked": false}
[2026-09-25 23:05:38.179] [P] {"start": [140, 94], "goal": [146, 106], "length": 2, "is_direction_change": false}
[2026-09-25 23:05:38.180] [SFX] {"sound": "click_target", "volume": 0.51}
[2026-09-25 23:05:38.210] [SFX] {"sound": "civ_move_1", "volume": 0.07}
[2026-09-25 23:05:38.257] [SFX] {"sound": "civ_move_1", "volume": 0.14}
[2026-09-25 23:05:38.423] [SFX] {"sound": "player_move", "volume": 0.4}
[2026-09-25 23:05:38.488] [SFX] {"sound": "civ_move_2", "volume": 0.14}
[2026-09-25 23:05:38.489] [SFX] {"sound": "civ_move_2", "volume": 0.13}
[2026-09-25 23:05:38.606] [SFX] {"sound": "civ_move_1", "volume": 0.05}
[2026-09-25 23:05:38.673] [SFX] {"sound": "civ_move_1", "volume": 0.17}
[2026-09-25 23:05:38.723] [SFX] {"sound": "player_move", "volume": 0.4}
[2026-09-25 23:05:38.890] [SFX] {"sound": "civ_move_2", "volume": 0.09}
[2026-09-25 23:05:38.891] [SFX] {"sound": "civ_move_2", "volume": 0.17}
[2026-09-25 23:05:39.025] [SFX] {"sound": "player_move", "volume": 0.4}
[2026-09-25 23:05:39.061] [C] {"civ_pos": [146, 107]}
[2026-09-25 23:05:39.089] [SFX] {"sound": "civ_move_1", "volume": 0.23}
[2026-09-25 23:05:39.291] [SFX] {"sound": "civ_move_2", "volume": 0.06}
[2026-09-25 23:05:39.292] [SFX] {"sound": "civ_move_2", "volume": 0.18}
[2026-09-25 23:05:39.490] [SFX] {"sound": "civ_move_1", "volume": 0.3}
[2026-09-25 23:05:39.705] [SFX] {"sound": "civ_move_2", "volume": 0.05}
[2026-09-25 23:05:39.706] [SFX] {"sound": "civ_move_2", "volume": 0.17}
[2026-09-25 23:05:39.889] [SFX] {"sound": "civ_move_1", "volume": 0.29}
[2026-09-25 23:05:40.120] [SFX] {"sound": "civ_move_2", "volume": 0.04}
[2026-09-25 23:05:40.121] [SFX] {"sound": "civ_move_2", "volume": 0.16}
[2026-09-25 23:05:40.306] [SFX] {"sound": "civ_move_1", "volume": 0.27}
[2026-09-25 23:05:40.522] [SFX] {"sound": "civ_move_2", "volume": 0.03}
[2026-09-25 23:05:40.523] [SFX] {"sound": "civ_move_2", "volume": 0.15}
[2026-09-25 23:05:40.719] [SFX] {"sound": "civ_move_1", "volume": 0.26}
[2026-09-25 23:05:40.932] [SFX] {"sound": "civ_move_2", "volume": 0.02}
[2026-09-25 23:05:40.933] [SFX] {"sound": "civ_move_2", "volume": 0.14}
[2026-09-25 23:05:41.332] [SFX] {"sound": "civ_move_2", "volume": 0.01}
[2026-09-25 23:05:41.333] [SFX] {"sound": "civ_move_2", "volume": 0.14}
[2026-09-25 23:05:41.573] [SFX] {"sound": "civ_move_2", "volume": 0.22}
[2026-09-25 23:05:41.738] [SFX] {"sound": "civ_move_2", "volume": 0.13}
[2026-09-25 23:05:41.851] [M] {"button": 1, "pos": [354, 296], "ui_clicked": false}
[2026-09-25 23:05:41.986] [SFX] {"sound": "civ_move_2", "volume": 0.21}
[2026-09-25 23:05:42.153] [SFX] {"sound": "civ_move_2", "volume": 0.11}
[2026-09-25 23:05:42.406] [SFX] {"sound": "civ_move_2", "volume": 0.2}
[2026-09-25 23:05:42.556] [SFX] {"sound": "civ_move_2", "volume": 0.11}
[2026-09-25 23:05:42.806] [SFX] {"sound": "civ_move_2", "volume": 0.19}
[2026-09-25 23:05:42.957] [SFX] {"sound": "civ_move_2", "volume": 0.1}
[2026-09-25 23:05:43.105] [M] {"button": 5, "pos": [374, 312], "ui_clicked": false}
[2026-09-25 23:05:43.221] [SFX] {"sound": "civ_move_2", "volume": 0.19}
[2026-09-25 23:05:43.254] [M] {"button": 5, "pos": [374, 312], "ui_clicked": false}
[2026-09-25 23:05:43.360] [SFX] {"sound": "civ_move_2", "volume": 0.09}
[2026-09-25 23:05:43.627] [SFX] {"sound": "civ_move_2", "volume": 0.18}
[2026-09-25 23:05:43.761] [SFX] {"sound": "civ_move_2", "volume": 0.08}
[2026-09-25 23:05:44.041] [SFX] {"sound": "civ_move_2", "volume": 0.17}
[2026-09-25 23:05:44.174] [SFX] {"sound": "civ_move_2", "volume": 0.07}
[2026-09-25 23:05:44.455] [SFX] {"sound": "civ_move_2", "volume": 0.16}
[2026-09-25 23:05:44.489] [M] {"button": 1, "pos": [322, 326], "ui_clicked": false}
[2026-09-25 23:05:44.497] [P] {"start": [146, 106], "goal": [146, 133], "length": 1, "is_direction_change": false}
[2026-09-25 23:05:44.498] [SFX] {"sound": "click_target", "volume": 0.24}
[2026-09-25 23:05:44.524] [JACK] Vorsichtig vorantasten...
[2026-09-25 23:05:44.589] [SFX] {"sound": "civ_move_2", "volume": 0.08}
[2026-09-25 23:05:44.739] [SFX] {"sound": "player_move", "volume": 0.4}
[2026-09-25 23:05:44.859] [SFX] {"sound": "civ_move_2", "volume": 0.13}
[2026-09-25 23:05:45.054] [SFX] {"sound": "player_move", "volume": 0.4}
[2026-09-25 23:05:45.270] [SFX] {"sound": "civ_move_2", "volume": 0.08}
[2026-09-25 23:05:45.356] [SFX] {"sound": "player_move", "volume": 0.4}
[2026-09-25 23:05:45.391] [SFX] {"sound": "civ_move_2", "volume": 0.17}
[2026-09-25 23:05:45.657] [SFX] {"sound": "player_move", "volume": 0.4}
[2026-09-25 23:05:45.679] [SFX] {"sound": "civ_move_2", "volume": 0.02}
[2026-09-25 23:05:45.794] [SFX] {"sound": "civ_move_2", "volume": 0.19}
[2026-09-25 23:05:46.078] [SFX] {"sound": "civ_move_2", "volume": 0.0}
[2026-09-25 23:05:46.194] [SFX] {"sound": "civ_move_2", "volume": 0.19}
[2026-09-25 23:05:46.478] [SFX] {"sound": "civ_move_2", "volume": 0.0}
[2026-09-25 23:05:46.598] [SFX] {"sound": "civ_move_2", "volume": 0.18}
[2026-09-25 23:05:46.881] [SFX] {"sound": "civ_move_2", "volume": 0.01}
[2026-09-25 23:05:47.001] [SFX] {"sound": "civ_move_2", "volume": 0.17}
[2026-09-25 23:05:47.282] [SFX] {"sound": "civ_move_2", "volume": 0.01}
[2026-09-25 23:05:47.401] [SFX] {"sound": "civ_move_2", "volume": 0.16}
[2026-09-25 23:05:47.683] [SFX] {"sound": "civ_move_2", "volume": 0.01}
[2026-09-25 23:05:47.816] [SFX] {"sound": "civ_move_2", "volume": 0.15}
[2026-09-25 23:05:47.931] [M] {"button": 1, "pos": [189, 203], "ui_clicked": false}
[2026-09-25 23:05:47.939] [P] {"start": [146, 133], "goal": [117, 134], "length": 2, "is_direction_change": false}
[2026-09-25 23:05:47.940] [SFX] {"sound": "click_target", "volume": 0.23}
[2026-09-25 23:05:48.074] [SFX] {"sound": "player_move", "volume": 0.4}
[2026-09-25 23:05:48.097] [SFX] {"sound": "civ_move_2", "volume": 0.0}
[2026-09-25 23:05:48.228] [SFX] {"sound": "civ_move_2", "volume": 0.21}
[2026-09-25 23:05:48.376] [SFX] {"sound": "player_move", "volume": 0.4}
[2026-09-25 23:05:48.493] [SFX] {"sound": "civ_move_2", "volume": 0.0}
[2026-09-25 23:05:48.643] [SFX] {"sound": "civ_move_2", "volume": 0.26}
[2026-09-25 23:05:48.679] [SFX] {"sound": "player_move", "volume": 0.4}
[2026-09-25 23:05:48.860] [C] {"civ_pos": [126, 134]}
[2026-09-25 23:05:48.983] [SFX] {"sound": "player_move", "volume": 0.4}
[2026-09-25 23:05:49.052] [SFX] {"sound": "civ_move_2", "volume": 0.29}
[2026-09-25 23:05:49.284] [SFX] {"sound": "player_move", "volume": 0.4}
[2026-09-25 23:05:49.452] [SFX] {"sound": "civ_move_2", "volume": 0.25}
[2026-09-25 23:05:49.785] [M] {"button": 1, "pos": [88, 175], "ui_clicked": false}
[2026-09-25 23:05:49.855] [SFX] {"sound": "civ_move_2", "volume": 0.26}
[2026-09-25 23:05:50.267] [SFX] {"sound": "civ_move_2", "volume": 0.27}
[2026-09-25 23:05:50.364] [M] {"button": 1, "pos": [89, 175], "ui_clicked": false}
[2026-09-25 23:05:50.667] [SFX] {"sound": "civ_move_2", "volume": 0.28}
[2026-09-25 23:05:50.749] [M] {"button": 1, "pos": [89, 180], "ui_clicked": false}
[2026-09-25 23:05:51.067] [SFX] {"sound": "civ_move_2", "volume": 0.3}
[2026-09-25 23:05:51.101] [M] {"button": 1, "pos": [89, 181], "ui_clicked": false}
[2026-09-25 23:05:51.109] [JACK] JACK // OBSESSED WITH QUANTUM KEYS. LEAVES RETINAL SHADOWS IN EVERY NODE HE TOUCHES.
[2026-09-25 23:05:51.254] [SFX] {"sound": "player_move", "volume": 0.4}
[2026-09-25 23:05:51.469] [SFX] {"sound": "civ_move_2", "volume": 0.25}
[2026-09-25 23:05:51.568] [SFX] {"sound": "player_move", "volume": 0.4}
[2026-09-25 23:05:51.619] [JACK] JACK // PROXY SAFE - SANCTUARY ACTIVE
[2026-09-25 23:05:51.640] [SFX] {"sound": "civ_move_1", "volume": 0.04}
[2026-09-25 23:05:51.875] [SFX] {"sound": "player_move", "volume": 0.4}
[2026-09-25 23:05:51.876] [SFX] {"sound": "civ_move_2", "volume": 0.2}
[2026-09-25 23:05:52.044] [SFX] {"sound": "civ_move_1", "volume": 0.12}
[2026-09-25 23:05:52.161] [SFX] {"sound": "civ_move_2", "volume": 0.0}
[2026-09-25 23:05:52.184] [SFX] {"sound": "player_move", "volume": 0.4}
[2026-09-25 23:05:52.284] [SFX] {"sound": "civ_move_2", "volume": 0.15}
[2026-09-25 23:05:52.452] [SFX] {"sound": "civ_move_1", "volume": 0.19}
[2026-09-25 23:05:52.489] [SFX] {"sound": "player_move", "volume": 0.4}
[2026-09-25 23:05:52.572] [SFX] {"sound": "civ_move_2", "volume": 0.06}
[2026-09-25 23:05:52.692] [SFX] {"sound": "civ_move_2", "volume": 0.11}
[2026-09-25 23:05:52.797] [SFX] {"sound": "player_move", "volume": 0.4}
[2026-09-25 23:05:52.867] [SFX] {"sound": "civ_move_1", "volume": 0.26}
[2026-09-25 23:05:52.969] [C] {"civ_pos": [77, 134]}
[2026-09-25 23:05:53.012] [SFX] {"sound": "civ_move_2", "volume": 0.11}
[2026-09-25 23:05:53.095] [SFX] {"sound": "civ_move_2", "volume": 0.06}
[2026-09-25 23:05:53.118] [SFX] {"sound": "player_move", "volume": 0.4}
[2026-09-25 23:05:53.267] [SFX] {"sound": "civ_move_1", "volume": 0.26}
[2026-09-25 23:05:53.318] [SFX] {"sound": "civ_move_1", "volume": 0.01}
[2026-09-25 23:05:53.402] [SFX] {"sound": "civ_move_2", "volume": 0.15}
[2026-09-25 23:05:53.503] [SFX] {"sound": "civ_move_2", "volume": 0.02}
[2026-09-25 23:05:53.817] [SFX] {"sound": "civ_move_2", "volume": 0.16}
[2026-09-25 23:05:53.918] [SFX] {"sound": "civ_move_2", "volume": 0.04}
[2026-09-25 23:05:54.216] [SFX] {"sound": "civ_move_2", "volume": 0.17}
[2026-09-25 23:05:54.332] [SFX] {"sound": "civ_move_2", "volume": 0.05}
[2026-09-25 23:05:54.629] [SFX] {"sound": "civ_move_2", "volume": 0.18}
[2026-09-25 23:05:54.746] [SFX] {"sound": "civ_move_2", "volume": 0.06}
[2026-09-25 23:05:54.761] [M] {"button": 1, "pos": [298, 48], "ui_clicked": false}
[2026-09-25 23:05:54.769] [P] {"start": [71, 134], "goal": [70, 105], "length": 6, "is_direction_change": false}
[2026-09-25 23:05:54.770] [SFX] {"sound": "click_target", "volume": 0.29}
[2026-09-25 23:05:54.823] [SFX] {"sound": "player_move", "volume": 0.4}
[2026-09-25 23:05:55.045] [SFX] {"sound": "civ_move_2", "volume": 0.2}
[2026-09-25 23:05:55.130] [SFX] {"sound": "player_move", "volume": 0.4}
[2026-09-25 23:05:55.165] [SFX] {"sound": "civ_move_2", "volume": 0.02}
[2026-09-25 23:05:55.433] [SFX] {"sound": "player_move", "volume": 0.4}
[2026-09-25 23:05:55.455] [SFX] {"sound": "civ_move_2", "volume": 0.27}
[2026-09-25 23:05:55.532] [C] {"civ_pos": [64, 123]}
[2026-09-25 23:05:55.590] [SFX] {"sound": "civ_move_2", "volume": 0.02}
[2026-09-25 23:05:55.741] [SFX] {"sound": "player_move", "volume": 0.4}
[2026-09-25 23:05:55.763] [SFX] {"sound": "civ_move_1", "volume": 0.04}
[2026-09-25 23:05:55.862] [SFX] {"sound": "civ_move_2", "volume": 0.21}
[2026-09-25 23:05:55.996] [SFX] {"sound": "civ_move_2", "volume": 0.01}
[2026-09-25 23:05:56.047] [SFX] {"sound": "player_move", "volume": 0.4}
[2026-09-25 23:05:56.166] [SFX] {"sound": "civ_move_1", "volume": 0.09}
[2026-09-25 23:05:56.265] [SFX] {"sound": "civ_move_2", "volume": 0.15}
[2026-09-25 23:05:56.348] [SFX] {"sound": "player_move", "volume": 0.4}
[2026-09-25 23:05:56.577] [SFX] {"sound": "civ_move_1", "volume": 0.13}
[2026-09-25 23:05:56.662] [SFX] {"sound": "player_move", "volume": 0.4}
[2026-09-25 23:05:56.684] [SFX] {"sound": "civ_move_2", "volume": 0.09}
[2026-09-25 23:05:56.961] [SFX] {"sound": "player_move", "volume": 0.4}
[2026-09-25 23:05:56.987] [SFX] {"sound": "civ_move_1", "volume": 0.13}
[2026-09-25 23:05:57.084] [SFX] {"sound": "civ_move_2", "volume": 0.08}
[2026-09-25 23:05:57.199] [SFX] {"sound": "civ_move_2", "volume": 0.02}
[2026-09-25 23:05:57.382] [SFX] {"sound": "civ_move_1", "volume": 0.1}
[2026-09-25 23:05:57.484] [SFX] {"sound": "civ_move_2", "volume": 0.08}
[2026-09-25 23:05:57.602] [SFX] {"sound": "civ_move_2", "volume": 0.02}
[2026-09-25 23:05:57.783] [SFX] {"sound": "civ_move_1", "volume": 0.09}
[2026-09-25 23:05:57.887] [SFX] {"sound": "civ_move_2", "volume": 0.07}
[2026-09-25 23:05:58.006] [SFX] {"sound": "civ_move_2", "volume": 0.03}
[2026-09-25 23:05:58.187] [SFX] {"sound": "civ_move_1", "volume": 0.08}
[2026-09-25 23:05:58.289] [SFX] {"sound": "civ_move_2", "volume": 0.06}
[2026-09-25 23:05:58.406] [SFX] {"sound": "civ_move_2", "volume": 0.03}
[2026-09-25 23:05:58.591] [SFX] {"sound": "civ_move_1", "volume": 0.07}
[2026-09-25 23:05:58.691] [SFX] {"sound": "civ_move_2", "volume": 0.06}
[2026-09-25 23:05:58.807] [SFX] {"sound": "civ_move_2", "volume": 0.04}
[2026-09-25 23:05:58.988] [M] {"button": 1, "pos": [306, 38], "ui_clicked": false}
[2026-09-25 23:05:58.997] [JACK] JACK // HIGH THREAT POTENTIAL. SWITCHES FREQUENCIES FREQUENTLY. KEEP DISTANCE.
[2026-09-25 23:05:58.997] [SFX] {"sound": "click_target", "volume": 0.19}
[2026-09-25 23:05:59.016] [SFX] {"sound": "civ_move_1", "volume": 0.06}
[2026-09-25 23:05:59.061] [SFX] {"sound": "player_move", "volume": 0.4}
[2026-09-25 23:05:59.096] [SFX] {"sound": "civ_move_2", "volume": 0.06}
[2026-09-25 23:05:59.217] [SFX] {"sound": "civ_move_2", "volume": 0.02}
[2026-09-25 23:05:59.368] [SFX] {"sound": "player_move", "volume": 0.4}
[2026-09-25 23:05:59.420] [SFX] {"sound": "civ_move_1", "volume": 0.07}
[2026-09-25 23:05:59.505] [SFX] {"sound": "civ_move_2", "volume": 0.04}
[2026-09-25 23:05:59.670] [SFX] {"sound": "player_move", "volume": 0.4}
[2026-09-25 23:05:59.821] [SFX] {"sound": "civ_move_1", "volume": 0.12}
[2026-09-25 23:05:59.972] [SFX] {"sound": "player_move", "volume": 0.4}
[2026-09-25 23:06:00.222] [SFX] {"sound": "civ_move_1", "volume": 0.17}
[2026-09-25 23:06:00.274] [SFX] {"sound": "player_move", "volume": 0.4}
[2026-09-25 23:06:00.622] [SFX] {"sound": "civ_move_1", "volume": 0.21}
[2026-09-25 23:06:00.888] [SFX] {"sound": "player_move", "volume": 0.4}
[2026-09-25 23:06:01.036] [SFX] {"sound": "civ_move_1", "volume": 0.26}
[2026-09-25 23:06:01.201] [SFX] {"sound": "player_move", "volume": 0.4}
[2026-09-25 23:06:01.202] [C] {"civ_pos": [64, 64]}
[2026-09-25 23:06:01.439] [SFX] {"sound": "civ_move_1", "volume": 0.29}
[2026-09-25 23:06:01.440] [SFX] {"sound": "threat_pulse", "volume": 0.3}
[2026-09-25 23:06:01.509] [SFX] {"sound": "player_move", "volume": 0.4}
[2026-09-25 23:06:01.839] [SFX] {"sound": "civ_move_1", "volume": 0.29}
[2026-09-25 23:06:02.136] [SFX] {"sound": "player_move", "volume": 0.4}
[2026-09-25 23:06:02.253] [SFX] {"sound": "civ_move_1", "volume": 0.29}
[2026-09-25 23:06:02.360] [SFX] {"sound": "threat_pulse", "volume": 0.31}
[2026-09-25 23:06:02.441] [SFX] {"sound": "player_move", "volume": 0.4}
[2026-09-25 23:06:02.657] [SFX] {"sound": "civ_move_1", "volume": 0.29}
[2026-09-25 23:06:02.740] [SFX] {"sound": "player_move", "volume": 0.4}
[2026-09-25 23:06:02.840] [M] {"button": 1, "pos": [378, 191], "ui_clicked": true}
[2026-09-25 23:06:02.946] [SFX] {"sound": "infiltrate 2", "volume": 0.5}
[2026-09-25 23:06:03.048] [SFX] {"sound": "player_move", "volume": 0.4}
[2026-09-25 23:06:03.070] [SFX] {"sound": "civ_move_1", "volume": 0.29}
[2026-09-25 23:06:03.269] [SFX] {"sound": "threat_pulse", "volume": 0.33}
[2026-09-25 23:06:03.352] [SFX] {"sound": "player_move", "volume": 0.4}
[2026-09-25 23:06:03.353] [SFX] {"sound": "infiltrate 2", "volume": 0.5}
[2026-09-25 23:06:03.470] [SFX] {"sound": "civ_move_1", "volume": 0.29}
[2026-09-25 23:06:03.651] [SFX] {"sound": "player_move", "volume": 0.4}
[2026-09-25 23:06:03.702] [C] {"civ_pos": [64, 54]}
[2026-09-25 23:06:03.759] [SFX] {"sound": "infiltrate 2", "volume": 0.5}
[2026-09-25 23:06:03.876] [SFX] {"sound": "civ_move_1", "volume": 0.29}
[2026-09-25 23:06:03.960] [SFX] {"sound": "player_move", "volume": 0.4}
[2026-09-25 23:06:03.994] [SFX] {"sound": "civ_move_2", "volume": 0.16}
[2026-09-25 23:06:04.163] [SFX] {"sound": "infiltrate 2", "volume": 0.5}
[2026-09-25 23:06:04.187] [SFX] {"sound": "threat_pulse", "volume": 0.34}
[2026-09-25 23:06:04.269] [SFX] {"sound": "player_move", "volume": 0.4}
[2026-09-25 23:06:04.292] [SFX] {"sound": "civ_move_1", "volume": 0.29}
[2026-09-25 23:06:04.371] [M] {"button": 4, "pos": [336, 134], "ui_clicked": false}
[2026-09-25 23:06:04.407] [SFX] {"sound": "civ_move_2", "volume": 0.18}
[2026-09-25 23:06:04.423] [M] {"button": 4, "pos": [336, 134], "ui_clicked": false}
[2026-09-25 23:06:04.579] [SFX] {"sound": "player_move", "volume": 0.4}
[2026-09-25 23:06:04.580] [SFX] {"sound": "infiltrate 2", "volume": 0.5}
[2026-09-25 23:06:04.694] [SFX] {"sound": "civ_move_1", "volume": 0.29}
[2026-09-25 23:06:04.811] [SFX] {"sound": "civ_move_2", "volume": 0.18}
[2026-09-25 23:06:04.879] [SFX] {"sound": "player_move", "volume": 0.4}
[2026-09-25 23:06:04.928] [M] {"button": 4, "pos": [336, 134], "ui_clicked": false}
[2026-09-25 23:06:04.979] [SFX] {"sound": "infiltrate 1", "volume": 0.5}
[2026-09-25 23:06:05.096] [SFX] {"sound": "civ_move_1", "volume": 0.29}
[2026-09-25 23:06:05.097] [SFX] {"sound": "threat_pulse", "volume": 0.35}
[2026-09-25 23:06:05.179] [SFX] {"sound": "player_move", "volume": 0.4}
[2026-09-25 23:06:05.231] [SFX] {"sound": "civ_move_2", "volume": 0.19}
[2026-09-25 23:06:05.379] [SFX] {"sound": "infiltrate 2", "volume": 0.5}
[2026-09-25 23:06:05.481] [SFX] {"sound": "player_move", "volume": 0.4}
[2026-09-25 23:06:05.504] [SFX] {"sound": "civ_move_1", "volume": 0.29}
[2026-09-25 23:06:05.635] [SFX] {"sound": "civ_move_2", "volume": 0.2}
[2026-09-25 23:06:05.788] [SFX] {"sound": "player_move", "volume": 0.4}
[2026-09-25 23:06:05.789] [SFX] {"sound": "infiltrate 2", "volume": 0.5}
[2026-09-25 23:06:05.857] [SFX] {"sound": "hack_success", "volume": 1.0}
[2026-09-25 23:06:05.857] [JACK] JACK // STOLE 3 DATA FROM KIRA VANCE (DATA COURIER). TARGET FLEEING TO GUARD SPOT!
[2026-09-25 23:06:05.858] [JACK] JACK // HIGH THREAT POTENTIAL. SWITCHES FREQUENCIES FREQUENTLY. KEEP DISTANCE.
[2026-09-25 23:06:05.907] [SFX] {"sound": "civ_move_1", "volume": 0.29}
[2026-09-25 23:06:06.005] [SFX] {"sound": "threat_pulse", "volume": 0.35}
[2026-09-25 23:06:06.039] [SFX] {"sound": "civ_move_2", "volume": 0.22}
[2026-09-25 23:06:06.206] [C] {"civ_pos": [64, 46]}
[2026-09-25 23:06:06.308] [SFX] {"sound": "civ_move_1", "volume": 0.24}
[2026-09-25 23:06:06.444] [SFX] {"sound": "civ_move_2", "volume": 0.23}
[2026-09-25 23:06:06.707] [SFX] {"sound": "civ_move_1", "volume": 0.23}
[2026-09-25 23:06:06.773] [M] {"button": 1, "pos": [324, 58], "ui_clicked": false}
[2026-09-25 23:06:06.781] [JACK] JACK // RETAINS OLD HARDWARE SCHEMATICS. WEARS HIGH-FREQ JAMMER WEAVE.
[2026-09-25 23:06:06.781] [SFX] {"sound": "click_target", "volume": 0.8}
[2026-09-25 23:06:06.845] [SFX] {"sound": "civ_move_2", "volume": 0.25}
[2026-09-25 23:06:06.911] [SFX] {"sound": "threat_pulse", "volume": 0.3}
[2026-09-25 23:06:07.009] [SFX] {"sound": "player_move", "volume": 0.4}
[2026-09-25 23:06:07.109] [SFX] {"sound": "civ_move_1", "volume": 0.18}
[2026-09-25 23:06:07.256] [SFX] {"sound": "civ_move_2", "volume": 0.3}
[2026-09-25 23:06:07.311] [SFX] {"sound": "player_move", "volume": 0.4}
[2026-09-25 23:06:07.510] [SFX] {"sound": "civ_move_1", "volume": 0.17}
[2026-09-25 23:06:07.613] [SFX] {"sound": "player_move", "volume": 0.4}
[2026-09-25 23:06:07.666] [SFX] {"sound": "civ_move_2", "volume": 0.23}
[2026-09-25 23:06:07.834] [SFX] {"sound": "threat_pulse", "volume": 0.31}
[2026-09-25 23:06:07.916] [SFX] {"sound": "player_move", "volume": 0.4}
[2026-09-25 23:06:07.917] [SFX] {"sound": "civ_move_1", "volume": 0.17}
[2026-09-25 23:06:08.068] [SFX] {"sound": "civ_move_2", "volume": 0.23}
[2026-09-25 23:06:08.220] [SFX] {"sound": "player_move", "volume": 0.4}
[2026-09-25 23:06:08.323] [SFX] {"sound": "civ_move_1", "volume": 0.17}
[2026-09-25 23:06:08.391] [M] {"button": 1, "pos": [368, 47], "ui_clicked": false}
[2026-09-25 23:06:08.400] [SFX] {"sound": "action_cancel", "volume": 1.0}
[2026-09-25 23:06:08.481] [SFX] {"sound": "civ_move_2", "volume": 0.3}
[2026-09-25 23:06:08.532] [SFX] {"sound": "player_move", "volume": 0.4}
[2026-09-25 23:06:08.731] [SFX] {"sound": "civ_move_1", "volume": 0.2}
[2026-09-25 23:06:08.848] [SFX] {"sound": "player_move", "volume": 0.4}
[2026-09-25 23:06:08.883] [SFX] {"sound": "civ_move_2", "volume": 0.25}
[2026-09-25 23:06:09.034] [C] {"civ_pos": [64, 58]}
[2026-09-25 23:06:09.142] [SFX] {"sound": "civ_move_1", "volume": 0.3}
[2026-09-25 23:06:09.164] [SFX] {"sound": "player_move", "volume": 0.4}
[2026-09-25 23:06:09.297] [SFX] {"sound": "civ_move_2", "volume": 0.2}
[2026-09-25 23:06:09.463] [SFX] {"sound": "player_move", "volume": 0.4}
[2026-09-25 23:06:09.549] [SFX] {"sound": "civ_move_1", "volume": 0.25}
[2026-09-25 23:06:09.698] [SFX] {"sound": "civ_move_2", "volume": 0.15}
[2026-09-25 23:06:09.763] [SFX] {"sound": "player_move", "volume": 0.4}
[2026-09-25 23:06:09.780] [M] {"button": 1, "pos": [305, 154], "ui_clicked": false}
[2026-09-25 23:06:09.963] [SFX] {"sound": "civ_move_1", "volume": 0.2}
[2026-09-25 23:06:10.064] [SFX] {"sound": "player_move", "volume": 0.4}
[2026-09-25 23:06:10.099] [M] {"button": 1, "pos": [327, 155], "ui_clicked": false}
[2026-09-25 23:06:10.106] [SFX] {"sound": "civ_move_2", "volume": 0.1}
[2026-09-25 23:06:10.107] [P] {"start": [64, 77], "goal": [64, 72], "length": 1, "is_direction_change": false}
[2026-09-25 23:06:10.108] [SFX] {"sound": "click_target", "volume": 0.86}
[2026-09-25 23:06:10.220] [SFX] {"sound": "civ_move_2", "volume": 0.03}
[2026-09-25 23:06:10.369] [SFX] {"sound": "player_move", "volume": 0.4}
[2026-09-25 23:06:10.370] [SFX] {"sound": "civ_move_1", "volume": 0.23}
[2026-09-25 23:06:10.502] [SFX] {"sound": "civ_move_2", "volume": 0.16}
[2026-09-25 23:06:10.634] [SFX] {"sound": "civ_move_2", "volume": 0.02}
[2026-09-25 23:06:10.784] [SFX] {"sound": "civ_move_1", "volume": 0.25}
[2026-09-25 23:06:10.917] [SFX] {"sound": "civ_move_2", "volume": 0.17}
[2026-09-25 23:06:11.049] [SFX] {"sound": "civ_move_2", "volume": 0.03}
[2026-09-25 23:06:11.199] [SFX] {"sound": "civ_move_1", "volume": 0.26}
[2026-09-25 23:06:11.333] [SFX] {"sound": "civ_move_2", "volume": 0.18}
[2026-09-25 23:06:11.452] [SFX] {"sound": "civ_move_2", "volume": 0.04}
[2026-09-25 23:06:11.602] [M] {"button": 1, "pos": [314, 26], "ui_clicked": false}
[2026-09-25 23:06:11.609] [SFX] {"sound": "civ_move_1", "volume": 0.27}
[2026-09-25 23:06:11.735] [SFX] {"sound": "civ_move_2", "volume": 0.2}
[2026-09-25 23:06:11.867] [SFX] {"sound": "civ_move_2", "volume": 0.05}
[2026-09-25 23:06:11.968] [C] {"civ_pos": [64, 70]}
[2026-09-25 23:06:12.025] [SFX] {"sound": "civ_move_1", "volume": 0.29}
[2026-09-25 23:06:12.106] [M] {"button": 1, "pos": [323, 28], "ui_clicked": false}
[2026-09-25 23:06:12.115] [P] {"start": [64, 72], "goal": [64, 63], "length": 1, "is_direction_change": false}
[2026-09-25 23:06:12.116] [SFX] {"sound": "click_target", "volume": 0.78}
[2026-09-25 23:06:12.153] [SFX] {"sound": "civ_move_2", "volume": 0.22}
[2026-09-25 23:06:12.269] [SFX] {"sound": "civ_move_2", "volume": 0.04}
[2026-09-25 23:06:12.402] [SFX] {"sound": "player_move", "volume": 0.4}
[2026-09-25 23:06:12.438] [SFX] {"sound": "civ_move_1", "volume": 0.2}
[2026-09-25 23:06:12.569] [SFX] {"sound": "civ_move_2", "volume": 0.29}
[2026-09-25 23:06:12.635] [M] {"button": 1, "pos": [323, 28], "ui_clicked": false}
[2026-09-25 23:06:12.644] [P] {"start": [64, 63], "goal": [64, 55], "length": 1, "is_direction_change": false}
[2026-09-25 23:06:12.645] [SFX] {"sound": "click_target", "volume": 0.81}
[2026-09-25 23:06:12.695] [SFX] {"sound": "civ_move_2", "volume": 0.0}
[2026-09-25 23:06:12.793] [SFX] {"sound": "player_move", "volume": 0.4}
[2026-09-25 23:06:12.844] [SFX] {"sound": "civ_move_1", "volume": 0.15}
[2026-09-25 23:06:12.979] [SFX] {"sound": "civ_move_2", "volume": 0.2}
[2026-09-25 23:06:13.159] [M] {"button": 1, "pos": [323, 28], "ui_clicked": false}
[2026-09-25 23:06:13.168] [P] {"start": [64, 55], "goal": [64, 47], "length": 1, "is_direction_change": false}
[2026-09-25 23:06:13.169] [SFX] {"sound": "click_target", "volume": 0.82}
[2026-09-25 23:06:13.193] [JACK] Vorsichtig vorantasten...
[2026-09-25 23:06:13.239] [SFX] {"sound": "player_move", "volume": 0.4}
[2026-09-25 23:06:13.262] [SFX] {"sound": "civ_move_1", "volume": 0.11}
[2026-09-25 23:06:13.393] [SFX] {"sound": "civ_move_2", "volume": 0.15}
[2026-09-25 23:06:13.541] [SFX] {"sound": "player_move", "volume": 0.4}
[2026-09-25 23:06:13.626] [M] {"button": 1, "pos": [323, 28], "ui_clicked": false}
[2026-09-25 23:06:13.634] [P] {"start": [64, 47], "goal": [64, 39], "length": 1, "is_direction_change": false}
[2026-09-25 23:06:13.634] [SFX] {"sound": "click_target", "volume": 0.82}
[2026-09-25 23:06:13.685] [SFX] {"sound": "civ_move_1", "volume": 0.05}
[2026-09-25 23:06:13.801] [SFX] {"sound": "civ_move_2", "volume": 0.1}
[2026-09-25 23:06:13.919] [SFX] {"sound": "player_move", "volume": 0.4}
[2026-09-25 23:06:14.085] [M] {"button": 1, "pos": [323, 28], "ui_clicked": false}
[2026-09-25 23:06:14.093] [SFX] {"sound": "civ_move_1", "volume": 0.0}
[2026-09-25 23:06:14.205] [SFX] {"sound": "civ_move_2", "volume": 0.07}
[2026-09-25 23:06:14.619] [SFX] {"sound": "civ_move_2", "volume": 0.06}
[2026-09-25 23:06:15.031] [SFX] {"sound": "civ_move_2", "volume": 0.05}
[2026-09-25 23:06:15.278] [M] {"button": 1, "pos": [380, 66], "ui_clicked": false}
[2026-09-25 23:06:15.286] [P] {"start": [64, 39], "goal": [68, 34], "length": 2, "is_direction_change": false}
[2026-09-25 23:06:15.287] [SFX] {"sound": "click_target", "volume": 0.84}
[2026-09-25 23:06:15.435] [SFX] {"sound": "civ_move_2", "volume": 0.02}
[2026-09-25 23:06:15.486] [SFX] {"sound": "player_move", "volume": 0.4}
[2026-09-25 23:06:16.847] [M] {"button": 1, "pos": [480, 170], "ui_clicked": false}
[2026-09-25 23:06:16.856] [P] {"start": [68, 34], "goal": [77, 34], "length": 1, "is_direction_change": false}
[2026-09-25 23:06:16.856] [SFX] {"sound": "click_target", "volume": 0.62}
[2026-09-25 23:06:16.905] [SFX] {"sound": "player_move", "volume": 0.4}
[2026-09-25 23:06:17.056] [JACK_REGISTERED_BY_CAMERA] {"camera": [72, 36]}
[2026-09-25 23:06:17.208] [SFX] {"sound": "player_move", "volume": 0.4}
[2026-09-25 23:06:18.198] [M] {"button": 1, "pos": [488, 183], "ui_clicked": false}
[2026-09-25 23:06:18.206] [P] {"start": [77, 34], "goal": [85, 34], "length": 1, "is_direction_change": false}
[2026-09-25 23:06:18.207] [SFX] {"sound": "click_target", "volume": 0.63}
[2026-09-25 23:06:18.423] [SFX] {"sound": "player_move", "volume": 0.4}
[2026-09-25 23:06:18.738] [M] {"button": 1, "pos": [488, 183], "ui_clicked": false}
[2026-09-25 23:06:18.746] [P] {"start": [85, 34], "goal": [93, 34], "length": 1, "is_direction_change": false}
[2026-09-25 23:06:18.747] [SFX] {"sound": "click_target", "volume": 0.63}
[2026-09-25 23:06:18.883] [SFX] {"sound": "player_move", "volume": 0.4}
[2026-09-25 23:06:19.413] [M] {"button": 1, "pos": [488, 183], "ui_clicked": false}
[2026-09-25 23:06:19.421] [P] {"start": [93, 34], "goal": [101, 34], "length": 1, "is_direction_change": false}
[2026-09-25 23:06:19.422] [SFX] {"sound": "click_target", "volume": 0.63}
[2026-09-25 23:06:19.448] [JACK] Kurzer Blick um die Ecke...
[2026-09-25 23:06:19.477] [SFX] {"sound": "player_move", "volume": 0.4}
[2026-09-25 23:06:20.513] [M] {"button": 1, "pos": [352, 49], "ui_clicked": false}
[2026-09-25 23:06:20.522] [P] {"start": [101, 34], "goal": [99, 24], "length": 3, "is_direction_change": false}
[2026-09-25 23:06:20.523] [SFX] {"sound": "click_target", "volume": 0.76}
[2026-09-25 23:06:20.801] [SFX] {"sound": "player_move", "volume": 0.4}
[2026-09-25 23:06:20.949] [SFX] {"sound": "civ_move_2", "volume": 0.0}
[2026-09-25 23:06:21.067] [SFX] {"sound": "civ_move_2", "volume": 0.02}
[2026-09-25 23:06:21.102] [SFX] {"sound": "player_move", "volume": 0.4}
[2026-09-25 23:06:21.302] [SFX] {"sound": "civ_move_1", "volume": 0.0}
[2026-09-25 23:06:21.352] [SFX] {"sound": "civ_move_2", "volume": 0.03}
[2026-09-25 23:06:21.418] [SFX] {"sound": "player_move", "volume": 0.4}
[2026-09-25 23:06:21.470] [SFX] {"sound": "civ_move_2", "volume": 0.02}
[2026-09-25 23:06:21.703] [SFX] {"sound": "civ_move_1", "volume": 0.0}
[2026-09-25 23:06:21.725] [SFX] {"sound": "player_move", "volume": 0.4}
[2026-09-25 23:06:21.753] [SFX] {"sound": "civ_move_1", "volume": 0.01}
[2026-09-25 23:06:21.754] [SFX] {"sound": "civ_move_2", "volume": 0.04}
[2026-09-25 23:06:21.884] [SFX] {"sound": "civ_move_2", "volume": 0.02}
[2026-09-25 23:06:21.968] [SFX] {"sound": "civ_move_1", "volume": 0.0}
[2026-09-25 23:06:22.019] [SFX] {"sound": "player_move", "volume": 0.4}
[2026-09-25 23:06:22.169] [SFX] {"sound": "civ_move_2", "volume": 0.01}
[2026-09-25 23:06:22.335] [SFX] {"sound": "player_move", "volume": 0.4}
[2026-09-25 23:06:23.669] [SFX] {"sound": "threat_pulse", "volume": 0.3}
[2026-09-25 23:06:25.282] [M] {"button": 1, "pos": [122, 187], "ui_clicked": false}
[2026-09-25 23:06:25.291] [P] {"start": [99, 24], "goal": [88, 24], "length": 1, "is_direction_change": false}
[2026-09-25 23:06:25.292] [SFX] {"sound": "click_target", "volume": 0.59}
[2026-09-25 23:06:25.344] [SFX] {"sound": "player_move", "volume": 0.4}
[2026-09-25 23:06:25.800] [SFX] {"sound": "civ_move_2", "volume": 0.03}
[2026-09-25 23:06:25.993] [M] {"button": 1, "pos": [119, 188], "ui_clicked": false}
[2026-09-25 23:06:26.002] [P] {"start": [88, 24], "goal": [77, 24], "length": 1, "is_direction_change": false}
[2026-09-25 23:06:26.003] [SFX] {"sound": "click_target", "volume": 0.59}
[2026-09-25 23:06:26.137] [SFX] {"sound": "player_move", "volume": 0.4}
[2026-09-25 23:06:26.204] [SFX] {"sound": "civ_move_2", "volume": 0.06}
[2026-09-25 23:06:26.440] [SFX] {"sound": "player_move", "volume": 0.4}
[2026-09-25 23:06:26.620] [SFX] {"sound": "civ_move_2", "volume": 0.09}
[2026-09-25 23:06:27.000] [M] {"button": 1, "pos": [83, 181], "ui_clicked": false}
[2026-09-25 23:06:27.009] [P] {"start": [77, 24], "goal": [63, 24], "length": 1, "is_direction_change": false}
[2026-09-25 23:06:27.010] [SFX] {"sound": "click_target", "volume": 0.53}
[2026-09-25 23:06:27.048] [SFX] {"sound": "civ_move_2", "volume": 0.1}
[2026-09-25 23:06:27.209] [SFX] {"sound": "player_move", "volume": 0.4}
[2026-09-25 23:06:27.426] [SFX] {"sound": "civ_move_2", "volume": 0.13}
[2026-09-25 23:06:27.511] [SFX] {"sound": "player_move", "volume": 0.4}
[2026-09-25 23:06:27.828] [SFX] {"sound": "civ_move_2", "volume": 0.14}
[2026-09-25 23:06:27.978] [M] {"button": 1, "pos": [87, 182], "ui_clicked": false}
[2026-09-25 23:06:27.988] [P] {"start": [63, 24], "goal": [49, 24], "length": 1, "is_direction_change": false}
[2026-09-25 23:06:27.989] [SFX] {"sound": "click_target", "volume": 0.54}
[2026-09-25 23:06:28.110] [SFX] {"sound": "player_move", "volume": 0.4}
[2026-09-25 23:06:28.242] [SFX] {"sound": "civ_move_2", "volume": 0.14}
[2026-09-25 23:06:28.423] [SFX] {"sound": "player_move", "volume": 0.4}
[2026-09-25 23:06:28.658] [SFX] {"sound": "civ_move_2", "volume": 0.12}
[2026-09-25 23:06:29.068] [SFX] {"sound": "civ_move_2", "volume": 0.13}
[2026-09-25 23:06:29.887] [SFX] {"sound": "civ_move_2", "volume": 0.14}
[2026-09-25 23:06:30.620] [SENTINEL_ALARM_DISPATCHED] {"guard": [80, 104], "investigate": [64, 134]}
[2026-09-25 23:06:31.168] [M] {"button": 1, "pos": [161, 256], "ui_clicked": false}
[2026-09-25 23:06:31.650] [M] {"button": 1, "pos": [156, 252], "ui_clicked": false}
[2026-09-25 23:06:31.659] [P] {"start": [49, 24], "goal": [40, 29], "length": 2, "is_direction_change": false}
[2026-09-25 23:06:31.659] [SFX] {"sound": "click_target", "volume": 0.61}
[2026-09-25 23:06:31.710] [SFX] {"sound": "player_move", "volume": 0.4}
[2026-09-25 23:06:33.445] [M] {"button": 1, "pos": [463, 291], "ui_clicked": false}
[2026-09-25 23:06:33.453] [P] {"start": [40, 29], "goal": [51, 34], "length": 2, "is_direction_change": false}
[2026-09-25 23:06:33.454] [SFX] {"sound": "click_target", "volume": 0.55}
[2026-09-25 23:06:33.494] [JACK] Vorsichtig vorantasten...
[2026-09-25 23:06:33.720] [SFX] {"sound": "player_move", "volume": 0.4}
[2026-09-25 23:06:35.121] [M] {"button": 1, "pos": [459, 213], "ui_clicked": false}
[2026-09-25 23:06:35.130] [P] {"start": [51, 34], "goal": [57, 36], "length": 3, "is_direction_change": false}
[2026-09-25 23:06:35.131] [SFX] {"sound": "click_target", "volume": 0.66}
[2026-09-25 23:06:35.220] [SFX] {"sound": "player_move", "volume": 0.4}
[2026-09-25 23:06:36.330] [M] {"button": 1, "pos": [452, 290], "ui_clicked": false}
[2026-09-25 23:06:36.339] [P] {"start": [57, 36], "goal": [64, 42], "length": 4, "is_direction_change": false}
[2026-09-25 23:06:36.340] [SFX] {"sound": "click_target", "volume": 0.6}
[2026-09-25 23:06:36.639] [SFX] {"sound": "player_move", "volume": 0.4}
[2026-09-25 23:06:38.713] [M] {"button": 1, "pos": [474, 129], "ui_clicked": false}
[2026-09-25 23:06:38.722] [P] {"start": [64, 42], "goal": [74, 34], "length": 2, "is_direction_change": false}
[2026-09-25 23:06:38.722] [SFX] {"sound": "click_target", "volume": 0.68}
[2026-09-25 23:06:38.972] [SFX] {"sound": "player_move", "volume": 0.4}
[2026-09-25 23:06:39.901] [M] {"button": 5, "pos": [464, 193], "ui_clicked": false}
[2026-09-25 23:06:40.838] [M] {"button": 1, "pos": [505, 181], "ui_clicked": false}
[2026-09-25 23:06:40.861] [P] {"start": [74, 34], "goal": [103, 34], "length": 1, "is_direction_change": false}
[2026-09-25 23:06:40.862] [SFX] {"sound": "click_target", "volume": 0.2}
[2026-09-25 23:06:40.887] [JACK] Kurzer Blick um die Ecke...
[2026-09-25 23:06:41.117] [SFX] {"sound": "player_move", "volume": 0.4}
[2026-09-25 23:06:42.393] [SFX] {"sound": "civ_move_2", "volume": 0.03}
[2026-09-25 23:06:42.808] [SFX] {"sound": "civ_move_2", "volume": 0.05}
[2026-09-25 23:06:43.210] [SFX] {"sound": "civ_move_2", "volume": 0.06}
[2026-09-25 23:06:43.375] [M] {"button": 1, "pos": [490, 185], "ui_clicked": false}
[2026-09-25 23:06:43.383] [P] {"start": [103, 34], "goal": [129, 34], "length": 1, "is_direction_change": false}
[2026-09-25 23:06:43.384] [SFX] {"sound": "click_target", "volume": 0.27}
[2026-09-25 23:06:43.459] [SFX] {"sound": "player_move", "volume": 0.4}
[2026-09-25 23:06:43.623] [SFX] {"sound": "civ_move_2", "volume": 0.11}
[2026-09-25 23:06:43.773] [SFX] {"sound": "player_move", "volume": 0.4}
[2026-09-25 23:06:44.037] [SFX] {"sound": "civ_move_2", "volume": 0.18}
[2026-09-25 23:06:44.086] [SFX] {"sound": "player_move", "volume": 0.4}
[2026-09-25 23:06:44.449] [SFX] {"sound": "civ_move_2", "volume": 0.26}
[2026-09-25 23:06:44.597] [C] {"civ_pos": [129, 34]}
[2026-09-25 23:06:44.691] [SFX] {"sound": "civ_move_2", "volume": 0.02}
[2026-09-25 23:06:44.857] [SFX] {"sound": "civ_move_2", "volume": 0.3}
[2026-09-25 23:06:45.106] [SFX] {"sound": "civ_move_2", "volume": 0.02}
[2026-09-25 23:06:45.257] [SFX] {"sound": "civ_move_2", "volume": 0.28}
[2026-09-25 23:06:45.469] [M] {"button": 1, "pos": [480, 184], "ui_clicked": false}
[2026-09-25 23:06:45.477] [P] {"start": [129, 34], "goal": [154, 34], "length": 1, "is_direction_change": false}
[2026-09-25 23:06:45.478] [SFX] {"sound": "click_target", "volume": 0.3}
[2026-09-25 23:06:45.526] [SFX] {"sound": "player_move", "volume": 0.4}
[2026-09-25 23:06:45.527] [SFX] {"sound": "civ_move_2", "volume": 0.01}
[2026-09-25 23:06:45.658] [SFX] {"sound": "civ_move_2", "volume": 0.24}
[2026-09-25 23:06:45.835] [SFX] {"sound": "player_move", "volume": 0.4}
[2026-09-25 23:06:45.937] [SFX] {"sound": "civ_move_2", "volume": 0.03}
[2026-09-25 23:06:46.070] [SFX] {"sound": "civ_move_2", "volume": 0.17}
[2026-09-25 23:06:46.137] [SFX] {"sound": "player_move", "volume": 0.4}
[2026-09-25 23:06:46.159] [SFX] {"sound": "civ_move_2", "volume": 0.0}
[2026-09-25 23:06:46.352] [SFX] {"sound": "civ_move_2", "volume": 0.05}
[2026-09-25 23:06:46.452] [SFX] {"sound": "player_move", "volume": 0.4}
[2026-09-25 23:06:46.486] [SFX] {"sound": "civ_move_2", "volume": 0.1}
[2026-09-25 23:06:46.567] [SFX] {"sound": "civ_move_2", "volume": 0.04}
[2026-09-25 23:06:46.757] [SFX] {"sound": "civ_move_2", "volume": 0.06}
[2026-09-25 23:06:46.890] [SFX] {"sound": "civ_move_2", "volume": 0.05}
[2026-09-25 23:06:47.156] [SFX] {"sound": "civ_move_2", "volume": 0.06}
[2026-09-25 23:06:47.292] [SFX] {"sound": "civ_move_2", "volume": 0.04}
[2026-09-25 23:06:47.357] [M] {"button": 1, "pos": [474, 183], "ui_clicked": false}
[2026-09-25 23:06:47.365] [P] {"start": [154, 34], "goal": [177, 34], "length": 1, "is_direction_change": false}
[2026-09-25 23:06:47.366] [SFX] {"sound": "click_target", "volume": 0.33}
[2026-09-25 23:06:47.410] [JACK] Vorsichtig vorantasten...
[2026-09-25 23:06:47.411] [SFX] {"sound": "civ_move_2", "volume": 0.05}
[2026-09-25 23:06:47.428] [SFX] {"sound": "player_move", "volume": 0.4}
[2026-09-25 23:06:47.572] [SFX] {"sound": "civ_move_2", "volume": 0.06}
[2026-09-25 23:06:47.735] [SFX] {"sound": "player_move", "volume": 0.4}
[2026-09-25 23:06:47.787] [SFX] {"sound": "civ_move_2", "volume": 0.06}
[2026-09-25 23:06:47.986] [SFX] {"sound": "civ_move_1", "volume": 0.04}
[2026-09-25 23:06:48.037] [SFX] {"sound": "player_move", "volume": 0.4}
[2026-09-25 23:06:48.189] [SFX] {"sound": "civ_move_2", "volume": 0.05}
[2026-09-25 23:06:48.340] [SFX] {"sound": "player_move", "volume": 0.4}
[2026-09-25 23:06:48.389] [SFX] {"sound": "civ_move_2", "volume": 0.05}
[2026-09-25 23:06:48.390] [SFX] {"sound": "civ_move_1", "volume": 0.11}
[2026-09-25 23:06:48.602] [SFX] {"sound": "civ_move_2", "volume": 0.03}
[2026-09-25 23:06:48.651] [SFX] {"sound": "civ_move_2", "volume": 0.04}
[2026-09-25 23:06:48.802] [SFX] {"sound": "civ_move_2", "volume": 0.05}
[2026-09-25 23:06:48.803] [SFX] {"sound": "civ_move_1", "volume": 0.14}
[2026-09-25 23:06:48.970] [M] {"button": 1, "pos": [474, 183], "ui_clicked": false}
[2026-09-25 23:06:48.977] [P] {"start": [177, 34], "goal": [200, 34], "length": 1, "is_direction_change": false}
[2026-09-25 23:06:48.978] [SFX] {"sound": "click_target", "volume": 0.32}
[2026-09-25 23:06:49.028] [SFX] {"sound": "civ_move_2", "volume": 0.02}
[2026-09-25 23:06:49.063] [SFX] {"sound": "civ_move_2", "volume": 0.06}
[2026-09-25 23:06:49.115] [SFX] {"sound": "player_move", "volume": 0.4}
[2026-09-25 23:06:49.149] [SFX] {"sound": "civ_move_1", "volume": 0.15}
[2026-09-25 23:06:49.217] [SFX] {"sound": "civ_move_2", "volume": 0.01}
[2026-09-25 23:06:49.217] [SFX] {"sound": "civ_move_2", "volume": 0.04}
[2026-09-25 23:06:49.218] [SFX] {"sound": "civ_move_1", "volume": 0.19}
[2026-09-25 23:06:49.373] [SFX] {"sound": "civ_move_2", "volume": 0.03}
[2026-09-25 23:06:49.422] [SFX] {"sound": "player_move", "volume": 0.4}
[2026-09-25 23:06:49.471] [SFX] {"sound": "civ_move_2", "volume": 0.13}
[2026-09-25 23:06:49.555] [SFX] {"sound": "civ_move_1", "volume": 0.21}
[2026-09-25 23:06:49.623] [JACK_REGISTERED_BY_CAMERA] {"camera": [190, 36]}
[2026-09-25 23:06:49.624] [SFX] {"sound": "civ_move_2", "volume": 0.05}
[2026-09-25 23:06:49.624] [SFX] {"sound": "civ_move_2", "volume": 0.02}
[2026-09-25 23:06:49.625] [SFX] {"sound": "civ_move_1", "volume": 0.27}
[2026-09-25 23:06:49.626] [SFX] {"sound": "civ_move_2", "volume": 0.02}
[2026-09-25 23:06:49.724] [SFX] {"sound": "player_move", "volume": 0.4}
[2026-09-25 23:06:49.745] [C] {"civ_pos": [194, 34]}
[2026-09-25 23:06:49.794] [SFX] {"sound": "civ_move_2", "volume": 0.05}
[2026-09-25 23:06:49.875] [SFX] {"sound": "civ_move_2", "volume": 0.21}
[2026-09-25 23:06:49.958] [SFX] {"sound": "civ_move_1", "volume": 0.27}
[2026-09-25 23:06:50.023] [SFX] {"sound": "player_move", "volume": 0.4}
[2026-09-25 23:06:50.024] [SFX] {"sound": "civ_move_2", "volume": 0.09}
[2026-09-25 23:06:50.025] [SFX] {"sound": "civ_move_1", "volume": 0.26}
[2026-09-25 23:06:50.123] [M] {"button": 1, "pos": [474, 183], "ui_clicked": false}
[2026-09-25 23:06:50.132] [P] {"start": [200, 34], "goal": [223, 34], "length": 1, "is_direction_change": false}
[2026-09-25 23:06:50.133] [SFX] {"sound": "click_target", "volume": 0.33}
[2026-09-25 23:06:50.145] [JACK] JACK // PROXY SAFE - SANCTUARY ACTIVE
[2026-09-25 23:06:50.205] [SFX] {"sound": "civ_move_2", "volume": 0.06}
[2026-09-25 23:06:50.290] [SFX] {"sound": "civ_move_2", "volume": 0.28}
[2026-09-25 23:06:50.340] [SFX] {"sound": "player_move", "volume": 0.4}
[2026-09-25 23:06:50.376] [SFX] {"sound": "civ_move_1", "volume": 0.28}
[2026-09-25 23:06:50.409] [SFX] {"sound": "civ_move_2", "volume": 0.13}
[2026-09-25 23:06:50.431] [SFX] {"sound": "civ_move_1", "volume": 0.19}
[2026-09-25 23:06:50.608] [SFX] {"sound": "civ_move_2", "volume": 0.05}
[2026-09-25 23:06:50.641] [SFX] {"sound": "player_move", "volume": 0.4}
[2026-09-25 23:06:50.691] [SFX] {"sound": "civ_move_2", "volume": 0.25}
[2026-09-25 23:06:50.791] [SFX] {"sound": "civ_move_1", "volume": 0.23}
[2026-09-25 23:06:50.825] [SFX] {"sound": "civ_move_2", "volume": 0.17}
[2026-09-25 23:06:50.826] [SFX] {"sound": "civ_move_1", "volume": 0.12}
[2026-09-25 23:06:50.827] [SFX] {"sound": "civ_move_2", "volume": 0.17}
[2026-09-25 23:06:50.941] [SFX] {"sound": "player_move", "volume": 0.4}
[2026-09-25 23:06:51.007] [SFX] {"sound": "civ_move_2", "volume": 0.02}
[2026-09-25 23:06:51.093] [SFX] {"sound": "civ_move_2", "volume": 0.17}
[2026-09-25 23:06:51.192] [SFX] {"sound": "civ_move_1", "volume": 0.18}
[2026-09-25 23:06:51.226] [SFX] {"sound": "civ_move_2", "volume": 0.21}
[2026-09-25 23:06:51.226] [SFX] {"sound": "civ_move_1", "volume": 0.05}
[2026-09-25 23:06:51.227] [SFX] {"sound": "civ_move_2", "volume": 0.18}
[2026-09-25 23:06:51.248] [SFX] {"sound": "player_move", "volume": 0.4}
[2026-09-25 23:06:51.494] [SFX] {"sound": "civ_move_2", "volume": 0.13}
[2026-09-25 23:06:51.592] [SFX] {"sound": "civ_move_1", "volume": 0.18}
[2026-09-25 23:06:51.626] [SFX] {"sound": "civ_move_2", "volume": 0.2}
[2026-09-25 23:06:51.627] [SFX] {"sound": "civ_move_1", "volume": 0.03}
[2026-09-25 23:06:51.660] [SFX] {"sound": "civ_move_2", "volume": 0.16}
[2026-09-25 23:06:51.907] [SFX] {"sound": "civ_move_2", "volume": 0.12}
[2026-09-25 23:06:52.007] [SFX] {"sound": "civ_move_1", "volume": 0.19}
[2026-09-25 23:06:52.039] [SFX] {"sound": "civ_move_1", "volume": 0.01}
[2026-09-25 23:06:52.073] [SFX] {"sound": "civ_move_2", "volume": 0.16}
[2026-09-25 23:06:52.171] [M] {"button": 4, "pos": [411, 228], "ui_clicked": false}
[2026-09-25 23:06:52.308] [SFX] {"sound": "civ_move_2", "volume": 0.11}
[2026-09-25 23:06:52.309] [SFX] {"sound": "civ_move_2", "volume": 0.13}
[2026-09-25 23:06:52.410] [SFX] {"sound": "civ_move_1", "volume": 0.21}
[2026-09-25 23:06:52.443] [SFX] {"sound": "civ_move_1", "volume": 0.0}
[2026-09-25 23:06:52.479] [SFX] {"sound": "civ_move_2", "volume": 0.17}
[2026-09-25 23:06:52.592] [SFX] {"sound": "civ_move_1", "volume": 0.17}
[2026-09-25 23:06:52.709] [SFX] {"sound": "civ_move_2", "volume": 0.1}
[2026-09-25 23:06:52.710] [SFX] {"sound": "civ_move_2", "volume": 0.13}
[2026-09-25 23:06:52.810] [SFX] {"sound": "civ_move_1", "volume": 0.22}
[2026-09-25 23:06:52.893] [SFX] {"sound": "civ_move_2", "volume": 0.17}
[2026-09-25 23:06:52.994] [SFX] {"sound": "civ_move_1", "volume": 0.16}
[2026-09-25 23:06:53.110] [SFX] {"sound": "civ_move_2", "volume": 0.09}
[2026-09-25 23:06:53.111] [SFX] {"sound": "civ_move_2", "volume": 0.13}
[2026-09-25 23:06:53.225] [SFX] {"sound": "civ_move_1", "volume": 0.23}
[2026-09-25 23:06:53.309] [SFX] {"sound": "civ_move_2", "volume": 0.16}
[2026-09-25 23:06:53.426] [SFX] {"sound": "civ_move_1", "volume": 0.16}
[2026-09-25 23:06:53.524] [SFX] {"sound": "civ_move_2", "volume": 0.07}
[2026-09-25 23:06:53.548] [SFX] {"sound": "civ_move_2", "volume": 0.15}
[2026-09-25 23:06:53.628] [SFX] {"sound": "civ_move_1", "volume": 0.24}
[2026-09-25 23:06:53.711] [SFX] {"sound": "civ_move_2", "volume": 0.16}
[2026-09-25 23:06:53.831] [SFX] {"sound": "civ_move_1", "volume": 0.16}
[2026-09-25 23:06:53.928] [SFX] {"sound": "civ_move_2", "volume": 0.06}
[2026-09-25 23:06:53.950] [SFX] {"sound": "civ_move_2", "volume": 0.16}
[2026-09-25 23:06:54.031] [SFX] {"sound": "civ_move_1", "volume": 0.26}
[2026-09-25 23:06:54.116] [SFX] {"sound": "civ_move_2", "volume": 0.16}
[2026-09-25 23:06:54.234] [SFX] {"sound": "civ_move_1", "volume": 0.17}
[2026-09-25 23:06:54.334] [SFX] {"sound": "civ_move_2", "volume": 0.05}
[2026-09-25 23:06:54.357] [SFX] {"sound": "civ_move_2", "volume": 0.17}
[2026-09-25 23:06:54.438] [SFX] {"sound": "civ_move_1", "volume": 0.27}
[2026-09-25 23:06:54.521] [SFX] {"sound": "civ_move_2", "volume": 0.16}
[2026-09-25 23:06:54.637] [SFX] {"sound": "civ_move_1", "volume": 0.18}
[2026-09-25 23:06:54.738] [SFX] {"sound": "civ_move_2", "volume": 0.04}
[2026-09-25 23:06:54.763] [SFX] {"sound": "civ_move_2", "volume": 0.18}
[2026-09-25 23:06:54.843] [SFX] {"sound": "civ_move_1", "volume": 0.28}
[2026-09-25 23:06:54.927] [SFX] {"sound": "civ_move_2", "volume": 0.17}
[2026-09-25 23:06:55.027] [C] {"civ_pos": [221, 34]}
[2026-09-25 23:06:55.068] [SFX] {"sound": "civ_move_1", "volume": 0.19}
[2026-09-25 23:06:55.080] [M] {"button": 1, "pos": [335, 127], "ui_clicked": false}
[2026-09-25 23:06:55.088] [P] {"start": [223, 34], "goal": [220, 46], "length": 7, "is_direction_change": false}
[2026-09-25 23:06:55.089] [SFX] {"sound": "click_target", "volume": 0.54}
[2026-09-25 23:06:55.143] [SFX] {"sound": "civ_move_2", "volume": 0.02}
[2026-09-25 23:06:55.165] [SFX] {"sound": "civ_move_2", "volume": 0.19}
[2026-09-25 23:06:55.244] [SFX] {"sound": "civ_move_1", "volume": 0.28}
[2026-09-25 23:06:55.328] [SFX] {"sound": "civ_move_2", "volume": 0.19}
[2026-09-25 23:06:55.362] [SFX] {"sound": "player_move", "volume": 0.4}
[2026-09-25 23:06:55.446] [SFX] {"sound": "civ_move_1", "volume": 0.22}
[2026-09-25 23:06:55.564] [SFX] {"sound": "civ_move_2", "volume": 0.18}
[2026-09-25 23:06:55.646] [SFX] {"sound": "civ_move_1", "volume": 0.24}
[2026-09-25 23:06:55.669] [SFX] {"sound": "player_move", "volume": 0.4}
[2026-09-25 23:06:55.701] [SFX] {"sound": "civ_move_2", "volume": 0.01}
[2026-09-25 23:06:55.737] [SFX] {"sound": "civ_move_2", "volume": 0.29}
[2026-09-25 23:06:55.854] [SFX] {"sound": "civ_move_1", "volume": 0.2}
[2026-09-25 23:06:55.970] [SFX] {"sound": "player_move", "volume": 0.4}
[2026-09-25 23:06:55.971] [SFX] {"sound": "civ_move_2", "volume": 0.15}
[2026-09-25 23:06:56.054] [SFX] {"sound": "civ_move_1", "volume": 0.2}
[2026-09-25 23:06:56.104] [SFX] {"sound": "civ_move_2", "volume": 0.05}
[2026-09-25 23:06:56.145] [SFX] {"sound": "civ_move_2", "volume": 0.24}
[2026-09-25 23:06:56.264] [SFX] {"sound": "civ_move_1", "volume": 0.22}
[2026-09-25 23:06:56.286] [SFX] {"sound": "player_move", "volume": 0.4}
[2026-09-25 23:06:56.383] [SFX] {"sound": "civ_move_2", "volume": 0.2}
[2026-09-25 23:06:56.467] [SFX] {"sound": "civ_move_1", "volume": 0.22}
[2026-09-25 23:06:56.516] [SFX] {"sound": "civ_move_2", "volume": 0.06}
[2026-09-25 23:06:56.549] [SFX] {"sound": "civ_move_2", "volume": 0.23}
[2026-09-25 23:06:56.666] [SFX] {"sound": "civ_move_1", "volume": 0.22}
[2026-09-25 23:06:56.784] [SFX] {"sound": "civ_move_2", "volume": 0.2}
[2026-09-25 23:06:56.867] [SFX] {"sound": "civ_move_1", "volume": 0.22}
[2026-09-25 23:06:56.920] [SFX] {"sound": "civ_move_2", "volume": 0.07}
[2026-09-25 23:06:56.952] [SFX] {"sound": "civ_move_2", "volume": 0.22}
[2026-09-25 23:06:57.067] [SFX] {"sound": "civ_move_1", "volume": 0.22}
[2026-09-25 23:06:57.184] [SFX] {"sound": "civ_move_2", "volume": 0.21}
[2026-09-25 23:06:57.268] [SFX] {"sound": "civ_move_1", "volume": 0.22}
[2026-09-25 23:06:57.333] [SFX] {"sound": "civ_move_2", "volume": 0.08}
[2026-09-25 23:06:57.368] [SFX] {"sound": "civ_move_2", "volume": 0.21}
[2026-09-25 23:06:57.467] [SFX] {"sound": "civ_move_1", "volume": 0.22}
[2026-09-25 23:06:57.583] [SFX] {"sound": "civ_move_2", "volume": 0.21}
[2026-09-25 23:06:57.669] [SFX] {"sound": "civ_move_1", "volume": 0.22}
[2026-09-25 23:06:57.737] [SFX] {"sound": "civ_move_2", "volume": 0.09}
[2026-09-25 23:06:57.773] [SFX] {"sound": "civ_move_2", "volume": 0.22}
[2026-09-25 23:06:57.872] [SFX] {"sound": "civ_move_1", "volume": 0.21}
[2026-09-25 23:06:57.986] [SFX] {"sound": "civ_move_2", "volume": 0.21}
[2026-09-25 23:06:58.072] [SFX] {"sound": "civ_move_1", "volume": 0.22}
[2026-09-25 23:06:58.141] [SFX] {"sound": "civ_move_2", "volume": 0.09}
[2026-09-25 23:06:58.175] [SFX] {"sound": "civ_move_2", "volume": 0.21}
[2026-09-25 23:06:58.274] [SFX] {"sound": "civ_move_1", "volume": 0.22}
[2026-09-25 23:06:58.391] [SFX] {"sound": "civ_move_2", "volume": 0.21}
[2026-09-25 23:06:58.477] [SFX] {"sound": "civ_move_1", "volume": 0.22}
[2026-09-25 23:06:58.545] [SFX] {"sound": "civ_move_2", "volume": 0.1}
[2026-09-25 23:06:58.580] [SFX] {"sound": "civ_move_2", "volume": 0.21}
[2026-09-25 23:06:58.679] [SFX] {"sound": "civ_move_1", "volume": 0.23}
[2026-09-25 23:06:58.798] [SFX] {"sound": "civ_move_2", "volume": 0.21}
[2026-09-25 23:06:58.883] [SFX] {"sound": "civ_move_1", "volume": 0.21}
[2026-09-25 23:06:58.951] [SFX] {"sound": "civ_move_2", "volume": 0.11}
[2026-09-25 23:06:58.985] [SFX] {"sound": "civ_move_2", "volume": 0.21}
[2026-09-25 23:06:59.086] [SFX] {"sound": "civ_move_1", "volume": 0.24}
[2026-09-25 23:06:59.201] [SFX] {"sound": "civ_move_2", "volume": 0.21}
[2026-09-25 23:06:59.285] [SFX] {"sound": "civ_move_1", "volume": 0.2}
[2026-09-25 23:06:59.351] [SFX] {"sound": "civ_move_2", "volume": 0.11}
[2026-09-25 23:06:59.398] [SFX] {"sound": "civ_move_2", "volume": 0.21}
[2026-09-25 23:06:59.612] [SFX] {"sound": "civ_move_2", "volume": 0.22}
[2026-09-25 23:06:59.696] [SFX] {"sound": "civ_move_1", "volume": 0.2}
[2026-09-25 23:06:59.764] [SFX] {"sound": "civ_move_2", "volume": 0.12}
[2026-09-25 23:06:59.800] [SFX] {"sound": "civ_move_2", "volume": 0.21}
[2026-09-25 23:06:59.981] [M] {"button": 1, "pos": [176, 213], "ui_clicked": false}
[2026-09-25 23:07:00.016] [SFX] {"sound": "civ_move_2", "volume": 0.22}
[2026-09-25 23:07:00.101] [SFX] {"sound": "civ_move_1", "volume": 0.2}
[2026-09-25 23:07:00.169] [SFX] {"sound": "civ_move_2", "volume": 0.12}
[2026-09-25 23:07:00.204] [SFX] {"sound": "civ_move_2", "volume": 0.21}
[2026-09-25 23:07:00.371] [M] {"button": 1, "pos": [186, 218], "ui_clicked": false}
[2026-09-25 23:07:00.380] [P] {"start": [220, 46], "goal": [210, 49], "length": 10, "is_direction_change": false}
[2026-09-25 23:07:00.380] [SFX] {"sound": "click_target", "volume": 0.6}
[2026-09-25 23:07:00.421] [JACK] Vorsichtig vorantasten...
[2026-09-25 23:07:00.440] [SFX] {"sound": "civ_move_2", "volume": 0.22}
[2026-09-25 23:07:00.502] [SFX] {"sound": "civ_move_1", "volume": 0.22}
[2026-09-25 23:07:00.570] [SFX] {"sound": "player_move", "volume": 0.4}
[2026-09-25 23:07:00.571] [SFX] {"sound": "civ_move_2", "volume": 0.13}
[2026-09-25 23:07:00.605] [SFX] {"sound": "civ_move_2", "volume": 0.22}
[2026-09-25 23:07:00.838] [SFX] {"sound": "civ_move_2", "volume": 0.26}
[2026-09-25 23:07:00.871] [SFX] {"sound": "player_move", "volume": 0.4}
[2026-09-25 23:07:00.908] [SFX] {"sound": "civ_move_1", "volume": 0.18}
[2026-09-25 23:07:00.973] [SFX] {"sound": "civ_move_2", "volume": 0.11}
[2026-09-25 23:07:01.006] [SFX] {"sound": "civ_move_2", "volume": 0.24}
[2026-09-25 23:07:01.186] [SFX] {"sound": "player_move", "volume": 0.4}
[2026-09-25 23:07:01.253] [SFX] {"sound": "civ_move_2", "volume": 0.25}
[2026-09-25 23:07:01.320] [SFX] {"sound": "civ_move_1", "volume": 0.25}
[2026-09-25 23:07:01.388] [SFX] {"sound": "civ_move_2", "volume": 0.15}
[2026-09-25 23:07:01.422] [SFX] {"sound": "civ_move_2", "volume": 0.22}
[2026-09-25 23:07:01.490] [SFX] {"sound": "player_move", "volume": 0.4}
[2026-09-25 23:07:01.656] [SFX] {"sound": "civ_move_2", "volume": 0.22}
[2026-09-25 23:07:01.721] [SFX] {"sound": "civ_move_1", "volume": 0.28}
[2026-09-25 23:07:01.787] [SFX] {"sound": "civ_move_2", "volume": 0.18}
[2026-09-25 23:07:01.810] [SFX] {"sound": "player_move", "volume": 0.4}
[2026-09-25 23:07:01.811] [C] {"civ_pos": [210, 44]}
[2026-09-25 23:07:01.848] [SFX] {"sound": "civ_move_2", "volume": 0.2}
[2026-09-25 23:07:02.122] [SFX] {"sound": "civ_move_1", "volume": 0.27}
[2026-09-25 23:07:02.189] [SFX] {"sound": "civ_move_2", "volume": 0.21}
[2026-09-25 23:07:02.238] [SFX] {"sound": "civ_move_2", "volume": 0.19}
[2026-09-25 23:07:02.470] [SFX] {"sound": "civ_move_2", "volume": 0.2}
[2026-09-25 23:07:02.519] [M] {"button": 1, "pos": [314, 277], "ui_clicked": false}
[2026-09-25 23:07:02.527] [JACK] JACK // HIGH THREAT POTENTIAL. SWITCHES FREQUENCIES FREQUENTLY. KEEP DISTANCE.
[2026-09-25 23:07:02.527] [SFX] {"sound": "click_target", "volume": 0.68}
[2026-09-25 23:07:02.547] [SFX] {"sound": "civ_move_1", "volume": 0.28}
[2026-09-25 23:07:02.592] [SFX] {"sound": "civ_move_2", "volume": 0.23}
[2026-09-25 23:07:02.643] [SFX] {"sound": "civ_move_2", "volume": 0.17}
[2026-09-25 23:07:02.743] [SFX] {"sound": "player_move", "volume": 0.4}
[2026-09-25 23:07:02.878] [SFX] {"sound": "civ_move_2", "volume": 0.19}
[2026-09-25 23:07:02.943] [SFX] {"sound": "civ_move_1", "volume": 0.28}
[2026-09-25 23:07:02.993] [SFX] {"sound": "civ_move_2", "volume": 0.24}
[2026-09-25 23:07:03.058] [SFX] {"sound": "player_move", "volume": 0.4}
[2026-09-25 23:07:03.059] [SFX] {"sound": "civ_move_2", "volume": 0.17}
[2026-09-25 23:07:03.289] [SFX] {"sound": "civ_move_2", "volume": 0.2}
[2026-09-25 23:07:03.290] [SFX] {"sound": "threat_pulse", "volume": 0.31}
[2026-09-25 23:07:03.356] [SFX] {"sound": "civ_move_1", "volume": 0.3}
[2026-09-25 23:07:03.377] [SFX] {"sound": "player_move", "volume": 0.4}
[2026-09-25 23:07:03.408] [SFX] {"sound": "civ_move_2", "volume": 0.29}
[2026-09-25 23:07:03.460] [SFX] {"sound": "civ_move_2", "volume": 0.17}
[2026-09-25 23:07:03.673] [SFX] {"sound": "player_move", "volume": 0.4}
[2026-09-25 23:07:03.697] [SFX] {"sound": "civ_move_2", "volume": 0.22}
[2026-09-25 23:07:03.761] [SFX] {"sound": "civ_move_1", "volume": 0.22}
[2026-09-25 23:07:03.810] [SFX] {"sound": "civ_move_2", "volume": 0.29}
[2026-09-25 23:07:03.860] [SFX] {"sound": "civ_move_2", "volume": 0.17}
[2026-09-25 23:07:03.975] [SFX] {"sound": "player_move", "volume": 0.4}
[2026-09-25 23:07:04.094] [SFX] {"sound": "civ_move_2", "volume": 0.25}
[2026-09-25 23:07:04.177] [SFX] {"sound": "civ_move_1", "volume": 0.2}
[2026-09-25 23:07:04.199] [SFX] {"sound": "threat_pulse", "volume": 0.32}
[2026-09-25 23:07:04.218] [SFX] {"sound": "civ_move_2", "volume": 0.29}
[2026-09-25 23:07:04.281] [SFX] {"sound": "player_move", "volume": 0.4}
[2026-09-25 23:07:04.317] [C] {"civ_pos": [210, 45]}
[2026-09-25 23:07:04.504] [SFX] {"sound": "civ_move_2", "volume": 0.27}
[2026-09-25 23:07:04.539] [SFX] {"sound": "civ_move_1", "volume": 0.0}
[2026-09-25 23:07:04.590] [SFX] {"sound": "player_move", "volume": 0.4}
[2026-09-25 23:07:04.591] [SFX] {"sound": "civ_move_1", "volume": 0.18}
[2026-09-25 23:07:04.624] [SFX] {"sound": "civ_move_2", "volume": 0.29}
[2026-09-25 23:07:04.890] [SFX] {"sound": "player_move", "volume": 0.4}
[2026-09-25 23:07:04.914] [SFX] {"sound": "civ_move_2", "volume": 0.29}
[2026-09-25 23:07:04.942] [M] {"button": 1, "pos": [364, 182], "ui_clicked": true}
[2026-09-25 23:07:04.956] [SFX] {"sound": "civ_move_1", "volume": 0.01}
[2026-09-25 23:07:04.957] [SFX] {"sound": "civ_move_2", "volume": 0.22}
[2026-09-25 23:07:05.003] [SFX] {"sound": "civ_move_1", "volume": 0.16}
[2026-09-25 23:07:05.037] [SFX] {"sound": "civ_move_2", "volume": 0.29}
[2026-09-25 23:07:05.104] [SFX] {"sound": "threat_pulse", "volume": 0.33}
[2026-09-25 23:07:05.204] [SFX] {"sound": "player_move", "volume": 0.4}
[2026-09-25 23:07:05.289] [SFX] {"sound": "infiltrate 1", "volume": 0.5}
[2026-09-25 23:07:05.322] [SFX] {"sound": "civ_move_2", "volume": 0.22}
[2026-09-25 23:07:05.355] [SFX] {"sound": "civ_move_1", "volume": 0.01}
[2026-09-25 23:07:05.356] [SFX] {"sound": "civ_move_2", "volume": 0.19}
[2026-09-25 23:07:05.405] [SFX] {"sound": "civ_move_1", "volume": 0.14}
[2026-09-25 23:07:05.439] [SFX] {"sound": "civ_move_2", "volume": 0.29}
[2026-09-25 23:07:05.507] [SFX] {"sound": "player_move", "volume": 0.4}
[2026-09-25 23:07:05.689] [SFX] {"sound": "infiltrate 1", "volume": 0.5}
[2026-09-25 23:07:05.724] [SFX] {"sound": "civ_move_2", "volume": 0.21}
[2026-09-25 23:07:05.759] [SFX] {"sound": "civ_move_1", "volume": 0.01}
[2026-09-25 23:07:05.781] [SFX] {"sound": "civ_move_2", "volume": 0.19}
[2026-09-25 23:07:05.809] [SFX] {"sound": "player_move", "volume": 0.4}
[2026-09-25 23:07:05.810] [SFX] {"sound": "civ_move_1", "volume": 0.13}
[2026-09-25 23:07:05.843] [SFX] {"sound": "civ_move_2", "volume": 0.29}
[2026-09-25 23:07:06.009] [SFX] {"sound": "threat_pulse", "volume": 0.34}
[2026-09-25 23:07:06.092] [SFX] {"sound": "infiltrate 1", "volume": 0.5}
[2026-09-25 23:07:06.126] [SFX] {"sound": "player_move", "volume": 0.4}
[2026-09-25 23:07:06.127] [SFX] {"sound": "civ_move_2", "volume": 0.19}
[2026-09-25 23:07:06.162] [SFX] {"sound": "civ_move_1", "volume": 0.01}
[2026-09-25 23:07:06.184] [SFX] {"sound": "civ_move_2", "volume": 0.19}
[2026-09-25 23:07:06.220] [SFX] {"sound": "civ_move_1", "volume": 0.11}
[2026-09-25 23:07:06.253] [SFX] {"sound": "civ_move_2", "volume": 0.29}
[2026-09-25 23:07:06.435] [SFX] {"sound": "player_move", "volume": 0.4}
[2026-09-25 23:07:06.503] [SFX] {"sound": "infiltrate 2", "volume": 0.5}
[2026-09-25 23:07:06.537] [SFX] {"sound": "civ_move_2", "volume": 0.17}
[2026-09-25 23:07:06.572] [SFX] {"sound": "civ_move_1", "volume": 0.02}
[2026-09-25 23:07:06.593] [SFX] {"sound": "civ_move_2", "volume": 0.18}
[2026-09-25 23:07:06.624] [SFX] {"sound": "civ_move_1", "volume": 0.1}
[2026-09-25 23:07:06.658] [SFX] {"sound": "civ_move_2", "volume": 0.29}
[2026-09-25 23:07:06.739] [SFX] {"sound": "player_move", "volume": 0.4}
[2026-09-25 23:07:06.824] [C] {"civ_pos": [210, 37]}
[2026-09-25 23:07:06.912] [SFX] {"sound": "threat_pulse", "volume": 0.4}
[2026-09-25 23:07:06.913] [SFX] {"sound": "infiltrate 1", "volume": 0.5}
[2026-09-25 23:07:06.945] [SFX] {"sound": "civ_move_2", "volume": 0.16}
[2026-09-25 23:07:06.978] [SFX] {"sound": "civ_move_1", "volume": 0.02}
[2026-09-25 23:07:07.001] [SFX] {"sound": "civ_move_2", "volume": 0.18}
[2026-09-25 23:07:07.031] [SFX] {"sound": "civ_move_1", "volume": 0.09}
[2026-09-25 23:07:07.052] [SFX] {"sound": "player_move", "volume": 0.4}
[2026-09-25 23:07:07.070] [SFX] {"sound": "civ_move_2", "volume": 0.29}
[2026-09-25 23:07:07.316] [SFX] {"sound": "infiltrate 2", "volume": 0.5}
[2026-09-25 23:07:07.353] [SFX] {"sound": "player_move", "volume": 0.4}
[2026-09-25 23:07:07.354] [SFX] {"sound": "civ_move_2", "volume": 0.15}
[2026-09-25 23:07:07.388] [SFX] {"sound": "civ_move_1", "volume": 0.03}
[2026-09-25 23:07:07.410] [SFX] {"sound": "civ_move_2", "volume": 0.19}
[2026-09-25 23:07:07.443] [SFX] {"sound": "civ_move_1", "volume": 0.09}
[2026-09-25 23:07:07.477] [SFX] {"sound": "civ_move_2", "volume": 0.29}
[2026-09-25 23:07:07.661] [SFX] {"sound": "player_move", "volume": 0.4}
[2026-09-25 23:07:07.713] [SFX] {"sound": "threat_pulse", "volume": 0.48}
[2026-09-25 23:07:07.736] [SFX] {"sound": "infiltrate 2", "volume": 0.5}
[2026-09-25 23:07:07.769] [SFX] {"sound": "civ_move_2", "volume": 0.14}
[2026-09-25 23:07:07.803] [SFX] {"sound": "civ_move_1", "volume": 0.04}
[2026-09-25 23:07:07.803] [SFX] {"sound": "civ_move_2", "volume": 0.19}
[2026-09-25 23:07:07.854] [SFX] {"sound": "civ_move_1", "volume": 0.08}
[2026-09-25 23:07:07.889] [SFX] {"sound": "civ_move_2", "volume": 0.29}
[2026-09-25 23:07:07.954] [SFX] {"sound": "hack_success", "volume": 1.0}
[2026-09-25 23:07:07.955] [JACK] JACK // STOLE 1 DATA FROM KIRA VANCE (DATA COURIER). TARGET FLEEING TO GUARD SPOT!
[2026-09-25 23:07:07.956] [JACK] JACK // HIGH THREAT POTENTIAL. SWITCHES FREQUENCIES FREQUENTLY. KEEP DISTANCE.
[2026-09-25 23:07:08.184] [SFX] {"sound": "civ_move_2", "volume": 0.13}
[2026-09-25 23:07:08.221] [SFX] {"sound": "civ_move_1", "volume": 0.04}
[2026-09-25 23:07:08.221] [SFX] {"sound": "civ_move_2", "volume": 0.2}
[2026-09-25 23:07:08.255] [SFX] {"sound": "civ_move_1", "volume": 0.08}
[2026-09-25 23:07:08.289] [SFX] {"sound": "civ_move_2", "volume": 0.24}
[2026-09-25 23:07:08.326] [SFX] {"sound": "threat_pulse", "volume": 0.48}
[2026-09-25 23:07:08.589] [SFX] {"sound": "civ_move_2", "volume": 0.12}
[2026-09-25 23:07:08.625] [SFX] {"sound": "civ_move_1", "volume": 0.05}
[2026-09-25 23:07:08.626] [SFX] {"sound": "civ_move_2", "volume": 0.2}
[2026-09-25 23:07:08.659] [SFX] {"sound": "civ_move_1", "volume": 0.08}
[2026-09-25 23:07:08.692] [SFX] {"sound": "civ_move_2", "volume": 0.23}
[2026-09-25 23:07:08.941] [SFX] {"sound": "threat_pulse", "volume": 0.45}
[2026-09-25 23:07:08.992] [SFX] {"sound": "civ_move_2", "volume": 0.11}
[2026-09-25 23:07:09.025] [SFX] {"sound": "civ_move_1", "volume": 0.05}
[2026-09-25 23:07:09.026] [SFX] {"sound": "civ_move_2", "volume": 0.19}
[2026-09-25 23:07:09.060] [SFX] {"sound": "civ_move_1", "volume": 0.08}
[2026-09-25 23:07:09.095] [SFX] {"sound": "civ_move_2", "volume": 0.22}
[2026-09-25 23:07:09.406] [SFX] {"sound": "civ_move_2", "volume": 0.1}
[2026-09-25 23:07:09.440] [SFX] {"sound": "civ_move_1", "volume": 0.06}
[2026-09-25 23:07:09.441] [SFX] {"sound": "civ_move_2", "volume": 0.2}
[2026-09-25 23:07:09.472] [SFX] {"sound": "civ_move_1", "volume": 0.07}
[2026-09-25 23:07:09.506] [SFX] {"sound": "civ_move_2", "volume": 0.21}
[2026-09-25 23:07:09.654] [SFX] {"sound": "threat_pulse", "volume": 0.42}
[2026-09-25 23:07:09.807] [SFX] {"sound": "civ_move_2", "volume": 0.1}
[2026-09-25 23:07:09.840] [SFX] {"sound": "civ_move_1", "volume": 0.06}
[2026-09-25 23:07:09.841] [SFX] {"sound": "civ_move_2", "volume": 0.2}
[2026-09-25 23:07:09.873] [SFX] {"sound": "civ_move_1", "volume": 0.07}
[2026-09-25 23:07:09.907] [SFX] {"sound": "civ_move_2", "volume": 0.2}
[2026-09-25 23:07:10.207] [SFX] {"sound": "civ_move_2", "volume": 0.09}
[2026-09-25 23:07:10.240] [SFX] {"sound": "civ_move_1", "volume": 0.07}
[2026-09-25 23:07:10.241] [SFX] {"sound": "civ_move_2", "volume": 0.19}
[2026-09-25 23:07:10.276] [SFX] {"sound": "civ_move_1", "volume": 0.07}
[2026-09-25 23:07:10.309] [SFX] {"sound": "civ_move_2", "volume": 0.19}
[2026-09-25 23:07:10.458] [SFX] {"sound": "threat_pulse", "volume": 0.38}
[2026-09-25 23:07:10.609] [SFX] {"sound": "civ_move_2", "volume": 0.09}
[2026-09-25 23:07:10.645] [SFX] {"sound": "civ_move_1", "volume": 0.07}
[2026-09-25 23:07:10.646] [SFX] {"sound": "civ_move_2", "volume": 0.19}
[2026-09-25 23:07:10.679] [SFX] {"sound": "civ_move_1", "volume": 0.06}
[2026-09-25 23:07:10.710] [SFX] {"sound": "civ_move_2", "volume": 0.18}
[2026-09-25 23:07:11.011] [SFX] {"sound": "civ_move_2", "volume": 0.08}
[2026-09-25 23:07:11.061] [SFX] {"sound": "civ_move_1", "volume": 0.08}
[2026-09-25 23:07:11.062] [SFX] {"sound": "civ_move_2", "volume": 0.19}
[2026-09-25 23:07:11.095] [SFX] {"sound": "civ_move_1", "volume": 0.06}
[2026-09-25 23:07:11.118] [SFX] {"sound": "civ_move_2", "volume": 0.17}
[2026-09-25 23:07:11.369] [SFX] {"sound": "threat_pulse", "volume": 0.33}
[2026-09-25 23:07:11.418] [SFX] {"sound": "civ_move_2", "volume": 0.08}
[2026-09-25 23:07:11.470] [SFX] {"sound": "civ_move_1", "volume": 0.08}
[2026-09-25 23:07:11.471] [SFX] {"sound": "civ_move_2", "volume": 0.19}
[2026-09-25 23:07:11.506] [SFX] {"sound": "civ_move_1", "volume": 0.05}
[2026-09-25 23:07:11.531] [SFX] {"sound": "civ_move_2", "volume": 0.16}
[2026-09-25 23:07:11.829] [SFX] {"sound": "civ_move_2", "volume": 0.08}
[2026-09-25 23:07:11.880] [SFX] {"sound": "civ_move_1", "volume": 0.08}
[2026-09-25 23:07:11.881] [SFX] {"sound": "civ_move_2", "volume": 0.18}
[2026-09-25 23:07:11.916] [SFX] {"sound": "civ_move_1", "volume": 0.04}
[2026-09-25 23:07:11.936] [SFX] {"sound": "civ_move_2", "volume": 0.15}
[2026-09-25 23:07:12.230] [SFX] {"sound": "civ_move_2", "volume": 0.08}
[2026-09-25 23:07:12.279] [SFX] {"sound": "civ_move_1", "volume": 0.08}
[2026-09-25 23:07:12.279] [SFX] {"sound": "civ_move_2", "volume": 0.17}
[2026-09-25 23:07:12.328] [SFX] {"sound": "civ_move_1", "volume": 0.04}
[2026-09-25 23:07:12.350] [SFX] {"sound": "civ_move_2", "volume": 0.14}
[2026-09-25 23:07:12.644] [SFX] {"sound": "civ_move_2", "volume": 0.07}
[2026-09-25 23:07:12.679] [SFX] {"sound": "civ_move_1", "volume": 0.09}
[2026-09-25 23:07:12.680] [SFX] {"sound": "civ_move_2", "volume": 0.16}
[2026-09-25 23:07:12.730] [SFX] {"sound": "civ_move_1", "volume": 0.03}
[2026-09-25 23:07:12.751] [SFX] {"sound": "civ_move_2", "volume": 0.13}
[2026-09-25 23:07:13.059] [SFX] {"sound": "civ_move_2", "volume": 0.07}
[2026-09-25 23:07:13.092] [SFX] {"sound": "civ_move_1", "volume": 0.09}
[2026-09-25 23:07:13.093] [SFX] {"sound": "civ_move_2", "volume": 0.15}
[2026-09-25 23:07:13.143] [SFX] {"sound": "civ_move_1", "volume": 0.02}
[2026-09-25 23:07:13.165] [SFX] {"sound": "civ_move_2", "volume": 0.12}
[2026-09-25 23:07:13.460] [SFX] {"sound": "civ_move_2", "volume": 0.07}
[2026-09-25 23:07:13.493] [SFX] {"sound": "civ_move_1", "volume": 0.1}
[2026-09-25 23:07:13.493] [SFX] {"sound": "civ_move_2", "volume": 0.14}
[2026-09-25 23:07:13.544] [SFX] {"sound": "civ_move_1", "volume": 0.02}
[2026-09-25 23:07:13.566] [SFX] {"sound": "civ_move_2", "volume": 0.11}
[2026-09-25 23:07:13.578] [M] {"button": 1, "pos": [289, 132], "ui_clicked": false}
[2026-09-25 23:07:13.586] [P] {"start": [210, 38], "goal": [207, 34], "length": 4, "is_direction_change": false}
[2026-09-25 23:07:13.587] [SFX] {"sound": "click_target", "volume": 0.88}
[2026-09-25 23:07:13.637] [SFX] {"sound": "player_move", "volume": 0.4}
[2026-09-25 23:07:13.866] [SFX] {"sound": "civ_move_2", "volume": 0.04}
[2026-09-25 23:07:13.900] [SFX] {"sound": "player_move", "volume": 0.4}
[2026-09-25 23:07:13.901] [SFX] {"sound": "civ_move_1", "volume": 0.08}
[2026-09-25 23:07:13.902] [SFX] {"sound": "civ_move_2", "volume": 0.11}
[2026-09-25 23:07:13.966] [SFX] {"sound": "civ_move_2", "volume": 0.08}
[2026-09-25 23:07:14.216] [SFX] {"sound": "player_move", "volume": 0.4}
[2026-09-25 23:07:14.268] [SFX] {"sound": "civ_move_2", "volume": 0.0}
[2026-09-25 23:07:14.301] [SFX] {"sound": "civ_move_1", "volume": 0.08}
[2026-09-25 23:07:14.302] [SFX] {"sound": "civ_move_2", "volume": 0.09}
[2026-09-25 23:07:14.368] [SFX] {"sound": "civ_move_2", "volume": 0.06}
[2026-09-25 23:07:14.517] [SFX] {"sound": "player_move", "volume": 0.4}
[2026-09-25 23:07:14.716] [SFX] {"sound": "civ_move_1", "volume": 0.08}
[2026-09-25 23:07:14.717] [SFX] {"sound": "civ_move_2", "volume": 0.07}
[2026-09-25 23:07:14.782] [SFX] {"sound": "civ_move_2", "volume": 0.05}
[2026-09-25 23:07:14.832] [SFX] {"sound": "player_move", "volume": 0.4}
[2026-09-25 23:07:15.096] [SFX] {"sound": "civ_move_2", "volume": 0.01}
[2026-09-25 23:07:15.130] [SFX] {"sound": "civ_move_1", "volume": 0.1}
[2026-09-25 23:07:15.130] [SFX] {"sound": "civ_move_2", "volume": 0.07}
[2026-09-25 23:07:15.151] [SFX] {"sound": "player_move", "volume": 0.4}
[2026-09-25 23:07:15.183] [SFX] {"sound": "civ_move_2", "volume": 0.06}
[2026-09-25 23:07:15.184] [SFX] {"sound": "civ_move_2", "volume": 0.04}
[2026-09-25 23:07:15.498] [SFX] {"sound": "civ_move_2", "volume": 0.03}
[2026-09-25 23:07:15.531] [SFX] {"sound": "civ_move_1", "volume": 0.11}
[2026-09-25 23:07:15.532] [SFX] {"sound": "civ_move_2", "volume": 0.07}
[2026-09-25 23:07:15.598] [SFX] {"sound": "civ_move_2", "volume": 0.09}
[2026-09-25 23:07:15.902] [SFX] {"sound": "civ_move_2", "volume": 0.02}
[2026-09-25 23:07:15.937] [SFX] {"sound": "civ_move_1", "volume": 0.12}
[2026-09-25 23:07:15.938] [SFX] {"sound": "civ_move_2", "volume": 0.07}
[2026-09-25 23:07:16.004] [SFX] {"sound": "civ_move_2", "volume": 0.1}
[2026-09-25 23:07:16.317] [SFX] {"sound": "civ_move_2", "volume": 0.02}
[2026-09-25 23:07:16.351] [SFX] {"sound": "civ_move_1", "volume": 0.13}
[2026-09-25 23:07:16.352] [SFX] {"sound": "civ_move_2", "volume": 0.06}
[2026-09-25 23:07:16.353] [SENTINEL_ALARM_DISPATCHED] {"guard": [214, 61], "investigate": [210, 62]}
[2026-09-25 23:07:16.385] [SFX] {"sound": "guardian_move", "volume": 0.1}
[2026-09-25 23:07:16.418] [SFX] {"sound": "civ_move_2", "volume": 0.11}
[2026-09-25 23:07:16.418] [SFX] {"sound": "civ_move_1", "volume": 0.13}
[2026-09-25 23:07:16.718] [SFX] {"sound": "civ_move_2", "volume": 0.01}
[2026-09-25 23:07:16.752] [SFX] {"sound": "civ_move_1", "volume": 0.14}
[2026-09-25 23:07:16.753] [SFX] {"sound": "civ_move_2", "volume": 0.06}
[2026-09-25 23:07:16.819] [SFX] {"sound": "civ_move_2", "volume": 0.12}
[2026-09-25 23:07:16.820] [SFX] {"sound": "civ_move_1", "volume": 0.13}
[2026-09-25 23:07:16.985] [SFX] {"sound": "guardian_move", "volume": 0.1}
[2026-09-25 23:07:17.134] [SFX] {"sound": "civ_move_2", "volume": 0.0}
[2026-09-25 23:07:17.168] [SFX] {"sound": "civ_move_1", "volume": 0.15}
[2026-09-25 23:07:17.168] [SFX] {"sound": "civ_move_2", "volume": 0.06}
[2026-09-25 23:07:17.233] [SFX] {"sound": "civ_move_2", "volume": 0.13}
[2026-09-25 23:07:17.234] [SFX] {"sound": "civ_move_1", "volume": 0.12}
[2026-09-25 23:07:17.582] [SFX] {"sound": "civ_move_1", "volume": 0.16}
[2026-09-25 23:07:17.582] [SFX] {"sound": "civ_move_2", "volume": 0.06}
[2026-09-25 23:07:17.603] [SFX] {"sound": "guardian_move", "volume": 0.08}
[2026-09-25 23:07:17.633] [SFX] {"sound": "civ_move_2", "volume": 0.15}
[2026-09-25 23:07:17.656] [SFX] {"sound": "civ_move_1", "volume": 0.12}
[2026-09-25 23:07:17.985] [SFX] {"sound": "civ_move_1", "volume": 0.17}
[2026-09-25 23:07:17.986] [SFX] {"sound": "civ_move_2", "volume": 0.06}
[2026-09-25 23:07:18.037] [SFX] {"sound": "civ_move_2", "volume": 0.16}
[2026-09-25 23:07:18.060] [SFX] {"sound": "civ_move_1", "volume": 0.12}
[2026-09-25 23:07:18.205] [SFX] {"sound": "guardian_move", "volume": 0.08}
[2026-09-25 23:07:18.384] [SFX] {"sound": "civ_move_1", "volume": 0.18}
[2026-09-25 23:07:18.385] [SFX] {"sound": "civ_move_2", "volume": 0.05}
[2026-09-25 23:07:18.452] [SFX] {"sound": "civ_move_2", "volume": 0.17}
[2026-09-25 23:07:18.475] [SFX] {"sound": "civ_move_1", "volume": 0.13}
[2026-09-25 23:07:18.785] [SFX] {"sound": "civ_move_1", "volume": 0.19}
[2026-09-25 23:07:18.786] [SFX] {"sound": "civ_move_2", "volume": 0.05}
[2026-09-25 23:07:18.835] [SFX] {"sound": "guardian_move", "volume": 0.1}
[2026-09-25 23:07:18.857] [SFX] {"sound": "civ_move_2", "volume": 0.18}
[2026-09-25 23:07:18.877] [SFX] {"sound": "civ_move_1", "volume": 0.14}
[2026-09-25 23:07:19.186] [SFX] {"sound": "civ_move_1", "volume": 0.19}
[2026-09-25 23:07:19.187] [SFX] {"sound": "civ_move_2", "volume": 0.05}
[2026-09-25 23:07:19.252] [SFX] {"sound": "civ_move_2", "volume": 0.2}
[2026-09-25 23:07:19.287] [SFX] {"sound": "civ_move_1", "volume": 0.14}
[2026-09-25 23:07:19.437] [SFX] {"sound": "guardian_move", "volume": 0.09}
[2026-09-25 23:07:19.587] [SFX] {"sound": "civ_move_1", "volume": 0.2}
[2026-09-25 23:07:19.588] [SFX] {"sound": "civ_move_2", "volume": 0.05}
[2026-09-25 23:07:19.653] [SFX] {"sound": "civ_move_2", "volume": 0.21}
[2026-09-25 23:07:19.702] [SFX] {"sound": "civ_move_1", "volume": 0.18}
[2026-09-25 23:07:20.000] [SFX] {"sound": "civ_move_1", "volume": 0.21}
[2026-09-25 23:07:20.001] [SFX] {"sound": "civ_move_2", "volume": 0.04}
[2026-09-25 23:07:20.053] [SFX] {"sound": "guardian_move", "volume": 0.08}
[2026-09-25 23:07:20.053] [SFX] {"sound": "civ_move_2", "volume": 0.22}
[2026-09-25 23:07:20.104] [SFX] {"sound": "civ_move_1", "volume": 0.2}
[2026-09-25 23:07:20.417] [SFX] {"sound": "civ_move_1", "volume": 0.22}
[2026-09-25 23:07:20.417] [SFX] {"sound": "civ_move_2", "volume": 0.04}
[2026-09-25 23:07:20.466] [SFX] {"sound": "civ_move_2", "volume": 0.23}
[2026-09-25 23:07:20.517] [SFX] {"sound": "civ_move_1", "volume": 0.21}
[2026-09-25 23:07:20.666] [SFX] {"sound": "guardian_move", "volume": 0.08}
[2026-09-25 23:07:20.817] [SFX] {"sound": "civ_move_1", "volume": 0.21}
[2026-09-25 23:07:20.818] [SFX] {"sound": "civ_move_2", "volume": 0.03}
[2026-09-25 23:07:20.869] [SFX] {"sound": "civ_move_2", "volume": 0.24}
[2026-09-25 23:07:20.918] [SFX] {"sound": "civ_move_1", "volume": 0.22}
[2026-09-25 23:07:21.231] [SFX] {"sound": "civ_move_1", "volume": 0.2}
[2026-09-25 23:07:21.232] [SFX] {"sound": "civ_move_2", "volume": 0.03}
[2026-09-25 23:07:21.266] [SFX] {"sound": "guardian_move", "volume": 0.08}
[2026-09-25 23:07:21.289] [SFX] {"sound": "civ_move_2", "volume": 0.26}
[2026-09-25 23:07:21.318] [SFX] {"sound": "civ_move_1", "volume": 0.23}
[2026-09-25 23:07:21.631] [SFX] {"sound": "civ_move_1", "volume": 0.19}
[2026-09-25 23:07:21.632] [SFX] {"sound": "civ_move_2", "volume": 0.02}
[2026-09-25 23:07:21.683] [SFX] {"sound": "civ_move_2", "volume": 0.27}
[2026-09-25 23:07:21.733] [SFX] {"sound": "civ_move_1", "volume": 0.24}
[2026-09-25 23:07:21.867] [SFX] {"sound": "guardian_move", "volume": 0.07}
[2026-09-25 23:07:22.034] [SFX] {"sound": "civ_move_1", "volume": 0.18}
[2026-09-25 23:07:22.035] [SFX] {"sound": "civ_move_2", "volume": 0.02}
[2026-09-25 23:07:22.085] [SFX] {"sound": "civ_move_2", "volume": 0.28}
[2026-09-25 23:07:22.135] [SFX] {"sound": "civ_move_1", "volume": 0.26}
[2026-09-25 23:07:22.251] [C] {"civ_pos": [205, 34]}
[2026-09-25 23:07:22.292] [JACK] Interessante Signatur... Ein ziviler Node. Sollen wir näher ran?
[2026-09-25 23:07:22.438] [SFX] {"sound": "civ_move_1", "volume": 0.17}
[2026-09-25 23:07:22.439] [SFX] {"sound": "civ_move_2", "volume": 0.01}
[2026-09-25 23:07:22.472] [SFX] {"sound": "guardian_move", "volume": 0.07}
[2026-09-25 23:07:22.494] [SFX] {"sound": "civ_move_2", "volume": 0.29}
[2026-09-25 23:07:22.539] [SFX] {"sound": "civ_move_1", "volume": 0.27}
[2026-09-25 23:07:22.852] [SFX] {"sound": "civ_move_1", "volume": 0.16}
[2026-09-25 23:07:22.853] [SFX] {"sound": "civ_move_2", "volume": 0.0}
[2026-09-25 23:07:22.904] [SFX] {"sound": "civ_move_2", "volume": 0.3}
[2026-09-25 23:07:22.955] [SFX] {"sound": "civ_move_1", "volume": 0.28}
[2026-09-25 23:07:23.084] [SFX] {"sound": "guardian_move", "volume": 0.06}
[2026-09-25 23:07:23.265] [SFX] {"sound": "civ_move_1", "volume": 0.15}
[2026-09-25 23:07:23.315] [SFX] {"sound": "civ_move_2", "volume": 0.28}
[2026-09-25 23:07:23.365] [SFX] {"sound": "civ_move_1", "volume": 0.29}
[2026-09-25 23:07:23.679] [SFX] {"sound": "civ_move_1", "volume": 0.14}
[2026-09-25 23:07:23.700] [SFX] {"sound": "guardian_move", "volume": 0.05}
[2026-09-25 23:07:23.721] [SFX] {"sound": "civ_move_2", "volume": 0.27}
[2026-09-25 23:07:23.769] [SFX] {"sound": "civ_move_1", "volume": 0.3}
[2026-09-25 23:07:24.084] [SFX] {"sound": "civ_move_1", "volume": 0.13}
[2026-09-25 23:07:24.117] [SFX] {"sound": "civ_move_2", "volume": 0.26}
[2026-09-25 23:07:24.184] [SFX] {"sound": "civ_move_1", "volume": 0.28}
[2026-09-25 23:07:24.301] [SFX] {"sound": "guardian_move", "volume": 0.04}
[2026-09-25 23:07:24.449] [SFX] {"sound": "civ_move_2", "volume": 0.11}
[2026-09-25 23:07:24.484] [SFX] {"sound": "civ_move_1", "volume": 0.13}
[2026-09-25 23:07:24.519] [SFX] {"sound": "civ_move_2", "volume": 0.25}
[2026-09-25 23:07:24.585] [SFX] {"sound": "civ_move_1", "volume": 0.27}
[2026-09-25 23:07:24.855] [SFX] {"sound": "civ_move_2", "volume": 0.11}
[2026-09-25 23:07:24.890] [SFX] {"sound": "civ_move_1", "volume": 0.12}
[2026-09-25 23:07:24.914] [SFX] {"sound": "guardian_move", "volume": 0.03}
[2026-09-25 23:07:24.933] [SFX] {"sound": "civ_move_2", "volume": 0.24}
[2026-09-25 23:07:24.986] [SFX] {"sound": "civ_move_1", "volume": 0.26}
[2026-09-25 23:07:25.272] [SFX] {"sound": "civ_move_2", "volume": 0.12}
[2026-09-25 23:07:25.305] [SFX] {"sound": "civ_move_1", "volume": 0.12}
[2026-09-25 23:07:25.339] [SFX] {"sound": "civ_move_2", "volume": 0.22}
[2026-09-25 23:07:25.390] [SFX] {"sound": "civ_move_1", "volume": 0.25}
[2026-09-25 23:07:25.505] [SFX] {"sound": "guardian_move", "volume": 0.02}
[2026-09-25 23:07:25.690] [SFX] {"sound": "civ_move_2", "volume": 0.12}
[2026-09-25 23:07:25.742] [SFX] {"sound": "civ_move_2", "volume": 0.21}
[2026-09-25 23:07:25.793] [SFX] {"sound": "civ_move_1", "volume": 0.23}
[2026-09-25 23:07:26.090] [SFX] {"sound": "civ_move_2", "volume": 0.12}
[2026-09-25 23:07:26.115] [SFX] {"sound": "guardian_move", "volume": 0.01}
[2026-09-25 23:07:26.145] [SFX] {"sound": "civ_move_2", "volume": 0.2}
[2026-09-25 23:07:26.195] [SFX] {"sound": "civ_move_1", "volume": 0.22}
[2026-09-25 23:07:26.260] [SFX] {"sound": "civ_move_1", "volume": 0.25}
[2026-09-25 23:07:26.491] [SFX] {"sound": "civ_move_2", "volume": 0.13}
[2026-09-25 23:07:26.557] [SFX] {"sound": "civ_move_2", "volume": 0.19}
[2026-09-25 23:07:26.608] [SFX] {"sound": "civ_move_1", "volume": 0.21}
[2026-09-25 23:07:26.661] [SFX] {"sound": "civ_move_1", "volume": 0.25}
[2026-09-25 23:07:26.892] [SFX] {"sound": "civ_move_2", "volume": 0.13}
[2026-09-25 23:07:26.960] [SFX] {"sound": "civ_move_2", "volume": 0.17}
[2026-09-25 23:07:27.013] [SFX] {"sound": "civ_move_1", "volume": 0.2}
[2026-09-25 23:07:27.081] [SFX] {"sound": "civ_move_1", "volume": 0.26}
[2026-09-25 23:07:27.132] [SFX] {"sound": "civ_move_1", "volume": 0.14}
[2026-09-25 23:07:27.301] [SFX] {"sound": "civ_move_2", "volume": 0.14}
[2026-09-25 23:07:27.418] [SFX] {"sound": "civ_move_1", "volume": 0.19}
[2026-09-25 23:07:27.485] [SFX] {"sound": "civ_move_1", "volume": 0.27}
[2026-09-25 23:07:27.536] [SFX] {"sound": "civ_move_1", "volume": 0.14}
[2026-09-25 23:07:27.701] [SFX] {"sound": "civ_move_2", "volume": 0.18}
[2026-09-25 23:07:27.769] [SFX] {"sound": "civ_move_2", "volume": 0.13}
[2026-09-25 23:07:27.821] [SFX] {"sound": "civ_move_1", "volume": 0.17}
[2026-09-25 23:07:27.889] [SFX] {"sound": "civ_move_1", "volume": 0.28}
[2026-09-25 23:07:27.938] [SFX] {"sound": "civ_move_1", "volume": 0.15}
[2026-09-25 23:07:27.972] [SFX] {"sound": "civ_move_1", "volume": 0.25}
[2026-09-25 23:07:27.972] [C] {"civ_pos": [205, 34]}
[2026-09-25 23:07:28.115] [SFX] {"sound": "civ_move_2", "volume": 0.19}
[2026-09-25 23:07:28.183] [SFX] {"sound": "civ_move_2", "volume": 0.13}
[2026-09-25 23:07:28.236] [SFX] {"sound": "civ_move_1", "volume": 0.16}
[2026-09-25 23:07:28.314] [SFX] {"sound": "civ_move_1", "volume": 0.3}
[2026-09-25 23:07:28.380] [SFX] {"sound": "civ_move_1", "volume": 0.25}
[2026-09-25 23:07:28.414] [SFX] {"sound": "civ_move_1", "volume": 0.16}
[2026-09-25 23:07:28.530] [SFX] {"sound": "civ_move_2", "volume": 0.2}
[2026-09-25 23:07:28.596] [SFX] {"sound": "civ_move_2", "volume": 0.12}
[2026-09-25 23:07:28.648] [SFX] {"sound": "civ_move_1", "volume": 0.15}
[2026-09-25 23:07:28.714] [SFX] {"sound": "civ_move_1", "volume": 0.29}
[2026-09-25 23:07:28.802] [SFX] {"sound": "civ_move_1", "volume": 0.26}
[2026-09-25 23:07:28.823] [SFX] {"sound": "civ_move_1", "volume": 0.15}
[2026-09-25 23:07:28.935] [SFX] {"sound": "civ_move_2", "volume": 0.21}
[2026-09-25 23:07:29.002] [SFX] {"sound": "civ_move_2", "volume": 0.12}
[2026-09-25 23:07:29.054] [SFX] {"sound": "civ_move_1", "volume": 0.14}
[2026-09-25 23:07:29.119] [SFX] {"sound": "civ_move_1", "volume": 0.28}
[2026-09-25 23:07:29.201] [SFX] {"sound": "civ_move_1", "volume": 0.27}
[2026-09-25 23:07:29.223] [SFX] {"sound": "civ_move_1", "volume": 0.15}
[2026-09-25 23:07:29.337] [SFX] {"sound": "civ_move_2", "volume": 0.22}
[2026-09-25 23:07:29.468] [SFX] {"sound": "civ_move_1", "volume": 0.12}
[2026-09-25 23:07:29.519] [SFX] {"sound": "civ_move_1", "volume": 0.27}
[2026-09-25 23:07:29.602] [SFX] {"sound": "civ_move_1", "volume": 0.28}
[2026-09-25 23:07:29.624] [SFX] {"sound": "civ_move_1", "volume": 0.16}
[2026-09-25 23:07:29.740] [SFX] {"sound": "civ_move_2", "volume": 0.24}
[2026-09-25 23:07:29.859] [SFX] {"sound": "civ_move_2", "volume": 0.13}
[2026-09-25 23:07:29.880] [SFX] {"sound": "civ_move_1", "volume": 0.11}
[2026-09-25 23:07:29.925] [SFX] {"sound": "civ_move_1", "volume": 0.26}
[2026-09-25 23:07:30.008] [SFX] {"sound": "civ_move_1", "volume": 0.29}
[2026-09-25 23:07:30.032] [SFX] {"sound": "civ_move_1", "volume": 0.16}
[2026-09-25 23:07:30.143] [SFX] {"sound": "civ_move_2", "volume": 0.25}
[2026-09-25 23:07:30.259] [SFX] {"sound": "civ_move_2", "volume": 0.13}
[2026-09-25 23:07:30.282] [SFX] {"sound": "civ_move_1", "volume": 0.1}
[2026-09-25 23:07:30.330] [SFX] {"sound": "civ_move_1", "volume": 0.24}
[2026-09-25 23:07:30.412] [SFX] {"sound": "civ_move_1", "volume": 0.3}
[2026-09-25 23:07:30.436] [SFX] {"sound": "civ_move_1", "volume": 0.17}
[2026-09-25 23:07:30.482] [C] {"civ_pos": [208, 34]}
[2026-09-25 23:07:30.528] [JACK] Diese Nodes wandern völlig ahnungslos durch das Grid.
[2026-09-25 23:07:30.557] [SFX] {"sound": "civ_move_2", "volume": 0.26}
[2026-09-25 23:07:30.690] [SFX] {"sound": "civ_move_1", "volume": 0.09}
[2026-09-25 23:07:30.691] [SFX] {"sound": "civ_move_2", "volume": 0.12}
[2026-09-25 23:07:30.739] [SFX] {"sound": "civ_move_1", "volume": 0.23}
[2026-09-25 23:07:30.822] [SFX] {"sound": "civ_move_1", "volume": 0.28}
[2026-09-25 23:07:30.844] [SFX] {"sound": "civ_move_1", "volume": 0.17}
[2026-09-25 23:07:30.971] [SFX] {"sound": "civ_move_2", "volume": 0.27}
[2026-09-25 23:07:31.104] [SFX] {"sound": "civ_move_1", "volume": 0.08}
[2026-09-25 23:07:31.105] [SFX] {"sound": "civ_move_2", "volume": 0.12}
[2026-09-25 23:07:31.154] [SFX] {"sound": "civ_move_1", "volume": 0.22}
[2026-09-25 23:07:31.238] [SFX] {"sound": "civ_move_1", "volume": 0.27}
[2026-09-25 23:07:31.260] [SFX] {"sound": "civ_move_1", "volume": 0.17}
[2026-09-25 23:07:31.371] [SFX] {"sound": "civ_move_2", "volume": 0.29}
[2026-09-25 23:07:31.506] [SFX] {"sound": "civ_move_1", "volume": 0.06}
[2026-09-25 23:07:31.507] [SFX] {"sound": "civ_move_2", "volume": 0.11}
[2026-09-25 23:07:31.556] [SFX] {"sound": "civ_move_1", "volume": 0.21}
[2026-09-25 23:07:31.641] [SFX] {"sound": "civ_move_1", "volume": 0.26}
[2026-09-25 23:07:31.662] [SFX] {"sound": "civ_move_1", "volume": 0.16}
[2026-09-25 23:07:31.773] [SFX] {"sound": "civ_move_2", "volume": 0.3}
[2026-09-25 23:07:31.907] [SFX] {"sound": "civ_move_1", "volume": 0.05}
[2026-09-25 23:07:31.908] [SFX] {"sound": "civ_move_2", "volume": 0.11}
[2026-09-25 23:07:31.957] [SFX] {"sound": "civ_move_1", "volume": 0.2}
[2026-09-25 23:07:32.056] [SFX] {"sound": "civ_move_1", "volume": 0.25}
[2026-09-25 23:07:32.078] [SFX] {"sound": "civ_move_1", "volume": 0.17}
[2026-09-25 23:07:32.174] [SFX] {"sound": "civ_move_2", "volume": 0.29}
[2026-09-25 23:07:32.309] [SFX] {"sound": "civ_move_1", "volume": 0.04}
[2026-09-25 23:07:32.310] [SFX] {"sound": "civ_move_2", "volume": 0.1}
[2026-09-25 23:07:32.360] [SFX] {"sound": "civ_move_1", "volume": 0.18}
[2026-09-25 23:07:32.460] [SFX] {"sound": "civ_move_1", "volume": 0.23}
[2026-09-25 23:07:32.482] [SFX] {"sound": "civ_move_1", "volume": 0.16}
[2026-09-25 23:07:32.575] [SFX] {"sound": "civ_move_2", "volume": 0.28}
[2026-09-25 23:07:32.723] [SFX] {"sound": "civ_move_1", "volume": 0.03}
[2026-09-25 23:07:32.724] [SFX] {"sound": "civ_move_2", "volume": 0.1}
[2026-09-25 23:07:32.773] [SFX] {"sound": "civ_move_1", "volume": 0.14}
[2026-09-25 23:07:32.871] [SFX] {"sound": "civ_move_1", "volume": 0.22}
[2026-09-25 23:07:32.894] [SFX] {"sound": "civ_move_1", "volume": 0.16}
[2026-09-25 23:07:32.989] [SFX] {"sound": "civ_move_2", "volume": 0.27}
[2026-09-25 23:07:33.124] [SFX] {"sound": "civ_move_1", "volume": 0.02}
[2026-09-25 23:07:33.125] [SFX] {"sound": "civ_move_2", "volume": 0.11}
[2026-09-25 23:07:33.173] [SFX] {"sound": "civ_move_1", "volume": 0.14}
[2026-09-25 23:07:33.273] [SFX] {"sound": "civ_move_1", "volume": 0.21}
[2026-09-25 23:07:33.295] [SFX] {"sound": "civ_move_1", "volume": 0.16}
[2026-09-25 23:07:33.391] [SFX] {"sound": "civ_move_2", "volume": 0.25}
[2026-09-25 23:07:33.524] [SFX] {"sound": "civ_move_1", "volume": 0.0}
[2026-09-25 23:07:33.525] [SFX] {"sound": "civ_move_2", "volume": 0.12}
[2026-09-25 23:07:33.589] [SFX] {"sound": "civ_move_1", "volume": 0.15}
[2026-09-25 23:07:33.687] [SFX] {"sound": "civ_move_1", "volume": 0.2}
[2026-09-25 23:07:33.708] [SFX] {"sound": "civ_move_1", "volume": 0.16}
[2026-09-25 23:07:33.807] [SFX] {"sound": "civ_move_2", "volume": 0.24}
[2026-09-25 23:07:33.934] [SFX] {"sound": "civ_move_2", "volume": 0.12}
[2026-09-25 23:07:33.997] [SFX] {"sound": "civ_move_1", "volume": 0.16}
[2026-09-25 23:07:34.097] [SFX] {"sound": "civ_move_1", "volume": 0.18}
[2026-09-25 23:07:34.120] [SFX] {"sound": "civ_move_1", "volume": 0.15}
[2026-09-25 23:07:34.217] [SFX] {"sound": "civ_move_2", "volume": 0.23}
[2026-09-25 23:07:34.335] [SFX] {"sound": "civ_move_2", "volume": 0.13}
[2026-09-25 23:07:34.400] [SFX] {"sound": "civ_move_1", "volume": 0.17}
[2026-09-25 23:07:34.517] [SFX] {"sound": "civ_move_1", "volume": 0.15}
[2026-09-25 23:07:34.551] [SFX] {"sound": "civ_move_2", "volume": 0.14}
[2026-09-25 23:07:34.602] [SFX] {"sound": "civ_move_1", "volume": 0.01}
[2026-09-25 23:07:34.640] [SFX] {"sound": "civ_move_2", "volume": 0.22}
[2026-09-25 23:07:34.750] [SFX] {"sound": "civ_move_2", "volume": 0.14}
[2026-09-25 23:07:34.800] [SFX] {"sound": "civ_move_1", "volume": 0.17}
[2026-09-25 23:07:34.902] [SFX] {"sound": "civ_move_1", "volume": 0.14}
[2026-09-25 23:07:34.951] [SFX] {"sound": "civ_move_2", "volume": 0.15}
[2026-09-25 23:07:35.018] [SFX] {"sound": "civ_move_1", "volume": 0.01}
[2026-09-25 23:07:35.041] [SFX] {"sound": "civ_move_2", "volume": 0.2}
[2026-09-25 23:07:35.155] [SFX] {"sound": "civ_move_2", "volume": 0.14}
[2026-09-25 23:07:35.203] [SFX] {"sound": "civ_move_1", "volume": 0.18}
[2026-09-25 23:07:35.303] [SFX] {"sound": "civ_move_1", "volume": 0.13}
[2026-09-25 23:07:35.370] [SFX] {"sound": "civ_move_2", "volume": 0.15}
[2026-09-25 23:07:35.418] [SFX] {"sound": "civ_move_1", "volume": 0.02}
[2026-09-25 23:07:35.441] [SFX] {"sound": "civ_move_2", "volume": 0.19}
[2026-09-25 23:07:35.569] [SFX] {"sound": "civ_move_2", "volume": 0.15}
[2026-09-25 23:07:35.603] [SFX] {"sound": "civ_move_1", "volume": 0.19}
[2026-09-25 23:07:35.717] [SFX] {"sound": "civ_move_1", "volume": 0.12}
[2026-09-25 23:07:35.782] [SFX] {"sound": "civ_move_2", "volume": 0.14}
[2026-09-25 23:07:35.831] [SFX] {"sound": "civ_move_1", "volume": 0.02}
[2026-09-25 23:07:35.854] [SFX] {"sound": "civ_move_2", "volume": 0.18}
[2026-09-25 23:07:36.017] [SFX] {"sound": "civ_move_1", "volume": 0.2}
[2026-09-25 23:07:36.117] [SFX] {"sound": "civ_move_1", "volume": 0.12}
[2026-09-25 23:07:36.139] [SFX] {"sound": "civ_move_1", "volume": 0.11}
[2026-09-25 23:07:36.185] [SFX] {"sound": "civ_move_2", "volume": 0.14}
[2026-09-25 23:07:36.234] [SFX] {"sound": "civ_move_1", "volume": 0.03}
[2026-09-25 23:07:36.257] [SFX] {"sound": "civ_move_2", "volume": 0.17}
[2026-09-25 23:07:36.417] [SFX] {"sound": "civ_move_1", "volume": 0.21}
[2026-09-25 23:07:36.530] [SFX] {"sound": "civ_move_1", "volume": 0.12}
[2026-09-25 23:07:36.551] [SFX] {"sound": "civ_move_1", "volume": 0.1}
[2026-09-25 23:07:36.595] [SFX] {"sound": "civ_move_2", "volume": 0.13}
[2026-09-25 23:07:36.645] [SFX] {"sound": "civ_move_1", "volume": 0.03}
[2026-09-25 23:07:36.667] [SFX] {"sound": "civ_move_2", "volume": 0.16}
[2026-09-25 23:07:36.828] [SFX] {"sound": "civ_move_1", "volume": 0.22}
[2026-09-25 23:07:36.945] [SFX] {"sound": "civ_move_1", "volume": 0.12}
[2026-09-25 23:07:36.968] [SFX] {"sound": "civ_move_1", "volume": 0.09}
[2026-09-25 23:07:36.997] [SFX] {"sound": "civ_move_2", "volume": 0.12}
[2026-09-25 23:07:37.046] [SFX] {"sound": "civ_move_1", "volume": 0.04}
[2026-09-25 23:07:37.070] [SFX] {"sound": "civ_move_2", "volume": 0.14}
[2026-09-25 23:07:37.234] [SFX] {"sound": "civ_move_1", "volume": 0.21}
[2026-09-25 23:07:37.351] [SFX] {"sound": "civ_move_1", "volume": 0.11}
[2026-09-25 23:07:37.373] [SFX] {"sound": "civ_move_1", "volume": 0.08}
[2026-09-25 23:07:37.402] [SFX] {"sound": "civ_move_2", "volume": 0.12}
[2026-09-25 23:07:37.453] [SFX] {"sound": "civ_move_1", "volume": 0.04}
[2026-09-25 23:07:37.477] [SFX] {"sound": "civ_move_2", "volume": 0.13}
[2026-09-25 23:07:37.638] [SFX] {"sound": "civ_move_1", "volume": 0.2}
[2026-09-25 23:07:37.752] [SFX] {"sound": "civ_move_1", "volume": 0.11}
[2026-09-25 23:07:37.775] [SFX] {"sound": "civ_move_1", "volume": 0.07}
[2026-09-25 23:07:37.806] [SFX] {"sound": "civ_move_2", "volume": 0.11}
[2026-09-25 23:07:37.858] [SFX] {"sound": "civ_move_1", "volume": 0.05}
[2026-09-25 23:07:37.881] [SFX] {"sound": "civ_move_2", "volume": 0.12}
[2026-09-25 23:07:38.040] [SFX] {"sound": "civ_move_1", "volume": 0.19}
[2026-09-25 23:07:38.157] [SFX] {"sound": "civ_move_1", "volume": 0.1}
[2026-09-25 23:07:38.180] [SFX] {"sound": "civ_move_1", "volume": 0.07}
[2026-09-25 23:07:38.208] [SFX] {"sound": "civ_move_2", "volume": 0.1}
[2026-09-25 23:07:38.258] [SFX] {"sound": "civ_move_1", "volume": 0.05}
[2026-09-25 23:07:38.291] [SFX] {"sound": "civ_move_2", "volume": 0.11}
[2026-09-25 23:07:38.441] [SFX] {"sound": "civ_move_1", "volume": 0.18}
[2026-09-25 23:07:38.559] [SFX] {"sound": "civ_move_1", "volume": 0.1}
[2026-09-25 23:07:38.582] [SFX] {"sound": "civ_move_1", "volume": 0.06}
[2026-09-25 23:07:38.611] [SFX] {"sound": "civ_move_2", "volume": 0.1}
[2026-09-25 23:07:38.661] [SFX] {"sound": "civ_move_1", "volume": 0.05}
[2026-09-25 23:07:38.695] [SFX] {"sound": "civ_move_2", "volume": 0.09}
[2026-09-25 23:07:38.848] [SFX] {"sound": "civ_move_1", "volume": 0.18}
[2026-09-25 23:07:38.966] [SFX] {"sound": "civ_move_1", "volume": 0.11}
[2026-09-25 23:07:38.989] [SFX] {"sound": "civ_move_1", "volume": 0.06}
[2026-09-25 23:07:39.018] [SFX] {"sound": "civ_move_2", "volume": 0.11}
[2026-09-25 23:07:39.068] [SFX] {"sound": "civ_move_1", "volume": 0.05}
[2026-09-25 23:07:39.102] [SFX] {"sound": "civ_move_2", "volume": 0.08}
[2026-09-25 23:07:39.251] [SFX] {"sound": "civ_move_1", "volume": 0.17}
[2026-09-25 23:07:39.366] [SFX] {"sound": "civ_move_1", "volume": 0.11}
[2026-09-25 23:07:39.399] [SFX] {"sound": "civ_move_1", "volume": 0.06}
[2026-09-25 23:07:39.431] [SFX] {"sound": "civ_move_2", "volume": 0.11}
[2026-09-25 23:07:39.480] [SFX] {"sound": "civ_move_1", "volume": 0.06}
[2026-09-25 23:07:39.515] [SFX] {"sound": "civ_move_2", "volume": 0.07}
[2026-09-25 23:07:39.664] [SFX] {"sound": "civ_move_1", "volume": 0.16}
[2026-09-25 23:07:39.781] [SFX] {"sound": "civ_move_1", "volume": 0.12}
[2026-09-25 23:07:39.816] [SFX] {"sound": "civ_move_1", "volume": 0.06}
[2026-09-25 23:07:39.837] [SFX] {"sound": "civ_move_2", "volume": 0.12}
[2026-09-25 23:07:39.882] [SFX] {"sound": "civ_move_1", "volume": 0.06}
[2026-09-25 23:07:39.915] [SFX] {"sound": "civ_move_2", "volume": 0.06}
[2026-09-25 23:07:40.065] [SFX] {"sound": "civ_move_1", "volume": 0.15}
[2026-09-25 23:07:40.182] [SFX] {"sound": "civ_move_1", "volume": 0.13}
[2026-09-25 23:07:40.216] [SFX] {"sound": "civ_move_1", "volume": 0.06}
[2026-09-25 23:07:40.239] [SFX] {"sound": "civ_move_2", "volume": 0.12}
[2026-09-25 23:07:40.285] [SFX] {"sound": "civ_move_1", "volume": 0.06}
[2026-09-25 23:07:40.318] [SFX] {"sound": "civ_move_2", "volume": 0.05}
[2026-09-25 23:07:40.467] [SFX] {"sound": "civ_move_1", "volume": 0.14}
[2026-09-25 23:07:40.616] [SFX] {"sound": "civ_move_1", "volume": 0.06}
[2026-09-25 23:07:40.730] [SFX] {"sound": "civ_move_2", "volume": 0.03}
[2026-09-25 23:07:40.882] [SFX] {"sound": "civ_move_1", "volume": 0.13}
[2026-09-25 23:07:40.984] [SFX] {"sound": "civ_move_1", "volume": 0.14}
[2026-09-25 23:07:41.017] [SFX] {"sound": "civ_move_1", "volume": 0.05}
[2026-09-25 23:07:41.100] [SFX] {"sound": "civ_move_1", "volume": 0.06}
[2026-09-25 23:07:41.136] [SFX] {"sound": "civ_move_2", "volume": 0.02}
[2026-09-25 23:07:41.284] [SFX] {"sound": "civ_move_1", "volume": 0.12}
[2026-09-25 23:07:41.383] [SFX] {"sound": "civ_move_1", "volume": 0.15}
[2026-09-25 23:07:41.417] [SFX] {"sound": "civ_move_1", "volume": 0.05}
[2026-09-25 23:07:41.516] [SFX] {"sound": "civ_move_1", "volume": 0.07}
[2026-09-25 23:07:41.550] [SFX] {"sound": "civ_move_2", "volume": 0.01}
[2026-09-25 23:07:41.617] [SFX] {"sound": "civ_move_1", "volume": 0.0}
[2026-09-25 23:07:41.683] [SFX] {"sound": "civ_move_1", "volume": 0.11}
[2026-09-25 23:07:41.818] [SFX] {"sound": "civ_move_1", "volume": 0.05}
[2026-09-25 23:07:41.916] [SFX] {"sound": "civ_move_1", "volume": 0.07}
[2026-09-25 23:07:42.031] [SFX] {"sound": "civ_move_1", "volume": 0.01}
[2026-09-25 23:07:42.098] [SFX] {"sound": "civ_move_1", "volume": 0.1}
[2026-09-25 23:07:42.166] [SFX] {"sound": "civ_move_2", "volume": 0.25}
[2026-09-25 23:07:42.233] [SFX] {"sound": "civ_move_1", "volume": 0.04}
[2026-09-25 23:07:42.332] [SFX] {"sound": "civ_move_1", "volume": 0.08}
[2026-09-25 23:07:42.446] [SFX] {"sound": "civ_move_1", "volume": 0.01}
[2026-09-25 23:07:42.498] [SFX] {"sound": "civ_move_1", "volume": 0.09}
[2026-09-25 23:07:42.566] [SFX] {"sound": "civ_move_2", "volume": 0.25}
[2026-09-25 23:07:42.648] [SFX] {"sound": "civ_move_1", "volume": 0.04}
[2026-09-25 23:07:42.745] [SFX] {"sound": "civ_move_1", "volume": 0.09}
[2026-09-25 23:07:42.860] [SFX] {"sound": "civ_move_1", "volume": 0.02}
[2026-09-25 23:07:42.912] [SFX] {"sound": "civ_move_1", "volume": 0.08}
[2026-09-25 23:07:42.979] [SFX] {"sound": "civ_move_2", "volume": 0.25}
[2026-09-25 23:07:43.062] [SFX] {"sound": "civ_move_1", "volume": 0.03}
[2026-09-25 23:07:43.145] [SFX] {"sound": "civ_move_1", "volume": 0.1}
[2026-09-25 23:07:43.261] [SFX] {"sound": "civ_move_1", "volume": 0.03}
[2026-09-25 23:07:43.313] [SFX] {"sound": "civ_move_1", "volume": 0.07}
[2026-09-25 23:07:43.396] [SFX] {"sound": "civ_move_2", "volume": 0.27}
[2026-09-25 23:07:43.464] [SFX] {"sound": "civ_move_1", "volume": 0.03}
[2026-09-25 23:07:43.545] [SFX] {"sound": "civ_move_1", "volume": 0.11}
[2026-09-25 23:07:43.665] [SFX] {"sound": "civ_move_1", "volume": 0.03}
[2026-09-25 23:07:43.715] [SFX] {"sound": "civ_move_1", "volume": 0.07}
[2026-09-25 23:07:43.798] [SFX] {"sound": "civ_move_2", "volume": 0.28}
[2026-09-25 23:07:43.865] [SFX] {"sound": "civ_move_1", "volume": 0.02}
[2026-09-25 23:07:43.948] [SFX] {"sound": "civ_move_1", "volume": 0.11}
[2026-09-25 23:07:44.047] [C] {"civ_pos": [205, 34]}
[2026-09-25 23:07:44.093] [JACK] Subroutine gesichtet. Ob der wertvollen Loot geladen hat?
[2026-09-25 23:07:44.112] [SFX] {"sound": "civ_move_1", "volume": 0.04}
[2026-09-25 23:07:44.129] [SFX] {"sound": "civ_move_1", "volume": 0.06}
[2026-09-25 23:07:44.209] [SFX] {"sound": "civ_move_2", "volume": 0.29}
[2026-09-25 23:07:44.278] [SFX] {"sound": "civ_move_1", "volume": 0.02}
[2026-09-25 23:07:44.348] [SFX] {"sound": "civ_move_1", "volume": 0.12}
[2026-09-25 23:07:44.515] [SFX] {"sound": "civ_move_1", "volume": 0.04}
[2026-09-25 23:07:44.538] [SFX] {"sound": "civ_move_1", "volume": 0.06}
[2026-09-25 23:07:44.618] [SFX] {"sound": "civ_move_2", "volume": 0.3}
[2026-09-25 23:07:44.685] [SFX] {"sound": "civ_move_1", "volume": 0.01}
[2026-09-25 23:07:44.750] [SFX] {"sound": "civ_move_1", "volume": 0.13}
[2026-09-25 23:07:44.916] [SFX] {"sound": "guardian_move", "volume": 0.0}
[2026-09-25 23:07:44.917] [SFX] {"sound": "civ_move_1", "volume": 0.04}
[2026-09-25 23:07:44.939] [SFX] {"sound": "civ_move_1", "volume": 0.06}
[2026-09-25 23:07:44.988] [SFX] {"sound": "civ_move_2", "volume": 0.13}
[2026-09-25 23:07:45.021] [SFX] {"sound": "civ_move_2", "volume": 0.29}
[2026-09-25 23:07:45.091] [SFX] {"sound": "civ_move_1", "volume": 0.01}
[2026-09-25 23:07:45.157] [SFX] {"sound": "civ_move_1", "volume": 0.14}
[2026-09-25 23:07:45.320] [SFX] {"sound": "civ_move_1", "volume": 0.05}
[2026-09-25 23:07:45.343] [SFX] {"sound": "civ_move_1", "volume": 0.06}
[2026-09-25 23:07:45.389] [SFX] {"sound": "civ_move_2", "volume": 0.13}
[2026-09-25 23:07:45.423] [SFX] {"sound": "civ_move_2", "volume": 0.27}
[2026-09-25 23:07:45.504] [SFX] {"sound": "civ_move_1", "volume": 0.0}
[2026-09-25 23:07:45.525] [SFX] {"sound": "guardian_move", "volume": 0.01}
[2026-09-25 23:07:45.571] [SFX] {"sound": "civ_move_1", "volume": 0.15}
[2026-09-25 23:07:45.722] [SFX] {"sound": "civ_move_1", "volume": 0.05}
[2026-09-25 23:07:45.745] [SFX] {"sound": "civ_move_1", "volume": 0.06}
[2026-09-25 23:07:45.806] [SFX] {"sound": "civ_move_2", "volume": 0.12}
[2026-09-25 23:07:45.828] [SFX] {"sound": "civ_move_2", "volume": 0.26}
[2026-09-25 23:07:45.973] [SFX] {"sound": "civ_move_1", "volume": 0.16}
[2026-09-25 23:07:46.122] [SFX] {"sound": "guardian_move", "volume": 0.03}
[2026-09-25 23:07:46.144] [SFX] {"sound": "civ_move_1", "volume": 0.05}
[2026-09-25 23:07:46.164] [SFX] {"sound": "civ_move_1", "volume": 0.06}
[2026-09-25 23:07:46.212] [SFX] {"sound": "civ_move_2", "volume": 0.12}
[2026-09-25 23:07:46.236] [SFX] {"sound": "civ_move_2", "volume": 0.25}
[2026-09-25 23:07:46.387] [SFX] {"sound": "civ_move_1", "volume": 0.17}
[2026-09-25 23:07:46.538] [SFX] {"sound": "civ_move_1", "volume": 0.06}
[2026-09-25 23:07:46.570] [SFX] {"sound": "civ_move_1", "volume": 0.05}
[2026-09-25 23:07:46.620] [SFX] {"sound": "civ_move_2", "volume": 0.13}
[2026-09-25 23:07:46.643] [SFX] {"sound": "civ_move_2", "volume": 0.24}
[2026-09-25 23:07:46.736] [SFX] {"sound": "guardian_move", "volume": 0.04}
[2026-09-25 23:07:46.801] [SFX] {"sound": "civ_move_1", "volume": 0.18}
[2026-09-25 23:07:46.952] [SFX] {"sound": "civ_move_1", "volume": 0.06}
[2026-09-25 23:07:46.989] [SFX] {"sound": "civ_move_1", "volume": 0.05}
[2026-09-25 23:07:47.022] [SFX] {"sound": "civ_move_2", "volume": 0.13}
[2026-09-25 23:07:47.044] [SFX] {"sound": "civ_move_2", "volume": 0.23}
[2026-09-25 23:07:47.206] [SFX] {"sound": "civ_move_1", "volume": 0.19}
[2026-09-25 23:07:47.336] [SFX] {"sound": "guardian_move", "volume": 0.05}
[2026-09-25 23:07:47.358] [SFX] {"sound": "civ_move_1", "volume": 0.06}
[2026-09-25 23:07:47.403] [SFX] {"sound": "civ_move_1", "volume": 0.05}
[2026-09-25 23:07:47.435] [SFX] {"sound": "civ_move_2", "volume": 0.14}
[2026-09-25 23:07:47.456] [SFX] {"sound": "civ_move_2", "volume": 0.21}
[2026-09-25 23:07:47.617] [SFX] {"sound": "civ_move_1", "volume": 0.2}
[2026-09-25 23:07:47.767] [SFX] {"sound": "civ_move_1", "volume": 0.06}
[2026-09-25 23:07:47.815] [SFX] {"sound": "civ_move_1", "volume": 0.04}
[2026-09-25 23:07:47.849] [SFX] {"sound": "civ_move_2", "volume": 0.15}
[2026-09-25 23:07:47.871] [SFX] {"sound": "civ_move_2", "volume": 0.2}
[2026-09-25 23:07:47.936] [SFX] {"sound": "guardian_move", "volume": 0.06}
[2026-09-25 23:07:48.021] [SFX] {"sound": "civ_move_1", "volume": 0.21}
[2026-09-25 23:07:48.168] [SFX] {"sound": "civ_move_1", "volume": 0.06}
[2026-09-25 23:07:48.217] [SFX] {"sound": "civ_move_1", "volume": 0.04}
[2026-09-25 23:07:48.250] [SFX] {"sound": "civ_move_2", "volume": 0.16}
[2026-09-25 23:07:48.273] [SFX] {"sound": "civ_move_2", "volume": 0.19}
[2026-09-25 23:07:48.432] [SFX] {"sound": "civ_move_1", "volume": 0.22}
[2026-09-25 23:07:48.550] [SFX] {"sound": "guardian_move", "volume": 0.06}
[2026-09-25 23:07:48.584] [SFX] {"sound": "civ_move_1", "volume": 0.07}
[2026-09-25 23:07:48.622] [SFX] {"sound": "civ_move_1", "volume": 0.03}
[2026-09-25 23:07:48.655] [SFX] {"sound": "civ_move_2", "volume": 0.17}
[2026-09-25 23:07:48.677] [SFX] {"sound": "civ_move_2", "volume": 0.18}
[2026-09-25 23:07:48.838] [SFX] {"sound": "civ_move_1", "volume": 0.21}
[2026-09-25 23:07:48.989] [SFX] {"sound": "civ_move_1", "volume": 0.07}
[2026-09-25 23:07:49.023] [SFX] {"sound": "civ_move_1", "volume": 0.03}
[2026-09-25 23:07:49.056] [SFX] {"sound": "civ_move_2", "volume": 0.18}
[2026-09-25 23:07:49.078] [SFX] {"sound": "civ_move_2", "volume": 0.14}
[2026-09-25 23:07:49.156] [SFX] {"sound": "guardian_move", "volume": 0.07}
[2026-09-25 23:07:49.252] [SFX] {"sound": "civ_move_1", "volume": 0.21}
[2026-09-25 23:07:49.404] [SFX] {"sound": "civ_move_1", "volume": 0.07}
[2026-09-25 23:07:49.437] [SFX] {"sound": "civ_move_1", "volume": 0.02}
[2026-09-25 23:07:49.470] [SFX] {"sound": "civ_move_2", "volume": 0.19}
[2026-09-25 23:07:49.491] [SFX] {"sound": "civ_move_2", "volume": 0.13}
[2026-09-25 23:07:49.668] [SFX] {"sound": "civ_move_1", "volume": 0.2}
[2026-09-25 23:07:49.768] [SFX] {"sound": "guardian_move", "volume": 0.07}
[2026-09-25 23:07:49.818] [SFX] {"sound": "civ_move_1", "volume": 0.08}
[2026-09-25 23:07:49.852] [SFX] {"sound": "civ_move_1", "volume": 0.02}
[2026-09-25 23:07:49.885] [SFX] {"sound": "civ_move_2", "volume": 0.2}
[2026-09-25 23:07:49.908] [SFX] {"sound": "civ_move_2", "volume": 0.13}
[2026-09-25 23:07:50.068] [SFX] {"sound": "civ_move_1", "volume": 0.19}
[2026-09-25 23:07:50.219] [SFX] {"sound": "civ_move_1", "volume": 0.09}
[2026-09-25 23:07:50.253] [SFX] {"sound": "civ_move_1", "volume": 0.01}
[2026-09-25 23:07:50.287] [SFX] {"sound": "civ_move_2", "volume": 0.21}
[2026-09-25 23:07:50.309] [SFX] {"sound": "civ_move_2", "volume": 0.12}
[2026-09-25 23:07:50.371] [SFX] {"sound": "guardian_move", "volume": 0.08}
[2026-09-25 23:07:50.470] [SFX] {"sound": "civ_move_1", "volume": 0.18}
[2026-09-25 23:07:50.623] [SFX] {"sound": "civ_move_1", "volume": 0.1}
[2026-09-25 23:07:50.658] [SFX] {"sound": "civ_move_1", "volume": 0.01}
[2026-09-25 23:07:50.691] [SFX] {"sound": "civ_move_2", "volume": 0.22}
[2026-09-25 23:07:50.713] [SFX] {"sound": "civ_move_2", "volume": 0.12}
[2026-09-25 23:07:50.873] [SFX] {"sound": "civ_move_1", "volume": 0.17}
[2026-09-25 23:07:50.971] [SFX] {"sound": "guardian_move", "volume": 0.08}
[2026-09-25 23:07:51.037] [SFX] {"sound": "civ_move_1", "volume": 0.11}
[2026-09-25 23:07:51.071] [SFX] {"sound": "civ_move_1", "volume": 0.0}
[2026-09-25 23:07:51.104] [SFX] {"sound": "civ_move_2", "volume": 0.21}
[2026-09-25 23:07:51.287] [SFX] {"sound": "civ_move_1", "volume": 0.16}
[2026-09-25 23:07:51.440] [SFX] {"sound": "civ_move_1", "volume": 0.12}
[2026-09-25 23:07:51.507] [SFX] {"sound": "civ_move_2", "volume": 0.21}
[2026-09-25 23:07:51.573] [SFX] {"sound": "guardian_move", "volume": 0.08}
[2026-09-25 23:07:51.690] [SFX] {"sound": "civ_move_1", "volume": 0.15}
[2026-09-25 23:07:51.840] [SFX] {"sound": "civ_move_1", "volume": 0.13}
[2026-09-25 23:07:51.923] [SFX] {"sound": "civ_move_2", "volume": 0.2}
[2026-09-25 23:07:52.106] [SFX] {"sound": "civ_move_1", "volume": 0.14}
[2026-09-25 23:07:52.174] [SFX] {"sound": "guardian_move", "volume": 0.08}
[2026-09-25 23:07:52.243] [SFX] {"sound": "civ_move_1", "volume": 0.14}
[2026-09-25 23:07:52.324] [SFX] {"sound": "civ_move_2", "volume": 0.19}
[2026-09-25 23:07:52.507] [SFX] {"sound": "civ_move_1", "volume": 0.13}
[2026-09-25 23:07:52.655] [SFX] {"sound": "civ_move_1", "volume": 0.15}
[2026-09-25 23:07:52.737] [SFX] {"sound": "civ_move_2", "volume": 0.18}
[2026-09-25 23:07:52.774] [SFX] {"sound": "guardian_move", "volume": 0.08}
[2026-09-25 23:07:52.919] [SFX] {"sound": "civ_move_1", "volume": 0.12}
[2026-09-25 23:07:53.070] [SFX] {"sound": "civ_move_1", "volume": 0.16}
[2026-09-25 23:07:53.136] [SFX] {"sound": "civ_move_2", "volume": 0.17}
[2026-09-25 23:07:53.322] [SFX] {"sound": "civ_move_1", "volume": 0.12}
[2026-09-25 23:07:53.390] [SFX] {"sound": "guardian_move", "volume": 0.1}
[2026-09-25 23:07:53.476] [SFX] {"sound": "civ_move_1", "volume": 0.17}
[2026-09-25 23:07:53.543] [SFX] {"sound": "civ_move_2", "volume": 0.16}
[2026-09-25 23:07:53.877] [SFX] {"sound": "civ_move_1", "volume": 0.18}
[2026-09-25 23:07:53.945] [SFX] {"sound": "civ_move_2", "volume": 0.15}
[2026-09-25 23:07:54.277] [SFX] {"sound": "civ_move_1", "volume": 0.19}
[2026-09-25 23:07:54.358] [SFX] {"sound": "civ_move_2", "volume": 0.14}
[2026-09-25 23:07:54.689] [SFX] {"sound": "civ_move_1", "volume": 0.2}
[2026-09-25 23:07:54.773] [SFX] {"sound": "civ_move_2", "volume": 0.13}
[2026-09-25 23:07:55.100] [SFX] {"sound": "civ_move_1", "volume": 0.21}
[2026-09-25 23:07:55.184] [SFX] {"sound": "civ_move_2", "volume": 0.12}
[2026-09-25 23:07:55.502] [SFX] {"sound": "civ_move_1", "volume": 0.21}
[2026-09-25 23:07:55.586] [SFX] {"sound": "civ_move_2", "volume": 0.11}
[2026-09-25 23:07:55.916] [SFX] {"sound": "civ_move_1", "volume": 0.22}
[2026-09-25 23:07:55.999] [SFX] {"sound": "civ_move_2", "volume": 0.1}
[2026-09-25 23:07:56.316] [SFX] {"sound": "civ_move_1", "volume": 0.21}
[2026-09-25 23:07:56.401] [SFX] {"sound": "civ_move_2", "volume": 0.09}
[2026-09-25 23:07:56.732] [SFX] {"sound": "civ_move_1", "volume": 0.2}
[2026-09-25 23:07:56.816] [SFX] {"sound": "civ_move_2", "volume": 0.08}
[2026-09-25 23:07:57.148] [SFX] {"sound": "civ_move_1", "volume": 0.19}
[2026-09-25 23:07:57.230] [SFX] {"sound": "civ_move_2", "volume": 0.07}
[2026-09-25 23:07:57.560] [SFX] {"sound": "civ_move_1", "volume": 0.18}
[2026-09-25 23:07:57.645] [SFX] {"sound": "civ_move_2", "volume": 0.07}
[2026-09-25 23:07:57.974] [SFX] {"sound": "civ_move_1", "volume": 0.17}
[2026-09-25 23:07:58.059] [SFX] {"sound": "civ_move_2", "volume": 0.07}
[2026-09-25 23:07:58.391] [SFX] {"sound": "civ_move_1", "volume": 0.16}
[2026-09-25 23:07:58.462] [SFX] {"sound": "civ_move_2", "volume": 0.06}
[2026-09-25 23:07:58.792] [SFX] {"sound": "civ_move_1", "volume": 0.15}
[2026-09-25 23:07:58.877] [SFX] {"sound": "civ_move_2", "volume": 0.06}
[2026-09-25 23:07:58.901] [SFX] {"sound": "civ_move_2", "volume": 0.01}
[2026-09-25 23:07:59.197] [SFX] {"sound": "civ_move_1", "volume": 0.14}
[2026-09-25 23:07:59.281] [SFX] {"sound": "civ_move_2", "volume": 0.06}
[2026-09-25 23:07:59.304] [SFX] {"sound": "civ_move_2", "volume": 0.02}
[2026-09-25 23:07:59.600] [SFX] {"sound": "civ_move_1", "volume": 0.14}
[2026-09-25 23:07:59.684] [SFX] {"sound": "civ_move_2", "volume": 0.06}
[2026-09-25 23:07:59.705] [SFX] {"sound": "civ_move_2", "volume": 0.03}
[2026-09-25 23:08:00.000] [SFX] {"sound": "civ_move_1", "volume": 0.18}
[2026-09-25 23:08:00.087] [SFX] {"sound": "civ_move_2", "volume": 0.06}
[2026-09-25 23:08:00.108] [SFX] {"sound": "civ_move_2", "volume": 0.04}
[2026-09-25 23:08:00.401] [SFX] {"sound": "civ_move_1", "volume": 0.19}
[2026-09-25 23:08:00.500] [SFX] {"sound": "civ_move_2", "volume": 0.05}
[2026-09-25 23:08:00.524] [SFX] {"sound": "civ_move_2", "volume": 0.06}
[2026-09-25 23:08:00.802] [SFX] {"sound": "civ_move_1", "volume": 0.2}
[2026-09-25 23:08:00.903] [SFX] {"sound": "civ_move_2", "volume": 0.05}
[2026-09-25 23:08:00.925] [SFX] {"sound": "civ_move_2", "volume": 0.07}
[2026-09-25 23:08:00.952] [M] {"button": 1, "pos": [318, 262], "ui_clicked": false}
[2026-09-25 23:08:00.962] [P] {"start": [207, 34], "goal": [210, 58], "length": 4, "is_direction_change": false}
[2026-09-25 23:08:00.963] [SFX] {"sound": "click_target", "volume": 0.31}
[2026-09-25 23:08:01.002] [JACK] Vorsichtig vorantasten...
[2026-09-25 23:08:01.031] [SFX] {"sound": "player_move", "volume": 0.4}
[2026-09-25 23:08:01.215] [SFX] {"sound": "civ_move_1", "volume": 0.25}
[2026-09-25 23:08:01.316] [SFX] {"sound": "civ_move_2", "volume": 0.03}
[2026-09-25 23:08:01.341] [SFX] {"sound": "player_move", "volume": 0.4}
[2026-09-25 23:08:01.342] [SFX] {"sound": "civ_move_2", "volume": 0.02}
[2026-09-25 23:08:01.405] [C] {"civ_pos": [217, 34]}
[2026-09-25 23:08:01.628] [SFX] {"sound": "civ_move_1", "volume": 0.27}
[2026-09-25 23:08:01.652] [SFX] {"sound": "player_move", "volume": 0.4}
[2026-09-25 23:08:02.032] [SFX] {"sound": "civ_move_1", "volume": 0.25}
[2026-09-25 23:08:02.132] [SFX] {"sound": "civ_move_2", "volume": 0.01}
[2026-09-25 23:08:02.251] [SFX] {"sound": "player_move", "volume": 0.4}
[2026-09-25 23:08:02.434] [SFX] {"sound": "civ_move_1", "volume": 0.28}
[2026-09-25 23:08:02.535] [SFX] {"sound": "civ_move_2", "volume": 0.03}
[2026-09-25 23:08:02.558] [SFX] {"sound": "player_move", "volume": 0.4}
[2026-09-25 23:08:02.559] [SFX] {"sound": "civ_move_2", "volume": 0.08}
[2026-09-25 23:08:02.835] [SFX] {"sound": "civ_move_1", "volume": 0.25}
[2026-09-25 23:08:02.858] [SFX] {"sound": "player_move", "volume": 0.4}
[2026-09-25 23:08:02.937] [SFX] {"sound": "civ_move_2", "volume": 0.06}
[2026-09-25 23:08:02.959] [SFX] {"sound": "civ_move_2", "volume": 0.1}
[2026-09-25 23:08:03.153] [SFX] {"sound": "player_move", "volume": 0.4}
[2026-09-25 23:08:03.252] [SFX] {"sound": "civ_move_1", "volume": 0.19}
[2026-09-25 23:08:03.353] [SFX] {"sound": "civ_move_2", "volume": 0.08}
[2026-09-25 23:08:03.455] [SFX] {"sound": "player_move", "volume": 0.4}
[2026-09-25 23:08:03.652] [SFX] {"sound": "civ_move_1", "volume": 0.13}
[2026-09-25 23:08:03.754] [SFX] {"sound": "civ_move_2", "volume": 0.0}
[2026-09-25 23:08:03.754] [SFX] {"sound": "civ_move_2", "volume": 0.09}
[2026-09-25 23:08:03.776] [SFX] {"sound": "civ_move_2", "volume": 0.05}
[2026-09-25 23:08:04.052] [SFX] {"sound": "civ_move_1", "volume": 0.12}
[2026-09-25 23:08:04.167] [SFX] {"sound": "civ_move_2", "volume": 0.01}
[2026-09-25 23:08:04.168] [SFX] {"sound": "civ_move_2", "volume": 0.08}
[2026-09-25 23:08:04.189] [SFX] {"sound": "civ_move_2", "volume": 0.06}
[2026-09-25 23:08:04.403] [SFX] {"sound": "civ_move_2", "volume": 0.0}
[2026-09-25 23:08:04.454] [SFX] {"sound": "civ_move_1", "volume": 0.12}
[2026-09-25 23:08:04.570] [SFX] {"sound": "civ_move_2", "volume": 0.02}
[2026-09-25 23:08:04.571] [SFX] {"sound": "civ_move_2", "volume": 0.07}
[2026-09-25 23:08:04.816] [SFX] {"sound": "civ_move_2", "volume": 0.01}
[2026-09-25 23:08:04.868] [SFX] {"sound": "civ_move_1", "volume": 0.11}
[2026-09-25 23:08:04.986] [SFX] {"sound": "civ_move_2", "volume": 0.03}
[2026-09-25 23:08:04.986] [SFX] {"sound": "civ_move_2", "volume": 0.06}
[2026-09-25 23:08:05.006] [SFX] {"sound": "civ_move_2", "volume": 0.08}
[2026-09-25 23:08:05.221] [SFX] {"sound": "civ_move_2", "volume": 0.02}
[2026-09-25 23:08:05.270] [SFX] {"sound": "civ_move_1", "volume": 0.11}
[2026-09-25 23:08:05.393] [SFX] {"sound": "civ_move_2", "volume": 0.04}
[2026-09-25 23:08:05.394] [SFX] {"sound": "civ_move_2", "volume": 0.05}
[2026-09-25 23:08:05.414] [SFX] {"sound": "civ_move_2", "volume": 0.08}
[2026-09-25 23:08:05.621] [SFX] {"sound": "civ_move_2", "volume": 0.03}
[2026-09-25 23:08:05.800] [SFX] {"sound": "civ_move_2", "volume": 0.05}
[2026-09-25 23:08:05.801] [SFX] {"sound": "civ_move_2", "volume": 0.04}
[2026-09-25 23:08:05.823] [SFX] {"sound": "civ_move_2", "volume": 0.09}
[2026-09-25 23:08:06.034] [SFX] {"sound": "civ_move_2", "volume": 0.04}
[2026-09-25 23:08:06.201] [SFX] {"sound": "civ_move_2", "volume": 0.06}
[2026-09-25 23:08:06.202] [SFX] {"sound": "civ_move_2", "volume": 0.04}
[2026-09-25 23:08:06.223] [SFX] {"sound": "civ_move_2", "volume": 0.1}
[2026-09-25 23:08:06.435] [SFX] {"sound": "civ_move_2", "volume": 0.05}
[2026-09-25 23:08:06.602] [SFX] {"sound": "civ_move_2", "volume": 0.07}
[2026-09-25 23:08:06.602] [SFX] {"sound": "civ_move_2", "volume": 0.03}
[2026-09-25 23:08:06.624] [SFX] {"sound": "civ_move_2", "volume": 0.1}
[2026-09-25 23:08:06.851] [SFX] {"sound": "civ_move_2", "volume": 0.06}
[2026-09-25 23:08:07.015] [SFX] {"sound": "civ_move_2", "volume": 0.08}
[2026-09-25 23:08:07.015] [SFX] {"sound": "civ_move_2", "volume": 0.02}
[2026-09-25 23:08:07.037] [SFX] {"sound": "civ_move_2", "volume": 0.11}
[2026-09-25 23:08:07.264] [SFX] {"sound": "civ_move_2", "volume": 0.07}
[2026-09-25 23:08:07.430] [SFX] {"sound": "civ_move_2", "volume": 0.09}
[2026-09-25 23:08:07.430] [SFX] {"sound": "civ_move_2", "volume": 0.01}
[2026-09-25 23:08:07.679] [SFX] {"sound": "civ_move_2", "volume": 0.08}
[2026-09-25 23:08:07.845] [SFX] {"sound": "civ_move_2", "volume": 0.1}
[2026-09-25 23:08:08.093] [SFX] {"sound": "civ_move_2", "volume": 0.09}
[2026-09-25 23:08:08.260] [SFX] {"sound": "civ_move_2", "volume": 0.11}
[2026-09-25 23:08:08.497] [SFX] {"sound": "civ_move_2", "volume": 0.1}
[2026-09-25 23:08:08.666] [SFX] {"sound": "civ_move_2", "volume": 0.12}
[2026-09-25 23:08:08.897] [SFX] {"sound": "civ_move_2", "volume": 0.11}
[2026-09-25 23:08:09.069] [SFX] {"sound": "civ_move_2", "volume": 0.13}
[2026-09-25 23:08:09.218] [SFX] {"sound": "civ_move_2", "volume": 0.17}
[2026-09-25 23:08:09.302] [SFX] {"sound": "civ_move_2", "volume": 0.12}
[2026-09-25 23:08:09.471] [SFX] {"sound": "civ_move_2", "volume": 0.14}
[2026-09-25 23:08:09.634] [SFX] {"sound": "civ_move_2", "volume": 0.18}
[2026-09-25 23:08:09.717] [SFX] {"sound": "civ_move_2", "volume": 0.13}
[2026-09-25 23:08:09.883] [SFX] {"sound": "civ_move_2", "volume": 0.15}
[2026-09-25 23:08:10.065] [SFX] {"sound": "civ_move_2", "volume": 0.18}
[2026-09-25 23:08:10.118] [SFX] {"sound": "civ_move_2", "volume": 0.14}
[2026-09-25 23:08:10.284] [SFX] {"sound": "civ_move_2", "volume": 0.16}
[2026-09-25 23:08:10.468] [SFX] {"sound": "civ_move_2", "volume": 0.19}
[2026-09-25 23:08:10.519] [SFX] {"sound": "civ_move_2", "volume": 0.15}
[2026-09-25 23:08:10.684] [SFX] {"sound": "civ_move_2", "volume": 0.16}
[2026-09-25 23:08:10.884] [SFX] {"sound": "civ_move_2", "volume": 0.18}
[2026-09-25 23:08:10.921] [SFX] {"sound": "civ_move_2", "volume": 0.15}
[2026-09-25 23:08:11.087] [SFX] {"sound": "civ_move_2", "volume": 0.17}
[2026-09-25 23:08:11.286] [SFX] {"sound": "civ_move_2", "volume": 0.18}
[2026-09-25 23:08:11.322] [SFX] {"sound": "civ_move_2", "volume": 0.16}
[2026-09-25 23:08:11.487] [SFX] {"sound": "civ_move_2", "volume": 0.18}
[2026-09-25 23:08:11.735] [SFX] {"sound": "civ_move_2", "volume": 0.17}
[2026-09-25 23:08:11.904] [SFX] {"sound": "civ_move_2", "volume": 0.19}
[2026-09-25 23:08:12.101] [SFX] {"sound": "civ_move_2", "volume": 0.18}
[2026-09-25 23:08:12.317] [SFX] {"sound": "civ_move_2", "volume": 0.2}
[2026-09-25 23:08:12.451] [M] {"button": 1, "pos": [322, 87], "ui_clicked": false}
[2026-09-25 23:08:12.466] [P] {"start": [210, 58], "goal": [210, 46], "length": 1, "is_direction_change": false}
[2026-09-25 23:08:12.467] [SFX] {"sound": "click_target", "volume": 0.7}
[2026-09-25 23:08:12.507] [SFX] {"sound": "player_move", "volume": 0.4}
[2026-09-25 23:08:12.527] [SFX] {"sound": "civ_move_2", "volume": 0.17}
[2026-09-25 23:08:12.546] [SFX] {"sound": "civ_move_2", "volume": 0.18}
[2026-09-25 23:08:12.725] [SFX] {"sound": "civ_move_2", "volume": 0.17}
[2026-09-25 23:08:12.793] [SFX] {"sound": "player_move", "volume": 0.4}
[2026-09-25 23:08:12.930] [SFX] {"sound": "civ_move_2", "volume": 0.18}
[2026-09-25 23:08:12.953] [SFX] {"sound": "civ_move_2", "volume": 0.14}
[2026-09-25 23:08:13.350] [SFX] {"sound": "civ_move_2", "volume": 0.13}
[2026-09-25 23:08:13.539] [SFX] {"sound": "civ_move_2", "volume": 0.14}
[2026-09-25 23:08:13.739] [SFX] {"sound": "civ_move_2", "volume": 0.18}
[2026-09-25 23:08:13.761] [SFX] {"sound": "civ_move_2", "volume": 0.13}
[2026-09-25 23:08:13.938] [SFX] {"sound": "civ_move_2", "volume": 0.14}
[2026-09-25 23:08:14.153] [SFX] {"sound": "civ_move_2", "volume": 0.18}
[2026-09-25 23:08:14.175] [SFX] {"sound": "civ_move_2", "volume": 0.14}
[2026-09-25 23:08:14.362] [SFX] {"sound": "civ_move_2", "volume": 0.15}
[2026-09-25 23:08:14.557] [SFX] {"sound": "civ_move_2", "volume": 0.18}
[2026-09-25 23:08:14.578] [SFX] {"sound": "civ_move_2", "volume": 0.14}
[2026-09-25 23:08:14.754] [SFX] {"sound": "civ_move_2", "volume": 0.16}
[2026-09-25 23:08:14.970] [SFX] {"sound": "civ_move_2", "volume": 0.17}
[2026-09-25 23:08:14.993] [SFX] {"sound": "civ_move_2", "volume": 0.15}
[2026-09-25 23:08:15.157] [SFX] {"sound": "civ_move_2", "volume": 0.17}
[2026-09-25 23:08:15.389] [SFX] {"sound": "civ_move_2", "volume": 0.16}
[2026-09-25 23:08:15.558] [SFX] {"sound": "civ_move_2", "volume": 0.18}
[2026-09-25 23:08:15.788] [SFX] {"sound": "civ_move_2", "volume": 0.16}
[2026-09-25 23:08:15.811] [SFX] {"sound": "civ_move_2", "volume": 0.17}
[2026-09-25 23:08:15.959] [SFX] {"sound": "civ_move_2", "volume": 0.19}
[2026-09-25 23:08:16.190] [SFX] {"sound": "civ_move_2", "volume": 0.17}
[2026-09-25 23:08:16.213] [SFX] {"sound": "civ_move_2", "volume": 0.18}
[2026-09-25 23:08:16.359] [SFX] {"sound": "civ_move_2", "volume": 0.2}
[2026-09-25 23:08:16.592] [SFX] {"sound": "civ_move_2", "volume": 0.17}
[2026-09-25 23:08:16.615] [SFX] {"sound": "civ_move_2", "volume": 0.19}
[2026-09-25 23:08:16.760] [SFX] {"sound": "civ_move_2", "volume": 0.21}
[2026-09-25 23:08:16.993] [SFX] {"sound": "civ_move_2", "volume": 0.16}
[2026-09-25 23:08:17.016] [SFX] {"sound": "civ_move_2", "volume": 0.2}
[2026-09-25 23:08:17.160] [SFX] {"sound": "civ_move_2", "volume": 0.22}
[2026-09-25 23:08:17.228] [C] {"civ_pos": [210, 48]}
[2026-09-25 23:08:17.400] [SFX] {"sound": "civ_move_2", "volume": 0.17}
[2026-09-25 23:08:17.424] [SFX] {"sound": "civ_move_2", "volume": 0.21}
[2026-09-25 23:08:17.580] [SFX] {"sound": "civ_move_2", "volume": 0.23}
[2026-09-25 23:08:17.811] [SFX] {"sound": "civ_move_2", "volume": 0.18}
[2026-09-25 23:08:17.834] [SFX] {"sound": "civ_move_2", "volume": 0.22}
[2026-09-25 23:08:17.981] [SFX] {"sound": "civ_move_2", "volume": 0.3}
[2026-09-25 23:08:18.211] [SFX] {"sound": "civ_move_2", "volume": 0.19}
[2026-09-25 23:08:18.233] [SFX] {"sound": "civ_move_2", "volume": 0.23}
[2026-09-25 23:08:18.397] [SFX] {"sound": "civ_move_2", "volume": 0.29}
[2026-09-25 23:08:18.614] [SFX] {"sound": "civ_move_2", "volume": 0.19}
[2026-09-25 23:08:18.636] [SFX] {"sound": "civ_move_2", "volume": 0.24}
