[2026-09-25 18:37:56.261] [S] {"sid": "20260925_183756", "sys_t": "2026-09-25T18:37:56.260912"}
[2026-09-25 18:37:56.262] [SFX] {"sound": "hack_success", "volume": 0.8}
[2026-09-25 18:37:59.052] [SESSION_RESET] {"msg": "--- NEW LIFE STARTED ---"}
[2026-09-25 18:37:59.103] [S] {"map": "Shadowgrid"}
[2026-09-25 18:37:59.126] [JACK] Ah, im Shadowgrid angekommen... endlich.
[2026-09-25 18:37:59.537] [SFX] {"sound": "civ_move_2", "volume": 0.11}
[2026-09-25 18:37:59.615] [SFX] {"sound": "civ_move_1", "volume": 0.12}
[2026-09-25 18:37:59.739] [SFX] {"sound": "civ_move_2", "volume": 0.07}
[2026-09-25 18:37:59.953] [SFX] {"sound": "civ_move_2", "volume": 0.1}
[2026-09-25 18:38:00.018] [SFX] {"sound": "civ_move_1", "volume": 0.11}
[2026-09-25 18:38:00.153] [SFX] {"sound": "civ_move_2", "volume": 0.07}
[2026-09-25 18:38:00.365] [SFX] {"sound": "civ_move_2", "volume": 0.09}
[2026-09-25 18:38:00.432] [SFX] {"sound": "civ_move_1", "volume": 0.1}
[2026-09-25 18:38:00.563] [SFX] {"sound": "civ_move_2", "volume": 0.07}
[2026-09-25 18:38:00.659] [M] {"button": 1, "pos": [281, 213], "ui_clicked": false}
[2026-09-25 18:38:00.668] [P] {"start": [172, 14], "goal": [167, 18], "length": 2, "is_direction_change": false}
[2026-09-25 18:38:00.668] [SFX] {"sound": "click_target", "volume": 0.67}
[2026-09-25 18:38:00.692] [SFX] {"sound": "player_move", "volume": 0.4}
[2026-09-25 18:38:00.766] [SFX] {"sound": "civ_move_2", "volume": 0.08}
[2026-09-25 18:38:00.833] [SFX] {"sound": "civ_move_1", "volume": 0.09}
[2026-09-25 18:38:00.965] [SFX] {"sound": "civ_move_2", "volume": 0.09}
[2026-09-25 18:38:00.988] [SFX] {"sound": "player_move", "volume": 0.4}
[2026-09-25 18:38:01.048] [SFX] {"sound": "civ_move_2", "volume": 0.09}
[2026-09-25 18:38:01.165] [SFX] {"sound": "civ_move_2", "volume": 0.12}
[2026-09-25 18:38:01.248] [SFX] {"sound": "civ_move_1", "volume": 0.14}
[2026-09-25 18:38:01.380] [SFX] {"sound": "civ_move_2", "volume": 0.09}
[2026-09-25 18:38:01.579] [M] {"button": 1, "pos": [261, 188], "ui_clicked": false}
[2026-09-25 18:38:01.586] [SFX] {"sound": "civ_move_2", "volume": 0.11}
[2026-09-25 18:38:01.587] [P] {"start": [167, 18], "goal": [159, 18], "length": 1, "is_direction_change": false}
[2026-09-25 18:38:01.588] [SFX] {"sound": "click_target", "volume": 0.66}
[2026-09-25 18:38:01.648] [SFX] {"sound": "civ_move_1", "volume": 0.14}
[2026-09-25 18:38:01.749] [SFX] {"sound": "player_move", "volume": 0.4}
[2026-09-25 18:38:01.782] [SFX] {"sound": "civ_move_2", "volume": 0.1}
[2026-09-25 18:38:01.982] [SFX] {"sound": "civ_move_2", "volume": 0.16}
[2026-09-25 18:38:02.049] [SFX] {"sound": "civ_move_1", "volume": 0.18}
[2026-09-25 18:38:02.182] [SFX] {"sound": "civ_move_2", "volume": 0.1}
[2026-09-25 18:38:02.247] [M] {"button": 1, "pos": [240, 188], "ui_clicked": false}
[2026-09-25 18:38:02.254] [P] {"start": [159, 18], "goal": [149, 18], "length": 1, "is_direction_change": false}
[2026-09-25 18:38:02.255] [SFX] {"sound": "click_target", "volume": 0.61}
[2026-09-25 18:38:02.284] [SFX] {"sound": "civ_move_2", "volume": 0.1}
[2026-09-25 18:38:02.335] [SFX] {"sound": "player_move", "volume": 0.4}
[2026-09-25 18:38:02.385] [SFX] {"sound": "civ_move_2", "volume": 0.17}
[2026-09-25 18:38:02.451] [SFX] {"sound": "civ_move_1", "volume": 0.2}
[2026-09-25 18:38:02.582] [SFX] {"sound": "civ_move_2", "volume": 0.09}
[2026-09-25 18:38:02.647] [SFX] {"sound": "player_move", "volume": 0.4}
[2026-09-25 18:38:02.680] [M] {"button": 1, "pos": [240, 188], "ui_clicked": false}
[2026-09-25 18:38:02.688] [P] {"start": [150, 18], "goal": [143, 18], "length": 1, "is_direction_change": false}
[2026-09-25 18:38:02.689] [SFX] {"sound": "click_target", "volume": 0.67}
[2026-09-25 18:38:02.724] [SFX] {"sound": "civ_move_2", "volume": 0.09}
[2026-09-25 18:38:02.798] [SFX] {"sound": "civ_move_2", "volume": 0.22}
[2026-09-25 18:38:02.864] [SFX] {"sound": "civ_move_1", "volume": 0.25}
[2026-09-25 18:38:02.886] [SFX] {"sound": "civ_move_2", "volume": 0.04}
[2026-09-25 18:38:02.961] [SFX] {"sound": "player_move", "volume": 0.4}
[2026-09-25 18:38:02.994] [SFX] {"sound": "civ_move_2", "volume": 0.08}
[2026-09-25 18:38:03.124] [M] {"button": 1, "pos": [240, 188], "ui_clicked": false}
[2026-09-25 18:38:03.130] [SFX] {"sound": "click_target", "volume": 0.65}
[2026-09-25 18:38:03.207] [SFX] {"sound": "civ_move_2", "volume": 0.26}
[2026-09-25 18:38:03.256] [C] {"civ_pos": [138, 18]}
[2026-09-25 18:38:03.297] [SFX] {"sound": "civ_move_1", "volume": 0.28}
[2026-09-25 18:38:03.312] [SFX] {"sound": "civ_move_2", "volume": 0.06}
[2026-09-25 18:38:03.355] [SFX] {"sound": "player_move", "volume": 0.4}
[2026-09-25 18:38:03.405] [SFX] {"sound": "civ_move_2", "volume": 0.06}
[2026-09-25 18:38:03.438] [SFX] {"sound": "threat_pulse", "volume": 0.3}
[2026-09-25 18:38:03.520] [SFX] {"sound": "civ_move_2", "volume": 0.06}
[2026-09-25 18:38:03.619] [SFX] {"sound": "civ_move_2", "volume": 0.29}
[2026-09-25 18:38:03.671] [SFX] {"sound": "player_move", "volume": 0.4}
[2026-09-25 18:38:03.694] [SFX] {"sound": "civ_move_1", "volume": 0.28}
[2026-09-25 18:38:03.720] [SFX] {"sound": "civ_move_2", "volume": 0.07}
[2026-09-25 18:38:03.806] [SFX] {"sound": "civ_move_2", "volume": 0.05}
[2026-09-25 18:38:03.921] [SFX] {"sound": "civ_move_2", "volume": 0.06}
[2026-09-25 18:38:03.973] [SFX] {"sound": "player_move", "volume": 0.4}
[2026-09-25 18:38:04.021] [SFX] {"sound": "civ_move_2", "volume": 0.29}
[2026-09-25 18:38:04.103] [SFX] {"sound": "civ_move_1", "volume": 0.28}
[2026-09-25 18:38:04.126] [SFX] {"sound": "civ_move_2", "volume": 0.07}
[2026-09-25 18:38:04.187] [M] {"button": 1, "pos": [240, 188], "ui_clicked": false}
[2026-09-25 18:38:04.195] [SFX] {"sound": "action_cancel", "volume": 1.0}
[2026-09-25 18:38:04.195] [P] {"start": [132, 18], "goal": [123, 18], "length": 1, "is_direction_change": false}
[2026-09-25 18:38:04.196] [SFX] {"sound": "click_target", "volume": 0.62}
[2026-09-25 18:38:04.218] [SFX] {"sound": "civ_move_2", "volume": 0.05}
[2026-09-25 18:38:04.277] [SFX] {"sound": "player_move", "volume": 0.4}
[2026-09-25 18:38:04.326] [SFX] {"sound": "civ_move_2", "volume": 0.05}
[2026-09-25 18:38:04.349] [SFX] {"sound": "threat_pulse", "volume": 0.3}
[2026-09-25 18:38:04.424] [SFX] {"sound": "civ_move_2", "volume": 0.28}
[2026-09-25 18:38:04.506] [SFX] {"sound": "civ_move_1", "volume": 0.25}
[2026-09-25 18:38:04.529] [SFX] {"sound": "civ_move_2", "volume": 0.07}
[2026-09-25 18:38:04.587] [SFX] {"sound": "player_move", "volume": 0.4}
[2026-09-25 18:38:04.621] [SFX] {"sound": "civ_move_2", "volume": 0.02}
[2026-09-25 18:38:04.737] [SFX] {"sound": "civ_move_2", "volume": 0.03}
[2026-09-25 18:38:04.770] [M] {"button": 1, "pos": [240, 188], "ui_clicked": false}
[2026-09-25 18:38:04.834] [SFX] {"sound": "civ_move_2", "volume": 0.26}
[2026-09-25 18:38:04.917] [SFX] {"sound": "civ_move_1", "volume": 0.24}
[2026-09-25 18:38:04.942] [SFX] {"sound": "civ_move_2", "volume": 0.06}
[2026-09-25 18:38:05.033] [SFX] {"sound": "civ_move_2", "volume": 0.03}
[2026-09-25 18:38:05.249] [SFX] {"sound": "civ_move_2", "volume": 0.27}
[2026-09-25 18:38:05.331] [SFX] {"sound": "civ_move_1", "volume": 0.25}
[2026-09-25 18:38:05.354] [SFX] {"sound": "civ_move_2", "volume": 0.05}
[2026-09-25 18:38:05.444] [SFX] {"sound": "civ_move_2", "volume": 0.04}
[2026-09-25 18:38:05.492] [M] {"button": 1, "pos": [305, 226], "ui_clicked": false}
[2026-09-25 18:38:05.557] [SFX] {"sound": "civ_move_2", "volume": 0.04}
[2026-09-25 18:38:05.657] [SFX] {"sound": "civ_move_2", "volume": 0.28}
[2026-09-25 18:38:05.740] [SFX] {"sound": "civ_move_1", "volume": 0.26}
[2026-09-25 18:38:05.762] [SFX] {"sound": "civ_move_2", "volume": 0.04}
[2026-09-25 18:38:05.762] [C] {"civ_pos": [125, 18]}
[2026-09-25 18:38:05.797] [JACK] Da drüben bewegt sich eine Civ-Subroutine! Was führt die im Schilde?
[2026-09-25 18:38:05.854] [SFX] {"sound": "civ_move_2", "volume": 0.04}
[2026-09-25 18:38:05.970] [SFX] {"sound": "civ_move_2", "volume": 0.05}
[2026-09-25 18:38:06.004] [M] {"button": 1, "pos": [301, 222], "ui_clicked": false}
[2026-09-25 18:38:06.011] [P] {"start": [123, 18], "goal": [120, 23], "length": 2, "is_direction_change": false}
[2026-09-25 18:38:06.012] [SFX] {"sound": "click_target", "volume": 0.68}
[2026-09-25 18:38:06.071] [SFX] {"sound": "civ_move_2", "volume": 0.28}
[2026-09-25 18:38:06.153] [SFX] {"sound": "civ_move_1", "volume": 0.25}
[2026-09-25 18:38:06.176] [SFX] {"sound": "civ_move_2", "volume": 0.03}
[2026-09-25 18:38:06.254] [SFX] {"sound": "player_move", "volume": 0.4}
[2026-09-25 18:38:06.255] [SFX] {"sound": "civ_move_2", "volume": 0.04}
[2026-09-25 18:38:06.387] [SFX] {"sound": "civ_move_2", "volume": 0.06}
[2026-09-25 18:38:06.486] [SFX] {"sound": "civ_move_2", "volume": 0.26}
[2026-09-25 18:38:06.570] [SFX] {"sound": "civ_move_1", "volume": 0.25}
[2026-09-25 18:38:06.592] [SFX] {"sound": "civ_move_2", "volume": 0.05}
[2026-09-25 18:38:06.654] [SFX] {"sound": "civ_move_2", "volume": 0.06}
[2026-09-25 18:38:06.801] [SFX] {"sound": "civ_move_2", "volume": 0.07}
[2026-09-25 18:38:06.901] [SFX] {"sound": "civ_move_2", "volume": 0.26}
[2026-09-25 18:38:06.983] [SFX] {"sound": "civ_move_1", "volume": 0.26}
[2026-09-25 18:38:07.007] [SFX] {"sound": "civ_move_2", "volume": 0.04}
[2026-09-25 18:38:07.065] [SFX] {"sound": "civ_move_2", "volume": 0.07}
[2026-09-25 18:38:07.216] [SFX] {"sound": "civ_move_2", "volume": 0.08}
[2026-09-25 18:38:07.315] [SFX] {"sound": "civ_move_2", "volume": 0.27}
[2026-09-25 18:38:07.397] [SFX] {"sound": "civ_move_1", "volume": 0.26}
[2026-09-25 18:38:07.418] [SFX] {"sound": "civ_move_2", "volume": 0.03}
[2026-09-25 18:38:07.480] [SFX] {"sound": "civ_move_2", "volume": 0.08}
[2026-09-25 18:38:07.629] [SFX] {"sound": "civ_move_2", "volume": 0.09}
[2026-09-25 18:38:07.728] [SFX] {"sound": "civ_move_2", "volume": 0.28}
[2026-09-25 18:38:07.812] [M] {"button": 1, "pos": [324, 219], "ui_clicked": false}
[2026-09-25 18:38:07.820] [SFX] {"sound": "civ_move_1", "volume": 0.26}
[2026-09-25 18:38:07.821] [P] {"start": [120, 23], "goal": [120, 27], "length": 1, "is_direction_change": false}
[2026-09-25 18:38:07.822] [SFX] {"sound": "click_target", "volume": 0.7}
[2026-09-25 18:38:07.867] [SFX] {"sound": "civ_move_2", "volume": 0.02}
[2026-09-25 18:38:07.891] [SFX] {"sound": "civ_move_2", "volume": 0.09}
[2026-09-25 18:38:07.958] [SFX] {"sound": "player_move", "volume": 0.4}
[2026-09-25 18:38:08.040] [JACK] JACK // PROXY SAFE - SANCTUARY ACTIVE
[2026-09-25 18:38:08.049] [SFX] {"sound": "civ_move_2", "volume": 0.11}
[2026-09-25 18:38:08.140] [SFX] {"sound": "civ_move_2", "volume": 0.27}
[2026-09-25 18:38:08.223] [SFX] {"sound": "civ_move_1", "volume": 0.25}
[2026-09-25 18:38:08.245] [SFX] {"sound": "civ_move_2", "volume": 0.04}
[2026-09-25 18:38:08.308] [SFX] {"sound": "civ_move_2", "volume": 0.11}
[2026-09-25 18:38:08.457] [SFX] {"sound": "civ_move_2", "volume": 0.12}
[2026-09-25 18:38:08.541] [SFX] {"sound": "civ_move_2", "volume": 0.28}
[2026-09-25 18:38:08.626] [SFX] {"sound": "civ_move_1", "volume": 0.26}
[2026-09-25 18:38:08.648] [SFX] {"sound": "civ_move_2", "volume": 0.03}
[2026-09-25 18:38:08.707] [SFX] {"sound": "civ_move_2", "volume": 0.12}
[2026-09-25 18:38:08.792] [C] {"civ_pos": [120, 25]}
[2026-09-25 18:38:08.866] [SFX] {"sound": "civ_move_2", "volume": 0.12}
[2026-09-25 18:38:08.947] [SFX] {"sound": "civ_move_2", "volume": 0.29}
[2026-09-25 18:38:09.028] [SFX] {"sound": "civ_move_1", "volume": 0.27}
[2026-09-25 18:38:09.053] [SFX] {"sound": "civ_move_2", "volume": 0.02}
[2026-09-25 18:38:09.111] [SFX] {"sound": "civ_move_2", "volume": 0.12}
[2026-09-25 18:38:09.274] [SFX] {"sound": "civ_move_2", "volume": 0.13}
[2026-09-25 18:38:09.360] [SFX] {"sound": "civ_move_2", "volume": 0.24}
[2026-09-25 18:38:09.437] [SFX] {"sound": "civ_move_1", "volume": 0.28}
[2026-09-25 18:38:09.461] [SFX] {"sound": "civ_move_2", "volume": 0.01}
[2026-09-25 18:38:09.522] [SFX] {"sound": "civ_move_2", "volume": 0.13}
[2026-09-25 18:38:09.774] [SFX] {"sound": "civ_move_2", "volume": 0.23}
[2026-09-25 18:38:09.840] [SFX] {"sound": "civ_move_1", "volume": 0.29}
[2026-09-25 18:38:09.924] [SFX] {"sound": "civ_move_2", "volume": 0.13}
[2026-09-25 18:38:10.105] [SFX] {"sound": "civ_move_2", "volume": 0.14}
[2026-09-25 18:38:10.187] [SFX] {"sound": "civ_move_2", "volume": 0.22}
[2026-09-25 18:38:10.252] [SFX] {"sound": "civ_move_1", "volume": 0.23}
[2026-09-25 18:38:10.334] [SFX] {"sound": "civ_move_2", "volume": 0.14}
[2026-09-25 18:38:10.599] [SFX] {"sound": "civ_move_2", "volume": 0.21}
[2026-09-25 18:38:10.667] [SFX] {"sound": "civ_move_1", "volume": 0.22}
[2026-09-25 18:38:10.749] [SFX] {"sound": "civ_move_2", "volume": 0.14}
[2026-09-25 18:38:10.930] [SFX] {"sound": "civ_move_2", "volume": 0.15}
[2026-09-25 18:38:11.013] [SFX] {"sound": "civ_move_2", "volume": 0.2}
[2026-09-25 18:38:11.079] [SFX] {"sound": "civ_move_1", "volume": 0.22}
[2026-09-25 18:38:11.164] [SFX] {"sound": "civ_move_2", "volume": 0.15}
[2026-09-25 18:38:11.430] [SFX] {"sound": "civ_move_2", "volume": 0.19}
[2026-09-25 18:38:11.495] [SFX] {"sound": "civ_move_1", "volume": 0.21}
[2026-09-25 18:38:11.527] [M] {"button": 1, "pos": [333, 225], "ui_clicked": false}
[2026-09-25 18:38:11.579] [SFX] {"sound": "civ_move_2", "volume": 0.15}
[2026-09-25 18:38:11.809] [M] {"button": 1, "pos": [321, 226], "ui_clicked": false}
[2026-09-25 18:38:11.817] [P] {"start": [120, 27], "goal": [120, 32], "length": 1, "is_direction_change": false}
[2026-09-25 18:38:11.817] [SFX] {"sound": "click_target", "volume": 0.68}
[2026-09-25 18:38:11.854] [SFX] {"sound": "civ_move_2", "volume": 0.18}
[2026-09-25 18:38:11.896] [SFX] {"sound": "civ_move_1", "volume": 0.21}
[2026-09-25 18:38:11.979] [SFX] {"sound": "civ_move_2", "volume": 0.17}
[2026-09-25 18:38:12.159] [SFX] {"sound": "civ_move_2", "volume": 0.18}
[2026-09-25 18:38:12.242] [SFX] {"sound": "civ_move_2", "volume": 0.2}
[2026-09-25 18:38:12.308] [SFX] {"sound": "civ_move_1", "volume": 0.22}
[2026-09-25 18:38:12.392] [SFX] {"sound": "civ_move_2", "volume": 0.18}
[2026-09-25 18:38:12.655] [SFX] {"sound": "civ_move_2", "volume": 0.19}
[2026-09-25 18:38:12.718] [SFX] {"sound": "civ_move_1", "volume": 0.21}
[2026-09-25 18:38:12.798] [SFX] {"sound": "civ_move_2", "volume": 0.18}
[2026-09-25 18:38:13.129] [SFX] {"sound": "civ_move_1", "volume": 0.2}
[2026-09-25 18:38:13.213] [SFX] {"sound": "civ_move_2", "volume": 0.18}
[2026-09-25 18:38:13.395] [SFX] {"sound": "civ_move_2", "volume": 0.17}
[2026-09-25 18:38:13.543] [SFX] {"sound": "civ_move_1", "volume": 0.19}
[2026-09-25 18:38:13.625] [SFX] {"sound": "civ_move_2", "volume": 0.17}
[2026-09-25 18:38:13.679] [M] {"button": 1, "pos": [318, 190], "ui_clicked": false}
[2026-09-25 18:38:13.809] [SFX] {"sound": "civ_move_2", "volume": 0.17}
[2026-09-25 18:38:13.879] [SFX] {"sound": "civ_move_2", "volume": 0.16}
[2026-09-25 18:38:13.955] [SFX] {"sound": "civ_move_1", "volume": 0.18}
[2026-09-25 18:38:14.032] [SFX] {"sound": "civ_move_2", "volume": 0.17}
[2026-09-25 18:38:14.219] [SFX] {"sound": "civ_move_2", "volume": 0.16}
[2026-09-25 18:38:14.284] [SFX] {"sound": "civ_move_2", "volume": 0.15}
[2026-09-25 18:38:14.351] [SFX] {"sound": "civ_move_1", "volume": 0.17}
[2026-09-25 18:38:14.432] [SFX] {"sound": "civ_move_2", "volume": 0.16}
[2026-09-25 18:38:14.630] [SFX] {"sound": "civ_move_2", "volume": 0.15}
[2026-09-25 18:38:14.696] [SFX] {"sound": "civ_move_2", "volume": 0.14}
[2026-09-25 18:38:14.761] [SFX] {"sound": "civ_move_1", "volume": 0.16}
[2026-09-25 18:38:14.842] [SFX] {"sound": "civ_move_2", "volume": 0.15}
[2026-09-25 18:38:15.109] [SFX] {"sound": "civ_move_2", "volume": 0.13}
[2026-09-25 18:38:15.176] [SFX] {"sound": "civ_move_1", "volume": 0.15}
[2026-09-25 18:38:15.243] [SFX] {"sound": "civ_move_2", "volume": 0.15}
[2026-09-25 18:38:15.310] [M] {"button": 1, "pos": [318, 194], "ui_clicked": false}
[2026-09-25 18:38:15.444] [SFX] {"sound": "civ_move_2", "volume": 0.14}
[2026-09-25 18:38:15.509] [SFX] {"sound": "civ_move_2", "volume": 0.12}
[2026-09-25 18:38:15.592] [SFX] {"sound": "civ_move_1", "volume": 0.14}
[2026-09-25 18:38:15.643] [SFX] {"sound": "civ_move_2", "volume": 0.14}
[2026-09-25 18:38:15.775] [M] {"button": 1, "pos": [318, 210], "ui_clicked": false}
[2026-09-25 18:38:15.844] [SFX] {"sound": "guardian_move", "volume": 0.01}
[2026-09-25 18:38:15.845] [SFX] {"sound": "civ_move_2", "volume": 0.13}
[2026-09-25 18:38:15.913] [SFX] {"sound": "civ_move_2", "volume": 0.11}
[2026-09-25 18:38:15.999] [SFX] {"sound": "civ_move_1", "volume": 0.13}
[2026-09-25 18:38:16.048] [SFX] {"sound": "civ_move_2", "volume": 0.13}
[2026-09-25 18:38:16.246] [SFX] {"sound": "civ_move_2", "volume": 0.12}
[2026-09-25 18:38:16.326] [SFX] {"sound": "civ_move_2", "volume": 0.1}
[2026-09-25 18:38:16.357] [M] {"button": 1, "pos": [320, 221], "ui_clicked": false}
[2026-09-25 18:38:16.365] [P] {"start": [120, 32], "goal": [120, 37], "length": 1, "is_direction_change": false}
[2026-09-25 18:38:16.366] [SFX] {"sound": "click_target", "volume": 0.7}
[2026-09-25 18:38:16.404] [JACK] Vorsichtig vorantasten...
[2026-09-25 18:38:16.405] [SFX] {"sound": "player_move", "volume": 0.4}
[2026-09-25 18:38:16.419] [SFX] {"sound": "civ_move_1", "volume": 0.12}
[2026-09-25 18:38:16.448] [SFX] {"sound": "guardian_move", "volume": 0.03}
[2026-09-25 18:38:16.449] [SFX] {"sound": "civ_move_2", "volume": 0.13}
[2026-09-25 18:38:16.728] [SFX] {"sound": "civ_move_2", "volume": 0.12}
[2026-09-25 18:38:16.826] [SFX] {"sound": "civ_move_1", "volume": 0.14}
[2026-09-25 18:38:16.859] [SFX] {"sound": "civ_move_2", "volume": 0.13}
[2026-09-25 18:38:17.060] [SFX] {"sound": "guardian_move", "volume": 0.06}
[2026-09-25 18:38:17.061] [SFX] {"sound": "civ_move_2", "volume": 0.11}
[2026-09-25 18:38:17.240] [SFX] {"sound": "civ_move_1", "volume": 0.13}
[2026-09-25 18:38:17.273] [SFX] {"sound": "civ_move_2", "volume": 0.12}
[2026-09-25 18:38:17.474] [SFX] {"sound": "civ_move_2", "volume": 0.11}
[2026-09-25 18:38:17.557] [SFX] {"sound": "civ_move_2", "volume": 0.1}
[2026-09-25 18:38:17.656] [SFX] {"sound": "civ_move_1", "volume": 0.12}
[2026-09-25 18:38:17.678] [SFX] {"sound": "guardian_move", "volume": 0.05}
[2026-09-25 18:38:17.694] [SFX] {"sound": "civ_move_2", "volume": 0.11}
[2026-09-25 18:38:17.887] [SFX] {"sound": "civ_move_2", "volume": 0.1}
[2026-09-25 18:38:17.970] [SFX] {"sound": "civ_move_2", "volume": 0.09}
[2026-09-25 18:38:18.068] [SFX] {"sound": "civ_move_1", "volume": 0.11}
[2026-09-25 18:38:18.101] [SFX] {"sound": "civ_move_2", "volume": 0.1}
[2026-09-25 18:38:18.282] [SFX] {"sound": "guardian_move", "volume": 0.03}
[2026-09-25 18:38:18.305] [SFX] {"sound": "civ_move_2", "volume": 0.09}
[2026-09-25 18:38:18.380] [SFX] {"sound": "civ_move_2", "volume": 0.08}
[2026-09-25 18:38:18.479] [SFX] {"sound": "civ_move_1", "volume": 0.1}
[2026-09-25 18:38:18.512] [M] {"button": 1, "pos": [356, 194], "ui_clicked": false}
[2026-09-25 18:38:18.518] [SFX] {"sound": "civ_move_2", "volume": 0.09}
[2026-09-25 18:38:18.519] [P] {"start": [120, 37], "goal": [124, 38], "length": 2, "is_direction_change": false}
[2026-09-25 18:38:18.520] [SFX] {"sound": "click_target", "volume": 0.7}
[2026-09-25 18:38:18.599] [SFX] {"sound": "player_move", "volume": 0.4}
[2026-09-25 18:38:18.699] [SFX] {"sound": "civ_move_2", "volume": 0.06}
[2026-09-25 18:38:18.780] [SFX] {"sound": "civ_move_2", "volume": 0.08}
[2026-09-25 18:38:18.881] [SFX] {"sound": "civ_move_1", "volume": 0.09}
[2026-09-25 18:38:18.904] [SFX] {"sound": "guardian_move", "volume": 0.03}
[2026-09-25 18:38:18.919] [SFX] {"sound": "civ_move_2", "volume": 0.05}
[2026-09-25 18:38:19.112] [SFX] {"sound": "civ_move_2", "volume": 0.04}
[2026-09-25 18:38:19.161] [M] {"button": 1, "pos": [366, 191], "ui_clicked": false}
[2026-09-25 18:38:19.195] [SFX] {"sound": "civ_move_2", "volume": 0.07}
[2026-09-25 18:38:19.294] [SFX] {"sound": "civ_move_1", "volume": 0.08}
[2026-09-25 18:38:19.326] [SFX] {"sound": "civ_move_2", "volume": 0.05}
[2026-09-25 18:38:19.511] [SFX] {"sound": "guardian_move", "volume": 0.05}
[2026-09-25 18:38:19.534] [SFX] {"sound": "civ_move_2", "volume": 0.03}
[2026-09-25 18:38:19.610] [SFX] {"sound": "civ_move_2", "volume": 0.06}
[2026-09-25 18:38:19.677] [M] {"button": 1, "pos": [348, 207], "ui_clicked": false}
[2026-09-25 18:38:19.694] [SFX] {"sound": "civ_move_1", "volume": 0.07}
[2026-09-25 18:38:19.742] [SFX] {"sound": "civ_move_2", "volume": 0.03}
[2026-09-25 18:38:19.940] [SFX] {"sound": "civ_move_2", "volume": 0.02}
[2026-09-25 18:38:20.023] [SFX] {"sound": "civ_move_2", "volume": 0.05}
[2026-09-25 18:38:20.091] [M] {"button": 1, "pos": [347, 216], "ui_clicked": false}
[2026-09-25 18:38:20.098] [P] {"start": [124, 38], "goal": [127, 42], "length": 3, "is_direction_change": false}
[2026-09-25 18:38:20.099] [SFX] {"sound": "click_target", "volume": 0.69}
[2026-09-25 18:38:20.119] [SFX] {"sound": "civ_move_1", "volume": 0.06}
[2026-09-25 18:38:20.137] [SFX] {"sound": "guardian_move", "volume": 0.05}
[2026-09-25 18:38:20.155] [SFX] {"sound": "civ_move_2", "volume": 0.02}
[2026-09-25 18:38:20.231] [SFX] {"sound": "player_move", "volume": 0.4}
[2026-09-25 18:38:20.347] [SFX] {"sound": "civ_move_2", "volume": 0.0}
[2026-09-25 18:38:20.431] [SFX] {"sound": "civ_move_2", "volume": 0.07}
[2026-09-25 18:38:20.511] [SFX] {"sound": "civ_move_1", "volume": 0.07}
[2026-09-25 18:38:20.694] [M] {"button": 1, "pos": [350, 216], "ui_clicked": false}
[2026-09-25 18:38:20.744] [SFX] {"sound": "guardian_move", "volume": 0.08}
[2026-09-25 18:38:20.845] [SFX] {"sound": "civ_move_2", "volume": 0.07}
[2026-09-25 18:38:20.927] [SFX] {"sound": "civ_move_1", "volume": 0.06}
[2026-09-25 18:38:21.245] [SFX] {"sound": "civ_move_2", "volume": 0.07}
[2026-09-25 18:38:21.327] [M] {"button": 1, "pos": [333, 222], "ui_clicked": false}
[2026-09-25 18:38:21.334] [SFX] {"sound": "civ_move_1", "volume": 0.05}
[2026-09-25 18:38:21.335] [P] {"start": [127, 42], "goal": [128, 47], "length": 8, "is_direction_change": false}
[2026-09-25 18:38:21.336] [SFX] {"sound": "click_target", "volume": 0.69}
[2026-09-25 18:38:21.374] [SFX] {"sound": "guardian_move", "volume": 0.07}
[2026-09-25 18:38:21.400] [SFX] {"sound": "player_move", "volume": 0.4}
[2026-09-25 18:38:21.648] [SFX] {"sound": "civ_move_2", "volume": 0.07}
[2026-09-25 18:38:21.715] [SFX] {"sound": "player_move", "volume": 0.4}
[2026-09-25 18:38:21.738] [SFX] {"sound": "civ_move_1", "volume": 0.07}
[2026-09-25 18:38:21.799] [SFX] {"sound": "civ_move_2", "volume": 0.01}
[2026-09-25 18:38:21.948] [SFX] {"sound": "guardian_move", "volume": 0.15}
[2026-09-25 18:38:22.016] [SFX] {"sound": "player_move", "volume": 0.4}
[2026-09-25 18:38:22.048] [SFX] {"sound": "civ_move_2", "volume": 0.11}
[2026-09-25 18:38:22.049] [SFX] {"sound": "civ_move_2", "volume": 0.01}
[2026-09-25 18:38:22.131] [SFX] {"sound": "civ_move_1", "volume": 0.1}
[2026-09-25 18:38:22.213] [SFX] {"sound": "civ_move_2", "volume": 0.03}
[2026-09-25 18:38:22.317] [SFX] {"sound": "player_move", "volume": 0.4}
[2026-09-25 18:38:22.464] [SFX] {"sound": "civ_move_2", "volume": 0.07}
[2026-09-25 18:38:22.545] [SFX] {"sound": "civ_move_1", "volume": 0.05}
[2026-09-25 18:38:22.568] [SFX] {"sound": "guardian_move", "volume": 0.14}
[2026-09-25 18:38:22.626] [SFX] {"sound": "player_move", "volume": 0.4}
[2026-09-25 18:38:22.627] [SFX] {"sound": "civ_move_2", "volume": 0.01}
[2026-09-25 18:38:22.887] [SFX] {"sound": "civ_move_2", "volume": 0.09}
[2026-09-25 18:38:22.946] [SFX] {"sound": "civ_move_1", "volume": 0.04}
[2026-09-25 18:38:23.029] [SFX] {"sound": "civ_move_2", "volume": 0.01}
[2026-09-25 18:38:23.175] [SFX] {"sound": "guardian_move", "volume": 0.14}
[2026-09-25 18:38:23.292] [SFX] {"sound": "civ_move_2", "volume": 0.09}
[2026-09-25 18:38:23.293] [SFX] {"sound": "civ_move_2", "volume": 0.01}
[2026-09-25 18:38:23.358] [SFX] {"sound": "civ_move_1", "volume": 0.03}
[2026-09-25 18:38:23.440] [SFX] {"sound": "civ_move_2", "volume": 0.0}
[2026-09-25 18:38:23.706] [SFX] {"sound": "civ_move_2", "volume": 0.09}
[2026-09-25 18:38:23.706] [SFX] {"sound": "civ_move_2", "volume": 0.02}
[2026-09-25 18:38:23.773] [SFX] {"sound": "civ_move_1", "volume": 0.03}
[2026-09-25 18:38:23.796] [SFX] {"sound": "guardian_move", "volume": 0.13}
[2026-09-25 18:38:23.855] [SFX] {"sound": "civ_move_2", "volume": 0.0}
[2026-09-25 18:38:24.119] [SFX] {"sound": "civ_move_2", "volume": 0.09}
[2026-09-25 18:38:24.120] [SFX] {"sound": "civ_move_2", "volume": 0.03}
[2026-09-25 18:38:24.184] [SFX] {"sound": "civ_move_1", "volume": 0.02}
[2026-09-25 18:38:24.269] [SFX] {"sound": "civ_move_2", "volume": 0.0}
[2026-09-25 18:38:24.401] [SFX] {"sound": "guardian_move", "volume": 0.12}
[2026-09-25 18:38:24.530] [SFX] {"sound": "civ_move_2", "volume": 0.09}
[2026-09-25 18:38:24.531] [SFX] {"sound": "civ_move_2", "volume": 0.04}
[2026-09-25 18:38:24.596] [SFX] {"sound": "civ_move_1", "volume": 0.01}
[2026-09-25 18:38:24.681] [SFX] {"sound": "civ_move_2", "volume": 0.01}
[2026-09-25 18:38:24.942] [SFX] {"sound": "civ_move_2", "volume": 0.09}
[2026-09-25 18:38:24.943] [SFX] {"sound": "civ_move_2", "volume": 0.05}
[2026-09-25 18:38:25.008] [SFX] {"sound": "guardian_move", "volume": 0.11}
[2026-09-25 18:38:25.008] [SFX] {"sound": "civ_move_1", "volume": 0.0}
[2026-09-25 18:38:25.090] [SFX] {"sound": "civ_move_2", "volume": 0.02}
[2026-09-25 18:38:25.227] [M] {"button": 1, "pos": [327, 224], "ui_clicked": false}
[2026-09-25 18:38:25.234] [P] {"start": [128, 47], "goal": [128, 52], "length": 4, "is_direction_change": false}
[2026-09-25 18:38:25.235] [SFX] {"sound": "click_target", "volume": 0.69}
[2026-09-25 18:38:25.271] [JACK] Kurzer Blick um die Ecke...
[2026-09-25 18:38:25.350] [SFX] {"sound": "civ_move_2", "volume": 0.11}
[2026-09-25 18:38:25.350] [SFX] {"sound": "civ_move_2", "volume": 0.07}
[2026-09-25 18:38:25.414] [SFX] {"sound": "civ_move_1", "volume": 0.02}
[2026-09-25 18:38:25.497] [SFX] {"sound": "civ_move_2", "volume": 0.04}
[2026-09-25 18:38:25.530] [SFX] {"sound": "player_move", "volume": 0.4}
[2026-09-25 18:38:25.613] [SFX] {"sound": "guardian_move", "volume": 0.14}
[2026-09-25 18:38:25.762] [SFX] {"sound": "civ_move_2", "volume": 0.13}
[2026-09-25 18:38:25.763] [SFX] {"sound": "civ_move_2", "volume": 0.09}
[2026-09-25 18:38:25.830] [SFX] {"sound": "civ_move_1", "volume": 0.03}
[2026-09-25 18:38:25.911] [SFX] {"sound": "civ_move_2", "volume": 0.07}
[2026-09-25 18:38:26.177] [SFX] {"sound": "civ_move_2", "volume": 0.14}
[2026-09-25 18:38:26.178] [SFX] {"sound": "civ_move_2", "volume": 0.1}
[2026-09-25 18:38:26.228] [SFX] {"sound": "guardian_move", "volume": 0.12}
[2026-09-25 18:38:26.250] [SFX] {"sound": "civ_move_1", "volume": 0.04}
[2026-09-25 18:38:26.313] [SFX] {"sound": "civ_move_2", "volume": 0.08}
[2026-09-25 18:38:26.580] [SFX] {"sound": "civ_move_2", "volume": 0.13}
[2026-09-25 18:38:26.581] [SFX] {"sound": "civ_move_2", "volume": 0.11}
[2026-09-25 18:38:26.646] [SFX] {"sound": "civ_move_1", "volume": 0.04}
[2026-09-25 18:38:26.664] [M] {"button": 1, "pos": [339, 195], "ui_clicked": false}
[2026-09-25 18:38:26.670] [SFX] {"sound": "click_target", "volume": 0.74}
[2026-09-25 18:38:26.713] [SFX] {"sound": "civ_move_2", "volume": 0.09}
[2026-09-25 18:38:26.828] [SFX] {"sound": "guardian_move", "volume": 0.13}
[2026-09-25 18:38:26.980] [SFX] {"sound": "civ_move_2", "volume": 0.13}
[2026-09-25 18:38:26.981] [SFX] {"sound": "civ_move_2", "volume": 0.12}
[2026-09-25 18:38:27.060] [SFX] {"sound": "civ_move_1", "volume": 0.04}
[2026-09-25 18:38:27.126] [SFX] {"sound": "civ_move_2", "volume": 0.09}
[2026-09-25 18:38:27.127] [SFX] {"sound": "civ_move_1", "volume": 0.0}
[2026-09-25 18:38:27.393] [SFX] {"sound": "civ_move_2", "volume": 0.13}
[2026-09-25 18:38:27.443] [SFX] {"sound": "guardian_move", "volume": 0.11}
[2026-09-25 18:38:27.465] [SFX] {"sound": "civ_move_1", "volume": 0.04}
[2026-09-25 18:38:27.476] [M] {"button": 1, "pos": [353, 216], "ui_clicked": true}
[2026-09-25 18:38:27.510] [SFX] {"sound": "infiltrate 1", "volume": 0.5}
[2026-09-25 18:38:27.534] [SFX] {"sound": "civ_move_2", "volume": 0.1}
[2026-09-25 18:38:27.535] [SFX] {"sound": "civ_move_1", "volume": 0.01}
[2026-09-25 18:38:27.594] [SFX] {"sound": "guardian_move", "volume": 0.01}
[2026-09-25 18:38:27.743] [SFX] {"sound": "civ_move_2", "volume": 0.0}
[2026-09-25 18:38:27.794] [SFX] {"sound": "civ_move_2", "volume": 0.12}
[2026-09-25 18:38:27.795] [SFX] {"sound": "civ_move_2", "volume": 0.13}
[2026-09-25 18:38:27.861] [SFX] {"sound": "civ_move_1", "volume": 0.04}
[2026-09-25 18:38:27.910] [SFX] {"sound": "infiltrate 2", "volume": 0.5}
[2026-09-25 18:38:27.934] [SFX] {"sound": "civ_move_2", "volume": 0.11}
[2026-09-25 18:38:27.935] [SFX] {"sound": "civ_move_1", "volume": 0.01}
[2026-09-25 18:38:28.045] [SFX] {"sound": "guardian_move", "volume": 0.1}
[2026-09-25 18:38:28.143] [SFX] {"sound": "civ_move_2", "volume": 0.01}
[2026-09-25 18:38:28.193] [SFX] {"sound": "guardian_move", "volume": 0.03}
[2026-09-25 18:38:28.218] [SFX] {"sound": "civ_move_2", "volume": 0.12}
[2026-09-25 18:38:28.218] [SFX] {"sound": "civ_move_2", "volume": 0.14}
[2026-09-25 18:38:28.275] [SFX] {"sound": "civ_move_1", "volume": 0.03}
[2026-09-25 18:38:28.324] [SFX] {"sound": "infiltrate 2", "volume": 0.5}
[2026-09-25 18:38:28.347] [SFX] {"sound": "civ_move_2", "volume": 0.12}
[2026-09-25 18:38:28.347] [SFX] {"sound": "civ_move_1", "volume": 0.02}
[2026-09-25 18:38:28.556] [SFX] {"sound": "civ_move_2", "volume": 0.01}
[2026-09-25 18:38:28.624] [SFX] {"sound": "civ_move_2", "volume": 0.11}
[2026-09-25 18:38:28.625] [SFX] {"sound": "civ_move_2", "volume": 0.15}
[2026-09-25 18:38:28.656] [SFX] {"sound": "guardian_move", "volume": 0.11}
[2026-09-25 18:38:28.690] [SFX] {"sound": "civ_move_1", "volume": 0.03}
[2026-09-25 18:38:28.724] [SFX] {"sound": "infiltrate 1", "volume": 0.5}
[2026-09-25 18:38:28.757] [SFX] {"sound": "civ_move_2", "volume": 0.13}
[2026-09-25 18:38:28.757] [SFX] {"sound": "civ_move_1", "volume": 0.02}
[2026-09-25 18:38:28.805] [SFX] {"sound": "guardian_move", "volume": 0.04}
[2026-09-25 18:38:28.957] [SFX] {"sound": "civ_move_2", "volume": 0.01}
[2026-09-25 18:38:29.038] [SFX] {"sound": "civ_move_2", "volume": 0.1}
[2026-09-25 18:38:29.039] [SFX] {"sound": "civ_move_2", "volume": 0.16}
[2026-09-25 18:38:29.105] [SFX] {"sound": "civ_move_1", "volume": 0.03}
[2026-09-25 18:38:29.136] [SFX] {"sound": "infiltrate 1", "volume": 0.5}
[2026-09-25 18:38:29.170] [SFX] {"sound": "civ_move_2", "volume": 0.14}
[2026-09-25 18:38:29.170] [SFX] {"sound": "civ_move_1", "volume": 0.02}
[2026-09-25 18:38:29.266] [SFX] {"sound": "guardian_move", "volume": 0.09}
[2026-09-25 18:38:29.365] [SFX] {"sound": "civ_move_2", "volume": 0.02}
[2026-09-25 18:38:29.414] [SFX] {"sound": "guardian_move", "volume": 0.03}
[2026-09-25 18:38:29.448] [SFX] {"sound": "civ_move_2", "volume": 0.17}
[2026-09-25 18:38:29.472] [SFX] {"sound": "civ_move_2", "volume": 0.11}
[2026-09-25 18:38:29.515] [SFX] {"sound": "civ_move_1", "volume": 0.03}
[2026-09-25 18:38:29.549] [SFX] {"sound": "infiltrate 1", "volume": 0.5}
[2026-09-25 18:38:29.581] [SFX] {"sound": "civ_move_2", "volume": 0.14}
[2026-09-25 18:38:29.582] [SFX] {"sound": "civ_move_1", "volume": 0.03}
[2026-09-25 18:38:29.777] [SFX] {"sound": "civ_move_2", "volume": 0.02}
[2026-09-25 18:38:29.861] [SFX] {"sound": "civ_move_2", "volume": 0.17}
[2026-09-25 18:38:29.882] [SFX] {"sound": "guardian_move", "volume": 0.08}
[2026-09-25 18:38:29.882] [SFX] {"sound": "civ_move_2", "volume": 0.11}
[2026-09-25 18:38:29.925] [SFX] {"sound": "civ_move_1", "volume": 0.03}
[2026-09-25 18:38:29.959] [SFX] {"sound": "infiltrate 2", "volume": 0.5}
[2026-09-25 18:38:29.991] [SFX] {"sound": "civ_move_2", "volume": 0.15}
[2026-09-25 18:38:29.992] [SFX] {"sound": "civ_move_1", "volume": 0.03}
[2026-09-25 18:38:30.025] [SFX] {"sound": "guardian_move", "volume": 0.02}
[2026-09-25 18:38:30.140] [SFX] {"sound": "threat_pulse", "volume": 0.38}
[2026-09-25 18:38:30.188] [SFX] {"sound": "civ_move_2", "volume": 0.03}
[2026-09-25 18:38:30.271] [SFX] {"sound": "civ_move_2", "volume": 0.18}
[2026-09-25 18:38:30.293] [SFX] {"sound": "civ_move_2", "volume": 0.12}
[2026-09-25 18:38:30.338] [SFX] {"sound": "civ_move_1", "volume": 0.02}
[2026-09-25 18:38:30.371] [SFX] {"sound": "infiltrate 2", "volume": 0.5}
[2026-09-25 18:38:30.404] [SFX] {"sound": "civ_move_2", "volume": 0.16}
[2026-09-25 18:38:30.405] [SFX] {"sound": "civ_move_1", "volume": 0.03}
[2026-09-25 18:38:30.488] [SFX] {"sound": "guardian_move", "volume": 0.07}
[2026-09-25 18:38:30.489] [SFX] {"sound": "hack_success", "volume": 1.0}
[2026-09-25 18:38:30.588] [SFX] {"sound": "civ_move_2", "volume": 0.03}
[2026-09-25 18:38:30.639] [SFX] {"sound": "guardian_move", "volume": 0.01}
[2026-09-25 18:38:30.672] [SFX] {"sound": "civ_move_2", "volume": 0.18}
[2026-09-25 18:38:30.695] [SFX] {"sound": "civ_move_2", "volume": 0.13}
[2026-09-25 18:38:30.739] [SFX] {"sound": "civ_move_1", "volume": 0.02}
[2026-09-25 18:38:30.804] [SFX] {"sound": "civ_move_2", "volume": 0.17}
[2026-09-25 18:38:30.805] [SFX] {"sound": "civ_move_1", "volume": 0.03}
[2026-09-25 18:38:31.001] [SFX] {"sound": "civ_move_2", "volume": 0.03}
[2026-09-25 18:38:31.052] [SFX] {"sound": "threat_pulse", "volume": 0.38}
[2026-09-25 18:38:31.084] [SFX] {"sound": "civ_move_2", "volume": 0.18}
[2026-09-25 18:38:31.106] [SFX] {"sound": "guardian_move", "volume": 0.06}
[2026-09-25 18:38:31.106] [SFX] {"sound": "civ_move_2", "volume": 0.13}
[2026-09-25 18:38:31.149] [SFX] {"sound": "civ_move_1", "volume": 0.01}
[2026-09-25 18:38:31.213] [SFX] {"sound": "civ_move_2", "volume": 0.17}
[2026-09-25 18:38:31.213] [SFX] {"sound": "civ_move_1", "volume": 0.03}
[2026-09-25 18:38:31.253] [JACK] Hörst du das Wummern? Sentinels in der Nähe... Bloß keinen falschen Schritt machen!
[2026-09-25 18:38:31.254] [SFX] {"sound": "guardian_move", "volume": 0.0}
[2026-09-25 18:38:31.414] [SFX] {"sound": "civ_move_2", "volume": 0.03}
[2026-09-25 18:38:31.494] [SFX] {"sound": "civ_move_2", "volume": 0.18}
[2026-09-25 18:38:31.516] [SFX] {"sound": "civ_move_2", "volume": 0.13}
[2026-09-25 18:38:31.560] [SFX] {"sound": "civ_move_1", "volume": 0.01}
[2026-09-25 18:38:31.626] [SFX] {"sound": "civ_move_2", "volume": 0.18}
[2026-09-25 18:38:31.626] [SFX] {"sound": "civ_move_1", "volume": 0.04}
[2026-09-25 18:38:31.706] [SFX] {"sound": "guardian_move", "volume": 0.04}
[2026-09-25 18:38:31.822] [SFX] {"sound": "civ_move_2", "volume": 0.03}
[2026-09-25 18:38:31.856] [SFX] {"sound": "threat_pulse", "volume": 0.34}
[2026-09-25 18:38:31.906] [SFX] {"sound": "civ_move_2", "volume": 0.23}
[2026-09-25 18:38:31.929] [SFX] {"sound": "civ_move_2", "volume": 0.14}
[2026-09-25 18:38:31.973] [SFX] {"sound": "civ_move_1", "volume": 0.01}
[2026-09-25 18:38:32.033] [SFX] {"sound": "civ_move_2", "volume": 0.18}
[2026-09-25 18:38:32.034] [SFX] {"sound": "civ_move_1", "volume": 0.04}
[2026-09-25 18:38:32.229] [SFX] {"sound": "civ_move_2", "volume": 0.04}
[2026-09-25 18:38:32.312] [SFX] {"sound": "guardian_move", "volume": 0.03}
[2026-09-25 18:38:32.312] [SFX] {"sound": "civ_move_2", "volume": 0.23}
[2026-09-25 18:38:32.335] [SFX] {"sound": "civ_move_2", "volume": 0.14}
[2026-09-25 18:38:32.377] [SFX] {"sound": "civ_move_1", "volume": 0.0}
[2026-09-25 18:38:32.443] [SFX] {"sound": "civ_move_2", "volume": 0.18}
[2026-09-25 18:38:32.444] [SFX] {"sound": "civ_move_1", "volume": 0.04}
[2026-09-25 18:38:32.641] [SFX] {"sound": "civ_move_2", "volume": 0.04}
[2026-09-25 18:38:32.725] [SFX] {"sound": "civ_move_2", "volume": 0.22}
[2026-09-25 18:38:32.746] [SFX] {"sound": "civ_move_2", "volume": 0.13}
[2026-09-25 18:38:32.854] [SFX] {"sound": "civ_move_2", "volume": 0.23}
[2026-09-25 18:38:32.855] [SFX] {"sound": "civ_move_1", "volume": 0.04}
[2026-09-25 18:38:32.919] [SFX] {"sound": "guardian_move", "volume": 0.01}
[2026-09-25 18:38:33.049] [SFX] {"sound": "civ_move_2", "volume": 0.04}
[2026-09-25 18:38:33.131] [SFX] {"sound": "civ_move_2", "volume": 0.22}
[2026-09-25 18:38:33.153] [SFX] {"sound": "civ_move_2", "volume": 0.12}
[2026-09-25 18:38:33.261] [SFX] {"sound": "civ_move_2", "volume": 0.23}
[2026-09-25 18:38:33.261] [SFX] {"sound": "civ_move_1", "volume": 0.03}
[2026-09-25 18:38:33.458] [SFX] {"sound": "civ_move_2", "volume": 0.04}
[2026-09-25 18:38:33.524] [SFX] {"sound": "guardian_move", "volume": 0.0}
[2026-09-25 18:38:33.545] [SFX] {"sound": "civ_move_2", "volume": 0.21}
[2026-09-25 18:38:33.564] [SFX] {"sound": "civ_move_2", "volume": 0.12}
[2026-09-25 18:38:33.675] [SFX] {"sound": "civ_move_2", "volume": 0.23}
[2026-09-25 18:38:33.676] [SFX] {"sound": "civ_move_1", "volume": 0.03}
[2026-09-25 18:38:33.874] [SFX] {"sound": "civ_move_2", "volume": 0.03}
[2026-09-25 18:38:33.940] [SFX] {"sound": "civ_move_2", "volume": 0.2}
[2026-09-25 18:38:33.973] [SFX] {"sound": "civ_move_2", "volume": 0.12}
[2026-09-25 18:38:34.088] [SFX] {"sound": "civ_move_2", "volume": 0.22}
[2026-09-25 18:38:34.089] [SFX] {"sound": "civ_move_1", "volume": 0.03}
[2026-09-25 18:38:34.156] [SFX] {"sound": "guardian_move", "volume": 0.01}
[2026-09-25 18:38:34.273] [SFX] {"sound": "civ_move_2", "volume": 0.03}
[2026-09-25 18:38:34.296] [SFX] {"sound": "guardian_move", "volume": 0.01}
[2026-09-25 18:38:34.355] [SFX] {"sound": "civ_move_2", "volume": 0.2}
[2026-09-25 18:38:34.389] [SFX] {"sound": "civ_move_2", "volume": 0.12}
[2026-09-25 18:38:34.504] [SFX] {"sound": "civ_move_2", "volume": 0.21}
[2026-09-25 18:38:34.504] [SFX] {"sound": "civ_move_1", "volume": 0.03}
[2026-09-25 18:38:34.536] [M] {"button": 1, "pos": [246, 80], "ui_clicked": false}
[2026-09-25 18:38:34.682] [SFX] {"sound": "civ_move_2", "volume": 0.03}
[2026-09-25 18:38:34.766] [SFX] {"sound": "guardian_move", "volume": 0.02}
[2026-09-25 18:38:34.767] [SFX] {"sound": "civ_move_2", "volume": 0.21}
[2026-09-25 18:38:34.799] [SFX] {"sound": "civ_move_2", "volume": 0.12}
[2026-09-25 18:38:34.898] [SFX] {"sound": "guardian_move", "volume": 0.02}
[2026-09-25 18:38:34.922] [SFX] {"sound": "civ_move_1", "volume": 0.02}
[2026-09-25 18:38:34.939] [SFX] {"sound": "civ_move_2", "volume": 0.21}
[2026-09-25 18:38:35.084] [SFX] {"sound": "civ_move_2", "volume": 0.03}
[2026-09-25 18:38:35.166] [SFX] {"sound": "civ_move_2", "volume": 0.22}
[2026-09-25 18:38:35.201] [SFX] {"sound": "civ_move_2", "volume": 0.12}
[2026-09-25 18:38:35.233] [SFX] {"sound": "civ_move_1", "volume": 0.0}
[2026-09-25 18:38:35.283] [M] {"button": 1, "pos": [255, 89], "ui_clicked": false}
[2026-09-25 18:38:35.316] [SFX] {"sound": "civ_move_1", "volume": 0.01}
[2026-09-25 18:38:35.339] [SFX] {"sound": "civ_move_2", "volume": 0.2}
[2026-09-25 18:38:35.368] [SFX] {"sound": "guardian_move", "volume": 0.04}
[2026-09-25 18:38:35.484] [SFX] {"sound": "civ_move_2", "volume": 0.03}
[2026-09-25 18:38:35.506] [SFX] {"sound": "guardian_move", "volume": 0.02}
[2026-09-25 18:38:35.565] [SFX] {"sound": "civ_move_2", "volume": 0.22}
[2026-09-25 18:38:35.599] [SFX] {"sound": "civ_move_2", "volume": 0.11}
[2026-09-25 18:38:35.633] [SFX] {"sound": "civ_move_1", "volume": 0.01}
[2026-09-25 18:38:35.732] [SFX] {"sound": "civ_move_1", "volume": 0.0}
[2026-09-25 18:38:35.756] [SFX] {"sound": "civ_move_2", "volume": 0.19}
[2026-09-25 18:38:35.895] [SFX] {"sound": "civ_move_2", "volume": 0.02}
[2026-09-25 18:38:35.976] [SFX] {"sound": "guardian_move", "volume": 0.05}
[2026-09-25 18:38:35.977] [SFX] {"sound": "civ_move_2", "volume": 0.22}
[2026-09-25 18:38:36.010] [SFX] {"sound": "civ_move_2", "volume": 0.1}
[2026-09-25 18:38:36.043] [SFX] {"sound": "civ_move_1", "volume": 0.01}
[2026-09-25 18:38:36.108] [SFX] {"sound": "guardian_move", "volume": 0.03}
[2026-09-25 18:38:36.159] [SFX] {"sound": "civ_move_2", "volume": 0.18}
[2026-09-25 18:38:36.306] [SFX] {"sound": "civ_move_2", "volume": 0.02}
[2026-09-25 18:38:36.389] [SFX] {"sound": "civ_move_2", "volume": 0.22}
[2026-09-25 18:38:36.422] [SFX] {"sound": "civ_move_2", "volume": 0.11}
[2026-09-25 18:38:36.455] [SFX] {"sound": "civ_move_1", "volume": 0.01}
[2026-09-25 18:38:36.571] [SFX] {"sound": "civ_move_2", "volume": 0.17}
[2026-09-25 18:38:36.594] [SFX] {"sound": "guardian_move", "volume": 0.06}
[2026-09-25 18:38:36.720] [SFX] {"sound": "guardian_move", "volume": 0.04}
[2026-09-25 18:38:36.721] [SFX] {"sound": "civ_move_2", "volume": 0.02}
[2026-09-25 18:38:36.803] [SFX] {"sound": "civ_move_2", "volume": 0.22}
[2026-09-25 18:38:36.835] [SFX] {"sound": "civ_move_2", "volume": 0.12}
[2026-09-25 18:38:36.868] [SFX] {"sound": "civ_move_1", "volume": 0.02}
[2026-09-25 18:38:36.984] [SFX] {"sound": "civ_move_2", "volume": 0.16}
[2026-09-25 18:38:37.131] [SFX] {"sound": "civ_move_2", "volume": 0.01}
[2026-09-25 18:38:37.197] [SFX] {"sound": "guardian_move", "volume": 0.08}
[2026-09-25 18:38:37.220] [SFX] {"sound": "civ_move_2", "volume": 0.22}
[2026-09-25 18:38:37.245] [SFX] {"sound": "civ_move_2", "volume": 0.13}
[2026-09-25 18:38:37.278] [SFX] {"sound": "civ_move_1", "volume": 0.02}
[2026-09-25 18:38:37.295] [M] {"button": 1, "pos": [219, 294], "ui_clicked": true}
[2026-09-25 18:38:37.359] [SFX] {"sound": "guardian_move", "volume": 0.04}
[2026-09-25 18:38:37.396] [SFX] {"sound": "civ_move_2", "volume": 0.15}
[2026-09-25 18:38:37.543] [SFX] {"sound": "civ_move_2", "volume": 0.01}
[2026-09-25 18:38:37.626] [SFX] {"sound": "civ_move_2", "volume": 0.22}
[2026-09-25 18:38:37.658] [SFX] {"sound": "civ_move_2", "volume": 0.12}
[2026-09-25 18:38:37.692] [SFX] {"sound": "civ_move_1", "volume": 0.03}
[2026-09-25 18:38:37.808] [SFX] {"sound": "guardian_move", "volume": 0.09}
[2026-09-25 18:38:37.808] [SFX] {"sound": "civ_move_2", "volume": 0.13}
[2026-09-25 18:38:37.924] [SFX] {"sound": "civ_move_1", "volume": 0.0}
[2026-09-25 18:38:37.958] [SFX] {"sound": "civ_move_2", "volume": 0.0}
[2026-09-25 18:38:37.980] [SFX] {"sound": "guardian_move", "volume": 0.05}
[2026-09-25 18:38:38.040] [SFX] {"sound": "civ_move_2", "volume": 0.23}
[2026-09-25 18:38:38.073] [SFX] {"sound": "civ_move_2", "volume": 0.12}
[2026-09-25 18:38:38.105] [SFX] {"sound": "civ_move_1", "volume": 0.03}
[2026-09-25 18:38:38.219] [SFX] {"sound": "civ_move_2", "volume": 0.12}
[2026-09-25 18:38:38.335] [SFX] {"sound": "civ_move_1", "volume": 0.01}
[2026-09-25 18:38:38.419] [SFX] {"sound": "guardian_move", "volume": 0.1}
[2026-09-25 18:38:38.452] [SFX] {"sound": "civ_move_2", "volume": 0.22}
[2026-09-25 18:38:38.485] [SFX] {"sound": "civ_move_2", "volume": 0.13}
[2026-09-25 18:38:38.519] [SFX] {"sound": "civ_move_1", "volume": 0.03}
[2026-09-25 18:38:38.587] [SFX] {"sound": "guardian_move", "volume": 0.05}
[2026-09-25 18:38:38.621] [SFX] {"sound": "civ_move_2", "volume": 0.11}
[2026-09-25 18:38:38.736] [SFX] {"sound": "civ_move_1", "volume": 0.02}
[2026-09-25 18:38:38.851] [SFX] {"sound": "civ_move_2", "volume": 0.23}
[2026-09-25 18:38:38.886] [SFX] {"sound": "civ_move_2", "volume": 0.13}
[2026-09-25 18:38:38.934] [SFX] {"sound": "civ_move_1", "volume": 0.03}
[2026-09-25 18:38:39.033] [SFX] {"sound": "guardian_move", "volume": 0.1}
[2026-09-25 18:38:39.034] [SFX] {"sound": "civ_move_2", "volume": 0.1}
[2026-09-25 18:38:39.148] [SFX] {"sound": "civ_move_1", "volume": 0.03}
[2026-09-25 18:38:39.171] [SFX] {"sound": "civ_move_2", "volume": 0.0}
[2026-09-25 18:38:39.199] [SFX] {"sound": "guardian_move", "volume": 0.05}
[2026-09-25 18:38:39.265] [SFX] {"sound": "civ_move_2", "volume": 0.24}
[2026-09-25 18:38:39.298] [SFX] {"sound": "civ_move_2", "volume": 0.14}
[2026-09-25 18:38:39.348] [SFX] {"sound": "civ_move_1", "volume": 0.03}
[2026-09-25 18:38:39.448] [SFX] {"sound": "civ_move_2", "volume": 0.09}
[2026-09-25 18:38:39.548] [SFX] {"sound": "civ_move_1", "volume": 0.03}
[2026-09-25 18:38:39.580] [SFX] {"sound": "civ_move_2", "volume": 0.01}
[2026-09-25 18:38:39.647] [SFX] {"sound": "guardian_move", "volume": 0.11}
[2026-09-25 18:38:39.680] [SFX] {"sound": "civ_move_2", "volume": 0.24}
[2026-09-25 18:38:39.714] [SFX] {"sound": "civ_move_2", "volume": 0.15}
[2026-09-25 18:38:39.763] [SFX] {"sound": "civ_move_1", "volume": 0.04}
[2026-09-25 18:38:39.814] [SFX] {"sound": "guardian_move", "volume": 0.05}
[2026-09-25 18:38:39.864] [SFX] {"sound": "civ_move_2", "volume": 0.08}
[2026-09-25 18:38:39.961] [SFX] {"sound": "civ_move_1", "volume": 0.02}
[2026-09-25 18:38:39.994] [SFX] {"sound": "civ_move_2", "volume": 0.01}
[2026-09-25 18:38:40.093] [SFX] {"sound": "civ_move_2", "volume": 0.25}
[2026-09-25 18:38:40.126] [SFX] {"sound": "civ_move_2", "volume": 0.16}
[2026-09-25 18:38:40.177] [SFX] {"sound": "civ_move_1", "volume": 0.04}
[2026-09-25 18:38:40.260] [SFX] {"sound": "guardian_move", "volume": 0.12}
[2026-09-25 18:38:40.284] [SFX] {"sound": "civ_move_2", "volume": 0.07}
[2026-09-25 18:38:40.374] [SFX] {"sound": "civ_move_1", "volume": 0.02}
[2026-09-25 18:38:40.375] [SFX] {"sound": "civ_move_2", "volume": 0.01}
[2026-09-25 18:38:40.424] [SFX] {"sound": "guardian_move", "volume": 0.04}
[2026-09-25 18:38:40.506] [SFX] {"sound": "civ_move_2", "volume": 0.26}
[2026-09-25 18:38:40.538] [SFX] {"sound": "civ_move_2", "volume": 0.16}
[2026-09-25 18:38:40.588] [SFX] {"sound": "civ_move_1", "volume": 0.04}
[2026-09-25 18:38:40.688] [SFX] {"sound": "civ_move_2", "volume": 0.05}
[2026-09-25 18:38:40.786] [SFX] {"sound": "civ_move_1", "volume": 0.01}
[2026-09-25 18:38:40.787] [SFX] {"sound": "civ_move_2", "volume": 0.01}
[2026-09-25 18:38:40.819] [SFX] {"sound": "civ_move_2", "volume": 0.02}
[2026-09-25 18:38:40.869] [SFX] {"sound": "guardian_move", "volume": 0.13}
[2026-09-25 18:38:40.920] [SFX] {"sound": "civ_move_2", "volume": 0.25}
[2026-09-25 18:38:40.953] [SFX] {"sound": "civ_move_2", "volume": 0.17}
[2026-09-25 18:38:41.001] [SFX] {"sound": "civ_move_1", "volume": 0.04}
[2026-09-25 18:38:41.034] [SFX] {"sound": "guardian_move", "volume": 0.04}
[2026-09-25 18:38:41.100] [SFX] {"sound": "civ_move_2", "volume": 0.04}
[2026-09-25 18:38:41.199] [SFX] {"sound": "civ_move_1", "volume": 0.01}
[2026-09-25 18:38:41.200] [SFX] {"sound": "civ_move_2", "volume": 0.02}
[2026-09-25 18:38:41.333] [SFX] {"sound": "civ_move_2", "volume": 0.25}
[2026-09-25 18:38:41.366] [SFX] {"sound": "civ_move_2", "volume": 0.18}
[2026-09-25 18:38:41.416] [SFX] {"sound": "civ_move_1", "volume": 0.03}
[2026-09-25 18:38:41.482] [SFX] {"sound": "guardian_move", "volume": 0.13}
[2026-09-25 18:38:41.516] [SFX] {"sound": "civ_move_2", "volume": 0.04}
[2026-09-25 18:38:41.600] [SFX] {"sound": "civ_move_1", "volume": 0.01}
[2026-09-25 18:38:41.600] [SFX] {"sound": "civ_move_2", "volume": 0.03}
[2026-09-25 18:38:41.634] [SFX] {"sound": "guardian_move", "volume": 0.04}
[2026-09-25 18:38:41.635] [SFX] {"sound": "guardian_move", "volume": 0.01}
[2026-09-25 18:38:41.635] [SFX] {"sound": "civ_move_2", "volume": 0.03}
[2026-09-25 18:38:41.732] [SFX] {"sound": "civ_move_2", "volume": 0.25}
[2026-09-25 18:38:41.782] [SFX] {"sound": "civ_move_2", "volume": 0.18}
[2026-09-25 18:38:41.830] [SFX] {"sound": "civ_move_1", "volume": 0.03}
[2026-09-25 18:38:41.928] [SFX] {"sound": "civ_move_2", "volume": 0.04}
[2026-09-25 18:38:42.012] [SFX] {"sound": "civ_move_1", "volume": 0.0}
[2026-09-25 18:38:42.014] [SFX] {"sound": "civ_move_2", "volume": 0.03}
[2026-09-25 18:38:42.095] [SFX] {"sound": "guardian_move", "volume": 0.14}
[2026-09-25 18:38:42.145] [SFX] {"sound": "civ_move_2", "volume": 0.23}
[2026-09-25 18:38:42.193] [SFX] {"sound": "civ_move_2", "volume": 0.18}
[2026-09-25 18:38:42.241] [SFX] {"sound": "guardian_move", "volume": 0.03}
[2026-09-25 18:38:42.242] [SFX] {"sound": "guardian_move", "volume": 0.02}
[2026-09-25 18:38:42.243] [SFX] {"sound": "civ_move_1", "volume": 0.03}
[2026-09-25 18:38:42.339] [SFX] {"sound": "civ_move_2", "volume": 0.04}
[2026-09-25 18:38:42.421] [SFX] {"sound": "civ_move_2", "volume": 0.03}
[2026-09-25 18:38:42.456] [SFX] {"sound": "civ_move_2", "volume": 0.01}
[2026-09-25 18:38:42.457] [SFX] {"sound": "civ_move_2", "volume": 0.03}
[2026-09-25 18:38:42.556] [SFX] {"sound": "civ_move_2", "volume": 0.19}
[2026-09-25 18:38:42.604] [SFX] {"sound": "civ_move_2", "volume": 0.18}
[2026-09-25 18:38:42.654] [SFX] {"sound": "civ_move_1", "volume": 0.03}
[2026-09-25 18:38:42.702] [SFX] {"sound": "guardian_move", "volume": 0.16}
[2026-09-25 18:38:42.752] [SFX] {"sound": "civ_move_2", "volume": 0.04}
[2026-09-25 18:38:42.835] [SFX] {"sound": "civ_move_2", "volume": 0.03}
[2026-09-25 18:38:42.872] [SFX] {"sound": "guardian_move", "volume": 0.02}
[2026-09-25 18:38:42.888] [SFX] {"sound": "civ_move_2", "volume": 0.02}
[2026-09-25 18:38:42.889] [SFX] {"sound": "civ_move_2", "volume": 0.03}
[2026-09-25 18:38:42.966] [SFX] {"sound": "civ_move_2", "volume": 0.18}
[2026-09-25 18:38:43.015] [SFX] {"sound": "civ_move_2", "volume": 0.23}
[2026-09-25 18:38:43.065] [SFX] {"sound": "civ_move_1", "volume": 0.04}
[2026-09-25 18:38:43.165] [SFX] {"sound": "civ_move_2", "volume": 0.04}
[2026-09-25 18:38:43.296] [SFX] {"sound": "civ_move_2", "volume": 0.03}
[2026-09-25 18:38:43.317] [SFX] {"sound": "guardian_move", "volume": 0.17}
[2026-09-25 18:38:43.378] [SFX] {"sound": "civ_move_2", "volume": 0.18}
[2026-09-25 18:38:43.430] [SFX] {"sound": "civ_move_2", "volume": 0.23}
[2026-09-25 18:38:43.463] [SFX] {"sound": "guardian_move", "volume": 0.01}
[2026-09-25 18:38:43.464] [SFX] {"sound": "guardian_move", "volume": 0.03}
[2026-09-25 18:38:43.484] [SFX] {"sound": "civ_move_1", "volume": 0.04}
[2026-09-25 18:38:43.579] [SFX] {"sound": "civ_move_2", "volume": 0.04}
[2026-09-25 18:38:43.797] [SFX] {"sound": "civ_move_2", "volume": 0.18}
[2026-09-25 18:38:43.831] [SFX] {"sound": "civ_move_2", "volume": 0.22}
[2026-09-25 18:38:43.880] [SFX] {"sound": "civ_move_1", "volume": 0.05}
[2026-09-25 18:38:43.913] [SFX] {"sound": "guardian_move", "volume": 0.18}
[2026-09-25 18:38:43.979] [SFX] {"sound": "civ_move_2", "volume": 0.04}
[2026-09-25 18:38:44.077] [SFX] {"sound": "guardian_move", "volume": 0.02}
[2026-09-25 18:38:44.078] [SFX] {"sound": "guardian_move", "volume": 0.01}
[2026-09-25 18:38:44.079] [SFX] {"sound": "guardian_move", "volume": 0.04}
[2026-09-25 18:38:44.110] [SFX] {"sound": "civ_move_2", "volume": 0.05}
[2026-09-25 18:38:44.110] [SFX] {"sound": "civ_move_2", "volume": 0.04}
[2026-09-25 18:38:44.210] [SFX] {"sound": "civ_move_2", "volume": 0.19}
[2026-09-25 18:38:44.242] [SFX] {"sound": "civ_move_2", "volume": 0.22}
[2026-09-25 18:38:44.291] [SFX] {"sound": "civ_move_1", "volume": 0.06}
[2026-09-25 18:38:44.391] [SFX] {"sound": "civ_move_2", "volume": 0.04}
[2026-09-25 18:38:44.523] [SFX] {"sound": "guardian_move", "volume": 0.18}
[2026-09-25 18:38:44.524] [SFX] {"sound": "civ_move_2", "volume": 0.06}
[2026-09-25 18:38:44.525] [SFX] {"sound": "civ_move_2", "volume": 0.04}
[2026-09-25 18:38:44.624] [SFX] {"sound": "civ_move_2", "volume": 0.19}
[2026-09-25 18:38:44.656] [SFX] {"sound": "civ_move_2", "volume": 0.21}
[2026-09-25 18:38:44.689] [SFX] {"sound": "guardian_move", "volume": 0.02}
[2026-09-25 18:38:44.689] [SFX] {"sound": "guardian_move", "volume": 0.04}
[2026-09-25 18:38:44.711] [SFX] {"sound": "civ_move_1", "volume": 0.07}
[2026-09-25 18:38:44.804] [SFX] {"sound": "civ_move_2", "volume": 0.04}
[2026-09-25 18:38:44.885] [SFX] {"sound": "civ_move_2", "volume": 0.03}
[2026-09-25 18:38:44.935] [SFX] {"sound": "civ_move_2", "volume": 0.07}
[2026-09-25 18:38:44.936] [SFX] {"sound": "civ_move_2", "volume": 0.04}
[2026-09-25 18:38:45.035] [SFX] {"sound": "civ_move_2", "volume": 0.24}
[2026-09-25 18:38:45.069] [SFX] {"sound": "civ_move_2", "volume": 0.2}
[2026-09-25 18:38:45.119] [SFX] {"sound": "civ_move_1", "volume": 0.08}
[2026-09-25 18:38:45.142] [SFX] {"sound": "guardian_move", "volume": 0.18}
[2026-09-25 18:38:45.204] [SFX] {"sound": "civ_move_2", "volume": 0.04}
[2026-09-25 18:38:45.287] [SFX] {"sound": "civ_move_2", "volume": 0.03}
[2026-09-25 18:38:45.310] [SFX] {"sound": "guardian_move", "volume": 0.03}
[2026-09-25 18:38:45.311] [SFX] {"sound": "guardian_move", "volume": 0.05}
[2026-09-25 18:38:45.338] [SFX] {"sound": "civ_move_2", "volume": 0.08}
[2026-09-25 18:38:45.339] [SFX] {"sound": "civ_move_2", "volume": 0.03}
[2026-09-25 18:38:45.439] [SFX] {"sound": "civ_move_2", "volume": 0.25}
[2026-09-25 18:38:45.472] [SFX] {"sound": "civ_move_2", "volume": 0.2}
[2026-09-25 18:38:45.522] [SFX] {"sound": "civ_move_1", "volume": 0.09}
[2026-09-25 18:38:45.618] [SFX] {"sound": "civ_move_2", "volume": 0.04}
[2026-09-25 18:38:45.702] [SFX] {"sound": "civ_move_2", "volume": 0.03}
[2026-09-25 18:38:45.751] [SFX] {"sound": "guardian_move", "volume": 0.16}
[2026-09-25 18:38:45.752] [SFX] {"sound": "civ_move_2", "volume": 0.09}
[2026-09-25 18:38:45.752] [SFX] {"sound": "civ_move_2", "volume": 0.03}
[2026-09-25 18:38:45.848] [SFX] {"sound": "civ_move_2", "volume": 0.25}
[2026-09-25 18:38:45.885] [SFX] {"sound": "civ_move_2", "volume": 0.21}
[2026-09-25 18:38:45.919] [SFX] {"sound": "guardian_move", "volume": 0.04}
[2026-09-25 18:38:45.919] [SFX] {"sound": "guardian_move", "volume": 0.05}
[2026-09-25 18:38:45.942] [SFX] {"sound": "civ_move_1", "volume": 0.1}
[2026-09-25 18:38:46.019] [SFX] {"sound": "civ_move_2", "volume": 0.04}
[2026-09-25 18:38:46.101] [SFX] {"sound": "civ_move_2", "volume": 0.03}
[2026-09-25 18:38:46.153] [SFX] {"sound": "civ_move_2", "volume": 0.1}
[2026-09-25 18:38:46.154] [SFX] {"sound": "civ_move_2", "volume": 0.03}
[2026-09-25 18:38:46.252] [SFX] {"sound": "civ_move_2", "volume": 0.26}
[2026-09-25 18:38:46.301] [SFX] {"sound": "civ_move_2", "volume": 0.22}
[2026-09-25 18:38:46.352] [SFX] {"sound": "guardian_move", "volume": 0.16}
[2026-09-25 18:38:46.352] [SFX] {"sound": "civ_move_1", "volume": 0.11}
[2026-09-25 18:38:46.433] [SFX] {"sound": "civ_move_2", "volume": 0.03}
[2026-09-25 18:38:46.531] [SFX] {"sound": "guardian_move", "volume": 0.02}
[2026-09-25 18:38:46.532] [SFX] {"sound": "guardian_move", "volume": 0.05}
[2026-09-25 18:38:46.565] [SFX] {"sound": "civ_move_2", "volume": 0.11}
[2026-09-25 18:38:46.565] [SFX] {"sound": "civ_move_2", "volume": 0.03}
[2026-09-25 18:38:46.666] [SFX] {"sound": "civ_move_2", "volume": 0.25}
[2026-09-25 18:38:46.715] [SFX] {"sound": "civ_move_2", "volume": 0.22}
[2026-09-25 18:38:46.764] [SFX] {"sound": "civ_move_1", "volume": 0.12}
[2026-09-25 18:38:46.846] [SFX] {"sound": "civ_move_2", "volume": 0.03}
[2026-09-25 18:38:46.928] [SFX] {"sound": "civ_move_2", "volume": 0.02}
[2026-09-25 18:38:46.962] [SFX] {"sound": "guardian_move", "volume": 0.16}
[2026-09-25 18:38:46.984] [SFX] {"sound": "civ_move_2", "volume": 0.13}
[2026-09-25 18:38:46.985] [SFX] {"sound": "civ_move_2", "volume": 0.03}
[2026-09-25 18:38:47.080] [SFX] {"sound": "civ_move_2", "volume": 0.25}
[2026-09-25 18:38:47.131] [SFX] {"sound": "civ_move_2", "volume": 0.22}
[2026-09-25 18:38:47.152] [SFX] {"sound": "guardian_move", "volume": 0.0}
[2026-09-25 18:38:47.153] [SFX] {"sound": "guardian_move", "volume": 0.05}
[2026-09-25 18:38:47.179] [SFX] {"sound": "civ_move_1", "volume": 0.13}
[2026-09-25 18:38:47.248] [SFX] {"sound": "civ_move_2", "volume": 0.02}
[2026-09-25 18:38:47.379] [SFX] {"sound": "civ_move_2", "volume": 0.13}
[2026-09-25 18:38:47.379] [SFX] {"sound": "civ_move_2", "volume": 0.04}
[2026-09-25 18:38:47.491] [SFX] {"sound": "civ_move_2", "volume": 0.24}
[2026-09-25 18:38:47.540] [SFX] {"sound": "civ_move_2", "volume": 0.22}
[2026-09-25 18:38:47.573] [SFX] {"sound": "guardian_move", "volume": 0.16}
[2026-09-25 18:38:47.594] [SFX] {"sound": "civ_move_1", "volume": 0.14}
[2026-09-25 18:38:47.673] [SFX] {"sound": "civ_move_2", "volume": 0.02}
[2026-09-25 18:38:47.738] [SFX] {"sound": "civ_move_2", "volume": 0.01}
[2026-09-25 18:38:47.759] [SFX] {"sound": "guardian_move", "volume": 0.05}
[2026-09-25 18:38:47.788] [SFX] {"sound": "civ_move_2", "volume": 0.14}
[2026-09-25 18:38:47.789] [SFX] {"sound": "civ_move_2", "volume": 0.05}
[2026-09-25 18:38:47.901] [SFX] {"sound": "civ_move_2", "volume": 0.23}
[2026-09-25 18:38:47.951] [SFX] {"sound": "civ_move_2", "volume": 0.22}
[2026-09-25 18:38:48.000] [SFX] {"sound": "civ_move_1", "volume": 0.14}
[2026-09-25 18:38:48.083] [SFX] {"sound": "civ_move_2", "volume": 0.02}
[2026-09-25 18:38:48.150] [SFX] {"sound": "civ_move_2", "volume": 0.01}
[2026-09-25 18:38:48.183] [SFX] {"sound": "guardian_move", "volume": 0.15}
[2026-09-25 18:38:48.205] [SFX] {"sound": "civ_move_2", "volume": 0.15}
[2026-09-25 18:38:48.206] [SFX] {"sound": "civ_move_2", "volume": 0.06}
[2026-09-25 18:38:48.316] [SFX] {"sound": "civ_move_2", "volume": 0.22}
[2026-09-25 18:38:48.365] [SFX] {"sound": "guardian_move", "volume": 0.04}
[2026-09-25 18:38:48.366] [SFX] {"sound": "civ_move_2", "volume": 0.22}
[2026-09-25 18:38:48.415] [SFX] {"sound": "civ_move_1", "volume": 0.15}
[2026-09-25 18:38:48.498] [SFX] {"sound": "civ_move_2", "volume": 0.03}
[2026-09-25 18:38:48.566] [SFX] {"sound": "civ_move_2", "volume": 0.01}
[2026-09-25 18:38:48.614] [SFX] {"sound": "civ_move_2", "volume": 0.16}
[2026-09-25 18:38:48.615] [SFX] {"sound": "civ_move_2", "volume": 0.07}
[2026-09-25 18:38:48.730] [SFX] {"sound": "civ_move_2", "volume": 0.23}
[2026-09-25 18:38:48.778] [SFX] {"sound": "civ_move_2", "volume": 0.22}
[2026-09-25 18:38:48.800] [SFX] {"sound": "guardian_move", "volume": 0.14}
[2026-09-25 18:38:48.826] [SFX] {"sound": "civ_move_1", "volume": 0.16}
[2026-09-25 18:38:48.908] [SFX] {"sound": "civ_move_2", "volume": 0.03}
[2026-09-25 18:38:48.973] [SFX] {"sound": "guardian_move", "volume": 0.04}
[2026-09-25 18:38:48.973] [SFX] {"sound": "civ_move_2", "volume": 0.0}
[2026-09-25 18:38:49.023] [SFX] {"sound": "civ_move_2", "volume": 0.17}
[2026-09-25 18:38:49.023] [SFX] {"sound": "civ_move_2", "volume": 0.08}
[2026-09-25 18:38:49.137] [SFX] {"sound": "civ_move_2", "volume": 0.22}
[2026-09-25 18:38:49.187] [SFX] {"sound": "civ_move_2", "volume": 0.21}
[2026-09-25 18:38:49.238] [SFX] {"sound": "civ_move_1", "volume": 0.17}
[2026-09-25 18:38:49.319] [SFX] {"sound": "civ_move_2", "volume": 0.04}
[2026-09-25 18:38:49.403] [SFX] {"sound": "guardian_move", "volume": 0.16}
[2026-09-25 18:38:49.435] [SFX] {"sound": "civ_move_2", "volume": 0.01}
[2026-09-25 18:38:49.436] [SFX] {"sound": "civ_move_2", "volume": 0.18}
[2026-09-25 18:38:49.437] [SFX] {"sound": "civ_move_2", "volume": 0.09}
[2026-09-25 18:38:49.550] [SFX] {"sound": "civ_move_2", "volume": 0.22}
[2026-09-25 18:38:49.583] [SFX] {"sound": "guardian_move", "volume": 0.06}
[2026-09-25 18:38:49.605] [SFX] {"sound": "civ_move_2", "volume": 0.2}
[2026-09-25 18:38:49.631] [M] {"button": 1, "pos": [253, 210], "ui_clicked": true}
[2026-09-25 18:38:49.659] [JACK] Deck-Einstellungen werden angepasst...
[2026-09-25 18:38:49.675] [SFX] {"sound": "civ_move_1", "volume": 0.17}
[2026-09-25 18:38:49.721] [SFX] {"sound": "civ_move_2", "volume": 0.04}
[2026-09-25 18:38:49.835] [SFX] {"sound": "civ_move_2", "volume": 0.02}
[2026-09-25 18:38:49.836] [SFX] {"sound": "civ_move_2", "volume": 0.19}
[2026-09-25 18:38:49.837] [SFX] {"sound": "civ_move_2", "volume": 0.1}
[2026-09-25 18:38:49.950] [SFX] {"sound": "civ_move_2", "volume": 0.22}
[2026-09-25 18:38:50.002] [SFX] {"sound": "civ_move_2", "volume": 0.19}
[2026-09-25 18:38:50.025] [SFX] {"sound": "guardian_move", "volume": 0.17}
[2026-09-25 18:38:50.085] [SFX] {"sound": "civ_move_1", "volume": 0.18}
[2026-09-25 18:38:50.119] [SFX] {"sound": "civ_move_2", "volume": 0.04}
[2026-09-25 18:38:50.185] [SFX] {"sound": "guardian_move", "volume": 0.08}
[2026-09-25 18:38:50.250] [SFX] {"sound": "civ_move_2", "volume": 0.04}
[2026-09-25 18:38:50.251] [SFX] {"sound": "civ_move_2", "volume": 0.2}
[2026-09-25 18:38:50.252] [SFX] {"sound": "civ_move_2", "volume": 0.11}
[2026-09-25 18:38:50.350] [SFX] {"sound": "civ_move_2", "volume": 0.22}
[2026-09-25 18:38:50.416] [SFX] {"sound": "civ_move_2", "volume": 0.18}
[2026-09-25 18:38:50.501] [SFX] {"sound": "civ_move_1", "volume": 0.18}
[2026-09-25 18:38:50.535] [SFX] {"sound": "civ_move_2", "volume": 0.04}
[2026-09-25 18:38:50.634] [SFX] {"sound": "guardian_move", "volume": 0.16}
[2026-09-25 18:38:50.667] [SFX] {"sound": "civ_move_2", "volume": 0.05}
[2026-09-25 18:38:50.667] [SFX] {"sound": "civ_move_2", "volume": 0.21}
[2026-09-25 18:38:50.668] [SFX] {"sound": "civ_move_2", "volume": 0.12}
[2026-09-25 18:38:50.751] [SFX] {"sound": "civ_move_2", "volume": 0.22}
[2026-09-25 18:38:50.785] [SFX] {"sound": "guardian_move", "volume": 0.1}
[2026-09-25 18:38:50.818] [SFX] {"sound": "civ_move_2", "volume": 0.18}
[2026-09-25 18:38:50.902] [SFX] {"sound": "civ_move_1", "volume": 0.18}
[2026-09-25 18:38:50.936] [SFX] {"sound": "civ_move_2", "volume": 0.04}
[2026-09-25 18:38:51.068] [SFX] {"sound": "civ_move_2", "volume": 0.06}
[2026-09-25 18:38:51.069] [SFX] {"sound": "civ_move_2", "volume": 0.21}
[2026-09-25 18:38:51.071] [SFX] {"sound": "civ_move_2", "volume": 0.13}
[2026-09-25 18:38:51.153] [SFX] {"sound": "civ_move_2", "volume": 0.22}
[2026-09-25 18:38:51.223] [SFX] {"sound": "civ_move_2", "volume": 0.17}
[2026-09-25 18:38:51.247] [SFX] {"sound": "guardian_move", "volume": 0.15}
[2026-09-25 18:38:51.305] [SFX] {"sound": "civ_move_1", "volume": 0.23}
[2026-09-25 18:38:51.339] [SFX] {"sound": "civ_move_2", "volume": 0.04}
[2026-09-25 18:38:51.389] [SFX] {"sound": "guardian_move", "volume": 0.12}
[2026-09-25 18:38:51.473] [SFX] {"sound": "civ_move_2", "volume": 0.07}
[2026-09-25 18:38:51.474] [SFX] {"sound": "civ_move_2", "volume": 0.22}
[2026-09-25 18:38:51.474] [SFX] {"sound": "civ_move_2", "volume": 0.13}
[2026-09-25 18:38:51.521] [M] {"button": 1, "pos": [376, 335], "ui_clicked": true}
[2026-09-25 18:38:51.558] [SFX] {"sound": "civ_move_2", "volume": 0.22}
[2026-09-25 18:38:51.623] [SFX] {"sound": "civ_move_2", "volume": 0.16}
[2026-09-25 18:38:51.707] [SFX] {"sound": "civ_move_1", "volume": 0.23}
[2026-09-25 18:38:51.740] [SFX] {"sound": "civ_move_2", "volume": 0.04}
[2026-09-25 18:38:51.840] [SFX] {"sound": "guardian_move", "volume": 0.13}
[2026-09-25 18:38:51.873] [SFX] {"sound": "civ_move_2", "volume": 0.08}
[2026-09-25 18:38:51.874] [SFX] {"sound": "civ_move_2", "volume": 0.22}
[2026-09-25 18:38:51.875] [SFX] {"sound": "civ_move_2", "volume": 0.14}
[2026-09-25 18:38:51.971] [SFX] {"sound": "civ_move_2", "volume": 0.21}
[2026-09-25 18:38:51.994] [SFX] {"sound": "guardian_move", "volume": 0.13}
[2026-09-25 18:38:52.039] [SFX] {"sound": "civ_move_2", "volume": 0.14}
[2026-09-25 18:38:52.107] [SFX] {"sound": "civ_move_1", "volume": 0.23}
[2026-09-25 18:38:52.141] [SFX] {"sound": "civ_move_2", "volume": 0.04}
[2026-09-25 18:38:52.288] [SFX] {"sound": "civ_move_2", "volume": 0.09}
[2026-09-25 18:38:52.289] [SFX] {"sound": "civ_move_2", "volume": 0.23}
[2026-09-25 18:38:52.289] [SFX] {"sound": "civ_move_2", "volume": 0.15}
[2026-09-25 18:38:52.387] [SFX] {"sound": "civ_move_2", "volume": 0.21}
[2026-09-25 18:38:52.453] [SFX] {"sound": "guardian_move", "volume": 0.11}
[2026-09-25 18:38:52.454] [SFX] {"sound": "civ_move_2", "volume": 0.13}
[2026-09-25 18:38:52.519] [SFX] {"sound": "civ_move_1", "volume": 0.22}
[2026-09-25 18:38:52.553] [SFX] {"sound": "civ_move_2", "volume": 0.04}
[2026-09-25 18:38:52.602] [SFX] {"sound": "guardian_move", "volume": 0.15}
[2026-09-25 18:38:52.701] [SFX] {"sound": "civ_move_2", "volume": 0.1}
[2026-09-25 18:38:52.701] [SFX] {"sound": "civ_move_2", "volume": 0.23}
[2026-09-25 18:38:52.702] [SFX] {"sound": "civ_move_2", "volume": 0.16}
[2026-09-25 18:38:52.798] [SFX] {"sound": "civ_move_2", "volume": 0.2}
[2026-09-25 18:38:52.864] [SFX] {"sound": "civ_move_2", "volume": 0.12}
[2026-09-25 18:38:52.930] [SFX] {"sound": "civ_move_1", "volume": 0.21}
[2026-09-25 18:38:52.963] [SFX] {"sound": "civ_move_2", "volume": 0.04}
[2026-09-25 18:38:53.060] [SFX] {"sound": "guardian_move", "volume": 0.09}
[2026-09-25 18:38:53.110] [SFX] {"sound": "civ_move_2", "volume": 0.12}
[2026-09-25 18:38:53.110] [SFX] {"sound": "civ_move_2", "volume": 0.18}
[2026-09-25 18:38:53.111] [SFX] {"sound": "civ_move_2", "volume": 0.17}
[2026-09-25 18:38:53.207] [SFX] {"sound": "guardian_move", "volume": 0.17}
[2026-09-25 18:38:53.208] [SFX] {"sound": "civ_move_2", "volume": 0.21}
[2026-09-25 18:38:53.273] [SFX] {"sound": "civ_move_2", "volume": 0.11}
[2026-09-25 18:38:53.339] [SFX] {"sound": "civ_move_1", "volume": 0.21}
[2026-09-25 18:38:53.372] [SFX] {"sound": "civ_move_2", "volume": 0.04}
[2026-09-25 18:38:53.519] [SFX] {"sound": "civ_move_2", "volume": 0.13}
[2026-09-25 18:38:53.520] [SFX] {"sound": "civ_move_2", "volume": 0.18}
[2026-09-25 18:38:53.520] [SFX] {"sound": "civ_move_2", "volume": 0.17}
[2026-09-25 18:38:53.616] [SFX] {"sound": "civ_move_2", "volume": 0.21}
[2026-09-25 18:38:53.665] [SFX] {"sound": "guardian_move", "volume": 0.07}
[2026-09-25 18:38:53.687] [SFX] {"sound": "civ_move_2", "volume": 0.1}
[2026-09-25 18:38:53.746] [SFX] {"sound": "civ_move_1", "volume": 0.2}
[2026-09-25 18:38:53.780] [SFX] {"sound": "civ_move_2", "volume": 0.04}
[2026-09-25 18:38:53.814] [SFX] {"sound": "guardian_move", "volume": 0.18}
[2026-09-25 18:38:53.914] [M] {"button": 4, "pos": [323, 163], "ui_clicked": false}
[2026-09-25 18:38:53.929] [SFX] {"sound": "civ_move_2", "volume": 0.14}
[2026-09-25 18:38:53.929] [SFX] {"sound": "civ_move_2", "volume": 0.18}
[2026-09-25 18:38:53.945] [M] {"button": 4, "pos": [323, 163], "ui_clicked": false}
[2026-09-25 18:38:54.027] [SFX] {"sound": "civ_move_2", "volume": 0.22}
[2026-09-25 18:38:54.093] [SFX] {"sound": "civ_move_2", "volume": 0.09}
[2026-09-25 18:38:54.158] [SFX] {"sound": "civ_move_1", "volume": 0.19}
[2026-09-25 18:38:54.194] [SFX] {"sound": "civ_move_2", "volume": 0.05}
[2026-09-25 18:38:54.257] [M] {"button": 4, "pos": [323, 164], "ui_clicked": false}
[2026-09-25 18:38:54.275] [SFX] {"sound": "guardian_move", "volume": 0.06}
[2026-09-25 18:38:54.291] [M] {"button": 4, "pos": [323, 164], "ui_clicked": false}
[2026-09-25 18:38:54.340] [SFX] {"sound": "civ_move_2", "volume": 0.15}
[2026-09-25 18:38:54.341] [SFX] {"sound": "civ_move_2", "volume": 0.17}
[2026-09-25 18:38:54.342] [SFX] {"sound": "civ_move_2", "volume": 0.18}
[2026-09-25 18:38:54.357] [M] {"button": 4, "pos": [323, 164], "ui_clicked": false}
[2026-09-25 18:38:54.421] [SFX] {"sound": "guardian_move", "volume": 0.2}
[2026-09-25 18:38:54.444] [SFX] {"sound": "civ_move_2", "volume": 0.23}
[2026-09-25 18:38:54.505] [SFX] {"sound": "civ_move_2", "volume": 0.08}
[2026-09-25 18:38:54.571] [SFX] {"sound": "civ_move_1", "volume": 0.18}
[2026-09-25 18:38:54.604] [SFX] {"sound": "civ_move_2", "volume": 0.06}
[2026-09-25 18:38:54.749] [SFX] {"sound": "civ_move_2", "volume": 0.16}
[2026-09-25 18:38:54.750] [SFX] {"sound": "civ_move_2", "volume": 0.17}
[2026-09-25 18:38:54.750] [SFX] {"sound": "civ_move_2", "volume": 0.18}
[2026-09-25 18:38:54.851] [SFX] {"sound": "civ_move_2", "volume": 0.23}
[2026-09-25 18:38:54.885] [SFX] {"sound": "guardian_move", "volume": 0.04}
[2026-09-25 18:38:54.917] [SFX] {"sound": "civ_move_2", "volume": 0.07}
[2026-09-25 18:38:54.983] [SFX] {"sound": "civ_move_1", "volume": 0.17}
[2026-09-25 18:38:55.017] [SFX] {"sound": "civ_move_2", "volume": 0.07}
[2026-09-25 18:38:55.039] [SFX] {"sound": "guardian_move", "volume": 0.22}
[2026-09-25 18:38:55.161] [SFX] {"sound": "civ_move_2", "volume": 0.17}
[2026-09-25 18:38:55.162] [SFX] {"sound": "civ_move_2", "volume": 0.16}
[2026-09-25 18:38:55.163] [SFX] {"sound": "civ_move_2", "volume": 0.18}
[2026-09-25 18:38:55.211] [M] {"button": 5, "pos": [272, 151], "ui_clicked": false}
[2026-09-25 18:38:55.261] [SFX] {"sound": "civ_move_2", "volume": 0.23}
[2026-09-25 18:38:55.326] [SFX] {"sound": "civ_move_2", "volume": 0.05}
[2026-09-25 18:38:55.393] [SFX] {"sound": "civ_move_1", "volume": 0.16}
[2026-09-25 18:38:55.424] [SFX] {"sound": "civ_move_2", "volume": 0.08}
[2026-09-25 18:38:55.492] [SFX] {"sound": "guardian_move", "volume": 0.02}
[2026-09-25 18:38:55.577] [SFX] {"sound": "civ_move_2", "volume": 0.18}
[2026-09-25 18:38:55.577] [SFX] {"sound": "civ_move_2", "volume": 0.15}
[2026-09-25 18:38:55.578] [SFX] {"sound": "civ_move_2", "volume": 0.23}
[2026-09-25 18:38:55.644] [SFX] {"sound": "guardian_move", "volume": 0.23}
[2026-09-25 18:38:55.677] [SFX] {"sound": "civ_move_2", "volume": 0.18}
[2026-09-25 18:38:55.759] [SFX] {"sound": "civ_move_2", "volume": 0.06}
[2026-09-25 18:38:55.793] [SFX] {"sound": "civ_move_1", "volume": 0.15}
[2026-09-25 18:38:55.826] [SFX] {"sound": "civ_move_2", "volume": 0.09}
[2026-09-25 18:38:55.843] [M] {"button": 1, "pos": [220, 99], "ui_clicked": false}
[2026-09-25 18:38:55.850] [SFX] {"sound": "click_target", "volume": 0.83}
[2026-09-25 18:38:55.908] [SFX] {"sound": "player_move", "volume": 0.4}
[2026-09-25 18:38:55.975] [SFX] {"sound": "civ_move_2", "volume": 0.19}
[2026-09-25 18:38:55.976] [SFX] {"sound": "civ_move_2", "volume": 0.13}
[2026-09-25 18:38:55.977] [SFX] {"sound": "civ_move_2", "volume": 0.22}
[2026-09-25 18:38:56.091] [SFX] {"sound": "civ_move_2", "volume": 0.18}
[2026-09-25 18:38:56.171] [SFX] {"sound": "civ_move_2", "volume": 0.07}
[2026-09-25 18:38:56.204] [SFX] {"sound": "civ_move_1", "volume": 0.17}
[2026-09-25 18:38:56.227] [SFX] {"sound": "player_move", "volume": 0.4}
[2026-09-25 18:38:56.243] [SFX] {"sound": "civ_move_2", "volume": 0.14}
[2026-09-25 18:38:56.258] [SFX] {"sound": "guardian_move", "volume": 0.22}
[2026-09-25 18:38:56.383] [SFX] {"sound": "civ_move_2", "volume": 0.24}
[2026-09-25 18:38:56.384] [SFX] {"sound": "civ_move_2", "volume": 0.11}
[2026-09-25 18:38:56.385] [SFX] {"sound": "civ_move_2", "volume": 0.2}
[2026-09-25 18:38:56.499] [SFX] {"sound": "civ_move_2", "volume": 0.17}
[2026-09-25 18:38:56.532] [SFX] {"sound": "player_move", "volume": 0.4}
[2026-09-25 18:38:56.580] [SFX] {"sound": "civ_move_2", "volume": 0.07}
[2026-09-25 18:38:56.613] [SFX] {"sound": "civ_move_2", "volume": 0.01}
[2026-09-25 18:38:56.614] [SFX] {"sound": "civ_move_1", "volume": 0.15}
[2026-09-25 18:38:56.654] [SFX] {"sound": "civ_move_2", "volume": 0.14}
[2026-09-25 18:38:56.798] [SFX] {"sound": "civ_move_2", "volume": 0.22}
[2026-09-25 18:38:56.799] [SFX] {"sound": "civ_move_2", "volume": 0.14}
[2026-09-25 18:38:56.800] [SFX] {"sound": "civ_move_2", "volume": 0.24}
[2026-09-25 18:38:56.853] [JACK] Hörst du das Wummern? Sentinels in der Nähe... Bloß keinen falschen Schritt machen!
[2026-09-25 18:38:56.853] [SFX] {"sound": "player_move", "volume": 0.4}
[2026-09-25 18:38:56.869] [SFX] {"sound": "guardian_move", "volume": 0.28}
[2026-09-25 18:38:56.912] [SFX] {"sound": "civ_move_2", "volume": 0.19}
[2026-09-25 18:38:56.996] [SFX] {"sound": "civ_move_2", "volume": 0.06}
[2026-09-25 18:38:57.029] [SFX] {"sound": "civ_move_2", "volume": 0.04}
[2026-09-25 18:38:57.030] [SFX] {"sound": "civ_move_1", "volume": 0.15}
[2026-09-25 18:38:57.064] [SFX] {"sound": "civ_move_2", "volume": 0.16}
[2026-09-25 18:38:57.111] [SFX] {"sound": "threat_pulse", "volume": 0.3}
[2026-09-25 18:38:57.210] [SFX] {"sound": "civ_move_2", "volume": 0.25}
[2026-09-25 18:38:57.211] [SFX] {"sound": "civ_move_2", "volume": 0.11}
[2026-09-25 18:38:57.212] [SFX] {"sound": "civ_move_2", "volume": 0.25}
[2026-09-25 18:38:57.328] [SFX] {"sound": "civ_move_2", "volume": 0.17}
[2026-09-25 18:38:57.408] [SFX] {"sound": "civ_move_2", "volume": 0.08}
[2026-09-25 18:38:57.442] [SFX] {"sound": "civ_move_2", "volume": 0.05}
[2026-09-25 18:38:57.464] [SFX] {"sound": "civ_move_1", "volume": 0.15}
[2026-09-25 18:38:57.481] [SFX] {"sound": "guardian_move", "volume": 0.28}
[2026-09-25 18:38:57.482] [SFX] {"sound": "civ_move_2", "volume": 0.18}
[2026-09-25 18:38:57.622] [SFX] {"sound": "civ_move_2", "volume": 0.25}
[2026-09-25 18:38:57.623] [SFX] {"sound": "civ_move_2", "volume": 0.1}
[2026-09-25 18:38:57.623] [SFX] {"sound": "civ_move_2", "volume": 0.24}
[2026-09-25 18:38:57.737] [SFX] {"sound": "civ_move_2", "volume": 0.16}
[2026-09-25 18:38:57.819] [SFX] {"sound": "civ_move_2", "volume": 0.09}
[2026-09-25 18:38:57.852] [SFX] {"sound": "civ_move_2", "volume": 0.06}
[2026-09-25 18:38:57.875] [SFX] {"sound": "civ_move_1", "volume": 0.16}
[2026-09-25 18:38:57.892] [SFX] {"sound": "civ_move_2", "volume": 0.19}
[2026-09-25 18:38:58.019] [SFX] {"sound": "threat_pulse", "volume": 0.32}
[2026-09-25 18:38:58.042] [SFX] {"sound": "civ_move_2", "volume": 0.25}
[2026-09-25 18:38:58.043] [SFX] {"sound": "civ_move_2", "volume": 0.09}
[2026-09-25 18:38:58.044] [SFX] {"sound": "civ_move_2", "volume": 0.25}
[2026-09-25 18:38:58.088] [SFX] {"sound": "guardian_move", "volume": 0.29}
[2026-09-25 18:38:58.151] [SFX] {"sound": "civ_move_2", "volume": 0.15}
[2026-09-25 18:38:58.233] [SFX] {"sound": "civ_move_2", "volume": 0.1}
[2026-09-25 18:38:58.266] [SFX] {"sound": "civ_move_2", "volume": 0.08}
[2026-09-25 18:38:58.290] [SFX] {"sound": "civ_move_1", "volume": 0.17}
[2026-09-25 18:38:58.319] [SFX] {"sound": "civ_move_2", "volume": 0.2}
[2026-09-25 18:38:58.446] [SFX] {"sound": "civ_move_2", "volume": 0.08}
[2026-09-25 18:38:58.446] [SFX] {"sound": "civ_move_2", "volume": 0.25}
[2026-09-25 18:38:58.560] [SFX] {"sound": "civ_move_2", "volume": 0.14}
[2026-09-25 18:38:58.642] [SFX] {"sound": "civ_move_2", "volume": 0.11}
[2026-09-25 18:38:58.677] [M] {"button": 1, "pos": [333, 149], "ui_clicked": true}
[2026-09-25 18:38:58.691] [SFX] {"sound": "civ_move_2", "volume": 0.09}
[2026-09-25 18:38:58.707] [SFX] {"sound": "guardian_move", "volume": 0.36}
[2026-09-25 18:38:58.708] [SFX] {"sound": "civ_move_2", "volume": 0.21}
[2026-09-25 18:38:58.708] [SFX] {"sound": "civ_move_1", "volume": 0.18}
[2026-09-25 18:38:58.851] [SFX] {"sound": "civ_move_2", "volume": 0.07}
[2026-09-25 18:38:58.852] [SFX] {"sound": "civ_move_2", "volume": 0.25}
[2026-09-25 18:38:58.874] [SFX] {"sound": "civ_move_2", "volume": 0.23}
[2026-09-25 18:38:58.932] [SFX] {"sound": "threat_pulse", "volume": 0.49}
[2026-09-25 18:38:58.963] [SFX] {"sound": "civ_move_2", "volume": 0.13}
[2026-09-25 18:38:59.046] [SFX] {"sound": "civ_move_2", "volume": 0.12}
[2026-09-25 18:38:59.078] [SFX] {"sound": "civ_move_2", "volume": 0.1}
[2026-09-25 18:38:59.112] [SFX] {"sound": "civ_move_2", "volume": 0.22}
[2026-09-25 18:38:59.112] [SFX] {"sound": "civ_move_1", "volume": 0.19}
[2026-09-25 18:38:59.260] [SFX] {"sound": "civ_move_2", "volume": 0.06}
[2026-09-25 18:38:59.260] [SFX] {"sound": "civ_move_2", "volume": 0.25}
[2026-09-25 18:38:59.282] [SFX] {"sound": "civ_move_2", "volume": 0.22}
[2026-09-25 18:38:59.298] [SFX] {"sound": "alert_trigger", "volume": 1.0}
[2026-09-25 18:38:59.314] [SFX] {"sound": "guardian_move", "volume": 0.34}
[2026-09-25 18:38:59.375] [SFX] {"sound": "civ_move_2", "volume": 0.12}
[2026-09-25 18:38:59.459] [SFX] {"sound": "civ_move_2", "volume": 0.14}
[2026-09-25 18:38:59.506] [SFX] {"sound": "civ_move_2", "volume": 0.11}
[2026-09-25 18:38:59.528] [SFX] {"sound": "civ_move_2", "volume": 0.23}
[2026-09-25 18:38:59.529] [SFX] {"sound": "civ_move_1", "volume": 0.21}
[2026-09-25 18:38:59.545] [SFX] {"sound": "threat_pulse", "volume": 0.7}
[2026-09-25 18:38:59.670] [SFX] {"sound": "civ_move_2", "volume": 0.05}
[2026-09-25 18:38:59.671] [SFX] {"sound": "civ_move_2", "volume": 0.24}
[2026-09-25 18:38:59.693] [SFX] {"sound": "civ_move_2", "volume": 0.22}
[2026-09-25 18:38:59.766] [SFX] {"sound": "threat_pulse", "volume": 0.7}
[2026-09-25 18:38:59.788] [SFX] {"sound": "civ_move_2", "volume": 0.11}
[2026-09-25 18:38:59.865] [SFX] {"sound": "civ_move_2", "volume": 0.15}
[2026-09-25 18:38:59.889] [SFX] {"sound": "threat_pulse", "volume": 0.7}
[2026-09-25 18:38:59.914] [SFX] {"sound": "guardian_move", "volume": 0.33}
[2026-09-25 18:38:59.915] [SFX] {"sound": "civ_move_2", "volume": 0.12}
[2026-09-25 18:38:59.936] [SFX] {"sound": "civ_move_2", "volume": 0.24}
[2026-09-25 18:38:59.937] [SFX] {"sound": "civ_move_1", "volume": 0.22}
[2026-09-25 18:38:59.995] [SFX] {"sound": "threat_pulse", "volume": 0.7}
[2026-09-25 18:39:00.076] [SFX] {"sound": "civ_move_2", "volume": 0.04}
[2026-09-25 18:39:00.077] [SFX] {"sound": "civ_move_2", "volume": 0.24}
[2026-09-25 18:39:00.099] [SFX] {"sound": "civ_move_2", "volume": 0.22}
[2026-09-25 18:39:00.116] [SFX] {"sound": "threat_pulse", "volume": 0.7}
[2026-09-25 18:39:00.191] [SFX] {"sound": "civ_move_2", "volume": 0.1}
[2026-09-25 18:39:00.223] [SFX] {"sound": "threat_pulse", "volume": 0.7}
[2026-09-25 18:39:00.271] [SFX] {"sound": "civ_move_2", "volume": 0.16}
[2026-09-25 18:39:00.304] [M] {"button": 1, "pos": [331, 231], "ui_clicked": false}
[2026-09-25 18:39:00.312] [SFX] {"sound": "action_cancel", "volume": 1.0}
[2026-09-25 18:39:00.313] [P] {"start": [124, 48], "goal": [124, 51], "length": 1, "is_direction_change": false}
[2026-09-25 18:39:00.314] [SFX] {"sound": "click_target", "volume": 0.74}
[2026-09-25 18:39:00.335] [JACK] Diese Bedrohung ist greifbar... Die Wachen dürfen unser Signal nicht isolieren.
[2026-09-25 18:39:00.336] [SFX] {"sound": "civ_move_2", "volume": 0.13}
[2026-09-25 18:39:00.337] [SFX] {"sound": "threat_pulse", "volume": 0.7}
[2026-09-25 18:39:00.352] [SFX] {"sound": "civ_move_2", "volume": 0.25}
[2026-09-25 18:39:00.352] [SFX] {"sound": "civ_move_1", "volume": 0.22}
[2026-09-25 18:39:00.411] [SFX] {"sound": "player_move", "volume": 0.4}
[2026-09-25 18:39:00.435] [SFX] {"sound": "threat_pulse", "volume": 0.7}
[2026-09-25 18:39:00.477] [SFX] {"sound": "civ_move_2", "volume": 0.05}
[2026-09-25 18:39:00.478] [SFX] {"sound": "civ_move_2", "volume": 0.22}
[2026-09-25 18:39:00.501] [SFX] {"sound": "civ_move_2", "volume": 0.2}
[2026-09-25 18:39:00.526] [SFX] {"sound": "guardian_move", "volume": 0.31}
[2026-09-25 18:39:00.549] [SFX] {"sound": "threat_pulse", "volume": 0.7}
[2026-09-25 18:39:00.592] [SFX] {"sound": "civ_move_2", "volume": 0.11}
[2026-09-25 18:39:00.658] [SFX] {"sound": "threat_pulse", "volume": 0.7}
[2026-09-25 18:39:00.680] [SFX] {"sound": "civ_move_2", "volume": 0.16}
[2026-09-25 18:39:00.724] [SFX] {"sound": "civ_move_2", "volume": 0.14}
[2026-09-25 18:39:00.756] [SFX] {"sound": "civ_move_2", "volume": 0.25}
[2026-09-25 18:39:00.757] [SFX] {"sound": "civ_move_1", "volume": 0.22}
[2026-09-25 18:39:00.779] [SFX] {"sound": "threat_pulse", "volume": 0.7}
[2026-09-25 18:39:00.889] [SFX] {"sound": "civ_move_2", "volume": 0.04}
[2026-09-25 18:39:00.890] [SFX] {"sound": "civ_move_2", "volume": 0.21}
[2026-09-25 18:39:00.910] [SFX] {"sound": "civ_move_2", "volume": 0.2}
[2026-09-25 18:39:00.986] [SFX] {"sound": "threat_pulse", "volume": 0.7}
[2026-09-25 18:39:01.009] [SFX] {"sound": "civ_move_2", "volume": 0.1}
[2026-09-25 18:39:01.068] [M] {"button": 1, "pos": [363, 197], "ui_clicked": false}
[2026-09-25 18:39:01.075] [P] {"start": [124, 51], "goal": [126, 51], "length": 3, "is_direction_change": false}
[2026-09-25 18:39:01.076] [SFX] {"sound": "click_target", "volume": 0.75}
[2026-09-25 18:39:01.096] [JACK] Überall Wacheinheiten... Ihr bedrohliches Summen brennt sich ins Deck.
[2026-09-25 18:39:01.097] [SFX] {"sound": "civ_move_2", "volume": 0.17}
[2026-09-25 18:39:01.098] [SFX] {"sound": "threat_pulse", "volume": 0.7}
[2026-09-25 18:39:01.126] [SFX] {"sound": "civ_move_2", "volume": 0.15}
[2026-09-25 18:39:01.149] [SFX] {"sound": "guardian_move", "volume": 0.31}
[2026-09-25 18:39:01.166] [SFX] {"sound": "civ_move_2", "volume": 0.25}
[2026-09-25 18:39:01.166] [SFX] {"sound": "civ_move_1", "volume": 0.23}
[2026-09-25 18:39:01.193] [SFX] {"sound": "threat_pulse", "volume": 0.7}
[2026-09-25 18:39:01.278] [SFX] {"sound": "alert_trigger", "volume": 1.0}
[2026-09-25 18:39:01.299] [SFX] {"sound": "civ_move_2", "volume": 0.03}
[2026-09-25 18:39:01.301] [SFX] {"sound": "civ_move_2", "volume": 0.21}
[2026-09-25 18:39:01.301] [SFX] {"sound": "threat_pulse", "volume": 0.7}
[2026-09-25 18:39:01.319] [SFX] {"sound": "civ_move_2", "volume": 0.18}
[2026-09-25 18:39:01.395] [SFX] {"sound": "threat_pulse", "volume": 0.7}
[2026-09-25 18:39:01.418] [SFX] {"sound": "civ_move_2", "volume": 0.08}
[2026-09-25 18:39:01.494] [SFX] {"sound": "civ_move_2", "volume": 0.19}
[2026-09-25 18:39:01.516] [SFX] {"sound": "threat_pulse", "volume": 0.7}
[2026-09-25 18:39:01.533] [SFX] {"sound": "civ_move_2", "volume": 0.15}
[2026-09-25 18:39:01.561] [SFX] {"sound": "civ_move_2", "volume": 0.25}
[2026-09-25 18:39:01.562] [SFX] {"sound": "civ_move_1", "volume": 0.24}
[2026-09-25 18:39:01.611] [SFX] {"sound": "threat_pulse", "volume": 0.7}
[2026-09-25 18:39:01.693] [SFX] {"sound": "civ_move_2", "volume": 0.02}
[2026-09-25 18:39:01.693] [SFX] {"sound": "civ_move_2", "volume": 0.2}
[2026-09-25 18:39:01.715] [SFX] {"sound": "threat_pulse", "volume": 0.7}
[2026-09-25 18:39:01.732] [SFX] {"sound": "civ_move_2", "volume": 0.17}
[2026-09-25 18:39:01.749] [SFX] {"sound": "guardian_move", "volume": 0.33}
[2026-09-25 18:39:01.810] [M] {"button": 1, "pos": [305, 84], "ui_clicked": false}
[2026-09-25 18:39:01.816] [SFX] {"sound": "threat_pulse", "volume": 0.7}
[2026-09-25 18:39:01.833] [SFX] {"sound": "civ_move_2", "volume": 0.07}
[2026-09-25 18:39:01.893] [SFX] {"sound": "civ_move_2", "volume": 0.2}
[2026-09-25 18:39:01.915] [SFX] {"sound": "threat_pulse", "volume": 0.7}
[2026-09-25 18:39:01.933] [SFX] {"sound": "civ_move_2", "volume": 0.16}
[2026-09-25 18:39:01.976] [SFX] {"sound": "civ_move_2", "volume": 0.25}
[2026-09-25 18:39:01.977] [SFX] {"sound": "civ_move_1", "volume": 0.24}
[2026-09-25 18:39:02.010] [SFX] {"sound": "threat_pulse", "volume": 0.7}
[2026-09-25 18:39:02.093] [SFX] {"sound": "civ_move_2", "volume": 0.01}
[2026-09-25 18:39:02.094] [SFX] {"sound": "civ_move_2", "volume": 0.19}
[2026-09-25 18:39:02.125] [SFX] {"sound": "threat_pulse", "volume": 0.7}
[2026-09-25 18:39:02.148] [SFX] {"sound": "civ_move_2", "volume": 0.16}
[2026-09-25 18:39:02.240] [SFX] {"sound": "civ_move_2", "volume": 0.06}
[2026-09-25 18:39:02.241] [SFX] {"sound": "threat_pulse", "volume": 0.7}
[2026-09-25 18:39:02.307] [SFX] {"sound": "civ_move_2", "volume": 0.21}
[2026-09-25 18:39:02.340] [SFX] {"sound": "civ_move_2", "volume": 0.17}
[2026-09-25 18:39:02.362] [SFX] {"sound": "guardian_move", "volume": 0.35}
[2026-09-25 18:39:02.363] [SFX] {"sound": "threat_pulse", "volume": 0.7}
[2026-09-25 18:39:02.391] [SFX] {"sound": "civ_move_2", "volume": 0.2}
[2026-09-25 18:39:02.391] [SFX] {"sound": "civ_move_1", "volume": 0.25}
[2026-09-25 18:39:02.457] [SFX] {"sound": "threat_pulse", "volume": 0.7}
[2026-09-25 18:39:02.507] [SFX] {"sound": "civ_move_2", "volume": 0.18}
[2026-09-25 18:39:02.541] [SFX] {"sound": "civ_move_2", "volume": 0.15}
[2026-09-25 18:39:02.562] [SFX] {"sound": "threat_pulse", "volume": 0.7}
[2026-09-25 18:39:02.574] [M] {"button": 1, "pos": [286, 70], "ui_clicked": false}
[2026-09-25 18:39:02.581] [P] {"start": [126, 51], "goal": [124, 45], "length": 3, "is_direction_change": false}
[2026-09-25 18:39:02.581] [SFX] {"sound": "click_target", "volume": 0.84}
[2026-09-25 18:39:02.603] [JACK] Achtung! Guardians patrouillieren den Sektor. Wir müssen extrem vorsichtig sein!
[2026-09-25 18:39:02.645] [SFX] {"sound": "civ_move_2", "volume": 0.06}
[2026-09-25 18:39:02.668] [SFX] {"sound": "player_move", "volume": 0.4}
[2026-09-25 18:39:02.669] [SFX] {"sound": "threat_pulse", "volume": 0.7}
[2026-09-25 18:39:02.711] [SFX] {"sound": "civ_move_2", "volume": 0.21}
[2026-09-25 18:39:02.745] [SFX] {"sound": "civ_move_2", "volume": 0.19}
[2026-09-25 18:39:02.768] [SFX] {"sound": "threat_pulse", "volume": 0.7}
[2026-09-25 18:39:02.796] [SFX] {"sound": "civ_move_2", "volume": 0.21}
[2026-09-25 18:39:02.796] [SFX] {"sound": "civ_move_1", "volume": 0.27}
[2026-09-25 18:39:02.846] [SFX] {"sound": "game_over", "volume": 1.0}
[2026-09-25 18:39:05.929] [SFX] {"sound": "hack_success", "volume": 0.8}
[2026-09-25 18:39:06.780] [SESSION_RESET] {"msg": "--- NEW LIFE STARTED ---"}
[2026-09-25 18:39:06.825] [S] {"map": "Shadowgrid"}
[2026-09-25 18:39:06.850] [JACK] Kleine Schritte. Immer auf die Umgebung achten.
[2026-09-25 18:39:06.873] [JACK] Ah, im Shadowgrid angekommen... endlich.
[2026-09-25 18:39:07.617] [SFX] {"sound": "civ_move_1", "volume": 0.14}
[2026-09-25 18:39:07.714] [M] {"button": 1, "pos": [330, 231], "ui_clicked": false}
[2026-09-25 18:39:08.016] [SFX] {"sound": "civ_move_1", "volume": 0.13}
[2026-09-25 18:39:08.181] [M] {"button": 1, "pos": [323, 226], "ui_clicked": false}
[2026-09-25 18:39:08.189] [P] {"start": [210, 2], "goal": [210, 7], "length": 1, "is_direction_change": false}
[2026-09-25 18:39:08.190] [SFX] {"sound": "click_target", "volume": 0.68}
[2026-09-25 18:39:08.224] [SFX] {"sound": "player_move", "volume": 0.4}
[2026-09-25 18:39:08.417] [SFX] {"sound": "civ_move_1", "volume": 0.15}
[2026-09-25 18:39:08.700] [M] {"button": 1, "pos": [325, 226], "ui_clicked": false}
[2026-09-25 18:39:08.709] [P] {"start": [210, 7], "goal": [210, 12], "length": 1, "is_direction_change": false}
[2026-09-25 18:39:08.709] [SFX] {"sound": "click_target", "volume": 0.7}
[2026-09-25 18:39:08.787] [SFX] {"sound": "player_move", "volume": 0.4}
[2026-09-25 18:39:08.819] [SFX] {"sound": "civ_move_1", "volume": 0.16}
[2026-09-25 18:39:09.165] [M] {"button": 1, "pos": [325, 228], "ui_clicked": false}
[2026-09-25 18:39:09.232] [SFX] {"sound": "civ_move_1", "volume": 0.16}
[2026-09-25 18:39:09.633] [SFX] {"sound": "civ_move_1", "volume": 0.15}
[2026-09-25 18:39:09.813] [M] {"button": 1, "pos": [324, 214], "ui_clicked": false}
[2026-09-25 18:39:09.820] [P] {"start": [210, 12], "goal": [210, 16], "length": 1, "is_direction_change": false}
[2026-09-25 18:39:09.821] [SFX] {"sound": "click_target", "volume": 0.72}
[2026-09-25 18:39:09.967] [SFX] {"sound": "player_move", "volume": 0.4}
[2026-09-25 18:39:10.033] [SFX] {"sound": "civ_move_1", "volume": 0.17}
[2026-09-25 18:39:10.449] [SFX] {"sound": "civ_move_1", "volume": 0.16}
[2026-09-25 18:39:10.823] [M] {"button": 1, "pos": [282, 184], "ui_clicked": false}
[2026-09-25 18:39:10.831] [P] {"start": [210, 16], "goal": [205, 16], "length": 1, "is_direction_change": false}
[2026-09-25 18:39:10.831] [SFX] {"sound": "click_target", "volume": 0.7}
[2026-09-25 18:39:10.891] [SFX] {"sound": "civ_move_1", "volume": 0.14}
[2026-09-25 18:39:11.300] [SFX] {"sound": "civ_move_1", "volume": 0.13}
[2026-09-25 18:39:11.416] [M] {"button": 1, "pos": [263, 183], "ui_clicked": false}
[2026-09-25 18:39:11.424] [P] {"start": [205, 16], "goal": [198, 16], "length": 1, "is_direction_change": false}
[2026-09-25 18:39:11.425] [SFX] {"sound": "click_target", "volume": 0.67}
[2026-09-25 18:39:11.467] [SFX] {"sound": "player_move", "volume": 0.4}
[2026-09-25 18:39:11.633] [SFX] {"sound": "civ_move_2", "volume": 0.02}
[2026-09-25 18:39:11.715] [SFX] {"sound": "civ_move_1", "volume": 0.1}
[2026-09-25 18:39:12.029] [M] {"button": 1, "pos": [244, 184], "ui_clicked": false}
[2026-09-25 18:39:12.036] [P] {"start": [198, 16], "goal": [189, 16], "length": 1, "is_direction_change": false}
[2026-09-25 18:39:12.037] [SFX] {"sound": "click_target", "volume": 0.63}
[2026-09-25 18:39:12.059] [SFX] {"sound": "player_move", "volume": 0.4}
[2026-09-25 18:39:12.060] [SFX] {"sound": "civ_move_2", "volume": 0.06}
[2026-09-25 18:39:12.117] [SFX] {"sound": "civ_move_1", "volume": 0.09}
[2026-09-25 18:39:12.314] [SFX] {"sound": "guardian_move", "volume": 0.03}
[2026-09-25 18:39:12.347] [SFX] {"sound": "player_move", "volume": 0.4}
[2026-09-25 18:39:12.446] [SFX] {"sound": "civ_move_2", "volume": 0.13}
[2026-09-25 18:39:12.529] [SFX] {"sound": "civ_move_1", "volume": 0.05}
[2026-09-25 18:39:12.678] [M] {"button": 1, "pos": [223, 185], "ui_clicked": false}
[2026-09-25 18:39:12.685] [P] {"start": [189, 16], "goal": [178, 16], "length": 1, "is_direction_change": false}
[2026-09-25 18:39:12.686] [SFX] {"sound": "click_target", "volume": 0.58}
[2026-09-25 18:39:12.852] [SFX] {"sound": "civ_move_2", "volume": 0.17}
[2026-09-25 18:39:12.875] [SFX] {"sound": "player_move", "volume": 0.4}
[2026-09-25 18:39:12.919] [SFX] {"sound": "guardian_move", "volume": 0.14}
[2026-09-25 18:39:12.940] [SFX] {"sound": "civ_move_1", "volume": 0.02}
[2026-09-25 18:39:13.183] [SFX] {"sound": "player_move", "volume": 0.4}
[2026-09-25 18:39:13.266] [SFX] {"sound": "civ_move_2", "volume": 0.24}
[2026-09-25 18:39:13.464] [M] {"button": 1, "pos": [223, 185], "ui_clicked": false}
[2026-09-25 18:39:13.472] [P] {"start": [178, 16], "goal": [166, 16], "length": 1, "is_direction_change": false}
[2026-09-25 18:39:13.473] [SFX] {"sound": "click_target", "volume": 0.58}
[2026-09-25 18:39:13.494] [JACK] Kurzer Blick um die Ecke...
[2026-09-25 18:39:13.520] [SFX] {"sound": "guardian_move", "volume": 0.23}
[2026-09-25 18:39:13.666] [SFX] {"sound": "civ_move_2", "volume": 0.28}
[2026-09-25 18:39:13.690] [C] {"civ_pos": [171, 16]}
[2026-09-25 18:39:13.737] [SFX] {"sound": "player_move", "volume": 0.4}
[2026-09-25 18:39:14.033] [SFX] {"sound": "threat_pulse", "volume": 0.3}
[2026-09-25 18:39:14.055] [SFX] {"sound": "player_move", "volume": 0.4}
[2026-09-25 18:39:14.073] [SFX] {"sound": "civ_move_2", "volume": 0.25}
[2026-09-25 18:39:14.131] [SFX] {"sound": "guardian_move", "volume": 0.36}
[2026-09-25 18:39:14.311] [M] {"button": 1, "pos": [223, 185], "ui_clicked": false}
[2026-09-25 18:39:14.319] [P] {"start": [166, 16], "goal": [154, 16], "length": 1, "is_direction_change": false}
[2026-09-25 18:39:14.319] [SFX] {"sound": "click_target", "volume": 0.58}
[2026-09-25 18:39:14.371] [JACK] Hörst du das Wummern? Sentinels in der Nähe... Bloß keinen falschen Schritt machen!
[2026-09-25 18:39:14.480] [SFX] {"sound": "civ_move_2", "volume": 0.21}
[2026-09-25 18:39:14.626] [SFX] {"sound": "player_move", "volume": 0.4}
[2026-09-25 18:39:14.743] [SFX] {"sound": "guardian_move", "volume": 0.35}
[2026-09-25 18:39:14.892] [SFX] {"sound": "civ_move_2", "volume": 0.13}
[2026-09-25 18:39:14.943] [SFX] {"sound": "threat_pulse", "volume": 0.32}
[2026-09-25 18:39:15.293] [SFX] {"sound": "civ_move_2", "volume": 0.12}
[2026-09-25 18:39:15.343] [SFX] {"sound": "guardian_move", "volume": 0.34}
[2026-09-25 18:39:15.703] [SFX] {"sound": "civ_move_2", "volume": 0.11}
[2026-09-25 18:39:15.868] [M] {"button": 1, "pos": [223, 185], "ui_clicked": false}
[2026-09-25 18:39:15.877] [P] {"start": [154, 16], "goal": [141, 16], "length": 1, "is_direction_change": false}
[2026-09-25 18:39:15.877] [SFX] {"sound": "click_target", "volume": 0.56}
[2026-09-25 18:39:15.912] [SFX] {"sound": "player_move", "volume": 0.4}
[2026-09-25 18:39:15.973] [SFX] {"sound": "guardian_move", "volume": 0.3}
[2026-09-25 18:39:16.106] [SFX] {"sound": "civ_move_2", "volume": 0.06}
[2026-09-25 18:39:16.188] [SFX] {"sound": "player_move", "volume": 0.4}
[2026-09-25 18:39:16.583] [SFX] {"sound": "guardian_move", "volume": 0.17}
[2026-09-25 18:39:17.195] [SFX] {"sound": "guardian_move", "volume": 0.14}
[2026-09-25 18:39:17.211] [M] {"button": 1, "pos": [367, 181], "ui_clicked": false}
[2026-09-25 18:39:17.218] [P] {"start": [141, 16], "goal": [146, 16], "length": 1, "is_direction_change": false}
[2026-09-25 18:39:17.219] [SFX] {"sound": "click_target", "volume": 0.68}
[2026-09-25 18:39:17.810] [SFX] {"sound": "guardian_move", "volume": 0.17}
[2026-09-25 18:39:18.123] [M] {"button": 1, "pos": [342, 198], "ui_clicked": false}
[2026-09-25 18:39:18.131] [SFX] {"sound": "click_target", "volume": 0.73}
[2026-09-25 18:39:18.173] [SFX] {"sound": "player_move", "volume": 0.4}
[2026-09-25 18:39:18.422] [SFX] {"sound": "guardian_move", "volume": 0.16}
[2026-09-25 18:39:19.038] [SFX] {"sound": "guardian_move", "volume": 0.14}
[2026-09-25 18:39:19.087] [M] {"button": 1, "pos": [364, 218], "ui_clicked": true}
[2026-09-25 18:39:19.370] [SFX] {"sound": "infiltrate 1", "volume": 0.5}
[2026-09-25 18:39:19.652] [SFX] {"sound": "guardian_move", "volume": 0.11}
[2026-09-25 18:39:19.770] [SFX] {"sound": "infiltrate 1", "volume": 0.5}
[2026-09-25 18:39:20.181] [SFX] {"sound": "infiltrate 2", "volume": 0.5}
[2026-09-25 18:39:20.262] [SFX] {"sound": "guardian_move", "volume": 0.09}
[2026-09-25 18:39:20.592] [SFX] {"sound": "infiltrate 1", "volume": 0.5}
[2026-09-25 18:39:20.877] [SFX] {"sound": "guardian_move", "volume": 0.07}
[2026-09-25 18:39:20.994] [SFX] {"sound": "infiltrate 2", "volume": 0.5}
[2026-09-25 18:39:21.405] [SFX] {"sound": "infiltrate 1", "volume": 0.5}
[2026-09-25 18:39:21.487] [SFX] {"sound": "guardian_move", "volume": 0.04}
[2026-09-25 18:39:21.820] [SFX] {"sound": "infiltrate 2", "volume": 0.5}
[2026-09-25 18:39:22.102] [SFX] {"sound": "guardian_move", "volume": 0.02}
[2026-09-25 18:39:22.104] [SFX] {"sound": "hack_success", "volume": 1.0}
[2026-09-25 18:39:22.645] [M] {"button": 1, "pos": [252, 185], "ui_clicked": false}
[2026-09-25 18:39:22.653] [P] {"start": [148, 16], "goal": [139, 16], "length": 1, "is_direction_change": false}
[2026-09-25 18:39:22.654] [SFX] {"sound": "click_target", "volume": 0.63}
[2026-09-25 18:39:22.710] [JACK] Vorsichtig vorantasten...
[2026-09-25 18:39:22.881] [SFX] {"sound": "player_move", "volume": 0.4}
[2026-09-25 18:39:23.260] [M] {"button": 1, "pos": [225, 184], "ui_clicked": false}
[2026-09-25 18:39:23.268] [P] {"start": [139, 16], "goal": [128, 16], "length": 1, "is_direction_change": false}
[2026-09-25 18:39:23.269] [SFX] {"sound": "click_target", "volume": 0.59}
[2026-09-25 18:39:23.330] [SFX] {"sound": "player_move", "volume": 0.4}
[2026-09-25 18:39:23.892] [M] {"button": 1, "pos": [225, 184], "ui_clicked": false}
[2026-09-25 18:39:23.900] [P] {"start": [128, 16], "goal": [118, 16], "length": 1, "is_direction_change": false}
[2026-09-25 18:39:23.901] [SFX] {"sound": "click_target", "volume": 0.61}
[2026-09-25 18:39:24.036] [SFX] {"sound": "player_move", "volume": 0.4}
[2026-09-25 18:39:24.433] [M] {"button": 1, "pos": [228, 184], "ui_clicked": false}
[2026-09-25 18:39:24.442] [P] {"start": [118, 16], "goal": [109, 16], "length": 1, "is_direction_change": false}
[2026-09-25 18:39:24.443] [SFX] {"sound": "click_target", "volume": 0.63}
[2026-09-25 18:39:24.702] [SFX] {"sound": "player_move", "volume": 0.4}
[2026-09-25 18:39:24.916] [M] {"button": 1, "pos": [228, 184], "ui_clicked": false}
[2026-09-25 18:39:24.923] [P] {"start": [109, 16], "goal": [100, 16], "length": 1, "is_direction_change": false}
[2026-09-25 18:39:24.923] [SFX] {"sound": "click_target", "volume": 0.63}
[2026-09-25 18:39:25.053] [SFX] {"sound": "player_move", "volume": 0.4}
[2026-09-25 18:39:25.386] [M] {"button": 1, "pos": [228, 184], "ui_clicked": false}
[2026-09-25 18:39:25.394] [P] {"start": [100, 16], "goal": [91, 16], "length": 1, "is_direction_change": false}
[2026-09-25 18:39:25.394] [SFX] {"sound": "click_target", "volume": 0.63}
[2026-09-25 18:39:25.428] [SFX] {"sound": "player_move", "volume": 0.4}
[2026-09-25 18:39:25.916] [M] {"button": 1, "pos": [228, 184], "ui_clicked": false}
[2026-09-25 18:39:25.925] [P] {"start": [91, 16], "goal": [81, 16], "length": 1, "is_direction_change": false}
[2026-09-25 18:39:25.926] [SFX] {"sound": "click_target", "volume": 0.62}
[2026-09-25 18:39:26.106] [SFX] {"sound": "player_move", "volume": 0.4}
[2026-09-25 18:39:26.253] [SFX] {"sound": "civ_move_2", "volume": 0.02}
[2026-09-25 18:39:26.415] [SFX] {"sound": "player_move", "volume": 0.4}
[2026-09-25 18:39:26.432] [M] {"button": 1, "pos": [228, 184], "ui_clicked": false}
[2026-09-25 18:39:26.440] [P] {"start": [81, 16], "goal": [72, 16], "length": 1, "is_direction_change": false}
[2026-09-25 18:39:26.441] [SFX] {"sound": "click_target", "volume": 0.63}
[2026-09-25 18:39:26.665] [SFX] {"sound": "civ_move_2", "volume": 0.07}
[2026-09-25 18:39:26.747] [SFX] {"sound": "player_move", "volume": 0.4}
[2026-09-25 18:39:26.927] [M] {"button": 1, "pos": [228, 184], "ui_clicked": false}
[2026-09-25 18:39:26.937] [P] {"start": [72, 16], "goal": [63, 16], "length": 1, "is_direction_change": false}
[2026-09-25 18:39:26.938] [SFX] {"sound": "click_target", "volume": 0.63}
[2026-09-25 18:39:27.066] [SFX] {"sound": "civ_move_2", "volume": 0.11}
[2026-09-25 18:39:27.100] [SFX] {"sound": "player_move", "volume": 0.4}
[2026-09-25 18:39:27.479] [SFX] {"sound": "civ_move_2", "volume": 0.14}
[2026-09-25 18:39:28.304] [SFX] {"sound": "civ_move_2", "volume": 0.13}
[2026-09-25 18:39:28.962] [M] {"button": 1, "pos": [228, 184], "ui_clicked": false}
[2026-09-25 18:39:28.970] [P] {"start": [63, 16], "goal": [51, 16], "length": 1, "is_direction_change": false}
[2026-09-25 18:39:28.971] [SFX] {"sound": "click_target", "volume": 0.57}
[2026-09-25 18:39:29.032] [SFX] {"sound": "player_move", "volume": 0.4}
[2026-09-25 18:39:29.116] [SFX] {"sound": "civ_move_2", "volume": 0.14}
[2026-09-25 18:39:29.345] [SFX] {"sound": "player_move", "volume": 0.4}
[2026-09-25 18:39:29.528] [SFX] {"sound": "civ_move_2", "volume": 0.15}
[2026-09-25 18:39:29.611] [M] {"button": 1, "pos": [228, 184], "ui_clicked": false}
[2026-09-25 18:39:29.939] [SFX] {"sound": "civ_move_2", "volume": 0.14}
[2026-09-25 18:39:30.346] [SFX] {"sound": "civ_move_2", "volume": 0.13}
[2026-09-25 18:39:30.410] [M] {"button": 1, "pos": [300, 225], "ui_clicked": false}
[2026-09-25 18:39:30.417] [P] {"start": [51, 16], "goal": [48, 21], "length": 2, "is_direction_change": false}
[2026-09-25 18:39:30.418] [SFX] {"sound": "click_target", "volume": 0.68}
[2026-09-25 18:39:30.499] [SFX] {"sound": "player_move", "volume": 0.4}
[2026-09-25 18:39:30.746] [SFX] {"sound": "civ_move_2", "volume": 0.15}
[2026-09-25 18:39:30.811] [SFX] {"sound": "player_move", "volume": 0.4}
[2026-09-25 18:39:30.924] [M] {"button": 1, "pos": [312, 226], "ui_clicked": false}
[2026-09-25 18:39:31.153] [SFX] {"sound": "civ_move_2", "volume": 0.15}
[2026-09-25 18:39:31.300] [M] {"button": 1, "pos": [315, 228], "ui_clicked": false}
[2026-09-25 18:39:31.565] [SFX] {"sound": "civ_move_2", "volume": 0.14}
[2026-09-25 18:39:31.729] [M] {"button": 1, "pos": [326, 230], "ui_clicked": false}
[2026-09-25 18:39:31.736] [P] {"start": [48, 21], "goal": [48, 27], "length": 1, "is_direction_change": false}
[2026-09-25 18:39:31.737] [SFX] {"sound": "click_target", "volume": 0.67}
[2026-09-25 18:39:31.966] [SFX] {"sound": "civ_move_2", "volume": 0.16}
[2026-09-25 18:39:31.967] [SFX] {"sound": "civ_move_2", "volume": 0.0}
[2026-09-25 18:39:32.245] [M] {"button": 1, "pos": [326, 230], "ui_clicked": false}
[2026-09-25 18:39:32.253] [P] {"start": [48, 27], "goal": [48, 32], "length": 1, "is_direction_change": false}
[2026-09-25 18:39:32.254] [SFX] {"sound": "click_target", "volume": 0.69}
[2026-09-25 18:39:32.289] [SFX] {"sound": "player_move", "volume": 0.4}
[2026-09-25 18:39:32.367] [SFX] {"sound": "civ_move_2", "volume": 0.17}
[2026-09-25 18:39:32.367] [SFX] {"sound": "civ_move_2", "volume": 0.03}
[2026-09-25 18:39:32.391] [SFX] {"sound": "civ_move_1", "volume": 0.0}
[2026-09-25 18:39:32.771] [SFX] {"sound": "civ_move_2", "volume": 0.17}
[2026-09-25 18:39:32.772] [SFX] {"sound": "civ_move_2", "volume": 0.05}
[2026-09-25 18:39:32.788] [M] {"button": 1, "pos": [327, 230], "ui_clicked": false}
[2026-09-25 18:39:32.796] [SFX] {"sound": "civ_move_1", "volume": 0.01}
[2026-09-25 18:39:32.797] [P] {"start": [48, 32], "goal": [48, 37], "length": 1, "is_direction_change": false}
[2026-09-25 18:39:32.798] [SFX] {"sound": "click_target", "volume": 0.69}
[2026-09-25 18:39:32.866] [SFX] {"sound": "player_move", "volume": 0.4}
[2026-09-25 18:39:33.164] [M] {"button": 1, "pos": [327, 230], "ui_clicked": false}
[2026-09-25 18:39:33.172] [P] {"start": [48, 37], "goal": [48, 41], "length": 1, "is_direction_change": false}
[2026-09-25 18:39:33.173] [SFX] {"sound": "click_target", "volume": 0.7}
[2026-09-25 18:39:33.237] [SFX] {"sound": "civ_move_2", "volume": 0.2}
[2026-09-25 18:39:33.238] [SFX] {"sound": "civ_move_2", "volume": 0.08}
[2026-09-25 18:39:33.254] [SFX] {"sound": "civ_move_1", "volume": 0.03}
[2026-09-25 18:39:33.297] [SFX] {"sound": "civ_move_1", "volume": 0.01}
[2026-09-25 18:39:33.319] [SFX] {"sound": "player_move", "volume": 0.4}
[2026-09-25 18:39:33.514] [SFX] {"sound": "guardian_move", "volume": 0.01}
[2026-09-25 18:39:33.595] [SFX] {"sound": "civ_move_2", "volume": 0.21}
[2026-09-25 18:39:33.596] [SFX] {"sound": "civ_move_2", "volume": 0.1}
[2026-09-25 18:39:33.662] [SFX] {"sound": "civ_move_1", "volume": 0.03}
[2026-09-25 18:39:33.710] [SFX] {"sound": "civ_move_1", "volume": 0.01}
[2026-09-25 18:39:34.008] [SFX] {"sound": "civ_move_2", "volume": 0.2}
[2026-09-25 18:39:34.008] [SFX] {"sound": "civ_move_2", "volume": 0.1}
[2026-09-25 18:39:34.073] [SFX] {"sound": "civ_move_1", "volume": 0.02}
[2026-09-25 18:39:34.124] [SFX] {"sound": "civ_move_1", "volume": 0.0}
[2026-09-25 18:39:34.190] [M] {"button": 1, "pos": [327, 230], "ui_clicked": false}
[2026-09-25 18:39:34.198] [SFX] {"sound": "click_target", "volume": 0.67}
[2026-09-25 18:39:34.423] [SFX] {"sound": "civ_move_2", "volume": 0.22}
[2026-09-25 18:39:34.424] [SFX] {"sound": "civ_move_2", "volume": 0.12}
[2026-09-25 18:39:34.456] [SFX] {"sound": "player_move", "volume": 0.4}
[2026-09-25 18:39:34.489] [SFX] {"sound": "civ_move_1", "volume": 0.02}
[2026-09-25 18:39:34.538] [SFX] {"sound": "civ_move_1", "volume": 0.01}
[2026-09-25 18:39:34.571] [C] {"civ_pos": [48, 50]}
[2026-09-25 18:39:34.698] [SFX] {"sound": "civ_move_1", "volume": 0.02}
[2026-09-25 18:39:34.731] [SFX] {"sound": "guardian_move", "volume": 0.01}
[2026-09-25 18:39:34.764] [SFX] {"sound": "player_move", "volume": 0.4}
[2026-09-25 18:39:34.829] [SFX] {"sound": "civ_move_2", "volume": 0.23}
[2026-09-25 18:39:34.829] [SFX] {"sound": "civ_move_2", "volume": 0.14}
[2026-09-25 18:39:34.894] [SFX] {"sound": "civ_move_1", "volume": 0.02}
[2026-09-25 18:39:34.943] [SFX] {"sound": "civ_move_1", "volume": 0.01}
[2026-09-25 18:39:35.076] [SFX] {"sound": "player_move", "volume": 0.4}
[2026-09-25 18:39:35.109] [SFX] {"sound": "civ_move_1", "volume": 0.03}
[2026-09-25 18:39:35.142] [SFX] {"sound": "threat_pulse", "volume": 0.31}
[2026-09-25 18:39:35.240] [SFX] {"sound": "civ_move_2", "volume": 0.23}
[2026-09-25 18:39:35.241] [SFX] {"sound": "civ_move_2", "volume": 0.14}
[2026-09-25 18:39:35.307] [SFX] {"sound": "civ_move_1", "volume": 0.01}
[2026-09-25 18:39:35.339] [SFX] {"sound": "guardian_move", "volume": 0.0}
[2026-09-25 18:39:35.361] [SFX] {"sound": "civ_move_1", "volume": 0.01}
[2026-09-25 18:39:35.389] [SFX] {"sound": "player_move", "volume": 0.4}
[2026-09-25 18:39:35.520] [SFX] {"sound": "civ_move_1", "volume": 0.04}
[2026-09-25 18:39:35.655] [SFX] {"sound": "civ_move_2", "volume": 0.23}
[2026-09-25 18:39:35.656] [SFX] {"sound": "civ_move_2", "volume": 0.14}
[2026-09-25 18:39:35.704] [SFX] {"sound": "player_move", "volume": 0.4}
[2026-09-25 18:39:35.725] [SFX] {"sound": "civ_move_1", "volume": 0.01}
[2026-09-25 18:39:35.933] [SFX] {"sound": "civ_move_1", "volume": 0.06}
[2026-09-25 18:39:35.967] [M] {"button": 1, "pos": [354, 240], "ui_clicked": true}
[2026-09-25 18:39:35.998] [JACK] Blick ins Systemfenster... Was führen wir im Schild?
[2026-09-25 18:39:36.013] [SFX] {"sound": "player_move", "volume": 0.4}
[2026-09-25 18:39:36.056] [SFX] {"sound": "civ_move_2", "volume": 0.23}
[2026-09-25 18:39:36.056] [SFX] {"sound": "civ_move_2", "volume": 0.13}
[2026-09-25 18:39:36.057] [SFX] {"sound": "threat_pulse", "volume": 0.32}
[2026-09-25 18:39:36.088] [SFX] {"sound": "infiltrate 1", "volume": 0.5}
[2026-09-25 18:39:36.318] [SFX] {"sound": "player_move", "volume": 0.4}
[2026-09-25 18:39:36.341] [SFX] {"sound": "civ_move_1", "volume": 0.07}
[2026-09-25 18:39:36.469] [SFX] {"sound": "civ_move_2", "volume": 0.23}
[2026-09-25 18:39:36.471] [SFX] {"sound": "civ_move_2", "volume": 0.13}
[2026-09-25 18:39:36.501] [SFX] {"sound": "infiltrate 2", "volume": 0.5}
[2026-09-25 18:39:36.618] [SFX] {"sound": "player_move", "volume": 0.4}
[2026-09-25 18:39:36.749] [SFX] {"sound": "civ_move_1", "volume": 0.09}
[2026-09-25 18:39:36.879] [SFX] {"sound": "civ_move_2", "volume": 0.23}
[2026-09-25 18:39:36.880] [SFX] {"sound": "civ_move_2", "volume": 0.12}
[2026-09-25 18:39:36.912] [SFX] {"sound": "infiltrate 2", "volume": 0.5}
[2026-09-25 18:39:36.934] [SFX] {"sound": "player_move", "volume": 0.4}
[2026-09-25 18:39:36.963] [SFX] {"sound": "threat_pulse", "volume": 0.33}
[2026-09-25 18:39:37.079] [C] {"civ_pos": [48, 60]}
[2026-09-25 18:39:37.163] [SFX] {"sound": "civ_move_1", "volume": 0.1}
[2026-09-25 18:39:37.230] [SFX] {"sound": "player_move", "volume": 0.4}
[2026-09-25 18:39:37.280] [SFX] {"sound": "civ_move_2", "volume": 0.29}
[2026-09-25 18:39:37.281] [SFX] {"sound": "civ_move_2", "volume": 0.12}
[2026-09-25 18:39:37.542] [SFX] {"sound": "player_move", "volume": 0.4}
[2026-09-25 18:39:37.575] [SFX] {"sound": "civ_move_1", "volume": 0.11}
[2026-09-25 18:39:37.692] [SFX] {"sound": "civ_move_2", "volume": 0.29}
[2026-09-25 18:39:37.693] [SFX] {"sound": "civ_move_2", "volume": 0.1}
[2026-09-25 18:39:37.856] [SFX] {"sound": "player_move", "volume": 0.4}
[2026-09-25 18:39:37.880] [SFX] {"sound": "threat_pulse", "volume": 0.34}
[2026-09-25 18:39:37.990] [SFX] {"sound": "civ_move_1", "volume": 0.12}
[2026-09-25 18:39:38.106] [SFX] {"sound": "civ_move_2", "volume": 0.29}
[2026-09-25 18:39:38.107] [SFX] {"sound": "civ_move_2", "volume": 0.08}
[2026-09-25 18:39:38.157] [SFX] {"sound": "player_move", "volume": 0.4}
[2026-09-25 18:39:38.399] [SFX] {"sound": "civ_move_1", "volume": 0.13}
[2026-09-25 18:39:38.465] [SFX] {"sound": "player_move", "volume": 0.4}
[2026-09-25 18:39:38.515] [SFX] {"sound": "civ_move_2", "volume": 0.29}
[2026-09-25 18:39:38.516] [SFX] {"sound": "civ_move_2", "volume": 0.06}
[2026-09-25 18:39:38.773] [SFX] {"sound": "player_move", "volume": 0.4}
[2026-09-25 18:39:38.774] [SFX] {"sound": "threat_pulse", "volume": 0.35}
[2026-09-25 18:39:38.806] [SFX] {"sound": "civ_move_1", "volume": 0.13}
[2026-09-25 18:39:38.922] [SFX] {"sound": "civ_move_2", "volume": 0.29}
[2026-09-25 18:39:38.922] [SFX] {"sound": "civ_move_2", "volume": 0.04}
[2026-09-25 18:39:39.087] [SFX] {"sound": "player_move", "volume": 0.4}
[2026-09-25 18:39:39.219] [SFX] {"sound": "civ_move_1", "volume": 0.13}
[2026-09-25 18:39:39.336] [SFX] {"sound": "civ_move_2", "volume": 0.29}
[2026-09-25 18:39:39.337] [SFX] {"sound": "civ_move_2", "volume": 0.02}
[2026-09-25 18:39:39.400] [SFX] {"sound": "player_move", "volume": 0.4}
[2026-09-25 18:39:39.582] [C] {"civ_pos": [58, 60]}
[2026-09-25 18:39:39.647] [SFX] {"sound": "civ_move_1", "volume": 0.13}
[2026-09-25 18:39:39.680] [SFX] {"sound": "threat_pulse", "volume": 0.36}
[2026-09-25 18:39:39.712] [SFX] {"sound": "player_move", "volume": 0.4}
[2026-09-25 18:39:39.744] [SFX] {"sound": "civ_move_2", "volume": 0.29}
[2026-09-25 18:39:39.745] [SFX] {"sound": "civ_move_2", "volume": 0.0}
[2026-09-25 18:39:40.013] [SFX] {"sound": "player_move", "volume": 0.4}
[2026-09-25 18:39:40.048] [SFX] {"sound": "civ_move_1", "volume": 0.12}
[2026-09-25 18:39:40.146] [SFX] {"sound": "civ_move_2", "volume": 0.29}
[2026-09-25 18:39:40.162] [M] {"button": 1, "pos": [372, 216], "ui_clicked": true}
[2026-09-25 18:39:40.229] [SFX] {"sound": "infiltrate 2", "volume": 0.5}
[2026-09-25 18:39:40.327] [SFX] {"sound": "player_move", "volume": 0.4}
[2026-09-25 18:39:40.459] [SFX] {"sound": "civ_move_1", "volume": 0.11}
[2026-09-25 18:39:40.557] [SFX] {"sound": "civ_move_2", "volume": 0.29}
[2026-09-25 18:39:40.589] [SFX] {"sound": "threat_pulse", "volume": 0.37}
[2026-09-25 18:39:40.639] [SFX] {"sound": "player_move", "volume": 0.4}
[2026-09-25 18:39:40.640] [SFX] {"sound": "infiltrate 2", "volume": 0.5}
[2026-09-25 18:39:40.873] [SFX] {"sound": "civ_move_1", "volume": 0.1}
[2026-09-25 18:39:40.939] [SFX] {"sound": "player_move", "volume": 0.4}
[2026-09-25 18:39:40.976] [SFX] {"sound": "civ_move_2", "volume": 0.29}
[2026-09-25 18:39:41.043] [SFX] {"sound": "infiltrate 1", "volume": 0.5}
[2026-09-25 18:39:41.242] [SFX] {"sound": "player_move", "volume": 0.4}
[2026-09-25 18:39:41.275] [SFX] {"sound": "civ_move_1", "volume": 0.1}
[2026-09-25 18:39:41.391] [SFX] {"sound": "civ_move_2", "volume": 0.29}
[2026-09-25 18:39:41.459] [SFX] {"sound": "infiltrate 1", "volume": 0.5}
[2026-09-25 18:39:41.491] [SFX] {"sound": "threat_pulse", "volume": 0.38}
[2026-09-25 18:39:41.557] [SFX] {"sound": "player_move", "volume": 0.4}
[2026-09-25 18:39:41.674] [SFX] {"sound": "civ_move_1", "volume": 0.1}
[2026-09-25 18:39:41.793] [SFX] {"sound": "civ_move_2", "volume": 0.29}
[2026-09-25 18:39:41.859] [SFX] {"sound": "player_move", "volume": 0.4}
[2026-09-25 18:39:41.860] [SFX] {"sound": "infiltrate 1", "volume": 0.5}
[2026-09-25 18:39:41.997] [JACK] Hörst du das Wummern? Sentinels in der Nähe... Bloß keinen falschen Schritt machen!
[2026-09-25 18:39:42.075] [SFX] {"sound": "civ_move_1", "volume": 0.1}
[2026-09-25 18:39:42.097] [C] {"civ_pos": [68, 60]}
[2026-09-25 18:39:42.164] [SFX] {"sound": "player_move", "volume": 0.4}
[2026-09-25 18:39:42.198] [SFX] {"sound": "civ_move_2", "volume": 0.29}
[2026-09-25 18:39:42.263] [SFX] {"sound": "infiltrate 2", "volume": 0.5}
[2026-09-25 18:39:42.297] [SFX] {"sound": "threat_pulse", "volume": 0.39}
[2026-09-25 18:39:42.465] [SFX] {"sound": "player_move", "volume": 0.4}
[2026-09-25 18:39:42.489] [SFX] {"sound": "civ_move_1", "volume": 0.1}
[2026-09-25 18:39:42.599] [SFX] {"sound": "civ_move_2", "volume": 0.29}
[2026-09-25 18:39:42.667] [SFX] {"sound": "infiltrate 1", "volume": 0.5}
[2026-09-25 18:39:42.766] [SFX] {"sound": "player_move", "volume": 0.4}
[2026-09-25 18:39:42.897] [SFX] {"sound": "civ_move_1", "volume": 0.11}
[2026-09-25 18:39:43.011] [SFX] {"sound": "civ_move_2", "volume": 0.29}
[2026-09-25 18:39:43.081] [SFX] {"sound": "player_move", "volume": 0.4}
[2026-09-25 18:39:43.081] [SFX] {"sound": "infiltrate 2", "volume": 0.5}
[2026-09-25 18:39:43.104] [SFX] {"sound": "threat_pulse", "volume": 0.47}
[2026-09-25 18:39:43.166] [SFX] {"sound": "hack_success", "volume": 1.0}
[2026-09-25 18:39:43.300] [SFX] {"sound": "civ_move_1", "volume": 0.11}
[2026-09-25 18:39:43.414] [SFX] {"sound": "civ_move_2", "volume": 0.29}
[2026-09-25 18:39:43.710] [SFX] {"sound": "civ_move_1", "volume": 0.11}
[2026-09-25 18:39:43.711] [SFX] {"sound": "threat_pulse", "volume": 0.45}
[2026-09-25 18:39:43.825] [SFX] {"sound": "civ_move_2", "volume": 0.29}
[2026-09-25 18:39:44.119] [SFX] {"sound": "civ_move_1", "volume": 0.12}
[2026-09-25 18:39:44.234] [SFX] {"sound": "civ_move_2", "volume": 0.29}
[2026-09-25 18:39:44.413] [SFX] {"sound": "threat_pulse", "volume": 0.42}
[2026-09-25 18:39:44.531] [SFX] {"sound": "civ_move_1", "volume": 0.11}
[2026-09-25 18:39:44.596] [C] {"civ_pos": [69, 60]}
[2026-09-25 18:39:44.654] [M] {"button": 1, "pos": [257, 185], "ui_clicked": false}
[2026-09-25 18:39:44.661] [SFX] {"sound": "civ_move_2", "volume": 0.29}
[2026-09-25 18:39:44.662] [P] {"start": [68, 60], "goal": [60, 60], "length": 1, "is_direction_change": false}
[2026-09-25 18:39:44.663] [SFX] {"sound": "click_target", "volume": 0.64}
[2026-09-25 18:39:44.685] [JACK] Diese Bedrohung ist greifbar... Die Wachen dürfen unser Signal nicht isolieren.
[2026-09-25 18:39:44.878] [SFX] {"sound": "player_move", "volume": 0.4}
[2026-09-25 18:39:44.946] [SFX] {"sound": "civ_move_1", "volume": 0.13}
[2026-09-25 18:39:45.062] [SFX] {"sound": "civ_move_2", "volume": 0.23}
[2026-09-25 18:39:45.227] [SFX] {"sound": "threat_pulse", "volume": 0.38}
[2026-09-25 18:39:45.277] [M] {"button": 1, "pos": [257, 185], "ui_clicked": false}
[2026-09-25 18:39:45.285] [P] {"start": [60, 60], "goal": [53, 60], "length": 1, "is_direction_change": false}
[2026-09-25 18:39:45.286] [SFX] {"sound": "click_target", "volume": 0.66}
[2026-09-25 18:39:45.320] [JACK] Achtung! Guardians patrouillieren den Sektor. Wir müssen extrem vorsichtig sein!
[2026-09-25 18:39:45.363] [SFX] {"sound": "civ_move_1", "volume": 0.15}
[2026-09-25 18:39:45.395] [SFX] {"sound": "player_move", "volume": 0.4}
[2026-09-25 18:39:45.475] [SFX] {"sound": "civ_move_2", "volume": 0.2}
[2026-09-25 18:39:45.776] [SFX] {"sound": "civ_move_1", "volume": 0.17}
[2026-09-25 18:39:45.875] [SFX] {"sound": "civ_move_2", "volume": 0.18}
[2026-09-25 18:39:46.058] [M] {"button": 1, "pos": [284, 222], "ui_clicked": false}
[2026-09-25 18:39:46.065] [P] {"start": [53, 60], "goal": [48, 65], "length": 2, "is_direction_change": false}
[2026-09-25 18:39:46.066] [SFX] {"sound": "click_target", "volume": 0.67}
[2026-09-25 18:39:46.138] [SFX] {"sound": "player_move", "volume": 0.4}
[2026-09-25 18:39:46.139] [SFX] {"sound": "threat_pulse", "volume": 0.33}
[2026-09-25 18:39:46.189] [SFX] {"sound": "civ_move_1", "volume": 0.18}
[2026-09-25 18:39:46.287] [SFX] {"sound": "civ_move_2", "volume": 0.14}
[2026-09-25 18:39:46.453] [SFX] {"sound": "player_move", "volume": 0.4}
[2026-09-25 18:39:46.604] [SFX] {"sound": "civ_move_1", "volume": 0.23}
[2026-09-25 18:39:46.702] [SFX] {"sound": "civ_move_2", "volume": 0.14}
[2026-09-25 18:39:47.016] [SFX] {"sound": "civ_move_1", "volume": 0.22}
[2026-09-25 18:39:47.113] [SFX] {"sound": "civ_move_2", "volume": 0.14}
[2026-09-25 18:39:47.426] [SFX] {"sound": "civ_move_1", "volume": 0.21}
[2026-09-25 18:39:47.524] [SFX] {"sound": "civ_move_2", "volume": 0.14}
[2026-09-25 18:39:47.839] [SFX] {"sound": "civ_move_1", "volume": 0.19}
[2026-09-25 18:39:47.939] [SFX] {"sound": "civ_move_2", "volume": 0.14}
[2026-09-25 18:39:47.955] [M] {"button": 1, "pos": [297, 184], "ui_clicked": false}
[2026-09-25 18:39:48.251] [SFX] {"sound": "civ_move_1", "volume": 0.18}
[2026-09-25 18:39:48.350] [SFX] {"sound": "civ_move_2", "volume": 0.14}
[2026-09-25 18:39:48.499] [M] {"button": 1, "pos": [296, 177], "ui_clicked": false}
[2026-09-25 18:39:48.507] [P] {"start": [48, 65], "goal": [45, 64], "length": 2, "is_direction_change": false}
[2026-09-25 18:39:48.508] [SFX] {"sound": "click_target", "volume": 0.92}
[2026-09-25 18:39:48.653] [SFX] {"sound": "civ_move_1", "volume": 0.18}
[2026-09-25 18:39:48.685] [SFX] {"sound": "player_move", "volume": 0.4}
[2026-09-25 18:39:48.752] [SFX] {"sound": "civ_move_2", "volume": 0.12}
[2026-09-25 18:39:49.030] [SFX] {"sound": "guardian_move", "volume": 0.03}
[2026-09-25 18:39:49.063] [SFX] {"sound": "civ_move_1", "volume": 0.18}
[2026-09-25 18:39:49.160] [SFX] {"sound": "civ_move_2", "volume": 0.12}
[2026-09-25 18:39:49.474] [SFX] {"sound": "civ_move_1", "volume": 0.17}
[2026-09-25 18:39:49.557] [M] {"button": 1, "pos": [319, 165], "ui_clicked": false}
[2026-09-25 18:39:49.563] [SFX] {"sound": "click_target", "volume": 0.95}
[2026-09-25 18:39:49.580] [SFX] {"sound": "civ_move_2", "volume": 0.12}
[2026-09-25 18:39:49.639] [SFX] {"sound": "guardian_move", "volume": 0.04}
[2026-09-25 18:39:49.855] [SFX] {"sound": "player_move", "volume": 0.4}
[2026-09-25 18:39:49.888] [SFX] {"sound": "civ_move_1", "volume": 0.1}
[2026-09-25 18:39:49.988] [SFX] {"sound": "civ_move_2", "volume": 0.13}
[2026-09-25 18:39:50.251] [SFX] {"sound": "guardian_move", "volume": 0.05}
[2026-09-25 18:39:50.301] [SFX] {"sound": "civ_move_1", "volume": 0.1}
[2026-09-25 18:39:50.401] [SFX] {"sound": "civ_move_2", "volume": 0.13}
[2026-09-25 18:39:50.714] [SFX] {"sound": "civ_move_1", "volume": 0.09}
[2026-09-25 18:39:50.814] [SFX] {"sound": "civ_move_2", "volume": 0.13}
[2026-09-25 18:39:50.863] [SFX] {"sound": "guardian_move", "volume": 0.06}
[2026-09-25 18:39:51.114] [SFX] {"sound": "civ_move_1", "volume": 0.08}
[2026-09-25 18:39:51.147] [M] {"button": 1, "pos": [326, 209], "ui_clicked": true}
[2026-09-25 18:39:51.216] [SFX] {"sound": "civ_move_2", "volume": 0.13}
[2026-09-25 18:39:51.463] [SFX] {"sound": "guardian_move", "volume": 0.08}
[2026-09-25 18:39:51.464] [SFX] {"sound": "infiltrate 2", "volume": 0.5}
[2026-09-25 18:39:51.530] [SFX] {"sound": "civ_move_1", "volume": 0.07}
[2026-09-25 18:39:51.631] [SFX] {"sound": "civ_move_2", "volume": 0.13}
[2026-09-25 18:39:51.864] [SFX] {"sound": "infiltrate 1", "volume": 0.5}
[2026-09-25 18:39:51.948] [SFX] {"sound": "civ_move_1", "volume": 0.06}
[2026-09-25 18:39:52.046] [SFX] {"sound": "civ_move_2", "volume": 0.13}
[2026-09-25 18:39:52.078] [SFX] {"sound": "guardian_move", "volume": 0.1}
[2026-09-25 18:39:52.275] [SFX] {"sound": "infiltrate 2", "volume": 0.5}
[2026-09-25 18:39:52.330] [M] {"button": 1, "pos": [341, 191], "ui_clicked": true}
[2026-09-25 18:39:52.344] [JACK] Inventar durchwühlen. Wo liegt das passende Tool?
[2026-09-25 18:39:52.360] [SFX] {"sound": "civ_move_1", "volume": 0.05}
[2026-09-25 18:39:52.451] [SFX] {"sound": "civ_move_2", "volume": 0.13}
[2026-09-25 18:39:52.684] [SFX] {"sound": "guardian_move", "volume": 0.12}
[2026-09-25 18:39:52.706] [SFX] {"sound": "infiltrate 1", "volume": 0.5}
[2026-09-25 18:39:52.764] [SFX] {"sound": "civ_move_1", "volume": 0.04}
[2026-09-25 18:39:52.863] [SFX] {"sound": "civ_move_2", "volume": 0.13}
[2026-09-25 18:39:53.109] [SFX] {"sound": "infiltrate 2", "volume": 0.5}
[2026-09-25 18:39:53.175] [SFX] {"sound": "civ_move_1", "volume": 0.03}
[2026-09-25 18:39:53.176] [SFX] {"sound": "civ_move_1", "volume": 0.0}
[2026-09-25 18:39:53.274] [SFX] {"sound": "civ_move_2", "volume": 0.13}
[2026-09-25 18:39:53.297] [SFX] {"sound": "guardian_move", "volume": 0.14}
[2026-09-25 18:39:53.523] [SFX] {"sound": "infiltrate 2", "volume": 0.5}
[2026-09-25 18:39:53.589] [SFX] {"sound": "civ_move_1", "volume": 0.02}
[2026-09-25 18:39:53.589] [SFX] {"sound": "civ_move_1", "volume": 0.01}
[2026-09-25 18:39:53.689] [SFX] {"sound": "civ_move_2", "volume": 0.13}
[2026-09-25 18:39:53.906] [SFX] {"sound": "guardian_move", "volume": 0.16}
[2026-09-25 18:39:53.938] [SFX] {"sound": "infiltrate 1", "volume": 0.5}
[2026-09-25 18:39:54.005] [SFX] {"sound": "civ_move_1", "volume": 0.01}
[2026-09-25 18:39:54.005] [SFX] {"sound": "civ_move_1", "volume": 0.02}
[2026-09-25 18:39:54.100] [SFX] {"sound": "civ_move_2", "volume": 0.13}
[2026-09-25 18:39:54.183] [SFX] {"sound": "hack_success", "volume": 1.0}
[2026-09-25 18:39:54.414] [SFX] {"sound": "civ_move_1", "volume": 0.01}
[2026-09-25 18:39:54.414] [SFX] {"sound": "civ_move_1", "volume": 0.03}
[2026-09-25 18:39:54.514] [SFX] {"sound": "guardian_move", "volume": 0.18}
[2026-09-25 18:39:54.515] [SFX] {"sound": "civ_move_2", "volume": 0.13}
[2026-09-25 18:39:54.827] [SFX] {"sound": "civ_move_1", "volume": 0.01}
[2026-09-25 18:39:54.828] [SFX] {"sound": "civ_move_1", "volume": 0.04}
[2026-09-25 18:39:54.890] [M] {"button": 1, "pos": [266, 180], "ui_clicked": false}
[2026-09-25 18:39:54.898] [P] {"start": [46, 60], "goal": [40, 60], "length": 1, "is_direction_change": false}
[2026-09-25 18:39:54.899] [SFX] {"sound": "click_target", "volume": 0.67}
[2026-09-25 18:39:54.962] [SFX] {"sound": "civ_move_2", "volume": 0.12}
[2026-09-25 18:39:55.060] [SFX] {"sound": "player_move", "volume": 0.4}
[2026-09-25 18:39:55.127] [SFX] {"sound": "guardian_move", "volume": 0.23}
[2026-09-25 18:39:55.226] [SFX] {"sound": "civ_move_1", "volume": 0.04}
[2026-09-25 18:39:55.227] [SFX] {"sound": "civ_move_1", "volume": 0.01}
[2026-09-25 18:39:55.374] [SFX] {"sound": "civ_move_2", "volume": 0.08}
[2026-09-25 18:39:55.375] [SFX] {"sound": "civ_move_2", "volume": 0.03}
[2026-09-25 18:39:55.439] [M] {"button": 1, "pos": [266, 180], "ui_clicked": false}
[2026-09-25 18:39:55.447] [P] {"start": [40, 60], "goal": [34, 60], "length": 1, "is_direction_change": false}
[2026-09-25 18:39:55.448] [SFX] {"sound": "click_target", "volume": 0.69}
[2026-09-25 18:39:55.591] [SFX] {"sound": "player_move", "volume": 0.4}
[2026-09-25 18:39:55.641] [SFX] {"sound": "civ_move_1", "volume": 0.06}
[2026-09-25 18:39:55.739] [SFX] {"sound": "guardian_move", "volume": 0.29}
[2026-09-25 18:39:55.789] [SFX] {"sound": "civ_move_2", "volume": 0.04}
[2026-09-25 18:39:55.790] [SFX] {"sound": "civ_move_2", "volume": 0.07}
[2026-09-25 18:39:55.934] [M] {"button": 1, "pos": [266, 180], "ui_clicked": false}
[2026-09-25 18:39:55.942] [P] {"start": [34, 60], "goal": [28, 60], "length": 1, "is_direction_change": false}
[2026-09-25 18:39:55.943] [SFX] {"sound": "click_target", "volume": 0.69}
[2026-09-25 18:39:55.985] [JACK] Überall Wacheinheiten... Ihr bedrohliches Summen brennt sich ins Deck.
[2026-09-25 18:39:56.043] [SFX] {"sound": "civ_move_1", "volume": 0.08}
[2026-09-25 18:39:56.095] [SFX] {"sound": "player_move", "volume": 0.4}
[2026-09-25 18:39:56.192] [SFX] {"sound": "civ_move_2", "volume": 0.1}
[2026-09-25 18:39:56.342] [SFX] {"sound": "guardian_move", "volume": 0.24}
[2026-09-25 18:39:56.459] [SFX] {"sound": "civ_move_1", "volume": 0.1}
[2026-09-25 18:39:56.592] [SFX] {"sound": "civ_move_2", "volume": 0.11}
[2026-09-25 18:39:56.874] [SFX] {"sound": "civ_move_1", "volume": 0.1}
[2026-09-25 18:39:56.943] [SFX] {"sound": "guardian_move", "volume": 0.22}
[2026-09-25 18:39:56.992] [SFX] {"sound": "civ_move_2", "volume": 0.11}
[2026-09-25 18:39:57.287] [SFX] {"sound": "civ_move_1", "volume": 0.09}
[2026-09-25 18:39:57.403] [SFX] {"sound": "civ_move_2", "volume": 0.12}
[2026-09-25 18:39:57.470] [M] {"button": 1, "pos": [309, 182], "ui_clicked": false}
[2026-09-25 18:39:57.477] [P] {"start": [28, 60], "goal": [26, 60], "length": 1, "is_direction_change": false}
[2026-09-25 18:39:57.478] [SFX] {"sound": "click_target", "volume": 0.77}
[2026-09-25 18:39:57.557] [SFX] {"sound": "guardian_move", "volume": 0.19}
[2026-09-25 18:39:57.688] [SFX] {"sound": "civ_move_1", "volume": 0.1}
[2026-09-25 18:39:57.721] [SFX] {"sound": "threat_pulse", "volume": 0.3}
[2026-09-25 18:39:57.803] [SFX] {"sound": "civ_move_2", "volume": 0.13}
[2026-09-25 18:39:58.100] [SFX] {"sound": "civ_move_1", "volume": 0.1}
[2026-09-25 18:39:58.168] [SFX] {"sound": "guardian_move", "volume": 0.17}
[2026-09-25 18:39:58.204] [SFX] {"sound": "civ_move_2", "volume": 0.13}
[2026-09-25 18:39:58.501] [SFX] {"sound": "civ_move_1", "volume": 0.09}
[2026-09-25 18:39:58.501] [SFX] {"sound": "civ_move_1", "volume": 0.0}
[2026-09-25 18:39:58.617] [SFX] {"sound": "civ_move_2", "volume": 0.14}
[2026-09-25 18:39:58.640] [SFX] {"sound": "threat_pulse", "volume": 0.33}
[2026-09-25 18:39:58.667] [M] {"button": 1, "pos": [291, 179], "ui_clicked": false}
[2026-09-25 18:39:58.783] [SFX] {"sound": "guardian_move", "volume": 0.15}
[2026-09-25 18:39:58.914] [SFX] {"sound": "civ_move_1", "volume": 0.09}
[2026-09-25 18:39:58.915] [SFX] {"sound": "civ_move_1", "volume": 0.01}
[2026-09-25 18:39:59.012] [M] {"button": 1, "pos": [289, 180], "ui_clicked": false}
[2026-09-25 18:39:59.019] [P] {"start": [26, 60], "goal": [22, 60], "length": 1, "is_direction_change": false}
[2026-09-25 18:39:59.020] [SFX] {"sound": "click_target", "volume": 0.72}
[2026-09-25 18:39:59.064] [JACK] IoT-Überwachung überall... Kameras, Mikrofone und Scanner wollen uns ertappen!
[2026-09-25 18:39:59.065] [SFX] {"sound": "civ_move_2", "volume": 0.15}
[2026-09-25 18:39:59.109] [SFX] {"sound": "player_move", "volume": 0.4}
[2026-09-25 18:39:59.322] [SFX] {"sound": "civ_move_1", "volume": 0.12}
[2026-09-25 18:39:59.388] [SFX] {"sound": "guardian_move", "volume": 0.11}
[2026-09-25 18:39:59.438] [SFX] {"sound": "civ_move_2", "volume": 0.18}
[2026-09-25 18:39:59.506] [M] {"button": 1, "pos": [278, 180], "ui_clicked": false}
[2026-09-25 18:39:59.513] [P] {"start": [22, 60], "goal": [17, 60], "length": 1, "is_direction_change": false}
[2026-09-25 18:39:59.514] [SFX] {"sound": "click_target", "volume": 0.7}
[2026-09-25 18:39:59.565] [SFX] {"sound": "threat_pulse", "volume": 0.31}
[2026-09-25 18:39:59.714] [SFX] {"sound": "player_move", "volume": 0.4}
[2026-09-25 18:39:59.738] [SFX] {"sound": "civ_move_1", "volume": 0.16}
[2026-09-25 18:39:59.845] [SFX] {"sound": "civ_move_2", "volume": 0.21}
[2026-09-25 18:39:59.993] [SFX] {"sound": "guardian_move", "volume": 0.07}
[2026-09-25 18:40:00.043] [M] {"button": 1, "pos": [278, 180], "ui_clicked": false}
[2026-09-25 18:40:00.051] [P] {"start": [17, 60], "goal": [12, 60], "length": 1, "is_direction_change": false}
[2026-09-25 18:40:00.052] [SFX] {"sound": "click_target", "volume": 0.71}
[2026-09-25 18:40:00.134] [SFX] {"sound": "civ_move_1", "volume": 0.17}
[2026-09-25 18:40:00.249] [SFX] {"sound": "civ_move_2", "volume": 0.21}
[2026-09-25 18:40:00.515] [M] {"button": 1, "pos": [278, 180], "ui_clicked": false}
[2026-09-25 18:40:00.534] [SFX] {"sound": "civ_move_1", "volume": 0.24}
[2026-09-25 18:40:00.614] [SFX] {"sound": "guardian_move", "volume": 0.06}
[2026-09-25 18:40:00.664] [SFX] {"sound": "civ_move_2", "volume": 0.19}
[2026-09-25 18:40:00.943] [SFX] {"sound": "civ_move_1", "volume": 0.24}
[2026-09-25 18:40:01.074] [SFX] {"sound": "civ_move_2", "volume": 0.19}
[2026-09-25 18:40:01.225] [SFX] {"sound": "guardian_move", "volume": 0.04}
[2026-09-25 18:40:01.323] [M] {"button": 1, "pos": [271, 218], "ui_clicked": false}
[2026-09-25 18:40:01.356] [SFX] {"sound": "civ_move_1", "volume": 0.23}
[2026-09-25 18:40:01.489] [SFX] {"sound": "civ_move_2", "volume": 0.18}
[2026-09-25 18:40:01.702] [M] {"button": 1, "pos": [299, 209], "ui_clicked": false}
[2026-09-25 18:40:01.766] [SFX] {"sound": "civ_move_1", "volume": 0.22}
[2026-09-25 18:40:01.832] [SFX] {"sound": "guardian_move", "volume": 0.04}
[2026-09-25 18:40:01.899] [SFX] {"sound": "civ_move_2", "volume": 0.17}
[2026-09-25 18:40:02.165] [SFX] {"sound": "civ_move_1", "volume": 0.22}
[2026-09-25 18:40:02.166] [SFX] {"sound": "civ_move_1", "volume": 0.0}
[2026-09-25 18:40:02.182] [M] {"button": 1, "pos": [300, 209], "ui_clicked": false}
[2026-09-25 18:40:02.299] [SFX] {"sound": "civ_move_2", "volume": 0.16}
[2026-09-25 18:40:02.447] [SFX] {"sound": "guardian_move", "volume": 0.04}
[2026-09-25 18:40:02.529] [M] {"button": 1, "pos": [304, 213], "ui_clicked": false}
[2026-09-25 18:40:02.537] [P] {"start": [12, 60], "goal": [10, 64], "length": 2, "is_direction_change": false}
[2026-09-25 18:40:02.538] [SFX] {"sound": "click_target", "volume": 0.71}
[2026-09-25 18:40:02.574] [SFX] {"sound": "player_move", "volume": 0.4}
[2026-09-25 18:40:02.576] [SFX] {"sound": "civ_move_1", "volume": 0.21}
[2026-09-25 18:40:02.576] [SFX] {"sound": "civ_move_1", "volume": 0.01}
[2026-09-25 18:40:02.707] [SFX] {"sound": "civ_move_2", "volume": 0.15}
[2026-09-25 18:40:02.984] [SFX] {"sound": "civ_move_1", "volume": 0.01}
[2026-09-25 18:40:03.060] [SFX] {"sound": "guardian_move", "volume": 0.0}
[2026-09-25 18:40:03.110] [SFX] {"sound": "civ_move_2", "volume": 0.16}
[2026-09-25 18:40:03.389] [SFX] {"sound": "civ_move_1", "volume": 0.01}
[2026-09-25 18:40:03.517] [SFX] {"sound": "civ_move_2", "volume": 0.15}
[2026-09-25 18:40:03.551] [M] {"button": 1, "pos": [297, 173], "ui_clicked": false}
[2026-09-25 18:40:03.800] [SFX] {"sound": "civ_move_1", "volume": 0.01}
[2026-09-25 18:40:03.933] [SFX] {"sound": "civ_move_2", "volume": 0.14}
[2026-09-25 18:40:04.065] [M] {"button": 1, "pos": [296, 168], "ui_clicked": false}
[2026-09-25 18:40:04.071] [P] {"start": [10, 64], "goal": [7, 62], "length": 3, "is_direction_change": false}
[2026-09-25 18:40:04.072] [SFX] {"sound": "click_target", "volume": 0.92}
[2026-09-25 18:40:04.116] [SFX] {"sound": "player_move", "volume": 0.4}
[2026-09-25 18:40:04.349] [SFX] {"sound": "civ_move_2", "volume": 0.08}
[2026-09-25 18:40:04.763] [M] {"button": 1, "pos": [305, 229], "ui_clicked": false}
[2026-09-25 18:40:04.770] [SFX] {"sound": "civ_move_2", "volume": 0.07}
[2026-09-25 18:40:04.771] [P] {"start": [7, 62], "goal": [5, 68], "length": 3, "is_direction_change": false}
[2026-09-25 18:40:04.771] [SFX] {"sound": "click_target", "volume": 0.67}
[2026-09-25 18:40:04.851] [SFX] {"sound": "player_move", "volume": 0.4}
[2026-09-25 18:40:05.166] [SFX] {"sound": "civ_move_2", "volume": 0.06}
[2026-09-25 18:40:05.573] [SFX] {"sound": "civ_move_2", "volume": 0.05}
[2026-09-25 18:40:05.987] [SFX] {"sound": "civ_move_2", "volume": 0.04}
[2026-09-25 18:40:06.362] [M] {"button": 1, "pos": [315, 124], "ui_clicked": false}
[2026-09-25 18:40:06.369] [P] {"start": [5, 68], "goal": [4, 60], "length": 6, "is_direction_change": false}
[2026-09-25 18:40:06.370] [SFX] {"sound": "click_target", "volume": 0.82}
[2026-09-25 18:40:06.406] [JACK] Vorsichtig vorantasten...
[2026-09-25 18:40:06.422] [SFX] {"sound": "civ_move_2", "volume": 0.02}
[2026-09-25 18:40:06.646] [SFX] {"sound": "player_move", "volume": 0.4}
[2026-09-25 18:40:07.919] [M] {"button": 1, "pos": [314, 150], "ui_clicked": false}
[2026-09-25 18:40:07.927] [P] {"start": [4, 60], "goal": [3, 56], "length": 2, "is_direction_change": false}
[2026-09-25 18:40:07.928] [SFX] {"sound": "click_target", "volume": 0.91}
[2026-09-25 18:40:08.108] [SFX] {"sound": "player_move", "volume": 0.4}
[2026-09-25 18:40:09.279] [M] {"button": 1, "pos": [310, 208], "ui_clicked": false}
[2026-09-25 18:40:09.707] [M] {"button": 1, "pos": [314, 210], "ui_clicked": false}
[2026-09-25 18:40:09.715] [P] {"start": [3, 56], "goal": [2, 59], "length": 2, "is_direction_change": false}
[2026-09-25 18:40:09.716] [SFX] {"sound": "click_target", "volume": 0.72}
[2026-09-25 18:40:11.248] [M] {"button": 1, "pos": [341, 117], "ui_clicked": false}
[2026-09-25 18:40:11.928] [M] {"button": 1, "pos": [330, 110], "ui_clicked": false}
[2026-09-25 18:40:12.405] [M] {"button": 1, "pos": [322, 125], "ui_clicked": false}
[2026-09-25 18:40:12.413] [P] {"start": [2, 59], "goal": [2, 52], "length": 4, "is_direction_change": false}
[2026-09-25 18:40:12.413] [SFX] {"sound": "click_target", "volume": 0.83}
[2026-09-25 18:40:12.457] [SFX] {"sound": "player_move", "volume": 0.4}
[2026-09-25 18:40:14.257] [M] {"button": 1, "pos": [353, 143], "ui_clicked": false}
[2026-09-25 18:40:14.264] [P] {"start": [2, 52], "goal": [6, 47], "length": 5, "is_direction_change": false}
[2026-09-25 18:40:14.265] [SFX] {"sound": "click_target", "volume": 0.85}
[2026-09-25 18:40:14.358] [SFX] {"sound": "player_move", "volume": 0.4}
[2026-09-25 18:40:15.175] [SFX] {"sound": "civ_move_1", "volume": 0.0}
[2026-09-25 18:40:15.584] [SFX] {"sound": "civ_move_1", "volume": 0.01}
[2026-09-25 18:40:15.948] [M] {"button": 1, "pos": [359, 199], "ui_clicked": false}
[2026-09-25 18:40:16.000] [SFX] {"sound": "civ_move_1", "volume": 0.02}
[2026-09-25 18:40:16.300] [M] {"button": 1, "pos": [366, 205], "ui_clicked": false}
[2026-09-25 18:40:16.400] [SFX] {"sound": "civ_move_1", "volume": 0.03}
[2026-09-25 18:40:16.729] [M] {"button": 1, "pos": [384, 210], "ui_clicked": false}
[2026-09-25 18:40:16.822] [SFX] {"sound": "civ_move_1", "volume": 0.04}
[2026-09-25 18:40:17.217] [SFX] {"sound": "civ_move_1", "volume": 0.05}
[2026-09-25 18:40:17.382] [M] {"button": 1, "pos": [399, 231], "ui_clicked": false}
[2026-09-25 18:40:17.617] [SFX] {"sound": "civ_move_1", "volume": 0.05}
[2026-09-25 18:40:18.025] [SFX] {"sound": "civ_move_1", "volume": 0.06}
[2026-09-25 18:40:18.209] [M] {"button": 2, "pos": [449, 263], "ui_clicked": false}
[2026-09-25 18:40:18.440] [SFX] {"sound": "civ_move_1", "volume": 0.07}
[2026-09-25 18:40:18.440] [SFX] {"sound": "civ_move_2", "volume": 0.01}
[2026-09-25 18:40:18.816] [M] {"button": 5, "pos": [460, 268], "ui_clicked": false}
[2026-09-25 18:40:18.837] [M] {"button": 5, "pos": [460, 271], "ui_clicked": false}
[2026-09-25 18:40:18.856] [M] {"button": 5, "pos": [460, 272], "ui_clicked": false}
[2026-09-25 18:40:18.863] [SFX] {"sound": "civ_move_1", "volume": 0.08}
[2026-09-25 18:40:18.863] [SFX] {"sound": "civ_move_2", "volume": 0.01}
[2026-09-25 18:40:18.890] [M] {"button": 5, "pos": [463, 275], "ui_clicked": false}
[2026-09-25 18:40:19.266] [SFX] {"sound": "civ_move_1", "volume": 0.09}
[2026-09-25 18:40:19.266] [SFX] {"sound": "civ_move_2", "volume": 0.02}
[2026-09-25 18:40:19.666] [SFX] {"sound": "civ_move_1", "volume": 0.09}
[2026-09-25 18:40:19.667] [SFX] {"sound": "civ_move_2", "volume": 0.03}
[2026-09-25 18:40:20.066] [SFX] {"sound": "civ_move_1", "volume": 0.1}
[2026-09-25 18:40:20.066] [SFX] {"sound": "civ_move_2", "volume": 0.04}
[2026-09-25 18:40:20.314] [M] {"button": 4, "pos": [467, 306], "ui_clicked": false}
[2026-09-25 18:40:20.478] [SFX] {"sound": "civ_move_1", "volume": 0.11}
[2026-09-25 18:40:20.479] [SFX] {"sound": "civ_move_2", "volume": 0.05}
[2026-09-25 18:40:20.894] [SFX] {"sound": "civ_move_1", "volume": 0.11}
[2026-09-25 18:40:20.917] [SFX] {"sound": "civ_move_2", "volume": 0.04}
[2026-09-25 18:40:21.308] [SFX] {"sound": "civ_move_1", "volume": 0.12}
[2026-09-25 18:40:21.329] [SFX] {"sound": "civ_move_2", "volume": 0.03}
[2026-09-25 18:40:21.722] [SFX] {"sound": "civ_move_1", "volume": 0.12}
[2026-09-25 18:40:21.745] [SFX] {"sound": "civ_move_2", "volume": 0.02}
[2026-09-25 18:40:21.819] [M] {"button": 1, "pos": [447, 255], "ui_clicked": false}
[2026-09-25 18:40:21.827] [P] {"start": [6, 47], "goal": [28, 60], "length": 22, "is_direction_change": false}
[2026-09-25 18:40:21.828] [SFX] {"sound": "click_target", "volume": 0.27}
[2026-09-25 18:40:21.864] [JACK] Gibt's hier kein Teleport-Protokoll? Das dauert ewig!
[2026-09-25 18:40:21.865] [SFX] {"sound": "player_move", "volume": 0.4}
[2026-09-25 18:40:22.122] [SFX] {"sound": "civ_move_1", "volume": 0.12}
[2026-09-25 18:40:22.145] [SFX] {"sound": "player_move", "volume": 0.4}
[2026-09-25 18:40:22.536] [SFX] {"sound": "civ_move_1", "volume": 0.15}
[2026-09-25 18:40:22.765] [SFX] {"sound": "player_move", "volume": 0.4}
[2026-09-25 18:40:22.946] [SFX] {"sound": "civ_move_1", "volume": 0.17}
[2026-09-25 18:40:23.076] [SFX] {"sound": "player_move", "volume": 0.4}
[2026-09-25 18:40:23.361] [SFX] {"sound": "civ_move_1", "volume": 0.21}
[2026-09-25 18:40:23.384] [SFX] {"sound": "player_move", "volume": 0.4}
[2026-09-25 18:40:23.577] [M] {"button": 1, "pos": [338, 154], "ui_clicked": false}
[2026-09-25 18:40:23.692] [SFX] {"sound": "player_move", "volume": 0.4}
[2026-09-25 18:40:23.714] [SFX] {"sound": "guardian_move", "volume": 0.01}
[2026-09-25 18:40:23.776] [SFX] {"sound": "civ_move_1", "volume": 0.26}
[2026-09-25 18:40:23.992] [SFX] {"sound": "player_move", "volume": 0.4}
[2026-09-25 18:40:24.105] [M] {"button": 1, "pos": [346, 124], "ui_clicked": false}
[2026-09-25 18:40:24.191] [SFX] {"sound": "civ_move_1", "volume": 0.27}
[2026-09-25 18:40:24.290] [C] {"civ_pos": [7, 62]}
[2026-09-25 18:40:24.317] [SFX] {"sound": "player_move", "volume": 0.4}
[2026-09-25 18:40:24.332] [SFX] {"sound": "guardian_move", "volume": 0.06}
[2026-09-25 18:40:24.593] [SFX] {"sound": "civ_move_1", "volume": 0.28}
[2026-09-25 18:40:24.615] [SFX] {"sound": "player_move", "volume": 0.4}
[2026-09-25 18:40:24.626] [M] {"button": 1, "pos": [316, 113], "ui_clicked": false}
[2026-09-25 18:40:24.918] [SFX] {"sound": "player_move", "volume": 0.4}
[2026-09-25 18:40:24.941] [SFX] {"sound": "guardian_move", "volume": 0.12}
[2026-09-25 18:40:24.952] [M] {"button": 1, "pos": [315, 122], "ui_clicked": false}
[2026-09-25 18:40:24.959] [P] {"start": [12, 61], "goal": [9, 52], "length": 26, "is_direction_change": true}
[2026-09-25 18:40:24.960] [SFX] {"sound": "click_target", "volume": 0.77}
[2026-09-25 18:40:25.003] [SFX] {"sound": "civ_move_1", "volume": 0.2}
[2026-09-25 18:40:25.026] [SFX] {"sound": "civ_move_2", "volume": 0.02}
[2026-09-25 18:40:25.219] [SFX] {"sound": "player_move", "volume": 0.4}
[2026-09-25 18:40:25.417] [SFX] {"sound": "civ_move_1", "volume": 0.22}
[2026-09-25 18:40:25.528] [SFX] {"sound": "player_move", "volume": 0.4}
[2026-09-25 18:40:25.551] [SFX] {"sound": "guardian_move", "volume": 0.1}
[2026-09-25 18:40:25.827] [SFX] {"sound": "civ_move_1", "volume": 0.29}
[2026-09-25 18:40:25.848] [SFX] {"sound": "player_move", "volume": 0.4}
[2026-09-25 18:40:26.155] [SFX] {"sound": "guardian_move", "volume": 0.11}
[2026-09-25 18:40:26.239] [SFX] {"sound": "civ_move_1", "volume": 0.21}
[2026-09-25 18:40:26.456] [SFX] {"sound": "player_move", "volume": 0.4}
[2026-09-25 18:40:26.640] [SFX] {"sound": "civ_move_1", "volume": 0.19}
[2026-09-25 18:40:26.758] [SFX] {"sound": "player_move", "volume": 0.4}
[2026-09-25 18:40:26.759] [SFX] {"sound": "guardian_move", "volume": 0.11}
[2026-09-25 18:40:27.042] [SFX] {"sound": "civ_move_1", "volume": 0.16}
[2026-09-25 18:40:27.072] [SFX] {"sound": "player_move", "volume": 0.4}
[2026-09-25 18:40:27.372] [SFX] {"sound": "guardian_move", "volume": 0.09}
[2026-09-25 18:40:27.458] [SFX] {"sound": "civ_move_1", "volume": 0.15}
[2026-09-25 18:40:27.684] [SFX] {"sound": "player_move", "volume": 0.4}
[2026-09-25 18:40:27.866] [SFX] {"sound": "civ_move_1", "volume": 0.13}
[2026-09-25 18:40:27.983] [SFX] {"sound": "guardian_move", "volume": 0.11}
[2026-09-25 18:40:28.007] [SFX] {"sound": "player_move", "volume": 0.4}
[2026-09-25 18:40:28.022] [SFX] {"sound": "civ_move_1", "volume": 0.0}
[2026-09-25 18:40:28.279] [SFX] {"sound": "civ_move_1", "volume": 0.13}
[2026-09-25 18:40:28.312] [SFX] {"sound": "player_move", "volume": 0.4}
[2026-09-25 18:40:28.426] [SFX] {"sound": "civ_move_1", "volume": 0.02}
[2026-09-25 18:40:28.592] [SFX] {"sound": "guardian_move", "volume": 0.14}
[2026-09-25 18:40:28.626] [SFX] {"sound": "player_move", "volume": 0.4}
[2026-09-25 18:40:28.693] [SFX] {"sound": "civ_move_1", "volume": 0.16}
[2026-09-25 18:40:29.105] [SFX] {"sound": "civ_move_1", "volume": 0.17}
[2026-09-25 18:40:29.205] [SFX] {"sound": "guardian_move", "volume": 0.13}
[2026-09-25 18:40:29.255] [SFX] {"sound": "civ_move_1", "volume": 0.0}
[2026-09-25 18:40:29.469] [SFX] {"sound": "civ_move_2", "volume": 0.0}
[2026-09-25 18:40:29.519] [SFX] {"sound": "civ_move_1", "volume": 0.18}
[2026-09-25 18:40:29.685] [SFX] {"sound": "civ_move_1", "volume": 0.0}
[2026-09-25 18:40:29.815] [SFX] {"sound": "guardian_move", "volume": 0.11}
[2026-09-25 18:40:29.881] [SFX] {"sound": "civ_move_2", "volume": 0.0}
[2026-09-25 18:40:29.916] [M] {"button": 1, "pos": [315, 194], "ui_clicked": false}
[2026-09-25 18:40:29.922] [P] {"start": [9, 52], "goal": [8, 54], "length": 2, "is_direction_change": false}
[2026-09-25 18:40:29.923] [SFX] {"sound": "click_target", "volume": 0.75}
[2026-09-25 18:40:29.959] [JACK] Vorsichtig vorantasten...
[2026-09-25 18:40:29.960] [SFX] {"sound": "civ_move_1", "volume": 0.19}
[2026-09-25 18:40:30.347] [SFX] {"sound": "civ_move_1", "volume": 0.21}
[2026-09-25 18:40:30.432] [SFX] {"sound": "guardian_move", "volume": 0.1}
[2026-09-25 18:40:30.761] [SFX] {"sound": "civ_move_1", "volume": 0.21}
[2026-09-25 18:40:30.777] [M] {"button": 1, "pos": [322, 194], "ui_clicked": false}
[2026-09-25 18:40:30.785] [P] {"start": [8, 54], "goal": [8, 56], "length": 1, "is_direction_change": false}
[2026-09-25 18:40:30.785] [SFX] {"sound": "click_target", "volume": 0.75}
[2026-09-25 18:40:30.832] [SFX] {"sound": "player_move", "volume": 0.4}
[2026-09-25 18:40:31.046] [SFX] {"sound": "guardian_move", "volume": 0.1}
[2026-09-25 18:40:31.162] [SFX] {"sound": "civ_move_1", "volume": 0.26}
[2026-09-25 18:40:31.562] [SFX] {"sound": "civ_move_1", "volume": 0.25}
[2026-09-25 18:40:31.660] [SFX] {"sound": "guardian_move", "volume": 0.09}
[2026-09-25 18:40:31.974] [SFX] {"sound": "civ_move_1", "volume": 0.26}
[2026-09-25 18:40:32.267] [SFX] {"sound": "guardian_move", "volume": 0.07}
[2026-09-25 18:40:32.383] [SFX] {"sound": "civ_move_1", "volume": 0.26}
[2026-09-25 18:40:32.416] [M] {"button": 1, "pos": [392, 202], "ui_clicked": false}
[2026-09-25 18:40:32.782] [SFX] {"sound": "civ_move_1", "volume": 0.26}
[2026-09-25 18:40:32.883] [SFX] {"sound": "guardian_move", "volume": 0.05}
[2026-09-25 18:40:33.213] [SFX] {"sound": "civ_move_1", "volume": 0.26}
[2026-09-25 18:40:33.492] [SFX] {"sound": "guardian_move", "volume": 0.03}
[2026-09-25 18:40:33.622] [SFX] {"sound": "civ_move_1", "volume": 0.26}
[2026-09-25 18:40:33.639] [M] {"button": 1, "pos": [456, 217], "ui_clicked": false}
[2026-09-25 18:40:34.033] [SFX] {"sound": "civ_move_1", "volume": 0.26}
[2026-09-25 18:40:34.098] [SFX] {"sound": "guardian_move", "volume": 0.03}
[2026-09-25 18:40:34.114] [M] {"button": 1, "pos": [461, 207], "ui_clicked": false}
[2026-09-25 18:40:34.124] [P] {"start": [8, 56], "goal": [33, 60], "length": 28, "is_direction_change": false}
[2026-09-25 18:40:34.125] [SFX] {"sound": "click_target", "volume": 0.28}
[2026-09-25 18:40:34.384] [SFX] {"sound": "player_move", "volume": 0.4}
[2026-09-25 18:40:34.448] [SFX] {"sound": "civ_move_1", "volume": 0.19}
[2026-09-25 18:40:34.630] [SFX] {"sound": "civ_move_2", "volume": 0.0}
[2026-09-25 18:40:34.697] [SFX] {"sound": "player_move", "volume": 0.4}
[2026-09-25 18:40:34.849] [SFX] {"sound": "civ_move_1", "volume": 0.17}
[2026-09-25 18:40:35.013] [SFX] {"sound": "player_move", "volume": 0.4}
[2026-09-25 18:40:35.260] [SFX] {"sound": "civ_move_1", "volume": 0.19}
[2026-09-25 18:40:35.325] [SFX] {"sound": "player_move", "volume": 0.4}
[2026-09-25 18:40:35.673] [SFX] {"sound": "civ_move_1", "volume": 0.2}
[2026-09-25 18:40:35.955] [SFX] {"sound": "player_move", "volume": 0.4}
[2026-09-25 18:40:36.086] [SFX] {"sound": "civ_move_1", "volume": 0.21}
[2026-09-25 18:40:36.269] [SFX] {"sound": "player_move", "volume": 0.4}
[2026-09-25 18:40:36.467] [C] {"civ_pos": [4, 60]}
[2026-09-25 18:40:36.495] [JACK] Sieht aus wie ein harmloses Datenpaket. Oder verbirgt er was?
[2026-09-25 18:40:36.512] [SFX] {"sound": "civ_move_1", "volume": 0.23}
[2026-09-25 18:40:36.574] [SFX] {"sound": "player_move", "volume": 0.4}
[2026-09-25 18:40:36.921] [SFX] {"sound": "civ_move_1", "volume": 0.27}
[2026-09-25 18:40:37.205] [SFX] {"sound": "player_move", "volume": 0.4}
[2026-09-25 18:40:37.335] [SFX] {"sound": "civ_move_1", "volume": 0.25}
[2026-09-25 18:40:37.517] [SFX] {"sound": "player_move", "volume": 0.4}
[2026-09-25 18:40:37.750] [SFX] {"sound": "civ_move_1", "volume": 0.2}
[2026-09-25 18:40:37.819] [SFX] {"sound": "player_move", "volume": 0.4}
[2026-09-25 18:40:38.165] [SFX] {"sound": "civ_move_1", "volume": 0.18}
[2026-09-25 18:40:38.446] [SFX] {"sound": "player_move", "volume": 0.4}
[2026-09-25 18:40:38.447] [SFX] {"sound": "guardian_move", "volume": 0.08}
[2026-09-25 18:40:38.545] [SFX] {"sound": "civ_move_1", "volume": 0.03}
[2026-09-25 18:40:38.575] [SFX] {"sound": "civ_move_1", "volume": 0.14}
[2026-09-25 18:40:38.761] [SFX] {"sound": "player_move", "volume": 0.4}
[2026-09-25 18:40:38.762] [SFX] {"sound": "civ_move_2", "volume": 0.01}
[2026-09-25 18:40:38.957] [SFX] {"sound": "civ_move_1", "volume": 0.09}
[2026-09-25 18:40:38.989] [SFX] {"sound": "guardian_move", "volume": 0.05}
[2026-09-25 18:40:38.990] [SFX] {"sound": "civ_move_1", "volume": 0.1}
[2026-09-25 18:40:39.055] [SFX] {"sound": "guardian_move", "volume": 0.2}
[2026-09-25 18:40:39.078] [SFX] {"sound": "player_move", "volume": 0.4}
[2026-09-25 18:40:39.169] [SFX] {"sound": "civ_move_2", "volume": 0.04}
[2026-09-25 18:40:39.233] [SFX] {"sound": "civ_move_2", "volume": 0.02}
[2026-09-25 18:40:39.257] [SFX] {"sound": "civ_move_2", "volume": 0.06}
[2026-09-25 18:40:39.369] [SFX] {"sound": "civ_move_1", "volume": 0.14}
[2026-09-25 18:40:39.403] [SFX] {"sound": "civ_move_1", "volume": 0.06}
[2026-09-25 18:40:39.582] [SFX] {"sound": "civ_move_2", "volume": 0.06}
[2026-09-25 18:40:39.583] [SFX] {"sound": "civ_move_2", "volume": 0.04}
[2026-09-25 18:40:39.604] [SFX] {"sound": "guardian_move", "volume": 0.06}
[2026-09-25 18:40:39.648] [SFX] {"sound": "civ_move_2", "volume": 0.03}
[2026-09-25 18:40:39.672] [SFX] {"sound": "guardian_move", "volume": 0.2}
[2026-09-25 18:40:39.672] [SFX] {"sound": "civ_move_2", "volume": 0.07}
[2026-09-25 18:40:39.781] [SFX] {"sound": "civ_move_1", "volume": 0.15}
[2026-09-25 18:40:39.815] [SFX] {"sound": "civ_move_1", "volume": 0.07}
[2026-09-25 18:40:39.994] [SFX] {"sound": "civ_move_2", "volume": 0.07}
[2026-09-25 18:40:39.995] [SFX] {"sound": "civ_move_2", "volume": 0.02}
[2026-09-25 18:40:40.061] [SFX] {"sound": "civ_move_2", "volume": 0.03}
[2026-09-25 18:40:40.083] [SFX] {"sound": "civ_move_2", "volume": 0.08}
[2026-09-25 18:40:40.194] [SFX] {"sound": "civ_move_1", "volume": 0.16}
[2026-09-25 18:40:40.217] [SFX] {"sound": "guardian_move", "volume": 0.06}
[2026-09-25 18:40:40.234] [SFX] {"sound": "civ_move_1", "volume": 0.07}
[2026-09-25 18:40:40.279] [SFX] {"sound": "guardian_move", "volume": 0.19}
[2026-09-25 18:40:40.396] [SFX] {"sound": "civ_move_2", "volume": 0.08}
[2026-09-25 18:40:40.397] [SFX] {"sound": "civ_move_2", "volume": 0.01}
[2026-09-25 18:40:40.461] [SFX] {"sound": "civ_move_2", "volume": 0.03}
[2026-09-25 18:40:40.484] [SFX] {"sound": "civ_move_2", "volume": 0.09}
[2026-09-25 18:40:40.611] [SFX] {"sound": "civ_move_1", "volume": 0.17}
[2026-09-25 18:40:40.634] [SFX] {"sound": "civ_move_1", "volume": 0.08}
[2026-09-25 18:40:40.810] [SFX] {"sound": "guardian_move", "volume": 0.04}
[2026-09-25 18:40:40.811] [SFX] {"sound": "civ_move_2", "volume": 0.09}
[2026-09-25 18:40:40.812] [SFX] {"sound": "civ_move_2", "volume": 0.0}
[2026-09-25 18:40:40.874] [SFX] {"sound": "civ_move_2", "volume": 0.03}
[2026-09-25 18:40:40.896] [SFX] {"sound": "civ_move_2", "volume": 0.1}
[2026-09-25 18:40:40.915] [SFX] {"sound": "guardian_move", "volume": 0.19}
[2026-09-25 18:40:41.024] [SFX] {"sound": "civ_move_1", "volume": 0.18}
[2026-09-25 18:40:41.048] [SFX] {"sound": "civ_move_1", "volume": 0.08}
[2026-09-25 18:40:41.222] [SFX] {"sound": "civ_move_2", "volume": 0.1}
[2026-09-25 18:40:41.288] [SFX] {"sound": "civ_move_2", "volume": 0.03}
[2026-09-25 18:40:41.311] [SFX] {"sound": "civ_move_2", "volume": 0.11}
[2026-09-25 18:40:41.421] [SFX] {"sound": "guardian_move", "volume": 0.03}
[2026-09-25 18:40:41.445] [SFX] {"sound": "civ_move_1", "volume": 0.19}
[2026-09-25 18:40:41.462] [SFX] {"sound": "civ_move_1", "volume": 0.08}
[2026-09-25 18:40:41.524] [SFX] {"sound": "guardian_move", "volume": 0.2}
[2026-09-25 18:40:41.623] [SFX] {"sound": "civ_move_2", "volume": 0.11}
[2026-09-25 18:40:41.688] [SFX] {"sound": "civ_move_2", "volume": 0.03}
[2026-09-25 18:40:41.710] [SFX] {"sound": "civ_move_2", "volume": 0.12}
[2026-09-25 18:40:41.737] [M] {"button": 4, "pos": [416, 203], "ui_clicked": false}
[2026-09-25 18:40:41.852] [SFX] {"sound": "civ_move_1", "volume": 0.2}
[2026-09-25 18:40:41.874] [SFX] {"sound": "civ_move_1", "volume": 0.09}
[2026-09-25 18:40:42.033] [SFX] {"sound": "guardian_move", "volume": 0.02}
[2026-09-25 18:40:42.034] [SFX] {"sound": "civ_move_2", "volume": 0.12}
[2026-09-25 18:40:42.099] [SFX] {"sound": "civ_move_2", "volume": 0.03}
[2026-09-25 18:40:42.116] [M] {"button": 4, "pos": [413, 205], "ui_clicked": false}
[2026-09-25 18:40:42.123] [SFX] {"sound": "civ_move_2", "volume": 0.13}
[2026-09-25 18:40:42.140] [SFX] {"sound": "guardian_move", "volume": 0.25}
[2026-09-25 18:40:42.149] [M] {"button": 4, "pos": [413, 205], "ui_clicked": false}
[2026-09-25 18:40:42.268] [SFX] {"sound": "civ_move_1", "volume": 0.21}
[2026-09-25 18:40:42.289] [SFX] {"sound": "civ_move_1", "volume": 0.09}
[2026-09-25 18:40:42.432] [SFX] {"sound": "civ_move_2", "volume": 0.13}
[2026-09-25 18:40:42.512] [SFX] {"sound": "civ_move_2", "volume": 0.03}
[2026-09-25 18:40:42.534] [SFX] {"sound": "civ_move_2", "volume": 0.14}
[2026-09-25 18:40:42.643] [SFX] {"sound": "guardian_move", "volume": 0.01}
[2026-09-25 18:40:42.677] [SFX] {"sound": "civ_move_1", "volume": 0.21}
[2026-09-25 18:40:42.698] [SFX] {"sound": "civ_move_1", "volume": 0.09}
[2026-09-25 18:40:42.741] [SFX] {"sound": "guardian_move", "volume": 0.23}
[2026-09-25 18:40:42.843] [SFX] {"sound": "civ_move_2", "volume": 0.14}
[2026-09-25 18:40:42.924] [SFX] {"sound": "civ_move_2", "volume": 0.03}
[2026-09-25 18:40:42.946] [SFX] {"sound": "civ_move_2", "volume": 0.15}
[2026-09-25 18:40:43.089] [SFX] {"sound": "civ_move_1", "volume": 0.22}
[2026-09-25 18:40:43.124] [SFX] {"sound": "civ_move_1", "volume": 0.1}
[2026-09-25 18:40:43.249] [SFX] {"sound": "civ_move_2", "volume": 0.15}
[2026-09-25 18:40:43.331] [SFX] {"sound": "civ_move_2", "volume": 0.03}
[2026-09-25 18:40:43.352] [SFX] {"sound": "guardian_move", "volume": 0.2}
[2026-09-25 18:40:43.353] [SFX] {"sound": "civ_move_2", "volume": 0.16}
[2026-09-25 18:40:43.495] [SFX] {"sound": "civ_move_1", "volume": 0.22}
[2026-09-25 18:40:43.512] [M] {"button": 1, "pos": [362, 305], "ui_clicked": false}
[2026-09-25 18:40:43.518] [SFX] {"sound": "civ_move_1", "volume": 0.11}
[2026-09-25 18:40:43.659] [SFX] {"sound": "civ_move_2", "volume": 0.16}
[2026-09-25 18:40:43.660] [SFX] {"sound": "civ_move_1", "volume": 0.01}
[2026-09-25 18:40:43.742] [SFX] {"sound": "civ_move_2", "volume": 0.03}
[2026-09-25 18:40:43.764] [SFX] {"sound": "civ_move_2", "volume": 0.16}
[2026-09-25 18:40:43.908] [SFX] {"sound": "civ_move_1", "volume": 0.21}
[2026-09-25 18:40:43.930] [SFX] {"sound": "civ_move_1", "volume": 0.12}
[2026-09-25 18:40:43.957] [SFX] {"sound": "guardian_move", "volume": 0.18}
[2026-09-25 18:40:44.023] [M] {"button": 1, "pos": [364, 324], "ui_clicked": false}
[2026-09-25 18:40:44.031] [P] {"start": [33, 60], "goal": [34, 64], "length": 3, "is_direction_change": false}
[2026-09-25 18:40:44.032] [SFX] {"sound": "click_target", "volume": 0.71}
[2026-09-25 18:40:44.069] [JACK] Kurzer Blick um die Ecke...
[2026-09-25 18:40:44.085] [SFX] {"sound": "civ_move_2", "volume": 0.17}
[2026-09-25 18:40:44.085] [SFX] {"sound": "civ_move_1", "volume": 0.02}
[2026-09-25 18:40:44.100] [SFX] {"sound": "player_move", "volume": 0.4}
[2026-09-25 18:40:44.146] [SFX] {"sound": "civ_move_2", "volume": 0.05}
[2026-09-25 18:40:44.167] [SFX] {"sound": "civ_move_2", "volume": 0.19}
[2026-09-25 18:40:44.309] [SFX] {"sound": "civ_move_1", "volume": 0.18}
[2026-09-25 18:40:44.332] [SFX] {"sound": "civ_move_1", "volume": 0.1}
[2026-09-25 18:40:44.410] [SFX] {"sound": "player_move", "volume": 0.4}
[2026-09-25 18:40:44.476] [SFX] {"sound": "guardian_move", "volume": 0.02}
[2026-09-25 18:40:44.498] [SFX] {"sound": "civ_move_2", "volume": 0.23}
[2026-09-25 18:40:44.499] [SFX] {"sound": "civ_move_1", "volume": 0.05}
[2026-09-25 18:40:44.509] [M] {"button": 5, "pos": [359, 294], "ui_clicked": false}
[2026-09-25 18:40:44.559] [SFX] {"sound": "guardian_move", "volume": 0.26}
[2026-09-25 18:40:44.559] [SFX] {"sound": "civ_move_2", "volume": 0.11}
[2026-09-25 18:40:44.575] [M] {"button": 5, "pos": [359, 294], "ui_clicked": false}
[2026-09-25 18:40:44.582] [SFX] {"sound": "civ_move_2", "volume": 0.24}
[2026-09-25 18:40:44.593] [M] {"button": 5, "pos": [359, 294], "ui_clicked": false}
[2026-09-25 18:40:44.725] [SFX] {"sound": "player_move", "volume": 0.4}
[2026-09-25 18:40:44.726] [SFX] {"sound": "guardian_move", "volume": 0.05}
[2026-09-25 18:40:44.726] [SFX] {"sound": "civ_move_1", "volume": 0.12}
[2026-09-25 18:40:44.747] [SFX] {"sound": "civ_move_1", "volume": 0.06}
[2026-09-25 18:40:44.905] [SFX] {"sound": "civ_move_2", "volume": 0.23}
[2026-09-25 18:40:44.906] [SFX] {"sound": "civ_move_1", "volume": 0.05}
[2026-09-25 18:40:44.960] [SFX] {"sound": "civ_move_2", "volume": 0.14}
[2026-09-25 18:40:44.983] [SFX] {"sound": "civ_move_2", "volume": 0.23}
[2026-09-25 18:40:45.027] [SFX] {"sound": "player_move", "volume": 0.4}
[2026-09-25 18:40:45.077] [SFX] {"sound": "guardian_move", "volume": 0.05}
[2026-09-25 18:40:45.127] [SFX] {"sound": "civ_move_1", "volume": 0.16}
[2026-09-25 18:40:45.150] [SFX] {"sound": "civ_move_1", "volume": 0.11}
[2026-09-25 18:40:45.167] [SFX] {"sound": "guardian_move", "volume": 0.24}
[2026-09-25 18:40:45.310] [SFX] {"sound": "civ_move_2", "volume": 0.22}
[2026-09-25 18:40:45.311] [SFX] {"sound": "civ_move_1", "volume": 0.04}
[2026-09-25 18:40:45.333] [SFX] {"sound": "guardian_move", "volume": 0.06}
[2026-09-25 18:40:45.349] [SFX] {"sound": "player_move", "volume": 0.4}
[2026-09-25 18:40:45.376] [SFX] {"sound": "civ_move_2", "volume": 0.08}
[2026-09-25 18:40:45.398] [SFX] {"sound": "civ_move_2", "volume": 0.21}
[2026-09-25 18:40:45.540] [SFX] {"sound": "civ_move_1", "volume": 0.21}
[2026-09-25 18:40:45.562] [SFX] {"sound": "civ_move_1", "volume": 0.18}
[2026-09-25 18:40:45.657] [SFX] {"sound": "player_move", "volume": 0.4}
[2026-09-25 18:40:45.726] [SFX] {"sound": "civ_move_2", "volume": 0.18}
[2026-09-25 18:40:45.726] [SFX] {"sound": "civ_move_1", "volume": 0.04}
[2026-09-25 18:40:45.775] [SFX] {"sound": "guardian_move", "volume": 0.11}
[2026-09-25 18:40:45.799] [SFX] {"sound": "civ_move_2", "volume": 0.03}
[2026-09-25 18:40:45.799] [SFX] {"sound": "civ_move_2", "volume": 0.19}
[2026-09-25 18:40:45.927] [SFX] {"sound": "guardian_move", "volume": 0.04}
[2026-09-25 18:40:45.949] [SFX] {"sound": "civ_move_1", "volume": 0.21}
[2026-09-25 18:40:46.127] [SFX] {"sound": "civ_move_2", "volume": 0.19}
[2026-09-25 18:40:46.128] [SFX] {"sound": "civ_move_1", "volume": 0.05}
[2026-09-25 18:40:46.193] [SFX] {"sound": "civ_move_2", "volume": 0.03}
[2026-09-25 18:40:46.194] [SFX] {"sound": "civ_move_2", "volume": 0.19}
[2026-09-25 18:40:46.323] [M] {"button": 1, "pos": [237, 183], "ui_clicked": false}
[2026-09-25 18:40:46.331] [P] {"start": [34, 64], "goal": [27, 64], "length": 1, "is_direction_change": false}
[2026-09-25 18:40:46.331] [SFX] {"sound": "click_target", "volume": 0.67}
[2026-09-25 18:40:46.367] [SFX] {"sound": "civ_move_1", "volume": 0.2}
[2026-09-25 18:40:46.383] [SFX] {"sound": "guardian_move", "volume": 0.08}
[2026-09-25 18:40:46.384] [SFX] {"sound": "civ_move_1", "volume": 0.23}
[2026-09-25 18:40:46.528] [SFX] {"sound": "guardian_move", "volume": 0.03}
[2026-09-25 18:40:46.528] [SFX] {"sound": "civ_move_2", "volume": 0.16}
[2026-09-25 18:40:46.529] [SFX] {"sound": "civ_move_1", "volume": 0.05}
[2026-09-25 18:40:46.595] [SFX] {"sound": "civ_move_2", "volume": 0.16}
[2026-09-25 18:40:46.618] [SFX] {"sound": "player_move", "volume": 0.4}
[2026-09-25 18:40:46.679] [C] {"civ_pos": [25, 64]}
[2026-09-25 18:40:46.761] [SFX] {"sound": "civ_move_1", "volume": 0.24}
[2026-09-25 18:40:46.783] [SFX] {"sound": "civ_move_1", "volume": 0.29}
[2026-09-25 18:40:46.929] [SFX] {"sound": "civ_move_2", "volume": 0.14}
[2026-09-25 18:40:46.930] [SFX] {"sound": "civ_move_1", "volume": 0.04}
[2026-09-25 18:40:47.011] [SFX] {"sound": "civ_move_2", "volume": 0.16}
[2026-09-25 18:40:47.127] [SFX] {"sound": "guardian_move", "volume": 0.02}
[2026-09-25 18:40:47.160] [SFX] {"sound": "civ_move_1", "volume": 0.23}
[2026-09-25 18:40:47.194] [SFX] {"sound": "civ_move_1", "volume": 0.3}
[2026-09-25 18:40:47.342] [SFX] {"sound": "civ_move_2", "volume": 0.14}
[2026-09-25 18:40:47.343] [SFX] {"sound": "civ_move_1", "volume": 0.05}
[2026-09-25 18:40:47.427] [SFX] {"sound": "civ_move_2", "volume": 0.17}
[2026-09-25 18:40:47.575] [SFX] {"sound": "civ_move_1", "volume": 0.22}
[2026-09-25 18:40:47.609] [SFX] {"sound": "civ_move_1", "volume": 0.29}
[2026-09-25 18:40:47.741] [SFX] {"sound": "guardian_move", "volume": 0.04}
[2026-09-25 18:40:47.764] [SFX] {"sound": "civ_move_2", "volume": 0.11}
[2026-09-25 18:40:47.765] [SFX] {"sound": "civ_move_1", "volume": 0.06}
[2026-09-25 18:40:47.826] [SFX] {"sound": "civ_move_2", "volume": 0.18}
[2026-09-25 18:40:47.975] [SFX] {"sound": "civ_move_1", "volume": 0.2}
[2026-09-25 18:40:48.009] [SFX] {"sound": "civ_move_1", "volume": 0.28}
[2026-09-25 18:40:48.173] [SFX] {"sound": "civ_move_2", "volume": 0.12}
[2026-09-25 18:40:48.174] [SFX] {"sound": "civ_move_1", "volume": 0.07}
[2026-09-25 18:40:48.238] [SFX] {"sound": "civ_move_2", "volume": 0.2}
[2026-09-25 18:40:48.353] [SFX] {"sound": "guardian_move", "volume": 0.05}
[2026-09-25 18:40:48.386] [SFX] {"sound": "civ_move_1", "volume": 0.19}
[2026-09-25 18:40:48.420] [SFX] {"sound": "civ_move_1", "volume": 0.26}
[2026-09-25 18:40:48.587] [SFX] {"sound": "civ_move_2", "volume": 0.13}
[2026-09-25 18:40:48.588] [SFX] {"sound": "civ_move_1", "volume": 0.08}
[2026-09-25 18:40:48.653] [SFX] {"sound": "civ_move_2", "volume": 0.21}
[2026-09-25 18:40:48.786] [SFX] {"sound": "civ_move_1", "volume": 0.18}
[2026-09-25 18:40:48.835] [SFX] {"sound": "civ_move_1", "volume": 0.25}
[2026-09-25 18:40:48.964] [SFX] {"sound": "guardian_move", "volume": 0.06}
[2026-09-25 18:40:48.997] [SFX] {"sound": "civ_move_2", "volume": 0.14}
[2026-09-25 18:40:48.998] [SFX] {"sound": "civ_move_1", "volume": 0.09}
[2026-09-25 18:40:49.063] [SFX] {"sound": "civ_move_2", "volume": 0.22}
[2026-09-25 18:40:49.193] [SFX] {"sound": "civ_move_1", "volume": 0.17}
[2026-09-25 18:40:49.245] [SFX] {"sound": "civ_move_1", "volume": 0.24}
[2026-09-25 18:40:49.399] [SFX] {"sound": "civ_move_2", "volume": 0.15}
[2026-09-25 18:40:49.399] [SFX] {"sound": "civ_move_1", "volume": 0.1}
[2026-09-25 18:40:49.465] [SFX] {"sound": "civ_move_2", "volume": 0.23}
[2026-09-25 18:40:49.563] [SFX] {"sound": "guardian_move", "volume": 0.08}
[2026-09-25 18:40:49.597] [SFX] {"sound": "civ_move_1", "volume": 0.16}
[2026-09-25 18:40:49.613] [M] {"button": 1, "pos": [171, 188], "ui_clicked": false}
[2026-09-25 18:40:49.621] [P] {"start": [27, 64], "goal": [15, 64], "length": 1, "is_direction_change": false}
[2026-09-25 18:40:49.621] [SFX] {"sound": "click_target", "volume": 0.57}
[2026-09-25 18:40:49.666] [SFX] {"sound": "civ_move_1", "volume": 0.22}
[2026-09-25 18:40:49.812] [SFX] {"sound": "civ_move_2", "volume": 0.13}
[2026-09-25 18:40:49.813] [SFX] {"sound": "civ_move_1", "volume": 0.08}
[2026-09-25 18:40:49.876] [SFX] {"sound": "player_move", "volume": 0.4}
[2026-09-25 18:40:49.877] [SFX] {"sound": "civ_move_2", "volume": 0.21}
[2026-09-25 18:40:50.008] [SFX] {"sound": "civ_move_1", "volume": 0.22}
[2026-09-25 18:40:50.074] [SFX] {"sound": "civ_move_1", "volume": 0.14}
[2026-09-25 18:40:50.173] [SFX] {"sound": "guardian_move", "volume": 0.03}
[2026-09-25 18:40:50.195] [SFX] {"sound": "player_move", "volume": 0.4}
[2026-09-25 18:40:50.222] [SFX] {"sound": "civ_move_2", "volume": 0.09}
[2026-09-25 18:40:50.223] [SFX] {"sound": "civ_move_1", "volume": 0.03}
[2026-09-25 18:40:50.290] [SFX] {"sound": "civ_move_2", "volume": 0.17}
[2026-09-25 18:40:50.422] [SFX] {"sound": "civ_move_1", "volume": 0.23}
[2026-09-25 18:40:50.487] [SFX] {"sound": "civ_move_1", "volume": 0.11}
[2026-09-25 18:40:50.637] [SFX] {"sound": "civ_move_2", "volume": 0.1}
[2026-09-25 18:40:50.638] [SFX] {"sound": "civ_move_1", "volume": 0.04}
[2026-09-25 18:40:50.700] [SFX] {"sound": "civ_move_2", "volume": 0.18}
[2026-09-25 18:40:50.782] [SFX] {"sound": "guardian_move", "volume": 0.04}
[2026-09-25 18:40:50.831] [SFX] {"sound": "civ_move_1", "volume": 0.23}
[2026-09-25 18:40:50.897] [SFX] {"sound": "civ_move_1", "volume": 0.1}
[2026-09-25 18:40:50.919] [SFX] {"sound": "civ_move_2", "volume": 0.04}
[2026-09-25 18:40:51.047] [SFX] {"sound": "civ_move_2", "volume": 0.11}
[2026-09-25 18:40:51.047] [SFX] {"sound": "civ_move_1", "volume": 0.04}
[2026-09-25 18:40:51.112] [SFX] {"sound": "civ_move_2", "volume": 0.19}
[2026-09-25 18:40:51.232] [SFX] {"sound": "civ_move_1", "volume": 0.19}
[2026-09-25 18:40:51.297] [SFX] {"sound": "civ_move_1", "volume": 0.09}
[2026-09-25 18:40:51.320] [SFX] {"sound": "civ_move_2", "volume": 0.04}
[2026-09-25 18:40:51.398] [SFX] {"sound": "guardian_move", "volume": 0.05}
[2026-09-25 18:40:51.461] [SFX] {"sound": "civ_move_2", "volume": 0.12}
[2026-09-25 18:40:51.462] [SFX] {"sound": "civ_move_1", "volume": 0.04}
[2026-09-25 18:40:51.514] [M] {"button": 1, "pos": [442, 235], "ui_clicked": false}
[2026-09-25 18:40:51.521] [SFX] {"sound": "civ_move_2", "volume": 0.2}
[2026-09-25 18:40:51.522] [P] {"start": [15, 64], "goal": [24, 68], "length": 4, "is_direction_change": false}
[2026-09-25 18:40:51.523] [SFX] {"sound": "click_target", "volume": 0.59}
[2026-09-25 18:40:51.640] [SFX] {"sound": "civ_move_1", "volume": 0.17}
[2026-09-25 18:40:51.707] [SFX] {"sound": "civ_move_1", "volume": 0.1}
[2026-09-25 18:40:51.730] [SFX] {"sound": "civ_move_2", "volume": 0.07}
[2026-09-25 18:40:51.774] [SFX] {"sound": "civ_move_1", "volume": 0.21}
[2026-09-25 18:40:51.807] [SFX] {"sound": "player_move", "volume": 0.4}
[2026-09-25 18:40:51.862] [SFX] {"sound": "civ_move_2", "volume": 0.17}
[2026-09-25 18:40:51.863] [SFX] {"sound": "civ_move_1", "volume": 0.1}
[2026-09-25 18:40:51.927] [SFX] {"sound": "civ_move_2", "volume": 0.27}
[2026-09-25 18:40:51.996] [SFX] {"sound": "guardian_move", "volume": 0.11}
[2026-09-25 18:40:52.046] [SFX] {"sound": "civ_move_1", "volume": 0.12}
[2026-09-25 18:40:52.047] [C] {"civ_pos": [25, 66]}
[2026-09-25 18:40:52.113] [SFX] {"sound": "player_move", "volume": 0.4}
[2026-09-25 18:40:52.113] [SFX] {"sound": "civ_move_1", "volume": 0.15}
[2026-09-25 18:40:52.135] [SFX] {"sound": "civ_move_2", "volume": 0.11}
[2026-09-25 18:40:52.179] [SFX] {"sound": "civ_move_1", "volume": 0.22}
[2026-09-25 18:40:52.263] [SFX] {"sound": "civ_move_2", "volume": 0.23}
[2026-09-25 18:40:52.263] [SFX] {"sound": "civ_move_1", "volume": 0.16}
[2026-09-25 18:40:52.328] [SFX] {"sound": "civ_move_2", "volume": 0.01}
[2026-09-25 18:40:52.330] [SFX] {"sound": "civ_move_2", "volume": 0.24}
[2026-09-25 18:40:52.428] [SFX] {"sound": "player_move", "volume": 0.4}
[2026-09-25 18:40:52.461] [SFX] {"sound": "civ_move_1", "volume": 0.06}
[2026-09-25 18:40:52.462] [SFX] {"sound": "civ_move_1", "volume": 0.03}
[2026-09-25 18:40:52.527] [SFX] {"sound": "civ_move_1", "volume": 0.16}
[2026-09-25 18:40:52.549] [SFX] {"sound": "civ_move_2", "volume": 0.16}
[2026-09-25 18:40:52.594] [SFX] {"sound": "civ_move_1", "volume": 0.18}
[2026-09-25 18:40:52.617] [SFX] {"sound": "guardian_move", "volume": 0.13}
[2026-09-25 18:40:52.678] [SFX] {"sound": "civ_move_2", "volume": 0.19}
[2026-09-25 18:40:52.679] [SFX] {"sound": "civ_move_1", "volume": 0.22}
[2026-09-25 18:40:52.729] [SFX] {"sound": "player_move", "volume": 0.4}
[2026-09-25 18:40:52.729] [SFX] {"sound": "civ_move_2", "volume": 0.07}
[2026-09-25 18:40:52.864] [SFX] {"sound": "civ_move_1", "volume": 0.01}
[2026-09-25 18:40:52.864] [SFX] {"sound": "civ_move_1", "volume": 0.09}
[2026-09-25 18:40:52.929] [SFX] {"sound": "civ_move_1", "volume": 0.21}
[2026-09-25 18:40:52.952] [SFX] {"sound": "civ_move_2", "volume": 0.28}
[2026-09-25 18:40:52.970] [SFX] {"sound": "civ_move_1", "volume": 0.04}
[2026-09-25 18:40:52.998] [SFX] {"sound": "civ_move_1", "volume": 0.15}
[2026-09-25 18:40:53.030] [SFX] {"sound": "player_move", "volume": 0.4}
[2026-09-25 18:40:53.081] [SFX] {"sound": "civ_move_2", "volume": 0.13}
[2026-09-25 18:40:53.082] [SFX] {"sound": "civ_move_1", "volume": 0.28}
[2026-09-25 18:40:53.131] [SFX] {"sound": "civ_move_2", "volume": 0.13}
[2026-09-25 18:40:53.213] [SFX] {"sound": "guardian_move", "volume": 0.09}
[2026-09-25 18:40:53.263] [SFX] {"sound": "civ_move_1", "volume": 0.13}
[2026-09-25 18:40:53.345] [SFX] {"sound": "player_move", "volume": 0.4}
[2026-09-25 18:40:53.346] [SFX] {"sound": "civ_move_1", "volume": 0.29}
[2026-09-25 18:40:53.368] [SFX] {"sound": "civ_move_2", "volume": 0.28}
[2026-09-25 18:40:53.386] [SFX] {"sound": "civ_move_1", "volume": 0.08}
[2026-09-25 18:40:53.404] [SFX] {"sound": "civ_move_1", "volume": 0.19}
[2026-09-25 18:40:53.482] [SFX] {"sound": "civ_move_2", "volume": 0.17}
[2026-09-25 18:40:53.483] [SFX] {"sound": "civ_move_1", "volume": 0.27}
[2026-09-25 18:40:53.532] [SFX] {"sound": "civ_move_2", "volume": 0.1}
[2026-09-25 18:40:53.647] [SFX] {"sound": "player_move", "volume": 0.4}
[2026-09-25 18:40:53.669] [SFX] {"sound": "civ_move_1", "volume": 0.01}
[2026-09-25 18:40:53.670] [SFX] {"sound": "civ_move_1", "volume": 0.12}
[2026-09-25 18:40:53.747] [SFX] {"sound": "civ_move_1", "volume": 0.26}
[2026-09-25 18:40:53.770] [SFX] {"sound": "civ_move_2", "volume": 0.26}
[2026-09-25 18:40:53.787] [SFX] {"sound": "civ_move_1", "volume": 0.03}
[2026-09-25 18:40:53.805] [SFX] {"sound": "civ_move_1", "volume": 0.26}
[2026-09-25 18:40:53.820] [SFX] {"sound": "guardian_move", "volume": 0.13}
[2026-09-25 18:40:53.895] [SFX] {"sound": "civ_move_2", "volume": 0.22}
[2026-09-25 18:40:53.896] [SFX] {"sound": "civ_move_1", "volume": 0.21}
[2026-09-25 18:40:53.946] [SFX] {"sound": "civ_move_2", "volume": 0.04}
[2026-09-25 18:40:53.970] [SFX] {"sound": "player_move", "volume": 0.4}
[2026-09-25 18:40:54.065] [SFX] {"sound": "civ_move_1", "volume": 0.07}
[2026-09-25 18:40:54.162] [SFX] {"sound": "civ_move_1", "volume": 0.21}
[2026-09-25 18:40:54.186] [SFX] {"sound": "civ_move_2", "volume": 0.21}
[2026-09-25 18:40:54.213] [SFX] {"sound": "civ_move_1", "volume": 0.27}
[2026-09-25 18:40:54.263] [SFX] {"sound": "player_move", "volume": 0.4}
[2026-09-25 18:40:54.297] [SFX] {"sound": "civ_move_2", "volume": 0.22}
[2026-09-25 18:40:54.298] [SFX] {"sound": "civ_move_1", "volume": 0.15}
[2026-09-25 18:40:54.429] [SFX] {"sound": "guardian_move", "volume": 0.14}
[2026-09-25 18:40:54.479] [SFX] {"sound": "civ_move_1", "volume": 0.13}
[2026-09-25 18:40:54.479] [SFX] {"sound": "civ_move_1", "volume": 0.02}
[2026-09-25 18:40:54.561] [C] {"civ_pos": [24, 67]}
[2026-09-25 18:40:54.616] [SFX] {"sound": "player_move", "volume": 0.4}
[2026-09-25 18:40:54.617] [SFX] {"sound": "civ_move_1", "volume": 0.17}
[2026-09-25 18:40:54.637] [SFX] {"sound": "civ_move_2", "volume": 0.18}
[2026-09-25 18:40:54.638] [SFX] {"sound": "civ_move_1", "volume": 0.21}
[2026-09-25 18:40:54.698] [SFX] {"sound": "civ_move_2", "volume": 0.24}
[2026-09-25 18:40:54.699] [SFX] {"sound": "civ_move_1", "volume": 0.1}
[2026-09-25 18:40:54.732] [SFX] {"sound": "civ_move_1", "volume": 0.12}
[2026-09-25 18:40:54.880] [SFX] {"sound": "civ_move_1", "volume": 0.14}
[2026-09-25 18:40:54.881] [SFX] {"sound": "civ_move_1", "volume": 0.03}
[2026-09-25 18:40:54.981] [SFX] {"sound": "civ_move_1", "volume": 0.18}
[2026-09-25 18:40:55.029] [SFX] {"sound": "guardian_move", "volume": 0.16}
[2026-09-25 18:40:55.030] [SFX] {"sound": "civ_move_2", "volume": 0.19}
[2026-09-25 18:40:55.030] [SFX] {"sound": "civ_move_1", "volume": 0.2}
[2026-09-25 18:40:55.112] [SFX] {"sound": "civ_move_2", "volume": 0.23}
[2026-09-25 18:40:55.113] [SFX] {"sound": "civ_move_1", "volume": 0.09}
[2026-09-25 18:40:55.145] [M] {"button": 1, "pos": [309, 249], "ui_clicked": false}
[2026-09-25 18:40:55.152] [SFX] {"sound": "civ_move_1", "volume": 0.12}
[2026-09-25 18:40:55.295] [SFX] {"sound": "civ_move_1", "volume": 0.14}
[2026-09-25 18:40:55.295] [SFX] {"sound": "civ_move_1", "volume": 0.05}
[2026-09-25 18:40:55.393] [SFX] {"sound": "civ_move_1", "volume": 0.19}
[2026-09-25 18:40:55.415] [SFX] {"sound": "civ_move_2", "volume": 0.29}
[2026-09-25 18:40:55.442] [M] {"button": 1, "pos": [335, 254], "ui_clicked": false}
[2026-09-25 18:40:55.449] [SFX] {"sound": "civ_move_2", "volume": 0.2}
[2026-09-25 18:40:55.450] [SFX] {"sound": "civ_move_1", "volume": 0.19}
[2026-09-25 18:40:55.527] [SFX] {"sound": "civ_move_2", "volume": 0.22}
[2026-09-25 18:40:55.560] [SFX] {"sound": "civ_move_1", "volume": 0.1}
[2026-09-25 18:40:55.645] [SFX] {"sound": "guardian_move", "volume": 0.18}
[2026-09-25 18:40:55.698] [SFX] {"sound": "civ_move_1", "volume": 0.14}
[2026-09-25 18:40:55.699] [SFX] {"sound": "civ_move_1", "volume": 0.06}
[2026-09-25 18:40:55.799] [SFX] {"sound": "civ_move_1", "volume": 0.21}
[2026-09-25 18:40:55.822] [SFX] {"sound": "civ_move_2", "volume": 0.28}
[2026-09-25 18:40:55.849] [SFX] {"sound": "civ_move_2", "volume": 0.21}
[2026-09-25 18:40:55.850] [SFX] {"sound": "civ_move_1", "volume": 0.18}
[2026-09-25 18:40:55.931] [SFX] {"sound": "civ_move_2", "volume": 0.21}
[2026-09-25 18:40:55.965] [M] {"button": 1, "pos": [327, 254], "ui_clicked": false}
[2026-09-25 18:40:55.972] [SFX] {"sound": "civ_move_1", "volume": 0.1}
[2026-09-25 18:40:55.973] [SFX] {"sound": "click_target", "volume": 0.68}
[2026-09-25 18:40:56.100] [SFX] {"sound": "civ_move_1", "volume": 0.12}
[2026-09-25 18:40:56.100] [SFX] {"sound": "civ_move_1", "volume": 0.07}
[2026-09-25 18:40:56.213] [SFX] {"sound": "civ_move_1", "volume": 0.2}
[2026-09-25 18:40:56.237] [SFX] {"sound": "civ_move_2", "volume": 0.24}
[2026-09-25 18:40:56.256] [SFX] {"sound": "guardian_move", "volume": 0.21}
[2026-09-25 18:40:56.257] [SFX] {"sound": "civ_move_2", "volume": 0.2}
[2026-09-25 18:40:56.257] [SFX] {"sound": "civ_move_1", "volume": 0.15}
[2026-09-25 18:40:56.274] [SFX] {"sound": "player_move", "volume": 0.4}
[2026-09-25 18:40:56.336] [SFX] {"sound": "civ_move_2", "volume": 0.23}
[2026-09-25 18:40:56.369] [SFX] {"sound": "civ_move_1", "volume": 0.12}
[2026-09-25 18:40:56.516] [SFX] {"sound": "civ_move_1", "volume": 0.1}
[2026-09-25 18:40:56.517] [SFX] {"sound": "civ_move_1", "volume": 0.07}
[2026-09-25 18:40:56.567] [SFX] {"sound": "player_move", "volume": 0.4}
[2026-09-25 18:40:56.618] [SFX] {"sound": "civ_move_1", "volume": 0.2}
[2026-09-25 18:40:56.640] [SFX] {"sound": "civ_move_2", "volume": 0.23}
[2026-09-25 18:40:56.656] [SFX] {"sound": "civ_move_1", "volume": 0.0}
[2026-09-25 18:40:56.657] [SFX] {"sound": "civ_move_2", "volume": 0.2}
[2026-09-25 18:40:56.657] [SFX] {"sound": "civ_move_1", "volume": 0.14}
[2026-09-25 18:40:56.749] [SFX] {"sound": "civ_move_2", "volume": 0.23}
[2026-09-25 18:40:56.781] [SFX] {"sound": "civ_move_1", "volume": 0.12}
[2026-09-25 18:40:56.831] [SFX] {"sound": "threat_pulse", "volume": 0.31}
[2026-09-25 18:40:56.864] [SFX] {"sound": "guardian_move", "volume": 0.23}
[2026-09-25 18:40:56.887] [SFX] {"sound": "player_move", "volume": 0.4}
[2026-09-25 18:40:56.918] [SFX] {"sound": "civ_move_1", "volume": 0.08}
[2026-09-25 18:40:57.032] [SFX] {"sound": "civ_move_1", "volume": 0.2}
[2026-09-25 18:40:57.055] [SFX] {"sound": "civ_move_2", "volume": 0.21}
[2026-09-25 18:40:57.072] [SFX] {"sound": "civ_move_1", "volume": 0.01}
[2026-09-25 18:40:57.073] [SFX] {"sound": "civ_move_2", "volume": 0.19}
[2026-09-25 18:40:57.073] [SFX] {"sound": "civ_move_1", "volume": 0.12}
[2026-09-25 18:40:57.074] [C] {"civ_pos": [24, 78]}
[2026-09-25 18:40:57.159] [SFX] {"sound": "civ_move_2", "volume": 0.23}
[2026-09-25 18:40:57.193] [SFX] {"sound": "player_move", "volume": 0.4}
[2026-09-25 18:40:57.193] [SFX] {"sound": "civ_move_1", "volume": 0.12}
[2026-09-25 18:40:57.322] [SFX] {"sound": "civ_move_1", "volume": 0.06}
[2026-09-25 18:40:57.322] [SFX] {"sound": "civ_move_1", "volume": 0.09}
[2026-09-25 18:40:57.441] [SFX] {"sound": "civ_move_1", "volume": 0.2}
[2026-09-25 18:40:57.464] [SFX] {"sound": "civ_move_2", "volume": 0.19}
[2026-09-25 18:40:57.482] [SFX] {"sound": "guardian_move", "volume": 0.23}
[2026-09-25 18:40:57.482] [SFX] {"sound": "civ_move_1", "volume": 0.02}
[2026-09-25 18:40:57.483] [SFX] {"sound": "civ_move_2", "volume": 0.19}
[2026-09-25 18:40:57.484] [SFX] {"sound": "civ_move_1", "volume": 0.1}
[2026-09-25 18:40:57.503] [SFX] {"sound": "player_move", "volume": 0.4}
[2026-09-25 18:40:57.568] [SFX] {"sound": "civ_move_2", "volume": 0.23}
[2026-09-25 18:40:57.584] [M] {"button": 1, "pos": [423, 276], "ui_clicked": false}
[2026-09-25 18:40:57.591] [SFX] {"sound": "click_target", "volume": 0.59}
[2026-09-25 18:40:57.610] [SFX] {"sound": "civ_move_1", "volume": 0.12}
[2026-09-25 18:40:57.736] [SFX] {"sound": "civ_move_1", "volume": 0.03}
[2026-09-25 18:40:57.737] [SFX] {"sound": "civ_move_1", "volume": 0.08}
[2026-09-25 18:40:57.738] [SFX] {"sound": "threat_pulse", "volume": 0.31}
[2026-09-25 18:40:57.802] [SFX] {"sound": "player_move", "volume": 0.4}
[2026-09-25 18:40:57.854] [SFX] {"sound": "civ_move_1", "volume": 0.16}
[2026-09-25 18:40:57.876] [SFX] {"sound": "civ_move_2", "volume": 0.14}
[2026-09-25 18:40:57.893] [SFX] {"sound": "civ_move_1", "volume": 0.01}
[2026-09-25 18:40:57.894] [SFX] {"sound": "civ_move_2", "volume": 0.14}
[2026-09-25 18:40:57.894] [SFX] {"sound": "civ_move_1", "volume": 0.07}
[2026-09-25 18:40:57.971] [SFX] {"sound": "civ_move_2", "volume": 0.26}
[2026-09-25 18:40:58.006] [SFX] {"sound": "civ_move_1", "volume": 0.1}
[2026-09-25 18:40:58.087] [SFX] {"sound": "guardian_move", "volume": 0.26}
[2026-09-25 18:40:58.110] [SFX] {"sound": "player_move", "volume": 0.4}
[2026-09-25 18:40:58.138] [SFX] {"sound": "civ_move_1", "volume": 0.06}
[2026-09-25 18:40:58.253] [SFX] {"sound": "civ_move_1", "volume": 0.13}
[2026-09-25 18:40:58.277] [SFX] {"sound": "civ_move_2", "volume": 0.13}
[2026-09-25 18:40:58.293] [SFX] {"sound": "civ_move_1", "volume": 0.04}
[2026-09-25 18:40:58.294] [SFX] {"sound": "civ_move_2", "volume": 0.12}
[2026-09-25 18:40:58.294] [SFX] {"sound": "civ_move_1", "volume": 0.07}
[2026-09-25 18:40:58.388] [SFX] {"sound": "civ_move_2", "volume": 0.23}
[2026-09-25 18:40:58.419] [SFX] {"sound": "civ_move_1", "volume": 0.14}
[2026-09-25 18:40:58.552] [SFX] {"sound": "civ_move_1", "volume": 0.07}
[2026-09-25 18:40:58.669] [SFX] {"sound": "civ_move_1", "volume": 0.13}
[2026-09-25 18:40:58.690] [SFX] {"sound": "civ_move_2", "volume": 0.13}
[2026-09-25 18:40:58.707] [SFX] {"sound": "guardian_move", "volume": 0.23}
[2026-09-25 18:40:58.708] [SFX] {"sound": "civ_move_1", "volume": 0.06}
[2026-09-25 18:40:58.709] [SFX] {"sound": "civ_move_2", "volume": 0.11}
[2026-09-25 18:40:58.709] [SFX] {"sound": "civ_move_1", "volume": 0.07}
[2026-09-25 18:40:58.786] [SFX] {"sound": "civ_move_2", "volume": 0.24}
[2026-09-25 18:40:58.821] [SFX] {"sound": "civ_move_1", "volume": 0.13}
[2026-09-25 18:40:58.954] [SFX] {"sound": "civ_move_1", "volume": 0.06}
[2026-09-25 18:40:59.069] [SFX] {"sound": "civ_move_1", "volume": 0.13}
[2026-09-25 18:40:59.092] [SFX] {"sound": "civ_move_2", "volume": 0.13}
[2026-09-25 18:40:59.108] [SFX] {"sound": "civ_move_1", "volume": 0.07}
[2026-09-25 18:40:59.109] [SFX] {"sound": "civ_move_2", "volume": 0.11}
[2026-09-25 18:40:59.110] [SFX] {"sound": "civ_move_1", "volume": 0.06}
[2026-09-25 18:40:59.187] [SFX] {"sound": "civ_move_2", "volume": 0.24}
[2026-09-25 18:40:59.221] [SFX] {"sound": "civ_move_1", "volume": 0.12}
[2026-09-25 18:40:59.304] [SFX] {"sound": "guardian_move", "volume": 0.22}
[2026-09-25 18:40:59.370] [SFX] {"sound": "civ_move_1", "volume": 0.05}
[2026-09-25 18:40:59.469] [SFX] {"sound": "civ_move_1", "volume": 0.14}
[2026-09-25 18:40:59.493] [SFX] {"sound": "civ_move_2", "volume": 0.13}
[2026-09-25 18:40:59.510] [SFX] {"sound": "civ_move_1", "volume": 0.08}
[2026-09-25 18:40:59.511] [SFX] {"sound": "civ_move_2", "volume": 0.1}
[2026-09-25 18:40:59.511] [SFX] {"sound": "civ_move_1", "volume": 0.05}
[2026-09-25 18:40:59.587] [SFX] {"sound": "civ_move_2", "volume": 0.25}
[2026-09-25 18:40:59.637] [SFX] {"sound": "civ_move_1", "volume": 0.11}
[2026-09-25 18:40:59.786] [SFX] {"sound": "civ_move_1", "volume": 0.04}
[2026-09-25 18:40:59.872] [SFX] {"sound": "civ_move_1", "volume": 0.15}
[2026-09-25 18:40:59.894] [SFX] {"sound": "civ_move_2", "volume": 0.12}
[2026-09-25 18:40:59.913] [SFX] {"sound": "guardian_move", "volume": 0.2}
[2026-09-25 18:40:59.914] [SFX] {"sound": "civ_move_1", "volume": 0.09}
[2026-09-25 18:40:59.915] [SFX] {"sound": "civ_move_2", "volume": 0.1}
[2026-09-25 18:40:59.915] [SFX] {"sound": "civ_move_1", "volume": 0.04}
[2026-09-25 18:40:59.925] [M] {"button": 1, "pos": [409, 273], "ui_clicked": true}
[2026-09-25 18:40:59.954] [JACK] Deck-Einstellungen werden angepasst...
[2026-09-25 18:40:59.988] [SFX] {"sound": "civ_move_2", "volume": 0.26}
[2026-09-25 18:41:00.039] [SFX] {"sound": "civ_move_1", "volume": 0.1}
[2026-09-25 18:41:00.087] [SFX] {"sound": "infiltrate 2", "volume": 0.5}
[2026-09-25 18:41:00.188] [SFX] {"sound": "civ_move_1", "volume": 0.03}
[2026-09-25 18:41:00.272] [SFX] {"sound": "civ_move_1", "volume": 0.16}
[2026-09-25 18:41:00.295] [SFX] {"sound": "civ_move_2", "volume": 0.12}
[2026-09-25 18:41:00.322] [SFX] {"sound": "civ_move_1", "volume": 0.09}
[2026-09-25 18:41:00.323] [SFX] {"sound": "civ_move_2", "volume": 0.09}
[2026-09-25 18:41:00.324] [SFX] {"sound": "civ_move_1", "volume": 0.03}
[2026-09-25 18:41:00.404] [SFX] {"sound": "civ_move_2", "volume": 0.27}
[2026-09-25 18:41:00.453] [SFX] {"sound": "civ_move_1", "volume": 0.09}
[2026-09-25 18:41:00.501] [SFX] {"sound": "infiltrate 2", "volume": 0.5}
[2026-09-25 18:41:00.524] [SFX] {"sound": "guardian_move", "volume": 0.21}
[2026-09-25 18:41:00.601] [SFX] {"sound": "civ_move_1", "volume": 0.02}
[2026-09-25 18:41:00.684] [SFX] {"sound": "civ_move_1", "volume": 0.17}
[2026-09-25 18:41:00.706] [SFX] {"sound": "civ_move_2", "volume": 0.11}
[2026-09-25 18:41:00.734] [SFX] {"sound": "civ_move_1", "volume": 0.08}
[2026-09-25 18:41:00.734] [SFX] {"sound": "civ_move_1", "volume": 0.02}
[2026-09-25 18:41:00.758] [SFX] {"sound": "civ_move_2", "volume": 0.08}
[2026-09-25 18:41:00.818] [SFX] {"sound": "civ_move_2", "volume": 0.28}
[2026-09-25 18:41:00.840] [C] {"civ_pos": [29, 88]}
[2026-09-25 18:41:00.887] [SFX] {"sound": "civ_move_1", "volume": 0.07}
[2026-09-25 18:41:00.909] [SFX] {"sound": "infiltrate 1", "volume": 0.5}
[2026-09-25 18:41:01.002] [SFX] {"sound": "civ_move_1", "volume": 0.01}
[2026-09-25 18:41:01.089] [SFX] {"sound": "civ_move_1", "volume": 0.19}
[2026-09-25 18:41:01.112] [SFX] {"sound": "civ_move_2", "volume": 0.1}
[2026-09-25 18:41:01.129] [SFX] {"sound": "guardian_move", "volume": 0.23}
[2026-09-25 18:41:01.147] [SFX] {"sound": "civ_move_1", "volume": 0.07}
[2026-09-25 18:41:01.147] [SFX] {"sound": "civ_move_1", "volume": 0.0}
[2026-09-25 18:41:01.165] [SFX] {"sound": "civ_move_2", "volume": 0.08}
[2026-09-25 18:41:01.225] [SFX] {"sound": "civ_move_2", "volume": 0.29}
[2026-09-25 18:41:01.291] [SFX] {"sound": "civ_move_1", "volume": 0.06}
[2026-09-25 18:41:01.313] [SFX] {"sound": "infiltrate 1", "volume": 0.5}
[2026-09-25 18:41:01.490] [SFX] {"sound": "civ_move_1", "volume": 0.2}
[2026-09-25 18:41:01.513] [SFX] {"sound": "civ_move_2", "volume": 0.1}
[2026-09-25 18:41:01.541] [SFX] {"sound": "civ_move_1", "volume": 0.06}
[2026-09-25 18:41:01.573] [SFX] {"sound": "civ_move_2", "volume": 0.07}
[2026-09-25 18:41:01.640] [SFX] {"sound": "civ_move_2", "volume": 0.29}
[2026-09-25 18:41:01.707] [SFX] {"sound": "civ_move_1", "volume": 0.05}
[2026-09-25 18:41:01.729] [SFX] {"sound": "infiltrate 1", "volume": 0.5}
[2026-09-25 18:41:01.747] [SFX] {"sound": "guardian_move", "volume": 0.22}
[2026-09-25 18:41:01.890] [SFX] {"sound": "civ_move_1", "volume": 0.21}
[2026-09-25 18:41:01.913] [SFX] {"sound": "civ_move_2", "volume": 0.09}
[2026-09-25 18:41:01.942] [SFX] {"sound": "civ_move_1", "volume": 0.05}
[2026-09-25 18:41:01.978] [SFX] {"sound": "civ_move_2", "volume": 0.06}
[2026-09-25 18:41:02.042] [SFX] {"sound": "civ_move_2", "volume": 0.28}
[2026-09-25 18:41:02.109] [SFX] {"sound": "civ_move_1", "volume": 0.04}
[2026-09-25 18:41:02.131] [SFX] {"sound": "infiltrate 2", "volume": 0.5}
[2026-09-25 18:41:02.294] [SFX] {"sound": "civ_move_1", "volume": 0.22}
[2026-09-25 18:41:02.319] [SFX] {"sound": "civ_move_2", "volume": 0.08}
[2026-09-25 18:41:02.349] [SFX] {"sound": "guardian_move", "volume": 0.21}
[2026-09-25 18:41:02.350] [SFX] {"sound": "civ_move_1", "volume": 0.04}
[2026-09-25 18:41:02.383] [SFX] {"sound": "civ_move_2", "volume": 0.05}
[2026-09-25 18:41:02.449] [SFX] {"sound": "civ_move_2", "volume": 0.27}
[2026-09-25 18:41:02.514] [SFX] {"sound": "civ_move_1", "volume": 0.03}
[2026-09-25 18:41:02.539] [SFX] {"sound": "infiltrate 2", "volume": 0.5}
[2026-09-25 18:41:02.696] [SFX] {"sound": "civ_move_1", "volume": 0.22}
[2026-09-25 18:41:02.719] [SFX] {"sound": "civ_move_2", "volume": 0.07}
[2026-09-25 18:41:02.762] [SFX] {"sound": "civ_move_1", "volume": 0.03}
[2026-09-25 18:41:02.795] [SFX] {"sound": "civ_move_2", "volume": 0.05}
[2026-09-25 18:41:02.863] [SFX] {"sound": "civ_move_2", "volume": 0.26}
[2026-09-25 18:41:02.929] [SFX] {"sound": "civ_move_1", "volume": 0.02}
[2026-09-25 18:41:02.930] [SFX] {"sound": "hack_success", "volume": 1.0}
[2026-09-25 18:41:02.963] [SFX] {"sound": "guardian_move", "volume": 0.27}
[2026-09-25 18:41:03.112] [SFX] {"sound": "civ_move_1", "volume": 0.23}
[2026-09-25 18:41:03.113] [SFX] {"sound": "civ_move_2", "volume": 0.07}
[2026-09-25 18:41:03.178] [SFX] {"sound": "civ_move_1", "volume": 0.02}
[2026-09-25 18:41:03.211] [SFX] {"sound": "civ_move_2", "volume": 0.04}
[2026-09-25 18:41:03.277] [SFX] {"sound": "civ_move_2", "volume": 0.24}
[2026-09-25 18:41:03.344] [SFX] {"sound": "civ_move_1", "volume": 0.0}
[2026-09-25 18:41:03.524] [SFX] {"sound": "civ_move_1", "volume": 0.24}
[2026-09-25 18:41:03.525] [SFX] {"sound": "civ_move_2", "volume": 0.06}
[2026-09-25 18:41:03.573] [SFX] {"sound": "guardian_move", "volume": 0.29}
[2026-09-25 18:41:03.597] [SFX] {"sound": "civ_move_1", "volume": 0.01}
[2026-09-25 18:41:03.625] [SFX] {"sound": "civ_move_2", "volume": 0.03}
[2026-09-25 18:41:03.690] [SFX] {"sound": "civ_move_2", "volume": 0.23}
[2026-09-25 18:41:03.924] [SFX] {"sound": "civ_move_1", "volume": 0.24}
[2026-09-25 18:41:03.925] [SFX] {"sound": "civ_move_2", "volume": 0.05}
[2026-09-25 18:41:04.039] [SFX] {"sound": "civ_move_2", "volume": 0.04}
[2026-09-25 18:41:04.104] [SFX] {"sound": "civ_move_2", "volume": 0.22}
[2026-09-25 18:41:04.104] [SFX] {"sound": "civ_move_1", "volume": 0.01}
[2026-09-25 18:41:04.105] [SFX] {"sound": "civ_move_2", "volume": 0.0}
[2026-09-25 18:41:04.189] [SFX] {"sound": "guardian_move", "volume": 0.32}
[2026-09-25 18:41:04.336] [SFX] {"sound": "civ_move_1", "volume": 0.23}
[2026-09-25 18:41:04.337] [SFX] {"sound": "civ_move_2", "volume": 0.04}
[2026-09-25 18:41:04.518] [SFX] {"sound": "civ_move_1", "volume": 0.02}
[2026-09-25 18:41:04.519] [SFX] {"sound": "civ_move_2", "volume": 0.01}
[2026-09-25 18:41:04.736] [SFX] {"sound": "civ_move_1", "volume": 0.22}
[2026-09-25 18:41:04.737] [SFX] {"sound": "civ_move_2", "volume": 0.03}
[2026-09-25 18:41:04.800] [SFX] {"sound": "guardian_move", "volume": 0.33}
[2026-09-25 18:41:04.866] [SFX] {"sound": "civ_move_2", "volume": 0.05}
[2026-09-25 18:41:04.898] [M] {"button": 1, "pos": [337, 158], "ui_clicked": false}
[2026-09-25 18:41:04.931] [SFX] {"sound": "civ_move_1", "volume": 0.03}
[2026-09-25 18:41:04.932] [SFX] {"sound": "civ_move_2", "volume": 0.02}
[2026-09-25 18:41:05.145] [SFX] {"sound": "civ_move_1", "volume": 0.21}
[2026-09-25 18:41:05.146] [SFX] {"sound": "civ_move_2", "volume": 0.02}
[2026-09-25 18:41:05.279] [SFX] {"sound": "civ_move_2", "volume": 0.06}
[2026-09-25 18:41:05.346] [M] {"button": 1, "pos": [364, 191], "ui_clicked": false}
[2026-09-25 18:41:05.354] [SFX] {"sound": "civ_move_1", "volume": 0.04}
[2026-09-25 18:41:05.355] [SFX] {"sound": "civ_move_2", "volume": 0.03}
[2026-09-25 18:41:05.356] [P] {"start": [31, 88], "goal": [34, 88], "length": 1, "is_direction_change": false}
[2026-09-25 18:41:05.357] [SFX] {"sound": "click_target", "volume": 0.73}
[2026-09-25 18:41:05.413] [JACK] Überall Wacheinheiten... Ihr bedrohliches Summen brennt sich ins Deck.
[2026-09-25 18:41:05.414] [SFX] {"sound": "player_move", "volume": 0.4}
[2026-09-25 18:41:05.430] [SFX] {"sound": "guardian_move", "volume": 0.33}
[2026-09-25 18:41:05.557] [SFX] {"sound": "civ_move_1", "volume": 0.18}
[2026-09-25 18:41:05.558] [SFX] {"sound": "civ_move_2", "volume": 0.03}
[2026-09-25 18:41:05.756] [SFX] {"sound": "civ_move_1", "volume": 0.08}
[2026-09-25 18:41:05.757] [SFX] {"sound": "civ_move_2", "volume": 0.06}
[2026-09-25 18:41:05.974] [SFX] {"sound": "civ_move_1", "volume": 0.18}
[2026-09-25 18:41:05.974] [SFX] {"sound": "civ_move_2", "volume": 0.02}
[2026-09-25 18:41:06.006] [M] {"button": 1, "pos": [365, 190], "ui_clicked": false}
[2026-09-25 18:41:06.013] [P] {"start": [34, 88], "goal": [37, 88], "length": 1, "is_direction_change": false}
[2026-09-25 18:41:06.014] [SFX] {"sound": "click_target", "volume": 0.73}
[2026-09-25 18:41:06.050] [JACK] Diese Bedrohung ist greifbar... Die Wachen dürfen unser Signal nicht isolieren.
[2026-09-25 18:41:06.051] [SFX] {"sound": "guardian_move", "volume": 0.34}
[2026-09-25 18:41:06.095] [SFX] {"sound": "civ_move_2", "volume": 0.01}
[2026-09-25 18:41:06.161] [SFX] {"sound": "civ_move_1", "volume": 0.11}
[2026-09-25 18:41:06.162] [SFX] {"sound": "civ_move_2", "volume": 0.08}
[2026-09-25 18:41:06.378] [SFX] {"sound": "civ_move_1", "volume": 0.13}
[2026-09-25 18:41:06.379] [SFX] {"sound": "civ_move_2", "volume": 0.02}
[2026-09-25 18:41:06.544] [M] {"button": 1, "pos": [380, 182], "ui_clicked": false}
[2026-09-25 18:41:06.552] [P] {"start": [37, 88], "goal": [41, 88], "length": 1, "is_direction_change": false}
[2026-09-25 18:41:06.553] [SFX] {"sound": "click_target", "volume": 0.71}
[2026-09-25 18:41:06.577] [SFX] {"sound": "civ_move_1", "volume": 0.12}
[2026-09-25 18:41:06.577] [SFX] {"sound": "civ_move_2", "volume": 0.09}
[2026-09-25 18:41:06.611] [SFX] {"sound": "player_move", "volume": 0.4}
[2026-09-25 18:41:06.634] [SFX] {"sound": "guardian_move", "volume": 0.32}
[2026-09-25 18:41:06.792] [SFX] {"sound": "civ_move_1", "volume": 0.11}
[2026-09-25 18:41:06.793] [SFX] {"sound": "civ_move_2", "volume": 0.04}
[2026-09-25 18:41:06.972] [M] {"button": 1, "pos": [382, 182], "ui_clicked": false}
[2026-09-25 18:41:06.979] [SFX] {"sound": "civ_move_1", "volume": 0.16}
[2026-09-25 18:41:06.979] [SFX] {"sound": "civ_move_2", "volume": 0.11}
[2026-09-25 18:41:06.980] [P] {"start": [41, 88], "goal": [45, 88], "length": 1, "is_direction_change": false}
[2026-09-25 18:41:06.981] [SFX] {"sound": "click_target", "volume": 0.72}
[2026-09-25 18:41:07.044] [SFX] {"sound": "civ_move_2", "volume": 0.01}
[2026-09-25 18:41:07.142] [SFX] {"sound": "player_move", "volume": 0.4}
[2026-09-25 18:41:07.208] [SFX] {"sound": "civ_move_1", "volume": 0.09}
[2026-09-25 18:41:07.208] [SFX] {"sound": "civ_move_2", "volume": 0.05}
[2026-09-25 18:41:07.257] [SFX] {"sound": "guardian_move", "volume": 0.24}
[2026-09-25 18:41:07.373] [SFX] {"sound": "civ_move_1", "volume": 0.19}
[2026-09-25 18:41:07.374] [SFX] {"sound": "civ_move_2", "volume": 0.13}
[2026-09-25 18:41:07.456] [SFX] {"sound": "civ_move_2", "volume": 0.02}
[2026-09-25 18:41:07.473] [M] {"button": 1, "pos": [382, 182], "ui_clicked": false}
[2026-09-25 18:41:07.480] [P] {"start": [45, 88], "goal": [49, 88], "length": 1, "is_direction_change": false}
[2026-09-25 18:41:07.481] [SFX] {"sound": "click_target", "volume": 0.71}
[2026-09-25 18:41:07.607] [SFX] {"sound": "civ_move_1", "volume": 0.07}
[2026-09-25 18:41:07.608] [SFX] {"sound": "civ_move_2", "volume": 0.06}
[2026-09-25 18:41:07.775] [SFX] {"sound": "civ_move_1", "volume": 0.22}
[2026-09-25 18:41:07.776] [SFX] {"sound": "civ_move_2", "volume": 0.13}
[2026-09-25 18:41:07.856] [SFX] {"sound": "civ_move_2", "volume": 0.04}
[2026-09-25 18:41:07.857] [SFX] {"sound": "civ_move_1", "volume": 0.0}
[2026-09-25 18:41:07.880] [SFX] {"sound": "guardian_move", "volume": 0.17}
[2026-09-25 18:41:08.020] [SFX] {"sound": "civ_move_2", "volume": 0.06}
[2026-09-25 18:41:08.188] [SFX] {"sound": "civ_move_1", "volume": 0.22}
[2026-09-25 18:41:08.189] [SFX] {"sound": "civ_move_2", "volume": 0.13}
[2026-09-25 18:41:08.272] [SFX] {"sound": "civ_move_2", "volume": 0.04}
[2026-09-25 18:41:08.407] [M] {"button": 1, "pos": [382, 182], "ui_clicked": false}
[2026-09-25 18:41:08.416] [P] {"start": [49, 88], "goal": [53, 88], "length": 1, "is_direction_change": false}
[2026-09-25 18:41:08.416] [SFX] {"sound": "click_target", "volume": 0.7}
[2026-09-25 18:41:08.456] [SFX] {"sound": "civ_move_2", "volume": 0.05}
[2026-09-25 18:41:08.483] [SFX] {"sound": "guardian_move", "volume": 0.13}
[2026-09-25 18:41:08.518] [SFX] {"sound": "player_move", "volume": 0.4}
[2026-09-25 18:41:08.601] [SFX] {"sound": "civ_move_1", "volume": 0.22}
[2026-09-25 18:41:08.601] [SFX] {"sound": "civ_move_2", "volume": 0.12}
[2026-09-25 18:41:08.683] [SFX] {"sound": "civ_move_2", "volume": 0.06}
[2026-09-25 18:41:08.683] [SFX] {"sound": "civ_move_1", "volume": 0.01}
[2026-09-25 18:41:08.840] [SFX] {"sound": "civ_move_2", "volume": 0.06}
[2026-09-25 18:41:09.017] [SFX] {"sound": "civ_move_1", "volume": 0.22}
[2026-09-25 18:41:09.018] [SFX] {"sound": "civ_move_2", "volume": 0.11}
[2026-09-25 18:41:09.083] [SFX] {"sound": "civ_move_2", "volume": 0.06}
[2026-09-25 18:41:09.106] [SFX] {"sound": "guardian_move", "volume": 0.11}
[2026-09-25 18:41:09.232] [SFX] {"sound": "civ_move_2", "volume": 0.05}
[2026-09-25 18:41:09.431] [SFX] {"sound": "civ_move_1", "volume": 0.21}
[2026-09-25 18:41:09.432] [SFX] {"sound": "civ_move_2", "volume": 0.09}
[2026-09-25 18:41:09.498] [SFX] {"sound": "civ_move_2", "volume": 0.06}
[2026-09-25 18:41:09.547] [M] {"button": 1, "pos": [67, 19], "ui_clicked": true}
[2026-09-25 18:41:09.642] [SFX] {"sound": "civ_move_2", "volume": 0.04}
[2026-09-25 18:41:09.708] [SFX] {"sound": "guardian_move", "volume": 0.11}
[2026-09-25 18:41:09.843] [SFX] {"sound": "civ_move_1", "volume": 0.2}
[2026-09-25 18:41:09.844] [SFX] {"sound": "civ_move_2", "volume": 0.08}
[2026-09-25 18:41:09.910] [SFX] {"sound": "civ_move_2", "volume": 0.06}
[2026-09-25 18:41:10.042] [SFX] {"sound": "civ_move_2", "volume": 0.03}
[2026-09-25 18:41:10.257] [SFX] {"sound": "civ_move_1", "volume": 0.19}
[2026-09-25 18:41:10.258] [SFX] {"sound": "civ_move_2", "volume": 0.07}
[2026-09-25 18:41:10.322] [SFX] {"sound": "guardian_move", "volume": 0.1}
[2026-09-25 18:41:10.323] [SFX] {"sound": "civ_move_2", "volume": 0.06}
[2026-09-25 18:41:10.454] [SFX] {"sound": "civ_move_2", "volume": 0.02}
[2026-09-25 18:41:10.671] [SFX] {"sound": "civ_move_1", "volume": 0.18}
[2026-09-25 18:41:10.672] [SFX] {"sound": "civ_move_2", "volume": 0.06}
[2026-09-25 18:41:10.868] [SFX] {"sound": "civ_move_2", "volume": 0.01}
[2026-09-25 18:41:10.937] [SFX] {"sound": "guardian_move", "volume": 0.09}
[2026-09-25 18:41:11.018] [M] {"button": 1, "pos": [67, 44], "ui_clicked": true}
[2026-09-25 18:41:11.073] [SFX] {"sound": "civ_move_1", "volume": 0.17}
[2026-09-25 18:41:11.073] [SFX] {"sound": "civ_move_2", "volume": 0.05}
[2026-09-25 18:41:11.124] [SFX] {"sound": "civ_move_2", "volume": 0.06}
[2026-09-25 18:41:11.269] [SFX] {"sound": "civ_move_2", "volume": 0.0}
[2026-09-25 18:41:11.481] [SFX] {"sound": "civ_move_1", "volume": 0.15}
[2026-09-25 18:41:11.482] [SFX] {"sound": "civ_move_2", "volume": 0.03}
[2026-09-25 18:41:11.530] [SFX] {"sound": "civ_move_2", "volume": 0.06}
[2026-09-25 18:41:11.552] [SFX] {"sound": "guardian_move", "volume": 0.08}
[2026-09-25 18:41:11.682] [M] {"button": 1, "pos": [52, 50], "ui_clicked": true}
[2026-09-25 18:41:11.887] [SFX] {"sound": "civ_move_1", "volume": 0.14}
[2026-09-25 18:41:11.888] [SFX] {"sound": "civ_move_2", "volume": 0.02}
[2026-09-25 18:41:11.937] [SFX] {"sound": "civ_move_2", "volume": 0.06}
[2026-09-25 18:41:12.085] [M] {"button": 1, "pos": [52, 50], "ui_clicked": true}
[2026-09-25 18:41:12.099] [JACK] Deck-Einstellungen werden angepasst...
[2026-09-25 18:41:12.100] [SFX] {"sound": "civ_move_2", "volume": 0.01}
[2026-09-25 18:41:12.161] [SFX] {"sound": "guardian_move", "volume": 0.07}
[2026-09-25 18:41:12.292] [SFX] {"sound": "civ_move_1", "volume": 0.13}
[2026-09-25 18:41:12.292] [SFX] {"sound": "civ_move_2", "volume": 0.01}
[2026-09-25 18:41:12.324] [SFX] {"sound": "civ_move_1", "volume": 0.01}
[2026-09-25 18:41:12.346] [SFX] {"sound": "civ_move_2", "volume": 0.06}
[2026-09-25 18:41:12.490] [SFX] {"sound": "civ_move_2", "volume": 0.01}
[2026-09-25 18:41:12.702] [SFX] {"sound": "civ_move_1", "volume": 0.12}
[2026-09-25 18:41:12.736] [SFX] {"sound": "civ_move_1", "volume": 0.02}
[2026-09-25 18:41:12.759] [SFX] {"sound": "civ_move_2", "volume": 0.06}
[2026-09-25 18:41:12.775] [SFX] {"sound": "guardian_move", "volume": 0.06}
[2026-09-25 18:41:12.902] [SFX] {"sound": "civ_move_2", "volume": 0.02}
[2026-09-25 18:41:13.116] [SFX] {"sound": "civ_move_1", "volume": 0.11}
[2026-09-25 18:41:13.149] [SFX] {"sound": "civ_move_1", "volume": 0.03}
[2026-09-25 18:41:13.172] [SFX] {"sound": "civ_move_2", "volume": 0.06}
[2026-09-25 18:41:13.264] [M] {"button": 1, "pos": [39, 53], "ui_clicked": true}
[2026-09-25 18:41:13.311] [SFX] {"sound": "civ_move_2", "volume": 0.03}
[2026-09-25 18:41:13.376] [SFX] {"sound": "guardian_move", "volume": 0.05}
[2026-09-25 18:41:13.528] [SFX] {"sound": "civ_move_1", "volume": 0.09}
[2026-09-25 18:41:13.563] [SFX] {"sound": "civ_move_1", "volume": 0.04}
[2026-09-25 18:41:13.586] [SFX] {"sound": "civ_move_2", "volume": 0.06}
[2026-09-25 18:41:13.711] [SFX] {"sound": "civ_move_2", "volume": 0.04}
[2026-09-25 18:41:13.929] [SFX] {"sound": "civ_move_1", "volume": 0.08}
[2026-09-25 18:41:13.946] [M] {"button": 1, "pos": [35, 47], "ui_clicked": true}
[2026-09-25 18:41:13.983] [SFX] {"sound": "guardian_move", "volume": 0.04}
[2026-09-25 18:41:13.983] [SFX] {"sound": "civ_move_2", "volume": 0.06}
[2026-09-25 18:41:13.984] [SFX] {"sound": "civ_move_1", "volume": 0.05}
[2026-09-25 18:41:14.117] [SFX] {"sound": "civ_move_2", "volume": 0.05}
[2026-09-25 18:41:14.329] [SFX] {"sound": "civ_move_1", "volume": 0.07}
[2026-09-25 18:41:14.397] [SFX] {"sound": "civ_move_2", "volume": 0.06}
[2026-09-25 18:41:14.398] [SFX] {"sound": "civ_move_1", "volume": 0.05}
[2026-09-25 18:41:14.527] [SFX] {"sound": "civ_move_2", "volume": 0.06}
[2026-09-25 18:41:14.596] [SFX] {"sound": "guardian_move", "volume": 0.05}
[2026-09-25 18:41:14.631] [M] {"button": 1, "pos": [32, 47], "ui_clicked": true}
[2026-09-25 18:41:14.734] [SFX] {"sound": "civ_move_1", "volume": 0.06}
[2026-09-25 18:41:14.799] [SFX] {"sound": "civ_move_2", "volume": 0.06}
[2026-09-25 18:41:14.800] [SFX] {"sound": "civ_move_1", "volume": 0.06}
[2026-09-25 18:41:14.929] [SFX] {"sound": "civ_move_2", "volume": 0.07}
[2026-09-25 18:41:15.146] [SFX] {"sound": "civ_move_1", "volume": 0.05}
[2026-09-25 18:41:15.211] [SFX] {"sound": "guardian_move", "volume": 0.07}
[2026-09-25 18:41:15.211] [SFX] {"sound": "civ_move_2", "volume": 0.06}
[2026-09-25 18:41:15.213] [SFX] {"sound": "civ_move_1", "volume": 0.07}
[2026-09-25 18:41:15.341] [SFX] {"sound": "civ_move_2", "volume": 0.07}
[2026-09-25 18:41:15.556] [SFX] {"sound": "civ_move_1", "volume": 0.03}
[2026-09-25 18:41:15.623] [SFX] {"sound": "civ_move_2", "volume": 0.06}
[2026-09-25 18:41:15.624] [SFX] {"sound": "civ_move_1", "volume": 0.08}
[2026-09-25 18:41:15.753] [SFX] {"sound": "civ_move_2", "volume": 0.08}
[2026-09-25 18:41:15.822] [SFX] {"sound": "guardian_move", "volume": 0.09}
[2026-09-25 18:41:15.972] [SFX] {"sound": "civ_move_1", "volume": 0.02}
[2026-09-25 18:41:16.035] [SFX] {"sound": "civ_move_2", "volume": 0.06}
[2026-09-25 18:41:16.036] [SFX] {"sound": "civ_move_1", "volume": 0.09}
[2026-09-25 18:41:16.166] [SFX] {"sound": "civ_move_2", "volume": 0.09}
[2026-09-25 18:41:16.378] [SFX] {"sound": "civ_move_1", "volume": 0.01}
[2026-09-25 18:41:16.428] [SFX] {"sound": "guardian_move", "volume": 0.11}
[2026-09-25 18:41:16.450] [SFX] {"sound": "civ_move_2", "volume": 0.06}
[2026-09-25 18:41:16.451] [SFX] {"sound": "civ_move_1", "volume": 0.1}
[2026-09-25 18:41:16.578] [SFX] {"sound": "civ_move_2", "volume": 0.09}
[2026-09-25 18:41:16.693] [M] {"button": 1, "pos": [127, 48], "ui_clicked": true}
[2026-09-25 18:41:16.847] [SFX] {"sound": "civ_move_2", "volume": 0.06}
[2026-09-25 18:41:16.847] [SFX] {"sound": "civ_move_1", "volume": 0.1}
[2026-09-25 18:41:16.949] [SFX] {"sound": "civ_move_2", "volume": 0.01}
[2026-09-25 18:41:16.980] [SFX] {"sound": "civ_move_2", "volume": 0.1}
[2026-09-25 18:41:17.031] [SFX] {"sound": "guardian_move", "volume": 0.12}
[2026-09-25 18:41:17.248] [SFX] {"sound": "civ_move_2", "volume": 0.06}
[2026-09-25 18:41:17.249] [SFX] {"sound": "civ_move_1", "volume": 0.11}
[2026-09-25 18:41:17.364] [SFX] {"sound": "civ_move_2", "volume": 0.02}
[2026-09-25 18:41:17.387] [SFX] {"sound": "civ_move_2", "volume": 0.11}
[2026-09-25 18:41:17.597] [SFX] {"sound": "civ_move_2", "volume": 0.0}
[2026-09-25 18:41:17.645] [SFX] {"sound": "guardian_move", "volume": 0.14}
[2026-09-25 18:41:17.668] [SFX] {"sound": "civ_move_2", "volume": 0.06}
[2026-09-25 18:41:17.669] [SFX] {"sound": "civ_move_1", "volume": 0.12}
[2026-09-25 18:41:17.766] [SFX] {"sound": "civ_move_2", "volume": 0.03}
[2026-09-25 18:41:17.788] [SFX] {"sound": "civ_move_2", "volume": 0.11}
[2026-09-25 18:41:18.012] [SFX] {"sound": "civ_move_2", "volume": 0.01}
[2026-09-25 18:41:18.062] [SFX] {"sound": "civ_move_2", "volume": 0.06}
[2026-09-25 18:41:18.062] [SFX] {"sound": "civ_move_1", "volume": 0.12}
[2026-09-25 18:41:18.160] [M] {"button": 1, "pos": [32, 44], "ui_clicked": true}
[2026-09-25 18:41:18.186] [JACK] Inventar durchwühlen. Wo liegt das passende Tool?
[2026-09-25 18:41:18.203] [SFX] {"sound": "civ_move_2", "volume": 0.05}
[2026-09-25 18:41:18.204] [SFX] {"sound": "civ_move_2", "volume": 0.11}
[2026-09-25 18:41:18.246] [SFX] {"sound": "guardian_move", "volume": 0.15}
[2026-09-25 18:41:18.377] [M] {"button": 1, "pos": [32, 44], "ui_clicked": true}
[2026-09-25 18:41:18.418] [SFX] {"sound": "civ_move_2", "volume": 0.02}
[2026-09-25 18:41:18.468] [SFX] {"sound": "civ_move_2", "volume": 0.06}
[2026-09-25 18:41:18.469] [SFX] {"sound": "civ_move_1", "volume": 0.12}
[2026-09-25 18:41:18.599] [SFX] {"sound": "civ_move_2", "volume": 0.06}
[2026-09-25 18:41:18.599] [SFX] {"sound": "civ_move_2", "volume": 0.12}
[2026-09-25 18:41:18.683] [M] {"button": 1, "pos": [32, 46], "ui_clicked": true}
[2026-09-25 18:41:18.823] [SFX] {"sound": "civ_move_2", "volume": 0.03}
[2026-09-25 18:41:18.857] [SFX] {"sound": "guardian_move", "volume": 0.16}
[2026-09-25 18:41:18.880] [SFX] {"sound": "civ_move_2", "volume": 0.06}
[2026-09-25 18:41:18.881] [SFX] {"sound": "civ_move_1", "volume": 0.13}
[2026-09-25 18:41:18.924] [M] {"button": 3, "pos": [32, 46], "ui_clicked": true}
[2026-09-25 18:41:19.001] [SFX] {"sound": "civ_move_2", "volume": 0.07}
[2026-09-25 18:41:19.001] [SFX] {"sound": "civ_move_2", "volume": 0.12}
[2026-09-25 18:41:19.233] [SFX] {"sound": "civ_move_2", "volume": 0.04}
[2026-09-25 18:41:19.283] [SFX] {"sound": "civ_move_2", "volume": 0.06}
[2026-09-25 18:41:19.283] [SFX] {"sound": "civ_move_1", "volume": 0.13}
[2026-09-25 18:41:19.412] [M] {"button": 3, "pos": [63, 53], "ui_clicked": true}
[2026-09-25 18:41:19.441] [SFX] {"sound": "civ_move_2", "volume": 0.08}
[2026-09-25 18:41:19.442] [SFX] {"sound": "civ_move_2", "volume": 0.12}
[2026-09-25 18:41:19.468] [SFX] {"sound": "guardian_move", "volume": 0.17}
[2026-09-25 18:41:19.616] [SFX] {"sound": "guardian_move", "volume": 0.02}
[2026-09-25 18:41:19.641] [SFX] {"sound": "civ_move_2", "volume": 0.05}
[2026-09-25 18:41:19.685] [SFX] {"sound": "civ_move_2", "volume": 0.06}
[2026-09-25 18:41:19.686] [SFX] {"sound": "civ_move_1", "volume": 0.13}
[2026-09-25 18:41:19.816] [SFX] {"sound": "civ_move_2", "volume": 0.09}
[2026-09-25 18:41:19.816] [SFX] {"sound": "civ_move_2", "volume": 0.12}
[2026-09-25 18:41:20.015] [M] {"button": 1, "pos": [148, 206], "ui_clicked": false}
[2026-09-25 18:41:20.033] [SFX] {"sound": "civ_move_2", "volume": 0.05}
[2026-09-25 18:41:20.083] [SFX] {"sound": "guardian_move", "volume": 0.17}
[2026-09-25 18:41:20.106] [SFX] {"sound": "civ_move_2", "volume": 0.06}
[2026-09-25 18:41:20.107] [SFX] {"sound": "civ_move_1", "volume": 0.13}
[2026-09-25 18:41:20.218] [SFX] {"sound": "guardian_move", "volume": 0.05}
[2026-09-25 18:41:20.218] [SFX] {"sound": "civ_move_2", "volume": 0.11}
[2026-09-25 18:41:20.219] [SFX] {"sound": "civ_move_2", "volume": 0.12}
[2026-09-25 18:41:20.433] [SFX] {"sound": "civ_move_2", "volume": 0.06}
[2026-09-25 18:41:20.514] [SFX] {"sound": "civ_move_1", "volume": 0.13}
[2026-09-25 18:41:20.563] [SFX] {"sound": "guardian_move", "volume": 0.01}
[2026-09-25 18:41:20.629] [SFX] {"sound": "civ_move_2", "volume": 0.12}
[2026-09-25 18:41:20.697] [SFX] {"sound": "guardian_move", "volume": 0.15}
[2026-09-25 18:41:20.826] [SFX] {"sound": "guardian_move", "volume": 0.07}
[2026-09-25 18:41:20.849] [SFX] {"sound": "civ_move_2", "volume": 0.07}
[2026-09-25 18:41:20.925] [SFX] {"sound": "civ_move_2", "volume": 0.06}
[2026-09-25 18:41:20.926] [SFX] {"sound": "civ_move_1", "volume": 0.13}
[2026-09-25 18:41:21.042] [SFX] {"sound": "civ_move_2", "volume": 0.12}
[2026-09-25 18:41:21.173] [SFX] {"sound": "guardian_move", "volume": 0.02}
[2026-09-25 18:41:21.256] [SFX] {"sound": "civ_move_2", "volume": 0.08}
[2026-09-25 18:41:21.306] [SFX] {"sound": "guardian_move", "volume": 0.12}
[2026-09-25 18:41:21.339] [SFX] {"sound": "civ_move_2", "volume": 0.06}
[2026-09-25 18:41:21.340] [SFX] {"sound": "civ_move_1", "volume": 0.13}
[2026-09-25 18:41:21.437] [SFX] {"sound": "guardian_move", "volume": 0.1}
[2026-09-25 18:41:21.460] [SFX] {"sound": "civ_move_2", "volume": 0.13}
[2026-09-25 18:41:21.657] [SFX] {"sound": "civ_move_2", "volume": 0.08}
[2026-09-25 18:41:21.740] [SFX] {"sound": "civ_move_2", "volume": 0.06}
[2026-09-25 18:41:21.741] [SFX] {"sound": "civ_move_1", "volume": 0.13}
[2026-09-25 18:41:21.774] [SFX] {"sound": "guardian_move", "volume": 0.04}
[2026-09-25 18:41:21.856] [SFX] {"sound": "civ_move_2", "volume": 0.13}
[2026-09-25 18:41:21.921] [SFX] {"sound": "guardian_move", "volume": 0.12}
[2026-09-25 18:41:22.071] [SFX] {"sound": "civ_move_2", "volume": 0.09}
[2026-09-25 18:41:22.154] [SFX] {"sound": "civ_move_2", "volume": 0.06}
[2026-09-25 18:41:22.155] [SFX] {"sound": "civ_move_1", "volume": 0.12}
[2026-09-25 18:41:22.186] [M] {"button": 1, "pos": [113, 52], "ui_clicked": true}
[2026-09-25 18:41:22.272] [SFX] {"sound": "civ_move_2", "volume": 0.13}
[2026-09-25 18:41:22.387] [SFX] {"sound": "guardian_move", "volume": 0.06}
[2026-09-25 18:41:22.487] [SFX] {"sound": "civ_move_2", "volume": 0.1}
[2026-09-25 18:41:22.535] [SFX] {"sound": "guardian_move", "volume": 0.12}
[2026-09-25 18:41:22.567] [SFX] {"sound": "civ_move_2", "volume": 0.06}
[2026-09-25 18:41:22.568] [SFX] {"sound": "civ_move_1", "volume": 0.11}
[2026-09-25 18:41:22.652] [SFX] {"sound": "guardian_move", "volume": 0.14}
[2026-09-25 18:41:22.684] [SFX] {"sound": "civ_move_2", "volume": 0.12}
[2026-09-25 18:41:22.902] [SFX] {"sound": "civ_move_2", "volume": 0.1}
[2026-09-25 18:41:22.967] [SFX] {"sound": "civ_move_2", "volume": 0.06}
[2026-09-25 18:41:22.968] [SFX] {"sound": "civ_move_1", "volume": 0.09}
[2026-09-25 18:41:23.001] [SFX] {"sound": "guardian_move", "volume": 0.08}
[2026-09-25 18:41:23.098] [SFX] {"sound": "civ_move_2", "volume": 0.12}
[2026-09-25 18:41:23.149] [M] {"button": 1, "pos": [144, 47], "ui_clicked": true}
[2026-09-25 18:41:23.176] [SFX] {"sound": "guardian_move", "volume": 0.12}
[2026-09-25 18:41:23.254] [SFX] {"sound": "guardian_move", "volume": 0.17}
[2026-09-25 18:41:23.305] [SFX] {"sound": "civ_move_2", "volume": 0.11}
[2026-09-25 18:41:23.371] [SFX] {"sound": "civ_move_2", "volume": 0.06}
[2026-09-25 18:41:23.372] [SFX] {"sound": "civ_move_1", "volume": 0.08}
[2026-09-25 18:41:23.499] [SFX] {"sound": "civ_move_2", "volume": 0.11}
[2026-09-25 18:41:23.603] [SFX] {"sound": "guardian_move", "volume": 0.09}
[2026-09-25 18:41:23.719] [SFX] {"sound": "civ_move_2", "volume": 0.11}
[2026-09-25 18:41:23.752] [SFX] {"sound": "guardian_move", "volume": 0.12}
[2026-09-25 18:41:23.785] [SFX] {"sound": "civ_move_2", "volume": 0.06}
[2026-09-25 18:41:23.786] [SFX] {"sound": "civ_move_1", "volume": 0.07}
[2026-09-25 18:41:23.853] [M] {"button": 1, "pos": [95, 47], "ui_clicked": true}
[2026-09-25 18:41:23.881] [SFX] {"sound": "guardian_move", "volume": 0.19}
[2026-09-25 18:41:23.908] [SFX] {"sound": "civ_move_2", "volume": 0.1}
[2026-09-25 18:41:24.125] [SFX] {"sound": "civ_move_2", "volume": 0.11}
[2026-09-25 18:41:24.191] [SFX] {"sound": "civ_move_2", "volume": 0.06}
[2026-09-25 18:41:24.191] [SFX] {"sound": "civ_move_1", "volume": 0.06}
[2026-09-25 18:41:24.212] [SFX] {"sound": "guardian_move", "volume": 0.11}
[2026-09-25 18:41:24.321] [SFX] {"sound": "civ_move_2", "volume": 0.1}
[2026-09-25 18:41:24.353] [SFX] {"sound": "guardian_move", "volume": 0.11}
[2026-09-25 18:41:24.470] [SFX] {"sound": "guardian_move", "volume": 0.22}
[2026-09-25 18:41:24.535] [SFX] {"sound": "civ_move_2", "volume": 0.12}
[2026-09-25 18:41:24.604] [SFX] {"sound": "civ_move_2", "volume": 0.06}
[2026-09-25 18:41:24.605] [SFX] {"sound": "civ_move_1", "volume": 0.05}
[2026-09-25 18:41:24.736] [SFX] {"sound": "civ_move_2", "volume": 0.09}
[2026-09-25 18:41:24.737] [SFX] {"sound": "civ_move_2", "volume": 0.1}
[2026-09-25 18:41:24.819] [M] {"button": 1, "pos": [152, 43], "ui_clicked": true}
[2026-09-25 18:41:24.845] [SFX] {"sound": "guardian_move", "volume": 0.12}
[2026-09-25 18:41:24.940] [SFX] {"sound": "civ_move_2", "volume": 0.12}
[2026-09-25 18:41:24.962] [SFX] {"sound": "guardian_move", "volume": 0.11}
[2026-09-25 18:41:25.006] [SFX] {"sound": "civ_move_2", "volume": 0.06}
[2026-09-25 18:41:25.007] [SFX] {"sound": "civ_move_1", "volume": 0.03}
[2026-09-25 18:41:25.075] [SFX] {"sound": "guardian_move", "volume": 0.24}
[2026-09-25 18:41:25.140] [SFX] {"sound": "civ_move_2", "volume": 0.08}
[2026-09-25 18:41:25.141] [SFX] {"sound": "civ_move_2", "volume": 0.11}
[2026-09-25 18:41:25.353] [SFX] {"sound": "civ_move_2", "volume": 0.12}
[2026-09-25 18:41:25.421] [SFX] {"sound": "guardian_move", "volume": 0.13}
[2026-09-25 18:41:25.422] [SFX] {"sound": "civ_move_2", "volume": 0.06}
[2026-09-25 18:41:25.423] [SFX] {"sound": "civ_move_1", "volume": 0.02}
[2026-09-25 18:41:25.556] [SFX] {"sound": "civ_move_2", "volume": 0.07}
[2026-09-25 18:41:25.557] [SFX] {"sound": "civ_move_2", "volume": 0.11}
[2026-09-25 18:41:25.579] [SFX] {"sound": "guardian_move", "volume": 0.1}
[2026-09-25 18:41:25.689] [SFX] {"sound": "guardian_move", "volume": 0.27}
[2026-09-25 18:41:25.706] [M] {"button": 1, "pos": [76, 54], "ui_clicked": true}
[2026-09-25 18:41:25.762] [SFX] {"sound": "civ_move_2", "volume": 0.12}
[2026-09-25 18:41:25.828] [SFX] {"sound": "civ_move_2", "volume": 0.06}
[2026-09-25 18:41:25.829] [SFX] {"sound": "civ_move_1", "volume": 0.01}
[2026-09-25 18:41:25.959] [SFX] {"sound": "civ_move_2", "volume": 0.06}
[2026-09-25 18:41:25.959] [SFX] {"sound": "civ_move_2", "volume": 0.12}
[2026-09-25 18:41:26.024] [SFX] {"sound": "guardian_move", "volume": 0.14}
[2026-09-25 18:41:26.174] [SFX] {"sound": "guardian_move", "volume": 0.09}
[2026-09-25 18:41:26.175] [SFX] {"sound": "civ_move_2", "volume": 0.12}
[2026-09-25 18:41:26.239] [SFX] {"sound": "civ_move_2", "volume": 0.06}
[2026-09-25 18:41:26.304] [SFX] {"sound": "guardian_move", "volume": 0.29}
[2026-09-25 18:41:26.370] [SFX] {"sound": "civ_move_2", "volume": 0.06}
[2026-09-25 18:41:26.371] [SFX] {"sound": "civ_move_2", "volume": 0.01}
[2026-09-25 18:41:26.372] [SFX] {"sound": "civ_move_2", "volume": 0.12}
[2026-09-25 18:41:26.638] [SFX] {"sound": "guardian_move", "volume": 0.15}
[2026-09-25 18:41:26.639] [SFX] {"sound": "civ_move_2", "volume": 0.06}
[2026-09-25 18:41:26.771] [SFX] {"sound": "civ_move_2", "volume": 0.05}
[2026-09-25 18:41:26.771] [SFX] {"sound": "civ_move_2", "volume": 0.02}
[2026-09-25 18:41:26.772] [SFX] {"sound": "civ_move_2", "volume": 0.13}
[2026-09-25 18:41:26.793] [SFX] {"sound": "guardian_move", "volume": 0.08}
[2026-09-25 18:41:26.875] [M] {"button": 1, "pos": [276, 192], "ui_clicked": false}
[2026-09-25 18:41:26.883] [P] {"start": [53, 88], "goal": [49, 88], "length": 1, "is_direction_change": false}
[2026-09-25 18:41:26.884] [SFX] {"sound": "click_target", "volume": 0.73}
[2026-09-25 18:41:26.920] [SFX] {"sound": "guardian_move", "volume": 0.3}
[2026-09-25 18:41:27.002] [SFX] {"sound": "civ_move_2", "volume": 0.11}
[2026-09-25 18:41:27.038] [SFX] {"sound": "civ_move_2", "volume": 0.04}
[2026-09-25 18:41:27.186] [SFX] {"sound": "civ_move_2", "volume": 0.06}
[2026-09-25 18:41:27.186] [SFX] {"sound": "civ_move_2", "volume": 0.04}
[2026-09-25 18:41:27.187] [SFX] {"sound": "civ_move_2", "volume": 0.13}
[2026-09-25 18:41:27.252] [SFX] {"sound": "guardian_move", "volume": 0.15}
[2026-09-25 18:41:27.400] [SFX] {"sound": "guardian_move", "volume": 0.04}
[2026-09-25 18:41:27.422] [SFX] {"sound": "civ_move_2", "volume": 0.1}
[2026-09-25 18:41:27.450] [SFX] {"sound": "civ_move_2", "volume": 0.04}
[2026-09-25 18:41:27.450] [SFX] {"sound": "civ_move_2", "volume": 0.0}
[2026-09-25 18:41:27.533] [SFX] {"sound": "guardian_move", "volume": 0.3}
[2026-09-25 18:41:27.599] [SFX] {"sound": "civ_move_2", "volume": 0.05}
[2026-09-25 18:41:27.600] [SFX] {"sound": "civ_move_2", "volume": 0.12}
[2026-09-25 18:41:27.830] [SFX] {"sound": "civ_move_2", "volume": 0.1}
[2026-09-25 18:41:27.866] [SFX] {"sound": "guardian_move", "volume": 0.15}
[2026-09-25 18:41:27.867] [SFX] {"sound": "civ_move_2", "volume": 0.04}
[2026-09-25 18:41:27.868] [SFX] {"sound": "civ_move_2", "volume": 0.02}
[2026-09-25 18:41:28.000] [SFX] {"sound": "guardian_move", "volume": 0.03}
[2026-09-25 18:41:28.001] [SFX] {"sound": "civ_move_2", "volume": 0.06}
[2026-09-25 18:41:28.001] [SFX] {"sound": "civ_move_2", "volume": 0.11}
[2026-09-25 18:41:28.016] [M] {"button": 1, "pos": [137, 133], "ui_clicked": true}
[2026-09-25 18:41:28.150] [SFX] {"sound": "guardian_move", "volume": 0.32}
[2026-09-25 18:41:28.231] [SFX] {"sound": "civ_move_2", "volume": 0.09}
[2026-09-25 18:41:28.282] [SFX] {"sound": "civ_move_2", "volume": 0.04}
[2026-09-25 18:41:28.282] [SFX] {"sound": "civ_move_2", "volume": 0.03}
[2026-09-25 18:41:28.283] [SFX] {"sound": "civ_move_1", "volume": 0.22}
[2026-09-25 18:41:28.410] [SFX] {"sound": "civ_move_2", "volume": 0.07}
[2026-09-25 18:41:28.411] [SFX] {"sound": "civ_move_2", "volume": 0.1}
[2026-09-25 18:41:28.477] [SFX] {"sound": "guardian_move", "volume": 0.16}
[2026-09-25 18:41:28.610] [SFX] {"sound": "guardian_move", "volume": 0.01}
[2026-09-25 18:41:28.642] [SFX] {"sound": "civ_move_2", "volume": 0.08}
[2026-09-25 18:41:28.691] [SFX] {"sound": "civ_move_2", "volume": 0.04}
[2026-09-25 18:41:28.691] [SFX] {"sound": "civ_move_1", "volume": 0.22}
[2026-09-25 18:41:28.756] [SFX] {"sound": "guardian_move", "volume": 0.35}
[2026-09-25 18:41:28.822] [SFX] {"sound": "civ_move_2", "volume": 0.07}
[2026-09-25 18:41:28.822] [SFX] {"sound": "civ_move_2", "volume": 0.09}
[2026-09-25 18:41:28.823] [SFX] {"sound": "civ_move_2", "volume": 0.08}
[2026-09-25 18:41:29.020] [M] {"button": 1, "pos": [93, 61], "ui_clicked": true}
[2026-09-25 18:41:29.056] [SFX] {"sound": "civ_move_2", "volume": 0.08}
[2026-09-25 18:41:29.089] [SFX] {"sound": "guardian_move", "volume": 0.16}
[2026-09-25 18:41:29.111] [SFX] {"sound": "civ_move_2", "volume": 0.04}
[2026-09-25 18:41:29.112] [SFX] {"sound": "civ_move_2", "volume": 0.05}
[2026-09-25 18:41:29.113] [SFX] {"sound": "civ_move_1", "volume": 0.21}
[2026-09-25 18:41:29.237] [SFX] {"sound": "civ_move_2", "volume": 0.08}
[2026-09-25 18:41:29.238] [SFX] {"sound": "civ_move_2", "volume": 0.1}
[2026-09-25 18:41:29.239] [SFX] {"sound": "civ_move_2", "volume": 0.07}
[2026-09-25 18:41:29.367] [SFX] {"sound": "guardian_move", "volume": 0.37}
[2026-09-25 18:41:29.448] [M] {"button": 3, "pos": [93, 61], "ui_clicked": true}
[2026-09-25 18:41:29.449] [EQ_U] {"type": "DRIVER", "file": "disp.drv"}
[2026-09-25 18:41:29.482] [JACK] Treiber wieder ausgeworfen? Hoffentlich vermissen wir den nicht.
[2026-09-25 18:41:29.506] [SFX] {"sound": "civ_move_2", "volume": 0.04}
[2026-09-25 18:41:29.506] [SFX] {"sound": "civ_move_2", "volume": 0.07}
[2026-09-25 18:41:29.507] [SFX] {"sound": "civ_move_1", "volume": 0.2}
[2026-09-25 18:41:29.653] [SFX] {"sound": "civ_move_2", "volume": 0.09}
[2026-09-25 18:41:29.654] [SFX] {"sound": "civ_move_2", "volume": 0.11}
[2026-09-25 18:41:29.655] [SFX] {"sound": "civ_move_2", "volume": 0.06}
[2026-09-25 18:41:29.703] [SFX] {"sound": "guardian_move", "volume": 0.16}
[2026-09-25 18:41:29.799] [SFX] {"sound": "threat_pulse", "volume": 0.33}
[2026-09-25 18:41:29.912] [SFX] {"sound": "civ_move_2", "volume": 0.04}
[2026-09-25 18:41:29.913] [SFX] {"sound": "civ_move_2", "volume": 0.08}
[2026-09-25 18:41:29.914] [SFX] {"sound": "civ_move_1", "volume": 0.19}
[2026-09-25 18:41:29.978] [SFX] {"sound": "guardian_move", "volume": 0.4}
[2026-09-25 18:41:30.059] [SFX] {"sound": "civ_move_2", "volume": 0.09}
[2026-09-25 18:41:30.060] [SFX] {"sound": "civ_move_2", "volume": 0.12}
[2026-09-25 18:41:30.061] [SFX] {"sound": "civ_move_2", "volume": 0.05}
[2026-09-25 18:41:30.306] [SFX] {"sound": "guardian_move", "volume": 0.16}
[2026-09-25 18:41:30.329] [SFX] {"sound": "civ_move_2", "volume": 0.04}
[2026-09-25 18:41:30.329] [SFX] {"sound": "civ_move_2", "volume": 0.09}
[2026-09-25 18:41:30.330] [SFX] {"sound": "civ_move_1", "volume": 0.17}
[2026-09-25 18:41:30.475] [SFX] {"sound": "civ_move_2", "volume": 0.1}
[2026-09-25 18:41:30.476] [SFX] {"sound": "civ_move_2", "volume": 0.13}
[2026-09-25 18:41:30.476] [SFX] {"sound": "civ_move_2", "volume": 0.03}
[2026-09-25 18:41:30.607] [SFX] {"sound": "guardian_move", "volume": 0.4}
[2026-09-25 18:41:30.707] [SFX] {"sound": "threat_pulse", "volume": 0.4}
[2026-09-25 18:41:30.730] [SFX] {"sound": "civ_move_2", "volume": 0.04}
[2026-09-25 18:41:30.730] [SFX] {"sound": "civ_move_2", "volume": 0.09}
[2026-09-25 18:41:30.731] [SFX] {"sound": "civ_move_1", "volume": 0.16}
[2026-09-25 18:41:30.889] [SFX] {"sound": "civ_move_2", "volume": 0.1}
[2026-09-25 18:41:30.890] [SFX] {"sound": "civ_move_2", "volume": 0.13}
[2026-09-25 18:41:30.891] [SFX] {"sound": "civ_move_2", "volume": 0.02}
[2026-09-25 18:41:30.922] [SFX] {"sound": "guardian_move", "volume": 0.15}
[2026-09-25 18:41:31.124] [SFX] {"sound": "civ_move_2", "volume": 0.04}
[2026-09-25 18:41:31.125] [SFX] {"sound": "civ_move_2", "volume": 0.09}
[2026-09-25 18:41:31.126] [SFX] {"sound": "civ_move_1", "volume": 0.15}
[2026-09-25 18:41:31.241] [SFX] {"sound": "guardian_move", "volume": 0.4}
[2026-09-25 18:41:31.290] [SFX] {"sound": "civ_move_2", "volume": 0.1}
[2026-09-25 18:41:31.291] [SFX] {"sound": "civ_move_2", "volume": 0.13}
[2026-09-25 18:41:31.292] [SFX] {"sound": "civ_move_2", "volume": 0.01}
[2026-09-25 18:41:31.293] [SFX] {"sound": "civ_move_1", "volume": 0.01}
[2026-09-25 18:41:31.522] [SFX] {"sound": "threat_pulse", "volume": 0.47}
[2026-09-25 18:41:31.543] [SFX] {"sound": "guardian_move", "volume": 0.14}
[2026-09-25 18:41:31.544] [SFX] {"sound": "civ_move_2", "volume": 0.04}
[2026-09-25 18:41:31.545] [SFX] {"sound": "civ_move_2", "volume": 0.09}
[2026-09-25 18:41:31.545] [SFX] {"sound": "civ_move_1", "volume": 0.14}
[2026-09-25 18:41:31.702] [SFX] {"sound": "civ_move_2", "volume": 0.11}
[2026-09-25 18:41:31.703] [SFX] {"sound": "civ_move_2", "volume": 0.13}
[2026-09-25 18:41:31.704] [SFX] {"sound": "civ_move_1", "volume": 0.02}
[2026-09-25 18:41:31.884] [SFX] {"sound": "guardian_move", "volume": 0.4}
[2026-09-25 18:41:31.950] [SFX] {"sound": "civ_move_2", "volume": 0.04}
[2026-09-25 18:41:31.951] [SFX] {"sound": "civ_move_2", "volume": 0.09}
[2026-09-25 18:41:31.951] [SFX] {"sound": "civ_move_1", "volume": 0.12}
[2026-09-25 18:41:32.116] [SFX] {"sound": "civ_move_2", "volume": 0.11}
[2026-09-25 18:41:32.117] [SFX] {"sound": "civ_move_2", "volume": 0.12}
[2026-09-25 18:41:32.117] [SFX] {"sound": "civ_move_1", "volume": 0.03}
[2026-09-25 18:41:32.139] [SFX] {"sound": "threat_pulse", "volume": 0.51}
[2026-09-25 18:41:32.165] [SFX] {"sound": "guardian_move", "volume": 0.15}
[2026-09-25 18:41:32.363] [SFX] {"sound": "civ_move_2", "volume": 0.04}
[2026-09-25 18:41:32.364] [SFX] {"sound": "civ_move_2", "volume": 0.08}
[2026-09-25 18:41:32.365] [SFX] {"sound": "civ_move_1", "volume": 0.12}
[2026-09-25 18:41:32.529] [SFX] {"sound": "civ_move_2", "volume": 0.11}
[2026-09-25 18:41:32.529] [SFX] {"sound": "civ_move_2", "volume": 0.12}
[2026-09-25 18:41:32.530] [SFX] {"sound": "civ_move_1", "volume": 0.04}
[2026-09-25 18:41:32.562] [M] {"button": 1, "pos": [371, 212], "ui_clicked": false}
[2026-09-25 18:41:32.612] [SFX] {"sound": "guardian_move", "volume": 0.4}
[2026-09-25 18:41:32.646] [SFX] {"sound": "threat_pulse", "volume": 0.56}
[2026-09-25 18:41:32.778] [SFX] {"sound": "guardian_move", "volume": 0.16}
[2026-09-25 18:41:32.779] [SFX] {"sound": "civ_move_2", "volume": 0.04}
[2026-09-25 18:41:32.780] [SFX] {"sound": "civ_move_2", "volume": 0.08}
[2026-09-25 18:41:32.781] [SFX] {"sound": "civ_move_1", "volume": 0.12}
[2026-09-25 18:41:32.944] [SFX] {"sound": "civ_move_2", "volume": 0.1}
[2026-09-25 18:41:32.945] [SFX] {"sound": "civ_move_2", "volume": 0.11}
[2026-09-25 18:41:32.946] [SFX] {"sound": "civ_move_1", "volume": 0.05}
[2026-09-25 18:41:32.959] [M] {"button": 1, "pos": [435, 219], "ui_clicked": false}
[2026-09-25 18:41:33.057] [SFX] {"sound": "threat_pulse", "volume": 0.59}
[2026-09-25 18:41:33.188] [M] {"button": 1, "pos": [502, 248], "ui_clicked": false}
[2026-09-25 18:41:33.197] [SFX] {"sound": "civ_move_2", "volume": 0.04}
[2026-09-25 18:41:33.198] [SFX] {"sound": "civ_move_2", "volume": 0.08}
[2026-09-25 18:41:33.198] [SFX] {"sound": "civ_move_1", "volume": 0.12}
[2026-09-25 18:41:33.320] [SFX] {"sound": "guardian_move", "volume": 0.4}
[2026-09-25 18:41:33.353] [SFX] {"sound": "civ_move_2", "volume": 0.09}
[2026-09-25 18:41:33.354] [SFX] {"sound": "civ_move_2", "volume": 0.11}
[2026-09-25 18:41:33.355] [SFX] {"sound": "civ_move_1", "volume": 0.06}
[2026-09-25 18:41:33.377] [SFX] {"sound": "threat_pulse", "volume": 0.61}
[2026-09-25 18:41:33.393] [SFX] {"sound": "guardian_move", "volume": 0.16}
[2026-09-25 18:41:33.602] [SFX] {"sound": "civ_move_2", "volume": 0.04}
[2026-09-25 18:41:33.603] [SFX] {"sound": "civ_move_2", "volume": 0.07}
[2026-09-25 18:41:33.604] [SFX] {"sound": "civ_move_1", "volume": 0.11}
[2026-09-25 18:41:33.684] [SFX] {"sound": "threat_pulse", "volume": 0.64}
[2026-09-25 18:41:33.767] [SFX] {"sound": "civ_move_2", "volume": 0.08}
[2026-09-25 18:41:33.768] [SFX] {"sound": "civ_move_2", "volume": 0.1}
[2026-09-25 18:41:33.768] [SFX] {"sound": "civ_move_1", "volume": 0.06}
[2026-09-25 18:41:33.884] [SFX] {"sound": "threat_pulse", "volume": 0.66}
[2026-09-25 18:41:33.999] [SFX] {"sound": "guardian_move", "volume": 0.15}
[2026-09-25 18:41:34.022] [SFX] {"sound": "civ_move_2", "volume": 0.04}
[2026-09-25 18:41:34.023] [SFX] {"sound": "civ_move_2", "volume": 0.07}
[2026-09-25 18:41:34.024] [SFX] {"sound": "civ_move_1", "volume": 0.11}
[2026-09-25 18:41:34.049] [SFX] {"sound": "guardian_move", "volume": 0.4}
[2026-09-25 18:41:34.098] [SFX] {"sound": "threat_pulse", "volume": 0.67}
[2026-09-25 18:41:34.179] [M] {"button": 1, "pos": [610, 331], "ui_clicked": true}
[2026-09-25 18:41:34.216] [SFX] {"sound": "civ_move_2", "volume": 0.07}
[2026-09-25 18:41:34.216] [SFX] {"sound": "civ_move_2", "volume": 0.09}
[2026-09-25 18:41:34.217] [SFX] {"sound": "civ_move_1", "volume": 0.07}
[2026-09-25 18:41:34.230] [SFX] {"sound": "threat_pulse", "volume": 0.68}
[2026-09-25 18:41:34.341] [SFX] {"sound": "threat_pulse", "volume": 0.69}
[2026-09-25 18:41:34.423] [SFX] {"sound": "civ_move_2", "volume": 0.04}
[2026-09-25 18:41:34.424] [SFX] {"sound": "civ_move_2", "volume": 0.06}
[2026-09-25 18:41:34.424] [SFX] {"sound": "civ_move_1", "volume": 0.1}
[2026-09-25 18:41:34.454] [SFX] {"sound": "threat_pulse", "volume": 0.7}
[2026-09-25 18:41:34.455] [SFX] {"sound": "alert_trigger", "volume": 1.0}
[2026-09-25 18:41:34.477] [SFX] {"sound": "game_over", "volume": 1.0}
