[2026-09-25 21:51:58.486] [S] {"sid": "20260925_215158", "sys_t": "2026-09-25T21:51:58.485040"}
[2026-09-25 21:51:58.487] [SFX] {"sound": "hack_success", "volume": 0.8}
[2026-09-25 21:52:00.340] [SESSION_RESET] {"msg": "--- NEW LIFE STARTED ---"}
[2026-09-25 21:52:00.370] [S] {"map": "Shadowgrid"}
[2026-09-25 21:52:00.397] [JACK] Ah, im Shadowgrid angekommen... endlich.
[2026-09-25 21:52:01.563] [M] {"button": 1, "pos": [615, 348], "ui_clicked": false}
[2026-09-25 21:52:02.167] [M] {"button": 1, "pos": [597, 342], "ui_clicked": true}
[2026-09-25 21:52:03.533] [M] {"button": 1, "pos": [513, 229], "ui_clicked": true}
[2026-09-25 21:52:04.029] [M] {"button": 1, "pos": [503, 223], "ui_clicked": true}
[2026-09-25 21:52:06.948] [M] {"button": 1, "pos": [488, 217], "ui_clicked": true}
[2026-09-25 21:52:06.976] [JACK] Deck-Einstellungen werden angepasst...
[2026-09-25 21:52:07.801] [SFX] {"sound": "civ_move_1", "volume": 0.0}
[2026-09-25 21:52:08.214] [SFX] {"sound": "civ_move_1", "volume": 0.01}
[2026-09-25 21:52:08.597] [M] {"button": 1, "pos": [491, 242], "ui_clicked": true}
[2026-09-25 21:52:08.631] [SFX] {"sound": "civ_move_1", "volume": 0.0}
[2026-09-25 21:52:08.631] [SFX] {"sound": "civ_move_1", "volume": 0.02}
[2026-09-25 21:52:09.030] [SFX] {"sound": "civ_move_1", "volume": 0.01}
[2026-09-25 21:52:09.031] [SFX] {"sound": "civ_move_1", "volume": 0.02}
[2026-09-25 21:52:09.430] [SFX] {"sound": "civ_move_1", "volume": 0.03}
[2026-09-25 21:52:09.831] [SFX] {"sound": "civ_move_1", "volume": 0.02}
[2026-09-25 21:52:10.246] [SFX] {"sound": "civ_move_1", "volume": 0.01}
[2026-09-25 21:52:10.655] [SFX] {"sound": "civ_move_1", "volume": 0.0}
[2026-09-25 21:52:11.066] [SFX] {"sound": "civ_move_1", "volume": 0.01}
[2026-09-25 21:52:11.498] [M] {"button": 3, "pos": [489, 269], "ui_clicked": true}
[2026-09-25 21:52:11.499] [EQ_M] {"type": "DRIVER", "file": "ucam.drv", "replaced": "disp.drv"}
[2026-09-25 21:52:11.533] [JACK] Neuer Treiber montiert! Das gibt uns ordentlich Auftrieb.
[2026-09-25 21:52:12.303] [M] {"button": 1, "pos": [407, 294], "ui_clicked": false}
[2026-09-25 21:52:14.859] [M] {"button": 1, "pos": [593, 334], "ui_clicked": true}
[2026-09-25 21:52:15.440] [M] {"button": 4, "pos": [393, 325], "ui_clicked": false}
[2026-09-25 21:52:19.091] [M] {"button": 1, "pos": [349, 196], "ui_clicked": false}
[2026-09-25 21:52:19.100] [P] {"start": [18, 58], "goal": [20, 72], "length": 2, "is_direction_change": false}
[2026-09-25 21:52:19.101] [SFX] {"sound": "click_target", "volume": 0.51}
[2026-09-25 21:52:19.137] [JACK] Kleine Schritte. Immer auf die Umgebung achten.
[2026-09-25 21:52:19.138] [SFX] {"sound": "player_move", "volume": 0.4}
[2026-09-25 21:52:19.266] [SFX] {"sound": "threat_pulse", "volume": 0.3}
[2026-09-25 21:52:19.413] [SFX] {"sound": "player_move", "volume": 0.4}
[2026-09-25 21:52:19.565] [SFX] {"sound": "civ_move_2", "volume": 0.02}
[2026-09-25 21:52:19.717] [SFX] {"sound": "player_move", "volume": 0.4}
[2026-09-25 21:52:19.831] [SFX] {"sound": "civ_move_2", "volume": 0.01}
[2026-09-25 21:52:19.981] [SFX] {"sound": "civ_move_2", "volume": 0.04}
[2026-09-25 21:52:20.099] [SFX] {"sound": "civ_move_2", "volume": 0.03}
[2026-09-25 21:52:20.248] [SFX] {"sound": "civ_move_2", "volume": 0.02}
[2026-09-25 21:52:20.385] [SFX] {"sound": "civ_move_2", "volume": 0.03}
[2026-09-25 21:52:20.500] [SFX] {"sound": "civ_move_2", "volume": 0.04}
[2026-09-25 21:52:20.664] [SFX] {"sound": "civ_move_2", "volume": 0.03}
[2026-09-25 21:52:20.797] [SFX] {"sound": "civ_move_2", "volume": 0.02}
[2026-09-25 21:52:20.912] [SFX] {"sound": "civ_move_2", "volume": 0.05}
[2026-09-25 21:52:21.078] [SFX] {"sound": "civ_move_2", "volume": 0.0}
[2026-09-25 21:52:21.078] [SFX] {"sound": "civ_move_2", "volume": 0.04}
[2026-09-25 21:52:21.211] [SFX] {"sound": "civ_move_2", "volume": 0.01}
[2026-09-25 21:52:21.326] [SFX] {"sound": "civ_move_2", "volume": 0.06}
[2026-09-25 21:52:21.492] [SFX] {"sound": "civ_move_2", "volume": 0.01}
[2026-09-25 21:52:21.493] [SFX] {"sound": "civ_move_2", "volume": 0.04}
[2026-09-25 21:52:21.741] [SFX] {"sound": "civ_move_2", "volume": 0.06}
[2026-09-25 21:52:21.792] [M] {"button": 1, "pos": [318, 286], "ui_clicked": false}
[2026-09-25 21:52:21.908] [SFX] {"sound": "civ_move_2", "volume": 0.02}
[2026-09-25 21:52:21.909] [SFX] {"sound": "civ_move_2", "volume": 0.03}
[2026-09-25 21:52:22.141] [SFX] {"sound": "civ_move_2", "volume": 0.07}
[2026-09-25 21:52:22.321] [SFX] {"sound": "civ_move_2", "volume": 0.03}
[2026-09-25 21:52:22.322] [SFX] {"sound": "civ_move_2", "volume": 0.02}
[2026-09-25 21:52:22.553] [SFX] {"sound": "civ_move_2", "volume": 0.06}
[2026-09-25 21:52:22.735] [SFX] {"sound": "civ_move_2", "volume": 0.04}
[2026-09-25 21:52:22.736] [SFX] {"sound": "civ_move_2", "volume": 0.02}
[2026-09-25 21:52:22.967] [SFX] {"sound": "civ_move_2", "volume": 0.06}
[2026-09-25 21:52:23.148] [M] {"button": 1, "pos": [326, 285], "ui_clicked": false}
[2026-09-25 21:52:23.154] [SFX] {"sound": "civ_move_2", "volume": 0.04}
[2026-09-25 21:52:23.155] [SFX] {"sound": "civ_move_2", "volume": 0.02}
[2026-09-25 21:52:23.156] [P] {"start": [20, 72], "goal": [20, 76], "length": 1, "is_direction_change": false}
[2026-09-25 21:52:23.157] [SFX] {"sound": "click_target", "volume": 0.72}
[2026-09-25 21:52:23.272] [SFX] {"sound": "player_move", "volume": 0.4}
[2026-09-25 21:52:23.371] [SFX] {"sound": "civ_move_2", "volume": 0.07}
[2026-09-25 21:52:23.554] [SFX] {"sound": "civ_move_2", "volume": 0.02}
[2026-09-25 21:52:23.784] [SFX] {"sound": "civ_move_2", "volume": 0.06}
[2026-09-25 21:52:23.969] [SFX] {"sound": "civ_move_2", "volume": 0.08}
[2026-09-25 21:52:23.970] [SFX] {"sound": "civ_move_2", "volume": 0.01}
[2026-09-25 21:52:24.201] [SFX] {"sound": "civ_move_2", "volume": 0.05}
[2026-09-25 21:52:24.384] [SFX] {"sound": "civ_move_2", "volume": 0.08}
[2026-09-25 21:52:24.385] [SFX] {"sound": "civ_move_2", "volume": 0.0}
[2026-09-25 21:52:24.614] [SFX] {"sound": "civ_move_2", "volume": 0.04}
[2026-09-25 21:52:24.798] [SFX] {"sound": "civ_move_2", "volume": 0.08}
[2026-09-25 21:52:24.915] [M] {"button": 1, "pos": [326, 321], "ui_clicked": false}
[2026-09-25 21:52:24.922] [P] {"start": [20, 76], "goal": [20, 82], "length": 1, "is_direction_change": false}
[2026-09-25 21:52:24.923] [SFX] {"sound": "click_target", "volume": 0.67}
[2026-09-25 21:52:25.023] [SFX] {"sound": "civ_move_2", "volume": 0.05}
[2026-09-25 21:52:25.158] [SFX] {"sound": "player_move", "volume": 0.4}
[2026-09-25 21:52:25.207] [SFX] {"sound": "civ_move_2", "volume": 0.09}
[2026-09-25 21:52:25.323] [SFX] {"sound": "civ_move_2", "volume": 0.02}
[2026-09-25 21:52:25.436] [SFX] {"sound": "civ_move_2", "volume": 0.06}
[2026-09-25 21:52:25.486] [M] {"button": 1, "pos": [329, 315], "ui_clicked": false}
[2026-09-25 21:52:25.493] [P] {"start": [20, 82], "goal": [20, 87], "length": 1, "is_direction_change": false}
[2026-09-25 21:52:25.494] [SFX] {"sound": "click_target", "volume": 0.68}
[2026-09-25 21:52:25.545] [JACK] Kurzer Blick um die Ecke...
[2026-09-25 21:52:25.607] [SFX] {"sound": "civ_move_2", "volume": 0.09}
[2026-09-25 21:52:25.737] [SFX] {"sound": "civ_move_2", "volume": 0.06}
[2026-09-25 21:52:25.837] [SFX] {"sound": "civ_move_2", "volume": 0.07}
[2026-09-25 21:52:26.005] [M] {"button": 1, "pos": [330, 314], "ui_clicked": false}
[2026-09-25 21:52:26.013] [P] {"start": [20, 87], "goal": [20, 92], "length": 1, "is_direction_change": false}
[2026-09-25 21:52:26.014] [SFX] {"sound": "click_target", "volume": 0.69}
[2026-09-25 21:52:26.038] [SFX] {"sound": "player_move", "volume": 0.4}
[2026-09-25 21:52:26.039] [SFX] {"sound": "civ_move_2", "volume": 0.09}
[2026-09-25 21:52:26.148] [SFX] {"sound": "civ_move_2", "volume": 0.07}
[2026-09-25 21:52:26.249] [SFX] {"sound": "civ_move_2", "volume": 0.08}
[2026-09-25 21:52:26.413] [M] {"button": 1, "pos": [330, 313], "ui_clicked": false}
[2026-09-25 21:52:26.420] [P] {"start": [20, 92], "goal": [20, 97], "length": 1, "is_direction_change": false}
[2026-09-25 21:52:26.421] [SFX] {"sound": "click_target", "volume": 0.68}
[2026-09-25 21:52:26.459] [SFX] {"sound": "civ_move_2", "volume": 0.1}
[2026-09-25 21:52:26.501] [SFX] {"sound": "player_move", "volume": 0.4}
[2026-09-25 21:52:26.551] [SFX] {"sound": "civ_move_2", "volume": 0.1}
[2026-09-25 21:52:26.835] [SFX] {"sound": "civ_move_2", "volume": 0.08}
[2026-09-25 21:52:26.948] [M] {"button": 1, "pos": [330, 313], "ui_clicked": false}
[2026-09-25 21:52:26.956] [P] {"start": [20, 97], "goal": [20, 102], "length": 1, "is_direction_change": false}
[2026-09-25 21:52:26.957] [SFX] {"sound": "click_target", "volume": 0.69}
[2026-09-25 21:52:26.981] [SFX] {"sound": "civ_move_2", "volume": 0.11}
[2026-09-25 21:52:27.060] [SFX] {"sound": "civ_move_2", "volume": 0.1}
[2026-09-25 21:52:27.110] [SFX] {"sound": "player_move", "volume": 0.4}
[2026-09-25 21:52:27.243] [SFX] {"sound": "civ_move_2", "volume": 0.06}
[2026-09-25 21:52:27.377] [SFX] {"sound": "civ_move_2", "volume": 0.12}
[2026-09-25 21:52:27.476] [SFX] {"sound": "civ_move_2", "volume": 0.1}
[2026-09-25 21:52:27.659] [SFX] {"sound": "civ_move_2", "volume": 0.05}
[2026-09-25 21:52:27.792] [SFX] {"sound": "civ_move_2", "volume": 0.12}
[2026-09-25 21:52:27.888] [SFX] {"sound": "civ_move_2", "volume": 0.1}
[2026-09-25 21:52:27.940] [SFX] {"sound": "guardian_move", "volume": 0.0}
[2026-09-25 21:52:28.059] [SFX] {"sound": "civ_move_2", "volume": 0.04}
[2026-09-25 21:52:28.194] [SFX] {"sound": "civ_move_2", "volume": 0.15}
[2026-09-25 21:52:28.291] [SFX] {"sound": "civ_move_2", "volume": 0.09}
[2026-09-25 21:52:28.473] [SFX] {"sound": "civ_move_2", "volume": 0.03}
[2026-09-25 21:52:28.604] [SFX] {"sound": "civ_move_2", "volume": 0.15}
[2026-09-25 21:52:28.701] [SFX] {"sound": "civ_move_2", "volume": 0.09}
[2026-09-25 21:52:28.887] [SFX] {"sound": "civ_move_2", "volume": 0.01}
[2026-09-25 21:52:29.002] [SFX] {"sound": "civ_move_2", "volume": 0.03}
[2026-09-25 21:52:29.024] [SFX] {"sound": "civ_move_2", "volume": 0.15}
[2026-09-25 21:52:29.103] [SFX] {"sound": "civ_move_2", "volume": 0.08}
[2026-09-25 21:52:29.302] [SFX] {"sound": "civ_move_2", "volume": 0.0}
[2026-09-25 21:52:29.370] [M] {"button": 1, "pos": [330, 300], "ui_clicked": false}
[2026-09-25 21:52:29.377] [P] {"start": [20, 102], "goal": [20, 106], "length": 1, "is_direction_change": false}
[2026-09-25 21:52:29.378] [SFX] {"sound": "click_target", "volume": 0.7}
[2026-09-25 21:52:29.415] [SFX] {"sound": "civ_move_2", "volume": 0.01}
[2026-09-25 21:52:29.435] [SFX] {"sound": "civ_move_2", "volume": 0.14}
[2026-09-25 21:52:29.436] [SFX] {"sound": "civ_move_2", "volume": 0.03}
[2026-09-25 21:52:29.515] [SFX] {"sound": "civ_move_2", "volume": 0.08}
[2026-09-25 21:52:29.778] [M] {"button": 1, "pos": [332, 302], "ui_clicked": false}
[2026-09-25 21:52:29.786] [P] {"start": [20, 106], "goal": [20, 111], "length": 1, "is_direction_change": false}
[2026-09-25 21:52:29.787] [SFX] {"sound": "click_target", "volume": 0.7}
[2026-09-25 21:52:29.810] [SFX] {"sound": "civ_move_2", "volume": 0.02}
[2026-09-25 21:52:29.827] [SFX] {"sound": "player_move", "volume": 0.4}
[2026-09-25 21:52:29.845] [SFX] {"sound": "civ_move_2", "volume": 0.12}
[2026-09-25 21:52:29.846] [SFX] {"sound": "civ_move_2", "volume": 0.03}
[2026-09-25 21:52:29.921] [SFX] {"sound": "civ_move_2", "volume": 0.09}
[2026-09-25 21:52:30.225] [SFX] {"sound": "civ_move_2", "volume": 0.04}
[2026-09-25 21:52:30.248] [SFX] {"sound": "civ_move_2", "volume": 0.1}
[2026-09-25 21:52:30.249] [SFX] {"sound": "civ_move_2", "volume": 0.03}
[2026-09-25 21:52:30.330] [SFX] {"sound": "civ_move_2", "volume": 0.09}
[2026-09-25 21:52:30.380] [SFX] {"sound": "guardian_move", "volume": 0.01}
[2026-09-25 21:52:30.463] [M] {"button": 1, "pos": [479, 267], "ui_clicked": false}
[2026-09-25 21:52:30.630] [SFX] {"sound": "civ_move_2", "volume": 0.04}
[2026-09-25 21:52:30.652] [SFX] {"sound": "civ_move_2", "volume": 0.09}
[2026-09-25 21:52:30.653] [SFX] {"sound": "civ_move_2", "volume": 0.04}
[2026-09-25 21:52:30.699] [SFX] {"sound": "civ_move_1", "volume": 0.0}
[2026-09-25 21:52:30.731] [SFX] {"sound": "civ_move_2", "volume": 0.09}
[2026-09-25 21:52:30.865] [M] {"button": 1, "pos": [497, 256], "ui_clicked": false}
[2026-09-25 21:52:30.873] [P] {"start": [20, 111], "goal": [32, 112], "length": 2, "is_direction_change": false}
[2026-09-25 21:52:30.874] [SFX] {"sound": "click_target", "volume": 0.54}
[2026-09-25 21:52:30.980] [SFX] {"sound": "player_move", "volume": 0.4}
[2026-09-25 21:52:30.981] [SFX] {"sound": "guardian_move", "volume": 0.01}
[2026-09-25 21:52:31.036] [SFX] {"sound": "civ_move_2", "volume": 0.04}
[2026-09-25 21:52:31.058] [SFX] {"sound": "civ_move_2", "volume": 0.09}
[2026-09-25 21:52:31.058] [SFX] {"sound": "civ_move_2", "volume": 0.06}
[2026-09-25 21:52:31.086] [SFX] {"sound": "civ_move_1", "volume": 0.0}
[2026-09-25 21:52:31.109] [SFX] {"sound": "civ_move_1", "volume": 0.03}
[2026-09-25 21:52:31.138] [SFX] {"sound": "civ_move_2", "volume": 0.11}
[2026-09-25 21:52:31.286] [SFX] {"sound": "player_move", "volume": 0.4}
[2026-09-25 21:52:31.452] [SFX] {"sound": "civ_move_2", "volume": 0.12}
[2026-09-25 21:52:31.453] [SFX] {"sound": "civ_move_2", "volume": 0.11}
[2026-09-25 21:52:31.453] [SFX] {"sound": "civ_move_2", "volume": 0.06}
[2026-09-25 21:52:31.502] [SFX] {"sound": "civ_move_1", "volume": 0.06}
[2026-09-25 21:52:31.527] [SFX] {"sound": "civ_move_1", "volume": 0.05}
[2026-09-25 21:52:31.544] [SFX] {"sound": "civ_move_2", "volume": 0.14}
[2026-09-25 21:52:31.589] [SFX] {"sound": "guardian_move", "volume": 0.04}
[2026-09-25 21:52:31.868] [SFX] {"sound": "civ_move_2", "volume": 0.12}
[2026-09-25 21:52:31.869] [SFX] {"sound": "civ_move_2", "volume": 0.13}
[2026-09-25 21:52:31.870] [SFX] {"sound": "civ_move_2", "volume": 0.06}
[2026-09-25 21:52:31.903] [SFX] {"sound": "civ_move_1", "volume": 0.08}
[2026-09-25 21:52:31.926] [SFX] {"sound": "civ_move_1", "volume": 0.06}
[2026-09-25 21:52:31.944] [SFX] {"sound": "civ_move_2", "volume": 0.14}
[2026-09-25 21:52:32.188] [SFX] {"sound": "guardian_move", "volume": 0.05}
[2026-09-25 21:52:32.274] [SFX] {"sound": "civ_move_2", "volume": 0.11}
[2026-09-25 21:52:32.275] [SFX] {"sound": "civ_move_2", "volume": 0.13}
[2026-09-25 21:52:32.275] [SFX] {"sound": "civ_move_2", "volume": 0.06}
[2026-09-25 21:52:32.307] [SFX] {"sound": "civ_move_1", "volume": 0.09}
[2026-09-25 21:52:32.324] [M] {"button": 1, "pos": [493, 306], "ui_clicked": false}
[2026-09-25 21:52:32.331] [SFX] {"sound": "civ_move_1", "volume": 0.07}
[2026-09-25 21:52:32.332] [P] {"start": [32, 112], "goal": [40, 120], "length": 2, "is_direction_change": false}
[2026-09-25 21:52:32.332] [SFX] {"sound": "click_target", "volume": 0.55}
[2026-09-25 21:52:32.356] [JACK] Vorsichtig vorantasten...
[2026-09-25 21:52:32.357] [SFX] {"sound": "civ_move_2", "volume": 0.14}
[2026-09-25 21:52:32.404] [SFX] {"sound": "player_move", "volume": 0.4}
[2026-09-25 21:52:32.688] [SFX] {"sound": "civ_move_2", "volume": 0.13}
[2026-09-25 21:52:32.689] [SFX] {"sound": "civ_move_2", "volume": 0.15}
[2026-09-25 21:52:32.690] [SFX] {"sound": "civ_move_2", "volume": 0.06}
[2026-09-25 21:52:32.710] [SFX] {"sound": "player_move", "volume": 0.4}
[2026-09-25 21:52:32.728] [SFX] {"sound": "civ_move_1", "volume": 0.13}
[2026-09-25 21:52:32.745] [SFX] {"sound": "civ_move_1", "volume": 0.07}
[2026-09-25 21:52:32.763] [SFX] {"sound": "civ_move_2", "volume": 0.14}
[2026-09-25 21:52:32.791] [SFX] {"sound": "guardian_move", "volume": 0.09}
[2026-09-25 21:52:32.857] [SFX] {"sound": "guardian_move", "volume": 0.01}
[2026-09-25 21:52:33.006] [SFX] {"sound": "player_move", "volume": 0.4}
[2026-09-25 21:52:33.092] [SFX] {"sound": "civ_move_2", "volume": 0.07}
[2026-09-25 21:52:33.093] [SFX] {"sound": "civ_move_2", "volume": 0.1}
[2026-09-25 21:52:33.094] [SFX] {"sound": "civ_move_2", "volume": 0.09}
[2026-09-25 21:52:33.127] [SFX] {"sound": "civ_move_1", "volume": 0.08}
[2026-09-25 21:52:33.151] [SFX] {"sound": "civ_move_1", "volume": 0.13}
[2026-09-25 21:52:33.170] [SFX] {"sound": "civ_move_2", "volume": 0.17}
[2026-09-25 21:52:33.400] [SFX] {"sound": "guardian_move", "volume": 0.14}
[2026-09-25 21:52:33.500] [SFX] {"sound": "civ_move_2", "volume": 0.06}
[2026-09-25 21:52:33.501] [SFX] {"sound": "civ_move_2", "volume": 0.11}
[2026-09-25 21:52:33.502] [SFX] {"sound": "civ_move_2", "volume": 0.09}
[2026-09-25 21:52:33.535] [SFX] {"sound": "civ_move_1", "volume": 0.08}
[2026-09-25 21:52:33.555] [SFX] {"sound": "civ_move_1", "volume": 0.13}
[2026-09-25 21:52:33.573] [SFX] {"sound": "civ_move_2", "volume": 0.16}
[2026-09-25 21:52:33.850] [M] {"button": 1, "pos": [357, 334], "ui_clicked": false}
[2026-09-25 21:52:33.903] [SFX] {"sound": "civ_move_2", "volume": 0.06}
[2026-09-25 21:52:33.904] [SFX] {"sound": "civ_move_2", "volume": 0.12}
[2026-09-25 21:52:33.905] [SFX] {"sound": "civ_move_2", "volume": 0.09}
[2026-09-25 21:52:33.938] [SFX] {"sound": "civ_move_1", "volume": 0.09}
[2026-09-25 21:52:33.961] [SFX] {"sound": "civ_move_1", "volume": 0.13}
[2026-09-25 21:52:33.980] [SFX] {"sound": "civ_move_2", "volume": 0.16}
[2026-09-25 21:52:34.011] [SFX] {"sound": "guardian_move", "volume": 0.14}
[2026-09-25 21:52:34.178] [M] {"button": 1, "pos": [368, 336], "ui_clicked": false}
[2026-09-25 21:52:34.312] [SFX] {"sound": "civ_move_2", "volume": 0.05}
[2026-09-25 21:52:34.313] [SFX] {"sound": "civ_move_2", "volume": 0.13}
[2026-09-25 21:52:34.314] [SFX] {"sound": "civ_move_2", "volume": 0.08}
[2026-09-25 21:52:34.346] [SFX] {"sound": "civ_move_1", "volume": 0.09}
[2026-09-25 21:52:34.368] [SFX] {"sound": "civ_move_1", "volume": 0.13}
[2026-09-25 21:52:34.386] [SFX] {"sound": "civ_move_2", "volume": 0.15}
[2026-09-25 21:52:34.532] [M] {"button": 1, "pos": [371, 337], "ui_clicked": false}
[2026-09-25 21:52:34.619] [SFX] {"sound": "guardian_move", "volume": 0.12}
[2026-09-25 21:52:34.720] [SFX] {"sound": "civ_move_2", "volume": 0.04}
[2026-09-25 21:52:34.721] [SFX] {"sound": "civ_move_2", "volume": 0.14}
[2026-09-25 21:52:34.722] [SFX] {"sound": "civ_move_2", "volume": 0.08}
[2026-09-25 21:52:34.755] [SFX] {"sound": "civ_move_1", "volume": 0.09}
[2026-09-25 21:52:34.778] [SFX] {"sound": "civ_move_1", "volume": 0.14}
[2026-09-25 21:52:34.795] [SFX] {"sound": "civ_move_2", "volume": 0.14}
[2026-09-25 21:52:34.972] [SFX] {"sound": "civ_move_2", "volume": 0.03}
[2026-09-25 21:52:35.123] [SFX] {"sound": "civ_move_2", "volume": 0.04}
[2026-09-25 21:52:35.123] [SFX] {"sound": "civ_move_2", "volume": 0.16}
[2026-09-25 21:52:35.124] [SFX] {"sound": "civ_move_2", "volume": 0.08}
[2026-09-25 21:52:35.157] [SFX] {"sound": "civ_move_1", "volume": 0.09}
[2026-09-25 21:52:35.180] [SFX] {"sound": "civ_move_1", "volume": 0.15}
[2026-09-25 21:52:35.199] [SFX] {"sound": "civ_move_2", "volume": 0.13}
[2026-09-25 21:52:35.228] [SFX] {"sound": "guardian_move", "volume": 0.11}
[2026-09-25 21:52:35.378] [SFX] {"sound": "civ_move_2", "volume": 0.03}
[2026-09-25 21:52:35.529] [SFX] {"sound": "civ_move_2", "volume": 0.17}
[2026-09-25 21:52:35.530] [SFX] {"sound": "civ_move_2", "volume": 0.08}
[2026-09-25 21:52:35.562] [SFX] {"sound": "civ_move_1", "volume": 0.09}
[2026-09-25 21:52:35.585] [SFX] {"sound": "civ_move_1", "volume": 0.16}
[2026-09-25 21:52:35.602] [SFX] {"sound": "civ_move_2", "volume": 0.12}
[2026-09-25 21:52:35.798] [SFX] {"sound": "civ_move_2", "volume": 0.03}
[2026-09-25 21:52:35.831] [SFX] {"sound": "guardian_move", "volume": 0.1}
[2026-09-25 21:52:35.930] [SFX] {"sound": "civ_move_2", "volume": 0.02}
[2026-09-25 21:52:35.931] [SFX] {"sound": "civ_move_2", "volume": 0.18}
[2026-09-25 21:52:35.931] [SFX] {"sound": "civ_move_2", "volume": 0.09}
[2026-09-25 21:52:35.963] [SFX] {"sound": "civ_move_1", "volume": 0.11}
[2026-09-25 21:52:35.985] [SFX] {"sound": "civ_move_1", "volume": 0.17}
[2026-09-25 21:52:36.007] [SFX] {"sound": "civ_move_2", "volume": 0.11}
[2026-09-25 21:52:36.200] [SFX] {"sound": "civ_move_2", "volume": 0.03}
[2026-09-25 21:52:36.335] [SFX] {"sound": "civ_move_2", "volume": 0.02}
[2026-09-25 21:52:36.336] [SFX] {"sound": "civ_move_2", "volume": 0.19}
[2026-09-25 21:52:36.336] [SFX] {"sound": "civ_move_2", "volume": 0.1}
[2026-09-25 21:52:36.369] [SFX] {"sound": "civ_move_1", "volume": 0.12}
[2026-09-25 21:52:36.390] [SFX] {"sound": "civ_move_1", "volume": 0.18}
[2026-09-25 21:52:36.408] [SFX] {"sound": "civ_move_2", "volume": 0.1}
[2026-09-25 21:52:36.445] [SFX] {"sound": "guardian_move", "volume": 0.12}
[2026-09-25 21:52:36.507] [SFX] {"sound": "guardian_move", "volume": 0.02}
[2026-09-25 21:52:36.607] [SFX] {"sound": "civ_move_2", "volume": 0.0}
[2026-09-25 21:52:36.607] [SFX] {"sound": "civ_move_2", "volume": 0.04}
[2026-09-25 21:52:36.739] [SFX] {"sound": "civ_move_2", "volume": 0.01}
[2026-09-25 21:52:36.739] [SFX] {"sound": "civ_move_2", "volume": 0.21}
[2026-09-25 21:52:36.740] [SFX] {"sound": "civ_move_2", "volume": 0.11}
[2026-09-25 21:52:36.773] [SFX] {"sound": "civ_move_1", "volume": 0.13}
[2026-09-25 21:52:36.797] [SFX] {"sound": "civ_move_1", "volume": 0.19}
[2026-09-25 21:52:36.816] [SFX] {"sound": "civ_move_2", "volume": 0.1}
[2026-09-25 21:52:37.013] [SFX] {"sound": "civ_move_2", "volume": 0.02}
[2026-09-25 21:52:37.013] [SFX] {"sound": "civ_move_2", "volume": 0.05}
[2026-09-25 21:52:37.046] [SFX] {"sound": "guardian_move", "volume": 0.13}
[2026-09-25 21:52:37.113] [SFX] {"sound": "guardian_move", "volume": 0.04}
[2026-09-25 21:52:37.146] [SFX] {"sound": "civ_move_2", "volume": 0.0}
[2026-09-25 21:52:37.147] [SFX] {"sound": "civ_move_2", "volume": 0.22}
[2026-09-25 21:52:37.148] [SFX] {"sound": "civ_move_2", "volume": 0.11}
[2026-09-25 21:52:37.180] [SFX] {"sound": "civ_move_1", "volume": 0.14}
[2026-09-25 21:52:37.195] [M] {"button": 1, "pos": [326, 312], "ui_clicked": false}
[2026-09-25 21:52:37.202] [SFX] {"sound": "civ_move_1", "volume": 0.19}
[2026-09-25 21:52:37.203] [SFX] {"sound": "civ_move_2", "volume": 0.01}
[2026-09-25 21:52:37.220] [SFX] {"sound": "civ_move_2", "volume": 0.09}
[2026-09-25 21:52:37.237] [SFX] {"sound": "civ_move_1", "volume": 0.03}
[2026-09-25 21:52:37.427] [SFX] {"sound": "civ_move_2", "volume": 0.03}
[2026-09-25 21:52:37.427] [SFX] {"sound": "civ_move_2", "volume": 0.06}
[2026-09-25 21:52:37.559] [SFX] {"sound": "civ_move_2", "volume": 0.23}
[2026-09-25 21:52:37.560] [SFX] {"sound": "civ_move_2", "volume": 0.11}
[2026-09-25 21:52:37.592] [SFX] {"sound": "civ_move_1", "volume": 0.16}
[2026-09-25 21:52:37.614] [SFX] {"sound": "civ_move_1", "volume": 0.19}
[2026-09-25 21:52:37.615] [SFX] {"sound": "civ_move_2", "volume": 0.01}
[2026-09-25 21:52:37.625] [M] {"button": 1, "pos": [328, 312], "ui_clicked": false}
[2026-09-25 21:52:37.634] [SFX] {"sound": "civ_move_2", "volume": 0.08}
[2026-09-25 21:52:37.635] [P] {"start": [40, 120], "goal": [40, 136], "length": 1, "is_direction_change": false}
[2026-09-25 21:52:37.635] [SFX] {"sound": "click_target", "volume": 0.46}
[2026-09-25 21:52:37.672] [SFX] {"sound": "guardian_move", "volume": 0.15}
[2026-09-25 21:52:37.673] [SFX] {"sound": "civ_move_1", "volume": 0.03}
[2026-09-25 21:52:37.716] [SFX] {"sound": "guardian_move", "volume": 0.05}
[2026-09-25 21:52:37.818] [SFX] {"sound": "player_move", "volume": 0.4}
[2026-09-25 21:52:37.840] [SFX] {"sound": "civ_move_2", "volume": 0.01}
[2026-09-25 21:52:37.841] [SFX] {"sound": "civ_move_2", "volume": 0.03}
[2026-09-25 21:52:37.970] [SFX] {"sound": "civ_move_2", "volume": 0.19}
[2026-09-25 21:52:37.970] [SFX] {"sound": "civ_move_2", "volume": 0.14}
[2026-09-25 21:52:38.004] [SFX] {"sound": "civ_move_1", "volume": 0.11}
[2026-09-25 21:52:38.026] [SFX] {"sound": "civ_move_1", "volume": 0.21}
[2026-09-25 21:52:38.045] [SFX] {"sound": "civ_move_2", "volume": 0.09}
[2026-09-25 21:52:38.123] [SFX] {"sound": "player_move", "volume": 0.4}
[2026-09-25 21:52:38.257] [SFX] {"sound": "guardian_move", "volume": 0.25}
[2026-09-25 21:52:38.373] [SFX] {"sound": "civ_move_2", "volume": 0.14}
[2026-09-25 21:52:38.374] [SFX] {"sound": "civ_move_2", "volume": 0.18}
[2026-09-25 21:52:38.408] [SFX] {"sound": "civ_move_1", "volume": 0.06}
[2026-09-25 21:52:38.432] [SFX] {"sound": "player_move", "volume": 0.4}
[2026-09-25 21:52:38.433] [SFX] {"sound": "civ_move_1", "volume": 0.22}
[2026-09-25 21:52:38.450] [SFX] {"sound": "civ_move_2", "volume": 0.11}
[2026-09-25 21:52:38.777] [SFX] {"sound": "civ_move_2", "volume": 0.15}
[2026-09-25 21:52:38.778] [SFX] {"sound": "civ_move_2", "volume": 0.18}
[2026-09-25 21:52:38.810] [SFX] {"sound": "civ_move_1", "volume": 0.07}
[2026-09-25 21:52:38.832] [SFX] {"sound": "civ_move_1", "volume": 0.21}
[2026-09-25 21:52:38.860] [SFX] {"sound": "guardian_move", "volume": 0.28}
[2026-09-25 21:52:38.861] [SFX] {"sound": "civ_move_2", "volume": 0.1}
[2026-09-25 21:52:39.191] [SFX] {"sound": "civ_move_2", "volume": 0.16}
[2026-09-25 21:52:39.192] [SFX] {"sound": "civ_move_2", "volume": 0.18}
[2026-09-25 21:52:39.225] [SFX] {"sound": "civ_move_1", "volume": 0.08}
[2026-09-25 21:52:39.249] [SFX] {"sound": "civ_move_1", "volume": 0.2}
[2026-09-25 21:52:39.267] [SFX] {"sound": "civ_move_2", "volume": 0.1}
[2026-09-25 21:52:39.591] [SFX] {"sound": "civ_move_2", "volume": 0.17}
[2026-09-25 21:52:39.592] [SFX] {"sound": "civ_move_2", "volume": 0.18}
[2026-09-25 21:52:39.625] [SFX] {"sound": "civ_move_1", "volume": 0.1}
[2026-09-25 21:52:39.648] [SFX] {"sound": "civ_move_1", "volume": 0.19}
[2026-09-25 21:52:39.676] [SFX] {"sound": "civ_move_2", "volume": 0.1}
[2026-09-25 21:52:39.993] [SFX] {"sound": "civ_move_2", "volume": 0.18}
[2026-09-25 21:52:40.026] [SFX] {"sound": "civ_move_1", "volume": 0.11}
[2026-09-25 21:52:40.049] [SFX] {"sound": "civ_move_1", "volume": 0.18}
[2026-09-25 21:52:40.078] [SFX] {"sound": "civ_move_2", "volume": 0.08}
[2026-09-25 21:52:40.409] [SFX] {"sound": "civ_move_2", "volume": 0.2}
[2026-09-25 21:52:40.410] [SFX] {"sound": "civ_move_2", "volume": 0.19}
[2026-09-25 21:52:40.432] [SFX] {"sound": "civ_move_1", "volume": 0.12}
[2026-09-25 21:52:40.450] [SFX] {"sound": "civ_move_1", "volume": 0.17}
[2026-09-25 21:52:40.478] [SFX] {"sound": "civ_move_2", "volume": 0.08}
[2026-09-25 21:52:40.825] [SFX] {"sound": "civ_move_2", "volume": 0.21}
[2026-09-25 21:52:40.826] [SFX] {"sound": "civ_move_2", "volume": 0.2}
[2026-09-25 21:52:40.849] [SFX] {"sound": "civ_move_1", "volume": 0.13}
[2026-09-25 21:52:40.867] [SFX] {"sound": "civ_move_1", "volume": 0.16}
[2026-09-25 21:52:40.886] [SFX] {"sound": "civ_move_2", "volume": 0.07}
[2026-09-25 21:52:41.228] [SFX] {"sound": "civ_move_2", "volume": 0.22}
[2026-09-25 21:52:41.229] [SFX] {"sound": "civ_move_2", "volume": 0.21}
[2026-09-25 21:52:41.250] [SFX] {"sound": "civ_move_1", "volume": 0.15}
[2026-09-25 21:52:41.295] [SFX] {"sound": "civ_move_2", "volume": 0.09}
[2026-09-25 21:52:41.629] [SFX] {"sound": "civ_move_2", "volume": 0.23}
[2026-09-25 21:52:41.630] [SFX] {"sound": "civ_move_2", "volume": 0.21}
[2026-09-25 21:52:41.651] [SFX] {"sound": "civ_move_1", "volume": 0.16}
[2026-09-25 21:52:41.668] [SFX] {"sound": "civ_move_1", "volume": 0.14}
[2026-09-25 21:52:41.696] [SFX] {"sound": "civ_move_2", "volume": 0.09}
[2026-09-25 21:52:42.030] [SFX] {"sound": "civ_move_2", "volume": 0.24}
[2026-09-25 21:52:42.031] [SFX] {"sound": "civ_move_2", "volume": 0.21}
[2026-09-25 21:52:42.053] [SFX] {"sound": "civ_move_1", "volume": 0.17}
[2026-09-25 21:52:42.070] [SFX] {"sound": "civ_move_1", "volume": 0.13}
[2026-09-25 21:52:42.099] [SFX] {"sound": "civ_move_2", "volume": 0.09}
[2026-09-25 21:52:42.431] [SFX] {"sound": "civ_move_2", "volume": 0.21}
[2026-09-25 21:52:42.456] [SFX] {"sound": "civ_move_1", "volume": 0.18}
[2026-09-25 21:52:42.474] [SFX] {"sound": "civ_move_1", "volume": 0.12}
[2026-09-25 21:52:42.503] [SFX] {"sound": "civ_move_2", "volume": 0.09}
[2026-09-25 21:52:42.702] [SFX] {"sound": "civ_move_2", "volume": 0.0}
[2026-09-25 21:52:42.833] [SFX] {"sound": "civ_move_2", "volume": 0.22}
[2026-09-25 21:52:42.855] [SFX] {"sound": "civ_move_1", "volume": 0.19}
[2026-09-25 21:52:42.882] [SFX] {"sound": "civ_move_1", "volume": 0.11}
[2026-09-25 21:52:42.915] [SFX] {"sound": "civ_move_2", "volume": 0.09}
[2026-09-25 21:52:43.112] [SFX] {"sound": "civ_move_2", "volume": 0.01}
[2026-09-25 21:52:43.244] [SFX] {"sound": "civ_move_2", "volume": 0.23}
[2026-09-25 21:52:43.268] [SFX] {"sound": "civ_move_1", "volume": 0.21}
[2026-09-25 21:52:43.298] [SFX] {"sound": "civ_move_1", "volume": 0.11}
[2026-09-25 21:52:43.331] [SFX] {"sound": "civ_move_2", "volume": 0.1}
[2026-09-25 21:52:43.514] [SFX] {"sound": "civ_move_2", "volume": 0.03}
[2026-09-25 21:52:43.580] [C] {"civ_pos": [40, 138]}
[2026-09-25 21:52:43.621] [JACK] Da drüben bewegt sich eine Civ-Subroutine! Was führt die im Schilde?
[2026-09-25 21:52:43.650] [SFX] {"sound": "civ_move_2", "volume": 0.23}
[2026-09-25 21:52:43.673] [SFX] {"sound": "civ_move_1", "volume": 0.22}
[2026-09-25 21:52:43.704] [SFX] {"sound": "civ_move_1", "volume": 0.12}
[2026-09-25 21:52:43.738] [SFX] {"sound": "civ_move_2", "volume": 0.09}
[2026-09-25 21:52:43.923] [SFX] {"sound": "civ_move_2", "volume": 0.04}
[2026-09-25 21:52:44.055] [SFX] {"sound": "civ_move_2", "volume": 0.3}
[2026-09-25 21:52:44.078] [SFX] {"sound": "civ_move_1", "volume": 0.23}
[2026-09-25 21:52:44.105] [SFX] {"sound": "civ_move_1", "volume": 0.11}
[2026-09-25 21:52:44.141] [SFX] {"sound": "civ_move_2", "volume": 0.08}
[2026-09-25 21:52:44.338] [SFX] {"sound": "civ_move_2", "volume": 0.05}
[2026-09-25 21:52:44.456] [SFX] {"sound": "civ_move_2", "volume": 0.29}
[2026-09-25 21:52:44.488] [SFX] {"sound": "civ_move_1", "volume": 0.24}
[2026-09-25 21:52:44.523] [SFX] {"sound": "civ_move_1", "volume": 0.1}
[2026-09-25 21:52:44.558] [SFX] {"sound": "civ_move_2", "volume": 0.07}
[2026-09-25 21:52:44.676] [M] {"button": 1, "pos": [207, 124], "ui_clicked": false}
[2026-09-25 21:52:44.684] [P] {"start": [40, 136], "goal": [31, 128], "length": 2, "is_direction_change": false}
[2026-09-25 21:52:44.685] [SFX] {"sound": "click_target", "volume": 0.72}
[2026-09-25 21:52:44.753] [SFX] {"sound": "civ_move_2", "volume": 0.07}
[2026-09-25 21:52:44.869] [SFX] {"sound": "civ_move_2", "volume": 0.24}
[2026-09-25 21:52:44.903] [SFX] {"sound": "civ_move_1", "volume": 0.29}
[2026-09-25 21:52:44.937] [SFX] {"sound": "civ_move_1", "volume": 0.08}
[2026-09-25 21:52:44.970] [SFX] {"sound": "civ_move_2", "volume": 0.07}
[2026-09-25 21:52:44.991] [SFX] {"sound": "player_move", "volume": 0.4}
[2026-09-25 21:52:45.019] [SFX] {"sound": "guardian_move", "volume": 0.09}
[2026-09-25 21:52:45.070] [SFX] {"sound": "civ_move_1", "volume": 0.03}
[2026-09-25 21:52:45.169] [SFX] {"sound": "civ_move_2", "volume": 0.13}
[2026-09-25 21:52:45.269] [SFX] {"sound": "civ_move_2", "volume": 0.21}
[2026-09-25 21:52:45.291] [SFX] {"sound": "player_move", "volume": 0.4}
[2026-09-25 21:52:45.320] [SFX] {"sound": "civ_move_1", "volume": 0.2}
[2026-09-25 21:52:45.342] [SFX] {"sound": "civ_move_1", "volume": 0.11}
[2026-09-25 21:52:45.372] [SFX] {"sound": "civ_move_2", "volume": 0.09}
[2026-09-25 21:52:45.473] [SFX] {"sound": "civ_move_1", "volume": 0.02}
[2026-09-25 21:52:45.573] [SFX] {"sound": "civ_move_2", "volume": 0.13}
[2026-09-25 21:52:45.623] [SFX] {"sound": "guardian_move", "volume": 0.11}
[2026-09-25 21:52:45.673] [SFX] {"sound": "civ_move_2", "volume": 0.19}
[2026-09-25 21:52:45.721] [SFX] {"sound": "civ_move_1", "volume": 0.18}
[2026-09-25 21:52:45.745] [SFX] {"sound": "civ_move_1", "volume": 0.12}
[2026-09-25 21:52:45.876] [SFX] {"sound": "civ_move_1", "volume": 0.03}
[2026-09-25 21:52:45.976] [SFX] {"sound": "civ_move_2", "volume": 0.14}
[2026-09-25 21:52:46.077] [SFX] {"sound": "civ_move_2", "volume": 0.23}
[2026-09-25 21:52:46.131] [SFX] {"sound": "civ_move_1", "volume": 0.17}
[2026-09-25 21:52:46.153] [SFX] {"sound": "civ_move_1", "volume": 0.11}
[2026-09-25 21:52:46.235] [SFX] {"sound": "guardian_move", "volume": 0.13}
[2026-09-25 21:52:46.286] [SFX] {"sound": "civ_move_1", "volume": 0.05}
[2026-09-25 21:52:46.386] [SFX] {"sound": "civ_move_2", "volume": 0.15}
[2026-09-25 21:52:46.482] [SFX] {"sound": "civ_move_2", "volume": 0.22}
[2026-09-25 21:52:46.532] [SFX] {"sound": "civ_move_1", "volume": 0.17}
[2026-09-25 21:52:46.549] [M] {"button": 1, "pos": [108, 122], "ui_clicked": true}
[2026-09-25 21:52:46.576] [SFX] {"sound": "civ_move_1", "volume": 0.11}
[2026-09-25 21:52:46.702] [SFX] {"sound": "civ_move_1", "volume": 0.06}
[2026-09-25 21:52:46.788] [SFX] {"sound": "civ_move_2", "volume": 0.17}
[2026-09-25 21:52:46.841] [SFX] {"sound": "guardian_move", "volume": 0.16}
[2026-09-25 21:52:46.940] [SFX] {"sound": "civ_move_1", "volume": 0.16}
[2026-09-25 21:52:46.963] [SFX] {"sound": "civ_move_1", "volume": 0.12}
[2026-09-25 21:52:46.975] [M] {"button": 1, "pos": [95, 123], "ui_clicked": true}
[2026-09-25 21:52:47.119] [SFX] {"sound": "civ_move_1", "volume": 0.07}
[2026-09-25 21:52:47.169] [SFX] {"sound": "civ_move_1", "volume": 0.16}
[2026-09-25 21:52:47.201] [SFX] {"sound": "civ_move_2", "volume": 0.18}
[2026-09-25 21:52:47.349] [SFX] {"sound": "civ_move_1", "volume": 0.17}
[2026-09-25 21:52:47.372] [SFX] {"sound": "civ_move_1", "volume": 0.12}
[2026-09-25 21:52:47.451] [SFX] {"sound": "guardian_move", "volume": 0.18}
[2026-09-25 21:52:47.519] [SFX] {"sound": "civ_move_1", "volume": 0.08}
[2026-09-25 21:52:47.585] [SFX] {"sound": "civ_move_1", "volume": 0.16}
[2026-09-25 21:52:47.608] [SFX] {"sound": "civ_move_2", "volume": 0.19}
[2026-09-25 21:52:47.750] [SFX] {"sound": "civ_move_1", "volume": 0.17}
[2026-09-25 21:52:47.774] [SFX] {"sound": "civ_move_1", "volume": 0.12}
[2026-09-25 21:52:47.885] [M] {"button": 1, "pos": [102, 116], "ui_clicked": true}
[2026-09-25 21:52:47.932] [SFX] {"sound": "civ_move_1", "volume": 0.09}
[2026-09-25 21:52:47.998] [SFX] {"sound": "civ_move_1", "volume": 0.16}
[2026-09-25 21:52:48.022] [SFX] {"sound": "civ_move_2", "volume": 0.2}
[2026-09-25 21:52:48.052] [SFX] {"sound": "guardian_move", "volume": 0.2}
[2026-09-25 21:52:48.150] [SFX] {"sound": "civ_move_1", "volume": 0.17}
[2026-09-25 21:52:48.174] [SFX] {"sound": "civ_move_1", "volume": 0.12}
[2026-09-25 21:52:48.300] [M] {"button": 1, "pos": [101, 116], "ui_clicked": true}
[2026-09-25 21:52:48.340] [SFX] {"sound": "civ_move_1", "volume": 0.1}
[2026-09-25 21:52:48.424] [SFX] {"sound": "civ_move_2", "volume": 0.2}
[2026-09-25 21:52:48.425] [SFX] {"sound": "civ_move_1", "volume": 0.16}
[2026-09-25 21:52:48.575] [SFX] {"sound": "civ_move_1", "volume": 0.13}
[2026-09-25 21:52:48.608] [M] {"button": 1, "pos": [100, 116], "ui_clicked": true}
[2026-09-25 21:52:48.661] [SFX] {"sound": "guardian_move", "volume": 0.22}
[2026-09-25 21:52:48.744] [SFX] {"sound": "civ_move_1", "volume": 0.12}
[2026-09-25 21:52:48.830] [SFX] {"sound": "civ_move_2", "volume": 0.21}
[2026-09-25 21:52:48.830] [SFX] {"sound": "civ_move_1", "volume": 0.15}
[2026-09-25 21:52:48.962] [SFX] {"sound": "civ_move_1", "volume": 0.16}
[2026-09-25 21:52:48.984] [SFX] {"sound": "civ_move_1", "volume": 0.14}
[2026-09-25 21:52:49.013] [M] {"button": 1, "pos": [97, 118], "ui_clicked": true}
[2026-09-25 21:52:49.155] [SFX] {"sound": "civ_move_1", "volume": 0.13}
[2026-09-25 21:52:49.237] [SFX] {"sound": "civ_move_2", "volume": 0.22}
[2026-09-25 21:52:49.238] [SFX] {"sound": "civ_move_1", "volume": 0.15}
[2026-09-25 21:52:49.269] [SFX] {"sound": "guardian_move", "volume": 0.24}
[2026-09-25 21:52:49.335] [M] {"button": 1, "pos": [97, 118], "ui_clicked": true}
[2026-09-25 21:52:49.371] [SFX] {"sound": "civ_move_1", "volume": 0.15}
[2026-09-25 21:52:49.392] [SFX] {"sound": "civ_move_1", "volume": 0.17}
[2026-09-25 21:52:49.568] [SFX] {"sound": "civ_move_1", "volume": 0.14}
[2026-09-25 21:52:49.653] [SFX] {"sound": "civ_move_2", "volume": 0.23}
[2026-09-25 21:52:49.654] [SFX] {"sound": "civ_move_1", "volume": 0.14}
[2026-09-25 21:52:49.800] [SFX] {"sound": "civ_move_1", "volume": 0.16}
[2026-09-25 21:52:49.883] [SFX] {"sound": "guardian_move", "volume": 0.26}
[2026-09-25 21:52:49.967] [SFX] {"sound": "civ_move_1", "volume": 0.15}
[2026-09-25 21:52:50.068] [M] {"button": 1, "pos": [90, 131], "ui_clicked": false}
[2026-09-25 21:52:50.074] [SFX] {"sound": "civ_move_2", "volume": 0.23}
[2026-09-25 21:52:50.075] [SFX] {"sound": "civ_move_1", "volume": 0.13}
[2026-09-25 21:52:50.203] [SFX] {"sound": "civ_move_1", "volume": 0.15}
[2026-09-25 21:52:50.369] [SFX] {"sound": "civ_move_1", "volume": 0.16}
[2026-09-25 21:52:50.436] [M] {"button": 1, "pos": [101, 131], "ui_clicked": false}
[2026-09-25 21:52:50.443] [P] {"start": [31, 128], "goal": [18, 124], "length": 2, "is_direction_change": false}
[2026-09-25 21:52:50.444] [SFX] {"sound": "click_target", "volume": 0.68}
[2026-09-25 21:52:50.492] [JACK] Vorsichtig vorantasten...
[2026-09-25 21:52:50.510] [SFX] {"sound": "player_move", "volume": 0.4}
[2026-09-25 21:52:50.511] [SFX] {"sound": "guardian_move", "volume": 0.27}
[2026-09-25 21:52:50.511] [SFX] {"sound": "civ_move_2", "volume": 0.22}
[2026-09-25 21:52:50.512] [SFX] {"sound": "civ_move_1", "volume": 0.12}
[2026-09-25 21:52:50.591] [SFX] {"sound": "civ_move_1", "volume": 0.11}
[2026-09-25 21:52:50.612] [SFX] {"sound": "civ_move_1", "volume": 0.13}
[2026-09-25 21:52:50.776] [SFX] {"sound": "civ_move_1", "volume": 0.14}
[2026-09-25 21:52:50.809] [SFX] {"sound": "player_move", "volume": 0.4}
[2026-09-25 21:52:50.909] [SFX] {"sound": "civ_move_2", "volume": 0.13}
[2026-09-25 21:52:50.909] [SFX] {"sound": "civ_move_1", "volume": 0.07}
[2026-09-25 21:52:50.992] [SFX] {"sound": "civ_move_1", "volume": 0.08}
[2026-09-25 21:52:51.007] [JACK] JACK // PROXY SAFE - SANCTUARY ACTIVE
[2026-09-25 21:52:51.016] [SFX] {"sound": "civ_move_1", "volume": 0.18}
[2026-09-25 21:52:51.125] [SFX] {"sound": "player_move", "volume": 0.4}
[2026-09-25 21:52:51.192] [SFX] {"sound": "civ_move_1", "volume": 0.12}
[2026-09-25 21:52:51.309] [SFX] {"sound": "civ_move_2", "volume": 0.1}
[2026-09-25 21:52:51.309] [SFX] {"sound": "civ_move_1", "volume": 0.03}
[2026-09-25 21:52:51.393] [SFX] {"sound": "civ_move_1", "volume": 0.05}
[2026-09-25 21:52:51.595] [SFX] {"sound": "civ_move_1", "volume": 0.13}
[2026-09-25 21:52:51.712] [SFX] {"sound": "civ_move_2", "volume": 0.1}
[2026-09-25 21:52:51.713] [SFX] {"sound": "civ_move_1", "volume": 0.03}
[2026-09-25 21:52:51.793] [SFX] {"sound": "civ_move_1", "volume": 0.05}
[2026-09-25 21:52:51.843] [SFX] {"sound": "civ_move_1", "volume": 0.03}
[2026-09-25 21:52:52.008] [SFX] {"sound": "civ_move_1", "volume": 0.13}
[2026-09-25 21:52:52.124] [SFX] {"sound": "civ_move_2", "volume": 0.1}
[2026-09-25 21:52:52.124] [SFX] {"sound": "civ_move_1", "volume": 0.02}
[2026-09-25 21:52:52.206] [SFX] {"sound": "civ_move_1", "volume": 0.06}
[2026-09-25 21:52:52.257] [SFX] {"sound": "civ_move_1", "volume": 0.03}
[2026-09-25 21:52:52.421] [SFX] {"sound": "civ_move_1", "volume": 0.13}
[2026-09-25 21:52:52.538] [SFX] {"sound": "civ_move_2", "volume": 0.09}
[2026-09-25 21:52:52.538] [SFX] {"sound": "civ_move_1", "volume": 0.02}
[2026-09-25 21:52:52.619] [SFX] {"sound": "civ_move_1", "volume": 0.06}
[2026-09-25 21:52:52.670] [SFX] {"sound": "civ_move_1", "volume": 0.03}
[2026-09-25 21:52:52.835] [SFX] {"sound": "civ_move_1", "volume": 0.13}
[2026-09-25 21:52:52.954] [SFX] {"sound": "civ_move_2", "volume": 0.09}
[2026-09-25 21:52:52.955] [SFX] {"sound": "civ_move_1", "volume": 0.03}
[2026-09-25 21:52:53.020] [SFX] {"sound": "civ_move_1", "volume": 0.07}
[2026-09-25 21:52:53.103] [SFX] {"sound": "civ_move_1", "volume": 0.05}
[2026-09-25 21:52:53.238] [SFX] {"sound": "civ_move_1", "volume": 0.13}
[2026-09-25 21:52:53.356] [SFX] {"sound": "civ_move_2", "volume": 0.09}
[2026-09-25 21:52:53.356] [SFX] {"sound": "civ_move_1", "volume": 0.03}
[2026-09-25 21:52:53.422] [SFX] {"sound": "civ_move_1", "volume": 0.06}
[2026-09-25 21:52:53.505] [SFX] {"sound": "civ_move_1", "volume": 0.05}
[2026-09-25 21:52:53.652] [SFX] {"sound": "civ_move_1", "volume": 0.11}
[2026-09-25 21:52:53.770] [SFX] {"sound": "civ_move_2", "volume": 0.1}
[2026-09-25 21:52:53.771] [SFX] {"sound": "civ_move_1", "volume": 0.04}
[2026-09-25 21:52:53.823] [SFX] {"sound": "civ_move_1", "volume": 0.05}
[2026-09-25 21:52:53.920] [SFX] {"sound": "civ_move_1", "volume": 0.06}
[2026-09-25 21:52:54.053] [SFX] {"sound": "civ_move_1", "volume": 0.11}
[2026-09-25 21:52:54.170] [SFX] {"sound": "civ_move_2", "volume": 0.1}
[2026-09-25 21:52:54.171] [SFX] {"sound": "civ_move_1", "volume": 0.05}
[2026-09-25 21:52:54.320] [SFX] {"sound": "civ_move_1", "volume": 0.07}
[2026-09-25 21:52:54.455] [SFX] {"sound": "civ_move_1", "volume": 0.11}
[2026-09-25 21:52:54.585] [SFX] {"sound": "civ_move_2", "volume": 0.1}
[2026-09-25 21:52:54.586] [SFX] {"sound": "civ_move_1", "volume": 0.05}
[2026-09-25 21:52:54.652] [SFX] {"sound": "civ_move_1", "volume": 0.04}
[2026-09-25 21:52:54.721] [SFX] {"sound": "civ_move_1", "volume": 0.08}
[2026-09-25 21:52:54.870] [SFX] {"sound": "civ_move_1", "volume": 0.1}
[2026-09-25 21:52:54.988] [SFX] {"sound": "civ_move_2", "volume": 0.09}
[2026-09-25 21:52:54.989] [SFX] {"sound": "civ_move_1", "volume": 0.06}
[2026-09-25 21:52:54.990] [SFX] {"sound": "civ_move_1", "volume": 0.03}
[2026-09-25 21:52:55.053] [SFX] {"sound": "civ_move_1", "volume": 0.04}
[2026-09-25 21:52:55.121] [SFX] {"sound": "civ_move_1", "volume": 0.09}
[2026-09-25 21:52:55.255] [SFX] {"sound": "civ_move_2", "volume": 0.0}
[2026-09-25 21:52:55.278] [SFX] {"sound": "civ_move_1", "volume": 0.1}
[2026-09-25 21:52:55.391] [SFX] {"sound": "civ_move_2", "volume": 0.08}
[2026-09-25 21:52:55.392] [SFX] {"sound": "civ_move_1", "volume": 0.07}
[2026-09-25 21:52:55.393] [SFX] {"sound": "civ_move_1", "volume": 0.03}
[2026-09-25 21:52:55.523] [SFX] {"sound": "civ_move_1", "volume": 0.1}
[2026-09-25 21:52:55.656] [SFX] {"sound": "civ_move_2", "volume": 0.01}
[2026-09-25 21:52:55.678] [SFX] {"sound": "civ_move_1", "volume": 0.1}
[2026-09-25 21:52:55.805] [SFX] {"sound": "civ_move_2", "volume": 0.08}
[2026-09-25 21:52:55.806] [SFX] {"sound": "civ_move_1", "volume": 0.06}
[2026-09-25 21:52:55.807] [SFX] {"sound": "civ_move_1", "volume": 0.03}
[2026-09-25 21:52:55.873] [SFX] {"sound": "civ_move_1", "volume": 0.02}
[2026-09-25 21:52:55.940] [SFX] {"sound": "civ_move_1", "volume": 0.1}
[2026-09-25 21:52:56.059] [SFX] {"sound": "civ_move_2", "volume": 0.02}
[2026-09-25 21:52:56.082] [SFX] {"sound": "civ_move_1", "volume": 0.09}
[2026-09-25 21:52:56.212] [SFX] {"sound": "civ_move_2", "volume": 0.07}
[2026-09-25 21:52:56.213] [SFX] {"sound": "civ_move_1", "volume": 0.06}
[2026-09-25 21:52:56.234] [SFX] {"sound": "civ_move_1", "volume": 0.03}
[2026-09-25 21:52:56.279] [SFX] {"sound": "civ_move_1", "volume": 0.02}
[2026-09-25 21:52:56.347] [SFX] {"sound": "civ_move_1", "volume": 0.1}
[2026-09-25 21:52:56.463] [SFX] {"sound": "civ_move_2", "volume": 0.03}
[2026-09-25 21:52:56.485] [SFX] {"sound": "civ_move_1", "volume": 0.09}
[2026-09-25 21:52:56.615] [SFX] {"sound": "civ_move_2", "volume": 0.06}
[2026-09-25 21:52:56.615] [SFX] {"sound": "civ_move_1", "volume": 0.05}
[2026-09-25 21:52:56.637] [SFX] {"sound": "civ_move_1", "volume": 0.02}
[2026-09-25 21:52:56.682] [SFX] {"sound": "civ_move_1", "volume": 0.03}
[2026-09-25 21:52:56.747] [SFX] {"sound": "civ_move_1", "volume": 0.1}
[2026-09-25 21:52:56.879] [SFX] {"sound": "civ_move_2", "volume": 0.04}
[2026-09-25 21:52:56.902] [SFX] {"sound": "civ_move_1", "volume": 0.08}
[2026-09-25 21:52:57.030] [SFX] {"sound": "civ_move_2", "volume": 0.06}
[2026-09-25 21:52:57.031] [SFX] {"sound": "civ_move_1", "volume": 0.05}
[2026-09-25 21:52:57.051] [SFX] {"sound": "civ_move_1", "volume": 0.01}
[2026-09-25 21:52:57.082] [SFX] {"sound": "civ_move_1", "volume": 0.03}
[2026-09-25 21:52:57.148] [SFX] {"sound": "civ_move_1", "volume": 0.1}
[2026-09-25 21:52:57.285] [SFX] {"sound": "civ_move_2", "volume": 0.05}
[2026-09-25 21:52:57.308] [SFX] {"sound": "civ_move_1", "volume": 0.09}
[2026-09-25 21:52:57.440] [SFX] {"sound": "civ_move_2", "volume": 0.05}
[2026-09-25 21:52:57.441] [SFX] {"sound": "civ_move_1", "volume": 0.05}
[2026-09-25 21:52:57.492] [SFX] {"sound": "civ_move_1", "volume": 0.04}
[2026-09-25 21:52:57.560] [SFX] {"sound": "civ_move_1", "volume": 0.09}
[2026-09-25 21:52:57.696] [SFX] {"sound": "civ_move_2", "volume": 0.06}
[2026-09-25 21:52:57.719] [SFX] {"sound": "civ_move_1", "volume": 0.1}
[2026-09-25 21:52:57.850] [SFX] {"sound": "civ_move_2", "volume": 0.05}
[2026-09-25 21:52:57.851] [SFX] {"sound": "civ_move_1", "volume": 0.06}
[2026-09-25 21:52:57.901] [SFX] {"sound": "civ_move_1", "volume": 0.05}
[2026-09-25 21:52:57.966] [SFX] {"sound": "civ_move_1", "volume": 0.09}
[2026-09-25 21:52:58.100] [SFX] {"sound": "civ_move_2", "volume": 0.06}
[2026-09-25 21:52:58.122] [SFX] {"sound": "civ_move_1", "volume": 0.1}
[2026-09-25 21:52:58.250] [SFX] {"sound": "civ_move_2", "volume": 0.05}
[2026-09-25 21:52:58.251] [SFX] {"sound": "civ_move_1", "volume": 0.07}
[2026-09-25 21:52:58.300] [SFX] {"sound": "civ_move_1", "volume": 0.05}
[2026-09-25 21:52:58.368] [SFX] {"sound": "civ_move_1", "volume": 0.09}
[2026-09-25 21:52:58.514] [SFX] {"sound": "civ_move_2", "volume": 0.07}
[2026-09-25 21:52:58.537] [SFX] {"sound": "civ_move_1", "volume": 0.09}
[2026-09-25 21:52:58.614] [SFX] {"sound": "civ_move_1", "volume": 0.08}
[2026-09-25 21:52:58.663] [SFX] {"sound": "civ_move_2", "volume": 0.06}
[2026-09-25 21:52:58.664] [SFX] {"sound": "civ_move_1", "volume": 0.07}
[2026-09-25 21:52:58.712] [SFX] {"sound": "civ_move_1", "volume": 0.06}
[2026-09-25 21:52:58.778] [SFX] {"sound": "civ_move_1", "volume": 0.1}
[2026-09-25 21:52:58.929] [SFX] {"sound": "civ_move_2", "volume": 0.08}
[2026-09-25 21:52:58.950] [SFX] {"sound": "civ_move_1", "volume": 0.09}
[2026-09-25 21:52:59.028] [SFX] {"sound": "civ_move_1", "volume": 0.08}
[2026-09-25 21:52:59.076] [SFX] {"sound": "civ_move_2", "volume": 0.07}
[2026-09-25 21:52:59.077] [SFX] {"sound": "civ_move_1", "volume": 0.08}
[2026-09-25 21:52:59.126] [SFX] {"sound": "civ_move_1", "volume": 0.06}
[2026-09-25 21:52:59.191] [SFX] {"sound": "civ_move_1", "volume": 0.1}
[2026-09-25 21:52:59.340] [SFX] {"sound": "civ_move_2", "volume": 0.09}
[2026-09-25 21:52:59.363] [SFX] {"sound": "civ_move_1", "volume": 0.08}
[2026-09-25 21:52:59.441] [SFX] {"sound": "civ_move_1", "volume": 0.07}
[2026-09-25 21:52:59.490] [SFX] {"sound": "civ_move_2", "volume": 0.07}
[2026-09-25 21:52:59.491] [SFX] {"sound": "civ_move_1", "volume": 0.09}
[2026-09-25 21:52:59.541] [SFX] {"sound": "civ_move_1", "volume": 0.07}
[2026-09-25 21:52:59.591] [SFX] {"sound": "civ_move_1", "volume": 0.1}
[2026-09-25 21:52:59.741] [SFX] {"sound": "civ_move_2", "volume": 0.1}
[2026-09-25 21:52:59.765] [SFX] {"sound": "civ_move_1", "volume": 0.07}
[2026-09-25 21:52:59.874] [SFX] {"sound": "civ_move_1", "volume": 0.08}
[2026-09-25 21:52:59.897] [SFX] {"sound": "civ_move_2", "volume": 0.06}
[2026-09-25 21:52:59.898] [SFX] {"sound": "civ_move_1", "volume": 0.09}
[2026-09-25 21:52:59.942] [SFX] {"sound": "civ_move_1", "volume": 0.08}
[2026-09-25 21:52:59.993] [SFX] {"sound": "civ_move_1", "volume": 0.09}
[2026-09-25 21:53:00.145] [SFX] {"sound": "civ_move_2", "volume": 0.1}
[2026-09-25 21:53:00.168] [SFX] {"sound": "civ_move_1", "volume": 0.07}
[2026-09-25 21:53:00.296] [SFX] {"sound": "civ_move_2", "volume": 0.05}
[2026-09-25 21:53:00.297] [SFX] {"sound": "civ_move_1", "volume": 0.1}
[2026-09-25 21:53:00.394] [SFX] {"sound": "civ_move_1", "volume": 0.08}
[2026-09-25 21:53:00.560] [SFX] {"sound": "civ_move_2", "volume": 0.11}
[2026-09-25 21:53:00.583] [SFX] {"sound": "civ_move_1", "volume": 0.06}
[2026-09-25 21:53:00.696] [SFX] {"sound": "civ_move_2", "volume": 0.04}
[2026-09-25 21:53:00.696] [SFX] {"sound": "civ_move_1", "volume": 0.1}
[2026-09-25 21:53:00.697] [SFX] {"sound": "civ_move_1", "volume": 0.06}
[2026-09-25 21:53:00.795] [SFX] {"sound": "civ_move_1", "volume": 0.08}
[2026-09-25 21:53:00.914] [SFX] {"sound": "civ_move_2", "volume": 0.03}
[2026-09-25 21:53:00.964] [SFX] {"sound": "civ_move_2", "volume": 0.12}
[2026-09-25 21:53:00.985] [SFX] {"sound": "civ_move_1", "volume": 0.05}
[2026-09-25 21:53:01.096] [SFX] {"sound": "civ_move_2", "volume": 0.04}
[2026-09-25 21:53:01.096] [SFX] {"sound": "civ_move_1", "volume": 0.09}
[2026-09-25 21:53:01.097] [SFX] {"sound": "civ_move_1", "volume": 0.06}
[2026-09-25 21:53:01.196] [SFX] {"sound": "civ_move_1", "volume": 0.07}
[2026-09-25 21:53:01.314] [SFX] {"sound": "civ_move_2", "volume": 0.03}
[2026-09-25 21:53:01.364] [SFX] {"sound": "civ_move_2", "volume": 0.12}
[2026-09-25 21:53:01.386] [SFX] {"sound": "civ_move_1", "volume": 0.05}
[2026-09-25 21:53:01.499] [SFX] {"sound": "civ_move_2", "volume": 0.03}
[2026-09-25 21:53:01.500] [SFX] {"sound": "civ_move_1", "volume": 0.08}
[2026-09-25 21:53:01.501] [SFX] {"sound": "civ_move_1", "volume": 0.05}
[2026-09-25 21:53:01.599] [SFX] {"sound": "civ_move_1", "volume": 0.06}
[2026-09-25 21:53:01.729] [SFX] {"sound": "civ_move_2", "volume": 0.03}
[2026-09-25 21:53:01.779] [SFX] {"sound": "civ_move_2", "volume": 0.13}
[2026-09-25 21:53:01.801] [SFX] {"sound": "civ_move_1", "volume": 0.05}
[2026-09-25 21:53:01.914] [SFX] {"sound": "civ_move_2", "volume": 0.02}
[2026-09-25 21:53:01.915] [SFX] {"sound": "civ_move_1", "volume": 0.09}
[2026-09-25 21:53:01.916] [SFX] {"sound": "civ_move_1", "volume": 0.05}
[2026-09-25 21:53:02.013] [SFX] {"sound": "civ_move_1", "volume": 0.06}
[2026-09-25 21:53:02.147] [SFX] {"sound": "civ_move_2", "volume": 0.04}
[2026-09-25 21:53:02.181] [SFX] {"sound": "civ_move_2", "volume": 0.13}
[2026-09-25 21:53:02.203] [SFX] {"sound": "civ_move_1", "volume": 0.06}
[2026-09-25 21:53:02.315] [SFX] {"sound": "civ_move_2", "volume": 0.02}
[2026-09-25 21:53:02.316] [SFX] {"sound": "civ_move_1", "volume": 0.09}
[2026-09-25 21:53:02.317] [SFX] {"sound": "civ_move_1", "volume": 0.04}
[2026-09-25 21:53:02.415] [SFX] {"sound": "civ_move_1", "volume": 0.05}
[2026-09-25 21:53:02.548] [SFX] {"sound": "civ_move_2", "volume": 0.05}
[2026-09-25 21:53:02.582] [SFX] {"sound": "civ_move_2", "volume": 0.13}
[2026-09-25 21:53:02.604] [SFX] {"sound": "civ_move_1", "volume": 0.06}
[2026-09-25 21:53:02.716] [SFX] {"sound": "civ_move_2", "volume": 0.02}
[2026-09-25 21:53:02.717] [SFX] {"sound": "civ_move_1", "volume": 0.1}
[2026-09-25 21:53:02.718] [SFX] {"sound": "civ_move_1", "volume": 0.03}
[2026-09-25 21:53:02.819] [SFX] {"sound": "civ_move_1", "volume": 0.05}
[2026-09-25 21:53:02.951] [SFX] {"sound": "civ_move_2", "volume": 0.06}
[2026-09-25 21:53:02.984] [SFX] {"sound": "civ_move_2", "volume": 0.13}
[2026-09-25 21:53:03.007] [SFX] {"sound": "civ_move_1", "volume": 0.07}
[2026-09-25 21:53:03.118] [SFX] {"sound": "civ_move_2", "volume": 0.03}
[2026-09-25 21:53:03.119] [SFX] {"sound": "civ_move_1", "volume": 0.1}
[2026-09-25 21:53:03.120] [SFX] {"sound": "civ_move_1", "volume": 0.03}
[2026-09-25 21:53:03.220] [SFX] {"sound": "civ_move_1", "volume": 0.05}
[2026-09-25 21:53:03.353] [SFX] {"sound": "civ_move_2", "volume": 0.07}
[2026-09-25 21:53:03.386] [SFX] {"sound": "civ_move_2", "volume": 0.13}
[2026-09-25 21:53:03.387] [SFX] {"sound": "civ_move_2", "volume": 0.03}
[2026-09-25 21:53:03.407] [SFX] {"sound": "civ_move_1", "volume": 0.06}
[2026-09-25 21:53:03.520] [SFX] {"sound": "civ_move_2", "volume": 0.04}
[2026-09-25 21:53:03.520] [SFX] {"sound": "civ_move_1", "volume": 0.1}
[2026-09-25 21:53:03.521] [SFX] {"sound": "civ_move_1", "volume": 0.02}
[2026-09-25 21:53:03.635] [SFX] {"sound": "civ_move_1", "volume": 0.06}
[2026-09-25 21:53:03.767] [SFX] {"sound": "civ_move_2", "volume": 0.08}
[2026-09-25 21:53:03.800] [SFX] {"sound": "civ_move_2", "volume": 0.11}
[2026-09-25 21:53:03.801] [SFX] {"sound": "civ_move_2", "volume": 0.03}
[2026-09-25 21:53:03.822] [SFX] {"sound": "civ_move_1", "volume": 0.05}
[2026-09-25 21:53:03.932] [SFX] {"sound": "civ_move_2", "volume": 0.04}
[2026-09-25 21:53:03.933] [SFX] {"sound": "civ_move_1", "volume": 0.11}
[2026-09-25 21:53:03.934] [SFX] {"sound": "civ_move_1", "volume": 0.02}
[2026-09-25 21:53:04.049] [SFX] {"sound": "civ_move_1", "volume": 0.07}
[2026-09-25 21:53:04.167] [SFX] {"sound": "civ_move_2", "volume": 0.09}
[2026-09-25 21:53:04.200] [SFX] {"sound": "civ_move_2", "volume": 0.11}
[2026-09-25 21:53:04.221] [SFX] {"sound": "civ_move_1", "volume": 0.05}
[2026-09-25 21:53:04.238] [SFX] {"sound": "civ_move_2", "volume": 0.04}
[2026-09-25 21:53:04.334] [SFX] {"sound": "civ_move_2", "volume": 0.05}
[2026-09-25 21:53:04.335] [SFX] {"sound": "civ_move_1", "volume": 0.11}
[2026-09-25 21:53:04.336] [SFX] {"sound": "civ_move_1", "volume": 0.03}
[2026-09-25 21:53:04.452] [SFX] {"sound": "civ_move_1", "volume": 0.07}
[2026-09-25 21:53:04.582] [SFX] {"sound": "civ_move_2", "volume": 0.1}
[2026-09-25 21:53:04.614] [SFX] {"sound": "civ_move_2", "volume": 0.11}
[2026-09-25 21:53:04.637] [SFX] {"sound": "civ_move_1", "volume": 0.04}
[2026-09-25 21:53:04.654] [SFX] {"sound": "civ_move_2", "volume": 0.05}
[2026-09-25 21:53:04.748] [SFX] {"sound": "civ_move_1", "volume": 0.11}
[2026-09-25 21:53:04.749] [SFX] {"sound": "civ_move_1", "volume": 0.04}
[2026-09-25 21:53:04.866] [SFX] {"sound": "civ_move_1", "volume": 0.06}
[2026-09-25 21:53:04.983] [SFX] {"sound": "civ_move_2", "volume": 0.11}
[2026-09-25 21:53:05.015] [SFX] {"sound": "civ_move_2", "volume": 0.1}
[2026-09-25 21:53:05.038] [SFX] {"sound": "civ_move_1", "volume": 0.04}
[2026-09-25 21:53:05.055] [SFX] {"sound": "civ_move_2", "volume": 0.06}
[2026-09-25 21:53:05.152] [SFX] {"sound": "civ_move_1", "volume": 0.13}
[2026-09-25 21:53:05.152] [SFX] {"sound": "civ_move_1", "volume": 0.04}
[2026-09-25 21:53:05.267] [SFX] {"sound": "civ_move_1", "volume": 0.05}
[2026-09-25 21:53:05.384] [SFX] {"sound": "civ_move_2", "volume": 0.11}
[2026-09-25 21:53:05.416] [SFX] {"sound": "civ_move_2", "volume": 0.1}
[2026-09-25 21:53:05.439] [SFX] {"sound": "civ_move_1", "volume": 0.03}
[2026-09-25 21:53:05.457] [SFX] {"sound": "civ_move_2", "volume": 0.07}
[2026-09-25 21:53:05.566] [SFX] {"sound": "civ_move_1", "volume": 0.13}
[2026-09-25 21:53:05.567] [SFX] {"sound": "civ_move_1", "volume": 0.05}
[2026-09-25 21:53:05.682] [SFX] {"sound": "civ_move_1", "volume": 0.04}
[2026-09-25 21:53:05.799] [SFX] {"sound": "civ_move_2", "volume": 0.11}
[2026-09-25 21:53:05.832] [SFX] {"sound": "civ_move_2", "volume": 0.1}
[2026-09-25 21:53:05.854] [SFX] {"sound": "civ_move_1", "volume": 0.02}
[2026-09-25 21:53:05.872] [SFX] {"sound": "civ_move_2", "volume": 0.08}
[2026-09-25 21:53:05.967] [SFX] {"sound": "civ_move_1", "volume": 0.13}
[2026-09-25 21:53:05.967] [SFX] {"sound": "civ_move_1", "volume": 0.05}
[2026-09-25 21:53:06.084] [SFX] {"sound": "civ_move_1", "volume": 0.04}
[2026-09-25 21:53:06.200] [SFX] {"sound": "civ_move_2", "volume": 0.13}
[2026-09-25 21:53:06.235] [SFX] {"sound": "civ_move_2", "volume": 0.09}
[2026-09-25 21:53:06.256] [SFX] {"sound": "civ_move_1", "volume": 0.02}
[2026-09-25 21:53:06.275] [SFX] {"sound": "civ_move_2", "volume": 0.09}
[2026-09-25 21:53:06.371] [SFX] {"sound": "civ_move_2", "volume": 0.08}
[2026-09-25 21:53:06.372] [SFX] {"sound": "civ_move_1", "volume": 0.13}
[2026-09-25 21:53:06.373] [SFX] {"sound": "civ_move_1", "volume": 0.06}
[2026-09-25 21:53:06.488] [SFX] {"sound": "civ_move_1", "volume": 0.03}
[2026-09-25 21:53:06.605] [SFX] {"sound": "civ_move_2", "volume": 0.13}
[2026-09-25 21:53:06.639] [SFX] {"sound": "civ_move_2", "volume": 0.09}
[2026-09-25 21:53:06.662] [SFX] {"sound": "civ_move_1", "volume": 0.03}
[2026-09-25 21:53:06.679] [SFX] {"sound": "civ_move_2", "volume": 0.1}
[2026-09-25 21:53:06.772] [SFX] {"sound": "civ_move_1", "volume": 0.13}
[2026-09-25 21:53:06.773] [SFX] {"sound": "civ_move_1", "volume": 0.07}
[2026-09-25 21:53:06.888] [SFX] {"sound": "civ_move_1", "volume": 0.02}
[2026-09-25 21:53:07.020] [SFX] {"sound": "civ_move_2", "volume": 0.13}
[2026-09-25 21:53:07.051] [SFX] {"sound": "civ_move_2", "volume": 0.09}
[2026-09-25 21:53:07.073] [SFX] {"sound": "civ_move_1", "volume": 0.03}
[2026-09-25 21:53:07.090] [SFX] {"sound": "civ_move_2", "volume": 0.11}
[2026-09-25 21:53:07.186] [SFX] {"sound": "civ_move_1", "volume": 0.12}
[2026-09-25 21:53:07.186] [SFX] {"sound": "civ_move_1", "volume": 0.06}
[2026-09-25 21:53:07.302] [SFX] {"sound": "civ_move_1", "volume": 0.02}
[2026-09-25 21:53:07.419] [SFX] {"sound": "civ_move_2", "volume": 0.13}
[2026-09-25 21:53:07.458] [SFX] {"sound": "civ_move_2", "volume": 0.09}
[2026-09-25 21:53:07.483] [SFX] {"sound": "civ_move_1", "volume": 0.04}
[2026-09-25 21:53:07.505] [SFX] {"sound": "civ_move_2", "volume": 0.11}
[2026-09-25 21:53:07.598] [SFX] {"sound": "civ_move_1", "volume": 0.12}
[2026-09-25 21:53:07.599] [SFX] {"sound": "civ_move_1", "volume": 0.06}
[2026-09-25 21:53:07.714] [SFX] {"sound": "civ_move_1", "volume": 0.02}
[2026-09-25 21:53:07.831] [SFX] {"sound": "civ_move_2", "volume": 0.12}
[2026-09-25 21:53:07.865] [SFX] {"sound": "civ_move_2", "volume": 0.1}
[2026-09-25 21:53:07.887] [SFX] {"sound": "civ_move_1", "volume": 0.04}
[2026-09-25 21:53:07.904] [SFX] {"sound": "civ_move_2", "volume": 0.11}
[2026-09-25 21:53:07.998] [SFX] {"sound": "civ_move_1", "volume": 0.11}
[2026-09-25 21:53:07.999] [SFX] {"sound": "civ_move_1", "volume": 0.05}
[2026-09-25 21:53:08.114] [SFX] {"sound": "civ_move_1", "volume": 0.03}
[2026-09-25 21:53:08.236] [SFX] {"sound": "civ_move_2", "volume": 0.12}
[2026-09-25 21:53:08.268] [SFX] {"sound": "civ_move_2", "volume": 0.1}
[2026-09-25 21:53:08.292] [SFX] {"sound": "civ_move_1", "volume": 0.05}
[2026-09-25 21:53:08.311] [SFX] {"sound": "civ_move_2", "volume": 0.13}
[2026-09-25 21:53:08.405] [SFX] {"sound": "civ_move_1", "volume": 0.11}
[2026-09-25 21:53:08.406] [SFX] {"sound": "civ_move_1", "volume": 0.05}
[2026-09-25 21:53:08.521] [SFX] {"sound": "civ_move_1", "volume": 0.04}
[2026-09-25 21:53:08.639] [SFX] {"sound": "civ_move_2", "volume": 0.11}
[2026-09-25 21:53:08.674] [SFX] {"sound": "civ_move_2", "volume": 0.1}
[2026-09-25 21:53:08.696] [SFX] {"sound": "civ_move_1", "volume": 0.06}
[2026-09-25 21:53:08.717] [SFX] {"sound": "civ_move_2", "volume": 0.13}
[2026-09-25 21:53:08.815] [SFX] {"sound": "civ_move_1", "volume": 0.1}
[2026-09-25 21:53:08.816] [SFX] {"sound": "civ_move_1", "volume": 0.05}
[2026-09-25 21:53:08.932] [SFX] {"sound": "civ_move_1", "volume": 0.04}
[2026-09-25 21:53:09.050] [SFX] {"sound": "civ_move_2", "volume": 0.11}
[2026-09-25 21:53:09.085] [SFX] {"sound": "civ_move_2", "volume": 0.09}
[2026-09-25 21:53:09.110] [SFX] {"sound": "civ_move_1", "volume": 0.06}
[2026-09-25 21:53:09.130] [SFX] {"sound": "civ_move_2", "volume": 0.13}
[2026-09-25 21:53:09.229] [SFX] {"sound": "civ_move_1", "volume": 0.09}
[2026-09-25 21:53:09.230] [SFX] {"sound": "civ_move_1", "volume": 0.06}
[2026-09-25 21:53:09.333] [SFX] {"sound": "civ_move_1", "volume": 0.05}
[2026-09-25 21:53:09.451] [SFX] {"sound": "civ_move_2", "volume": 0.1}
[2026-09-25 21:53:09.501] [SFX] {"sound": "civ_move_2", "volume": 0.08}
[2026-09-25 21:53:09.522] [SFX] {"sound": "civ_move_1", "volume": 0.07}
[2026-09-25 21:53:09.540] [SFX] {"sound": "civ_move_2", "volume": 0.13}
[2026-09-25 21:53:09.641] [SFX] {"sound": "civ_move_1", "volume": 0.08}
[2026-09-25 21:53:09.642] [SFX] {"sound": "civ_move_1", "volume": 0.07}
[2026-09-25 21:53:09.743] [SFX] {"sound": "civ_move_1", "volume": 0.05}
[2026-09-25 21:53:09.861] [M] {"button": 1, "pos": [496, 212], "ui_clicked": false}
[2026-09-25 21:53:09.868] [SFX] {"sound": "civ_move_2", "volume": 0.1}
[2026-09-25 21:53:09.869] [P] {"start": [18, 124], "goal": [31, 128], "length": 2, "is_direction_change": false}
[2026-09-25 21:53:09.870] [SFX] {"sound": "click_target", "volume": 0.51}
[2026-09-25 21:53:09.894] [JACK] Kurzer Blick um die Ecke...
[2026-09-25 21:53:09.913] [SFX] {"sound": "civ_move_2", "volume": 0.08}
[2026-09-25 21:53:09.929] [SFX] {"sound": "civ_move_1", "volume": 0.08}
[2026-09-25 21:53:09.947] [SFX] {"sound": "civ_move_2", "volume": 0.12}
[2026-09-25 21:53:10.010] [SFX] {"sound": "player_move", "volume": 0.4}
[2026-09-25 21:53:10.045] [SFX] {"sound": "civ_move_1", "volume": 0.06}
[2026-09-25 21:53:10.046] [SFX] {"sound": "civ_move_1", "volume": 0.09}
[2026-09-25 21:53:10.132] [JACK] JACK // PROXY SAFE - SANCTUARY ACTIVE
[2026-09-25 21:53:10.153] [SFX] {"sound": "civ_move_1", "volume": 0.08}
[2026-09-25 21:53:10.270] [SFX] {"sound": "civ_move_2", "volume": 0.09}
[2026-09-25 21:53:10.320] [SFX] {"sound": "player_move", "volume": 0.4}
[2026-09-25 21:53:10.321] [SFX] {"sound": "civ_move_2", "volume": 0.11}
[2026-09-25 21:53:10.353] [SFX] {"sound": "civ_move_2", "volume": 0.14}
[2026-09-25 21:53:10.455] [SFX] {"sound": "civ_move_1", "volume": 0.08}
[2026-09-25 21:53:10.457] [SFX] {"sound": "civ_move_1", "volume": 0.13}
[2026-09-25 21:53:10.622] [SFX] {"sound": "player_move", "volume": 0.4}
[2026-09-25 21:53:10.671] [SFX] {"sound": "civ_move_2", "volume": 0.11}
[2026-09-25 21:53:10.721] [SFX] {"sound": "civ_move_2", "volume": 0.12}
[2026-09-25 21:53:10.754] [SFX] {"sound": "civ_move_2", "volume": 0.17}
[2026-09-25 21:53:10.868] [SFX] {"sound": "civ_move_1", "volume": 0.08}
[2026-09-25 21:53:10.869] [SFX] {"sound": "civ_move_1", "volume": 0.16}
[2026-09-25 21:53:10.969] [SFX] {"sound": "civ_move_1", "volume": 0.15}
[2026-09-25 21:53:11.019] [SFX] {"sound": "civ_move_2", "volume": 0.11}
[2026-09-25 21:53:11.087] [SFX] {"sound": "civ_move_2", "volume": 0.1}
[2026-09-25 21:53:11.087] [SFX] {"sound": "civ_move_1", "volume": 0.0}
[2026-09-25 21:53:11.138] [SFX] {"sound": "civ_move_2", "volume": 0.12}
[2026-09-25 21:53:11.161] [SFX] {"sound": "civ_move_2", "volume": 0.16}
[2026-09-25 21:53:11.275] [SFX] {"sound": "civ_move_1", "volume": 0.07}
[2026-09-25 21:53:11.276] [SFX] {"sound": "civ_move_1", "volume": 0.16}
[2026-09-25 21:53:11.427] [SFX] {"sound": "civ_move_2", "volume": 0.11}
[2026-09-25 21:53:11.492] [M] {"button": 1, "pos": [488, 191], "ui_clicked": false}
[2026-09-25 21:53:11.500] [SFX] {"sound": "civ_move_2", "volume": 0.09}
[2026-09-25 21:53:11.501] [SFX] {"sound": "civ_move_1", "volume": 0.01}
[2026-09-25 21:53:11.502] [P] {"start": [31, 128], "goal": [39, 128], "length": 1, "is_direction_change": false}
[2026-09-25 21:53:11.503] [SFX] {"sound": "click_target", "volume": 0.63}
[2026-09-25 21:53:11.540] [SFX] {"sound": "civ_move_2", "volume": 0.12}
[2026-09-25 21:53:11.563] [SFX] {"sound": "civ_move_2", "volume": 0.15}
[2026-09-25 21:53:11.691] [SFX] {"sound": "civ_move_1", "volume": 0.07}
[2026-09-25 21:53:11.692] [SFX] {"sound": "civ_move_1", "volume": 0.18}
[2026-09-25 21:53:11.726] [SFX] {"sound": "player_move", "volume": 0.4}
[2026-09-25 21:53:11.829] [SFX] {"sound": "civ_move_2", "volume": 0.07}
[2026-09-25 21:53:11.850] [SFX] {"sound": "civ_move_1", "volume": 0.21}
[2026-09-25 21:53:11.895] [SFX] {"sound": "civ_move_2", "volume": 0.09}
[2026-09-25 21:53:11.896] [SFX] {"sound": "civ_move_1", "volume": 0.03}
[2026-09-25 21:53:11.946] [SFX] {"sound": "civ_move_2", "volume": 0.14}
[2026-09-25 21:53:11.947] [SFX] {"sound": "civ_move_2", "volume": 0.01}
[2026-09-25 21:53:11.969] [SFX] {"sound": "civ_move_2", "volume": 0.15}
[2026-09-25 21:53:12.101] [SFX] {"sound": "civ_move_1", "volume": 0.06}
[2026-09-25 21:53:12.102] [SFX] {"sound": "civ_move_1", "volume": 0.18}
[2026-09-25 21:53:12.251] [SFX] {"sound": "civ_move_2", "volume": 0.07}
[2026-09-25 21:53:12.251] [SFX] {"sound": "civ_move_1", "volume": 0.22}
[2026-09-25 21:53:12.302] [SFX] {"sound": "civ_move_2", "volume": 0.08}
[2026-09-25 21:53:12.302] [SFX] {"sound": "civ_move_1", "volume": 0.03}
[2026-09-25 21:53:12.353] [SFX] {"sound": "civ_move_2", "volume": 0.14}
[2026-09-25 21:53:12.353] [SFX] {"sound": "civ_move_2", "volume": 0.0}
[2026-09-25 21:53:12.375] [SFX] {"sound": "civ_move_2", "volume": 0.14}
[2026-09-25 21:53:12.504] [SFX] {"sound": "civ_move_1", "volume": 0.04}
[2026-09-25 21:53:12.505] [SFX] {"sound": "civ_move_1", "volume": 0.18}
[2026-09-25 21:53:12.538] [SFX] {"sound": "civ_move_2", "volume": 0.0}
[2026-09-25 21:53:12.654] [SFX] {"sound": "civ_move_2", "volume": 0.08}
[2026-09-25 21:53:12.654] [SFX] {"sound": "civ_move_1", "volume": 0.22}
[2026-09-25 21:53:12.706] [SFX] {"sound": "civ_move_2", "volume": 0.06}
[2026-09-25 21:53:12.706] [SFX] {"sound": "civ_move_1", "volume": 0.03}
[2026-09-25 21:53:12.758] [SFX] {"sound": "civ_move_2", "volume": 0.14}
[2026-09-25 21:53:12.779] [SFX] {"sound": "civ_move_2", "volume": 0.13}
[2026-09-25 21:53:12.780] [C] {"civ_pos": [41, 128]}
[2026-09-25 21:53:12.918] [SFX] {"sound": "civ_move_1", "volume": 0.03}
[2026-09-25 21:53:12.918] [SFX] {"sound": "civ_move_1", "volume": 0.18}
[2026-09-25 21:53:12.953] [SFX] {"sound": "civ_move_2", "volume": 0.01}
[2026-09-25 21:53:13.066] [SFX] {"sound": "civ_move_2", "volume": 0.1}
[2026-09-25 21:53:13.088] [SFX] {"sound": "civ_move_1", "volume": 0.29}
[2026-09-25 21:53:13.119] [SFX] {"sound": "civ_move_2", "volume": 0.05}
[2026-09-25 21:53:13.120] [SFX] {"sound": "civ_move_1", "volume": 0.03}
[2026-09-25 21:53:13.170] [SFX] {"sound": "civ_move_2", "volume": 0.15}
[2026-09-25 21:53:13.194] [SFX] {"sound": "civ_move_2", "volume": 0.12}
[2026-09-25 21:53:13.321] [SFX] {"sound": "civ_move_1", "volume": 0.03}
[2026-09-25 21:53:13.322] [SFX] {"sound": "civ_move_1", "volume": 0.19}
[2026-09-25 21:53:13.354] [SFX] {"sound": "civ_move_2", "volume": 0.01}
[2026-09-25 21:53:13.355] [SFX] {"sound": "civ_move_2", "volume": 0.0}
[2026-09-25 21:53:13.473] [SFX] {"sound": "civ_move_2", "volume": 0.11}
[2026-09-25 21:53:13.496] [SFX] {"sound": "civ_move_1", "volume": 0.29}
[2026-09-25 21:53:13.528] [SFX] {"sound": "civ_move_2", "volume": 0.04}
[2026-09-25 21:53:13.529] [SFX] {"sound": "civ_move_1", "volume": 0.04}
[2026-09-25 21:53:13.578] [SFX] {"sound": "civ_move_2", "volume": 0.15}
[2026-09-25 21:53:13.601] [SFX] {"sound": "civ_move_2", "volume": 0.1}
[2026-09-25 21:53:13.729] [SFX] {"sound": "civ_move_1", "volume": 0.03}
[2026-09-25 21:53:13.730] [SFX] {"sound": "civ_move_1", "volume": 0.2}
[2026-09-25 21:53:13.763] [SFX] {"sound": "civ_move_2", "volume": 0.02}
[2026-09-25 21:53:13.763] [SFX] {"sound": "civ_move_2", "volume": 0.0}
[2026-09-25 21:53:13.876] [SFX] {"sound": "civ_move_2", "volume": 0.09}
[2026-09-25 21:53:13.898] [SFX] {"sound": "civ_move_1", "volume": 0.28}
[2026-09-25 21:53:13.927] [SFX] {"sound": "civ_move_2", "volume": 0.03}
[2026-09-25 21:53:13.928] [SFX] {"sound": "civ_move_1", "volume": 0.06}
[2026-09-25 21:53:13.978] [SFX] {"sound": "civ_move_2", "volume": 0.15}
[2026-09-25 21:53:14.011] [SFX] {"sound": "civ_move_2", "volume": 0.09}
[2026-09-25 21:53:14.142] [SFX] {"sound": "civ_move_1", "volume": 0.03}
[2026-09-25 21:53:14.143] [SFX] {"sound": "civ_move_1", "volume": 0.21}
[2026-09-25 21:53:14.176] [SFX] {"sound": "civ_move_2", "volume": 0.02}
[2026-09-25 21:53:14.177] [SFX] {"sound": "civ_move_2", "volume": 0.01}
[2026-09-25 21:53:14.277] [SFX] {"sound": "civ_move_2", "volume": 0.09}
[2026-09-25 21:53:14.299] [SFX] {"sound": "civ_move_1", "volume": 0.27}
[2026-09-25 21:53:14.329] [SFX] {"sound": "civ_move_2", "volume": 0.03}
[2026-09-25 21:53:14.329] [SFX] {"sound": "civ_move_1", "volume": 0.07}
[2026-09-25 21:53:14.379] [SFX] {"sound": "civ_move_2", "volume": 0.15}
[2026-09-25 21:53:14.413] [SFX] {"sound": "civ_move_2", "volume": 0.08}
[2026-09-25 21:53:14.556] [SFX] {"sound": "civ_move_1", "volume": 0.02}
[2026-09-25 21:53:14.557] [SFX] {"sound": "civ_move_1", "volume": 0.22}
[2026-09-25 21:53:14.594] [SFX] {"sound": "civ_move_2", "volume": 0.01}
[2026-09-25 21:53:14.595] [SFX] {"sound": "civ_move_2", "volume": 0.02}
[2026-09-25 21:53:14.692] [SFX] {"sound": "civ_move_2", "volume": 0.08}
[2026-09-25 21:53:14.715] [SFX] {"sound": "civ_move_1", "volume": 0.26}
[2026-09-25 21:53:14.737] [SFX] {"sound": "civ_move_2", "volume": 0.03}
[2026-09-25 21:53:14.738] [SFX] {"sound": "civ_move_1", "volume": 0.08}
[2026-09-25 21:53:14.791] [SFX] {"sound": "civ_move_2", "volume": 0.14}
[2026-09-25 21:53:14.829] [SFX] {"sound": "civ_move_2", "volume": 0.07}
[2026-09-25 21:53:14.967] [SFX] {"sound": "civ_move_1", "volume": 0.02}
[2026-09-25 21:53:14.968] [SFX] {"sound": "civ_move_1", "volume": 0.23}
[2026-09-25 21:53:15.006] [SFX] {"sound": "civ_move_2", "volume": 0.01}
[2026-09-25 21:53:15.007] [SFX] {"sound": "civ_move_2", "volume": 0.02}
[2026-09-25 21:53:15.092] [SFX] {"sound": "civ_move_2", "volume": 0.08}
[2026-09-25 21:53:15.126] [SFX] {"sound": "civ_move_1", "volume": 0.24}
[2026-09-25 21:53:15.127] [SFX] {"sound": "civ_move_2", "volume": 0.22}
[2026-09-25 21:53:15.150] [SFX] {"sound": "civ_move_2", "volume": 0.03}
[2026-09-25 21:53:15.151] [SFX] {"sound": "civ_move_1", "volume": 0.09}
[2026-09-25 21:53:15.200] [SFX] {"sound": "civ_move_2", "volume": 0.13}
[2026-09-25 21:53:15.236] [SFX] {"sound": "civ_move_2", "volume": 0.06}
[2026-09-25 21:53:15.288] [C] {"civ_pos": [40, 128]}
[2026-09-25 21:53:15.379] [SFX] {"sound": "civ_move_1", "volume": 0.01}
[2026-09-25 21:53:15.380] [SFX] {"sound": "civ_move_1", "volume": 0.29}
[2026-09-25 21:53:15.416] [SFX] {"sound": "civ_move_2", "volume": 0.0}
[2026-09-25 21:53:15.417] [SFX] {"sound": "civ_move_2", "volume": 0.03}
[2026-09-25 21:53:15.499] [SFX] {"sound": "civ_move_2", "volume": 0.07}
[2026-09-25 21:53:15.533] [SFX] {"sound": "civ_move_1", "volume": 0.23}
[2026-09-25 21:53:15.534] [SFX] {"sound": "civ_move_2", "volume": 0.22}
[2026-09-25 21:53:15.556] [SFX] {"sound": "civ_move_2", "volume": 0.02}
[2026-09-25 21:53:15.556] [SFX] {"sound": "civ_move_1", "volume": 0.1}
[2026-09-25 21:53:15.606] [SFX] {"sound": "civ_move_2", "volume": 0.13}
[2026-09-25 21:53:15.641] [SFX] {"sound": "civ_move_2", "volume": 0.04}
[2026-09-25 21:53:15.782] [SFX] {"sound": "civ_move_1", "volume": 0.01}
[2026-09-25 21:53:15.783] [SFX] {"sound": "civ_move_1", "volume": 0.29}
[2026-09-25 21:53:15.815] [SFX] {"sound": "civ_move_2", "volume": 0.03}
[2026-09-25 21:53:15.899] [SFX] {"sound": "civ_move_2", "volume": 0.07}
[2026-09-25 21:53:15.932] [SFX] {"sound": "civ_move_1", "volume": 0.22}
[2026-09-25 21:53:15.933] [SFX] {"sound": "civ_move_2", "volume": 0.28}
[2026-09-25 21:53:15.954] [SFX] {"sound": "civ_move_2", "volume": 0.02}
[2026-09-25 21:53:15.955] [SFX] {"sound": "civ_move_1", "volume": 0.12}
[2026-09-25 21:53:15.986] [M] {"button": 1, "pos": [402, 99], "ui_clicked": false}
[2026-09-25 21:53:15.994] [P] {"start": [39, 128], "goal": [40, 122], "length": 2, "is_direction_change": false}
[2026-09-25 21:53:15.995] [SFX] {"sound": "click_target", "volume": 0.85}
[2026-09-25 21:53:16.020] [SFX] {"sound": "civ_move_2", "volume": 0.12}
[2026-09-25 21:53:16.054] [SFX] {"sound": "civ_move_2", "volume": 0.03}
[2026-09-25 21:53:16.136] [SFX] {"sound": "player_move", "volume": 0.4}
[2026-09-25 21:53:16.185] [SFX] {"sound": "civ_move_1", "volume": 0.02}
[2026-09-25 21:53:16.186] [SFX] {"sound": "civ_move_1", "volume": 0.3}
[2026-09-25 21:53:16.220] [SFX] {"sound": "civ_move_2", "volume": 0.01}
[2026-09-25 21:53:16.221] [SFX] {"sound": "civ_move_2", "volume": 0.06}
[2026-09-25 21:53:16.302] [SFX] {"sound": "civ_move_2", "volume": 0.05}
[2026-09-25 21:53:16.337] [SFX] {"sound": "civ_move_1", "volume": 0.25}
[2026-09-25 21:53:16.360] [SFX] {"sound": "civ_move_2", "volume": 0.05}
[2026-09-25 21:53:16.361] [SFX] {"sound": "civ_move_1", "volume": 0.17}
[2026-09-25 21:53:16.362] [SFX] {"sound": "civ_move_2", "volume": 0.2}
[2026-09-25 21:53:16.423] [SFX] {"sound": "civ_move_2", "volume": 0.09}
[2026-09-25 21:53:16.456] [SFX] {"sound": "civ_move_2", "volume": 0.07}
[2026-09-25 21:53:16.587] [SFX] {"sound": "civ_move_1", "volume": 0.04}
[2026-09-25 21:53:16.588] [SFX] {"sound": "civ_move_1", "volume": 0.23}
[2026-09-25 21:53:16.621] [SFX] {"sound": "civ_move_2", "volume": 0.03}
[2026-09-25 21:53:16.622] [SFX] {"sound": "civ_move_2", "volume": 0.07}
[2026-09-25 21:53:16.705] [SFX] {"sound": "civ_move_2", "volume": 0.05}
[2026-09-25 21:53:16.739] [SFX] {"sound": "civ_move_1", "volume": 0.24}
[2026-09-25 21:53:16.761] [SFX] {"sound": "civ_move_2", "volume": 0.05}
[2026-09-25 21:53:16.762] [SFX] {"sound": "civ_move_1", "volume": 0.19}
[2026-09-25 21:53:16.763] [SFX] {"sound": "civ_move_2", "volume": 0.21}
[2026-09-25 21:53:16.829] [SFX] {"sound": "civ_move_2", "volume": 0.1}
[2026-09-25 21:53:16.863] [SFX] {"sound": "civ_move_2", "volume": 0.07}
[2026-09-25 21:53:16.999] [SFX] {"sound": "civ_move_1", "volume": 0.03}
[2026-09-25 21:53:16.999] [SFX] {"sound": "civ_move_1", "volume": 0.3}
[2026-09-25 21:53:17.034] [SFX] {"sound": "civ_move_2", "volume": 0.04}
[2026-09-25 21:53:17.034] [SFX] {"sound": "civ_move_2", "volume": 0.09}
[2026-09-25 21:53:17.119] [SFX] {"sound": "civ_move_2", "volume": 0.06}
[2026-09-25 21:53:17.155] [SFX] {"sound": "civ_move_2", "volume": 0.05}
[2026-09-25 21:53:17.156] [SFX] {"sound": "civ_move_1", "volume": 0.2}
[2026-09-25 21:53:17.156] [SFX] {"sound": "civ_move_1", "volume": 0.23}
[2026-09-25 21:53:17.157] [SFX] {"sound": "civ_move_2", "volume": 0.22}
[2026-09-25 21:53:17.238] [SFX] {"sound": "civ_move_2", "volume": 0.1}
[2026-09-25 21:53:17.272] [M] {"button": 1, "pos": [341, 55], "ui_clicked": false}
[2026-09-25 21:53:17.280] [SFX] {"sound": "civ_move_2", "volume": 0.07}
[2026-09-25 21:53:17.281] [P] {"start": [40, 122], "goal": [40, 115], "length": 1, "is_direction_change": false}
[2026-09-25 21:53:17.281] [SFX] {"sound": "click_target", "volume": 0.84}
[2026-09-25 21:53:17.365] [SFX] {"sound": "player_move", "volume": 0.4}
[2026-09-25 21:53:17.400] [SFX] {"sound": "civ_move_1", "volume": 0.04}
[2026-09-25 21:53:17.400] [SFX] {"sound": "civ_move_1", "volume": 0.24}
[2026-09-25 21:53:17.433] [SFX] {"sound": "civ_move_2", "volume": 0.06}
[2026-09-25 21:53:17.434] [SFX] {"sound": "civ_move_2", "volume": 0.12}
[2026-09-25 21:53:17.532] [SFX] {"sound": "civ_move_2", "volume": 0.04}
[2026-09-25 21:53:17.567] [SFX] {"sound": "civ_move_2", "volume": 0.08}
[2026-09-25 21:53:17.568] [SFX] {"sound": "civ_move_1", "volume": 0.26}
[2026-09-25 21:53:17.568] [SFX] {"sound": "civ_move_2", "volume": 0.2}
[2026-09-25 21:53:17.648] [SFX] {"sound": "civ_move_2", "volume": 0.07}
[2026-09-25 21:53:17.682] [SFX] {"sound": "civ_move_2", "volume": 0.12}
[2026-09-25 21:53:17.812] [SFX] {"sound": "civ_move_1", "volume": 0.07}
[2026-09-25 21:53:17.813] [SFX] {"sound": "civ_move_1", "volume": 0.22}
[2026-09-25 21:53:17.845] [SFX] {"sound": "civ_move_2", "volume": 0.07}
[2026-09-25 21:53:17.846] [SFX] {"sound": "civ_move_2", "volume": 0.16}
[2026-09-25 21:53:17.911] [C] {"civ_pos": [40, 117]}
[2026-09-25 21:53:17.966] [SFX] {"sound": "civ_move_2", "volume": 0.04}
[2026-09-25 21:53:17.988] [SFX] {"sound": "civ_move_2", "volume": 0.08}
[2026-09-25 21:53:17.988] [SFX] {"sound": "civ_move_1", "volume": 0.28}
[2026-09-25 21:53:17.989] [SFX] {"sound": "civ_move_1", "volume": 0.26}
[2026-09-25 21:53:17.990] [SFX] {"sound": "civ_move_2", "volume": 0.2}
[2026-09-25 21:53:18.054] [SFX] {"sound": "civ_move_2", "volume": 0.08}
[2026-09-25 21:53:18.088] [SFX] {"sound": "civ_move_2", "volume": 0.12}
[2026-09-25 21:53:18.221] [SFX] {"sound": "civ_move_1", "volume": 0.06}
[2026-09-25 21:53:18.222] [SFX] {"sound": "civ_move_1", "volume": 0.23}
[2026-09-25 21:53:18.255] [SFX] {"sound": "civ_move_2", "volume": 0.06}
[2026-09-25 21:53:18.256] [SFX] {"sound": "civ_move_2", "volume": 0.18}
[2026-09-25 21:53:18.373] [SFX] {"sound": "civ_move_2", "volume": 0.05}
[2026-09-25 21:53:18.395] [SFX] {"sound": "civ_move_2", "volume": 0.08}
[2026-09-25 21:53:18.396] [SFX] {"sound": "civ_move_1", "volume": 0.29}
[2026-09-25 21:53:18.397] [SFX] {"sound": "civ_move_1", "volume": 0.24}
[2026-09-25 21:53:18.397] [SFX] {"sound": "civ_move_2", "volume": 0.21}
[2026-09-25 21:53:18.459] [SFX] {"sound": "civ_move_2", "volume": 0.09}
[2026-09-25 21:53:18.492] [SFX] {"sound": "civ_move_2", "volume": 0.11}
[2026-09-25 21:53:18.624] [SFX] {"sound": "civ_move_1", "volume": 0.06}
[2026-09-25 21:53:18.625] [SFX] {"sound": "civ_move_1", "volume": 0.3}
[2026-09-25 21:53:18.659] [SFX] {"sound": "civ_move_2", "volume": 0.05}
[2026-09-25 21:53:18.660] [SFX] {"sound": "civ_move_2", "volume": 0.19}
[2026-09-25 21:53:18.727] [M] {"button": 1, "pos": [341, 54], "ui_clicked": false}
[2026-09-25 21:53:18.779] [SFX] {"sound": "civ_move_2", "volume": 0.05}
[2026-09-25 21:53:18.801] [SFX] {"sound": "civ_move_2", "volume": 0.09}
[2026-09-25 21:53:18.802] [SFX] {"sound": "civ_move_1", "volume": 0.3}
[2026-09-25 21:53:18.802] [SFX] {"sound": "civ_move_1", "volume": 0.23}
[2026-09-25 21:53:18.803] [SFX] {"sound": "civ_move_2", "volume": 0.22}
[2026-09-25 21:53:18.865] [SFX] {"sound": "civ_move_2", "volume": 0.1}
[2026-09-25 21:53:18.897] [SFX] {"sound": "civ_move_2", "volume": 0.11}
[2026-09-25 21:53:19.028] [SFX] {"sound": "civ_move_1", "volume": 0.05}
[2026-09-25 21:53:19.029] [SFX] {"sound": "civ_move_1", "volume": 0.29}
[2026-09-25 21:53:19.062] [SFX] {"sound": "civ_move_2", "volume": 0.05}
[2026-09-25 21:53:19.062] [SFX] {"sound": "civ_move_2", "volume": 0.2}
[2026-09-25 21:53:19.179] [SFX] {"sound": "civ_move_2", "volume": 0.06}
[2026-09-25 21:53:19.201] [SFX] {"sound": "civ_move_2", "volume": 0.08}
[2026-09-25 21:53:19.202] [SFX] {"sound": "civ_move_1", "volume": 0.23}
[2026-09-25 21:53:19.203] [SFX] {"sound": "civ_move_1", "volume": 0.22}
[2026-09-25 21:53:19.203] [SFX] {"sound": "civ_move_2", "volume": 0.23}
[2026-09-25 21:53:19.267] [SFX] {"sound": "civ_move_2", "volume": 0.1}
[2026-09-25 21:53:19.437] [SFX] {"sound": "civ_move_1", "volume": 0.04}
[2026-09-25 21:53:19.438] [SFX] {"sound": "civ_move_1", "volume": 0.28}
[2026-09-25 21:53:19.471] [SFX] {"sound": "civ_move_2", "volume": 0.04}
[2026-09-25 21:53:19.472] [SFX] {"sound": "civ_move_2", "volume": 0.21}
[2026-09-25 21:53:19.585] [SFX] {"sound": "civ_move_2", "volume": 0.07}
[2026-09-25 21:53:19.607] [SFX] {"sound": "civ_move_1", "volume": 0.22}
[2026-09-25 21:53:19.608] [SFX] {"sound": "civ_move_1", "volume": 0.21}
[2026-09-25 21:53:19.609] [SFX] {"sound": "civ_move_2", "volume": 0.24}
[2026-09-25 21:53:19.672] [SFX] {"sound": "civ_move_2", "volume": 0.1}
[2026-09-25 21:53:19.842] [SFX] {"sound": "civ_move_1", "volume": 0.03}
[2026-09-25 21:53:19.843] [SFX] {"sound": "civ_move_1", "volume": 0.26}
[2026-09-25 21:53:19.878] [SFX] {"sound": "civ_move_2", "volume": 0.03}
[2026-09-25 21:53:19.879] [SFX] {"sound": "civ_move_2", "volume": 0.22}
[2026-09-25 21:53:19.997] [SFX] {"sound": "civ_move_2", "volume": 0.07}
[2026-09-25 21:53:20.018] [SFX] {"sound": "civ_move_2", "volume": 0.06}
[2026-09-25 21:53:20.019] [SFX] {"sound": "civ_move_1", "volume": 0.21}
[2026-09-25 21:53:20.020] [SFX] {"sound": "civ_move_1", "volume": 0.2}
[2026-09-25 21:53:20.021] [SFX] {"sound": "civ_move_2", "volume": 0.29}
[2026-09-25 21:53:20.087] [SFX] {"sound": "civ_move_2", "volume": 0.11}
[2026-09-25 21:53:20.123] [SFX] {"sound": "civ_move_2", "volume": 0.09}
[2026-09-25 21:53:20.255] [SFX] {"sound": "civ_move_1", "volume": 0.03}
[2026-09-25 21:53:20.256] [SFX] {"sound": "civ_move_1", "volume": 0.25}
[2026-09-25 21:53:20.291] [SFX] {"sound": "civ_move_2", "volume": 0.03}
[2026-09-25 21:53:20.292] [SFX] {"sound": "civ_move_2", "volume": 0.24}
[2026-09-25 21:53:20.340] [M] {"button": 1, "pos": [318, 106], "ui_clicked": false}
[2026-09-25 21:53:20.348] [JACK] JACK // ANXIETY LEVELS OFF THE CHARTS. KEEPS DISCARDED BACKUPS IN EMBEDDED RETINAL CHIPS.
[2026-09-25 21:53:20.349] [SFX] {"sound": "click_target", "volume": 0.96}
[2026-09-25 21:53:20.395] [SFX] {"sound": "player_move", "volume": 0.4}
[2026-09-25 21:53:20.421] [SFX] {"sound": "civ_move_2", "volume": 0.05}
[2026-09-25 21:53:20.422] [SFX] {"sound": "civ_move_1", "volume": 0.19}
[2026-09-25 21:53:20.422] [SFX] {"sound": "civ_move_2", "volume": 0.08}
[2026-09-25 21:53:20.423] [SFX] {"sound": "civ_move_1", "volume": 0.19}
[2026-09-25 21:53:20.424] [SFX] {"sound": "civ_move_2", "volume": 0.29}
[2026-09-25 21:53:20.424] [C] {"civ_pos": [40, 112]}
[2026-09-25 21:53:20.498] [SFX] {"sound": "civ_move_2", "volume": 0.1}
[2026-09-25 21:53:20.669] [SFX] {"sound": "civ_move_1", "volume": 0.03}
[2026-09-25 21:53:20.670] [SFX] {"sound": "civ_move_1", "volume": 0.26}
[2026-09-25 21:53:20.704] [SFX] {"sound": "player_move", "volume": 0.4}
[2026-09-25 21:53:20.706] [SFX] {"sound": "civ_move_2", "volume": 0.05}
[2026-09-25 21:53:20.706] [SFX] {"sound": "civ_move_2", "volume": 0.27}
[2026-09-25 21:53:20.822] [SFX] {"sound": "civ_move_2", "volume": 0.07}
[2026-09-25 21:53:20.823] [SFX] {"sound": "civ_move_1", "volume": 0.17}
[2026-09-25 21:53:20.824] [SFX] {"sound": "civ_move_2", "volume": 0.08}
[2026-09-25 21:53:20.825] [SFX] {"sound": "civ_move_1", "volume": 0.2}
[2026-09-25 21:53:20.825] [SFX] {"sound": "civ_move_2", "volume": 0.29}
[2026-09-25 21:53:20.939] [SFX] {"sound": "civ_move_2", "volume": 0.1}
[2026-09-25 21:53:21.005] [SFX] {"sound": "player_move", "volume": 0.4}
[2026-09-25 21:53:21.076] [SFX] {"sound": "civ_move_1", "volume": 0.03}
[2026-09-25 21:53:21.077] [SFX] {"sound": "civ_move_1", "volume": 0.26}
[2026-09-25 21:53:21.111] [SFX] {"sound": "civ_move_2", "volume": 0.06}
[2026-09-25 21:53:21.112] [SFX] {"sound": "civ_move_2", "volume": 0.3}
[2026-09-25 21:53:21.195] [SFX] {"sound": "threat_pulse", "volume": 0.31}
[2026-09-25 21:53:21.230] [SFX] {"sound": "civ_move_2", "volume": 0.08}
[2026-09-25 21:53:21.231] [SFX] {"sound": "civ_move_1", "volume": 0.15}
[2026-09-25 21:53:21.232] [SFX] {"sound": "civ_move_2", "volume": 0.08}
[2026-09-25 21:53:21.233] [SFX] {"sound": "civ_move_1", "volume": 0.2}
[2026-09-25 21:53:21.233] [SFX] {"sound": "civ_move_2", "volume": 0.29}
[2026-09-25 21:53:21.312] [SFX] {"sound": "player_move", "volume": 0.4}
[2026-09-25 21:53:21.345] [SFX] {"sound": "civ_move_2", "volume": 0.1}
[2026-09-25 21:53:21.464] [SFX] {"sound": "civ_move_2", "volume": 0.12}
[2026-09-25 21:53:21.487] [SFX] {"sound": "civ_move_1", "volume": 0.03}
[2026-09-25 21:53:21.488] [SFX] {"sound": "civ_move_1", "volume": 0.26}
[2026-09-25 21:53:21.518] [SFX] {"sound": "civ_move_2", "volume": 0.06}
[2026-09-25 21:53:21.519] [SFX] {"sound": "civ_move_2", "volume": 0.22}
[2026-09-25 21:53:21.618] [SFX] {"sound": "player_move", "volume": 0.4}
[2026-09-25 21:53:21.642] [SFX] {"sound": "civ_move_2", "volume": 0.08}
[2026-09-25 21:53:21.643] [SFX] {"sound": "civ_move_1", "volume": 0.13}
[2026-09-25 21:53:21.644] [SFX] {"sound": "civ_move_2", "volume": 0.08}
[2026-09-25 21:53:21.645] [SFX] {"sound": "civ_move_1", "volume": 0.2}
[2026-09-25 21:53:21.645] [SFX] {"sound": "civ_move_2", "volume": 0.29}
[2026-09-25 21:53:21.760] [SFX] {"sound": "civ_move_2", "volume": 0.09}
[2026-09-25 21:53:21.879] [SFX] {"sound": "civ_move_2", "volume": 0.14}
[2026-09-25 21:53:21.903] [SFX] {"sound": "civ_move_1", "volume": 0.03}
[2026-09-25 21:53:21.904] [SFX] {"sound": "civ_move_1", "volume": 0.26}
[2026-09-25 21:53:21.936] [SFX] {"sound": "player_move", "volume": 0.4}
[2026-09-25 21:53:21.937] [SFX] {"sound": "civ_move_2", "volume": 0.07}
[2026-09-25 21:53:21.938] [SFX] {"sound": "civ_move_2", "volume": 0.2}
[2026-09-25 21:53:22.039] [SFX] {"sound": "civ_move_2", "volume": 0.09}
[2026-09-25 21:53:22.039] [SFX] {"sound": "civ_move_1", "volume": 0.11}
[2026-09-25 21:53:22.040] [SFX] {"sound": "civ_move_2", "volume": 0.08}
[2026-09-25 21:53:22.041] [SFX] {"sound": "civ_move_1", "volume": 0.2}
[2026-09-25 21:53:22.041] [SFX] {"sound": "civ_move_2", "volume": 0.29}
[2026-09-25 21:53:22.107] [SFX] {"sound": "threat_pulse", "volume": 0.32}
[2026-09-25 21:53:22.242] [SFX] {"sound": "player_move", "volume": 0.4}
[2026-09-25 21:53:22.312] [SFX] {"sound": "civ_move_1", "volume": 0.02}
[2026-09-25 21:53:22.314] [SFX] {"sound": "civ_move_1", "volume": 0.26}
[2026-09-25 21:53:22.314] [SFX] {"sound": "civ_move_2", "volume": 0.16}
[2026-09-25 21:53:22.347] [SFX] {"sound": "civ_move_2", "volume": 0.08}
[2026-09-25 21:53:22.348] [SFX] {"sound": "civ_move_2", "volume": 0.18}
[2026-09-25 21:53:22.448] [SFX] {"sound": "civ_move_2", "volume": 0.1}
[2026-09-25 21:53:22.449] [SFX] {"sound": "civ_move_1", "volume": 0.09}
[2026-09-25 21:53:22.450] [SFX] {"sound": "civ_move_2", "volume": 0.07}
[2026-09-25 21:53:22.450] [SFX] {"sound": "civ_move_1", "volume": 0.2}
[2026-09-25 21:53:22.451] [SFX] {"sound": "civ_move_2", "volume": 0.29}
[2026-09-25 21:53:22.546] [SFX] {"sound": "player_move", "volume": 0.4}
[2026-09-25 21:53:22.713] [SFX] {"sound": "civ_move_1", "volume": 0.02}
[2026-09-25 21:53:22.714] [SFX] {"sound": "civ_move_1", "volume": 0.26}
[2026-09-25 21:53:22.715] [SFX] {"sound": "civ_move_2", "volume": 0.18}
[2026-09-25 21:53:22.747] [SFX] {"sound": "civ_move_2", "volume": 0.08}
[2026-09-25 21:53:22.748] [SFX] {"sound": "civ_move_2", "volume": 0.17}
[2026-09-25 21:53:22.797] [SFX] {"sound": "civ_move_2", "volume": 0.0}
[2026-09-25 21:53:22.848] [SFX] {"sound": "player_move", "volume": 0.4}
[2026-09-25 21:53:22.848] [SFX] {"sound": "civ_move_2", "volume": 0.1}
[2026-09-25 21:53:22.849] [SFX] {"sound": "civ_move_1", "volume": 0.07}
[2026-09-25 21:53:22.850] [SFX] {"sound": "civ_move_2", "volume": 0.07}
[2026-09-25 21:53:22.850] [SFX] {"sound": "civ_move_1", "volume": 0.21}
[2026-09-25 21:53:22.851] [SFX] {"sound": "civ_move_2", "volume": 0.29}
[2026-09-25 21:53:22.915] [C] {"civ_pos": [40, 102]}
[2026-09-25 21:53:23.020] [SFX] {"sound": "threat_pulse", "volume": 0.33}
[2026-09-25 21:53:23.123] [SFX] {"sound": "civ_move_1", "volume": 0.01}
[2026-09-25 21:53:23.124] [SFX] {"sound": "civ_move_1", "volume": 0.26}
[2026-09-25 21:53:23.125] [SFX] {"sound": "civ_move_2", "volume": 0.19}
[2026-09-25 21:53:23.158] [SFX] {"sound": "player_move", "volume": 0.4}
[2026-09-25 21:53:23.159] [SFX] {"sound": "civ_move_2", "volume": 0.08}
[2026-09-25 21:53:23.160] [SFX] {"sound": "civ_move_2", "volume": 0.14}
[2026-09-25 21:53:23.209] [SFX] {"sound": "civ_move_2", "volume": 0.02}
[2026-09-25 21:53:23.260] [SFX] {"sound": "civ_move_2", "volume": 0.11}
[2026-09-25 21:53:23.261] [SFX] {"sound": "civ_move_1", "volume": 0.05}
[2026-09-25 21:53:23.262] [SFX] {"sound": "civ_move_2", "volume": 0.07}
[2026-09-25 21:53:23.263] [SFX] {"sound": "civ_move_1", "volume": 0.22}
[2026-09-25 21:53:23.263] [SFX] {"sound": "civ_move_2", "volume": 0.29}
[2026-09-25 21:53:23.464] [SFX] {"sound": "player_move", "volume": 0.4}
[2026-09-25 21:53:23.531] [SFX] {"sound": "civ_move_1", "volume": 0.0}
[2026-09-25 21:53:23.532] [SFX] {"sound": "civ_move_1", "volume": 0.26}
[2026-09-25 21:53:23.532] [SFX] {"sound": "civ_move_2", "volume": 0.21}
[2026-09-25 21:53:23.565] [SFX] {"sound": "civ_move_2", "volume": 0.08}
[2026-09-25 21:53:23.566] [SFX] {"sound": "civ_move_2", "volume": 0.13}
[2026-09-25 21:53:23.615] [SFX] {"sound": "civ_move_2", "volume": 0.03}
[2026-09-25 21:53:23.667] [SFX] {"sound": "civ_move_2", "volume": 0.11}
[2026-09-25 21:53:23.667] [SFX] {"sound": "civ_move_1", "volume": 0.03}
[2026-09-25 21:53:23.668] [SFX] {"sound": "civ_move_2", "volume": 0.06}
[2026-09-25 21:53:23.669] [SFX] {"sound": "civ_move_1", "volume": 0.23}
[2026-09-25 21:53:23.669] [SFX] {"sound": "civ_move_2", "volume": 0.29}
[2026-09-25 21:53:23.767] [SFX] {"sound": "player_move", "volume": 0.4}
[2026-09-25 21:53:23.934] [SFX] {"sound": "civ_move_1", "volume": 0.26}
[2026-09-25 21:53:23.935] [SFX] {"sound": "civ_move_2", "volume": 0.23}
[2026-09-25 21:53:23.935] [SFX] {"sound": "threat_pulse", "volume": 0.34}
[2026-09-25 21:53:23.969] [SFX] {"sound": "civ_move_2", "volume": 0.08}
[2026-09-25 21:53:23.970] [SFX] {"sound": "civ_move_2", "volume": 0.11}
[2026-09-25 21:53:24.020] [SFX] {"sound": "civ_move_2", "volume": 0.05}
[2026-09-25 21:53:24.070] [SFX] {"sound": "player_move", "volume": 0.4}
[2026-09-25 21:53:24.071] [SFX] {"sound": "civ_move_2", "volume": 0.11}
[2026-09-25 21:53:24.072] [SFX] {"sound": "civ_move_1", "volume": 0.01}
[2026-09-25 21:53:24.072] [SFX] {"sound": "civ_move_2", "volume": 0.06}
[2026-09-25 21:53:24.073] [SFX] {"sound": "civ_move_1", "volume": 0.23}
[2026-09-25 21:53:24.074] [SFX] {"sound": "civ_move_2", "volume": 0.29}
[2026-09-25 21:53:24.335] [SFX] {"sound": "civ_move_1", "volume": 0.26}
[2026-09-25 21:53:24.336] [SFX] {"sound": "civ_move_2", "volume": 0.24}
[2026-09-25 21:53:24.369] [SFX] {"sound": "player_move", "volume": 0.4}
[2026-09-25 21:53:24.370] [SFX] {"sound": "civ_move_2", "volume": 0.08}
[2026-09-25 21:53:24.370] [SFX] {"sound": "civ_move_2", "volume": 0.09}
[2026-09-25 21:53:24.434] [SFX] {"sound": "civ_move_2", "volume": 0.07}
[2026-09-25 21:53:24.485] [SFX] {"sound": "civ_move_2", "volume": 0.11}
[2026-09-25 21:53:24.486] [SFX] {"sound": "civ_move_2", "volume": 0.05}
[2026-09-25 21:53:24.487] [SFX] {"sound": "civ_move_1", "volume": 0.23}
[2026-09-25 21:53:24.487] [SFX] {"sound": "civ_move_2", "volume": 0.29}
[2026-09-25 21:53:24.669] [SFX] {"sound": "player_move", "volume": 0.4}
[2026-09-25 21:53:24.737] [SFX] {"sound": "civ_move_1", "volume": 0.27}
[2026-09-25 21:53:24.738] [SFX] {"sound": "civ_move_2", "volume": 0.26}
[2026-09-25 21:53:24.772] [SFX] {"sound": "civ_move_2", "volume": 0.07}
[2026-09-25 21:53:24.845] [SFX] {"sound": "threat_pulse", "volume": 0.35}
[2026-09-25 21:53:24.896] [SFX] {"sound": "civ_move_2", "volume": 0.11}
[2026-09-25 21:53:24.897] [SFX] {"sound": "civ_move_2", "volume": 0.04}
[2026-09-25 21:53:24.898] [SFX] {"sound": "civ_move_1", "volume": 0.23}
[2026-09-25 21:53:24.899] [SFX] {"sound": "civ_move_2", "volume": 0.29}
[2026-09-25 21:53:24.979] [SFX] {"sound": "player_move", "volume": 0.4}
[2026-09-25 21:53:25.145] [SFX] {"sound": "civ_move_1", "volume": 0.27}
[2026-09-25 21:53:25.146] [SFX] {"sound": "civ_move_2", "volume": 0.28}
[2026-09-25 21:53:25.181] [SFX] {"sound": "civ_move_2", "volume": 0.07}
[2026-09-25 21:53:25.182] [SFX] {"sound": "civ_move_2", "volume": 0.05}
[2026-09-25 21:53:25.283] [SFX] {"sound": "player_move", "volume": 0.4}
[2026-09-25 21:53:25.306] [SFX] {"sound": "civ_move_2", "volume": 0.11}
[2026-09-25 21:53:25.307] [SFX] {"sound": "civ_move_2", "volume": 0.03}
[2026-09-25 21:53:25.307] [SFX] {"sound": "civ_move_1", "volume": 0.22}
[2026-09-25 21:53:25.308] [SFX] {"sound": "civ_move_2", "volume": 0.29}
[2026-09-25 21:53:25.420] [C] {"civ_pos": [40, 92]}
[2026-09-25 21:53:25.545] [SFX] {"sound": "civ_move_1", "volume": 0.27}
[2026-09-25 21:53:25.546] [SFX] {"sound": "civ_move_2", "volume": 0.29}
[2026-09-25 21:53:25.596] [SFX] {"sound": "player_move", "volume": 0.4}
[2026-09-25 21:53:25.597] [SFX] {"sound": "civ_move_2", "volume": 0.06}
[2026-09-25 21:53:25.598] [SFX] {"sound": "civ_move_2", "volume": 0.03}
[2026-09-25 21:53:25.713] [SFX] {"sound": "civ_move_2", "volume": 0.11}
[2026-09-25 21:53:25.714] [SFX] {"sound": "civ_move_2", "volume": 0.03}
[2026-09-25 21:53:25.720] [SFX] {"sound": "civ_move_1", "volume": 0.21}
[2026-09-25 21:53:25.721] [SFX] {"sound": "civ_move_2", "volume": 0.29}
[2026-09-25 21:53:25.751] [SFX] {"sound": "threat_pulse", "volume": 0.36}
[2026-09-25 21:53:25.903] [SFX] {"sound": "player_move", "volume": 0.4}
[2026-09-25 21:53:25.952] [SFX] {"sound": "civ_move_1", "volume": 0.26}
[2026-09-25 21:53:25.952] [SFX] {"sound": "civ_move_2", "volume": 0.23}
[2026-09-25 21:53:26.000] [SFX] {"sound": "civ_move_2", "volume": 0.06}
[2026-09-25 21:53:26.001] [SFX] {"sound": "civ_move_2", "volume": 0.02}
[2026-09-25 21:53:26.119] [SFX] {"sound": "civ_move_2", "volume": 0.1}
[2026-09-25 21:53:26.120] [SFX] {"sound": "civ_move_2", "volume": 0.02}
[2026-09-25 21:53:26.121] [SFX] {"sound": "civ_move_1", "volume": 0.22}
[2026-09-25 21:53:26.121] [SFX] {"sound": "civ_move_2", "volume": 0.29}
[2026-09-25 21:53:26.219] [SFX] {"sound": "player_move", "volume": 0.4}
[2026-09-25 21:53:26.371] [JACK] Hörst du das Wummern? Sentinels in der Nähe... Bloß keinen falschen Schritt machen!
[2026-09-25 21:53:26.390] [SFX] {"sound": "civ_move_1", "volume": 0.26}
[2026-09-25 21:53:26.391] [SFX] {"sound": "civ_move_2", "volume": 0.22}
[2026-09-25 21:53:26.413] [SFX] {"sound": "civ_move_2", "volume": 0.06}
[2026-09-25 21:53:26.414] [SFX] {"sound": "civ_move_2", "volume": 0.02}
[2026-09-25 21:53:26.527] [SFX] {"sound": "player_move", "volume": 0.4}
[2026-09-25 21:53:26.528] [SFX] {"sound": "civ_move_2", "volume": 0.1}
[2026-09-25 21:53:26.529] [SFX] {"sound": "civ_move_2", "volume": 0.03}
[2026-09-25 21:53:26.530] [SFX] {"sound": "civ_move_1", "volume": 0.22}
[2026-09-25 21:53:26.531] [SFX] {"sound": "civ_move_2", "volume": 0.29}
[2026-09-25 21:53:26.662] [SFX] {"sound": "threat_pulse", "volume": 0.38}
[2026-09-25 21:53:26.793] [SFX] {"sound": "civ_move_1", "volume": 0.27}
[2026-09-25 21:53:26.794] [SFX] {"sound": "civ_move_2", "volume": 0.2}
[2026-09-25 21:53:26.816] [SFX] {"sound": "civ_move_2", "volume": 0.06}
[2026-09-25 21:53:26.817] [SFX] {"sound": "civ_move_2", "volume": 0.02}
[2026-09-25 21:53:26.835] [SFX] {"sound": "player_move", "volume": 0.4}
[2026-09-25 21:53:26.933] [SFX] {"sound": "civ_move_2", "volume": 0.1}
[2026-09-25 21:53:26.933] [SFX] {"sound": "civ_move_2", "volume": 0.04}
[2026-09-25 21:53:26.934] [SFX] {"sound": "civ_move_1", "volume": 0.22}
[2026-09-25 21:53:26.935] [SFX] {"sound": "civ_move_2", "volume": 0.29}
[2026-09-25 21:53:27.134] [SFX] {"sound": "player_move", "volume": 0.4}
[2026-09-25 21:53:27.202] [SFX] {"sound": "civ_move_1", "volume": 0.27}
[2026-09-25 21:53:27.203] [SFX] {"sound": "civ_move_2", "volume": 0.19}
[2026-09-25 21:53:27.225] [SFX] {"sound": "civ_move_2", "volume": 0.06}
[2026-09-25 21:53:27.226] [SFX] {"sound": "civ_move_2", "volume": 0.02}
[2026-09-25 21:53:27.339] [SFX] {"sound": "civ_move_2", "volume": 0.1}
[2026-09-25 21:53:27.340] [SFX] {"sound": "civ_move_2", "volume": 0.05}
[2026-09-25 21:53:27.341] [SFX] {"sound": "civ_move_1", "volume": 0.22}
[2026-09-25 21:53:27.341] [SFX] {"sound": "civ_move_2", "volume": 0.29}
[2026-09-25 21:53:27.439] [SFX] {"sound": "player_move", "volume": 0.4}
[2026-09-25 21:53:27.575] [SFX] {"sound": "threat_pulse", "volume": 0.39}
[2026-09-25 21:53:27.610] [SFX] {"sound": "civ_move_1", "volume": 0.27}
[2026-09-25 21:53:27.611] [SFX] {"sound": "civ_move_2", "volume": 0.17}
[2026-09-25 21:53:27.636] [SFX] {"sound": "civ_move_2", "volume": 0.06}
[2026-09-25 21:53:27.636] [SFX] {"sound": "civ_move_2", "volume": 0.02}
[2026-09-25 21:53:27.749] [SFX] {"sound": "player_move", "volume": 0.4}
[2026-09-25 21:53:27.749] [SFX] {"sound": "civ_move_2", "volume": 0.1}
[2026-09-25 21:53:27.750] [SFX] {"sound": "civ_move_2", "volume": 0.05}
[2026-09-25 21:53:27.751] [SFX] {"sound": "civ_move_1", "volume": 0.22}
[2026-09-25 21:53:27.751] [SFX] {"sound": "civ_move_2", "volume": 0.29}
[2026-09-25 21:53:27.934] [C] {"civ_pos": [48, 90]}
[2026-09-25 21:53:27.951] [M] {"button": 1, "pos": [477, 189], "ui_clicked": false}
[2026-09-25 21:53:27.979] [SFX] {"sound": "action_cancel", "volume": 1.0}
[2026-09-25 21:53:27.980] [P] {"start": [48, 91], "goal": [59, 92], "length": 2, "is_direction_change": false}
[2026-09-25 21:53:27.980] [SFX] {"sound": "click_target", "volume": 0.58}
[2026-09-25 21:53:28.018] [SFX] {"sound": "civ_move_1", "volume": 0.27}
[2026-09-25 21:53:28.018] [SFX] {"sound": "civ_move_2", "volume": 0.16}
[2026-09-25 21:53:28.040] [SFX] {"sound": "civ_move_2", "volume": 0.06}
[2026-09-25 21:53:28.040] [SFX] {"sound": "civ_move_2", "volume": 0.02}
[2026-09-25 21:53:28.059] [SFX] {"sound": "player_move", "volume": 0.4}
[2026-09-25 21:53:28.107] [SFX] {"sound": "civ_move_2", "volume": 0.01}
[2026-09-25 21:53:28.159] [SFX] {"sound": "civ_move_2", "volume": 0.11}
[2026-09-25 21:53:28.159] [SFX] {"sound": "civ_move_2", "volume": 0.06}
[2026-09-25 21:53:28.160] [SFX] {"sound": "civ_move_1", "volume": 0.23}
[2026-09-25 21:53:28.161] [SFX] {"sound": "civ_move_2", "volume": 0.28}
[2026-09-25 21:53:28.360] [SFX] {"sound": "player_move", "volume": 0.4}
[2026-09-25 21:53:28.381] [SFX] {"sound": "threat_pulse", "volume": 0.37}
[2026-09-25 21:53:28.429] [SFX] {"sound": "civ_move_1", "volume": 0.25}
[2026-09-25 21:53:28.430] [SFX] {"sound": "civ_move_2", "volume": 0.12}
[2026-09-25 21:53:28.450] [SFX] {"sound": "civ_move_2", "volume": 0.02}
[2026-09-25 21:53:28.515] [SFX] {"sound": "civ_move_2", "volume": 0.08}
[2026-09-25 21:53:28.566] [SFX] {"sound": "civ_move_2", "volume": 0.15}
[2026-09-25 21:53:28.567] [SFX] {"sound": "civ_move_2", "volume": 0.04}
[2026-09-25 21:53:28.568] [SFX] {"sound": "civ_move_1", "volume": 0.27}
[2026-09-25 21:53:28.568] [SFX] {"sound": "civ_move_2", "volume": 0.23}
[2026-09-25 21:53:28.835] [SFX] {"sound": "civ_move_1", "volume": 0.23}
[2026-09-25 21:53:28.836] [SFX] {"sound": "civ_move_2", "volume": 0.1}
[2026-09-25 21:53:28.973] [SFX] {"sound": "civ_move_2", "volume": 0.14}
[2026-09-25 21:53:28.973] [SFX] {"sound": "civ_move_2", "volume": 0.05}
[2026-09-25 21:53:28.974] [SFX] {"sound": "civ_move_1", "volume": 0.26}
[2026-09-25 21:53:28.975] [SFX] {"sound": "civ_move_2", "volume": 0.24}
[2026-09-25 21:53:29.122] [SFX] {"sound": "civ_move_2", "volume": 0.01}
[2026-09-25 21:53:29.240] [SFX] {"sound": "civ_move_1", "volume": 0.22}
[2026-09-25 21:53:29.241] [SFX] {"sound": "civ_move_2", "volume": 0.1}
[2026-09-25 21:53:29.290] [SFX] {"sound": "threat_pulse", "volume": 0.32}
[2026-09-25 21:53:29.323] [SFX] {"sound": "civ_move_2", "volume": 0.11}
[2026-09-25 21:53:29.388] [SFX] {"sound": "civ_move_2", "volume": 0.13}
[2026-09-25 21:53:29.389] [SFX] {"sound": "civ_move_2", "volume": 0.06}
[2026-09-25 21:53:29.389] [SFX] {"sound": "civ_move_1", "volume": 0.25}
[2026-09-25 21:53:29.390] [SFX] {"sound": "civ_move_2", "volume": 0.24}
[2026-09-25 21:53:29.538] [SFX] {"sound": "civ_move_2", "volume": 0.01}
[2026-09-25 21:53:29.656] [SFX] {"sound": "civ_move_1", "volume": 0.21}
[2026-09-25 21:53:29.657] [SFX] {"sound": "civ_move_2", "volume": 0.09}
[2026-09-25 21:53:29.723] [SFX] {"sound": "civ_move_2", "volume": 0.12}
[2026-09-25 21:53:29.789] [SFX] {"sound": "civ_move_2", "volume": 0.07}
[2026-09-25 21:53:29.790] [SFX] {"sound": "civ_move_1", "volume": 0.24}
[2026-09-25 21:53:29.790] [SFX] {"sound": "civ_move_2", "volume": 0.25}
[2026-09-25 21:53:29.957] [SFX] {"sound": "civ_move_2", "volume": 0.02}
[2026-09-25 21:53:30.055] [SFX] {"sound": "civ_move_1", "volume": 0.2}
[2026-09-25 21:53:30.056] [SFX] {"sound": "civ_move_2", "volume": 0.08}
[2026-09-25 21:53:30.138] [SFX] {"sound": "civ_move_2", "volume": 0.13}
[2026-09-25 21:53:30.189] [SFX] {"sound": "civ_move_2", "volume": 0.07}
[2026-09-25 21:53:30.189] [SFX] {"sound": "civ_move_1", "volume": 0.23}
[2026-09-25 21:53:30.190] [SFX] {"sound": "civ_move_2", "volume": 0.26}
[2026-09-25 21:53:30.371] [SFX] {"sound": "civ_move_2", "volume": 0.02}
[2026-09-25 21:53:30.470] [SFX] {"sound": "civ_move_1", "volume": 0.2}
[2026-09-25 21:53:30.470] [SFX] {"sound": "civ_move_2", "volume": 0.08}
[2026-09-25 21:53:30.553] [SFX] {"sound": "civ_move_2", "volume": 0.15}
[2026-09-25 21:53:30.588] [SFX] {"sound": "civ_move_2", "volume": 0.08}
[2026-09-25 21:53:30.589] [SFX] {"sound": "civ_move_1", "volume": 0.22}
[2026-09-25 21:53:30.590] [SFX] {"sound": "civ_move_2", "volume": 0.26}
[2026-09-25 21:53:30.771] [SFX] {"sound": "civ_move_2", "volume": 0.01}
[2026-09-25 21:53:30.803] [SFX] {"sound": "civ_move_2", "volume": 0.26}
[2026-09-25 21:53:30.869] [SFX] {"sound": "civ_move_1", "volume": 0.19}
[2026-09-25 21:53:30.870] [SFX] {"sound": "civ_move_2", "volume": 0.07}
[2026-09-25 21:53:30.970] [SFX] {"sound": "civ_move_2", "volume": 0.16}
[2026-09-25 21:53:31.003] [SFX] {"sound": "civ_move_2", "volume": 0.09}
[2026-09-25 21:53:31.003] [SFX] {"sound": "civ_move_2", "volume": 0.27}
[2026-09-25 21:53:31.184] [SFX] {"sound": "civ_move_2", "volume": 0.01}
[2026-09-25 21:53:31.218] [SFX] {"sound": "civ_move_2", "volume": 0.26}
[2026-09-25 21:53:31.284] [SFX] {"sound": "civ_move_1", "volume": 0.18}
[2026-09-25 21:53:31.284] [SFX] {"sound": "civ_move_2", "volume": 0.06}
[2026-09-25 21:53:31.382] [SFX] {"sound": "civ_move_2", "volume": 0.17}
[2026-09-25 21:53:31.416] [SFX] {"sound": "civ_move_2", "volume": 0.09}
[2026-09-25 21:53:31.417] [SFX] {"sound": "civ_move_2", "volume": 0.27}
[2026-09-25 21:53:31.599] [SFX] {"sound": "civ_move_2", "volume": 0.01}
[2026-09-25 21:53:31.650] [SFX] {"sound": "civ_move_2", "volume": 0.26}
[2026-09-25 21:53:31.651] [SFX] {"sound": "civ_move_2", "volume": 0.11}
[2026-09-25 21:53:31.683] [SFX] {"sound": "civ_move_1", "volume": 0.17}
[2026-09-25 21:53:31.684] [SFX] {"sound": "civ_move_2", "volume": 0.06}
[2026-09-25 21:53:31.784] [SFX] {"sound": "civ_move_2", "volume": 0.18}
[2026-09-25 21:53:31.818] [SFX] {"sound": "civ_move_2", "volume": 0.1}
[2026-09-25 21:53:31.819] [SFX] {"sound": "civ_move_2", "volume": 0.27}
[2026-09-25 21:53:32.003] [SFX] {"sound": "civ_move_2", "volume": 0.0}
[2026-09-25 21:53:32.055] [SFX] {"sound": "civ_move_2", "volume": 0.24}
[2026-09-25 21:53:32.056] [SFX] {"sound": "civ_move_2", "volume": 0.11}
[2026-09-25 21:53:32.089] [SFX] {"sound": "civ_move_1", "volume": 0.17}
[2026-09-25 21:53:32.090] [SFX] {"sound": "civ_move_2", "volume": 0.05}
[2026-09-25 21:53:32.190] [SFX] {"sound": "civ_move_2", "volume": 0.19}
[2026-09-25 21:53:32.224] [SFX] {"sound": "civ_move_2", "volume": 0.11}
[2026-09-25 21:53:32.225] [SFX] {"sound": "civ_move_2", "volume": 0.26}
[2026-09-25 21:53:32.393] [SFX] {"sound": "civ_move_2", "volume": 0.0}
[2026-09-25 21:53:32.460] [SFX] {"sound": "civ_move_2", "volume": 0.23}
[2026-09-25 21:53:32.483] [SFX] {"sound": "civ_move_2", "volume": 0.12}
[2026-09-25 21:53:32.503] [SFX] {"sound": "civ_move_1", "volume": 0.18}
[2026-09-25 21:53:32.504] [SFX] {"sound": "civ_move_2", "volume": 0.04}
[2026-09-25 21:53:32.599] [SFX] {"sound": "civ_move_2", "volume": 0.21}
[2026-09-25 21:53:32.634] [SFX] {"sound": "civ_move_2", "volume": 0.11}
[2026-09-25 21:53:32.635] [SFX] {"sound": "civ_move_2", "volume": 0.25}
[2026-09-25 21:53:32.668] [M] {"button": 1, "pos": [483, 190], "ui_clicked": false}
[2026-09-25 21:53:32.676] [P] {"start": [59, 92], "goal": [67, 92], "length": 1, "is_direction_change": false}
[2026-09-25 21:53:32.677] [SFX] {"sound": "click_target", "volume": 0.64}
[2026-09-25 21:53:32.792] [SFX] {"sound": "civ_move_2", "volume": 0.03}
[2026-09-25 21:53:32.814] [SFX] {"sound": "player_move", "volume": 0.4}
[2026-09-25 21:53:32.861] [SFX] {"sound": "civ_move_2", "volume": 0.19}
[2026-09-25 21:53:32.884] [SFX] {"sound": "civ_move_2", "volume": 0.16}
[2026-09-25 21:53:32.902] [SFX] {"sound": "civ_move_1", "volume": 0.16}
[2026-09-25 21:53:32.903] [SFX] {"sound": "civ_move_2", "volume": 0.02}
[2026-09-25 21:53:32.999] [SFX] {"sound": "civ_move_2", "volume": 0.26}
[2026-09-25 21:53:33.051] [SFX] {"sound": "civ_move_2", "volume": 0.07}
[2026-09-25 21:53:33.051] [SFX] {"sound": "civ_move_2", "volume": 0.27}
[2026-09-25 21:53:33.198] [SFX] {"sound": "civ_move_2", "volume": 0.09}
[2026-09-25 21:53:33.265] [SFX] {"sound": "civ_move_2", "volume": 0.16}
[2026-09-25 21:53:33.266] [SFX] {"sound": "civ_move_1", "volume": 0.1}
[2026-09-25 21:53:33.287] [SFX] {"sound": "civ_move_2", "volume": 0.19}
[2026-09-25 21:53:33.305] [SFX] {"sound": "civ_move_1", "volume": 0.15}
[2026-09-25 21:53:33.402] [SFX] {"sound": "civ_move_2", "volume": 0.27}
[2026-09-25 21:53:33.452] [SFX] {"sound": "civ_move_2", "volume": 0.07}
[2026-09-25 21:53:33.452] [SFX] {"sound": "civ_move_2", "volume": 0.27}
[2026-09-25 21:53:33.602] [SFX] {"sound": "civ_move_2", "volume": 0.1}
[2026-09-25 21:53:33.668] [SFX] {"sound": "civ_move_2", "volume": 0.16}
[2026-09-25 21:53:33.669] [SFX] {"sound": "civ_move_1", "volume": 0.1}
[2026-09-25 21:53:33.690] [SFX] {"sound": "civ_move_2", "volume": 0.19}
[2026-09-25 21:53:33.708] [SFX] {"sound": "civ_move_1", "volume": 0.16}
[2026-09-25 21:53:33.801] [SFX] {"sound": "civ_move_2", "volume": 0.27}
[2026-09-25 21:53:33.855] [SFX] {"sound": "civ_move_2", "volume": 0.07}
[2026-09-25 21:53:33.856] [SFX] {"sound": "civ_move_2", "volume": 0.27}
[2026-09-25 21:53:34.005] [SFX] {"sound": "civ_move_2", "volume": 0.11}
[2026-09-25 21:53:34.073] [SFX] {"sound": "civ_move_2", "volume": 0.17}
[2026-09-25 21:53:34.095] [SFX] {"sound": "civ_move_2", "volume": 0.2}
[2026-09-25 21:53:34.096] [SFX] {"sound": "civ_move_1", "volume": 0.13}
[2026-09-25 21:53:34.115] [SFX] {"sound": "civ_move_1", "volume": 0.17}
[2026-09-25 21:53:34.213] [SFX] {"sound": "civ_move_2", "volume": 0.26}
[2026-09-25 21:53:34.267] [SFX] {"sound": "civ_move_2", "volume": 0.08}
[2026-09-25 21:53:34.268] [SFX] {"sound": "civ_move_2", "volume": 0.26}
[2026-09-25 21:53:34.417] [SFX] {"sound": "civ_move_2", "volume": 0.12}
[2026-09-25 21:53:34.485] [SFX] {"sound": "civ_move_2", "volume": 0.19}
[2026-09-25 21:53:34.507] [SFX] {"sound": "civ_move_2", "volume": 0.2}
[2026-09-25 21:53:34.508] [SFX] {"sound": "civ_move_1", "volume": 0.14}
[2026-09-25 21:53:34.527] [SFX] {"sound": "civ_move_1", "volume": 0.18}
[2026-09-25 21:53:34.618] [SFX] {"sound": "civ_move_2", "volume": 0.26}
[2026-09-25 21:53:34.668] [SFX] {"sound": "civ_move_2", "volume": 0.08}
[2026-09-25 21:53:34.669] [SFX] {"sound": "civ_move_2", "volume": 0.25}
[2026-09-25 21:53:34.819] [SFX] {"sound": "civ_move_2", "volume": 0.14}
[2026-09-25 21:53:34.853] [M] {"button": 1, "pos": [481, 187], "ui_clicked": false}
[2026-09-25 21:53:34.861] [P] {"start": [67, 92], "goal": [74, 92], "length": 1, "is_direction_change": false}
[2026-09-25 21:53:34.862] [SFX] {"sound": "click_target", "volume": 0.64}
[2026-09-25 21:53:34.901] [JACK] Vorsichtig vorantasten...
[2026-09-25 21:53:34.919] [SFX] {"sound": "player_move", "volume": 0.4}
[2026-09-25 21:53:34.919] [SFX] {"sound": "civ_move_2", "volume": 0.18}
[2026-09-25 21:53:34.920] [SFX] {"sound": "civ_move_2", "volume": 0.21}
[2026-09-25 21:53:34.921] [SFX] {"sound": "civ_move_1", "volume": 0.16}
[2026-09-25 21:53:34.942] [SFX] {"sound": "civ_move_1", "volume": 0.18}
[2026-09-25 21:53:35.022] [SFX] {"sound": "civ_move_2", "volume": 0.23}
[2026-09-25 21:53:35.073] [SFX] {"sound": "civ_move_2", "volume": 0.05}
[2026-09-25 21:53:35.074] [SFX] {"sound": "civ_move_2", "volume": 0.26}
[2026-09-25 21:53:35.226] [SFX] {"sound": "civ_move_2", "volume": 0.2}
[2026-09-25 21:53:35.325] [SFX] {"sound": "civ_move_2", "volume": 0.12}
[2026-09-25 21:53:35.326] [SFX] {"sound": "civ_move_2", "volume": 0.2}
[2026-09-25 21:53:35.327] [SFX] {"sound": "civ_move_1", "volume": 0.22}
[2026-09-25 21:53:35.349] [SFX] {"sound": "civ_move_1", "volume": 0.16}
[2026-09-25 21:53:35.393] [M] {"button": 1, "pos": [481, 187], "ui_clicked": false}
[2026-09-25 21:53:35.401] [P] {"start": [74, 92], "goal": [81, 92], "length": 1, "is_direction_change": false}
[2026-09-25 21:53:35.402] [SFX] {"sound": "click_target", "volume": 0.65}
[2026-09-25 21:53:35.453] [SFX] {"sound": "player_move", "volume": 0.4}
[2026-09-25 21:53:35.454] [SFX] {"sound": "civ_move_2", "volume": 0.18}
[2026-09-25 21:53:35.487] [SFX] {"sound": "civ_move_2", "volume": 0.04}
[2026-09-25 21:53:35.488] [SFX] {"sound": "civ_move_2", "volume": 0.27}
[2026-09-25 21:53:35.638] [SFX] {"sound": "civ_move_2", "volume": 0.24}
[2026-09-25 21:53:35.739] [SFX] {"sound": "civ_move_2", "volume": 0.06}
[2026-09-25 21:53:35.739] [SFX] {"sound": "civ_move_2", "volume": 0.16}
[2026-09-25 21:53:35.740] [SFX] {"sound": "civ_move_1", "volume": 0.28}
[2026-09-25 21:53:35.761] [SFX] {"sound": "civ_move_1", "volume": 0.13}
[2026-09-25 21:53:35.762] [C] {"civ_pos": [83, 92]}
[2026-09-25 21:53:35.861] [SFX] {"sound": "civ_move_2", "volume": 0.12}
[2026-09-25 21:53:35.895] [SFX] {"sound": "civ_move_2", "volume": 0.01}
[2026-09-25 21:53:35.896] [SFX] {"sound": "civ_move_2", "volume": 0.26}
[2026-09-25 21:53:36.059] [SFX] {"sound": "guardian_move", "volume": 0.05}
[2026-09-25 21:53:36.143] [SFX] {"sound": "civ_move_2", "volume": 0.05}
[2026-09-25 21:53:36.143] [SFX] {"sound": "civ_move_2", "volume": 0.15}
[2026-09-25 21:53:36.144] [SFX] {"sound": "civ_move_1", "volume": 0.29}
[2026-09-25 21:53:36.165] [SFX] {"sound": "civ_move_1", "volume": 0.14}
[2026-09-25 21:53:36.226] [M] {"button": 1, "pos": [481, 187], "ui_clicked": false}
[2026-09-25 21:53:36.234] [P] {"start": [81, 92], "goal": [88, 92], "length": 1, "is_direction_change": false}
[2026-09-25 21:53:36.248] [SFX] {"sound": "click_target", "volume": 0.64}
[2026-09-25 21:53:36.271] [SFX] {"sound": "player_move", "volume": 0.4}
[2026-09-25 21:53:36.289] [SFX] {"sound": "civ_move_2", "volume": 0.1}
[2026-09-25 21:53:36.307] [SFX] {"sound": "civ_move_2", "volume": 0.01}
[2026-09-25 21:53:36.308] [SFX] {"sound": "civ_move_2", "volume": 0.26}
[2026-09-25 21:53:36.556] [SFX] {"sound": "civ_move_2", "volume": 0.0}
[2026-09-25 21:53:36.556] [SFX] {"sound": "civ_move_2", "volume": 0.1}
[2026-09-25 21:53:36.557] [SFX] {"sound": "civ_move_1", "volume": 0.25}
[2026-09-25 21:53:36.577] [SFX] {"sound": "player_move", "volume": 0.4}
[2026-09-25 21:53:36.579] [SFX] {"sound": "civ_move_1", "volume": 0.1}
[2026-09-25 21:53:36.673] [SFX] {"sound": "guardian_move", "volume": 0.14}
[2026-09-25 21:53:36.697] [SFX] {"sound": "civ_move_2", "volume": 0.05}
[2026-09-25 21:53:36.715] [SFX] {"sound": "civ_move_2", "volume": 0.24}
[2026-09-25 21:53:36.959] [SFX] {"sound": "civ_move_2", "volume": 0.08}
[2026-09-25 21:53:36.960] [SFX] {"sound": "civ_move_1", "volume": 0.23}
[2026-09-25 21:53:36.981] [SFX] {"sound": "civ_move_1", "volume": 0.11}
[2026-09-25 21:53:37.091] [SFX] {"sound": "civ_move_2", "volume": 0.04}
[2026-09-25 21:53:37.125] [SFX] {"sound": "civ_move_2", "volume": 0.25}
[2026-09-25 21:53:37.274] [SFX] {"sound": "guardian_move", "volume": 0.16}
[2026-09-25 21:53:37.275] [SFX] {"sound": "civ_move_2", "volume": 0.22}
[2026-09-25 21:53:37.373] [SFX] {"sound": "civ_move_2", "volume": 0.07}
[2026-09-25 21:53:37.374] [SFX] {"sound": "civ_move_1", "volume": 0.22}
[2026-09-25 21:53:37.394] [SFX] {"sound": "civ_move_1", "volume": 0.12}
[2026-09-25 21:53:37.505] [SFX] {"sound": "civ_move_2", "volume": 0.03}
[2026-09-25 21:53:37.539] [SFX] {"sound": "civ_move_2", "volume": 0.26}
[2026-09-25 21:53:37.689] [SFX] {"sound": "civ_move_2", "volume": 0.21}
[2026-09-25 21:53:37.772] [SFX] {"sound": "civ_move_2", "volume": 0.06}
[2026-09-25 21:53:37.773] [SFX] {"sound": "civ_move_1", "volume": 0.21}
[2026-09-25 21:53:37.806] [SFX] {"sound": "civ_move_1", "volume": 0.13}
[2026-09-25 21:53:37.873] [SFX] {"sound": "guardian_move", "volume": 0.19}
[2026-09-25 21:53:37.907] [SFX] {"sound": "civ_move_2", "volume": 0.03}
[2026-09-25 21:53:37.941] [SFX] {"sound": "civ_move_2", "volume": 0.0}
[2026-09-25 21:53:37.942] [SFX] {"sound": "civ_move_2", "volume": 0.27}
[2026-09-25 21:53:38.090] [SFX] {"sound": "civ_move_2", "volume": 0.2}
[2026-09-25 21:53:38.176] [SFX] {"sound": "civ_move_2", "volume": 0.05}
[2026-09-25 21:53:38.176] [SFX] {"sound": "civ_move_1", "volume": 0.19}
[2026-09-25 21:53:38.208] [SFX] {"sound": "civ_move_1", "volume": 0.14}
[2026-09-25 21:53:38.272] [M] {"button": 1, "pos": [481, 187], "ui_clicked": false}
[2026-09-25 21:53:38.280] [P] {"start": [88, 92], "goal": [95, 92], "length": 1, "is_direction_change": false}
[2026-09-25 21:53:38.281] [SFX] {"sound": "click_target", "volume": 0.64}
[2026-09-25 21:53:38.329] [SFX] {"sound": "civ_move_2", "volume": 0.01}
[2026-09-25 21:53:38.351] [SFX] {"sound": "civ_move_2", "volume": 0.27}
[2026-09-25 21:53:38.477] [SFX] {"sound": "guardian_move", "volume": 0.25}
[2026-09-25 21:53:38.500] [SFX] {"sound": "civ_move_2", "volume": 0.16}
[2026-09-25 21:53:38.580] [SFX] {"sound": "player_move", "volume": 0.4}
[2026-09-25 21:53:38.582] [SFX] {"sound": "civ_move_1", "volume": 0.13}
[2026-09-25 21:53:38.615] [SFX] {"sound": "civ_move_1", "volume": 0.11}
[2026-09-25 21:53:38.748] [SFX] {"sound": "civ_move_2", "volume": 0.25}
[2026-09-25 21:53:38.898] [SFX] {"sound": "civ_move_2", "volume": 0.13}
[2026-09-25 21:53:38.997] [SFX] {"sound": "civ_move_1", "volume": 0.12}
[2026-09-25 21:53:39.081] [SFX] {"sound": "guardian_move", "volume": 0.3}
[2026-09-25 21:53:39.150] [SFX] {"sound": "civ_move_2", "volume": 0.25}
[2026-09-25 21:53:39.166] [M] {"button": 1, "pos": [481, 187], "ui_clicked": false}
[2026-09-25 21:53:39.173] [P] {"start": [95, 92], "goal": [102, 92], "length": 1, "is_direction_change": false}
[2026-09-25 21:53:39.174] [SFX] {"sound": "click_target", "volume": 0.64}
[2026-09-25 21:53:39.313] [SFX] {"sound": "civ_move_2", "volume": 0.09}
[2026-09-25 21:53:39.412] [SFX] {"sound": "civ_move_1", "volume": 0.07}
[2026-09-25 21:53:39.445] [SFX] {"sound": "player_move", "volume": 0.4}
[2026-09-25 21:53:39.446] [SFX] {"sound": "civ_move_1", "volume": 0.09}
[2026-09-25 21:53:39.561] [SFX] {"sound": "civ_move_2", "volume": 0.22}
[2026-09-25 21:53:39.628] [M] {"button": 1, "pos": [481, 187], "ui_clicked": false}
[2026-09-25 21:53:39.635] [P] {"start": [102, 92], "goal": [109, 92], "length": 1, "is_direction_change": false}
[2026-09-25 21:53:39.636] [SFX] {"sound": "click_target", "volume": 0.64}
[2026-09-25 21:53:39.685] [JACK] Achtung! Guardians patrouillieren den Sektor. Wir müssen extrem vorsichtig sein!
[2026-09-25 21:53:39.703] [SFX] {"sound": "guardian_move", "volume": 0.39}
[2026-09-25 21:53:39.721] [SFX] {"sound": "civ_move_2", "volume": 0.04}
[2026-09-25 21:53:39.741] [SFX] {"sound": "threat_pulse", "volume": 0.32}
[2026-09-25 21:53:39.822] [SFX] {"sound": "civ_move_1", "volume": 0.01}
[2026-09-25 21:53:39.858] [SFX] {"sound": "civ_move_1", "volume": 0.02}
[2026-09-25 21:53:39.859] [SFX] {"sound": "civ_move_1", "volume": 0.06}
[2026-09-25 21:53:39.880] [SFX] {"sound": "player_move", "volume": 0.4}
[2026-09-25 21:53:39.976] [SFX] {"sound": "civ_move_2", "volume": 0.18}
[2026-09-25 21:53:40.175] [M] {"button": 1, "pos": [481, 187], "ui_clicked": false}
[2026-09-25 21:53:40.183] [P] {"start": [109, 92], "goal": [116, 92], "length": 1, "is_direction_change": false}
[2026-09-25 21:53:40.183] [SFX] {"sound": "click_target", "volume": 0.64}
[2026-09-25 21:53:40.231] [JACK] Diese Bedrohung ist greifbar... Die Wachen dürfen unser Signal nicht isolieren.
[2026-09-25 21:53:40.261] [SFX] {"sound": "civ_move_1", "volume": 0.04}
[2026-09-25 21:53:40.262] [SFX] {"sound": "civ_move_1", "volume": 0.05}
[2026-09-25 21:53:40.314] [SFX] {"sound": "guardian_move", "volume": 0.33}
[2026-09-25 21:53:40.380] [SFX] {"sound": "player_move", "volume": 0.4}
[2026-09-25 21:53:40.381] [SFX] {"sound": "civ_move_2", "volume": 0.16}
[2026-09-25 21:53:40.663] [SFX] {"sound": "civ_move_1", "volume": 0.07}
[2026-09-25 21:53:40.664] [SFX] {"sound": "civ_move_1", "volume": 0.02}
[2026-09-25 21:53:40.781] [SFX] {"sound": "civ_move_2", "volume": 0.15}
[2026-09-25 21:53:40.930] [SFX] {"sound": "guardian_move", "volume": 0.27}
[2026-09-25 21:53:41.064] [SFX] {"sound": "civ_move_1", "volume": 0.06}
[2026-09-25 21:53:41.065] [SFX] {"sound": "civ_move_1", "volume": 0.03}
[2026-09-25 21:53:41.182] [SFX] {"sound": "civ_move_2", "volume": 0.17}
[2026-09-25 21:53:41.334] [M] {"button": 1, "pos": [503, 185], "ui_clicked": false}
[2026-09-25 21:53:41.343] [P] {"start": [116, 92], "goal": [125, 92], "length": 1, "is_direction_change": false}
[2026-09-25 21:53:41.343] [SFX] {"sound": "click_target", "volume": 0.61}
[2026-09-25 21:53:41.477] [SFX] {"sound": "civ_move_1", "volume": 0.07}
[2026-09-25 21:53:41.478] [SFX] {"sound": "civ_move_1", "volume": 0.02}
[2026-09-25 21:53:41.512] [SFX] {"sound": "player_move", "volume": 0.4}
[2026-09-25 21:53:41.546] [SFX] {"sound": "guardian_move", "volume": 0.2}
[2026-09-25 21:53:41.598] [SFX] {"sound": "civ_move_2", "volume": 0.14}
[2026-09-25 21:53:41.830] [M] {"button": 1, "pos": [503, 185], "ui_clicked": false}
[2026-09-25 21:53:41.837] [P] {"start": [125, 92], "goal": [134, 92], "length": 1, "is_direction_change": false}
[2026-09-25 21:53:41.837] [SFX] {"sound": "click_target", "volume": 0.61}
[2026-09-25 21:53:41.898] [SFX] {"sound": "player_move", "volume": 0.4}
[2026-09-25 21:53:41.899] [SFX] {"sound": "civ_move_1", "volume": 0.11}
[2026-09-25 21:53:41.998] [SFX] {"sound": "civ_move_2", "volume": 0.1}
[2026-09-25 21:53:42.149] [SFX] {"sound": "guardian_move", "volume": 0.07}
[2026-09-25 21:53:42.201] [SFX] {"sound": "player_move", "volume": 0.4}
[2026-09-25 21:53:42.302] [SFX] {"sound": "civ_move_1", "volume": 0.16}
[2026-09-25 21:53:42.303] [SFX] {"sound": "civ_move_1", "volume": 0.01}
[2026-09-25 21:53:42.402] [SFX] {"sound": "civ_move_2", "volume": 0.07}
[2026-09-25 21:53:42.703] [SFX] {"sound": "civ_move_1", "volume": 0.14}
[2026-09-25 21:53:42.704] [SFX] {"sound": "civ_move_1", "volume": 0.01}
[2026-09-25 21:53:42.754] [SFX] {"sound": "guardian_move", "volume": 0.02}
[2026-09-25 21:53:42.807] [SFX] {"sound": "civ_move_2", "volume": 0.08}
[2026-09-25 21:53:43.108] [SFX] {"sound": "civ_move_1", "volume": 0.13}
[2026-09-25 21:53:43.109] [SFX] {"sound": "civ_move_1", "volume": 0.01}
[2026-09-25 21:53:43.208] [SFX] {"sound": "civ_move_2", "volume": 0.09}
[2026-09-25 21:53:43.508] [SFX] {"sound": "civ_move_1", "volume": 0.12}
[2026-09-25 21:53:43.509] [SFX] {"sound": "civ_move_1", "volume": 0.02}
[2026-09-25 21:53:43.608] [SFX] {"sound": "civ_move_2", "volume": 0.1}
[2026-09-25 21:53:43.923] [SFX] {"sound": "civ_move_1", "volume": 0.11}
[2026-09-25 21:53:43.924] [SFX] {"sound": "civ_move_1", "volume": 0.02}
[2026-09-25 21:53:44.023] [SFX] {"sound": "civ_move_2", "volume": 0.12}
[2026-09-25 21:53:44.325] [SFX] {"sound": "civ_move_1", "volume": 0.1}
[2026-09-25 21:53:44.325] [SFX] {"sound": "civ_move_1", "volume": 0.02}
[2026-09-25 21:53:44.392] [SFX] {"sound": "civ_move_1", "volume": 0.1}
[2026-09-25 21:53:44.427] [SFX] {"sound": "civ_move_2", "volume": 0.13}
[2026-09-25 21:53:44.726] [SFX] {"sound": "civ_move_1", "volume": 0.08}
[2026-09-25 21:53:44.727] [SFX] {"sound": "civ_move_1", "volume": 0.01}
[2026-09-25 21:53:44.728] [SFX] {"sound": "civ_move_1", "volume": 0.02}
[2026-09-25 21:53:44.792] [SFX] {"sound": "civ_move_1", "volume": 0.1}
[2026-09-25 21:53:44.842] [SFX] {"sound": "civ_move_2", "volume": 0.14}
[2026-09-25 21:53:45.125] [SFX] {"sound": "civ_move_1", "volume": 0.07}
[2026-09-25 21:53:45.126] [SFX] {"sound": "civ_move_1", "volume": 0.02}
[2026-09-25 21:53:45.194] [SFX] {"sound": "civ_move_1", "volume": 0.1}
[2026-09-25 21:53:45.244] [SFX] {"sound": "civ_move_2", "volume": 0.15}
[2026-09-25 21:53:45.526] [SFX] {"sound": "civ_move_1", "volume": 0.06}
[2026-09-25 21:53:45.527] [SFX] {"sound": "civ_move_1", "volume": 0.03}
[2026-09-25 21:53:45.527] [SFX] {"sound": "civ_move_1", "volume": 0.02}
[2026-09-25 21:53:45.612] [SFX] {"sound": "civ_move_1", "volume": 0.09}
[2026-09-25 21:53:45.646] [SFX] {"sound": "civ_move_2", "volume": 0.16}
[2026-09-25 21:53:45.927] [SFX] {"sound": "civ_move_1", "volume": 0.05}
[2026-09-25 21:53:45.928] [SFX] {"sound": "civ_move_1", "volume": 0.04}
[2026-09-25 21:53:45.929] [SFX] {"sound": "civ_move_1", "volume": 0.02}
[2026-09-25 21:53:46.027] [SFX] {"sound": "civ_move_1", "volume": 0.07}
[2026-09-25 21:53:46.063] [SFX] {"sound": "civ_move_2", "volume": 0.18}
[2026-09-25 21:53:46.330] [SFX] {"sound": "civ_move_1", "volume": 0.04}
[2026-09-25 21:53:46.330] [SFX] {"sound": "civ_move_1", "volume": 0.05}
[2026-09-25 21:53:46.331] [SFX] {"sound": "civ_move_1", "volume": 0.02}
[2026-09-25 21:53:46.429] [SFX] {"sound": "civ_move_1", "volume": 0.06}
[2026-09-25 21:53:46.742] [SFX] {"sound": "civ_move_1", "volume": 0.02}
[2026-09-25 21:53:46.743] [SFX] {"sound": "civ_move_1", "volume": 0.06}
[2026-09-25 21:53:46.744] [SFX] {"sound": "civ_move_1", "volume": 0.02}
[2026-09-25 21:53:46.845] [SFX] {"sound": "civ_move_1", "volume": 0.05}
[2026-09-25 21:53:47.143] [SFX] {"sound": "civ_move_1", "volume": 0.01}
[2026-09-25 21:53:47.144] [SFX] {"sound": "civ_move_1", "volume": 0.08}
[2026-09-25 21:53:47.145] [SFX] {"sound": "civ_move_1", "volume": 0.02}
[2026-09-25 21:53:47.260] [SFX] {"sound": "civ_move_1", "volume": 0.04}
[2026-09-25 21:53:47.545] [SFX] {"sound": "civ_move_1", "volume": 0.09}
[2026-09-25 21:53:47.546] [SFX] {"sound": "civ_move_1", "volume": 0.02}
[2026-09-25 21:53:47.960] [SFX] {"sound": "civ_move_1", "volume": 0.1}
[2026-09-25 21:53:47.961] [SFX] {"sound": "civ_move_1", "volume": 0.02}
[2026-09-25 21:53:48.062] [SFX] {"sound": "civ_move_1", "volume": 0.01}
[2026-09-25 21:53:48.363] [SFX] {"sound": "civ_move_1", "volume": 0.11}
[2026-09-25 21:53:48.364] [SFX] {"sound": "civ_move_1", "volume": 0.02}
[2026-09-25 21:53:48.462] [SFX] {"sound": "civ_move_1", "volume": 0.0}
[2026-09-25 21:53:48.774] [SFX] {"sound": "civ_move_1", "volume": 0.12}
[2026-09-25 21:53:48.775] [SFX] {"sound": "civ_move_1", "volume": 0.01}
[2026-09-25 21:53:49.174] [SFX] {"sound": "civ_move_1", "volume": 0.13}
[2026-09-25 21:53:49.175] [SFX] {"sound": "civ_move_1", "volume": 0.01}
[2026-09-25 21:53:49.581] [SFX] {"sound": "civ_move_1", "volume": 0.14}
[2026-09-25 21:53:49.582] [SFX] {"sound": "civ_move_1", "volume": 0.01}
[2026-09-25 21:53:49.981] [SFX] {"sound": "civ_move_1", "volume": 0.15}
[2026-09-25 21:53:49.982] [SFX] {"sound": "civ_move_1", "volume": 0.0}
[2026-09-25 21:53:50.382] [SFX] {"sound": "civ_move_1", "volume": 0.16}
[2026-09-25 21:53:50.383] [SFX] {"sound": "civ_move_1", "volume": 0.0}
[2026-09-25 21:53:50.783] [SFX] {"sound": "civ_move_1", "volume": 0.17}
[2026-09-25 21:53:51.183] [SFX] {"sound": "civ_move_1", "volume": 0.18}
[2026-09-25 21:53:51.184] [SFX] {"sound": "civ_move_2", "volume": 0.0}
[2026-09-25 21:53:51.383] [SFX] {"sound": "civ_move_2", "volume": 0.01}
[2026-09-25 21:53:51.599] [SFX] {"sound": "civ_move_1", "volume": 0.19}
[2026-09-25 21:53:51.600] [SFX] {"sound": "civ_move_2", "volume": 0.02}
[2026-09-25 21:53:52.015] [SFX] {"sound": "civ_move_1", "volume": 0.19}
[2026-09-25 21:53:52.015] [SFX] {"sound": "civ_move_2", "volume": 0.03}
[2026-09-25 21:53:52.430] [SFX] {"sound": "civ_move_1", "volume": 0.2}
[2026-09-25 21:53:52.431] [SFX] {"sound": "civ_move_2", "volume": 0.04}
[2026-09-25 21:53:52.613] [SFX] {"sound": "civ_move_2", "volume": 0.05}
[2026-09-25 21:53:52.842] [SFX] {"sound": "civ_move_1", "volume": 0.2}
[2026-09-25 21:53:52.843] [SFX] {"sound": "civ_move_2", "volume": 0.05}
[2026-09-25 21:53:53.025] [SFX] {"sound": "civ_move_2", "volume": 0.06}
[2026-09-25 21:53:53.256] [SFX] {"sound": "civ_move_1", "volume": 0.21}
[2026-09-25 21:53:53.257] [SFX] {"sound": "civ_move_2", "volume": 0.06}
[2026-09-25 21:53:53.436] [SFX] {"sound": "civ_move_2", "volume": 0.07}
[2026-09-25 21:53:53.668] [SFX] {"sound": "civ_move_1", "volume": 0.21}
[2026-09-25 21:53:53.668] [SFX] {"sound": "civ_move_2", "volume": 0.07}
[2026-09-25 21:53:53.836] [SFX] {"sound": "civ_move_2", "volume": 0.08}
[2026-09-25 21:53:54.070] [SFX] {"sound": "civ_move_1", "volume": 0.21}
[2026-09-25 21:53:54.070] [SFX] {"sound": "civ_move_2", "volume": 0.09}
[2026-09-25 21:53:54.251] [SFX] {"sound": "civ_move_2", "volume": 0.1}
[2026-09-25 21:53:54.483] [SFX] {"sound": "civ_move_1", "volume": 0.21}
[2026-09-25 21:53:54.484] [SFX] {"sound": "civ_move_2", "volume": 0.1}
[2026-09-25 21:53:54.668] [SFX] {"sound": "civ_move_2", "volume": 0.11}
[2026-09-25 21:53:54.767] [SFX] {"sound": "civ_move_2", "volume": 0.0}
[2026-09-25 21:53:54.885] [SFX] {"sound": "civ_move_1", "volume": 0.21}
[2026-09-25 21:53:54.886] [SFX] {"sound": "civ_move_2", "volume": 0.11}
[2026-09-25 21:53:55.073] [SFX] {"sound": "civ_move_2", "volume": 0.12}
[2026-09-25 21:53:55.174] [SFX] {"sound": "civ_move_2", "volume": 0.01}
[2026-09-25 21:53:55.290] [SFX] {"sound": "civ_move_1", "volume": 0.2}
[2026-09-25 21:53:55.291] [SFX] {"sound": "civ_move_2", "volume": 0.12}
[2026-09-25 21:53:55.472] [SFX] {"sound": "civ_move_2", "volume": 0.13}
[2026-09-25 21:53:55.589] [SFX] {"sound": "civ_move_2", "volume": 0.01}
[2026-09-25 21:53:55.703] [SFX] {"sound": "civ_move_1", "volume": 0.2}
[2026-09-25 21:53:55.704] [SFX] {"sound": "civ_move_2", "volume": 0.13}
[2026-09-25 21:53:55.885] [SFX] {"sound": "civ_move_2", "volume": 0.14}
[2026-09-25 21:53:55.999] [SFX] {"sound": "civ_move_2", "volume": 0.01}
[2026-09-25 21:53:56.116] [SFX] {"sound": "civ_move_1", "volume": 0.19}
[2026-09-25 21:53:56.116] [SFX] {"sound": "civ_move_2", "volume": 0.14}
[2026-09-25 21:53:56.296] [SFX] {"sound": "civ_move_2", "volume": 0.16}
[2026-09-25 21:53:56.413] [SFX] {"sound": "civ_move_2", "volume": 0.02}
[2026-09-25 21:53:56.529] [SFX] {"sound": "civ_move_1", "volume": 0.18}
[2026-09-25 21:53:56.529] [SFX] {"sound": "civ_move_2", "volume": 0.15}
[2026-09-25 21:53:56.698] [SFX] {"sound": "civ_move_2", "volume": 0.17}
[2026-09-25 21:53:56.815] [SFX] {"sound": "civ_move_2", "volume": 0.02}
[2026-09-25 21:53:56.930] [SFX] {"sound": "civ_move_1", "volume": 0.17}
[2026-09-25 21:53:56.931] [SFX] {"sound": "civ_move_2", "volume": 0.16}
[2026-09-25 21:53:57.112] [SFX] {"sound": "civ_move_2", "volume": 0.18}
[2026-09-25 21:53:57.229] [SFX] {"sound": "civ_move_2", "volume": 0.02}
[2026-09-25 21:53:57.345] [SFX] {"sound": "civ_move_1", "volume": 0.17}
[2026-09-25 21:53:57.346] [SFX] {"sound": "civ_move_2", "volume": 0.17}
[2026-09-25 21:53:57.527] [SFX] {"sound": "civ_move_2", "volume": 0.19}
[2026-09-25 21:53:57.644] [SFX] {"sound": "civ_move_2", "volume": 0.02}
[2026-09-25 21:53:57.758] [SFX] {"sound": "civ_move_1", "volume": 0.16}
[2026-09-25 21:53:57.759] [SFX] {"sound": "civ_move_2", "volume": 0.18}
[2026-09-25 21:53:57.938] [SFX] {"sound": "civ_move_2", "volume": 0.2}
[2026-09-25 21:53:58.053] [SFX] {"sound": "civ_move_2", "volume": 0.02}
[2026-09-25 21:53:58.170] [SFX] {"sound": "civ_move_1", "volume": 0.15}
[2026-09-25 21:53:58.171] [SFX] {"sound": "civ_move_2", "volume": 0.18}
[2026-09-25 21:53:58.349] [SFX] {"sound": "civ_move_2", "volume": 0.22}
[2026-09-25 21:53:58.465] [SFX] {"sound": "civ_move_2", "volume": 0.02}
[2026-09-25 21:53:58.581] [SFX] {"sound": "civ_move_1", "volume": 0.14}
[2026-09-25 21:53:58.582] [SFX] {"sound": "civ_move_2", "volume": 0.19}
[2026-09-25 21:53:58.763] [SFX] {"sound": "civ_move_2", "volume": 0.23}
[2026-09-25 21:53:58.879] [SFX] {"sound": "civ_move_2", "volume": 0.02}
[2026-09-25 21:53:58.944] [SFX] {"sound": "civ_move_2", "volume": 0.0}
[2026-09-25 21:53:58.993] [SFX] {"sound": "civ_move_1", "volume": 0.13}
[2026-09-25 21:53:58.994] [SFX] {"sound": "civ_move_2", "volume": 0.2}
[2026-09-25 21:53:59.175] [SFX] {"sound": "civ_move_2", "volume": 0.24}
[2026-09-25 21:53:59.291] [SFX] {"sound": "civ_move_2", "volume": 0.02}
[2026-09-25 21:53:59.408] [SFX] {"sound": "civ_move_1", "volume": 0.11}
[2026-09-25 21:53:59.409] [SFX] {"sound": "civ_move_2", "volume": 0.2}
[2026-09-25 21:53:59.458] [SFX] {"sound": "civ_move_1", "volume": 0.1}
[2026-09-25 21:53:59.589] [SFX] {"sound": "civ_move_2", "volume": 0.25}
[2026-09-25 21:53:59.705] [SFX] {"sound": "civ_move_2", "volume": 0.02}
[2026-09-25 21:53:59.771] [SFX] {"sound": "civ_move_2", "volume": 0.03}
[2026-09-25 21:53:59.821] [SFX] {"sound": "civ_move_1", "volume": 0.1}
[2026-09-25 21:53:59.821] [SFX] {"sound": "civ_move_2", "volume": 0.21}
[2026-09-25 21:53:59.870] [SFX] {"sound": "civ_move_1", "volume": 0.1}
[2026-09-25 21:54:00.001] [SFX] {"sound": "civ_move_2", "volume": 0.26}
[2026-09-25 21:54:00.118] [SFX] {"sound": "civ_move_2", "volume": 0.02}
[2026-09-25 21:54:00.187] [SFX] {"sound": "civ_move_2", "volume": 0.04}
[2026-09-25 21:54:00.220] [SFX] {"sound": "civ_move_1", "volume": 0.09}
[2026-09-25 21:54:00.221] [SFX] {"sound": "civ_move_2", "volume": 0.21}
[2026-09-25 21:54:00.302] [SFX] {"sound": "civ_move_1", "volume": 0.1}
[2026-09-25 21:54:00.405] [SFX] {"sound": "civ_move_2", "volume": 0.27}
[2026-09-25 21:54:00.521] [SFX] {"sound": "civ_move_2", "volume": 0.02}
[2026-09-25 21:54:00.587] [SFX] {"sound": "civ_move_2", "volume": 0.05}
[2026-09-25 21:54:00.621] [SFX] {"sound": "civ_move_1", "volume": 0.08}
[2026-09-25 21:54:00.621] [SFX] {"sound": "civ_move_2", "volume": 0.21}
[2026-09-25 21:54:00.703] [SFX] {"sound": "civ_move_1", "volume": 0.11}
[2026-09-25 21:54:00.816] [SFX] {"sound": "civ_move_2", "volume": 0.27}
[2026-09-25 21:54:00.932] [SFX] {"sound": "civ_move_2", "volume": 0.02}
[2026-09-25 21:54:00.999] [SFX] {"sound": "civ_move_2", "volume": 0.06}
[2026-09-25 21:54:01.031] [SFX] {"sound": "civ_move_1", "volume": 0.07}
[2026-09-25 21:54:01.031] [SFX] {"sound": "civ_move_2", "volume": 0.21}
[2026-09-25 21:54:01.113] [SFX] {"sound": "civ_move_1", "volume": 0.12}
[2026-09-25 21:54:01.229] [SFX] {"sound": "civ_move_2", "volume": 0.27}
[2026-09-25 21:54:01.346] [SFX] {"sound": "civ_move_2", "volume": 0.02}
[2026-09-25 21:54:01.413] [SFX] {"sound": "civ_move_2", "volume": 0.08}
[2026-09-25 21:54:01.447] [SFX] {"sound": "civ_move_1", "volume": 0.06}
[2026-09-25 21:54:01.447] [SFX] {"sound": "civ_move_2", "volume": 0.21}
[2026-09-25 21:54:01.516] [SFX] {"sound": "civ_move_1", "volume": 0.13}
[2026-09-25 21:54:01.632] [SFX] {"sound": "civ_move_2", "volume": 0.26}
[2026-09-25 21:54:01.747] [SFX] {"sound": "civ_move_2", "volume": 0.01}
[2026-09-25 21:54:01.829] [SFX] {"sound": "civ_move_2", "volume": 0.09}
[2026-09-25 21:54:01.860] [SFX] {"sound": "civ_move_1", "volume": 0.05}
[2026-09-25 21:54:01.861] [SFX] {"sound": "civ_move_2", "volume": 0.2}
[2026-09-25 21:54:01.926] [SFX] {"sound": "civ_move_1", "volume": 0.14}
[2026-09-25 21:54:02.041] [SFX] {"sound": "civ_move_2", "volume": 0.26}
[2026-09-25 21:54:02.157] [SFX] {"sound": "civ_move_2", "volume": 0.01}
[2026-09-25 21:54:02.242] [SFX] {"sound": "civ_move_2", "volume": 0.1}
[2026-09-25 21:54:02.276] [SFX] {"sound": "civ_move_1", "volume": 0.04}
[2026-09-25 21:54:02.277] [SFX] {"sound": "civ_move_2", "volume": 0.2}
[2026-09-25 21:54:02.325] [SFX] {"sound": "civ_move_1", "volume": 0.16}
[2026-09-25 21:54:02.442] [SFX] {"sound": "civ_move_2", "volume": 0.25}
[2026-09-25 21:54:02.559] [SFX] {"sound": "civ_move_2", "volume": 0.01}
[2026-09-25 21:54:02.657] [SFX] {"sound": "civ_move_2", "volume": 0.11}
[2026-09-25 21:54:02.690] [SFX] {"sound": "civ_move_1", "volume": 0.02}
[2026-09-25 21:54:02.690] [SFX] {"sound": "civ_move_2", "volume": 0.19}
[2026-09-25 21:54:02.741] [SFX] {"sound": "civ_move_1", "volume": 0.17}
[2026-09-25 21:54:02.856] [SFX] {"sound": "civ_move_2", "volume": 0.24}
[2026-09-25 21:54:02.973] [SFX] {"sound": "civ_move_2", "volume": 0.0}
[2026-09-25 21:54:03.058] [SFX] {"sound": "civ_move_2", "volume": 0.12}
[2026-09-25 21:54:03.091] [SFX] {"sound": "civ_move_1", "volume": 0.01}
[2026-09-25 21:54:03.091] [SFX] {"sound": "civ_move_2", "volume": 0.18}
[2026-09-25 21:54:03.156] [SFX] {"sound": "civ_move_1", "volume": 0.18}
[2026-09-25 21:54:03.269] [SFX] {"sound": "civ_move_2", "volume": 0.23}
[2026-09-25 21:54:03.466] [SFX] {"sound": "civ_move_2", "volume": 0.14}
[2026-09-25 21:54:03.500] [SFX] {"sound": "civ_move_1", "volume": 0.0}
[2026-09-25 21:54:03.500] [SFX] {"sound": "civ_move_2", "volume": 0.17}
[2026-09-25 21:54:03.565] [SFX] {"sound": "civ_move_1", "volume": 0.19}
[2026-09-25 21:54:03.683] [SFX] {"sound": "civ_move_2", "volume": 0.21}
[2026-09-25 21:54:03.880] [SFX] {"sound": "civ_move_2", "volume": 0.15}
[2026-09-25 21:54:03.915] [SFX] {"sound": "civ_move_2", "volume": 0.17}
[2026-09-25 21:54:03.982] [SFX] {"sound": "civ_move_1", "volume": 0.2}
[2026-09-25 21:54:04.097] [SFX] {"sound": "civ_move_2", "volume": 0.2}
[2026-09-25 21:54:04.297] [SFX] {"sound": "civ_move_2", "volume": 0.16}
[2026-09-25 21:54:04.397] [SFX] {"sound": "civ_move_1", "volume": 0.22}
[2026-09-25 21:54:04.512] [SFX] {"sound": "civ_move_2", "volume": 0.19}
[2026-09-25 21:54:04.710] [SFX] {"sound": "civ_move_2", "volume": 0.17}
[2026-09-25 21:54:04.743] [SFX] {"sound": "civ_move_2", "volume": 0.15}
[2026-09-25 21:54:04.808] [SFX] {"sound": "civ_move_1", "volume": 0.23}
[2026-09-25 21:54:04.924] [SFX] {"sound": "civ_move_2", "volume": 0.18}
[2026-09-25 21:54:05.122] [SFX] {"sound": "civ_move_2", "volume": 0.19}
[2026-09-25 21:54:05.155] [SFX] {"sound": "civ_move_2", "volume": 0.14}
[2026-09-25 21:54:05.207] [SFX] {"sound": "civ_move_1", "volume": 0.24}
[2026-09-25 21:54:05.324] [SFX] {"sound": "civ_move_2", "volume": 0.17}
[2026-09-25 21:54:05.539] [SFX] {"sound": "civ_move_2", "volume": 0.2}
[2026-09-25 21:54:05.562] [SFX] {"sound": "civ_move_2", "volume": 0.13}
[2026-09-25 21:54:05.610] [SFX] {"sound": "civ_move_1", "volume": 0.25}
[2026-09-25 21:54:05.726] [SFX] {"sound": "civ_move_2", "volume": 0.15}
[2026-09-25 21:54:05.940] [SFX] {"sound": "civ_move_2", "volume": 0.21}
[2026-09-25 21:54:05.963] [SFX] {"sound": "civ_move_2", "volume": 0.11}
[2026-09-25 21:54:05.964] [SFX] {"sound": "civ_move_2", "volume": 0.0}
[2026-09-25 21:54:06.027] [SFX] {"sound": "civ_move_1", "volume": 0.26}
[2026-09-25 21:54:06.125] [SFX] {"sound": "civ_move_2", "volume": 0.14}
[2026-09-25 21:54:06.342] [SFX] {"sound": "civ_move_2", "volume": 0.22}
[2026-09-25 21:54:06.364] [SFX] {"sound": "civ_move_2", "volume": 0.1}
[2026-09-25 21:54:06.365] [SFX] {"sound": "civ_move_2", "volume": 0.01}
[2026-09-25 21:54:06.427] [SFX] {"sound": "civ_move_1", "volume": 0.27}
[2026-09-25 21:54:06.529] [SFX] {"sound": "civ_move_2", "volume": 0.13}
[2026-09-25 21:54:06.746] [SFX] {"sound": "civ_move_2", "volume": 0.23}
[2026-09-25 21:54:06.768] [SFX] {"sound": "civ_move_2", "volume": 0.09}
[2026-09-25 21:54:06.769] [SFX] {"sound": "civ_move_2", "volume": 0.02}
[2026-09-25 21:54:06.830] [SFX] {"sound": "civ_move_1", "volume": 0.27}
[2026-09-25 21:54:06.930] [SFX] {"sound": "civ_move_2", "volume": 0.12}
[2026-09-25 21:54:07.160] [SFX] {"sound": "civ_move_2", "volume": 0.24}
[2026-09-25 21:54:07.182] [SFX] {"sound": "civ_move_2", "volume": 0.08}
[2026-09-25 21:54:07.183] [SFX] {"sound": "civ_move_2", "volume": 0.04}
[2026-09-25 21:54:07.246] [SFX] {"sound": "civ_move_1", "volume": 0.27}
[2026-09-25 21:54:07.346] [SFX] {"sound": "civ_move_2", "volume": 0.11}
[2026-09-25 21:54:07.575] [SFX] {"sound": "civ_move_2", "volume": 0.07}
[2026-09-25 21:54:07.576] [SFX] {"sound": "civ_move_2", "volume": 0.25}
[2026-09-25 21:54:07.576] [SFX] {"sound": "civ_move_2", "volume": 0.05}
[2026-09-25 21:54:07.661] [SFX] {"sound": "civ_move_1", "volume": 0.26}
[2026-09-25 21:54:07.761] [SFX] {"sound": "civ_move_2", "volume": 0.09}
[2026-09-25 21:54:07.981] [SFX] {"sound": "civ_move_2", "volume": 0.06}
[2026-09-25 21:54:07.981] [SFX] {"sound": "civ_move_2", "volume": 0.26}
[2026-09-25 21:54:07.982] [SFX] {"sound": "civ_move_2", "volume": 0.06}
[2026-09-25 21:54:08.061] [SFX] {"sound": "civ_move_1", "volume": 0.26}
[2026-09-25 21:54:08.176] [SFX] {"sound": "civ_move_2", "volume": 0.08}
[2026-09-25 21:54:08.392] [SFX] {"sound": "civ_move_2", "volume": 0.05}
[2026-09-25 21:54:08.392] [SFX] {"sound": "civ_move_2", "volume": 0.27}
[2026-09-25 21:54:08.393] [SFX] {"sound": "civ_move_2", "volume": 0.07}
[2026-09-25 21:54:08.476] [SFX] {"sound": "civ_move_1", "volume": 0.25}
[2026-09-25 21:54:08.590] [SFX] {"sound": "civ_move_2", "volume": 0.07}
[2026-09-25 21:54:08.806] [SFX] {"sound": "civ_move_2", "volume": 0.04}
[2026-09-25 21:54:08.807] [SFX] {"sound": "civ_move_2", "volume": 0.27}
[2026-09-25 21:54:08.808] [SFX] {"sound": "civ_move_2", "volume": 0.08}
[2026-09-25 21:54:08.888] [SFX] {"sound": "civ_move_1", "volume": 0.24}
[2026-09-25 21:54:09.002] [SFX] {"sound": "civ_move_2", "volume": 0.06}
[2026-09-25 21:54:09.068] [SFX] {"sound": "civ_move_1", "volume": 0.0}
[2026-09-25 21:54:09.220] [SFX] {"sound": "civ_move_2", "volume": 0.03}
[2026-09-25 21:54:09.221] [SFX] {"sound": "civ_move_2", "volume": 0.27}
[2026-09-25 21:54:09.221] [SFX] {"sound": "civ_move_2", "volume": 0.09}
[2026-09-25 21:54:09.302] [SFX] {"sound": "civ_move_1", "volume": 0.23}
[2026-09-25 21:54:09.418] [SFX] {"sound": "civ_move_2", "volume": 0.05}
[2026-09-25 21:54:09.469] [SFX] {"sound": "civ_move_1", "volume": 0.01}
[2026-09-25 21:54:09.632] [SFX] {"sound": "civ_move_2", "volume": 0.01}
[2026-09-25 21:54:09.633] [SFX] {"sound": "civ_move_2", "volume": 0.26}
[2026-09-25 21:54:09.633] [SFX] {"sound": "civ_move_2", "volume": 0.1}
[2026-09-25 21:54:09.716] [SFX] {"sound": "civ_move_1", "volume": 0.21}
[2026-09-25 21:54:09.830] [SFX] {"sound": "civ_move_2", "volume": 0.03}
[2026-09-25 21:54:09.882] [SFX] {"sound": "civ_move_1", "volume": 0.02}
[2026-09-25 21:54:10.047] [SFX] {"sound": "civ_move_2", "volume": 0.0}
[2026-09-25 21:54:10.048] [SFX] {"sound": "civ_move_2", "volume": 0.25}
[2026-09-25 21:54:10.049] [SFX] {"sound": "civ_move_2", "volume": 0.11}
[2026-09-25 21:54:10.128] [SFX] {"sound": "civ_move_1", "volume": 0.2}
[2026-09-25 21:54:10.230] [SFX] {"sound": "civ_move_2", "volume": 0.02}
[2026-09-25 21:54:10.295] [SFX] {"sound": "civ_move_1", "volume": 0.04}
[2026-09-25 21:54:10.447] [SFX] {"sound": "civ_move_2", "volume": 0.24}
[2026-09-25 21:54:10.447] [SFX] {"sound": "civ_move_2", "volume": 0.13}
[2026-09-25 21:54:10.532] [SFX] {"sound": "civ_move_1", "volume": 0.19}
[2026-09-25 21:54:10.631] [SFX] {"sound": "civ_move_2", "volume": 0.01}
[2026-09-25 21:54:10.699] [SFX] {"sound": "civ_move_1", "volume": 0.05}
[2026-09-25 21:54:10.851] [SFX] {"sound": "civ_move_2", "volume": 0.23}
[2026-09-25 21:54:10.852] [SFX] {"sound": "civ_move_2", "volume": 0.14}
[2026-09-25 21:54:10.935] [SFX] {"sound": "civ_move_1", "volume": 0.18}
[2026-09-25 21:54:11.104] [SFX] {"sound": "civ_move_1", "volume": 0.06}
[2026-09-25 21:54:11.255] [SFX] {"sound": "civ_move_2", "volume": 0.22}
[2026-09-25 21:54:11.255] [SFX] {"sound": "civ_move_2", "volume": 0.14}
[2026-09-25 21:54:11.339] [SFX] {"sound": "civ_move_1", "volume": 0.17}
[2026-09-25 21:54:11.519] [SFX] {"sound": "civ_move_1", "volume": 0.07}
[2026-09-25 21:54:11.668] [SFX] {"sound": "civ_move_2", "volume": 0.21}
[2026-09-25 21:54:11.669] [SFX] {"sound": "civ_move_2", "volume": 0.16}
[2026-09-25 21:54:11.751] [SFX] {"sound": "civ_move_1", "volume": 0.16}
[2026-09-25 21:54:11.932] [SFX] {"sound": "civ_move_1", "volume": 0.08}
[2026-09-25 21:54:12.068] [SFX] {"sound": "civ_move_2", "volume": 0.2}
[2026-09-25 21:54:12.069] [SFX] {"sound": "civ_move_2", "volume": 0.16}
[2026-09-25 21:54:12.152] [SFX] {"sound": "civ_move_1", "volume": 0.14}
[2026-09-25 21:54:12.335] [SFX] {"sound": "civ_move_1", "volume": 0.09}
[2026-09-25 21:54:12.485] [SFX] {"sound": "civ_move_2", "volume": 0.19}
[2026-09-25 21:54:12.486] [SFX] {"sound": "civ_move_2", "volume": 0.17}
[2026-09-25 21:54:12.551] [SFX] {"sound": "civ_move_1", "volume": 0.13}
[2026-09-25 21:54:12.735] [SFX] {"sound": "civ_move_1", "volume": 0.1}
[2026-09-25 21:54:12.901] [SFX] {"sound": "civ_move_2", "volume": 0.17}
[2026-09-25 21:54:12.901] [SFX] {"sound": "civ_move_2", "volume": 0.18}
[2026-09-25 21:54:12.967] [SFX] {"sound": "civ_move_1", "volume": 0.12}
[2026-09-25 21:54:13.149] [SFX] {"sound": "civ_move_1", "volume": 0.11}
[2026-09-25 21:54:13.313] [SFX] {"sound": "civ_move_2", "volume": 0.16}
[2026-09-25 21:54:13.315] [SFX] {"sound": "civ_move_2", "volume": 0.19}
[2026-09-25 21:54:13.383] [SFX] {"sound": "civ_move_1", "volume": 0.11}
[2026-09-25 21:54:13.551] [SFX] {"sound": "civ_move_1", "volume": 0.12}
[2026-09-25 21:54:13.715] [SFX] {"sound": "civ_move_2", "volume": 0.15}
[2026-09-25 21:54:13.716] [SFX] {"sound": "civ_move_2", "volume": 0.2}
[2026-09-25 21:54:13.797] [SFX] {"sound": "civ_move_1", "volume": 0.09}
[2026-09-25 21:54:13.967] [SFX] {"sound": "civ_move_1", "volume": 0.13}
[2026-09-25 21:54:14.116] [SFX] {"sound": "civ_move_2", "volume": 0.14}
[2026-09-25 21:54:14.116] [SFX] {"sound": "civ_move_2", "volume": 0.2}
[2026-09-25 21:54:14.201] [SFX] {"sound": "civ_move_1", "volume": 0.08}
[2026-09-25 21:54:14.367] [SFX] {"sound": "civ_move_1", "volume": 0.14}
[2026-09-25 21:54:14.517] [SFX] {"sound": "civ_move_2", "volume": 0.13}
[2026-09-25 21:54:14.518] [SFX] {"sound": "civ_move_2", "volume": 0.21}
[2026-09-25 21:54:14.615] [SFX] {"sound": "civ_move_1", "volume": 0.07}
[2026-09-25 21:54:14.767] [SFX] {"sound": "civ_move_1", "volume": 0.15}
[2026-09-25 21:54:14.917] [SFX] {"sound": "civ_move_2", "volume": 0.11}
[2026-09-25 21:54:14.918] [SFX] {"sound": "civ_move_2", "volume": 0.21}
[2026-09-25 21:54:15.018] [SFX] {"sound": "civ_move_1", "volume": 0.06}
[2026-09-25 21:54:15.117] [SFX] {"sound": "civ_move_1", "volume": 0.0}
[2026-09-25 21:54:15.167] [SFX] {"sound": "civ_move_1", "volume": 0.16}
[2026-09-25 21:54:15.318] [SFX] {"sound": "civ_move_2", "volume": 0.1}
[2026-09-25 21:54:15.319] [SFX] {"sound": "civ_move_2", "volume": 0.21}
[2026-09-25 21:54:15.433] [SFX] {"sound": "civ_move_1", "volume": 0.05}
[2026-09-25 21:54:15.531] [SFX] {"sound": "civ_move_1", "volume": 0.02}
[2026-09-25 21:54:15.581] [SFX] {"sound": "civ_move_1", "volume": 0.17}
[2026-09-25 21:54:15.604] [SFX] {"sound": "civ_move_2", "volume": 0.19}
[2026-09-25 21:54:15.732] [SFX] {"sound": "civ_move_2", "volume": 0.09}
[2026-09-25 21:54:15.733] [SFX] {"sound": "civ_move_2", "volume": 0.21}
[2026-09-25 21:54:15.833] [SFX] {"sound": "civ_move_1", "volume": 0.03}
[2026-09-25 21:54:15.981] [SFX] {"sound": "civ_move_1", "volume": 0.18}
[2026-09-25 21:54:16.005] [SFX] {"sound": "civ_move_2", "volume": 0.19}
[2026-09-25 21:54:16.136] [SFX] {"sound": "civ_move_2", "volume": 0.08}
[2026-09-25 21:54:16.137] [SFX] {"sound": "civ_move_2", "volume": 0.21}
[2026-09-25 21:54:16.239] [SFX] {"sound": "civ_move_1", "volume": 0.02}
[2026-09-25 21:54:16.339] [SFX] {"sound": "civ_move_1", "volume": 0.04}
[2026-09-25 21:54:16.389] [SFX] {"sound": "civ_move_1", "volume": 0.19}
[2026-09-25 21:54:16.412] [SFX] {"sound": "civ_move_2", "volume": 0.18}
[2026-09-25 21:54:16.542] [SFX] {"sound": "civ_move_2", "volume": 0.07}
[2026-09-25 21:54:16.542] [SFX] {"sound": "civ_move_2", "volume": 0.2}
[2026-09-25 21:54:16.640] [SFX] {"sound": "civ_move_1", "volume": 0.01}
[2026-09-25 21:54:16.739] [SFX] {"sound": "civ_move_1", "volume": 0.05}
[2026-09-25 21:54:16.805] [SFX] {"sound": "civ_move_1", "volume": 0.2}
[2026-09-25 21:54:16.828] [SFX] {"sound": "civ_move_2", "volume": 0.17}
[2026-09-25 21:54:16.845] [SFX] {"sound": "civ_move_1", "volume": 0.0}
[2026-09-25 21:54:16.956] [SFX] {"sound": "civ_move_2", "volume": 0.05}
[2026-09-25 21:54:16.957] [SFX] {"sound": "civ_move_2", "volume": 0.2}
[2026-09-25 21:54:17.139] [SFX] {"sound": "civ_move_1", "volume": 0.06}
[2026-09-25 21:54:17.207] [SFX] {"sound": "civ_move_1", "volume": 0.2}
[2026-09-25 21:54:17.228] [SFX] {"sound": "civ_move_2", "volume": 0.16}
[2026-09-25 21:54:17.246] [SFX] {"sound": "civ_move_1", "volume": 0.01}
[2026-09-25 21:54:17.356] [SFX] {"sound": "civ_move_2", "volume": 0.04}
[2026-09-25 21:54:17.356] [SFX] {"sound": "civ_move_2", "volume": 0.19}
[2026-09-25 21:54:17.555] [SFX] {"sound": "civ_move_1", "volume": 0.08}
[2026-09-25 21:54:17.607] [SFX] {"sound": "civ_move_1", "volume": 0.21}
[2026-09-25 21:54:17.629] [SFX] {"sound": "civ_move_2", "volume": 0.15}
[2026-09-25 21:54:17.646] [SFX] {"sound": "civ_move_1", "volume": 0.02}
[2026-09-25 21:54:17.756] [SFX] {"sound": "civ_move_2", "volume": 0.03}
[2026-09-25 21:54:17.756] [SFX] {"sound": "civ_move_2", "volume": 0.19}
[2026-09-25 21:54:17.968] [SFX] {"sound": "civ_move_1", "volume": 0.09}
[2026-09-25 21:54:18.020] [SFX] {"sound": "civ_move_1", "volume": 0.21}
[2026-09-25 21:54:18.041] [SFX] {"sound": "civ_move_2", "volume": 0.14}
[2026-09-25 21:54:18.061] [SFX] {"sound": "civ_move_1", "volume": 0.03}
[2026-09-25 21:54:18.170] [SFX] {"sound": "civ_move_2", "volume": 0.02}
[2026-09-25 21:54:18.171] [SFX] {"sound": "civ_move_2", "volume": 0.18}
[2026-09-25 21:54:18.371] [SFX] {"sound": "civ_move_1", "volume": 0.1}
[2026-09-25 21:54:18.422] [SFX] {"sound": "civ_move_1", "volume": 0.21}
[2026-09-25 21:54:18.444] [SFX] {"sound": "civ_move_2", "volume": 0.13}
[2026-09-25 21:54:18.461] [SFX] {"sound": "civ_move_1", "volume": 0.05}
[2026-09-25 21:54:18.572] [SFX] {"sound": "civ_move_2", "volume": 0.01}
[2026-09-25 21:54:18.572] [SFX] {"sound": "civ_move_2", "volume": 0.17}
[2026-09-25 21:54:18.788] [SFX] {"sound": "civ_move_1", "volume": 0.11}
[2026-09-25 21:54:18.837] [SFX] {"sound": "civ_move_1", "volume": 0.21}
[2026-09-25 21:54:18.859] [SFX] {"sound": "civ_move_2", "volume": 0.11}
[2026-09-25 21:54:18.876] [SFX] {"sound": "civ_move_1", "volume": 0.06}
[2026-09-25 21:54:18.955] [SFX] {"sound": "civ_move_2", "volume": 0.01}
[2026-09-25 21:54:18.978] [SFX] {"sound": "civ_move_2", "volume": 0.16}
[2026-09-25 21:54:19.188] [SFX] {"sound": "civ_move_1", "volume": 0.12}
[2026-09-25 21:54:19.238] [SFX] {"sound": "civ_move_1", "volume": 0.21}
[2026-09-25 21:54:19.259] [SFX] {"sound": "civ_move_2", "volume": 0.1}
[2026-09-25 21:54:19.277] [SFX] {"sound": "civ_move_1", "volume": 0.07}
[2026-09-25 21:54:19.356] [SFX] {"sound": "civ_move_2", "volume": 0.02}
[2026-09-25 21:54:19.377] [SFX] {"sound": "civ_move_2", "volume": 0.15}
[2026-09-25 21:54:19.603] [SFX] {"sound": "civ_move_1", "volume": 0.14}
[2026-09-25 21:54:19.637] [SFX] {"sound": "civ_move_1", "volume": 0.2}
[2026-09-25 21:54:19.661] [SFX] {"sound": "civ_move_2", "volume": 0.09}
[2026-09-25 21:54:19.678] [SFX] {"sound": "civ_move_1", "volume": 0.08}
[2026-09-25 21:54:19.756] [SFX] {"sound": "civ_move_2", "volume": 0.03}
[2026-09-25 21:54:19.779] [SFX] {"sound": "civ_move_2", "volume": 0.14}
[2026-09-25 21:54:20.005] [SFX] {"sound": "civ_move_1", "volume": 0.15}
[2026-09-25 21:54:20.039] [SFX] {"sound": "civ_move_1", "volume": 0.2}
[2026-09-25 21:54:20.062] [SFX] {"sound": "civ_move_2", "volume": 0.08}
[2026-09-25 21:54:20.079] [SFX] {"sound": "civ_move_1", "volume": 0.09}
[2026-09-25 21:54:20.159] [SFX] {"sound": "civ_move_2", "volume": 0.05}
[2026-09-25 21:54:20.183] [SFX] {"sound": "civ_move_2", "volume": 0.13}
[2026-09-25 21:54:20.409] [SFX] {"sound": "civ_move_1", "volume": 0.16}
[2026-09-25 21:54:20.442] [SFX] {"sound": "civ_move_1", "volume": 0.19}
[2026-09-25 21:54:20.464] [SFX] {"sound": "civ_move_2", "volume": 0.07}
[2026-09-25 21:54:20.482] [SFX] {"sound": "civ_move_1", "volume": 0.1}
[2026-09-25 21:54:20.561] [SFX] {"sound": "civ_move_2", "volume": 0.06}
[2026-09-25 21:54:20.583] [SFX] {"sound": "civ_move_2", "volume": 0.12}
[2026-09-25 21:54:20.813] [SFX] {"sound": "civ_move_1", "volume": 0.17}
[2026-09-25 21:54:20.849] [SFX] {"sound": "civ_move_1", "volume": 0.19}
[2026-09-25 21:54:20.872] [SFX] {"sound": "civ_move_2", "volume": 0.06}
[2026-09-25 21:54:20.893] [SFX] {"sound": "civ_move_1", "volume": 0.11}
[2026-09-25 21:54:20.976] [SFX] {"sound": "civ_move_2", "volume": 0.07}
[2026-09-25 21:54:20.998] [SFX] {"sound": "civ_move_2", "volume": 0.11}
[2026-09-25 21:54:21.256] [SFX] {"sound": "civ_move_1", "volume": 0.18}
[2026-09-25 21:54:21.278] [SFX] {"sound": "civ_move_2", "volume": 0.04}
[2026-09-25 21:54:21.296] [SFX] {"sound": "civ_move_1", "volume": 0.12}
[2026-09-25 21:54:21.397] [SFX] {"sound": "civ_move_2", "volume": 0.08}
[2026-09-25 21:54:21.416] [SFX] {"sound": "civ_move_2", "volume": 0.1}
[2026-09-25 21:54:21.658] [SFX] {"sound": "civ_move_1", "volume": 0.17}
[2026-09-25 21:54:21.681] [SFX] {"sound": "civ_move_2", "volume": 0.03}
[2026-09-25 21:54:21.699] [SFX] {"sound": "civ_move_1", "volume": 0.13}
[2026-09-25 21:54:21.797] [SFX] {"sound": "civ_move_2", "volume": 0.1}
[2026-09-25 21:54:21.820] [SFX] {"sound": "civ_move_2", "volume": 0.09}
[2026-09-25 21:54:22.062] [SFX] {"sound": "civ_move_1", "volume": 0.16}
[2026-09-25 21:54:22.085] [SFX] {"sound": "civ_move_2", "volume": 0.02}
[2026-09-25 21:54:22.104] [SFX] {"sound": "civ_move_1", "volume": 0.14}
[2026-09-25 21:54:22.201] [SFX] {"sound": "civ_move_2", "volume": 0.11}
[2026-09-25 21:54:22.224] [SFX] {"sound": "civ_move_2", "volume": 0.08}
[2026-09-25 21:54:22.468] [SFX] {"sound": "civ_move_1", "volume": 0.15}
[2026-09-25 21:54:22.490] [SFX] {"sound": "civ_move_2", "volume": 0.01}
[2026-09-25 21:54:22.507] [SFX] {"sound": "civ_move_1", "volume": 0.15}
[2026-09-25 21:54:22.602] [SFX] {"sound": "civ_move_2", "volume": 0.12}
[2026-09-25 21:54:22.626] [SFX] {"sound": "civ_move_2", "volume": 0.07}
[2026-09-25 21:54:22.874] [SFX] {"sound": "civ_move_1", "volume": 0.14}
[2026-09-25 21:54:22.906] [SFX] {"sound": "civ_move_1", "volume": 0.16}
[2026-09-25 21:54:23.005] [SFX] {"sound": "civ_move_2", "volume": 0.13}
[2026-09-25 21:54:23.027] [SFX] {"sound": "civ_move_2", "volume": 0.06}
[2026-09-25 21:54:23.286] [SFX] {"sound": "civ_move_1", "volume": 0.13}
[2026-09-25 21:54:23.322] [SFX] {"sound": "civ_move_1", "volume": 0.17}
[2026-09-25 21:54:23.420] [SFX] {"sound": "civ_move_2", "volume": 0.14}
[2026-09-25 21:54:23.442] [SFX] {"sound": "civ_move_2", "volume": 0.04}
[2026-09-25 21:54:23.701] [SFX] {"sound": "civ_move_1", "volume": 0.12}
[2026-09-25 21:54:23.735] [SFX] {"sound": "civ_move_1", "volume": 0.18}
[2026-09-25 21:54:23.836] [SFX] {"sound": "civ_move_2", "volume": 0.03}
[2026-09-25 21:54:23.837] [SFX] {"sound": "civ_move_2", "volume": 0.16}
[2026-09-25 21:54:24.106] [SFX] {"sound": "civ_move_1", "volume": 0.11}
[2026-09-25 21:54:24.139] [SFX] {"sound": "civ_move_1", "volume": 0.19}
[2026-09-25 21:54:24.240] [SFX] {"sound": "civ_move_2", "volume": 0.02}
[2026-09-25 21:54:24.241] [SFX] {"sound": "civ_move_2", "volume": 0.17}
[2026-09-25 21:54:24.506] [SFX] {"sound": "civ_move_1", "volume": 0.1}
[2026-09-25 21:54:24.540] [SFX] {"sound": "civ_move_1", "volume": 0.19}
[2026-09-25 21:54:24.641] [SFX] {"sound": "civ_move_2", "volume": 0.01}
[2026-09-25 21:54:24.642] [SFX] {"sound": "civ_move_2", "volume": 0.18}
[2026-09-25 21:54:24.912] [SFX] {"sound": "civ_move_1", "volume": 0.09}
[2026-09-25 21:54:24.946] [SFX] {"sound": "civ_move_1", "volume": 0.2}
[2026-09-25 21:54:25.044] [SFX] {"sound": "civ_move_2", "volume": 0.19}
[2026-09-25 21:54:25.324] [SFX] {"sound": "civ_move_1", "volume": 0.08}
[2026-09-25 21:54:25.357] [SFX] {"sound": "civ_move_1", "volume": 0.2}
[2026-09-25 21:54:25.456] [SFX] {"sound": "civ_move_2", "volume": 0.2}
[2026-09-25 21:54:25.737] [SFX] {"sound": "civ_move_1", "volume": 0.07}
[2026-09-25 21:54:25.774] [SFX] {"sound": "civ_move_1", "volume": 0.21}
[2026-09-25 21:54:25.872] [SFX] {"sound": "civ_move_2", "volume": 0.21}
[2026-09-25 21:54:26.137] [SFX] {"sound": "civ_move_1", "volume": 0.06}
[2026-09-25 21:54:26.186] [SFX] {"sound": "civ_move_1", "volume": 0.21}
[2026-09-25 21:54:26.284] [SFX] {"sound": "civ_move_2", "volume": 0.23}
[2026-09-25 21:54:26.550] [SFX] {"sound": "civ_move_1", "volume": 0.04}
[2026-09-25 21:54:26.600] [SFX] {"sound": "civ_move_1", "volume": 0.21}
[2026-09-25 21:54:26.700] [SFX] {"sound": "civ_move_2", "volume": 0.24}
[2026-09-25 21:54:26.966] [SFX] {"sound": "civ_move_1", "volume": 0.03}
[2026-09-25 21:54:27.015] [SFX] {"sound": "civ_move_1", "volume": 0.21}
[2026-09-25 21:54:27.117] [SFX] {"sound": "civ_move_2", "volume": 0.25}
[2026-09-25 21:54:27.380] [SFX] {"sound": "civ_move_1", "volume": 0.02}
[2026-09-25 21:54:27.430] [SFX] {"sound": "civ_move_1", "volume": 0.2}
[2026-09-25 21:54:27.528] [SFX] {"sound": "civ_move_2", "volume": 0.26}
[2026-09-25 21:54:27.792] [SFX] {"sound": "civ_move_1", "volume": 0.01}
[2026-09-25 21:54:27.841] [SFX] {"sound": "civ_move_1", "volume": 0.2}
[2026-09-25 21:54:27.941] [SFX] {"sound": "civ_move_2", "volume": 0.27}
[2026-09-25 21:54:28.241] [SFX] {"sound": "civ_move_1", "volume": 0.19}
[2026-09-25 21:54:28.357] [SFX] {"sound": "civ_move_2", "volume": 0.27}
[2026-09-25 21:54:28.656] [SFX] {"sound": "civ_move_1", "volume": 0.19}
[2026-09-25 21:54:28.770] [SFX] {"sound": "civ_move_2", "volume": 0.27}
[2026-09-25 21:54:29.070] [SFX] {"sound": "civ_move_1", "volume": 0.18}
[2026-09-25 21:54:29.187] [SFX] {"sound": "civ_move_2", "volume": 0.26}
[2026-09-25 21:54:29.470] [SFX] {"sound": "civ_move_1", "volume": 0.17}
[2026-09-25 21:54:29.603] [SFX] {"sound": "civ_move_2", "volume": 0.26}
[2026-09-25 21:54:29.885] [SFX] {"sound": "civ_move_1", "volume": 0.16}
[2026-09-25 21:54:30.003] [SFX] {"sound": "civ_move_2", "volume": 0.25}
[2026-09-25 21:54:30.287] [SFX] {"sound": "civ_move_1", "volume": 0.15}
[2026-09-25 21:54:30.418] [SFX] {"sound": "civ_move_2", "volume": 0.24}
[2026-09-25 21:54:30.699] [SFX] {"sound": "civ_move_1", "volume": 0.14}
[2026-09-25 21:54:30.831] [SFX] {"sound": "civ_move_2", "volume": 0.23}
[2026-09-25 21:54:31.113] [SFX] {"sound": "civ_move_1", "volume": 0.13}
[2026-09-25 21:54:31.246] [SFX] {"sound": "civ_move_2", "volume": 0.21}
[2026-09-25 21:54:31.512] [SFX] {"sound": "civ_move_1", "volume": 0.12}
[2026-09-25 21:54:31.647] [SFX] {"sound": "civ_move_2", "volume": 0.2}
[2026-09-25 21:54:31.927] [SFX] {"sound": "civ_move_1", "volume": 0.11}
[2026-09-25 21:54:32.063] [SFX] {"sound": "civ_move_2", "volume": 0.19}
[2026-09-25 21:54:32.330] [SFX] {"sound": "civ_move_1", "volume": 0.1}
[2026-09-25 21:54:32.479] [SFX] {"sound": "civ_move_2", "volume": 0.18}
[2026-09-25 21:54:32.740] [SFX] {"sound": "civ_move_1", "volume": 0.09}
[2026-09-25 21:54:32.890] [SFX] {"sound": "civ_move_2", "volume": 0.17}
[2026-09-25 21:54:33.156] [SFX] {"sound": "civ_move_1", "volume": 0.08}
[2026-09-25 21:54:33.305] [SFX] {"sound": "civ_move_2", "volume": 0.15}
[2026-09-25 21:54:33.569] [SFX] {"sound": "civ_move_1", "volume": 0.07}
[2026-09-25 21:54:33.718] [SFX] {"sound": "civ_move_2", "volume": 0.14}
[2026-09-25 21:54:33.982] [SFX] {"sound": "civ_move_1", "volume": 0.06}
[2026-09-25 21:54:34.129] [SFX] {"sound": "civ_move_2", "volume": 0.13}
[2026-09-25 21:54:34.393] [SFX] {"sound": "civ_move_1", "volume": 0.04}
[2026-09-25 21:54:34.525] [SFX] {"sound": "guardian_move", "volume": 0.01}
[2026-09-25 21:54:34.548] [SFX] {"sound": "civ_move_2", "volume": 0.12}
[2026-09-25 21:54:34.657] [SFX] {"sound": "civ_move_2", "volume": 0.0}
[2026-09-25 21:54:34.804] [SFX] {"sound": "civ_move_1", "volume": 0.03}
[2026-09-25 21:54:34.954] [SFX] {"sound": "civ_move_2", "volume": 0.11}
[2026-09-25 21:54:35.072] [SFX] {"sound": "civ_move_2", "volume": 0.01}
[2026-09-25 21:54:35.137] [SFX] {"sound": "guardian_move", "volume": 0.03}
[2026-09-25 21:54:35.204] [SFX] {"sound": "civ_move_1", "volume": 0.02}
[2026-09-25 21:54:35.355] [SFX] {"sound": "civ_move_2", "volume": 0.09}
[2026-09-25 21:54:35.474] [SFX] {"sound": "civ_move_2", "volume": 0.02}
[2026-09-25 21:54:35.605] [SFX] {"sound": "civ_move_1", "volume": 0.01}
[2026-09-25 21:54:35.738] [SFX] {"sound": "guardian_move", "volume": 0.06}
[2026-09-25 21:54:35.769] [SFX] {"sound": "civ_move_2", "volume": 0.08}
[2026-09-25 21:54:35.884] [SFX] {"sound": "civ_move_2", "volume": 0.04}
[2026-09-25 21:54:36.182] [SFX] {"sound": "civ_move_2", "volume": 0.07}
[2026-09-25 21:54:36.299] [SFX] {"sound": "civ_move_2", "volume": 0.05}
[2026-09-25 21:54:36.350] [SFX] {"sound": "guardian_move", "volume": 0.08}
[2026-09-25 21:54:36.583] [SFX] {"sound": "civ_move_2", "volume": 0.06}
[2026-09-25 21:54:36.967] [SFX] {"sound": "guardian_move", "volume": 0.11}
[2026-09-25 21:54:36.989] [SFX] {"sound": "civ_move_2", "volume": 0.05}
[2026-09-25 21:54:37.118] [SFX] {"sound": "civ_move_2", "volume": 0.07}
[2026-09-25 21:54:37.384] [SFX] {"sound": "civ_move_2", "volume": 0.03}
[2026-09-25 21:54:37.522] [SFX] {"sound": "civ_move_2", "volume": 0.09}
[2026-09-25 21:54:37.571] [SFX] {"sound": "guardian_move", "volume": 0.13}
[2026-09-25 21:54:37.788] [SFX] {"sound": "civ_move_2", "volume": 0.02}
[2026-09-25 21:54:37.936] [SFX] {"sound": "civ_move_2", "volume": 0.1}
[2026-09-25 21:54:38.181] [SFX] {"sound": "guardian_move", "volume": 0.16}
[2026-09-25 21:54:38.204] [SFX] {"sound": "civ_move_2", "volume": 0.01}
[2026-09-25 21:54:38.349] [SFX] {"sound": "civ_move_2", "volume": 0.11}
[2026-09-25 21:54:38.765] [SFX] {"sound": "civ_move_2", "volume": 0.12}
[2026-09-25 21:54:38.787] [SFX] {"sound": "guardian_move", "volume": 0.18}
[2026-09-25 21:54:39.172] [SFX] {"sound": "civ_move_2", "volume": 0.13}
[2026-09-25 21:54:39.385] [SFX] {"sound": "guardian_move", "volume": 0.2}
[2026-09-25 21:54:39.571] [SFX] {"sound": "civ_move_2", "volume": 0.15}
[2026-09-25 21:54:39.983] [SFX] {"sound": "civ_move_2", "volume": 0.16}
[2026-09-25 21:54:40.005] [SFX] {"sound": "guardian_move", "volume": 0.23}
[2026-09-25 21:54:40.384] [SFX] {"sound": "civ_move_2", "volume": 0.17}
[2026-09-25 21:54:40.601] [SFX] {"sound": "guardian_move", "volume": 0.25}
[2026-09-25 21:54:40.783] [SFX] {"sound": "civ_move_2", "volume": 0.18}
[2026-09-25 21:54:41.186] [SFX] {"sound": "civ_move_2", "volume": 0.19}
[2026-09-25 21:54:41.209] [SFX] {"sound": "guardian_move", "volume": 0.28}
[2026-09-25 21:54:41.588] [SFX] {"sound": "civ_move_2", "volume": 0.21}
[2026-09-25 21:54:41.803] [SFX] {"sound": "guardian_move", "volume": 0.3}
[2026-09-25 21:54:42.002] [SFX] {"sound": "civ_move_2", "volume": 0.22}
[2026-09-25 21:54:42.416] [SFX] {"sound": "guardian_move", "volume": 0.33}
[2026-09-25 21:54:42.417] [SFX] {"sound": "civ_move_2", "volume": 0.23}
[2026-09-25 21:54:42.809] [JACK] Überall Wacheinheiten... Ihr bedrohliches Summen brennt sich ins Deck.
[2026-09-25 21:54:42.829] [SFX] {"sound": "civ_move_2", "volume": 0.24}
[2026-09-25 21:54:43.023] [SFX] {"sound": "guardian_move", "volume": 0.35}
[2026-09-25 21:54:43.125] [SFX] {"sound": "threat_pulse", "volume": 0.3}
[2026-09-25 21:54:43.224] [SFX] {"sound": "civ_move_2", "volume": 0.25}
[2026-09-25 21:54:43.636] [SFX] {"sound": "guardian_move", "volume": 0.37}
[2026-09-25 21:54:43.637] [SFX] {"sound": "civ_move_2", "volume": 0.26}
[2026-09-25 21:54:44.035] [SFX] {"sound": "threat_pulse", "volume": 0.35}
[2026-09-25 21:54:44.058] [SFX] {"sound": "civ_move_2", "volume": 0.27}
[2026-09-25 21:54:44.251] [SFX] {"sound": "guardian_move", "volume": 0.4}
[2026-09-25 21:54:44.451] [SFX] {"sound": "civ_move_2", "volume": 0.27}
[2026-09-25 21:54:44.917] [SFX] {"sound": "guardian_move", "volume": 0.4}
[2026-09-25 21:54:44.952] [SFX] {"sound": "threat_pulse", "volume": 0.43}
[2026-09-25 21:54:45.217] [M] {"button": 1, "pos": [176, 187], "ui_clicked": false}
[2026-09-25 21:54:45.225] [P] {"start": [134, 92], "goal": [119, 92], "length": 1, "is_direction_change": false}
[2026-09-25 21:54:45.225] [SFX] {"sound": "click_target", "volume": 0.51}
[2026-09-25 21:54:45.284] [JACK] Verdammt, die Sentinels kreisen um uns... Ich habe echte Angst, ertappt zu werden!
[2026-09-25 21:54:45.302] [SFX] {"sound": "civ_move_2", "volume": 0.26}
[2026-09-25 21:54:45.461] [SFX] {"sound": "player_move", "volume": 0.4}
[2026-09-25 21:54:45.529] [SFX] {"sound": "guardian_move", "volume": 0.34}
[2026-09-25 21:54:45.662] [SFX] {"sound": "threat_pulse", "volume": 0.44}
[2026-09-25 21:54:45.712] [SFX] {"sound": "civ_move_2", "volume": 0.19}
[2026-09-25 21:54:45.761] [SFX] {"sound": "player_move", "volume": 0.4}
[2026-09-25 21:54:45.991] [SFX] {"sound": "civ_move_1", "volume": 0.06}
[2026-09-25 21:54:46.124] [SFX] {"sound": "civ_move_2", "volume": 0.14}
[2026-09-25 21:54:46.146] [SFX] {"sound": "guardian_move", "volume": 0.28}
[2026-09-25 21:54:46.374] [SFX] {"sound": "threat_pulse", "volume": 0.41}
[2026-09-25 21:54:46.408] [SFX] {"sound": "civ_move_1", "volume": 0.07}
[2026-09-25 21:54:46.524] [SFX] {"sound": "civ_move_2", "volume": 0.13}
[2026-09-25 21:54:46.758] [SFX] {"sound": "guardian_move", "volume": 0.3}
[2026-09-25 21:54:46.808] [SFX] {"sound": "civ_move_1", "volume": 0.09}
[2026-09-25 21:54:46.926] [SFX] {"sound": "civ_move_2", "volume": 0.12}
[2026-09-25 21:54:47.176] [SFX] {"sound": "threat_pulse", "volume": 0.37}
[2026-09-25 21:54:47.211] [M] {"button": 1, "pos": [65, 184], "ui_clicked": false}
[2026-09-25 21:54:47.218] [SFX] {"sound": "civ_move_1", "volume": 0.1}
[2026-09-25 21:54:47.219] [P] {"start": [119, 92], "goal": [104, 92], "length": 1, "is_direction_change": false}
[2026-09-25 21:54:47.220] [SFX] {"sound": "click_target", "volume": 0.5}
[2026-09-25 21:54:47.266] [JACK] Achtung! Guardians patrouillieren den Sektor. Wir müssen extrem vorsichtig sein!
[2026-09-25 21:54:47.329] [SFX] {"sound": "player_move", "volume": 0.4}
[2026-09-25 21:54:47.330] [SFX] {"sound": "civ_move_2", "volume": 0.09}
[2026-09-25 21:54:47.363] [SFX] {"sound": "guardian_move", "volume": 0.3}
[2026-09-25 21:54:47.610] [SFX] {"sound": "civ_move_1", "volume": 0.17}
[2026-09-25 21:54:47.643] [SFX] {"sound": "player_move", "volume": 0.4}
[2026-09-25 21:54:47.740] [SFX] {"sound": "civ_move_2", "volume": 0.01}
[2026-09-25 21:54:47.957] [SFX] {"sound": "player_move", "volume": 0.4}
[2026-09-25 21:54:47.978] [SFX] {"sound": "guardian_move", "volume": 0.2}
[2026-09-25 21:54:48.010] [SFX] {"sound": "civ_move_1", "volume": 0.23}
[2026-09-25 21:54:48.011] [SFX] {"sound": "civ_move_1", "volume": 0.02}
[2026-09-25 21:54:48.078] [SFX] {"sound": "threat_pulse", "volume": 0.32}
[2026-09-25 21:54:48.423] [SFX] {"sound": "civ_move_1", "volume": 0.24}
[2026-09-25 21:54:48.424] [SFX] {"sound": "civ_move_1", "volume": 0.01}
[2026-09-25 21:54:48.574] [SFX] {"sound": "guardian_move", "volume": 0.23}
[2026-09-25 21:54:48.825] [SFX] {"sound": "civ_move_1", "volume": 0.25}
[2026-09-25 21:54:49.025] [SFX] {"sound": "civ_move_1", "volume": 0.0}
[2026-09-25 21:54:49.175] [SFX] {"sound": "guardian_move", "volume": 0.25}
[2026-09-25 21:54:49.227] [SFX] {"sound": "civ_move_1", "volume": 0.26}
[2026-09-25 21:54:49.441] [SFX] {"sound": "civ_move_1", "volume": 0.01}
[2026-09-25 21:54:49.509] [SFX] {"sound": "civ_move_1", "volume": 0.02}
[2026-09-25 21:54:49.643] [SFX] {"sound": "civ_move_1", "volume": 0.27}
[2026-09-25 21:54:49.780] [SFX] {"sound": "guardian_move", "volume": 0.28}
[2026-09-25 21:54:49.846] [SFX] {"sound": "civ_move_1", "volume": 0.03}
[2026-09-25 21:54:50.045] [SFX] {"sound": "civ_move_1", "volume": 0.27}
[2026-09-25 21:54:50.260] [SFX] {"sound": "civ_move_1", "volume": 0.04}
[2026-09-25 21:54:50.394] [SFX] {"sound": "guardian_move", "volume": 0.3}
[2026-09-25 21:54:50.447] [SFX] {"sound": "civ_move_1", "volume": 0.27}
[2026-09-25 21:54:50.994] [SFX] {"sound": "guardian_move", "volume": 0.33}
[2026-09-25 21:54:51.061] [M] {"button": 1, "pos": [490, 181], "ui_clicked": false}
[2026-09-25 21:54:51.069] [SFX] {"sound": "click_target", "volume": 0.48}
[2026-09-25 21:54:51.183] [SFX] {"sound": "civ_move_2", "volume": 0.03}
[2026-09-25 21:54:51.366] [SFX] {"sound": "player_move", "volume": 0.4}
[2026-09-25 21:54:51.389] [SFX] {"sound": "civ_move_2", "volume": 0.04}
[2026-09-25 21:54:51.585] [SFX] {"sound": "civ_move_2", "volume": 0.1}
[2026-09-25 21:54:51.607] [SFX] {"sound": "guardian_move", "volume": 0.24}
[2026-09-25 21:54:51.668] [SFX] {"sound": "player_move", "volume": 0.4}
[2026-09-25 21:54:51.669] [SFX] {"sound": "civ_move_1", "volume": 0.0}
[2026-09-25 21:54:51.783] [SFX] {"sound": "civ_move_2", "volume": 0.09}
[2026-09-25 21:54:51.904] [SFX] {"sound": "civ_move_1", "volume": 0.03}
[2026-09-25 21:54:51.970] [SFX] {"sound": "player_move", "volume": 0.4}
[2026-09-25 21:54:51.993] [SFX] {"sound": "civ_move_2", "volume": 0.16}
[2026-09-25 21:54:52.073] [SFX] {"sound": "civ_move_2", "volume": 0.0}
[2026-09-25 21:54:52.074] [SFX] {"sound": "civ_move_1", "volume": 0.05}
[2026-09-25 21:54:52.216] [SFX] {"sound": "guardian_move", "volume": 0.14}
[2026-09-25 21:54:52.217] [SFX] {"sound": "civ_move_2", "volume": 0.17}
[2026-09-25 21:54:52.231] [M] {"button": 1, "pos": [592, 179], "ui_clicked": false}
[2026-09-25 21:54:52.238] [SFX] {"sound": "action_cancel", "volume": 1.0}
[2026-09-25 21:54:52.286] [SFX] {"sound": "player_move", "volume": 0.4}
[2026-09-25 21:54:52.319] [SFX] {"sound": "civ_move_1", "volume": 0.11}
[2026-09-25 21:54:52.402] [SFX] {"sound": "civ_move_2", "volume": 0.2}
[2026-09-25 21:54:52.485] [SFX] {"sound": "civ_move_2", "volume": 0.05}
[2026-09-25 21:54:52.486] [SFX] {"sound": "civ_move_1", "volume": 0.1}
[2026-09-25 21:54:52.587] [SFX] {"sound": "player_move", "volume": 0.4}
[2026-09-25 21:54:52.622] [SFX] {"sound": "civ_move_2", "volume": 0.21}
[2026-09-25 21:54:52.709] [SFX] {"sound": "civ_move_2", "volume": 0.04}
[2026-09-25 21:54:52.731] [SFX] {"sound": "civ_move_1", "volume": 0.18}
[2026-09-25 21:54:52.815] [SFX] {"sound": "civ_move_2", "volume": 0.2}
[2026-09-25 21:54:52.838] [SFX] {"sound": "guardian_move", "volume": 0.04}
[2026-09-25 21:54:52.901] [SFX] {"sound": "player_move", "volume": 0.4}
[2026-09-25 21:54:52.902] [SFX] {"sound": "civ_move_2", "volume": 0.1}
[2026-09-25 21:54:52.902] [SFX] {"sound": "civ_move_1", "volume": 0.16}
[2026-09-25 21:54:52.903] [SFX] {"sound": "civ_move_2", "volume": 0.0}
[2026-09-25 21:54:52.968] [SFX] {"sound": "civ_move_1", "volume": 0.0}
[2026-09-25 21:54:53.033] [SFX] {"sound": "civ_move_2", "volume": 0.26}
[2026-09-25 21:54:53.118] [SFX] {"sound": "civ_move_2", "volume": 0.09}
[2026-09-25 21:54:53.119] [SFX] {"sound": "civ_move_2", "volume": 0.01}
[2026-09-25 21:54:53.142] [SFX] {"sound": "civ_move_1", "volume": 0.25}
[2026-09-25 21:54:53.190] [C] {"civ_pos": [59, 92]}
[2026-09-25 21:54:53.225] [SFX] {"sound": "player_move", "volume": 0.4}
[2026-09-25 21:54:53.226] [SFX] {"sound": "civ_move_2", "volume": 0.01}
[2026-09-25 21:54:53.245] [SFX] {"sound": "civ_move_2", "volume": 0.15}
[2026-09-25 21:54:53.294] [M] {"button": 1, "pos": [515, 184], "ui_clicked": false}
[2026-09-25 21:54:53.301] [P] {"start": [59, 92], "goal": [76, 92], "length": 1, "is_direction_change": true}
[2026-09-25 21:54:53.302] [SFX] {"sound": "click_target", "volume": 0.45}
[2026-09-25 21:54:53.327] [JACK] Hey! Erst links, dann rechts... Entscheide dich mal!
[2026-09-25 21:54:53.328] [SFX] {"sound": "civ_move_2", "volume": 0.12}
[2026-09-25 21:54:53.329] [SFX] {"sound": "civ_move_1", "volume": 0.21}
[2026-09-25 21:54:53.329] [SFX] {"sound": "civ_move_2", "volume": 0.01}
[2026-09-25 21:54:53.377] [SFX] {"sound": "civ_move_1", "volume": 0.03}
[2026-09-25 21:54:53.445] [SFX] {"sound": "guardian_move", "volume": 0.0}
[2026-09-25 21:54:53.447] [SFX] {"sound": "civ_move_2", "volume": 0.27}
[2026-09-25 21:54:53.512] [SFX] {"sound": "player_move", "volume": 0.4}
[2026-09-25 21:54:53.535] [SFX] {"sound": "civ_move_2", "volume": 0.09}
[2026-09-25 21:54:53.536] [SFX] {"sound": "civ_move_2", "volume": 0.01}
[2026-09-25 21:54:53.554] [SFX] {"sound": "civ_move_1", "volume": 0.25}
[2026-09-25 21:54:53.649] [SFX] {"sound": "civ_move_2", "volume": 0.18}
[2026-09-25 21:54:53.715] [SFX] {"sound": "civ_move_2", "volume": 0.07}
[2026-09-25 21:54:53.716] [SFX] {"sound": "civ_move_1", "volume": 0.17}
[2026-09-25 21:54:53.782] [SFX] {"sound": "civ_move_1", "volume": 0.0}
[2026-09-25 21:54:53.816] [SFX] {"sound": "player_move", "volume": 0.4}
[2026-09-25 21:54:53.851] [SFX] {"sound": "civ_move_2", "volume": 0.2}
[2026-09-25 21:54:53.936] [SFX] {"sound": "civ_move_2", "volume": 0.04}
[2026-09-25 21:54:53.957] [SFX] {"sound": "civ_move_1", "volume": 0.2}
[2026-09-25 21:54:54.053] [SFX] {"sound": "guardian_move", "volume": 0.15}
[2026-09-25 21:54:54.054] [SFX] {"sound": "civ_move_2", "volume": 0.2}
[2026-09-25 21:54:54.125] [SFX] {"sound": "player_move", "volume": 0.4}
[2026-09-25 21:54:54.136] [SFX] {"sound": "civ_move_2", "volume": 0.02}
[2026-09-25 21:54:54.137] [SFX] {"sound": "civ_move_1", "volume": 0.12}
[2026-09-25 21:54:54.264] [SFX] {"sound": "civ_move_2", "volume": 0.14}
[2026-09-25 21:54:54.313] [M] {"button": 1, "pos": [515, 183], "ui_clicked": false}
[2026-09-25 21:54:54.322] [P] {"start": [76, 92], "goal": [86, 92], "length": 1, "is_direction_change": false}
[2026-09-25 21:54:54.322] [SFX] {"sound": "click_target", "volume": 0.59}
[2026-09-25 21:54:54.380] [SFX] {"sound": "civ_move_1", "volume": 0.18}
[2026-09-25 21:54:54.381] [SFX] {"sound": "civ_move_2", "volume": 0.01}
[2026-09-25 21:54:54.465] [SFX] {"sound": "civ_move_2", "volume": 0.21}
[2026-09-25 21:54:54.534] [SFX] {"sound": "civ_move_1", "volume": 0.09}
[2026-09-25 21:54:54.615] [SFX] {"sound": "player_move", "volume": 0.4}
[2026-09-25 21:54:54.664] [SFX] {"sound": "guardian_move", "volume": 0.26}
[2026-09-25 21:54:54.665] [SFX] {"sound": "civ_move_2", "volume": 0.08}
[2026-09-25 21:54:54.782] [SFX] {"sound": "civ_move_1", "volume": 0.13}
[2026-09-25 21:54:54.865] [M] {"button": 1, "pos": [515, 183], "ui_clicked": false}
[2026-09-25 21:54:54.873] [SFX] {"sound": "civ_move_2", "volume": 0.21}
[2026-09-25 21:54:54.873] [P] {"start": [86, 92], "goal": [96, 92], "length": 1, "is_direction_change": false}
[2026-09-25 21:54:54.874] [SFX] {"sound": "click_target", "volume": 0.6}
[2026-09-25 21:54:54.934] [SFX] {"sound": "civ_move_1", "volume": 0.03}
[2026-09-25 21:54:54.985] [SFX] {"sound": "player_move", "volume": 0.4}
[2026-09-25 21:54:55.069] [SFX] {"sound": "civ_move_2", "volume": 0.01}
[2026-09-25 21:54:55.187] [SFX] {"sound": "civ_move_1", "volume": 0.09}
[2026-09-25 21:54:55.268] [SFX] {"sound": "guardian_move", "volume": 0.4}
[2026-09-25 21:54:55.269] [SFX] {"sound": "civ_move_2", "volume": 0.18}
[2026-09-25 21:54:55.290] [SFX] {"sound": "player_move", "volume": 0.4}
[2026-09-25 21:54:55.403] [M] {"button": 1, "pos": [515, 183], "ui_clicked": false}
[2026-09-25 21:54:55.411] [P] {"start": [96, 92], "goal": [106, 92], "length": 1, "is_direction_change": false}
[2026-09-25 21:54:55.411] [SFX] {"sound": "click_target", "volume": 0.6}
[2026-09-25 21:54:55.463] [JACK] Achtung! Guardians patrouillieren den Sektor. Wir müssen extrem vorsichtig sein!
[2026-09-25 21:54:55.465] [SFX] {"sound": "threat_pulse", "volume": 0.32}
[2026-09-25 21:54:55.595] [SFX] {"sound": "civ_move_1", "volume": 0.05}
[2026-09-25 21:54:55.645] [SFX] {"sound": "player_move", "volume": 0.4}
[2026-09-25 21:54:55.680] [SFX] {"sound": "civ_move_2", "volume": 0.15}
[2026-09-25 21:54:55.876] [SFX] {"sound": "guardian_move", "volume": 0.31}
[2026-09-25 21:54:56.007] [SFX] {"sound": "civ_move_1", "volume": 0.02}
[2026-09-25 21:54:56.023] [M] {"button": 1, "pos": [515, 183], "ui_clicked": false}
[2026-09-25 21:54:56.032] [P] {"start": [106, 92], "goal": [116, 92], "length": 1, "is_direction_change": false}
[2026-09-25 21:54:56.033] [SFX] {"sound": "click_target", "volume": 0.6}
[2026-09-25 21:54:56.086] [SFX] {"sound": "civ_move_2", "volume": 0.05}
[2026-09-25 21:54:56.105] [SFX] {"sound": "player_move", "volume": 0.4}
[2026-09-25 21:54:56.106] [SFX] {"sound": "civ_move_2", "volume": 0.12}
[2026-09-25 21:54:56.400] [SFX] {"sound": "player_move", "volume": 0.4}
[2026-09-25 21:54:56.452] [SFX] {"sound": "civ_move_2", "volume": 0.11}
[2026-09-25 21:54:56.502] [SFX] {"sound": "guardian_move", "volume": 0.21}
[2026-09-25 21:54:56.503] [SFX] {"sound": "civ_move_2", "volume": 0.08}
[2026-09-25 21:54:56.552] [M] {"button": 1, "pos": [515, 183], "ui_clicked": false}
[2026-09-25 21:54:56.560] [P] {"start": [116, 92], "goal": [126, 92], "length": 1, "is_direction_change": false}
[2026-09-25 21:54:56.561] [SFX] {"sound": "click_target", "volume": 0.59}
[2026-09-25 21:54:56.736] [SFX] {"sound": "player_move", "volume": 0.4}
[2026-09-25 21:54:56.853] [SFX] {"sound": "civ_move_2", "volume": 0.17}
[2026-09-25 21:54:56.902] [SFX] {"sound": "civ_move_2", "volume": 0.04}
[2026-09-25 21:54:57.035] [SFX] {"sound": "player_move", "volume": 0.4}
[2026-09-25 21:54:57.118] [SFX] {"sound": "guardian_move", "volume": 0.09}
[2026-09-25 21:54:57.170] [SFX] {"sound": "civ_move_2", "volume": 0.16}
[2026-09-25 21:54:57.269] [SFX] {"sound": "civ_move_2", "volume": 0.2}
[2026-09-25 21:54:57.305] [SFX] {"sound": "civ_move_2", "volume": 0.03}
[2026-09-25 21:54:57.586] [SFX] {"sound": "civ_move_2", "volume": 0.16}
[2026-09-25 21:54:57.670] [SFX] {"sound": "civ_move_2", "volume": 0.2}
[2026-09-25 21:54:57.719] [SFX] {"sound": "guardian_move", "volume": 0.06}
[2026-09-25 21:54:57.719] [SFX] {"sound": "civ_move_2", "volume": 0.04}
[2026-09-25 21:54:58.015] [SFX] {"sound": "civ_move_2", "volume": 0.16}
[2026-09-25 21:54:58.083] [SFX] {"sound": "civ_move_2", "volume": 0.21}
[2026-09-25 21:54:58.132] [SFX] {"sound": "civ_move_2", "volume": 0.05}
[2026-09-25 21:54:58.282] [M] {"button": 1, "pos": [515, 183], "ui_clicked": false}
[2026-09-25 21:54:58.290] [P] {"start": [126, 92], "goal": [136, 92], "length": 1, "is_direction_change": false}
[2026-09-25 21:54:58.291] [SFX] {"sound": "click_target", "volume": 0.59}
[2026-09-25 21:54:58.326] [SFX] {"sound": "guardian_move", "volume": 0.03}
[2026-09-25 21:54:58.426] [SFX] {"sound": "civ_move_2", "volume": 0.15}
[2026-09-25 21:54:58.493] [SFX] {"sound": "civ_move_2", "volume": 0.21}
[2026-09-25 21:54:58.542] [SFX] {"sound": "civ_move_2", "volume": 0.03}
[2026-09-25 21:54:58.575] [SFX] {"sound": "player_move", "volume": 0.4}
[2026-09-25 21:54:58.838] [SFX] {"sound": "civ_move_2", "volume": 0.11}
[2026-09-25 21:54:58.906] [SFX] {"sound": "civ_move_2", "volume": 0.19}
[2026-09-25 21:54:58.957] [SFX] {"sound": "civ_move_2", "volume": 0.0}
[2026-09-25 21:54:59.238] [SFX] {"sound": "civ_move_2", "volume": 0.12}
[2026-09-25 21:54:59.321] [SFX] {"sound": "civ_move_2", "volume": 0.18}
[2026-09-25 21:54:59.371] [SFX] {"sound": "civ_move_2", "volume": 0.02}
[2026-09-25 21:54:59.639] [SFX] {"sound": "civ_move_2", "volume": 0.13}
[2026-09-25 21:54:59.724] [SFX] {"sound": "civ_move_2", "volume": 0.17}
[2026-09-25 21:54:59.774] [SFX] {"sound": "civ_move_2", "volume": 0.03}
[2026-09-25 21:55:00.039] [SFX] {"sound": "civ_move_2", "volume": 0.14}
[2026-09-25 21:55:00.135] [SFX] {"sound": "civ_move_2", "volume": 0.16}
[2026-09-25 21:55:00.184] [SFX] {"sound": "civ_move_2", "volume": 0.04}
[2026-09-25 21:55:00.448] [SFX] {"sound": "civ_move_2", "volume": 0.15}
[2026-09-25 21:55:00.597] [SFX] {"sound": "civ_move_2", "volume": 0.05}
[2026-09-25 21:55:00.864] [SFX] {"sound": "civ_move_2", "volume": 0.17}
[2026-09-25 21:55:00.964] [SFX] {"sound": "civ_move_2", "volume": 0.14}
[2026-09-25 21:55:01.000] [SFX] {"sound": "civ_move_2", "volume": 0.06}
[2026-09-25 21:55:01.368] [SFX] {"sound": "civ_move_2", "volume": 0.13}
[2026-09-25 21:55:01.402] [SFX] {"sound": "civ_move_2", "volume": 0.07}
[2026-09-25 21:55:01.781] [SFX] {"sound": "civ_move_2", "volume": 0.12}
[2026-09-25 21:55:01.815] [SFX] {"sound": "civ_move_2", "volume": 0.09}
[2026-09-25 21:55:02.180] [SFX] {"sound": "civ_move_2", "volume": 0.11}
[2026-09-25 21:55:02.230] [SFX] {"sound": "civ_move_2", "volume": 0.1}
[2026-09-25 21:55:02.629] [SFX] {"sound": "civ_move_2", "volume": 0.11}
[2026-09-25 21:55:02.996] [SFX] {"sound": "civ_move_2", "volume": 0.09}
[2026-09-25 21:55:03.031] [SFX] {"sound": "civ_move_2", "volume": 0.12}
[2026-09-25 21:55:03.398] [SFX] {"sound": "civ_move_2", "volume": 0.08}
[2026-09-25 21:55:03.432] [SFX] {"sound": "civ_move_2", "volume": 0.13}
[2026-09-25 21:55:03.812] [SFX] {"sound": "civ_move_2", "volume": 0.06}
[2026-09-25 21:55:03.845] [SFX] {"sound": "civ_move_2", "volume": 0.14}
[2026-09-25 21:55:04.222] [SFX] {"sound": "civ_move_2", "volume": 0.05}
[2026-09-25 21:55:04.256] [SFX] {"sound": "civ_move_2", "volume": 0.15}
[2026-09-25 21:55:04.621] [SFX] {"sound": "civ_move_2", "volume": 0.04}
[2026-09-25 21:55:04.657] [SFX] {"sound": "civ_move_2", "volume": 0.16}
[2026-09-25 21:55:05.036] [SFX] {"sound": "civ_move_2", "volume": 0.03}
[2026-09-25 21:55:05.070] [SFX] {"sound": "civ_move_2", "volume": 0.17}
[2026-09-25 21:55:05.420] [SFX] {"sound": "civ_move_2", "volume": 0.01}
[2026-09-25 21:55:05.442] [SFX] {"sound": "civ_move_2", "volume": 0.02}
[2026-09-25 21:55:05.475] [SFX] {"sound": "civ_move_2", "volume": 0.18}
[2026-09-25 21:55:05.822] [SFX] {"sound": "civ_move_2", "volume": 0.02}
[2026-09-25 21:55:05.844] [SFX] {"sound": "civ_move_2", "volume": 0.01}
[2026-09-25 21:55:05.876] [SFX] {"sound": "civ_move_2", "volume": 0.18}
[2026-09-25 21:55:06.109] [SFX] {"sound": "civ_move_1", "volume": 0.17}
[2026-09-25 21:55:06.225] [SFX] {"sound": "civ_move_2", "volume": 0.03}
[2026-09-25 21:55:06.290] [SFX] {"sound": "civ_move_2", "volume": 0.19}
[2026-09-25 21:55:06.519] [SFX] {"sound": "civ_move_1", "volume": 0.17}
[2026-09-25 21:55:06.635] [SFX] {"sound": "civ_move_2", "volume": 0.04}
[2026-09-25 21:55:06.702] [SFX] {"sound": "civ_move_2", "volume": 0.2}
[2026-09-25 21:55:06.920] [SFX] {"sound": "civ_move_1", "volume": 0.17}
[2026-09-25 21:55:07.051] [SFX] {"sound": "civ_move_2", "volume": 0.05}
[2026-09-25 21:55:07.118] [SFX] {"sound": "civ_move_2", "volume": 0.2}
[2026-09-25 21:55:07.350] [SFX] {"sound": "civ_move_1", "volume": 0.16}
[2026-09-25 21:55:07.466] [SFX] {"sound": "civ_move_2", "volume": 0.07}
[2026-09-25 21:55:07.533] [SFX] {"sound": "civ_move_2", "volume": 0.21}
[2026-09-25 21:55:07.750] [SFX] {"sound": "civ_move_1", "volume": 0.15}
[2026-09-25 21:55:07.869] [SFX] {"sound": "civ_move_2", "volume": 0.08}
[2026-09-25 21:55:07.935] [SFX] {"sound": "civ_move_2", "volume": 0.21}
[2026-09-25 21:55:08.152] [SFX] {"sound": "civ_move_1", "volume": 0.14}
[2026-09-25 21:55:08.284] [SFX] {"sound": "civ_move_2", "volume": 0.09}
[2026-09-25 21:55:08.350] [SFX] {"sound": "civ_move_2", "volume": 0.21}
[2026-09-25 21:55:08.565] [SFX] {"sound": "civ_move_1", "volume": 0.13}
[2026-09-25 21:55:08.700] [SFX] {"sound": "civ_move_2", "volume": 0.1}
[2026-09-25 21:55:08.750] [SFX] {"sound": "civ_move_2", "volume": 0.21}
[2026-09-25 21:55:08.964] [SFX] {"sound": "civ_move_1", "volume": 0.11}
[2026-09-25 21:55:09.113] [SFX] {"sound": "civ_move_2", "volume": 0.11}
[2026-09-25 21:55:09.164] [SFX] {"sound": "civ_move_2", "volume": 0.21}
[2026-09-25 21:55:09.312] [SFX] {"sound": "civ_move_2", "volume": 0.01}
[2026-09-25 21:55:09.380] [SFX] {"sound": "civ_move_1", "volume": 0.1}
[2026-09-25 21:55:09.530] [SFX] {"sound": "civ_move_2", "volume": 0.12}
[2026-09-25 21:55:09.566] [SFX] {"sound": "civ_move_2", "volume": 0.2}
[2026-09-25 21:55:09.718] [SFX] {"sound": "civ_move_2", "volume": 0.02}
[2026-09-25 21:55:09.790] [SFX] {"sound": "civ_move_1", "volume": 0.09}
[2026-09-25 21:55:09.942] [SFX] {"sound": "civ_move_2", "volume": 0.13}
[2026-09-25 21:55:09.975] [SFX] {"sound": "civ_move_2", "volume": 0.2}
[2026-09-25 21:55:10.122] [SFX] {"sound": "civ_move_2", "volume": 0.03}
[2026-09-25 21:55:10.191] [SFX] {"sound": "civ_move_1", "volume": 0.08}
[2026-09-25 21:55:10.342] [SFX] {"sound": "civ_move_2", "volume": 0.14}
[2026-09-25 21:55:10.376] [SFX] {"sound": "civ_move_2", "volume": 0.19}
[2026-09-25 21:55:10.528] [SFX] {"sound": "civ_move_2", "volume": 0.04}
[2026-09-25 21:55:10.597] [SFX] {"sound": "civ_move_1", "volume": 0.07}
[2026-09-25 21:55:10.748] [SFX] {"sound": "civ_move_2", "volume": 0.15}
[2026-09-25 21:55:10.783] [SFX] {"sound": "civ_move_2", "volume": 0.18}
[2026-09-25 21:55:10.935] [SFX] {"sound": "civ_move_2", "volume": 0.06}
[2026-09-25 21:55:11.002] [SFX] {"sound": "civ_move_1", "volume": 0.05}
[2026-09-25 21:55:11.150] [SFX] {"sound": "civ_move_2", "volume": 0.16}
[2026-09-25 21:55:11.183] [SFX] {"sound": "civ_move_2", "volume": 0.18}
[2026-09-25 21:55:11.350] [SFX] {"sound": "civ_move_2", "volume": 0.07}
[2026-09-25 21:55:11.417] [SFX] {"sound": "civ_move_1", "volume": 0.04}
[2026-09-25 21:55:11.550] [SFX] {"sound": "civ_move_2", "volume": 0.17}
[2026-09-25 21:55:11.751] [SFX] {"sound": "civ_move_2", "volume": 0.08}
[2026-09-25 21:55:11.821] [SFX] {"sound": "civ_move_1", "volume": 0.03}
[2026-09-25 21:55:11.952] [SFX] {"sound": "civ_move_2", "volume": 0.18}
[2026-09-25 21:55:11.985] [SFX] {"sound": "civ_move_2", "volume": 0.16}
[2026-09-25 21:55:12.231] [SFX] {"sound": "civ_move_1", "volume": 0.02}
[2026-09-25 21:55:12.361] [SFX] {"sound": "civ_move_2", "volume": 0.19}
[2026-09-25 21:55:12.396] [SFX] {"sound": "civ_move_2", "volume": 0.15}
[2026-09-25 21:55:12.643] [SFX] {"sound": "civ_move_1", "volume": 0.01}
[2026-09-25 21:55:12.763] [SFX] {"sound": "civ_move_2", "volume": 0.19}
[2026-09-25 21:55:12.799] [SFX] {"sound": "civ_move_2", "volume": 0.14}
[2026-09-25 21:55:13.129] [SFX] {"sound": "civ_move_2", "volume": 0.0}
[2026-09-25 21:55:13.162] [SFX] {"sound": "civ_move_2", "volume": 0.2}
[2026-09-25 21:55:13.213] [SFX] {"sound": "civ_move_2", "volume": 0.13}
[2026-09-25 21:55:13.542] [SFX] {"sound": "civ_move_2", "volume": 0.02}
[2026-09-25 21:55:13.577] [SFX] {"sound": "civ_move_2", "volume": 0.2}
[2026-09-25 21:55:13.614] [SFX] {"sound": "civ_move_2", "volume": 0.12}
[2026-09-25 21:55:13.948] [SFX] {"sound": "civ_move_2", "volume": 0.03}
[2026-09-25 21:55:13.981] [SFX] {"sound": "civ_move_2", "volume": 0.21}
[2026-09-25 21:55:14.030] [SFX] {"sound": "civ_move_2", "volume": 0.11}
[2026-09-25 21:55:14.359] [SFX] {"sound": "civ_move_2", "volume": 0.04}
[2026-09-25 21:55:14.395] [SFX] {"sound": "civ_move_2", "volume": 0.21}
[2026-09-25 21:55:14.429] [SFX] {"sound": "civ_move_2", "volume": 0.1}
[2026-09-25 21:55:14.775] [SFX] {"sound": "civ_move_2", "volume": 0.05}
[2026-09-25 21:55:14.811] [SFX] {"sound": "civ_move_2", "volume": 0.21}
[2026-09-25 21:55:14.844] [SFX] {"sound": "civ_move_2", "volume": 0.09}
[2026-09-25 21:55:15.176] [SFX] {"sound": "civ_move_2", "volume": 0.06}
[2026-09-25 21:55:15.211] [SFX] {"sound": "civ_move_2", "volume": 0.21}
[2026-09-25 21:55:15.245] [SFX] {"sound": "civ_move_2", "volume": 0.07}
[2026-09-25 21:55:15.624] [SFX] {"sound": "civ_move_2", "volume": 0.01}
[2026-09-25 21:55:15.624] [SFX] {"sound": "civ_move_2", "volume": 0.21}
[2026-09-25 21:55:15.660] [SFX] {"sound": "civ_move_2", "volume": 0.06}
[2026-09-25 21:55:15.994] [SFX] {"sound": "civ_move_2", "volume": 0.08}
[2026-09-25 21:55:16.030] [SFX] {"sound": "civ_move_2", "volume": 0.02}
[2026-09-25 21:55:16.031] [SFX] {"sound": "civ_move_2", "volume": 0.2}
[2026-09-25 21:55:16.064] [SFX] {"sound": "civ_move_2", "volume": 0.05}
[2026-09-25 21:55:16.405] [SFX] {"sound": "civ_move_2", "volume": 0.1}
[2026-09-25 21:55:16.440] [SFX] {"sound": "civ_move_2", "volume": 0.03}
[2026-09-25 21:55:16.441] [SFX] {"sound": "civ_move_2", "volume": 0.2}
[2026-09-25 21:55:16.476] [SFX] {"sound": "civ_move_2", "volume": 0.04}
[2026-09-25 21:55:16.812] [SFX] {"sound": "civ_move_2", "volume": 0.11}
[2026-09-25 21:55:16.850] [SFX] {"sound": "civ_move_2", "volume": 0.05}
[2026-09-25 21:55:16.851] [SFX] {"sound": "civ_move_2", "volume": 0.19}
[2026-09-25 21:55:16.887] [SFX] {"sound": "civ_move_2", "volume": 0.03}
[2026-09-25 21:55:16.987] [SFX] {"sound": "civ_move_1", "volume": 0.17}
[2026-09-25 21:55:17.223] [SFX] {"sound": "civ_move_2", "volume": 0.12}
[2026-09-25 21:55:17.260] [SFX] {"sound": "civ_move_2", "volume": 0.06}
[2026-09-25 21:55:17.260] [SFX] {"sound": "civ_move_2", "volume": 0.18}
[2026-09-25 21:55:17.296] [SFX] {"sound": "civ_move_2", "volume": 0.02}
[2026-09-25 21:55:17.396] [SFX] {"sound": "civ_move_1", "volume": 0.17}
[2026-09-25 21:55:17.633] [SFX] {"sound": "civ_move_2", "volume": 0.13}
[2026-09-25 21:55:17.670] [SFX] {"sound": "civ_move_2", "volume": 0.07}
[2026-09-25 21:55:17.671] [SFX] {"sound": "civ_move_2", "volume": 0.17}
[2026-09-25 21:55:17.703] [SFX] {"sound": "civ_move_2", "volume": 0.0}
[2026-09-25 21:55:17.804] [SFX] {"sound": "civ_move_1", "volume": 0.17}
[2026-09-25 21:55:18.038] [SFX] {"sound": "civ_move_2", "volume": 0.14}
[2026-09-25 21:55:18.073] [SFX] {"sound": "civ_move_2", "volume": 0.08}
[2026-09-25 21:55:18.074] [SFX] {"sound": "civ_move_2", "volume": 0.16}
[2026-09-25 21:55:18.222] [SFX] {"sound": "civ_move_1", "volume": 0.16}
[2026-09-25 21:55:18.438] [SFX] {"sound": "civ_move_2", "volume": 0.15}
[2026-09-25 21:55:18.474] [SFX] {"sound": "civ_move_2", "volume": 0.1}
[2026-09-25 21:55:18.474] [SFX] {"sound": "civ_move_2", "volume": 0.16}
[2026-09-25 21:55:18.623] [SFX] {"sound": "civ_move_1", "volume": 0.15}
[2026-09-25 21:55:18.854] [SFX] {"sound": "civ_move_2", "volume": 0.16}
[2026-09-25 21:55:18.890] [SFX] {"sound": "civ_move_2", "volume": 0.11}
[2026-09-25 21:55:18.891] [SFX] {"sound": "civ_move_2", "volume": 0.14}
[2026-09-25 21:55:19.038] [SFX] {"sound": "civ_move_1", "volume": 0.14}
[2026-09-25 21:55:19.256] [SFX] {"sound": "civ_move_2", "volume": 0.17}
[2026-09-25 21:55:19.290] [SFX] {"sound": "civ_move_2", "volume": 0.01}
[2026-09-25 21:55:19.291] [SFX] {"sound": "civ_move_2", "volume": 0.12}
[2026-09-25 21:55:19.292] [SFX] {"sound": "civ_move_2", "volume": 0.14}
[2026-09-25 21:55:19.440] [SFX] {"sound": "civ_move_1", "volume": 0.13}
[2026-09-25 21:55:19.656] [SFX] {"sound": "civ_move_2", "volume": 0.18}
[2026-09-25 21:55:19.707] [SFX] {"sound": "civ_move_2", "volume": 0.02}
[2026-09-25 21:55:19.707] [SFX] {"sound": "civ_move_2", "volume": 0.13}
[2026-09-25 21:55:19.708] [SFX] {"sound": "civ_move_2", "volume": 0.12}
[2026-09-25 21:55:19.773] [SFX] {"sound": "civ_move_2", "volume": 0.01}
[2026-09-25 21:55:19.855] [SFX] {"sound": "civ_move_1", "volume": 0.11}
[2026-09-25 21:55:19.927] [SFX] {"sound": "civ_move_2", "volume": 0.01}
[2026-09-25 21:55:20.062] [SFX] {"sound": "civ_move_2", "volume": 0.18}
[2026-09-25 21:55:20.112] [SFX] {"sound": "civ_move_2", "volume": 0.03}
[2026-09-25 21:55:20.113] [SFX] {"sound": "civ_move_2", "volume": 0.14}
[2026-09-25 21:55:20.113] [SFX] {"sound": "civ_move_2", "volume": 0.11}
[2026-09-25 21:55:20.181] [SFX] {"sound": "civ_move_2", "volume": 0.02}
[2026-09-25 21:55:20.265] [SFX] {"sound": "civ_move_1", "volume": 0.1}
[2026-09-25 21:55:20.332] [SFX] {"sound": "civ_move_2", "volume": 0.02}
[2026-09-25 21:55:20.467] [SFX] {"sound": "civ_move_2", "volume": 0.19}
[2026-09-25 21:55:20.517] [SFX] {"sound": "civ_move_2", "volume": 0.04}
[2026-09-25 21:55:20.518] [SFX] {"sound": "civ_move_2", "volume": 0.16}
[2026-09-25 21:55:20.518] [SFX] {"sound": "civ_move_2", "volume": 0.1}
[2026-09-25 21:55:20.584] [SFX] {"sound": "civ_move_2", "volume": 0.03}
[2026-09-25 21:55:20.667] [SFX] {"sound": "civ_move_1", "volume": 0.09}
[2026-09-25 21:55:20.733] [SFX] {"sound": "civ_move_2", "volume": 0.03}
[2026-09-25 21:55:20.869] [SFX] {"sound": "civ_move_2", "volume": 0.2}
[2026-09-25 21:55:20.921] [SFX] {"sound": "civ_move_2", "volume": 0.05}
[2026-09-25 21:55:20.922] [SFX] {"sound": "civ_move_2", "volume": 0.17}
[2026-09-25 21:55:20.923] [SFX] {"sound": "civ_move_2", "volume": 0.09}
[2026-09-25 21:55:20.989] [SFX] {"sound": "civ_move_2", "volume": 0.04}
[2026-09-25 21:55:21.072] [SFX] {"sound": "civ_move_1", "volume": 0.08}
[2026-09-25 21:55:21.142] [SFX] {"sound": "civ_move_2", "volume": 0.04}
[2026-09-25 21:55:21.278] [SFX] {"sound": "civ_move_2", "volume": 0.2}
[2026-09-25 21:55:21.333] [SFX] {"sound": "civ_move_2", "volume": 0.07}
[2026-09-25 21:55:21.334] [SFX] {"sound": "civ_move_2", "volume": 0.18}
[2026-09-25 21:55:21.335] [SFX] {"sound": "civ_move_2", "volume": 0.08}
[2026-09-25 21:55:21.402] [SFX] {"sound": "civ_move_2", "volume": 0.06}
[2026-09-25 21:55:21.487] [SFX] {"sound": "civ_move_1", "volume": 0.07}
[2026-09-25 21:55:21.556] [SFX] {"sound": "civ_move_2", "volume": 0.06}
[2026-09-25 21:55:21.659] [SFX] {"sound": "civ_move_2", "volume": 0.17}
[2026-09-25 21:55:21.694] [SFX] {"sound": "civ_move_2", "volume": 0.21}
[2026-09-25 21:55:21.745] [SFX] {"sound": "civ_move_2", "volume": 0.08}
[2026-09-25 21:55:21.746] [SFX] {"sound": "civ_move_2", "volume": 0.19}
[2026-09-25 21:55:21.746] [SFX] {"sound": "civ_move_2", "volume": 0.07}
[2026-09-25 21:55:21.900] [SFX] {"sound": "civ_move_1", "volume": 0.05}
[2026-09-25 21:55:21.967] [SFX] {"sound": "civ_move_2", "volume": 0.07}
[2026-09-25 21:55:22.071] [SFX] {"sound": "civ_move_2", "volume": 0.17}
[2026-09-25 21:55:22.109] [SFX] {"sound": "civ_move_2", "volume": 0.21}
[2026-09-25 21:55:22.160] [SFX] {"sound": "civ_move_2", "volume": 0.09}
[2026-09-25 21:55:22.161] [SFX] {"sound": "civ_move_2", "volume": 0.2}
[2026-09-25 21:55:22.161] [SFX] {"sound": "civ_move_2", "volume": 0.06}
[2026-09-25 21:55:22.229] [SFX] {"sound": "civ_move_2", "volume": 0.08}
[2026-09-25 21:55:22.311] [SFX] {"sound": "civ_move_1", "volume": 0.04}
[2026-09-25 21:55:22.491] [SFX] {"sound": "civ_move_2", "volume": 0.16}
[2026-09-25 21:55:22.528] [SFX] {"sound": "civ_move_2", "volume": 0.21}
[2026-09-25 21:55:22.563] [SFX] {"sound": "civ_move_2", "volume": 0.1}
[2026-09-25 21:55:22.564] [SFX] {"sound": "civ_move_2", "volume": 0.21}
[2026-09-25 21:55:22.564] [SFX] {"sound": "civ_move_2", "volume": 0.05}
[2026-09-25 21:55:22.636] [SFX] {"sound": "civ_move_2", "volume": 0.09}
[2026-09-25 21:55:22.719] [SFX] {"sound": "civ_move_1", "volume": 0.03}
[2026-09-25 21:55:22.905] [SFX] {"sound": "civ_move_2", "volume": 0.15}
[2026-09-25 21:55:22.939] [SFX] {"sound": "civ_move_2", "volume": 0.21}
[2026-09-25 21:55:22.976] [SFX] {"sound": "civ_move_2", "volume": 0.12}
[2026-09-25 21:55:22.977] [SFX] {"sound": "civ_move_2", "volume": 0.23}
[2026-09-25 21:55:22.978] [SFX] {"sound": "civ_move_2", "volume": 0.04}
[2026-09-25 21:55:23.042] [SFX] {"sound": "civ_move_2", "volume": 0.1}
[2026-09-25 21:55:23.124] [SFX] {"sound": "civ_move_1", "volume": 0.02}
[2026-09-25 21:55:23.304] [SFX] {"sound": "civ_move_2", "volume": 0.14}
[2026-09-25 21:55:23.340] [SFX] {"sound": "civ_move_2", "volume": 0.21}
[2026-09-25 21:55:23.377] [SFX] {"sound": "civ_move_2", "volume": 0.13}
[2026-09-25 21:55:23.378] [SFX] {"sound": "civ_move_2", "volume": 0.24}
[2026-09-25 21:55:23.379] [SFX] {"sound": "civ_move_2", "volume": 0.02}
[2026-09-25 21:55:23.458] [SFX] {"sound": "civ_move_2", "volume": 0.12}
[2026-09-25 21:55:23.524] [SFX] {"sound": "civ_move_1", "volume": 0.0}
[2026-09-25 21:55:23.706] [SFX] {"sound": "civ_move_2", "volume": 0.13}
[2026-09-25 21:55:23.740] [SFX] {"sound": "civ_move_2", "volume": 0.2}
[2026-09-25 21:55:23.790] [SFX] {"sound": "civ_move_2", "volume": 0.14}
[2026-09-25 21:55:23.790] [SFX] {"sound": "civ_move_2", "volume": 0.25}
[2026-09-25 21:55:23.791] [SFX] {"sound": "civ_move_2", "volume": 0.01}
[2026-09-25 21:55:23.859] [SFX] {"sound": "civ_move_2", "volume": 0.13}
[2026-09-25 21:55:24.107] [SFX] {"sound": "civ_move_2", "volume": 0.12}
[2026-09-25 21:55:24.144] [SFX] {"sound": "civ_move_2", "volume": 0.2}
[2026-09-25 21:55:24.193] [SFX] {"sound": "civ_move_2", "volume": 0.15}
[2026-09-25 21:55:24.194] [SFX] {"sound": "civ_move_2", "volume": 0.26}
[2026-09-25 21:55:24.195] [SFX] {"sound": "civ_move_2", "volume": 0.0}
[2026-09-25 21:55:24.260] [SFX] {"sound": "civ_move_2", "volume": 0.14}
[2026-09-25 21:55:24.512] [SFX] {"sound": "civ_move_2", "volume": 0.11}
[2026-09-25 21:55:24.547] [SFX] {"sound": "civ_move_2", "volume": 0.19}
[2026-09-25 21:55:24.597] [SFX] {"sound": "civ_move_2", "volume": 0.16}
[2026-09-25 21:55:24.597] [SFX] {"sound": "civ_move_2", "volume": 0.26}
[2026-09-25 21:55:24.664] [SFX] {"sound": "civ_move_2", "volume": 0.15}
[2026-09-25 21:55:24.916] [SFX] {"sound": "civ_move_2", "volume": 0.09}
[2026-09-25 21:55:24.952] [SFX] {"sound": "civ_move_2", "volume": 0.18}
[2026-09-25 21:55:25.002] [SFX] {"sound": "civ_move_2", "volume": 0.27}
[2026-09-25 21:55:25.072] [SFX] {"sound": "civ_move_2", "volume": 0.16}
[2026-09-25 21:55:25.322] [SFX] {"sound": "civ_move_2", "volume": 0.08}
[2026-09-25 21:55:25.355] [SFX] {"sound": "civ_move_2", "volume": 0.18}
[2026-09-25 21:55:25.406] [SFX] {"sound": "civ_move_2", "volume": 0.27}
[2026-09-25 21:55:25.474] [SFX] {"sound": "civ_move_2", "volume": 0.18}
[2026-09-25 21:55:25.721] [SFX] {"sound": "civ_move_2", "volume": 0.07}
[2026-09-25 21:55:25.770] [SFX] {"sound": "civ_move_2", "volume": 0.17}
[2026-09-25 21:55:25.822] [SFX] {"sound": "civ_move_2", "volume": 0.27}
[2026-09-25 21:55:25.873] [SFX] {"sound": "civ_move_2", "volume": 0.19}
[2026-09-25 21:55:26.122] [SFX] {"sound": "civ_move_2", "volume": 0.06}
[2026-09-25 21:55:26.171] [SFX] {"sound": "civ_move_2", "volume": 0.16}
[2026-09-25 21:55:26.221] [SFX] {"sound": "civ_move_2", "volume": 0.26}
[2026-09-25 21:55:26.288] [SFX] {"sound": "civ_move_2", "volume": 0.2}
[2026-09-25 21:55:26.535] [SFX] {"sound": "civ_move_2", "volume": 0.05}
[2026-09-25 21:55:26.587] [SFX] {"sound": "civ_move_2", "volume": 0.15}
[2026-09-25 21:55:26.622] [SFX] {"sound": "civ_move_2", "volume": 0.25}
[2026-09-25 21:55:26.704] [SFX] {"sound": "civ_move_2", "volume": 0.21}
[2026-09-25 21:55:26.944] [SFX] {"sound": "civ_move_2", "volume": 0.03}
[2026-09-25 21:55:26.994] [SFX] {"sound": "civ_move_2", "volume": 0.14}
[2026-09-25 21:55:27.028] [SFX] {"sound": "civ_move_2", "volume": 0.24}
[2026-09-25 21:55:27.113] [SFX] {"sound": "civ_move_2", "volume": 0.22}
[2026-09-25 21:55:27.344] [SFX] {"sound": "civ_move_2", "volume": 0.02}
[2026-09-25 21:55:27.396] [SFX] {"sound": "civ_move_2", "volume": 0.13}
[2026-09-25 21:55:27.428] [SFX] {"sound": "civ_move_2", "volume": 0.23}
[2026-09-25 21:55:27.746] [SFX] {"sound": "civ_move_2", "volume": 0.01}
[2026-09-25 21:55:27.800] [SFX] {"sound": "civ_move_2", "volume": 0.12}
[2026-09-25 21:55:27.833] [SFX] {"sound": "civ_move_2", "volume": 0.22}
[2026-09-25 21:55:27.915] [SFX] {"sound": "civ_move_2", "volume": 0.24}
[2026-09-25 21:55:28.201] [SFX] {"sound": "civ_move_2", "volume": 0.11}
[2026-09-25 21:55:28.237] [SFX] {"sound": "civ_move_2", "volume": 0.21}
[2026-09-25 21:55:28.321] [SFX] {"sound": "civ_move_2", "volume": 0.25}
[2026-09-25 21:55:28.607] [SFX] {"sound": "civ_move_2", "volume": 0.1}
[2026-09-25 21:55:28.643] [SFX] {"sound": "civ_move_2", "volume": 0.19}
[2026-09-25 21:55:28.728] [SFX] {"sound": "civ_move_2", "volume": 0.26}
[2026-09-25 21:55:29.012] [SFX] {"sound": "civ_move_2", "volume": 0.09}
[2026-09-25 21:55:29.046] [SFX] {"sound": "civ_move_2", "volume": 0.18}
[2026-09-25 21:55:29.135] [SFX] {"sound": "civ_move_2", "volume": 0.27}
[2026-09-25 21:55:29.417] [SFX] {"sound": "civ_move_2", "volume": 0.07}
[2026-09-25 21:55:29.459] [SFX] {"sound": "civ_move_2", "volume": 0.17}
[2026-09-25 21:55:29.544] [SFX] {"sound": "civ_move_2", "volume": 0.27}
[2026-09-25 21:55:29.829] [SFX] {"sound": "civ_move_2", "volume": 0.06}
[2026-09-25 21:55:29.866] [SFX] {"sound": "civ_move_2", "volume": 0.16}
[2026-09-25 21:55:29.952] [SFX] {"sound": "civ_move_2", "volume": 0.27}
[2026-09-25 21:55:30.233] [SFX] {"sound": "civ_move_2", "volume": 0.05}
[2026-09-25 21:55:30.266] [SFX] {"sound": "civ_move_2", "volume": 0.15}
[2026-09-25 21:55:30.367] [SFX] {"sound": "civ_move_2", "volume": 0.26}
[2026-09-25 21:55:30.648] [SFX] {"sound": "civ_move_2", "volume": 0.04}
[2026-09-25 21:55:30.681] [SFX] {"sound": "civ_move_2", "volume": 0.13}
[2026-09-25 21:55:30.782] [SFX] {"sound": "civ_move_2", "volume": 0.25}
[2026-09-25 21:55:31.052] [SFX] {"sound": "civ_move_2", "volume": 0.03}
[2026-09-25 21:55:31.053] [SFX] {"sound": "civ_move_2", "volume": 0.08}
[2026-09-25 21:55:31.084] [SFX] {"sound": "civ_move_2", "volume": 0.12}
[2026-09-25 21:55:31.185] [SFX] {"sound": "civ_move_2", "volume": 0.24}
[2026-09-25 21:55:31.467] [SFX] {"sound": "civ_move_2", "volume": 0.02}
[2026-09-25 21:55:31.468] [SFX] {"sound": "civ_move_2", "volume": 0.08}
[2026-09-25 21:55:31.492] [SFX] {"sound": "civ_move_2", "volume": 0.11}
[2026-09-25 21:55:31.601] [SFX] {"sound": "civ_move_2", "volume": 0.23}
[2026-09-25 21:55:31.868] [SFX] {"sound": "civ_move_2", "volume": 0.01}
[2026-09-25 21:55:31.891] [SFX] {"sound": "civ_move_2", "volume": 0.1}
[2026-09-25 21:55:31.891] [SFX] {"sound": "civ_move_2", "volume": 0.08}
[2026-09-25 21:55:32.006] [SFX] {"sound": "civ_move_2", "volume": 0.22}
[2026-09-25 21:55:32.290] [SFX] {"sound": "civ_move_2", "volume": 0.09}
[2026-09-25 21:55:32.291] [SFX] {"sound": "civ_move_2", "volume": 0.06}
[2026-09-25 21:55:32.405] [SFX] {"sound": "civ_move_2", "volume": 0.21}
[2026-09-25 21:55:32.702] [SFX] {"sound": "civ_move_2", "volume": 0.07}
[2026-09-25 21:55:32.702] [SFX] {"sound": "civ_move_2", "volume": 0.05}
[2026-09-25 21:55:32.818] [SFX] {"sound": "civ_move_2", "volume": 0.2}
[2026-09-25 21:55:33.116] [SFX] {"sound": "civ_move_2", "volume": 0.06}
[2026-09-25 21:55:33.117] [SFX] {"sound": "civ_move_2", "volume": 0.04}
[2026-09-25 21:55:33.219] [SFX] {"sound": "civ_move_2", "volume": 0.18}
[2026-09-25 21:55:33.518] [SFX] {"sound": "civ_move_2", "volume": 0.05}
[2026-09-25 21:55:33.519] [SFX] {"sound": "civ_move_2", "volume": 0.03}
[2026-09-25 21:55:33.628] [SFX] {"sound": "civ_move_2", "volume": 0.17}
[2026-09-25 21:55:33.932] [SFX] {"sound": "civ_move_2", "volume": 0.04}
[2026-09-25 21:55:33.933] [SFX] {"sound": "civ_move_2", "volume": 0.02}
[2026-09-25 21:55:34.032] [SFX] {"sound": "civ_move_2", "volume": 0.16}
[2026-09-25 21:55:34.348] [SFX] {"sound": "civ_move_2", "volume": 0.02}
[2026-09-25 21:55:34.348] [SFX] {"sound": "civ_move_2", "volume": 0.0}
[2026-09-25 21:55:34.432] [SFX] {"sound": "civ_move_2", "volume": 0.15}
[2026-09-25 21:55:34.760] [SFX] {"sound": "civ_move_2", "volume": 0.01}
[2026-09-25 21:55:34.846] [SFX] {"sound": "civ_move_2", "volume": 0.14}
[2026-09-25 21:55:35.163] [SFX] {"sound": "civ_move_2", "volume": 0.0}
[2026-09-25 21:55:35.248] [SFX] {"sound": "civ_move_2", "volume": 0.12}
[2026-09-25 21:55:35.664] [SFX] {"sound": "civ_move_2", "volume": 0.11}
[2026-09-25 21:55:36.068] [SFX] {"sound": "civ_move_2", "volume": 0.1}
[2026-09-25 21:55:36.068] [SFX] {"sound": "civ_move_2", "volume": 0.01}
[2026-09-25 21:55:36.468] [SFX] {"sound": "civ_move_2", "volume": 0.09}
[2026-09-25 21:55:36.469] [SFX] {"sound": "civ_move_2", "volume": 0.02}
[2026-09-25 21:55:36.884] [SFX] {"sound": "civ_move_2", "volume": 0.03}
[2026-09-25 21:55:37.298] [SFX] {"sound": "civ_move_2", "volume": 0.04}
[2026-09-25 21:55:37.501] [SFX] {"sound": "civ_move_2", "volume": 0.17}
[2026-09-25 21:55:37.700] [SFX] {"sound": "civ_move_2", "volume": 0.05}
[2026-09-25 21:55:37.917] [SFX] {"sound": "civ_move_2", "volume": 0.17}
[2026-09-25 21:55:38.102] [SFX] {"sound": "civ_move_2", "volume": 0.06}
[2026-09-25 21:55:38.334] [SFX] {"sound": "civ_move_2", "volume": 0.17}
[2026-09-25 21:55:38.514] [SFX] {"sound": "civ_move_2", "volume": 0.07}
[2026-09-25 21:55:38.749] [SFX] {"sound": "civ_move_2", "volume": 0.15}
[2026-09-25 21:55:38.916] [SFX] {"sound": "civ_move_2", "volume": 0.09}
[2026-09-25 21:55:39.149] [SFX] {"sound": "civ_move_2", "volume": 0.14}
[2026-09-25 21:55:39.331] [SFX] {"sound": "civ_move_2", "volume": 0.1}
[2026-09-25 21:55:39.565] [SFX] {"sound": "civ_move_2", "volume": 0.13}
[2026-09-25 21:55:39.737] [SFX] {"sound": "civ_move_2", "volume": 0.11}
[2026-09-25 21:55:39.970] [SFX] {"sound": "civ_move_2", "volume": 0.12}
[2026-09-25 21:55:40.380] [SFX] {"sound": "civ_move_2", "volume": 0.11}
[2026-09-25 21:55:40.566] [SFX] {"sound": "civ_move_2", "volume": 0.13}
[2026-09-25 21:55:40.783] [SFX] {"sound": "civ_move_2", "volume": 0.09}
[2026-09-25 21:55:40.966] [SFX] {"sound": "civ_move_2", "volume": 0.14}
[2026-09-25 21:55:41.185] [SFX] {"sound": "civ_move_2", "volume": 0.08}
[2026-09-25 21:55:41.373] [SFX] {"sound": "civ_move_2", "volume": 0.15}
[2026-09-25 21:55:41.589] [SFX] {"sound": "civ_move_2", "volume": 0.07}
[2026-09-25 21:55:41.773] [SFX] {"sound": "civ_move_2", "volume": 0.16}
[2026-09-25 21:55:41.990] [SFX] {"sound": "civ_move_2", "volume": 0.06}
[2026-09-25 21:55:42.176] [SFX] {"sound": "civ_move_2", "volume": 0.17}
[2026-09-25 21:55:42.406] [SFX] {"sound": "civ_move_2", "volume": 0.05}
[2026-09-25 21:55:42.585] [SFX] {"sound": "civ_move_2", "volume": 0.18}
[2026-09-25 21:55:42.818] [SFX] {"sound": "civ_move_2", "volume": 0.03}
[2026-09-25 21:55:42.985] [SFX] {"sound": "civ_move_2", "volume": 0.18}
[2026-09-25 21:55:43.220] [SFX] {"sound": "civ_move_2", "volume": 0.02}
[2026-09-25 21:55:43.386] [SFX] {"sound": "civ_move_2", "volume": 0.19}
[2026-09-25 21:55:43.635] [SFX] {"sound": "civ_move_2", "volume": 0.01}
[2026-09-25 21:55:43.800] [SFX] {"sound": "civ_move_2", "volume": 0.2}
[2026-09-25 21:55:44.613] [SFX] {"sound": "civ_move_2", "volume": 0.21}
[2026-09-25 21:55:45.180] [SFX] {"sound": "civ_move_2", "volume": 0.01}
[2026-09-25 21:55:45.416] [SFX] {"sound": "civ_move_2", "volume": 0.21}
[2026-09-25 21:55:45.581] [SFX] {"sound": "civ_move_2", "volume": 0.02}
[2026-09-25 21:55:45.816] [SFX] {"sound": "civ_move_2", "volume": 0.21}
[2026-09-25 21:55:45.981] [SFX] {"sound": "civ_move_2", "volume": 0.03}
[2026-09-25 21:55:46.230] [SFX] {"sound": "civ_move_2", "volume": 0.21}
[2026-09-25 21:55:46.397] [SFX] {"sound": "civ_move_2", "volume": 0.05}
[2026-09-25 21:55:46.629] [SFX] {"sound": "civ_move_2", "volume": 0.2}
[2026-09-25 21:55:46.693] [SFX] {"sound": "civ_move_2", "volume": 0.17}
[2026-09-25 21:55:46.806] [SFX] {"sound": "civ_move_2", "volume": 0.06}
[2026-09-25 21:55:46.954] [SFX] {"sound": "civ_move_2", "volume": 0.01}
[2026-09-25 21:55:47.039] [SFX] {"sound": "civ_move_2", "volume": 0.2}
[2026-09-25 21:55:47.106] [SFX] {"sound": "civ_move_2", "volume": 0.17}
[2026-09-25 21:55:47.219] [SFX] {"sound": "civ_move_2", "volume": 0.07}
[2026-09-25 21:55:47.368] [SFX] {"sound": "civ_move_2", "volume": 0.02}
[2026-09-25 21:55:47.453] [SFX] {"sound": "civ_move_2", "volume": 0.19}
[2026-09-25 21:55:47.521] [SFX] {"sound": "civ_move_2", "volume": 0.17}
[2026-09-25 21:55:47.620] [SFX] {"sound": "civ_move_2", "volume": 0.08}
[2026-09-25 21:55:47.768] [SFX] {"sound": "civ_move_2", "volume": 0.03}
[2026-09-25 21:55:47.868] [SFX] {"sound": "civ_move_2", "volume": 0.18}
[2026-09-25 21:55:47.954] [SFX] {"sound": "civ_move_2", "volume": 0.16}
[2026-09-25 21:55:48.021] [SFX] {"sound": "civ_move_2", "volume": 0.09}
[2026-09-25 21:55:48.170] [SFX] {"sound": "civ_move_2", "volume": 0.05}
[2026-09-25 21:55:48.269] [SFX] {"sound": "civ_move_2", "volume": 0.18}
[2026-09-25 21:55:48.370] [SFX] {"sound": "civ_move_2", "volume": 0.14}
[2026-09-25 21:55:48.421] [SFX] {"sound": "civ_move_2", "volume": 0.1}
[2026-09-25 21:55:48.575] [SFX] {"sound": "civ_move_2", "volume": 0.06}
[2026-09-25 21:55:48.675] [SFX] {"sound": "civ_move_2", "volume": 0.17}
[2026-09-25 21:55:48.775] [SFX] {"sound": "civ_move_2", "volume": 0.13}
[2026-09-25 21:55:48.824] [SFX] {"sound": "civ_move_2", "volume": 0.12}
[2026-09-25 21:55:48.991] [SFX] {"sound": "civ_move_2", "volume": 0.07}
[2026-09-25 21:55:49.059] [M] {"button": 1, "pos": [445, 205], "ui_clicked": false}
[2026-09-25 21:55:49.069] [P] {"start": [136, 92], "goal": [147, 92], "length": 1, "is_direction_change": false}
[2026-09-25 21:55:49.070] [SFX] {"sound": "click_target", "volume": 0.58}
[2026-09-25 21:55:49.107] [JACK] Kurzer Blick um die Ecke...
[2026-09-25 21:55:49.108] [SFX] {"sound": "civ_move_2", "volume": 0.16}
[2026-09-25 21:55:49.173] [SFX] {"sound": "player_move", "volume": 0.4}
[2026-09-25 21:55:49.195] [SFX] {"sound": "civ_move_2", "volume": 0.1}
[2026-09-25 21:55:49.239] [SFX] {"sound": "civ_move_2", "volume": 0.15}
[2026-09-25 21:55:49.488] [SFX] {"sound": "player_move", "volume": 0.4}
[2026-09-25 21:55:49.489] [SFX] {"sound": "civ_move_2", "volume": 0.19}
[2026-09-25 21:55:49.604] [SFX] {"sound": "civ_move_2", "volume": 0.03}
[2026-09-25 21:55:49.655] [SFX] {"sound": "civ_move_2", "volume": 0.22}
[2026-09-25 21:55:49.904] [SFX] {"sound": "civ_move_2", "volume": 0.2}
[2026-09-25 21:55:50.021] [SFX] {"sound": "civ_move_2", "volume": 0.01}
[2026-09-25 21:55:50.056] [SFX] {"sound": "civ_move_2", "volume": 0.23}
[2026-09-25 21:55:50.306] [SFX] {"sound": "civ_move_2", "volume": 0.19}
[2026-09-25 21:55:50.421] [SFX] {"sound": "civ_move_2", "volume": 0.0}
[2026-09-25 21:55:50.457] [SFX] {"sound": "civ_move_2", "volume": 0.24}
[2026-09-25 21:55:50.706] [SFX] {"sound": "civ_move_2", "volume": 0.18}
[2026-09-25 21:55:50.871] [SFX] {"sound": "civ_move_2", "volume": 0.25}
[2026-09-25 21:55:50.989] [SFX] {"sound": "civ_move_2", "volume": 0.01}
[2026-09-25 21:55:51.073] [SFX] {"sound": "civ_move_1", "volume": 0.01}
[2026-09-25 21:55:51.106] [SFX] {"sound": "civ_move_2", "volume": 0.17}
[2026-09-25 21:55:51.273] [SFX] {"sound": "civ_move_2", "volume": 0.26}
[2026-09-25 21:55:51.391] [SFX] {"sound": "civ_move_2", "volume": 0.02}
[2026-09-25 21:55:51.475] [SFX] {"sound": "civ_move_1", "volume": 0.02}
[2026-09-25 21:55:51.510] [SFX] {"sound": "civ_move_2", "volume": 0.17}
[2026-09-25 21:55:51.675] [SFX] {"sound": "civ_move_2", "volume": 0.27}
[2026-09-25 21:55:51.793] [SFX] {"sound": "civ_move_2", "volume": 0.03}
[2026-09-25 21:55:51.891] [SFX] {"sound": "civ_move_1", "volume": 0.03}
[2026-09-25 21:55:51.925] [SFX] {"sound": "civ_move_2", "volume": 0.16}
[2026-09-25 21:55:52.091] [SFX] {"sound": "civ_move_2", "volume": 0.27}
[2026-09-25 21:55:52.207] [SFX] {"sound": "civ_move_2", "volume": 0.04}
[2026-09-25 21:55:52.306] [SFX] {"sound": "civ_move_1", "volume": 0.04}
[2026-09-25 21:55:52.338] [SFX] {"sound": "civ_move_2", "volume": 0.15}
[2026-09-25 21:55:52.502] [SFX] {"sound": "civ_move_2", "volume": 0.27}
[2026-09-25 21:55:52.617] [SFX] {"sound": "civ_move_2", "volume": 0.05}
[2026-09-25 21:55:52.718] [SFX] {"sound": "civ_move_1", "volume": 0.06}
[2026-09-25 21:55:52.751] [SFX] {"sound": "civ_move_2", "volume": 0.14}
[2026-09-25 21:55:52.916] [SFX] {"sound": "civ_move_2", "volume": 0.26}
[2026-09-25 21:55:53.032] [SFX] {"sound": "civ_move_2", "volume": 0.06}
[2026-09-25 21:55:53.133] [SFX] {"sound": "civ_move_1", "volume": 0.07}
[2026-09-25 21:55:53.166] [SFX] {"sound": "civ_move_2", "volume": 0.13}
[2026-09-25 21:55:53.316] [SFX] {"sound": "civ_move_2", "volume": 0.25}
[2026-09-25 21:55:53.446] [SFX] {"sound": "civ_move_2", "volume": 0.07}
[2026-09-25 21:55:53.550] [SFX] {"sound": "civ_move_1", "volume": 0.08}
[2026-09-25 21:55:53.575] [SFX] {"sound": "civ_move_2", "volume": 0.11}
[2026-09-25 21:55:53.723] [SFX] {"sound": "civ_move_2", "volume": 0.24}
[2026-09-25 21:55:53.857] [SFX] {"sound": "civ_move_2", "volume": 0.09}
[2026-09-25 21:55:53.956] [SFX] {"sound": "civ_move_1", "volume": 0.09}
[2026-09-25 21:55:53.978] [SFX] {"sound": "civ_move_2", "volume": 0.1}
[2026-09-25 21:55:54.125] [SFX] {"sound": "civ_move_2", "volume": 0.23}
[2026-09-25 21:55:54.259] [SFX] {"sound": "civ_move_2", "volume": 0.1}
[2026-09-25 21:55:54.357] [SFX] {"sound": "civ_move_1", "volume": 0.11}
[2026-09-25 21:55:54.379] [SFX] {"sound": "civ_move_2", "volume": 0.09}
[2026-09-25 21:55:54.539] [SFX] {"sound": "civ_move_2", "volume": 0.22}
[2026-09-25 21:55:54.675] [SFX] {"sound": "civ_move_2", "volume": 0.11}
[2026-09-25 21:55:54.757] [SFX] {"sound": "civ_move_1", "volume": 0.12}
[2026-09-25 21:55:54.779] [SFX] {"sound": "civ_move_2", "volume": 0.08}
[2026-09-25 21:55:54.939] [SFX] {"sound": "civ_move_2", "volume": 0.21}
[2026-09-25 21:55:55.087] [SFX] {"sound": "civ_move_2", "volume": 0.12}
[2026-09-25 21:55:55.169] [SFX] {"sound": "civ_move_1", "volume": 0.13}
[2026-09-25 21:55:55.192] [SFX] {"sound": "civ_move_2", "volume": 0.07}
[2026-09-25 21:55:55.351] [SFX] {"sound": "civ_move_2", "volume": 0.2}
[2026-09-25 21:55:55.501] [SFX] {"sound": "civ_move_2", "volume": 0.13}
[2026-09-25 21:55:55.586] [SFX] {"sound": "civ_move_1", "volume": 0.14}
[2026-09-25 21:55:55.608] [SFX] {"sound": "civ_move_2", "volume": 0.06}
[2026-09-25 21:55:55.752] [SFX] {"sound": "civ_move_2", "volume": 0.19}
[2026-09-25 21:55:55.901] [SFX] {"sound": "civ_move_2", "volume": 0.14}
[2026-09-25 21:55:55.985] [SFX] {"sound": "civ_move_1", "volume": 0.15}
[2026-09-25 21:55:56.009] [SFX] {"sound": "civ_move_2", "volume": 0.05}
[2026-09-25 21:55:56.167] [SFX] {"sound": "civ_move_2", "volume": 0.17}
[2026-09-25 21:55:56.301] [SFX] {"sound": "civ_move_2", "volume": 0.15}
[2026-09-25 21:55:56.398] [SFX] {"sound": "civ_move_1", "volume": 0.17}
[2026-09-25 21:55:56.420] [SFX] {"sound": "civ_move_2", "volume": 0.04}
[2026-09-25 21:55:56.583] [SFX] {"sound": "civ_move_2", "volume": 0.16}
[2026-09-25 21:55:56.800] [SFX] {"sound": "civ_move_1", "volume": 0.18}
[2026-09-25 21:55:56.831] [SFX] {"sound": "civ_move_2", "volume": 0.03}
[2026-09-25 21:55:56.994] [SFX] {"sound": "civ_move_2", "volume": 0.15}
[2026-09-25 21:55:57.129] [SFX] {"sound": "civ_move_2", "volume": 0.17}
[2026-09-25 21:55:57.211] [SFX] {"sound": "civ_move_1", "volume": 0.19}
[2026-09-25 21:55:57.234] [SFX] {"sound": "civ_move_2", "volume": 0.01}
[2026-09-25 21:55:57.395] [SFX] {"sound": "civ_move_2", "volume": 0.14}
[2026-09-25 21:55:57.529] [SFX] {"sound": "civ_move_2", "volume": 0.18}
[2026-09-25 21:55:57.613] [SFX] {"sound": "civ_move_1", "volume": 0.2}
[2026-09-25 21:55:57.636] [SFX] {"sound": "civ_move_2", "volume": 0.0}
[2026-09-25 21:55:57.797] [SFX] {"sound": "civ_move_2", "volume": 0.13}
[2026-09-25 21:55:57.929] [SFX] {"sound": "civ_move_2", "volume": 0.18}
[2026-09-25 21:55:58.013] [SFX] {"sound": "civ_move_1", "volume": 0.21}
[2026-09-25 21:55:58.210] [SFX] {"sound": "civ_move_2", "volume": 0.11}
[2026-09-25 21:55:58.343] [SFX] {"sound": "civ_move_2", "volume": 0.19}
[2026-09-25 21:55:58.427] [SFX] {"sound": "civ_move_1", "volume": 0.22}
[2026-09-25 21:55:58.610] [SFX] {"sound": "civ_move_2", "volume": 0.1}
[2026-09-25 21:55:58.758] [SFX] {"sound": "civ_move_2", "volume": 0.2}
[2026-09-25 21:55:58.828] [SFX] {"sound": "civ_move_1", "volume": 0.23}
[2026-09-25 21:55:59.024] [SFX] {"sound": "civ_move_2", "volume": 0.09}
[2026-09-25 21:55:59.172] [SFX] {"sound": "civ_move_2", "volume": 0.2}
[2026-09-25 21:55:59.240] [SFX] {"sound": "civ_move_1", "volume": 0.25}
[2026-09-25 21:55:59.437] [SFX] {"sound": "civ_move_2", "volume": 0.08}
[2026-09-25 21:55:59.587] [SFX] {"sound": "civ_move_2", "volume": 0.21}
[2026-09-25 21:55:59.651] [SFX] {"sound": "civ_move_1", "volume": 0.25}
[2026-09-25 21:55:59.849] [SFX] {"sound": "civ_move_2", "volume": 0.07}
[2026-09-25 21:55:59.999] [SFX] {"sound": "civ_move_2", "volume": 0.21}
[2026-09-25 21:56:00.052] [SFX] {"sound": "civ_move_1", "volume": 0.26}
[2026-09-25 21:56:00.251] [SFX] {"sound": "civ_move_2", "volume": 0.05}
[2026-09-25 21:56:00.414] [SFX] {"sound": "civ_move_2", "volume": 0.21}
[2026-09-25 21:56:00.464] [SFX] {"sound": "civ_move_1", "volume": 0.27}
[2026-09-25 21:56:00.665] [SFX] {"sound": "civ_move_2", "volume": 0.04}
[2026-09-25 21:56:00.815] [SFX] {"sound": "civ_move_2", "volume": 0.0}
[2026-09-25 21:56:00.816] [SFX] {"sound": "civ_move_2", "volume": 0.21}
[2026-09-25 21:56:00.864] [SFX] {"sound": "civ_move_1", "volume": 0.27}
[2026-09-25 21:56:01.065] [SFX] {"sound": "civ_move_2", "volume": 0.03}
[2026-09-25 21:56:01.216] [SFX] {"sound": "civ_move_2", "volume": 0.01}
[2026-09-25 21:56:01.217] [SFX] {"sound": "civ_move_2", "volume": 0.21}
[2026-09-25 21:56:01.267] [SFX] {"sound": "civ_move_1", "volume": 0.27}
[2026-09-25 21:56:01.465] [SFX] {"sound": "civ_move_2", "volume": 0.02}
[2026-09-25 21:56:01.617] [SFX] {"sound": "civ_move_2", "volume": 0.01}
[2026-09-25 21:56:01.617] [SFX] {"sound": "civ_move_2", "volume": 0.2}
[2026-09-25 21:56:01.682] [SFX] {"sound": "civ_move_1", "volume": 0.26}
[2026-09-25 21:56:01.881] [SFX] {"sound": "civ_move_2", "volume": 0.01}
[2026-09-25 21:56:02.018] [SFX] {"sound": "civ_move_2", "volume": 0.2}
[2026-09-25 21:56:02.083] [SFX] {"sound": "civ_move_1", "volume": 0.25}
[2026-09-25 21:56:02.430] [SFX] {"sound": "civ_move_2", "volume": 0.02}
[2026-09-25 21:56:02.431] [SFX] {"sound": "civ_move_2", "volume": 0.19}
[2026-09-25 21:56:02.483] [SFX] {"sound": "civ_move_1", "volume": 0.24}
[2026-09-25 21:56:02.832] [SFX] {"sound": "civ_move_2", "volume": 0.02}
[2026-09-25 21:56:02.833] [SFX] {"sound": "civ_move_2", "volume": 0.18}
[2026-09-25 21:56:02.882] [SFX] {"sound": "civ_move_1", "volume": 0.23}
[2026-09-25 21:56:03.242] [SFX] {"sound": "civ_move_2", "volume": 0.02}
[2026-09-25 21:56:03.243] [SFX] {"sound": "civ_move_2", "volume": 0.17}
[2026-09-25 21:56:03.293] [SFX] {"sound": "civ_move_1", "volume": 0.22}
[2026-09-25 21:56:03.656] [SFX] {"sound": "civ_move_2", "volume": 0.02}
[2026-09-25 21:56:03.656] [SFX] {"sound": "civ_move_2", "volume": 0.17}
[2026-09-25 21:56:03.708] [SFX] {"sound": "civ_move_1", "volume": 0.21}
[2026-09-25 21:56:04.070] [SFX] {"sound": "civ_move_2", "volume": 0.02}
[2026-09-25 21:56:04.072] [SFX] {"sound": "civ_move_2", "volume": 0.16}
[2026-09-25 21:56:04.120] [SFX] {"sound": "civ_move_1", "volume": 0.2}
[2026-09-25 21:56:04.481] [SFX] {"sound": "civ_move_2", "volume": 0.02}
[2026-09-25 21:56:04.482] [SFX] {"sound": "civ_move_2", "volume": 0.15}
[2026-09-25 21:56:04.534] [SFX] {"sound": "civ_move_1", "volume": 0.18}
[2026-09-25 21:56:04.685] [M] {"button": 1, "pos": [116, 124], "ui_clicked": false}
[2026-09-25 21:56:04.884] [SFX] {"sound": "civ_move_2", "volume": 0.02}
[2026-09-25 21:56:04.885] [SFX] {"sound": "civ_move_2", "volume": 0.14}
[2026-09-25 21:56:04.934] [SFX] {"sound": "civ_move_1", "volume": 0.17}
[2026-09-25 21:56:05.068] [M] {"button": 1, "pos": [116, 128], "ui_clicked": false}
[2026-09-25 21:56:05.076] [JACK] JACK // ETHICS WAIVED LONG AGO. HER CACHES ARE RICH WITH RAW SENSORY DATA.
[2026-09-25 21:56:05.077] [SFX] {"sound": "click_target", "volume": 0.53}
[2026-09-25 21:56:05.256] [SFX] {"sound": "player_move", "volume": 0.4}
[2026-09-25 21:56:05.290] [SFX] {"sound": "civ_move_2", "volume": 0.02}
[2026-09-25 21:56:05.291] [SFX] {"sound": "civ_move_2", "volume": 0.15}
[2026-09-25 21:56:05.340] [SFX] {"sound": "civ_move_1", "volume": 0.2}
[2026-09-25 21:56:05.558] [SFX] {"sound": "player_move", "volume": 0.4}
[2026-09-25 21:56:05.692] [SFX] {"sound": "civ_move_2", "volume": 0.01}
[2026-09-25 21:56:05.693] [SFX] {"sound": "civ_move_2", "volume": 0.19}
[2026-09-25 21:56:05.741] [SFX] {"sound": "civ_move_1", "volume": 0.24}
[2026-09-25 21:56:05.873] [SFX] {"sound": "player_move", "volume": 0.4}
[2026-09-25 21:56:05.925] [SFX] {"sound": "civ_move_1", "volume": 0.05}
[2026-09-25 21:56:05.926] [SFX] {"sound": "civ_move_1", "volume": 0.06}
[2026-09-25 21:56:05.948] [SFX] {"sound": "civ_move_2", "volume": 0.01}
[2026-09-25 21:56:06.093] [SFX] {"sound": "civ_move_2", "volume": 0.21}
[2026-09-25 21:56:06.146] [SFX] {"sound": "civ_move_1", "volume": 0.27}
[2026-09-25 21:56:06.179] [SFX] {"sound": "player_move", "volume": 0.4}
[2026-09-25 21:56:06.334] [SFX] {"sound": "civ_move_1", "volume": 0.11}
[2026-09-25 21:56:06.335] [SFX] {"sound": "civ_move_1", "volume": 0.13}
[2026-09-25 21:56:06.357] [SFX] {"sound": "civ_move_2", "volume": 0.06}
[2026-09-25 21:56:06.484] [SFX] {"sound": "player_move", "volume": 0.4}
[2026-09-25 21:56:06.507] [SFX] {"sound": "civ_move_2", "volume": 0.21}
[2026-09-25 21:56:06.553] [SFX] {"sound": "civ_move_1", "volume": 0.24}
[2026-09-25 21:56:06.738] [SFX] {"sound": "civ_move_1", "volume": 0.17}
[2026-09-25 21:56:06.739] [SFX] {"sound": "civ_move_1", "volume": 0.2}
[2026-09-25 21:56:06.760] [SFX] {"sound": "civ_move_2", "volume": 0.11}
[2026-09-25 21:56:06.788] [SFX] {"sound": "player_move", "volume": 0.4}
[2026-09-25 21:56:06.905] [SFX] {"sound": "civ_move_2", "volume": 0.18}
[2026-09-25 21:56:06.956] [SFX] {"sound": "civ_move_1", "volume": 0.2}
[2026-09-25 21:56:07.090] [SFX] {"sound": "player_move", "volume": 0.4}
[2026-09-25 21:56:07.140] [SFX] {"sound": "civ_move_1", "volume": 0.21}
[2026-09-25 21:56:07.141] [SFX] {"sound": "civ_move_1", "volume": 0.26}
[2026-09-25 21:56:07.163] [SFX] {"sound": "civ_move_2", "volume": 0.16}
[2026-09-25 21:56:07.310] [SFX] {"sound": "civ_move_2", "volume": 0.14}
[2026-09-25 21:56:07.359] [SFX] {"sound": "civ_move_1", "volume": 0.15}
[2026-09-25 21:56:07.393] [SFX] {"sound": "player_move", "volume": 0.4}
[2026-09-25 21:56:07.543] [SFX] {"sound": "civ_move_1", "volume": 0.19}
[2026-09-25 21:56:07.544] [SFX] {"sound": "civ_move_1", "volume": 0.24}
[2026-09-25 21:56:07.567] [SFX] {"sound": "civ_move_2", "volume": 0.21}
[2026-09-25 21:56:07.648] [SFX] {"sound": "guardian_move", "volume": 0.08}
[2026-09-25 21:56:07.698] [SFX] {"sound": "player_move", "volume": 0.4}
[2026-09-25 21:56:07.721] [SFX] {"sound": "civ_move_2", "volume": 0.1}
[2026-09-25 21:56:07.769] [SFX] {"sound": "civ_move_1", "volume": 0.1}
[2026-09-25 21:56:07.952] [SFX] {"sound": "civ_move_1", "volume": 0.14}
[2026-09-25 21:56:07.952] [SFX] {"sound": "civ_move_1", "volume": 0.17}
[2026-09-25 21:56:07.974] [SFX] {"sound": "civ_move_2", "volume": 0.25}
[2026-09-25 21:56:07.975] [SFX] {"sound": "civ_move_1", "volume": 0.03}
[2026-09-25 21:56:08.004] [SFX] {"sound": "player_move", "volume": 0.4}
[2026-09-25 21:56:08.121] [SFX] {"sound": "civ_move_2", "volume": 0.06}
[2026-09-25 21:56:08.173] [SFX] {"sound": "civ_move_1", "volume": 0.05}
[2026-09-25 21:56:08.255] [SFX] {"sound": "guardian_move", "volume": 0.23}
[2026-09-25 21:56:08.320] [SFX] {"sound": "player_move", "volume": 0.4}
[2026-09-25 21:56:08.355] [SFX] {"sound": "civ_move_1", "volume": 0.08}
[2026-09-25 21:56:08.356] [SFX] {"sound": "civ_move_1", "volume": 0.1}
[2026-09-25 21:56:08.377] [SFX] {"sound": "civ_move_2", "volume": 0.27}
[2026-09-25 21:56:08.378] [SFX] {"sound": "civ_move_1", "volume": 0.1}
[2026-09-25 21:56:08.520] [SFX] {"sound": "civ_move_2", "volume": 0.01}
[2026-09-25 21:56:08.588] [SFX] {"sound": "civ_move_1", "volume": 0.0}
[2026-09-25 21:56:08.623] [SFX] {"sound": "player_move", "volume": 0.4}
[2026-09-25 21:56:08.656] [SFX] {"sound": "civ_move_2", "volume": 0.03}
[2026-09-25 21:56:08.757] [SFX] {"sound": "civ_move_1", "volume": 0.01}
[2026-09-25 21:56:08.758] [SFX] {"sound": "civ_move_1", "volume": 0.03}
[2026-09-25 21:56:08.779] [SFX] {"sound": "civ_move_2", "volume": 0.24}
[2026-09-25 21:56:08.780] [SFX] {"sound": "civ_move_1", "volume": 0.17}
[2026-09-25 21:56:08.858] [SFX] {"sound": "guardian_move", "volume": 0.35}
[2026-09-25 21:56:08.924] [SFX] {"sound": "player_move", "volume": 0.4}
[2026-09-25 21:56:08.925] [SFX] {"sound": "civ_move_2", "volume": 0.05}
[2026-09-25 21:56:08.925] [SFX] {"sound": "civ_move_2", "volume": 0.06}
[2026-09-25 21:56:08.989] [SFX] {"sound": "civ_move_2", "volume": 0.02}
[2026-09-25 21:56:09.056] [SFX] {"sound": "civ_move_2", "volume": 0.07}
[2026-09-25 21:56:09.187] [SFX] {"sound": "civ_move_2", "volume": 0.19}
[2026-09-25 21:56:09.188] [SFX] {"sound": "civ_move_1", "volume": 0.25}
[2026-09-25 21:56:09.238] [SFX] {"sound": "player_move", "volume": 0.4}
[2026-09-25 21:56:09.338] [SFX] {"sound": "civ_move_2", "volume": 0.1}
[2026-09-25 21:56:09.338] [SFX] {"sound": "civ_move_2", "volume": 0.15}
[2026-09-25 21:56:09.391] [SFX] {"sound": "civ_move_2", "volume": 0.05}
[2026-09-25 21:56:09.458] [SFX] {"sound": "guardian_move", "volume": 0.27}
[2026-09-25 21:56:09.460] [SFX] {"sound": "civ_move_2", "volume": 0.12}
[2026-09-25 21:56:09.541] [SFX] {"sound": "player_move", "volume": 0.4}
[2026-09-25 21:56:09.593] [SFX] {"sound": "civ_move_2", "volume": 0.14}
[2026-09-25 21:56:09.594] [SFX] {"sound": "civ_move_1", "volume": 0.26}
[2026-09-25 21:56:09.741] [SFX] {"sound": "civ_move_2", "volume": 0.13}
[2026-09-25 21:56:09.742] [SFX] {"sound": "civ_move_2", "volume": 0.22}
[2026-09-25 21:56:09.792] [SFX] {"sound": "civ_move_2", "volume": 0.07}
[2026-09-25 21:56:09.844] [SFX] {"sound": "player_move", "volume": 0.4}
[2026-09-25 21:56:09.869] [SFX] {"sound": "civ_move_2", "volume": 0.16}
[2026-09-25 21:56:09.999] [SFX] {"sound": "civ_move_2", "volume": 0.1}
[2026-09-25 21:56:10.000] [SFX] {"sound": "civ_move_1", "volume": 0.2}
[2026-09-25 21:56:10.066] [SFX] {"sound": "guardian_move", "volume": 0.14}
[2026-09-25 21:56:10.148] [SFX] {"sound": "player_move", "volume": 0.4}
[2026-09-25 21:56:10.148] [SFX] {"sound": "civ_move_2", "volume": 0.14}
[2026-09-25 21:56:10.149] [SFX] {"sound": "civ_move_2", "volume": 0.22}
[2026-09-25 21:56:10.199] [SFX] {"sound": "civ_move_2", "volume": 0.06}
[2026-09-25 21:56:10.266] [SFX] {"sound": "civ_move_2", "volume": 0.14}
[2026-09-25 21:56:10.402] [SFX] {"sound": "civ_move_1", "volume": 0.22}
[2026-09-25 21:56:10.456] [SFX] {"sound": "player_move", "volume": 0.4}
[2026-09-25 21:56:10.559] [SFX] {"sound": "civ_move_2", "volume": 0.1}
[2026-09-25 21:56:10.560] [SFX] {"sound": "civ_move_2", "volume": 0.19}
[2026-09-25 21:56:10.609] [SFX] {"sound": "civ_move_2", "volume": 0.02}
[2026-09-25 21:56:10.676] [SFX] {"sound": "guardian_move", "volume": 0.2}
[2026-09-25 21:56:10.677] [SFX] {"sound": "civ_move_2", "volume": 0.1}
[2026-09-25 21:56:10.758] [SFX] {"sound": "player_move", "volume": 0.4}
[2026-09-25 21:56:10.810] [SFX] {"sound": "civ_move_2", "volume": 0.2}
[2026-09-25 21:56:10.810] [SFX] {"sound": "civ_move_1", "volume": 0.26}
[2026-09-25 21:56:10.958] [SFX] {"sound": "civ_move_2", "volume": 0.06}
[2026-09-25 21:56:10.959] [SFX] {"sound": "civ_move_2", "volume": 0.15}
[2026-09-25 21:56:11.024] [C] {"civ_pos": [65, 88]}
[2026-09-25 21:56:11.064] [SFX] {"sound": "player_move", "volume": 0.4}
[2026-09-25 21:56:11.086] [SFX] {"sound": "civ_move_2", "volume": 0.06}
[2026-09-25 21:56:11.217] [SFX] {"sound": "civ_move_2", "volume": 0.27}
[2026-09-25 21:56:11.218] [SFX] {"sound": "civ_move_1", "volume": 0.29}
[2026-09-25 21:56:11.284] [SFX] {"sound": "guardian_move", "volume": 0.3}
[2026-09-25 21:56:11.367] [SFX] {"sound": "player_move", "volume": 0.4}
[2026-09-25 21:56:11.367] [SFX] {"sound": "civ_move_2", "volume": 0.02}
[2026-09-25 21:56:11.368] [SFX] {"sound": "civ_move_2", "volume": 0.11}
[2026-09-25 21:56:11.389] [SFX] {"sound": "civ_move_2", "volume": 0.05}
[2026-09-25 21:56:11.436] [SFX] {"sound": "civ_move_1", "volume": 0.05}
[2026-09-25 21:56:11.487] [SFX] {"sound": "civ_move_2", "volume": 0.01}
[2026-09-25 21:56:11.626] [JACK] Diese Bedrohung ist greifbar... Die Wachen dürfen unser Signal nicht isolieren.
[2026-09-25 21:56:11.644] [SFX] {"sound": "civ_move_2", "volume": 0.25}
[2026-09-25 21:56:11.645] [SFX] {"sound": "civ_move_1", "volume": 0.24}
[2026-09-25 21:56:11.673] [SFX] {"sound": "player_move", "volume": 0.4}
[2026-09-25 21:56:11.674] [SFX] {"sound": "threat_pulse", "volume": 0.3}
[2026-09-25 21:56:11.776] [SFX] {"sound": "civ_move_2", "volume": 0.06}
[2026-09-25 21:56:11.797] [SFX] {"sound": "civ_move_2", "volume": 0.12}
[2026-09-25 21:56:11.842] [SFX] {"sound": "civ_move_1", "volume": 0.13}
[2026-09-25 21:56:11.891] [SFX] {"sound": "guardian_move", "volume": 0.39}
[2026-09-25 21:56:11.988] [SFX] {"sound": "player_move", "volume": 0.4}
[2026-09-25 21:56:12.038] [SFX] {"sound": "civ_move_2", "volume": 0.18}
[2026-09-25 21:56:12.039] [SFX] {"sound": "civ_move_1", "volume": 0.2}
[2026-09-25 21:56:12.088] [SFX] {"sound": "civ_move_1", "volume": 0.15}
[2026-09-25 21:56:12.189] [SFX] {"sound": "civ_move_2", "volume": 0.02}
[2026-09-25 21:56:12.212] [SFX] {"sound": "civ_move_2", "volume": 0.19}
[2026-09-25 21:56:12.243] [SFX] {"sound": "civ_move_1", "volume": 0.2}
[2026-09-25 21:56:12.292] [SFX] {"sound": "player_move", "volume": 0.4}
[2026-09-25 21:56:12.409] [SFX] {"sound": "civ_move_1", "volume": 0.04}
[2026-09-25 21:56:12.443] [SFX] {"sound": "civ_move_2", "volume": 0.1}
[2026-09-25 21:56:12.444] [SFX] {"sound": "civ_move_1", "volume": 0.15}
[2026-09-25 21:56:12.492] [SFX] {"sound": "guardian_move", "volume": 0.29}
[2026-09-25 21:56:12.493] [SFX] {"sound": "civ_move_1", "volume": 0.1}
[2026-09-25 21:56:12.577] [SFX] {"sound": "threat_pulse", "volume": 0.3}
[2026-09-25 21:56:12.598] [SFX] {"sound": "player_move", "volume": 0.4}
[2026-09-25 21:56:12.617] [SFX] {"sound": "civ_move_2", "volume": 0.24}
[2026-09-25 21:56:12.647] [SFX] {"sound": "civ_move_1", "volume": 0.27}
[2026-09-25 21:56:12.816] [SFX] {"sound": "civ_move_1", "volume": 0.08}
[2026-09-25 21:56:12.851] [SFX] {"sound": "civ_move_2", "volume": 0.04}
[2026-09-25 21:56:12.852] [SFX] {"sound": "civ_move_1", "volume": 0.11}
[2026-09-25 21:56:12.901] [SFX] {"sound": "player_move", "volume": 0.4}
[2026-09-25 21:56:12.922] [SFX] {"sound": "civ_move_1", "volume": 0.08}
[2026-09-25 21:56:13.017] [SFX] {"sound": "civ_move_2", "volume": 0.24}
[2026-09-25 21:56:13.050] [SFX] {"sound": "civ_move_1", "volume": 0.3}
[2026-09-25 21:56:13.215] [SFX] {"sound": "player_move", "volume": 0.4}
[2026-09-25 21:56:13.239] [SFX] {"sound": "civ_move_1", "volume": 0.07}
[2026-09-25 21:56:13.257] [SFX] {"sound": "civ_move_2", "volume": 0.03}
[2026-09-25 21:56:13.258] [SFX] {"sound": "civ_move_1", "volume": 0.12}
[2026-09-25 21:56:13.320] [SFX] {"sound": "civ_move_1", "volume": 0.07}
[2026-09-25 21:56:13.423] [SFX] {"sound": "civ_move_2", "volume": 0.24}
[2026-09-25 21:56:13.459] [SFX] {"sound": "civ_move_1", "volume": 0.29}
[2026-09-25 21:56:13.528] [SFX] {"sound": "player_move", "volume": 0.4}
[2026-09-25 21:56:13.529] [C] {"civ_pos": [96, 88]}
[2026-09-25 21:56:13.614] [SFX] {"sound": "threat_pulse", "volume": 0.31}
[2026-09-25 21:56:13.649] [SFX] {"sound": "civ_move_1", "volume": 0.05}
[2026-09-25 21:56:13.672] [SFX] {"sound": "civ_move_2", "volume": 0.03}
[2026-09-25 21:56:13.673] [SFX] {"sound": "civ_move_1", "volume": 0.15}
[2026-09-25 21:56:13.734] [SFX] {"sound": "civ_move_1", "volume": 0.07}
[2026-09-25 21:56:13.832] [SFX] {"sound": "player_move", "volume": 0.4}
[2026-09-25 21:56:13.833] [SFX] {"sound": "civ_move_2", "volume": 0.24}
[2026-09-25 21:56:13.866] [SFX] {"sound": "civ_move_1", "volume": 0.29}
[2026-09-25 21:56:13.915] [M] {"button": 1, "pos": [391, 193], "ui_clicked": true}
[2026-09-25 21:56:14.060] [SFX] {"sound": "civ_move_1", "volume": 0.02}
[2026-09-25 21:56:14.082] [SFX] {"sound": "civ_move_2", "volume": 0.03}
[2026-09-25 21:56:14.083] [SFX] {"sound": "civ_move_1", "volume": 0.17}
[2026-09-25 21:56:14.146] [SFX] {"sound": "player_move", "volume": 0.4}
[2026-09-25 21:56:14.146] [SFX] {"sound": "civ_move_1", "volume": 0.07}
[2026-09-25 21:56:14.243] [SFX] {"sound": "civ_move_2", "volume": 0.24}
[2026-09-25 21:56:14.275] [SFX] {"sound": "civ_move_1", "volume": 0.29}
[2026-09-25 21:56:14.456] [SFX] {"sound": "player_move", "volume": 0.4}
[2026-09-25 21:56:14.479] [SFX] {"sound": "civ_move_1", "volume": 0.0}
[2026-09-25 21:56:14.499] [SFX] {"sound": "civ_move_2", "volume": 0.03}
[2026-09-25 21:56:14.500] [SFX] {"sound": "civ_move_1", "volume": 0.2}
[2026-09-25 21:56:14.532] [SFX] {"sound": "threat_pulse", "volume": 0.32}
[2026-09-25 21:56:14.555] [SFX] {"sound": "civ_move_1", "volume": 0.07}
[2026-09-25 21:56:14.617] [M] {"button": 1, "pos": [482, 189], "ui_clicked": false}
[2026-09-25 21:56:14.625] [SFX] {"sound": "action_cancel", "volume": 1.0}
[2026-09-25 21:56:14.626] [P] {"start": [92, 88], "goal": [105, 88], "length": 1, "is_direction_change": false}
[2026-09-25 21:56:14.627] [SFX] {"sound": "click_target", "volume": 0.55}
[2026-09-25 21:56:14.663] [SFX] {"sound": "civ_move_2", "volume": 0.23}
[2026-09-25 21:56:14.685] [SFX] {"sound": "civ_move_1", "volume": 0.28}
[2026-09-25 21:56:14.764] [SFX] {"sound": "player_move", "volume": 0.4}
[2026-09-25 21:56:14.880] [SFX] {"sound": "civ_move_1", "volume": 0.02}
[2026-09-25 21:56:14.902] [SFX] {"sound": "civ_move_1", "volume": 0.17}
[2026-09-25 21:56:14.962] [SFX] {"sound": "civ_move_1", "volume": 0.01}
[2026-09-25 21:56:15.080] [SFX] {"sound": "player_move", "volume": 0.4}
[2026-09-25 21:56:15.080] [SFX] {"sound": "civ_move_1", "volume": 0.21}
[2026-09-25 21:56:15.081] [SFX] {"sound": "civ_move_2", "volume": 0.18}
[2026-09-25 21:56:15.280] [SFX] {"sound": "civ_move_1", "volume": 0.06}
[2026-09-25 21:56:15.303] [SFX] {"sound": "civ_move_1", "volume": 0.13}
[2026-09-25 21:56:15.482] [SFX] {"sound": "civ_move_1", "volume": 0.17}
[2026-09-25 21:56:15.483] [SFX] {"sound": "civ_move_2", "volume": 0.15}
[2026-09-25 21:56:15.632] [SFX] {"sound": "civ_move_2", "volume": 0.01}
[2026-09-25 21:56:15.681] [SFX] {"sound": "civ_move_1", "volume": 0.05}
[2026-09-25 21:56:15.705] [SFX] {"sound": "civ_move_1", "volume": 0.15}
[2026-09-25 21:56:15.884] [SFX] {"sound": "civ_move_1", "volume": 0.16}
[2026-09-25 21:56:15.885] [SFX] {"sound": "civ_move_2", "volume": 0.14}
[2026-09-25 21:56:16.046] [SFX] {"sound": "civ_move_2", "volume": 0.02}
[2026-09-25 21:56:16.096] [SFX] {"sound": "civ_move_1", "volume": 0.04}
[2026-09-25 21:56:16.118] [SFX] {"sound": "civ_move_1", "volume": 0.16}
[2026-09-25 21:56:16.294] [SFX] {"sound": "civ_move_1", "volume": 0.15}
[2026-09-25 21:56:16.295] [SFX] {"sound": "civ_move_2", "volume": 0.13}
[2026-09-25 21:56:16.462] [SFX] {"sound": "civ_move_2", "volume": 0.03}
[2026-09-25 21:56:16.511] [SFX] {"sound": "civ_move_1", "volume": 0.03}
[2026-09-25 21:56:16.534] [SFX] {"sound": "civ_move_1", "volume": 0.17}
[2026-09-25 21:56:16.697] [SFX] {"sound": "civ_move_1", "volume": 0.14}
[2026-09-25 21:56:16.698] [SFX] {"sound": "civ_move_2", "volume": 0.11}
[2026-09-25 21:56:16.864] [SFX] {"sound": "civ_move_2", "volume": 0.04}
[2026-09-25 21:56:16.915] [SFX] {"sound": "civ_move_1", "volume": 0.02}
[2026-09-25 21:56:16.938] [SFX] {"sound": "civ_move_1", "volume": 0.18}
[2026-09-25 21:56:17.112] [SFX] {"sound": "civ_move_1", "volume": 0.12}
[2026-09-25 21:56:17.113] [SFX] {"sound": "civ_move_2", "volume": 0.1}
[2026-09-25 21:56:17.264] [SFX] {"sound": "civ_move_2", "volume": 0.05}
[2026-09-25 21:56:17.331] [SFX] {"sound": "civ_move_1", "volume": 0.0}
[2026-09-25 21:56:17.332] [SFX] {"sound": "civ_move_1", "volume": 0.19}
[2026-09-25 21:56:17.513] [SFX] {"sound": "civ_move_1", "volume": 0.11}
[2026-09-25 21:56:17.514] [SFX] {"sound": "civ_move_2", "volume": 0.09}
[2026-09-25 21:56:17.678] [SFX] {"sound": "civ_move_2", "volume": 0.07}
[2026-09-25 21:56:17.731] [SFX] {"sound": "civ_move_1", "volume": 0.21}
[2026-09-25 21:56:17.747] [M] {"button": 1, "pos": [482, 188], "ui_clicked": false}
[2026-09-25 21:56:17.755] [P] {"start": [105, 88], "goal": [113, 88], "length": 1, "is_direction_change": false}
[2026-09-25 21:56:17.756] [SFX] {"sound": "click_target", "volume": 0.64}
[2026-09-25 21:56:17.902] [SFX] {"sound": "player_move", "volume": 0.4}
[2026-09-25 21:56:17.925] [SFX] {"sound": "civ_move_1", "volume": 0.08}
[2026-09-25 21:56:17.926] [SFX] {"sound": "civ_move_2", "volume": 0.05}
[2026-09-25 21:56:18.090] [SFX] {"sound": "civ_move_2", "volume": 0.13}
[2026-09-25 21:56:18.140] [SFX] {"sound": "civ_move_1", "volume": 0.04}
[2026-09-25 21:56:18.141] [SFX] {"sound": "civ_move_1", "volume": 0.16}
[2026-09-25 21:56:18.322] [SFX] {"sound": "civ_move_1", "volume": 0.03}
[2026-09-25 21:56:18.323] [SFX] {"sound": "civ_move_2", "volume": 0.01}
[2026-09-25 21:56:18.489] [SFX] {"sound": "civ_move_2", "volume": 0.15}
[2026-09-25 21:56:18.542] [SFX] {"sound": "civ_move_1", "volume": 0.03}
[2026-09-25 21:56:18.543] [SFX] {"sound": "civ_move_1", "volume": 0.17}
[2026-09-25 21:56:18.726] [SFX] {"sound": "civ_move_1", "volume": 0.02}
[2026-09-25 21:56:18.810] [M] {"button": 1, "pos": [490, 193], "ui_clicked": false}
[2026-09-25 21:56:18.818] [P] {"start": [113, 88], "goal": [121, 88], "length": 1, "is_direction_change": false}
[2026-09-25 21:56:18.819] [SFX] {"sound": "click_target", "volume": 0.63}
[2026-09-25 21:56:18.841] [JACK] Vorsichtig vorantasten...
[2026-09-25 21:56:18.887] [SFX] {"sound": "player_move", "volume": 0.4}
[2026-09-25 21:56:18.909] [SFX] {"sound": "civ_move_2", "volume": 0.17}
[2026-09-25 21:56:18.955] [SFX] {"sound": "civ_move_1", "volume": 0.03}
[2026-09-25 21:56:18.956] [SFX] {"sound": "civ_move_1", "volume": 0.16}
[2026-09-25 21:56:19.202] [SFX] {"sound": "player_move", "volume": 0.4}
[2026-09-25 21:56:19.251] [M] {"button": 1, "pos": [490, 193], "ui_clicked": false}
[2026-09-25 21:56:19.259] [P] {"start": [121, 88], "goal": [129, 88], "length": 1, "is_direction_change": false}
[2026-09-25 21:56:19.260] [SFX] {"sound": "click_target", "volume": 0.63}
[2026-09-25 21:56:19.311] [SFX] {"sound": "civ_move_2", "volume": 0.22}
[2026-09-25 21:56:19.360] [SFX] {"sound": "civ_move_1", "volume": 0.08}
[2026-09-25 21:56:19.361] [SFX] {"sound": "civ_move_1", "volume": 0.12}
[2026-09-25 21:56:19.560] [SFX] {"sound": "player_move", "volume": 0.4}
[2026-09-25 21:56:19.727] [SFX] {"sound": "civ_move_2", "volume": 0.24}
[2026-09-25 21:56:19.742] [M] {"button": 1, "pos": [491, 193], "ui_clicked": false}
[2026-09-25 21:56:19.751] [P] {"start": [129, 88], "goal": [137, 88], "length": 1, "is_direction_change": false}
[2026-09-25 21:56:19.752] [SFX] {"sound": "click_target", "volume": 0.63}
[2026-09-25 21:56:19.793] [SFX] {"sound": "civ_move_1", "volume": 0.11}
[2026-09-25 21:56:19.794] [SFX] {"sound": "civ_move_1", "volume": 0.08}
[2026-09-25 21:56:19.972] [SFX] {"sound": "player_move", "volume": 0.4}
[2026-09-25 21:56:20.135] [SFX] {"sound": "civ_move_2", "volume": 0.2}
[2026-09-25 21:56:20.169] [SFX] {"sound": "civ_move_1", "volume": 0.15}
[2026-09-25 21:56:20.169] [SFX] {"sound": "civ_move_1", "volume": 0.04}
[2026-09-25 21:56:20.537] [SFX] {"sound": "civ_move_2", "volume": 0.18}
[2026-09-25 21:56:20.554] [M] {"button": 1, "pos": [491, 193], "ui_clicked": false}
[2026-09-25 21:56:20.564] [P] {"start": [137, 88], "goal": [145, 88], "length": 1, "is_direction_change": false}
[2026-09-25 21:56:20.565] [SFX] {"sound": "click_target", "volume": 0.63}
[2026-09-25 21:56:20.605] [SFX] {"sound": "civ_move_1", "volume": 0.14}
[2026-09-25 21:56:20.606] [SFX] {"sound": "civ_move_1", "volume": 0.05}
[2026-09-25 21:56:20.701] [SFX] {"sound": "player_move", "volume": 0.4}
[2026-09-25 21:56:20.952] [SFX] {"sound": "civ_move_1", "volume": 0.03}
[2026-09-25 21:56:20.953] [SFX] {"sound": "civ_move_2", "volume": 0.12}
[2026-09-25 21:56:20.985] [SFX] {"sound": "civ_move_1", "volume": 0.18}
[2026-09-25 21:56:20.986] [SFX] {"sound": "civ_move_1", "volume": 0.0}
[2026-09-25 21:56:21.066] [M] {"button": 1, "pos": [491, 193], "ui_clicked": false}
[2026-09-25 21:56:21.073] [P] {"start": [145, 88], "goal": [153, 88], "length": 1, "is_direction_change": false}
[2026-09-25 21:56:21.074] [SFX] {"sound": "click_target", "volume": 0.63}
[2026-09-25 21:56:21.123] [SFX] {"sound": "player_move", "volume": 0.4}
[2026-09-25 21:56:21.369] [SFX] {"sound": "civ_move_1", "volume": 0.09}
[2026-09-25 21:56:21.369] [SFX] {"sound": "civ_move_2", "volume": 0.06}
[2026-09-25 21:56:21.392] [SFX] {"sound": "civ_move_1", "volume": 0.21}
[2026-09-25 21:56:21.437] [SFX] {"sound": "player_move", "volume": 0.4}
[2026-09-25 21:56:21.782] [SFX] {"sound": "civ_move_1", "volume": 0.11}
[2026-09-25 21:56:21.782] [SFX] {"sound": "civ_move_2", "volume": 0.04}
[2026-09-25 21:56:21.805] [SFX] {"sound": "civ_move_1", "volume": 0.21}
[2026-09-25 21:56:22.197] [SFX] {"sound": "civ_move_1", "volume": 0.13}
[2026-09-25 21:56:22.197] [SFX] {"sound": "civ_move_2", "volume": 0.02}
[2026-09-25 21:56:22.219] [SFX] {"sound": "civ_move_1", "volume": 0.2}
[2026-09-25 21:56:22.602] [SFX] {"sound": "civ_move_1", "volume": 0.14}
[2026-09-25 21:56:22.603] [SFX] {"sound": "civ_move_2", "volume": 0.01}
[2026-09-25 21:56:22.627] [SFX] {"sound": "civ_move_1", "volume": 0.19}
[2026-09-25 21:56:23.016] [SFX] {"sound": "civ_move_1", "volume": 0.15}
[2026-09-25 21:56:23.016] [SFX] {"sound": "civ_move_2", "volume": 0.0}
[2026-09-25 21:56:23.038] [SFX] {"sound": "civ_move_1", "volume": 0.18}
[2026-09-25 21:56:23.039] [SFX] {"sound": "civ_move_1", "volume": 0.01}
[2026-09-25 21:56:23.118] [M] {"button": 1, "pos": [491, 192], "ui_clicked": false}
[2026-09-25 21:56:23.126] [P] {"start": [153, 88], "goal": [161, 88], "length": 1, "is_direction_change": false}
[2026-09-25 21:56:23.128] [SFX] {"sound": "click_target", "volume": 0.63}
[2026-09-25 21:56:23.410] [SFX] {"sound": "player_move", "volume": 0.4}
[2026-09-25 21:56:23.433] [SFX] {"sound": "civ_move_1", "volume": 0.2}
[2026-09-25 21:56:23.451] [SFX] {"sound": "civ_move_1", "volume": 0.21}
[2026-09-25 21:56:23.829] [SFX] {"sound": "civ_move_1", "volume": 0.22}
[2026-09-25 21:56:23.852] [SFX] {"sound": "civ_move_1", "volume": 0.21}
[2026-09-25 21:56:24.230] [SFX] {"sound": "civ_move_1", "volume": 0.23}
[2026-09-25 21:56:24.254] [SFX] {"sound": "civ_move_1", "volume": 0.2}
[2026-09-25 21:56:24.634] [SFX] {"sound": "civ_move_1", "volume": 0.23}
[2026-09-25 21:56:24.658] [SFX] {"sound": "civ_move_1", "volume": 0.19}
[2026-09-25 21:56:25.047] [SFX] {"sound": "civ_move_1", "volume": 0.24}
[2026-09-25 21:56:25.069] [SFX] {"sound": "civ_move_1", "volume": 0.18}
[2026-09-25 21:56:25.429] [M] {"button": 1, "pos": [318, 71], "ui_clicked": false}
[2026-09-25 21:56:25.438] [P] {"start": [161, 88], "goal": [156, 80], "length": 5, "is_direction_change": false}
[2026-09-25 21:56:25.439] [SFX] {"sound": "click_target", "volume": 0.78}
[2026-09-25 21:56:25.463] [SFX] {"sound": "civ_move_1", "volume": 0.24}
[2026-09-25 21:56:25.480] [SFX] {"sound": "civ_move_1", "volume": 0.18}
[2026-09-25 21:56:25.641] [SFX] {"sound": "player_move", "volume": 0.4}
[2026-09-25 21:56:25.856] [SFX] {"sound": "civ_move_1", "volume": 0.21}
[2026-09-25 21:56:25.890] [SFX] {"sound": "civ_move_1", "volume": 0.22}
[2026-09-25 21:56:25.943] [SFX] {"sound": "player_move", "volume": 0.4}
[2026-09-25 21:56:26.256] [SFX] {"sound": "civ_move_1", "volume": 0.15}
[2026-09-25 21:56:26.305] [SFX] {"sound": "civ_move_1", "volume": 0.24}
[2026-09-25 21:56:26.571] [SFX] {"sound": "player_move", "volume": 0.4}
[2026-09-25 21:56:26.672] [SFX] {"sound": "civ_move_1", "volume": 0.07}
[2026-09-25 21:56:26.705] [SFX] {"sound": "civ_move_1", "volume": 0.23}
[2026-09-25 21:56:26.873] [SFX] {"sound": "player_move", "volume": 0.4}
[2026-09-25 21:56:27.072] [SFX] {"sound": "civ_move_1", "volume": 0.0}
[2026-09-25 21:56:27.106] [SFX] {"sound": "civ_move_1", "volume": 0.19}
[2026-09-25 21:56:27.188] [SFX] {"sound": "player_move", "volume": 0.4}
[2026-09-25 21:56:27.288] [SFX] {"sound": "civ_move_2", "volume": 0.03}
[2026-09-25 21:56:27.403] [JACK] JACK // PROXY SAFE - SANCTUARY ACTIVE
[2026-09-25 21:56:27.504] [SFX] {"sound": "player_move", "volume": 0.4}
[2026-09-25 21:56:27.526] [SFX] {"sound": "civ_move_1", "volume": 0.15}
[2026-09-25 21:56:27.703] [SFX] {"sound": "civ_move_2", "volume": 0.07}
[2026-09-25 21:56:27.817] [SFX] {"sound": "player_move", "volume": 0.4}
[2026-09-25 21:56:28.116] [SFX] {"sound": "civ_move_2", "volume": 0.1}
[2026-09-25 21:56:28.139] [SFX] {"sound": "player_move", "volume": 0.4}
[2026-09-25 21:56:28.813] [SFX] {"sound": "civ_move_1", "volume": 0.15}
[2026-09-25 21:56:29.046] [SFX] {"sound": "civ_move_2", "volume": 0.22}
[2026-09-25 21:56:29.069] [SFX] {"sound": "player_move", "volume": 0.4}
[2026-09-25 21:56:29.213] [SFX] {"sound": "civ_move_1", "volume": 0.19}
[2026-09-25 21:56:29.379] [SFX] {"sound": "player_move", "volume": 0.4}
[2026-09-25 21:56:29.446] [SFX] {"sound": "civ_move_2", "volume": 0.16}
[2026-09-25 21:56:29.562] [C] {"civ_pos": [221, 110]}
[2026-09-25 21:56:29.619] [SFX] {"sound": "civ_move_1", "volume": 0.3}
[2026-09-25 21:56:29.683] [SFX] {"sound": "player_move", "volume": 0.4}
[2026-09-25 21:56:29.869] [SFX] {"sound": "civ_move_2", "volume": 0.09}
[2026-09-25 21:56:29.985] [SFX] {"sound": "player_move", "volume": 0.4}
[2026-09-25 21:56:30.037] [SFX] {"sound": "civ_move_1", "volume": 0.22}
[2026-09-25 21:56:30.282] [SFX] {"sound": "civ_move_2", "volume": 0.03}
[2026-09-25 21:56:30.304] [SFX] {"sound": "player_move", "volume": 0.4}
[2026-09-25 21:56:30.447] [SFX] {"sound": "civ_move_1", "volume": 0.15}
[2026-09-25 21:56:30.612] [SFX] {"sound": "player_move", "volume": 0.4}
[2026-09-25 21:56:30.695] [SFX] {"sound": "civ_move_2", "volume": 0.0}
[2026-09-25 21:56:30.860] [SFX] {"sound": "civ_move_1", "volume": 0.16}
[2026-09-25 21:56:30.926] [SFX] {"sound": "player_move", "volume": 0.4}
[2026-09-25 21:56:31.108] [SFX] {"sound": "civ_move_2", "volume": 0.06}
[2026-09-25 21:56:31.242] [SFX] {"sound": "player_move", "volume": 0.4}
[2026-09-25 21:56:31.275] [SFX] {"sound": "civ_move_1", "volume": 0.21}
[2026-09-25 21:56:31.519] [SFX] {"sound": "civ_move_2", "volume": 0.11}
[2026-09-25 21:56:31.553] [SFX] {"sound": "player_move", "volume": 0.4}
[2026-09-25 21:56:31.686] [SFX] {"sound": "civ_move_1", "volume": 0.26}
[2026-09-25 21:56:31.865] [SFX] {"sound": "player_move", "volume": 0.4}
[2026-09-25 21:56:31.933] [SFX] {"sound": "civ_move_2", "volume": 0.15}
[2026-09-25 21:56:32.100] [SFX] {"sound": "civ_move_1", "volume": 0.22}
[2026-09-25 21:56:32.167] [SFX] {"sound": "player_move", "volume": 0.4}
[2026-09-25 21:56:32.333] [SFX] {"sound": "civ_move_2", "volume": 0.17}
[2026-09-25 21:56:32.480] [SFX] {"sound": "player_move", "volume": 0.4}
[2026-09-25 21:56:32.515] [SFX] {"sound": "civ_move_1", "volume": 0.19}
[2026-09-25 21:56:32.734] [SFX] {"sound": "civ_move_2", "volume": 0.13}
[2026-09-25 21:56:32.783] [SFX] {"sound": "player_move", "volume": 0.4}
[2026-09-25 21:56:32.920] [SFX] {"sound": "civ_move_1", "volume": 0.15}
[2026-09-25 21:56:33.087] [SFX] {"sound": "player_move", "volume": 0.4}
[2026-09-25 21:56:33.139] [SFX] {"sound": "civ_move_2", "volume": 0.13}
[2026-09-25 21:56:33.322] [SFX] {"sound": "civ_move_1", "volume": 0.15}
[2026-09-25 21:56:33.389] [SFX] {"sound": "player_move", "volume": 0.4}
[2026-09-25 21:56:33.552] [SFX] {"sound": "civ_move_2", "volume": 0.16}
[2026-09-25 21:56:33.705] [SFX] {"sound": "player_move", "volume": 0.4}
[2026-09-25 21:56:33.739] [SFX] {"sound": "civ_move_1", "volume": 0.13}
[2026-09-25 21:56:33.958] [SFX] {"sound": "civ_move_2", "volume": 0.19}
[2026-09-25 21:56:34.010] [SFX] {"sound": "player_move", "volume": 0.4}
[2026-09-25 21:56:34.147] [SFX] {"sound": "civ_move_1", "volume": 0.1}
[2026-09-25 21:56:34.313] [SFX] {"sound": "player_move", "volume": 0.4}
[2026-09-25 21:56:34.363] [SFX] {"sound": "civ_move_2", "volume": 0.19}
[2026-09-25 21:56:34.547] [SFX] {"sound": "civ_move_1", "volume": 0.06}
[2026-09-25 21:56:34.613] [SFX] {"sound": "player_move", "volume": 0.4}
[2026-09-25 21:56:34.774] [SFX] {"sound": "civ_move_2", "volume": 0.17}
[2026-09-25 21:56:34.924] [SFX] {"sound": "player_move", "volume": 0.4}
[2026-09-25 21:56:34.956] [SFX] {"sound": "civ_move_1", "volume": 0.01}
[2026-09-25 21:56:35.189] [SFX] {"sound": "civ_move_2", "volume": 0.13}
[2026-09-25 21:56:35.225] [SFX] {"sound": "player_move", "volume": 0.4}
[2026-09-25 21:56:35.593] [SFX] {"sound": "civ_move_2", "volume": 0.1}
[2026-09-25 21:56:35.857] [SFX] {"sound": "player_move", "volume": 0.4}
[2026-09-25 21:56:35.992] [SFX] {"sound": "civ_move_2", "volume": 0.06}
[2026-09-25 21:56:36.160] [SFX] {"sound": "player_move", "volume": 0.4}
[2026-09-25 21:56:36.392] [SFX] {"sound": "civ_move_2", "volume": 0.02}
[2026-09-25 21:56:36.461] [SFX] {"sound": "civ_move_1", "volume": 0.01}
[2026-09-25 21:56:36.546] [M] {"button": 1, "pos": [432, 174], "ui_clicked": false}
[2026-09-25 21:56:36.797] [SFX] {"sound": "civ_move_2", "volume": 0.03}
[2026-09-25 21:56:36.866] [SFX] {"sound": "civ_move_1", "volume": 0.0}
[2026-09-25 21:56:37.198] [SFX] {"sound": "civ_move_2", "volume": 0.04}
[2026-09-25 21:56:37.435] [M] {"button": 1, "pos": [445, 183], "ui_clicked": false}
[2026-09-25 21:56:37.442] [P] {"start": [156, 80], "goal": [168, 80], "length": 1, "is_direction_change": false}
[2026-09-25 21:56:37.443] [SFX] {"sound": "click_target", "volume": 0.54}
[2026-09-25 21:56:37.485] [JACK] Kurzer Blick um die Ecke...
[2026-09-25 21:56:37.504] [SFX] {"sound": "player_move", "volume": 0.4}
[2026-09-25 21:56:37.599] [SFX] {"sound": "civ_move_2", "volume": 0.07}
[2026-09-25 21:56:37.800] [SFX] {"sound": "player_move", "volume": 0.4}
[2026-09-25 21:56:37.999] [SFX] {"sound": "civ_move_2", "volume": 0.12}
[2026-09-25 21:56:38.348] [M] {"button": 1, "pos": [447, 183], "ui_clicked": false}
[2026-09-25 21:56:38.355] [P] {"start": [168, 80], "goal": [173, 80], "length": 1, "is_direction_change": false}
[2026-09-25 21:56:38.356] [SFX] {"sound": "click_target", "volume": 0.69}
[2026-09-25 21:56:38.405] [SFX] {"sound": "civ_move_2", "volume": 0.14}
[2026-09-25 21:56:38.429] [SFX] {"sound": "player_move", "volume": 0.4}
[2026-09-25 21:56:38.622] [SFX] {"sound": "civ_move_1", "volume": 0.02}
[2026-09-25 21:56:38.787] [M] {"button": 1, "pos": [454, 183], "ui_clicked": false}
[2026-09-25 21:56:38.794] [P] {"start": [173, 80], "goal": [178, 80], "length": 1, "is_direction_change": false}
[2026-09-25 21:56:38.796] [SFX] {"sound": "click_target", "volume": 0.68}
[2026-09-25 21:56:38.836] [SFX] {"sound": "civ_move_2", "volume": 0.17}
[2026-09-25 21:56:38.931] [SFX] {"sound": "player_move", "volume": 0.4}
[2026-09-25 21:56:39.030] [SFX] {"sound": "civ_move_1", "volume": 0.06}
[2026-09-25 21:56:39.210] [SFX] {"sound": "civ_move_2", "volume": 0.19}
[2026-09-25 21:56:39.243] [M] {"button": 1, "pos": [454, 183], "ui_clicked": false}
[2026-09-25 21:56:39.251] [P] {"start": [178, 80], "goal": [183, 80], "length": 1, "is_direction_change": false}
[2026-09-25 21:56:39.251] [SFX] {"sound": "click_target", "volume": 0.68}
[2026-09-25 21:56:39.431] [SFX] {"sound": "civ_move_1", "volume": 0.09}
[2026-09-25 21:56:39.454] [SFX] {"sound": "player_move", "volume": 0.4}
[2026-09-25 21:56:39.615] [SFX] {"sound": "civ_move_2", "volume": 0.18}
[2026-09-25 21:56:39.845] [SFX] {"sound": "civ_move_1", "volume": 0.11}
[2026-09-25 21:56:40.026] [SFX] {"sound": "civ_move_2", "volume": 0.18}
[2026-09-25 21:56:40.255] [SFX] {"sound": "civ_move_1", "volume": 0.12}
[2026-09-25 21:56:40.435] [SFX] {"sound": "civ_move_2", "volume": 0.17}
[2026-09-25 21:56:40.655] [SFX] {"sound": "civ_move_1", "volume": 0.13}
[2026-09-25 21:56:40.838] [SFX] {"sound": "civ_move_2", "volume": 0.17}
[2026-09-25 21:56:41.054] [SFX] {"sound": "civ_move_1", "volume": 0.14}
[2026-09-25 21:56:41.238] [SFX] {"sound": "civ_move_2", "volume": 0.16}
[2026-09-25 21:56:41.469] [SFX] {"sound": "civ_move_1", "volume": 0.15}
[2026-09-25 21:56:41.651] [SFX] {"sound": "civ_move_2", "volume": 0.15}
[2026-09-25 21:56:41.882] [SFX] {"sound": "civ_move_1", "volume": 0.15}
[2026-09-25 21:56:42.061] [SFX] {"sound": "civ_move_2", "volume": 0.14}
[2026-09-25 21:56:42.293] [SFX] {"sound": "civ_move_1", "volume": 0.16}
[2026-09-25 21:56:42.460] [SFX] {"sound": "civ_move_2", "volume": 0.13}
[2026-09-25 21:56:42.696] [SFX] {"sound": "civ_move_1", "volume": 0.17}
[2026-09-25 21:56:42.862] [SFX] {"sound": "civ_move_2", "volume": 0.13}
[2026-09-25 21:56:43.107] [SFX] {"sound": "civ_move_1", "volume": 0.18}
[2026-09-25 21:56:43.191] [M] {"button": 1, "pos": [454, 183], "ui_clicked": false}
[2026-09-25 21:56:43.199] [P] {"start": [183, 80], "goal": [188, 80], "length": 1, "is_direction_change": false}
[2026-09-25 21:56:43.199] [SFX] {"sound": "click_target", "volume": 0.69}
[2026-09-25 21:56:43.269] [SFX] {"sound": "civ_move_2", "volume": 0.11}
[2026-09-25 21:56:43.516] [SFX] {"sound": "civ_move_1", "volume": 0.19}
[2026-09-25 21:56:43.681] [SFX] {"sound": "civ_move_2", "volume": 0.08}
[2026-09-25 21:56:43.929] [SFX] {"sound": "civ_move_1", "volume": 0.19}
[2026-09-25 21:56:44.096] [SFX] {"sound": "civ_move_2", "volume": 0.07}
[2026-09-25 21:56:44.331] [SFX] {"sound": "civ_move_1", "volume": 0.19}
[2026-09-25 21:56:44.512] [SFX] {"sound": "civ_move_2", "volume": 0.06}
[2026-09-25 21:56:44.747] [SFX] {"sound": "civ_move_1", "volume": 0.18}
[2026-09-25 21:56:44.917] [SFX] {"sound": "civ_move_2", "volume": 0.05}
[2026-09-25 21:56:45.150] [SFX] {"sound": "civ_move_1", "volume": 0.18}
[2026-09-25 21:56:45.318] [SFX] {"sound": "civ_move_2", "volume": 0.04}
[2026-09-25 21:56:45.553] [SFX] {"sound": "civ_move_1", "volume": 0.17}
[2026-09-25 21:56:45.720] [SFX] {"sound": "civ_move_2", "volume": 0.03}
[2026-09-25 21:56:45.951] [SFX] {"sound": "civ_move_2", "volume": 0.05}
[2026-09-25 21:56:45.972] [SFX] {"sound": "civ_move_1", "volume": 0.17}
[2026-09-25 21:56:46.119] [SFX] {"sound": "civ_move_2", "volume": 0.02}
[2026-09-25 21:56:46.353] [SFX] {"sound": "civ_move_2", "volume": 0.05}
[2026-09-25 21:56:46.376] [SFX] {"sound": "civ_move_1", "volume": 0.16}
[2026-09-25 21:56:46.524] [SFX] {"sound": "civ_move_2", "volume": 0.01}
[2026-09-25 21:56:46.772] [SFX] {"sound": "civ_move_1", "volume": 0.15}
[2026-09-25 21:56:46.772] [SFX] {"sound": "civ_move_2", "volume": 0.06}
[2026-09-25 21:56:46.924] [SFX] {"sound": "civ_move_2", "volume": 0.0}
[2026-09-25 21:56:47.041] [M] {"button": 1, "pos": [338, 170], "ui_clicked": false}
[2026-09-25 21:56:47.050] [SFX] {"sound": "click_target", "volume": 0.93}
[2026-09-25 21:56:47.078] [SFX] {"sound": "player_move", "volume": 0.4}
[2026-09-25 21:56:47.179] [SFX] {"sound": "civ_move_1", "volume": 0.15}
[2026-09-25 21:56:47.180] [SFX] {"sound": "civ_move_2", "volume": 0.06}
[2026-09-25 21:56:47.332] [SFX] {"sound": "civ_move_2", "volume": 0.0}
[2026-09-25 21:56:47.583] [SFX] {"sound": "civ_move_1", "volume": 0.14}
[2026-09-25 21:56:47.584] [SFX] {"sound": "civ_move_2", "volume": 0.07}
[2026-09-25 21:56:47.999] [SFX] {"sound": "civ_move_1", "volume": 0.13}
[2026-09-25 21:56:48.000] [SFX] {"sound": "civ_move_2", "volume": 0.08}
[2026-09-25 21:56:48.381] [M] {"button": 1, "pos": [356, 211], "ui_clicked": true}
[2026-09-25 21:56:48.410] [JACK] Inventar durchwühlen. Wo liegt das passende Tool?
[2026-09-25 21:56:48.427] [SFX] {"sound": "civ_move_1", "volume": 0.12}
[2026-09-25 21:56:48.428] [SFX] {"sound": "civ_move_2", "volume": 0.09}
[2026-09-25 21:56:48.429] [SFX] {"sound": "infiltrate 1", "volume": 0.5}
[2026-09-25 21:56:48.743] [SFX] {"sound": "civ_move_2", "volume": 0.04}
[2026-09-25 21:56:48.826] [SFX] {"sound": "civ_move_1", "volume": 0.11}
[2026-09-25 21:56:48.827] [SFX] {"sound": "civ_move_2", "volume": 0.1}
[2026-09-25 21:56:48.828] [SFX] {"sound": "infiltrate 2", "volume": 0.5}
[2026-09-25 21:56:49.158] [SFX] {"sound": "civ_move_2", "volume": 0.04}
[2026-09-25 21:56:49.225] [SFX] {"sound": "civ_move_1", "volume": 0.1}
[2026-09-25 21:56:49.225] [SFX] {"sound": "civ_move_2", "volume": 0.11}
[2026-09-25 21:56:49.226] [SFX] {"sound": "infiltrate 2", "volume": 0.5}
[2026-09-25 21:56:49.572] [SFX] {"sound": "civ_move_2", "volume": 0.05}
[2026-09-25 21:56:49.639] [SFX] {"sound": "civ_move_1", "volume": 0.09}
[2026-09-25 21:56:49.640] [SFX] {"sound": "civ_move_2", "volume": 0.12}
[2026-09-25 21:56:49.640] [SFX] {"sound": "infiltrate 2", "volume": 0.5}
[2026-09-25 21:56:49.989] [SFX] {"sound": "civ_move_2", "volume": 0.06}
[2026-09-25 21:56:50.040] [SFX] {"sound": "civ_move_1", "volume": 0.09}
[2026-09-25 21:56:50.041] [SFX] {"sound": "civ_move_2", "volume": 0.12}
[2026-09-25 21:56:50.041] [SFX] {"sound": "infiltrate 1", "volume": 0.5}
[2026-09-25 21:56:50.090] [SFX] {"sound": "civ_move_2", "volume": 0.0}
[2026-09-25 21:56:50.403] [SFX] {"sound": "civ_move_2", "volume": 0.07}
[2026-09-25 21:56:50.455] [SFX] {"sound": "civ_move_1", "volume": 0.08}
[2026-09-25 21:56:50.455] [SFX] {"sound": "civ_move_2", "volume": 0.13}
[2026-09-25 21:56:50.456] [SFX] {"sound": "infiltrate 2", "volume": 0.5}
[2026-09-25 21:56:50.506] [SFX] {"sound": "civ_move_2", "volume": 0.01}
[2026-09-25 21:56:50.807] [SFX] {"sound": "civ_move_2", "volume": 0.07}
[2026-09-25 21:56:50.857] [SFX] {"sound": "civ_move_1", "volume": 0.07}
[2026-09-25 21:56:50.858] [SFX] {"sound": "civ_move_2", "volume": 0.14}
[2026-09-25 21:56:50.858] [SFX] {"sound": "infiltrate 2", "volume": 0.5}
[2026-09-25 21:56:50.907] [SFX] {"sound": "civ_move_2", "volume": 0.03}
[2026-09-25 21:56:51.220] [SFX] {"sound": "civ_move_2", "volume": 0.08}
[2026-09-25 21:56:51.271] [SFX] {"sound": "civ_move_1", "volume": 0.06}
[2026-09-25 21:56:51.271] [SFX] {"sound": "civ_move_2", "volume": 0.15}
[2026-09-25 21:56:51.272] [SFX] {"sound": "infiltrate 1", "volume": 0.5}
[2026-09-25 21:56:51.320] [SFX] {"sound": "civ_move_2", "volume": 0.04}
[2026-09-25 21:56:51.388] [SFX] {"sound": "hack_success", "volume": 1.0}
[2026-09-25 21:56:51.389] [JACK] JACK // EXTRACTED 16 DATA FRAGMENTS FROM WATCHER
[2026-09-25 21:56:51.634] [SFX] {"sound": "civ_move_2", "volume": 0.09}
[2026-09-25 21:56:51.685] [SFX] {"sound": "civ_move_1", "volume": 0.05}
[2026-09-25 21:56:51.686] [SFX] {"sound": "civ_move_2", "volume": 0.16}
[2026-09-25 21:56:51.736] [SFX] {"sound": "civ_move_2", "volume": 0.05}
[2026-09-25 21:56:52.033] [SFX] {"sound": "civ_move_2", "volume": 0.1}
[2026-09-25 21:56:52.086] [SFX] {"sound": "civ_move_1", "volume": 0.04}
[2026-09-25 21:56:52.086] [SFX] {"sound": "civ_move_2", "volume": 0.17}
[2026-09-25 21:56:52.138] [SFX] {"sound": "civ_move_2", "volume": 0.06}
[2026-09-25 21:56:52.450] [SFX] {"sound": "civ_move_2", "volume": 0.11}
[2026-09-25 21:56:52.501] [SFX] {"sound": "civ_move_1", "volume": 0.03}
[2026-09-25 21:56:52.502] [SFX] {"sound": "civ_move_2", "volume": 0.17}
[2026-09-25 21:56:52.553] [SFX] {"sound": "civ_move_2", "volume": 0.08}
[2026-09-25 21:56:52.854] [SFX] {"sound": "civ_move_2", "volume": 0.12}
[2026-09-25 21:56:52.904] [SFX] {"sound": "civ_move_1", "volume": 0.02}
[2026-09-25 21:56:52.905] [SFX] {"sound": "civ_move_2", "volume": 0.18}
[2026-09-25 21:56:52.958] [SFX] {"sound": "civ_move_2", "volume": 0.09}
[2026-09-25 21:56:53.256] [SFX] {"sound": "civ_move_2", "volume": 0.13}
[2026-09-25 21:56:53.307] [SFX] {"sound": "civ_move_1", "volume": 0.01}
[2026-09-25 21:56:53.308] [SFX] {"sound": "civ_move_2", "volume": 0.18}
[2026-09-25 21:56:53.359] [SFX] {"sound": "civ_move_2", "volume": 0.1}
[2026-09-25 21:56:53.493] [SFX] {"sound": "guardian_move", "volume": 0.31}
[2026-09-25 21:56:53.663] [SFX] {"sound": "civ_move_2", "volume": 0.14}
[2026-09-25 21:56:53.715] [SFX] {"sound": "civ_move_2", "volume": 0.19}
[2026-09-25 21:56:53.763] [SFX] {"sound": "civ_move_2", "volume": 0.11}
[2026-09-25 21:56:54.066] [SFX] {"sound": "civ_move_2", "volume": 0.15}
[2026-09-25 21:56:54.088] [SFX] {"sound": "civ_move_1", "volume": 0.01}
[2026-09-25 21:56:54.106] [SFX] {"sound": "guardian_move", "volume": 0.28}
[2026-09-25 21:56:54.126] [SFX] {"sound": "civ_move_2", "volume": 0.19}
[2026-09-25 21:56:54.172] [SFX] {"sound": "civ_move_2", "volume": 0.12}
[2026-09-25 21:56:54.472] [SFX] {"sound": "civ_move_2", "volume": 0.15}
[2026-09-25 21:56:54.494] [SFX] {"sound": "civ_move_1", "volume": 0.01}
[2026-09-25 21:56:54.525] [SFX] {"sound": "civ_move_2", "volume": 0.19}
[2026-09-25 21:56:54.574] [SFX] {"sound": "civ_move_2", "volume": 0.14}
[2026-09-25 21:56:54.707] [SFX] {"sound": "guardian_move", "volume": 0.26}
[2026-09-25 21:56:54.876] [SFX] {"sound": "civ_move_2", "volume": 0.16}
[2026-09-25 21:56:54.900] [SFX] {"sound": "civ_move_1", "volume": 0.02}
[2026-09-25 21:56:54.932] [SFX] {"sound": "civ_move_2", "volume": 0.19}
[2026-09-25 21:56:54.983] [SFX] {"sound": "civ_move_2", "volume": 0.15}
[2026-09-25 21:56:55.281] [SFX] {"sound": "civ_move_2", "volume": 0.17}
[2026-09-25 21:56:55.303] [SFX] {"sound": "civ_move_1", "volume": 0.03}
[2026-09-25 21:56:55.322] [SFX] {"sound": "guardian_move", "volume": 0.23}
[2026-09-25 21:56:55.340] [SFX] {"sound": "civ_move_2", "volume": 0.19}
[2026-09-25 21:56:55.389] [SFX] {"sound": "civ_move_2", "volume": 0.16}
[2026-09-25 21:56:55.687] [SFX] {"sound": "civ_move_2", "volume": 0.18}
[2026-09-25 21:56:55.708] [SFX] {"sound": "civ_move_1", "volume": 0.04}
[2026-09-25 21:56:55.739] [SFX] {"sound": "civ_move_2", "volume": 0.18}
[2026-09-25 21:56:55.791] [SFX] {"sound": "civ_move_2", "volume": 0.17}
[2026-09-25 21:56:55.921] [SFX] {"sound": "guardian_move", "volume": 0.21}
[2026-09-25 21:56:56.089] [SFX] {"sound": "civ_move_2", "volume": 0.18}
[2026-09-25 21:56:56.112] [SFX] {"sound": "civ_move_1", "volume": 0.05}
[2026-09-25 21:56:56.143] [SFX] {"sound": "civ_move_2", "volume": 0.18}
[2026-09-25 21:56:56.501] [SFX] {"sound": "civ_move_2", "volume": 0.19}
[2026-09-25 21:56:56.523] [SFX] {"sound": "civ_move_1", "volume": 0.06}
[2026-09-25 21:56:56.544] [SFX] {"sound": "guardian_move", "volume": 0.18}
[2026-09-25 21:56:56.562] [SFX] {"sound": "civ_move_2", "volume": 0.17}
[2026-09-25 21:56:56.606] [SFX] {"sound": "civ_move_2", "volume": 0.2}
[2026-09-25 21:56:56.901] [SFX] {"sound": "civ_move_2", "volume": 0.19}
[2026-09-25 21:56:56.936] [SFX] {"sound": "civ_move_1", "volume": 0.07}
[2026-09-25 21:56:56.969] [SFX] {"sound": "civ_move_2", "volume": 0.16}
[2026-09-25 21:56:57.018] [SFX] {"sound": "civ_move_2", "volume": 0.21}
[2026-09-25 21:56:57.150] [SFX] {"sound": "guardian_move", "volume": 0.16}
[2026-09-25 21:56:57.314] [SFX] {"sound": "civ_move_2", "volume": 0.19}
[2026-09-25 21:56:57.349] [SFX] {"sound": "civ_move_1", "volume": 0.08}
[2026-09-25 21:56:57.383] [SFX] {"sound": "civ_move_2", "volume": 0.15}
[2026-09-25 21:56:57.418] [SFX] {"sound": "civ_move_2", "volume": 0.22}
[2026-09-25 21:56:57.719] [SFX] {"sound": "civ_move_2", "volume": 0.19}
[2026-09-25 21:56:57.754] [SFX] {"sound": "guardian_move", "volume": 0.14}
[2026-09-25 21:56:57.755] [SFX] {"sound": "civ_move_1", "volume": 0.09}
[2026-09-25 21:56:57.786] [SFX] {"sound": "civ_move_2", "volume": 0.15}
[2026-09-25 21:56:57.818] [SFX] {"sound": "civ_move_2", "volume": 0.23}
[2026-09-25 21:56:58.135] [SFX] {"sound": "civ_move_2", "volume": 0.19}
[2026-09-25 21:56:58.170] [SFX] {"sound": "civ_move_1", "volume": 0.1}
[2026-09-25 21:56:58.191] [SFX] {"sound": "civ_move_2", "volume": 0.14}
[2026-09-25 21:56:58.221] [SFX] {"sound": "civ_move_2", "volume": 0.25}
[2026-09-25 21:56:58.354] [SFX] {"sound": "guardian_move", "volume": 0.11}
[2026-09-25 21:56:58.535] [SFX] {"sound": "civ_move_2", "volume": 0.18}
[2026-09-25 21:56:58.585] [SFX] {"sound": "civ_move_1", "volume": 0.11}
[2026-09-25 21:56:58.608] [SFX] {"sound": "civ_move_2", "volume": 0.13}
[2026-09-25 21:56:58.638] [SFX] {"sound": "civ_move_2", "volume": 0.26}
[2026-09-25 21:56:58.938] [SFX] {"sound": "civ_move_2", "volume": 0.18}
[2026-09-25 21:56:58.972] [SFX] {"sound": "guardian_move", "volume": 0.09}
[2026-09-25 21:56:59.003] [SFX] {"sound": "civ_move_1", "volume": 0.12}
[2026-09-25 21:56:59.004] [SFX] {"sound": "civ_move_2", "volume": 0.12}
[2026-09-25 21:56:59.053] [SFX] {"sound": "civ_move_2", "volume": 0.27}
[2026-09-25 21:56:59.300] [C] {"civ_pos": [184, 80]}
[2026-09-25 21:56:59.341] [JACK] Interessante Signatur... Ein ziviler Node. Sollen wir näher ran?
[2026-09-25 21:56:59.360] [SFX] {"sound": "civ_move_2", "volume": 0.17}
[2026-09-25 21:56:59.408] [SFX] {"sound": "civ_move_1", "volume": 0.13}
[2026-09-25 21:56:59.408] [SFX] {"sound": "civ_move_2", "volume": 0.11}
[2026-09-25 21:56:59.458] [SFX] {"sound": "civ_move_2", "volume": 0.28}
[2026-09-25 21:56:59.557] [SFX] {"sound": "guardian_move", "volume": 0.06}
[2026-09-25 21:56:59.759] [SFX] {"sound": "civ_move_2", "volume": 0.17}
[2026-09-25 21:56:59.810] [SFX] {"sound": "civ_move_1", "volume": 0.14}
[2026-09-25 21:56:59.810] [SFX] {"sound": "civ_move_2", "volume": 0.1}
[2026-09-25 21:56:59.859] [SFX] {"sound": "civ_move_2", "volume": 0.3}
[2026-09-25 21:57:00.163] [SFX] {"sound": "guardian_move", "volume": 0.04}
[2026-09-25 21:57:00.164] [SFX] {"sound": "civ_move_2", "volume": 0.16}
[2026-09-25 21:57:00.216] [SFX] {"sound": "civ_move_1", "volume": 0.15}
[2026-09-25 21:57:00.217] [SFX] {"sound": "civ_move_2", "volume": 0.09}
[2026-09-25 21:57:00.267] [SFX] {"sound": "civ_move_2", "volume": 0.29}
[2026-09-25 21:57:00.565] [SFX] {"sound": "civ_move_2", "volume": 0.15}
[2026-09-25 21:57:00.630] [SFX] {"sound": "civ_move_1", "volume": 0.16}
[2026-09-25 21:57:00.631] [SFX] {"sound": "civ_move_2", "volume": 0.08}
[2026-09-25 21:57:00.682] [SFX] {"sound": "civ_move_2", "volume": 0.28}
[2026-09-25 21:57:00.764] [SFX] {"sound": "guardian_move", "volume": 0.01}
[2026-09-25 21:57:00.979] [SFX] {"sound": "civ_move_2", "volume": 0.14}
[2026-09-25 21:57:01.033] [SFX] {"sound": "civ_move_1", "volume": 0.15}
[2026-09-25 21:57:01.033] [SFX] {"sound": "civ_move_2", "volume": 0.07}
[2026-09-25 21:57:01.081] [SFX] {"sound": "civ_move_2", "volume": 0.27}
[2026-09-25 21:57:01.381] [SFX] {"sound": "civ_move_2", "volume": 0.13}
[2026-09-25 21:57:01.433] [SFX] {"sound": "civ_move_1", "volume": 0.15}
[2026-09-25 21:57:01.433] [SFX] {"sound": "civ_move_2", "volume": 0.07}
[2026-09-25 21:57:01.485] [SFX] {"sound": "civ_move_2", "volume": 0.26}
[2026-09-25 21:57:01.780] [SFX] {"sound": "civ_move_2", "volume": 0.12}
[2026-09-25 21:57:01.849] [SFX] {"sound": "civ_move_1", "volume": 0.14}
[2026-09-25 21:57:01.850] [SFX] {"sound": "civ_move_2", "volume": 0.06}
[2026-09-25 21:57:01.884] [SFX] {"sound": "civ_move_2", "volume": 0.24}
[2026-09-25 21:57:02.181] [SFX] {"sound": "civ_move_2", "volume": 0.12}
[2026-09-25 21:57:02.263] [SFX] {"sound": "civ_move_1", "volume": 0.13}
[2026-09-25 21:57:02.263] [SFX] {"sound": "civ_move_2", "volume": 0.05}
[2026-09-25 21:57:02.296] [SFX] {"sound": "civ_move_2", "volume": 0.23}
[2026-09-25 21:57:02.594] [SFX] {"sound": "civ_move_2", "volume": 0.11}
[2026-09-25 21:57:02.677] [SFX] {"sound": "civ_move_1", "volume": 0.13}
[2026-09-25 21:57:02.678] [SFX] {"sound": "civ_move_2", "volume": 0.04}
[2026-09-25 21:57:02.710] [SFX] {"sound": "civ_move_2", "volume": 0.22}
[2026-09-25 21:57:03.008] [SFX] {"sound": "civ_move_2", "volume": 0.1}
[2026-09-25 21:57:03.092] [SFX] {"sound": "civ_move_1", "volume": 0.12}
[2026-09-25 21:57:03.093] [SFX] {"sound": "civ_move_2", "volume": 0.03}
[2026-09-25 21:57:03.128] [SFX] {"sound": "civ_move_2", "volume": 0.21}
[2026-09-25 21:57:03.411] [SFX] {"sound": "civ_move_2", "volume": 0.09}
[2026-09-25 21:57:03.494] [SFX] {"sound": "civ_move_1", "volume": 0.11}
[2026-09-25 21:57:03.495] [SFX] {"sound": "civ_move_2", "volume": 0.02}
[2026-09-25 21:57:03.532] [SFX] {"sound": "civ_move_2", "volume": 0.2}
[2026-09-25 21:57:03.813] [SFX] {"sound": "civ_move_2", "volume": 0.08}
[2026-09-25 21:57:03.896] [SFX] {"sound": "civ_move_1", "volume": 0.1}
[2026-09-25 21:57:03.897] [SFX] {"sound": "civ_move_2", "volume": 0.01}
[2026-09-25 21:57:03.946] [SFX] {"sound": "civ_move_2", "volume": 0.18}
[2026-09-25 21:57:04.212] [SFX] {"sound": "civ_move_2", "volume": 0.07}
[2026-09-25 21:57:04.298] [SFX] {"sound": "civ_move_1", "volume": 0.09}
[2026-09-25 21:57:04.349] [SFX] {"sound": "civ_move_2", "volume": 0.17}
[2026-09-25 21:57:04.617] [SFX] {"sound": "civ_move_2", "volume": 0.06}
[2026-09-25 21:57:04.713] [SFX] {"sound": "civ_move_1", "volume": 0.09}
[2026-09-25 21:57:04.765] [SFX] {"sound": "civ_move_2", "volume": 0.16}
[2026-09-25 21:57:05.029] [SFX] {"sound": "civ_move_2", "volume": 0.05}
[2026-09-25 21:57:05.112] [SFX] {"sound": "civ_move_1", "volume": 0.08}
[2026-09-25 21:57:05.179] [SFX] {"sound": "civ_move_2", "volume": 0.15}
[2026-09-25 21:57:05.438] [SFX] {"sound": "civ_move_2", "volume": 0.04}
[2026-09-25 21:57:05.526] [SFX] {"sound": "civ_move_1", "volume": 0.07}
[2026-09-25 21:57:05.591] [SFX] {"sound": "civ_move_2", "volume": 0.13}
[2026-09-25 21:57:05.658] [SFX] {"sound": "civ_move_1", "volume": 0.0}
[2026-09-25 21:57:05.853] [SFX] {"sound": "civ_move_2", "volume": 0.03}
[2026-09-25 21:57:05.936] [SFX] {"sound": "civ_move_1", "volume": 0.06}
[2026-09-25 21:57:06.001] [SFX] {"sound": "civ_move_2", "volume": 0.12}
[2026-09-25 21:57:06.068] [SFX] {"sound": "civ_move_1", "volume": 0.02}
[2026-09-25 21:57:06.268] [SFX] {"sound": "civ_move_2", "volume": 0.02}
[2026-09-25 21:57:06.284] [M] {"button": 1, "pos": [102, 183], "ui_clicked": false}
[2026-09-25 21:57:06.292] [P] {"start": [186, 80], "goal": [169, 80], "length": 1, "is_direction_change": false}
[2026-09-25 21:57:06.293] [SFX] {"sound": "click_target", "volume": 0.44}
[2026-09-25 21:57:06.335] [JACK] Vorsichtig vorantasten...
[2026-09-25 21:57:06.354] [SFX] {"sound": "civ_move_1", "volume": 0.06}
[2026-09-25 21:57:06.416] [SFX] {"sound": "civ_move_2", "volume": 0.09}
[2026-09-25 21:57:06.481] [SFX] {"sound": "civ_move_1", "volume": 0.06}
[2026-09-25 21:57:06.578] [SFX] {"sound": "player_move", "volume": 0.4}
[2026-09-25 21:57:06.679] [SFX] {"sound": "civ_move_2", "volume": 0.06}
[2026-09-25 21:57:06.762] [SFX] {"sound": "civ_move_1", "volume": 0.09}
[2026-09-25 21:57:06.830] [SFX] {"sound": "civ_move_2", "volume": 0.01}
[2026-09-25 21:57:06.864] [SFX] {"sound": "civ_move_1", "volume": 0.03}
[2026-09-25 21:57:06.887] [SFX] {"sound": "player_move", "volume": 0.4}
[2026-09-25 21:57:06.888] [SFX] {"sound": "civ_move_1", "volume": 0.13}
[2026-09-25 21:57:07.015] [M] {"button": 1, "pos": [102, 183], "ui_clicked": false}
[2026-09-25 21:57:07.023] [P] {"start": [172, 80], "goal": [160, 80], "length": 1, "is_direction_change": false}
[2026-09-25 21:57:07.024] [SFX] {"sound": "click_target", "volume": 0.56}
[2026-09-25 21:57:07.091] [SFX] {"sound": "civ_move_2", "volume": 0.1}
[2026-09-25 21:57:07.174] [SFX] {"sound": "civ_move_1", "volume": 0.12}
[2026-09-25 21:57:07.175] [SFX] {"sound": "civ_move_2", "volume": 0.03}
[2026-09-25 21:57:07.196] [SFX] {"sound": "player_move", "volume": 0.4}
[2026-09-25 21:57:07.275] [SFX] {"sound": "civ_move_1", "volume": 0.1}
[2026-09-25 21:57:07.299] [SFX] {"sound": "civ_move_1", "volume": 0.2}
[2026-09-25 21:57:07.496] [SFX] {"sound": "player_move", "volume": 0.4}
[2026-09-25 21:57:07.497] [SFX] {"sound": "civ_move_2", "volume": 0.13}
[2026-09-25 21:57:07.580] [SFX] {"sound": "civ_move_1", "volume": 0.15}
[2026-09-25 21:57:07.581] [SFX] {"sound": "civ_move_2", "volume": 0.07}
[2026-09-25 21:57:07.684] [SFX] {"sound": "civ_move_1", "volume": 0.17}
[2026-09-25 21:57:07.707] [SFX] {"sound": "civ_move_1", "volume": 0.27}
[2026-09-25 21:57:07.899] [SFX] {"sound": "civ_move_2", "volume": 0.14}
[2026-09-25 21:57:07.983] [SFX] {"sound": "civ_move_1", "volume": 0.15}
[2026-09-25 21:57:07.984] [SFX] {"sound": "civ_move_2", "volume": 0.07}
[2026-09-25 21:57:08.098] [SFX] {"sound": "civ_move_1", "volume": 0.18}
[2026-09-25 21:57:08.122] [SFX] {"sound": "civ_move_1", "volume": 0.28}
[2026-09-25 21:57:08.303] [SFX] {"sound": "civ_move_2", "volume": 0.13}
[2026-09-25 21:57:08.303] [C] {"civ_pos": [158, 80]}
[2026-09-25 21:57:08.394] [SFX] {"sound": "civ_move_1", "volume": 0.14}
[2026-09-25 21:57:08.395] [SFX] {"sound": "civ_move_2", "volume": 0.06}
[2026-09-25 21:57:08.511] [SFX] {"sound": "civ_move_1", "volume": 0.19}
[2026-09-25 21:57:08.534] [SFX] {"sound": "civ_move_1", "volume": 0.29}
[2026-09-25 21:57:08.719] [SFX] {"sound": "civ_move_2", "volume": 0.12}
[2026-09-25 21:57:08.801] [SFX] {"sound": "civ_move_1", "volume": 0.14}
[2026-09-25 21:57:08.802] [SFX] {"sound": "civ_move_2", "volume": 0.05}
[2026-09-25 21:57:08.918] [SFX] {"sound": "civ_move_1", "volume": 0.21}
[2026-09-25 21:57:08.939] [SFX] {"sound": "civ_move_1", "volume": 0.3}
[2026-09-25 21:57:09.121] [SFX] {"sound": "civ_move_2", "volume": 0.11}
[2026-09-25 21:57:09.202] [SFX] {"sound": "civ_move_1", "volume": 0.13}
[2026-09-25 21:57:09.203] [SFX] {"sound": "civ_move_2", "volume": 0.04}
[2026-09-25 21:57:09.319] [SFX] {"sound": "civ_move_1", "volume": 0.22}
[2026-09-25 21:57:09.340] [SFX] {"sound": "civ_move_1", "volume": 0.28}
[2026-09-25 21:57:09.422] [M] {"button": 1, "pos": [496, 187], "ui_clicked": false}
[2026-09-25 21:57:09.429] [P] {"start": [160, 80], "goal": [176, 80], "length": 1, "is_direction_change": false}
[2026-09-25 21:57:09.430] [SFX] {"sound": "click_target", "volume": 0.47}
[2026-09-25 21:57:09.528] [SFX] {"sound": "civ_move_2", "volume": 0.09}
[2026-09-25 21:57:09.610] [SFX] {"sound": "player_move", "volume": 0.4}
[2026-09-25 21:57:09.611] [SFX] {"sound": "civ_move_1", "volume": 0.1}
[2026-09-25 21:57:09.612] [SFX] {"sound": "civ_move_2", "volume": 0.01}
[2026-09-25 21:57:09.726] [SFX] {"sound": "civ_move_1", "volume": 0.18}
[2026-09-25 21:57:09.748] [SFX] {"sound": "civ_move_1", "volume": 0.28}
[2026-09-25 21:57:09.910] [SFX] {"sound": "player_move", "volume": 0.4}
[2026-09-25 21:57:09.935] [SFX] {"sound": "civ_move_2", "volume": 0.03}
[2026-09-25 21:57:10.013] [SFX] {"sound": "civ_move_1", "volume": 0.05}
[2026-09-25 21:57:10.046] [M] {"button": 1, "pos": [496, 187], "ui_clicked": false}
[2026-09-25 21:57:10.054] [P] {"start": [172, 80], "goal": [181, 80], "length": 1, "is_direction_change": false}
[2026-09-25 21:57:10.055] [SFX] {"sound": "click_target", "volume": 0.61}
[2026-09-25 21:57:10.139] [SFX] {"sound": "civ_move_1", "volume": 0.13}
[2026-09-25 21:57:10.160] [SFX] {"sound": "civ_move_1", "volume": 0.23}
[2026-09-25 21:57:10.220] [SFX] {"sound": "player_move", "volume": 0.4}
[2026-09-25 21:57:10.532] [M] {"button": 1, "pos": [496, 187], "ui_clicked": false}
[2026-09-25 21:57:10.542] [P] {"start": [181, 80], "goal": [189, 80], "length": 1, "is_direction_change": false}
[2026-09-25 21:57:10.543] [SFX] {"sound": "click_target", "volume": 0.62}
[2026-09-25 21:57:10.567] [SFX] {"sound": "civ_move_1", "volume": 0.19}
[2026-09-25 21:57:10.568] [SFX] {"sound": "civ_move_1", "volume": 0.09}
[2026-09-25 21:57:10.600] [SFX] {"sound": "player_move", "volume": 0.4}
[2026-09-25 21:57:10.919] [SFX] {"sound": "civ_move_2", "volume": 0.02}
[2026-09-25 21:57:10.968] [SFX] {"sound": "civ_move_1", "volume": 0.15}
[2026-09-25 21:57:10.969] [SFX] {"sound": "civ_move_1", "volume": 0.05}
[2026-09-25 21:57:11.332] [SFX] {"sound": "civ_move_2", "volume": 0.02}
[2026-09-25 21:57:11.382] [SFX] {"sound": "civ_move_1", "volume": 0.16}
[2026-09-25 21:57:11.383] [SFX] {"sound": "civ_move_1", "volume": 0.06}
[2026-09-25 21:57:11.747] [SFX] {"sound": "civ_move_2", "volume": 0.02}
[2026-09-25 21:57:11.796] [SFX] {"sound": "civ_move_1", "volume": 0.17}
[2026-09-25 21:57:11.798] [SFX] {"sound": "civ_move_1", "volume": 0.07}
[2026-09-25 21:57:12.157] [SFX] {"sound": "civ_move_2", "volume": 0.02}
[2026-09-25 21:57:12.191] [SFX] {"sound": "civ_move_1", "volume": 0.18}
[2026-09-25 21:57:12.191] [SFX] {"sound": "civ_move_1", "volume": 0.09}
[2026-09-25 21:57:12.571] [SFX] {"sound": "civ_move_2", "volume": 0.02}
[2026-09-25 21:57:12.606] [SFX] {"sound": "civ_move_1", "volume": 0.2}
[2026-09-25 21:57:12.607] [SFX] {"sound": "civ_move_1", "volume": 0.1}
[2026-09-25 21:57:12.987] [SFX] {"sound": "civ_move_2", "volume": 0.01}
[2026-09-25 21:57:13.019] [SFX] {"sound": "civ_move_1", "volume": 0.21}
[2026-09-25 21:57:13.020] [SFX] {"sound": "civ_move_1", "volume": 0.11}
[2026-09-25 21:57:13.400] [SFX] {"sound": "civ_move_2", "volume": 0.01}
[2026-09-25 21:57:13.435] [SFX] {"sound": "civ_move_1", "volume": 0.22}
[2026-09-25 21:57:13.436] [SFX] {"sound": "civ_move_1", "volume": 0.12}
[2026-09-25 21:57:13.802] [SFX] {"sound": "civ_move_2", "volume": 0.0}
[2026-09-25 21:57:13.838] [SFX] {"sound": "civ_move_1", "volume": 0.23}
[2026-09-25 21:57:13.838] [SFX] {"sound": "civ_move_1", "volume": 0.14}
[2026-09-25 21:57:14.251] [SFX] {"sound": "civ_move_1", "volume": 0.25}
[2026-09-25 21:57:14.252] [SFX] {"sound": "civ_move_1", "volume": 0.15}
[2026-09-25 21:57:14.652] [SFX] {"sound": "civ_move_1", "volume": 0.26}
[2026-09-25 21:57:14.653] [SFX] {"sound": "civ_move_1", "volume": 0.16}
[2026-09-25 21:57:15.053] [SFX] {"sound": "civ_move_1", "volume": 0.27}
[2026-09-25 21:57:15.054] [SFX] {"sound": "civ_move_1", "volume": 0.17}
[2026-09-25 21:57:15.454] [SFX] {"sound": "civ_move_1", "volume": 0.18}
[2026-09-25 21:57:15.868] [SFX] {"sound": "civ_move_1", "volume": 0.2}
[2026-09-25 21:57:16.279] [SFX] {"sound": "civ_move_1", "volume": 0.21}
[2026-09-25 21:57:16.694] [SFX] {"sound": "civ_move_1", "volume": 0.22}
[2026-09-25 21:57:17.096] [SFX] {"sound": "civ_move_1", "volume": 0.23}
[2026-09-25 21:57:17.496] [SFX] {"sound": "civ_move_1", "volume": 0.25}
[2026-09-25 21:57:17.910] [SFX] {"sound": "civ_move_1", "volume": 0.26}
[2026-09-25 21:57:18.309] [SFX] {"sound": "civ_move_1", "volume": 0.27}
