[2026-09-25 21:42:05.790] [S] {"sid": "20260925_214205", "sys_t": "2026-09-25T21:42:05.789827"}
[2026-09-25 21:42:05.791] [SFX] {"sound": "hack_success", "volume": 0.8}
[2026-09-25 21:42:08.662] [SESSION_RESET] {"msg": "--- NEW LIFE STARTED ---"}
[2026-09-25 21:42:08.686] [S] {"map": "Shadowgrid"}
[2026-09-25 21:42:08.712] [JACK] Ah, im Shadowgrid angekommen... endlich.
[2026-09-25 21:42:10.018] [SFX] {"sound": "guardian_move", "volume": 0.22}
[2026-09-25 21:42:10.069] [M] {"button": 1, "pos": [293, 218], "ui_clicked": false}
[2026-09-25 21:42:10.079] [P] {"start": [88, 30], "goal": [84, 34], "length": 7, "is_direction_change": false}
[2026-09-25 21:42:10.080] [SFX] {"sound": "click_target", "volume": 0.68}
[2026-09-25 21:42:10.102] [SFX] {"sound": "player_move", "volume": 0.4}
[2026-09-25 21:42:10.508] [JACK] JACK // PROXY SAFE - SANCTUARY ACTIVE
[2026-09-25 21:42:10.639] [SFX] {"sound": "guardian_move", "volume": 0.22}
[2026-09-25 21:42:10.706] [SFX] {"sound": "player_move", "volume": 0.4}
[2026-09-25 21:42:11.255] [SFX] {"sound": "guardian_move", "volume": 0.24}
[2026-09-25 21:42:11.867] [SFX] {"sound": "guardian_move", "volume": 0.22}
[2026-09-25 21:42:12.480] [SFX] {"sound": "guardian_move", "volume": 0.2}
[2026-09-25 21:42:12.896] [M] {"button": 1, "pos": [294, 198], "ui_clicked": false}
[2026-09-25 21:42:12.904] [P] {"start": [84, 34], "goal": [80, 36], "length": 6, "is_direction_change": false}
[2026-09-25 21:42:12.905] [SFX] {"sound": "click_target", "volume": 0.72}
[2026-09-25 21:42:13.076] [SFX] {"sound": "player_move", "volume": 0.4}
[2026-09-25 21:42:13.099] [SFX] {"sound": "guardian_move", "volume": 0.17}
[2026-09-25 21:42:13.388] [SFX] {"sound": "player_move", "volume": 0.4}
[2026-09-25 21:42:13.699] [SFX] {"sound": "guardian_move", "volume": 0.17}
[2026-09-25 21:42:14.313] [SFX] {"sound": "guardian_move", "volume": 0.16}
[2026-09-25 21:42:14.922] [SFX] {"sound": "guardian_move", "volume": 0.14}
[2026-09-25 21:42:15.267] [M] {"button": 1, "pos": [408, 196], "ui_clicked": false}
[2026-09-25 21:42:15.528] [SFX] {"sound": "guardian_move", "volume": 0.12}
[2026-09-25 21:42:15.676] [M] {"button": 1, "pos": [400, 196], "ui_clicked": false}
[2026-09-25 21:42:16.091] [M] {"button": 1, "pos": [399, 201], "ui_clicked": false}
[2026-09-25 21:42:16.098] [P] {"start": [80, 36], "goal": [89, 38], "length": 3, "is_direction_change": false}
[2026-09-25 21:42:16.099] [SFX] {"sound": "click_target", "volume": 0.6}
[2026-09-25 21:42:16.141] [SFX] {"sound": "guardian_move", "volume": 0.1}
[2026-09-25 21:42:16.241] [SFX] {"sound": "player_move", "volume": 0.4}
[2026-09-25 21:42:16.752] [SFX] {"sound": "guardian_move", "volume": 0.09}
[2026-09-25 21:42:17.367] [SFX] {"sound": "guardian_move", "volume": 0.07}
[2026-09-25 21:42:17.968] [SFX] {"sound": "guardian_move", "volume": 0.05}
[2026-09-25 21:42:18.579] [SFX] {"sound": "guardian_move", "volume": 0.03}
[2026-09-25 21:42:18.804] [M] {"button": 1, "pos": [613, 345], "ui_clicked": false}
[2026-09-25 21:42:19.188] [SFX] {"sound": "guardian_move", "volume": 0.01}
[2026-09-25 21:42:19.688] [M] {"button": 1, "pos": [612, 329], "ui_clicked": true}
[2026-09-25 21:42:19.715] [JACK] Blick ins Systemfenster... Was führen wir im Schild?
[2026-09-25 21:42:20.916] [M] {"button": 1, "pos": [487, 219], "ui_clicked": true}
[2026-09-25 21:42:25.632] [M] {"button": 1, "pos": [501, 234], "ui_clicked": true}
[2026-09-25 21:42:26.749] [M] {"button": 3, "pos": [489, 271], "ui_clicked": true}
[2026-09-25 21:42:26.750] [EQ_M] {"type": "DRIVER", "file": "ucam.drv", "replaced": "disp.drv"}
[2026-09-25 21:42:26.784] [JACK] Deck-Einstellungen werden angepasst...
[2026-09-25 21:42:26.809] [JACK] Neuer Treiber montiert! Das gibt uns ordentlich Auftrieb.
[2026-09-25 21:42:28.181] [M] {"button": 1, "pos": [384, 219], "ui_clicked": false}
[2026-09-25 21:42:28.188] [P] {"start": [89, 38], "goal": [96, 42], "length": 9, "is_direction_change": false}
[2026-09-25 21:42:28.189] [SFX] {"sound": "click_target", "volume": 0.61}
[2026-09-25 21:42:28.377] [SFX] {"sound": "player_move", "volume": 0.4}
[2026-09-25 21:42:29.729] [M] {"button": 1, "pos": [606, 337], "ui_clicked": true}
[2026-09-25 21:42:29.941] [SFX] {"sound": "player_move", "volume": 0.4}
[2026-09-25 21:42:30.960] [M] {"button": 1, "pos": [506, 186], "ui_clicked": false}
[2026-09-25 21:42:30.968] [P] {"start": [96, 42], "goal": [115, 42], "length": 1, "is_direction_change": false}
[2026-09-25 21:42:30.969] [SFX] {"sound": "click_target", "volume": 0.41}
[2026-09-25 21:42:31.168] [SFX] {"sound": "player_move", "volume": 0.4}
[2026-09-25 21:42:31.723] [M] {"button": 1, "pos": [532, 186], "ui_clicked": false}
[2026-09-25 21:42:31.731] [P] {"start": [110, 42], "goal": [134, 42], "length": 1, "is_direction_change": false}
[2026-09-25 21:42:31.732] [SFX] {"sound": "click_target", "volume": 0.34}
[2026-09-25 21:42:31.778] [SFX] {"sound": "player_move", "volume": 0.4}
[2026-09-25 21:42:32.255] [SFX] {"sound": "civ_move_1", "volume": 0.04}
[2026-09-25 21:42:32.403] [SFX] {"sound": "player_move", "volume": 0.4}
[2026-09-25 21:42:32.662] [SFX] {"sound": "civ_move_1", "volume": 0.09}
[2026-09-25 21:42:32.663] [SFX] {"sound": "civ_move_2", "volume": 0.01}
[2026-09-25 21:42:32.711] [SFX] {"sound": "player_move", "volume": 0.4}
[2026-09-25 21:42:33.012] [SFX] {"sound": "guardian_move", "volume": 0.06}
[2026-09-25 21:42:33.065] [SFX] {"sound": "civ_move_1", "volume": 0.11}
[2026-09-25 21:42:33.066] [SFX] {"sound": "civ_move_2", "volume": 0.04}
[2026-09-25 21:42:33.480] [SFX] {"sound": "civ_move_1", "volume": 0.12}
[2026-09-25 21:42:33.481] [SFX] {"sound": "civ_move_2", "volume": 0.04}
[2026-09-25 21:42:33.612] [SFX] {"sound": "guardian_move", "volume": 0.07}
[2026-09-25 21:42:33.896] [SFX] {"sound": "civ_move_1", "volume": 0.12}
[2026-09-25 21:42:33.897] [SFX] {"sound": "civ_move_2", "volume": 0.05}
[2026-09-25 21:42:33.967] [M] {"button": 4, "pos": [419, 205], "ui_clicked": false}
[2026-09-25 21:42:34.217] [SFX] {"sound": "guardian_move", "volume": 0.09}
[2026-09-25 21:42:34.301] [SFX] {"sound": "civ_move_1", "volume": 0.12}
[2026-09-25 21:42:34.302] [SFX] {"sound": "civ_move_2", "volume": 0.06}
[2026-09-25 21:42:34.701] [SFX] {"sound": "civ_move_1", "volume": 0.15}
[2026-09-25 21:42:34.702] [SFX] {"sound": "civ_move_2", "volume": 0.07}
[2026-09-25 21:42:34.820] [SFX] {"sound": "guardian_move", "volume": 0.1}
[2026-09-25 21:42:35.102] [SFX] {"sound": "civ_move_1", "volume": 0.16}
[2026-09-25 21:42:35.103] [SFX] {"sound": "civ_move_2", "volume": 0.07}
[2026-09-25 21:42:35.153] [M] {"button": 1, "pos": [513, 185], "ui_clicked": false}
[2026-09-25 21:42:35.161] [P] {"start": [134, 42], "goal": [141, 42], "length": 1, "is_direction_change": false}
[2026-09-25 21:42:35.162] [SFX] {"sound": "click_target", "volume": 0.65}
[2026-09-25 21:42:35.200] [JACK] Vorsichtig vorantasten...
[2026-09-25 21:42:35.327] [SFX] {"sound": "player_move", "volume": 0.4}
[2026-09-25 21:42:35.426] [SFX] {"sound": "guardian_move", "volume": 0.14}
[2026-09-25 21:42:35.510] [SFX] {"sound": "civ_move_1", "volume": 0.23}
[2026-09-25 21:42:35.511] [SFX] {"sound": "civ_move_2", "volume": 0.11}
[2026-09-25 21:42:35.911] [SFX] {"sound": "civ_move_1", "volume": 0.24}
[2026-09-25 21:42:35.912] [SFX] {"sound": "civ_move_2", "volume": 0.12}
[2026-09-25 21:42:36.027] [SFX] {"sound": "guardian_move", "volume": 0.17}
[2026-09-25 21:42:36.326] [SFX] {"sound": "civ_move_1", "volume": 0.25}
[2026-09-25 21:42:36.326] [SFX] {"sound": "civ_move_2", "volume": 0.12}
[2026-09-25 21:42:36.639] [SFX] {"sound": "guardian_move", "volume": 0.18}
[2026-09-25 21:42:36.738] [SFX] {"sound": "civ_move_1", "volume": 0.27}
[2026-09-25 21:42:36.739] [SFX] {"sound": "civ_move_2", "volume": 0.13}
[2026-09-25 21:42:37.151] [SFX] {"sound": "civ_move_1", "volume": 0.28}
[2026-09-25 21:42:37.152] [SFX] {"sound": "civ_move_2", "volume": 0.14}
[2026-09-25 21:42:37.184] [C] {"civ_pos": [143, 42]}
[2026-09-25 21:42:37.255] [SFX] {"sound": "guardian_move", "volume": 0.19}
[2026-09-25 21:42:37.555] [SFX] {"sound": "civ_move_1", "volume": 0.29}
[2026-09-25 21:42:37.555] [SFX] {"sound": "civ_move_2", "volume": 0.14}
[2026-09-25 21:42:37.865] [SFX] {"sound": "guardian_move", "volume": 0.2}
[2026-09-25 21:42:37.965] [SFX] {"sound": "civ_move_1", "volume": 0.3}
[2026-09-25 21:42:37.966] [SFX] {"sound": "civ_move_2", "volume": 0.15}
[2026-09-25 21:42:38.479] [SFX] {"sound": "guardian_move", "volume": 0.21}
[2026-09-25 21:42:38.778] [SFX] {"sound": "civ_move_2", "volume": 0.16}
[2026-09-25 21:42:39.091] [SFX] {"sound": "guardian_move", "volume": 0.22}
[2026-09-25 21:42:39.189] [SFX] {"sound": "civ_move_2", "volume": 0.16}
[2026-09-25 21:42:39.698] [SFX] {"sound": "guardian_move", "volume": 0.28}
[2026-09-25 21:42:40.011] [SFX] {"sound": "civ_move_2", "volume": 0.21}
[2026-09-25 21:42:40.311] [SFX] {"sound": "guardian_move", "volume": 0.3}
[2026-09-25 21:42:40.425] [SFX] {"sound": "civ_move_2", "volume": 0.22}
[2026-09-25 21:42:40.826] [SFX] {"sound": "civ_move_2", "volume": 0.23}
[2026-09-25 21:42:40.925] [SFX] {"sound": "guardian_move", "volume": 0.33}
[2026-09-25 21:42:41.240] [SFX] {"sound": "civ_move_2", "volume": 0.24}
[2026-09-25 21:42:41.538] [SFX] {"sound": "guardian_move", "volume": 0.35}
[2026-09-25 21:42:41.575] [JACK] Hörst du das Wummern? Sentinels in der Nähe... Bloß keinen falschen Schritt machen!
[2026-09-25 21:42:41.652] [SFX] {"sound": "civ_move_2", "volume": 0.26}
[2026-09-25 21:42:41.653] [SFX] {"sound": "civ_move_1", "volume": 0.0}
[2026-09-25 21:42:41.786] [SFX] {"sound": "threat_pulse", "volume": 0.3}
[2026-09-25 21:42:42.064] [SFX] {"sound": "civ_move_2", "volume": 0.27}
[2026-09-25 21:42:42.065] [SFX] {"sound": "civ_move_1", "volume": 0.01}
[2026-09-25 21:42:42.148] [SFX] {"sound": "guardian_move", "volume": 0.38}
[2026-09-25 21:42:42.441] [C] {"civ_pos": [143, 42]}
[2026-09-25 21:42:42.482] [SFX] {"sound": "civ_move_2", "volume": 0.28}
[2026-09-25 21:42:42.483] [SFX] {"sound": "civ_move_1", "volume": 0.02}
[2026-09-25 21:42:42.694] [SFX] {"sound": "threat_pulse", "volume": 0.34}
[2026-09-25 21:42:42.762] [SFX] {"sound": "guardian_move", "volume": 0.4}
[2026-09-25 21:42:42.896] [SFX] {"sound": "civ_move_2", "volume": 0.29}
[2026-09-25 21:42:42.897] [SFX] {"sound": "civ_move_1", "volume": 0.03}
[2026-09-25 21:42:43.096] [M] {"button": 1, "pos": [484, 191], "ui_clicked": false}
[2026-09-25 21:42:43.104] [P] {"start": [141, 42], "goal": [146, 42], "length": 1, "is_direction_change": false}
[2026-09-25 21:42:43.104] [SFX] {"sound": "click_target", "volume": 0.68}
[2026-09-25 21:42:43.236] [SFX] {"sound": "player_move", "volume": 0.4}
[2026-09-25 21:42:43.304] [SFX] {"sound": "civ_move_2", "volume": 0.26}
[2026-09-25 21:42:43.305] [SFX] {"sound": "civ_move_1", "volume": 0.05}
[2026-09-25 21:42:43.601] [SFX] {"sound": "threat_pulse", "volume": 0.31}
[2026-09-25 21:42:43.682] [M] {"button": 1, "pos": [484, 191], "ui_clicked": false}
[2026-09-25 21:42:43.690] [P] {"start": [146, 42], "goal": [151, 42], "length": 1, "is_direction_change": false}
[2026-09-25 21:42:43.691] [SFX] {"sound": "click_target", "volume": 0.68}
[2026-09-25 21:42:43.739] [SFX] {"sound": "civ_move_1", "volume": 0.06}
[2026-09-25 21:42:43.885] [SFX] {"sound": "player_move", "volume": 0.4}
[2026-09-25 21:42:44.149] [SFX] {"sound": "civ_move_1", "volume": 0.08}
[2026-09-25 21:42:44.566] [SFX] {"sound": "civ_move_1", "volume": 0.09}
[2026-09-25 21:42:44.975] [SFX] {"sound": "civ_move_1", "volume": 0.1}
[2026-09-25 21:42:45.375] [SFX] {"sound": "civ_move_1", "volume": 0.11}
[2026-09-25 21:42:45.491] [M] {"button": 1, "pos": [336, 224], "ui_clicked": false}
[2026-09-25 21:42:45.785] [SFX] {"sound": "civ_move_1", "volume": 0.11}
[2026-09-25 21:42:46.197] [SFX] {"sound": "civ_move_1", "volume": 0.12}
[2026-09-25 21:42:46.412] [M] {"button": 1, "pos": [336, 187], "ui_clicked": false}
[2026-09-25 21:42:46.420] [P] {"start": [151, 42], "goal": [147, 42], "length": 1, "is_direction_change": false}
[2026-09-25 21:42:46.420] [SFX] {"sound": "click_target", "volume": 0.74}
[2026-09-25 21:42:46.601] [SFX] {"sound": "civ_move_1", "volume": 0.13}
[2026-09-25 21:42:47.012] [SFX] {"sound": "civ_move_1", "volume": 0.14}
[2026-09-25 21:42:47.297] [M] {"button": 1, "pos": [317, 224], "ui_clicked": false}
[2026-09-25 21:42:47.415] [SFX] {"sound": "civ_move_1", "volume": 0.15}
[2026-09-25 21:42:48.128] [M] {"button": 1, "pos": [286, 189], "ui_clicked": false}
[2026-09-25 21:42:48.136] [P] {"start": [147, 42], "goal": [145, 42], "length": 1, "is_direction_change": false}
[2026-09-25 21:42:48.136] [SFX] {"sound": "click_target", "volume": 0.78}
[2026-09-25 21:42:48.220] [SFX] {"sound": "player_move", "volume": 0.4}
[2026-09-25 21:42:48.241] [SFX] {"sound": "civ_move_1", "volume": 0.16}
[2026-09-25 21:42:49.040] [M] {"button": 1, "pos": [324, 220], "ui_clicked": false}
[2026-09-25 21:42:49.059] [SFX] {"sound": "civ_move_1", "volume": 0.17}
[2026-09-25 21:42:49.469] [SFX] {"sound": "civ_move_1", "volume": 0.18}
[2026-09-25 21:42:50.702] [SFX] {"sound": "civ_move_1", "volume": 0.19}
[2026-09-25 21:42:51.116] [SFX] {"sound": "civ_move_1", "volume": 0.24}
[2026-09-25 21:42:51.528] [SFX] {"sound": "civ_move_1", "volume": 0.25}
[2026-09-25 21:42:51.939] [SFX] {"sound": "civ_move_1", "volume": 0.26}
[2026-09-25 21:42:52.350] [SFX] {"sound": "civ_move_1", "volume": 0.27}
[2026-09-25 21:42:52.481] [C] {"civ_pos": [147, 42]}
[2026-09-25 21:42:52.509] [JACK] Diese Nodes wandern völlig ahnungslos durch das Grid.
[2026-09-25 21:42:52.765] [SFX] {"sound": "civ_move_1", "volume": 0.29}
[2026-09-25 21:42:53.180] [SFX] {"sound": "civ_move_1", "volume": 0.3}
[2026-09-25 21:42:53.593] [SFX] {"sound": "civ_move_1", "volume": 0.29}
[2026-09-25 21:42:53.610] [M] {"button": 1, "pos": [328, 219], "ui_clicked": false}
[2026-09-25 21:42:53.999] [SFX] {"sound": "civ_move_1", "volume": 0.28}
[2026-09-25 21:42:54.407] [SFX] {"sound": "civ_move_1", "volume": 0.26}
[2026-09-25 21:42:55.148] [M] {"button": 1, "pos": [405, 190], "ui_clicked": false}
[2026-09-25 21:42:55.156] [P] {"start": [145, 42], "goal": [152, 42], "length": 1, "is_direction_change": false}
[2026-09-25 21:42:55.157] [SFX] {"sound": "click_target", "volume": 0.66}
[2026-09-25 21:42:55.453] [SFX] {"sound": "player_move", "volume": 0.4}
[2026-09-25 21:42:55.800] [M] {"button": 1, "pos": [380, 297], "ui_clicked": false}
[2026-09-25 21:42:56.314] [M] {"button": 1, "pos": [400, 301], "ui_clicked": false}
[2026-09-25 21:42:56.779] [M] {"button": 1, "pos": [407, 303], "ui_clicked": false}
[2026-09-25 21:42:56.787] [P] {"start": [152, 42], "goal": [154, 49], "length": 2, "is_direction_change": false}
[2026-09-25 21:42:56.788] [SFX] {"sound": "click_target", "volume": 0.64}
[2026-09-25 21:42:57.053] [SFX] {"sound": "player_move", "volume": 0.4}
[2026-09-25 21:42:57.500] [SFX] {"sound": "guardian_move", "volume": 0.04}
[2026-09-25 21:42:57.567] [M] {"button": 1, "pos": [354, 304], "ui_clicked": false}
[2026-09-25 21:42:57.851] [M] {"button": 1, "pos": [341, 317], "ui_clicked": false}
[2026-09-25 21:42:57.859] [P] {"start": [154, 49], "goal": [154, 54], "length": 1, "is_direction_change": false}
[2026-09-25 21:42:57.860] [SFX] {"sound": "click_target", "volume": 0.7}
[2026-09-25 21:42:57.975] [SFX] {"sound": "player_move", "volume": 0.4}
[2026-09-25 21:42:58.108] [SFX] {"sound": "guardian_move", "volume": 0.1}
[2026-09-25 21:42:58.376] [M] {"button": 1, "pos": [326, 323], "ui_clicked": false}
[2026-09-25 21:42:58.385] [P] {"start": [154, 54], "goal": [154, 58], "length": 1, "is_direction_change": false}
[2026-09-25 21:42:58.385] [SFX] {"sound": "click_target", "volume": 0.7}
[2026-09-25 21:42:58.568] [SFX] {"sound": "player_move", "volume": 0.4}
[2026-09-25 21:42:58.715] [SFX] {"sound": "guardian_move", "volume": 0.15}
[2026-09-25 21:42:58.748] [M] {"button": 1, "pos": [326, 323], "ui_clicked": false}
[2026-09-25 21:42:58.757] [P] {"start": [154, 58], "goal": [154, 62], "length": 1, "is_direction_change": false}
[2026-09-25 21:42:58.758] [SFX] {"sound": "click_target", "volume": 0.7}
[2026-09-25 21:42:58.795] [JACK] Vorsichtig vorantasten...
[2026-09-25 21:42:59.121] [M] {"button": 1, "pos": [326, 323], "ui_clicked": false}
[2026-09-25 21:42:59.128] [P] {"start": [154, 62], "goal": [154, 66], "length": 1, "is_direction_change": false}
[2026-09-25 21:42:59.129] [SFX] {"sound": "click_target", "volume": 0.71}
[2026-09-25 21:42:59.240] [SFX] {"sound": "player_move", "volume": 0.4}
[2026-09-25 21:42:59.322] [SFX] {"sound": "guardian_move", "volume": 0.23}
[2026-09-25 21:42:59.635] [M] {"button": 1, "pos": [329, 338], "ui_clicked": false}
[2026-09-25 21:42:59.642] [P] {"start": [154, 66], "goal": [154, 71], "length": 1, "is_direction_change": false}
[2026-09-25 21:42:59.643] [SFX] {"sound": "click_target", "volume": 0.69}
[2026-09-25 21:42:59.872] [SFX] {"sound": "player_move", "volume": 0.4}
[2026-09-25 21:42:59.937] [SFX] {"sound": "guardian_move", "volume": 0.29}
[2026-09-25 21:43:00.169] [M] {"button": 5, "pos": [329, 337], "ui_clicked": false}
[2026-09-25 21:43:00.547] [SFX] {"sound": "guardian_move", "volume": 0.31}
[2026-09-25 21:43:00.613] [SFX] {"sound": "threat_pulse", "volume": 0.33}
[2026-09-25 21:43:00.629] [M] {"button": 1, "pos": [328, 337], "ui_clicked": false}
[2026-09-25 21:43:01.181] [SFX] {"sound": "guardian_move", "volume": 0.31}
[2026-09-25 21:43:01.331] [M] {"button": 1, "pos": [316, 331], "ui_clicked": false}
[2026-09-25 21:43:01.513] [SFX] {"sound": "threat_pulse", "volume": 0.4}
[2026-09-25 21:43:01.744] [SFX] {"sound": "civ_move_1", "volume": 0.0}
[2026-09-25 21:43:01.808] [M] {"button": 1, "pos": [318, 331], "ui_clicked": false}
[2026-09-25 21:43:01.816] [SFX] {"sound": "guardian_move", "volume": 0.32}
[2026-09-25 21:43:02.091] [M] {"button": 1, "pos": [320, 331], "ui_clicked": false}
[2026-09-25 21:43:02.323] [SFX] {"sound": "threat_pulse", "volume": 0.47}
[2026-09-25 21:43:02.435] [SFX] {"sound": "guardian_move", "volume": 0.32}
[2026-09-25 21:43:02.619] [M] {"button": 1, "pos": [321, 331], "ui_clicked": false}
[2026-09-25 21:43:02.627] [P] {"start": [154, 71], "goal": [154, 89], "length": 1, "is_direction_change": false}
[2026-09-25 21:43:02.628] [SFX] {"sound": "click_target", "volume": 0.43}
[2026-09-25 21:43:02.652] [JACK] Hörst du das Wummern? Sentinels in der Nähe... Bloß keinen falschen Schritt machen!
[2026-09-25 21:43:02.862] [SFX] {"sound": "civ_move_2", "volume": 0.03}
[2026-09-25 21:43:02.927] [SFX] {"sound": "player_move", "volume": 0.4}
[2026-09-25 21:43:02.928] [SFX] {"sound": "threat_pulse", "volume": 0.51}
[2026-09-25 21:43:02.996] [SFX] {"sound": "civ_move_1", "volume": 0.02}
[2026-09-25 21:43:03.060] [SFX] {"sound": "guardian_move", "volume": 0.33}
[2026-09-25 21:43:03.143] [M] {"button": 1, "pos": [322, 332], "ui_clicked": false}
[2026-09-25 21:43:03.152] [P] {"start": [154, 81], "goal": [154, 100], "length": 1, "is_direction_change": false}
[2026-09-25 21:43:03.153] [SFX] {"sound": "click_target", "volume": 0.42}
[2026-09-25 21:43:03.176] [JACK] Achtung! Guardians patrouillieren den Sektor. Wir müssen extrem vorsichtig sein!
[2026-09-25 21:43:03.237] [SFX] {"sound": "player_move", "volume": 0.4}
[2026-09-25 21:43:03.269] [SFX] {"sound": "civ_move_2", "volume": 0.08}
[2026-09-25 21:43:03.318] [SFX] {"sound": "civ_move_2", "volume": 0.03}
[2026-09-25 21:43:03.404] [SFX] {"sound": "civ_move_2", "volume": 0.0}
[2026-09-25 21:43:03.405] [SFX] {"sound": "civ_move_1", "volume": 0.05}
[2026-09-25 21:43:03.437] [SFX] {"sound": "threat_pulse", "volume": 0.49}
[2026-09-25 21:43:03.503] [SFX] {"sound": "civ_move_1", "volume": 0.02}
[2026-09-25 21:43:03.552] [SFX] {"sound": "player_move", "volume": 0.4}
[2026-09-25 21:43:03.619] [SFX] {"sound": "civ_move_1", "volume": 0.03}
[2026-09-25 21:43:03.654] [SFX] {"sound": "civ_move_2", "volume": 0.02}
[2026-09-25 21:43:03.676] [SFX] {"sound": "civ_move_2", "volume": 0.14}
[2026-09-25 21:43:03.677] [SFX] {"sound": "civ_move_1", "volume": 0.02}
[2026-09-25 21:43:03.696] [SFX] {"sound": "guardian_move", "volume": 0.23}
[2026-09-25 21:43:03.724] [SFX] {"sound": "civ_move_2", "volume": 0.06}
[2026-09-25 21:43:03.807] [SFX] {"sound": "civ_move_2", "volume": 0.05}
[2026-09-25 21:43:03.808] [SFX] {"sound": "civ_move_1", "volume": 0.07}
[2026-09-25 21:43:03.857] [SFX] {"sound": "player_move", "volume": 0.4}
[2026-09-25 21:43:03.906] [SFX] {"sound": "civ_move_1", "volume": 0.06}
[2026-09-25 21:43:04.021] [SFX] {"sound": "civ_move_2", "volume": 0.0}
[2026-09-25 21:43:04.022] [SFX] {"sound": "civ_move_1", "volume": 0.08}
[2026-09-25 21:43:04.054] [SFX] {"sound": "civ_move_2", "volume": 0.07}
[2026-09-25 21:43:04.055] [SFX] {"sound": "threat_pulse", "volume": 0.46}
[2026-09-25 21:43:04.077] [SFX] {"sound": "civ_move_2", "volume": 0.2}
[2026-09-25 21:43:04.078] [SFX] {"sound": "civ_move_1", "volume": 0.07}
[2026-09-25 21:43:04.140] [SFX] {"sound": "civ_move_2", "volume": 0.09}
[2026-09-25 21:43:04.224] [SFX] {"sound": "civ_move_2", "volume": 0.08}
[2026-09-25 21:43:04.225] [SFX] {"sound": "civ_move_1", "volume": 0.08}
[2026-09-25 21:43:04.291] [SFX] {"sound": "guardian_move", "volume": 0.18}
[2026-09-25 21:43:04.314] [SFX] {"sound": "civ_move_1", "volume": 0.08}
[2026-09-25 21:43:04.425] [SFX] {"sound": "civ_move_2", "volume": 0.01}
[2026-09-25 21:43:04.426] [SFX] {"sound": "civ_move_1", "volume": 0.09}
[2026-09-25 21:43:04.458] [SFX] {"sound": "civ_move_2", "volume": 0.08}
[2026-09-25 21:43:04.480] [SFX] {"sound": "civ_move_2", "volume": 0.21}
[2026-09-25 21:43:04.481] [SFX] {"sound": "civ_move_1", "volume": 0.07}
[2026-09-25 21:43:04.542] [SFX] {"sound": "civ_move_2", "volume": 0.09}
[2026-09-25 21:43:04.626] [SFX] {"sound": "civ_move_2", "volume": 0.08}
[2026-09-25 21:43:04.627] [SFX] {"sound": "civ_move_1", "volume": 0.09}
[2026-09-25 21:43:04.725] [SFX] {"sound": "civ_move_1", "volume": 0.08}
[2026-09-25 21:43:04.759] [SFX] {"sound": "threat_pulse", "volume": 0.42}
[2026-09-25 21:43:04.840] [SFX] {"sound": "civ_move_2", "volume": 0.02}
[2026-09-25 21:43:04.841] [SFX] {"sound": "civ_move_1", "volume": 0.1}
[2026-09-25 21:43:04.874] [SFX] {"sound": "civ_move_2", "volume": 0.22}
[2026-09-25 21:43:04.875] [SFX] {"sound": "civ_move_2", "volume": 0.08}
[2026-09-25 21:43:04.876] [SFX] {"sound": "civ_move_1", "volume": 0.08}
[2026-09-25 21:43:04.898] [SFX] {"sound": "guardian_move", "volume": 0.2}
[2026-09-25 21:43:04.943] [SFX] {"sound": "civ_move_2", "volume": 0.1}
[2026-09-25 21:43:04.967] [C] {"civ_pos": [154, 102]}
[2026-09-25 21:43:05.031] [M] {"button": 1, "pos": [393, 302], "ui_clicked": false}
[2026-09-25 21:43:05.039] [SFX] {"sound": "civ_move_2", "volume": 0.08}
[2026-09-25 21:43:05.039] [SFX] {"sound": "civ_move_2", "volume": 0.0}
[2026-09-25 21:43:05.040] [SFX] {"sound": "civ_move_1", "volume": 0.1}
[2026-09-25 21:43:05.041] [P] {"start": [154, 100], "goal": [164, 114], "length": 2, "is_direction_change": false}
[2026-09-25 21:43:05.041] [SFX] {"sound": "click_target", "volume": 0.44}
[2026-09-25 21:43:05.065] [JACK] Überall Wacheinheiten... Ihr bedrohliches Summen brennt sich ins Deck.
[2026-09-25 21:43:05.126] [SFX] {"sound": "civ_move_1", "volume": 0.09}
[2026-09-25 21:43:05.150] [SFX] {"sound": "player_move", "volume": 0.4}
[2026-09-25 21:43:05.245] [SFX] {"sound": "civ_move_2", "volume": 0.05}
[2026-09-25 21:43:05.246] [SFX] {"sound": "civ_move_1", "volume": 0.14}
[2026-09-25 21:43:05.279] [SFX] {"sound": "civ_move_2", "volume": 0.28}
[2026-09-25 21:43:05.279] [SFX] {"sound": "civ_move_2", "volume": 0.11}
[2026-09-25 21:43:05.280] [SFX] {"sound": "civ_move_1", "volume": 0.11}
[2026-09-25 21:43:05.345] [SFX] {"sound": "civ_move_2", "volume": 0.11}
[2026-09-25 21:43:05.444] [SFX] {"sound": "player_move", "volume": 0.4}
[2026-09-25 21:43:05.445] [SFX] {"sound": "civ_move_2", "volume": 0.13}
[2026-09-25 21:43:05.446] [SFX] {"sound": "civ_move_2", "volume": 0.02}
[2026-09-25 21:43:05.447] [SFX] {"sound": "civ_move_1", "volume": 0.13}
[2026-09-25 21:43:05.466] [SFX] {"sound": "threat_pulse", "volume": 0.39}
[2026-09-25 21:43:05.493] [SFX] {"sound": "guardian_move", "volume": 0.14}
[2026-09-25 21:43:05.528] [SFX] {"sound": "civ_move_1", "volume": 0.13}
[2026-09-25 21:43:05.659] [SFX] {"sound": "civ_move_2", "volume": 0.08}
[2026-09-25 21:43:05.660] [SFX] {"sound": "civ_move_1", "volume": 0.2}
[2026-09-25 21:43:05.694] [SFX] {"sound": "civ_move_2", "volume": 0.2}
[2026-09-25 21:43:05.695] [SFX] {"sound": "civ_move_2", "volume": 0.16}
[2026-09-25 21:43:05.759] [SFX] {"sound": "player_move", "volume": 0.4}
[2026-09-25 21:43:05.759] [SFX] {"sound": "civ_move_2", "volume": 0.13}
[2026-09-25 21:43:05.858] [SFX] {"sound": "civ_move_2", "volume": 0.16}
[2026-09-25 21:43:05.858] [SFX] {"sound": "civ_move_2", "volume": 0.03}
[2026-09-25 21:43:05.859] [SFX] {"sound": "civ_move_1", "volume": 0.2}
[2026-09-25 21:43:05.941] [SFX] {"sound": "civ_move_1", "volume": 0.13}
[2026-09-25 21:43:06.074] [SFX] {"sound": "player_move", "volume": 0.4}
[2026-09-25 21:43:06.075] [SFX] {"sound": "civ_move_2", "volume": 0.06}
[2026-09-25 21:43:06.076] [SFX] {"sound": "civ_move_1", "volume": 0.19}
[2026-09-25 21:43:06.107] [SFX] {"sound": "guardian_move", "volume": 0.1}
[2026-09-25 21:43:06.108] [SFX] {"sound": "civ_move_2", "volume": 0.17}
[2026-09-25 21:43:06.109] [SFX] {"sound": "civ_move_2", "volume": 0.15}
[2026-09-25 21:43:06.144] [SFX] {"sound": "civ_move_1", "volume": 0.03}
[2026-09-25 21:43:06.169] [SFX] {"sound": "civ_move_2", "volume": 0.18}
[2026-09-25 21:43:06.267] [SFX] {"sound": "civ_move_2", "volume": 0.17}
[2026-09-25 21:43:06.268] [SFX] {"sound": "civ_move_1", "volume": 0.27}
[2026-09-25 21:43:06.269] [SFX] {"sound": "threat_pulse", "volume": 0.35}
[2026-09-25 21:43:06.350] [SFX] {"sound": "civ_move_1", "volume": 0.09}
[2026-09-25 21:43:06.483] [SFX] {"sound": "civ_move_2", "volume": 0.05}
[2026-09-25 21:43:06.484] [SFX] {"sound": "civ_move_1", "volume": 0.18}
[2026-09-25 21:43:06.517] [SFX] {"sound": "civ_move_2", "volume": 0.15}
[2026-09-25 21:43:06.549] [SFX] {"sound": "civ_move_1", "volume": 0.06}
[2026-09-25 21:43:06.571] [SFX] {"sound": "civ_move_2", "volume": 0.18}
[2026-09-25 21:43:06.667] [SFX] {"sound": "civ_move_2", "volume": 0.17}
[2026-09-25 21:43:06.668] [SFX] {"sound": "civ_move_1", "volume": 0.28}
[2026-09-25 21:43:06.717] [SFX] {"sound": "guardian_move", "volume": 0.12}
[2026-09-25 21:43:06.751] [SFX] {"sound": "civ_move_1", "volume": 0.09}
[2026-09-25 21:43:06.898] [SFX] {"sound": "civ_move_2", "volume": 0.06}
[2026-09-25 21:43:06.930] [SFX] {"sound": "civ_move_2", "volume": 0.14}
[2026-09-25 21:43:06.931] [SFX] {"sound": "civ_move_2", "volume": 0.15}
[2026-09-25 21:43:06.964] [SFX] {"sound": "civ_move_1", "volume": 0.06}
[2026-09-25 21:43:06.986] [SFX] {"sound": "civ_move_2", "volume": 0.17}
[2026-09-25 21:43:07.081] [SFX] {"sound": "civ_move_2", "volume": 0.01}
[2026-09-25 21:43:07.081] [SFX] {"sound": "civ_move_1", "volume": 0.29}
[2026-09-25 21:43:07.165] [SFX] {"sound": "civ_move_1", "volume": 0.08}
[2026-09-25 21:43:07.298] [SFX] {"sound": "civ_move_2", "volume": 0.07}
[2026-09-25 21:43:07.333] [SFX] {"sound": "guardian_move", "volume": 0.14}
[2026-09-25 21:43:07.334] [SFX] {"sound": "civ_move_2", "volume": 0.13}
[2026-09-25 21:43:07.334] [SFX] {"sound": "civ_move_2", "volume": 0.16}
[2026-09-25 21:43:07.367] [SFX] {"sound": "civ_move_1", "volume": 0.07}
[2026-09-25 21:43:07.390] [SFX] {"sound": "civ_move_2", "volume": 0.16}
[2026-09-25 21:43:07.467] [C] {"civ_pos": [163, 114]}
[2026-09-25 21:43:07.496] [SFX] {"sound": "civ_move_2", "volume": 0.16}
[2026-09-25 21:43:07.496] [SFX] {"sound": "civ_move_2", "volume": 0.02}
[2026-09-25 21:43:07.497] [SFX] {"sound": "civ_move_1", "volume": 0.29}
[2026-09-25 21:43:07.575] [SFX] {"sound": "civ_move_1", "volume": 0.07}
[2026-09-25 21:43:07.709] [SFX] {"sound": "civ_move_2", "volume": 0.08}
[2026-09-25 21:43:07.745] [SFX] {"sound": "civ_move_2", "volume": 0.12}
[2026-09-25 21:43:07.746] [SFX] {"sound": "civ_move_2", "volume": 0.17}
[2026-09-25 21:43:07.776] [SFX] {"sound": "civ_move_1", "volume": 0.07}
[2026-09-25 21:43:07.798] [SFX] {"sound": "civ_move_2", "volume": 0.15}
[2026-09-25 21:43:07.893] [SFX] {"sound": "civ_move_2", "volume": 0.16}
[2026-09-25 21:43:07.894] [SFX] {"sound": "civ_move_2", "volume": 0.03}
[2026-09-25 21:43:07.894] [SFX] {"sound": "civ_move_1", "volume": 0.28}
[2026-09-25 21:43:07.943] [SFX] {"sound": "guardian_move", "volume": 0.16}
[2026-09-25 21:43:07.975] [SFX] {"sound": "civ_move_1", "volume": 0.06}
[2026-09-25 21:43:08.108] [SFX] {"sound": "civ_move_2", "volume": 0.09}
[2026-09-25 21:43:08.159] [SFX] {"sound": "civ_move_2", "volume": 0.11}
[2026-09-25 21:43:08.160] [SFX] {"sound": "civ_move_2", "volume": 0.17}
[2026-09-25 21:43:08.183] [SFX] {"sound": "civ_move_1", "volume": 0.07}
[2026-09-25 21:43:08.201] [SFX] {"sound": "civ_move_2", "volume": 0.14}
[2026-09-25 21:43:08.297] [SFX] {"sound": "civ_move_2", "volume": 0.16}
[2026-09-25 21:43:08.298] [SFX] {"sound": "civ_move_2", "volume": 0.05}
[2026-09-25 21:43:08.299] [SFX] {"sound": "civ_move_1", "volume": 0.27}
[2026-09-25 21:43:08.380] [SFX] {"sound": "civ_move_1", "volume": 0.05}
[2026-09-25 21:43:08.524] [M] {"button": 1, "pos": [425, 188], "ui_clicked": false}
[2026-09-25 21:43:08.532] [SFX] {"sound": "civ_move_2", "volume": 0.1}
[2026-09-25 21:43:08.533] [P] {"start": [164, 114], "goal": [176, 114], "length": 1, "is_direction_change": false}
[2026-09-25 21:43:08.533] [SFX] {"sound": "click_target", "volume": 0.56}
[2026-09-25 21:43:08.558] [SFX] {"sound": "guardian_move", "volume": 0.18}
[2026-09-25 21:43:08.576] [SFX] {"sound": "civ_move_2", "volume": 0.09}
[2026-09-25 21:43:08.576] [SFX] {"sound": "civ_move_2", "volume": 0.17}
[2026-09-25 21:43:08.598] [SFX] {"sound": "civ_move_1", "volume": 0.09}
[2026-09-25 21:43:08.616] [SFX] {"sound": "civ_move_2", "volume": 0.14}
[2026-09-25 21:43:08.667] [SFX] {"sound": "player_move", "volume": 0.4}
[2026-09-25 21:43:08.700] [SFX] {"sound": "civ_move_2", "volume": 0.03}
[2026-09-25 21:43:08.701] [SFX] {"sound": "civ_move_1", "volume": 0.23}
[2026-09-25 21:43:08.785] [SFX] {"sound": "civ_move_1", "volume": 0.01}
[2026-09-25 21:43:08.933] [SFX] {"sound": "civ_move_2", "volume": 0.06}
[2026-09-25 21:43:08.968] [SFX] {"sound": "player_move", "volume": 0.4}
[2026-09-25 21:43:08.991] [SFX] {"sound": "civ_move_2", "volume": 0.05}
[2026-09-25 21:43:08.992] [SFX] {"sound": "civ_move_2", "volume": 0.12}
[2026-09-25 21:43:09.010] [SFX] {"sound": "civ_move_1", "volume": 0.16}
[2026-09-25 21:43:09.034] [SFX] {"sound": "civ_move_2", "volume": 0.15}
[2026-09-25 21:43:09.115] [SFX] {"sound": "civ_move_1", "volume": 0.16}
[2026-09-25 21:43:09.150] [SFX] {"sound": "guardian_move", "volume": 0.12}
[2026-09-25 21:43:09.345] [SFX] {"sound": "civ_move_2", "volume": 0.05}
[2026-09-25 21:43:09.395] [SFX] {"sound": "civ_move_2", "volume": 0.03}
[2026-09-25 21:43:09.396] [SFX] {"sound": "civ_move_2", "volume": 0.11}
[2026-09-25 21:43:09.418] [SFX] {"sound": "civ_move_1", "volume": 0.19}
[2026-09-25 21:43:09.429] [M] {"button": 4, "pos": [382, 188], "ui_clicked": false}
[2026-09-25 21:43:09.437] [SFX] {"sound": "civ_move_2", "volume": 0.15}
[2026-09-25 21:43:09.450] [M] {"button": 4, "pos": [382, 188], "ui_clicked": false}
[2026-09-25 21:43:09.520] [SFX] {"sound": "civ_move_1", "volume": 0.14}
[2026-09-25 21:43:09.751] [SFX] {"sound": "guardian_move", "volume": 0.14}
[2026-09-25 21:43:09.752] [SFX] {"sound": "civ_move_2", "volume": 0.06}
[2026-09-25 21:43:09.799] [SFX] {"sound": "civ_move_2", "volume": 0.02}
[2026-09-25 21:43:09.800] [SFX] {"sound": "civ_move_2", "volume": 0.13}
[2026-09-25 21:43:09.823] [SFX] {"sound": "civ_move_1", "volume": 0.2}
[2026-09-25 21:43:09.840] [SFX] {"sound": "civ_move_2", "volume": 0.15}
[2026-09-25 21:43:09.933] [SFX] {"sound": "civ_move_2", "volume": 0.0}
[2026-09-25 21:43:09.934] [SFX] {"sound": "civ_move_1", "volume": 0.11}
[2026-09-25 21:43:10.165] [SFX] {"sound": "civ_move_2", "volume": 0.07}
[2026-09-25 21:43:10.199] [SFX] {"sound": "civ_move_2", "volume": 0.01}
[2026-09-25 21:43:10.200] [SFX] {"sound": "civ_move_2", "volume": 0.13}
[2026-09-25 21:43:10.232] [SFX] {"sound": "civ_move_1", "volume": 0.21}
[2026-09-25 21:43:10.255] [SFX] {"sound": "civ_move_2", "volume": 0.14}
[2026-09-25 21:43:10.349] [SFX] {"sound": "civ_move_2", "volume": 0.02}
[2026-09-25 21:43:10.349] [SFX] {"sound": "civ_move_1", "volume": 0.11}
[2026-09-25 21:43:10.371] [SFX] {"sound": "guardian_move", "volume": 0.15}
[2026-09-25 21:43:10.580] [SFX] {"sound": "civ_move_2", "volume": 0.08}
[2026-09-25 21:43:10.613] [SFX] {"sound": "civ_move_2", "volume": 0.13}
[2026-09-25 21:43:10.646] [SFX] {"sound": "civ_move_1", "volume": 0.23}
[2026-09-25 21:43:10.763] [SFX] {"sound": "civ_move_2", "volume": 0.03}
[2026-09-25 21:43:10.763] [SFX] {"sound": "civ_move_1", "volume": 0.11}
[2026-09-25 21:43:10.979] [SFX] {"sound": "guardian_move", "volume": 0.16}
[2026-09-25 21:43:10.980] [SFX] {"sound": "civ_move_2", "volume": 0.08}
[2026-09-25 21:43:11.014] [SFX] {"sound": "civ_move_2", "volume": 0.13}
[2026-09-25 21:43:11.048] [SFX] {"sound": "civ_move_1", "volume": 0.24}
[2026-09-25 21:43:11.165] [SFX] {"sound": "civ_move_2", "volume": 0.04}
[2026-09-25 21:43:11.165] [SFX] {"sound": "civ_move_1", "volume": 0.1}
[2026-09-25 21:43:11.263] [SFX] {"sound": "civ_move_2", "volume": 0.04}
[2026-09-25 21:43:11.383] [SFX] {"sound": "civ_move_2", "volume": 0.09}
[2026-09-25 21:43:11.418] [SFX] {"sound": "civ_move_2", "volume": 0.13}
[2026-09-25 21:43:11.453] [SFX] {"sound": "civ_move_1", "volume": 0.25}
[2026-09-25 21:43:11.566] [SFX] {"sound": "civ_move_2", "volume": 0.05}
[2026-09-25 21:43:11.567] [SFX] {"sound": "civ_move_1", "volume": 0.1}
[2026-09-25 21:43:11.588] [SFX] {"sound": "guardian_move", "volume": 0.17}
[2026-09-25 21:43:11.662] [SFX] {"sound": "civ_move_2", "volume": 0.03}
[2026-09-25 21:43:11.796] [SFX] {"sound": "civ_move_2", "volume": 0.1}
[2026-09-25 21:43:11.829] [SFX] {"sound": "civ_move_2", "volume": 0.12}
[2026-09-25 21:43:11.863] [SFX] {"sound": "civ_move_1", "volume": 0.26}
[2026-09-25 21:43:11.977] [SFX] {"sound": "civ_move_2", "volume": 0.07}
[2026-09-25 21:43:11.978] [SFX] {"sound": "civ_move_1", "volume": 0.1}
[2026-09-25 21:43:12.093] [SFX] {"sound": "civ_move_2", "volume": 0.03}
[2026-09-25 21:43:12.193] [M] {"button": 1, "pos": [426, 186], "ui_clicked": false}
[2026-09-25 21:43:12.200] [SFX] {"sound": "guardian_move", "volume": 0.18}
[2026-09-25 21:43:12.201] [JACK] JACK // RETAINS OLD HARDWARE SCHEMATICS. WEARS HIGH-FREQ JAMMER WEAVE.
[2026-09-25 21:43:12.202] [SFX] {"sound": "click_target", "volume": 0.72}
[2026-09-25 21:43:12.220] [SFX] {"sound": "civ_move_2", "volume": 0.1}
[2026-09-25 21:43:12.237] [SFX] {"sound": "civ_move_2", "volume": 0.11}
[2026-09-25 21:43:12.255] [SFX] {"sound": "threat_pulse", "volume": 0.3}
[2026-09-25 21:43:12.273] [SFX] {"sound": "civ_move_1", "volume": 0.29}
[2026-09-25 21:43:12.274] [C] {"civ_pos": [179, 114]}
[2026-09-25 21:43:12.356] [SFX] {"sound": "player_move", "volume": 0.4}
[2026-09-25 21:43:12.388] [SFX] {"sound": "civ_move_2", "volume": 0.06}
[2026-09-25 21:43:12.388] [SFX] {"sound": "civ_move_1", "volume": 0.08}
[2026-09-25 21:43:12.504] [SFX] {"sound": "civ_move_2", "volume": 0.03}
[2026-09-25 21:43:12.621] [SFX] {"sound": "civ_move_2", "volume": 0.09}
[2026-09-25 21:43:12.644] [SFX] {"sound": "civ_move_2", "volume": 0.1}
[2026-09-25 21:43:12.661] [SFX] {"sound": "player_move", "volume": 0.4}
[2026-09-25 21:43:12.677] [SFX] {"sound": "civ_move_1", "volume": 0.3}
[2026-09-25 21:43:12.803] [SFX] {"sound": "guardian_move", "volume": 0.16}
[2026-09-25 21:43:12.804] [SFX] {"sound": "civ_move_2", "volume": 0.07}
[2026-09-25 21:43:12.805] [SFX] {"sound": "civ_move_1", "volume": 0.08}
[2026-09-25 21:43:12.918] [SFX] {"sound": "civ_move_2", "volume": 0.04}
[2026-09-25 21:43:12.969] [SFX] {"sound": "player_move", "volume": 0.4}
[2026-09-25 21:43:13.037] [SFX] {"sound": "civ_move_2", "volume": 0.1}
[2026-09-25 21:43:13.060] [SFX] {"sound": "civ_move_2", "volume": 0.01}
[2026-09-25 21:43:13.079] [SFX] {"sound": "civ_move_1", "volume": 0.29}
[2026-09-25 21:43:13.160] [SFX] {"sound": "threat_pulse", "volume": 0.31}
[2026-09-25 21:43:13.209] [SFX] {"sound": "civ_move_2", "volume": 0.1}
[2026-09-25 21:43:13.210] [SFX] {"sound": "civ_move_1", "volume": 0.08}
[2026-09-25 21:43:13.276] [SFX] {"sound": "player_move", "volume": 0.4}
[2026-09-25 21:43:13.327] [SFX] {"sound": "civ_move_2", "volume": 0.06}
[2026-09-25 21:43:13.411] [SFX] {"sound": "guardian_move", "volume": 0.15}
[2026-09-25 21:43:13.445] [M] {"button": 1, "pos": [405, 205], "ui_clicked": true}
[2026-09-25 21:43:13.470] [SFX] {"sound": "civ_move_2", "volume": 0.11}
[2026-09-25 21:43:13.487] [SFX] {"sound": "civ_move_2", "volume": 0.1}
[2026-09-25 21:43:13.488] [SFX] {"sound": "civ_move_2", "volume": 0.03}
[2026-09-25 21:43:13.489] [SFX] {"sound": "civ_move_1", "volume": 0.29}
[2026-09-25 21:43:13.490] [SFX] {"sound": "infiltrate 2", "volume": 0.5}
[2026-09-25 21:43:13.584] [SFX] {"sound": "player_move", "volume": 0.4}
[2026-09-25 21:43:13.618] [SFX] {"sound": "civ_move_2", "volume": 0.12}
[2026-09-25 21:43:13.619] [SFX] {"sound": "civ_move_1", "volume": 0.08}
[2026-09-25 21:43:13.735] [SFX] {"sound": "civ_move_2", "volume": 0.07}
[2026-09-25 21:43:13.851] [SFX] {"sound": "civ_move_2", "volume": 0.12}
[2026-09-25 21:43:13.886] [SFX] {"sound": "player_move", "volume": 0.4}
[2026-09-25 21:43:13.886] [SFX] {"sound": "civ_move_2", "volume": 0.1}
[2026-09-25 21:43:13.887] [SFX] {"sound": "civ_move_2", "volume": 0.05}
[2026-09-25 21:43:13.888] [SFX] {"sound": "civ_move_1", "volume": 0.29}
[2026-09-25 21:43:13.889] [SFX] {"sound": "infiltrate 1", "volume": 0.5}
[2026-09-25 21:43:14.017] [SFX] {"sound": "guardian_move", "volume": 0.23}
[2026-09-25 21:43:14.039] [SFX] {"sound": "civ_move_2", "volume": 0.15}
[2026-09-25 21:43:14.040] [SFX] {"sound": "civ_move_1", "volume": 0.08}
[2026-09-25 21:43:14.069] [SFX] {"sound": "threat_pulse", "volume": 0.32}
[2026-09-25 21:43:14.135] [SFX] {"sound": "civ_move_2", "volume": 0.09}
[2026-09-25 21:43:14.185] [SFX] {"sound": "player_move", "volume": 0.4}
[2026-09-25 21:43:14.285] [SFX] {"sound": "civ_move_2", "volume": 0.1}
[2026-09-25 21:43:14.286] [SFX] {"sound": "civ_move_2", "volume": 0.07}
[2026-09-25 21:43:14.287] [SFX] {"sound": "civ_move_1", "volume": 0.29}
[2026-09-25 21:43:14.288] [SFX] {"sound": "infiltrate 2", "volume": 0.5}
[2026-09-25 21:43:14.434] [SFX] {"sound": "civ_move_2", "volume": 0.17}
[2026-09-25 21:43:14.435] [SFX] {"sound": "civ_move_1", "volume": 0.08}
[2026-09-25 21:43:14.485] [SFX] {"sound": "player_move", "volume": 0.4}
[2026-09-25 21:43:14.537] [SFX] {"sound": "civ_move_2", "volume": 0.11}
[2026-09-25 21:43:14.619] [SFX] {"sound": "guardian_move", "volume": 0.28}
[2026-09-25 21:43:14.686] [SFX] {"sound": "civ_move_2", "volume": 0.1}
[2026-09-25 21:43:14.687] [SFX] {"sound": "civ_move_2", "volume": 0.08}
[2026-09-25 21:43:14.688] [SFX] {"sound": "civ_move_1", "volume": 0.29}
[2026-09-25 21:43:14.688] [SFX] {"sound": "infiltrate 1", "volume": 0.5}
[2026-09-25 21:43:14.770] [C] {"civ_pos": [169, 114]}
[2026-09-25 21:43:14.805] [SFX] {"sound": "player_move", "volume": 0.4}
[2026-09-25 21:43:14.835] [SFX] {"sound": "civ_move_2", "volume": 0.2}
[2026-09-25 21:43:14.836] [SFX] {"sound": "civ_move_1", "volume": 0.08}
[2026-09-25 21:43:14.949] [SFX] {"sound": "civ_move_2", "volume": 0.12}
[2026-09-25 21:43:14.983] [SFX] {"sound": "threat_pulse", "volume": 0.33}
[2026-09-25 21:43:15.100] [SFX] {"sound": "player_move", "volume": 0.4}
[2026-09-25 21:43:15.101] [SFX] {"sound": "civ_move_2", "volume": 0.1}
[2026-09-25 21:43:15.101] [SFX] {"sound": "civ_move_1", "volume": 0.01}
[2026-09-25 21:43:15.102] [SFX] {"sound": "civ_move_2", "volume": 0.1}
[2026-09-25 21:43:15.103] [SFX] {"sound": "civ_move_1", "volume": 0.29}
[2026-09-25 21:43:15.103] [SFX] {"sound": "infiltrate 2", "volume": 0.5}
[2026-09-25 21:43:15.232] [SFX] {"sound": "guardian_move", "volume": 0.33}
[2026-09-25 21:43:15.254] [SFX] {"sound": "civ_move_2", "volume": 0.22}
[2026-09-25 21:43:15.255] [SFX] {"sound": "civ_move_1", "volume": 0.08}
[2026-09-25 21:43:15.352] [SFX] {"sound": "civ_move_2", "volume": 0.14}
[2026-09-25 21:43:15.400] [SFX] {"sound": "player_move", "volume": 0.4}
[2026-09-25 21:43:15.500] [SFX] {"sound": "civ_move_2", "volume": 0.1}
[2026-09-25 21:43:15.500] [SFX] {"sound": "civ_move_1", "volume": 0.03}
[2026-09-25 21:43:15.501] [SFX] {"sound": "civ_move_2", "volume": 0.12}
[2026-09-25 21:43:15.502] [SFX] {"sound": "civ_move_1", "volume": 0.29}
[2026-09-25 21:43:15.653] [SFX] {"sound": "civ_move_2", "volume": 0.24}
[2026-09-25 21:43:15.654] [SFX] {"sound": "civ_move_1", "volume": 0.08}
[2026-09-25 21:43:15.702] [SFX] {"sound": "player_move", "volume": 0.4}
[2026-09-25 21:43:15.752] [SFX] {"sound": "civ_move_2", "volume": 0.16}
[2026-09-25 21:43:15.838] [SFX] {"sound": "guardian_move", "volume": 0.37}
[2026-09-25 21:43:15.872] [SFX] {"sound": "civ_move_1", "volume": 0.18}
[2026-09-25 21:43:15.894] [SFX] {"sound": "threat_pulse", "volume": 0.63}
[2026-09-25 21:43:15.912] [SFX] {"sound": "civ_move_2", "volume": 0.09}
[2026-09-25 21:43:15.913] [SFX] {"sound": "civ_move_1", "volume": 0.04}
[2026-09-25 21:43:15.914] [SFX] {"sound": "civ_move_2", "volume": 0.13}
[2026-09-25 21:43:15.915] [SFX] {"sound": "civ_move_1", "volume": 0.29}
[2026-09-25 21:43:16.010] [SFX] {"sound": "player_move", "volume": 0.4}
[2026-09-25 21:43:16.012] [SFX] {"sound": "alert_trigger", "volume": 1.0}
[2026-09-25 21:43:16.063] [SFX] {"sound": "civ_move_2", "volume": 0.27}
[2026-09-25 21:43:16.064] [SFX] {"sound": "civ_move_1", "volume": 0.08}
[2026-09-25 21:43:16.096] [SFX] {"sound": "game_over", "volume": 1.0}
[2026-09-25 21:43:17.107] [SFX] {"sound": "hack_success", "volume": 0.8}
[2026-09-25 21:43:17.937] [SESSION_RESET] {"msg": "--- NEW LIFE STARTED ---"}
[2026-09-25 21:43:17.955] [S] {"map": "Shadowgrid"}
[2026-09-25 21:43:17.978] [JACK] Ah, im Shadowgrid angekommen... endlich.
[2026-09-25 21:43:19.419] [M] {"button": 1, "pos": [334, 244], "ui_clicked": false}
[2026-09-25 21:43:19.426] [SFX] {"sound": "action_cancel", "volume": 1.0}
[2026-09-25 21:43:20.101] [M] {"button": 1, "pos": [338, 222], "ui_clicked": false}
[2026-09-25 21:43:20.108] [P] {"start": [114, 6], "goal": [116, 11], "length": 3, "is_direction_change": false}
[2026-09-25 21:43:20.109] [SFX] {"sound": "click_target", "volume": 0.69}
[2026-09-25 21:43:20.132] [SFX] {"sound": "player_move", "volume": 0.4}
[2026-09-25 21:43:20.387] [SFX] {"sound": "civ_move_1", "volume": 0.01}
[2026-09-25 21:43:20.420] [SFX] {"sound": "player_move", "volume": 0.4}
[2026-09-25 21:43:20.469] [SFX] {"sound": "guardian_move", "volume": 0.02}
[2026-09-25 21:43:20.801] [SFX] {"sound": "civ_move_1", "volume": 0.02}
[2026-09-25 21:43:20.915] [M] {"button": 1, "pos": [338, 225], "ui_clicked": false}
[2026-09-25 21:43:20.922] [P] {"start": [116, 11], "goal": [118, 16], "length": 3, "is_direction_change": false}
[2026-09-25 21:43:20.923] [SFX] {"sound": "click_target", "volume": 0.68}
[2026-09-25 21:43:21.084] [SFX] {"sound": "guardian_move", "volume": 0.02}
[2026-09-25 21:43:21.168] [SFX] {"sound": "player_move", "volume": 0.4}
[2026-09-25 21:43:21.201] [SFX] {"sound": "civ_move_1", "volume": 0.04}
[2026-09-25 21:43:21.283] [SFX] {"sound": "civ_move_2", "volume": 0.02}
[2026-09-25 21:43:21.383] [SFX] {"sound": "civ_move_2", "volume": 0.01}
[2026-09-25 21:43:21.602] [SFX] {"sound": "civ_move_1", "volume": 0.05}
[2026-09-25 21:43:21.636] [SFX] {"sound": "guardian_move", "volume": 0.03}
[2026-09-25 21:43:21.688] [SFX] {"sound": "guardian_move", "volume": 0.04}
[2026-09-25 21:43:21.689] [SFX] {"sound": "civ_move_2", "volume": 0.02}
[2026-09-25 21:43:21.722] [SFX] {"sound": "guardian_move", "volume": 0.01}
[2026-09-25 21:43:21.790] [SFX] {"sound": "civ_move_2", "volume": 0.01}
[2026-09-25 21:43:22.008] [SFX] {"sound": "civ_move_1", "volume": 0.05}
[2026-09-25 21:43:22.090] [SFX] {"sound": "civ_move_2", "volume": 0.02}
[2026-09-25 21:43:22.206] [SFX] {"sound": "civ_move_2", "volume": 0.01}
[2026-09-25 21:43:22.240] [SFX] {"sound": "guardian_move", "volume": 0.05}
[2026-09-25 21:43:22.289] [SFX] {"sound": "guardian_move", "volume": 0.03}
[2026-09-25 21:43:22.322] [SFX] {"sound": "guardian_move", "volume": 0.01}
[2026-09-25 21:43:22.421] [SFX] {"sound": "civ_move_1", "volume": 0.04}
[2026-09-25 21:43:22.503] [SFX] {"sound": "civ_move_2", "volume": 0.01}
[2026-09-25 21:43:22.650] [SFX] {"sound": "guardian_move", "volume": 0.01}
[2026-09-25 21:43:22.818] [M] {"button": 1, "pos": [379, 189], "ui_clicked": false}
[2026-09-25 21:43:22.836] [SFX] {"sound": "civ_move_1", "volume": 0.04}
[2026-09-25 21:43:22.857] [SFX] {"sound": "guardian_move", "volume": 0.08}
[2026-09-25 21:43:22.900] [SFX] {"sound": "guardian_move", "volume": 0.02}
[2026-09-25 21:43:22.923] [SFX] {"sound": "civ_move_2", "volume": 0.0}
[2026-09-25 21:43:22.939] [SFX] {"sound": "guardian_move", "volume": 0.01}
[2026-09-25 21:43:23.019] [SFX] {"sound": "civ_move_2", "volume": 0.01}
[2026-09-25 21:43:23.250] [SFX] {"sound": "civ_move_1", "volume": 0.04}
[2026-09-25 21:43:23.270] [SFX] {"sound": "guardian_move", "volume": 0.02}
[2026-09-25 21:43:23.433] [SFX] {"sound": "civ_move_2", "volume": 0.01}
[2026-09-25 21:43:23.469] [SFX] {"sound": "guardian_move", "volume": 0.1}
[2026-09-25 21:43:23.502] [SFX] {"sound": "guardian_move", "volume": 0.01}
[2026-09-25 21:43:23.536] [SFX] {"sound": "guardian_move", "volume": 0.0}
[2026-09-25 21:43:23.553] [M] {"button": 1, "pos": [359, 175], "ui_clicked": false}
[2026-09-25 21:43:23.650] [SFX] {"sound": "civ_move_1", "volume": 0.04}
[2026-09-25 21:43:23.833] [SFX] {"sound": "civ_move_2", "volume": 0.01}
[2026-09-25 21:43:23.866] [SFX] {"sound": "guardian_move", "volume": 0.04}
[2026-09-25 21:43:24.064] [SFX] {"sound": "civ_move_1", "volume": 0.03}
[2026-09-25 21:43:24.088] [SFX] {"sound": "guardian_move", "volume": 0.13}
[2026-09-25 21:43:24.133] [M] {"button": 1, "pos": [360, 169], "ui_clicked": false}
[2026-09-25 21:43:24.142] [P] {"start": [118, 16], "goal": [122, 14], "length": 3, "is_direction_change": false}
[2026-09-25 21:43:24.143] [SFX] {"sound": "click_target", "volume": 0.87}
[2026-09-25 21:43:24.182] [JACK] Vorsichtig vorantasten...
[2026-09-25 21:43:24.242] [SFX] {"sound": "civ_move_2", "volume": 0.01}
[2026-09-25 21:43:24.328] [SFX] {"sound": "player_move", "volume": 0.4}
[2026-09-25 21:43:24.478] [SFX] {"sound": "guardian_move", "volume": 0.02}
[2026-09-25 21:43:24.479] [SFX] {"sound": "civ_move_1", "volume": 0.01}
[2026-09-25 21:43:24.690] [SFX] {"sound": "guardian_move", "volume": 0.15}
[2026-09-25 21:43:24.890] [SFX] {"sound": "civ_move_1", "volume": 0.0}
[2026-09-25 21:43:25.024] [M] {"button": 1, "pos": [360, 169], "ui_clicked": false}
[2026-09-25 21:43:25.088] [SFX] {"sound": "guardian_move", "volume": 0.04}
[2026-09-25 21:43:25.304] [SFX] {"sound": "guardian_move", "volume": 0.17}
[2026-09-25 21:43:25.569] [M] {"button": 4, "pos": [357, 173], "ui_clicked": false}
[2026-09-25 21:43:25.689] [SFX] {"sound": "guardian_move", "volume": 0.05}
[2026-09-25 21:43:25.909] [SFX] {"sound": "guardian_move", "volume": 0.19}
[2026-09-25 21:43:26.293] [SFX] {"sound": "guardian_move", "volume": 0.07}
[2026-09-25 21:43:26.441] [M] {"button": 1, "pos": [392, 198], "ui_clicked": false}
[2026-09-25 21:43:26.450] [P] {"start": [122, 14], "goal": [126, 15], "length": 2, "is_direction_change": false}
[2026-09-25 21:43:26.451] [SFX] {"sound": "click_target", "volume": 0.71}
[2026-09-25 21:43:26.523] [SFX] {"sound": "guardian_move", "volume": 0.22}
[2026-09-25 21:43:26.638] [SFX] {"sound": "player_move", "volume": 0.4}
[2026-09-25 21:43:26.905] [SFX] {"sound": "guardian_move", "volume": 0.06}
[2026-09-25 21:43:27.137] [SFX] {"sound": "guardian_move", "volume": 0.26}
[2026-09-25 21:43:27.516] [SFX] {"sound": "guardian_move", "volume": 0.08}
[2026-09-25 21:43:27.748] [SFX] {"sound": "guardian_move", "volume": 0.28}
[2026-09-25 21:43:28.128] [SFX] {"sound": "guardian_move", "volume": 0.09}
[2026-09-25 21:43:28.358] [SFX] {"sound": "guardian_move", "volume": 0.28}
[2026-09-25 21:43:28.735] [SFX] {"sound": "guardian_move", "volume": 0.11}
[2026-09-25 21:43:28.969] [SFX] {"sound": "guardian_move", "volume": 0.27}
[2026-09-25 21:43:29.351] [SFX] {"sound": "guardian_move", "volume": 0.12}
[2026-09-25 21:43:29.580] [SFX] {"sound": "guardian_move", "volume": 0.25}
[2026-09-25 21:43:29.956] [SFX] {"sound": "guardian_move", "volume": 0.13}
[2026-09-25 21:43:30.187] [SFX] {"sound": "guardian_move", "volume": 0.23}
[2026-09-25 21:43:30.453] [M] {"button": 1, "pos": [358, 205], "ui_clicked": false}
[2026-09-25 21:43:30.460] [P] {"start": [126, 15], "goal": [128, 16], "length": 2, "is_direction_change": false}
[2026-09-25 21:43:30.461] [SFX] {"sound": "click_target", "volume": 0.75}
[2026-09-25 21:43:30.570] [SFX] {"sound": "guardian_move", "volume": 0.15}
[2026-09-25 21:43:30.799] [SFX] {"sound": "guardian_move", "volume": 0.23}
[2026-09-25 21:43:31.129] [SFX] {"sound": "civ_move_2", "volume": 0.0}
[2026-09-25 21:43:31.178] [SFX] {"sound": "guardian_move", "volume": 0.15}
[2026-09-25 21:43:31.411] [SFX] {"sound": "guardian_move", "volume": 0.21}
[2026-09-25 21:43:31.541] [SFX] {"sound": "civ_move_2", "volume": 0.01}
[2026-09-25 21:43:31.565] [SFX] {"sound": "civ_move_1", "volume": 0.0}
[2026-09-25 21:43:31.785] [SFX] {"sound": "guardian_move", "volume": 0.16}
[2026-09-25 21:43:31.818] [M] {"button": 1, "pos": [359, 226], "ui_clicked": false}
[2026-09-25 21:43:31.825] [P] {"start": [128, 16], "goal": [130, 18], "length": 5, "is_direction_change": false}
[2026-09-25 21:43:31.825] [SFX] {"sound": "click_target", "volume": 0.73}
[2026-09-25 21:43:31.903] [SFX] {"sound": "player_move", "volume": 0.4}
[2026-09-25 21:43:32.019] [SFX] {"sound": "guardian_move", "volume": 0.16}
[2026-09-25 21:43:32.215] [SFX] {"sound": "player_move", "volume": 0.4}
[2026-09-25 21:43:32.394] [SFX] {"sound": "guardian_move", "volume": 0.13}
[2026-09-25 21:43:32.525] [SFX] {"sound": "player_move", "volume": 0.4}
[2026-09-25 21:43:32.623] [SFX] {"sound": "guardian_move", "volume": 0.16}
[2026-09-25 21:43:32.772] [SFX] {"sound": "civ_move_2", "volume": 0.02}
[2026-09-25 21:43:32.796] [SFX] {"sound": "civ_move_1", "volume": 0.01}
[2026-09-25 21:43:32.840] [SFX] {"sound": "player_move", "volume": 0.4}
[2026-09-25 21:43:33.005] [SFX] {"sound": "guardian_move", "volume": 0.18}
[2026-09-25 21:43:33.184] [SFX] {"sound": "civ_move_2", "volume": 0.03}
[2026-09-25 21:43:33.206] [SFX] {"sound": "civ_move_1", "volume": 0.02}
[2026-09-25 21:43:33.233] [SFX] {"sound": "guardian_move", "volume": 0.19}
[2026-09-25 21:43:33.412] [SFX] {"sound": "civ_move_2", "volume": 0.0}
[2026-09-25 21:43:33.593] [SFX] {"sound": "civ_move_2", "volume": 0.04}
[2026-09-25 21:43:33.615] [SFX] {"sound": "guardian_move", "volume": 0.19}
[2026-09-25 21:43:33.616] [SFX] {"sound": "civ_move_1", "volume": 0.02}
[2026-09-25 21:43:33.825] [SFX] {"sound": "civ_move_2", "volume": 0.01}
[2026-09-25 21:43:33.849] [SFX] {"sound": "guardian_move", "volume": 0.18}
[2026-09-25 21:43:33.993] [SFX] {"sound": "civ_move_2", "volume": 0.04}
[2026-09-25 21:43:34.015] [SFX] {"sound": "civ_move_1", "volume": 0.02}
[2026-09-25 21:43:34.224] [SFX] {"sound": "guardian_move", "volume": 0.19}
[2026-09-25 21:43:34.225] [SFX] {"sound": "civ_move_2", "volume": 0.01}
[2026-09-25 21:43:34.393] [SFX] {"sound": "civ_move_2", "volume": 0.05}
[2026-09-25 21:43:34.416] [SFX] {"sound": "civ_move_1", "volume": 0.02}
[2026-09-25 21:43:34.443] [SFX] {"sound": "guardian_move", "volume": 0.18}
[2026-09-25 21:43:34.625] [SFX] {"sound": "civ_move_2", "volume": 0.02}
[2026-09-25 21:43:34.794] [SFX] {"sound": "civ_move_2", "volume": 0.05}
[2026-09-25 21:43:34.827] [SFX] {"sound": "guardian_move", "volume": 0.21}
[2026-09-25 21:43:34.829] [SFX] {"sound": "civ_move_1", "volume": 0.02}
[2026-09-25 21:43:35.040] [SFX] {"sound": "civ_move_2", "volume": 0.02}
[2026-09-25 21:43:35.063] [SFX] {"sound": "guardian_move", "volume": 0.17}
[2026-09-25 21:43:35.205] [SFX] {"sound": "civ_move_2", "volume": 0.05}
[2026-09-25 21:43:35.221] [M] {"button": 1, "pos": [385, 194], "ui_clicked": false}
[2026-09-25 21:43:35.236] [SFX] {"sound": "civ_move_1", "volume": 0.02}
[2026-09-25 21:43:35.435] [SFX] {"sound": "guardian_move", "volume": 0.23}
[2026-09-25 21:43:35.459] [SFX] {"sound": "civ_move_2", "volume": 0.03}
[2026-09-25 21:43:35.619] [SFX] {"sound": "civ_move_2", "volume": 0.05}
[2026-09-25 21:43:35.652] [SFX] {"sound": "civ_move_1", "volume": 0.02}
[2026-09-25 21:43:35.675] [SFX] {"sound": "guardian_move", "volume": 0.16}
[2026-09-25 21:43:35.865] [SFX] {"sound": "civ_move_2", "volume": 0.03}
[2026-09-25 21:43:36.030] [SFX] {"sound": "civ_move_2", "volume": 0.06}
[2026-09-25 21:43:36.054] [SFX] {"sound": "guardian_move", "volume": 0.25}
[2026-09-25 21:43:36.070] [SFX] {"sound": "civ_move_1", "volume": 0.02}
[2026-09-25 21:43:36.281] [SFX] {"sound": "guardian_move", "volume": 0.14}
[2026-09-25 21:43:36.282] [SFX] {"sound": "civ_move_2", "volume": 0.04}
[2026-09-25 21:43:36.478] [SFX] {"sound": "civ_move_1", "volume": 0.02}
[2026-09-25 21:43:36.662] [SFX] {"sound": "guardian_move", "volume": 0.27}
[2026-09-25 21:43:36.695] [SFX] {"sound": "civ_move_2", "volume": 0.04}
[2026-09-25 21:43:36.696] [SFX] {"sound": "civ_move_1", "volume": 0.0}
[2026-09-25 21:43:36.892] [SFX] {"sound": "guardian_move", "volume": 0.13}
[2026-09-25 21:43:36.893] [SFX] {"sound": "civ_move_1", "volume": 0.01}
[2026-09-25 21:43:37.109] [SFX] {"sound": "civ_move_2", "volume": 0.05}
[2026-09-25 21:43:37.109] [SFX] {"sound": "civ_move_1", "volume": 0.01}
[2026-09-25 21:43:37.196] [JACK] Hörst du das Wummern? Sentinels in der Nähe... Bloß keinen falschen Schritt machen!
[2026-09-25 21:43:37.269] [SFX] {"sound": "guardian_move", "volume": 0.29}
[2026-09-25 21:43:37.302] [SFX] {"sound": "civ_move_1", "volume": 0.01}
[2026-09-25 21:43:37.401] [SFX] {"sound": "threat_pulse", "volume": 0.3}
[2026-09-25 21:43:37.502] [SFX] {"sound": "guardian_move", "volume": 0.11}
[2026-09-25 21:43:37.524] [SFX] {"sound": "civ_move_2", "volume": 0.05}
[2026-09-25 21:43:37.525] [SFX] {"sound": "civ_move_1", "volume": 0.01}
[2026-09-25 21:43:37.879] [SFX] {"sound": "guardian_move", "volume": 0.3}
[2026-09-25 21:43:37.930] [SFX] {"sound": "civ_move_2", "volume": 0.05}
[2026-09-25 21:43:37.931] [SFX] {"sound": "civ_move_1", "volume": 0.01}
[2026-09-25 21:43:38.113] [SFX] {"sound": "guardian_move", "volume": 0.1}
[2026-09-25 21:43:38.137] [SFX] {"sound": "civ_move_1", "volume": 0.0}
[2026-09-25 21:43:38.301] [SFX] {"sound": "threat_pulse", "volume": 0.34}
[2026-09-25 21:43:38.333] [SFX] {"sound": "civ_move_2", "volume": 0.06}
[2026-09-25 21:43:38.334] [SFX] {"sound": "civ_move_1", "volume": 0.02}
[2026-09-25 21:43:38.499] [SFX] {"sound": "guardian_move", "volume": 0.32}
[2026-09-25 21:43:38.533] [SFX] {"sound": "civ_move_2", "volume": 0.0}
[2026-09-25 21:43:38.716] [SFX] {"sound": "guardian_move", "volume": 0.08}
[2026-09-25 21:43:38.749] [SFX] {"sound": "civ_move_2", "volume": 0.06}
[2026-09-25 21:43:38.749] [SFX] {"sound": "civ_move_1", "volume": 0.02}
[2026-09-25 21:43:38.912] [SFX] {"sound": "civ_move_1", "volume": 0.0}
[2026-09-25 21:43:38.944] [SFX] {"sound": "civ_move_2", "volume": 0.01}
[2026-09-25 21:43:39.140] [SFX] {"sound": "guardian_move", "volume": 0.32}
[2026-09-25 21:43:39.162] [SFX] {"sound": "civ_move_2", "volume": 0.06}
[2026-09-25 21:43:39.163] [SFX] {"sound": "civ_move_1", "volume": 0.02}
[2026-09-25 21:43:39.205] [SFX] {"sound": "threat_pulse", "volume": 0.42}
[2026-09-25 21:43:39.322] [SFX] {"sound": "guardian_move", "volume": 0.06}
[2026-09-25 21:43:39.323] [SFX] {"sound": "civ_move_1", "volume": 0.01}
[2026-09-25 21:43:39.368] [SFX] {"sound": "civ_move_2", "volume": 0.01}
[2026-09-25 21:43:39.559] [SFX] {"sound": "civ_move_2", "volume": 0.06}
[2026-09-25 21:43:39.560] [SFX] {"sound": "civ_move_1", "volume": 0.02}
[2026-09-25 21:43:39.737] [SFX] {"sound": "civ_move_1", "volume": 0.01}
[2026-09-25 21:43:39.783] [SFX] {"sound": "guardian_move", "volume": 0.31}
[2026-09-25 21:43:39.784] [SFX] {"sound": "civ_move_2", "volume": 0.01}
[2026-09-25 21:43:39.931] [SFX] {"sound": "guardian_move", "volume": 0.05}
[2026-09-25 21:43:39.963] [SFX] {"sound": "civ_move_2", "volume": 0.06}
[2026-09-25 21:43:39.964] [SFX] {"sound": "civ_move_1", "volume": 0.02}
[2026-09-25 21:43:40.012] [SFX] {"sound": "threat_pulse", "volume": 0.48}
[2026-09-25 21:43:40.143] [SFX] {"sound": "civ_move_1", "volume": 0.01}
[2026-09-25 21:43:40.193] [SFX] {"sound": "civ_move_2", "volume": 0.02}
[2026-09-25 21:43:40.340] [M] {"button": 1, "pos": [323, 269], "ui_clicked": false}
[2026-09-25 21:43:40.348] [P] {"start": [130, 18], "goal": [130, 23], "length": 1, "is_direction_change": false}
[2026-09-25 21:43:40.349] [SFX] {"sound": "click_target", "volume": 0.69}
[2026-09-25 21:43:40.391] [SFX] {"sound": "civ_move_2", "volume": 0.07}
[2026-09-25 21:43:40.392] [SFX] {"sound": "civ_move_1", "volume": 0.03}
[2026-09-25 21:43:40.415] [SFX] {"sound": "guardian_move", "volume": 0.4}
[2026-09-25 21:43:40.523] [SFX] {"sound": "civ_move_1", "volume": 0.02}
[2026-09-25 21:43:40.545] [SFX] {"sound": "guardian_move", "volume": 0.04}
[2026-09-25 21:43:40.562] [SFX] {"sound": "civ_move_1", "volume": 0.04}
[2026-09-25 21:43:40.606] [SFX] {"sound": "civ_move_2", "volume": 0.05}
[2026-09-25 21:43:40.627] [SFX] {"sound": "threat_pulse", "volume": 0.53}
[2026-09-25 21:43:40.804] [SFX] {"sound": "civ_move_2", "volume": 0.09}
[2026-09-25 21:43:40.805] [SFX] {"sound": "civ_move_1", "volume": 0.05}
[2026-09-25 21:43:40.938] [SFX] {"sound": "civ_move_1", "volume": 0.03}
[2026-09-25 21:43:40.954] [M] {"button": 1, "pos": [328, 270], "ui_clicked": false}
[2026-09-25 21:43:40.961] [P] {"start": [130, 23], "goal": [130, 28], "length": 1, "is_direction_change": false}
[2026-09-25 21:43:40.962] [SFX] {"sound": "click_target", "volume": 0.7}
[2026-09-25 21:43:40.983] [JACK] Achtung! Guardians patrouillieren den Sektor. Wir müssen extrem vorsichtig sein!
[2026-09-25 21:43:40.983] [SFX] {"sound": "civ_move_1", "volume": 0.05}
[2026-09-25 21:43:40.998] [SFX] {"sound": "player_move", "volume": 0.4}
[2026-09-25 21:43:41.015] [SFX] {"sound": "civ_move_2", "volume": 0.06}
[2026-09-25 21:43:41.031] [SFX] {"sound": "guardian_move", "volume": 0.37}
[2026-09-25 21:43:41.123] [SFX] {"sound": "threat_pulse", "volume": 0.55}
[2026-09-25 21:43:41.145] [SFX] {"sound": "guardian_move", "volume": 0.03}
[2026-09-25 21:43:41.205] [SFX] {"sound": "civ_move_2", "volume": 0.12}
[2026-09-25 21:43:41.206] [SFX] {"sound": "civ_move_1", "volume": 0.08}
[2026-09-25 21:43:41.237] [SFX] {"sound": "civ_move_2", "volume": 0.02}
[2026-09-25 21:43:41.339] [SFX] {"sound": "civ_move_1", "volume": 0.06}
[2026-09-25 21:43:41.339] [SFX] {"sound": "civ_move_1", "volume": 0.02}
[2026-09-25 21:43:41.371] [SFX] {"sound": "civ_move_1", "volume": 0.08}
[2026-09-25 21:43:41.420] [SFX] {"sound": "civ_move_1", "volume": 0.0}
[2026-09-25 21:43:41.421] [SFX] {"sound": "civ_move_2", "volume": 0.08}
[2026-09-25 21:43:41.469] [SFX] {"sound": "civ_move_1", "volume": 0.02}
[2026-09-25 21:43:41.486] [M] {"button": 1, "pos": [329, 269], "ui_clicked": false}
[2026-09-25 21:43:41.493] [P] {"start": [130, 28], "goal": [130, 32], "length": 1, "is_direction_change": false}
[2026-09-25 21:43:41.494] [SFX] {"sound": "click_target", "volume": 0.71}
[2026-09-25 21:43:41.529] [JACK] Überall Wacheinheiten... Ihr bedrohliches Summen brennt sich ins Deck.
[2026-09-25 21:43:41.545] [SFX] {"sound": "threat_pulse", "volume": 0.54}
[2026-09-25 21:43:41.605] [SFX] {"sound": "player_move", "volume": 0.4}
[2026-09-25 21:43:41.605] [SFX] {"sound": "civ_move_1", "volume": 0.1}
[2026-09-25 21:43:41.637] [SFX] {"sound": "guardian_move", "volume": 0.33}
[2026-09-25 21:43:41.659] [SFX] {"sound": "civ_move_2", "volume": 0.04}
[2026-09-25 21:43:41.719] [SFX] {"sound": "civ_move_2", "volume": 0.01}
[2026-09-25 21:43:41.752] [SFX] {"sound": "guardian_move", "volume": 0.02}
[2026-09-25 21:43:41.753] [SFX] {"sound": "civ_move_1", "volume": 0.09}
[2026-09-25 21:43:41.753] [SFX] {"sound": "civ_move_1", "volume": 0.04}
[2026-09-25 21:43:41.785] [SFX] {"sound": "civ_move_1", "volume": 0.1}
[2026-09-25 21:43:41.834] [SFX] {"sound": "civ_move_1", "volume": 0.01}
[2026-09-25 21:43:41.835] [SFX] {"sound": "civ_move_2", "volume": 0.11}
[2026-09-25 21:43:41.884] [SFX] {"sound": "civ_move_1", "volume": 0.04}
[2026-09-25 21:43:42.015] [SFX] {"sound": "civ_move_1", "volume": 0.1}
[2026-09-25 21:43:42.046] [SFX] {"sound": "threat_pulse", "volume": 0.51}
[2026-09-25 21:43:42.069] [SFX] {"sound": "civ_move_2", "volume": 0.05}
[2026-09-25 21:43:42.129] [SFX] {"sound": "civ_move_2", "volume": 0.01}
[2026-09-25 21:43:42.163] [SFX] {"sound": "civ_move_1", "volume": 0.09}
[2026-09-25 21:43:42.164] [SFX] {"sound": "civ_move_1", "volume": 0.05}
[2026-09-25 21:43:42.196] [SFX] {"sound": "civ_move_1", "volume": 0.11}
[2026-09-25 21:43:42.246] [SFX] {"sound": "civ_move_1", "volume": 0.0}
[2026-09-25 21:43:42.246] [SFX] {"sound": "civ_move_2", "volume": 0.11}
[2026-09-25 21:43:42.269] [SFX] {"sound": "guardian_move", "volume": 0.34}
[2026-09-25 21:43:42.294] [SFX] {"sound": "civ_move_1", "volume": 0.05}
[2026-09-25 21:43:42.359] [SFX] {"sound": "guardian_move", "volume": 0.0}
[2026-09-25 21:43:42.425] [SFX] {"sound": "civ_move_1", "volume": 0.1}
[2026-09-25 21:43:42.477] [SFX] {"sound": "civ_move_2", "volume": 0.05}
[2026-09-25 21:43:42.541] [SFX] {"sound": "civ_move_2", "volume": 0.02}
[2026-09-25 21:43:42.563] [SFX] {"sound": "threat_pulse", "volume": 0.49}
[2026-09-25 21:43:42.580] [SFX] {"sound": "civ_move_1", "volume": 0.1}
[2026-09-25 21:43:42.581] [SFX] {"sound": "civ_move_1", "volume": 0.06}
[2026-09-25 21:43:42.608] [SFX] {"sound": "civ_move_1", "volume": 0.11}
[2026-09-25 21:43:42.659] [SFX] {"sound": "civ_move_2", "volume": 0.11}
[2026-09-25 21:43:42.707] [SFX] {"sound": "civ_move_1", "volume": 0.05}
[2026-09-25 21:43:42.804] [M] {"button": 1, "pos": [261, 218], "ui_clicked": false}
[2026-09-25 21:43:42.811] [P] {"start": [130, 32], "goal": [126, 34], "length": 2, "is_direction_change": false}
[2026-09-25 21:43:42.812] [SFX] {"sound": "click_target", "volume": 0.72}
[2026-09-25 21:43:42.835] [JACK] Diese Bedrohung ist greifbar... Die Wachen dürfen unser Signal nicht isolieren.
[2026-09-25 21:43:42.851] [SFX] {"sound": "civ_move_1", "volume": 0.1}
[2026-09-25 21:43:42.867] [SFX] {"sound": "guardian_move", "volume": 0.35}
[2026-09-25 21:43:42.883] [SFX] {"sound": "civ_move_2", "volume": 0.07}
[2026-09-25 21:43:42.945] [SFX] {"sound": "civ_move_2", "volume": 0.04}
[2026-09-25 21:43:42.975] [SFX] {"sound": "civ_move_1", "volume": 0.11}
[2026-09-25 21:43:42.976] [SFX] {"sound": "civ_move_1", "volume": 0.06}
[2026-09-25 21:43:43.010] [SFX] {"sound": "civ_move_1", "volume": 0.12}
[2026-09-25 21:43:43.032] [SFX] {"sound": "player_move", "volume": 0.4}
[2026-09-25 21:43:43.059] [SFX] {"sound": "civ_move_1", "volume": 0.01}
[2026-09-25 21:43:43.060] [SFX] {"sound": "civ_move_2", "volume": 0.12}
[2026-09-25 21:43:43.109] [SFX] {"sound": "civ_move_1", "volume": 0.05}
[2026-09-25 21:43:43.158] [SFX] {"sound": "guardian_move", "volume": 0.03}
[2026-09-25 21:43:43.159] [SFX] {"sound": "threat_pulse", "volume": 0.48}
[2026-09-25 21:43:43.256] [SFX] {"sound": "civ_move_1", "volume": 0.11}
[2026-09-25 21:43:43.289] [SFX] {"sound": "civ_move_2", "volume": 0.06}
[2026-09-25 21:43:43.386] [SFX] {"sound": "civ_move_1", "volume": 0.1}
[2026-09-25 21:43:43.386] [SFX] {"sound": "civ_move_1", "volume": 0.06}
[2026-09-25 21:43:43.418] [SFX] {"sound": "civ_move_1", "volume": 0.12}
[2026-09-25 21:43:43.468] [SFX] {"sound": "guardian_move", "volume": 0.35}
[2026-09-25 21:43:43.469] [SFX] {"sound": "civ_move_1", "volume": 0.0}
[2026-09-25 21:43:43.469] [SFX] {"sound": "civ_move_2", "volume": 0.11}
[2026-09-25 21:43:43.518] [SFX] {"sound": "civ_move_1", "volume": 0.06}
[2026-09-25 21:43:43.666] [SFX] {"sound": "civ_move_1", "volume": 0.11}
[2026-09-25 21:43:43.700] [M] {"button": 1, "pos": [249, 192], "ui_clicked": false}
[2026-09-25 21:43:43.707] [SFX] {"sound": "civ_move_2", "volume": 0.07}
[2026-09-25 21:43:43.708] [P] {"start": [126, 34], "goal": [121, 34], "length": 1, "is_direction_change": false}
[2026-09-25 21:43:43.709] [SFX] {"sound": "click_target", "volume": 0.72}
[2026-09-25 21:43:43.747] [JACK] Verdammt, die Sentinels kreisen um uns... Ich habe echte Angst, ertappt zu werden!
[2026-09-25 21:43:43.762] [SFX] {"sound": "civ_move_2", "volume": 0.07}
[2026-09-25 21:43:43.779] [SFX] {"sound": "guardian_move", "volume": 0.05}
[2026-09-25 21:43:43.780] [SFX] {"sound": "threat_pulse", "volume": 0.45}
[2026-09-25 21:43:43.795] [SFX] {"sound": "civ_move_1", "volume": 0.1}
[2026-09-25 21:43:43.795] [SFX] {"sound": "civ_move_1", "volume": 0.06}
[2026-09-25 21:43:43.821] [SFX] {"sound": "civ_move_1", "volume": 0.11}
[2026-09-25 21:43:43.871] [SFX] {"sound": "civ_move_1", "volume": 0.01}
[2026-09-25 21:43:43.872] [SFX] {"sound": "civ_move_2", "volume": 0.1}
[2026-09-25 21:43:43.922] [SFX] {"sound": "player_move", "volume": 0.4}
[2026-09-25 21:43:43.923] [SFX] {"sound": "civ_move_1", "volume": 0.04}
[2026-09-25 21:43:44.073] [SFX] {"sound": "guardian_move", "volume": 0.31}
[2026-09-25 21:43:44.074] [SFX] {"sound": "civ_move_1", "volume": 0.12}
[2026-09-25 21:43:44.106] [SFX] {"sound": "civ_move_2", "volume": 0.05}
[2026-09-25 21:43:44.156] [SFX] {"sound": "civ_move_2", "volume": 0.09}
[2026-09-25 21:43:44.178] [SFX] {"sound": "guardian_move", "volume": 0.02}
[2026-09-25 21:43:44.195] [SFX] {"sound": "civ_move_1", "volume": 0.1}
[2026-09-25 21:43:44.196] [SFX] {"sound": "civ_move_1", "volume": 0.05}
[2026-09-25 21:43:44.236] [SFX] {"sound": "civ_move_1", "volume": 0.1}
[2026-09-25 21:43:44.285] [SFX] {"sound": "civ_move_1", "volume": 0.01}
[2026-09-25 21:43:44.286] [SFX] {"sound": "civ_move_2", "volume": 0.09}
[2026-09-25 21:43:44.335] [SFX] {"sound": "civ_move_1", "volume": 0.05}
[2026-09-25 21:43:44.384] [SFX] {"sound": "guardian_move", "volume": 0.09}
[2026-09-25 21:43:44.482] [SFX] {"sound": "civ_move_1", "volume": 0.11}
[2026-09-25 21:43:44.483] [SFX] {"sound": "threat_pulse", "volume": 0.42}
[2026-09-25 21:43:44.514] [SFX] {"sound": "civ_move_2", "volume": 0.06}
[2026-09-25 21:43:44.564] [SFX] {"sound": "civ_move_2", "volume": 0.1}
[2026-09-25 21:43:44.596] [SFX] {"sound": "civ_move_1", "volume": 0.1}
[2026-09-25 21:43:44.597] [SFX] {"sound": "civ_move_1", "volume": 0.06}
[2026-09-25 21:43:44.639] [SFX] {"sound": "civ_move_1", "volume": 0.09}
[2026-09-25 21:43:44.689] [SFX] {"sound": "guardian_move", "volume": 0.33}
[2026-09-25 21:43:44.690] [SFX] {"sound": "civ_move_1", "volume": 0.0}
[2026-09-25 21:43:44.691] [SFX] {"sound": "civ_move_2", "volume": 0.08}
[2026-09-25 21:43:44.705] [M] {"button": 1, "pos": [210, 182], "ui_clicked": false}
[2026-09-25 21:43:44.713] [P] {"start": [121, 34], "goal": [114, 34], "length": 1, "is_direction_change": false}
[2026-09-25 21:43:44.714] [SFX] {"sound": "click_target", "volume": 0.67}
[2026-09-25 21:43:44.737] [JACK] Diese Bedrohung ist greifbar... Die Wachen dürfen unser Signal nicht isolieren.
[2026-09-25 21:43:44.754] [SFX] {"sound": "civ_move_1", "volume": 0.05}
[2026-09-25 21:43:44.780] [SFX] {"sound": "guardian_move", "volume": 0.01}
[2026-09-25 21:43:44.897] [SFX] {"sound": "civ_move_1", "volume": 0.12}
[2026-09-25 21:43:44.919] [SFX] {"sound": "civ_move_2", "volume": 0.05}
[2026-09-25 21:43:44.962] [SFX] {"sound": "civ_move_2", "volume": 0.12}
[2026-09-25 21:43:44.997] [SFX] {"sound": "player_move", "volume": 0.4}
[2026-09-25 21:43:44.997] [SFX] {"sound": "guardian_move", "volume": 0.13}
[2026-09-25 21:43:44.998] [SFX] {"sound": "civ_move_1", "volume": 0.09}
[2026-09-25 21:43:44.999] [SFX] {"sound": "civ_move_1", "volume": 0.04}
[2026-09-25 21:43:45.046] [SFX] {"sound": "civ_move_1", "volume": 0.05}
[2026-09-25 21:43:45.096] [SFX] {"sound": "civ_move_1", "volume": 0.03}
[2026-09-25 21:43:45.097] [SFX] {"sound": "civ_move_2", "volume": 0.04}
[2026-09-25 21:43:45.162] [SFX] {"sound": "civ_move_1", "volume": 0.03}
[2026-09-25 21:43:45.296] [SFX] {"sound": "guardian_move", "volume": 0.28}
[2026-09-25 21:43:45.297] [SFX] {"sound": "threat_pulse", "volume": 0.38}
[2026-09-25 21:43:45.320] [SFX] {"sound": "civ_move_1", "volume": 0.12}
[2026-09-25 21:43:45.329] [M] {"button": 1, "pos": [210, 182], "ui_clicked": false}
[2026-09-25 21:43:45.337] [SFX] {"sound": "civ_move_2", "volume": 0.04}
[2026-09-25 21:43:45.338] [P] {"start": [114, 34], "goal": [108, 34], "length": 1, "is_direction_change": false}
[2026-09-25 21:43:45.339] [SFX] {"sound": "click_target", "volume": 0.68}
[2026-09-25 21:43:45.373] [JACK] Achtung! Guardians patrouillieren den Sektor. Wir müssen extrem vorsichtig sein!
[2026-09-25 21:43:45.388] [SFX] {"sound": "guardian_move", "volume": 0.05}
[2026-09-25 21:43:45.388] [SFX] {"sound": "civ_move_2", "volume": 0.12}
[2026-09-25 21:43:45.403] [SFX] {"sound": "civ_move_1", "volume": 0.09}
[2026-09-25 21:43:45.404] [SFX] {"sound": "civ_move_1", "volume": 0.04}
[2026-09-25 21:43:45.449] [SFX] {"sound": "civ_move_1", "volume": 0.03}
[2026-09-25 21:43:45.498] [SFX] {"sound": "civ_move_1", "volume": 0.04}
[2026-09-25 21:43:45.499] [SFX] {"sound": "civ_move_2", "volume": 0.02}
[2026-09-25 21:43:45.564] [SFX] {"sound": "civ_move_1", "volume": 0.01}
[2026-09-25 21:43:45.600] [SFX] {"sound": "player_move", "volume": 0.4}
[2026-09-25 21:43:45.616] [SFX] {"sound": "guardian_move", "volume": 0.16}
[2026-09-25 21:43:45.723] [SFX] {"sound": "civ_move_1", "volume": 0.12}
[2026-09-25 21:43:45.746] [SFX] {"sound": "civ_move_2", "volume": 0.02}
[2026-09-25 21:43:45.788] [SFX] {"sound": "civ_move_2", "volume": 0.11}
[2026-09-25 21:43:45.810] [SFX] {"sound": "civ_move_1", "volume": 0.08}
[2026-09-25 21:43:45.811] [SFX] {"sound": "civ_move_1", "volume": 0.02}
[2026-09-25 21:43:45.854] [M] {"button": 1, "pos": [210, 182], "ui_clicked": false}
[2026-09-25 21:43:45.862] [SFX] {"sound": "civ_move_1", "volume": 0.01}
[2026-09-25 21:43:45.863] [P] {"start": [108, 34], "goal": [102, 34], "length": 1, "is_direction_change": false}
[2026-09-25 21:43:45.864] [SFX] {"sound": "click_target", "volume": 0.69}
[2026-09-25 21:43:45.908] [SFX] {"sound": "guardian_move", "volume": 0.24}
[2026-09-25 21:43:45.908] [SFX] {"sound": "civ_move_1", "volume": 0.06}
[2026-09-25 21:43:45.990] [SFX] {"sound": "guardian_move", "volume": 0.1}
[2026-09-25 21:43:46.121] [SFX] {"sound": "player_move", "volume": 0.4}
[2026-09-25 21:43:46.143] [SFX] {"sound": "civ_move_1", "volume": 0.11}
[2026-09-25 21:43:46.203] [SFX] {"sound": "civ_move_2", "volume": 0.09}
[2026-09-25 21:43:46.203] [SFX] {"sound": "threat_pulse", "volume": 0.33}
[2026-09-25 21:43:46.225] [SFX] {"sound": "guardian_move", "volume": 0.15}
[2026-09-25 21:43:46.225] [SFX] {"sound": "civ_move_1", "volume": 0.06}
[2026-09-25 21:43:46.353] [M] {"button": 1, "pos": [210, 181], "ui_clicked": false}
[2026-09-25 21:43:46.361] [P] {"start": [102, 34], "goal": [96, 34], "length": 1, "is_direction_change": false}
[2026-09-25 21:43:46.362] [SFX] {"sound": "click_target", "volume": 0.69}
[2026-09-25 21:43:46.475] [JACK] JACK // PROXY SAFE - SANCTUARY ACTIVE
[2026-09-25 21:43:46.543] [SFX] {"sound": "civ_move_1", "volume": 0.11}
[2026-09-25 21:43:46.609] [SFX] {"sound": "civ_move_2", "volume": 0.07}
[2026-09-25 21:43:46.631] [SFX] {"sound": "player_move", "volume": 0.4}
[2026-09-25 21:43:46.632] [SFX] {"sound": "civ_move_1", "volume": 0.04}
[2026-09-25 21:43:46.656] [SFX] {"sound": "guardian_move", "volume": 0.02}
[2026-09-25 21:43:46.823] [SFX] {"sound": "civ_move_2", "volume": 0.12}
[2026-09-25 21:43:46.955] [SFX] {"sound": "civ_move_1", "volume": 0.11}
[2026-09-25 21:43:47.023] [SFX] {"sound": "civ_move_2", "volume": 0.06}
[2026-09-25 21:43:47.045] [SFX] {"sound": "civ_move_1", "volume": 0.04}
[2026-09-25 21:43:47.233] [SFX] {"sound": "civ_move_2", "volume": 0.11}
[2026-09-25 21:43:47.265] [SFX] {"sound": "guardian_move", "volume": 0.0}
[2026-09-25 21:43:47.363] [SFX] {"sound": "civ_move_1", "volume": 0.11}
[2026-09-25 21:43:47.430] [SFX] {"sound": "civ_move_2", "volume": 0.05}
[2026-09-25 21:43:47.452] [SFX] {"sound": "civ_move_1", "volume": 0.05}
[2026-09-25 21:43:47.665] [SFX] {"sound": "civ_move_2", "volume": 0.11}
[2026-09-25 21:43:47.779] [SFX] {"sound": "civ_move_1", "volume": 0.12}
[2026-09-25 21:43:47.801] [SFX] {"sound": "civ_move_2", "volume": 0.0}
[2026-09-25 21:43:47.845] [SFX] {"sound": "civ_move_2", "volume": 0.04}
[2026-09-25 21:43:47.867] [SFX] {"sound": "civ_move_1", "volume": 0.06}
[2026-09-25 21:43:47.868] [SFX] {"sound": "civ_move_1", "volume": 0.0}
[2026-09-25 21:43:48.074] [SFX] {"sound": "civ_move_2", "volume": 0.11}
[2026-09-25 21:43:48.140] [M] {"button": 1, "pos": [236, 181], "ui_clicked": false}
[2026-09-25 21:43:48.147] [P] {"start": [96, 34], "goal": [90, 34], "length": 1, "is_direction_change": false}
[2026-09-25 21:43:48.148] [SFX] {"sound": "click_target", "volume": 0.7}
[2026-09-25 21:43:48.197] [SFX] {"sound": "civ_move_1", "volume": 0.12}
[2026-09-25 21:43:48.198] [SFX] {"sound": "civ_move_2", "volume": 0.0}
[2026-09-25 21:43:48.250] [SFX] {"sound": "civ_move_2", "volume": 0.02}
[2026-09-25 21:43:48.272] [SFX] {"sound": "civ_move_1", "volume": 0.06}
[2026-09-25 21:43:48.429] [SFX] {"sound": "player_move", "volume": 0.4}
[2026-09-25 21:43:48.479] [SFX] {"sound": "guardian_move", "volume": 0.01}
[2026-09-25 21:43:48.480] [SFX] {"sound": "civ_move_2", "volume": 0.1}
[2026-09-25 21:43:48.611] [SFX] {"sound": "civ_move_1", "volume": 0.11}
[2026-09-25 21:43:48.676] [SFX] {"sound": "civ_move_1", "volume": 0.05}
[2026-09-25 21:43:48.890] [SFX] {"sound": "civ_move_2", "volume": 0.1}
[2026-09-25 21:43:49.022] [SFX] {"sound": "civ_move_1", "volume": 0.11}
[2026-09-25 21:43:49.088] [SFX] {"sound": "civ_move_1", "volume": 0.05}
[2026-09-25 21:43:49.304] [SFX] {"sound": "civ_move_2", "volume": 0.11}
[2026-09-25 21:43:49.435] [M] {"button": 1, "pos": [247, 181], "ui_clicked": false}
[2026-09-25 21:43:49.443] [SFX] {"sound": "civ_move_1", "volume": 0.12}
[2026-09-25 21:43:49.444] [SFX] {"sound": "civ_move_2", "volume": 0.0}
[2026-09-25 21:43:49.445] [P] {"start": [90, 34], "goal": [85, 34], "length": 1, "is_direction_change": false}
[2026-09-25 21:43:49.445] [SFX] {"sound": "click_target", "volume": 0.71}
[2026-09-25 21:43:49.488] [SFX] {"sound": "civ_move_1", "volume": 0.06}
[2026-09-25 21:43:49.701] [SFX] {"sound": "guardian_move", "volume": 0.01}
[2026-09-25 21:43:49.725] [SFX] {"sound": "civ_move_2", "volume": 0.1}
[2026-09-25 21:43:49.849] [SFX] {"sound": "civ_move_1", "volume": 0.11}
[2026-09-25 21:43:49.899] [SFX] {"sound": "civ_move_1", "volume": 0.05}
[2026-09-25 21:43:50.128] [SFX] {"sound": "civ_move_2", "volume": 0.1}
[2026-09-25 21:43:50.260] [SFX] {"sound": "civ_move_1", "volume": 0.11}
[2026-09-25 21:43:50.311] [SFX] {"sound": "civ_move_1", "volume": 0.05}
[2026-09-25 21:43:50.541] [SFX] {"sound": "civ_move_2", "volume": 0.11}
[2026-09-25 21:43:50.673] [SFX] {"sound": "civ_move_1", "volume": 0.12}
[2026-09-25 21:43:50.674] [SFX] {"sound": "civ_move_2", "volume": 0.0}
[2026-09-25 21:43:50.723] [SFX] {"sound": "civ_move_1", "volume": 0.06}
[2026-09-25 21:43:50.723] [SFX] {"sound": "civ_move_1", "volume": 0.0}
[2026-09-25 21:43:50.952] [SFX] {"sound": "civ_move_2", "volume": 0.11}
[2026-09-25 21:43:51.084] [SFX] {"sound": "civ_move_1", "volume": 0.12}
[2026-09-25 21:43:51.086] [SFX] {"sound": "civ_move_2", "volume": 0.01}
[2026-09-25 21:43:51.133] [SFX] {"sound": "civ_move_1", "volume": 0.07}
[2026-09-25 21:43:51.134] [SFX] {"sound": "civ_move_1", "volume": 0.01}
[2026-09-25 21:43:51.333] [SFX] {"sound": "civ_move_1", "volume": 0.0}
[2026-09-25 21:43:51.366] [SFX] {"sound": "civ_move_2", "volume": 0.12}
[2026-09-25 21:43:51.430] [M] {"button": 1, "pos": [602, 329], "ui_clicked": true}
[2026-09-25 21:43:51.490] [SFX] {"sound": "civ_move_1", "volume": 0.12}
[2026-09-25 21:43:51.491] [SFX] {"sound": "civ_move_2", "volume": 0.02}
[2026-09-25 21:43:51.540] [SFX] {"sound": "civ_move_1", "volume": 0.08}
[2026-09-25 21:43:51.540] [SFX] {"sound": "civ_move_1", "volume": 0.02}
[2026-09-25 21:43:51.675] [SFX] {"sound": "civ_move_1", "volume": 0.07}
[2026-09-25 21:43:51.740] [SFX] {"sound": "civ_move_1", "volume": 0.01}
[2026-09-25 21:43:51.774] [SFX] {"sound": "civ_move_2", "volume": 0.12}
[2026-09-25 21:43:51.905] [SFX] {"sound": "civ_move_1", "volume": 0.12}
[2026-09-25 21:43:51.906] [SFX] {"sound": "civ_move_2", "volume": 0.03}
[2026-09-25 21:43:51.955] [SFX] {"sound": "civ_move_1", "volume": 0.08}
[2026-09-25 21:43:51.956] [SFX] {"sound": "civ_move_1", "volume": 0.03}
[2026-09-25 21:43:52.088] [SFX] {"sound": "civ_move_1", "volume": 0.07}
[2026-09-25 21:43:52.154] [SFX] {"sound": "civ_move_1", "volume": 0.02}
[2026-09-25 21:43:52.187] [SFX] {"sound": "civ_move_2", "volume": 0.12}
[2026-09-25 21:43:52.321] [SFX] {"sound": "civ_move_1", "volume": 0.12}
[2026-09-25 21:43:52.321] [SFX] {"sound": "civ_move_2", "volume": 0.04}
[2026-09-25 21:43:52.355] [SFX] {"sound": "civ_move_1", "volume": 0.09}
[2026-09-25 21:43:52.356] [SFX] {"sound": "civ_move_1", "volume": 0.04}
[2026-09-25 21:43:52.438] [M] {"button": 1, "pos": [506, 221], "ui_clicked": true}
[2026-09-25 21:43:52.491] [SFX] {"sound": "civ_move_1", "volume": 0.07}
[2026-09-25 21:43:52.557] [SFX] {"sound": "civ_move_1", "volume": 0.03}
[2026-09-25 21:43:52.589] [SFX] {"sound": "civ_move_2", "volume": 0.12}
[2026-09-25 21:43:52.720] [SFX] {"sound": "civ_move_1", "volume": 0.12}
[2026-09-25 21:43:52.721] [SFX] {"sound": "civ_move_2", "volume": 0.04}
[2026-09-25 21:43:52.769] [SFX] {"sound": "civ_move_1", "volume": 0.09}
[2026-09-25 21:43:52.770] [SFX] {"sound": "civ_move_1", "volume": 0.04}
[2026-09-25 21:43:52.917] [SFX] {"sound": "civ_move_1", "volume": 0.06}
[2026-09-25 21:43:52.965] [SFX] {"sound": "civ_move_1", "volume": 0.04}
[2026-09-25 21:43:52.997] [SFX] {"sound": "civ_move_2", "volume": 0.12}
[2026-09-25 21:43:53.128] [SFX] {"sound": "civ_move_1", "volume": 0.12}
[2026-09-25 21:43:53.128] [SFX] {"sound": "civ_move_2", "volume": 0.05}
[2026-09-25 21:43:53.178] [SFX] {"sound": "civ_move_1", "volume": 0.1}
[2026-09-25 21:43:53.178] [SFX] {"sound": "civ_move_1", "volume": 0.05}
[2026-09-25 21:43:53.407] [SFX] {"sound": "civ_move_2", "volume": 0.12}
[2026-09-25 21:43:53.539] [SFX] {"sound": "civ_move_1", "volume": 0.11}
[2026-09-25 21:43:53.540] [SFX] {"sound": "civ_move_2", "volume": 0.06}
[2026-09-25 21:43:53.588] [SFX] {"sound": "civ_move_1", "volume": 0.1}
[2026-09-25 21:43:53.589] [SFX] {"sound": "civ_move_1", "volume": 0.06}
[2026-09-25 21:43:53.735] [SFX] {"sound": "civ_move_1", "volume": 0.04}
[2026-09-25 21:43:53.786] [SFX] {"sound": "civ_move_1", "volume": 0.06}
[2026-09-25 21:43:53.819] [SFX] {"sound": "civ_move_2", "volume": 0.12}
[2026-09-25 21:43:53.949] [SFX] {"sound": "civ_move_1", "volume": 0.11}
[2026-09-25 21:43:53.999] [SFX] {"sound": "civ_move_1", "volume": 0.07}
[2026-09-25 21:43:54.147] [SFX] {"sound": "civ_move_1", "volume": 0.04}
[2026-09-25 21:43:54.179] [M] {"button": 1, "pos": [506, 221], "ui_clicked": true}
[2026-09-25 21:43:54.231] [SFX] {"sound": "civ_move_1", "volume": 0.07}
[2026-09-25 21:43:54.232] [SFX] {"sound": "civ_move_2", "volume": 0.11}
[2026-09-25 21:43:54.413] [SFX] {"sound": "civ_move_1", "volume": 0.11}
[2026-09-25 21:43:54.414] [SFX] {"sound": "civ_move_1", "volume": 0.07}
[2026-09-25 21:43:54.563] [SFX] {"sound": "civ_move_1", "volume": 0.03}
[2026-09-25 21:43:54.644] [SFX] {"sound": "civ_move_1", "volume": 0.07}
[2026-09-25 21:43:54.645] [SFX] {"sound": "civ_move_2", "volume": 0.11}
[2026-09-25 21:43:54.825] [SFX] {"sound": "civ_move_1", "volume": 0.12}
[2026-09-25 21:43:54.826] [SFX] {"sound": "civ_move_1", "volume": 0.08}
[2026-09-25 21:43:54.827] [SFX] {"sound": "civ_move_1", "volume": 0.13}
[2026-09-25 21:43:54.978] [SFX] {"sound": "civ_move_1", "volume": 0.02}
[2026-09-25 21:43:55.058] [SFX] {"sound": "civ_move_1", "volume": 0.08}
[2026-09-25 21:43:55.059] [SFX] {"sound": "civ_move_2", "volume": 0.11}
[2026-09-25 21:43:55.190] [M] {"button": 1, "pos": [506, 232], "ui_clicked": true}
[2026-09-25 21:43:55.231] [JACK] Inventar durchwühlen. Wo liegt das passende Tool?
[2026-09-25 21:43:55.251] [SFX] {"sound": "civ_move_1", "volume": 0.12}
[2026-09-25 21:43:55.252] [SFX] {"sound": "civ_move_1", "volume": 0.09}
[2026-09-25 21:43:55.253] [SFX] {"sound": "civ_move_1", "volume": 0.13}
[2026-09-25 21:43:55.380] [SFX] {"sound": "civ_move_1", "volume": 0.01}
[2026-09-25 21:43:55.461] [SFX] {"sound": "civ_move_1", "volume": 0.09}
[2026-09-25 21:43:55.462] [SFX] {"sound": "civ_move_2", "volume": 0.1}
[2026-09-25 21:43:55.658] [SFX] {"sound": "civ_move_1", "volume": 0.12}
[2026-09-25 21:43:55.658] [SFX] {"sound": "civ_move_1", "volume": 0.09}
[2026-09-25 21:43:55.682] [SFX] {"sound": "civ_move_1", "volume": 0.12}
[2026-09-25 21:43:55.792] [SFX] {"sound": "civ_move_1", "volume": 0.0}
[2026-09-25 21:43:55.873] [SFX] {"sound": "civ_move_1", "volume": 0.1}
[2026-09-25 21:43:55.873] [SFX] {"sound": "civ_move_2", "volume": 0.1}
[2026-09-25 21:43:56.071] [SFX] {"sound": "civ_move_1", "volume": 0.12}
[2026-09-25 21:43:56.072] [SFX] {"sound": "civ_move_1", "volume": 0.1}
[2026-09-25 21:43:56.095] [SFX] {"sound": "civ_move_1", "volume": 0.13}
[2026-09-25 21:43:56.286] [SFX] {"sound": "civ_move_1", "volume": 0.11}
[2026-09-25 21:43:56.287] [SFX] {"sound": "civ_move_2", "volume": 0.09}
[2026-09-25 21:43:56.481] [SFX] {"sound": "civ_move_1", "volume": 0.12}
[2026-09-25 21:43:56.482] [SFX] {"sound": "civ_move_1", "volume": 0.1}
[2026-09-25 21:43:56.504] [SFX] {"sound": "civ_move_1", "volume": 0.14}
[2026-09-25 21:43:56.663] [M] {"button": 3, "pos": [490, 269], "ui_clicked": true}
[2026-09-25 21:43:56.664] [EQ_M] {"type": "DRIVER", "file": "ucam.drv", "replaced": "disp.drv"}
[2026-09-25 21:43:56.698] [JACK] Neuer Treiber montiert! Das gibt uns ordentlich Auftrieb.
[2026-09-25 21:43:56.716] [SFX] {"sound": "civ_move_1", "volume": 0.11}
[2026-09-25 21:43:56.716] [SFX] {"sound": "civ_move_2", "volume": 0.09}
[2026-09-25 21:43:56.895] [SFX] {"sound": "civ_move_1", "volume": 0.12}
[2026-09-25 21:43:56.896] [SFX] {"sound": "civ_move_1", "volume": 0.11}
[2026-09-25 21:43:56.918] [SFX] {"sound": "civ_move_1", "volume": 0.14}
[2026-09-25 21:43:57.111] [SFX] {"sound": "civ_move_1", "volume": 0.12}
[2026-09-25 21:43:57.112] [SFX] {"sound": "civ_move_2", "volume": 0.1}
[2026-09-25 21:43:57.309] [SFX] {"sound": "civ_move_1", "volume": 0.12}
[2026-09-25 21:43:57.310] [SFX] {"sound": "civ_move_1", "volume": 0.11}
[2026-09-25 21:43:57.335] [SFX] {"sound": "civ_move_1", "volume": 0.15}
[2026-09-25 21:43:57.516] [SFX] {"sound": "civ_move_1", "volume": 0.13}
[2026-09-25 21:43:57.516] [SFX] {"sound": "civ_move_2", "volume": 0.11}
[2026-09-25 21:43:57.717] [SFX] {"sound": "civ_move_1", "volume": 0.11}
[2026-09-25 21:43:57.741] [SFX] {"sound": "civ_move_1", "volume": 0.15}
[2026-09-25 21:43:57.920] [SFX] {"sound": "civ_move_1", "volume": 0.13}
[2026-09-25 21:43:57.920] [SFX] {"sound": "civ_move_2", "volume": 0.1}
[2026-09-25 21:43:58.130] [M] {"button": 5, "pos": [356, 233], "ui_clicked": false}
[2026-09-25 21:43:58.137] [SFX] {"sound": "civ_move_1", "volume": 0.11}
[2026-09-25 21:43:58.137] [SFX] {"sound": "civ_move_1", "volume": 0.12}
[2026-09-25 21:43:58.149] [M] {"button": 5, "pos": [356, 233], "ui_clicked": false}
[2026-09-25 21:43:58.158] [SFX] {"sound": "civ_move_1", "volume": 0.15}
[2026-09-25 21:43:58.170] [M] {"button": 5, "pos": [356, 233], "ui_clicked": false}
[2026-09-25 21:43:58.323] [SFX] {"sound": "civ_move_1", "volume": 0.14}
[2026-09-25 21:43:58.324] [SFX] {"sound": "civ_move_2", "volume": 0.1}
[2026-09-25 21:43:58.539] [SFX] {"sound": "civ_move_1", "volume": 0.12}
[2026-09-25 21:43:58.540] [SFX] {"sound": "civ_move_1", "volume": 0.01}
[2026-09-25 21:43:58.564] [SFX] {"sound": "civ_move_1", "volume": 0.16}
[2026-09-25 21:43:58.724] [SFX] {"sound": "civ_move_1", "volume": 0.14}
[2026-09-25 21:43:58.725] [SFX] {"sound": "civ_move_2", "volume": 0.1}
[2026-09-25 21:43:58.955] [SFX] {"sound": "civ_move_1", "volume": 0.12}
[2026-09-25 21:43:58.956] [SFX] {"sound": "civ_move_1", "volume": 0.02}
[2026-09-25 21:43:58.978] [SFX] {"sound": "civ_move_1", "volume": 0.16}
[2026-09-25 21:43:59.073] [SFX] {"sound": "civ_move_2", "volume": 0.13}
[2026-09-25 21:43:59.139] [SFX] {"sound": "civ_move_1", "volume": 0.15}
[2026-09-25 21:43:59.140] [SFX] {"sound": "civ_move_2", "volume": 0.1}
[2026-09-25 21:43:59.356] [SFX] {"sound": "civ_move_1", "volume": 0.12}
[2026-09-25 21:43:59.357] [SFX] {"sound": "civ_move_1", "volume": 0.02}
[2026-09-25 21:43:59.379] [SFX] {"sound": "civ_move_1", "volume": 0.16}
[2026-09-25 21:43:59.477] [SFX] {"sound": "civ_move_2", "volume": 0.13}
[2026-09-25 21:43:59.546] [SFX] {"sound": "civ_move_1", "volume": 0.15}
[2026-09-25 21:43:59.546] [SFX] {"sound": "civ_move_2", "volume": 0.09}
[2026-09-25 21:43:59.635] [SFX] {"sound": "civ_move_2", "volume": 0.13}
[2026-09-25 21:43:59.770] [SFX] {"sound": "civ_move_1", "volume": 0.12}
[2026-09-25 21:43:59.771] [SFX] {"sound": "civ_move_1", "volume": 0.03}
[2026-09-25 21:43:59.792] [SFX] {"sound": "civ_move_1", "volume": 0.15}
[2026-09-25 21:43:59.906] [SFX] {"sound": "civ_move_2", "volume": 0.12}
[2026-09-25 21:43:59.954] [SFX] {"sound": "civ_move_1", "volume": 0.15}
[2026-09-25 21:43:59.955] [SFX] {"sound": "civ_move_2", "volume": 0.08}
[2026-09-25 21:44:00.036] [SFX] {"sound": "civ_move_2", "volume": 0.13}
[2026-09-25 21:44:00.053] [M] {"button": 1, "pos": [614, 328], "ui_clicked": true}
[2026-09-25 21:44:00.179] [SFX] {"sound": "civ_move_1", "volume": 0.12}
[2026-09-25 21:44:00.180] [SFX] {"sound": "civ_move_1", "volume": 0.04}
[2026-09-25 21:44:00.201] [SFX] {"sound": "civ_move_1", "volume": 0.15}
[2026-09-25 21:44:00.310] [SFX] {"sound": "civ_move_2", "volume": 0.13}
[2026-09-25 21:44:00.360] [SFX] {"sound": "civ_move_1", "volume": 0.16}
[2026-09-25 21:44:00.361] [SFX] {"sound": "civ_move_2", "volume": 0.07}
[2026-09-25 21:44:00.442] [SFX] {"sound": "civ_move_2", "volume": 0.13}
[2026-09-25 21:44:00.591] [SFX] {"sound": "civ_move_1", "volume": 0.12}
[2026-09-25 21:44:00.592] [SFX] {"sound": "civ_move_1", "volume": 0.05}
[2026-09-25 21:44:00.613] [SFX] {"sound": "civ_move_1", "volume": 0.15}
[2026-09-25 21:44:00.728] [SFX] {"sound": "civ_move_2", "volume": 0.14}
[2026-09-25 21:44:00.761] [SFX] {"sound": "civ_move_1", "volume": 0.16}
[2026-09-25 21:44:00.762] [SFX] {"sound": "civ_move_2", "volume": 0.06}
[2026-09-25 21:44:00.860] [SFX] {"sound": "civ_move_2", "volume": 0.12}
[2026-09-25 21:44:00.993] [SFX] {"sound": "civ_move_1", "volume": 0.11}
[2026-09-25 21:44:00.994] [SFX] {"sound": "civ_move_1", "volume": 0.06}
[2026-09-25 21:44:01.015] [SFX] {"sound": "civ_move_1", "volume": 0.14}
[2026-09-25 21:44:01.129] [SFX] {"sound": "civ_move_2", "volume": 0.14}
[2026-09-25 21:44:01.178] [SFX] {"sound": "civ_move_1", "volume": 0.15}
[2026-09-25 21:44:01.179] [SFX] {"sound": "civ_move_2", "volume": 0.05}
[2026-09-25 21:44:01.260] [SFX] {"sound": "civ_move_2", "volume": 0.12}
[2026-09-25 21:44:01.392] [SFX] {"sound": "civ_move_1", "volume": 0.11}
[2026-09-25 21:44:01.393] [SFX] {"sound": "civ_move_1", "volume": 0.06}
[2026-09-25 21:44:01.416] [SFX] {"sound": "civ_move_1", "volume": 0.14}
[2026-09-25 21:44:01.543] [SFX] {"sound": "civ_move_2", "volume": 0.15}
[2026-09-25 21:44:01.577] [SFX] {"sound": "civ_move_1", "volume": 0.15}
[2026-09-25 21:44:01.577] [SFX] {"sound": "civ_move_2", "volume": 0.05}
[2026-09-25 21:44:01.661] [SFX] {"sound": "civ_move_2", "volume": 0.12}
[2026-09-25 21:44:01.793] [SFX] {"sound": "civ_move_1", "volume": 0.1}
[2026-09-25 21:44:01.816] [SFX] {"sound": "civ_move_1", "volume": 0.13}
[2026-09-25 21:44:01.951] [SFX] {"sound": "civ_move_2", "volume": 0.15}
[2026-09-25 21:44:01.983] [SFX] {"sound": "civ_move_1", "volume": 0.15}
[2026-09-25 21:44:01.984] [SFX] {"sound": "civ_move_2", "volume": 0.04}
[2026-09-25 21:44:02.066] [SFX] {"sound": "civ_move_2", "volume": 0.12}
[2026-09-25 21:44:02.197] [SFX] {"sound": "civ_move_1", "volume": 0.1}
[2026-09-25 21:44:02.220] [SFX] {"sound": "civ_move_1", "volume": 0.13}
[2026-09-25 21:44:02.352] [SFX] {"sound": "civ_move_2", "volume": 0.15}
[2026-09-25 21:44:02.386] [SFX] {"sound": "civ_move_1", "volume": 0.15}
[2026-09-25 21:44:02.387] [SFX] {"sound": "civ_move_2", "volume": 0.03}
[2026-09-25 21:44:02.469] [SFX] {"sound": "civ_move_2", "volume": 0.12}
[2026-09-25 21:44:02.602] [SFX] {"sound": "civ_move_1", "volume": 0.09}
[2026-09-25 21:44:02.624] [SFX] {"sound": "civ_move_1", "volume": 0.12}
[2026-09-25 21:44:02.753] [SFX] {"sound": "civ_move_2", "volume": 0.15}
[2026-09-25 21:44:02.785] [SFX] {"sound": "civ_move_1", "volume": 0.14}
[2026-09-25 21:44:02.786] [SFX] {"sound": "civ_move_2", "volume": 0.02}
[2026-09-25 21:44:02.869] [SFX] {"sound": "civ_move_2", "volume": 0.11}
[2026-09-25 21:44:03.007] [SFX] {"sound": "civ_move_1", "volume": 0.09}
[2026-09-25 21:44:03.033] [SFX] {"sound": "civ_move_1", "volume": 0.11}
[2026-09-25 21:44:03.165] [SFX] {"sound": "civ_move_2", "volume": 0.16}
[2026-09-25 21:44:03.198] [SFX] {"sound": "civ_move_1", "volume": 0.14}
[2026-09-25 21:44:03.198] [SFX] {"sound": "civ_move_2", "volume": 0.01}
[2026-09-25 21:44:03.282] [SFX] {"sound": "civ_move_2", "volume": 0.11}
[2026-09-25 21:44:03.419] [SFX] {"sound": "civ_move_1", "volume": 0.1}
[2026-09-25 21:44:03.440] [SFX] {"sound": "civ_move_1", "volume": 0.11}
[2026-09-25 21:44:03.567] [SFX] {"sound": "civ_move_2", "volume": 0.16}
[2026-09-25 21:44:03.610] [SFX] {"sound": "civ_move_1", "volume": 0.13}
[2026-09-25 21:44:03.611] [SFX] {"sound": "civ_move_2", "volume": 0.0}
[2026-09-25 21:44:03.686] [SFX] {"sound": "civ_move_2", "volume": 0.11}
[2026-09-25 21:44:03.819] [SFX] {"sound": "civ_move_1", "volume": 0.11}
[2026-09-25 21:44:03.843] [SFX] {"sound": "civ_move_1", "volume": 0.1}
[2026-09-25 21:44:03.968] [SFX] {"sound": "civ_move_2", "volume": 0.15}
[2026-09-25 21:44:04.009] [SFX] {"sound": "civ_move_1", "volume": 0.12}
[2026-09-25 21:44:04.089] [SFX] {"sound": "civ_move_2", "volume": 0.1}
[2026-09-25 21:44:04.229] [SFX] {"sound": "civ_move_1", "volume": 0.1}
[2026-09-25 21:44:04.260] [SFX] {"sound": "civ_move_1", "volume": 0.09}
[2026-09-25 21:44:04.372] [SFX] {"sound": "civ_move_2", "volume": 0.15}
[2026-09-25 21:44:04.491] [SFX] {"sound": "civ_move_2", "volume": 0.1}
[2026-09-25 21:44:04.644] [SFX] {"sound": "civ_move_1", "volume": 0.1}
[2026-09-25 21:44:04.670] [SFX] {"sound": "civ_move_1", "volume": 0.08}
[2026-09-25 21:44:04.785] [SFX] {"sound": "civ_move_2", "volume": 0.15}
[2026-09-25 21:44:04.786] [SFX] {"sound": "civ_move_1", "volume": 0.01}
[2026-09-25 21:44:04.903] [SFX] {"sound": "civ_move_2", "volume": 0.09}
[2026-09-25 21:44:05.051] [SFX] {"sound": "civ_move_1", "volume": 0.11}
[2026-09-25 21:44:05.074] [SFX] {"sound": "civ_move_1", "volume": 0.07}
[2026-09-25 21:44:05.189] [SFX] {"sound": "civ_move_2", "volume": 0.14}
[2026-09-25 21:44:05.190] [SFX] {"sound": "civ_move_1", "volume": 0.01}
[2026-09-25 21:44:05.287] [SFX] {"sound": "civ_move_2", "volume": 0.01}
[2026-09-25 21:44:05.309] [SFX] {"sound": "civ_move_2", "volume": 0.09}
[2026-09-25 21:44:05.454] [SFX] {"sound": "civ_move_1", "volume": 0.1}
[2026-09-25 21:44:05.475] [SFX] {"sound": "civ_move_1", "volume": 0.06}
[2026-09-25 21:44:05.602] [SFX] {"sound": "civ_move_2", "volume": 0.14}
[2026-09-25 21:44:05.603] [SFX] {"sound": "civ_move_1", "volume": 0.02}
[2026-09-25 21:44:05.702] [SFX] {"sound": "civ_move_2", "volume": 0.02}
[2026-09-25 21:44:05.703] [SFX] {"sound": "civ_move_2", "volume": 0.08}
[2026-09-25 21:44:05.866] [SFX] {"sound": "civ_move_1", "volume": 0.09}
[2026-09-25 21:44:05.889] [SFX] {"sound": "civ_move_1", "volume": 0.06}
[2026-09-25 21:44:06.003] [SFX] {"sound": "civ_move_2", "volume": 0.13}
[2026-09-25 21:44:06.003] [SFX] {"sound": "civ_move_1", "volume": 0.03}
[2026-09-25 21:44:06.106] [SFX] {"sound": "civ_move_2", "volume": 0.03}
[2026-09-25 21:44:06.107] [SFX] {"sound": "civ_move_2", "volume": 0.07}
[2026-09-25 21:44:06.276] [SFX] {"sound": "civ_move_1", "volume": 0.08}
[2026-09-25 21:44:06.304] [SFX] {"sound": "civ_move_1", "volume": 0.05}
[2026-09-25 21:44:06.408] [SFX] {"sound": "civ_move_2", "volume": 0.13}
[2026-09-25 21:44:06.409] [SFX] {"sound": "civ_move_1", "volume": 0.04}
[2026-09-25 21:44:06.510] [SFX] {"sound": "civ_move_2", "volume": 0.03}
[2026-09-25 21:44:06.511] [SFX] {"sound": "civ_move_2", "volume": 0.07}
[2026-09-25 21:44:06.681] [SFX] {"sound": "civ_move_1", "volume": 0.07}
[2026-09-25 21:44:06.713] [SFX] {"sound": "civ_move_1", "volume": 0.04}
[2026-09-25 21:44:06.818] [SFX] {"sound": "civ_move_2", "volume": 0.12}
[2026-09-25 21:44:06.819] [SFX] {"sound": "civ_move_1", "volume": 0.05}
[2026-09-25 21:44:06.917] [SFX] {"sound": "civ_move_2", "volume": 0.04}
[2026-09-25 21:44:07.084] [SFX] {"sound": "civ_move_1", "volume": 0.07}
[2026-09-25 21:44:07.118] [SFX] {"sound": "civ_move_1", "volume": 0.03}
[2026-09-25 21:44:07.220] [SFX] {"sound": "civ_move_2", "volume": 0.11}
[2026-09-25 21:44:07.221] [SFX] {"sound": "civ_move_1", "volume": 0.06}
[2026-09-25 21:44:07.321] [SFX] {"sound": "civ_move_2", "volume": 0.05}
[2026-09-25 21:44:07.322] [SFX] {"sound": "civ_move_2", "volume": 0.07}
[2026-09-25 21:44:07.486] [SFX] {"sound": "civ_move_1", "volume": 0.06}
[2026-09-25 21:44:07.521] [SFX] {"sound": "civ_move_1", "volume": 0.02}
[2026-09-25 21:44:07.620] [SFX] {"sound": "civ_move_2", "volume": 0.11}
[2026-09-25 21:44:07.621] [SFX] {"sound": "civ_move_1", "volume": 0.07}
[2026-09-25 21:44:07.737] [SFX] {"sound": "civ_move_2", "volume": 0.06}
[2026-09-25 21:44:07.738] [SFX] {"sound": "civ_move_2", "volume": 0.07}
[2026-09-25 21:44:07.886] [SFX] {"sound": "civ_move_1", "volume": 0.05}
[2026-09-25 21:44:07.921] [SFX] {"sound": "civ_move_1", "volume": 0.01}
[2026-09-25 21:44:08.020] [SFX] {"sound": "civ_move_2", "volume": 0.1}
[2026-09-25 21:44:08.021] [SFX] {"sound": "civ_move_1", "volume": 0.08}
[2026-09-25 21:44:08.139] [SFX] {"sound": "civ_move_2", "volume": 0.07}
[2026-09-25 21:44:08.164] [SFX] {"sound": "civ_move_2", "volume": 0.06}
[2026-09-25 21:44:08.295] [SFX] {"sound": "civ_move_1", "volume": 0.04}
[2026-09-25 21:44:08.330] [SFX] {"sound": "civ_move_1", "volume": 0.0}
[2026-09-25 21:44:08.430] [SFX] {"sound": "civ_move_2", "volume": 0.09}
[2026-09-25 21:44:08.431] [SFX] {"sound": "civ_move_1", "volume": 0.08}
[2026-09-25 21:44:08.543] [SFX] {"sound": "civ_move_2", "volume": 0.08}
[2026-09-25 21:44:08.567] [SFX] {"sound": "civ_move_2", "volume": 0.06}
[2026-09-25 21:44:08.695] [SFX] {"sound": "civ_move_1", "volume": 0.03}
[2026-09-25 21:44:08.843] [SFX] {"sound": "civ_move_2", "volume": 0.08}
[2026-09-25 21:44:08.844] [SFX] {"sound": "civ_move_1", "volume": 0.09}
[2026-09-25 21:44:08.956] [SFX] {"sound": "civ_move_2", "volume": 0.09}
[2026-09-25 21:44:08.979] [SFX] {"sound": "civ_move_2", "volume": 0.05}
[2026-09-25 21:44:09.109] [SFX] {"sound": "civ_move_1", "volume": 0.02}
[2026-09-25 21:44:09.167] [SFX] {"sound": "civ_move_1", "volume": 0.07}
[2026-09-25 21:44:09.249] [SFX] {"sound": "civ_move_2", "volume": 0.07}
[2026-09-25 21:44:09.250] [SFX] {"sound": "civ_move_1", "volume": 0.1}
[2026-09-25 21:44:09.365] [SFX] {"sound": "civ_move_2", "volume": 0.09}
[2026-09-25 21:44:09.387] [SFX] {"sound": "civ_move_2", "volume": 0.04}
[2026-09-25 21:44:09.516] [SFX] {"sound": "civ_move_1", "volume": 0.01}
[2026-09-25 21:44:09.569] [SFX] {"sound": "civ_move_1", "volume": 0.07}
[2026-09-25 21:44:09.653] [SFX] {"sound": "civ_move_2", "volume": 0.07}
[2026-09-25 21:44:09.654] [SFX] {"sound": "civ_move_1", "volume": 0.11}
[2026-09-25 21:44:09.770] [SFX] {"sound": "civ_move_2", "volume": 0.1}
[2026-09-25 21:44:09.795] [SFX] {"sound": "civ_move_2", "volume": 0.03}
[2026-09-25 21:44:09.928] [SFX] {"sound": "civ_move_1", "volume": 0.0}
[2026-09-25 21:44:09.980] [SFX] {"sound": "civ_move_1", "volume": 0.07}
[2026-09-25 21:44:10.066] [SFX] {"sound": "civ_move_2", "volume": 0.06}
[2026-09-25 21:44:10.067] [SFX] {"sound": "civ_move_1", "volume": 0.12}
[2026-09-25 21:44:10.173] [SFX] {"sound": "civ_move_2", "volume": 0.11}
[2026-09-25 21:44:10.201] [SFX] {"sound": "civ_move_2", "volume": 0.03}
[2026-09-25 21:44:10.415] [SFX] {"sound": "civ_move_1", "volume": 0.07}
[2026-09-25 21:44:10.471] [SFX] {"sound": "civ_move_2", "volume": 0.05}
[2026-09-25 21:44:10.472] [SFX] {"sound": "civ_move_1", "volume": 0.12}
[2026-09-25 21:44:10.583] [SFX] {"sound": "civ_move_2", "volume": 0.12}
[2026-09-25 21:44:10.605] [SFX] {"sound": "civ_move_2", "volume": 0.02}
[2026-09-25 21:44:10.820] [SFX] {"sound": "civ_move_1", "volume": 0.08}
[2026-09-25 21:44:10.873] [SFX] {"sound": "civ_move_2", "volume": 0.04}
[2026-09-25 21:44:10.874] [SFX] {"sound": "civ_move_1", "volume": 0.13}
[2026-09-25 21:44:10.897] [SFX] {"sound": "civ_move_2", "volume": 0.07}
[2026-09-25 21:44:10.996] [SFX] {"sound": "civ_move_2", "volume": 0.12}
[2026-09-25 21:44:11.021] [SFX] {"sound": "civ_move_2", "volume": 0.01}
[2026-09-25 21:44:11.235] [SFX] {"sound": "civ_move_1", "volume": 0.08}
[2026-09-25 21:44:11.286] [SFX] {"sound": "civ_move_2", "volume": 0.03}
[2026-09-25 21:44:11.287] [SFX] {"sound": "civ_move_1", "volume": 0.14}
[2026-09-25 21:44:11.309] [SFX] {"sound": "civ_move_2", "volume": 0.07}
[2026-09-25 21:44:11.403] [SFX] {"sound": "civ_move_2", "volume": 0.13}
[2026-09-25 21:44:11.424] [SFX] {"sound": "civ_move_2", "volume": 0.0}
[2026-09-25 21:44:11.639] [SFX] {"sound": "civ_move_1", "volume": 0.09}
[2026-09-25 21:44:11.689] [SFX] {"sound": "civ_move_2", "volume": 0.02}
[2026-09-25 21:44:11.689] [SFX] {"sound": "civ_move_1", "volume": 0.14}
[2026-09-25 21:44:11.713] [SFX] {"sound": "civ_move_2", "volume": 0.07}
[2026-09-25 21:44:11.812] [SFX] {"sound": "civ_move_2", "volume": 0.14}
[2026-09-25 21:44:12.041] [SFX] {"sound": "civ_move_1", "volume": 0.1}
[2026-09-25 21:44:12.092] [SFX] {"sound": "civ_move_2", "volume": 0.01}
[2026-09-25 21:44:12.092] [SFX] {"sound": "civ_move_1", "volume": 0.15}
[2026-09-25 21:44:12.126] [SFX] {"sound": "civ_move_2", "volume": 0.07}
[2026-09-25 21:44:12.213] [SFX] {"sound": "civ_move_2", "volume": 0.14}
[2026-09-25 21:44:12.448] [SFX] {"sound": "civ_move_1", "volume": 0.1}
[2026-09-25 21:44:12.497] [SFX] {"sound": "civ_move_1", "volume": 0.0}
[2026-09-25 21:44:12.497] [SFX] {"sound": "civ_move_2", "volume": 0.0}
[2026-09-25 21:44:12.498] [SFX] {"sound": "civ_move_1", "volume": 0.15}
[2026-09-25 21:44:12.534] [SFX] {"sound": "civ_move_2", "volume": 0.08}
[2026-09-25 21:44:12.620] [SFX] {"sound": "civ_move_2", "volume": 0.15}
[2026-09-25 21:44:12.856] [SFX] {"sound": "civ_move_1", "volume": 0.11}
[2026-09-25 21:44:12.909] [SFX] {"sound": "civ_move_1", "volume": 0.01}
[2026-09-25 21:44:12.910] [SFX] {"sound": "civ_move_1", "volume": 0.15}
[2026-09-25 21:44:12.947] [SFX] {"sound": "civ_move_2", "volume": 0.08}
[2026-09-25 21:44:13.032] [SFX] {"sound": "civ_move_2", "volume": 0.15}
[2026-09-25 21:44:13.261] [SFX] {"sound": "civ_move_1", "volume": 0.11}
[2026-09-25 21:44:13.316] [SFX] {"sound": "civ_move_1", "volume": 0.02}
[2026-09-25 21:44:13.317] [SFX] {"sound": "civ_move_1", "volume": 0.15}
[2026-09-25 21:44:13.353] [SFX] {"sound": "civ_move_2", "volume": 0.09}
[2026-09-25 21:44:13.439] [SFX] {"sound": "civ_move_2", "volume": 0.15}
[2026-09-25 21:44:13.677] [SFX] {"sound": "civ_move_1", "volume": 0.11}
[2026-09-25 21:44:13.731] [SFX] {"sound": "civ_move_1", "volume": 0.03}
[2026-09-25 21:44:13.731] [SFX] {"sound": "civ_move_1", "volume": 0.16}
[2026-09-25 21:44:13.765] [SFX] {"sound": "civ_move_2", "volume": 0.1}
[2026-09-25 21:44:13.850] [SFX] {"sound": "civ_move_2", "volume": 0.16}
[2026-09-25 21:44:14.079] [SFX] {"sound": "civ_move_1", "volume": 0.12}
[2026-09-25 21:44:14.133] [SFX] {"sound": "civ_move_1", "volume": 0.04}
[2026-09-25 21:44:14.133] [SFX] {"sound": "civ_move_1", "volume": 0.16}
[2026-09-25 21:44:14.168] [SFX] {"sound": "civ_move_2", "volume": 0.1}
[2026-09-25 21:44:14.253] [SFX] {"sound": "civ_move_2", "volume": 0.16}
[2026-09-25 21:44:14.487] [SFX] {"sound": "civ_move_1", "volume": 0.12}
[2026-09-25 21:44:14.538] [SFX] {"sound": "civ_move_1", "volume": 0.05}
[2026-09-25 21:44:14.539] [SFX] {"sound": "civ_move_1", "volume": 0.15}
[2026-09-25 21:44:14.574] [SFX] {"sound": "civ_move_2", "volume": 0.11}
[2026-09-25 21:44:14.657] [SFX] {"sound": "civ_move_2", "volume": 0.16}
[2026-09-25 21:44:14.891] [SFX] {"sound": "civ_move_1", "volume": 0.12}
[2026-09-25 21:44:14.942] [SFX] {"sound": "civ_move_1", "volume": 0.05}
[2026-09-25 21:44:14.943] [SFX] {"sound": "civ_move_1", "volume": 0.15}
[2026-09-25 21:44:14.976] [SFX] {"sound": "civ_move_2", "volume": 0.11}
[2026-09-25 21:44:15.063] [SFX] {"sound": "civ_move_2", "volume": 0.15}
[2026-09-25 21:44:15.300] [SFX] {"sound": "civ_move_1", "volume": 0.12}
[2026-09-25 21:44:15.351] [SFX] {"sound": "civ_move_1", "volume": 0.06}
[2026-09-25 21:44:15.352] [SFX] {"sound": "civ_move_1", "volume": 0.15}
[2026-09-25 21:44:15.387] [SFX] {"sound": "civ_move_2", "volume": 0.11}
[2026-09-25 21:44:15.475] [SFX] {"sound": "civ_move_2", "volume": 0.15}
[2026-09-25 21:44:15.706] [SFX] {"sound": "civ_move_1", "volume": 0.12}
[2026-09-25 21:44:15.754] [SFX] {"sound": "civ_move_1", "volume": 0.07}
[2026-09-25 21:44:15.755] [SFX] {"sound": "civ_move_1", "volume": 0.15}
[2026-09-25 21:44:15.786] [SFX] {"sound": "civ_move_2", "volume": 0.12}
[2026-09-25 21:44:15.887] [SFX] {"sound": "civ_move_2", "volume": 0.15}
[2026-09-25 21:44:16.041] [SFX] {"sound": "civ_move_1", "volume": 0.0}
[2026-09-25 21:44:16.109] [SFX] {"sound": "civ_move_1", "volume": 0.13}
[2026-09-25 21:44:16.161] [SFX] {"sound": "civ_move_1", "volume": 0.08}
[2026-09-25 21:44:16.162] [SFX] {"sound": "civ_move_1", "volume": 0.14}
[2026-09-25 21:44:16.193] [SFX] {"sound": "civ_move_2", "volume": 0.12}
[2026-09-25 21:44:16.296] [SFX] {"sound": "civ_move_2", "volume": 0.14}
[2026-09-25 21:44:16.446] [SFX] {"sound": "civ_move_1", "volume": 0.01}
[2026-09-25 21:44:16.517] [SFX] {"sound": "civ_move_1", "volume": 0.13}
[2026-09-25 21:44:16.569] [SFX] {"sound": "civ_move_1", "volume": 0.09}
[2026-09-25 21:44:16.570] [SFX] {"sound": "civ_move_1", "volume": 0.13}
[2026-09-25 21:44:16.603] [SFX] {"sound": "civ_move_2", "volume": 0.12}
[2026-09-25 21:44:16.709] [SFX] {"sound": "civ_move_2", "volume": 0.14}
[2026-09-25 21:44:16.851] [SFX] {"sound": "civ_move_1", "volume": 0.02}
[2026-09-25 21:44:16.924] [SFX] {"sound": "civ_move_1", "volume": 0.14}
[2026-09-25 21:44:16.975] [SFX] {"sound": "civ_move_1", "volume": 0.1}
[2026-09-25 21:44:16.976] [SFX] {"sound": "civ_move_1", "volume": 0.13}
[2026-09-25 21:44:17.010] [SFX] {"sound": "civ_move_2", "volume": 0.12}
[2026-09-25 21:44:17.107] [SFX] {"sound": "civ_move_2", "volume": 0.13}
[2026-09-25 21:44:17.258] [SFX] {"sound": "civ_move_1", "volume": 0.03}
[2026-09-25 21:44:17.330] [SFX] {"sound": "civ_move_1", "volume": 0.14}
[2026-09-25 21:44:17.382] [SFX] {"sound": "civ_move_1", "volume": 0.1}
[2026-09-25 21:44:17.382] [SFX] {"sound": "civ_move_1", "volume": 0.12}
[2026-09-25 21:44:17.417] [SFX] {"sound": "civ_move_2", "volume": 0.12}
[2026-09-25 21:44:17.451] [SFX] {"sound": "civ_move_2", "volume": 0.0}
[2026-09-25 21:44:17.517] [SFX] {"sound": "civ_move_2", "volume": 0.13}
[2026-09-25 21:44:17.668] [SFX] {"sound": "civ_move_1", "volume": 0.04}
[2026-09-25 21:44:17.735] [SFX] {"sound": "civ_move_1", "volume": 0.14}
[2026-09-25 21:44:17.789] [SFX] {"sound": "civ_move_1", "volume": 0.11}
[2026-09-25 21:44:17.826] [SFX] {"sound": "civ_move_2", "volume": 0.12}
[2026-09-25 21:44:17.860] [SFX] {"sound": "civ_move_2", "volume": 0.01}
[2026-09-25 21:44:18.078] [SFX] {"sound": "civ_move_1", "volume": 0.04}
[2026-09-25 21:44:18.145] [SFX] {"sound": "civ_move_1", "volume": 0.13}
[2026-09-25 21:44:18.197] [SFX] {"sound": "civ_move_1", "volume": 0.12}
[2026-09-25 21:44:18.197] [SFX] {"sound": "civ_move_1", "volume": 0.11}
[2026-09-25 21:44:18.231] [SFX] {"sound": "civ_move_2", "volume": 0.12}
[2026-09-25 21:44:18.266] [SFX] {"sound": "civ_move_2", "volume": 0.02}
[2026-09-25 21:44:18.481] [SFX] {"sound": "civ_move_1", "volume": 0.05}
[2026-09-25 21:44:18.551] [SFX] {"sound": "civ_move_1", "volume": 0.13}
[2026-09-25 21:44:18.602] [SFX] {"sound": "civ_move_1", "volume": 0.1}
[2026-09-25 21:44:18.635] [SFX] {"sound": "civ_move_2", "volume": 0.11}
[2026-09-25 21:44:18.667] [SFX] {"sound": "civ_move_2", "volume": 0.03}
[2026-09-25 21:44:18.895] [SFX] {"sound": "civ_move_1", "volume": 0.06}
[2026-09-25 21:44:18.962] [SFX] {"sound": "civ_move_1", "volume": 0.13}
[2026-09-25 21:44:19.011] [SFX] {"sound": "civ_move_1", "volume": 0.09}
[2026-09-25 21:44:19.047] [SFX] {"sound": "civ_move_2", "volume": 0.11}
[2026-09-25 21:44:19.080] [SFX] {"sound": "civ_move_2", "volume": 0.04}
[2026-09-25 21:44:19.363] [SFX] {"sound": "civ_move_1", "volume": 0.12}
[2026-09-25 21:44:19.418] [SFX] {"sound": "civ_move_1", "volume": 0.14}
[2026-09-25 21:44:19.419] [SFX] {"sound": "civ_move_1", "volume": 0.08}
[2026-09-25 21:44:19.485] [SFX] {"sound": "civ_move_2", "volume": 0.05}
[2026-09-25 21:44:19.772] [SFX] {"sound": "civ_move_1", "volume": 0.12}
[2026-09-25 21:44:19.795] [SFX] {"sound": "civ_move_1", "volume": 0.13}
[2026-09-25 21:44:19.827] [SFX] {"sound": "civ_move_1", "volume": 0.14}
[2026-09-25 21:44:19.828] [SFX] {"sound": "civ_move_1", "volume": 0.07}
[2026-09-25 21:44:19.896] [SFX] {"sound": "civ_move_2", "volume": 0.05}
[2026-09-25 21:44:20.179] [SFX] {"sound": "civ_move_1", "volume": 0.12}
[2026-09-25 21:44:20.201] [SFX] {"sound": "civ_move_1", "volume": 0.13}
[2026-09-25 21:44:20.233] [SFX] {"sound": "civ_move_1", "volume": 0.15}
[2026-09-25 21:44:20.234] [SFX] {"sound": "civ_move_1", "volume": 0.07}
[2026-09-25 21:44:20.300] [SFX] {"sound": "civ_move_2", "volume": 0.06}
[2026-09-25 21:44:20.597] [SFX] {"sound": "civ_move_1", "volume": 0.12}
[2026-09-25 21:44:20.648] [SFX] {"sound": "civ_move_1", "volume": 0.15}
[2026-09-25 21:44:20.649] [SFX] {"sound": "civ_move_1", "volume": 0.06}
[2026-09-25 21:44:20.699] [SFX] {"sound": "civ_move_2", "volume": 0.07}
[2026-09-25 21:44:21.013] [SFX] {"sound": "civ_move_1", "volume": 0.12}
[2026-09-25 21:44:21.049] [SFX] {"sound": "civ_move_1", "volume": 0.15}
[2026-09-25 21:44:21.050] [SFX] {"sound": "civ_move_1", "volume": 0.05}
[2026-09-25 21:44:21.100] [SFX] {"sound": "civ_move_2", "volume": 0.08}
[2026-09-25 21:44:21.233] [SFX] {"sound": "civ_move_1", "volume": 0.13}
[2026-09-25 21:44:21.417] [SFX] {"sound": "civ_move_1", "volume": 0.12}
[2026-09-25 21:44:21.454] [SFX] {"sound": "civ_move_1", "volume": 0.16}
[2026-09-25 21:44:21.454] [SFX] {"sound": "civ_move_1", "volume": 0.04}
[2026-09-25 21:44:21.502] [SFX] {"sound": "civ_move_2", "volume": 0.09}
[2026-09-25 21:44:21.634] [SFX] {"sound": "civ_move_1", "volume": 0.13}
[2026-09-25 21:44:21.822] [SFX] {"sound": "civ_move_1", "volume": 0.12}
[2026-09-25 21:44:21.856] [SFX] {"sound": "civ_move_1", "volume": 0.16}
[2026-09-25 21:44:21.857] [SFX] {"sound": "civ_move_1", "volume": 0.03}
[2026-09-25 21:44:21.906] [SFX] {"sound": "civ_move_2", "volume": 0.1}
[2026-09-25 21:44:22.056] [SFX] {"sound": "civ_move_1", "volume": 0.12}
[2026-09-25 21:44:22.237] [SFX] {"sound": "civ_move_1", "volume": 0.13}
[2026-09-25 21:44:22.270] [SFX] {"sound": "civ_move_1", "volume": 0.16}
[2026-09-25 21:44:22.271] [SFX] {"sound": "civ_move_1", "volume": 0.02}
[2026-09-25 21:44:22.319] [SFX] {"sound": "civ_move_2", "volume": 0.1}
[2026-09-25 21:44:22.466] [SFX] {"sound": "civ_move_1", "volume": 0.13}
[2026-09-25 21:44:22.684] [SFX] {"sound": "civ_move_1", "volume": 0.15}
[2026-09-25 21:44:22.685] [SFX] {"sound": "civ_move_1", "volume": 0.01}
[2026-09-25 21:44:22.719] [SFX] {"sound": "civ_move_2", "volume": 0.11}
[2026-09-25 21:44:22.872] [SFX] {"sound": "civ_move_1", "volume": 0.14}
[2026-09-25 21:44:23.090] [SFX] {"sound": "civ_move_1", "volume": 0.15}
[2026-09-25 21:44:23.091] [SFX] {"sound": "civ_move_1", "volume": 0.0}
[2026-09-25 21:44:23.126] [SFX] {"sound": "civ_move_2", "volume": 0.12}
[2026-09-25 21:44:23.165] [SFX] {"sound": "civ_move_1", "volume": 0.1}
[2026-09-25 21:44:23.284] [SFX] {"sound": "civ_move_1", "volume": 0.14}
[2026-09-25 21:44:23.500] [SFX] {"sound": "civ_move_1", "volume": 0.15}
[2026-09-25 21:44:23.539] [SFX] {"sound": "civ_move_2", "volume": 0.13}
[2026-09-25 21:44:23.578] [SFX] {"sound": "civ_move_1", "volume": 0.11}
[2026-09-25 21:44:23.695] [SFX] {"sound": "civ_move_1", "volume": 0.15}
[2026-09-25 21:44:23.882] [SFX] {"sound": "civ_move_1", "volume": 0.14}
[2026-09-25 21:44:23.951] [SFX] {"sound": "civ_move_2", "volume": 0.13}
[2026-09-25 21:44:24.000] [SFX] {"sound": "civ_move_1", "volume": 0.11}
[2026-09-25 21:44:24.103] [SFX] {"sound": "civ_move_1", "volume": 0.15}
[2026-09-25 21:44:24.287] [SFX] {"sound": "civ_move_1", "volume": 0.13}
[2026-09-25 21:44:24.320] [SFX] {"sound": "civ_move_1", "volume": 0.14}
[2026-09-25 21:44:24.354] [SFX] {"sound": "civ_move_2", "volume": 0.14}
[2026-09-25 21:44:24.405] [SFX] {"sound": "civ_move_1", "volume": 0.11}
[2026-09-25 21:44:24.507] [SFX] {"sound": "civ_move_1", "volume": 0.15}
[2026-09-25 21:44:24.691] [SFX] {"sound": "civ_move_1", "volume": 0.13}
[2026-09-25 21:44:24.758] [SFX] {"sound": "civ_move_2", "volume": 0.14}
[2026-09-25 21:44:24.810] [SFX] {"sound": "civ_move_1", "volume": 0.1}
[2026-09-25 21:44:24.910] [SFX] {"sound": "civ_move_1", "volume": 0.16}
[2026-09-25 21:44:25.090] [SFX] {"sound": "civ_move_1", "volume": 0.13}
[2026-09-25 21:44:25.126] [SFX] {"sound": "civ_move_1", "volume": 0.12}
[2026-09-25 21:44:25.161] [SFX] {"sound": "civ_move_2", "volume": 0.15}
[2026-09-25 21:44:25.211] [SFX] {"sound": "civ_move_1", "volume": 0.1}
[2026-09-25 21:44:25.310] [SFX] {"sound": "civ_move_1", "volume": 0.16}
[2026-09-25 21:44:25.498] [SFX] {"sound": "civ_move_1", "volume": 0.12}
[2026-09-25 21:44:25.568] [SFX] {"sound": "civ_move_2", "volume": 0.15}
[2026-09-25 21:44:25.623] [SFX] {"sound": "civ_move_1", "volume": 0.09}
[2026-09-25 21:44:25.721] [SFX] {"sound": "civ_move_1", "volume": 0.16}
[2026-09-25 21:44:25.905] [SFX] {"sound": "civ_move_1", "volume": 0.12}
[2026-09-25 21:44:25.973] [SFX] {"sound": "civ_move_2", "volume": 0.15}
[2026-09-25 21:44:26.022] [SFX] {"sound": "civ_move_1", "volume": 0.1}
[2026-09-25 21:44:26.123] [SFX] {"sound": "civ_move_1", "volume": 0.15}
[2026-09-25 21:44:26.193] [SFX] {"sound": "civ_move_1", "volume": 0.07}
[2026-09-25 21:44:26.311] [SFX] {"sound": "civ_move_1", "volume": 0.12}
[2026-09-25 21:44:26.379] [SFX] {"sound": "civ_move_2", "volume": 0.16}
[2026-09-25 21:44:26.431] [SFX] {"sound": "civ_move_1", "volume": 0.11}
[2026-09-25 21:44:26.531] [SFX] {"sound": "civ_move_1", "volume": 0.15}
[2026-09-25 21:44:26.600] [SFX] {"sound": "civ_move_1", "volume": 0.07}
[2026-09-25 21:44:26.719] [SFX] {"sound": "civ_move_1", "volume": 0.12}
[2026-09-25 21:44:26.787] [SFX] {"sound": "civ_move_2", "volume": 0.16}
[2026-09-25 21:44:26.836] [SFX] {"sound": "civ_move_1", "volume": 0.11}
[2026-09-25 21:44:26.937] [SFX] {"sound": "civ_move_1", "volume": 0.15}
[2026-09-25 21:44:27.023] [SFX] {"sound": "civ_move_1", "volume": 0.07}
[2026-09-25 21:44:27.126] [SFX] {"sound": "civ_move_1", "volume": 0.12}
[2026-09-25 21:44:27.195] [SFX] {"sound": "civ_move_2", "volume": 0.16}
[2026-09-25 21:44:27.246] [SFX] {"sound": "civ_move_1", "volume": 0.12}
[2026-09-25 21:44:27.347] [SFX] {"sound": "civ_move_1", "volume": 0.14}
[2026-09-25 21:44:27.436] [SFX] {"sound": "civ_move_1", "volume": 0.08}
[2026-09-25 21:44:27.535] [SFX] {"sound": "civ_move_1", "volume": 0.11}
[2026-09-25 21:44:27.603] [SFX] {"sound": "civ_move_2", "volume": 0.15}
[2026-09-25 21:44:27.753] [SFX] {"sound": "civ_move_1", "volume": 0.14}
[2026-09-25 21:44:27.853] [SFX] {"sound": "civ_move_1", "volume": 0.08}
[2026-09-25 21:44:27.936] [SFX] {"sound": "civ_move_1", "volume": 0.11}
[2026-09-25 21:44:28.006] [SFX] {"sound": "civ_move_2", "volume": 0.15}
[2026-09-25 21:44:28.105] [SFX] {"sound": "civ_move_2", "volume": 0.13}
[2026-09-25 21:44:28.155] [SFX] {"sound": "civ_move_1", "volume": 0.13}
[2026-09-25 21:44:28.256] [SFX] {"sound": "civ_move_1", "volume": 0.09}
[2026-09-25 21:44:28.340] [SFX] {"sound": "civ_move_1", "volume": 0.1}
[2026-09-25 21:44:28.418] [SFX] {"sound": "civ_move_2", "volume": 0.15}
[2026-09-25 21:44:28.524] [SFX] {"sound": "civ_move_2", "volume": 0.13}
[2026-09-25 21:44:28.559] [SFX] {"sound": "civ_move_1", "volume": 0.13}
[2026-09-25 21:44:28.665] [SFX] {"sound": "civ_move_1", "volume": 0.09}
[2026-09-25 21:44:28.750] [SFX] {"sound": "civ_move_1", "volume": 0.1}
[2026-09-25 21:44:28.818] [SFX] {"sound": "civ_move_2", "volume": 0.14}
[2026-09-25 21:44:28.953] [SFX] {"sound": "civ_move_2", "volume": 0.12}
[2026-09-25 21:44:28.977] [SFX] {"sound": "civ_move_1", "volume": 0.12}
[2026-09-25 21:44:29.073] [SFX] {"sound": "civ_move_1", "volume": 0.1}
[2026-09-25 21:44:29.156] [SFX] {"sound": "civ_move_1", "volume": 0.09}
[2026-09-25 21:44:29.224] [SFX] {"sound": "civ_move_2", "volume": 0.14}
[2026-09-25 21:44:29.356] [SFX] {"sound": "civ_move_2", "volume": 0.12}
[2026-09-25 21:44:29.381] [SFX] {"sound": "civ_move_1", "volume": 0.11}
[2026-09-25 21:44:29.479] [SFX] {"sound": "civ_move_1", "volume": 0.1}
[2026-09-25 21:44:29.564] [SFX] {"sound": "civ_move_1", "volume": 0.09}
[2026-09-25 21:44:29.636] [SFX] {"sound": "civ_move_2", "volume": 0.13}
[2026-09-25 21:44:29.771] [SFX] {"sound": "civ_move_2", "volume": 0.12}
[2026-09-25 21:44:29.792] [SFX] {"sound": "civ_move_1", "volume": 0.11}
[2026-09-25 21:44:29.969] [SFX] {"sound": "civ_move_1", "volume": 0.08}
[2026-09-25 21:44:30.038] [SFX] {"sound": "civ_move_2", "volume": 0.13}
[2026-09-25 21:44:30.171] [SFX] {"sound": "civ_move_2", "volume": 0.12}
[2026-09-25 21:44:30.192] [SFX] {"sound": "civ_move_1", "volume": 0.1}
[2026-09-25 21:44:30.288] [SFX] {"sound": "civ_move_1", "volume": 0.11}
[2026-09-25 21:44:30.372] [SFX] {"sound": "civ_move_1", "volume": 0.08}
[2026-09-25 21:44:30.452] [SFX] {"sound": "civ_move_2", "volume": 0.12}
[2026-09-25 21:44:30.586] [SFX] {"sound": "civ_move_2", "volume": 0.13}
[2026-09-25 21:44:30.609] [SFX] {"sound": "civ_move_1", "volume": 0.09}
[2026-09-25 21:44:30.689] [SFX] {"sound": "civ_move_1", "volume": 0.12}
[2026-09-25 21:44:30.788] [SFX] {"sound": "civ_move_1", "volume": 0.07}
[2026-09-25 21:44:30.854] [SFX] {"sound": "civ_move_2", "volume": 0.12}
[2026-09-25 21:44:30.988] [SFX] {"sound": "civ_move_2", "volume": 0.13}
[2026-09-25 21:44:31.009] [SFX] {"sound": "civ_move_1", "volume": 0.08}
[2026-09-25 21:44:31.104] [SFX] {"sound": "civ_move_1", "volume": 0.12}
[2026-09-25 21:44:31.128] [SFX] {"sound": "civ_move_2", "volume": 0.1}
[2026-09-25 21:44:31.157] [M] {"button": 5, "pos": [383, 261], "ui_clicked": false}
[2026-09-25 21:44:31.192] [SFX] {"sound": "civ_move_1", "volume": 0.06}
[2026-09-25 21:44:31.224] [M] {"button": 5, "pos": [383, 261], "ui_clicked": false}
[2026-09-25 21:44:31.259] [SFX] {"sound": "civ_move_2", "volume": 0.13}
[2026-09-25 21:44:31.391] [SFX] {"sound": "civ_move_2", "volume": 0.14}
[2026-09-25 21:44:31.415] [SFX] {"sound": "civ_move_1", "volume": 0.07}
[2026-09-25 21:44:31.513] [SFX] {"sound": "civ_move_1", "volume": 0.12}
[2026-09-25 21:44:31.536] [SFX] {"sound": "civ_move_2", "volume": 0.1}
[2026-09-25 21:44:31.601] [SFX] {"sound": "civ_move_1", "volume": 0.05}
[2026-09-25 21:44:31.667] [SFX] {"sound": "civ_move_2", "volume": 0.13}
[2026-09-25 21:44:31.803] [SFX] {"sound": "civ_move_2", "volume": 0.14}
[2026-09-25 21:44:31.825] [SFX] {"sound": "civ_move_1", "volume": 0.07}
[2026-09-25 21:44:31.921] [SFX] {"sound": "civ_move_1", "volume": 0.12}
[2026-09-25 21:44:31.944] [SFX] {"sound": "civ_move_2", "volume": 0.11}
[2026-09-25 21:44:32.004] [SFX] {"sound": "civ_move_1", "volume": 0.05}
[2026-09-25 21:44:32.073] [SFX] {"sound": "civ_move_2", "volume": 0.14}
[2026-09-25 21:44:32.225] [SFX] {"sound": "civ_move_1", "volume": 0.06}
[2026-09-25 21:44:32.327] [SFX] {"sound": "civ_move_1", "volume": 0.12}
[2026-09-25 21:44:32.361] [SFX] {"sound": "civ_move_2", "volume": 0.11}
[2026-09-25 21:44:32.410] [SFX] {"sound": "civ_move_1", "volume": 0.04}
[2026-09-25 21:44:32.442] [SFX] {"sound": "civ_move_1", "volume": 0.01}
[2026-09-25 21:44:32.477] [SFX] {"sound": "civ_move_2", "volume": 0.14}
[2026-09-25 21:44:32.608] [SFX] {"sound": "civ_move_2", "volume": 0.13}
[2026-09-25 21:44:32.640] [SFX] {"sound": "civ_move_1", "volume": 0.05}
[2026-09-25 21:44:32.739] [SFX] {"sound": "civ_move_1", "volume": 0.13}
[2026-09-25 21:44:32.772] [SFX] {"sound": "civ_move_2", "volume": 0.12}
[2026-09-25 21:44:32.823] [SFX] {"sound": "civ_move_1", "volume": 0.03}
[2026-09-25 21:44:32.856] [SFX] {"sound": "civ_move_1", "volume": 0.01}
[2026-09-25 21:44:32.890] [SFX] {"sound": "civ_move_2", "volume": 0.14}
[2026-09-25 21:44:33.023] [SFX] {"sound": "civ_move_2", "volume": 0.13}
[2026-09-25 21:44:33.055] [SFX] {"sound": "civ_move_1", "volume": 0.04}
[2026-09-25 21:44:33.139] [SFX] {"sound": "civ_move_1", "volume": 0.13}
[2026-09-25 21:44:33.173] [SFX] {"sound": "civ_move_2", "volume": 0.12}
[2026-09-25 21:44:33.224] [SFX] {"sound": "civ_move_1", "volume": 0.02}
[2026-09-25 21:44:33.304] [SFX] {"sound": "civ_move_2", "volume": 0.14}
[2026-09-25 21:44:33.403] [SFX] {"sound": "civ_move_2", "volume": 0.13}
[2026-09-25 21:44:33.469] [SFX] {"sound": "civ_move_1", "volume": 0.03}
[2026-09-25 21:44:33.553] [SFX] {"sound": "civ_move_1", "volume": 0.13}
[2026-09-25 21:44:33.588] [SFX] {"sound": "civ_move_2", "volume": 0.12}
[2026-09-25 21:44:33.640] [SFX] {"sound": "civ_move_1", "volume": 0.02}
[2026-09-25 21:44:33.661] [SFX] {"sound": "civ_move_1", "volume": 0.03}
[2026-09-25 21:44:33.708] [SFX] {"sound": "civ_move_2", "volume": 0.13}
[2026-09-25 21:44:33.841] [SFX] {"sound": "civ_move_2", "volume": 0.12}
[2026-09-25 21:44:33.874] [SFX] {"sound": "civ_move_1", "volume": 0.02}
[2026-09-25 21:44:33.957] [SFX] {"sound": "civ_move_1", "volume": 0.14}
[2026-09-25 21:44:33.989] [SFX] {"sound": "civ_move_2", "volume": 0.12}
[2026-09-25 21:44:34.055] [SFX] {"sound": "civ_move_1", "volume": 0.01}
[2026-09-25 21:44:34.076] [SFX] {"sound": "civ_move_1", "volume": 0.04}
[2026-09-25 21:44:34.121] [SFX] {"sound": "civ_move_2", "volume": 0.13}
[2026-09-25 21:44:34.240] [SFX] {"sound": "civ_move_2", "volume": 0.12}
[2026-09-25 21:44:34.275] [SFX] {"sound": "civ_move_1", "volume": 0.01}
[2026-09-25 21:44:34.372] [SFX] {"sound": "civ_move_1", "volume": 0.14}
[2026-09-25 21:44:34.396] [SFX] {"sound": "civ_move_2", "volume": 0.12}
[2026-09-25 21:44:34.476] [SFX] {"sound": "civ_move_1", "volume": 0.05}
[2026-09-25 21:44:34.531] [SFX] {"sound": "civ_move_2", "volume": 0.12}
[2026-09-25 21:44:34.686] [SFX] {"sound": "civ_move_1", "volume": 0.0}
[2026-09-25 21:44:34.779] [SFX] {"sound": "civ_move_1", "volume": 0.14}
[2026-09-25 21:44:34.802] [SFX] {"sound": "civ_move_2", "volume": 0.12}
[2026-09-25 21:44:34.885] [SFX] {"sound": "civ_move_1", "volume": 0.05}
[2026-09-25 21:44:34.935] [SFX] {"sound": "civ_move_2", "volume": 0.12}
[2026-09-25 21:44:35.193] [SFX] {"sound": "civ_move_1", "volume": 0.13}
[2026-09-25 21:44:35.216] [SFX] {"sound": "civ_move_2", "volume": 0.12}
[2026-09-25 21:44:35.295] [SFX] {"sound": "civ_move_1", "volume": 0.06}
[2026-09-25 21:44:35.346] [SFX] {"sound": "civ_move_2", "volume": 0.12}
[2026-09-25 21:44:35.462] [SFX] {"sound": "civ_move_2", "volume": 0.13}
[2026-09-25 21:44:35.487] [SFX] {"sound": "civ_move_2", "volume": 0.11}
[2026-09-25 21:44:35.599] [SFX] {"sound": "civ_move_1", "volume": 0.13}
[2026-09-25 21:44:35.621] [SFX] {"sound": "civ_move_2", "volume": 0.11}
[2026-09-25 21:44:35.699] [SFX] {"sound": "civ_move_1", "volume": 0.07}
[2026-09-25 21:44:35.751] [SFX] {"sound": "civ_move_2", "volume": 0.12}
[2026-09-25 21:44:35.867] [SFX] {"sound": "civ_move_2", "volume": 0.13}
[2026-09-25 21:44:35.892] [SFX] {"sound": "civ_move_2", "volume": 0.11}
[2026-09-25 21:44:36.006] [SFX] {"sound": "civ_move_1", "volume": 0.12}
[2026-09-25 21:44:36.031] [SFX] {"sound": "civ_move_2", "volume": 0.11}
[2026-09-25 21:44:36.113] [SFX] {"sound": "civ_move_1", "volume": 0.07}
[2026-09-25 21:44:36.164] [SFX] {"sound": "civ_move_2", "volume": 0.12}
[2026-09-25 21:44:36.268] [SFX] {"sound": "civ_move_2", "volume": 0.13}
[2026-09-25 21:44:36.269] [SFX] {"sound": "civ_move_2", "volume": 0.12}
[2026-09-25 21:44:36.291] [SFX] {"sound": "civ_move_2", "volume": 0.11}
[2026-09-25 21:44:36.406] [SFX] {"sound": "civ_move_1", "volume": 0.12}
[2026-09-25 21:44:36.431] [SFX] {"sound": "civ_move_2", "volume": 0.11}
[2026-09-25 21:44:36.526] [SFX] {"sound": "civ_move_1", "volume": 0.08}
[2026-09-25 21:44:36.577] [SFX] {"sound": "civ_move_2", "volume": 0.11}
[2026-09-25 21:44:36.681] [SFX] {"sound": "civ_move_2", "volume": 0.14}
[2026-09-25 21:44:36.706] [SFX] {"sound": "civ_move_2", "volume": 0.1}
[2026-09-25 21:44:36.707] [SFX] {"sound": "civ_move_2", "volume": 0.12}
[2026-09-25 21:44:36.819] [SFX] {"sound": "civ_move_1", "volume": 0.12}
[2026-09-25 21:44:36.843] [SFX] {"sound": "civ_move_2", "volume": 0.1}
[2026-09-25 21:44:36.940] [SFX] {"sound": "civ_move_1", "volume": 0.09}
[2026-09-25 21:44:36.991] [SFX] {"sound": "civ_move_2", "volume": 0.11}
[2026-09-25 21:44:37.092] [SFX] {"sound": "civ_move_2", "volume": 0.14}
[2026-09-25 21:44:37.115] [SFX] {"sound": "civ_move_2", "volume": 0.1}
[2026-09-25 21:44:37.116] [SFX] {"sound": "civ_move_2", "volume": 0.12}
[2026-09-25 21:44:37.233] [SFX] {"sound": "civ_move_1", "volume": 0.13}
[2026-09-25 21:44:37.257] [SFX] {"sound": "civ_move_2", "volume": 0.1}
[2026-09-25 21:44:37.354] [SFX] {"sound": "civ_move_1", "volume": 0.09}
[2026-09-25 21:44:37.404] [SFX] {"sound": "civ_move_2", "volume": 0.11}
[2026-09-25 21:44:37.506] [SFX] {"sound": "civ_move_2", "volume": 0.14}
[2026-09-25 21:44:37.531] [SFX] {"sound": "civ_move_2", "volume": 0.09}
[2026-09-25 21:44:37.531] [SFX] {"sound": "civ_move_2", "volume": 0.12}
[2026-09-25 21:44:37.642] [SFX] {"sound": "civ_move_1", "volume": 0.14}
[2026-09-25 21:44:37.668] [SFX] {"sound": "civ_move_2", "volume": 0.09}
[2026-09-25 21:44:37.767] [SFX] {"sound": "civ_move_1", "volume": 0.1}
[2026-09-25 21:44:37.806] [SFX] {"sound": "civ_move_2", "volume": 0.1}
[2026-09-25 21:44:37.908] [SFX] {"sound": "civ_move_2", "volume": 0.13}
[2026-09-25 21:44:37.933] [SFX] {"sound": "civ_move_2", "volume": 0.09}
[2026-09-25 21:44:37.934] [SFX] {"sound": "civ_move_2", "volume": 0.13}
[2026-09-25 21:44:38.048] [SFX] {"sound": "civ_move_1", "volume": 0.14}
[2026-09-25 21:44:38.072] [SFX] {"sound": "civ_move_2", "volume": 0.09}
[2026-09-25 21:44:38.167] [SFX] {"sound": "civ_move_1", "volume": 0.1}
[2026-09-25 21:44:38.217] [SFX] {"sound": "civ_move_2", "volume": 0.1}
[2026-09-25 21:44:38.318] [SFX] {"sound": "civ_move_2", "volume": 0.13}
[2026-09-25 21:44:38.341] [SFX] {"sound": "civ_move_2", "volume": 0.08}
[2026-09-25 21:44:38.341] [SFX] {"sound": "civ_move_2", "volume": 0.13}
[2026-09-25 21:44:38.454] [SFX] {"sound": "civ_move_1", "volume": 0.15}
[2026-09-25 21:44:38.484] [SFX] {"sound": "civ_move_2", "volume": 0.08}
[2026-09-25 21:44:38.580] [SFX] {"sound": "civ_move_1", "volume": 0.11}
[2026-09-25 21:44:38.620] [SFX] {"sound": "civ_move_2", "volume": 0.09}
[2026-09-25 21:44:38.722] [SFX] {"sound": "civ_move_2", "volume": 0.12}
[2026-09-25 21:44:38.745] [SFX] {"sound": "civ_move_2", "volume": 0.07}
[2026-09-25 21:44:38.746] [SFX] {"sound": "civ_move_2", "volume": 0.14}
[2026-09-25 21:44:38.860] [SFX] {"sound": "civ_move_1", "volume": 0.15}
[2026-09-25 21:44:38.886] [SFX] {"sound": "civ_move_2", "volume": 0.07}
[2026-09-25 21:44:38.983] [SFX] {"sound": "civ_move_1", "volume": 0.11}
[2026-09-25 21:44:38.983] [SFX] {"sound": "civ_move_2", "volume": 0.0}
[2026-09-25 21:44:39.035] [SFX] {"sound": "civ_move_2", "volume": 0.08}
[2026-09-25 21:44:39.137] [SFX] {"sound": "civ_move_2", "volume": 0.12}
[2026-09-25 21:44:39.173] [SFX] {"sound": "civ_move_2", "volume": 0.07}
[2026-09-25 21:44:39.173] [SFX] {"sound": "civ_move_2", "volume": 0.14}
[2026-09-25 21:44:39.271] [SFX] {"sound": "civ_move_1", "volume": 0.15}
[2026-09-25 21:44:39.293] [SFX] {"sound": "civ_move_2", "volume": 0.07}
[2026-09-25 21:44:39.396] [SFX] {"sound": "civ_move_1", "volume": 0.12}
[2026-09-25 21:44:39.397] [SFX] {"sound": "civ_move_2", "volume": 0.01}
[2026-09-25 21:44:39.448] [SFX] {"sound": "civ_move_2", "volume": 0.08}
[2026-09-25 21:44:39.547] [SFX] {"sound": "civ_move_2", "volume": 0.12}
[2026-09-25 21:44:39.571] [SFX] {"sound": "civ_move_2", "volume": 0.14}
[2026-09-25 21:44:39.685] [SFX] {"sound": "civ_move_1", "volume": 0.16}
[2026-09-25 21:44:39.801] [SFX] {"sound": "civ_move_1", "volume": 0.12}
[2026-09-25 21:44:39.802] [SFX] {"sound": "civ_move_2", "volume": 0.02}
[2026-09-25 21:44:39.868] [SFX] {"sound": "civ_move_2", "volume": 0.07}
[2026-09-25 21:44:39.956] [SFX] {"sound": "civ_move_2", "volume": 0.12}
[2026-09-25 21:44:39.980] [SFX] {"sound": "civ_move_2", "volume": 0.13}
[2026-09-25 21:44:40.097] [SFX] {"sound": "civ_move_1", "volume": 0.16}
[2026-09-25 21:44:40.201] [SFX] {"sound": "civ_move_1", "volume": 0.12}
[2026-09-25 21:44:40.202] [SFX] {"sound": "civ_move_2", "volume": 0.03}
[2026-09-25 21:44:40.370] [SFX] {"sound": "civ_move_2", "volume": 0.12}
[2026-09-25 21:44:40.393] [SFX] {"sound": "civ_move_2", "volume": 0.13}
[2026-09-25 21:44:40.503] [SFX] {"sound": "civ_move_1", "volume": 0.16}
[2026-09-25 21:44:40.603] [SFX] {"sound": "civ_move_1", "volume": 0.12}
[2026-09-25 21:44:40.604] [SFX] {"sound": "civ_move_2", "volume": 0.04}
[2026-09-25 21:44:40.702] [SFX] {"sound": "civ_move_2", "volume": 0.13}
[2026-09-25 21:44:40.785] [SFX] {"sound": "civ_move_2", "volume": 0.11}
[2026-09-25 21:44:40.809] [SFX] {"sound": "civ_move_2", "volume": 0.13}
[2026-09-25 21:44:40.908] [SFX] {"sound": "civ_move_1", "volume": 0.15}
[2026-09-25 21:44:41.008] [SFX] {"sound": "civ_move_1", "volume": 0.12}
[2026-09-25 21:44:41.009] [SFX] {"sound": "civ_move_2", "volume": 0.05}
[2026-09-25 21:44:41.109] [SFX] {"sound": "civ_move_2", "volume": 0.13}
[2026-09-25 21:44:41.193] [SFX] {"sound": "civ_move_2", "volume": 0.11}
[2026-09-25 21:44:41.216] [SFX] {"sound": "civ_move_2", "volume": 0.12}
[2026-09-25 21:44:41.314] [SFX] {"sound": "civ_move_1", "volume": 0.15}
[2026-09-25 21:44:41.416] [SFX] {"sound": "civ_move_1", "volume": 0.13}
[2026-09-25 21:44:41.417] [SFX] {"sound": "civ_move_2", "volume": 0.06}
[2026-09-25 21:44:41.515] [SFX] {"sound": "civ_move_2", "volume": 0.12}
[2026-09-25 21:44:41.599] [SFX] {"sound": "civ_move_2", "volume": 0.11}
[2026-09-25 21:44:41.622] [SFX] {"sound": "civ_move_2", "volume": 0.12}
[2026-09-25 21:44:41.716] [SFX] {"sound": "civ_move_1", "volume": 0.15}
[2026-09-25 21:44:41.815] [SFX] {"sound": "civ_move_1", "volume": 0.13}
[2026-09-25 21:44:41.816] [SFX] {"sound": "civ_move_2", "volume": 0.07}
[2026-09-25 21:44:41.934] [SFX] {"sound": "civ_move_2", "volume": 0.12}
[2026-09-25 21:44:41.999] [SFX] {"sound": "civ_move_2", "volume": 0.1}
[2026-09-25 21:44:42.022] [SFX] {"sound": "civ_move_2", "volume": 0.12}
[2026-09-25 21:44:42.119] [SFX] {"sound": "civ_move_1", "volume": 0.14}
[2026-09-25 21:44:42.224] [SFX] {"sound": "civ_move_1", "volume": 0.13}
[2026-09-25 21:44:42.225] [SFX] {"sound": "civ_move_2", "volume": 0.07}
[2026-09-25 21:44:42.339] [SFX] {"sound": "civ_move_2", "volume": 0.12}
[2026-09-25 21:44:42.409] [SFX] {"sound": "civ_move_2", "volume": 0.1}
[2026-09-25 21:44:42.430] [SFX] {"sound": "civ_move_2", "volume": 0.12}
[2026-09-25 21:44:42.523] [SFX] {"sound": "civ_move_1", "volume": 0.14}
[2026-09-25 21:44:42.639] [SFX] {"sound": "civ_move_2", "volume": 0.08}
[2026-09-25 21:44:42.754] [SFX] {"sound": "civ_move_2", "volume": 0.12}
[2026-09-25 21:44:42.823] [SFX] {"sound": "civ_move_2", "volume": 0.09}
[2026-09-25 21:44:42.848] [SFX] {"sound": "civ_move_2", "volume": 0.12}
[2026-09-25 21:44:42.930] [SFX] {"sound": "civ_move_1", "volume": 0.13}
[2026-09-25 21:44:43.048] [SFX] {"sound": "civ_move_1", "volume": 0.14}
[2026-09-25 21:44:43.048] [SFX] {"sound": "civ_move_2", "volume": 0.09}
[2026-09-25 21:44:43.168] [SFX] {"sound": "civ_move_2", "volume": 0.13}
[2026-09-25 21:44:43.232] [SFX] {"sound": "civ_move_2", "volume": 0.09}
[2026-09-25 21:44:43.253] [SFX] {"sound": "civ_move_2", "volume": 0.11}
[2026-09-25 21:44:43.333] [SFX] {"sound": "civ_move_1", "volume": 0.13}
[2026-09-25 21:44:43.448] [SFX] {"sound": "civ_move_1", "volume": 0.14}
[2026-09-25 21:44:43.448] [SFX] {"sound": "civ_move_2", "volume": 0.1}
[2026-09-25 21:44:43.580] [SFX] {"sound": "civ_move_2", "volume": 0.13}
[2026-09-25 21:44:43.634] [SFX] {"sound": "civ_move_2", "volume": 0.08}
[2026-09-25 21:44:43.658] [SFX] {"sound": "civ_move_2", "volume": 0.11}
[2026-09-25 21:44:43.739] [SFX] {"sound": "civ_move_1", "volume": 0.12}
[2026-09-25 21:44:43.857] [SFX] {"sound": "civ_move_1", "volume": 0.13}
[2026-09-25 21:44:43.858] [SFX] {"sound": "civ_move_2", "volume": 0.11}
[2026-09-25 21:44:43.981] [SFX] {"sound": "civ_move_2", "volume": 0.14}
[2026-09-25 21:44:44.049] [SFX] {"sound": "civ_move_2", "volume": 0.07}
[2026-09-25 21:44:44.073] [SFX] {"sound": "civ_move_2", "volume": 0.1}
[2026-09-25 21:44:44.151] [SFX] {"sound": "civ_move_1", "volume": 0.11}
[2026-09-25 21:44:44.266] [SFX] {"sound": "civ_move_1", "volume": 0.13}
[2026-09-25 21:44:44.267] [SFX] {"sound": "civ_move_2", "volume": 0.1}
[2026-09-25 21:44:44.383] [SFX] {"sound": "civ_move_2", "volume": 0.14}
[2026-09-25 21:44:44.467] [SFX] {"sound": "civ_move_2", "volume": 0.1}
[2026-09-25 21:44:44.553] [SFX] {"sound": "civ_move_1", "volume": 0.11}
[2026-09-25 21:44:44.670] [SFX] {"sound": "civ_move_1", "volume": 0.12}
[2026-09-25 21:44:44.671] [SFX] {"sound": "civ_move_2", "volume": 0.1}
[2026-09-25 21:44:44.787] [SFX] {"sound": "civ_move_2", "volume": 0.14}
[2026-09-25 21:44:44.871] [SFX] {"sound": "civ_move_2", "volume": 0.09}
[2026-09-25 21:44:44.954] [SFX] {"sound": "civ_move_1", "volume": 0.1}
[2026-09-25 21:44:45.072] [SFX] {"sound": "civ_move_1", "volume": 0.12}
[2026-09-25 21:44:45.073] [SFX] {"sound": "civ_move_2", "volume": 0.11}
[2026-09-25 21:44:45.190] [SFX] {"sound": "civ_move_2", "volume": 0.14}
[2026-09-25 21:44:45.227] [SFX] {"sound": "civ_move_1", "volume": 0.13}
[2026-09-25 21:44:45.277] [SFX] {"sound": "civ_move_2", "volume": 0.09}
[2026-09-25 21:44:45.367] [SFX] {"sound": "civ_move_1", "volume": 0.09}
[2026-09-25 21:44:45.486] [SFX] {"sound": "civ_move_1", "volume": 0.12}
[2026-09-25 21:44:45.487] [SFX] {"sound": "civ_move_2", "volume": 0.1}
[2026-09-25 21:44:45.605] [SFX] {"sound": "civ_move_2", "volume": 0.13}
[2026-09-25 21:44:45.639] [SFX] {"sound": "civ_move_1", "volume": 0.13}
[2026-09-25 21:44:45.688] [SFX] {"sound": "civ_move_2", "volume": 0.08}
[2026-09-25 21:44:45.771] [SFX] {"sound": "civ_move_1", "volume": 0.08}
[2026-09-25 21:44:45.888] [SFX] {"sound": "civ_move_1", "volume": 0.12}
[2026-09-25 21:44:45.889] [SFX] {"sound": "civ_move_2", "volume": 0.09}
[2026-09-25 21:44:46.020] [SFX] {"sound": "civ_move_2", "volume": 0.13}
[2026-09-25 21:44:46.069] [SFX] {"sound": "civ_move_1", "volume": 0.12}
[2026-09-25 21:44:46.101] [SFX] {"sound": "civ_move_2", "volume": 0.08}
[2026-09-25 21:44:46.186] [SFX] {"sound": "civ_move_1", "volume": 0.07}
[2026-09-25 21:44:46.300] [SFX] {"sound": "civ_move_2", "volume": 0.09}
[2026-09-25 21:44:46.432] [SFX] {"sound": "civ_move_2", "volume": 0.12}
[2026-09-25 21:44:46.484] [SFX] {"sound": "civ_move_1", "volume": 0.12}
[2026-09-25 21:44:46.506] [SFX] {"sound": "civ_move_2", "volume": 0.07}
[2026-09-25 21:44:46.586] [SFX] {"sound": "civ_move_1", "volume": 0.06}
[2026-09-25 21:44:46.621] [SFX] {"sound": "civ_move_2", "volume": 0.13}
[2026-09-25 21:44:46.706] [SFX] {"sound": "civ_move_2", "volume": 0.1}
[2026-09-25 21:44:46.838] [SFX] {"sound": "civ_move_2", "volume": 0.12}
[2026-09-25 21:44:46.887] [SFX] {"sound": "civ_move_1", "volume": 0.12}
[2026-09-25 21:44:46.912] [SFX] {"sound": "civ_move_2", "volume": 0.06}
[2026-09-25 21:44:46.993] [SFX] {"sound": "civ_move_1", "volume": 0.06}
[2026-09-25 21:44:47.027] [SFX] {"sound": "civ_move_2", "volume": 0.13}
[2026-09-25 21:44:47.109] [SFX] {"sound": "civ_move_2", "volume": 0.1}
[2026-09-25 21:44:47.240] [SFX] {"sound": "civ_move_2", "volume": 0.12}
[2026-09-25 21:44:47.292] [SFX] {"sound": "civ_move_1", "volume": 0.12}
[2026-09-25 21:44:47.315] [SFX] {"sound": "civ_move_2", "volume": 0.05}
[2026-09-25 21:44:47.392] [SFX] {"sound": "civ_move_1", "volume": 0.05}
[2026-09-25 21:44:47.432] [SFX] {"sound": "civ_move_2", "volume": 0.12}
[2026-09-25 21:44:47.514] [SFX] {"sound": "civ_move_2", "volume": 0.11}
[2026-09-25 21:44:47.651] [SFX] {"sound": "civ_move_2", "volume": 0.12}
[2026-09-25 21:44:47.704] [SFX] {"sound": "civ_move_1", "volume": 0.13}
[2026-09-25 21:44:47.727] [SFX] {"sound": "civ_move_2", "volume": 0.05}
[2026-09-25 21:44:47.806] [SFX] {"sound": "civ_move_1", "volume": 0.04}
[2026-09-25 21:44:47.868] [SFX] {"sound": "civ_move_2", "volume": 0.11}
[2026-09-25 21:44:48.068] [SFX] {"sound": "civ_move_2", "volume": 0.12}
[2026-09-25 21:44:48.118] [SFX] {"sound": "civ_move_1", "volume": 0.13}
[2026-09-25 21:44:48.140] [SFX] {"sound": "civ_move_2", "volume": 0.04}
[2026-09-25 21:44:48.222] [SFX] {"sound": "civ_move_1", "volume": 0.03}
[2026-09-25 21:44:48.271] [SFX] {"sound": "civ_move_2", "volume": 0.11}
[2026-09-25 21:44:48.323] [SFX] {"sound": "civ_move_2", "volume": 0.12}
[2026-09-25 21:44:48.474] [SFX] {"sound": "civ_move_2", "volume": 0.11}
[2026-09-25 21:44:48.525] [SFX] {"sound": "civ_move_1", "volume": 0.14}
[2026-09-25 21:44:48.548] [SFX] {"sound": "civ_move_2", "volume": 0.03}
[2026-09-25 21:44:48.628] [SFX] {"sound": "civ_move_1", "volume": 0.02}
[2026-09-25 21:44:48.680] [SFX] {"sound": "civ_move_2", "volume": 0.1}
[2026-09-25 21:44:48.730] [SFX] {"sound": "civ_move_2", "volume": 0.12}
[2026-09-25 21:44:48.878] [SFX] {"sound": "civ_move_2", "volume": 0.11}
[2026-09-25 21:44:48.927] [SFX] {"sound": "civ_move_1", "volume": 0.14}
[2026-09-25 21:44:48.955] [SFX] {"sound": "civ_move_2", "volume": 0.02}
[2026-09-25 21:44:49.038] [SFX] {"sound": "civ_move_1", "volume": 0.01}
[2026-09-25 21:44:49.088] [SFX] {"sound": "civ_move_2", "volume": 0.09}
[2026-09-25 21:44:49.139] [SFX] {"sound": "civ_move_2", "volume": 0.12}
[2026-09-25 21:44:49.286] [SFX] {"sound": "civ_move_2", "volume": 0.1}
[2026-09-25 21:44:49.337] [SFX] {"sound": "civ_move_1", "volume": 0.14}
[2026-09-25 21:44:49.360] [SFX] {"sound": "civ_move_2", "volume": 0.02}
[2026-09-25 21:44:49.441] [SFX] {"sound": "civ_move_1", "volume": 0.0}
[2026-09-25 21:44:49.492] [SFX] {"sound": "civ_move_2", "volume": 0.09}
[2026-09-25 21:44:49.545] [SFX] {"sound": "civ_move_2", "volume": 0.12}
[2026-09-25 21:44:49.696] [SFX] {"sound": "civ_move_2", "volume": 0.1}
[2026-09-25 21:44:49.747] [SFX] {"sound": "civ_move_1", "volume": 0.13}
[2026-09-25 21:44:49.770] [SFX] {"sound": "civ_move_2", "volume": 0.01}
[2026-09-25 21:44:49.901] [SFX] {"sound": "civ_move_1", "volume": 0.01}
[2026-09-25 21:44:49.902] [SFX] {"sound": "civ_move_2", "volume": 0.1}
[2026-09-25 21:44:49.952] [SFX] {"sound": "civ_move_2", "volume": 0.12}
[2026-09-25 21:44:50.102] [SFX] {"sound": "civ_move_2", "volume": 0.09}
[2026-09-25 21:44:50.153] [SFX] {"sound": "civ_move_1", "volume": 0.13}
[2026-09-25 21:44:50.301] [SFX] {"sound": "civ_move_1", "volume": 0.02}
[2026-09-25 21:44:50.302] [SFX] {"sound": "civ_move_2", "volume": 0.1}
[2026-09-25 21:44:50.352] [SFX] {"sound": "civ_move_2", "volume": 0.12}
[2026-09-25 21:44:50.504] [SFX] {"sound": "civ_move_2", "volume": 0.09}
[2026-09-25 21:44:50.560] [SFX] {"sound": "civ_move_1", "volume": 0.12}
[2026-09-25 21:44:50.709] [SFX] {"sound": "civ_move_1", "volume": 0.03}
[2026-09-25 21:44:50.710] [SFX] {"sound": "civ_move_2", "volume": 0.11}
[2026-09-25 21:44:50.761] [SFX] {"sound": "civ_move_2", "volume": 0.12}
[2026-09-25 21:44:50.912] [SFX] {"sound": "civ_move_2", "volume": 0.08}
[2026-09-25 21:44:50.963] [SFX] {"sound": "civ_move_1", "volume": 0.12}
[2026-09-25 21:44:51.062] [SFX] {"sound": "civ_move_1", "volume": 0.0}
[2026-09-25 21:44:51.086] [SFX] {"sound": "civ_move_1", "volume": 0.13}
[2026-09-25 21:44:51.118] [SFX] {"sound": "civ_move_1", "volume": 0.04}
[2026-09-25 21:44:51.171] [SFX] {"sound": "civ_move_2", "volume": 0.11}
[2026-09-25 21:44:51.319] [SFX] {"sound": "civ_move_2", "volume": 0.08}
[2026-09-25 21:44:51.371] [SFX] {"sound": "civ_move_1", "volume": 0.12}
[2026-09-25 21:44:51.471] [SFX] {"sound": "civ_move_1", "volume": 0.01}
[2026-09-25 21:44:51.494] [SFX] {"sound": "civ_move_1", "volume": 0.13}
[2026-09-25 21:44:51.527] [SFX] {"sound": "civ_move_1", "volume": 0.04}
[2026-09-25 21:44:51.579] [SFX] {"sound": "civ_move_2", "volume": 0.11}
[2026-09-25 21:44:51.730] [SFX] {"sound": "civ_move_2", "volume": 0.07}
[2026-09-25 21:44:51.786] [SFX] {"sound": "civ_move_1", "volume": 0.12}
[2026-09-25 21:44:51.871] [SFX] {"sound": "civ_move_1", "volume": 0.02}
[2026-09-25 21:44:51.905] [SFX] {"sound": "civ_move_1", "volume": 0.13}
[2026-09-25 21:44:51.940] [SFX] {"sound": "civ_move_1", "volume": 0.05}
[2026-09-25 21:44:51.993] [SFX] {"sound": "civ_move_2", "volume": 0.11}
[2026-09-25 21:44:52.129] [SFX] {"sound": "civ_move_2", "volume": 0.06}
[2026-09-25 21:44:52.199] [SFX] {"sound": "civ_move_1", "volume": 0.12}
[2026-09-25 21:44:52.280] [SFX] {"sound": "civ_move_1", "volume": 0.03}
[2026-09-25 21:44:52.316] [SFX] {"sound": "civ_move_1", "volume": 0.13}
[2026-09-25 21:44:52.352] [SFX] {"sound": "civ_move_1", "volume": 0.06}
[2026-09-25 21:44:52.403] [SFX] {"sound": "civ_move_2", "volume": 0.1}
[2026-09-25 21:44:52.535] [SFX] {"sound": "civ_move_2", "volume": 0.06}
[2026-09-25 21:44:52.606] [SFX] {"sound": "civ_move_1", "volume": 0.11}
[2026-09-25 21:44:52.689] [SFX] {"sound": "civ_move_1", "volume": 0.03}
[2026-09-25 21:44:52.723] [SFX] {"sound": "civ_move_1", "volume": 0.14}
[2026-09-25 21:44:52.757] [SFX] {"sound": "civ_move_1", "volume": 0.07}
[2026-09-25 21:44:52.812] [SFX] {"sound": "civ_move_2", "volume": 0.1}
[2026-09-25 21:44:52.946] [SFX] {"sound": "civ_move_2", "volume": 0.05}
[2026-09-25 21:44:53.014] [SFX] {"sound": "civ_move_1", "volume": 0.11}
[2026-09-25 21:44:53.098] [SFX] {"sound": "civ_move_1", "volume": 0.04}
[2026-09-25 21:44:53.133] [SFX] {"sound": "civ_move_1", "volume": 0.14}
[2026-09-25 21:44:53.217] [SFX] {"sound": "civ_move_2", "volume": 0.09}
[2026-09-25 21:44:53.348] [SFX] {"sound": "civ_move_2", "volume": 0.04}
[2026-09-25 21:44:53.415] [SFX] {"sound": "civ_move_1", "volume": 0.11}
[2026-09-25 21:44:53.498] [SFX] {"sound": "civ_move_1", "volume": 0.05}
[2026-09-25 21:44:53.534] [SFX] {"sound": "civ_move_1", "volume": 0.14}
[2026-09-25 21:44:53.619] [SFX] {"sound": "civ_move_2", "volume": 0.09}
[2026-09-25 21:44:53.754] [SFX] {"sound": "civ_move_2", "volume": 0.03}
[2026-09-25 21:44:53.821] [SFX] {"sound": "civ_move_1", "volume": 0.1}
[2026-09-25 21:44:53.904] [SFX] {"sound": "civ_move_1", "volume": 0.06}
[2026-09-25 21:44:53.939] [SFX] {"sound": "civ_move_1", "volume": 0.13}
[2026-09-25 21:44:54.023] [SFX] {"sound": "civ_move_2", "volume": 0.08}
[2026-09-25 21:44:54.157] [SFX] {"sound": "civ_move_2", "volume": 0.02}
[2026-09-25 21:44:54.224] [SFX] {"sound": "civ_move_1", "volume": 0.1}
[2026-09-25 21:44:54.309] [SFX] {"sound": "civ_move_1", "volume": 0.06}
[2026-09-25 21:44:54.344] [SFX] {"sound": "civ_move_1", "volume": 0.13}
[2026-09-25 21:44:54.428] [SFX] {"sound": "civ_move_2", "volume": 0.07}
[2026-09-25 21:44:54.563] [SFX] {"sound": "civ_move_2", "volume": 0.02}
[2026-09-25 21:44:54.632] [SFX] {"sound": "civ_move_1", "volume": 0.09}
[2026-09-25 21:44:54.713] [SFX] {"sound": "civ_move_1", "volume": 0.07}
[2026-09-25 21:44:54.747] [SFX] {"sound": "civ_move_1", "volume": 0.12}
[2026-09-25 21:44:54.834] [SFX] {"sound": "civ_move_2", "volume": 0.07}
[2026-09-25 21:44:54.971] [SFX] {"sound": "civ_move_2", "volume": 0.01}
[2026-09-25 21:44:55.038] [SFX] {"sound": "civ_move_1", "volume": 0.09}
[2026-09-25 21:44:55.121] [SFX] {"sound": "civ_move_1", "volume": 0.08}
[2026-09-25 21:44:55.155] [SFX] {"sound": "civ_move_1", "volume": 0.12}
[2026-09-25 21:44:55.240] [SFX] {"sound": "civ_move_2", "volume": 0.06}
[2026-09-25 21:44:55.453] [SFX] {"sound": "civ_move_1", "volume": 0.08}
[2026-09-25 21:44:55.570] [SFX] {"sound": "civ_move_1", "volume": 0.12}
[2026-09-25 21:44:55.654] [SFX] {"sound": "civ_move_2", "volume": 0.05}
[2026-09-25 21:44:55.853] [SFX] {"sound": "civ_move_1", "volume": 0.07}
[2026-09-25 21:44:55.923] [SFX] {"sound": "civ_move_1", "volume": 0.09}
[2026-09-25 21:44:55.973] [SFX] {"sound": "civ_move_1", "volume": 0.12}
[2026-09-25 21:44:56.059] [SFX] {"sound": "civ_move_2", "volume": 0.05}
[2026-09-25 21:44:56.262] [SFX] {"sound": "civ_move_1", "volume": 0.07}
[2026-09-25 21:44:56.327] [SFX] {"sound": "civ_move_1", "volume": 0.1}
[2026-09-25 21:44:56.459] [SFX] {"sound": "civ_move_2", "volume": 0.04}
[2026-09-25 21:44:56.624] [SFX] {"sound": "civ_move_2", "volume": 0.13}
[2026-09-25 21:44:56.675] [SFX] {"sound": "civ_move_1", "volume": 0.06}
[2026-09-25 21:44:56.741] [SFX] {"sound": "civ_move_1", "volume": 0.1}
[2026-09-25 21:44:56.876] [SFX] {"sound": "civ_move_2", "volume": 0.03}
[2026-09-25 21:44:57.024] [SFX] {"sound": "civ_move_2", "volume": 0.13}
[2026-09-25 21:44:57.090] [SFX] {"sound": "civ_move_1", "volume": 0.05}
[2026-09-25 21:44:57.142] [SFX] {"sound": "civ_move_1", "volume": 0.11}
[2026-09-25 21:44:57.275] [SFX] {"sound": "civ_move_2", "volume": 0.02}
[2026-09-25 21:44:57.426] [SFX] {"sound": "civ_move_2", "volume": 0.12}
[2026-09-25 21:44:57.492] [SFX] {"sound": "civ_move_1", "volume": 0.04}
[2026-09-25 21:44:57.547] [SFX] {"sound": "civ_move_1", "volume": 0.11}
[2026-09-25 21:44:57.682] [SFX] {"sound": "civ_move_2", "volume": 0.01}
[2026-09-25 21:44:57.850] [SFX] {"sound": "civ_move_2", "volume": 0.13}
[2026-09-25 21:44:57.899] [SFX] {"sound": "civ_move_1", "volume": 0.04}
[2026-09-25 21:44:57.950] [SFX] {"sound": "civ_move_1", "volume": 0.11}
[2026-09-25 21:44:58.086] [SFX] {"sound": "civ_move_2", "volume": 0.01}
[2026-09-25 21:44:58.254] [SFX] {"sound": "civ_move_2", "volume": 0.13}
[2026-09-25 21:44:58.310] [SFX] {"sound": "civ_move_1", "volume": 0.03}
[2026-09-25 21:44:58.359] [SFX] {"sound": "civ_move_1", "volume": 0.12}
[2026-09-25 21:44:58.655] [SFX] {"sound": "civ_move_2", "volume": 0.14}
[2026-09-25 21:44:58.725] [SFX] {"sound": "civ_move_1", "volume": 0.02}
[2026-09-25 21:44:58.776] [SFX] {"sound": "civ_move_1", "volume": 0.12}
[2026-09-25 21:44:59.056] [SFX] {"sound": "civ_move_2", "volume": 0.14}
[2026-09-25 21:44:59.140] [SFX] {"sound": "civ_move_1", "volume": 0.01}
[2026-09-25 21:44:59.141] [SFX] {"sound": "civ_move_2", "volume": 0.13}
[2026-09-25 21:44:59.176] [SFX] {"sound": "civ_move_1", "volume": 0.12}
[2026-09-25 21:44:59.343] [SFX] {"sound": "civ_move_1", "volume": 0.01}
[2026-09-25 21:44:59.459] [SFX] {"sound": "civ_move_2", "volume": 0.15}
[2026-09-25 21:44:59.549] [SFX] {"sound": "civ_move_1", "volume": 0.0}
[2026-09-25 21:44:59.550] [SFX] {"sound": "civ_move_2", "volume": 0.13}
[2026-09-25 21:44:59.587] [SFX] {"sound": "civ_move_1", "volume": 0.12}
[2026-09-25 21:44:59.751] [SFX] {"sound": "civ_move_1", "volume": 0.02}
[2026-09-25 21:44:59.867] [SFX] {"sound": "civ_move_2", "volume": 0.15}
[2026-09-25 21:44:59.971] [SFX] {"sound": "civ_move_2", "volume": 0.13}
[2026-09-25 21:45:00.004] [SFX] {"sound": "civ_move_1", "volume": 0.12}
[2026-09-25 21:45:00.158] [SFX] {"sound": "civ_move_1", "volume": 0.03}
[2026-09-25 21:45:00.182] [SFX] {"sound": "civ_move_1", "volume": 0.01}
[2026-09-25 21:45:00.282] [SFX] {"sound": "civ_move_2", "volume": 0.15}
[2026-09-25 21:45:00.383] [SFX] {"sound": "civ_move_2", "volume": 0.12}
[2026-09-25 21:45:00.417] [SFX] {"sound": "civ_move_1", "volume": 0.13}
[2026-09-25 21:45:00.568] [SFX] {"sound": "civ_move_1", "volume": 0.05}
[2026-09-25 21:45:00.591] [SFX] {"sound": "civ_move_1", "volume": 0.02}
[2026-09-25 21:45:00.690] [SFX] {"sound": "civ_move_2", "volume": 0.16}
[2026-09-25 21:45:00.793] [SFX] {"sound": "civ_move_2", "volume": 0.12}
[2026-09-25 21:45:00.978] [SFX] {"sound": "civ_move_1", "volume": 0.06}
[2026-09-25 21:45:01.004] [SFX] {"sound": "civ_move_1", "volume": 0.02}
[2026-09-25 21:45:01.101] [SFX] {"sound": "civ_move_2", "volume": 0.16}
[2026-09-25 21:45:01.203] [SFX] {"sound": "civ_move_2", "volume": 0.12}
[2026-09-25 21:45:01.286] [SFX] {"sound": "civ_move_1", "volume": 0.13}
[2026-09-25 21:45:01.376] [SFX] {"sound": "civ_move_1", "volume": 0.07}
[2026-09-25 21:45:01.411] [SFX] {"sound": "civ_move_1", "volume": 0.03}
[2026-09-25 21:45:01.514] [SFX] {"sound": "civ_move_2", "volume": 0.16}
[2026-09-25 21:45:01.617] [SFX] {"sound": "civ_move_2", "volume": 0.12}
[2026-09-25 21:45:01.684] [SFX] {"sound": "civ_move_1", "volume": 0.13}
[2026-09-25 21:45:01.786] [SFX] {"sound": "civ_move_1", "volume": 0.08}
[2026-09-25 21:45:01.821] [SFX] {"sound": "civ_move_1", "volume": 0.04}
[2026-09-25 21:45:01.925] [SFX] {"sound": "civ_move_2", "volume": 0.15}
[2026-09-25 21:45:02.028] [SFX] {"sound": "civ_move_2", "volume": 0.12}
[2026-09-25 21:45:02.115] [SFX] {"sound": "civ_move_1", "volume": 0.13}
[2026-09-25 21:45:02.201] [SFX] {"sound": "civ_move_1", "volume": 0.1}
[2026-09-25 21:45:02.234] [SFX] {"sound": "civ_move_1", "volume": 0.05}
[2026-09-25 21:45:02.336] [SFX] {"sound": "civ_move_2", "volume": 0.15}
[2026-09-25 21:45:02.439] [SFX] {"sound": "civ_move_2", "volume": 0.11}
[2026-09-25 21:45:02.520] [SFX] {"sound": "civ_move_1", "volume": 0.13}
[2026-09-25 21:45:02.604] [SFX] {"sound": "civ_move_1", "volume": 0.11}
[2026-09-25 21:45:02.638] [SFX] {"sound": "civ_move_1", "volume": 0.06}
[2026-09-25 21:45:02.738] [SFX] {"sound": "civ_move_2", "volume": 0.15}
[2026-09-25 21:45:02.845] [SFX] {"sound": "civ_move_2", "volume": 0.11}
[2026-09-25 21:45:02.929] [SFX] {"sound": "civ_move_1", "volume": 0.14}
[2026-09-25 21:45:03.014] [SFX] {"sound": "civ_move_1", "volume": 0.12}
[2026-09-25 21:45:03.049] [SFX] {"sound": "civ_move_1", "volume": 0.06}
[2026-09-25 21:45:03.150] [SFX] {"sound": "civ_move_2", "volume": 0.14}
[2026-09-25 21:45:03.249] [SFX] {"sound": "civ_move_2", "volume": 0.11}
[2026-09-25 21:45:03.330] [SFX] {"sound": "civ_move_1", "volume": 0.14}
[2026-09-25 21:45:03.414] [SFX] {"sound": "civ_move_1", "volume": 0.13}
[2026-09-25 21:45:03.450] [SFX] {"sound": "civ_move_1", "volume": 0.07}
[2026-09-25 21:45:03.551] [SFX] {"sound": "civ_move_2", "volume": 0.14}
[2026-09-25 21:45:03.650] [SFX] {"sound": "civ_move_2", "volume": 0.1}
[2026-09-25 21:45:03.736] [SFX] {"sound": "civ_move_1", "volume": 0.14}
[2026-09-25 21:45:03.852] [SFX] {"sound": "civ_move_1", "volume": 0.08}
[2026-09-25 21:45:03.954] [SFX] {"sound": "civ_move_2", "volume": 0.13}
[2026-09-25 21:45:04.055] [SFX] {"sound": "civ_move_2", "volume": 0.1}
[2026-09-25 21:45:04.144] [SFX] {"sound": "civ_move_1", "volume": 0.13}
[2026-09-25 21:45:04.230] [SFX] {"sound": "civ_move_1", "volume": 0.16}
[2026-09-25 21:45:04.267] [SFX] {"sound": "civ_move_1", "volume": 0.08}
[2026-09-25 21:45:04.354] [SFX] {"sound": "civ_move_2", "volume": 0.12}
[2026-09-25 21:45:04.470] [SFX] {"sound": "civ_move_2", "volume": 0.09}
[2026-09-25 21:45:04.551] [SFX] {"sound": "civ_move_1", "volume": 0.13}
[2026-09-25 21:45:04.642] [SFX] {"sound": "civ_move_1", "volume": 0.17}
[2026-09-25 21:45:04.674] [SFX] {"sound": "civ_move_1", "volume": 0.09}
[2026-09-25 21:45:04.759] [SFX] {"sound": "civ_move_2", "volume": 0.12}
[2026-09-25 21:45:04.877] [SFX] {"sound": "civ_move_2", "volume": 0.08}
[2026-09-25 21:45:04.963] [SFX] {"sound": "civ_move_1", "volume": 0.12}
[2026-09-25 21:45:05.048] [SFX] {"sound": "civ_move_1", "volume": 0.18}
[2026-09-25 21:45:05.081] [SFX] {"sound": "civ_move_1", "volume": 0.09}
[2026-09-25 21:45:05.165] [SFX] {"sound": "civ_move_2", "volume": 0.11}
[2026-09-25 21:45:05.285] [SFX] {"sound": "civ_move_2", "volume": 0.08}
[2026-09-25 21:45:05.371] [SFX] {"sound": "civ_move_1", "volume": 0.12}
[2026-09-25 21:45:05.458] [SFX] {"sound": "civ_move_1", "volume": 0.19}
[2026-09-25 21:45:05.491] [SFX] {"sound": "civ_move_1", "volume": 0.1}
[2026-09-25 21:45:05.574] [SFX] {"sound": "civ_move_2", "volume": 0.1}
[2026-09-25 21:45:05.692] [SFX] {"sound": "civ_move_2", "volume": 0.07}
[2026-09-25 21:45:05.780] [SFX] {"sound": "civ_move_1", "volume": 0.12}
[2026-09-25 21:45:05.867] [SFX] {"sound": "civ_move_1", "volume": 0.21}
[2026-09-25 21:45:05.907] [SFX] {"sound": "civ_move_1", "volume": 0.1}
[2026-09-25 21:45:05.974] [SFX] {"sound": "civ_move_2", "volume": 0.09}
[2026-09-25 21:45:06.107] [SFX] {"sound": "civ_move_2", "volume": 0.06}
[2026-09-25 21:45:06.190] [SFX] {"sound": "civ_move_1", "volume": 0.12}
[2026-09-25 21:45:06.276] [SFX] {"sound": "civ_move_1", "volume": 0.22}
[2026-09-25 21:45:06.310] [SFX] {"sound": "civ_move_1", "volume": 0.11}
[2026-09-25 21:45:06.386] [SFX] {"sound": "civ_move_2", "volume": 0.09}
[2026-09-25 21:45:06.522] [SFX] {"sound": "civ_move_2", "volume": 0.06}
[2026-09-25 21:45:06.607] [SFX] {"sound": "civ_move_1", "volume": 0.11}
[2026-09-25 21:45:06.690] [SFX] {"sound": "civ_move_1", "volume": 0.23}
[2026-09-25 21:45:06.724] [SFX] {"sound": "civ_move_1", "volume": 0.11}
[2026-09-25 21:45:06.793] [SFX] {"sound": "civ_move_2", "volume": 0.08}
[2026-09-25 21:45:06.925] [SFX] {"sound": "civ_move_2", "volume": 0.05}
[2026-09-25 21:45:07.009] [SFX] {"sound": "civ_move_1", "volume": 0.11}
[2026-09-25 21:45:07.097] [SFX] {"sound": "civ_move_1", "volume": 0.24}
[2026-09-25 21:45:07.131] [SFX] {"sound": "civ_move_1", "volume": 0.12}
[2026-09-25 21:45:07.196] [SFX] {"sound": "civ_move_2", "volume": 0.07}
[2026-09-25 21:45:07.326] [SFX] {"sound": "civ_move_2", "volume": 0.04}
[2026-09-25 21:45:07.424] [SFX] {"sound": "civ_move_1", "volume": 0.1}
[2026-09-25 21:45:07.504] [SFX] {"sound": "civ_move_1", "volume": 0.25}
[2026-09-25 21:45:07.538] [SFX] {"sound": "civ_move_1", "volume": 0.12}
[2026-09-25 21:45:07.604] [SFX] {"sound": "civ_move_2", "volume": 0.06}
[2026-09-25 21:45:07.736] [SFX] {"sound": "civ_move_2", "volume": 0.03}
[2026-09-25 21:45:07.835] [SFX] {"sound": "civ_move_1", "volume": 0.09}
[2026-09-25 21:45:07.903] [SFX] {"sound": "civ_move_1", "volume": 0.26}
[2026-09-25 21:45:07.938] [SFX] {"sound": "civ_move_1", "volume": 0.12}
[2026-09-25 21:45:08.005] [SFX] {"sound": "civ_move_2", "volume": 0.05}
[2026-09-25 21:45:08.137] [SFX] {"sound": "civ_move_2", "volume": 0.03}
[2026-09-25 21:45:08.238] [SFX] {"sound": "civ_move_1", "volume": 0.08}
[2026-09-25 21:45:08.305] [SFX] {"sound": "civ_move_1", "volume": 0.27}
[2026-09-25 21:45:08.339] [SFX] {"sound": "civ_move_1", "volume": 0.12}
[2026-09-25 21:45:08.340] [SFX] {"sound": "civ_move_1", "volume": 0.0}
[2026-09-25 21:45:08.407] [SFX] {"sound": "civ_move_2", "volume": 0.04}
[2026-09-25 21:45:08.540] [SFX] {"sound": "civ_move_2", "volume": 0.02}
[2026-09-25 21:45:08.639] [SFX] {"sound": "civ_move_1", "volume": 0.08}
[2026-09-25 21:45:08.708] [SFX] {"sound": "civ_move_1", "volume": 0.28}
[2026-09-25 21:45:08.742] [SFX] {"sound": "civ_move_1", "volume": 0.12}
[2026-09-25 21:45:08.743] [SFX] {"sound": "civ_move_1", "volume": 0.01}
[2026-09-25 21:45:08.810] [SFX] {"sound": "civ_move_2", "volume": 0.04}
[2026-09-25 21:45:08.940] [SFX] {"sound": "civ_move_2", "volume": 0.01}
[2026-09-25 21:45:08.975] [C] {"civ_pos": [85, 32]}
[2026-09-25 21:45:09.004] [JACK] Da drüben bewegt sich eine Civ-Subroutine! Was führt die im Schilde?
[2026-09-25 21:45:09.047] [SFX] {"sound": "civ_move_1", "volume": 0.07}
[2026-09-25 21:45:09.116] [SFX] {"sound": "civ_move_1", "volume": 0.28}
[2026-09-25 21:45:09.151] [SFX] {"sound": "civ_move_1", "volume": 0.13}
[2026-09-25 21:45:09.152] [SFX] {"sound": "civ_move_1", "volume": 0.02}
[2026-09-25 21:45:09.220] [SFX] {"sound": "civ_move_2", "volume": 0.03}
[2026-09-25 21:45:09.352] [SFX] {"sound": "civ_move_2", "volume": 0.0}
[2026-09-25 21:45:09.459] [SFX] {"sound": "civ_move_1", "volume": 0.06}
[2026-09-25 21:45:09.516] [SFX] {"sound": "civ_move_1", "volume": 0.28}
[2026-09-25 21:45:09.565] [SFX] {"sound": "civ_move_1", "volume": 0.03}
[2026-09-25 21:45:09.632] [SFX] {"sound": "civ_move_2", "volume": 0.02}
[2026-09-25 21:45:09.865] [SFX] {"sound": "civ_move_1", "volume": 0.05}
[2026-09-25 21:45:09.917] [SFX] {"sound": "civ_move_1", "volume": 0.27}
[2026-09-25 21:45:09.943] [SFX] {"sound": "civ_move_2", "volume": 0.13}
[2026-09-25 21:45:09.972] [SFX] {"sound": "civ_move_1", "volume": 0.04}
[2026-09-25 21:45:10.038] [SFX] {"sound": "civ_move_2", "volume": 0.01}
[2026-09-25 21:45:10.267] [SFX] {"sound": "civ_move_1", "volume": 0.04}
[2026-09-25 21:45:10.326] [SFX] {"sound": "civ_move_1", "volume": 0.26}
[2026-09-25 21:45:10.351] [SFX] {"sound": "civ_move_2", "volume": 0.13}
[2026-09-25 21:45:10.381] [SFX] {"sound": "civ_move_1", "volume": 0.05}
[2026-09-25 21:45:10.670] [SFX] {"sound": "civ_move_1", "volume": 0.03}
[2026-09-25 21:45:10.737] [SFX] {"sound": "civ_move_1", "volume": 0.25}
[2026-09-25 21:45:10.762] [SFX] {"sound": "civ_move_2", "volume": 0.13}
[2026-09-25 21:45:10.790] [SFX] {"sound": "civ_move_1", "volume": 0.05}
[2026-09-25 21:45:10.936] [SFX] {"sound": "civ_move_1", "volume": 0.1}
[2026-09-25 21:45:11.084] [SFX] {"sound": "civ_move_1", "volume": 0.02}
[2026-09-25 21:45:11.138] [SFX] {"sound": "civ_move_1", "volume": 0.23}
[2026-09-25 21:45:11.174] [SFX] {"sound": "civ_move_2", "volume": 0.12}
[2026-09-25 21:45:11.208] [SFX] {"sound": "civ_move_1", "volume": 0.06}
[2026-09-25 21:45:11.343] [SFX] {"sound": "civ_move_1", "volume": 0.1}
[2026-09-25 21:45:11.496] [SFX] {"sound": "civ_move_1", "volume": 0.01}
[2026-09-25 21:45:11.548] [SFX] {"sound": "civ_move_1", "volume": 0.22}
[2026-09-25 21:45:11.580] [SFX] {"sound": "civ_move_2", "volume": 0.12}
[2026-09-25 21:45:11.613] [SFX] {"sound": "civ_move_1", "volume": 0.07}
[2026-09-25 21:45:11.748] [SFX] {"sound": "civ_move_1", "volume": 0.11}
[2026-09-25 21:45:11.899] [SFX] {"sound": "civ_move_1", "volume": 0.0}
[2026-09-25 21:45:11.954] [SFX] {"sound": "civ_move_1", "volume": 0.21}
[2026-09-25 21:45:11.988] [SFX] {"sound": "civ_move_2", "volume": 0.12}
[2026-09-25 21:45:12.021] [SFX] {"sound": "civ_move_1", "volume": 0.08}
[2026-09-25 21:45:12.169] [SFX] {"sound": "civ_move_1", "volume": 0.11}
[2026-09-25 21:45:12.367] [SFX] {"sound": "civ_move_1", "volume": 0.2}
[2026-09-25 21:45:12.402] [SFX] {"sound": "civ_move_2", "volume": 0.12}
[2026-09-25 21:45:12.443] [SFX] {"sound": "civ_move_1", "volume": 0.09}
[2026-09-25 21:45:12.573] [SFX] {"sound": "civ_move_1", "volume": 0.1}
[2026-09-25 21:45:12.771] [SFX] {"sound": "civ_move_1", "volume": 0.19}
[2026-09-25 21:45:12.805] [SFX] {"sound": "civ_move_2", "volume": 0.12}
[2026-09-25 21:45:12.859] [SFX] {"sound": "civ_move_1", "volume": 0.1}
[2026-09-25 21:45:13.173] [SFX] {"sound": "civ_move_1", "volume": 0.17}
[2026-09-25 21:45:13.210] [SFX] {"sound": "civ_move_2", "volume": 0.11}
[2026-09-25 21:45:13.264] [SFX] {"sound": "civ_move_1", "volume": 0.1}
[2026-09-25 21:45:13.381] [SFX] {"sound": "civ_move_1", "volume": 0.09}
[2026-09-25 21:45:13.580] [SFX] {"sound": "civ_move_1", "volume": 0.16}
[2026-09-25 21:45:13.614] [SFX] {"sound": "civ_move_2", "volume": 0.11}
[2026-09-25 21:45:13.665] [SFX] {"sound": "civ_move_1", "volume": 0.11}
[2026-09-25 21:45:13.781] [SFX] {"sound": "civ_move_1", "volume": 0.09}
[2026-09-25 21:45:13.979] [SFX] {"sound": "civ_move_1", "volume": 0.15}
[2026-09-25 21:45:14.030] [SFX] {"sound": "civ_move_2", "volume": 0.11}
[2026-09-25 21:45:14.080] [SFX] {"sound": "civ_move_1", "volume": 0.12}
[2026-09-25 21:45:14.182] [SFX] {"sound": "civ_move_1", "volume": 0.1}
[2026-09-25 21:45:14.382] [SFX] {"sound": "civ_move_1", "volume": 0.14}
[2026-09-25 21:45:14.436] [SFX] {"sound": "civ_move_2", "volume": 0.1}
[2026-09-25 21:45:14.486] [SFX] {"sound": "civ_move_1", "volume": 0.13}
[2026-09-25 21:45:14.586] [SFX] {"sound": "civ_move_1", "volume": 0.11}
[2026-09-25 21:45:14.788] [SFX] {"sound": "civ_move_1", "volume": 0.12}
[2026-09-25 21:45:14.838] [SFX] {"sound": "civ_move_2", "volume": 0.1}
[2026-09-25 21:45:14.889] [SFX] {"sound": "civ_move_1", "volume": 0.13}
[2026-09-25 21:45:14.988] [SFX] {"sound": "civ_move_1", "volume": 0.1}
[2026-09-25 21:45:15.187] [SFX] {"sound": "civ_move_1", "volume": 0.11}
[2026-09-25 21:45:15.239] [SFX] {"sound": "civ_move_2", "volume": 0.09}
[2026-09-25 21:45:15.297] [SFX] {"sound": "civ_move_1", "volume": 0.14}
[2026-09-25 21:45:15.396] [SFX] {"sound": "civ_move_1", "volume": 0.1}
[2026-09-25 21:45:15.651] [SFX] {"sound": "civ_move_2", "volume": 0.08}
[2026-09-25 21:45:15.704] [SFX] {"sound": "civ_move_1", "volume": 0.14}
[2026-09-25 21:45:15.805] [SFX] {"sound": "civ_move_1", "volume": 0.11}
[2026-09-25 21:45:16.006] [SFX] {"sound": "civ_move_1", "volume": 0.09}
[2026-09-25 21:45:16.055] [SFX] {"sound": "civ_move_2", "volume": 0.08}
[2026-09-25 21:45:16.105] [SFX] {"sound": "civ_move_1", "volume": 0.15}
[2026-09-25 21:45:16.205] [SFX] {"sound": "civ_move_1", "volume": 0.1}
[2026-09-25 21:45:16.419] [SFX] {"sound": "civ_move_1", "volume": 0.08}
[2026-09-25 21:45:16.460] [SFX] {"sound": "civ_move_2", "volume": 0.07}
[2026-09-25 21:45:16.514] [SFX] {"sound": "civ_move_1", "volume": 0.15}
[2026-09-25 21:45:16.611] [SFX] {"sound": "civ_move_1", "volume": 0.09}
[2026-09-25 21:45:16.825] [SFX] {"sound": "civ_move_1", "volume": 0.06}
[2026-09-25 21:45:16.876] [SFX] {"sound": "civ_move_2", "volume": 0.06}
[2026-09-25 21:45:16.927] [SFX] {"sound": "civ_move_1", "volume": 0.15}
[2026-09-25 21:45:17.012] [SFX] {"sound": "civ_move_1", "volume": 0.08}
[2026-09-25 21:45:17.225] [SFX] {"sound": "civ_move_1", "volume": 0.05}
[2026-09-25 21:45:17.291] [SFX] {"sound": "civ_move_2", "volume": 0.06}
[2026-09-25 21:45:17.341] [SFX] {"sound": "civ_move_1", "volume": 0.16}
[2026-09-25 21:45:17.426] [SFX] {"sound": "civ_move_1", "volume": 0.07}
[2026-09-25 21:45:17.640] [SFX] {"sound": "civ_move_1", "volume": 0.04}
[2026-09-25 21:45:17.706] [SFX] {"sound": "civ_move_2", "volume": 0.05}
[2026-09-25 21:45:17.755] [SFX] {"sound": "civ_move_1", "volume": 0.16}
[2026-09-25 21:45:17.836] [SFX] {"sound": "civ_move_1", "volume": 0.07}
[2026-09-25 21:45:18.053] [SFX] {"sound": "civ_move_1", "volume": 0.03}
[2026-09-25 21:45:18.120] [SFX] {"sound": "civ_move_2", "volume": 0.04}
[2026-09-25 21:45:18.156] [SFX] {"sound": "civ_move_1", "volume": 0.16}
[2026-09-25 21:45:18.205] [SFX] {"sound": "civ_move_1", "volume": 0.13}
[2026-09-25 21:45:18.239] [SFX] {"sound": "civ_move_1", "volume": 0.06}
[2026-09-25 21:45:18.388] [SFX] {"sound": "civ_move_1", "volume": 0.07}
[2026-09-25 21:45:18.459] [SFX] {"sound": "civ_move_1", "volume": 0.02}
[2026-09-25 21:45:18.526] [SFX] {"sound": "civ_move_2", "volume": 0.03}
[2026-09-25 21:45:18.560] [SFX] {"sound": "civ_move_1", "volume": 0.15}
[2026-09-25 21:45:18.610] [SFX] {"sound": "civ_move_1", "volume": 0.13}
[2026-09-25 21:45:18.645] [SFX] {"sound": "civ_move_1", "volume": 0.05}
[2026-09-25 21:45:18.793] [SFX] {"sound": "civ_move_1", "volume": 0.07}
[2026-09-25 21:45:18.858] [SFX] {"sound": "civ_move_1", "volume": 0.0}
[2026-09-25 21:45:18.941] [SFX] {"sound": "civ_move_2", "volume": 0.03}
[2026-09-25 21:45:18.974] [SFX] {"sound": "civ_move_1", "volume": 0.15}
[2026-09-25 21:45:19.039] [SFX] {"sound": "civ_move_1", "volume": 0.13}
[2026-09-25 21:45:19.061] [SFX] {"sound": "civ_move_1", "volume": 0.04}
[2026-09-25 21:45:19.219] [SFX] {"sound": "civ_move_1", "volume": 0.07}
[2026-09-25 21:45:19.351] [SFX] {"sound": "civ_move_2", "volume": 0.02}
[2026-09-25 21:45:19.384] [SFX] {"sound": "civ_move_1", "volume": 0.15}
[2026-09-25 21:45:19.451] [SFX] {"sound": "civ_move_1", "volume": 0.13}
[2026-09-25 21:45:19.474] [SFX] {"sound": "civ_move_1", "volume": 0.03}
[2026-09-25 21:45:19.634] [SFX] {"sound": "civ_move_1", "volume": 0.08}
[2026-09-25 21:45:19.765] [SFX] {"sound": "civ_move_2", "volume": 0.01}
[2026-09-25 21:45:19.798] [SFX] {"sound": "civ_move_1", "volume": 0.14}
[2026-09-25 21:45:19.880] [SFX] {"sound": "civ_move_1", "volume": 0.02}
[2026-09-25 21:45:19.992] [M] {"button": 4, "pos": [303, 241], "ui_clicked": false}
[2026-09-25 21:45:20.044] [SFX] {"sound": "civ_move_1", "volume": 0.09}
[2026-09-25 21:45:20.075] [M] {"button": 4, "pos": [303, 241], "ui_clicked": false}
[2026-09-25 21:45:20.177] [SFX] {"sound": "civ_move_2", "volume": 0.0}
[2026-09-25 21:45:20.210] [SFX] {"sound": "civ_move_1", "volume": 0.14}
[2026-09-25 21:45:20.292] [SFX] {"sound": "civ_move_1", "volume": 0.01}
[2026-09-25 21:45:20.458] [SFX] {"sound": "civ_move_1", "volume": 0.09}
[2026-09-25 21:45:20.623] [SFX] {"sound": "civ_move_1", "volume": 0.13}
[2026-09-25 21:45:20.690] [SFX] {"sound": "civ_move_1", "volume": 0.14}
[2026-09-25 21:45:20.714] [SFX] {"sound": "civ_move_1", "volume": 0.0}
[2026-09-25 21:45:20.862] [SFX] {"sound": "civ_move_1", "volume": 0.1}
[2026-09-25 21:45:21.029] [SFX] {"sound": "civ_move_1", "volume": 0.12}
[2026-09-25 21:45:21.097] [SFX] {"sound": "civ_move_1", "volume": 0.13}
[2026-09-25 21:45:21.263] [SFX] {"sound": "civ_move_1", "volume": 0.1}
[2026-09-25 21:45:21.330] [SFX] {"sound": "civ_move_2", "volume": 0.0}
[2026-09-25 21:45:21.497] [SFX] {"sound": "civ_move_1", "volume": 0.13}
[2026-09-25 21:45:21.678] [SFX] {"sound": "civ_move_1", "volume": 0.11}
[2026-09-25 21:45:21.746] [SFX] {"sound": "civ_move_2", "volume": 0.01}
[2026-09-25 21:45:21.780] [SFX] {"sound": "civ_move_1", "volume": 0.13}
[2026-09-25 21:45:21.897] [SFX] {"sound": "civ_move_1", "volume": 0.12}
[2026-09-25 21:45:22.081] [SFX] {"sound": "civ_move_1", "volume": 0.11}
[2026-09-25 21:45:22.147] [SFX] {"sound": "civ_move_2", "volume": 0.02}
[2026-09-25 21:45:22.184] [SFX] {"sound": "civ_move_1", "volume": 0.13}
[2026-09-25 21:45:22.300] [SFX] {"sound": "civ_move_1", "volume": 0.12}
[2026-09-25 21:45:22.482] [SFX] {"sound": "civ_move_1", "volume": 0.11}
[2026-09-25 21:45:22.548] [SFX] {"sound": "civ_move_2", "volume": 0.03}
[2026-09-25 21:45:22.598] [SFX] {"sound": "civ_move_1", "volume": 0.13}
[2026-09-25 21:45:22.715] [SFX] {"sound": "civ_move_1", "volume": 0.12}
[2026-09-25 21:45:22.963] [SFX] {"sound": "civ_move_2", "volume": 0.04}
[2026-09-25 21:45:23.014] [SFX] {"sound": "civ_move_1", "volume": 0.13}
[2026-09-25 21:45:23.130] [SFX] {"sound": "civ_move_1", "volume": 0.12}
[2026-09-25 21:45:23.364] [SFX] {"sound": "civ_move_2", "volume": 0.04}
[2026-09-25 21:45:23.415] [SFX] {"sound": "civ_move_1", "volume": 0.12}
[2026-09-25 21:45:23.481] [SFX] {"sound": "civ_move_1", "volume": 0.13}
[2026-09-25 21:45:23.533] [SFX] {"sound": "civ_move_1", "volume": 0.12}
[2026-09-25 21:45:23.764] [SFX] {"sound": "civ_move_2", "volume": 0.05}
[2026-09-25 21:45:23.816] [SFX] {"sound": "civ_move_1", "volume": 0.12}
[2026-09-25 21:45:23.900] [SFX] {"sound": "civ_move_1", "volume": 0.13}
[2026-09-25 21:45:23.934] [SFX] {"sound": "civ_move_1", "volume": 0.11}
[2026-09-25 21:45:24.117] [SFX] {"sound": "civ_move_1", "volume": 0.12}
[2026-09-25 21:45:24.167] [SFX] {"sound": "civ_move_2", "volume": 0.06}
[2026-09-25 21:45:24.216] [SFX] {"sound": "civ_move_1", "volume": 0.12}
[2026-09-25 21:45:24.335] [SFX] {"sound": "civ_move_1", "volume": 0.1}
[2026-09-25 21:45:24.518] [SFX] {"sound": "civ_move_1", "volume": 0.12}
[2026-09-25 21:45:24.569] [SFX] {"sound": "civ_move_2", "volume": 0.07}
[2026-09-25 21:45:24.618] [SFX] {"sound": "civ_move_1", "volume": 0.12}
[2026-09-25 21:45:24.737] [SFX] {"sound": "civ_move_1", "volume": 0.09}
[2026-09-25 21:45:24.975] [SFX] {"sound": "civ_move_2", "volume": 0.07}
[2026-09-25 21:45:25.029] [SFX] {"sound": "civ_move_1", "volume": 0.11}
[2026-09-25 21:45:25.114] [SFX] {"sound": "civ_move_1", "volume": 0.12}
[2026-09-25 21:45:25.148] [SFX] {"sound": "civ_move_1", "volume": 0.09}
[2026-09-25 21:45:25.380] [SFX] {"sound": "civ_move_2", "volume": 0.08}
[2026-09-25 21:45:25.429] [SFX] {"sound": "civ_move_1", "volume": 0.11}
[2026-09-25 21:45:25.529] [SFX] {"sound": "civ_move_1", "volume": 0.12}
[2026-09-25 21:45:25.563] [SFX] {"sound": "civ_move_1", "volume": 0.08}
[2026-09-25 21:45:25.630] [M] {"button": 1, "pos": [132, 147], "ui_clicked": false}
[2026-09-25 21:45:25.779] [SFX] {"sound": "civ_move_2", "volume": 0.09}
[2026-09-25 21:45:25.830] [SFX] {"sound": "civ_move_1", "volume": 0.11}
[2026-09-25 21:45:25.930] [SFX] {"sound": "civ_move_1", "volume": 0.12}
[2026-09-25 21:45:25.964] [SFX] {"sound": "civ_move_1", "volume": 0.07}
[2026-09-25 21:45:26.129] [SFX] {"sound": "civ_move_1", "volume": 0.0}
[2026-09-25 21:45:26.180] [SFX] {"sound": "civ_move_2", "volume": 0.09}
[2026-09-25 21:45:26.244] [SFX] {"sound": "civ_move_1", "volume": 0.1}
[2026-09-25 21:45:26.345] [SFX] {"sound": "civ_move_1", "volume": 0.11}
[2026-09-25 21:45:26.380] [M] {"button": 1, "pos": [151, 150], "ui_clicked": false}
[2026-09-25 21:45:26.387] [SFX] {"sound": "civ_move_1", "volume": 0.06}
[2026-09-25 21:45:26.388] [P] {"start": [85, 34], "goal": [55, 48], "length": 3, "is_direction_change": false}
[2026-09-25 21:45:26.389] [SFX] {"sound": "click_target", "volume": 0.15}
[2026-09-25 21:45:26.427] [JACK] Kurzer Blick um die Ecke...
[2026-09-25 21:45:26.445] [SFX] {"sound": "player_move", "volume": 0.4}
[2026-09-25 21:45:26.590] [SFX] {"sound": "civ_move_2", "volume": 0.08}
[2026-09-25 21:45:26.655] [SFX] {"sound": "civ_move_1", "volume": 0.08}
[2026-09-25 21:45:26.739] [SFX] {"sound": "player_move", "volume": 0.4}
[2026-09-25 21:45:26.764] [SFX] {"sound": "civ_move_1", "volume": 0.08}
[2026-09-25 21:45:26.797] [SFX] {"sound": "civ_move_1", "volume": 0.09}
[2026-09-25 21:45:26.998] [SFX] {"sound": "civ_move_2", "volume": 0.06}
[2026-09-25 21:45:27.048] [SFX] {"sound": "player_move", "volume": 0.4}
[2026-09-25 21:45:27.069] [SFX] {"sound": "civ_move_1", "volume": 0.03}
[2026-09-25 21:45:27.164] [SFX] {"sound": "civ_move_1", "volume": 0.05}
[2026-09-25 21:45:27.197] [SFX] {"sound": "civ_move_1", "volume": 0.12}
[2026-09-25 21:45:27.364] [SFX] {"sound": "player_move", "volume": 0.4}
[2026-09-25 21:45:27.400] [SFX] {"sound": "civ_move_2", "volume": 0.07}
[2026-09-25 21:45:27.466] [SFX] {"sound": "civ_move_1", "volume": 0.04}
[2026-09-25 21:45:27.567] [SFX] {"sound": "civ_move_1", "volume": 0.06}
[2026-09-25 21:45:27.568] [SFX] {"sound": "civ_move_1", "volume": 0.22}
[2026-09-25 21:45:27.602] [SFX] {"sound": "civ_move_1", "volume": 0.14}
[2026-09-25 21:45:27.626] [SFX] {"sound": "civ_move_1", "volume": 0.02}
[2026-09-25 21:45:27.671] [SFX] {"sound": "player_move", "volume": 0.4}
[2026-09-25 21:45:27.719] [C] {"civ_pos": [71, 46]}
[2026-09-25 21:45:27.775] [M] {"button": 4, "pos": [152, 151], "ui_clicked": false}
[2026-09-25 21:45:27.809] [SFX] {"sound": "civ_move_2", "volume": 0.1}
[2026-09-25 21:45:27.843] [M] {"button": 4, "pos": [152, 151], "ui_clicked": false}
[2026-09-25 21:45:27.877] [SFX] {"sound": "civ_move_1", "volume": 0.04}
[2026-09-25 21:45:27.974] [SFX] {"sound": "player_move", "volume": 0.4}
[2026-09-25 21:45:27.975] [SFX] {"sound": "civ_move_1", "volume": 0.05}
[2026-09-25 21:45:27.975] [SFX] {"sound": "civ_move_1", "volume": 0.27}
[2026-09-25 21:45:28.007] [SFX] {"sound": "civ_move_1", "volume": 0.19}
[2026-09-25 21:45:28.030] [SFX] {"sound": "civ_move_1", "volume": 0.06}
[2026-09-25 21:45:28.222] [SFX] {"sound": "civ_move_2", "volume": 0.07}
[2026-09-25 21:45:28.276] [SFX] {"sound": "player_move", "volume": 0.4}
[2026-09-25 21:45:28.374] [SFX] {"sound": "civ_move_1", "volume": 0.21}
[2026-09-25 21:45:28.410] [SFX] {"sound": "civ_move_1", "volume": 0.24}
[2026-09-25 21:45:28.432] [SFX] {"sound": "civ_move_1", "volume": 0.13}
[2026-09-25 21:45:28.582] [SFX] {"sound": "player_move", "volume": 0.4}
[2026-09-25 21:45:28.632] [SFX] {"sound": "civ_move_2", "volume": 0.03}
[2026-09-25 21:45:28.797] [SFX] {"sound": "civ_move_1", "volume": 0.14}
[2026-09-25 21:45:28.819] [SFX] {"sound": "civ_move_1", "volume": 0.25}
[2026-09-25 21:45:28.838] [SFX] {"sound": "civ_move_1", "volume": 0.17}
[2026-09-25 21:45:29.035] [SFX] {"sound": "civ_move_2", "volume": 0.04}
[2026-09-25 21:45:29.058] [SFX] {"sound": "civ_move_2", "volume": 0.05}
[2026-09-25 21:45:29.204] [SFX] {"sound": "civ_move_1", "volume": 0.14}
[2026-09-25 21:45:29.225] [SFX] {"sound": "civ_move_1", "volume": 0.24}
[2026-09-25 21:45:29.243] [SFX] {"sound": "civ_move_1", "volume": 0.19}
[2026-09-25 21:45:29.439] [SFX] {"sound": "civ_move_2", "volume": 0.05}
[2026-09-25 21:45:29.609] [SFX] {"sound": "civ_move_1", "volume": 0.13}
[2026-09-25 21:45:29.631] [SFX] {"sound": "civ_move_1", "volume": 0.23}
[2026-09-25 21:45:29.650] [SFX] {"sound": "civ_move_1", "volume": 0.2}
[2026-09-25 21:45:29.847] [SFX] {"sound": "civ_move_2", "volume": 0.06}
[2026-09-25 21:45:29.884] [M] {"button": 1, "pos": [102, 192], "ui_clicked": false}
[2026-09-25 21:45:29.892] [JACK] JACK // OBSESSED WITH QUANTUM KEYS. LEAVES RETINAL SHADOWS IN EVERY NODE HE TOUCHES.
[2026-09-25 21:45:29.893] [SFX] {"sound": "click_target", "volume": 0.61}
[2026-09-25 21:45:30.021] [SFX] {"sound": "civ_move_1", "volume": 0.1}
[2026-09-25 21:45:30.045] [SFX] {"sound": "civ_move_1", "volume": 0.24}
[2026-09-25 21:45:30.177] [SFX] {"sound": "player_move", "volume": 0.4}
[2026-09-25 21:45:30.254] [SFX] {"sound": "civ_move_2", "volume": 0.02}
[2026-09-25 21:45:30.304] [C] {"civ_pos": [44, 48]}
[2026-09-25 21:45:30.426] [SFX] {"sound": "civ_move_1", "volume": 0.04}
[2026-09-25 21:45:30.447] [SFX] {"sound": "civ_move_1", "volume": 0.29}
[2026-09-25 21:45:30.491] [SFX] {"sound": "player_move", "volume": 0.4}
[2026-09-25 21:45:30.705] [SFX] {"sound": "civ_move_2", "volume": 0.01}
[2026-09-25 21:45:30.838] [SFX] {"sound": "civ_move_1", "volume": 0.03}
[2026-09-25 21:45:30.888] [SFX] {"sound": "civ_move_1", "volume": 0.28}
[2026-09-25 21:45:31.019] [SFX] {"sound": "threat_pulse", "volume": 0.31}
[2026-09-25 21:45:31.064] [SFX] {"sound": "civ_move_2", "volume": 0.01}
[2026-09-25 21:45:31.246] [SFX] {"sound": "civ_move_1", "volume": 0.02}
[2026-09-25 21:45:31.299] [SFX] {"sound": "civ_move_1", "volume": 0.27}
[2026-09-25 21:45:31.397] [SFX] {"sound": "civ_move_2", "volume": 0.09}
[2026-09-25 21:45:31.466] [SFX] {"sound": "civ_move_2", "volume": 0.01}
[2026-09-25 21:45:31.517] [SFX] {"sound": "civ_move_2", "volume": 0.02}
[2026-09-25 21:45:31.652] [SFX] {"sound": "civ_move_1", "volume": 0.01}
[2026-09-25 21:45:31.702] [SFX] {"sound": "civ_move_1", "volume": 0.25}
[2026-09-25 21:45:31.802] [SFX] {"sound": "civ_move_2", "volume": 0.09}
[2026-09-25 21:45:31.867] [SFX] {"sound": "civ_move_2", "volume": 0.01}
[2026-09-25 21:45:31.917] [SFX] {"sound": "civ_move_2", "volume": 0.03}
[2026-09-25 21:45:32.064] [SFX] {"sound": "civ_move_1", "volume": 0.01}
[2026-09-25 21:45:32.117] [SFX] {"sound": "civ_move_1", "volume": 0.24}
[2026-09-25 21:45:32.201] [SFX] {"sound": "civ_move_2", "volume": 0.09}
[2026-09-25 21:45:32.270] [SFX] {"sound": "civ_move_2", "volume": 0.02}
[2026-09-25 21:45:32.320] [SFX] {"sound": "civ_move_2", "volume": 0.04}
[2026-09-25 21:45:32.386] [SFX] {"sound": "civ_move_1", "volume": 0.23}
[2026-09-25 21:45:32.470] [SFX] {"sound": "civ_move_1", "volume": 0.0}
[2026-09-25 21:45:32.519] [SFX] {"sound": "civ_move_1", "volume": 0.23}
[2026-09-25 21:45:32.618] [SFX] {"sound": "civ_move_2", "volume": 0.08}
[2026-09-25 21:45:32.683] [SFX] {"sound": "civ_move_2", "volume": 0.03}
[2026-09-25 21:45:32.734] [SFX] {"sound": "civ_move_2", "volume": 0.05}
[2026-09-25 21:45:32.800] [SFX] {"sound": "civ_move_1", "volume": 0.23}
[2026-09-25 21:45:32.822] [C] {"civ_pos": [42, 48]}
[2026-09-25 21:45:32.925] [SFX] {"sound": "civ_move_1", "volume": 0.22}
[2026-09-25 21:45:33.023] [SFX] {"sound": "civ_move_2", "volume": 0.08}
[2026-09-25 21:45:33.088] [SFX] {"sound": "civ_move_2", "volume": 0.04}
[2026-09-25 21:45:33.139] [SFX] {"sound": "civ_move_2", "volume": 0.06}
[2026-09-25 21:45:33.220] [SFX] {"sound": "civ_move_1", "volume": 0.3}
[2026-09-25 21:45:33.334] [SFX] {"sound": "civ_move_1", "volume": 0.2}
[2026-09-25 21:45:33.434] [SFX] {"sound": "civ_move_2", "volume": 0.08}
[2026-09-25 21:45:33.501] [SFX] {"sound": "civ_move_2", "volume": 0.05}
[2026-09-25 21:45:33.551] [SFX] {"sound": "civ_move_2", "volume": 0.07}
[2026-09-25 21:45:33.635] [SFX] {"sound": "civ_move_1", "volume": 0.29}
[2026-09-25 21:45:33.749] [SFX] {"sound": "civ_move_1", "volume": 0.19}
[2026-09-25 21:45:33.849] [SFX] {"sound": "civ_move_2", "volume": 0.08}
[2026-09-25 21:45:33.901] [SFX] {"sound": "civ_move_2", "volume": 0.06}
[2026-09-25 21:45:33.953] [SFX] {"sound": "civ_move_2", "volume": 0.07}
[2026-09-25 21:45:34.037] [SFX] {"sound": "civ_move_1", "volume": 0.28}
[2026-09-25 21:45:34.152] [SFX] {"sound": "civ_move_1", "volume": 0.18}
[2026-09-25 21:45:34.183] [M] {"button": 1, "pos": [343, 197], "ui_clicked": false}
[2026-09-25 21:45:34.190] [JACK] JACK // UNSTABLE EMOTION METRICS. SNAPS WHEN PRESSED UNDER INFILTRATION LOCK.
[2026-09-25 21:45:34.191] [SFX] {"sound": "click_target", "volume": 0.72}
[2026-09-25 21:45:34.251] [SFX] {"sound": "civ_move_2", "volume": 0.08}
[2026-09-25 21:45:34.451] [SFX] {"sound": "player_move", "volume": 0.4}
[2026-09-25 21:45:34.452] [SFX] {"sound": "civ_move_1", "volume": 0.29}
[2026-09-25 21:45:34.566] [SFX] {"sound": "civ_move_1", "volume": 0.2}
[2026-09-25 21:45:34.654] [SFX] {"sound": "civ_move_2", "volume": 0.09}
[2026-09-25 21:45:34.689] [SFX] {"sound": "civ_move_1", "volume": 0.02}
[2026-09-25 21:45:34.712] [SFX] {"sound": "civ_move_2", "volume": 0.12}
[2026-09-25 21:45:34.761] [SFX] {"sound": "player_move", "volume": 0.4}
[2026-09-25 21:45:34.861] [SFX] {"sound": "civ_move_1", "volume": 0.29}
[2026-09-25 21:45:34.912] [SFX] {"sound": "threat_pulse", "volume": 0.31}
[2026-09-25 21:45:34.979] [SFX] {"sound": "civ_move_1", "volume": 0.2}
[2026-09-25 21:45:35.012] [SFX] {"sound": "civ_move_2", "volume": 0.2}
[2026-09-25 21:45:35.064] [SFX] {"sound": "player_move", "volume": 0.4}
[2026-09-25 21:45:35.065] [SFX] {"sound": "civ_move_2", "volume": 0.09}
[2026-09-25 21:45:35.099] [SFX] {"sound": "civ_move_1", "volume": 0.04}
[2026-09-25 21:45:35.267] [SFX] {"sound": "civ_move_1", "volume": 0.29}
[2026-09-25 21:45:35.290] [SFX] {"sound": "civ_move_1", "volume": 0.0}
[2026-09-25 21:45:35.319] [C] {"civ_pos": [51, 48]}
[2026-09-25 21:45:35.377] [SFX] {"sound": "player_move", "volume": 0.4}
[2026-09-25 21:45:35.402] [SFX] {"sound": "civ_move_1", "volume": 0.2}
[2026-09-25 21:45:35.421] [SFX] {"sound": "civ_move_2", "volume": 0.19}
[2026-09-25 21:45:35.469] [SFX] {"sound": "civ_move_2", "volume": 0.09}
[2026-09-25 21:45:35.502] [SFX] {"sound": "civ_move_1", "volume": 0.05}
[2026-09-25 21:45:35.536] [M] {"button": 1, "pos": [387, 207], "ui_clicked": true}
[2026-09-25 21:45:35.645] [SFX] {"sound": "infiltrate 1", "volume": 0.5}
[2026-09-25 21:45:35.679] [SFX] {"sound": "player_move", "volume": 0.4}
[2026-09-25 21:45:35.680] [SFX] {"sound": "civ_move_1", "volume": 0.29}
[2026-09-25 21:45:35.702] [SFX] {"sound": "civ_move_1", "volume": 0.03}
[2026-09-25 21:45:35.797] [SFX] {"sound": "civ_move_1", "volume": 0.2}
[2026-09-25 21:45:35.820] [SFX] {"sound": "threat_pulse", "volume": 0.32}
[2026-09-25 21:45:35.838] [SFX] {"sound": "civ_move_2", "volume": 0.22}
[2026-09-25 21:45:35.916] [SFX] {"sound": "civ_move_1", "volume": 0.07}
[2026-09-25 21:45:35.982] [SFX] {"sound": "player_move", "volume": 0.4}
[2026-09-25 21:45:36.051] [SFX] {"sound": "infiltrate 1", "volume": 0.5}
[2026-09-25 21:45:36.083] [SFX] {"sound": "civ_move_1", "volume": 0.29}
[2026-09-25 21:45:36.106] [SFX] {"sound": "civ_move_1", "volume": 0.05}
[2026-09-25 21:45:36.204] [SFX] {"sound": "civ_move_1", "volume": 0.2}
[2026-09-25 21:45:36.237] [SFX] {"sound": "civ_move_2", "volume": 0.22}
[2026-09-25 21:45:36.289] [SFX] {"sound": "player_move", "volume": 0.4}
[2026-09-25 21:45:36.323] [SFX] {"sound": "civ_move_1", "volume": 0.09}
[2026-09-25 21:45:36.454] [SFX] {"sound": "infiltrate 1", "volume": 0.5}
[2026-09-25 21:45:36.489] [M] {"button": 1, "pos": [390, 189], "ui_clicked": true}
[2026-09-25 21:45:36.523] [SFX] {"sound": "civ_move_1", "volume": 0.29}
[2026-09-25 21:45:36.543] [SFX] {"sound": "civ_move_1", "volume": 0.08}
[2026-09-25 21:45:36.604] [SFX] {"sound": "player_move", "volume": 0.4}
[2026-09-25 21:45:36.605] [SFX] {"sound": "civ_move_1", "volume": 0.19}
[2026-09-25 21:45:36.638] [SFX] {"sound": "civ_move_2", "volume": 0.23}
[2026-09-25 21:45:36.721] [SFX] {"sound": "threat_pulse", "volume": 0.36}
[2026-09-25 21:45:36.745] [SFX] {"sound": "civ_move_1", "volume": 0.1}
[2026-09-25 21:45:36.871] [SFX] {"sound": "infiltrate 2", "volume": 0.5}
[2026-09-25 21:45:36.894] [SFX] {"sound": "civ_move_1", "volume": 0.29}
[2026-09-25 21:45:36.913] [SFX] {"sound": "player_move", "volume": 0.4}
[2026-09-25 21:45:36.943] [SFX] {"sound": "civ_move_1", "volume": 0.09}
[2026-09-25 21:45:37.011] [SFX] {"sound": "civ_move_1", "volume": 0.18}
[2026-09-25 21:45:37.047] [SFX] {"sound": "civ_move_2", "volume": 0.24}
[2026-09-25 21:45:37.147] [SFX] {"sound": "civ_move_1", "volume": 0.11}
[2026-09-25 21:45:37.213] [SFX] {"sound": "player_move", "volume": 0.4}
[2026-09-25 21:45:37.281] [SFX] {"sound": "infiltrate 1", "volume": 0.5}
[2026-09-25 21:45:37.303] [SFX] {"sound": "civ_move_1", "volume": 0.29}
[2026-09-25 21:45:37.349] [SFX] {"sound": "civ_move_1", "volume": 0.1}
[2026-09-25 21:45:37.417] [SFX] {"sound": "civ_move_1", "volume": 0.13}
[2026-09-25 21:45:37.451] [SFX] {"sound": "civ_move_2", "volume": 0.26}
[2026-09-25 21:45:37.518] [SFX] {"sound": "player_move", "volume": 0.4}
[2026-09-25 21:45:37.555] [SFX] {"sound": "civ_move_1", "volume": 0.12}
[2026-09-25 21:45:37.624] [SFX] {"sound": "threat_pulse", "volume": 0.45}
[2026-09-25 21:45:37.691] [SFX] {"sound": "infiltrate 1", "volume": 0.5}
[2026-09-25 21:45:37.714] [SFX] {"sound": "civ_move_1", "volume": 0.29}
[2026-09-25 21:45:37.760] [SFX] {"sound": "civ_move_1", "volume": 0.11}
[2026-09-25 21:45:37.827] [SFX] {"sound": "player_move", "volume": 0.4}
[2026-09-25 21:45:37.828] [SFX] {"sound": "civ_move_1", "volume": 0.13}
[2026-09-25 21:45:37.829] [C] {"civ_pos": [55, 48]}
[2026-09-25 21:45:37.881] [SFX] {"sound": "civ_move_2", "volume": 0.27}
[2026-09-25 21:45:37.964] [SFX] {"sound": "civ_move_1", "volume": 0.13}
[2026-09-25 21:45:38.095] [SFX] {"sound": "infiltrate 2", "volume": 0.5}
[2026-09-25 21:45:38.116] [SFX] {"sound": "civ_move_1", "volume": 0.29}
[2026-09-25 21:45:38.133] [SFX] {"sound": "player_move", "volume": 0.4}
[2026-09-25 21:45:38.161] [SFX] {"sound": "civ_move_1", "volume": 0.12}
[2026-09-25 21:45:38.290] [SFX] {"sound": "civ_move_2", "volume": 0.28}
[2026-09-25 21:45:38.338] [SFX] {"sound": "threat_pulse", "volume": 0.52}
[2026-09-25 21:45:38.372] [SFX] {"sound": "civ_move_1", "volume": 0.14}
[2026-09-25 21:45:38.436] [SFX] {"sound": "player_move", "volume": 0.4}
[2026-09-25 21:45:38.504] [SFX] {"sound": "infiltrate 1", "volume": 0.5}
[2026-09-25 21:45:38.526] [SFX] {"sound": "civ_move_1", "volume": 0.29}
[2026-09-25 21:45:38.573] [SFX] {"sound": "civ_move_1", "volume": 0.14}
[2026-09-25 21:45:38.574] [SFX] {"sound": "hack_success", "volume": 1.0}
[2026-09-25 21:45:38.574] [JACK] JACK // STOLE 2 DATA FROM SILAS VANCE (DATA COURIER). TARGET FLEEING TO GUARD SPOT!
[2026-09-25 21:45:38.575] [JACK] JACK // UNSTABLE EMOTION METRICS. SNAPS WHEN PRESSED UNDER INFILTRATION LOCK.
[2026-09-25 21:45:38.657] [SFX] {"sound": "civ_move_1", "volume": 0.11}
[2026-09-25 21:45:38.691] [SFX] {"sound": "civ_move_2", "volume": 0.29}
[2026-09-25 21:45:38.776] [SFX] {"sound": "civ_move_1", "volume": 0.14}
[2026-09-25 21:45:38.845] [SFX] {"sound": "threat_pulse", "volume": 0.53}
[2026-09-25 21:45:38.930] [SFX] {"sound": "civ_move_1", "volume": 0.3}
[2026-09-25 21:45:38.980] [SFX] {"sound": "civ_move_1", "volume": 0.15}
[2026-09-25 21:45:39.063] [SFX] {"sound": "civ_move_1", "volume": 0.11}
[2026-09-25 21:45:39.096] [SFX] {"sound": "civ_move_2", "volume": 0.3}
[2026-09-25 21:45:39.179] [SFX] {"sound": "civ_move_1", "volume": 0.15}
[2026-09-25 21:45:39.330] [SFX] {"sound": "civ_move_1", "volume": 0.28}
[2026-09-25 21:45:39.354] [SFX] {"sound": "threat_pulse", "volume": 0.51}
[2026-09-25 21:45:39.384] [SFX] {"sound": "civ_move_1", "volume": 0.16}
[2026-09-25 21:45:39.470] [SFX] {"sound": "civ_move_1", "volume": 0.1}
[2026-09-25 21:45:39.504] [SFX] {"sound": "civ_move_2", "volume": 0.28}
[2026-09-25 21:45:39.589] [SFX] {"sound": "civ_move_1", "volume": 0.15}
[2026-09-25 21:45:39.743] [SFX] {"sound": "civ_move_1", "volume": 0.27}
[2026-09-25 21:45:39.793] [SFX] {"sound": "civ_move_1", "volume": 0.13}
[2026-09-25 21:45:39.862] [SFX] {"sound": "threat_pulse", "volume": 0.48}
[2026-09-25 21:45:39.885] [SFX] {"sound": "civ_move_1", "volume": 0.09}
[2026-09-25 21:45:39.915] [SFX] {"sound": "civ_move_2", "volume": 0.27}
[2026-09-25 21:45:40.000] [SFX] {"sound": "civ_move_1", "volume": 0.16}
[2026-09-25 21:45:40.148] [SFX] {"sound": "civ_move_1", "volume": 0.26}
[2026-09-25 21:45:40.198] [SFX] {"sound": "civ_move_1", "volume": 0.13}
[2026-09-25 21:45:40.284] [SFX] {"sound": "civ_move_1", "volume": 0.08}
[2026-09-25 21:45:40.317] [SFX] {"sound": "civ_move_2", "volume": 0.26}
[2026-09-25 21:45:40.400] [SFX] {"sound": "civ_move_1", "volume": 0.2}
[2026-09-25 21:45:40.466] [SFX] {"sound": "threat_pulse", "volume": 0.45}
[2026-09-25 21:45:40.548] [SFX] {"sound": "civ_move_1", "volume": 0.25}
[2026-09-25 21:45:40.598] [SFX] {"sound": "civ_move_1", "volume": 0.12}
[2026-09-25 21:45:40.698] [SFX] {"sound": "civ_move_1", "volume": 0.07}
[2026-09-25 21:45:40.730] [SFX] {"sound": "civ_move_2", "volume": 0.25}
[2026-09-25 21:45:40.813] [SFX] {"sound": "civ_move_1", "volume": 0.21}
[2026-09-25 21:45:40.960] [SFX] {"sound": "civ_move_1", "volume": 0.24}
[2026-09-25 21:45:41.010] [SFX] {"sound": "civ_move_1", "volume": 0.11}
[2026-09-25 21:45:41.109] [SFX] {"sound": "civ_move_1", "volume": 0.07}
[2026-09-25 21:45:41.143] [SFX] {"sound": "civ_move_2", "volume": 0.23}
[2026-09-25 21:45:41.176] [SFX] {"sound": "threat_pulse", "volume": 0.41}
[2026-09-25 21:45:41.227] [SFX] {"sound": "civ_move_1", "volume": 0.22}
[2026-09-25 21:45:41.425] [SFX] {"sound": "civ_move_1", "volume": 0.1}
[2026-09-25 21:45:41.507] [M] {"button": 1, "pos": [213, 187], "ui_clicked": false}
[2026-09-25 21:45:41.515] [P] {"start": [54, 48], "goal": [48, 48], "length": 1, "is_direction_change": false}
[2026-09-25 21:45:41.516] [SFX] {"sound": "click_target", "volume": 0.67}
[2026-09-25 21:45:41.561] [JACK] Achtung! Guardians patrouillieren den Sektor. Wir müssen extrem vorsichtig sein!
[2026-09-25 21:45:41.580] [SFX] {"sound": "civ_move_2", "volume": 0.21}
[2026-09-25 21:45:41.641] [SFX] {"sound": "civ_move_1", "volume": 0.22}
[2026-09-25 21:45:41.676] [SFX] {"sound": "player_move", "volume": 0.4}
[2026-09-25 21:45:41.774] [SFX] {"sound": "civ_move_1", "volume": 0.25}
[2026-09-25 21:45:41.840] [SFX] {"sound": "civ_move_1", "volume": 0.06}
[2026-09-25 21:45:41.989] [SFX] {"sound": "civ_move_2", "volume": 0.16}
[2026-09-25 21:45:41.989] [SFX] {"sound": "threat_pulse", "volume": 0.37}
[2026-09-25 21:45:42.056] [SFX] {"sound": "civ_move_1", "volume": 0.2}
[2026-09-25 21:45:42.187] [SFX] {"sound": "civ_move_1", "volume": 0.25}
[2026-09-25 21:45:42.255] [SFX] {"sound": "civ_move_1", "volume": 0.05}
[2026-09-25 21:45:42.403] [SFX] {"sound": "civ_move_2", "volume": 0.15}
[2026-09-25 21:45:42.470] [SFX] {"sound": "civ_move_1", "volume": 0.21}
[2026-09-25 21:45:42.568] [M] {"button": 1, "pos": [213, 187], "ui_clicked": false}
[2026-09-25 21:45:42.578] [P] {"start": [48, 48], "goal": [44, 48], "length": 1, "is_direction_change": false}
[2026-09-25 21:45:42.579] [SFX] {"sound": "click_target", "volume": 0.73}
[2026-09-25 21:45:42.617] [SFX] {"sound": "civ_move_1", "volume": 0.24}
[2026-09-25 21:45:42.661] [SFX] {"sound": "civ_move_1", "volume": 0.02}
[2026-09-25 21:45:42.727] [SFX] {"sound": "player_move", "volume": 0.4}
[2026-09-25 21:45:42.807] [SFX] {"sound": "civ_move_2", "volume": 0.11}
[2026-09-25 21:45:42.875] [SFX] {"sound": "civ_move_1", "volume": 0.2}
[2026-09-25 21:45:42.899] [SFX] {"sound": "threat_pulse", "volume": 0.33}
[2026-09-25 21:45:42.993] [SFX] {"sound": "civ_move_1", "volume": 0.25}
[2026-09-25 21:45:43.076] [SFX] {"sound": "civ_move_1", "volume": 0.01}
[2026-09-25 21:45:43.290] [SFX] {"sound": "civ_move_1", "volume": 0.21}
[2026-09-25 21:45:43.408] [SFX] {"sound": "civ_move_1", "volume": 0.24}
[2026-09-25 21:45:43.476] [SFX] {"sound": "civ_move_1", "volume": 0.0}
[2026-09-25 21:45:43.641] [M] {"button": 1, "pos": [213, 187], "ui_clicked": false}
[2026-09-25 21:45:43.650] [P] {"start": [44, 48], "goal": [41, 48], "length": 1, "is_direction_change": false}
[2026-09-25 21:45:43.651] [SFX] {"sound": "click_target", "volume": 0.74}
[2026-09-25 21:45:43.693] [SFX] {"sound": "civ_move_1", "volume": 0.21}
[2026-09-25 21:45:43.809] [SFX] {"sound": "civ_move_1", "volume": 0.25}
[2026-09-25 21:45:44.092] [SFX] {"sound": "civ_move_1", "volume": 0.21}
[2026-09-25 21:45:44.158] [M] {"button": 1, "pos": [213, 187], "ui_clicked": false}
[2026-09-25 21:45:44.167] [P] {"start": [41, 48], "goal": [38, 48], "length": 1, "is_direction_change": false}
[2026-09-25 21:45:44.167] [SFX] {"sound": "click_target", "volume": 0.75}
[2026-09-25 21:45:44.219] [SFX] {"sound": "civ_move_1", "volume": 0.25}
[2026-09-25 21:45:44.304] [SFX] {"sound": "player_move", "volume": 0.4}
[2026-09-25 21:45:44.500] [SFX] {"sound": "civ_move_1", "volume": 0.2}
[2026-09-25 21:45:44.632] [SFX] {"sound": "civ_move_1", "volume": 0.25}
[2026-09-25 21:45:44.910] [SFX] {"sound": "civ_move_1", "volume": 0.21}
[2026-09-25 21:45:45.043] [SFX] {"sound": "civ_move_1", "volume": 0.24}
[2026-09-25 21:45:45.323] [SFX] {"sound": "civ_move_1", "volume": 0.22}
[2026-09-25 21:45:45.719] [M] {"button": 1, "pos": [138, 191], "ui_clicked": false}
[2026-09-25 21:45:45.729] [P] {"start": [38, 48], "goal": [30, 48], "length": 1, "is_direction_change": false}
[2026-09-25 21:45:45.730] [SFX] {"sound": "click_target", "volume": 0.66}
[2026-09-25 21:45:45.770] [SFX] {"sound": "civ_move_1", "volume": 0.23}
[2026-09-25 21:45:45.863] [SFX] {"sound": "civ_move_1", "volume": 0.24}
[2026-09-25 21:45:46.029] [SFX] {"sound": "player_move", "volume": 0.4}
[2026-09-25 21:45:46.146] [SFX] {"sound": "civ_move_1", "volume": 0.19}
[2026-09-25 21:45:46.277] [SFX] {"sound": "civ_move_1", "volume": 0.26}
[2026-09-25 21:45:46.558] [SFX] {"sound": "civ_move_1", "volume": 0.2}
[2026-09-25 21:45:47.436] [M] {"button": 1, "pos": [170, 222], "ui_clicked": false}
[2026-09-25 21:45:47.444] [P] {"start": [30, 48], "goal": [24, 50], "length": 2, "is_direction_change": false}
[2026-09-25 21:45:47.444] [SFX] {"sound": "click_target", "volume": 0.68}
[2026-09-25 21:45:47.495] [SFX] {"sound": "civ_move_1", "volume": 0.2}
[2026-09-25 21:45:47.661] [SFX] {"sound": "player_move", "volume": 0.4}
[2026-09-25 21:45:47.909] [SFX] {"sound": "civ_move_1", "volume": 0.22}
[2026-09-25 21:45:48.319] [SFX] {"sound": "civ_move_1", "volume": 0.21}
[2026-09-25 21:45:48.734] [SFX] {"sound": "civ_move_1", "volume": 0.2}
[2026-09-25 21:45:49.148] [SFX] {"sound": "civ_move_1", "volume": 0.19}
[2026-09-25 21:45:49.547] [SFX] {"sound": "civ_move_1", "volume": 0.18}
[2026-09-25 21:45:49.956] [SFX] {"sound": "civ_move_1", "volume": 0.17}
[2026-09-25 21:45:50.370] [SFX] {"sound": "civ_move_1", "volume": 0.16}
[2026-09-25 21:45:50.467] [SFX] {"sound": "civ_move_2", "volume": 0.01}
[2026-09-25 21:45:50.778] [SFX] {"sound": "civ_move_1", "volume": 0.15}
[2026-09-25 21:45:50.882] [SFX] {"sound": "civ_move_2", "volume": 0.02}
[2026-09-25 21:45:51.182] [SFX] {"sound": "civ_move_1", "volume": 0.14}
[2026-09-25 21:45:51.286] [SFX] {"sound": "civ_move_2", "volume": 0.03}
[2026-09-25 21:45:51.686] [SFX] {"sound": "civ_move_2", "volume": 0.05}
[2026-09-25 21:45:51.753] [SENTINEL_ALARM_DISPATCHED] {"guard": [26, 67], "investigate": [42, 48]}
[2026-09-25 21:45:52.087] [SFX] {"sound": "civ_move_2", "volume": 0.06}
[2026-09-25 21:45:52.301] [SFX] {"sound": "guardian_move", "volume": 0.19}
[2026-09-25 21:45:52.501] [SFX] {"sound": "civ_move_2", "volume": 0.07}
[2026-09-25 21:45:52.915] [SFX] {"sound": "guardian_move", "volume": 0.21}
[2026-09-25 21:45:52.915] [SFX] {"sound": "civ_move_2", "volume": 0.08}
[2026-09-25 21:45:53.327] [SFX] {"sound": "civ_move_2", "volume": 0.1}
[2026-09-25 21:45:53.522] [SFX] {"sound": "guardian_move", "volume": 0.23}
[2026-09-25 21:45:53.740] [SFX] {"sound": "civ_move_2", "volume": 0.11}
[2026-09-25 21:45:54.132] [SFX] {"sound": "guardian_move", "volume": 0.24}
[2026-09-25 21:45:54.155] [SFX] {"sound": "civ_move_2", "volume": 0.12}
[2026-09-25 21:45:54.563] [SFX] {"sound": "civ_move_2", "volume": 0.13}
[2026-09-25 21:45:54.732] [SFX] {"sound": "guardian_move", "volume": 0.26}
[2026-09-25 21:45:54.910] [M] {"button": 1, "pos": [301, 97], "ui_clicked": false}
[2026-09-25 21:45:54.918] [P] {"start": [24, 50], "goal": [24, 45], "length": 1, "is_direction_change": false}
[2026-09-25 21:45:54.919] [SFX] {"sound": "click_target", "volume": 0.89}
[2026-09-25 21:45:54.957] [JACK] Vorsichtig vorantasten...
[2026-09-25 21:45:54.975] [SFX] {"sound": "civ_move_2", "volume": 0.15}
[2026-09-25 21:45:55.036] [SFX] {"sound": "player_move", "volume": 0.4}
[2026-09-25 21:45:55.334] [SFX] {"sound": "guardian_move", "volume": 0.24}
[2026-09-25 21:45:55.370] [SFX] {"sound": "civ_move_2", "volume": 0.12}
[2026-09-25 21:45:55.786] [SFX] {"sound": "civ_move_2", "volume": 0.13}
[2026-09-25 21:45:55.935] [SFX] {"sound": "guardian_move", "volume": 0.26}
[2026-09-25 21:45:56.201] [SFX] {"sound": "civ_move_2", "volume": 0.14}
[2026-09-25 21:45:56.551] [SFX] {"sound": "guardian_move", "volume": 0.28}
[2026-09-25 21:45:56.603] [SFX] {"sound": "civ_move_2", "volume": 0.15}
[2026-09-25 21:45:57.004] [SFX] {"sound": "civ_move_2", "volume": 0.16}
[2026-09-25 21:45:57.089] [SFX] {"sound": "threat_pulse", "volume": 0.31}
[2026-09-25 21:45:57.154] [SFX] {"sound": "guardian_move", "volume": 0.3}
[2026-09-25 21:45:57.417] [SFX] {"sound": "civ_move_2", "volume": 0.17}
[2026-09-25 21:45:57.765] [SFX] {"sound": "guardian_move", "volume": 0.31}
[2026-09-25 21:45:57.831] [SFX] {"sound": "civ_move_2", "volume": 0.18}
[2026-09-25 21:45:57.998] [SFX] {"sound": "threat_pulse", "volume": 0.37}
[2026-09-25 21:45:58.231] [SFX] {"sound": "civ_move_2", "volume": 0.19}
[2026-09-25 21:45:58.297] [M] {"button": 1, "pos": [420, 187], "ui_clicked": false}
[2026-09-25 21:45:58.305] [JACK] JACK // ANXIETY LEVELS OFF THE CHARTS. KEEPS DISCARDED BACKUPS IN EMBEDDED RETINAL CHIPS.
[2026-09-25 21:45:58.306] [SFX] {"sound": "click_target", "volume": 0.65}
[2026-09-25 21:45:58.384] [SFX] {"sound": "guardian_move", "volume": 0.39}
[2026-09-25 21:45:58.482] [SFX] {"sound": "player_move", "volume": 0.4}
[2026-09-25 21:45:58.631] [SFX] {"sound": "civ_move_2", "volume": 0.28}
[2026-09-25 21:45:58.663] [C] {"civ_pos": [29, 48]}
[2026-09-25 21:45:58.786] [SFX] {"sound": "player_move", "volume": 0.4}
[2026-09-25 21:45:58.901] [SFX] {"sound": "threat_pulse", "volume": 0.42}
[2026-09-25 21:45:58.998] [SFX] {"sound": "guardian_move", "volume": 0.36}
[2026-09-25 21:45:59.032] [SFX] {"sound": "civ_move_2", "volume": 0.3}
[2026-09-25 21:45:59.100] [SFX] {"sound": "player_move", "volume": 0.4}
[2026-09-25 21:45:59.167] [M] {"button": 1, "pos": [452, 188], "ui_clicked": false}
[2026-09-25 21:45:59.174] [SFX] {"sound": "action_cancel", "volume": 1.0}
[2026-09-25 21:45:59.175] [P] {"start": [28, 48], "goal": [36, 48], "length": 1, "is_direction_change": false}
[2026-09-25 21:45:59.176] [SFX] {"sound": "click_target", "volume": 0.64}
[2026-09-25 21:45:59.214] [JACK] Verdammt, die Sentinels kreisen um uns... Ich habe echte Angst, ertappt zu werden!
[2026-09-25 21:45:59.409] [SFX] {"sound": "player_move", "volume": 0.4}
[2026-09-25 21:45:59.441] [SFX] {"sound": "civ_move_2", "volume": 0.25}
[2026-09-25 21:45:59.606] [SFX] {"sound": "guardian_move", "volume": 0.31}
[2026-09-25 21:45:59.607] [SFX] {"sound": "threat_pulse", "volume": 0.41}
[2026-09-25 21:45:59.855] [SFX] {"sound": "civ_move_2", "volume": 0.22}
[2026-09-25 21:45:59.889] [M] {"button": 1, "pos": [461, 194], "ui_clicked": false}
[2026-09-25 21:45:59.899] [P] {"start": [36, 48], "goal": [41, 48], "length": 1, "is_direction_change": false}
[2026-09-25 21:45:59.900] [SFX] {"sound": "click_target", "volume": 0.7}
[2026-09-25 21:45:59.925] [JACK] Diese Bedrohung ist greifbar... Die Wachen dürfen unser Signal nicht isolieren.
[2026-09-25 21:46:00.052] [SFX] {"sound": "civ_move_1", "volume": 0.0}
[2026-09-25 21:46:00.076] [SFX] {"sound": "player_move", "volume": 0.4}
[2026-09-25 21:46:00.222] [SFX] {"sound": "guardian_move", "volume": 0.28}
[2026-09-25 21:46:00.256] [SFX] {"sound": "civ_move_2", "volume": 0.14}
[2026-09-25 21:46:00.418] [M] {"button": 1, "pos": [461, 195], "ui_clicked": false}
[2026-09-25 21:46:00.427] [SFX] {"sound": "threat_pulse", "volume": 0.37}
[2026-09-25 21:46:00.428] [P] {"start": [41, 48], "goal": [45, 48], "length": 1, "is_direction_change": false}
[2026-09-25 21:46:00.428] [SFX] {"sound": "click_target", "volume": 0.7}
[2026-09-25 21:46:00.468] [JACK] Überall Wacheinheiten... Ihr bedrohliches Summen brennt sich ins Deck.
[2026-09-25 21:46:00.487] [SFX] {"sound": "civ_move_1", "volume": 0.01}
[2026-09-25 21:46:00.664] [SFX] {"sound": "civ_move_2", "volume": 0.11}
[2026-09-25 21:46:00.827] [SFX] {"sound": "guardian_move", "volume": 0.27}
[2026-09-25 21:46:00.893] [SFX] {"sound": "civ_move_1", "volume": 0.02}
[2026-09-25 21:46:01.075] [SFX] {"sound": "civ_move_2", "volume": 0.11}
[2026-09-25 21:46:01.308] [SFX] {"sound": "civ_move_1", "volume": 0.02}
[2026-09-25 21:46:01.331] [SFX] {"sound": "threat_pulse", "volume": 0.33}
[2026-09-25 21:46:01.426] [SFX] {"sound": "guardian_move", "volume": 0.29}
[2026-09-25 21:46:01.477] [SFX] {"sound": "civ_move_2", "volume": 0.11}
[2026-09-25 21:46:01.556] [M] {"button": 1, "pos": [499, 195], "ui_clicked": false}
[2026-09-25 21:46:01.564] [P] {"start": [45, 48], "goal": [52, 48], "length": 1, "is_direction_change": false}
[2026-09-25 21:46:01.564] [SFX] {"sound": "click_target", "volume": 0.66}
[2026-09-25 21:46:01.604] [SFX] {"sound": "civ_move_2", "volume": 0.0}
[2026-09-25 21:46:01.622] [SFX] {"sound": "player_move", "volume": 0.4}
[2026-09-25 21:46:01.716] [SFX] {"sound": "civ_move_1", "volume": 0.03}
[2026-09-25 21:46:01.883] [SFX] {"sound": "civ_move_2", "volume": 0.07}
[2026-09-25 21:46:01.998] [SFX] {"sound": "civ_move_2", "volume": 0.05}
[2026-09-25 21:46:02.031] [SFX] {"sound": "guardian_move", "volume": 0.25}
[2026-09-25 21:46:02.297] [SFX] {"sound": "civ_move_2", "volume": 0.06}
[2026-09-25 21:46:02.644] [SFX] {"sound": "guardian_move", "volume": 0.27}
[2026-09-25 21:46:02.709] [SFX] {"sound": "civ_move_2", "volume": 0.06}
[2026-09-25 21:46:02.857] [SFX] {"sound": "civ_move_2", "volume": 0.0}
[2026-09-25 21:46:03.124] [SFX] {"sound": "civ_move_2", "volume": 0.06}
[2026-09-25 21:46:03.239] [SFX] {"sound": "civ_move_2", "volume": 0.07}
[2026-09-25 21:46:03.261] [SFX] {"sound": "guardian_move", "volume": 0.3}
[2026-09-25 21:46:03.279] [SFX] {"sound": "civ_move_2", "volume": 0.01}
[2026-09-25 21:46:03.538] [SFX] {"sound": "civ_move_2", "volume": 0.05}
[2026-09-25 21:46:03.639] [SFX] {"sound": "civ_move_2", "volume": 0.08}
[2026-09-25 21:46:03.674] [SFX] {"sound": "civ_move_2", "volume": 0.03}
[2026-09-25 21:46:03.874] [SFX] {"sound": "guardian_move", "volume": 0.32}
[2026-09-25 21:46:03.940] [SFX] {"sound": "civ_move_2", "volume": 0.05}
[2026-09-25 21:46:04.040] [SFX] {"sound": "civ_move_2", "volume": 0.09}
[2026-09-25 21:46:04.074] [SFX] {"sound": "civ_move_2", "volume": 0.04}
[2026-09-25 21:46:04.457] [SFX] {"sound": "civ_move_2", "volume": 0.1}
[2026-09-25 21:46:04.491] [SFX] {"sound": "guardian_move", "volume": 0.34}
[2026-09-25 21:46:04.492] [SFX] {"sound": "civ_move_2", "volume": 0.05}
[2026-09-25 21:46:04.746] [SFX] {"sound": "civ_move_2", "volume": 0.04}
[2026-09-25 21:46:04.862] [SFX] {"sound": "civ_move_2", "volume": 0.11}
[2026-09-25 21:46:04.898] [SFX] {"sound": "civ_move_2", "volume": 0.06}
[2026-09-25 21:46:05.017] [SFX] {"sound": "threat_pulse", "volume": 0.31}
[2026-09-25 21:46:05.101] [SFX] {"sound": "guardian_move", "volume": 0.37}
[2026-09-25 21:46:05.154] [SFX] {"sound": "civ_move_2", "volume": 0.03}
[2026-09-25 21:46:05.268] [SFX] {"sound": "civ_move_2", "volume": 0.12}
[2026-09-25 21:46:05.285] [M] {"button": 1, "pos": [105, 191], "ui_clicked": false}
[2026-09-25 21:46:05.294] [P] {"start": [52, 48], "goal": [35, 48], "length": 1, "is_direction_change": false}
[2026-09-25 21:46:05.294] [SFX] {"sound": "click_target", "volume": 0.46}
[2026-09-25 21:46:05.319] [JACK] Achtung! Guardians patrouillieren den Sektor. Wir müssen extrem vorsichtig sein!
[2026-09-25 21:46:05.320] [SFX] {"sound": "player_move", "volume": 0.4}
[2026-09-25 21:46:05.320] [SFX] {"sound": "civ_move_2", "volume": 0.07}
[2026-09-25 21:46:05.566] [SFX] {"sound": "civ_move_2", "volume": 0.05}
[2026-09-25 21:46:05.616] [SFX] {"sound": "player_move", "volume": 0.4}
[2026-09-25 21:46:05.682] [SFX] {"sound": "civ_move_2", "volume": 0.07}
[2026-09-25 21:46:05.715] [SFX] {"sound": "civ_move_2", "volume": 0.02}
[2026-09-25 21:46:05.931] [SFX] {"sound": "player_move", "volume": 0.4}
[2026-09-25 21:46:05.932] [SFX] {"sound": "threat_pulse", "volume": 0.3}
[2026-09-25 21:46:05.981] [SFX] {"sound": "civ_move_2", "volume": 0.08}
[2026-09-25 21:46:06.803] [SFX] {"sound": "civ_move_2", "volume": 0.07}
[2026-09-25 21:46:07.214] [SFX] {"sound": "civ_move_2", "volume": 0.06}
[2026-09-25 21:46:07.349] [M] {"button": 1, "pos": [399, 190], "ui_clicked": false}
[2026-09-25 21:46:07.357] [P] {"start": [35, 48], "goal": [43, 48], "length": 1, "is_direction_change": false}
[2026-09-25 21:46:07.358] [SFX] {"sound": "click_target", "volume": 0.63}
[2026-09-25 21:46:07.395] [SFX] {"sound": "civ_move_2", "volume": 0.01}
[2026-09-25 21:46:07.459] [SFX] {"sound": "player_move", "volume": 0.4}
[2026-09-25 21:46:07.624] [SFX] {"sound": "civ_move_2", "volume": 0.04}
[2026-09-25 21:46:07.774] [SFX] {"sound": "civ_move_2", "volume": 0.08}
[2026-09-25 21:46:08.036] [SFX] {"sound": "civ_move_2", "volume": 0.02}
[2026-09-25 21:46:08.136] [M] {"button": 1, "pos": [435, 190], "ui_clicked": false}
[2026-09-25 21:46:08.145] [P] {"start": [43, 48], "goal": [46, 48], "length": 1, "is_direction_change": false}
[2026-09-25 21:46:08.145] [SFX] {"sound": "click_target", "volume": 0.72}
[2026-09-25 21:46:08.185] [SFX] {"sound": "player_move", "volume": 0.4}
[2026-09-25 21:46:08.204] [SFX] {"sound": "civ_move_2", "volume": 0.1}
[2026-09-25 21:46:08.447] [SFX] {"sound": "civ_move_2", "volume": 0.0}
[2026-09-25 21:46:08.610] [SFX] {"sound": "civ_move_2", "volume": 0.13}
[2026-09-25 21:46:09.024] [SFX] {"sound": "civ_move_2", "volume": 0.14}
[2026-09-25 21:46:09.056] [M] {"button": 1, "pos": [502, 188], "ui_clicked": false}
[2026-09-25 21:46:09.064] [P] {"start": [46, 48], "goal": [53, 48], "length": 1, "is_direction_change": false}
[2026-09-25 21:46:09.065] [SFX] {"sound": "click_target", "volume": 0.65}
[2026-09-25 21:46:09.246] [SFX] {"sound": "player_move", "volume": 0.4}
[2026-09-25 21:46:09.434] [SFX] {"sound": "civ_move_2", "volume": 0.21}
[2026-09-25 21:46:09.768] [SFX] {"sound": "civ_move_1", "volume": 0.09}
[2026-09-25 21:46:09.835] [SFX] {"sound": "civ_move_2", "volume": 0.22}
[2026-09-25 21:46:10.170] [SFX] {"sound": "civ_move_1", "volume": 0.09}
[2026-09-25 21:46:10.238] [SFX] {"sound": "civ_move_2", "volume": 0.23}
[2026-09-25 21:46:10.402] [M] {"button": 1, "pos": [207, 225], "ui_clicked": false}
[2026-09-25 21:46:10.410] [SFX] {"sound": "click_target", "volume": 0.58}
[2026-09-25 21:46:10.554] [SFX] {"sound": "player_move", "volume": 0.4}
[2026-09-25 21:46:10.590] [SFX] {"sound": "civ_move_1", "volume": 0.07}
[2026-09-25 21:46:10.639] [SFX] {"sound": "civ_move_2", "volume": 0.21}
[2026-09-25 21:46:11.002] [SFX] {"sound": "civ_move_1", "volume": 0.03}
[2026-09-25 21:46:11.050] [SFX] {"sound": "civ_move_2", "volume": 0.19}
[2026-09-25 21:46:11.413] [SFX] {"sound": "civ_move_1", "volume": 0.02}
[2026-09-25 21:46:11.453] [SFX] {"sound": "civ_move_2", "volume": 0.2}
[2026-09-25 21:46:11.816] [SFX] {"sound": "civ_move_1", "volume": 0.01}
[2026-09-25 21:46:11.865] [SFX] {"sound": "civ_move_2", "volume": 0.21}
[2026-09-25 21:46:12.014] [M] {"button": 1, "pos": [415, 305], "ui_clicked": true}
[2026-09-25 21:46:12.032] [JACK] Inventar durchwühlen. Wo liegt das passende Tool?
[2026-09-25 21:46:12.275] [SFX] {"sound": "civ_move_2", "volume": 0.22}
[2026-09-25 21:46:12.357] [SFX] {"sound": "infiltrate 2", "volume": 0.5}
[2026-09-25 21:46:12.536] [M] {"button": 1, "pos": [409, 309], "ui_clicked": true}
[2026-09-25 21:46:12.690] [SFX] {"sound": "civ_move_2", "volume": 0.24}
[2026-09-25 21:46:12.773] [SFX] {"sound": "infiltrate 2", "volume": 0.5}
[2026-09-25 21:46:13.101] [SFX] {"sound": "civ_move_2", "volume": 0.25}
[2026-09-25 21:46:13.185] [SFX] {"sound": "infiltrate 1", "volume": 0.5}
[2026-09-25 21:46:13.514] [SFX] {"sound": "civ_move_2", "volume": 0.26}
[2026-09-25 21:46:13.537] [SFX] {"sound": "civ_move_2", "volume": 0.04}
[2026-09-25 21:46:13.601] [SFX] {"sound": "infiltrate 2", "volume": 0.5}
[2026-09-25 21:46:13.920] [SFX] {"sound": "civ_move_2", "volume": 0.27}
[2026-09-25 21:46:13.944] [SFX] {"sound": "civ_move_2", "volume": 0.04}
[2026-09-25 21:46:14.006] [SFX] {"sound": "infiltrate 2", "volume": 0.5}
[2026-09-25 21:46:14.334] [SFX] {"sound": "civ_move_2", "volume": 0.28}
[2026-09-25 21:46:14.358] [SFX] {"sound": "civ_move_2", "volume": 0.04}
[2026-09-25 21:46:14.359] [C] {"civ_pos": [45, 48]}
[2026-09-25 21:46:14.407] [SFX] {"sound": "infiltrate 2", "volume": 0.5}
[2026-09-25 21:46:14.739] [SFX] {"sound": "civ_move_2", "volume": 0.3}
[2026-09-25 21:46:14.773] [SFX] {"sound": "civ_move_2", "volume": 0.05}
[2026-09-25 21:46:14.807] [SFX] {"sound": "infiltrate 1", "volume": 0.5}
[2026-09-25 21:46:15.039] [SFX] {"sound": "hack_success", "volume": 1.0}
[2026-09-25 21:46:15.040] [JACK] JACK // EXTRACTED 8 DATA FRAGMENTS FROM PC
[2026-09-25 21:46:15.153] [SFX] {"sound": "civ_move_2", "volume": 0.29}
[2026-09-25 21:46:15.186] [SFX] {"sound": "civ_move_2", "volume": 0.06}
[2026-09-25 21:46:15.609] [SFX] {"sound": "civ_move_2", "volume": 0.07}
[2026-09-25 21:46:16.015] [SFX] {"sound": "civ_move_2", "volume": 0.08}
[2026-09-25 21:46:18.052] [SFX] {"sound": "civ_move_2", "volume": 0.09}
[2026-09-25 21:46:18.118] [M] {"button": 1, "pos": [454, 192], "ui_clicked": false}
[2026-09-25 21:46:18.128] [P] {"start": [43, 48], "goal": [54, 48], "length": 1, "is_direction_change": false}
[2026-09-25 21:46:18.129] [SFX] {"sound": "click_target", "volume": 0.58}
[2026-09-25 21:46:18.166] [JACK] Vorsichtig vorantasten...
[2026-09-25 21:46:18.167] [SFX] {"sound": "player_move", "volume": 0.4}
[2026-09-25 21:46:18.457] [SFX] {"sound": "civ_move_2", "volume": 0.13}
[2026-09-25 21:46:18.824] [SFX] {"sound": "civ_move_2", "volume": 0.01}
[2026-09-25 21:46:18.858] [SFX] {"sound": "civ_move_2", "volume": 0.15}
[2026-09-25 21:46:19.223] [SFX] {"sound": "civ_move_2", "volume": 0.02}
[2026-09-25 21:46:19.258] [SFX] {"sound": "civ_move_2", "volume": 0.13}
[2026-09-25 21:46:19.290] [M] {"button": 1, "pos": [516, 192], "ui_clicked": false}
[2026-09-25 21:46:19.298] [P] {"start": [54, 48], "goal": [62, 48], "length": 1, "is_direction_change": false}
[2026-09-25 21:46:19.299] [SFX] {"sound": "click_target", "volume": 0.63}
[2026-09-25 21:46:19.348] [SFX] {"sound": "civ_move_1", "volume": 0.01}
[2026-09-25 21:46:19.432] [SFX] {"sound": "player_move", "volume": 0.4}
[2026-09-25 21:46:19.631] [SFX] {"sound": "civ_move_2", "volume": 0.07}
[2026-09-25 21:46:19.664] [SFX] {"sound": "civ_move_2", "volume": 0.18}
[2026-09-25 21:46:19.749] [SFX] {"sound": "civ_move_1", "volume": 0.06}
[2026-09-25 21:46:19.800] [SFX] {"sound": "civ_move_1", "volume": 0.03}
[2026-09-25 21:46:20.034] [SFX] {"sound": "civ_move_2", "volume": 0.09}
[2026-09-25 21:46:20.066] [SFX] {"sound": "civ_move_2", "volume": 0.17}
[2026-09-25 21:46:20.164] [SFX] {"sound": "civ_move_1", "volume": 0.07}
[2026-09-25 21:46:20.215] [SFX] {"sound": "civ_move_1", "volume": 0.04}
[2026-09-25 21:46:20.446] [SFX] {"sound": "civ_move_2", "volume": 0.1}
[2026-09-25 21:46:20.481] [SFX] {"sound": "civ_move_2", "volume": 0.16}
[2026-09-25 21:46:20.564] [SFX] {"sound": "civ_move_1", "volume": 0.08}
[2026-09-25 21:46:20.629] [SFX] {"sound": "civ_move_1", "volume": 0.05}
[2026-09-25 21:46:20.861] [SFX] {"sound": "civ_move_2", "volume": 0.1}
[2026-09-25 21:46:20.894] [SFX] {"sound": "civ_move_2", "volume": 0.15}
[2026-09-25 21:46:20.944] [M] {"button": 1, "pos": [516, 192], "ui_clicked": false}
[2026-09-25 21:46:20.951] [P] {"start": [62, 48], "goal": [69, 48], "length": 1, "is_direction_change": false}
[2026-09-25 21:46:20.952] [SFX] {"sound": "click_target", "volume": 0.64}
[2026-09-25 21:46:20.990] [SFX] {"sound": "civ_move_1", "volume": 0.09}
[2026-09-25 21:46:21.008] [SFX] {"sound": "player_move", "volume": 0.4}
[2026-09-25 21:46:21.039] [SFX] {"sound": "civ_move_1", "volume": 0.07}
[2026-09-25 21:46:21.273] [SFX] {"sound": "civ_move_2", "volume": 0.14}
[2026-09-25 21:46:21.307] [SFX] {"sound": "civ_move_2", "volume": 0.18}
[2026-09-25 21:46:21.374] [SFX] {"sound": "civ_move_1", "volume": 0.14}
[2026-09-25 21:46:21.441] [SFX] {"sound": "civ_move_1", "volume": 0.11}
[2026-09-25 21:46:21.674] [SFX] {"sound": "civ_move_2", "volume": 0.16}
[2026-09-25 21:46:21.708] [SFX] {"sound": "civ_move_2", "volume": 0.17}
[2026-09-25 21:46:21.776] [SFX] {"sound": "civ_move_1", "volume": 0.14}
[2026-09-25 21:46:21.858] [SFX] {"sound": "civ_move_1", "volume": 0.11}
[2026-09-25 21:46:22.088] [SFX] {"sound": "civ_move_2", "volume": 0.16}
[2026-09-25 21:46:22.188] [SFX] {"sound": "civ_move_1", "volume": 0.15}
[2026-09-25 21:46:22.274] [SFX] {"sound": "civ_move_1", "volume": 0.12}
[2026-09-25 21:46:22.491] [SFX] {"sound": "civ_move_2", "volume": 0.17}
[2026-09-25 21:46:22.525] [SFX] {"sound": "civ_move_2", "volume": 0.15}
[2026-09-25 21:46:22.673] [SFX] {"sound": "civ_move_1", "volume": 0.13}
[2026-09-25 21:46:22.840] [SFX] {"sound": "civ_move_2", "volume": 0.28}
[2026-09-25 21:46:22.893] [SFX] {"sound": "civ_move_2", "volume": 0.18}
[2026-09-25 21:46:22.932] [SFX] {"sound": "civ_move_2", "volume": 0.14}
[2026-09-25 21:46:23.084] [SFX] {"sound": "civ_move_1", "volume": 0.14}
[2026-09-25 21:46:23.250] [SFX] {"sound": "civ_move_2", "volume": 0.28}
[2026-09-25 21:46:23.301] [SFX] {"sound": "civ_move_2", "volume": 0.18}
[2026-09-25 21:46:23.335] [SFX] {"sound": "civ_move_2", "volume": 0.12}
[2026-09-25 21:46:23.484] [SFX] {"sound": "civ_move_1", "volume": 0.15}
[2026-09-25 21:46:23.622] [C] {"civ_pos": [71, 48]}
[2026-09-25 21:46:23.675] [SFX] {"sound": "civ_move_2", "volume": 0.28}
[2026-09-25 21:46:23.708] [SFX] {"sound": "civ_move_2", "volume": 0.19}
[2026-09-25 21:46:23.741] [SFX] {"sound": "civ_move_2", "volume": 0.11}
[2026-09-25 21:46:23.891] [SFX] {"sound": "civ_move_1", "volume": 0.16}
[2026-09-25 21:46:24.075] [SFX] {"sound": "civ_move_2", "volume": 0.27}
[2026-09-25 21:46:24.108] [SFX] {"sound": "civ_move_2", "volume": 0.2}
[2026-09-25 21:46:24.141] [SFX] {"sound": "civ_move_2", "volume": 0.1}
[2026-09-25 21:46:24.306] [SFX] {"sound": "civ_move_1", "volume": 0.17}
[2026-09-25 21:46:24.308] [SFX] {"sound": "civ_move_1", "volume": 0.01}
[2026-09-25 21:46:24.487] [SFX] {"sound": "civ_move_2", "volume": 0.26}
[2026-09-25 21:46:24.523] [SFX] {"sound": "civ_move_2", "volume": 0.21}
[2026-09-25 21:46:24.558] [SFX] {"sound": "civ_move_2", "volume": 0.09}
[2026-09-25 21:46:24.642] [M] {"button": 1, "pos": [487, 204], "ui_clicked": false}
[2026-09-25 21:46:24.650] [JACK] JACK // HIGH THREAT POTENTIAL. SWITCHES FREQUENCIES FREQUENTLY. KEEP DISTANCE.
[2026-09-25 21:46:24.651] [SFX] {"sound": "click_target", "volume": 0.67}
[2026-09-25 21:46:24.668] [SFX] {"sound": "player_move", "volume": 0.4}
[2026-09-25 21:46:24.714] [SFX] {"sound": "civ_move_1", "volume": 0.18}
[2026-09-25 21:46:24.715] [SFX] {"sound": "civ_move_1", "volume": 0.03}
[2026-09-25 21:46:24.898] [SFX] {"sound": "civ_move_2", "volume": 0.28}
[2026-09-25 21:46:24.932] [SFX] {"sound": "civ_move_2", "volume": 0.22}
[2026-09-25 21:46:24.968] [SFX] {"sound": "player_move", "volume": 0.4}
[2026-09-25 21:46:24.969] [SFX] {"sound": "civ_move_2", "volume": 0.12}
[2026-09-25 21:46:25.116] [SFX] {"sound": "civ_move_1", "volume": 0.2}
[2026-09-25 21:46:25.117] [SFX] {"sound": "civ_move_1", "volume": 0.09}
[2026-09-25 21:46:25.281] [SFX] {"sound": "player_move", "volume": 0.4}
[2026-09-25 21:46:25.343] [SFX] {"sound": "civ_move_2", "volume": 0.26}
[2026-09-25 21:46:25.344] [SFX] {"sound": "civ_move_2", "volume": 0.29}
[2026-09-25 21:46:25.376] [SFX] {"sound": "civ_move_2", "volume": 0.12}
[2026-09-25 21:46:25.446] [SFX] {"sound": "civ_move_2", "volume": 0.01}
[2026-09-25 21:46:25.531] [SFX] {"sound": "civ_move_1", "volume": 0.2}
[2026-09-25 21:46:25.532] [SFX] {"sound": "civ_move_1", "volume": 0.11}
[2026-09-25 21:46:25.585] [SFX] {"sound": "player_move", "volume": 0.4}
[2026-09-25 21:46:25.721] [SFX] {"sound": "threat_pulse", "volume": 0.31}
[2026-09-25 21:46:25.759] [SFX] {"sound": "civ_move_2", "volume": 0.29}
[2026-09-25 21:46:25.786] [SFX] {"sound": "civ_move_2", "volume": 0.12}
[2026-09-25 21:46:25.855] [SFX] {"sound": "civ_move_2", "volume": 0.03}
[2026-09-25 21:46:25.893] [SFX] {"sound": "player_move", "volume": 0.4}
[2026-09-25 21:46:25.933] [SFX] {"sound": "civ_move_1", "volume": 0.19}
[2026-09-25 21:46:25.934] [SFX] {"sound": "civ_move_1", "volume": 0.14}
[2026-09-25 21:46:26.138] [C] {"civ_pos": [81, 48]}
[2026-09-25 21:46:26.182] [SFX] {"sound": "civ_move_2", "volume": 0.12}
[2026-09-25 21:46:26.182] [SFX] {"sound": "civ_move_2", "volume": 0.29}
[2026-09-25 21:46:26.204] [SFX] {"sound": "player_move", "volume": 0.4}
[2026-09-25 21:46:26.266] [SFX] {"sound": "civ_move_2", "volume": 0.05}
[2026-09-25 21:46:26.331] [SFX] {"sound": "civ_move_1", "volume": 0.17}
[2026-09-25 21:46:26.332] [SFX] {"sound": "civ_move_1", "volume": 0.16}
[2026-09-25 21:46:26.413] [SFX] {"sound": "civ_move_2", "volume": 0.09}
[2026-09-25 21:46:26.497] [SFX] {"sound": "player_move", "volume": 0.4}
[2026-09-25 21:46:26.595] [SFX] {"sound": "civ_move_2", "volume": 0.12}
[2026-09-25 21:46:26.596] [SFX] {"sound": "civ_move_2", "volume": 0.29}
[2026-09-25 21:46:26.628] [SFX] {"sound": "threat_pulse", "volume": 0.32}
[2026-09-25 21:46:26.678] [SFX] {"sound": "civ_move_2", "volume": 0.07}
[2026-09-25 21:46:26.746] [SFX] {"sound": "civ_move_1", "volume": 0.16}
[2026-09-25 21:46:26.747] [SFX] {"sound": "civ_move_1", "volume": 0.19}
[2026-09-25 21:46:26.797] [SFX] {"sound": "player_move", "volume": 0.4}
[2026-09-25 21:46:26.820] [SFX] {"sound": "civ_move_2", "volume": 0.1}
[2026-09-25 21:46:26.931] [M] {"button": 1, "pos": [400, 308], "ui_clicked": true}
[2026-09-25 21:46:27.004] [SFX] {"sound": "civ_move_2", "volume": 0.12}
[2026-09-25 21:46:27.004] [SFX] {"sound": "civ_move_2", "volume": 0.29}
[2026-09-25 21:46:27.087] [SFX] {"sound": "civ_move_2", "volume": 0.09}
[2026-09-25 21:46:27.110] [SFX] {"sound": "player_move", "volume": 0.4}
[2026-09-25 21:46:27.111] [SFX] {"sound": "infiltrate 2", "volume": 0.5}
[2026-09-25 21:46:27.155] [SFX] {"sound": "civ_move_1", "volume": 0.15}
[2026-09-25 21:46:27.156] [SFX] {"sound": "civ_move_1", "volume": 0.21}
[2026-09-25 21:46:27.239] [SFX] {"sound": "civ_move_2", "volume": 0.1}
[2026-09-25 21:46:27.405] [SFX] {"sound": "player_move", "volume": 0.4}
[2026-09-25 21:46:27.406] [SFX] {"sound": "civ_move_2", "volume": 0.12}
[2026-09-25 21:46:27.407] [SFX] {"sound": "civ_move_2", "volume": 0.29}
[2026-09-25 21:46:27.502] [SFX] {"sound": "civ_move_2", "volume": 0.11}
[2026-09-25 21:46:27.526] [SFX] {"sound": "infiltrate 1", "volume": 0.5}
[2026-09-25 21:46:27.545] [SFX] {"sound": "threat_pulse", "volume": 0.33}
[2026-09-25 21:46:27.562] [SFX] {"sound": "civ_move_1", "volume": 0.15}
[2026-09-25 21:46:27.563] [SFX] {"sound": "civ_move_1", "volume": 0.23}
[2026-09-25 21:46:27.644] [SFX] {"sound": "civ_move_2", "volume": 0.1}
[2026-09-25 21:46:27.712] [SFX] {"sound": "player_move", "volume": 0.4}
[2026-09-25 21:46:27.810] [SFX] {"sound": "civ_move_2", "volume": 0.12}
[2026-09-25 21:46:27.810] [SFX] {"sound": "civ_move_2", "volume": 0.29}
[2026-09-25 21:46:27.909] [SFX] {"sound": "civ_move_2", "volume": 0.12}
[2026-09-25 21:46:27.931] [SFX] {"sound": "infiltrate 2", "volume": 0.5}
[2026-09-25 21:46:27.963] [SFX] {"sound": "civ_move_1", "volume": 0.13}
[2026-09-25 21:46:27.964] [SFX] {"sound": "civ_move_1", "volume": 0.26}
[2026-09-25 21:46:28.012] [SFX] {"sound": "player_move", "volume": 0.4}
[2026-09-25 21:46:28.050] [SFX] {"sound": "civ_move_2", "volume": 0.1}
[2026-09-25 21:46:28.214] [SFX] {"sound": "civ_move_2", "volume": 0.12}
[2026-09-25 21:46:28.215] [SFX] {"sound": "civ_move_2", "volume": 0.29}
[2026-09-25 21:46:28.314] [SFX] {"sound": "player_move", "volume": 0.4}
[2026-09-25 21:46:28.315] [SFX] {"sound": "civ_move_2", "volume": 0.14}
[2026-09-25 21:46:28.340] [SFX] {"sound": "infiltrate 1", "volume": 0.5}
[2026-09-25 21:46:28.373] [SFX] {"sound": "civ_move_1", "volume": 0.12}
[2026-09-25 21:46:28.373] [SFX] {"sound": "civ_move_1", "volume": 0.28}
[2026-09-25 21:46:28.439] [SFX] {"sound": "threat_pulse", "volume": 0.35}
[2026-09-25 21:46:28.461] [SFX] {"sound": "civ_move_2", "volume": 0.1}
[2026-09-25 21:46:28.623] [SFX] {"sound": "player_move", "volume": 0.4}
[2026-09-25 21:46:28.624] [SFX] {"sound": "civ_move_2", "volume": 0.11}
[2026-09-25 21:46:28.625] [SFX] {"sound": "civ_move_2", "volume": 0.29}
[2026-09-25 21:46:28.646] [C] {"civ_pos": [90, 48]}
[2026-09-25 21:46:28.730] [SFX] {"sound": "civ_move_2", "volume": 0.15}
[2026-09-25 21:46:28.754] [SFX] {"sound": "infiltrate 1", "volume": 0.5}
[2026-09-25 21:46:28.785] [SFX] {"sound": "civ_move_1", "volume": 0.14}
[2026-09-25 21:46:28.786] [SFX] {"sound": "civ_move_1", "volume": 0.29}
[2026-09-25 21:46:28.868] [SFX] {"sound": "civ_move_2", "volume": 0.09}
[2026-09-25 21:46:28.934] [SFX] {"sound": "player_move", "volume": 0.4}
[2026-09-25 21:46:29.036] [SFX] {"sound": "civ_move_2", "volume": 0.1}
[2026-09-25 21:46:29.036] [SFX] {"sound": "civ_move_2", "volume": 0.29}
[2026-09-25 21:46:29.133] [SFX] {"sound": "civ_move_2", "volume": 0.16}
[2026-09-25 21:46:29.155] [SFX] {"sound": "infiltrate 1", "volume": 0.5}
[2026-09-25 21:46:29.185] [SFX] {"sound": "civ_move_1", "volume": 0.13}
[2026-09-25 21:46:29.186] [SFX] {"sound": "civ_move_1", "volume": 0.29}
[2026-09-25 21:46:29.236] [SFX] {"sound": "player_move", "volume": 0.4}
[2026-09-25 21:46:29.268] [SFX] {"sound": "civ_move_2", "volume": 0.08}
[2026-09-25 21:46:29.351] [SFX] {"sound": "threat_pulse", "volume": 0.44}
[2026-09-25 21:46:29.435] [SFX] {"sound": "civ_move_2", "volume": 0.09}
[2026-09-25 21:46:29.436] [SFX] {"sound": "civ_move_2", "volume": 0.29}
[2026-09-25 21:46:29.548] [SFX] {"sound": "player_move", "volume": 0.4}
[2026-09-25 21:46:29.549] [SFX] {"sound": "civ_move_2", "volume": 0.17}
[2026-09-25 21:46:29.572] [SFX] {"sound": "infiltrate 1", "volume": 0.5}
[2026-09-25 21:46:29.601] [SFX] {"sound": "civ_move_1", "volume": 0.12}
[2026-09-25 21:46:29.602] [SFX] {"sound": "civ_move_1", "volume": 0.28}
[2026-09-25 21:46:29.669] [SFX] {"sound": "civ_move_2", "volume": 0.07}
[2026-09-25 21:46:29.837] [SFX] {"sound": "civ_move_2", "volume": 0.08}
[2026-09-25 21:46:29.838] [SFX] {"sound": "civ_move_2", "volume": 0.29}
[2026-09-25 21:46:29.860] [SFX] {"sound": "player_move", "volume": 0.4}
[2026-09-25 21:46:29.939] [SFX] {"sound": "hack_success", "volume": 1.0}
[2026-09-25 21:46:29.940] [JACK] JACK // STOLE 1 DATA FROM KIRA VANCE (DATA COURIER). TARGET FLEEING TO GUARD SPOT!
[2026-09-25 21:46:29.940] [JACK] JACK // HIGH THREAT POTENTIAL. SWITCHES FREQUENCIES FREQUENTLY. KEEP DISTANCE.
[2026-09-25 21:46:29.962] [SFX] {"sound": "civ_move_2", "volume": 0.18}
[2026-09-25 21:46:30.008] [SFX] {"sound": "civ_move_1", "volume": 0.1}
[2026-09-25 21:46:30.009] [SFX] {"sound": "civ_move_1", "volume": 0.27}
[2026-09-25 21:46:30.058] [SFX] {"sound": "threat_pulse", "volume": 0.5}
[2026-09-25 21:46:30.082] [SFX] {"sound": "civ_move_2", "volume": 0.06}
[2026-09-25 21:46:30.242] [SFX] {"sound": "civ_move_2", "volume": 0.3}
[2026-09-25 21:46:30.358] [SFX] {"sound": "civ_move_2", "volume": 0.19}
[2026-09-25 21:46:30.408] [SFX] {"sound": "civ_move_1", "volume": 0.09}
[2026-09-25 21:46:30.409] [SFX] {"sound": "civ_move_1", "volume": 0.26}
[2026-09-25 21:46:30.480] [SFX] {"sound": "civ_move_2", "volume": 0.05}
[2026-09-25 21:46:30.648] [SFX] {"sound": "civ_move_2", "volume": 0.29}
[2026-09-25 21:46:30.670] [SFX] {"sound": "threat_pulse", "volume": 0.47}
[2026-09-25 21:46:30.766] [SFX] {"sound": "civ_move_2", "volume": 0.19}
[2026-09-25 21:46:30.816] [SFX] {"sound": "civ_move_1", "volume": 0.08}
[2026-09-25 21:46:30.816] [SFX] {"sound": "civ_move_1", "volume": 0.24}
[2026-09-25 21:46:30.884] [SFX] {"sound": "civ_move_2", "volume": 0.04}
[2026-09-25 21:46:31.052] [SFX] {"sound": "civ_move_2", "volume": 0.27}
[2026-09-25 21:46:31.169] [SFX] {"sound": "civ_move_2", "volume": 0.2}
[2026-09-25 21:46:31.218] [SFX] {"sound": "civ_move_1", "volume": 0.07}
[2026-09-25 21:46:31.218] [SFX] {"sound": "civ_move_1", "volume": 0.23}
[2026-09-25 21:46:31.269] [SFX] {"sound": "threat_pulse", "volume": 0.44}
[2026-09-25 21:46:31.291] [SFX] {"sound": "civ_move_2", "volume": 0.03}
[2026-09-25 21:46:31.468] [SFX] {"sound": "civ_move_2", "volume": 0.26}
[2026-09-25 21:46:31.569] [SFX] {"sound": "civ_move_2", "volume": 0.2}
[2026-09-25 21:46:31.620] [SFX] {"sound": "civ_move_1", "volume": 0.06}
[2026-09-25 21:46:31.621] [SFX] {"sound": "civ_move_1", "volume": 0.22}
[2026-09-25 21:46:31.687] [SFX] {"sound": "civ_move_2", "volume": 0.02}
[2026-09-25 21:46:31.870] [SFX] {"sound": "civ_move_2", "volume": 0.25}
[2026-09-25 21:46:31.969] [SFX] {"sound": "civ_move_2", "volume": 0.2}
[2026-09-25 21:46:31.970] [SFX] {"sound": "threat_pulse", "volume": 0.4}
[2026-09-25 21:46:32.021] [SFX] {"sound": "civ_move_1", "volume": 0.04}
[2026-09-25 21:46:32.022] [SFX] {"sound": "civ_move_1", "volume": 0.21}
[2026-09-25 21:46:32.088] [SFX] {"sound": "civ_move_2", "volume": 0.02}
[2026-09-25 21:46:32.270] [SFX] {"sound": "civ_move_2", "volume": 0.24}
[2026-09-25 21:46:32.370] [SFX] {"sound": "civ_move_2", "volume": 0.2}
[2026-09-25 21:46:32.435] [SFX] {"sound": "civ_move_1", "volume": 0.03}
[2026-09-25 21:46:32.436] [SFX] {"sound": "civ_move_1", "volume": 0.2}
[2026-09-25 21:46:32.505] [SFX] {"sound": "civ_move_2", "volume": 0.0}
[2026-09-25 21:46:32.672] [SFX] {"sound": "civ_move_2", "volume": 0.22}
[2026-09-25 21:46:32.776] [SFX] {"sound": "civ_move_2", "volume": 0.2}
[2026-09-25 21:46:32.777] [SFX] {"sound": "threat_pulse", "volume": 0.36}
[2026-09-25 21:46:32.850] [SFX] {"sound": "civ_move_1", "volume": 0.02}
[2026-09-25 21:46:32.850] [SFX] {"sound": "civ_move_1", "volume": 0.18}
[2026-09-25 21:46:32.913] [SFX] {"sound": "civ_move_2", "volume": 0.01}
[2026-09-25 21:46:33.079] [SFX] {"sound": "civ_move_1", "volume": 0.0}
[2026-09-25 21:46:33.079] [SFX] {"sound": "civ_move_2", "volume": 0.21}
[2026-09-25 21:46:33.179] [SFX] {"sound": "civ_move_2", "volume": 0.2}
[2026-09-25 21:46:33.265] [SFX] {"sound": "civ_move_1", "volume": 0.01}
[2026-09-25 21:46:33.266] [SFX] {"sound": "civ_move_1", "volume": 0.17}
[2026-09-25 21:46:33.316] [SFX] {"sound": "civ_move_2", "volume": 0.02}
[2026-09-25 21:46:33.401] [M] {"button": 1, "pos": [127, 186], "ui_clicked": false}
[2026-09-25 21:46:33.410] [P] {"start": [88, 48], "goal": [77, 48], "length": 1, "is_direction_change": false}
[2026-09-25 21:46:33.410] [SFX] {"sound": "click_target", "volume": 0.57}
[2026-09-25 21:46:33.480] [SFX] {"sound": "civ_move_1", "volume": 0.01}
[2026-09-25 21:46:33.481] [SFX] {"sound": "civ_move_2", "volume": 0.21}
[2026-09-25 21:46:33.580] [SFX] {"sound": "civ_move_2", "volume": 0.2}
[2026-09-25 21:46:33.630] [SFX] {"sound": "player_move", "volume": 0.4}
[2026-09-25 21:46:33.681] [SFX] {"sound": "civ_move_1", "volume": 0.04}
[2026-09-25 21:46:33.682] [SFX] {"sound": "civ_move_2", "volume": 0.04}
[2026-09-25 21:46:33.682] [SFX] {"sound": "civ_move_1", "volume": 0.02}
[2026-09-25 21:46:33.683] [SFX] {"sound": "threat_pulse", "volume": 0.32}
[2026-09-25 21:46:33.881] [SFX] {"sound": "civ_move_2", "volume": 0.26}
[2026-09-25 21:46:33.931] [SFX] {"sound": "player_move", "volume": 0.4}
[2026-09-25 21:46:33.982] [SFX] {"sound": "civ_move_2", "volume": 0.2}
[2026-09-25 21:46:34.096] [SFX] {"sound": "civ_move_1", "volume": 0.07}
[2026-09-25 21:46:34.097] [SFX] {"sound": "civ_move_2", "volume": 0.1}
[2026-09-25 21:46:34.098] [SFX] {"sound": "civ_move_1", "volume": 0.08}
[2026-09-25 21:46:34.297] [SFX] {"sound": "civ_move_2", "volume": 0.26}
[2026-09-25 21:46:34.381] [SFX] {"sound": "civ_move_2", "volume": 0.2}
[2026-09-25 21:46:34.500] [SFX] {"sound": "civ_move_1", "volume": 0.06}
[2026-09-25 21:46:34.501] [SFX] {"sound": "civ_move_2", "volume": 0.11}
[2026-09-25 21:46:34.501] [SFX] {"sound": "civ_move_1", "volume": 0.09}
[2026-09-25 21:46:34.699] [SFX] {"sound": "civ_move_2", "volume": 0.25}
[2026-09-25 21:46:34.783] [SFX] {"sound": "civ_move_2", "volume": 0.2}
[2026-09-25 21:46:34.913] [SFX] {"sound": "civ_move_1", "volume": 0.04}
[2026-09-25 21:46:34.914] [SFX] {"sound": "civ_move_2", "volume": 0.13}
[2026-09-25 21:46:34.914] [SFX] {"sound": "civ_move_1", "volume": 0.11}
[2026-09-25 21:46:35.100] [SFX] {"sound": "civ_move_2", "volume": 0.25}
[2026-09-25 21:46:35.184] [SFX] {"sound": "civ_move_2", "volume": 0.2}
[2026-09-25 21:46:35.317] [SFX] {"sound": "civ_move_1", "volume": 0.03}
[2026-09-25 21:46:35.318] [SFX] {"sound": "civ_move_2", "volume": 0.14}
[2026-09-25 21:46:35.319] [SFX] {"sound": "civ_move_1", "volume": 0.12}
[2026-09-25 21:46:35.350] [SFX] {"sound": "civ_move_2", "volume": 0.0}
[2026-09-25 21:46:35.514] [SFX] {"sound": "civ_move_2", "volume": 0.24}
[2026-09-25 21:46:35.598] [SFX] {"sound": "civ_move_2", "volume": 0.2}
[2026-09-25 21:46:35.733] [SFX] {"sound": "civ_move_1", "volume": 0.02}
[2026-09-25 21:46:35.734] [SFX] {"sound": "civ_move_2", "volume": 0.15}
[2026-09-25 21:46:35.735] [SFX] {"sound": "civ_move_1", "volume": 0.13}
[2026-09-25 21:46:35.768] [SFX] {"sound": "civ_move_2", "volume": 0.01}
[2026-09-25 21:46:35.917] [SFX] {"sound": "civ_move_1", "volume": 0.0}
[2026-09-25 21:46:35.918] [SFX] {"sound": "civ_move_2", "volume": 0.24}
[2026-09-25 21:46:36.001] [SFX] {"sound": "civ_move_2", "volume": 0.2}
[2026-09-25 21:46:36.136] [SFX] {"sound": "civ_move_1", "volume": 0.01}
[2026-09-25 21:46:36.137] [SFX] {"sound": "civ_move_2", "volume": 0.16}
[2026-09-25 21:46:36.138] [SFX] {"sound": "civ_move_1", "volume": 0.14}
[2026-09-25 21:46:36.171] [SFX] {"sound": "civ_move_2", "volume": 0.02}
[2026-09-25 21:46:36.319] [SFX] {"sound": "civ_move_1", "volume": 0.01}
[2026-09-25 21:46:36.319] [SFX] {"sound": "civ_move_2", "volume": 0.23}
[2026-09-25 21:46:36.401] [SFX] {"sound": "civ_move_2", "volume": 0.19}
[2026-09-25 21:46:36.550] [SFX] {"sound": "civ_move_2", "volume": 0.18}
[2026-09-25 21:46:36.564] [SFX] {"sound": "civ_move_1", "volume": 0.15}
[2026-09-25 21:46:36.585] [SFX] {"sound": "civ_move_2", "volume": 0.03}
[2026-09-25 21:46:36.668] [M] {"button": 1, "pos": [152, 113], "ui_clicked": true}
[2026-09-25 21:46:36.726] [SFX] {"sound": "civ_move_1", "volume": 0.02}
[2026-09-25 21:46:36.727] [SFX] {"sound": "civ_move_2", "volume": 0.22}
[2026-09-25 21:46:36.809] [SFX] {"sound": "civ_move_2", "volume": 0.19}
[2026-09-25 21:46:36.956] [SFX] {"sound": "civ_move_1", "volume": 0.17}
[2026-09-25 21:46:36.990] [SFX] {"sound": "civ_move_2", "volume": 0.05}
[2026-09-25 21:46:37.139] [SFX] {"sound": "civ_move_1", "volume": 0.03}
[2026-09-25 21:46:37.139] [SFX] {"sound": "civ_move_2", "volume": 0.01}
[2026-09-25 21:46:37.140] [SFX] {"sound": "civ_move_2", "volume": 0.21}
[2026-09-25 21:46:37.222] [SFX] {"sound": "civ_move_2", "volume": 0.19}
[2026-09-25 21:46:37.356] [SFX] {"sound": "civ_move_2", "volume": 0.2}
[2026-09-25 21:46:37.357] [SFX] {"sound": "civ_move_1", "volume": 0.18}
[2026-09-25 21:46:37.389] [SFX] {"sound": "civ_move_2", "volume": 0.05}
[2026-09-25 21:46:37.539] [SFX] {"sound": "civ_move_1", "volume": 0.04}
[2026-09-25 21:46:37.540] [SFX] {"sound": "civ_move_2", "volume": 0.02}
[2026-09-25 21:46:37.541] [SFX] {"sound": "civ_move_2", "volume": 0.2}
[2026-09-25 21:46:37.574] [M] {"button": 1, "pos": [151, 82], "ui_clicked": true}
[2026-09-25 21:46:37.631] [SFX] {"sound": "civ_move_2", "volume": 0.2}
[2026-09-25 21:46:37.764] [SFX] {"sound": "civ_move_2", "volume": 0.21}
[2026-09-25 21:46:37.764] [SFX] {"sound": "civ_move_1", "volume": 0.19}
[2026-09-25 21:46:37.800] [SFX] {"sound": "civ_move_2", "volume": 0.07}
[2026-09-25 21:46:37.950] [SFX] {"sound": "civ_move_1", "volume": 0.05}
[2026-09-25 21:46:37.951] [SFX] {"sound": "civ_move_2", "volume": 0.03}
[2026-09-25 21:46:37.952] [SFX] {"sound": "civ_move_2", "volume": 0.19}
[2026-09-25 21:46:38.134] [M] {"button": 1, "pos": [151, 81], "ui_clicked": true}
[2026-09-25 21:46:38.172] [JACK] Deck-Einstellungen werden angepasst...
[2026-09-25 21:46:38.190] [SFX] {"sound": "civ_move_2", "volume": 0.22}
[2026-09-25 21:46:38.191] [SFX] {"sound": "civ_move_1", "volume": 0.2}
[2026-09-25 21:46:38.208] [SFX] {"sound": "civ_move_2", "volume": 0.08}
[2026-09-25 21:46:38.364] [SFX] {"sound": "civ_move_1", "volume": 0.06}
[2026-09-25 21:46:38.365] [SFX] {"sound": "civ_move_2", "volume": 0.04}
[2026-09-25 21:46:38.366] [SFX] {"sound": "civ_move_2", "volume": 0.18}
[2026-09-25 21:46:38.447] [SFX] {"sound": "civ_move_2", "volume": 0.19}
[2026-09-25 21:46:38.595] [M] {"button": 1, "pos": [150, 72], "ui_clicked": true}
[2026-09-25 21:46:38.625] [SFX] {"sound": "civ_move_2", "volume": 0.19}
[2026-09-25 21:46:38.626] [SFX] {"sound": "civ_move_1", "volume": 0.22}
[2026-09-25 21:46:38.646] [SFX] {"sound": "civ_move_2", "volume": 0.09}
[2026-09-25 21:46:38.773] [SFX] {"sound": "civ_move_2", "volume": 0.05}
[2026-09-25 21:46:38.774] [SFX] {"sound": "civ_move_2", "volume": 0.19}
[2026-09-25 21:46:38.856] [SFX] {"sound": "civ_move_2", "volume": 0.23}
[2026-09-25 21:46:39.008] [SFX] {"sound": "civ_move_2", "volume": 0.19}
[2026-09-25 21:46:39.009] [SFX] {"sound": "civ_move_1", "volume": 0.23}
[2026-09-25 21:46:39.042] [SFX] {"sound": "civ_move_2", "volume": 0.1}
[2026-09-25 21:46:39.105] [SFX] {"sound": "civ_move_2", "volume": 0.06}
[2026-09-25 21:46:39.188] [SFX] {"sound": "civ_move_2", "volume": 0.19}
[2026-09-25 21:46:39.271] [SFX] {"sound": "civ_move_2", "volume": 0.22}
[2026-09-25 21:46:39.420] [SFX] {"sound": "civ_move_2", "volume": 0.2}
[2026-09-25 21:46:39.420] [SFX] {"sound": "civ_move_1", "volume": 0.24}
[2026-09-25 21:46:39.453] [SFX] {"sound": "civ_move_2", "volume": 0.11}
[2026-09-25 21:46:39.519] [SFX] {"sound": "civ_move_2", "volume": 0.06}
[2026-09-25 21:46:39.602] [SFX] {"sound": "civ_move_2", "volume": 0.07}
[2026-09-25 21:46:39.603] [SFX] {"sound": "civ_move_2", "volume": 0.19}
[2026-09-25 21:46:39.670] [SFX] {"sound": "civ_move_2", "volume": 0.21}
[2026-09-25 21:46:39.737] [M] {"button": 1, "pos": [155, 118], "ui_clicked": true}
[2026-09-25 21:46:39.824] [SFX] {"sound": "civ_move_2", "volume": 0.19}
[2026-09-25 21:46:39.825] [SFX] {"sound": "civ_move_1", "volume": 0.25}
[2026-09-25 21:46:39.859] [SFX] {"sound": "civ_move_2", "volume": 0.12}
[2026-09-25 21:46:39.924] [SFX] {"sound": "civ_move_2", "volume": 0.06}
[2026-09-25 21:46:40.009] [SFX] {"sound": "civ_move_2", "volume": 0.08}
[2026-09-25 21:46:40.010] [SFX] {"sound": "civ_move_2", "volume": 0.19}
[2026-09-25 21:46:40.224] [SFX] {"sound": "civ_move_1", "volume": 0.27}
[2026-09-25 21:46:40.258] [SFX] {"sound": "civ_move_2", "volume": 0.12}
[2026-09-25 21:46:40.341] [SFX] {"sound": "civ_move_2", "volume": 0.05}
[2026-09-25 21:46:40.422] [SFX] {"sound": "civ_move_2", "volume": 0.09}
[2026-09-25 21:46:40.487] [SFX] {"sound": "civ_move_2", "volume": 0.18}
[2026-09-25 21:46:40.636] [SFX] {"sound": "civ_move_2", "volume": 0.19}
[2026-09-25 21:46:40.637] [SFX] {"sound": "civ_move_1", "volume": 0.28}
[2026-09-25 21:46:40.671] [M] {"button": 1, "pos": [114, 185], "ui_clicked": false}
[2026-09-25 21:46:40.679] [SFX] {"sound": "civ_move_2", "volume": 0.13}
[2026-09-25 21:46:40.680] [P] {"start": [77, 48], "goal": [68, 48], "length": 1, "is_direction_change": false}
[2026-09-25 21:46:40.682] [SFX] {"sound": "click_target", "volume": 0.62}
[2026-09-25 21:46:40.718] [C] {"civ_pos": [74, 48]}
[2026-09-25 21:46:40.756] [SFX] {"sound": "civ_move_2", "volume": 0.03}
[2026-09-25 21:46:40.823] [SFX] {"sound": "civ_move_2", "volume": 0.08}
[2026-09-25 21:46:40.889] [SFX] {"sound": "civ_move_2", "volume": 0.2}
[2026-09-25 21:46:40.921] [SFX] {"sound": "player_move", "volume": 0.4}
[2026-09-25 21:46:40.944] [SENTINEL_ALARM_DISPATCHED] {"guard": [78, 36], "investigate": [71, 48]}
[2026-09-25 21:46:40.962] [SFX] {"sound": "guardian_move", "volume": 0.26}
[2026-09-25 21:46:41.041] [SFX] {"sound": "civ_move_2", "volume": 0.2}
[2026-09-25 21:46:41.042] [SFX] {"sound": "civ_move_1", "volume": 0.25}
[2026-09-25 21:46:41.078] [SFX] {"sound": "civ_move_2", "volume": 0.1}
[2026-09-25 21:46:41.231] [SFX] {"sound": "civ_move_2", "volume": 0.05}
[2026-09-25 21:46:41.304] [SFX] {"sound": "civ_move_2", "volume": 0.22}
[2026-09-25 21:46:41.452] [SFX] {"sound": "civ_move_2", "volume": 0.19}
[2026-09-25 21:46:41.453] [SFX] {"sound": "civ_move_1", "volume": 0.23}
[2026-09-25 21:46:41.487] [SFX] {"sound": "civ_move_2", "volume": 0.1}
[2026-09-25 21:46:41.570] [SFX] {"sound": "guardian_move", "volume": 0.23}
[2026-09-25 21:46:41.638] [SFX] {"sound": "civ_move_2", "volume": 0.06}
[2026-09-25 21:46:41.708] [SFX] {"sound": "civ_move_2", "volume": 0.21}
[2026-09-25 21:46:41.855] [SFX] {"sound": "civ_move_2", "volume": 0.18}
[2026-09-25 21:46:41.856] [SFX] {"sound": "civ_move_1", "volume": 0.22}
[2026-09-25 21:46:41.891] [M] {"button": 1, "pos": [286, 85], "ui_clicked": false}
[2026-09-25 21:46:41.899] [SFX] {"sound": "civ_move_2", "volume": 0.11}
[2026-09-25 21:46:42.043] [SFX] {"sound": "civ_move_2", "volume": 0.07}
[2026-09-25 21:46:42.112] [SFX] {"sound": "civ_move_2", "volume": 0.2}
[2026-09-25 21:46:42.179] [SFX] {"sound": "guardian_move", "volume": 0.24}
[2026-09-25 21:46:42.263] [SFX] {"sound": "civ_move_2", "volume": 0.17}
[2026-09-25 21:46:42.264] [SFX] {"sound": "civ_move_1", "volume": 0.21}
[2026-09-25 21:46:42.299] [SFX] {"sound": "civ_move_2", "volume": 0.12}
[2026-09-25 21:46:42.315] [M] {"button": 1, "pos": [299, 88], "ui_clicked": false}
[2026-09-25 21:46:42.322] [P] {"start": [68, 48], "goal": [70, 42], "length": 2, "is_direction_change": false}
[2026-09-25 21:46:42.323] [SFX] {"sound": "click_target", "volume": 0.85}
[2026-09-25 21:46:42.431] [SFX] {"sound": "player_move", "volume": 0.4}
[2026-09-25 21:46:42.454] [SFX] {"sound": "civ_move_2", "volume": 0.09}
[2026-09-25 21:46:42.517] [SFX] {"sound": "civ_move_2", "volume": 0.14}
[2026-09-25 21:46:42.664] [SFX] {"sound": "civ_move_2", "volume": 0.16}
[2026-09-25 21:46:42.665] [SFX] {"sound": "civ_move_1", "volume": 0.16}
[2026-09-25 21:46:42.698] [SFX] {"sound": "civ_move_2", "volume": 0.17}
[2026-09-25 21:46:42.783] [SFX] {"sound": "guardian_move", "volume": 0.32}
[2026-09-25 21:46:42.864] [SFX] {"sound": "civ_move_2", "volume": 0.09}
[2026-09-25 21:46:42.930] [SFX] {"sound": "civ_move_2", "volume": 0.12}
[2026-09-25 21:46:43.079] [SFX] {"sound": "civ_move_2", "volume": 0.14}
[2026-09-25 21:46:43.080] [SFX] {"sound": "civ_move_1", "volume": 0.15}
[2026-09-25 21:46:43.113] [SFX] {"sound": "civ_move_2", "volume": 0.18}
[2026-09-25 21:46:43.279] [SFX] {"sound": "civ_move_2", "volume": 0.1}
[2026-09-25 21:46:43.329] [SFX] {"sound": "guardian_move", "volume": 0.02}
[2026-09-25 21:46:43.351] [SFX] {"sound": "civ_move_2", "volume": 0.11}
[2026-09-25 21:46:43.397] [SFX] {"sound": "guardian_move", "volume": 0.32}
[2026-09-25 21:46:43.494] [SFX] {"sound": "civ_move_2", "volume": 0.14}
[2026-09-25 21:46:43.495] [SFX] {"sound": "civ_move_1", "volume": 0.14}
[2026-09-25 21:46:43.529] [SFX] {"sound": "civ_move_2", "volume": 0.19}
[2026-09-25 21:46:43.690] [SFX] {"sound": "civ_move_2", "volume": 0.11}
[2026-09-25 21:46:43.758] [SFX] {"sound": "civ_move_2", "volume": 0.1}
[2026-09-25 21:46:43.894] [SFX] {"sound": "civ_move_2", "volume": 0.13}
[2026-09-25 21:46:43.895] [SFX] {"sound": "civ_move_1", "volume": 0.13}
[2026-09-25 21:46:43.943] [SFX] {"sound": "guardian_move", "volume": 0.04}
[2026-09-25 21:46:43.944] [SFX] {"sound": "civ_move_2", "volume": 0.2}
[2026-09-25 21:46:43.997] [SFX] {"sound": "guardian_move", "volume": 0.34}
[2026-09-25 21:46:44.097] [SFX] {"sound": "civ_move_2", "volume": 0.11}
[2026-09-25 21:46:44.168] [JACK] Überall Wacheinheiten... Ihr bedrohliches Summen brennt sich ins Deck.
[2026-09-25 21:46:44.187] [SFX] {"sound": "civ_move_2", "volume": 0.09}
[2026-09-25 21:46:44.298] [SFX] {"sound": "civ_move_2", "volume": 0.12}
[2026-09-25 21:46:44.299] [SFX] {"sound": "civ_move_1", "volume": 0.12}
[2026-09-25 21:46:44.349] [SFX] {"sound": "civ_move_2", "volume": 0.21}
[2026-09-25 21:46:44.499] [SFX] {"sound": "civ_move_2", "volume": 0.12}
[2026-09-25 21:46:44.548] [M] {"button": 1, "pos": [188, 251], "ui_clicked": false}
[2026-09-25 21:46:44.556] [SFX] {"sound": "guardian_move", "volume": 0.06}
[2026-09-25 21:46:44.584] [SFX] {"sound": "civ_move_2", "volume": 0.08}
[2026-09-25 21:46:44.607] [SFX] {"sound": "guardian_move", "volume": 0.36}
[2026-09-25 21:46:44.700] [SFX] {"sound": "civ_move_2", "volume": 0.12}
[2026-09-25 21:46:44.701] [SFX] {"sound": "civ_move_1", "volume": 0.11}
[2026-09-25 21:46:44.751] [SFX] {"sound": "civ_move_2", "volume": 0.21}
[2026-09-25 21:46:44.786] [SFX] {"sound": "threat_pulse", "volume": 0.32}
[2026-09-25 21:46:44.900] [M] {"button": 1, "pos": [189, 240], "ui_clicked": false}
[2026-09-25 21:46:44.908] [SFX] {"sound": "civ_move_2", "volume": 0.13}
[2026-09-25 21:46:44.908] [P] {"start": [70, 42], "goal": [62, 48], "length": 2, "is_direction_change": false}
[2026-09-25 21:46:44.909] [SFX] {"sound": "click_target", "volume": 0.6}
[2026-09-25 21:46:44.934] [JACK] Verdammt, die Sentinels kreisen um uns... Ich habe echte Angst, ertappt zu werden!
[2026-09-25 21:46:44.935] [SFX] {"sound": "player_move", "volume": 0.4}
[2026-09-25 21:46:44.998] [SFX] {"sound": "civ_move_2", "volume": 0.08}
[2026-09-25 21:46:45.115] [SFX] {"sound": "civ_move_2", "volume": 0.12}
[2026-09-25 21:46:45.116] [SFX] {"sound": "civ_move_1", "volume": 0.11}
[2026-09-25 21:46:45.151] [SFX] {"sound": "guardian_move", "volume": 0.08}
[2026-09-25 21:46:45.151] [SFX] {"sound": "civ_move_2", "volume": 0.18}
[2026-09-25 21:46:45.214] [SFX] {"sound": "guardian_move", "volume": 0.33}
[2026-09-25 21:46:45.236] [SFX] {"sound": "player_move", "volume": 0.4}
[2026-09-25 21:46:45.316] [SFX] {"sound": "civ_move_2", "volume": 0.14}
[2026-09-25 21:46:45.414] [SFX] {"sound": "civ_move_2", "volume": 0.12}
[2026-09-25 21:46:45.532] [SFX] {"sound": "player_move", "volume": 0.4}
[2026-09-25 21:46:45.532] [SFX] {"sound": "civ_move_2", "volume": 0.08}
[2026-09-25 21:46:45.533] [SFX] {"sound": "civ_move_1", "volume": 0.07}
[2026-09-25 21:46:45.565] [SFX] {"sound": "civ_move_2", "volume": 0.16}
[2026-09-25 21:46:45.646] [SFX] {"sound": "civ_move_1", "volume": 0.01}
[2026-09-25 21:46:45.727] [SFX] {"sound": "civ_move_2", "volume": 0.11}
[2026-09-25 21:46:45.762] [SFX] {"sound": "guardian_move", "volume": 0.04}
[2026-09-25 21:46:45.830] [SFX] {"sound": "guardian_move", "volume": 0.31}
[2026-09-25 21:46:45.830] [SFX] {"sound": "civ_move_2", "volume": 0.13}
[2026-09-25 21:46:45.947] [SFX] {"sound": "civ_move_2", "volume": 0.06}
[2026-09-25 21:46:45.948] [SFX] {"sound": "civ_move_1", "volume": 0.05}
[2026-09-25 21:46:45.981] [SFX] {"sound": "civ_move_2", "volume": 0.16}
[2026-09-25 21:46:46.047] [SFX] {"sound": "civ_move_1", "volume": 0.02}
[2026-09-25 21:46:46.130] [SFX] {"sound": "civ_move_2", "volume": 0.12}
[2026-09-25 21:46:46.348] [SFX] {"sound": "civ_move_2", "volume": 0.05}
[2026-09-25 21:46:46.349] [SFX] {"sound": "civ_move_1", "volume": 0.04}
[2026-09-25 21:46:46.370] [SFX] {"sound": "guardian_move", "volume": 0.06}
[2026-09-25 21:46:46.387] [SFX] {"sound": "civ_move_2", "volume": 0.17}
[2026-09-25 21:46:46.432] [SFX] {"sound": "guardian_move", "volume": 0.32}
[2026-09-25 21:46:46.454] [SFX] {"sound": "civ_move_1", "volume": 0.04}
[2026-09-25 21:46:46.534] [SFX] {"sound": "civ_move_2", "volume": 0.12}
[2026-09-25 21:46:46.633] [SFX] {"sound": "civ_move_2", "volume": 0.11}
[2026-09-25 21:46:46.749] [SFX] {"sound": "civ_move_2", "volume": 0.04}
[2026-09-25 21:46:46.749] [SFX] {"sound": "civ_move_1", "volume": 0.03}
[2026-09-25 21:46:46.782] [SFX] {"sound": "civ_move_2", "volume": 0.17}
[2026-09-25 21:46:46.863] [SFX] {"sound": "civ_move_1", "volume": 0.05}
[2026-09-25 21:46:46.949] [SFX] {"sound": "civ_move_2", "volume": 0.13}
[2026-09-25 21:46:46.971] [SFX] {"sound": "guardian_move", "volume": 0.08}
[2026-09-25 21:46:47.034] [SFX] {"sound": "guardian_move", "volume": 0.32}
[2026-09-25 21:46:47.035] [SFX] {"sound": "civ_move_2", "volume": 0.1}
[2026-09-25 21:46:47.151] [SFX] {"sound": "civ_move_2", "volume": 0.03}
[2026-09-25 21:46:47.152] [SFX] {"sound": "civ_move_1", "volume": 0.01}
[2026-09-25 21:46:47.185] [SFX] {"sound": "civ_move_2", "volume": 0.18}
[2026-09-25 21:46:47.186] [SFX] {"sound": "civ_move_1", "volume": 0.12}
[2026-09-25 21:46:47.268] [SFX] {"sound": "civ_move_1", "volume": 0.06}
[2026-09-25 21:46:47.351] [SFX] {"sound": "civ_move_2", "volume": 0.14}
[2026-09-25 21:46:47.434] [SFX] {"sound": "civ_move_2", "volume": 0.09}
[2026-09-25 21:46:47.566] [SFX] {"sound": "guardian_move", "volume": 0.1}
[2026-09-25 21:46:47.566] [SFX] {"sound": "civ_move_2", "volume": 0.02}
[2026-09-25 21:46:47.567] [SFX] {"sound": "civ_move_1", "volume": 0.0}
[2026-09-25 21:46:47.600] [SFX] {"sound": "civ_move_2", "volume": 0.18}
[2026-09-25 21:46:47.601] [SFX] {"sound": "civ_move_1", "volume": 0.01}
[2026-09-25 21:46:47.601] [SFX] {"sound": "civ_move_1", "volume": 0.12}
[2026-09-25 21:46:47.665] [SFX] {"sound": "guardian_move", "volume": 0.32}
[2026-09-25 21:46:47.688] [SFX] {"sound": "civ_move_1", "volume": 0.07}
[2026-09-25 21:46:47.751] [SFX] {"sound": "civ_move_2", "volume": 0.15}
[2026-09-25 21:46:47.850] [SFX] {"sound": "civ_move_2", "volume": 0.07}
[2026-09-25 21:46:47.966] [SFX] {"sound": "civ_move_2", "volume": 0.01}
[2026-09-25 21:46:48.000] [SFX] {"sound": "civ_move_2", "volume": 0.18}
[2026-09-25 21:46:48.001] [SFX] {"sound": "civ_move_1", "volume": 0.02}
[2026-09-25 21:46:48.023] [SFX] {"sound": "civ_move_1", "volume": 0.15}
[2026-09-25 21:46:48.087] [SFX] {"sound": "civ_move_1", "volume": 0.08}
[2026-09-25 21:46:48.152] [SFX] {"sound": "civ_move_2", "volume": 0.16}
[2026-09-25 21:46:48.174] [SFX] {"sound": "guardian_move", "volume": 0.12}
[2026-09-25 21:46:48.251] [SFX] {"sound": "civ_move_2", "volume": 0.06}
[2026-09-25 21:46:48.273] [SFX] {"sound": "guardian_move", "volume": 0.31}
[2026-09-25 21:46:48.402] [SFX] {"sound": "civ_move_2", "volume": 0.18}
[2026-09-25 21:46:48.403] [SFX] {"sound": "civ_move_1", "volume": 0.03}
[2026-09-25 21:46:48.424] [SFX] {"sound": "civ_move_1", "volume": 0.17}
[2026-09-25 21:46:48.502] [SFX] {"sound": "civ_move_1", "volume": 0.1}
[2026-09-25 21:46:48.568] [SFX] {"sound": "civ_move_2", "volume": 0.17}
[2026-09-25 21:46:48.665] [SFX] {"sound": "civ_move_2", "volume": 0.05}
[2026-09-25 21:46:48.782] [SFX] {"sound": "guardian_move", "volume": 0.14}
[2026-09-25 21:46:48.816] [SFX] {"sound": "civ_move_2", "volume": 0.18}
[2026-09-25 21:46:48.817] [SFX] {"sound": "civ_move_1", "volume": 0.04}
[2026-09-25 21:46:48.838] [SFX] {"sound": "civ_move_1", "volume": 0.18}
[2026-09-25 21:46:48.883] [SFX] {"sound": "guardian_move", "volume": 0.3}
[2026-09-25 21:46:48.916] [SFX] {"sound": "civ_move_1", "volume": 0.11}
[2026-09-25 21:46:48.982] [SFX] {"sound": "civ_move_2", "volume": 0.18}
[2026-09-25 21:46:49.080] [SFX] {"sound": "civ_move_2", "volume": 0.04}
[2026-09-25 21:46:49.229] [SFX] {"sound": "civ_move_2", "volume": 0.18}
[2026-09-25 21:46:49.229] [SFX] {"sound": "civ_move_1", "volume": 0.05}
[2026-09-25 21:46:49.251] [SFX] {"sound": "civ_move_1", "volume": 0.19}
[2026-09-25 21:46:49.329] [SFX] {"sound": "civ_move_1", "volume": 0.12}
[2026-09-25 21:46:49.396] [SFX] {"sound": "guardian_move", "volume": 0.16}
[2026-09-25 21:46:49.397] [SFX] {"sound": "civ_move_2", "volume": 0.18}
[2026-09-25 21:46:49.494] [SFX] {"sound": "guardian_move", "volume": 0.29}
[2026-09-25 21:46:49.495] [SFX] {"sound": "civ_move_2", "volume": 0.02}
[2026-09-25 21:46:49.642] [SFX] {"sound": "civ_move_2", "volume": 0.17}
[2026-09-25 21:46:49.643] [SFX] {"sound": "civ_move_1", "volume": 0.05}
[2026-09-25 21:46:49.664] [SFX] {"sound": "civ_move_1", "volume": 0.2}
[2026-09-25 21:46:49.743] [SFX] {"sound": "civ_move_1", "volume": 0.13}
[2026-09-25 21:46:49.894] [SFX] {"sound": "civ_move_2", "volume": 0.01}
[2026-09-25 21:46:50.010] [SFX] {"sound": "guardian_move", "volume": 0.17}
[2026-09-25 21:46:50.042] [SFX] {"sound": "civ_move_2", "volume": 0.17}
[2026-09-25 21:46:50.043] [SFX] {"sound": "civ_move_1", "volume": 0.06}
[2026-09-25 21:46:50.066] [SFX] {"sound": "civ_move_1", "volume": 0.22}
[2026-09-25 21:46:50.097] [SFX] {"sound": "guardian_move", "volume": 0.27}
[2026-09-25 21:46:50.148] [SFX] {"sound": "civ_move_1", "volume": 0.15}
[2026-09-25 21:46:50.298] [SFX] {"sound": "civ_move_2", "volume": 0.01}
[2026-09-25 21:46:50.447] [SFX] {"sound": "civ_move_2", "volume": 0.16}
[2026-09-25 21:46:50.447] [SFX] {"sound": "civ_move_1", "volume": 0.07}
[2026-09-25 21:46:50.470] [SFX] {"sound": "civ_move_1", "volume": 0.23}
[2026-09-25 21:46:50.548] [SFX] {"sound": "civ_move_1", "volume": 0.16}
[2026-09-25 21:46:50.616] [SFX] {"sound": "guardian_move", "volume": 0.19}
[2026-09-25 21:46:50.698] [SFX] {"sound": "guardian_move", "volume": 0.25}
[2026-09-25 21:46:50.699] [SFX] {"sound": "civ_move_2", "volume": 0.01}
[2026-09-25 21:46:50.849] [SFX] {"sound": "civ_move_2", "volume": 0.16}
[2026-09-25 21:46:50.850] [SFX] {"sound": "civ_move_1", "volume": 0.08}
[2026-09-25 21:46:50.871] [SFX] {"sound": "civ_move_1", "volume": 0.24}
[2026-09-25 21:46:50.949] [SFX] {"sound": "civ_move_1", "volume": 0.17}
[2026-09-25 21:46:51.098] [SFX] {"sound": "civ_move_2", "volume": 0.01}
[2026-09-25 21:46:51.217] [SFX] {"sound": "guardian_move", "volume": 0.21}
[2026-09-25 21:46:51.253] [SFX] {"sound": "civ_move_2", "volume": 0.15}
[2026-09-25 21:46:51.254] [SFX] {"sound": "civ_move_1", "volume": 0.09}
[2026-09-25 21:46:51.275] [SFX] {"sound": "civ_move_1", "volume": 0.25}
[2026-09-25 21:46:51.303] [SFX] {"sound": "guardian_move", "volume": 0.23}
[2026-09-25 21:46:51.353] [SFX] {"sound": "civ_move_1", "volume": 0.18}
[2026-09-25 21:46:51.502] [SFX] {"sound": "civ_move_2", "volume": 0.01}
[2026-09-25 21:46:51.652] [SFX] {"sound": "civ_move_2", "volume": 0.14}
[2026-09-25 21:46:51.653] [SFX] {"sound": "civ_move_1", "volume": 0.1}
[2026-09-25 21:46:51.673] [SFX] {"sound": "civ_move_1", "volume": 0.26}
[2026-09-25 21:46:51.753] [SFX] {"sound": "civ_move_1", "volume": 0.2}
[2026-09-25 21:46:51.819] [SFX] {"sound": "guardian_move", "volume": 0.23}
[2026-09-25 21:46:51.902] [SFX] {"sound": "civ_move_2", "volume": 0.01}
[2026-09-25 21:46:51.926] [SFX] {"sound": "guardian_move", "volume": 0.22}
[2026-09-25 21:46:52.055] [SFX] {"sound": "civ_move_2", "volume": 0.13}
[2026-09-25 21:46:52.056] [SFX] {"sound": "civ_move_1", "volume": 0.11}
[2026-09-25 21:46:52.077] [SFX] {"sound": "civ_move_1", "volume": 0.28}
[2026-09-25 21:46:52.154] [SFX] {"sound": "civ_move_1", "volume": 0.21}
[2026-09-25 21:46:52.303] [SFX] {"sound": "civ_move_2", "volume": 0.0}
[2026-09-25 21:46:52.336] [C] {"civ_pos": [60, 48]}
[2026-09-25 21:46:52.383] [JACK] Schon wieder ein ziviler Datenknoten auf unserem Schirm.
[2026-09-25 21:46:52.429] [SFX] {"sound": "guardian_move", "volume": 0.24}
[2026-09-25 21:46:52.462] [SFX] {"sound": "civ_move_2", "volume": 0.13}
[2026-09-25 21:46:52.463] [SFX] {"sound": "civ_move_1", "volume": 0.12}
[2026-09-25 21:46:52.485] [SFX] {"sound": "civ_move_1", "volume": 0.29}
[2026-09-25 21:46:52.531] [SFX] {"sound": "guardian_move", "volume": 0.2}
[2026-09-25 21:46:52.566] [SFX] {"sound": "civ_move_1", "volume": 0.22}
[2026-09-25 21:46:52.717] [SFX] {"sound": "civ_move_2", "volume": 0.0}
[2026-09-25 21:46:52.867] [SFX] {"sound": "civ_move_2", "volume": 0.12}
[2026-09-25 21:46:52.868] [SFX] {"sound": "civ_move_1", "volume": 0.13}
[2026-09-25 21:46:52.891] [SFX] {"sound": "civ_move_1", "volume": 0.3}
[2026-09-25 21:46:52.972] [SFX] {"sound": "civ_move_1", "volume": 0.23}
[2026-09-25 21:46:53.036] [SFX] {"sound": "guardian_move", "volume": 0.25}
[2026-09-25 21:46:53.134] [SFX] {"sound": "guardian_move", "volume": 0.18}
[2026-09-25 21:46:53.268] [SFX] {"sound": "civ_move_2", "volume": 0.11}
[2026-09-25 21:46:53.268] [SFX] {"sound": "civ_move_1", "volume": 0.14}
[2026-09-25 21:46:53.290] [SFX] {"sound": "civ_move_1", "volume": 0.29}
[2026-09-25 21:46:53.383] [SFX] {"sound": "civ_move_1", "volume": 0.24}
[2026-09-25 21:46:53.646] [SFX] {"sound": "guardian_move", "volume": 0.26}
[2026-09-25 21:46:53.681] [SFX] {"sound": "civ_move_2", "volume": 0.1}
[2026-09-25 21:46:53.681] [SFX] {"sound": "civ_move_1", "volume": 0.15}
[2026-09-25 21:46:53.706] [SFX] {"sound": "civ_move_1", "volume": 0.27}
[2026-09-25 21:46:53.736] [SFX] {"sound": "guardian_move", "volume": 0.16}
[2026-09-25 21:46:53.785] [SFX] {"sound": "civ_move_1", "volume": 0.26}
[2026-09-25 21:46:54.085] [SFX] {"sound": "civ_move_2", "volume": 0.09}
[2026-09-25 21:46:54.086] [SFX] {"sound": "civ_move_1", "volume": 0.16}
[2026-09-25 21:46:54.112] [SFX] {"sound": "civ_move_1", "volume": 0.26}
[2026-09-25 21:46:54.191] [SFX] {"sound": "civ_move_1", "volume": 0.27}
[2026-09-25 21:46:54.255] [SFX] {"sound": "guardian_move", "volume": 0.27}
[2026-09-25 21:46:54.338] [SFX] {"sound": "guardian_move", "volume": 0.15}
[2026-09-25 21:46:54.486] [SFX] {"sound": "civ_move_2", "volume": 0.08}
[2026-09-25 21:46:54.487] [SFX] {"sound": "civ_move_1", "volume": 0.17}
[2026-09-25 21:46:54.518] [SFX] {"sound": "civ_move_1", "volume": 0.25}
[2026-09-25 21:46:54.600] [SFX] {"sound": "civ_move_1", "volume": 0.28}
[2026-09-25 21:46:54.835] [SFX] {"sound": "threat_pulse", "volume": 0.3}
[2026-09-25 21:46:54.859] [C] {"civ_pos": [60, 48]}
[2026-09-25 21:46:54.887] [SFX] {"sound": "guardian_move", "volume": 0.36}
[2026-09-25 21:46:54.907] [SFX] {"sound": "civ_move_2", "volume": 0.07}
[2026-09-25 21:46:54.908] [SFX] {"sound": "civ_move_1", "volume": 0.17}
[2026-09-25 21:46:54.927] [SFX] {"sound": "civ_move_1", "volume": 0.24}
[2026-09-25 21:46:54.946] [SFX] {"sound": "guardian_move", "volume": 0.12}
[2026-09-25 21:46:55.007] [SFX] {"sound": "civ_move_1", "volume": 0.29}
[2026-09-25 21:46:55.306] [SFX] {"sound": "civ_move_2", "volume": 0.06}
[2026-09-25 21:46:55.306] [SFX] {"sound": "civ_move_1", "volume": 0.18}
[2026-09-25 21:46:55.339] [M] {"button": 1, "pos": [135, 204], "ui_clicked": false}
[2026-09-25 21:46:55.407] [SFX] {"sound": "civ_move_1", "volume": 0.3}
[2026-09-25 21:46:55.488] [SFX] {"sound": "guardian_move", "volume": 0.39}
[2026-09-25 21:46:55.557] [SFX] {"sound": "guardian_move", "volume": 0.1}
[2026-09-25 21:46:55.720] [M] {"button": 1, "pos": [123, 193], "ui_clicked": false}
[2026-09-25 21:46:55.728] [SFX] {"sound": "civ_move_2", "volume": 0.05}
[2026-09-25 21:46:55.728] [SFX] {"sound": "civ_move_1", "volume": 0.19}
[2026-09-25 21:46:55.729] [P] {"start": [62, 48], "goal": [53, 48], "length": 1, "is_direction_change": false}
[2026-09-25 21:46:55.730] [SFX] {"sound": "click_target", "volume": 0.63}
[2026-09-25 21:46:55.754] [JACK] Diese Bedrohung ist greifbar... Die Wachen dürfen unser Signal nicht isolieren.
[2026-09-25 21:46:55.755] [SFX] {"sound": "threat_pulse", "volume": 0.34}
[2026-09-25 21:46:55.820] [SFX] {"sound": "civ_move_1", "volume": 0.27}
[2026-09-25 21:46:55.937] [SFX] {"sound": "player_move", "volume": 0.4}
[2026-09-25 21:46:56.103] [SFX] {"sound": "guardian_move", "volume": 0.33}
[2026-09-25 21:46:56.126] [SFX] {"sound": "civ_move_2", "volume": 0.09}
[2026-09-25 21:46:56.127] [SFX] {"sound": "civ_move_1", "volume": 0.14}
[2026-09-25 21:46:56.223] [SFX] {"sound": "civ_move_1", "volume": 0.2}
[2026-09-25 21:46:56.374] [SFX] {"sound": "civ_move_2", "volume": 0.01}
[2026-09-25 21:46:56.473] [M] {"button": 1, "pos": [123, 193], "ui_clicked": false}
[2026-09-25 21:46:56.482] [P] {"start": [53, 48], "goal": [44, 48], "length": 1, "is_direction_change": false}
[2026-09-25 21:46:56.482] [SFX] {"sound": "click_target", "volume": 0.64}
[2026-09-25 21:46:56.538] [SFX] {"sound": "civ_move_2", "volume": 0.09}
[2026-09-25 21:46:56.539] [SFX] {"sound": "civ_move_1", "volume": 0.14}
[2026-09-25 21:46:56.563] [SFX] {"sound": "player_move", "volume": 0.4}
[2026-09-25 21:46:56.626] [SFX] {"sound": "civ_move_1", "volume": 0.17}
[2026-09-25 21:46:56.649] [SFX] {"sound": "threat_pulse", "volume": 0.32}
[2026-09-25 21:46:56.715] [SFX] {"sound": "guardian_move", "volume": 0.3}
[2026-09-25 21:46:56.782] [SFX] {"sound": "civ_move_2", "volume": 0.02}
[2026-09-25 21:46:56.864] [SFX] {"sound": "player_move", "volume": 0.4}
[2026-09-25 21:46:56.949] [SFX] {"sound": "civ_move_2", "volume": 0.13}
[2026-09-25 21:46:56.950] [SFX] {"sound": "civ_move_1", "volume": 0.1}
[2026-09-25 21:46:57.033] [SFX] {"sound": "civ_move_1", "volume": 0.11}
[2026-09-25 21:46:57.184] [SFX] {"sound": "civ_move_2", "volume": 0.03}
[2026-09-25 21:46:57.316] [M] {"button": 1, "pos": [123, 193], "ui_clicked": false}
[2026-09-25 21:46:57.325] [P] {"start": [44, 48], "goal": [35, 48], "length": 1, "is_direction_change": false}
[2026-09-25 21:46:57.325] [SFX] {"sound": "click_target", "volume": 0.64}
[2026-09-25 21:46:57.363] [SFX] {"sound": "guardian_move", "volume": 0.24}
[2026-09-25 21:46:57.381] [SFX] {"sound": "civ_move_2", "volume": 0.12}
[2026-09-25 21:46:57.382] [SFX] {"sound": "civ_move_1", "volume": 0.11}
[2026-09-25 21:46:57.445] [SFX] {"sound": "civ_move_1", "volume": 0.08}
[2026-09-25 21:46:57.579] [SFX] {"sound": "player_move", "volume": 0.4}
[2026-09-25 21:46:57.601] [SFX] {"sound": "civ_move_2", "volume": 0.03}
[2026-09-25 21:46:57.781] [SFX] {"sound": "civ_move_2", "volume": 0.15}
[2026-09-25 21:46:57.782] [SFX] {"sound": "civ_move_1", "volume": 0.07}
[2026-09-25 21:46:57.949] [SFX] {"sound": "guardian_move", "volume": 0.13}
[2026-09-25 21:46:58.005] [SFX] {"sound": "civ_move_2", "volume": 0.03}
[2026-09-25 21:46:58.191] [SFX] {"sound": "civ_move_2", "volume": 0.16}
[2026-09-25 21:46:58.191] [SFX] {"sound": "civ_move_1", "volume": 0.08}
[2026-09-25 21:46:58.241] [SFX] {"sound": "civ_move_2", "volume": 0.03}
[2026-09-25 21:46:58.420] [SFX] {"sound": "civ_move_2", "volume": 0.02}
[2026-09-25 21:46:58.553] [SFX] {"sound": "guardian_move", "volume": 0.1}
[2026-09-25 21:46:58.602] [SFX] {"sound": "civ_move_2", "volume": 0.17}
[2026-09-25 21:46:58.602] [SFX] {"sound": "civ_move_1", "volume": 0.09}
[2026-09-25 21:46:58.652] [SFX] {"sound": "civ_move_2", "volume": 0.03}
[2026-09-25 21:46:58.832] [SFX] {"sound": "civ_move_2", "volume": 0.01}
[2026-09-25 21:46:59.015] [SFX] {"sound": "civ_move_2", "volume": 0.18}
[2026-09-25 21:46:59.015] [SFX] {"sound": "civ_move_1", "volume": 0.11}
[2026-09-25 21:46:59.084] [SFX] {"sound": "civ_move_2", "volume": 0.03}
[2026-09-25 21:46:59.167] [SFX] {"sound": "guardian_move", "volume": 0.08}
[2026-09-25 21:46:59.235] [SFX] {"sound": "civ_move_2", "volume": 0.0}
[2026-09-25 21:46:59.418] [SFX] {"sound": "civ_move_2", "volume": 0.19}
[2026-09-25 21:46:59.419] [SFX] {"sound": "civ_move_1", "volume": 0.12}
[2026-09-25 21:46:59.485] [SFX] {"sound": "civ_move_2", "volume": 0.02}
[2026-09-25 21:46:59.779] [SFX] {"sound": "guardian_move", "volume": 0.05}
[2026-09-25 21:46:59.828] [SFX] {"sound": "civ_move_2", "volume": 0.2}
[2026-09-25 21:46:59.829] [SFX] {"sound": "civ_move_1", "volume": 0.13}
[2026-09-25 21:46:59.895] [SFX] {"sound": "civ_move_2", "volume": 0.02}
[2026-09-25 21:47:00.230] [SFX] {"sound": "civ_move_2", "volume": 0.21}
[2026-09-25 21:47:00.231] [SFX] {"sound": "civ_move_1", "volume": 0.14}
[2026-09-25 21:47:00.303] [SFX] {"sound": "civ_move_2", "volume": 0.01}
[2026-09-25 21:47:00.386] [SFX] {"sound": "guardian_move", "volume": 0.05}
[2026-09-25 21:47:00.634] [SFX] {"sound": "civ_move_2", "volume": 0.21}
[2026-09-25 21:47:00.635] [SFX] {"sound": "civ_move_1", "volume": 0.15}
[2026-09-25 21:47:00.719] [M] {"button": 1, "pos": [82, 111], "ui_clicked": true}
[2026-09-25 21:47:00.992] [SFX] {"sound": "guardian_move", "volume": 0.05}
[2026-09-25 21:47:01.041] [SFX] {"sound": "civ_move_2", "volume": 0.21}
[2026-09-25 21:47:01.042] [SFX] {"sound": "civ_move_1", "volume": 0.17}
[2026-09-25 21:47:01.453] [SFX] {"sound": "civ_move_2", "volume": 0.22}
[2026-09-25 21:47:01.454] [SFX] {"sound": "civ_move_1", "volume": 0.18}
[2026-09-25 21:47:01.607] [SFX] {"sound": "guardian_move", "volume": 0.04}
[2026-09-25 21:47:01.852] [SFX] {"sound": "civ_move_2", "volume": 0.17}
[2026-09-25 21:47:01.853] [SFX] {"sound": "civ_move_1", "volume": 0.19}
[2026-09-25 21:47:02.118] [M] {"button": 1, "pos": [90, 201], "ui_clicked": false}
[2026-09-25 21:47:02.127] [JACK] JACK // ETHICS WAIVED LONG AGO. HER CACHES ARE RICH WITH RAW SENSORY DATA.
[2026-09-25 21:47:02.128] [SFX] {"sound": "click_target", "volume": 0.59}
[2026-09-25 21:47:02.207] [SFX] {"sound": "guardian_move", "volume": 0.02}
[2026-09-25 21:47:02.245] [SFX] {"sound": "player_move", "volume": 0.4}
[2026-09-25 21:47:02.265] [SFX] {"sound": "civ_move_2", "volume": 0.19}
[2026-09-25 21:47:02.266] [SFX] {"sound": "civ_move_1", "volume": 0.18}
[2026-09-25 21:47:02.552] [SFX] {"sound": "player_move", "volume": 0.4}
[2026-09-25 21:47:02.672] [SFX] {"sound": "civ_move_2", "volume": 0.22}
[2026-09-25 21:47:02.673] [SFX] {"sound": "civ_move_1", "volume": 0.13}
[2026-09-25 21:47:02.741] [C] {"civ_pos": [24, 51]}
[2026-09-25 21:47:02.860] [SFX] {"sound": "player_move", "volume": 0.4}
[2026-09-25 21:47:03.078] [SFX] {"sound": "civ_move_2", "volume": 0.23}
[2026-09-25 21:47:03.078] [SFX] {"sound": "civ_move_1", "volume": 0.14}
[2026-09-25 21:47:03.166] [SFX] {"sound": "player_move", "volume": 0.4}
[2026-09-25 21:47:03.316] [SFX] {"sound": "threat_pulse", "volume": 0.31}
[2026-09-25 21:47:03.465] [SFX] {"sound": "player_move", "volume": 0.4}
[2026-09-25 21:47:03.489] [SFX] {"sound": "civ_move_2", "volume": 0.23}
[2026-09-25 21:47:03.489] [SFX] {"sound": "civ_move_1", "volume": 0.15}
[2026-09-25 21:47:03.622] [M] {"button": 1, "pos": [380, 286], "ui_clicked": true}
[2026-09-25 21:47:03.779] [SFX] {"sound": "player_move", "volume": 0.4}
[2026-09-25 21:47:03.882] [SFX] {"sound": "civ_move_2", "volume": 0.23}
[2026-09-25 21:47:04.084] [SFX] {"sound": "player_move", "volume": 0.4}
[2026-09-25 21:47:04.218] [SFX] {"sound": "threat_pulse", "volume": 0.32}
[2026-09-25 21:47:04.251] [M] {"button": 1, "pos": [387, 310], "ui_clicked": true}
[2026-09-25 21:47:04.297] [SFX] {"sound": "civ_move_2", "volume": 0.23}
[2026-09-25 21:47:04.300] [SFX] {"sound": "infiltrate 2", "volume": 0.5}
[2026-09-25 21:47:04.396] [SFX] {"sound": "player_move", "volume": 0.4}
[2026-09-25 21:47:04.711] [SFX] {"sound": "civ_move_2", "volume": 0.23}
[2026-09-25 21:47:04.712] [SFX] {"sound": "infiltrate 2", "volume": 0.5}
[2026-09-25 21:47:05.023] [SFX] {"sound": "player_move", "volume": 0.4}
[2026-09-25 21:47:05.126] [SFX] {"sound": "civ_move_2", "volume": 0.23}
[2026-09-25 21:47:05.127] [SFX] {"sound": "threat_pulse", "volume": 0.33}
[2026-09-25 21:47:05.128] [SFX] {"sound": "infiltrate 2", "volume": 0.5}
[2026-09-25 21:47:05.241] [C] {"civ_pos": [24, 61]}
[2026-09-25 21:47:05.325] [SFX] {"sound": "player_move", "volume": 0.4}
[2026-09-25 21:47:05.537] [SFX] {"sound": "civ_move_2", "volume": 0.23}
[2026-09-25 21:47:05.537] [SFX] {"sound": "infiltrate 2", "volume": 0.5}
[2026-09-25 21:47:05.637] [SFX] {"sound": "player_move", "volume": 0.4}
[2026-09-25 21:47:05.949] [SFX] {"sound": "civ_move_2", "volume": 0.23}
[2026-09-25 21:47:05.950] [SFX] {"sound": "infiltrate 1", "volume": 0.5}
[2026-09-25 21:47:06.031] [SFX] {"sound": "threat_pulse", "volume": 0.34}
[2026-09-25 21:47:06.264] [SFX] {"sound": "player_move", "volume": 0.4}
[2026-09-25 21:47:06.365] [SFX] {"sound": "civ_move_2", "volume": 0.23}
[2026-09-25 21:47:06.366] [SFX] {"sound": "infiltrate 1", "volume": 0.5}
[2026-09-25 21:47:06.577] [SFX] {"sound": "player_move", "volume": 0.4}
[2026-09-25 21:47:06.777] [SFX] {"sound": "civ_move_2", "volume": 0.23}
[2026-09-25 21:47:06.778] [SFX] {"sound": "infiltrate 2", "volume": 0.5}
[2026-09-25 21:47:06.892] [SFX] {"sound": "player_move", "volume": 0.4}
[2026-09-25 21:47:06.940] [SFX] {"sound": "threat_pulse", "volume": 0.41}
[2026-09-25 21:47:07.187] [SFX] {"sound": "civ_move_2", "volume": 0.23}
[2026-09-25 21:47:07.188] [SFX] {"sound": "infiltrate 1", "volume": 0.5}
[2026-09-25 21:47:07.208] [SFX] {"sound": "player_move", "volume": 0.4}
[2026-09-25 21:47:07.270] [SFX] {"sound": "hack_success", "volume": 1.0}
[2026-09-25 21:47:07.271] [JACK] JACK // STOLE 2 DATA FROM ELENA ROSTOVA (DATA COURIER). TARGET FLEEING TO GUARD SPOT!
[2026-09-25 21:47:07.272] [JACK] JACK // ETHICS WAIVED LONG AGO. HER CACHES ARE RICH WITH RAW SENSORY DATA.
[2026-09-25 21:47:07.716] [M] {"button": 1, "pos": [321, 128], "ui_clicked": false}
[2026-09-25 21:47:07.724] [P] {"start": [24, 65], "goal": [24, 61], "length": 1, "is_direction_change": false}
[2026-09-25 21:47:07.725] [SFX] {"sound": "click_target", "volume": 0.92}
[2026-09-25 21:47:07.763] [JACK] Achtung! Guardians patrouillieren den Sektor. Wir müssen extrem vorsichtig sein!
[2026-09-25 21:47:07.782] [SFX] {"sound": "threat_pulse", "volume": 0.42}
[2026-09-25 21:47:08.055] [SENTINEL_ALARM_DISPATCHED] {"guard": [26, 67], "investigate": [24, 32]}
[2026-09-25 21:47:08.107] [SFX] {"sound": "guardian_move", "volume": 0.27}
[2026-09-25 21:47:08.590] [SFX] {"sound": "threat_pulse", "volume": 0.38}
[2026-09-25 21:47:08.723] [SFX] {"sound": "guardian_move", "volume": 0.28}
[2026-09-25 21:47:08.772] [M] {"button": 1, "pos": [321, 128], "ui_clicked": false}
[2026-09-25 21:47:08.780] [P] {"start": [24, 61], "goal": [24, 60], "length": 1, "is_direction_change": false}
[2026-09-25 21:47:08.781] [SFX] {"sound": "click_target", "volume": 0.98}
[2026-09-25 21:47:08.805] [JACK] Diese Bedrohung ist greifbar... Die Wachen dürfen unser Signal nicht isolieren.
[2026-09-25 21:47:08.822] [SFX] {"sound": "player_move", "volume": 0.4}
[2026-09-25 21:47:09.329] [SFX] {"sound": "guardian_move", "volume": 0.29}
[2026-09-25 21:47:09.397] [M] {"button": 1, "pos": [328, 76], "ui_clicked": false}
[2026-09-25 21:47:09.405] [P] {"start": [24, 60], "goal": [24, 56], "length": 1, "is_direction_change": false}
[2026-09-25 21:47:09.405] [SFX] {"sound": "click_target", "volume": 0.91}
[2026-09-25 21:47:09.500] [SFX] {"sound": "threat_pulse", "volume": 0.34}
[2026-09-25 21:47:09.932] [SFX] {"sound": "guardian_move", "volume": 0.28}
[2026-09-25 21:47:09.948] [M] {"button": 1, "pos": [328, 76], "ui_clicked": false}
[2026-09-25 21:47:09.957] [P] {"start": [24, 56], "goal": [24, 53], "length": 1, "is_direction_change": false}
[2026-09-25 21:47:09.957] [SFX] {"sound": "click_target", "volume": 0.93}
[2026-09-25 21:47:10.074] [SFX] {"sound": "player_move", "volume": 0.4}
[2026-09-25 21:47:10.389] [M] {"button": 1, "pos": [328, 76], "ui_clicked": false}
[2026-09-25 21:47:10.400] [P] {"start": [24, 53], "goal": [24, 50], "length": 1, "is_direction_change": false}
[2026-09-25 21:47:10.401] [SFX] {"sound": "click_target", "volume": 0.93}
[2026-09-25 21:47:10.536] [SFX] {"sound": "guardian_move", "volume": 0.25}
[2026-09-25 21:47:10.832] [M] {"button": 1, "pos": [325, 60], "ui_clicked": false}
[2026-09-25 21:47:10.840] [P] {"start": [24, 50], "goal": [24, 46], "length": 1, "is_direction_change": false}
[2026-09-25 21:47:10.841] [SFX] {"sound": "click_target", "volume": 0.91}
[2026-09-25 21:47:10.977] [SFX] {"sound": "player_move", "volume": 0.4}
[2026-09-25 21:47:11.143] [SFX] {"sound": "guardian_move", "volume": 0.24}
[2026-09-25 21:47:11.327] [M] {"button": 5, "pos": [329, 94], "ui_clicked": false}
[2026-09-25 21:47:11.757] [SFX] {"sound": "guardian_move", "volume": 0.26}
[2026-09-25 21:47:12.089] [M] {"button": 1, "pos": [328, 56], "ui_clicked": false}
[2026-09-25 21:47:12.098] [P] {"start": [24, 46], "goal": [24, 36], "length": 1, "is_direction_change": false}
[2026-09-25 21:47:12.098] [SFX] {"sound": "click_target", "volume": 0.77}
[2026-09-25 21:47:12.215] [SFX] {"sound": "civ_move_1", "volume": 0.01}
[2026-09-25 21:47:12.347] [SFX] {"sound": "player_move", "volume": 0.4}
[2026-09-25 21:47:12.369] [SFX] {"sound": "guardian_move", "volume": 0.23}
[2026-09-25 21:47:12.627] [SFX] {"sound": "civ_move_1", "volume": 0.01}
[2026-09-25 21:47:12.970] [SFX] {"sound": "guardian_move", "volume": 0.21}
[2026-09-25 21:47:13.037] [SFX] {"sound": "civ_move_1", "volume": 0.02}
[2026-09-25 21:47:13.448] [SFX] {"sound": "civ_move_1", "volume": 0.03}
[2026-09-25 21:47:13.581] [SFX] {"sound": "guardian_move", "volume": 0.23}
[2026-09-25 21:47:13.849] [SFX] {"sound": "civ_move_1", "volume": 0.03}
[2026-09-25 21:47:14.183] [SFX] {"sound": "guardian_move", "volume": 0.25}
[2026-09-25 21:47:14.253] [SFX] {"sound": "civ_move_1", "volume": 0.04}
[2026-09-25 21:47:14.668] [SFX] {"sound": "civ_move_1", "volume": 0.05}
[2026-09-25 21:47:14.788] [SFX] {"sound": "guardian_move", "volume": 0.27}
[2026-09-25 21:47:14.852] [M] {"button": 1, "pos": [301, 170], "ui_clicked": false}
[2026-09-25 21:47:15.069] [SFX] {"sound": "civ_move_1", "volume": 0.06}
[2026-09-25 21:47:15.395] [SFX] {"sound": "guardian_move", "volume": 0.29}
[2026-09-25 21:47:15.449] [JACK] Verdammt, die Sentinels kreisen um uns... Ich habe echte Angst, ertappt zu werden!
[2026-09-25 21:47:15.450] [SFX] {"sound": "threat_pulse", "volume": 0.3}
[2026-09-25 21:47:15.480] [SFX] {"sound": "civ_move_1", "volume": 0.07}
[2026-09-25 21:47:15.877] [M] {"button": 1, "pos": [400, 128], "ui_clicked": false}
[2026-09-25 21:47:15.885] [P] {"start": [24, 36], "goal": [32, 34], "length": 2, "is_direction_change": false}
[2026-09-25 21:47:15.885] [SFX] {"sound": "click_target", "volume": 0.79}
[2026-09-25 21:47:15.921] [JACK] Überall Wacheinheiten... Ihr bedrohliches Summen brennt sich ins Deck.
[2026-09-25 21:47:15.922] [SFX] {"sound": "civ_move_1", "volume": 0.08}
[2026-09-25 21:47:15.951] [SFX] {"sound": "player_move", "volume": 0.4}
[2026-09-25 21:47:16.002] [SFX] {"sound": "guardian_move", "volume": 0.29}
[2026-09-25 21:47:16.251] [SFX] {"sound": "player_move", "volume": 0.4}
[2026-09-25 21:47:16.303] [SFX] {"sound": "civ_move_1", "volume": 0.11}
[2026-09-25 21:47:16.338] [SFX] {"sound": "threat_pulse", "volume": 0.31}
[2026-09-25 21:47:16.607] [SFX] {"sound": "guardian_move", "volume": 0.26}
[2026-09-25 21:47:16.706] [SFX] {"sound": "civ_move_1", "volume": 0.13}
[2026-09-25 21:47:17.219] [SFX] {"sound": "guardian_move", "volume": 0.32}
[2026-09-25 21:47:17.847] [SFX] {"sound": "guardian_move", "volume": 0.34}
[2026-09-25 21:47:18.130] [M] {"button": 1, "pos": [262, 206], "ui_clicked": false}
[2026-09-25 21:47:18.461] [SFX] {"sound": "guardian_move", "volume": 0.36}
[2026-09-25 21:47:18.648] [M] {"button": 1, "pos": [276, 226], "ui_clicked": false}
[2026-09-25 21:47:19.044] [M] {"button": 1, "pos": [280, 229], "ui_clicked": false}
[2026-09-25 21:47:19.052] [P] {"start": [32, 34], "goal": [24, 39], "length": 2, "is_direction_change": false}
[2026-09-25 21:47:19.053] [SFX] {"sound": "click_target", "volume": 0.61}
[2026-09-25 21:47:19.091] [JACK] Verdammt, die Sentinels kreisen um uns... Ich habe echte Angst, ertappt zu werden!
[2026-09-25 21:47:19.091] [SFX] {"sound": "guardian_move", "volume": 0.38}
[2026-09-25 21:47:19.092] [SFX] {"sound": "threat_pulse", "volume": 0.32}
[2026-09-25 21:47:19.222] [SFX] {"sound": "player_move", "volume": 0.4}
[2026-09-25 21:47:19.669] [SFX] {"sound": "guardian_move", "volume": 0.32}
[2026-09-25 21:47:19.852] [SFX] {"sound": "civ_move_1", "volume": 0.0}
[2026-09-25 21:47:20.265] [SFX] {"sound": "civ_move_1", "volume": 0.01}
[2026-09-25 21:47:20.288] [SFX] {"sound": "guardian_move", "volume": 0.33}
[2026-09-25 21:47:20.671] [SFX] {"sound": "civ_move_1", "volume": 0.02}
[2026-09-25 21:47:20.867] [M] {"button": 1, "pos": [297, 197], "ui_clicked": false}
[2026-09-25 21:47:20.886] [SFX] {"sound": "guardian_move", "volume": 0.35}
[2026-09-25 21:47:21.085] [SFX] {"sound": "civ_move_1", "volume": 0.03}
[2026-09-25 21:47:21.495] [SFX] {"sound": "guardian_move", "volume": 0.33}
[2026-09-25 21:47:21.496] [SFX] {"sound": "civ_move_1", "volume": 0.04}
[2026-09-25 21:47:21.906] [SFX] {"sound": "civ_move_1", "volume": 0.05}
[2026-09-25 21:47:22.121] [SFX] {"sound": "guardian_move", "volume": 0.31}
[2026-09-25 21:47:22.319] [SFX] {"sound": "civ_move_1", "volume": 0.06}
[2026-09-25 21:47:22.735] [SFX] {"sound": "guardian_move", "volume": 0.29}
[2026-09-25 21:47:22.735] [SFX] {"sound": "civ_move_1", "volume": 0.07}
[2026-09-25 21:47:23.135] [SFX] {"sound": "civ_move_1", "volume": 0.08}
[2026-09-25 21:47:23.337] [SFX] {"sound": "guardian_move", "volume": 0.27}
[2026-09-25 21:47:23.549] [SFX] {"sound": "civ_move_1", "volume": 0.09}
