[2026-09-25 21:04:47.712] [S] {"sid": "20260925_210447", "sys_t": "2026-09-25T21:04:47.712478"}
[2026-09-25 21:04:47.714] [SFX] {"sound": "hack_success", "volume": 0.8}
[2026-09-25 21:04:54.629] [SESSION_RESET] {"msg": "--- NEW LIFE STARTED ---"}
[2026-09-25 21:04:54.657] [S] {"map": "Shadowgrid"}
[2026-09-25 21:04:54.683] [JACK] Ah, im Shadowgrid angekommen... endlich.
[2026-09-25 21:04:54.834] [SFX] {"sound": "civ_move_2", "volume": 0.11}
[2026-09-25 21:04:56.066] [SFX] {"sound": "civ_move_2", "volume": 0.12}
[2026-09-25 21:04:56.469] [SFX] {"sound": "civ_move_1", "volume": 0.0}
[2026-09-25 21:04:56.471] [SFX] {"sound": "civ_move_2", "volume": 0.12}
[2026-09-25 21:04:56.650] [SFX] {"sound": "guardian_move", "volume": 0.13}
[2026-09-25 21:04:56.884] [SFX] {"sound": "civ_move_1", "volume": 0.01}
[2026-09-25 21:04:56.884] [SFX] {"sound": "civ_move_2", "volume": 0.13}
[2026-09-25 21:04:56.947] [SFX] {"sound": "guardian_move", "volume": 0.2}
[2026-09-25 21:04:57.264] [SFX] {"sound": "guardian_move", "volume": 0.14}
[2026-09-25 21:04:57.298] [SFX] {"sound": "civ_move_1", "volume": 0.02}
[2026-09-25 21:04:57.299] [SFX] {"sound": "civ_move_2", "volume": 0.14}
[2026-09-25 21:04:57.578] [SFX] {"sound": "guardian_move", "volume": 0.21}
[2026-09-25 21:04:57.711] [SFX] {"sound": "civ_move_1", "volume": 0.03}
[2026-09-25 21:04:57.712] [SFX] {"sound": "civ_move_2", "volume": 0.15}
[2026-09-25 21:04:57.877] [SFX] {"sound": "guardian_move", "volume": 0.16}
[2026-09-25 21:04:58.124] [SFX] {"sound": "civ_move_1", "volume": 0.03}
[2026-09-25 21:04:58.124] [SFX] {"sound": "civ_move_2", "volume": 0.15}
[2026-09-25 21:04:58.192] [SFX] {"sound": "guardian_move", "volume": 0.21}
[2026-09-25 21:04:58.491] [SFX] {"sound": "guardian_move", "volume": 0.18}
[2026-09-25 21:04:58.524] [SFX] {"sound": "civ_move_1", "volume": 0.04}
[2026-09-25 21:04:58.525] [SFX] {"sound": "civ_move_2", "volume": 0.15}
[2026-09-25 21:04:58.804] [SFX] {"sound": "guardian_move", "volume": 0.2}
[2026-09-25 21:04:58.938] [M] {"button": 1, "pos": [323, 231], "ui_clicked": false}
[2026-09-25 21:04:58.946] [SFX] {"sound": "civ_move_1", "volume": 0.04}
[2026-09-25 21:04:58.947] [SFX] {"sound": "civ_move_2", "volume": 0.16}
[2026-09-25 21:04:58.947] [P] {"start": [130, 10], "goal": [130, 16], "length": 1, "is_direction_change": false}
[2026-09-25 21:04:58.948] [SFX] {"sound": "click_target", "volume": 0.67}
[2026-09-25 21:04:58.986] [SFX] {"sound": "player_move", "volume": 0.4}
[2026-09-25 21:04:59.100] [SFX] {"sound": "guardian_move", "volume": 0.21}
[2026-09-25 21:04:59.347] [SFX] {"sound": "civ_move_1", "volume": 0.08}
[2026-09-25 21:04:59.348] [SFX] {"sound": "civ_move_2", "volume": 0.19}
[2026-09-25 21:04:59.412] [SFX] {"sound": "guardian_move", "volume": 0.24}
[2026-09-25 21:04:59.748] [SFX] {"sound": "civ_move_1", "volume": 0.08}
[2026-09-25 21:04:59.748] [SFX] {"sound": "civ_move_2", "volume": 0.19}
[2026-09-25 21:05:00.016] [SFX] {"sound": "guardian_move", "volume": 0.23}
[2026-09-25 21:05:00.151] [SFX] {"sound": "civ_move_1", "volume": 0.09}
[2026-09-25 21:05:00.152] [SFX] {"sound": "civ_move_2", "volume": 0.19}
[2026-09-25 21:05:00.317] [SFX] {"sound": "guardian_move", "volume": 0.23}
[2026-09-25 21:05:00.551] [SFX] {"sound": "civ_move_1", "volume": 0.1}
[2026-09-25 21:05:00.551] [SFX] {"sound": "civ_move_2", "volume": 0.18}
[2026-09-25 21:05:00.618] [SFX] {"sound": "guardian_move", "volume": 0.24}
[2026-09-25 21:05:00.951] [SFX] {"sound": "civ_move_1", "volume": 0.1}
[2026-09-25 21:05:00.952] [SFX] {"sound": "civ_move_2", "volume": 0.18}
[2026-09-25 21:05:01.214] [M] {"button": 1, "pos": [290, 169], "ui_clicked": false}
[2026-09-25 21:05:01.221] [P] {"start": [130, 16], "goal": [126, 14], "length": 2, "is_direction_change": false}
[2026-09-25 21:05:01.222] [SFX] {"sound": "click_target", "volume": 0.9}
[2026-09-25 21:05:01.255] [JACK] Kleine Schritte. Immer auf die Umgebung achten.
[2026-09-25 21:05:01.256] [SFX] {"sound": "guardian_move", "volume": 0.22}
[2026-09-25 21:05:01.272] [SFX] {"sound": "player_move", "volume": 0.4}
[2026-09-25 21:05:01.365] [SFX] {"sound": "civ_move_1", "volume": 0.1}
[2026-09-25 21:05:01.366] [SFX] {"sound": "civ_move_2", "volume": 0.18}
[2026-09-25 21:05:01.514] [JACK] JACK // PROXY SAFE - SANCTUARY ACTIVE
[2026-09-25 21:05:01.781] [SFX] {"sound": "civ_move_1", "volume": 0.08}
[2026-09-25 21:05:01.781] [SFX] {"sound": "civ_move_2", "volume": 0.18}
[2026-09-25 21:05:02.026] [SFX] {"sound": "civ_move_1", "volume": 0.12}
[2026-09-25 21:05:02.190] [SFX] {"sound": "civ_move_1", "volume": 0.07}
[2026-09-25 21:05:02.191] [SFX] {"sound": "civ_move_2", "volume": 0.18}
[2026-09-25 21:05:02.429] [SFX] {"sound": "civ_move_1", "volume": 0.12}
[2026-09-25 21:05:02.590] [SFX] {"sound": "civ_move_1", "volume": 0.06}
[2026-09-25 21:05:02.591] [SFX] {"sound": "civ_move_2", "volume": 0.18}
[2026-09-25 21:05:02.840] [SFX] {"sound": "civ_move_1", "volume": 0.12}
[2026-09-25 21:05:03.005] [SFX] {"sound": "civ_move_1", "volume": 0.05}
[2026-09-25 21:05:03.006] [SFX] {"sound": "civ_move_2", "volume": 0.17}
[2026-09-25 21:05:03.268] [SFX] {"sound": "civ_move_1", "volume": 0.12}
[2026-09-25 21:05:03.419] [SFX] {"sound": "civ_move_1", "volume": 0.04}
[2026-09-25 21:05:03.420] [SFX] {"sound": "civ_move_2", "volume": 0.16}
[2026-09-25 21:05:03.668] [SFX] {"sound": "civ_move_1", "volume": 0.13}
[2026-09-25 21:05:03.835] [SFX] {"sound": "civ_move_1", "volume": 0.03}
[2026-09-25 21:05:03.835] [SFX] {"sound": "civ_move_2", "volume": 0.15}
[2026-09-25 21:05:04.070] [SFX] {"sound": "civ_move_1", "volume": 0.14}
[2026-09-25 21:05:04.250] [SFX] {"sound": "civ_move_1", "volume": 0.02}
[2026-09-25 21:05:04.251] [SFX] {"sound": "civ_move_2", "volume": 0.15}
[2026-09-25 21:05:04.481] [SFX] {"sound": "civ_move_1", "volume": 0.14}
[2026-09-25 21:05:04.665] [SFX] {"sound": "civ_move_1", "volume": 0.01}
[2026-09-25 21:05:04.666] [SFX] {"sound": "civ_move_2", "volume": 0.14}
[2026-09-25 21:05:04.882] [SFX] {"sound": "civ_move_1", "volume": 0.15}
[2026-09-25 21:05:04.948] [M] {"button": 1, "pos": [602, 329], "ui_clicked": true}
[2026-09-25 21:05:05.070] [SFX] {"sound": "civ_move_1", "volume": 0.0}
[2026-09-25 21:05:05.071] [SFX] {"sound": "civ_move_2", "volume": 0.13}
[2026-09-25 21:05:05.285] [SFX] {"sound": "civ_move_1", "volume": 0.16}
[2026-09-25 21:05:05.479] [SFX] {"sound": "civ_move_2", "volume": 0.12}
[2026-09-25 21:05:05.696] [SFX] {"sound": "civ_move_1", "volume": 0.16}
[2026-09-25 21:05:05.895] [SFX] {"sound": "civ_move_2", "volume": 0.11}
[2026-09-25 21:05:06.109] [SFX] {"sound": "civ_move_1", "volume": 0.17}
[2026-09-25 21:05:06.307] [SFX] {"sound": "civ_move_2", "volume": 0.1}
[2026-09-25 21:05:06.519] [SFX] {"sound": "civ_move_1", "volume": 0.17}
[2026-09-25 21:05:06.718] [SFX] {"sound": "civ_move_2", "volume": 0.1}
[2026-09-25 21:05:06.799] [M] {"button": 1, "pos": [465, 223], "ui_clicked": true}
[2026-09-25 21:05:06.921] [SFX] {"sound": "civ_move_1", "volume": 0.18}
[2026-09-25 21:05:07.117] [SFX] {"sound": "civ_move_2", "volume": 0.09}
[2026-09-25 21:05:07.335] [SFX] {"sound": "civ_move_1", "volume": 0.18}
[2026-09-25 21:05:07.518] [SFX] {"sound": "civ_move_2", "volume": 0.09}
[2026-09-25 21:05:07.736] [SFX] {"sound": "civ_move_1", "volume": 0.18}
[2026-09-25 21:05:07.919] [SFX] {"sound": "civ_move_2", "volume": 0.08}
[2026-09-25 21:05:08.148] [SFX] {"sound": "civ_move_1", "volume": 0.18}
[2026-09-25 21:05:08.329] [SFX] {"sound": "civ_move_2", "volume": 0.08}
[2026-09-25 21:05:08.562] [SFX] {"sound": "civ_move_1", "volume": 0.18}
[2026-09-25 21:05:08.742] [SFX] {"sound": "civ_move_2", "volume": 0.07}
[2026-09-25 21:05:08.974] [SFX] {"sound": "civ_move_1", "volume": 0.18}
[2026-09-25 21:05:09.145] [SFX] {"sound": "civ_move_2", "volume": 0.07}
[2026-09-25 21:05:09.378] [SFX] {"sound": "civ_move_1", "volume": 0.18}
[2026-09-25 21:05:09.561] [SFX] {"sound": "civ_move_2", "volume": 0.06}
[2026-09-25 21:05:09.779] [SFX] {"sound": "civ_move_1", "volume": 0.18}
[2026-09-25 21:05:09.978] [SFX] {"sound": "civ_move_2", "volume": 0.05}
[2026-09-25 21:05:10.190] [SFX] {"sound": "civ_move_1", "volume": 0.17}
[2026-09-25 21:05:10.388] [SFX] {"sound": "civ_move_2", "volume": 0.04}
[2026-09-25 21:05:10.599] [SFX] {"sound": "civ_move_1", "volume": 0.17}
[2026-09-25 21:05:10.800] [SFX] {"sound": "civ_move_2", "volume": 0.04}
[2026-09-25 21:05:11.000] [SFX] {"sound": "civ_move_1", "volume": 0.16}
[2026-09-25 21:05:11.082] [M] {"button": 1, "pos": [466, 217], "ui_clicked": true}
[2026-09-25 21:05:11.109] [JACK] Inventar durchwühlen. Wo liegt das passende Tool?
[2026-09-25 21:05:11.202] [SFX] {"sound": "civ_move_2", "volume": 0.03}
[2026-09-25 21:05:11.400] [SFX] {"sound": "civ_move_1", "volume": 0.15}
[2026-09-25 21:05:11.617] [SFX] {"sound": "civ_move_2", "volume": 0.02}
[2026-09-25 21:05:11.815] [SFX] {"sound": "civ_move_1", "volume": 0.14}
[2026-09-25 21:05:12.231] [SFX] {"sound": "civ_move_1", "volume": 0.13}
[2026-09-25 21:05:12.642] [SFX] {"sound": "civ_move_1", "volume": 0.12}
[2026-09-25 21:05:13.469] [SFX] {"sound": "civ_move_1", "volume": 0.11}
[2026-09-25 21:05:13.883] [SFX] {"sound": "civ_move_1", "volume": 0.1}
[2026-09-25 21:05:14.298] [SFX] {"sound": "civ_move_1", "volume": 0.09}
[2026-09-25 21:05:14.697] [M] {"button": 1, "pos": [480, 242], "ui_clicked": true}
[2026-09-25 21:05:14.746] [SFX] {"sound": "civ_move_1", "volume": 0.09}
[2026-09-25 21:05:15.149] [SFX] {"sound": "civ_move_1", "volume": 0.08}
[2026-09-25 21:05:15.950] [SFX] {"sound": "civ_move_1", "volume": 0.07}
[2026-09-25 21:05:16.149] [M] {"button": 3, "pos": [478, 273], "ui_clicked": true}
[2026-09-25 21:05:16.149] [EQ_M] {"type": "DRIVER", "file": "ucam.drv", "replaced": "disp.drv"}
[2026-09-25 21:05:16.184] [JACK] Neuer Treiber montiert! Das gibt uns ordentlich Auftrieb.
[2026-09-25 21:05:16.361] [SFX] {"sound": "civ_move_1", "volume": 0.07}
[2026-09-25 21:05:16.762] [SFX] {"sound": "civ_move_1", "volume": 0.06}
[2026-09-25 21:05:17.163] [SFX] {"sound": "civ_move_1", "volume": 0.05}
[2026-09-25 21:05:17.991] [SFX] {"sound": "civ_move_1", "volume": 0.04}
[2026-09-25 21:05:18.406] [SFX] {"sound": "civ_move_1", "volume": 0.03}
[2026-09-25 21:05:19.055] [M] {"button": 1, "pos": [412, 239], "ui_clicked": false}
[2026-09-25 21:05:20.739] [M] {"button": 1, "pos": [607, 335], "ui_clicked": true}
[2026-09-25 21:05:25.621] [SFX] {"sound": "civ_move_2", "volume": 0.0}
[2026-09-25 21:05:25.769] [SFX] {"sound": "civ_move_2", "volume": 0.01}
[2026-09-25 21:05:26.030] [M] {"button": 4, "pos": [177, 217], "ui_clicked": false}
[2026-09-25 21:05:26.038] [SFX] {"sound": "civ_move_2", "volume": 0.01}
[2026-09-25 21:05:26.066] [M] {"button": 4, "pos": [177, 217], "ui_clicked": false}
[2026-09-25 21:05:26.185] [SFX] {"sound": "civ_move_2", "volume": 0.01}
[2026-09-25 21:05:26.436] [SFX] {"sound": "civ_move_2", "volume": 0.02}
[2026-09-25 21:05:26.849] [SFX] {"sound": "civ_move_2", "volume": 0.03}
[2026-09-25 21:05:27.399] [SFX] {"sound": "civ_move_2", "volume": 0.04}
[2026-09-25 21:05:28.078] [SFX] {"sound": "civ_move_2", "volume": 0.05}
[2026-09-25 21:05:28.479] [SFX] {"sound": "civ_move_2", "volume": 0.06}
[2026-09-25 21:05:28.892] [SFX] {"sound": "civ_move_1", "volume": 0.01}
[2026-09-25 21:05:29.038] [SFX] {"sound": "civ_move_2", "volume": 0.06}
[2026-09-25 21:05:29.301] [SFX] {"sound": "civ_move_2", "volume": 0.07}
[2026-09-25 21:05:29.302] [SFX] {"sound": "civ_move_1", "volume": 0.01}
[2026-09-25 21:05:29.451] [SFX] {"sound": "civ_move_2", "volume": 0.07}
[2026-09-25 21:05:29.714] [SFX] {"sound": "civ_move_1", "volume": 0.02}
[2026-09-25 21:05:29.864] [SFX] {"sound": "civ_move_2", "volume": 0.08}
[2026-09-25 21:05:30.114] [SFX] {"sound": "civ_move_1", "volume": 0.03}
[2026-09-25 21:05:30.265] [SFX] {"sound": "civ_move_2", "volume": 0.08}
[2026-09-25 21:05:30.513] [SFX] {"sound": "civ_move_2", "volume": 0.09}
[2026-09-25 21:05:30.514] [SFX] {"sound": "civ_move_1", "volume": 0.04}
[2026-09-25 21:05:30.667] [SFX] {"sound": "civ_move_2", "volume": 0.09}
[2026-09-25 21:05:30.921] [SFX] {"sound": "civ_move_1", "volume": 0.04}
[2026-09-25 21:05:31.068] [SFX] {"sound": "civ_move_2", "volume": 0.09}
[2026-09-25 21:05:31.337] [SFX] {"sound": "civ_move_1", "volume": 0.05}
[2026-09-25 21:05:31.474] [SFX] {"sound": "civ_move_2", "volume": 0.1}
[2026-09-25 21:05:31.750] [SFX] {"sound": "civ_move_1", "volume": 0.06}
[2026-09-25 21:05:31.882] [SFX] {"sound": "civ_move_2", "volume": 0.1}
[2026-09-25 21:05:32.165] [SFX] {"sound": "civ_move_2", "volume": 0.09}
[2026-09-25 21:05:32.166] [SFX] {"sound": "civ_move_1", "volume": 0.07}
[2026-09-25 21:05:32.297] [SFX] {"sound": "civ_move_2", "volume": 0.09}
[2026-09-25 21:05:32.579] [SFX] {"sound": "civ_move_2", "volume": 0.08}
[2026-09-25 21:05:32.580] [SFX] {"sound": "civ_move_1", "volume": 0.07}
[2026-09-25 21:05:32.712] [SFX] {"sound": "civ_move_2", "volume": 0.08}
[2026-09-25 21:05:32.995] [SFX] {"sound": "civ_move_2", "volume": 0.07}
[2026-09-25 21:05:32.996] [SFX] {"sound": "civ_move_1", "volume": 0.08}
[2026-09-25 21:05:33.115] [SFX] {"sound": "civ_move_2", "volume": 0.07}
[2026-09-25 21:05:33.410] [SFX] {"sound": "civ_move_2", "volume": 0.06}
[2026-09-25 21:05:33.410] [SFX] {"sound": "civ_move_1", "volume": 0.08}
[2026-09-25 21:05:33.524] [SFX] {"sound": "civ_move_2", "volume": 0.06}
[2026-09-25 21:05:33.811] [SFX] {"sound": "civ_move_1", "volume": 0.09}
[2026-09-25 21:05:33.928] [SFX] {"sound": "civ_move_2", "volume": 0.05}
[2026-09-25 21:05:34.211] [SFX] {"sound": "civ_move_1", "volume": 0.09}
[2026-09-25 21:05:34.328] [SFX] {"sound": "civ_move_2", "volume": 0.04}
[2026-09-25 21:05:34.627] [SFX] {"sound": "civ_move_1", "volume": 0.1}
[2026-09-25 21:05:34.743] [SFX] {"sound": "civ_move_2", "volume": 0.03}
[2026-09-25 21:05:35.031] [SFX] {"sound": "civ_move_1", "volume": 0.1}
[2026-09-25 21:05:35.146] [SFX] {"sound": "civ_move_2", "volume": 0.02}
[2026-09-25 21:05:35.445] [SFX] {"sound": "civ_move_1", "volume": 0.09}
[2026-09-25 21:05:35.561] [SFX] {"sound": "civ_move_2", "volume": 0.01}
[2026-09-25 21:05:35.858] [SFX] {"sound": "civ_move_1", "volume": 0.08}
[2026-09-25 21:05:35.974] [SFX] {"sound": "civ_move_2", "volume": 0.0}
[2026-09-25 21:05:36.273] [SFX] {"sound": "civ_move_1", "volume": 0.07}
[2026-09-25 21:05:36.683] [SFX] {"sound": "civ_move_1", "volume": 0.06}
[2026-09-25 21:05:37.099] [SFX] {"sound": "civ_move_1", "volume": 0.05}
[2026-09-25 21:05:37.512] [SFX] {"sound": "civ_move_1", "volume": 0.04}
[2026-09-25 21:05:37.928] [SFX] {"sound": "civ_move_1", "volume": 0.03}
[2026-09-25 21:05:38.338] [SFX] {"sound": "civ_move_1", "volume": 0.02}
[2026-09-25 21:05:38.406] [SFX] {"sound": "civ_move_1", "volume": 0.03}
[2026-09-25 21:05:38.741] [SFX] {"sound": "civ_move_1", "volume": 0.01}
[2026-09-25 21:05:38.808] [SFX] {"sound": "civ_move_1", "volume": 0.02}
[2026-09-25 21:05:39.140] [SFX] {"sound": "civ_move_1", "volume": 0.0}
[2026-09-25 21:05:39.225] [SFX] {"sound": "civ_move_1", "volume": 0.03}
[2026-09-25 21:05:39.640] [SFX] {"sound": "civ_move_1", "volume": 0.04}
[2026-09-25 21:05:40.458] [SFX] {"sound": "civ_move_1", "volume": 0.05}
[2026-09-25 21:05:40.870] [SFX] {"sound": "civ_move_1", "volume": 0.06}
[2026-09-25 21:05:41.690] [SFX] {"sound": "civ_move_1", "volume": 0.07}
[2026-09-25 21:05:42.103] [SFX] {"sound": "civ_move_1", "volume": 0.08}
[2026-09-25 21:05:42.930] [SFX] {"sound": "civ_move_1", "volume": 0.09}
[2026-09-25 21:05:43.743] [SFX] {"sound": "civ_move_1", "volume": 0.1}
[2026-09-25 21:05:44.548] [SFX] {"sound": "civ_move_1", "volume": 0.09}
[2026-09-25 21:05:44.948] [SFX] {"sound": "civ_move_1", "volume": 0.08}
[2026-09-25 21:05:45.350] [SFX] {"sound": "civ_move_1", "volume": 0.07}
[2026-09-25 21:05:45.764] [SFX] {"sound": "civ_move_1", "volume": 0.06}
[2026-09-25 21:05:46.178] [SFX] {"sound": "civ_move_1", "volume": 0.05}
[2026-09-25 21:05:46.580] [SFX] {"sound": "civ_move_1", "volume": 0.04}
[2026-09-25 21:05:46.984] [SFX] {"sound": "civ_move_1", "volume": 0.03}
[2026-09-25 21:05:47.386] [SFX] {"sound": "civ_move_1", "volume": 0.02}
[2026-09-25 21:05:48.201] [SFX] {"sound": "civ_move_1", "volume": 0.01}
[2026-09-25 21:05:49.965] [SFX] {"sound": "civ_move_2", "volume": 0.12}
[2026-09-25 21:05:51.626] [SFX] {"sound": "civ_move_2", "volume": 0.13}
[2026-09-25 21:05:51.824] [SFX] {"sound": "civ_move_2", "volume": 0.0}
[2026-09-25 21:05:52.037] [SFX] {"sound": "civ_move_2", "volume": 0.14}
[2026-09-25 21:05:52.234] [SFX] {"sound": "civ_move_2", "volume": 0.01}
[2026-09-25 21:05:52.451] [SFX] {"sound": "civ_move_2", "volume": 0.15}
[2026-09-25 21:05:52.650] [SFX] {"sound": "civ_move_2", "volume": 0.02}
[2026-09-25 21:05:52.719] [SFX] {"sound": "civ_move_1", "volume": 0.12}
[2026-09-25 21:05:52.853] [SFX] {"sound": "civ_move_2", "volume": 0.15}
[2026-09-25 21:05:53.052] [SFX] {"sound": "civ_move_2", "volume": 0.03}
[2026-09-25 21:05:53.133] [SFX] {"sound": "civ_move_1", "volume": 0.12}
[2026-09-25 21:05:53.267] [SFX] {"sound": "civ_move_2", "volume": 0.16}
[2026-09-25 21:05:53.467] [SFX] {"sound": "civ_move_2", "volume": 0.04}
[2026-09-25 21:05:53.551] [SFX] {"sound": "civ_move_1", "volume": 0.11}
[2026-09-25 21:05:53.667] [SFX] {"sound": "civ_move_2", "volume": 0.17}
[2026-09-25 21:05:53.882] [SFX] {"sound": "civ_move_2", "volume": 0.05}
[2026-09-25 21:05:53.965] [SFX] {"sound": "civ_move_1", "volume": 0.11}
[2026-09-25 21:05:54.082] [SFX] {"sound": "civ_move_2", "volume": 0.17}
[2026-09-25 21:05:54.282] [SFX] {"sound": "civ_move_2", "volume": 0.06}
[2026-09-25 21:05:54.379] [SFX] {"sound": "civ_move_1", "volume": 0.1}
[2026-09-25 21:05:54.497] [SFX] {"sound": "civ_move_2", "volume": 0.18}
[2026-09-25 21:05:54.699] [SFX] {"sound": "civ_move_2", "volume": 0.07}
[2026-09-25 21:05:54.780] [SFX] {"sound": "civ_move_1", "volume": 0.09}
[2026-09-25 21:05:54.911] [SFX] {"sound": "civ_move_2", "volume": 0.18}
[2026-09-25 21:05:55.100] [SFX] {"sound": "civ_move_2", "volume": 0.08}
[2026-09-25 21:05:55.188] [SFX] {"sound": "civ_move_1", "volume": 0.08}
[2026-09-25 21:05:55.323] [SFX] {"sound": "civ_move_2", "volume": 0.18}
[2026-09-25 21:05:55.505] [SFX] {"sound": "civ_move_2", "volume": 0.09}
[2026-09-25 21:05:55.604] [SFX] {"sound": "civ_move_1", "volume": 0.07}
[2026-09-25 21:05:55.737] [SFX] {"sound": "civ_move_2", "volume": 0.18}
[2026-09-25 21:05:55.916] [SFX] {"sound": "civ_move_2", "volume": 0.09}
[2026-09-25 21:05:56.018] [SFX] {"sound": "civ_move_1", "volume": 0.06}
[2026-09-25 21:05:56.151] [SFX] {"sound": "civ_move_2", "volume": 0.18}
[2026-09-25 21:05:56.331] [SFX] {"sound": "civ_move_2", "volume": 0.1}
[2026-09-25 21:05:56.431] [SFX] {"sound": "civ_move_1", "volume": 0.05}
[2026-09-25 21:05:56.564] [SFX] {"sound": "civ_move_2", "volume": 0.18}
[2026-09-25 21:05:56.732] [SFX] {"sound": "civ_move_2", "volume": 0.11}
[2026-09-25 21:05:56.831] [SFX] {"sound": "civ_move_1", "volume": 0.04}
[2026-09-25 21:05:56.965] [SFX] {"sound": "civ_move_2", "volume": 0.19}
[2026-09-25 21:05:57.231] [SFX] {"sound": "civ_move_1", "volume": 0.04}
[2026-09-25 21:05:57.380] [SFX] {"sound": "civ_move_2", "volume": 0.18}
[2026-09-25 21:05:57.631] [SFX] {"sound": "civ_move_1", "volume": 0.03}
[2026-09-25 21:05:57.782] [SFX] {"sound": "civ_move_2", "volume": 0.18}
[2026-09-25 21:05:58.032] [SFX] {"sound": "civ_move_1", "volume": 0.02}
[2026-09-25 21:05:58.198] [SFX] {"sound": "civ_move_2", "volume": 0.17}
[2026-09-25 21:05:58.443] [SFX] {"sound": "civ_move_1", "volume": 0.01}
[2026-09-25 21:05:58.608] [SFX] {"sound": "civ_move_2", "volume": 0.16}
[2026-09-25 21:05:59.014] [SFX] {"sound": "civ_move_2", "volume": 0.15}
[2026-09-25 21:05:59.825] [SFX] {"sound": "civ_move_2", "volume": 0.14}
[2026-09-25 21:05:59.826] [SFX] {"sound": "civ_move_2", "volume": 0.03}
[2026-09-25 21:06:00.237] [SFX] {"sound": "civ_move_2", "volume": 0.13}
[2026-09-25 21:06:00.238] [SFX] {"sound": "civ_move_2", "volume": 0.03}
[2026-09-25 21:06:00.648] [SFX] {"sound": "civ_move_2", "volume": 0.12}
[2026-09-25 21:06:00.649] [SFX] {"sound": "civ_move_2", "volume": 0.02}
[2026-09-25 21:06:01.061] [SFX] {"sound": "civ_move_2", "volume": 0.11}
[2026-09-25 21:06:01.083] [SFX] {"sound": "civ_move_2", "volume": 0.03}
[2026-09-25 21:06:01.462] [SFX] {"sound": "civ_move_2", "volume": 0.1}
[2026-09-25 21:06:01.485] [SFX] {"sound": "civ_move_2", "volume": 0.04}
[2026-09-25 21:06:01.878] [SFX] {"sound": "civ_move_2", "volume": 0.09}
[2026-09-25 21:06:01.900] [SFX] {"sound": "civ_move_2", "volume": 0.04}
[2026-09-25 21:06:02.294] [SFX] {"sound": "civ_move_2", "volume": 0.08}
[2026-09-25 21:06:02.295] [SFX] {"sound": "civ_move_2", "volume": 0.05}
[2026-09-25 21:06:02.707] [SFX] {"sound": "civ_move_2", "volume": 0.07}
[2026-09-25 21:06:02.708] [SFX] {"sound": "civ_move_2", "volume": 0.06}
[2026-09-25 21:06:03.528] [SFX] {"sound": "civ_move_2", "volume": 0.05}
[2026-09-25 21:06:03.529] [SFX] {"sound": "civ_move_2", "volume": 0.07}
[2026-09-25 21:06:03.928] [SFX] {"sound": "civ_move_2", "volume": 0.05}
[2026-09-25 21:06:03.929] [SFX] {"sound": "civ_move_2", "volume": 0.08}
[2026-09-25 21:06:04.328] [SFX] {"sound": "civ_move_2", "volume": 0.04}
[2026-09-25 21:06:04.329] [SFX] {"sound": "civ_move_2", "volume": 0.08}
[2026-09-25 21:06:04.729] [SFX] {"sound": "civ_move_2", "volume": 0.03}
[2026-09-25 21:06:04.730] [SFX] {"sound": "civ_move_2", "volume": 0.09}
[2026-09-25 21:06:05.142] [SFX] {"sound": "civ_move_2", "volume": 0.02}
[2026-09-25 21:06:05.143] [SFX] {"sound": "civ_move_2", "volume": 0.09}
[2026-09-25 21:06:05.555] [SFX] {"sound": "civ_move_2", "volume": 0.01}
[2026-09-25 21:06:05.555] [SFX] {"sound": "civ_move_2", "volume": 0.1}
[2026-09-25 21:06:06.369] [SFX] {"sound": "civ_move_2", "volume": 0.09}
[2026-09-25 21:06:06.783] [SFX] {"sound": "civ_move_2", "volume": 0.08}
[2026-09-25 21:06:07.197] [SFX] {"sound": "civ_move_2", "volume": 0.07}
[2026-09-25 21:06:07.613] [SFX] {"sound": "civ_move_2", "volume": 0.06}
[2026-09-25 21:06:08.025] [SFX] {"sound": "civ_move_2", "volume": 0.05}
[2026-09-25 21:06:08.438] [SFX] {"sound": "civ_move_2", "volume": 0.04}
[2026-09-25 21:06:08.838] [SFX] {"sound": "civ_move_2", "volume": 0.03}
[2026-09-25 21:06:09.251] [SFX] {"sound": "civ_move_2", "volume": 0.02}
[2026-09-25 21:06:09.665] [SFX] {"sound": "civ_move_2", "volume": 0.01}
[2026-09-25 21:06:10.079] [SFX] {"sound": "civ_move_2", "volume": 0.0}
[2026-09-25 21:06:11.694] [SFX] {"sound": "civ_move_2", "volume": 0.01}
[2026-09-25 21:06:12.102] [SFX] {"sound": "civ_move_2", "volume": 0.02}
[2026-09-25 21:06:12.517] [SFX] {"sound": "civ_move_2", "volume": 0.03}
[2026-09-25 21:06:12.649] [SFX] {"sound": "civ_move_2", "volume": 0.12}
[2026-09-25 21:06:12.818] [SFX] {"sound": "civ_move_2", "volume": 0.03}
[2026-09-25 21:06:13.050] [SFX] {"sound": "civ_move_2", "volume": 0.12}
[2026-09-25 21:06:13.234] [SFX] {"sound": "civ_move_2", "volume": 0.04}
[2026-09-25 21:06:13.463] [SFX] {"sound": "civ_move_2", "volume": 0.12}
[2026-09-25 21:06:13.644] [SFX] {"sound": "civ_move_2", "volume": 0.05}
[2026-09-25 21:06:13.880] [SFX] {"sound": "civ_move_2", "volume": 0.11}
[2026-09-25 21:06:14.046] [SFX] {"sound": "civ_move_2", "volume": 0.06}
[2026-09-25 21:06:14.147] [SFX] {"sound": "civ_move_2", "volume": 0.05}
[2026-09-25 21:06:14.284] [SFX] {"sound": "civ_move_2", "volume": 0.1}
[2026-09-25 21:06:14.449] [SFX] {"sound": "civ_move_2", "volume": 0.07}
[2026-09-25 21:06:14.549] [SFX] {"sound": "civ_move_2", "volume": 0.06}
[2026-09-25 21:06:14.685] [SFX] {"sound": "civ_move_2", "volume": 0.09}
[2026-09-25 21:06:14.851] [SFX] {"sound": "civ_move_2", "volume": 0.08}
[2026-09-25 21:06:14.952] [SFX] {"sound": "civ_move_2", "volume": 0.07}
[2026-09-25 21:06:15.086] [SFX] {"sound": "civ_move_2", "volume": 0.09}
[2026-09-25 21:06:15.367] [SFX] {"sound": "civ_move_2", "volume": 0.07}
[2026-09-25 21:06:15.502] [SFX] {"sound": "civ_move_2", "volume": 0.08}
[2026-09-25 21:06:15.654] [SFX] {"sound": "civ_move_2", "volume": 0.09}
[2026-09-25 21:06:15.770] [SFX] {"sound": "civ_move_2", "volume": 0.08}
[2026-09-25 21:06:15.917] [SFX] {"sound": "civ_move_2", "volume": 0.07}
[2026-09-25 21:06:16.070] [SFX] {"sound": "civ_move_2", "volume": 0.1}
[2026-09-25 21:06:16.170] [SFX] {"sound": "civ_move_2", "volume": 0.09}
[2026-09-25 21:06:16.322] [SFX] {"sound": "civ_move_2", "volume": 0.06}
[2026-09-25 21:06:16.471] [SFX] {"sound": "civ_move_2", "volume": 0.09}
[2026-09-25 21:06:16.736] [SFX] {"sound": "civ_move_2", "volume": 0.05}
[2026-09-25 21:06:16.885] [SFX] {"sound": "civ_move_2", "volume": 0.09}
[2026-09-25 21:06:16.886] [SFX] {"sound": "civ_move_1", "volume": 0.01}
[2026-09-25 21:06:16.970] [SFX] {"sound": "civ_move_2", "volume": 0.09}
[2026-09-25 21:06:17.149] [SFX] {"sound": "civ_move_2", "volume": 0.04}
[2026-09-25 21:06:17.299] [SFX] {"sound": "civ_move_2", "volume": 0.08}
[2026-09-25 21:06:17.300] [SFX] {"sound": "civ_move_1", "volume": 0.02}
[2026-09-25 21:06:17.381] [SFX] {"sound": "civ_move_2", "volume": 0.1}
[2026-09-25 21:06:17.565] [SFX] {"sound": "civ_move_2", "volume": 0.03}
[2026-09-25 21:06:17.713] [SFX] {"sound": "civ_move_2", "volume": 0.08}
[2026-09-25 21:06:17.713] [SFX] {"sound": "civ_move_1", "volume": 0.03}
[2026-09-25 21:06:17.797] [SFX] {"sound": "civ_move_2", "volume": 0.09}
[2026-09-25 21:06:17.967] [SFX] {"sound": "civ_move_2", "volume": 0.02}
[2026-09-25 21:06:18.115] [SFX] {"sound": "civ_move_2", "volume": 0.07}
[2026-09-25 21:06:18.115] [SFX] {"sound": "civ_move_1", "volume": 0.04}
[2026-09-25 21:06:18.198] [SFX] {"sound": "civ_move_2", "volume": 0.08}
[2026-09-25 21:06:18.382] [SFX] {"sound": "civ_move_2", "volume": 0.01}
[2026-09-25 21:06:18.516] [SFX] {"sound": "civ_move_2", "volume": 0.07}
[2026-09-25 21:06:18.516] [SFX] {"sound": "civ_move_1", "volume": 0.05}
[2026-09-25 21:06:18.598] [SFX] {"sound": "civ_move_2", "volume": 0.08}
[2026-09-25 21:06:18.782] [SFX] {"sound": "civ_move_2", "volume": 0.0}
[2026-09-25 21:06:18.929] [SFX] {"sound": "civ_move_2", "volume": 0.06}
[2026-09-25 21:06:18.930] [SFX] {"sound": "civ_move_1", "volume": 0.06}
[2026-09-25 21:06:19.013] [SFX] {"sound": "civ_move_2", "volume": 0.07}
[2026-09-25 21:06:19.342] [SFX] {"sound": "civ_move_2", "volume": 0.05}
[2026-09-25 21:06:19.343] [SFX] {"sound": "civ_move_1", "volume": 0.07}
[2026-09-25 21:06:19.427] [SFX] {"sound": "civ_move_2", "volume": 0.06}
[2026-09-25 21:06:19.745] [SFX] {"sound": "civ_move_2", "volume": 0.05}
[2026-09-25 21:06:19.745] [SFX] {"sound": "civ_move_1", "volume": 0.08}
[2026-09-25 21:06:19.828] [SFX] {"sound": "civ_move_2", "volume": 0.05}
[2026-09-25 21:06:20.145] [SFX] {"sound": "civ_move_2", "volume": 0.04}
[2026-09-25 21:06:20.146] [SFX] {"sound": "civ_move_1", "volume": 0.08}
[2026-09-25 21:06:20.228] [SFX] {"sound": "civ_move_2", "volume": 0.04}
[2026-09-25 21:06:20.555] [SFX] {"sound": "civ_move_2", "volume": 0.03}
[2026-09-25 21:06:20.555] [SFX] {"sound": "civ_move_1", "volume": 0.09}
[2026-09-25 21:06:20.638] [SFX] {"sound": "civ_move_2", "volume": 0.03}
[2026-09-25 21:06:20.964] [SFX] {"sound": "civ_move_2", "volume": 0.02}
[2026-09-25 21:06:20.965] [SFX] {"sound": "civ_move_1", "volume": 0.1}
[2026-09-25 21:06:21.049] [SFX] {"sound": "civ_move_2", "volume": 0.02}
[2026-09-25 21:06:21.375] [SFX] {"sound": "civ_move_1", "volume": 0.09}
[2026-09-25 21:06:21.457] [SFX] {"sound": "civ_move_2", "volume": 0.01}
[2026-09-25 21:06:21.775] [SFX] {"sound": "civ_move_1", "volume": 0.09}
[2026-09-25 21:06:21.776] [SFX] {"sound": "civ_move_1", "volume": 0.01}
[2026-09-25 21:06:22.188] [SFX] {"sound": "civ_move_2", "volume": 0.0}
[2026-09-25 21:06:22.189] [SFX] {"sound": "civ_move_1", "volume": 0.09}
[2026-09-25 21:06:22.190] [SFX] {"sound": "civ_move_1", "volume": 0.02}
[2026-09-25 21:06:22.602] [SFX] {"sound": "civ_move_1", "volume": 0.08}
[2026-09-25 21:06:22.603] [SFX] {"sound": "civ_move_1", "volume": 0.03}
[2026-09-25 21:06:23.017] [SFX] {"sound": "civ_move_1", "volume": 0.07}
[2026-09-25 21:06:23.018] [SFX] {"sound": "civ_move_1", "volume": 0.04}
[2026-09-25 21:06:23.050] [SFX] {"sound": "civ_move_2", "volume": 0.03}
[2026-09-25 21:06:23.426] [SFX] {"sound": "civ_move_1", "volume": 0.07}
[2026-09-25 21:06:23.427] [SFX] {"sound": "civ_move_1", "volume": 0.05}
[2026-09-25 21:06:23.460] [SFX] {"sound": "civ_move_2", "volume": 0.03}
[2026-09-25 21:06:23.826] [SFX] {"sound": "civ_move_1", "volume": 0.06}
[2026-09-25 21:06:23.861] [SFX] {"sound": "civ_move_2", "volume": 0.02}
[2026-09-25 21:06:24.225] [SFX] {"sound": "civ_move_1", "volume": 0.05}
[2026-09-25 21:06:24.226] [SFX] {"sound": "civ_move_1", "volume": 0.07}
[2026-09-25 21:06:24.291] [SFX] {"sound": "civ_move_2", "volume": 0.03}
[2026-09-25 21:06:24.628] [SFX] {"sound": "civ_move_1", "volume": 0.05}
[2026-09-25 21:06:24.628] [SFX] {"sound": "civ_move_1", "volume": 0.08}
[2026-09-25 21:06:24.695] [SFX] {"sound": "civ_move_2", "volume": 0.04}
[2026-09-25 21:06:25.040] [SFX] {"sound": "civ_move_1", "volume": 0.04}
[2026-09-25 21:06:25.041] [SFX] {"sound": "civ_move_1", "volume": 0.08}
[2026-09-25 21:06:25.109] [SFX] {"sound": "civ_move_2", "volume": 0.04}
[2026-09-25 21:06:25.443] [SFX] {"sound": "civ_move_1", "volume": 0.03}
[2026-09-25 21:06:25.444] [SFX] {"sound": "civ_move_1", "volume": 0.09}
[2026-09-25 21:06:25.511] [SFX] {"sound": "civ_move_2", "volume": 0.05}
[2026-09-25 21:06:25.843] [SFX] {"sound": "civ_move_1", "volume": 0.03}
[2026-09-25 21:06:25.844] [SFX] {"sound": "civ_move_1", "volume": 0.1}
[2026-09-25 21:06:25.925] [SFX] {"sound": "civ_move_2", "volume": 0.06}
[2026-09-25 21:06:26.257] [SFX] {"sound": "civ_move_1", "volume": 0.02}
[2026-09-25 21:06:26.257] [SFX] {"sound": "civ_move_1", "volume": 0.09}
[2026-09-25 21:06:26.338] [SFX] {"sound": "civ_move_2", "volume": 0.06}
[2026-09-25 21:06:26.670] [SFX] {"sound": "civ_move_1", "volume": 0.01}
[2026-09-25 21:06:26.671] [SFX] {"sound": "civ_move_1", "volume": 0.09}
[2026-09-25 21:06:26.751] [SFX] {"sound": "civ_move_2", "volume": 0.07}
[2026-09-25 21:06:27.069] [SFX] {"sound": "civ_move_1", "volume": 0.0}
[2026-09-25 21:06:27.070] [SFX] {"sound": "civ_move_1", "volume": 0.09}
[2026-09-25 21:06:27.152] [SFX] {"sound": "civ_move_2", "volume": 0.08}
[2026-09-25 21:06:27.485] [SFX] {"sound": "civ_move_1", "volume": 0.08}
[2026-09-25 21:06:27.568] [SFX] {"sound": "civ_move_2", "volume": 0.08}
[2026-09-25 21:06:27.885] [SFX] {"sound": "civ_move_1", "volume": 0.07}
[2026-09-25 21:06:27.968] [SFX] {"sound": "civ_move_2", "volume": 0.09}
[2026-09-25 21:06:28.301] [SFX] {"sound": "civ_move_1", "volume": 0.07}
[2026-09-25 21:06:28.383] [SFX] {"sound": "civ_move_2", "volume": 0.09}
[2026-09-25 21:06:28.579] [SFX] {"sound": "civ_move_1", "volume": 0.01}
[2026-09-25 21:06:28.714] [SFX] {"sound": "civ_move_1", "volume": 0.06}
[2026-09-25 21:06:28.797] [SFX] {"sound": "civ_move_2", "volume": 0.1}
[2026-09-25 21:06:28.981] [SFX] {"sound": "civ_move_1", "volume": 0.01}
[2026-09-25 21:06:29.130] [SFX] {"sound": "civ_move_1", "volume": 0.05}
[2026-09-25 21:06:29.198] [SFX] {"sound": "civ_move_2", "volume": 0.1}
[2026-09-25 21:06:29.531] [SFX] {"sound": "civ_move_1", "volume": 0.05}
[2026-09-25 21:06:29.614] [SFX] {"sound": "civ_move_2", "volume": 0.09}
[2026-09-25 21:06:29.944] [SFX] {"sound": "civ_move_1", "volume": 0.04}
[2026-09-25 21:06:30.015] [SFX] {"sound": "civ_move_2", "volume": 0.08}
[2026-09-25 21:06:30.351] [SFX] {"sound": "civ_move_1", "volume": 0.03}
[2026-09-25 21:06:30.417] [SFX] {"sound": "civ_move_2", "volume": 0.07}
[2026-09-25 21:06:30.765] [SFX] {"sound": "civ_move_1", "volume": 0.03}
[2026-09-25 21:06:30.831] [SFX] {"sound": "civ_move_2", "volume": 0.06}
[2026-09-25 21:06:31.164] [SFX] {"sound": "civ_move_1", "volume": 0.02}
[2026-09-25 21:06:31.247] [SFX] {"sound": "civ_move_2", "volume": 0.05}
[2026-09-25 21:06:31.581] [SFX] {"sound": "civ_move_1", "volume": 0.01}
[2026-09-25 21:06:31.647] [SFX] {"sound": "civ_move_2", "volume": 0.04}
[2026-09-25 21:06:31.993] [SFX] {"sound": "civ_move_1", "volume": 0.0}
[2026-09-25 21:06:32.060] [SFX] {"sound": "civ_move_2", "volume": 0.03}
[2026-09-25 21:06:32.473] [SFX] {"sound": "civ_move_2", "volume": 0.02}
[2026-09-25 21:06:33.286] [SFX] {"sound": "civ_move_2", "volume": 0.01}
[2026-09-25 21:06:39.589] [SFX] {"sound": "civ_move_2", "volume": 0.03}
[2026-09-25 21:06:39.671] [SFX] {"sound": "civ_move_1", "volume": 0.12}
[2026-09-25 21:06:40.004] [SFX] {"sound": "civ_move_2", "volume": 0.03}
[2026-09-25 21:06:40.085] [SFX] {"sound": "civ_move_1", "volume": 0.12}
[2026-09-25 21:06:40.434] [SFX] {"sound": "civ_move_2", "volume": 0.02}
[2026-09-25 21:06:40.500] [SFX] {"sound": "civ_move_1", "volume": 0.12}
[2026-09-25 21:06:40.848] [SFX] {"sound": "civ_move_2", "volume": 0.03}
[2026-09-25 21:06:40.931] [SFX] {"sound": "civ_move_1", "volume": 0.11}
[2026-09-25 21:06:41.264] [SFX] {"sound": "civ_move_2", "volume": 0.04}
[2026-09-25 21:06:41.331] [SFX] {"sound": "civ_move_1", "volume": 0.1}
[2026-09-25 21:06:41.678] [SFX] {"sound": "civ_move_2", "volume": 0.05}
[2026-09-25 21:06:41.745] [SFX] {"sound": "civ_move_1", "volume": 0.09}
[2026-09-25 21:06:42.090] [SFX] {"sound": "civ_move_2", "volume": 0.05}
[2026-09-25 21:06:42.157] [SFX] {"sound": "civ_move_1", "volume": 0.08}
[2026-09-25 21:06:42.503] [SFX] {"sound": "civ_move_2", "volume": 0.06}
[2026-09-25 21:06:42.570] [SFX] {"sound": "civ_move_1", "volume": 0.07}
[2026-09-25 21:06:42.904] [SFX] {"sound": "civ_move_2", "volume": 0.07}
[2026-09-25 21:06:42.973] [SFX] {"sound": "civ_move_1", "volume": 0.07}
[2026-09-25 21:06:43.319] [SFX] {"sound": "civ_move_2", "volume": 0.07}
[2026-09-25 21:06:43.388] [SFX] {"sound": "civ_move_1", "volume": 0.06}
[2026-09-25 21:06:43.721] [SFX] {"sound": "civ_move_2", "volume": 0.08}
[2026-09-25 21:06:43.790] [SFX] {"sound": "civ_move_1", "volume": 0.05}
[2026-09-25 21:06:44.127] [SFX] {"sound": "civ_move_2", "volume": 0.08}
[2026-09-25 21:06:44.193] [SFX] {"sound": "civ_move_1", "volume": 0.04}
[2026-09-25 21:06:44.527] [SFX] {"sound": "civ_move_2", "volume": 0.09}
[2026-09-25 21:06:44.594] [SFX] {"sound": "civ_move_1", "volume": 0.03}
[2026-09-25 21:06:44.945] [SFX] {"sound": "civ_move_2", "volume": 0.09}
[2026-09-25 21:06:44.995] [SFX] {"sound": "civ_move_1", "volume": 0.02}
[2026-09-25 21:06:45.345] [SFX] {"sound": "civ_move_2", "volume": 0.1}
[2026-09-25 21:06:45.395] [SFX] {"sound": "civ_move_1", "volume": 0.01}
[2026-09-25 21:06:45.758] [SFX] {"sound": "civ_move_2", "volume": 0.1}
[2026-09-25 21:06:45.806] [SFX] {"sound": "civ_move_1", "volume": 0.0}
[2026-09-25 21:06:46.171] [SFX] {"sound": "civ_move_2", "volume": 0.09}
[2026-09-25 21:06:46.578] [SFX] {"sound": "civ_move_2", "volume": 0.08}
[2026-09-25 21:06:46.993] [SFX] {"sound": "civ_move_2", "volume": 0.07}
[2026-09-25 21:06:47.403] [SFX] {"sound": "civ_move_2", "volume": 0.06}
[2026-09-25 21:06:47.804] [SFX] {"sound": "civ_move_2", "volume": 0.05}
[2026-09-25 21:06:48.216] [SFX] {"sound": "civ_move_2", "volume": 0.04}
[2026-09-25 21:06:48.631] [SFX] {"sound": "civ_move_2", "volume": 0.03}
[2026-09-25 21:06:49.045] [SFX] {"sound": "civ_move_2", "volume": 0.02}
[2026-09-25 21:06:49.454] [SFX] {"sound": "civ_move_2", "volume": 0.01}
[2026-09-25 21:06:55.215] [SFX] {"sound": "civ_move_2", "volume": 0.03}
[2026-09-25 21:06:56.043] [SFX] {"sound": "civ_move_2", "volume": 0.02}
[2026-09-25 21:06:56.460] [SFX] {"sound": "civ_move_2", "volume": 0.03}
[2026-09-25 21:06:56.576] [SFX] {"sound": "civ_move_2", "volume": 0.01}
[2026-09-25 21:06:56.875] [SFX] {"sound": "civ_move_2", "volume": 0.04}
[2026-09-25 21:06:56.990] [SFX] {"sound": "civ_move_2", "volume": 0.02}
[2026-09-25 21:06:57.284] [SFX] {"sound": "civ_move_2", "volume": 0.04}
[2026-09-25 21:06:57.401] [SFX] {"sound": "civ_move_2", "volume": 0.02}
[2026-09-25 21:06:57.685] [SFX] {"sound": "civ_move_2", "volume": 0.05}
[2026-09-25 21:06:57.817] [SFX] {"sound": "civ_move_2", "volume": 0.03}
[2026-09-25 21:06:58.095] [SFX] {"sound": "civ_move_2", "volume": 0.06}
[2026-09-25 21:06:58.227] [SFX] {"sound": "civ_move_2", "volume": 0.04}
[2026-09-25 21:06:58.440] [SFX] {"sound": "civ_move_2", "volume": 0.0}
[2026-09-25 21:06:58.507] [SFX] {"sound": "civ_move_2", "volume": 0.06}
[2026-09-25 21:06:58.641] [SFX] {"sound": "civ_move_2", "volume": 0.05}
[2026-09-25 21:06:58.842] [SFX] {"sound": "civ_move_2", "volume": 0.01}
[2026-09-25 21:06:58.907] [SFX] {"sound": "civ_move_2", "volume": 0.07}
[2026-09-25 21:06:59.056] [SFX] {"sound": "civ_move_2", "volume": 0.06}
[2026-09-25 21:06:59.254] [SFX] {"sound": "civ_move_2", "volume": 0.02}
[2026-09-25 21:06:59.318] [SFX] {"sound": "civ_move_2", "volume": 0.08}
[2026-09-25 21:06:59.468] [SFX] {"sound": "civ_move_2", "volume": 0.07}
[2026-09-25 21:06:59.669] [SFX] {"sound": "civ_move_2", "volume": 0.03}
[2026-09-25 21:06:59.721] [SFX] {"sound": "civ_move_2", "volume": 0.08}
[2026-09-25 21:07:00.070] [SFX] {"sound": "civ_move_2", "volume": 0.04}
[2026-09-25 21:07:00.136] [SFX] {"sound": "civ_move_2", "volume": 0.09}
[2026-09-25 21:07:00.484] [SFX] {"sound": "civ_move_2", "volume": 0.05}
[2026-09-25 21:07:00.551] [SFX] {"sound": "civ_move_2", "volume": 0.09}
[2026-09-25 21:07:00.684] [SFX] {"sound": "civ_move_2", "volume": 0.1}
[2026-09-25 21:07:00.884] [SFX] {"sound": "civ_move_2", "volume": 0.06}
[2026-09-25 21:07:00.952] [SFX] {"sound": "civ_move_2", "volume": 0.1}
[2026-09-25 21:07:01.288] [SFX] {"sound": "civ_move_2", "volume": 0.07}
[2026-09-25 21:07:01.355] [SFX] {"sound": "civ_move_2", "volume": 0.1}
[2026-09-25 21:07:01.507] [SFX] {"sound": "civ_move_2", "volume": 0.09}
[2026-09-25 21:07:01.703] [SFX] {"sound": "civ_move_2", "volume": 0.08}
[2026-09-25 21:07:01.770] [SFX] {"sound": "civ_move_2", "volume": 0.11}
[2026-09-25 21:07:01.921] [SFX] {"sound": "civ_move_2", "volume": 0.09}
[2026-09-25 21:07:02.184] [SFX] {"sound": "civ_move_2", "volume": 0.12}
[2026-09-25 21:07:02.336] [SFX] {"sound": "civ_move_2", "volume": 0.08}
[2026-09-25 21:07:02.520] [SFX] {"sound": "civ_move_2", "volume": 0.1}
[2026-09-25 21:07:02.588] [SFX] {"sound": "civ_move_2", "volume": 0.13}
[2026-09-25 21:07:02.736] [SFX] {"sound": "civ_move_2", "volume": 0.08}
[2026-09-25 21:07:02.935] [SFX] {"sound": "civ_move_2", "volume": 0.1}
[2026-09-25 21:07:03.003] [SFX] {"sound": "civ_move_2", "volume": 0.14}
[2026-09-25 21:07:03.151] [SFX] {"sound": "civ_move_2", "volume": 0.07}
[2026-09-25 21:07:03.337] [SFX] {"sound": "civ_move_2", "volume": 0.09}
[2026-09-25 21:07:03.418] [SFX] {"sound": "civ_move_2", "volume": 0.14}
[2026-09-25 21:07:03.567] [SFX] {"sound": "civ_move_2", "volume": 0.06}
[2026-09-25 21:07:03.747] [SFX] {"sound": "civ_move_2", "volume": 0.09}
[2026-09-25 21:07:03.829] [SFX] {"sound": "civ_move_2", "volume": 0.15}
[2026-09-25 21:07:03.978] [SFX] {"sound": "civ_move_2", "volume": 0.06}
[2026-09-25 21:07:04.147] [SFX] {"sound": "civ_move_2", "volume": 0.08}
[2026-09-25 21:07:04.148] [SFX] {"sound": "civ_move_2", "volume": 0.01}
[2026-09-25 21:07:04.232] [SFX] {"sound": "civ_move_2", "volume": 0.16}
[2026-09-25 21:07:04.381] [SFX] {"sound": "civ_move_2", "volume": 0.05}
[2026-09-25 21:07:04.548] [SFX] {"sound": "civ_move_2", "volume": 0.08}
[2026-09-25 21:07:04.549] [SFX] {"sound": "civ_move_2", "volume": 0.02}
[2026-09-25 21:07:04.633] [SFX] {"sound": "civ_move_2", "volume": 0.17}
[2026-09-25 21:07:04.784] [SFX] {"sound": "civ_move_2", "volume": 0.04}
[2026-09-25 21:07:04.950] [SFX] {"sound": "civ_move_2", "volume": 0.07}
[2026-09-25 21:07:04.951] [SFX] {"sound": "civ_move_2", "volume": 0.03}
[2026-09-25 21:07:05.048] [SFX] {"sound": "civ_move_2", "volume": 0.17}
[2026-09-25 21:07:05.197] [SFX] {"sound": "civ_move_2", "volume": 0.04}
[2026-09-25 21:07:05.365] [SFX] {"sound": "civ_move_2", "volume": 0.07}
[2026-09-25 21:07:05.366] [SFX] {"sound": "civ_move_2", "volume": 0.04}
[2026-09-25 21:07:05.449] [SFX] {"sound": "civ_move_2", "volume": 0.18}
[2026-09-25 21:07:05.597] [SFX] {"sound": "civ_move_2", "volume": 0.03}
[2026-09-25 21:07:05.765] [SFX] {"sound": "civ_move_2", "volume": 0.06}
[2026-09-25 21:07:05.766] [SFX] {"sound": "civ_move_2", "volume": 0.05}
[2026-09-25 21:07:05.850] [SFX] {"sound": "civ_move_2", "volume": 0.19}
[2026-09-25 21:07:05.998] [SFX] {"sound": "civ_move_2", "volume": 0.02}
[2026-09-25 21:07:06.180] [SFX] {"sound": "civ_move_2", "volume": 0.05}
[2026-09-25 21:07:06.180] [SFX] {"sound": "civ_move_2", "volume": 0.06}
[2026-09-25 21:07:06.264] [SFX] {"sound": "civ_move_2", "volume": 0.18}
[2026-09-25 21:07:06.397] [SFX] {"sound": "civ_move_2", "volume": 0.01}
[2026-09-25 21:07:06.579] [SFX] {"sound": "civ_move_2", "volume": 0.05}
[2026-09-25 21:07:06.580] [SFX] {"sound": "civ_move_2", "volume": 0.07}
[2026-09-25 21:07:06.679] [SFX] {"sound": "civ_move_2", "volume": 0.18}
[2026-09-25 21:07:06.812] [SFX] {"sound": "civ_move_2", "volume": 0.0}
[2026-09-25 21:07:06.996] [SFX] {"sound": "civ_move_2", "volume": 0.04}
[2026-09-25 21:07:06.997] [SFX] {"sound": "civ_move_2", "volume": 0.08}
[2026-09-25 21:07:07.082] [SFX] {"sound": "civ_move_2", "volume": 0.18}
[2026-09-25 21:07:07.395] [SFX] {"sound": "civ_move_2", "volume": 0.03}
[2026-09-25 21:07:07.396] [SFX] {"sound": "civ_move_2", "volume": 0.08}
[2026-09-25 21:07:07.481] [SFX] {"sound": "civ_move_2", "volume": 0.18}
[2026-09-25 21:07:07.810] [SFX] {"sound": "civ_move_2", "volume": 0.02}
[2026-09-25 21:07:07.811] [SFX] {"sound": "civ_move_2", "volume": 0.09}
[2026-09-25 21:07:07.894] [SFX] {"sound": "civ_move_2", "volume": 0.18}
[2026-09-25 21:07:08.226] [SFX] {"sound": "civ_move_2", "volume": 0.02}
[2026-09-25 21:07:08.227] [SFX] {"sound": "civ_move_2", "volume": 0.1}
[2026-09-25 21:07:08.308] [SFX] {"sound": "civ_move_2", "volume": 0.18}
[2026-09-25 21:07:08.640] [SFX] {"sound": "civ_move_2", "volume": 0.01}
[2026-09-25 21:07:08.641] [SFX] {"sound": "civ_move_2", "volume": 0.09}
[2026-09-25 21:07:08.712] [SFX] {"sound": "civ_move_2", "volume": 0.17}
[2026-09-25 21:07:09.045] [SFX] {"sound": "civ_move_2", "volume": 0.09}
[2026-09-25 21:07:09.113] [SFX] {"sound": "civ_move_2", "volume": 0.17}
[2026-09-25 21:07:09.460] [SFX] {"sound": "civ_move_2", "volume": 0.09}
[2026-09-25 21:07:09.525] [SFX] {"sound": "civ_move_2", "volume": 0.16}
[2026-09-25 21:07:09.873] [SFX] {"sound": "civ_move_2", "volume": 0.08}
[2026-09-25 21:07:09.938] [SFX] {"sound": "civ_move_2", "volume": 0.16}
[2026-09-25 21:07:10.277] [SFX] {"sound": "civ_move_2", "volume": 0.07}
[2026-09-25 21:07:10.344] [SFX] {"sound": "civ_move_2", "volume": 0.15}
[2026-09-25 21:07:10.678] [SFX] {"sound": "civ_move_2", "volume": 0.07}
[2026-09-25 21:07:10.748] [SFX] {"sound": "civ_move_2", "volume": 0.14}
[2026-09-25 21:07:11.079] [SFX] {"sound": "civ_move_2", "volume": 0.06}
[2026-09-25 21:07:11.160] [SFX] {"sound": "civ_move_2", "volume": 0.13}
[2026-09-25 21:07:11.313] [SFX] {"sound": "civ_move_2", "volume": 0.01}
[2026-09-25 21:07:11.481] [SFX] {"sound": "civ_move_2", "volume": 0.05}
[2026-09-25 21:07:11.564] [SFX] {"sound": "civ_move_2", "volume": 0.13}
[2026-09-25 21:07:11.713] [SFX] {"sound": "civ_move_2", "volume": 0.01}
[2026-09-25 21:07:11.895] [SFX] {"sound": "civ_move_2", "volume": 0.05}
[2026-09-25 21:07:11.975] [SFX] {"sound": "civ_move_2", "volume": 0.12}
[2026-09-25 21:07:12.123] [SFX] {"sound": "civ_move_2", "volume": 0.02}
[2026-09-25 21:07:12.304] [SFX] {"sound": "civ_move_2", "volume": 0.04}
[2026-09-25 21:07:12.538] [SFX] {"sound": "civ_move_2", "volume": 0.03}
[2026-09-25 21:07:12.953] [SFX] {"sound": "civ_move_2", "volume": 0.04}
[2026-09-25 21:07:13.117] [SFX] {"sound": "civ_move_2", "volume": 0.03}
[2026-09-25 21:07:13.353] [SFX] {"sound": "civ_move_2", "volume": 0.04}
[2026-09-25 21:07:13.532] [SFX] {"sound": "civ_move_2", "volume": 0.02}
[2026-09-25 21:07:13.766] [SFX] {"sound": "civ_move_2", "volume": 0.05}
[2026-09-25 21:07:13.931] [SFX] {"sound": "civ_move_2", "volume": 0.01}
[2026-09-25 21:07:14.166] [SFX] {"sound": "civ_move_2", "volume": 0.06}
[2026-09-25 21:07:14.346] [SFX] {"sound": "civ_move_2", "volume": 0.0}
[2026-09-25 21:07:14.569] [SFX] {"sound": "civ_move_2", "volume": 0.06}
[2026-09-25 21:07:14.985] [SFX] {"sound": "civ_move_2", "volume": 0.07}
[2026-09-25 21:07:15.384] [SFX] {"sound": "civ_move_2", "volume": 0.08}
[2026-09-25 21:07:16.215] [SFX] {"sound": "civ_move_2", "volume": 0.09}
[2026-09-25 21:07:17.032] [SFX] {"sound": "civ_move_2", "volume": 0.1}
[2026-09-25 21:07:17.861] [SFX] {"sound": "civ_move_2", "volume": 0.09}
[2026-09-25 21:07:17.961] [SFX] {"sound": "civ_move_2", "volume": 0.0}
[2026-09-25 21:07:18.261] [SFX] {"sound": "civ_move_2", "volume": 0.08}
[2026-09-25 21:07:18.362] [SFX] {"sound": "civ_move_2", "volume": 0.01}
[2026-09-25 21:07:18.662] [SFX] {"sound": "civ_move_2", "volume": 0.07}
[2026-09-25 21:07:18.778] [SFX] {"sound": "civ_move_2", "volume": 0.02}
[2026-09-25 21:07:19.071] [SFX] {"sound": "civ_move_2", "volume": 0.06}
[2026-09-25 21:07:19.191] [SFX] {"sound": "civ_move_2", "volume": 0.03}
[2026-09-25 21:07:19.474] [SFX] {"sound": "civ_move_2", "volume": 0.05}
[2026-09-25 21:07:19.606] [SFX] {"sound": "civ_move_2", "volume": 0.04}
[2026-09-25 21:07:20.020] [SFX] {"sound": "civ_move_2", "volume": 0.05}
[2026-09-25 21:07:20.301] [SFX] {"sound": "civ_move_2", "volume": 0.03}
[2026-09-25 21:07:20.434] [SFX] {"sound": "civ_move_2", "volume": 0.06}
[2026-09-25 21:07:20.715] [SFX] {"sound": "civ_move_2", "volume": 0.02}
[2026-09-25 21:07:20.846] [SFX] {"sound": "civ_move_2", "volume": 0.07}
[2026-09-25 21:07:21.129] [SFX] {"sound": "civ_move_2", "volume": 0.01}
[2026-09-25 21:07:21.247] [SFX] {"sound": "civ_move_2", "volume": 0.08}
[2026-09-25 21:07:21.543] [SFX] {"sound": "civ_move_2", "volume": 0.0}
[2026-09-25 21:07:21.656] [SFX] {"sound": "civ_move_2", "volume": 0.09}
[2026-09-25 21:07:22.468] [SFX] {"sound": "civ_move_2", "volume": 0.1}
[2026-09-25 21:07:22.884] [SFX] {"sound": "civ_move_2", "volume": 0.11}
[2026-09-25 21:07:29.417] [SFX] {"sound": "civ_move_2", "volume": 0.0}
[2026-09-25 21:07:29.832] [SFX] {"sound": "civ_move_2", "volume": 0.01}
[2026-09-25 21:07:30.248] [SFX] {"sound": "civ_move_2", "volume": 0.02}
[2026-09-25 21:07:30.656] [SFX] {"sound": "civ_move_2", "volume": 0.03}
[2026-09-25 21:07:31.058] [SFX] {"sound": "civ_move_2", "volume": 0.04}
[2026-09-25 21:07:31.469] [SFX] {"sound": "civ_move_2", "volume": 0.05}
[2026-09-25 21:07:31.882] [SFX] {"sound": "civ_move_2", "volume": 0.06}
[2026-09-25 21:07:32.297] [SFX] {"sound": "civ_move_2", "volume": 0.07}
[2026-09-25 21:07:32.710] [SFX] {"sound": "civ_move_2", "volume": 0.08}
[2026-09-25 21:07:32.777] [SFX] {"sound": "civ_move_1", "volume": 0.01}
[2026-09-25 21:07:33.122] [SFX] {"sound": "civ_move_2", "volume": 0.09}
[2026-09-25 21:07:33.187] [SFX] {"sound": "civ_move_1", "volume": 0.02}
[2026-09-25 21:07:33.533] [SFX] {"sound": "civ_move_2", "volume": 0.09}
[2026-09-25 21:07:33.600] [SFX] {"sound": "civ_move_1", "volume": 0.03}
[2026-09-25 21:07:33.950] [SFX] {"sound": "civ_move_2", "volume": 0.1}
[2026-09-25 21:07:33.999] [SFX] {"sound": "civ_move_1", "volume": 0.03}
[2026-09-25 21:07:34.364] [SFX] {"sound": "civ_move_2", "volume": 0.11}
[2026-09-25 21:07:34.412] [SFX] {"sound": "civ_move_1", "volume": 0.04}
[2026-09-25 21:07:34.477] [SFX] {"sound": "civ_move_1", "volume": 0.02}
[2026-09-25 21:07:34.828] [SFX] {"sound": "civ_move_1", "volume": 0.05}
[2026-09-25 21:07:34.895] [SFX] {"sound": "civ_move_1", "volume": 0.03}
[2026-09-25 21:07:35.241] [SFX] {"sound": "civ_move_1", "volume": 0.06}
[2026-09-25 21:07:35.310] [SFX] {"sound": "civ_move_1", "volume": 0.03}
[2026-09-25 21:07:35.655] [SFX] {"sound": "civ_move_1", "volume": 0.07}
[2026-09-25 21:07:35.723] [SFX] {"sound": "civ_move_1", "volume": 0.04}
[2026-09-25 21:07:36.069] [SFX] {"sound": "civ_move_1", "volume": 0.08}
[2026-09-25 21:07:36.134] [SFX] {"sound": "civ_move_1", "volume": 0.05}
[2026-09-25 21:07:36.479] [SFX] {"sound": "civ_move_1", "volume": 0.09}
[2026-09-25 21:07:36.546] [SFX] {"sound": "civ_move_1", "volume": 0.06}
[2026-09-25 21:07:36.891] [SFX] {"sound": "civ_move_1", "volume": 0.1}
[2026-09-25 21:07:36.957] [SFX] {"sound": "civ_move_1", "volume": 0.06}
[2026-09-25 21:07:37.305] [SFX] {"sound": "civ_move_1", "volume": 0.11}
[2026-09-25 21:07:37.371] [SFX] {"sound": "civ_move_1", "volume": 0.07}
[2026-09-25 21:07:37.718] [SFX] {"sound": "civ_move_1", "volume": 0.11}
[2026-09-25 21:07:37.786] [SFX] {"sound": "civ_move_1", "volume": 0.07}
[2026-09-25 21:07:38.202] [SFX] {"sound": "civ_move_1", "volume": 0.08}
[2026-09-25 21:07:38.575] [SFX] {"sound": "civ_move_2", "volume": 0.03}
[2026-09-25 21:07:38.609] [SFX] {"sound": "civ_move_1", "volume": 0.09}
[2026-09-25 21:07:38.991] [SFX] {"sound": "civ_move_2", "volume": 0.02}
[2026-09-25 21:07:39.025] [SFX] {"sound": "civ_move_1", "volume": 0.09}
[2026-09-25 21:07:39.423] [SFX] {"sound": "civ_move_2", "volume": 0.03}
[2026-09-25 21:07:39.448] [SFX] {"sound": "civ_move_1", "volume": 0.1}
[2026-09-25 21:07:39.827] [SFX] {"sound": "civ_move_2", "volume": 0.03}
[2026-09-25 21:07:39.850] [SFX] {"sound": "civ_move_1", "volume": 0.1}
[2026-09-25 21:07:40.231] [SFX] {"sound": "civ_move_2", "volume": 0.04}
[2026-09-25 21:07:40.253] [SFX] {"sound": "civ_move_1", "volume": 0.09}
[2026-09-25 21:07:40.632] [SFX] {"sound": "civ_move_2", "volume": 0.05}
[2026-09-25 21:07:40.654] [SFX] {"sound": "civ_move_1", "volume": 0.08}
[2026-09-25 21:07:41.034] [SFX] {"sound": "civ_move_2", "volume": 0.05}
[2026-09-25 21:07:41.056] [SFX] {"sound": "civ_move_1", "volume": 0.07}
[2026-09-25 21:07:41.141] [SFX] {"sound": "civ_move_1", "volume": 0.0}
[2026-09-25 21:07:41.446] [SFX] {"sound": "civ_move_2", "volume": 0.06}
[2026-09-25 21:07:41.469] [SFX] {"sound": "civ_move_1", "volume": 0.06}
[2026-09-25 21:07:41.549] [SFX] {"sound": "civ_move_1", "volume": 0.01}
[2026-09-25 21:07:41.753] [SFX] {"sound": "civ_move_2", "volume": 0.01}
[2026-09-25 21:07:41.855] [SFX] {"sound": "civ_move_2", "volume": 0.07}
[2026-09-25 21:07:41.878] [SFX] {"sound": "civ_move_1", "volume": 0.06}
[2026-09-25 21:07:41.956] [SFX] {"sound": "civ_move_1", "volume": 0.02}
[2026-09-25 21:07:42.155] [SFX] {"sound": "civ_move_2", "volume": 0.02}
[2026-09-25 21:07:42.270] [SFX] {"sound": "civ_move_2", "volume": 0.07}
[2026-09-25 21:07:42.293] [SFX] {"sound": "civ_move_1", "volume": 0.05}
[2026-09-25 21:07:42.371] [SFX] {"sound": "civ_move_1", "volume": 0.03}
[2026-09-25 21:07:42.566] [SFX] {"sound": "civ_move_2", "volume": 0.02}
[2026-09-25 21:07:42.683] [SFX] {"sound": "civ_move_2", "volume": 0.08}
[2026-09-25 21:07:42.706] [SFX] {"sound": "civ_move_1", "volume": 0.04}
[2026-09-25 21:07:42.981] [SFX] {"sound": "civ_move_2", "volume": 0.03}
[2026-09-25 21:07:43.083] [SFX] {"sound": "civ_move_2", "volume": 0.08}
[2026-09-25 21:07:43.106] [SFX] {"sound": "civ_move_1", "volume": 0.03}
[2026-09-25 21:07:43.151] [SFX] {"sound": "civ_move_1", "volume": 0.01}
[2026-09-25 21:07:43.185] [SFX] {"sound": "civ_move_1", "volume": 0.05}
[2026-09-25 21:07:43.384] [SFX] {"sound": "civ_move_2", "volume": 0.04}
[2026-09-25 21:07:43.484] [SFX] {"sound": "civ_move_2", "volume": 0.09}
[2026-09-25 21:07:43.508] [SFX] {"sound": "civ_move_1", "volume": 0.02}
[2026-09-25 21:07:43.586] [SFX] {"sound": "civ_move_1", "volume": 0.06}
[2026-09-25 21:07:43.785] [SFX] {"sound": "civ_move_2", "volume": 0.05}
[2026-09-25 21:07:43.887] [SFX] {"sound": "civ_move_2", "volume": 0.09}
[2026-09-25 21:07:43.909] [SFX] {"sound": "civ_move_1", "volume": 0.01}
[2026-09-25 21:07:43.969] [SFX] {"sound": "civ_move_1", "volume": 0.03}
[2026-09-25 21:07:44.003] [SFX] {"sound": "civ_move_1", "volume": 0.07}
[2026-09-25 21:07:44.184] [SFX] {"sound": "civ_move_2", "volume": 0.06}
[2026-09-25 21:07:44.302] [SFX] {"sound": "civ_move_2", "volume": 0.1}
[2026-09-25 21:07:44.383] [SFX] {"sound": "civ_move_1", "volume": 0.03}
[2026-09-25 21:07:44.415] [SFX] {"sound": "civ_move_1", "volume": 0.08}
[2026-09-25 21:07:44.601] [SFX] {"sound": "civ_move_2", "volume": 0.07}
[2026-09-25 21:07:44.715] [SFX] {"sound": "civ_move_2", "volume": 0.11}
[2026-09-25 21:07:44.797] [SFX] {"sound": "civ_move_1", "volume": 0.04}
[2026-09-25 21:07:44.829] [SFX] {"sound": "civ_move_1", "volume": 0.09}
[2026-09-25 21:07:45.012] [SFX] {"sound": "civ_move_2", "volume": 0.08}
[2026-09-25 21:07:45.130] [SFX] {"sound": "civ_move_2", "volume": 0.11}
[2026-09-25 21:07:45.210] [SFX] {"sound": "civ_move_1", "volume": 0.05}
[2026-09-25 21:07:45.244] [SFX] {"sound": "civ_move_1", "volume": 0.1}
[2026-09-25 21:07:45.428] [SFX] {"sound": "civ_move_2", "volume": 0.09}
[2026-09-25 21:07:45.531] [SFX] {"sound": "civ_move_2", "volume": 0.12}
[2026-09-25 21:07:45.613] [SFX] {"sound": "civ_move_1", "volume": 0.06}
[2026-09-25 21:07:45.647] [SFX] {"sound": "civ_move_1", "volume": 0.1}
[2026-09-25 21:07:45.832] [SFX] {"sound": "civ_move_2", "volume": 0.1}
[2026-09-25 21:07:45.931] [SFX] {"sound": "civ_move_2", "volume": 0.13}
[2026-09-25 21:07:46.013] [SFX] {"sound": "civ_move_1", "volume": 0.07}
[2026-09-25 21:07:46.047] [SFX] {"sound": "civ_move_1", "volume": 0.09}
[2026-09-25 21:07:46.247] [SFX] {"sound": "civ_move_2", "volume": 0.11}
[2026-09-25 21:07:46.332] [SFX] {"sound": "civ_move_2", "volume": 0.14}
[2026-09-25 21:07:46.416] [SFX] {"sound": "civ_move_1", "volume": 0.08}
[2026-09-25 21:07:46.450] [SFX] {"sound": "civ_move_1", "volume": 0.09}
[2026-09-25 21:07:46.649] [SFX] {"sound": "civ_move_2", "volume": 0.12}
[2026-09-25 21:07:46.748] [SFX] {"sound": "civ_move_2", "volume": 0.15}
[2026-09-25 21:07:46.832] [SFX] {"sound": "civ_move_1", "volume": 0.09}
[2026-09-25 21:07:46.865] [SFX] {"sound": "civ_move_1", "volume": 0.08}
[2026-09-25 21:07:47.043] [M] {"button": 4, "pos": [275, 127], "ui_clicked": false}
[2026-09-25 21:07:47.063] [M] {"button": 4, "pos": [274, 127], "ui_clicked": false}
[2026-09-25 21:07:47.071] [SFX] {"sound": "civ_move_2", "volume": 0.13}
[2026-09-25 21:07:47.082] [M] {"button": 4, "pos": [274, 127], "ui_clicked": false}
[2026-09-25 21:07:47.151] [SFX] {"sound": "civ_move_2", "volume": 0.16}
[2026-09-25 21:07:47.235] [SFX] {"sound": "civ_move_1", "volume": 0.1}
[2026-09-25 21:07:47.268] [SFX] {"sound": "civ_move_1", "volume": 0.08}
[2026-09-25 21:07:47.470] [SFX] {"sound": "civ_move_2", "volume": 0.14}
[2026-09-25 21:07:47.555] [SFX] {"sound": "civ_move_2", "volume": 0.16}
[2026-09-25 21:07:47.637] [SFX] {"sound": "civ_move_1", "volume": 0.1}
[2026-09-25 21:07:47.672] [SFX] {"sound": "civ_move_1", "volume": 0.07}
[2026-09-25 21:07:47.872] [SFX] {"sound": "civ_move_2", "volume": 0.14}
[2026-09-25 21:07:47.955] [SFX] {"sound": "civ_move_2", "volume": 0.17}
[2026-09-25 21:07:48.036] [SFX] {"sound": "civ_move_1", "volume": 0.11}
[2026-09-25 21:07:48.072] [SFX] {"sound": "civ_move_1", "volume": 0.07}
[2026-09-25 21:07:48.286] [SFX] {"sound": "civ_move_2", "volume": 0.15}
[2026-09-25 21:07:48.368] [SFX] {"sound": "civ_move_2", "volume": 0.18}
[2026-09-25 21:07:48.483] [SFX] {"sound": "civ_move_1", "volume": 0.06}
[2026-09-25 21:07:48.695] [SFX] {"sound": "civ_move_2", "volume": 0.16}
[2026-09-25 21:07:48.779] [SFX] {"sound": "civ_move_2", "volume": 0.18}
[2026-09-25 21:07:48.897] [SFX] {"sound": "civ_move_1", "volume": 0.05}
[2026-09-25 21:07:48.913] [M] {"button": 5, "pos": [204, 130], "ui_clicked": false}
[2026-09-25 21:07:49.096] [SFX] {"sound": "civ_move_2", "volume": 0.17}
[2026-09-25 21:07:49.179] [SFX] {"sound": "civ_move_2", "volume": 0.18}
[2026-09-25 21:07:49.296] [SFX] {"sound": "civ_move_1", "volume": 0.05}
[2026-09-25 21:07:49.497] [SFX] {"sound": "civ_move_2", "volume": 0.17}
[2026-09-25 21:07:49.579] [SFX] {"sound": "civ_move_2", "volume": 0.18}
[2026-09-25 21:07:49.712] [SFX] {"sound": "civ_move_1", "volume": 0.04}
[2026-09-25 21:07:49.911] [SFX] {"sound": "civ_move_2", "volume": 0.18}
[2026-09-25 21:07:50.126] [SFX] {"sound": "civ_move_1", "volume": 0.03}
[2026-09-25 21:07:50.311] [SFX] {"sound": "civ_move_2", "volume": 0.19}
[2026-09-25 21:07:50.395] [SFX] {"sound": "civ_move_2", "volume": 0.18}
[2026-09-25 21:07:50.529] [SFX] {"sound": "civ_move_1", "volume": 0.02}
[2026-09-25 21:07:50.712] [SFX] {"sound": "civ_move_2", "volume": 0.18}
[2026-09-25 21:07:51.443] [SFX] {"sound": "civ_move_1", "volume": 0.03}
[2026-09-25 21:07:51.512] [SFX] {"sound": "civ_move_2", "volume": 0.18}
[2026-09-25 21:07:51.610] [SFX] {"sound": "civ_move_2", "volume": 0.17}
[2026-09-25 21:07:51.845] [SFX] {"sound": "civ_move_1", "volume": 0.03}
[2026-09-25 21:07:51.929] [SFX] {"sound": "civ_move_2", "volume": 0.18}
[2026-09-25 21:07:52.011] [SFX] {"sound": "civ_move_2", "volume": 0.17}
[2026-09-25 21:07:52.272] [SFX] {"sound": "civ_move_1", "volume": 0.02}
[2026-09-25 21:07:52.337] [SFX] {"sound": "civ_move_2", "volume": 0.18}
[2026-09-25 21:07:52.411] [SFX] {"sound": "civ_move_2", "volume": 0.17}
[2026-09-25 21:07:52.513] [SFX] {"sound": "civ_move_1", "volume": 0.12}
[2026-09-25 21:07:52.681] [SFX] {"sound": "civ_move_1", "volume": 0.01}
[2026-09-25 21:07:52.748] [SFX] {"sound": "civ_move_2", "volume": 0.18}
[2026-09-25 21:07:52.816] [SFX] {"sound": "civ_move_2", "volume": 0.16}
[2026-09-25 21:07:52.920] [SFX] {"sound": "civ_move_1", "volume": 0.12}
[2026-09-25 21:07:53.084] [SFX] {"sound": "civ_move_1", "volume": 0.0}
[2026-09-25 21:07:53.149] [SFX] {"sound": "civ_move_2", "volume": 0.17}
[2026-09-25 21:07:53.232] [SFX] {"sound": "civ_move_2", "volume": 0.15}
[2026-09-25 21:07:53.348] [SFX] {"sound": "civ_move_1", "volume": 0.11}
[2026-09-25 21:07:53.562] [SFX] {"sound": "civ_move_2", "volume": 0.17}
[2026-09-25 21:07:53.646] [SFX] {"sound": "civ_move_2", "volume": 0.14}
[2026-09-25 21:07:53.764] [SFX] {"sound": "civ_move_1", "volume": 0.1}
[2026-09-25 21:07:53.963] [SFX] {"sound": "civ_move_2", "volume": 0.16}
[2026-09-25 21:07:54.046] [SFX] {"sound": "civ_move_2", "volume": 0.14}
[2026-09-25 21:07:54.164] [SFX] {"sound": "civ_move_1", "volume": 0.09}
[2026-09-25 21:07:54.367] [SFX] {"sound": "civ_move_2", "volume": 0.16}
[2026-09-25 21:07:54.451] [SFX] {"sound": "civ_move_2", "volume": 0.13}
[2026-09-25 21:07:54.578] [SFX] {"sound": "civ_move_1", "volume": 0.09}
[2026-09-25 21:07:54.769] [SFX] {"sound": "civ_move_2", "volume": 0.15}
[2026-09-25 21:07:54.853] [SFX] {"sound": "civ_move_2", "volume": 0.12}
[2026-09-25 21:07:54.984] [SFX] {"sound": "civ_move_1", "volume": 0.08}
[2026-09-25 21:07:55.136] [SFX] {"sound": "civ_move_1", "volume": 0.01}
[2026-09-25 21:07:55.185] [SFX] {"sound": "civ_move_2", "volume": 0.14}
[2026-09-25 21:07:55.252] [SFX] {"sound": "civ_move_2", "volume": 0.12}
[2026-09-25 21:07:55.385] [SFX] {"sound": "civ_move_1", "volume": 0.07}
[2026-09-25 21:07:55.549] [SFX] {"sound": "civ_move_1", "volume": 0.02}
[2026-09-25 21:07:55.601] [SFX] {"sound": "civ_move_2", "volume": 0.13}
[2026-09-25 21:07:55.799] [SFX] {"sound": "civ_move_1", "volume": 0.06}
[2026-09-25 21:07:55.866] [SFX] {"sound": "civ_move_2", "volume": 0.01}
[2026-09-25 21:07:55.951] [SFX] {"sound": "civ_move_1", "volume": 0.03}
[2026-09-25 21:07:56.001] [SFX] {"sound": "civ_move_2", "volume": 0.13}
[2026-09-25 21:07:56.202] [SFX] {"sound": "civ_move_1", "volume": 0.05}
[2026-09-25 21:07:56.270] [SFX] {"sound": "civ_move_2", "volume": 0.0}
[2026-09-25 21:07:56.271] [SFX] {"sound": "civ_move_2", "volume": 0.02}
[2026-09-25 21:07:56.353] [SFX] {"sound": "civ_move_1", "volume": 0.04}
[2026-09-25 21:07:56.354] [SFX] {"sound": "civ_move_1", "volume": 0.03}
[2026-09-25 21:07:56.403] [SFX] {"sound": "civ_move_2", "volume": 0.12}
[2026-09-25 21:07:56.602] [SFX] {"sound": "civ_move_1", "volume": 0.04}
[2026-09-25 21:07:56.686] [SFX] {"sound": "civ_move_2", "volume": 0.01}
[2026-09-25 21:07:56.687] [SFX] {"sound": "civ_move_2", "volume": 0.03}
[2026-09-25 21:07:56.769] [SFX] {"sound": "civ_move_1", "volume": 0.05}
[2026-09-25 21:07:56.770] [SFX] {"sound": "civ_move_1", "volume": 0.02}
[2026-09-25 21:07:57.004] [SFX] {"sound": "civ_move_1", "volume": 0.03}
[2026-09-25 21:07:57.102] [SFX] {"sound": "civ_move_2", "volume": 0.02}
[2026-09-25 21:07:57.102] [SFX] {"sound": "civ_move_2", "volume": 0.04}
[2026-09-25 21:07:57.170] [SFX] {"sound": "civ_move_1", "volume": 0.06}
[2026-09-25 21:07:57.194] [SFX] {"sound": "civ_move_1", "volume": 0.01}
[2026-09-25 21:07:57.405] [SFX] {"sound": "civ_move_1", "volume": 0.02}
[2026-09-25 21:07:57.506] [SFX] {"sound": "civ_move_2", "volume": 0.03}
[2026-09-25 21:07:57.506] [SFX] {"sound": "civ_move_2", "volume": 0.05}
[2026-09-25 21:07:57.575] [SFX] {"sound": "civ_move_1", "volume": 0.06}
[2026-09-25 21:07:57.603] [SFX] {"sound": "civ_move_1", "volume": 0.01}
[2026-09-25 21:07:57.914] [SFX] {"sound": "civ_move_2", "volume": 0.04}
[2026-09-25 21:07:57.915] [SFX] {"sound": "civ_move_2", "volume": 0.06}
[2026-09-25 21:07:57.980] [SFX] {"sound": "civ_move_1", "volume": 0.07}
[2026-09-25 21:07:58.232] [SFX] {"sound": "civ_move_1", "volume": 0.0}
[2026-09-25 21:07:58.329] [SFX] {"sound": "civ_move_2", "volume": 0.04}
[2026-09-25 21:07:58.330] [SFX] {"sound": "civ_move_2", "volume": 0.07}
[2026-09-25 21:07:58.381] [SFX] {"sound": "civ_move_1", "volume": 0.08}
[2026-09-25 21:07:58.731] [SFX] {"sound": "civ_move_2", "volume": 0.05}
[2026-09-25 21:07:58.731] [SFX] {"sound": "civ_move_2", "volume": 0.08}
[2026-09-25 21:07:58.783] [SFX] {"sound": "civ_move_1", "volume": 0.09}
[2026-09-25 21:07:59.133] [SFX] {"sound": "civ_move_2", "volume": 0.06}
[2026-09-25 21:07:59.134] [SFX] {"sound": "civ_move_2", "volume": 0.09}
[2026-09-25 21:07:59.199] [SFX] {"sound": "civ_move_1", "volume": 0.1}
[2026-09-25 21:07:59.536] [SFX] {"sound": "civ_move_2", "volume": 0.06}
[2026-09-25 21:07:59.537] [SFX] {"sound": "civ_move_2", "volume": 0.09}
[2026-09-25 21:07:59.602] [SFX] {"sound": "civ_move_1", "volume": 0.1}
[2026-09-25 21:07:59.947] [SFX] {"sound": "civ_move_2", "volume": 0.07}
[2026-09-25 21:07:59.948] [SFX] {"sound": "civ_move_2", "volume": 0.1}
[2026-09-25 21:08:00.014] [SFX] {"sound": "civ_move_1", "volume": 0.09}
[2026-09-25 21:08:00.347] [SFX] {"sound": "civ_move_2", "volume": 0.08}
[2026-09-25 21:08:00.348] [SFX] {"sound": "civ_move_2", "volume": 0.09}
[2026-09-25 21:08:00.414] [SFX] {"sound": "civ_move_1", "volume": 0.09}
[2026-09-25 21:08:00.761] [SFX] {"sound": "civ_move_2", "volume": 0.08}
[2026-09-25 21:08:00.762] [SFX] {"sound": "civ_move_2", "volume": 0.09}
[2026-09-25 21:08:00.762] [SFX] {"sound": "civ_move_2", "volume": 0.01}
[2026-09-25 21:08:00.830] [SFX] {"sound": "civ_move_1", "volume": 0.08}
[2026-09-25 21:08:01.164] [SFX] {"sound": "civ_move_2", "volume": 0.09}
[2026-09-25 21:08:01.165] [SFX] {"sound": "civ_move_2", "volume": 0.08}
[2026-09-25 21:08:01.167] [SFX] {"sound": "civ_move_2", "volume": 0.02}
[2026-09-25 21:08:01.231] [SFX] {"sound": "civ_move_1", "volume": 0.07}
[2026-09-25 21:08:01.581] [SFX] {"sound": "civ_move_2", "volume": 0.09}
[2026-09-25 21:08:01.582] [SFX] {"sound": "civ_move_2", "volume": 0.08}
[2026-09-25 21:08:01.583] [SFX] {"sound": "civ_move_2", "volume": 0.03}
[2026-09-25 21:08:01.636] [SFX] {"sound": "civ_move_1", "volume": 0.07}
[2026-09-25 21:08:01.985] [SFX] {"sound": "civ_move_2", "volume": 0.1}
[2026-09-25 21:08:01.986] [SFX] {"sound": "civ_move_2", "volume": 0.07}
[2026-09-25 21:08:01.987] [SFX] {"sound": "civ_move_2", "volume": 0.04}
[2026-09-25 21:08:02.035] [SFX] {"sound": "civ_move_1", "volume": 0.06}
[2026-09-25 21:08:02.396] [SFX] {"sound": "civ_move_2", "volume": 0.1}
[2026-09-25 21:08:02.397] [SFX] {"sound": "civ_move_2", "volume": 0.07}
[2026-09-25 21:08:02.398] [SFX] {"sound": "civ_move_2", "volume": 0.05}
[2026-09-25 21:08:02.446] [SFX] {"sound": "civ_move_1", "volume": 0.06}
[2026-09-25 21:08:02.812] [SFX] {"sound": "civ_move_2", "volume": 0.09}
[2026-09-25 21:08:02.813] [SFX] {"sound": "civ_move_2", "volume": 0.06}
[2026-09-25 21:08:02.849] [SFX] {"sound": "civ_move_1", "volume": 0.05}
[2026-09-25 21:08:03.219] [SFX] {"sound": "civ_move_2", "volume": 0.08}
[2026-09-25 21:08:03.220] [SFX] {"sound": "civ_move_2", "volume": 0.05}
[2026-09-25 21:08:03.220] [SFX] {"sound": "civ_move_2", "volume": 0.07}
[2026-09-25 21:08:03.252] [SFX] {"sound": "civ_move_1", "volume": 0.04}
[2026-09-25 21:08:03.633] [SFX] {"sound": "civ_move_2", "volume": 0.07}
[2026-09-25 21:08:03.634] [SFX] {"sound": "civ_move_2", "volume": 0.05}
[2026-09-25 21:08:03.634] [SFX] {"sound": "civ_move_2", "volume": 0.07}
[2026-09-25 21:08:03.667] [SFX] {"sound": "civ_move_1", "volume": 0.03}
[2026-09-25 21:08:04.035] [SFX] {"sound": "civ_move_2", "volume": 0.06}
[2026-09-25 21:08:04.036] [SFX] {"sound": "civ_move_2", "volume": 0.04}
[2026-09-25 21:08:04.036] [SFX] {"sound": "civ_move_2", "volume": 0.08}
[2026-09-25 21:08:04.070] [SFX] {"sound": "civ_move_1", "volume": 0.03}
[2026-09-25 21:08:04.447] [SFX] {"sound": "civ_move_2", "volume": 0.05}
[2026-09-25 21:08:04.448] [SFX] {"sound": "civ_move_2", "volume": 0.03}
[2026-09-25 21:08:04.449] [SFX] {"sound": "civ_move_2", "volume": 0.09}
[2026-09-25 21:08:04.860] [SFX] {"sound": "civ_move_2", "volume": 0.04}
[2026-09-25 21:08:04.861] [SFX] {"sound": "civ_move_2", "volume": 0.02}
[2026-09-25 21:08:04.862] [SFX] {"sound": "civ_move_2", "volume": 0.1}
[2026-09-25 21:08:05.275] [SFX] {"sound": "civ_move_2", "volume": 0.03}
[2026-09-25 21:08:05.276] [SFX] {"sound": "civ_move_2", "volume": 0.09}
[2026-09-25 21:08:05.686] [SFX] {"sound": "civ_move_2", "volume": 0.02}
[2026-09-25 21:08:05.687] [SFX] {"sound": "civ_move_2", "volume": 0.09}
[2026-09-25 21:08:06.086] [SFX] {"sound": "civ_move_2", "volume": 0.02}
[2026-09-25 21:08:06.087] [SFX] {"sound": "civ_move_2", "volume": 0.09}
[2026-09-25 21:08:06.491] [SFX] {"sound": "civ_move_2", "volume": 0.01}
[2026-09-25 21:08:06.491] [SFX] {"sound": "civ_move_2", "volume": 0.08}
[2026-09-25 21:08:06.905] [SFX] {"sound": "civ_move_2", "volume": 0.07}
[2026-09-25 21:08:07.726] [SFX] {"sound": "civ_move_2", "volume": 0.06}
[2026-09-25 21:08:08.137] [SFX] {"sound": "civ_move_2", "volume": 0.05}
[2026-09-25 21:08:08.948] [SFX] {"sound": "civ_move_2", "volume": 0.04}
[2026-09-25 21:08:09.348] [SFX] {"sound": "civ_move_2", "volume": 0.03}
[2026-09-25 21:08:23.397] [SFX] {"sound": "civ_move_1", "volume": 0.0}
[2026-09-25 21:08:23.812] [SFX] {"sound": "civ_move_1", "volume": 0.01}
[2026-09-25 21:08:24.223] [SFX] {"sound": "civ_move_1", "volume": 0.02}
[2026-09-25 21:08:32.415] [SFX] {"sound": "civ_move_2", "volume": 0.01}
[2026-09-25 21:08:33.238] [SFX] {"sound": "civ_move_2", "volume": 0.02}
[2026-09-25 21:08:33.638] [SFX] {"sound": "civ_move_2", "volume": 0.03}
[2026-09-25 21:08:34.038] [SFX] {"sound": "civ_move_2", "volume": 0.04}
[2026-09-25 21:08:34.441] [SFX] {"sound": "civ_move_2", "volume": 0.05}
[2026-09-25 21:08:34.845] [SFX] {"sound": "civ_move_2", "volume": 0.06}
[2026-09-25 21:08:35.246] [SFX] {"sound": "civ_move_2", "volume": 0.07}
[2026-09-25 21:08:35.648] [SFX] {"sound": "civ_move_2", "volume": 0.08}
[2026-09-25 21:08:36.058] [SFX] {"sound": "civ_move_2", "volume": 0.09}
[2026-09-25 21:08:36.774] [SFX] {"sound": "civ_move_1", "volume": 0.01}
[2026-09-25 21:08:36.877] [SFX] {"sound": "civ_move_2", "volume": 0.1}
[2026-09-25 21:08:37.175] [SFX] {"sound": "civ_move_1", "volume": 0.01}
[2026-09-25 21:08:37.278] [SFX] {"sound": "civ_move_2", "volume": 0.11}
[2026-09-25 21:08:37.578] [SFX] {"sound": "civ_move_1", "volume": 0.02}
[2026-09-25 21:08:37.979] [SFX] {"sound": "civ_move_1", "volume": 0.03}
[2026-09-25 21:08:38.395] [SFX] {"sound": "civ_move_1", "volume": 0.04}
[2026-09-25 21:08:38.677] [SFX] {"sound": "civ_move_1", "volume": 0.03}
[2026-09-25 21:08:38.795] [SFX] {"sound": "civ_move_1", "volume": 0.04}
[2026-09-25 21:08:39.098] [SFX] {"sound": "civ_move_1", "volume": 0.02}
[2026-09-25 21:08:39.197] [SFX] {"sound": "civ_move_1", "volume": 0.05}
[2026-09-25 21:08:39.514] [SFX] {"sound": "civ_move_1", "volume": 0.03}
[2026-09-25 21:08:39.601] [SFX] {"sound": "civ_move_1", "volume": 0.06}
[2026-09-25 21:08:39.916] [SFX] {"sound": "civ_move_1", "volume": 0.04}
[2026-09-25 21:08:40.002] [SFX] {"sound": "civ_move_1", "volume": 0.06}
[2026-09-25 21:08:40.319] [SFX] {"sound": "civ_move_1", "volume": 0.05}
[2026-09-25 21:08:40.403] [SFX] {"sound": "civ_move_1", "volume": 0.07}
[2026-09-25 21:08:40.722] [SFX] {"sound": "civ_move_1", "volume": 0.05}
[2026-09-25 21:08:40.805] [SFX] {"sound": "civ_move_1", "volume": 0.08}
[2026-09-25 21:08:41.137] [SFX] {"sound": "civ_move_1", "volume": 0.06}
[2026-09-25 21:08:41.218] [SFX] {"sound": "civ_move_1", "volume": 0.08}
[2026-09-25 21:08:41.553] [SFX] {"sound": "civ_move_1", "volume": 0.07}
[2026-09-25 21:08:41.622] [SFX] {"sound": "civ_move_1", "volume": 0.09}
[2026-09-25 21:08:41.955] [SFX] {"sound": "civ_move_1", "volume": 0.07}
[2026-09-25 21:08:42.023] [SFX] {"sound": "civ_move_1", "volume": 0.09}
[2026-09-25 21:08:42.176] [SFX] {"sound": "civ_move_2", "volume": 0.0}
[2026-09-25 21:08:42.364] [SFX] {"sound": "civ_move_1", "volume": 0.08}
[2026-09-25 21:08:42.431] [SFX] {"sound": "civ_move_1", "volume": 0.1}
[2026-09-25 21:08:42.580] [SFX] {"sound": "civ_move_2", "volume": 0.01}
[2026-09-25 21:08:42.764] [SFX] {"sound": "civ_move_1", "volume": 0.08}
[2026-09-25 21:08:42.846] [SFX] {"sound": "civ_move_1", "volume": 0.1}
[2026-09-25 21:08:42.982] [SFX] {"sound": "civ_move_2", "volume": 0.02}
[2026-09-25 21:08:43.164] [SFX] {"sound": "civ_move_1", "volume": 0.09}
[2026-09-25 21:08:43.397] [SFX] {"sound": "civ_move_2", "volume": 0.03}
[2026-09-25 21:08:43.565] [SFX] {"sound": "civ_move_1", "volume": 0.09}
[2026-09-25 21:08:43.649] [SFX] {"sound": "civ_move_1", "volume": 0.08}
[2026-09-25 21:08:43.803] [SFX] {"sound": "civ_move_2", "volume": 0.04}
[2026-09-25 21:08:43.968] [SFX] {"sound": "civ_move_1", "volume": 0.1}
[2026-09-25 21:08:44.049] [SFX] {"sound": "civ_move_1", "volume": 0.07}
[2026-09-25 21:08:44.165] [SFX] {"sound": "civ_move_2", "volume": 0.0}
[2026-09-25 21:08:44.216] [SFX] {"sound": "civ_move_2", "volume": 0.05}
[2026-09-25 21:08:44.384] [SFX] {"sound": "civ_move_1", "volume": 0.1}
[2026-09-25 21:08:44.455] [SFX] {"sound": "civ_move_1", "volume": 0.06}
[2026-09-25 21:08:44.571] [SFX] {"sound": "civ_move_2", "volume": 0.01}
[2026-09-25 21:08:44.618] [SFX] {"sound": "civ_move_2", "volume": 0.06}
[2026-09-25 21:08:44.786] [SFX] {"sound": "civ_move_1", "volume": 0.11}
[2026-09-25 21:08:44.869] [SFX] {"sound": "civ_move_1", "volume": 0.05}
[2026-09-25 21:08:44.985] [SFX] {"sound": "civ_move_2", "volume": 0.02}
[2026-09-25 21:08:45.019] [SFX] {"sound": "civ_move_2", "volume": 0.07}
[2026-09-25 21:08:45.201] [SFX] {"sound": "civ_move_1", "volume": 0.12}
[2026-09-25 21:08:45.284] [SFX] {"sound": "civ_move_1", "volume": 0.04}
[2026-09-25 21:08:45.386] [SFX] {"sound": "civ_move_2", "volume": 0.03}
[2026-09-25 21:08:45.421] [SFX] {"sound": "civ_move_2", "volume": 0.08}
[2026-09-25 21:08:45.603] [SFX] {"sound": "civ_move_1", "volume": 0.13}
[2026-09-25 21:08:45.684] [SFX] {"sound": "civ_move_1", "volume": 0.03}
[2026-09-25 21:08:45.800] [SFX] {"sound": "civ_move_2", "volume": 0.04}
[2026-09-25 21:08:45.834] [SFX] {"sound": "civ_move_2", "volume": 0.09}
[2026-09-25 21:08:46.003] [SFX] {"sound": "civ_move_1", "volume": 0.14}
[2026-09-25 21:08:46.036] [SFX] {"sound": "civ_move_1", "volume": 0.12}
[2026-09-25 21:08:46.086] [SFX] {"sound": "civ_move_1", "volume": 0.02}
[2026-09-25 21:08:46.170] [SFX] {"sound": "civ_move_1", "volume": 0.03}
[2026-09-25 21:08:46.203] [SFX] {"sound": "civ_move_2", "volume": 0.05}
[2026-09-25 21:08:46.238] [SFX] {"sound": "civ_move_2", "volume": 0.1}
[2026-09-25 21:08:46.405] [SFX] {"sound": "civ_move_1", "volume": 0.15}
[2026-09-25 21:08:46.440] [SFX] {"sound": "civ_move_1", "volume": 0.12}
[2026-09-25 21:08:46.490] [SFX] {"sound": "civ_move_1", "volume": 0.02}
[2026-09-25 21:08:46.571] [SFX] {"sound": "civ_move_1", "volume": 0.03}
[2026-09-25 21:08:46.605] [SFX] {"sound": "civ_move_2", "volume": 0.06}
[2026-09-25 21:08:46.638] [SFX] {"sound": "civ_move_2", "volume": 0.1}
[2026-09-25 21:08:46.821] [SFX] {"sound": "civ_move_1", "volume": 0.15}
[2026-09-25 21:08:46.855] [SFX] {"sound": "civ_move_1", "volume": 0.12}
[2026-09-25 21:08:46.905] [SFX] {"sound": "civ_move_1", "volume": 0.01}
[2026-09-25 21:08:46.974] [SFX] {"sound": "civ_move_1", "volume": 0.02}
[2026-09-25 21:08:47.007] [SFX] {"sound": "civ_move_2", "volume": 0.07}
[2026-09-25 21:08:47.041] [SFX] {"sound": "civ_move_2", "volume": 0.09}
[2026-09-25 21:08:47.223] [SFX] {"sound": "civ_move_1", "volume": 0.16}
[2026-09-25 21:08:47.273] [SFX] {"sound": "civ_move_1", "volume": 0.12}
[2026-09-25 21:08:47.390] [SFX] {"sound": "civ_move_1", "volume": 0.03}
[2026-09-25 21:08:47.424] [SFX] {"sound": "civ_move_2", "volume": 0.08}
[2026-09-25 21:08:47.459] [SFX] {"sound": "civ_move_2", "volume": 0.09}
[2026-09-25 21:08:47.627] [SFX] {"sound": "civ_move_1", "volume": 0.17}
[2026-09-25 21:08:47.677] [SFX] {"sound": "civ_move_1", "volume": 0.13}
[2026-09-25 21:08:47.792] [SFX] {"sound": "civ_move_1", "volume": 0.03}
[2026-09-25 21:08:47.827] [SFX] {"sound": "civ_move_2", "volume": 0.09}
[2026-09-25 21:08:47.860] [SFX] {"sound": "civ_move_2", "volume": 0.08}
[2026-09-25 21:08:48.028] [SFX] {"sound": "civ_move_1", "volume": 0.18}
[2026-09-25 21:08:48.078] [SFX] {"sound": "civ_move_1", "volume": 0.14}
[2026-09-25 21:08:48.194] [SFX] {"sound": "civ_move_1", "volume": 0.04}
[2026-09-25 21:08:48.227] [SFX] {"sound": "civ_move_2", "volume": 0.09}
[2026-09-25 21:08:48.276] [SFX] {"sound": "civ_move_2", "volume": 0.08}
[2026-09-25 21:08:48.427] [SFX] {"sound": "civ_move_1", "volume": 0.18}
[2026-09-25 21:08:48.494] [SFX] {"sound": "civ_move_1", "volume": 0.14}
[2026-09-25 21:08:48.594] [SFX] {"sound": "civ_move_1", "volume": 0.05}
[2026-09-25 21:08:48.628] [SFX] {"sound": "civ_move_2", "volume": 0.1}
[2026-09-25 21:08:48.679] [SFX] {"sound": "civ_move_2", "volume": 0.07}
[2026-09-25 21:08:48.836] [SFX] {"sound": "civ_move_1", "volume": 0.19}
[2026-09-25 21:08:48.903] [SFX] {"sound": "civ_move_1", "volume": 0.15}
[2026-09-25 21:08:49.004] [SFX] {"sound": "civ_move_1", "volume": 0.06}
[2026-09-25 21:08:49.041] [SFX] {"sound": "civ_move_2", "volume": 0.09}
[2026-09-25 21:08:49.091] [SFX] {"sound": "civ_move_2", "volume": 0.07}
[2026-09-25 21:08:49.240] [SFX] {"sound": "civ_move_1", "volume": 0.18}
[2026-09-25 21:08:49.312] [SFX] {"sound": "civ_move_1", "volume": 0.16}
[2026-09-25 21:08:49.414] [SFX] {"sound": "civ_move_1", "volume": 0.06}
[2026-09-25 21:08:49.449] [SFX] {"sound": "civ_move_2", "volume": 0.09}
[2026-09-25 21:08:49.500] [SFX] {"sound": "civ_move_2", "volume": 0.06}
[2026-09-25 21:08:49.650] [SFX] {"sound": "civ_move_1", "volume": 0.18}
[2026-09-25 21:08:49.718] [SFX] {"sound": "civ_move_1", "volume": 0.16}
[2026-09-25 21:08:49.820] [SFX] {"sound": "civ_move_1", "volume": 0.07}
[2026-09-25 21:08:49.855] [SFX] {"sound": "civ_move_2", "volume": 0.08}
[2026-09-25 21:08:49.908] [SFX] {"sound": "civ_move_2", "volume": 0.05}
[2026-09-25 21:08:50.059] [SFX] {"sound": "civ_move_1", "volume": 0.18}
[2026-09-25 21:08:50.125] [SFX] {"sound": "civ_move_1", "volume": 0.17}
[2026-09-25 21:08:50.224] [SFX] {"sound": "civ_move_1", "volume": 0.07}
[2026-09-25 21:08:50.256] [SFX] {"sound": "civ_move_2", "volume": 0.08}
[2026-09-25 21:08:50.321] [SFX] {"sound": "civ_move_2", "volume": 0.05}
[2026-09-25 21:08:50.472] [SFX] {"sound": "civ_move_2", "volume": 0.01}
[2026-09-25 21:08:50.472] [SFX] {"sound": "civ_move_1", "volume": 0.18}
[2026-09-25 21:08:50.526] [SFX] {"sound": "civ_move_1", "volume": 0.17}
[2026-09-25 21:08:50.625] [SFX] {"sound": "civ_move_1", "volume": 0.08}
[2026-09-25 21:08:50.658] [SFX] {"sound": "civ_move_2", "volume": 0.07}
[2026-09-25 21:08:50.723] [SFX] {"sound": "civ_move_2", "volume": 0.04}
[2026-09-25 21:08:50.888] [SFX] {"sound": "civ_move_2", "volume": 0.01}
[2026-09-25 21:08:50.889] [SFX] {"sound": "civ_move_1", "volume": 0.18}
[2026-09-25 21:08:51.038] [SFX] {"sound": "civ_move_1", "volume": 0.09}
[2026-09-25 21:08:51.073] [SFX] {"sound": "civ_move_2", "volume": 0.07}
[2026-09-25 21:08:51.139] [SFX] {"sound": "civ_move_2", "volume": 0.03}
[2026-09-25 21:08:51.301] [SFX] {"sound": "civ_move_2", "volume": 0.02}
[2026-09-25 21:08:51.301] [SFX] {"sound": "civ_move_1", "volume": 0.18}
[2026-09-25 21:08:51.448] [SFX] {"sound": "civ_move_1", "volume": 0.09}
[2026-09-25 21:08:51.482] [SFX] {"sound": "civ_move_2", "volume": 0.06}
[2026-09-25 21:08:51.550] [SFX] {"sound": "civ_move_2", "volume": 0.02}
[2026-09-25 21:08:51.718] [SFX] {"sound": "civ_move_2", "volume": 0.03}
[2026-09-25 21:08:51.719] [SFX] {"sound": "civ_move_1", "volume": 0.17}
[2026-09-25 21:08:51.750] [SFX] {"sound": "civ_move_1", "volume": 0.18}
[2026-09-25 21:08:51.851] [SFX] {"sound": "civ_move_1", "volume": 0.1}
[2026-09-25 21:08:51.884] [SFX] {"sound": "civ_move_2", "volume": 0.05}
[2026-09-25 21:08:51.952] [SFX] {"sound": "civ_move_2", "volume": 0.01}
[2026-09-25 21:08:52.120] [SFX] {"sound": "civ_move_2", "volume": 0.04}
[2026-09-25 21:08:52.121] [SFX] {"sound": "civ_move_1", "volume": 0.17}
[2026-09-25 21:08:52.154] [SFX] {"sound": "civ_move_1", "volume": 0.18}
[2026-09-25 21:08:52.252] [SFX] {"sound": "civ_move_1", "volume": 0.1}
[2026-09-25 21:08:52.287] [SFX] {"sound": "civ_move_2", "volume": 0.05}
[2026-09-25 21:08:52.355] [SFX] {"sound": "civ_move_2", "volume": 0.01}
[2026-09-25 21:08:52.521] [SFX] {"sound": "civ_move_2", "volume": 0.04}
[2026-09-25 21:08:52.522] [SFX] {"sound": "civ_move_1", "volume": 0.16}
[2026-09-25 21:08:52.555] [SFX] {"sound": "civ_move_1", "volume": 0.18}
[2026-09-25 21:08:52.655] [SFX] {"sound": "civ_move_1", "volume": 0.09}
[2026-09-25 21:08:52.689] [SFX] {"sound": "civ_move_2", "volume": 0.04}
[2026-09-25 21:08:52.927] [SFX] {"sound": "civ_move_2", "volume": 0.05}
[2026-09-25 21:08:52.928] [SFX] {"sound": "civ_move_1", "volume": 0.15}
[2026-09-25 21:08:52.962] [SFX] {"sound": "civ_move_1", "volume": 0.18}
[2026-09-25 21:08:53.063] [SFX] {"sound": "civ_move_1", "volume": 0.08}
[2026-09-25 21:08:53.097] [SFX] {"sound": "civ_move_2", "volume": 0.03}
[2026-09-25 21:08:53.332] [SFX] {"sound": "civ_move_2", "volume": 0.06}
[2026-09-25 21:08:53.333] [SFX] {"sound": "civ_move_1", "volume": 0.15}
[2026-09-25 21:08:53.369] [SFX] {"sound": "civ_move_1", "volume": 0.19}
[2026-09-25 21:08:53.471] [SFX] {"sound": "civ_move_1", "volume": 0.07}
[2026-09-25 21:08:53.505] [SFX] {"sound": "civ_move_2", "volume": 0.03}
[2026-09-25 21:08:53.738] [SFX] {"sound": "civ_move_2", "volume": 0.06}
[2026-09-25 21:08:53.739] [SFX] {"sound": "civ_move_1", "volume": 0.14}
[2026-09-25 21:08:53.772] [SFX] {"sound": "civ_move_1", "volume": 0.18}
[2026-09-25 21:08:53.871] [SFX] {"sound": "civ_move_1", "volume": 0.06}
[2026-09-25 21:08:53.919] [SFX] {"sound": "civ_move_2", "volume": 0.02}
[2026-09-25 21:08:54.152] [SFX] {"sound": "civ_move_2", "volume": 0.07}
[2026-09-25 21:08:54.153] [SFX] {"sound": "civ_move_1", "volume": 0.13}
[2026-09-25 21:08:54.186] [SFX] {"sound": "civ_move_1", "volume": 0.17}
[2026-09-25 21:08:54.271] [SFX] {"sound": "civ_move_1", "volume": 0.06}
[2026-09-25 21:08:54.322] [SFX] {"sound": "civ_move_2", "volume": 0.01}
[2026-09-25 21:08:54.423] [SFX] {"sound": "civ_move_2", "volume": 0.12}
[2026-09-25 21:08:54.559] [SFX] {"sound": "civ_move_2", "volume": 0.08}
[2026-09-25 21:08:54.560] [SFX] {"sound": "civ_move_1", "volume": 0.12}
[2026-09-25 21:08:54.592] [SFX] {"sound": "civ_move_1", "volume": 0.17}
[2026-09-25 21:08:54.675] [SFX] {"sound": "civ_move_1", "volume": 0.05}
[2026-09-25 21:08:54.726] [SFX] {"sound": "civ_move_2", "volume": 0.0}
[2026-09-25 21:08:54.827] [SFX] {"sound": "civ_move_2", "volume": 0.12}
[2026-09-25 21:08:54.961] [SFX] {"sound": "civ_move_2", "volume": 0.08}
[2026-09-25 21:08:54.961] [SFX] {"sound": "civ_move_1", "volume": 0.12}
[2026-09-25 21:08:54.995] [SFX] {"sound": "civ_move_1", "volume": 0.16}
[2026-09-25 21:08:55.074] [SFX] {"sound": "civ_move_1", "volume": 0.04}
[2026-09-25 21:08:55.259] [SFX] {"sound": "civ_move_2", "volume": 0.12}
[2026-09-25 21:08:55.374] [SFX] {"sound": "civ_move_2", "volume": 0.09}
[2026-09-25 21:08:55.408] [SFX] {"sound": "civ_move_1", "volume": 0.15}
[2026-09-25 21:08:55.475] [SFX] {"sound": "civ_move_1", "volume": 0.03}
[2026-09-25 21:08:55.674] [SFX] {"sound": "civ_move_2", "volume": 0.13}
[2026-09-25 21:08:55.774] [SFX] {"sound": "civ_move_2", "volume": 0.09}
[2026-09-25 21:08:55.808] [SFX] {"sound": "civ_move_1", "volume": 0.14}
[2026-09-25 21:08:55.876] [SFX] {"sound": "civ_move_1", "volume": 0.02}
[2026-09-25 21:08:56.075] [SFX] {"sound": "civ_move_2", "volume": 0.13}
[2026-09-25 21:08:56.191] [SFX] {"sound": "civ_move_2", "volume": 0.1}
[2026-09-25 21:08:56.215] [SFX] {"sound": "civ_move_1", "volume": 0.13}
[2026-09-25 21:08:56.278] [SFX] {"sound": "civ_move_1", "volume": 0.01}
[2026-09-25 21:08:56.478] [SFX] {"sound": "civ_move_2", "volume": 0.14}
[2026-09-25 21:08:56.594] [SFX] {"sound": "civ_move_2", "volume": 0.1}
[2026-09-25 21:08:56.617] [SFX] {"sound": "civ_move_1", "volume": 0.13}
[2026-09-25 21:08:56.881] [SFX] {"sound": "civ_move_2", "volume": 0.15}
[2026-09-25 21:08:56.997] [SFX] {"sound": "civ_move_2", "volume": 0.09}
[2026-09-25 21:08:57.018] [SFX] {"sound": "civ_move_1", "volume": 0.12}
[2026-09-25 21:08:57.295] [SFX] {"sound": "civ_move_2", "volume": 0.15}
[2026-09-25 21:08:57.410] [SFX] {"sound": "civ_move_2", "volume": 0.08}
[2026-09-25 21:08:57.433] [SFX] {"sound": "civ_move_1", "volume": 0.11}
[2026-09-25 21:08:57.697] [SFX] {"sound": "civ_move_2", "volume": 0.16}
[2026-09-25 21:08:57.813] [SFX] {"sound": "civ_move_2", "volume": 0.07}
[2026-09-25 21:08:57.836] [SFX] {"sound": "civ_move_1", "volume": 0.1}
[2026-09-25 21:08:58.099] [SFX] {"sound": "civ_move_2", "volume": 0.17}
[2026-09-25 21:08:58.217] [SFX] {"sound": "civ_move_2", "volume": 0.06}
[2026-09-25 21:08:58.239] [SFX] {"sound": "civ_move_1", "volume": 0.1}
[2026-09-25 21:08:58.482] [SFX] {"sound": "civ_move_1", "volume": 0.0}
[2026-09-25 21:08:58.515] [SFX] {"sound": "civ_move_2", "volume": 0.17}
[2026-09-25 21:08:58.631] [SFX] {"sound": "civ_move_2", "volume": 0.05}
[2026-09-25 21:08:58.653] [SFX] {"sound": "civ_move_1", "volume": 0.09}
[2026-09-25 21:08:58.897] [SFX] {"sound": "civ_move_1", "volume": 0.01}
[2026-09-25 21:08:58.931] [SFX] {"sound": "civ_move_2", "volume": 0.18}
[2026-09-25 21:08:59.033] [SFX] {"sound": "civ_move_2", "volume": 0.04}
[2026-09-25 21:08:59.056] [SFX] {"sound": "civ_move_1", "volume": 0.09}
[2026-09-25 21:08:59.300] [SFX] {"sound": "civ_move_1", "volume": 0.02}
[2026-09-25 21:08:59.333] [SFX] {"sound": "civ_move_2", "volume": 0.18}
[2026-09-25 21:08:59.434] [SFX] {"sound": "civ_move_2", "volume": 0.03}
[2026-09-25 21:08:59.458] [SFX] {"sound": "civ_move_1", "volume": 0.08}
[2026-09-25 21:08:59.714] [SFX] {"sound": "civ_move_1", "volume": 0.03}
[2026-09-25 21:08:59.750] [SFX] {"sound": "civ_move_2", "volume": 0.18}
[2026-09-25 21:08:59.848] [SFX] {"sound": "civ_move_2", "volume": 0.02}
[2026-09-25 21:08:59.870] [SFX] {"sound": "civ_move_1", "volume": 0.08}
[2026-09-25 21:09:00.118] [SFX] {"sound": "civ_move_1", "volume": 0.04}
[2026-09-25 21:09:00.152] [SFX] {"sound": "civ_move_2", "volume": 0.18}
[2026-09-25 21:09:00.255] [SFX] {"sound": "civ_move_2", "volume": 0.01}
[2026-09-25 21:09:00.277] [SFX] {"sound": "civ_move_1", "volume": 0.07}
[2026-09-25 21:09:00.528] [SFX] {"sound": "civ_move_1", "volume": 0.05}
[2026-09-25 21:09:00.563] [SFX] {"sound": "civ_move_2", "volume": 0.18}
[2026-09-25 21:09:00.665] [SFX] {"sound": "civ_move_2", "volume": 0.0}
[2026-09-25 21:09:00.687] [SFX] {"sound": "civ_move_1", "volume": 0.06}
[2026-09-25 21:09:00.966] [SFX] {"sound": "civ_move_2", "volume": 0.18}
[2026-09-25 21:09:01.082] [SFX] {"sound": "civ_move_1", "volume": 0.06}
[2026-09-25 21:09:01.334] [SFX] {"sound": "civ_move_1", "volume": 0.07}
[2026-09-25 21:09:01.367] [SFX] {"sound": "civ_move_2", "volume": 0.19}
[2026-09-25 21:09:01.483] [SFX] {"sound": "civ_move_1", "volume": 0.05}
[2026-09-25 21:09:01.748] [SFX] {"sound": "civ_move_1", "volume": 0.08}
[2026-09-25 21:09:01.784] [SFX] {"sound": "civ_move_2", "volume": 0.18}
[2026-09-25 21:09:01.886] [SFX] {"sound": "civ_move_1", "volume": 0.04}
[2026-09-25 21:09:02.156] [SFX] {"sound": "civ_move_1", "volume": 0.09}
[2026-09-25 21:09:02.192] [SFX] {"sound": "civ_move_2", "volume": 0.17}
[2026-09-25 21:09:02.294] [SFX] {"sound": "civ_move_1", "volume": 0.04}
[2026-09-25 21:09:02.560] [SFX] {"sound": "civ_move_1", "volume": 0.1}
[2026-09-25 21:09:02.595] [SFX] {"sound": "civ_move_2", "volume": 0.17}
[2026-09-25 21:09:02.696] [SFX] {"sound": "civ_move_1", "volume": 0.03}
[2026-09-25 21:09:02.960] [SFX] {"sound": "civ_move_1", "volume": 0.1}
[2026-09-25 21:09:02.997] [SFX] {"sound": "civ_move_2", "volume": 0.16}
[2026-09-25 21:09:03.365] [SFX] {"sound": "civ_move_1", "volume": 0.09}
[2026-09-25 21:09:03.398] [SFX] {"sound": "civ_move_2", "volume": 0.15}
[2026-09-25 21:09:03.768] [SFX] {"sound": "civ_move_1", "volume": 0.09}
[2026-09-25 21:09:03.802] [SFX] {"sound": "civ_move_2", "volume": 0.14}
[2026-09-25 21:09:04.171] [SFX] {"sound": "civ_move_1", "volume": 0.08}
[2026-09-25 21:09:04.207] [SFX] {"sound": "civ_move_2", "volume": 0.14}
[2026-09-25 21:09:04.574] [SFX] {"sound": "civ_move_1", "volume": 0.08}
[2026-09-25 21:09:04.608] [SFX] {"sound": "civ_move_2", "volume": 0.13}
[2026-09-25 21:09:04.975] [SFX] {"sound": "civ_move_1", "volume": 0.07}
[2026-09-25 21:09:05.008] [SFX] {"sound": "civ_move_2", "volume": 0.12}
[2026-09-25 21:09:05.375] [SFX] {"sound": "civ_move_1", "volume": 0.07}
[2026-09-25 21:09:05.408] [SFX] {"sound": "civ_move_2", "volume": 0.11}
[2026-09-25 21:09:05.785] [SFX] {"sound": "civ_move_1", "volume": 0.06}
[2026-09-25 21:09:05.819] [SFX] {"sound": "civ_move_2", "volume": 0.1}
[2026-09-25 21:09:06.033] [SFX] {"sound": "civ_move_2", "volume": 0.0}
[2026-09-25 21:09:06.186] [SFX] {"sound": "civ_move_1", "volume": 0.05}
[2026-09-25 21:09:06.220] [SFX] {"sound": "civ_move_2", "volume": 0.1}
[2026-09-25 21:09:06.435] [SFX] {"sound": "civ_move_2", "volume": 0.01}
[2026-09-25 21:09:06.601] [SFX] {"sound": "civ_move_1", "volume": 0.04}
[2026-09-25 21:09:06.639] [SFX] {"sound": "civ_move_2", "volume": 0.09}
[2026-09-25 21:09:06.838] [SFX] {"sound": "civ_move_2", "volume": 0.02}
[2026-09-25 21:09:07.005] [SFX] {"sound": "civ_move_1", "volume": 0.04}
[2026-09-25 21:09:07.040] [SFX] {"sound": "civ_move_2", "volume": 0.09}
[2026-09-25 21:09:07.239] [SFX] {"sound": "civ_move_2", "volume": 0.03}
[2026-09-25 21:09:07.306] [M] {"button": 1, "pos": [123, 174], "ui_clicked": false}
[2026-09-25 21:09:07.314] [P] {"start": [126, 14], "goal": [118, 30], "length": 10, "is_direction_change": false}
[2026-09-25 21:09:07.315] [SFX] {"sound": "click_target", "volume": 0.44}
[2026-09-25 21:09:07.354] [JACK] Vorsichtig vorantasten...
[2026-09-25 21:09:07.372] [SFX] {"sound": "player_move", "volume": 0.4}
[2026-09-25 21:09:07.419] [SFX] {"sound": "civ_move_1", "volume": 0.04}
[2026-09-25 21:09:07.454] [SFX] {"sound": "civ_move_2", "volume": 0.09}
[2026-09-25 21:09:07.655] [SFX] {"sound": "civ_move_2", "volume": 0.06}
[2026-09-25 21:09:07.678] [SFX] {"sound": "player_move", "volume": 0.4}
[2026-09-25 21:09:07.826] [SFX] {"sound": "civ_move_1", "volume": 0.07}
[2026-09-25 21:09:07.860] [SFX] {"sound": "civ_move_2", "volume": 0.12}
[2026-09-25 21:09:07.977] [SFX] {"sound": "player_move", "volume": 0.4}
[2026-09-25 21:09:08.060] [SFX] {"sound": "civ_move_2", "volume": 0.08}
[2026-09-25 21:09:08.276] [SFX] {"sound": "civ_move_2", "volume": 0.12}
[2026-09-25 21:09:08.299] [SFX] {"sound": "player_move", "volume": 0.4}
[2026-09-25 21:09:08.470] [SFX] {"sound": "civ_move_2", "volume": 0.1}
[2026-09-25 21:09:08.604] [SFX] {"sound": "player_move", "volume": 0.4}
[2026-09-25 21:09:08.675] [SFX] {"sound": "civ_move_2", "volume": 0.12}
[2026-09-25 21:09:08.874] [SFX] {"sound": "civ_move_2", "volume": 0.13}
[2026-09-25 21:09:08.909] [SFX] {"sound": "player_move", "volume": 0.4}
[2026-09-25 21:09:09.081] [SFX] {"sound": "civ_move_2", "volume": 0.15}
[2026-09-25 21:09:09.290] [SFX] {"sound": "civ_move_2", "volume": 0.16}
[2026-09-25 21:09:09.492] [SFX] {"sound": "civ_move_2", "volume": 0.15}
[2026-09-25 21:09:09.691] [SFX] {"sound": "civ_move_2", "volume": 0.17}
[2026-09-25 21:09:09.906] [SFX] {"sound": "civ_move_2", "volume": 0.14}
[2026-09-25 21:09:10.092] [SFX] {"sound": "civ_move_2", "volume": 0.18}
[2026-09-25 21:09:10.321] [SFX] {"sound": "civ_move_2", "volume": 0.13}
[2026-09-25 21:09:10.505] [SFX] {"sound": "civ_move_2", "volume": 0.18}
[2026-09-25 21:09:10.656] [M] {"button": 1, "pos": [330, 300], "ui_clicked": false}
[2026-09-25 21:09:10.665] [P] {"start": [118, 30], "goal": [118, 34], "length": 1, "is_direction_change": false}
[2026-09-25 21:09:10.665] [SFX] {"sound": "click_target", "volume": 0.71}
[2026-09-25 21:09:10.714] [SFX] {"sound": "player_move", "volume": 0.4}
[2026-09-25 21:09:10.732] [SFX] {"sound": "civ_move_2", "volume": 0.12}
[2026-09-25 21:09:10.908] [SFX] {"sound": "civ_move_2", "volume": 0.21}
[2026-09-25 21:09:11.138] [SFX] {"sound": "civ_move_2", "volume": 0.11}
[2026-09-25 21:09:11.319] [SFX] {"sound": "civ_move_2", "volume": 0.21}
[2026-09-25 21:09:11.351] [M] {"button": 1, "pos": [326, 304], "ui_clicked": false}
[2026-09-25 21:09:11.360] [P] {"start": [118, 34], "goal": [118, 38], "length": 1, "is_direction_change": false}
[2026-09-25 21:09:11.361] [SFX] {"sound": "click_target", "volume": 0.71}
[2026-09-25 21:09:11.493] [SFX] {"sound": "player_move", "volume": 0.4}
[2026-09-25 21:09:11.543] [SFX] {"sound": "civ_move_2", "volume": 0.13}
[2026-09-25 21:09:11.577] [SFX] {"sound": "civ_move_2", "volume": 0.01}
[2026-09-25 21:09:11.725] [SFX] {"sound": "civ_move_2", "volume": 0.28}
[2026-09-25 21:09:11.956] [SFX] {"sound": "civ_move_2", "volume": 0.12}
[2026-09-25 21:09:11.989] [SFX] {"sound": "civ_move_2", "volume": 0.01}
[2026-09-25 21:09:12.134] [SFX] {"sound": "civ_move_2", "volume": 0.28}
[2026-09-25 21:09:12.250] [C] {"civ_pos": [118, 36]}
[2026-09-25 21:09:12.370] [SFX] {"sound": "civ_move_2", "volume": 0.1}
[2026-09-25 21:09:12.404] [SFX] {"sound": "civ_move_2", "volume": 0.02}
[2026-09-25 21:09:12.536] [SFX] {"sound": "civ_move_2", "volume": 0.29}
[2026-09-25 21:09:12.653] [M] {"button": 1, "pos": [326, 304], "ui_clicked": false}
[2026-09-25 21:09:12.662] [P] {"start": [118, 38], "goal": [118, 42], "length": 1, "is_direction_change": false}
[2026-09-25 21:09:12.662] [SFX] {"sound": "click_target", "volume": 0.72}
[2026-09-25 21:09:12.780] [SFX] {"sound": "civ_move_2", "volume": 0.09}
[2026-09-25 21:09:12.813] [SFX] {"sound": "civ_move_2", "volume": 0.04}
[2026-09-25 21:09:12.944] [SFX] {"sound": "civ_move_2", "volume": 0.28}
[2026-09-25 21:09:13.193] [SFX] {"sound": "civ_move_2", "volume": 0.01}
[2026-09-25 21:09:13.194] [SFX] {"sound": "civ_move_2", "volume": 0.08}
[2026-09-25 21:09:13.226] [SFX] {"sound": "civ_move_2", "volume": 0.04}
[2026-09-25 21:09:13.275] [M] {"button": 1, "pos": [326, 304], "ui_clicked": false}
[2026-09-25 21:09:13.284] [P] {"start": [118, 42], "goal": [118, 46], "length": 1, "is_direction_change": false}
[2026-09-25 21:09:13.284] [SFX] {"sound": "click_target", "volume": 0.72}
[2026-09-25 21:09:13.337] [SFX] {"sound": "player_move", "volume": 0.4}
[2026-09-25 21:09:13.361] [SFX] {"sound": "civ_move_2", "volume": 0.28}
[2026-09-25 21:09:13.588] [SFX] {"sound": "civ_move_1", "volume": 0.01}
[2026-09-25 21:09:13.610] [SFX] {"sound": "civ_move_2", "volume": 0.01}
[2026-09-25 21:09:13.611] [SFX] {"sound": "civ_move_2", "volume": 0.05}
[2026-09-25 21:09:13.639] [SFX] {"sound": "civ_move_2", "volume": 0.07}
[2026-09-25 21:09:13.770] [SFX] {"sound": "civ_move_2", "volume": 0.27}
[2026-09-25 21:09:13.821] [M] {"button": 1, "pos": [326, 304], "ui_clicked": false}
[2026-09-25 21:09:13.830] [P] {"start": [118, 46], "goal": [118, 50], "length": 1, "is_direction_change": false}
[2026-09-25 21:09:13.831] [SFX] {"sound": "click_target", "volume": 0.72}
[2026-09-25 21:09:14.000] [SFX] {"sound": "player_move", "volume": 0.4}
[2026-09-25 21:09:14.001] [SFX] {"sound": "civ_move_1", "volume": 0.03}
[2026-09-25 21:09:14.022] [SFX] {"sound": "civ_move_2", "volume": 0.01}
[2026-09-25 21:09:14.022] [SFX] {"sound": "civ_move_2", "volume": 0.03}
[2026-09-25 21:09:14.050] [SFX] {"sound": "civ_move_2", "volume": 0.09}
[2026-09-25 21:09:14.073] [SFX] {"sound": "civ_move_2", "volume": 0.01}
[2026-09-25 21:09:14.186] [SFX] {"sound": "civ_move_2", "volume": 0.25}
[2026-09-25 21:09:14.415] [SFX] {"sound": "civ_move_1", "volume": 0.02}
[2026-09-25 21:09:14.438] [SFX] {"sound": "civ_move_2", "volume": 0.03}
[2026-09-25 21:09:14.438] [SFX] {"sound": "civ_move_2", "volume": 0.02}
[2026-09-25 21:09:14.469] [SFX] {"sound": "civ_move_2", "volume": 0.1}
[2026-09-25 21:09:14.587] [SFX] {"sound": "civ_move_2", "volume": 0.26}
[2026-09-25 21:09:14.825] [SFX] {"sound": "civ_move_1", "volume": 0.02}
[2026-09-25 21:09:14.848] [SFX] {"sound": "civ_move_2", "volume": 0.04}
[2026-09-25 21:09:14.849] [SFX] {"sound": "civ_move_2", "volume": 0.01}
[2026-09-25 21:09:14.882] [SFX] {"sound": "civ_move_2", "volume": 0.03}
[2026-09-25 21:09:14.883] [SFX] {"sound": "civ_move_2", "volume": 0.1}
[2026-09-25 21:09:14.998] [M] {"button": 5, "pos": [335, 320], "ui_clicked": false}
[2026-09-25 21:09:15.004] [SFX] {"sound": "civ_move_2", "volume": 0.28}
[2026-09-25 21:09:15.049] [M] {"button": 5, "pos": [335, 320], "ui_clicked": false}
[2026-09-25 21:09:15.233] [SFX] {"sound": "civ_move_1", "volume": 0.01}
[2026-09-25 21:09:15.255] [SFX] {"sound": "civ_move_2", "volume": 0.05}
[2026-09-25 21:09:15.274] [C] {"civ_pos": [118, 48]}
[2026-09-25 21:09:15.315] [SFX] {"sound": "civ_move_2", "volume": 0.03}
[2026-09-25 21:09:15.316] [SFX] {"sound": "civ_move_2", "volume": 0.1}
[2026-09-25 21:09:15.410] [SFX] {"sound": "civ_move_2", "volume": 0.29}
[2026-09-25 21:09:15.644] [SFX] {"sound": "civ_move_1", "volume": 0.0}
[2026-09-25 21:09:15.669] [SFX] {"sound": "civ_move_2", "volume": 0.06}
[2026-09-25 21:09:15.669] [SFX] {"sound": "civ_move_1", "volume": 0.0}
[2026-09-25 21:09:15.702] [SFX] {"sound": "civ_move_2", "volume": 0.04}
[2026-09-25 21:09:15.702] [SFX] {"sound": "civ_move_2", "volume": 0.09}
[2026-09-25 21:09:15.817] [SFX] {"sound": "civ_move_2", "volume": 0.24}
[2026-09-25 21:09:16.067] [SFX] {"sound": "civ_move_2", "volume": 0.07}
[2026-09-25 21:09:16.068] [SFX] {"sound": "civ_move_1", "volume": 0.01}
[2026-09-25 21:09:16.114] [SFX] {"sound": "civ_move_2", "volume": 0.05}
[2026-09-25 21:09:16.115] [SFX] {"sound": "civ_move_2", "volume": 0.09}
[2026-09-25 21:09:16.230] [SFX] {"sound": "civ_move_2", "volume": 0.23}
[2026-09-25 21:09:16.461] [SFX] {"sound": "civ_move_1", "volume": 0.0}
[2026-09-25 21:09:16.483] [SFX] {"sound": "civ_move_2", "volume": 0.08}
[2026-09-25 21:09:16.484] [SFX] {"sound": "civ_move_1", "volume": 0.02}
[2026-09-25 21:09:16.529] [SFX] {"sound": "civ_move_2", "volume": 0.05}
[2026-09-25 21:09:16.530] [SFX] {"sound": "civ_move_2", "volume": 0.09}
[2026-09-25 21:09:16.645] [SFX] {"sound": "civ_move_2", "volume": 0.22}
[2026-09-25 21:09:16.876] [SFX] {"sound": "civ_move_1", "volume": 0.01}
[2026-09-25 21:09:16.899] [SFX] {"sound": "civ_move_2", "volume": 0.09}
[2026-09-25 21:09:16.900] [SFX] {"sound": "civ_move_1", "volume": 0.03}
[2026-09-25 21:09:16.932] [SFX] {"sound": "civ_move_2", "volume": 0.06}
[2026-09-25 21:09:16.933] [SFX] {"sound": "civ_move_2", "volume": 0.09}
[2026-09-25 21:09:17.046] [SFX] {"sound": "civ_move_2", "volume": 0.21}
[2026-09-25 21:09:17.096] [M] {"button": 1, "pos": [321, 316], "ui_clicked": false}
[2026-09-25 21:09:17.104] [P] {"start": [118, 50], "goal": [118, 64], "length": 1, "is_direction_change": false}
[2026-09-25 21:09:17.104] [SFX] {"sound": "click_target", "volume": 0.51}
[2026-09-25 21:09:17.291] [SFX] {"sound": "civ_move_2", "volume": 0.09}
[2026-09-25 21:09:17.291] [SFX] {"sound": "civ_move_1", "volume": 0.06}
[2026-09-25 21:09:17.292] [SFX] {"sound": "civ_move_1", "volume": 0.04}
[2026-09-25 21:09:17.340] [SFX] {"sound": "civ_move_2", "volume": 0.09}
[2026-09-25 21:09:17.341] [SFX] {"sound": "civ_move_2", "volume": 0.11}
[2026-09-25 21:09:17.389] [SFX] {"sound": "player_move", "volume": 0.4}
[2026-09-25 21:09:17.455] [SFX] {"sound": "civ_move_2", "volume": 0.3}
[2026-09-25 21:09:17.705] [SFX] {"sound": "player_move", "volume": 0.4}
[2026-09-25 21:09:17.706] [SFX] {"sound": "civ_move_2", "volume": 0.05}
[2026-09-25 21:09:17.707] [SFX] {"sound": "civ_move_1", "volume": 0.12}
[2026-09-25 21:09:17.708] [SFX] {"sound": "civ_move_1", "volume": 0.08}
[2026-09-25 21:09:17.741] [SFX] {"sound": "civ_move_2", "volume": 0.13}
[2026-09-25 21:09:17.742] [SFX] {"sound": "civ_move_2", "volume": 0.04}
[2026-09-25 21:09:17.743] [SFX] {"sound": "civ_move_2", "volume": 0.15}
[2026-09-25 21:09:17.858] [SFX] {"sound": "civ_move_2", "volume": 0.26}
[2026-09-25 21:09:17.973] [M] {"button": 4, "pos": [324, 270], "ui_clicked": false}
[2026-09-25 21:09:17.992] [M] {"button": 4, "pos": [324, 267], "ui_clicked": false}
[2026-09-25 21:09:18.028] [M] {"button": 4, "pos": [324, 262], "ui_clicked": false}
[2026-09-25 21:09:18.064] [M] {"button": 4, "pos": [324, 259], "ui_clicked": false}
[2026-09-25 21:09:18.116] [SFX] {"sound": "civ_move_2", "volume": 0.05}
[2026-09-25 21:09:18.117] [SFX] {"sound": "civ_move_1", "volume": 0.14}
[2026-09-25 21:09:18.117] [SFX] {"sound": "civ_move_1", "volume": 0.09}
[2026-09-25 21:09:18.157] [SFX] {"sound": "civ_move_2", "volume": 0.14}
[2026-09-25 21:09:18.158] [SFX] {"sound": "civ_move_2", "volume": 0.06}
[2026-09-25 21:09:18.159] [SFX] {"sound": "civ_move_2", "volume": 0.14}
[2026-09-25 21:09:18.272] [SFX] {"sound": "civ_move_2", "volume": 0.27}
[2026-09-25 21:09:18.516] [SFX] {"sound": "civ_move_2", "volume": 0.05}
[2026-09-25 21:09:18.517] [SFX] {"sound": "civ_move_1", "volume": 0.14}
[2026-09-25 21:09:18.517] [SFX] {"sound": "civ_move_1", "volume": 0.08}
[2026-09-25 21:09:18.549] [SFX] {"sound": "civ_move_2", "volume": 0.15}
[2026-09-25 21:09:18.549] [SFX] {"sound": "civ_move_2", "volume": 0.06}
[2026-09-25 21:09:18.550] [SFX] {"sound": "civ_move_2", "volume": 0.13}
[2026-09-25 21:09:18.683] [SFX] {"sound": "civ_move_2", "volume": 0.28}
[2026-09-25 21:09:18.766] [C] {"civ_pos": [118, 62]}
[2026-09-25 21:09:18.918] [SFX] {"sound": "civ_move_2", "volume": 0.06}
[2026-09-25 21:09:18.919] [SFX] {"sound": "civ_move_1", "volume": 0.15}
[2026-09-25 21:09:18.919] [SFX] {"sound": "civ_move_1", "volume": 0.07}
[2026-09-25 21:09:18.952] [SFX] {"sound": "civ_move_2", "volume": 0.15}
[2026-09-25 21:09:18.954] [SFX] {"sound": "civ_move_2", "volume": 0.07}
[2026-09-25 21:09:18.954] [SFX] {"sound": "civ_move_2", "volume": 0.13}
[2026-09-25 21:09:19.088] [SFX] {"sound": "civ_move_2", "volume": 0.29}
[2026-09-25 21:09:19.320] [SFX] {"sound": "civ_move_2", "volume": 0.06}
[2026-09-25 21:09:19.321] [SFX] {"sound": "civ_move_1", "volume": 0.16}
[2026-09-25 21:09:19.322] [SFX] {"sound": "civ_move_1", "volume": 0.06}
[2026-09-25 21:09:19.355] [SFX] {"sound": "civ_move_2", "volume": 0.16}
[2026-09-25 21:09:19.355] [SFX] {"sound": "civ_move_2", "volume": 0.08}
[2026-09-25 21:09:19.356] [SFX] {"sound": "civ_move_2", "volume": 0.12}
[2026-09-25 21:09:19.504] [SFX] {"sound": "civ_move_2", "volume": 0.23}
[2026-09-25 21:09:19.736] [SFX] {"sound": "civ_move_2", "volume": 0.07}
[2026-09-25 21:09:19.736] [SFX] {"sound": "civ_move_1", "volume": 0.16}
[2026-09-25 21:09:19.737] [SFX] {"sound": "civ_move_1", "volume": 0.06}
[2026-09-25 21:09:19.769] [SFX] {"sound": "civ_move_2", "volume": 0.16}
[2026-09-25 21:09:19.770] [SFX] {"sound": "civ_move_2", "volume": 0.09}
[2026-09-25 21:09:19.771] [SFX] {"sound": "civ_move_2", "volume": 0.11}
[2026-09-25 21:09:19.915] [SFX] {"sound": "civ_move_2", "volume": 0.22}
[2026-09-25 21:09:20.146] [SFX] {"sound": "civ_move_2", "volume": 0.07}
[2026-09-25 21:09:20.147] [SFX] {"sound": "civ_move_1", "volume": 0.16}
[2026-09-25 21:09:20.148] [SFX] {"sound": "civ_move_1", "volume": 0.05}
[2026-09-25 21:09:20.180] [SFX] {"sound": "civ_move_2", "volume": 0.17}
[2026-09-25 21:09:20.181] [SFX] {"sound": "civ_move_2", "volume": 0.1}
[2026-09-25 21:09:20.181] [SFX] {"sound": "civ_move_2", "volume": 0.11}
[2026-09-25 21:09:20.247] [M] {"button": 1, "pos": [323, 295], "ui_clicked": false}
[2026-09-25 21:09:20.255] [JACK] JACK // HIGH THREAT POTENTIAL. SWITCHES FREQUENCIES FREQUENTLY. KEEP DISTANCE.
[2026-09-25 21:09:20.256] [SFX] {"sound": "click_target", "volume": 0.73}
[2026-09-25 21:09:20.318] [SFX] {"sound": "civ_move_2", "volume": 0.22}
[2026-09-25 21:09:20.351] [SFX] {"sound": "threat_pulse", "volume": 0.3}
[2026-09-25 21:09:20.469] [SFX] {"sound": "player_move", "volume": 0.4}
[2026-09-25 21:09:20.552] [SFX] {"sound": "civ_move_2", "volume": 0.05}
[2026-09-25 21:09:20.553] [SFX] {"sound": "civ_move_1", "volume": 0.19}
[2026-09-25 21:09:20.553] [SFX] {"sound": "civ_move_1", "volume": 0.04}
[2026-09-25 21:09:20.588] [SFX] {"sound": "civ_move_2", "volume": 0.19}
[2026-09-25 21:09:20.589] [SFX] {"sound": "civ_move_2", "volume": 0.13}
[2026-09-25 21:09:20.589] [SFX] {"sound": "civ_move_2", "volume": 0.12}
[2026-09-25 21:09:20.720] [SFX] {"sound": "civ_move_2", "volume": 0.23}
[2026-09-25 21:09:20.770] [SFX] {"sound": "player_move", "volume": 0.4}
[2026-09-25 21:09:20.966] [SFX] {"sound": "civ_move_2", "volume": 0.04}
[2026-09-25 21:09:20.967] [SFX] {"sound": "civ_move_1", "volume": 0.2}
[2026-09-25 21:09:20.968] [SFX] {"sound": "civ_move_1", "volume": 0.04}
[2026-09-25 21:09:21.001] [SFX] {"sound": "civ_move_2", "volume": 0.2}
[2026-09-25 21:09:21.002] [SFX] {"sound": "civ_move_2", "volume": 0.15}
[2026-09-25 21:09:21.085] [SFX] {"sound": "player_move", "volume": 0.4}
[2026-09-25 21:09:21.122] [SFX] {"sound": "civ_move_2", "volume": 0.29}
[2026-09-25 21:09:21.256] [SFX] {"sound": "threat_pulse", "volume": 0.31}
[2026-09-25 21:09:21.280] [C] {"civ_pos": [115, 70]}
[2026-09-25 21:09:21.379] [SFX] {"sound": "civ_move_2", "volume": 0.04}
[2026-09-25 21:09:21.380] [SFX] {"sound": "civ_move_1", "volume": 0.21}
[2026-09-25 21:09:21.380] [SFX] {"sound": "civ_move_1", "volume": 0.04}
[2026-09-25 21:09:21.401] [SFX] {"sound": "player_move", "volume": 0.4}
[2026-09-25 21:09:21.420] [SFX] {"sound": "civ_move_2", "volume": 0.2}
[2026-09-25 21:09:21.421] [SFX] {"sound": "civ_move_2", "volume": 0.15}
[2026-09-25 21:09:21.422] [SFX] {"sound": "civ_move_2", "volume": 0.14}
[2026-09-25 21:09:21.536] [SFX] {"sound": "civ_move_2", "volume": 0.29}
[2026-09-25 21:09:21.701] [SFX] {"sound": "player_move", "volume": 0.4}
[2026-09-25 21:09:21.783] [SFX] {"sound": "civ_move_2", "volume": 0.04}
[2026-09-25 21:09:21.784] [SFX] {"sound": "civ_move_1", "volume": 0.21}
[2026-09-25 21:09:21.785] [SFX] {"sound": "civ_move_1", "volume": 0.04}
[2026-09-25 21:09:21.817] [SFX] {"sound": "civ_move_2", "volume": 0.19}
[2026-09-25 21:09:21.818] [SFX] {"sound": "civ_move_2", "volume": 0.15}
[2026-09-25 21:09:21.819] [SFX] {"sound": "civ_move_2", "volume": 0.12}
[2026-09-25 21:09:21.951] [SFX] {"sound": "civ_move_2", "volume": 0.24}
[2026-09-25 21:09:22.004] [SFX] {"sound": "player_move", "volume": 0.4}
[2026-09-25 21:09:22.156] [SFX] {"sound": "threat_pulse", "volume": 0.32}
[2026-09-25 21:09:22.196] [SFX] {"sound": "civ_move_2", "volume": 0.04}
[2026-09-25 21:09:22.197] [SFX] {"sound": "civ_move_1", "volume": 0.22}
[2026-09-25 21:09:22.198] [SFX] {"sound": "civ_move_1", "volume": 0.03}
[2026-09-25 21:09:22.233] [SFX] {"sound": "civ_move_2", "volume": 0.18}
[2026-09-25 21:09:22.234] [SFX] {"sound": "civ_move_2", "volume": 0.15}
[2026-09-25 21:09:22.235] [SFX] {"sound": "civ_move_2", "volume": 0.11}
[2026-09-25 21:09:22.319] [SFX] {"sound": "player_move", "volume": 0.4}
[2026-09-25 21:09:22.353] [SFX] {"sound": "civ_move_2", "volume": 0.3}
[2026-09-25 21:09:22.403] [M] {"button": 1, "pos": [366, 210], "ui_clicked": true}
[2026-09-25 21:09:22.598] [SFX] {"sound": "civ_move_2", "volume": 0.03}
[2026-09-25 21:09:22.598] [SFX] {"sound": "civ_move_1", "volume": 0.26}
[2026-09-25 21:09:22.599] [SFX] {"sound": "civ_move_1", "volume": 0.03}
[2026-09-25 21:09:22.631] [SFX] {"sound": "player_move", "volume": 0.4}
[2026-09-25 21:09:22.653] [SFX] {"sound": "civ_move_2", "volume": 0.17}
[2026-09-25 21:09:22.654] [SFX] {"sound": "civ_move_2", "volume": 0.15}
[2026-09-25 21:09:22.654] [SFX] {"sound": "civ_move_2", "volume": 0.1}
[2026-09-25 21:09:22.763] [SFX] {"sound": "civ_move_2", "volume": 0.29}
[2026-09-25 21:09:22.948] [SFX] {"sound": "player_move", "volume": 0.4}
[2026-09-25 21:09:23.014] [SFX] {"sound": "civ_move_2", "volume": 0.03}
[2026-09-25 21:09:23.015] [SFX] {"sound": "civ_move_1", "volume": 0.25}
[2026-09-25 21:09:23.016] [SFX] {"sound": "civ_move_1", "volume": 0.03}
[2026-09-25 21:09:23.048] [SFX] {"sound": "civ_move_2", "volume": 0.15}
[2026-09-25 21:09:23.049] [SFX] {"sound": "civ_move_2", "volume": 0.14}
[2026-09-25 21:09:23.050] [SFX] {"sound": "civ_move_2", "volume": 0.09}
[2026-09-25 21:09:23.071] [SFX] {"sound": "threat_pulse", "volume": 0.33}
[2026-09-25 21:09:23.165] [SFX] {"sound": "civ_move_2", "volume": 0.29}
[2026-09-25 21:09:23.250] [SFX] {"sound": "player_move", "volume": 0.4}
[2026-09-25 21:09:23.365] [M] {"button": 1, "pos": [366, 205], "ui_clicked": true}
[2026-09-25 21:09:23.419] [SFX] {"sound": "civ_move_2", "volume": 0.04}
[2026-09-25 21:09:23.420] [SFX] {"sound": "civ_move_1", "volume": 0.23}
[2026-09-25 21:09:23.420] [SFX] {"sound": "civ_move_1", "volume": 0.03}
[2026-09-25 21:09:23.453] [SFX] {"sound": "civ_move_2", "volume": 0.13}
[2026-09-25 21:09:23.454] [SFX] {"sound": "civ_move_2", "volume": 0.12}
[2026-09-25 21:09:23.455] [SFX] {"sound": "civ_move_2", "volume": 0.07}
[2026-09-25 21:09:23.551] [SFX] {"sound": "player_move", "volume": 0.4}
[2026-09-25 21:09:23.572] [SFX] {"sound": "civ_move_2", "volume": 0.29}
[2026-09-25 21:09:23.781] [C] {"civ_pos": [107, 72]}
[2026-09-25 21:09:23.820] [SFX] {"sound": "civ_move_2", "volume": 0.05}
[2026-09-25 21:09:23.821] [SFX] {"sound": "civ_move_1", "volume": 0.22}
[2026-09-25 21:09:23.821] [SFX] {"sound": "civ_move_1", "volume": 0.03}
[2026-09-25 21:09:23.856] [SFX] {"sound": "player_move", "volume": 0.4}
[2026-09-25 21:09:23.857] [SFX] {"sound": "civ_move_2", "volume": 0.12}
[2026-09-25 21:09:23.857] [SFX] {"sound": "civ_move_2", "volume": 0.1}
[2026-09-25 21:09:23.858] [SFX] {"sound": "civ_move_2", "volume": 0.06}
[2026-09-25 21:09:23.971] [SFX] {"sound": "civ_move_2", "volume": 0.29}
[2026-09-25 21:09:23.972] [SFX] {"sound": "threat_pulse", "volume": 0.34}
[2026-09-25 21:09:24.006] [M] {"button": 1, "pos": [358, 223], "ui_clicked": true}
[2026-09-25 21:09:24.041] [SFX] {"sound": "infiltrate 2", "volume": 0.5}
[2026-09-25 21:09:24.158] [SFX] {"sound": "player_move", "volume": 0.4}
[2026-09-25 21:09:24.231] [SFX] {"sound": "civ_move_2", "volume": 0.06}
[2026-09-25 21:09:24.232] [SFX] {"sound": "civ_move_1", "volume": 0.2}
[2026-09-25 21:09:24.233] [SFX] {"sound": "civ_move_1", "volume": 0.03}
[2026-09-25 21:09:24.269] [SFX] {"sound": "civ_move_2", "volume": 0.11}
[2026-09-25 21:09:24.269] [SFX] {"sound": "civ_move_2", "volume": 0.08}
[2026-09-25 21:09:24.270] [SFX] {"sound": "civ_move_2", "volume": 0.04}
[2026-09-25 21:09:24.384] [SFX] {"sound": "civ_move_2", "volume": 0.24}
[2026-09-25 21:09:24.449] [SFX] {"sound": "infiltrate 2", "volume": 0.5}
[2026-09-25 21:09:24.472] [SFX] {"sound": "player_move", "volume": 0.4}
[2026-09-25 21:09:24.633] [SFX] {"sound": "civ_move_2", "volume": 0.06}
[2026-09-25 21:09:24.634] [SFX] {"sound": "civ_move_1", "volume": 0.18}
[2026-09-25 21:09:24.635] [SFX] {"sound": "civ_move_1", "volume": 0.02}
[2026-09-25 21:09:24.684] [SFX] {"sound": "civ_move_2", "volume": 0.1}
[2026-09-25 21:09:24.685] [SFX] {"sound": "civ_move_2", "volume": 0.07}
[2026-09-25 21:09:24.686] [SFX] {"sound": "civ_move_2", "volume": 0.03}
[2026-09-25 21:09:24.721] [SFX] {"sound": "civ_move_1", "volume": 0.0}
[2026-09-25 21:09:24.770] [SFX] {"sound": "player_move", "volume": 0.4}
[2026-09-25 21:09:24.794] [SFX] {"sound": "civ_move_2", "volume": 0.23}
[2026-09-25 21:09:24.854] [SFX] {"sound": "infiltrate 1", "volume": 0.5}
[2026-09-25 21:09:24.887] [SFX] {"sound": "threat_pulse", "volume": 0.35}
[2026-09-25 21:09:25.036] [SFX] {"sound": "civ_move_2", "volume": 0.06}
[2026-09-25 21:09:25.037] [SFX] {"sound": "civ_move_1", "volume": 0.17}
[2026-09-25 21:09:25.037] [SFX] {"sound": "civ_move_1", "volume": 0.01}
[2026-09-25 21:09:25.070] [SFX] {"sound": "player_move", "volume": 0.4}
[2026-09-25 21:09:25.094] [SFX] {"sound": "civ_move_2", "volume": 0.1}
[2026-09-25 21:09:25.095] [SFX] {"sound": "civ_move_2", "volume": 0.07}
[2026-09-25 21:09:25.096] [SFX] {"sound": "civ_move_2", "volume": 0.01}
[2026-09-25 21:09:25.126] [SFX] {"sound": "civ_move_1", "volume": 0.02}
[2026-09-25 21:09:25.192] [SFX] {"sound": "civ_move_2", "volume": 0.23}
[2026-09-25 21:09:25.259] [SFX] {"sound": "infiltrate 1", "volume": 0.5}
[2026-09-25 21:09:25.374] [SFX] {"sound": "player_move", "volume": 0.4}
[2026-09-25 21:09:25.439] [SFX] {"sound": "civ_move_2", "volume": 0.06}
[2026-09-25 21:09:25.440] [SFX] {"sound": "civ_move_1", "volume": 0.14}
[2026-09-25 21:09:25.441] [SFX] {"sound": "civ_move_1", "volume": 0.01}
[2026-09-25 21:09:25.489] [SFX] {"sound": "civ_move_2", "volume": 0.1}
[2026-09-25 21:09:25.490] [SFX] {"sound": "civ_move_2", "volume": 0.07}
[2026-09-25 21:09:25.539] [SFX] {"sound": "civ_move_1", "volume": 0.03}
[2026-09-25 21:09:25.604] [SFX] {"sound": "civ_move_2", "volume": 0.29}
[2026-09-25 21:09:25.686] [SFX] {"sound": "player_move", "volume": 0.4}
[2026-09-25 21:09:25.803] [SFX] {"sound": "threat_pulse", "volume": 0.37}
[2026-09-25 21:09:25.853] [SFX] {"sound": "civ_move_2", "volume": 0.07}
[2026-09-25 21:09:25.854] [SFX] {"sound": "civ_move_1", "volume": 0.13}
[2026-09-25 21:09:25.855] [SFX] {"sound": "civ_move_1", "volume": 0.0}
[2026-09-25 21:09:25.904] [SFX] {"sound": "civ_move_2", "volume": 0.09}
[2026-09-25 21:09:25.904] [SFX] {"sound": "civ_move_2", "volume": 0.06}
[2026-09-25 21:09:25.954] [SFX] {"sound": "civ_move_1", "volume": 0.03}
[2026-09-25 21:09:25.987] [SFX] {"sound": "player_move", "volume": 0.4}
[2026-09-25 21:09:26.020] [SFX] {"sound": "civ_move_2", "volume": 0.23}
[2026-09-25 21:09:26.278] [JACK] Hörst du das Wummern? Sentinels in der Nähe... Bloß keinen falschen Schritt machen!
[2026-09-25 21:09:26.279] [SFX] {"sound": "civ_move_2", "volume": 0.07}
[2026-09-25 21:09:26.279] [SFX] {"sound": "civ_move_1", "volume": 0.11}
[2026-09-25 21:09:26.298] [SFX] {"sound": "player_move", "volume": 0.4}
[2026-09-25 21:09:26.299] [C] {"civ_pos": [104, 78]}
[2026-09-25 21:09:26.327] [SFX] {"sound": "civ_move_2", "volume": 0.08}
[2026-09-25 21:09:26.355] [SFX] {"sound": "civ_move_1", "volume": 0.04}
[2026-09-25 21:09:26.420] [SFX] {"sound": "civ_move_2", "volume": 0.24}
[2026-09-25 21:09:26.603] [SFX] {"sound": "player_move", "volume": 0.4}
[2026-09-25 21:09:26.654] [SFX] {"sound": "civ_move_2", "volume": 0.07}
[2026-09-25 21:09:26.655] [SFX] {"sound": "civ_move_1", "volume": 0.09}
[2026-09-25 21:09:26.704] [SFX] {"sound": "threat_pulse", "volume": 0.38}
[2026-09-25 21:09:26.726] [SFX] {"sound": "civ_move_2", "volume": 0.08}
[2026-09-25 21:09:26.770] [SFX] {"sound": "civ_move_1", "volume": 0.06}
[2026-09-25 21:09:26.836] [SFX] {"sound": "civ_move_2", "volume": 0.23}
[2026-09-25 21:09:26.919] [SFX] {"sound": "player_move", "volume": 0.4}
[2026-09-25 21:09:27.068] [SFX] {"sound": "civ_move_2", "volume": 0.09}
[2026-09-25 21:09:27.069] [SFX] {"sound": "civ_move_1", "volume": 0.09}
[2026-09-25 21:09:27.134] [SFX] {"sound": "civ_move_2", "volume": 0.09}
[2026-09-25 21:09:27.184] [SFX] {"sound": "civ_move_1", "volume": 0.07}
[2026-09-25 21:09:27.235] [SFX] {"sound": "player_move", "volume": 0.4}
[2026-09-25 21:09:27.258] [SFX] {"sound": "civ_move_2", "volume": 0.23}
[2026-09-25 21:09:27.481] [SFX] {"sound": "civ_move_2", "volume": 0.09}
[2026-09-25 21:09:27.482] [SFX] {"sound": "civ_move_1", "volume": 0.07}
[2026-09-25 21:09:27.548] [SFX] {"sound": "player_move", "volume": 0.4}
[2026-09-25 21:09:27.549] [SFX] {"sound": "civ_move_2", "volume": 0.09}
[2026-09-25 21:09:27.597] [SFX] {"sound": "civ_move_1", "volume": 0.08}
[2026-09-25 21:09:27.618] [SFX] {"sound": "threat_pulse", "volume": 0.39}
[2026-09-25 21:09:27.665] [SFX] {"sound": "civ_move_2", "volume": 0.23}
[2026-09-25 21:09:27.864] [SFX] {"sound": "player_move", "volume": 0.4}
[2026-09-25 21:09:27.899] [SFX] {"sound": "civ_move_2", "volume": 0.09}
[2026-09-25 21:09:27.900] [SFX] {"sound": "civ_move_1", "volume": 0.04}
[2026-09-25 21:09:27.950] [SFX] {"sound": "civ_move_2", "volume": 0.09}
[2026-09-25 21:09:27.999] [SFX] {"sound": "civ_move_1", "volume": 0.09}
[2026-09-25 21:09:28.081] [SFX] {"sound": "civ_move_2", "volume": 0.29}
[2026-09-25 21:09:28.147] [M] {"button": 1, "pos": [358, 223], "ui_clicked": true}
[2026-09-25 21:09:28.183] [SFX] {"sound": "player_move", "volume": 0.4}
[2026-09-25 21:09:28.299] [SFX] {"sound": "civ_move_2", "volume": 0.09}
[2026-09-25 21:09:28.300] [SFX] {"sound": "civ_move_1", "volume": 0.02}
[2026-09-25 21:09:28.365] [SFX] {"sound": "civ_move_2", "volume": 0.08}
[2026-09-25 21:09:28.400] [SFX] {"sound": "civ_move_1", "volume": 0.09}
[2026-09-25 21:09:28.421] [SFX] {"sound": "threat_pulse", "volume": 0.4}
[2026-09-25 21:09:28.482] [SFX] {"sound": "civ_move_2", "volume": 0.24}
[2026-09-25 21:09:28.505] [SFX] {"sound": "player_move", "volume": 0.4}
[2026-09-25 21:09:28.533] [SFX] {"sound": "infiltrate 1", "volume": 0.5}
[2026-09-25 21:09:28.700] [SFX] {"sound": "civ_move_2", "volume": 0.1}
[2026-09-25 21:09:28.701] [SFX] {"sound": "civ_move_1", "volume": 0.01}
[2026-09-25 21:09:28.770] [SFX] {"sound": "civ_move_2", "volume": 0.07}
[2026-09-25 21:09:28.820] [SFX] {"sound": "player_move", "volume": 0.4}
[2026-09-25 21:09:28.821] [SFX] {"sound": "civ_move_1", "volume": 0.09}
[2026-09-25 21:09:28.822] [C] {"civ_pos": [104, 84]}
[2026-09-25 21:09:28.896] [SFX] {"sound": "civ_move_2", "volume": 0.3}
[2026-09-25 21:09:29.100] [SFX] {"sound": "civ_move_2", "volume": 0.09}
[2026-09-25 21:09:29.133] [SFX] {"sound": "player_move", "volume": 0.4}
[2026-09-25 21:09:29.185] [SFX] {"sound": "civ_move_2", "volume": 0.07}
[2026-09-25 21:09:29.218] [SFX] {"sound": "threat_pulse", "volume": 0.41}
[2026-09-25 21:09:29.240] [SFX] {"sound": "civ_move_1", "volume": 0.09}
[2026-09-25 21:09:29.301] [SFX] {"sound": "civ_move_2", "volume": 0.29}
[2026-09-25 21:09:29.302] [SFX] {"sound": "civ_move_1", "volume": 0.01}
[2026-09-25 21:09:29.437] [SFX] {"sound": "player_move", "volume": 0.4}
[2026-09-25 21:09:29.502] [SFX] {"sound": "civ_move_2", "volume": 0.1}
[2026-09-25 21:09:29.600] [SFX] {"sound": "civ_move_2", "volume": 0.05}
[2026-09-25 21:09:29.634] [SFX] {"sound": "civ_move_1", "volume": 0.09}
[2026-09-25 21:09:29.701] [SFX] {"sound": "civ_move_1", "volume": 0.02}
[2026-09-25 21:09:29.917] [SFX] {"sound": "civ_move_2", "volume": 0.11}
[2026-09-25 21:09:30.003] [SFX] {"sound": "civ_move_2", "volume": 0.05}
[2026-09-25 21:09:30.025] [SFX] {"sound": "threat_pulse", "volume": 0.42}
[2026-09-25 21:09:30.042] [SFX] {"sound": "civ_move_1", "volume": 0.09}
[2026-09-25 21:09:30.103] [SFX] {"sound": "civ_move_1", "volume": 0.03}
[2026-09-25 21:09:30.137] [SFX] {"sound": "civ_move_2", "volume": 0.08}
[2026-09-25 21:09:30.334] [SFX] {"sound": "civ_move_2", "volume": 0.12}
[2026-09-25 21:09:30.419] [SFX] {"sound": "civ_move_2", "volume": 0.04}
[2026-09-25 21:09:30.453] [SFX] {"sound": "civ_move_1", "volume": 0.11}
[2026-09-25 21:09:30.503] [SFX] {"sound": "civ_move_1", "volume": 0.05}
[2026-09-25 21:09:30.551] [SFX] {"sound": "civ_move_2", "volume": 0.08}
[2026-09-25 21:09:30.749] [SFX] {"sound": "civ_move_2", "volume": 0.13}
[2026-09-25 21:09:30.831] [SFX] {"sound": "civ_move_2", "volume": 0.04}
[2026-09-25 21:09:30.832] [SFX] {"sound": "threat_pulse", "volume": 0.38}
[2026-09-25 21:09:30.863] [SFX] {"sound": "civ_move_1", "volume": 0.11}
[2026-09-25 21:09:30.913] [SFX] {"sound": "civ_move_1", "volume": 0.06}
[2026-09-25 21:09:30.964] [SFX] {"sound": "civ_move_2", "volume": 0.07}
[2026-09-25 21:09:31.152] [SFX] {"sound": "civ_move_2", "volume": 0.14}
[2026-09-25 21:09:31.234] [SFX] {"sound": "civ_move_2", "volume": 0.03}
[2026-09-25 21:09:31.269] [SFX] {"sound": "civ_move_1", "volume": 0.11}
[2026-09-25 21:09:31.317] [SFX] {"sound": "civ_move_1", "volume": 0.07}
[2026-09-25 21:09:31.386] [SFX] {"sound": "civ_move_2", "volume": 0.06}
[2026-09-25 21:09:31.554] [SFX] {"sound": "civ_move_2", "volume": 0.15}
[2026-09-25 21:09:31.638] [SFX] {"sound": "civ_move_2", "volume": 0.02}
[2026-09-25 21:09:31.639] [SFX] {"sound": "threat_pulse", "volume": 0.34}
[2026-09-25 21:09:31.671] [SFX] {"sound": "civ_move_1", "volume": 0.1}
[2026-09-25 21:09:31.722] [SFX] {"sound": "civ_move_1", "volume": 0.08}
[2026-09-25 21:09:31.788] [SFX] {"sound": "civ_move_2", "volume": 0.06}
[2026-09-25 21:09:31.970] [SFX] {"sound": "civ_move_2", "volume": 0.16}
[2026-09-25 21:09:32.053] [SFX] {"sound": "civ_move_2", "volume": 0.02}
[2026-09-25 21:09:32.085] [SFX] {"sound": "civ_move_1", "volume": 0.1}
[2026-09-25 21:09:32.135] [SFX] {"sound": "civ_move_1", "volume": 0.09}
[2026-09-25 21:09:32.167] [M] {"button": 1, "pos": [339, 184], "ui_clicked": false}
[2026-09-25 21:09:32.174] [P] {"start": [102, 83], "goal": [104, 83], "length": 3, "is_direction_change": false}
[2026-09-25 21:09:32.175] [SFX] {"sound": "click_target", "volume": 0.76}
[2026-09-25 21:09:32.224] [SFX] {"sound": "civ_move_2", "volume": 0.05}
[2026-09-25 21:09:32.305] [SFX] {"sound": "player_move", "volume": 0.4}
[2026-09-25 21:09:32.371] [SFX] {"sound": "civ_move_2", "volume": 0.17}
[2026-09-25 21:09:32.453] [SFX] {"sound": "civ_move_2", "volume": 0.01}
[2026-09-25 21:09:32.487] [SFX] {"sound": "civ_move_1", "volume": 0.11}
[2026-09-25 21:09:32.536] [SFX] {"sound": "civ_move_1", "volume": 0.09}
[2026-09-25 21:09:32.636] [SFX] {"sound": "civ_move_2", "volume": 0.07}
[2026-09-25 21:09:32.784] [SFX] {"sound": "civ_move_2", "volume": 0.18}
[2026-09-25 21:09:32.865] [SFX] {"sound": "civ_move_2", "volume": 0.01}
[2026-09-25 21:09:32.899] [SFX] {"sound": "civ_move_1", "volume": 0.1}
[2026-09-25 21:09:32.952] [SFX] {"sound": "civ_move_1", "volume": 0.11}
[2026-09-25 21:09:33.037] [SFX] {"sound": "civ_move_2", "volume": 0.08}
[2026-09-25 21:09:33.187] [SFX] {"sound": "civ_move_2", "volume": 0.18}
[2026-09-25 21:09:33.304] [SFX] {"sound": "civ_move_1", "volume": 0.09}
[2026-09-25 21:09:33.354] [SFX] {"sound": "civ_move_1", "volume": 0.12}
[2026-09-25 21:09:33.440] [SFX] {"sound": "civ_move_2", "volume": 0.09}
[2026-09-25 21:09:33.592] [SFX] {"sound": "civ_move_2", "volume": 0.16}
[2026-09-25 21:09:33.707] [SFX] {"sound": "civ_move_1", "volume": 0.08}
[2026-09-25 21:09:33.759] [SFX] {"sound": "civ_move_1", "volume": 0.13}
[2026-09-25 21:09:33.844] [SFX] {"sound": "civ_move_2", "volume": 0.1}
[2026-09-25 21:09:33.995] [SFX] {"sound": "civ_move_2", "volume": 0.15}
[2026-09-25 21:09:34.112] [SFX] {"sound": "civ_move_1", "volume": 0.07}
[2026-09-25 21:09:34.164] [SFX] {"sound": "civ_move_1", "volume": 0.14}
[2026-09-25 21:09:34.248] [SFX] {"sound": "civ_move_2", "volume": 0.11}
[2026-09-25 21:09:34.298] [M] {"button": 1, "pos": [415, 75], "ui_clicked": false}
[2026-09-25 21:09:34.306] [P] {"start": [104, 83], "goal": [109, 76], "length": 6, "is_direction_change": false}
[2026-09-25 21:09:34.307] [SFX] {"sound": "click_target", "volume": 0.8}
[2026-09-25 21:09:34.344] [JACK] Vorsichtig vorantasten...
[2026-09-25 21:09:34.405] [SFX] {"sound": "civ_move_2", "volume": 0.15}
[2026-09-25 21:09:34.518] [SFX] {"sound": "player_move", "volume": 0.4}
[2026-09-25 21:09:34.519] [SFX] {"sound": "civ_move_1", "volume": 0.08}
[2026-09-25 21:09:34.566] [SFX] {"sound": "civ_move_1", "volume": 0.14}
[2026-09-25 21:09:34.649] [SFX] {"sound": "civ_move_2", "volume": 0.15}
[2026-09-25 21:09:34.815] [SFX] {"sound": "civ_move_2", "volume": 0.14}
[2026-09-25 21:09:34.837] [SFX] {"sound": "player_move", "volume": 0.4}
[2026-09-25 21:09:34.918] [SFX] {"sound": "civ_move_1", "volume": 0.06}
[2026-09-25 21:09:34.970] [SFX] {"sound": "civ_move_1", "volume": 0.16}
[2026-09-25 21:09:34.971] [SFX] {"sound": "civ_move_1", "volume": 0.0}
[2026-09-25 21:09:35.054] [SFX] {"sound": "civ_move_2", "volume": 0.17}
[2026-09-25 21:09:35.137] [SFX] {"sound": "player_move", "volume": 0.4}
[2026-09-25 21:09:35.220] [SFX] {"sound": "civ_move_2", "volume": 0.16}
[2026-09-25 21:09:35.320] [SFX] {"sound": "civ_move_1", "volume": 0.08}
[2026-09-25 21:09:35.385] [SFX] {"sound": "civ_move_1", "volume": 0.15}
[2026-09-25 21:09:35.470] [SFX] {"sound": "civ_move_2", "volume": 0.2}
[2026-09-25 21:09:35.621] [SFX] {"sound": "civ_move_2", "volume": 0.13}
[2026-09-25 21:09:35.721] [SFX] {"sound": "civ_move_1", "volume": 0.08}
[2026-09-25 21:09:35.788] [SFX] {"sound": "civ_move_1", "volume": 0.16}
[2026-09-25 21:09:35.872] [SFX] {"sound": "civ_move_2", "volume": 0.21}
[2026-09-25 21:09:36.021] [SFX] {"sound": "civ_move_2", "volume": 0.13}
[2026-09-25 21:09:36.122] [SFX] {"sound": "civ_move_1", "volume": 0.08}
[2026-09-25 21:09:36.189] [SFX] {"sound": "civ_move_1", "volume": 0.17}
[2026-09-25 21:09:36.190] [SFX] {"sound": "civ_move_1", "volume": 0.01}
[2026-09-25 21:09:36.191] [SFX] {"sound": "civ_move_2", "volume": 0.0}
[2026-09-25 21:09:36.288] [SFX] {"sound": "civ_move_2", "volume": 0.22}
[2026-09-25 21:09:36.423] [SFX] {"sound": "civ_move_2", "volume": 0.12}
[2026-09-25 21:09:36.525] [SFX] {"sound": "civ_move_1", "volume": 0.08}
[2026-09-25 21:09:36.590] [SFX] {"sound": "civ_move_1", "volume": 0.18}
[2026-09-25 21:09:36.591] [SFX] {"sound": "civ_move_1", "volume": 0.02}
[2026-09-25 21:09:36.591] [SFX] {"sound": "civ_move_2", "volume": 0.01}
[2026-09-25 21:09:36.689] [SFX] {"sound": "civ_move_2", "volume": 0.23}
[2026-09-25 21:09:36.838] [SFX] {"sound": "civ_move_2", "volume": 0.12}
[2026-09-25 21:09:36.938] [SFX] {"sound": "civ_move_1", "volume": 0.07}
[2026-09-25 21:09:37.006] [SFX] {"sound": "civ_move_1", "volume": 0.2}
[2026-09-25 21:09:37.006] [SFX] {"sound": "civ_move_1", "volume": 0.03}
[2026-09-25 21:09:37.007] [SFX] {"sound": "civ_move_2", "volume": 0.02}
[2026-09-25 21:09:37.104] [SFX] {"sound": "civ_move_2", "volume": 0.24}
[2026-09-25 21:09:37.239] [SFX] {"sound": "civ_move_2", "volume": 0.12}
[2026-09-25 21:09:37.339] [SFX] {"sound": "civ_move_1", "volume": 0.07}
[2026-09-25 21:09:37.406] [SFX] {"sound": "civ_move_1", "volume": 0.2}
[2026-09-25 21:09:37.407] [SFX] {"sound": "civ_move_1", "volume": 0.05}
[2026-09-25 21:09:37.408] [SFX] {"sound": "civ_move_2", "volume": 0.03}
[2026-09-25 21:09:37.504] [SFX] {"sound": "civ_move_2", "volume": 0.26}
[2026-09-25 21:09:37.639] [SFX] {"sound": "civ_move_2", "volume": 0.11}
[2026-09-25 21:09:37.739] [SFX] {"sound": "civ_move_1", "volume": 0.06}
[2026-09-25 21:09:37.809] [SFX] {"sound": "civ_move_2", "volume": 0.04}
[2026-09-25 21:09:37.910] [SFX] {"sound": "civ_move_2", "volume": 0.27}
[2026-09-25 21:09:38.043] [SFX] {"sound": "civ_move_2", "volume": 0.11}
[2026-09-25 21:09:38.144] [SFX] {"sound": "civ_move_1", "volume": 0.06}
[2026-09-25 21:09:38.211] [SFX] {"sound": "civ_move_1", "volume": 0.07}
[2026-09-25 21:09:38.212] [SFX] {"sound": "civ_move_2", "volume": 0.05}
[2026-09-25 21:09:38.314] [SFX] {"sound": "civ_move_2", "volume": 0.28}
[2026-09-25 21:09:38.446] [SFX] {"sound": "civ_move_2", "volume": 0.1}
[2026-09-25 21:09:38.547] [SFX] {"sound": "civ_move_1", "volume": 0.05}
[2026-09-25 21:09:38.615] [SFX] {"sound": "civ_move_1", "volume": 0.08}
[2026-09-25 21:09:38.616] [SFX] {"sound": "civ_move_2", "volume": 0.05}
[2026-09-25 21:09:38.649] [C] {"civ_pos": [109, 74]}
[2026-09-25 21:09:38.722] [SFX] {"sound": "civ_move_2", "volume": 0.28}
[2026-09-25 21:09:38.855] [SFX] {"sound": "civ_move_2", "volume": 0.1}
[2026-09-25 21:09:38.955] [SFX] {"sound": "civ_move_1", "volume": 0.05}
[2026-09-25 21:09:39.023] [SFX] {"sound": "civ_move_1", "volume": 0.09}
[2026-09-25 21:09:39.024] [SFX] {"sound": "civ_move_2", "volume": 0.06}
[2026-09-25 21:09:39.123] [SFX] {"sound": "civ_move_2", "volume": 0.28}
[2026-09-25 21:09:39.258] [SFX] {"sound": "civ_move_2", "volume": 0.09}
[2026-09-25 21:09:39.308] [M] {"button": 1, "pos": [338, 149], "ui_clicked": false}
[2026-09-25 21:09:39.316] [JACK] JACK // RUNS ANONYMOUS RELAYS. KEEPS HIS TRAFFIC NOISY TO BLUR HIS FOOTSTEPS.
[2026-09-25 21:09:39.317] [SFX] {"sound": "click_target", "volume": 0.95}
[2026-09-25 21:09:39.363] [SFX] {"sound": "civ_move_1", "volume": 0.04}
[2026-09-25 21:09:39.431] [SFX] {"sound": "civ_move_1", "volume": 0.12}
[2026-09-25 21:09:39.431] [SFX] {"sound": "civ_move_2", "volume": 0.06}
[2026-09-25 21:09:39.466] [SFX] {"sound": "threat_pulse", "volume": 0.3}
[2026-09-25 21:09:39.533] [SFX] {"sound": "civ_move_2", "volume": 0.29}
[2026-09-25 21:09:39.617] [SFX] {"sound": "player_move", "volume": 0.4}
[2026-09-25 21:09:39.668] [SFX] {"sound": "civ_move_2", "volume": 0.07}
[2026-09-25 21:09:39.769] [SFX] {"sound": "civ_move_1", "volume": 0.02}
[2026-09-25 21:09:39.836] [SFX] {"sound": "civ_move_1", "volume": 0.11}
[2026-09-25 21:09:39.837] [SFX] {"sound": "civ_move_2", "volume": 0.06}
[2026-09-25 21:09:39.919] [SFX] {"sound": "player_move", "volume": 0.4}
[2026-09-25 21:09:39.941] [SFX] {"sound": "civ_move_2", "volume": 0.29}
[2026-09-25 21:09:40.068] [SFX] {"sound": "civ_move_2", "volume": 0.06}
[2026-09-25 21:09:40.170] [SFX] {"sound": "civ_move_1", "volume": 0.01}
[2026-09-25 21:09:40.235] [SFX] {"sound": "player_move", "volume": 0.4}
[2026-09-25 21:09:40.258] [SFX] {"sound": "civ_move_1", "volume": 0.13}
[2026-09-25 21:09:40.259] [SFX] {"sound": "civ_move_2", "volume": 0.05}
[2026-09-25 21:09:40.340] [SFX] {"sound": "civ_move_2", "volume": 0.29}
[2026-09-25 21:09:40.374] [SFX] {"sound": "threat_pulse", "volume": 0.31}
[2026-09-25 21:09:40.476] [SFX] {"sound": "civ_move_2", "volume": 0.04}
[2026-09-25 21:09:40.544] [SFX] {"sound": "player_move", "volume": 0.4}
[2026-09-25 21:09:40.612] [M] {"button": 1, "pos": [365, 218], "ui_clicked": true}
[2026-09-25 21:09:40.654] [SFX] {"sound": "civ_move_1", "volume": 0.15}
[2026-09-25 21:09:40.655] [SFX] {"sound": "civ_move_2", "volume": 0.05}
[2026-09-25 21:09:40.752] [SFX] {"sound": "civ_move_2", "volume": 0.29}
[2026-09-25 21:09:40.775] [SFX] {"sound": "infiltrate 2", "volume": 0.5}
[2026-09-25 21:09:40.851] [SFX] {"sound": "player_move", "volume": 0.4}
[2026-09-25 21:09:40.886] [SFX] {"sound": "civ_move_2", "volume": 0.03}
[2026-09-25 21:09:41.054] [SFX] {"sound": "civ_move_1", "volume": 0.17}
[2026-09-25 21:09:41.055] [SFX] {"sound": "civ_move_2", "volume": 0.05}
[2026-09-25 21:09:41.155] [SFX] {"sound": "player_move", "volume": 0.4}
[2026-09-25 21:09:41.156] [SFX] {"sound": "civ_move_2", "volume": 0.29}
[2026-09-25 21:09:41.156] [C] {"civ_pos": [99, 74]}
[2026-09-25 21:09:41.198] [SFX] {"sound": "infiltrate 1", "volume": 0.5}
[2026-09-25 21:09:41.278] [SFX] {"sound": "threat_pulse", "volume": 0.32}
[2026-09-25 21:09:41.300] [SFX] {"sound": "civ_move_2", "volume": 0.01}
[2026-09-25 21:09:41.462] [SFX] {"sound": "player_move", "volume": 0.4}
[2026-09-25 21:09:41.463] [SFX] {"sound": "civ_move_1", "volume": 0.19}
[2026-09-25 21:09:41.464] [SFX] {"sound": "civ_move_2", "volume": 0.05}
[2026-09-25 21:09:41.562] [SFX] {"sound": "civ_move_2", "volume": 0.29}
[2026-09-25 21:09:41.584] [SFX] {"sound": "infiltrate 1", "volume": 0.5}
[2026-09-25 21:09:41.698] [SFX] {"sound": "civ_move_2", "volume": 0.0}
[2026-09-25 21:09:41.765] [SFX] {"sound": "player_move", "volume": 0.4}
[2026-09-25 21:09:41.864] [SFX] {"sound": "civ_move_1", "volume": 0.21}
[2026-09-25 21:09:41.865] [SFX] {"sound": "civ_move_2", "volume": 0.04}
[2026-09-25 21:09:41.965] [SFX] {"sound": "civ_move_2", "volume": 0.29}
[2026-09-25 21:09:41.988] [SFX] {"sound": "infiltrate 2", "volume": 0.5}
[2026-09-25 21:09:42.065] [SFX] {"sound": "player_move", "volume": 0.4}
[2026-09-25 21:09:42.182] [SFX] {"sound": "threat_pulse", "volume": 0.33}
[2026-09-25 21:09:42.279] [SFX] {"sound": "civ_move_1", "volume": 0.22}
[2026-09-25 21:09:42.280] [SFX] {"sound": "civ_move_2", "volume": 0.04}
[2026-09-25 21:09:42.365] [SFX] {"sound": "player_move", "volume": 0.4}
[2026-09-25 21:09:42.366] [SFX] {"sound": "civ_move_2", "volume": 0.24}
[2026-09-25 21:09:42.387] [SFX] {"sound": "infiltrate 1", "volume": 0.5}
[2026-09-25 21:09:42.670] [SFX] {"sound": "player_move", "volume": 0.4}
[2026-09-25 21:09:42.695] [SFX] {"sound": "civ_move_1", "volume": 0.24}
[2026-09-25 21:09:42.697] [SFX] {"sound": "civ_move_2", "volume": 0.04}
[2026-09-25 21:09:42.780] [SFX] {"sound": "civ_move_2", "volume": 0.3}
[2026-09-25 21:09:42.946] [SFX] {"sound": "civ_move_1", "volume": 0.28}
[2026-09-25 21:09:42.979] [SFX] {"sound": "player_move", "volume": 0.4}
[2026-09-25 21:09:43.096] [SFX] {"sound": "civ_move_1", "volume": 0.28}
[2026-09-25 21:09:43.097] [SFX] {"sound": "civ_move_2", "volume": 0.04}
[2026-09-25 21:09:43.098] [SFX] {"sound": "threat_pulse", "volume": 0.34}
[2026-09-25 21:09:43.181] [SFX] {"sound": "civ_move_2", "volume": 0.29}
[2026-09-25 21:09:43.296] [SFX] {"sound": "player_move", "volume": 0.4}
[2026-09-25 21:09:43.346] [SFX] {"sound": "civ_move_1", "volume": 0.28}
[2026-09-25 21:09:43.509] [SFX] {"sound": "civ_move_1", "volume": 0.27}
[2026-09-25 21:09:43.510] [SFX] {"sound": "civ_move_2", "volume": 0.03}
[2026-09-25 21:09:43.595] [SFX] {"sound": "civ_move_2", "volume": 0.29}
[2026-09-25 21:09:43.617] [SFX] {"sound": "player_move", "volume": 0.4}
[2026-09-25 21:09:43.665] [C] {"civ_pos": [91, 76]}
[2026-09-25 21:09:43.775] [SFX] {"sound": "civ_move_1", "volume": 0.27}
[2026-09-25 21:09:43.909] [SFX] {"sound": "civ_move_1", "volume": 0.24}
[2026-09-25 21:09:43.910] [SFX] {"sound": "civ_move_2", "volume": 0.02}
[2026-09-25 21:09:43.931] [SFX] {"sound": "player_move", "volume": 0.4}
[2026-09-25 21:09:44.009] [SFX] {"sound": "civ_move_2", "volume": 0.29}
[2026-09-25 21:09:44.010] [SFX] {"sound": "threat_pulse", "volume": 0.36}
[2026-09-25 21:09:44.179] [SFX] {"sound": "civ_move_1", "volume": 0.24}
[2026-09-25 21:09:44.229] [SFX] {"sound": "player_move", "volume": 0.4}
[2026-09-25 21:09:44.313] [SFX] {"sound": "civ_move_1", "volume": 0.22}
[2026-09-25 21:09:44.314] [SFX] {"sound": "civ_move_2", "volume": 0.01}
[2026-09-25 21:09:44.413] [SFX] {"sound": "civ_move_2", "volume": 0.29}
[2026-09-25 21:09:44.532] [SFX] {"sound": "player_move", "volume": 0.4}
[2026-09-25 21:09:44.532] [SFX] {"sound": "civ_move_2", "volume": 0.26}
[2026-09-25 21:09:44.555] [SFX] {"sound": "civ_move_2", "volume": 0.01}
[2026-09-25 21:09:44.587] [SFX] {"sound": "civ_move_1", "volume": 0.22}
[2026-09-25 21:09:44.719] [SFX] {"sound": "civ_move_1", "volume": 0.2}
[2026-09-25 21:09:44.719] [SFX] {"sound": "civ_move_2", "volume": 0.0}
[2026-09-25 21:09:44.819] [SFX] {"sound": "civ_move_2", "volume": 0.29}
[2026-09-25 21:09:44.840] [SFX] {"sound": "player_move", "volume": 0.4}
[2026-09-25 21:09:44.920] [SFX] {"sound": "threat_pulse", "volume": 0.37}
[2026-09-25 21:09:44.942] [SFX] {"sound": "civ_move_2", "volume": 0.25}
[2026-09-25 21:09:44.960] [SFX] {"sound": "civ_move_2", "volume": 0.02}
[2026-09-25 21:09:44.992] [SFX] {"sound": "civ_move_1", "volume": 0.2}
[2026-09-25 21:09:45.122] [SFX] {"sound": "civ_move_1", "volume": 0.17}
[2026-09-25 21:09:45.123] [SFX] {"sound": "civ_move_2", "volume": 0.0}
[2026-09-25 21:09:45.145] [SFX] {"sound": "player_move", "volume": 0.4}
[2026-09-25 21:09:45.221] [SFX] {"sound": "civ_move_2", "volume": 0.29}
[2026-09-25 21:09:45.345] [JACK] Hörst du das Wummern? Sentinels in der Nähe... Bloß keinen falschen Schritt machen!
[2026-09-25 21:09:45.366] [SFX] {"sound": "civ_move_2", "volume": 0.05}
[2026-09-25 21:09:45.366] [SFX] {"sound": "civ_move_2", "volume": 0.23}
[2026-09-25 21:09:45.399] [SFX] {"sound": "civ_move_1", "volume": 0.17}
[2026-09-25 21:09:45.433] [M] {"button": 1, "pos": [288, 193], "ui_clicked": false}
[2026-09-25 21:09:45.441] [JACK] JACK // RUNS ANONYMOUS RELAYS. KEEPS HIS TRAFFIC NOISY TO BLUR HIS FOOTSTEPS.
[2026-09-25 21:09:45.442] [SFX] {"sound": "click_target", "volume": 0.77}
[2026-09-25 21:09:45.462] [SFX] {"sound": "player_move", "volume": 0.4}
[2026-09-25 21:09:45.529] [SFX] {"sound": "civ_move_1", "volume": 0.15}
[2026-09-25 21:09:45.529] [SFX] {"sound": "civ_move_2", "volume": 0.0}
[2026-09-25 21:09:45.631] [SFX] {"sound": "civ_move_2", "volume": 0.29}
[2026-09-25 21:09:45.763] [SFX] {"sound": "player_move", "volume": 0.4}
[2026-09-25 21:09:45.764] [SFX] {"sound": "civ_move_2", "volume": 0.06}
[2026-09-25 21:09:45.786] [SFX] {"sound": "civ_move_2", "volume": 0.2}
[2026-09-25 21:09:45.806] [SFX] {"sound": "civ_move_1", "volume": 0.15}
[2026-09-25 21:09:45.837] [SFX] {"sound": "threat_pulse", "volume": 0.38}
[2026-09-25 21:09:45.937] [SFX] {"sound": "civ_move_1", "volume": 0.13}
[2026-09-25 21:09:45.938] [SFX] {"sound": "civ_move_2", "volume": 0.0}
[2026-09-25 21:09:46.038] [SFX] {"sound": "civ_move_2", "volume": 0.29}
[2026-09-25 21:09:46.073] [SFX] {"sound": "player_move", "volume": 0.4}
[2026-09-25 21:09:46.174] [SFX] {"sound": "civ_move_2", "volume": 0.08}
[2026-09-25 21:09:46.174] [C] {"civ_pos": [81, 76]}
[2026-09-25 21:09:46.217] [SFX] {"sound": "civ_move_2", "volume": 0.18}
[2026-09-25 21:09:46.237] [SFX] {"sound": "civ_move_1", "volume": 0.12}
[2026-09-25 21:09:46.352] [SFX] {"sound": "civ_move_1", "volume": 0.11}
[2026-09-25 21:09:46.352] [SFX] {"sound": "civ_move_2", "volume": 0.0}
[2026-09-25 21:09:46.385] [SFX] {"sound": "player_move", "volume": 0.4}
[2026-09-25 21:09:46.452] [SFX] {"sound": "civ_move_2", "volume": 0.29}
[2026-09-25 21:09:46.469] [M] {"button": 1, "pos": [300, 192], "ui_clicked": false}
[2026-09-25 21:09:46.477] [SFX] {"sound": "click_target", "volume": 0.78}
[2026-09-25 21:09:46.587] [SFX] {"sound": "civ_move_2", "volume": 0.09}
[2026-09-25 21:09:46.611] [SFX] {"sound": "civ_move_2", "volume": 0.15}
[2026-09-25 21:09:46.641] [SFX] {"sound": "civ_move_1", "volume": 0.11}
[2026-09-25 21:09:46.641] [SFX] {"sound": "threat_pulse", "volume": 0.39}
[2026-09-25 21:09:46.688] [SFX] {"sound": "player_move", "volume": 0.4}
[2026-09-25 21:09:46.754] [SFX] {"sound": "civ_move_1", "volume": 0.09}
[2026-09-25 21:09:46.755] [SFX] {"sound": "civ_move_2", "volume": 0.0}
[2026-09-25 21:09:46.853] [SFX] {"sound": "civ_move_2", "volume": 0.29}
[2026-09-25 21:09:46.999] [SFX] {"sound": "player_move", "volume": 0.4}
[2026-09-25 21:09:46.999] [SFX] {"sound": "civ_move_2", "volume": 0.09}
[2026-09-25 21:09:47.022] [SFX] {"sound": "civ_move_2", "volume": 0.13}
[2026-09-25 21:09:47.052] [SFX] {"sound": "civ_move_1", "volume": 0.09}
[2026-09-25 21:09:47.169] [SFX] {"sound": "civ_move_1", "volume": 0.06}
[2026-09-25 21:09:47.170] [SFX] {"sound": "civ_move_2", "volume": 0.0}
[2026-09-25 21:09:47.269] [SFX] {"sound": "civ_move_2", "volume": 0.29}
[2026-09-25 21:09:47.302] [SFX] {"sound": "player_move", "volume": 0.4}
[2026-09-25 21:09:47.399] [SFX] {"sound": "civ_move_2", "volume": 0.1}
[2026-09-25 21:09:47.416] [M] {"button": 1, "pos": [362, 221], "ui_clicked": true}
[2026-09-25 21:09:47.447] [SFX] {"sound": "civ_move_2", "volume": 0.11}
[2026-09-25 21:09:47.467] [SFX] {"sound": "civ_move_1", "volume": 0.06}
[2026-09-25 21:09:47.468] [SFX] {"sound": "threat_pulse", "volume": 0.4}
[2026-09-25 21:09:47.564] [SFX] {"sound": "infiltrate 1", "volume": 0.5}
[2026-09-25 21:09:47.586] [SFX] {"sound": "civ_move_1", "volume": 0.04}
[2026-09-25 21:09:47.618] [SFX] {"sound": "player_move", "volume": 0.4}
[2026-09-25 21:09:47.682] [SFX] {"sound": "civ_move_2", "volume": 0.02}
[2026-09-25 21:09:47.683] [SFX] {"sound": "civ_move_2", "volume": 0.29}
[2026-09-25 21:09:47.799] [SFX] {"sound": "civ_move_2", "volume": 0.11}
[2026-09-25 21:09:47.832] [SFX] {"sound": "civ_move_2", "volume": 0.08}
[2026-09-25 21:09:47.865] [SFX] {"sound": "civ_move_1", "volume": 0.04}
[2026-09-25 21:09:47.933] [SFX] {"sound": "player_move", "volume": 0.4}
[2026-09-25 21:09:47.966] [SFX] {"sound": "infiltrate 1", "volume": 0.5}
[2026-09-25 21:09:47.988] [SFX] {"sound": "civ_move_1", "volume": 0.02}
[2026-09-25 21:09:48.083] [SFX] {"sound": "civ_move_2", "volume": 0.03}
[2026-09-25 21:09:48.083] [SFX] {"sound": "civ_move_2", "volume": 0.29}
[2026-09-25 21:09:48.115] [SFX] {"sound": "civ_move_2", "volume": 0.08}
[2026-09-25 21:09:48.214] [SFX] {"sound": "civ_move_2", "volume": 0.11}
[2026-09-25 21:09:48.247] [SFX] {"sound": "player_move", "volume": 0.4}
[2026-09-25 21:09:48.248] [SFX] {"sound": "civ_move_2", "volume": 0.06}
[2026-09-25 21:09:48.272] [SFX] {"sound": "threat_pulse", "volume": 0.41}
[2026-09-25 21:09:48.289] [SFX] {"sound": "civ_move_1", "volume": 0.01}
[2026-09-25 21:09:48.368] [SFX] {"sound": "infiltrate 1", "volume": 0.5}
[2026-09-25 21:09:48.489] [SFX] {"sound": "civ_move_2", "volume": 0.04}
[2026-09-25 21:09:48.489] [SFX] {"sound": "civ_move_2", "volume": 0.29}
[2026-09-25 21:09:48.523] [SFX] {"sound": "civ_move_2", "volume": 0.07}
[2026-09-25 21:09:48.556] [SFX] {"sound": "player_move", "volume": 0.4}
[2026-09-25 21:09:48.623] [SFX] {"sound": "civ_move_2", "volume": 0.12}
[2026-09-25 21:09:48.655] [SFX] {"sound": "civ_move_2", "volume": 0.05}
[2026-09-25 21:09:48.687] [C] {"civ_pos": [71, 76]}
[2026-09-25 21:09:48.781] [SFX] {"sound": "infiltrate 1", "volume": 0.5}
[2026-09-25 21:09:48.865] [SFX] {"sound": "player_move", "volume": 0.4}
[2026-09-25 21:09:48.899] [SFX] {"sound": "civ_move_2", "volume": 0.06}
[2026-09-25 21:09:48.900] [SFX] {"sound": "civ_move_2", "volume": 0.29}
[2026-09-25 21:09:48.933] [SFX] {"sound": "civ_move_2", "volume": 0.06}
[2026-09-25 21:09:49.035] [SFX] {"sound": "civ_move_2", "volume": 0.12}
[2026-09-25 21:09:49.068] [SFX] {"sound": "civ_move_2", "volume": 0.02}
[2026-09-25 21:09:49.069] [SFX] {"sound": "threat_pulse", "volume": 0.42}
[2026-09-25 21:09:49.169] [SFX] {"sound": "player_move", "volume": 0.4}
[2026-09-25 21:09:49.191] [SFX] {"sound": "infiltrate 2", "volume": 0.5}
[2026-09-25 21:09:49.302] [SFX] {"sound": "civ_move_2", "volume": 0.07}
[2026-09-25 21:09:49.303] [SFX] {"sound": "civ_move_2", "volume": 0.29}
[2026-09-25 21:09:49.351] [SFX] {"sound": "civ_move_2", "volume": 0.05}
[2026-09-25 21:09:49.449] [SFX] {"sound": "civ_move_2", "volume": 0.12}
[2026-09-25 21:09:49.483] [SFX] {"sound": "player_move", "volume": 0.4}
[2026-09-25 21:09:49.585] [SFX] {"sound": "infiltrate 2", "volume": 0.5}
[2026-09-25 21:09:49.702] [SFX] {"sound": "civ_move_2", "volume": 0.08}
[2026-09-25 21:09:49.703] [SFX] {"sound": "civ_move_2", "volume": 0.29}
[2026-09-25 21:09:49.751] [SFX] {"sound": "civ_move_2", "volume": 0.04}
[2026-09-25 21:09:49.783] [SFX] {"sound": "player_move", "volume": 0.4}
[2026-09-25 21:09:49.853] [SFX] {"sound": "civ_move_2", "volume": 0.13}
[2026-09-25 21:09:49.876] [SFX] {"sound": "threat_pulse", "volume": 0.43}
[2026-09-25 21:09:49.986] [SFX] {"sound": "infiltrate 1", "volume": 0.5}
[2026-09-25 21:09:50.084] [SFX] {"sound": "player_move", "volume": 0.4}
[2026-09-25 21:09:50.118] [SFX] {"sound": "civ_move_2", "volume": 0.1}
[2026-09-25 21:09:50.119] [SFX] {"sound": "civ_move_2", "volume": 0.29}
[2026-09-25 21:09:50.151] [SFX] {"sound": "civ_move_2", "volume": 0.04}
[2026-09-25 21:09:50.268] [SFX] {"sound": "civ_move_2", "volume": 0.14}
[2026-09-25 21:09:50.385] [SFX] {"sound": "player_move", "volume": 0.4}
[2026-09-25 21:09:50.386] [SFX] {"sound": "infiltrate 2", "volume": 0.5}
[2026-09-25 21:09:50.435] [SFX] {"sound": "hack_success", "volume": 1.0}
[2026-09-25 21:09:50.436] [JACK] JACK // STOLE 2 DATA FROM NYX VANE (DATA COURIER). TARGET FLEEING TO GUARD SPOT!
[2026-09-25 21:09:50.437] [JACK] JACK // RUNS ANONYMOUS RELAYS. KEEPS HIS TRAFFIC NOISY TO BLUR HIS FOOTSTEPS.
[2026-09-25 21:09:50.519] [SFX] {"sound": "civ_move_2", "volume": 0.11}
[2026-09-25 21:09:50.519] [SFX] {"sound": "civ_move_2", "volume": 0.29}
[2026-09-25 21:09:50.553] [SFX] {"sound": "civ_move_2", "volume": 0.03}
[2026-09-25 21:09:50.576] [SFX] {"sound": "threat_pulse", "volume": 0.43}
[2026-09-25 21:09:50.669] [SFX] {"sound": "civ_move_2", "volume": 0.16}
[2026-09-25 21:09:50.934] [SFX] {"sound": "civ_move_2", "volume": 0.11}
[2026-09-25 21:09:50.935] [SFX] {"sound": "civ_move_2", "volume": 0.28}
[2026-09-25 21:09:50.967] [SFX] {"sound": "civ_move_2", "volume": 0.04}
[2026-09-25 21:09:51.083] [SFX] {"sound": "civ_move_2", "volume": 0.16}
[2026-09-25 21:09:51.284] [SFX] {"sound": "threat_pulse", "volume": 0.39}
[2026-09-25 21:09:51.335] [SFX] {"sound": "civ_move_2", "volume": 0.12}
[2026-09-25 21:09:51.336] [SFX] {"sound": "civ_move_2", "volume": 0.28}
[2026-09-25 21:09:51.369] [SFX] {"sound": "civ_move_2", "volume": 0.04}
[2026-09-25 21:09:51.487] [SFX] {"sound": "civ_move_2", "volume": 0.15}
[2026-09-25 21:09:51.749] [SFX] {"sound": "civ_move_2", "volume": 0.12}
[2026-09-25 21:09:51.749] [SFX] {"sound": "civ_move_2", "volume": 0.26}
[2026-09-25 21:09:51.785] [SFX] {"sound": "civ_move_2", "volume": 0.04}
[2026-09-25 21:09:51.899] [SFX] {"sound": "civ_move_2", "volume": 0.15}
[2026-09-25 21:09:52.083] [SFX] {"sound": "threat_pulse", "volume": 0.35}
[2026-09-25 21:09:52.151] [SFX] {"sound": "civ_move_2", "volume": 0.12}
[2026-09-25 21:09:52.151] [SFX] {"sound": "civ_move_2", "volume": 0.25}
[2026-09-25 21:09:52.185] [SFX] {"sound": "civ_move_2", "volume": 0.05}
[2026-09-25 21:09:52.302] [SFX] {"sound": "civ_move_2", "volume": 0.15}
[2026-09-25 21:09:52.566] [SFX] {"sound": "civ_move_2", "volume": 0.12}
[2026-09-25 21:09:52.567] [SFX] {"sound": "civ_move_2", "volume": 0.24}
[2026-09-25 21:09:52.601] [SFX] {"sound": "civ_move_2", "volume": 0.05}
[2026-09-25 21:09:52.718] [SFX] {"sound": "civ_move_2", "volume": 0.17}
[2026-09-25 21:09:52.966] [SFX] {"sound": "civ_move_2", "volume": 0.12}
[2026-09-25 21:09:52.966] [SFX] {"sound": "civ_move_2", "volume": 0.23}
[2026-09-25 21:09:53.000] [SFX] {"sound": "civ_move_2", "volume": 0.06}
[2026-09-25 21:09:53.001] [SFX] {"sound": "threat_pulse", "volume": 0.31}
[2026-09-25 21:09:53.084] [M] {"button": 1, "pos": [146, 54], "ui_clicked": true}
[2026-09-25 21:09:53.124] [SFX] {"sound": "civ_move_2", "volume": 0.17}
[2026-09-25 21:09:53.370] [SFX] {"sound": "civ_move_2", "volume": 0.16}
[2026-09-25 21:09:53.370] [SFX] {"sound": "civ_move_2", "volume": 0.22}
[2026-09-25 21:09:53.403] [SFX] {"sound": "civ_move_2", "volume": 0.06}
[2026-09-25 21:09:53.535] [SFX] {"sound": "civ_move_2", "volume": 0.16}
[2026-09-25 21:09:53.772] [SFX] {"sound": "civ_move_2", "volume": 0.17}
[2026-09-25 21:09:53.772] [SFX] {"sound": "civ_move_2", "volume": 0.21}
[2026-09-25 21:09:53.804] [SFX] {"sound": "civ_move_2", "volume": 0.06}
[2026-09-25 21:09:53.935] [SFX] {"sound": "civ_move_2", "volume": 0.12}
[2026-09-25 21:09:54.117] [M] {"button": 1, "pos": [110, 13], "ui_clicked": true}
[2026-09-25 21:09:54.172] [SFX] {"sound": "civ_move_2", "volume": 0.16}
[2026-09-25 21:09:54.173] [SFX] {"sound": "civ_move_2", "volume": 0.19}
[2026-09-25 21:09:54.206] [SFX] {"sound": "civ_move_2", "volume": 0.06}
[2026-09-25 21:09:54.341] [SFX] {"sound": "civ_move_2", "volume": 0.12}
[2026-09-25 21:09:54.578] [SFX] {"sound": "civ_move_2", "volume": 0.15}
[2026-09-25 21:09:54.578] [SFX] {"sound": "civ_move_2", "volume": 0.18}
[2026-09-25 21:09:54.610] [SFX] {"sound": "civ_move_2", "volume": 0.08}
[2026-09-25 21:09:54.743] [SFX] {"sound": "civ_move_2", "volume": 0.12}
[2026-09-25 21:09:54.993] [SFX] {"sound": "civ_move_2", "volume": 0.15}
[2026-09-25 21:09:54.994] [SFX] {"sound": "civ_move_2", "volume": 0.17}
[2026-09-25 21:09:55.025] [SFX] {"sound": "civ_move_2", "volume": 0.09}
[2026-09-25 21:09:55.158] [SFX] {"sound": "civ_move_2", "volume": 0.12}
[2026-09-25 21:09:55.406] [SFX] {"sound": "civ_move_2", "volume": 0.16}
[2026-09-25 21:09:55.438] [SFX] {"sound": "civ_move_2", "volume": 0.11}
[2026-09-25 21:09:55.820] [SFX] {"sound": "civ_move_2", "volume": 0.16}
[2026-09-25 21:09:55.821] [SFX] {"sound": "civ_move_2", "volume": 0.14}
[2026-09-25 21:09:55.855] [SFX] {"sound": "civ_move_2", "volume": 0.12}
[2026-09-25 21:09:55.985] [SFX] {"sound": "civ_move_2", "volume": 0.11}
[2026-09-25 21:09:56.223] [SFX] {"sound": "civ_move_2", "volume": 0.16}
[2026-09-25 21:09:56.223] [SFX] {"sound": "civ_move_2", "volume": 0.13}
[2026-09-25 21:09:56.391] [SFX] {"sound": "civ_move_2", "volume": 0.11}
[2026-09-25 21:09:56.629] [SFX] {"sound": "civ_move_2", "volume": 0.14}
[2026-09-25 21:09:56.630] [SFX] {"sound": "civ_move_2", "volume": 0.12}
[2026-09-25 21:09:56.664] [SFX] {"sound": "civ_move_2", "volume": 0.14}
[2026-09-25 21:09:56.665] [SFX] {"sound": "civ_move_2", "volume": 0.09}
[2026-09-25 21:09:56.799] [SFX] {"sound": "civ_move_2", "volume": 0.1}
[2026-09-25 21:09:57.037] [SFX] {"sound": "civ_move_2", "volume": 0.14}
[2026-09-25 21:09:57.038] [SFX] {"sound": "civ_move_2", "volume": 0.11}
[2026-09-25 21:09:57.073] [SFX] {"sound": "civ_move_2", "volume": 0.16}
[2026-09-25 21:09:57.074] [SFX] {"sound": "civ_move_2", "volume": 0.09}
[2026-09-25 21:09:57.204] [SFX] {"sound": "civ_move_2", "volume": 0.1}
[2026-09-25 21:09:57.455] [SFX] {"sound": "civ_move_2", "volume": 0.15}
[2026-09-25 21:09:57.455] [SFX] {"sound": "civ_move_2", "volume": 0.1}
[2026-09-25 21:09:57.488] [SFX] {"sound": "civ_move_2", "volume": 0.17}
[2026-09-25 21:09:57.489] [SFX] {"sound": "civ_move_2", "volume": 0.08}
[2026-09-25 21:09:57.604] [SFX] {"sound": "civ_move_2", "volume": 0.09}
[2026-09-25 21:09:57.869] [SFX] {"sound": "civ_move_2", "volume": 0.16}
[2026-09-25 21:09:57.870] [SFX] {"sound": "civ_move_2", "volume": 0.08}
[2026-09-25 21:09:57.905] [SFX] {"sound": "civ_move_2", "volume": 0.18}
[2026-09-25 21:09:57.906] [SFX] {"sound": "civ_move_2", "volume": 0.07}
[2026-09-25 21:09:58.008] [SFX] {"sound": "civ_move_2", "volume": 0.08}
[2026-09-25 21:09:58.274] [SFX] {"sound": "civ_move_2", "volume": 0.17}
[2026-09-25 21:09:58.275] [SFX] {"sound": "civ_move_2", "volume": 0.07}
[2026-09-25 21:09:58.311] [SFX] {"sound": "civ_move_2", "volume": 0.19}
[2026-09-25 21:09:58.312] [SFX] {"sound": "civ_move_2", "volume": 0.06}
[2026-09-25 21:09:58.416] [SFX] {"sound": "civ_move_2", "volume": 0.08}
[2026-09-25 21:09:58.679] [SFX] {"sound": "civ_move_2", "volume": 0.18}
[2026-09-25 21:09:58.680] [SFX] {"sound": "civ_move_2", "volume": 0.06}
[2026-09-25 21:09:58.715] [SFX] {"sound": "civ_move_2", "volume": 0.21}
[2026-09-25 21:09:58.716] [SFX] {"sound": "civ_move_2", "volume": 0.06}
[2026-09-25 21:09:58.817] [SFX] {"sound": "civ_move_2", "volume": 0.07}
[2026-09-25 21:09:59.082] [SFX] {"sound": "civ_move_2", "volume": 0.19}
[2026-09-25 21:09:59.082] [SFX] {"sound": "civ_move_2", "volume": 0.05}
[2026-09-25 21:09:59.116] [SFX] {"sound": "civ_move_2", "volume": 0.22}
[2026-09-25 21:09:59.117] [SFX] {"sound": "civ_move_2", "volume": 0.06}
[2026-09-25 21:09:59.493] [SFX] {"sound": "civ_move_2", "volume": 0.19}
[2026-09-25 21:09:59.493] [SFX] {"sound": "civ_move_2", "volume": 0.04}
[2026-09-25 21:09:59.525] [SFX] {"sound": "civ_move_2", "volume": 0.23}
[2026-09-25 21:09:59.526] [SFX] {"sound": "civ_move_2", "volume": 0.06}
[2026-09-25 21:09:59.905] [SFX] {"sound": "civ_move_2", "volume": 0.2}
[2026-09-25 21:09:59.905] [SFX] {"sound": "civ_move_2", "volume": 0.02}
[2026-09-25 21:09:59.938] [SFX] {"sound": "civ_move_2", "volume": 0.24}
[2026-09-25 21:09:59.939] [SFX] {"sound": "civ_move_2", "volume": 0.05}
[2026-09-25 21:10:00.315] [SFX] {"sound": "civ_move_2", "volume": 0.2}
[2026-09-25 21:10:00.316] [SFX] {"sound": "civ_move_2", "volume": 0.01}
[2026-09-25 21:10:00.352] [SFX] {"sound": "civ_move_2", "volume": 0.26}
[2026-09-25 21:10:00.352] [SFX] {"sound": "civ_move_2", "volume": 0.05}
[2026-09-25 21:10:00.467] [SFX] {"sound": "civ_move_2", "volume": 0.04}
[2026-09-25 21:10:00.730] [SFX] {"sound": "civ_move_2", "volume": 0.2}
[2026-09-25 21:10:00.763] [SFX] {"sound": "civ_move_2", "volume": 0.27}
[2026-09-25 21:10:00.764] [SFX] {"sound": "civ_move_2", "volume": 0.04}
[2026-09-25 21:10:00.879] [SFX] {"sound": "civ_move_2", "volume": 0.03}
[2026-09-25 21:10:01.143] [SFX] {"sound": "civ_move_2", "volume": 0.19}
[2026-09-25 21:10:01.176] [SFX] {"sound": "civ_move_2", "volume": 0.28}
[2026-09-25 21:10:01.177] [SFX] {"sound": "civ_move_2", "volume": 0.04}
[2026-09-25 21:10:01.291] [SFX] {"sound": "civ_move_2", "volume": 0.02}
[2026-09-25 21:10:01.324] [C] {"civ_pos": [67, 76]}
[2026-09-25 21:10:01.389] [JACK] Interessante Signatur... Ein ziviler Node. Sollen wir näher ran?
[2026-09-25 21:10:01.549] [SFX] {"sound": "civ_move_2", "volume": 0.18}
[2026-09-25 21:10:01.583] [SFX] {"sound": "civ_move_2", "volume": 0.29}
[2026-09-25 21:10:01.584] [SFX] {"sound": "civ_move_2", "volume": 0.03}
[2026-09-25 21:10:01.698] [SFX] {"sound": "civ_move_2", "volume": 0.02}
[2026-09-25 21:10:01.747] [SENTINEL_ALARM_DISPATCHED] {"guard": [106, 70], "investigate": [96, 76]}
[2026-09-25 21:10:01.865] [SFX] {"sound": "civ_move_1", "volume": 0.17}
[2026-09-25 21:10:01.966] [SFX] {"sound": "civ_move_2", "volume": 0.18}
[2026-09-25 21:10:01.998] [SFX] {"sound": "civ_move_2", "volume": 0.3}
[2026-09-25 21:10:01.999] [SFX] {"sound": "civ_move_2", "volume": 0.03}
[2026-09-25 21:10:02.033] [SFX] {"sound": "civ_move_1", "volume": 0.01}
[2026-09-25 21:10:02.100] [SFX] {"sound": "civ_move_2", "volume": 0.01}
[2026-09-25 21:10:02.265] [SFX] {"sound": "civ_move_1", "volume": 0.17}
[2026-09-25 21:10:02.381] [SFX] {"sound": "civ_move_2", "volume": 0.17}
[2026-09-25 21:10:02.416] [SFX] {"sound": "civ_move_2", "volume": 0.28}
[2026-09-25 21:10:02.417] [SFX] {"sound": "civ_move_2", "volume": 0.03}
[2026-09-25 21:10:02.449] [SFX] {"sound": "civ_move_1", "volume": 0.02}
[2026-09-25 21:10:02.665] [SFX] {"sound": "civ_move_1", "volume": 0.17}
[2026-09-25 21:10:02.831] [SFX] {"sound": "civ_move_2", "volume": 0.27}
[2026-09-25 21:10:02.832] [SFX] {"sound": "civ_move_2", "volume": 0.02}
[2026-09-25 21:10:02.865] [SFX] {"sound": "civ_move_1", "volume": 0.04}
[2026-09-25 21:10:02.948] [SFX] {"sound": "civ_move_1", "volume": 0.09}
[2026-09-25 21:10:03.082] [SFX] {"sound": "civ_move_1", "volume": 0.17}
[2026-09-25 21:10:03.232] [SFX] {"sound": "civ_move_2", "volume": 0.26}
[2026-09-25 21:10:03.233] [SFX] {"sound": "civ_move_2", "volume": 0.02}
[2026-09-25 21:10:03.266] [SFX] {"sound": "civ_move_1", "volume": 0.05}
[2026-09-25 21:10:03.348] [SFX] {"sound": "civ_move_1", "volume": 0.09}
[2026-09-25 21:10:03.398] [SFX] {"sound": "guardian_move", "volume": 0.02}
[2026-09-25 21:10:03.497] [SFX] {"sound": "civ_move_1", "volume": 0.18}
[2026-09-25 21:10:03.647] [SFX] {"sound": "civ_move_2", "volume": 0.25}
[2026-09-25 21:10:03.681] [SFX] {"sound": "civ_move_1", "volume": 0.06}
[2026-09-25 21:10:03.748] [SFX] {"sound": "civ_move_1", "volume": 0.08}
[2026-09-25 21:10:03.897] [SFX] {"sound": "civ_move_1", "volume": 0.19}
[2026-09-25 21:10:03.982] [SFX] {"sound": "civ_move_1", "volume": 0.01}
[2026-09-25 21:10:04.014] [SFX] {"sound": "guardian_move", "volume": 0.05}
[2026-09-25 21:10:04.048] [SFX] {"sound": "civ_move_2", "volume": 0.23}
[2026-09-25 21:10:04.082] [SFX] {"sound": "civ_move_1", "volume": 0.07}
[2026-09-25 21:10:04.298] [SFX] {"sound": "civ_move_1", "volume": 0.2}
[2026-09-25 21:10:04.381] [SFX] {"sound": "civ_move_1", "volume": 0.02}
[2026-09-25 21:10:04.449] [SFX] {"sound": "civ_move_2", "volume": 0.22}
[2026-09-25 21:10:04.483] [SFX] {"sound": "civ_move_1", "volume": 0.07}
[2026-09-25 21:10:04.567] [SFX] {"sound": "civ_move_1", "volume": 0.05}
[2026-09-25 21:10:04.632] [SFX] {"sound": "guardian_move", "volume": 0.07}
[2026-09-25 21:10:04.710] [SFX] {"sound": "civ_move_1", "volume": 0.2}
[2026-09-25 21:10:04.793] [SFX] {"sound": "civ_move_1", "volume": 0.02}
[2026-09-25 21:10:04.861] [SFX] {"sound": "civ_move_2", "volume": 0.21}
[2026-09-25 21:10:04.893] [SFX] {"sound": "civ_move_1", "volume": 0.08}
[2026-09-25 21:10:04.975] [M] {"button": 5, "pos": [423, 127], "ui_clicked": false}
[2026-09-25 21:10:04.983] [SFX] {"sound": "civ_move_1", "volume": 0.04}
[2026-09-25 21:10:05.114] [SFX] {"sound": "civ_move_1", "volume": 0.2}
[2026-09-25 21:10:05.197] [SFX] {"sound": "civ_move_1", "volume": 0.03}
[2026-09-25 21:10:05.230] [SFX] {"sound": "guardian_move", "volume": 0.1}
[2026-09-25 21:10:05.262] [SFX] {"sound": "civ_move_2", "volume": 0.2}
[2026-09-25 21:10:05.296] [SFX] {"sound": "civ_move_1", "volume": 0.09}
[2026-09-25 21:10:05.380] [SFX] {"sound": "civ_move_1", "volume": 0.03}
[2026-09-25 21:10:05.478] [M] {"button": 5, "pos": [423, 127], "ui_clicked": false}
[2026-09-25 21:10:05.514] [SFX] {"sound": "civ_move_1", "volume": 0.19}
[2026-09-25 21:10:05.531] [M] {"button": 5, "pos": [423, 127], "ui_clicked": false}
[2026-09-25 21:10:05.600] [SFX] {"sound": "civ_move_1", "volume": 0.04}
[2026-09-25 21:10:05.666] [SFX] {"sound": "civ_move_2", "volume": 0.19}
[2026-09-25 21:10:05.700] [SFX] {"sound": "civ_move_1", "volume": 0.11}
[2026-09-25 21:10:05.782] [SFX] {"sound": "civ_move_1", "volume": 0.02}
[2026-09-25 21:10:05.848] [SFX] {"sound": "guardian_move", "volume": 0.1}
[2026-09-25 21:10:05.930] [SFX] {"sound": "civ_move_1", "volume": 0.19}
[2026-09-25 21:10:06.014] [SFX] {"sound": "civ_move_1", "volume": 0.05}
[2026-09-25 21:10:06.066] [SFX] {"sound": "civ_move_2", "volume": 0.17}
[2026-09-25 21:10:06.100] [SFX] {"sound": "civ_move_1", "volume": 0.12}
[2026-09-25 21:10:06.183] [SFX] {"sound": "civ_move_1", "volume": 0.01}
[2026-09-25 21:10:06.335] [SFX] {"sound": "civ_move_1", "volume": 0.18}
[2026-09-25 21:10:06.367] [M] {"button": 4, "pos": [403, 159], "ui_clicked": false}
[2026-09-25 21:10:06.418] [SFX] {"sound": "civ_move_1", "volume": 0.06}
[2026-09-25 21:10:06.451] [SFX] {"sound": "guardian_move", "volume": 0.09}
[2026-09-25 21:10:06.473] [SFX] {"sound": "civ_move_2", "volume": 0.16}
[2026-09-25 21:10:06.501] [SFX] {"sound": "civ_move_1", "volume": 0.13}
[2026-09-25 21:10:06.502] [SFX] {"sound": "civ_move_2", "volume": 0.01}
[2026-09-25 21:10:06.749] [SFX] {"sound": "civ_move_1", "volume": 0.17}
[2026-09-25 21:10:06.818] [SFX] {"sound": "civ_move_1", "volume": 0.06}
[2026-09-25 21:10:06.883] [SFX] {"sound": "civ_move_2", "volume": 0.12}
[2026-09-25 21:10:06.915] [SFX] {"sound": "civ_move_1", "volume": 0.14}
[2026-09-25 21:10:06.916] [SFX] {"sound": "civ_move_2", "volume": 0.02}
[2026-09-25 21:10:07.065] [SFX] {"sound": "guardian_move", "volume": 0.07}
[2026-09-25 21:10:07.150] [SFX] {"sound": "civ_move_1", "volume": 0.16}
[2026-09-25 21:10:07.233] [SFX] {"sound": "civ_move_1", "volume": 0.07}
[2026-09-25 21:10:07.283] [SFX] {"sound": "civ_move_2", "volume": 0.12}
[2026-09-25 21:10:07.316] [SFX] {"sound": "civ_move_1", "volume": 0.15}
[2026-09-25 21:10:07.317] [SFX] {"sound": "civ_move_2", "volume": 0.03}
[2026-09-25 21:10:07.551] [SFX] {"sound": "civ_move_1", "volume": 0.15}
[2026-09-25 21:10:07.634] [SFX] {"sound": "civ_move_1", "volume": 0.08}
[2026-09-25 21:10:07.667] [SFX] {"sound": "guardian_move", "volume": 0.04}
[2026-09-25 21:10:07.690] [SFX] {"sound": "civ_move_2", "volume": 0.12}
[2026-09-25 21:10:07.719] [SFX] {"sound": "civ_move_1", "volume": 0.17}
[2026-09-25 21:10:07.719] [SFX] {"sound": "civ_move_2", "volume": 0.04}
[2026-09-25 21:10:07.966] [SFX] {"sound": "civ_move_1", "volume": 0.14}
[2026-09-25 21:10:08.050] [SFX] {"sound": "civ_move_1", "volume": 0.08}
[2026-09-25 21:10:08.099] [SFX] {"sound": "civ_move_2", "volume": 0.12}
[2026-09-25 21:10:08.132] [SFX] {"sound": "civ_move_1", "volume": 0.18}
[2026-09-25 21:10:08.133] [SFX] {"sound": "civ_move_2", "volume": 0.05}
[2026-09-25 21:10:08.281] [SFX] {"sound": "guardian_move", "volume": 0.02}
[2026-09-25 21:10:08.366] [SFX] {"sound": "civ_move_1", "volume": 0.14}
[2026-09-25 21:10:08.450] [SFX] {"sound": "civ_move_1", "volume": 0.09}
[2026-09-25 21:10:08.499] [SFX] {"sound": "civ_move_2", "volume": 0.12}
[2026-09-25 21:10:08.548] [SFX] {"sound": "civ_move_1", "volume": 0.19}
[2026-09-25 21:10:08.548] [SFX] {"sound": "civ_move_2", "volume": 0.07}
[2026-09-25 21:10:08.766] [SFX] {"sound": "civ_move_1", "volume": 0.15}
[2026-09-25 21:10:08.852] [SFX] {"sound": "civ_move_1", "volume": 0.1}
[2026-09-25 21:10:08.904] [SFX] {"sound": "civ_move_2", "volume": 0.11}
[2026-09-25 21:10:08.953] [SFX] {"sound": "civ_move_1", "volume": 0.2}
[2026-09-25 21:10:09.170] [SFX] {"sound": "civ_move_1", "volume": 0.16}
[2026-09-25 21:10:09.255] [SFX] {"sound": "civ_move_1", "volume": 0.1}
[2026-09-25 21:10:09.305] [SFX] {"sound": "civ_move_2", "volume": 0.11}
[2026-09-25 21:10:09.354] [SFX] {"sound": "civ_move_1", "volume": 0.22}
[2026-09-25 21:10:09.571] [SFX] {"sound": "civ_move_1", "volume": 0.16}
[2026-09-25 21:10:09.674] [SFX] {"sound": "civ_move_1", "volume": 0.11}
[2026-09-25 21:10:09.723] [SFX] {"sound": "civ_move_2", "volume": 0.1}
[2026-09-25 21:10:09.758] [SFX] {"sound": "civ_move_1", "volume": 0.23}
[2026-09-25 21:10:09.971] [SFX] {"sound": "civ_move_1", "volume": 0.15}
[2026-09-25 21:10:10.054] [M] {"button": 4, "pos": [362, 148], "ui_clicked": false}
[2026-09-25 21:10:10.088] [SFX] {"sound": "civ_move_1", "volume": 0.11}
[2026-09-25 21:10:10.104] [M] {"button": 4, "pos": [362, 148], "ui_clicked": false}
[2026-09-25 21:10:10.124] [SFX] {"sound": "civ_move_2", "volume": 0.1}
[2026-09-25 21:10:10.173] [SFX] {"sound": "civ_move_1", "volume": 0.24}
[2026-09-25 21:10:10.386] [SFX] {"sound": "civ_move_1", "volume": 0.15}
[2026-09-25 21:10:10.502] [SFX] {"sound": "civ_move_1", "volume": 0.11}
[2026-09-25 21:10:10.538] [SFX] {"sound": "civ_move_2", "volume": 0.09}
[2026-09-25 21:10:10.587] [SFX] {"sound": "civ_move_1", "volume": 0.25}
[2026-09-25 21:10:10.788] [SFX] {"sound": "civ_move_1", "volume": 0.16}
[2026-09-25 21:10:10.904] [SFX] {"sound": "civ_move_1", "volume": 0.12}
[2026-09-25 21:10:10.940] [SFX] {"sound": "civ_move_2", "volume": 0.09}
[2026-09-25 21:10:10.990] [SFX] {"sound": "civ_move_1", "volume": 0.27}
[2026-09-25 21:10:11.189] [SFX] {"sound": "civ_move_1", "volume": 0.17}
[2026-09-25 21:10:11.320] [SFX] {"sound": "civ_move_1", "volume": 0.12}
[2026-09-25 21:10:11.337] [M] {"button": 1, "pos": [366, 132], "ui_clicked": false}
[2026-09-25 21:10:11.346] [JACK] JACK // IDEALIST IN A DEAD WORLD. CARRIES GOLDMINES OF UNRESTRICTED TRADED DATA.
[2026-09-25 21:10:11.346] [SFX] {"sound": "click_target", "volume": 0.72}
[2026-09-25 21:10:11.364] [SFX] {"sound": "civ_move_2", "volume": 0.08}
[2026-09-25 21:10:11.381] [C] {"civ_pos": [68, 76]}
[2026-09-25 21:10:11.422] [SFX] {"sound": "civ_move_1", "volume": 0.29}
[2026-09-25 21:10:11.600] [SFX] {"sound": "player_move", "volume": 0.4}
[2026-09-25 21:10:11.601] [SFX] {"sound": "civ_move_1", "volume": 0.15}
[2026-09-25 21:10:11.735] [SFX] {"sound": "civ_move_1", "volume": 0.11}
[2026-09-25 21:10:11.769] [SFX] {"sound": "civ_move_2", "volume": 0.06}
[2026-09-25 21:10:11.802] [SFX] {"sound": "civ_move_1", "volume": 0.3}
[2026-09-25 21:10:11.905] [SFX] {"sound": "player_move", "volume": 0.4}
[2026-09-25 21:10:12.005] [SFX] {"sound": "civ_move_1", "volume": 0.17}
[2026-09-25 21:10:12.104] [SFX] {"sound": "threat_pulse", "volume": 0.31}
[2026-09-25 21:10:12.138] [SFX] {"sound": "civ_move_1", "volume": 0.12}
[2026-09-25 21:10:12.173] [SFX] {"sound": "civ_move_2", "volume": 0.06}
[2026-09-25 21:10:12.208] [SFX] {"sound": "player_move", "volume": 0.4}
[2026-09-25 21:10:12.209] [SFX] {"sound": "civ_move_1", "volume": 0.29}
[2026-09-25 21:10:12.406] [SFX] {"sound": "civ_move_1", "volume": 0.19}
[2026-09-25 21:10:12.523] [SFX] {"sound": "player_move", "volume": 0.4}
[2026-09-25 21:10:12.545] [SFX] {"sound": "civ_move_1", "volume": 0.16}
[2026-09-25 21:10:12.574] [SFX] {"sound": "civ_move_2", "volume": 0.06}
[2026-09-25 21:10:12.608] [SFX] {"sound": "civ_move_1", "volume": 0.29}
[2026-09-25 21:10:12.693] [M] {"button": 1, "pos": [349, 221], "ui_clicked": true}
[2026-09-25 21:10:12.814] [SFX] {"sound": "civ_move_1", "volume": 0.21}
[2026-09-25 21:10:12.838] [SFX] {"sound": "player_move", "volume": 0.4}
[2026-09-25 21:10:12.950] [SFX] {"sound": "civ_move_1", "volume": 0.19}
[2026-09-25 21:10:12.983] [SFX] {"sound": "civ_move_2", "volume": 0.06}
[2026-09-25 21:10:13.017] [SFX] {"sound": "civ_move_1", "volume": 0.29}
[2026-09-25 21:10:13.018] [SFX] {"sound": "threat_pulse", "volume": 0.32}
[2026-09-25 21:10:13.050] [SFX] {"sound": "infiltrate 1", "volume": 0.5}
[2026-09-25 21:10:13.137] [SFX] {"sound": "player_move", "volume": 0.4}
[2026-09-25 21:10:13.219] [SFX] {"sound": "civ_move_1", "volume": 0.24}
[2026-09-25 21:10:13.351] [SFX] {"sound": "civ_move_1", "volume": 0.21}
[2026-09-25 21:10:13.387] [SFX] {"sound": "civ_move_2", "volume": 0.06}
[2026-09-25 21:10:13.419] [SFX] {"sound": "civ_move_1", "volume": 0.29}
[2026-09-25 21:10:13.452] [SFX] {"sound": "player_move", "volume": 0.4}
[2026-09-25 21:10:13.453] [SFX] {"sound": "infiltrate 1", "volume": 0.5}
[2026-09-25 21:10:13.635] [SFX] {"sound": "civ_move_1", "volume": 0.27}
[2026-09-25 21:10:13.751] [SFX] {"sound": "civ_move_1", "volume": 0.23}
[2026-09-25 21:10:13.774] [SFX] {"sound": "player_move", "volume": 0.4}
[2026-09-25 21:10:13.806] [SFX] {"sound": "civ_move_2", "volume": 0.05}
[2026-09-25 21:10:13.829] [SFX] {"sound": "civ_move_1", "volume": 0.29}
[2026-09-25 21:10:13.891] [C] {"civ_pos": [58, 76]}
[2026-09-25 21:10:13.933] [SFX] {"sound": "threat_pulse", "volume": 0.33}
[2026-09-25 21:10:14.035] [SFX] {"sound": "civ_move_1", "volume": 0.29}
[2026-09-25 21:10:14.070] [SFX] {"sound": "player_move", "volume": 0.4}
[2026-09-25 21:10:14.154] [SFX] {"sound": "civ_move_1", "volume": 0.26}
[2026-09-25 21:10:14.205] [SFX] {"sound": "civ_move_2", "volume": 0.05}
[2026-09-25 21:10:14.228] [SFX] {"sound": "civ_move_1", "volume": 0.29}
[2026-09-25 21:10:14.373] [SFX] {"sound": "player_move", "volume": 0.4}
[2026-09-25 21:10:14.439] [SFX] {"sound": "civ_move_1", "volume": 0.29}
[2026-09-25 21:10:14.555] [SFX] {"sound": "civ_move_1", "volume": 0.28}
[2026-09-25 21:10:14.606] [SFX] {"sound": "civ_move_2", "volume": 0.04}
[2026-09-25 21:10:14.629] [SFX] {"sound": "civ_move_1", "volume": 0.29}
[2026-09-25 21:10:14.680] [SFX] {"sound": "player_move", "volume": 0.4}
[2026-09-25 21:10:14.832] [SFX] {"sound": "threat_pulse", "volume": 0.34}
[2026-09-25 21:10:14.855] [SFX] {"sound": "civ_move_1", "volume": 0.26}
[2026-09-25 21:10:14.955] [SFX] {"sound": "civ_move_1", "volume": 0.29}
[2026-09-25 21:10:14.989] [SFX] {"sound": "player_move", "volume": 0.4}
[2026-09-25 21:10:15.012] [SFX] {"sound": "civ_move_2", "volume": 0.04}
[2026-09-25 21:10:15.031] [SFX] {"sound": "civ_move_1", "volume": 0.29}
[2026-09-25 21:10:15.043] [M] {"button": 1, "pos": [356, 213], "ui_clicked": true}
[2026-09-25 21:10:15.252] [SFX] {"sound": "civ_move_1", "volume": 0.24}
[2026-09-25 21:10:15.302] [SFX] {"sound": "player_move", "volume": 0.4}
[2026-09-25 21:10:15.368] [SFX] {"sound": "civ_move_1", "volume": 0.27}
[2026-09-25 21:10:15.384] [M] {"button": 1, "pos": [359, 220], "ui_clicked": true}
[2026-09-25 21:10:15.429] [SFX] {"sound": "civ_move_2", "volume": 0.03}
[2026-09-25 21:10:15.429] [SFX] {"sound": "civ_move_1", "volume": 0.29}
[2026-09-25 21:10:15.612] [SFX] {"sound": "player_move", "volume": 0.4}
[2026-09-25 21:10:15.664] [SFX] {"sound": "civ_move_1", "volume": 0.21}
[2026-09-25 21:10:15.665] [SFX] {"sound": "infiltrate 1", "volume": 0.5}
[2026-09-25 21:10:15.748] [SFX] {"sound": "threat_pulse", "volume": 0.35}
[2026-09-25 21:10:15.787] [SFX] {"sound": "civ_move_1", "volume": 0.24}
[2026-09-25 21:10:15.840] [SFX] {"sound": "civ_move_2", "volume": 0.02}
[2026-09-25 21:10:15.841] [SFX] {"sound": "civ_move_1", "volume": 0.29}
[2026-09-25 21:10:15.924] [SFX] {"sound": "player_move", "volume": 0.4}
[2026-09-25 21:10:16.073] [SFX] {"sound": "civ_move_1", "volume": 0.19}
[2026-09-25 21:10:16.074] [SFX] {"sound": "infiltrate 2", "volume": 0.5}
[2026-09-25 21:10:16.189] [SFX] {"sound": "civ_move_1", "volume": 0.22}
[2026-09-25 21:10:16.224] [SFX] {"sound": "player_move", "volume": 0.4}
[2026-09-25 21:10:16.246] [SFX] {"sound": "civ_move_2", "volume": 0.01}
[2026-09-25 21:10:16.247] [SFX] {"sound": "civ_move_1", "volume": 0.29}
[2026-09-25 21:10:16.408] [C] {"civ_pos": [48, 76]}
[2026-09-25 21:10:16.476] [SFX] {"sound": "civ_move_1", "volume": 0.17}
[2026-09-25 21:10:16.476] [SFX] {"sound": "infiltrate 2", "volume": 0.5}
[2026-09-25 21:10:16.525] [SFX] {"sound": "player_move", "volume": 0.4}
[2026-09-25 21:10:16.593] [SFX] {"sound": "civ_move_1", "volume": 0.2}
[2026-09-25 21:10:16.644] [SFX] {"sound": "civ_move_2", "volume": 0.0}
[2026-09-25 21:10:16.645] [SFX] {"sound": "civ_move_1", "volume": 0.29}
[2026-09-25 21:10:16.668] [SFX] {"sound": "threat_pulse", "volume": 0.36}
[2026-09-25 21:10:16.832] [SFX] {"sound": "player_move", "volume": 0.4}
[2026-09-25 21:10:16.867] [SFX] {"sound": "civ_move_1", "volume": 0.0}
[2026-09-25 21:10:16.900] [SFX] {"sound": "civ_move_1", "volume": 0.12}
[2026-09-25 21:10:16.901] [SFX] {"sound": "infiltrate 1", "volume": 0.5}
[2026-09-25 21:10:16.999] [SFX] {"sound": "civ_move_1", "volume": 0.14}
[2026-09-25 21:10:17.049] [SFX] {"sound": "civ_move_1", "volume": 0.29}
[2026-09-25 21:10:17.137] [SFX] {"sound": "player_move", "volume": 0.4}
[2026-09-25 21:10:17.273] [SFX] {"sound": "civ_move_1", "volume": 0.01}
[2026-09-25 21:10:17.297] [SFX] {"sound": "civ_move_1", "volume": 0.1}
[2026-09-25 21:10:17.297] [SFX] {"sound": "infiltrate 2", "volume": 0.5}
[2026-09-25 21:10:17.368] [JACK] Diese Bedrohung ist greifbar... Die Wachen dürfen unser Signal nicht isolieren.
[2026-09-25 21:10:17.369] [SFX] {"sound": "civ_move_2", "volume": 0.0}
[2026-09-25 21:10:17.400] [SFX] {"sound": "civ_move_1", "volume": 0.13}
[2026-09-25 21:10:17.452] [SFX] {"sound": "player_move", "volume": 0.4}
[2026-09-25 21:10:17.453] [SFX] {"sound": "civ_move_1", "volume": 0.29}
[2026-09-25 21:10:17.572] [SFX] {"sound": "threat_pulse", "volume": 0.37}
[2026-09-25 21:10:17.688] [SFX] {"sound": "civ_move_1", "volume": 0.01}
[2026-09-25 21:10:17.713] [SFX] {"sound": "civ_move_1", "volume": 0.09}
[2026-09-25 21:10:17.761] [SFX] {"sound": "player_move", "volume": 0.4}
[2026-09-25 21:10:17.762] [SFX] {"sound": "civ_move_2", "volume": 0.0}
[2026-09-25 21:10:17.814] [SFX] {"sound": "civ_move_1", "volume": 0.11}
[2026-09-25 21:10:17.866] [SFX] {"sound": "civ_move_1", "volume": 0.29}
[2026-09-25 21:10:18.066] [SFX] {"sound": "player_move", "volume": 0.4}
[2026-09-25 21:10:18.101] [SFX] {"sound": "civ_move_1", "volume": 0.02}
[2026-09-25 21:10:18.123] [SFX] {"sound": "civ_move_1", "volume": 0.07}
[2026-09-25 21:10:18.172] [SFX] {"sound": "civ_move_2", "volume": 0.01}
[2026-09-25 21:10:18.223] [SFX] {"sound": "civ_move_1", "volume": 0.1}
[2026-09-25 21:10:18.274] [SFX] {"sound": "civ_move_2", "volume": 0.0}
[2026-09-25 21:10:18.275] [SFX] {"sound": "civ_move_1", "volume": 0.29}
[2026-09-25 21:10:18.374] [SFX] {"sound": "player_move", "volume": 0.4}
[2026-09-25 21:10:18.474] [SFX] {"sound": "threat_pulse", "volume": 0.39}
[2026-09-25 21:10:18.508] [SFX] {"sound": "civ_move_1", "volume": 0.02}
[2026-09-25 21:10:18.532] [SFX] {"sound": "civ_move_1", "volume": 0.07}
[2026-09-25 21:10:18.580] [SFX] {"sound": "civ_move_2", "volume": 0.01}
[2026-09-25 21:10:18.632] [SFX] {"sound": "civ_move_1", "volume": 0.09}
[2026-09-25 21:10:18.684] [SFX] {"sound": "player_move", "volume": 0.4}
[2026-09-25 21:10:18.684] [SFX] {"sound": "civ_move_2", "volume": 0.02}
[2026-09-25 21:10:18.685] [SFX] {"sound": "civ_move_1", "volume": 0.29}
[2026-09-25 21:10:18.916] [SFX] {"sound": "civ_move_1", "volume": 0.02}
[2026-09-25 21:10:18.917] [C] {"civ_pos": [48, 70]}
[2026-09-25 21:10:18.933] [JACK] JACK // PROXY SAFE - SANCTUARY ACTIVE
[2026-09-25 21:10:18.948] [SFX] {"sound": "civ_move_1", "volume": 0.06}
[2026-09-25 21:10:18.960] [M] {"button": 1, "pos": [346, 218], "ui_clicked": false}
[2026-09-25 21:10:18.979] [SFX] {"sound": "civ_move_2", "volume": 0.01}
[2026-09-25 21:10:19.001] [SFX] {"sound": "player_move", "volume": 0.4}
[2026-09-25 21:10:19.046] [SFX] {"sound": "civ_move_1", "volume": 0.09}
[2026-09-25 21:10:19.097] [SFX] {"sound": "civ_move_2", "volume": 0.03}
[2026-09-25 21:10:19.098] [SFX] {"sound": "civ_move_1", "volume": 0.24}
[2026-09-25 21:10:19.331] [SFX] {"sound": "civ_move_1", "volume": 0.03}
[2026-09-25 21:10:19.353] [SFX] {"sound": "civ_move_1", "volume": 0.05}
[2026-09-25 21:10:19.383] [SFX] {"sound": "civ_move_2", "volume": 0.01}
[2026-09-25 21:10:19.450] [SFX] {"sound": "civ_move_1", "volume": 0.08}
[2026-09-25 21:10:19.500] [SFX] {"sound": "civ_move_2", "volume": 0.04}
[2026-09-25 21:10:19.500] [SFX] {"sound": "civ_move_1", "volume": 0.29}
[2026-09-25 21:10:19.747] [SFX] {"sound": "civ_move_1", "volume": 0.02}
[2026-09-25 21:10:19.769] [SFX] {"sound": "civ_move_1", "volume": 0.04}
[2026-09-25 21:10:19.800] [SFX] {"sound": "civ_move_2", "volume": 0.0}
[2026-09-25 21:10:19.866] [SFX] {"sound": "civ_move_1", "volume": 0.07}
[2026-09-25 21:10:19.916] [SFX] {"sound": "civ_move_2", "volume": 0.05}
[2026-09-25 21:10:19.916] [SFX] {"sound": "civ_move_1", "volume": 0.28}
[2026-09-25 21:10:19.931] [M] {"button": 1, "pos": [356, 247], "ui_clicked": false}
[2026-09-25 21:10:20.149] [SFX] {"sound": "civ_move_1", "volume": 0.02}
[2026-09-25 21:10:20.172] [SFX] {"sound": "civ_move_1", "volume": 0.03}
[2026-09-25 21:10:20.269] [SFX] {"sound": "civ_move_1", "volume": 0.06}
[2026-09-25 21:10:20.322] [SFX] {"sound": "civ_move_2", "volume": 0.06}
[2026-09-25 21:10:20.323] [SFX] {"sound": "civ_move_1", "volume": 0.28}
[2026-09-25 21:10:20.538] [M] {"button": 1, "pos": [365, 253], "ui_clicked": false}
[2026-09-25 21:10:20.546] [P] {"start": [48, 70], "goal": [50, 76], "length": 6, "is_direction_change": false}
[2026-09-25 21:10:20.547] [SFX] {"sound": "click_target", "volume": 0.66}
[2026-09-25 21:10:20.584] [SFX] {"sound": "civ_move_1", "volume": 0.01}
[2026-09-25 21:10:20.602] [SFX] {"sound": "civ_move_1", "volume": 0.02}
[2026-09-25 21:10:20.677] [SFX] {"sound": "civ_move_1", "volume": 0.05}
[2026-09-25 21:10:20.730] [SFX] {"sound": "civ_move_2", "volume": 0.06}
[2026-09-25 21:10:20.730] [SFX] {"sound": "civ_move_1", "volume": 0.27}
[2026-09-25 21:10:20.848] [SFX] {"sound": "player_move", "volume": 0.4}
[2026-09-25 21:10:21.000] [SFX] {"sound": "civ_move_1", "volume": 0.01}
[2026-09-25 21:10:21.082] [SFX] {"sound": "civ_move_1", "volume": 0.05}
[2026-09-25 21:10:21.133] [SFX] {"sound": "civ_move_2", "volume": 0.11}
[2026-09-25 21:10:21.133] [SFX] {"sound": "civ_move_1", "volume": 0.24}
[2026-09-25 21:10:21.154] [SFX] {"sound": "player_move", "volume": 0.4}
[2026-09-25 21:10:21.402] [SFX] {"sound": "civ_move_1", "volume": 0.02}
[2026-09-25 21:10:21.486] [SFX] {"sound": "civ_move_1", "volume": 0.06}
[2026-09-25 21:10:21.537] [SFX] {"sound": "civ_move_2", "volume": 0.13}
[2026-09-25 21:10:21.538] [SFX] {"sound": "civ_move_1", "volume": 0.25}
[2026-09-25 21:10:21.804] [SFX] {"sound": "civ_move_1", "volume": 0.01}
[2026-09-25 21:10:21.892] [SFX] {"sound": "civ_move_1", "volume": 0.04}
[2026-09-25 21:10:21.942] [SFX] {"sound": "civ_move_2", "volume": 0.14}
[2026-09-25 21:10:21.943] [SFX] {"sound": "civ_move_1", "volume": 0.25}
[2026-09-25 21:10:22.296] [SFX] {"sound": "civ_move_1", "volume": 0.03}
[2026-09-25 21:10:22.347] [SFX] {"sound": "civ_move_2", "volume": 0.15}
[2026-09-25 21:10:22.348] [SFX] {"sound": "civ_move_1", "volume": 0.26}
[2026-09-25 21:10:22.629] [M] {"button": 1, "pos": [443, 208], "ui_clicked": false}
[2026-09-25 21:10:22.636] [P] {"start": [50, 76], "goal": [56, 76], "length": 1, "is_direction_change": false}
[2026-09-25 21:10:22.637] [SFX] {"sound": "click_target", "volume": 0.68}
[2026-09-25 21:10:22.699] [SFX] {"sound": "civ_move_1", "volume": 0.03}
[2026-09-25 21:10:22.749] [SFX] {"sound": "civ_move_2", "volume": 0.18}
[2026-09-25 21:10:22.750] [SFX] {"sound": "civ_move_1", "volume": 0.27}
[2026-09-25 21:10:22.914] [SFX] {"sound": "player_move", "volume": 0.4}
[2026-09-25 21:10:23.014] [SFX] {"sound": "civ_move_1", "volume": 0.02}
[2026-09-25 21:10:23.114] [SFX] {"sound": "civ_move_1", "volume": 0.05}
[2026-09-25 21:10:23.148] [SFX] {"sound": "civ_move_2", "volume": 0.22}
[2026-09-25 21:10:23.149] [SFX] {"sound": "civ_move_1", "volume": 0.27}
[2026-09-25 21:10:23.427] [SFX] {"sound": "civ_move_1", "volume": 0.01}
[2026-09-25 21:10:23.535] [SFX] {"sound": "civ_move_1", "volume": 0.04}
[2026-09-25 21:10:23.562] [SFX] {"sound": "civ_move_2", "volume": 0.24}
[2026-09-25 21:10:23.563] [SFX] {"sound": "civ_move_1", "volume": 0.26}
[2026-09-25 21:10:23.948] [SFX] {"sound": "civ_move_1", "volume": 0.03}
[2026-09-25 21:10:23.972] [SFX] {"sound": "civ_move_2", "volume": 0.25}
[2026-09-25 21:10:23.973] [SFX] {"sound": "civ_move_1", "volume": 0.25}
[2026-09-25 21:10:24.133] [M] {"button": 1, "pos": [474, 191], "ui_clicked": false}
[2026-09-25 21:10:24.141] [JACK] JACK // SYNTHETIC CORE. PREDICTABLE ROUTING, NO EMOTIONAL SPIKES TO EXPLOIT.
[2026-09-25 21:10:24.142] [SFX] {"sound": "click_target", "volume": 0.67}
[2026-09-25 21:10:24.240] [SFX] {"sound": "civ_move_1", "volume": 0.01}
[2026-09-25 21:10:24.312] [C] {"civ_pos": [61, 76]}
[2026-09-25 21:10:24.383] [SFX] {"sound": "civ_move_2", "volume": 0.3}
[2026-09-25 21:10:24.383] [SFX] {"sound": "civ_move_1", "volume": 0.05}
[2026-09-25 21:10:24.384] [SFX] {"sound": "civ_move_1", "volume": 0.22}
[2026-09-25 21:10:24.435] [SFX] {"sound": "player_move", "volume": 0.4}
[2026-09-25 21:10:24.634] [SFX] {"sound": "threat_pulse", "volume": 0.3}
[2026-09-25 21:10:24.657] [SFX] {"sound": "civ_move_1", "volume": 0.02}
[2026-09-25 21:10:24.736] [SFX] {"sound": "player_move", "volume": 0.4}
[2026-09-25 21:10:24.786] [SFX] {"sound": "civ_move_2", "volume": 0.29}
[2026-09-25 21:10:24.787] [SFX] {"sound": "civ_move_1", "volume": 0.04}
[2026-09-25 21:10:24.787] [SFX] {"sound": "civ_move_1", "volume": 0.21}
[2026-09-25 21:10:25.051] [SFX] {"sound": "player_move", "volume": 0.4}
[2026-09-25 21:10:25.052] [SFX] {"sound": "civ_move_1", "volume": 0.0}
[2026-09-25 21:10:25.201] [SFX] {"sound": "civ_move_2", "volume": 0.29}
[2026-09-25 21:10:25.202] [SFX] {"sound": "civ_move_1", "volume": 0.02}
[2026-09-25 21:10:25.203] [SFX] {"sound": "civ_move_1", "volume": 0.21}
[2026-09-25 21:10:25.357] [SFX] {"sound": "player_move", "volume": 0.4}
[2026-09-25 21:10:25.543] [SFX] {"sound": "threat_pulse", "volume": 0.32}
[2026-09-25 21:10:25.613] [SFX] {"sound": "civ_move_2", "volume": 0.29}
[2026-09-25 21:10:25.614] [SFX] {"sound": "civ_move_1", "volume": 0.01}
[2026-09-25 21:10:25.663] [SFX] {"sound": "player_move", "volume": 0.4}
[2026-09-25 21:10:26.014] [SFX] {"sound": "civ_move_2", "volume": 0.29}
[2026-09-25 21:10:26.278] [SFX] {"sound": "player_move", "volume": 0.4}
[2026-09-25 21:10:26.430] [SFX] {"sound": "civ_move_2", "volume": 0.29}
[2026-09-25 21:10:26.454] [SFX] {"sound": "threat_pulse", "volume": 0.33}
[2026-09-25 21:10:26.583] [SFX] {"sound": "player_move", "volume": 0.4}
[2026-09-25 21:10:26.648] [M] {"button": 1, "pos": [369, 221], "ui_clicked": true}
[2026-09-25 21:10:26.803] [SFX] {"sound": "civ_move_2", "volume": 0.0}
[2026-09-25 21:10:26.827] [C] {"civ_pos": [51, 76]}
[2026-09-25 21:10:26.852] [SFX] {"sound": "civ_move_2", "volume": 0.29}
[2026-09-25 21:10:26.899] [SFX] {"sound": "player_move", "volume": 0.4}
[2026-09-25 21:10:26.996] [SFX] {"sound": "infiltrate 2", "volume": 0.5}
[2026-09-25 21:10:27.200] [SFX] {"sound": "player_move", "volume": 0.4}
[2026-09-25 21:10:27.234] [SFX] {"sound": "civ_move_2", "volume": 0.01}
[2026-09-25 21:10:27.257] [SFX] {"sound": "civ_move_2", "volume": 0.29}
[2026-09-25 21:10:27.352] [SFX] {"sound": "threat_pulse", "volume": 0.34}
[2026-09-25 21:10:27.402] [SFX] {"sound": "infiltrate 2", "volume": 0.5}
[2026-09-25 21:10:27.503] [SFX] {"sound": "player_move", "volume": 0.4}
[2026-09-25 21:10:27.635] [SFX] {"sound": "civ_move_2", "volume": 0.02}
[2026-09-25 21:10:27.657] [SFX] {"sound": "civ_move_2", "volume": 0.29}
[2026-09-25 21:10:27.802] [SFX] {"sound": "infiltrate 1", "volume": 0.5}
[2026-09-25 21:10:27.825] [SFX] {"sound": "player_move", "volume": 0.4}
[2026-09-25 21:10:28.036] [SFX] {"sound": "civ_move_2", "volume": 0.03}
[2026-09-25 21:10:28.060] [SFX] {"sound": "civ_move_2", "volume": 0.29}
[2026-09-25 21:10:28.121] [SFX] {"sound": "player_move", "volume": 0.4}
[2026-09-25 21:10:28.205] [SFX] {"sound": "infiltrate 2", "volume": 0.5}
[2026-09-25 21:10:28.256] [SFX] {"sound": "threat_pulse", "volume": 0.35}
[2026-09-25 21:10:28.423] [SFX] {"sound": "player_move", "volume": 0.4}
[2026-09-25 21:10:28.446] [SFX] {"sound": "civ_move_2", "volume": 0.04}
[2026-09-25 21:10:28.464] [SFX] {"sound": "civ_move_2", "volume": 0.24}
[2026-09-25 21:10:28.607] [SFX] {"sound": "infiltrate 2", "volume": 0.5}
[2026-09-25 21:10:28.723] [SFX] {"sound": "player_move", "volume": 0.4}
[2026-09-25 21:10:28.839] [SFX] {"sound": "civ_move_2", "volume": 0.04}
[2026-09-25 21:10:28.873] [SFX] {"sound": "civ_move_2", "volume": 0.23}
[2026-09-25 21:10:28.873] [SFX] {"sound": "civ_move_1", "volume": 0.01}
[2026-09-25 21:10:29.037] [SFX] {"sound": "player_move", "volume": 0.4}
[2026-09-25 21:10:29.170] [SFX] {"sound": "threat_pulse", "volume": 0.36}
[2026-09-25 21:10:29.251] [SFX] {"sound": "civ_move_2", "volume": 0.03}
[2026-09-25 21:10:29.286] [SFX] {"sound": "civ_move_2", "volume": 0.23}
[2026-09-25 21:10:29.286] [SFX] {"sound": "civ_move_1", "volume": 0.03}
[2026-09-25 21:10:29.335] [C] {"civ_pos": [46, 80]}
[2026-09-25 21:10:29.364] [SFX] {"sound": "player_move", "volume": 0.4}
[2026-09-25 21:10:29.663] [SFX] {"sound": "civ_move_2", "volume": 0.03}
[2026-09-25 21:10:29.696] [SFX] {"sound": "civ_move_2", "volume": 0.23}
[2026-09-25 21:10:29.697] [SFX] {"sound": "civ_move_1", "volume": 0.05}
[2026-09-25 21:10:29.965] [SFX] {"sound": "player_move", "volume": 0.4}
[2026-09-25 21:10:30.064] [SFX] {"sound": "civ_move_2", "volume": 0.02}
[2026-09-25 21:10:30.086] [SFX] {"sound": "threat_pulse", "volume": 0.37}
[2026-09-25 21:10:30.105] [SFX] {"sound": "civ_move_2", "volume": 0.23}
[2026-09-25 21:10:30.106] [SFX] {"sound": "civ_move_1", "volume": 0.07}
[2026-09-25 21:10:30.154] [JACK] Verdammt, die Sentinels kreisen um uns... Ich habe echte Angst, ertappt zu werden!
[2026-09-25 21:10:30.267] [SFX] {"sound": "player_move", "volume": 0.4}
[2026-09-25 21:10:30.479] [SFX] {"sound": "civ_move_2", "volume": 0.0}
[2026-09-25 21:10:30.513] [SFX] {"sound": "civ_move_2", "volume": 0.23}
[2026-09-25 21:10:30.514] [SFX] {"sound": "civ_move_1", "volume": 0.09}
[2026-09-25 21:10:30.581] [SFX] {"sound": "player_move", "volume": 0.4}
[2026-09-25 21:10:30.909] [M] {"button": 1, "pos": [369, 221], "ui_clicked": true}
[2026-09-25 21:10:30.935] [SFX] {"sound": "civ_move_2", "volume": 0.23}
[2026-09-25 21:10:30.936] [SFX] {"sound": "civ_move_1", "volume": 0.11}
[2026-09-25 21:10:30.971] [SFX] {"sound": "infiltrate 2", "volume": 0.5}
[2026-09-25 21:10:30.993] [SFX] {"sound": "threat_pulse", "volume": 0.38}
[2026-09-25 21:10:31.206] [SFX] {"sound": "player_move", "volume": 0.4}
[2026-09-25 21:10:31.344] [SFX] {"sound": "civ_move_2", "volume": 0.23}
[2026-09-25 21:10:31.345] [SFX] {"sound": "civ_move_1", "volume": 0.13}
[2026-09-25 21:10:31.383] [SFX] {"sound": "infiltrate 2", "volume": 0.5}
[2026-09-25 21:10:31.518] [SFX] {"sound": "player_move", "volume": 0.4}
[2026-09-25 21:10:31.752] [SFX] {"sound": "civ_move_2", "volume": 0.23}
[2026-09-25 21:10:31.752] [SFX] {"sound": "civ_move_1", "volume": 0.15}
[2026-09-25 21:10:31.785] [SFX] {"sound": "infiltrate 2", "volume": 0.5}
[2026-09-25 21:10:31.809] [SFX] {"sound": "threat_pulse", "volume": 0.39}
[2026-09-25 21:10:31.831] [SFX] {"sound": "player_move", "volume": 0.4}
[2026-09-25 21:10:31.850] [C] {"civ_pos": [46, 90]}
[2026-09-25 21:10:32.131] [SFX] {"sound": "player_move", "volume": 0.4}
[2026-09-25 21:10:32.164] [SFX] {"sound": "civ_move_2", "volume": 0.23}
[2026-09-25 21:10:32.165] [SFX] {"sound": "civ_move_1", "volume": 0.17}
[2026-09-25 21:10:32.198] [SFX] {"sound": "infiltrate 1", "volume": 0.5}
[2026-09-25 21:10:32.431] [SFX] {"sound": "player_move", "volume": 0.4}
[2026-09-25 21:10:32.579] [SFX] {"sound": "civ_move_2", "volume": 0.23}
[2026-09-25 21:10:32.580] [SFX] {"sound": "civ_move_1", "volume": 0.19}
[2026-09-25 21:10:32.614] [SFX] {"sound": "threat_pulse", "volume": 0.4}
[2026-09-25 21:10:32.615] [SFX] {"sound": "infiltrate 2", "volume": 0.5}
[2026-09-25 21:10:32.734] [SFX] {"sound": "player_move", "volume": 0.4}
[2026-09-25 21:10:32.981] [SFX] {"sound": "civ_move_2", "volume": 0.23}
[2026-09-25 21:10:32.982] [SFX] {"sound": "civ_move_1", "volume": 0.21}
[2026-09-25 21:10:33.017] [SFX] {"sound": "infiltrate 1", "volume": 0.5}
[2026-09-25 21:10:33.052] [SFX] {"sound": "player_move", "volume": 0.4}
[2026-09-25 21:10:33.388] [SFX] {"sound": "civ_move_2", "volume": 0.23}
[2026-09-25 21:10:33.388] [SFX] {"sound": "civ_move_1", "volume": 0.23}
[2026-09-25 21:10:33.421] [SFX] {"sound": "threat_pulse", "volume": 0.43}
[2026-09-25 21:10:33.422] [SFX] {"sound": "infiltrate 2", "volume": 0.5}
[2026-09-25 21:10:33.659] [SFX] {"sound": "player_move", "volume": 0.4}
[2026-09-25 21:10:33.695] [SFX] {"sound": "civ_move_2", "volume": 0.01}
[2026-09-25 21:10:33.800] [SFX] {"sound": "civ_move_2", "volume": 0.23}
[2026-09-25 21:10:33.801] [SFX] {"sound": "civ_move_1", "volume": 0.24}
[2026-09-25 21:10:33.838] [SFX] {"sound": "infiltrate 1", "volume": 0.5}
[2026-09-25 21:10:33.923] [SFX] {"sound": "hack_success", "volume": 1.0}
[2026-09-25 21:10:33.924] [JACK] JACK // STOLE 3 DATA FROM LYRA-9 (DATA COURIER). TARGET FLEEING TO GUARD SPOT!
[2026-09-25 21:10:33.925] [JACK] JACK // SYNTHETIC CORE. PREDICTABLE ROUTING, NO EMOTIONAL SPIKES TO EXPLOIT.
[2026-09-25 21:10:34.108] [SFX] {"sound": "civ_move_2", "volume": 0.01}
[2026-09-25 21:10:34.132] [SFX] {"sound": "threat_pulse", "volume": 0.47}
[2026-09-25 21:10:34.204] [SFX] {"sound": "civ_move_2", "volume": 0.23}
[2026-09-25 21:10:34.205] [SFX] {"sound": "civ_move_1", "volume": 0.29}
[2026-09-25 21:10:34.353] [C] {"civ_pos": [46, 96]}
[2026-09-25 21:10:34.609] [SFX] {"sound": "civ_move_2", "volume": 0.23}
[2026-09-25 21:10:34.611] [SFX] {"sound": "civ_move_1", "volume": 0.28}
[2026-09-25 21:10:34.728] [SFX] {"sound": "threat_pulse", "volume": 0.44}
[2026-09-25 21:10:35.012] [SFX] {"sound": "civ_move_2", "volume": 0.23}
[2026-09-25 21:10:35.013] [SFX] {"sound": "civ_move_1", "volume": 0.27}
[2026-09-25 21:10:35.166] [SFX] {"sound": "civ_move_1", "volume": 0.01}
[2026-09-25 21:10:35.417] [SFX] {"sound": "civ_move_2", "volume": 0.23}
[2026-09-25 21:10:35.419] [SFX] {"sound": "civ_move_1", "volume": 0.26}
[2026-09-25 21:10:35.445] [SFX] {"sound": "threat_pulse", "volume": 0.4}
[2026-09-25 21:10:35.578] [SFX] {"sound": "civ_move_1", "volume": 0.01}
[2026-09-25 21:10:35.829] [SFX] {"sound": "civ_move_2", "volume": 0.23}
[2026-09-25 21:10:35.830] [SFX] {"sound": "civ_move_1", "volume": 0.24}
[2026-09-25 21:10:36.169] [M] {"button": 1, "pos": [320, 148], "ui_clicked": false}
[2026-09-25 21:10:36.178] [P] {"start": [46, 95], "goal": [46, 93], "length": 1, "is_direction_change": false}
[2026-09-25 21:10:36.178] [SFX] {"sound": "click_target", "volume": 0.95}
[2026-09-25 21:10:36.207] [JACK] Überall Wacheinheiten... Ihr bedrohliches Summen brennt sich ins Deck.
[2026-09-25 21:10:36.228] [SFX] {"sound": "player_move", "volume": 0.4}
[2026-09-25 21:10:36.249] [SFX] {"sound": "civ_move_2", "volume": 0.23}
[2026-09-25 21:10:36.250] [SFX] {"sound": "civ_move_1", "volume": 0.24}
[2026-09-25 21:10:36.251] [SFX] {"sound": "threat_pulse", "volume": 0.36}
[2026-09-25 21:10:36.653] [SFX] {"sound": "civ_move_2", "volume": 0.22}
[2026-09-25 21:10:36.654] [SFX] {"sound": "civ_move_1", "volume": 0.24}
[2026-09-25 21:10:37.055] [SFX] {"sound": "civ_move_2", "volume": 0.22}
[2026-09-25 21:10:37.056] [SFX] {"sound": "civ_move_1", "volume": 0.22}
[2026-09-25 21:10:37.155] [SFX] {"sound": "threat_pulse", "volume": 0.32}
[2026-09-25 21:10:37.468] [SFX] {"sound": "civ_move_2", "volume": 0.22}
[2026-09-25 21:10:37.469] [SFX] {"sound": "civ_move_1", "volume": 0.21}
[2026-09-25 21:10:37.798] [M] {"button": 1, "pos": [328, 114], "ui_clicked": false}
[2026-09-25 21:10:37.807] [P] {"start": [46, 93], "goal": [46, 90], "length": 1, "is_direction_change": false}
[2026-09-25 21:10:37.808] [SFX] {"sound": "click_target", "volume": 0.93}
[2026-09-25 21:10:37.878] [SFX] {"sound": "civ_move_2", "volume": 0.21}
[2026-09-25 21:10:37.879] [SFX] {"sound": "civ_move_1", "volume": 0.21}
[2026-09-25 21:10:38.295] [SFX] {"sound": "civ_move_2", "volume": 0.2}
[2026-09-25 21:10:38.296] [SFX] {"sound": "civ_move_1", "volume": 0.21}
[2026-09-25 21:10:38.698] [SFX] {"sound": "civ_move_2", "volume": 0.2}
[2026-09-25 21:10:38.698] [SFX] {"sound": "civ_move_1", "volume": 0.2}
[2026-09-25 21:10:39.113] [SFX] {"sound": "civ_move_2", "volume": 0.2}
[2026-09-25 21:10:39.114] [SFX] {"sound": "civ_move_1", "volume": 0.19}
[2026-09-25 21:10:39.515] [M] {"button": 1, "pos": [327, 240], "ui_clicked": false}
[2026-09-25 21:10:39.523] [SFX] {"sound": "civ_move_2", "volume": 0.2}
[2026-09-25 21:10:39.524] [SFX] {"sound": "civ_move_1", "volume": 0.19}
[2026-09-25 21:10:39.525] [P] {"start": [46, 90], "goal": [46, 96], "length": 1, "is_direction_change": false}
[2026-09-25 21:10:39.525] [SFX] {"sound": "click_target", "volume": 0.67}
[2026-09-25 21:10:39.632] [SFX] {"sound": "player_move", "volume": 0.4}
[2026-09-25 21:10:39.737] [C] {"civ_pos": [46, 96]}
[2026-09-25 21:10:39.928] [SFX] {"sound": "civ_move_2", "volume": 0.24}
[2026-09-25 21:10:39.929] [SFX] {"sound": "civ_move_1", "volume": 0.13}
[2026-09-25 21:10:40.331] [SFX] {"sound": "civ_move_2", "volume": 0.24}
[2026-09-25 21:10:40.332] [SFX] {"sound": "civ_move_1", "volume": 0.13}
[2026-09-25 21:10:40.649] [M] {"button": 1, "pos": [326, 272], "ui_clicked": false}
[2026-09-25 21:10:40.656] [P] {"start": [46, 96], "goal": [46, 99], "length": 1, "is_direction_change": false}
[2026-09-25 21:10:40.657] [SFX] {"sound": "click_target", "volume": 0.73}
[2026-09-25 21:10:40.731] [SFX] {"sound": "civ_move_2", "volume": 0.29}
[2026-09-25 21:10:40.732] [SFX] {"sound": "civ_move_1", "volume": 0.11}
[2026-09-25 21:10:40.783] [SFX] {"sound": "player_move", "volume": 0.4}
[2026-09-25 21:10:41.134] [SFX] {"sound": "civ_move_2", "volume": 0.28}
[2026-09-25 21:10:41.135] [SFX] {"sound": "civ_move_1", "volume": 0.1}
[2026-09-25 21:10:41.349] [M] {"button": 5, "pos": [348, 252], "ui_clicked": false}
[2026-09-25 21:10:41.538] [SFX] {"sound": "civ_move_2", "volume": 0.28}
[2026-09-25 21:10:41.539] [SFX] {"sound": "civ_move_1", "volume": 0.09}
[2026-09-25 21:10:41.784] [M] {"button": 5, "pos": [348, 251], "ui_clicked": false}
[2026-09-25 21:10:41.954] [SFX] {"sound": "civ_move_2", "volume": 0.28}
[2026-09-25 21:10:41.955] [SFX] {"sound": "civ_move_1", "volume": 0.08}
[2026-09-25 21:10:42.366] [SFX] {"sound": "civ_move_2", "volume": 0.28}
[2026-09-25 21:10:42.366] [SFX] {"sound": "civ_move_1", "volume": 0.08}
[2026-09-25 21:10:42.781] [SFX] {"sound": "civ_move_2", "volume": 0.28}
[2026-09-25 21:10:42.782] [SFX] {"sound": "civ_move_1", "volume": 0.07}
[2026-09-25 21:10:43.184] [SFX] {"sound": "civ_move_2", "volume": 0.28}
[2026-09-25 21:10:43.184] [SFX] {"sound": "civ_move_1", "volume": 0.07}
[2026-09-25 21:10:43.239] [SFX] {"sound": "civ_move_2", "volume": 0.01}
[2026-09-25 21:10:43.590] [SFX] {"sound": "civ_move_2", "volume": 0.28}
[2026-09-25 21:10:43.590] [SFX] {"sound": "civ_move_1", "volume": 0.07}
[2026-09-25 21:10:43.641] [SFX] {"sound": "civ_move_2", "volume": 0.02}
[2026-09-25 21:10:43.990] [SFX] {"sound": "civ_move_2", "volume": 0.28}
[2026-09-25 21:10:43.991] [SFX] {"sound": "civ_move_1", "volume": 0.07}
[2026-09-25 21:10:44.041] [SFX] {"sound": "civ_move_2", "volume": 0.03}
[2026-09-25 21:10:44.378] [SFX] {"sound": "civ_move_1", "volume": 0.01}
[2026-09-25 21:10:44.401] [SFX] {"sound": "civ_move_2", "volume": 0.28}
[2026-09-25 21:10:44.402] [SFX] {"sound": "civ_move_1", "volume": 0.08}
[2026-09-25 21:10:44.451] [SFX] {"sound": "civ_move_2", "volume": 0.04}
[2026-09-25 21:10:44.788] [SFX] {"sound": "civ_move_1", "volume": 0.02}
[2026-09-25 21:10:44.812] [SFX] {"sound": "civ_move_2", "volume": 0.28}
[2026-09-25 21:10:44.812] [SFX] {"sound": "civ_move_1", "volume": 0.08}
[2026-09-25 21:10:44.860] [SFX] {"sound": "civ_move_2", "volume": 0.05}
[2026-09-25 21:10:45.195] [SFX] {"sound": "civ_move_1", "volume": 0.03}
[2026-09-25 21:10:45.218] [SFX] {"sound": "civ_move_2", "volume": 0.28}
[2026-09-25 21:10:45.219] [SFX] {"sound": "civ_move_1", "volume": 0.09}
[2026-09-25 21:10:45.268] [SFX] {"sound": "civ_move_2", "volume": 0.06}
[2026-09-25 21:10:45.599] [SFX] {"sound": "civ_move_1", "volume": 0.04}
[2026-09-25 21:10:45.623] [SFX] {"sound": "civ_move_2", "volume": 0.28}
[2026-09-25 21:10:45.624] [SFX] {"sound": "civ_move_1", "volume": 0.09}
[2026-09-25 21:10:45.674] [SFX] {"sound": "civ_move_2", "volume": 0.07}
[2026-09-25 21:10:45.778] [M] {"button": 4, "pos": [282, 230], "ui_clicked": false}
[2026-09-25 21:10:45.799] [M] {"button": 4, "pos": [283, 230], "ui_clicked": false}
[2026-09-25 21:10:46.001] [SFX] {"sound": "civ_move_1", "volume": 0.05}
[2026-09-25 21:10:46.024] [SFX] {"sound": "civ_move_2", "volume": 0.28}
[2026-09-25 21:10:46.025] [SFX] {"sound": "civ_move_1", "volume": 0.09}
[2026-09-25 21:10:46.089] [SFX] {"sound": "civ_move_2", "volume": 0.08}
[2026-09-25 21:10:46.303] [SFX] {"sound": "civ_move_2", "volume": 0.01}
[2026-09-25 21:10:46.407] [SFX] {"sound": "civ_move_1", "volume": 0.06}
[2026-09-25 21:10:46.430] [SFX] {"sound": "civ_move_2", "volume": 0.28}
[2026-09-25 21:10:46.431] [SFX] {"sound": "civ_move_1", "volume": 0.07}
[2026-09-25 21:10:46.498] [SFX] {"sound": "civ_move_2", "volume": 0.09}
[2026-09-25 21:10:46.712] [SFX] {"sound": "civ_move_2", "volume": 0.01}
[2026-09-25 21:10:46.812] [SFX] {"sound": "civ_move_1", "volume": 0.07}
[2026-09-25 21:10:46.834] [SFX] {"sound": "civ_move_2", "volume": 0.28}
[2026-09-25 21:10:46.835] [SFX] {"sound": "civ_move_1", "volume": 0.06}
[2026-09-25 21:10:46.902] [SFX] {"sound": "civ_move_2", "volume": 0.1}
[2026-09-25 21:10:47.135] [SFX] {"sound": "civ_move_2", "volume": 0.0}
[2026-09-25 21:10:47.220] [SFX] {"sound": "civ_move_1", "volume": 0.08}
[2026-09-25 21:10:47.244] [SFX] {"sound": "civ_move_2", "volume": 0.28}
[2026-09-25 21:10:47.245] [SFX] {"sound": "civ_move_1", "volume": 0.06}
[2026-09-25 21:10:47.311] [SFX] {"sound": "civ_move_2", "volume": 0.11}
[2026-09-25 21:10:47.545] [SFX] {"sound": "civ_move_2", "volume": 0.01}
[2026-09-25 21:10:47.632] [SFX] {"sound": "civ_move_1", "volume": 0.09}
[2026-09-25 21:10:47.655] [SFX] {"sound": "civ_move_2", "volume": 0.28}
[2026-09-25 21:10:47.656] [SFX] {"sound": "civ_move_1", "volume": 0.06}
[2026-09-25 21:10:47.720] [SFX] {"sound": "civ_move_2", "volume": 0.12}
[2026-09-25 21:10:47.951] [SFX] {"sound": "civ_move_2", "volume": 0.01}
[2026-09-25 21:10:48.036] [SFX] {"sound": "civ_move_1", "volume": 0.1}
[2026-09-25 21:10:48.059] [SFX] {"sound": "civ_move_2", "volume": 0.28}
[2026-09-25 21:10:48.059] [SFX] {"sound": "civ_move_1", "volume": 0.05}
[2026-09-25 21:10:48.127] [SFX] {"sound": "civ_move_2", "volume": 0.13}
[2026-09-25 21:10:48.367] [SFX] {"sound": "civ_move_2", "volume": 0.02}
[2026-09-25 21:10:48.449] [SFX] {"sound": "civ_move_1", "volume": 0.11}
[2026-09-25 21:10:48.472] [SFX] {"sound": "civ_move_2", "volume": 0.28}
[2026-09-25 21:10:48.534] [SFX] {"sound": "civ_move_2", "volume": 0.14}
[2026-09-25 21:10:48.766] [SFX] {"sound": "civ_move_2", "volume": 0.02}
[2026-09-25 21:10:48.849] [SFX] {"sound": "civ_move_1", "volume": 0.12}
[2026-09-25 21:10:48.872] [SFX] {"sound": "civ_move_2", "volume": 0.28}
[2026-09-25 21:10:48.949] [SFX] {"sound": "civ_move_2", "volume": 0.15}
[2026-09-25 21:10:49.167] [SFX] {"sound": "civ_move_2", "volume": 0.03}
[2026-09-25 21:10:49.252] [SFX] {"sound": "civ_move_1", "volume": 0.13}
[2026-09-25 21:10:49.274] [SFX] {"sound": "civ_move_2", "volume": 0.28}
[2026-09-25 21:10:49.357] [SFX] {"sound": "civ_move_2", "volume": 0.16}
[2026-09-25 21:10:49.494] [SFX] {"sound": "civ_move_2", "volume": 0.01}
[2026-09-25 21:10:49.580] [SFX] {"sound": "civ_move_2", "volume": 0.03}
[2026-09-25 21:10:49.665] [SFX] {"sound": "civ_move_1", "volume": 0.14}
[2026-09-25 21:10:49.688] [SFX] {"sound": "civ_move_2", "volume": 0.28}
[2026-09-25 21:10:49.768] [SFX] {"sound": "civ_move_2", "volume": 0.17}
[2026-09-25 21:10:49.905] [SFX] {"sound": "civ_move_2", "volume": 0.01}
[2026-09-25 21:10:49.988] [SFX] {"sound": "civ_move_2", "volume": 0.04}
[2026-09-25 21:10:50.072] [SFX] {"sound": "civ_move_1", "volume": 0.14}
[2026-09-25 21:10:50.097] [SFX] {"sound": "civ_move_2", "volume": 0.28}
[2026-09-25 21:10:50.181] [SFX] {"sound": "civ_move_2", "volume": 0.18}
[2026-09-25 21:10:50.317] [SFX] {"sound": "civ_move_2", "volume": 0.0}
[2026-09-25 21:10:50.391] [SFX] {"sound": "civ_move_2", "volume": 0.04}
[2026-09-25 21:10:50.478] [SFX] {"sound": "civ_move_1", "volume": 0.15}
[2026-09-25 21:10:50.501] [SFX] {"sound": "civ_move_2", "volume": 0.28}
[2026-09-25 21:10:50.583] [SFX] {"sound": "civ_move_2", "volume": 0.18}
[2026-09-25 21:10:50.718] [M] {"button": 4, "pos": [435, 101], "ui_clicked": false}
[2026-09-25 21:10:50.801] [SFX] {"sound": "civ_move_2", "volume": 0.04}
[2026-09-25 21:10:50.883] [SFX] {"sound": "civ_move_1", "volume": 0.16}
[2026-09-25 21:10:50.906] [SFX] {"sound": "civ_move_2", "volume": 0.28}
[2026-09-25 21:10:50.986] [SFX] {"sound": "civ_move_2", "volume": 0.19}
[2026-09-25 21:10:51.204] [SFX] {"sound": "civ_move_2", "volume": 0.04}
[2026-09-25 21:10:51.287] [SFX] {"sound": "civ_move_1", "volume": 0.17}
[2026-09-25 21:10:51.309] [SFX] {"sound": "civ_move_2", "volume": 0.28}
[2026-09-25 21:10:51.396] [SFX] {"sound": "civ_move_2", "volume": 0.2}
[2026-09-25 21:10:51.609] [SFX] {"sound": "civ_move_2", "volume": 0.04}
[2026-09-25 21:10:51.693] [SFX] {"sound": "civ_move_1", "volume": 0.18}
[2026-09-25 21:10:51.715] [SFX] {"sound": "civ_move_2", "volume": 0.28}
[2026-09-25 21:10:51.799] [SFX] {"sound": "civ_move_2", "volume": 0.21}
[2026-09-25 21:10:52.013] [SFX] {"sound": "civ_move_2", "volume": 0.04}
[2026-09-25 21:10:52.100] [SFX] {"sound": "civ_move_1", "volume": 0.19}
[2026-09-25 21:10:52.124] [SFX] {"sound": "civ_move_2", "volume": 0.28}
[2026-09-25 21:10:52.155] [C] {"civ_pos": [46, 101]}
[2026-09-25 21:10:52.210] [JACK] Schon wieder ein ziviler Datenknoten auf unserem Schirm.
[2026-09-25 21:10:52.233] [SFX] {"sound": "civ_move_2", "volume": 0.22}
[2026-09-25 21:10:52.416] [SFX] {"sound": "civ_move_2", "volume": 0.04}
[2026-09-25 21:10:52.502] [SFX] {"sound": "civ_move_1", "volume": 0.2}
[2026-09-25 21:10:52.523] [SFX] {"sound": "civ_move_2", "volume": 0.28}
[2026-09-25 21:10:52.636] [SFX] {"sound": "civ_move_2", "volume": 0.23}
[2026-09-25 21:10:52.818] [SFX] {"sound": "civ_move_2", "volume": 0.04}
[2026-09-25 21:10:52.903] [SFX] {"sound": "civ_move_1", "volume": 0.21}
[2026-09-25 21:10:52.924] [SFX] {"sound": "civ_move_2", "volume": 0.28}
[2026-09-25 21:10:53.052] [SFX] {"sound": "civ_move_2", "volume": 0.3}
[2026-09-25 21:10:53.233] [SFX] {"sound": "civ_move_2", "volume": 0.03}
[2026-09-25 21:10:53.318] [SFX] {"sound": "civ_move_2", "volume": 0.28}
[2026-09-25 21:10:53.319] [SFX] {"sound": "civ_move_1", "volume": 0.22}
[2026-09-25 21:10:53.453] [SFX] {"sound": "civ_move_2", "volume": 0.28}
[2026-09-25 21:10:53.634] [SFX] {"sound": "civ_move_2", "volume": 0.03}
[2026-09-25 21:10:53.719] [SFX] {"sound": "civ_move_2", "volume": 0.28}
[2026-09-25 21:10:53.720] [SFX] {"sound": "civ_move_1", "volume": 0.23}
[2026-09-25 21:10:53.853] [SFX] {"sound": "civ_move_2", "volume": 0.27}
[2026-09-25 21:10:54.038] [SFX] {"sound": "civ_move_2", "volume": 0.03}
[2026-09-25 21:10:54.124] [SFX] {"sound": "civ_move_2", "volume": 0.28}
[2026-09-25 21:10:54.125] [SFX] {"sound": "civ_move_1", "volume": 0.3}
[2026-09-25 21:10:54.257] [SFX] {"sound": "civ_move_2", "volume": 0.26}
[2026-09-25 21:10:54.441] [SFX] {"sound": "civ_move_2", "volume": 0.03}
[2026-09-25 21:10:54.524] [SFX] {"sound": "civ_move_2", "volume": 0.28}
[2026-09-25 21:10:54.525] [SFX] {"sound": "civ_move_1", "volume": 0.28}
[2026-09-25 21:10:54.659] [SFX] {"sound": "civ_move_2", "volume": 0.25}
[2026-09-25 21:10:54.843] [SFX] {"sound": "civ_move_2", "volume": 0.03}
[2026-09-25 21:10:54.927] [SFX] {"sound": "civ_move_2", "volume": 0.28}
[2026-09-25 21:10:54.928] [SFX] {"sound": "civ_move_1", "volume": 0.27}
[2026-09-25 21:10:55.061] [SFX] {"sound": "civ_move_2", "volume": 0.23}
[2026-09-25 21:10:55.246] [SFX] {"sound": "civ_move_2", "volume": 0.02}
[2026-09-25 21:10:55.333] [SFX] {"sound": "civ_move_2", "volume": 0.28}
[2026-09-25 21:10:55.334] [SFX] {"sound": "civ_move_1", "volume": 0.26}
[2026-09-25 21:10:55.465] [SFX] {"sound": "civ_move_2", "volume": 0.22}
[2026-09-25 21:10:55.650] [SFX] {"sound": "civ_move_2", "volume": 0.02}
[2026-09-25 21:10:55.734] [SFX] {"sound": "civ_move_2", "volume": 0.28}
[2026-09-25 21:10:55.735] [SFX] {"sound": "civ_move_1", "volume": 0.25}
[2026-09-25 21:10:55.866] [SFX] {"sound": "civ_move_2", "volume": 0.21}
[2026-09-25 21:10:56.066] [SFX] {"sound": "civ_move_2", "volume": 0.02}
[2026-09-25 21:10:56.150] [SFX] {"sound": "civ_move_2", "volume": 0.28}
[2026-09-25 21:10:56.151] [SFX] {"sound": "civ_move_1", "volume": 0.24}
[2026-09-25 21:10:56.269] [SFX] {"sound": "civ_move_2", "volume": 0.2}
[2026-09-25 21:10:56.469] [SFX] {"sound": "civ_move_2", "volume": 0.01}
[2026-09-25 21:10:56.552] [SFX] {"sound": "civ_move_2", "volume": 0.28}
[2026-09-25 21:10:56.553] [SFX] {"sound": "civ_move_1", "volume": 0.22}
[2026-09-25 21:10:56.670] [SFX] {"sound": "civ_move_2", "volume": 0.19}
[2026-09-25 21:10:56.869] [SFX] {"sound": "civ_move_2", "volume": 0.01}
[2026-09-25 21:10:56.968] [SFX] {"sound": "civ_move_2", "volume": 0.28}
[2026-09-25 21:10:56.968] [SFX] {"sound": "civ_move_1", "volume": 0.21}
[2026-09-25 21:10:57.070] [SFX] {"sound": "civ_move_2", "volume": 0.17}
[2026-09-25 21:10:57.270] [SFX] {"sound": "civ_move_2", "volume": 0.0}
[2026-09-25 21:10:57.370] [SFX] {"sound": "civ_move_2", "volume": 0.28}
[2026-09-25 21:10:57.371] [SFX] {"sound": "civ_move_1", "volume": 0.2}
[2026-09-25 21:10:57.486] [SFX] {"sound": "civ_move_2", "volume": 0.16}
[2026-09-25 21:10:57.784] [SFX] {"sound": "civ_move_2", "volume": 0.28}
[2026-09-25 21:10:57.784] [SFX] {"sound": "civ_move_1", "volume": 0.19}
[2026-09-25 21:10:57.903] [SFX] {"sound": "civ_move_2", "volume": 0.15}
[2026-09-25 21:10:58.187] [SFX] {"sound": "civ_move_2", "volume": 0.28}
[2026-09-25 21:10:58.188] [SFX] {"sound": "civ_move_1", "volume": 0.18}
[2026-09-25 21:10:58.305] [SFX] {"sound": "civ_move_2", "volume": 0.14}
[2026-09-25 21:10:58.586] [SFX] {"sound": "civ_move_2", "volume": 0.28}
[2026-09-25 21:10:58.587] [SFX] {"sound": "civ_move_1", "volume": 0.16}
[2026-09-25 21:10:58.721] [SFX] {"sound": "civ_move_2", "volume": 0.13}
[2026-09-25 21:10:58.987] [SFX] {"sound": "civ_move_2", "volume": 0.28}
[2026-09-25 21:10:58.988] [SFX] {"sound": "civ_move_1", "volume": 0.15}
[2026-09-25 21:10:59.123] [SFX] {"sound": "civ_move_2", "volume": 0.13}
[2026-09-25 21:10:59.389] [SFX] {"sound": "civ_move_2", "volume": 0.28}
[2026-09-25 21:10:59.389] [SFX] {"sound": "civ_move_1", "volume": 0.14}
[2026-09-25 21:10:59.539] [SFX] {"sound": "civ_move_2", "volume": 0.11}
[2026-09-25 21:10:59.802] [SFX] {"sound": "civ_move_2", "volume": 0.28}
[2026-09-25 21:10:59.803] [SFX] {"sound": "civ_move_1", "volume": 0.13}
[2026-09-25 21:10:59.952] [SFX] {"sound": "civ_move_2", "volume": 0.11}
[2026-09-25 21:11:00.218] [SFX] {"sound": "civ_move_2", "volume": 0.28}
[2026-09-25 21:11:00.219] [SFX] {"sound": "civ_move_1", "volume": 0.13}
[2026-09-25 21:11:00.352] [SFX] {"sound": "civ_move_2", "volume": 0.11}
[2026-09-25 21:11:00.433] [M] {"button": 1, "pos": [227, 207], "ui_clicked": false}
[2026-09-25 21:11:00.440] [P] {"start": [46, 99], "goal": [116, 36], "length": 10, "is_direction_change": false}
[2026-09-25 21:11:00.471] [JACK] Kurzer Blick um die Ecke...
[2026-09-25 21:11:00.492] [C] {"civ_pos": [46, 96]}
[2026-09-25 21:11:00.629] [SFX] {"sound": "civ_move_2", "volume": 0.23}
[2026-09-25 21:11:00.630] [SFX] {"sound": "civ_move_1", "volume": 0.16}
[2026-09-25 21:11:00.749] [SFX] {"sound": "player_move", "volume": 0.4}
[2026-09-25 21:11:00.771] [SFX] {"sound": "civ_move_2", "volume": 0.15}
[2026-09-25 21:11:00.935] [SFX] {"sound": "civ_move_1", "volume": 0.0}
[2026-09-25 21:11:01.040] [SFX] {"sound": "civ_move_2", "volume": 0.18}
[2026-09-25 21:11:01.041] [SFX] {"sound": "civ_move_1", "volume": 0.21}
[2026-09-25 21:11:01.064] [SFX] {"sound": "player_move", "volume": 0.4}
[2026-09-25 21:11:01.179] [SFX] {"sound": "civ_move_2", "volume": 0.21}
[2026-09-25 21:11:01.346] [SFX] {"sound": "civ_move_1", "volume": 0.03}
[2026-09-25 21:11:01.369] [SFX] {"sound": "player_move", "volume": 0.4}
[2026-09-25 21:11:01.451] [SFX] {"sound": "civ_move_2", "volume": 0.14}
[2026-09-25 21:11:01.452] [SFX] {"sound": "civ_move_1", "volume": 0.25}
[2026-09-25 21:11:01.584] [SFX] {"sound": "civ_move_2", "volume": 0.26}
[2026-09-25 21:11:01.669] [SFX] {"sound": "player_move", "volume": 0.4}
[2026-09-25 21:11:01.754] [SFX] {"sound": "civ_move_1", "volume": 0.02}
[2026-09-25 21:11:01.857] [SFX] {"sound": "civ_move_2", "volume": 0.12}
[2026-09-25 21:11:01.857] [SFX] {"sound": "civ_move_1", "volume": 0.28}
[2026-09-25 21:11:01.973] [SFX] {"sound": "player_move", "volume": 0.4}
[2026-09-25 21:11:01.995] [SFX] {"sound": "civ_move_2", "volume": 0.23}
[2026-09-25 21:11:02.266] [SFX] {"sound": "civ_move_2", "volume": 0.09}
[2026-09-25 21:11:02.266] [SFX] {"sound": "civ_move_1", "volume": 0.27}
[2026-09-25 21:11:02.288] [SFX] {"sound": "player_move", "volume": 0.4}
[2026-09-25 21:11:02.399] [SFX] {"sound": "civ_move_2", "volume": 0.17}
[2026-09-25 21:11:02.597] [SFX] {"sound": "player_move", "volume": 0.4}
[2026-09-25 21:11:02.666] [SFX] {"sound": "civ_move_2", "volume": 0.06}
[2026-09-25 21:11:02.667] [SFX] {"sound": "civ_move_1", "volume": 0.22}
[2026-09-25 21:11:02.814] [SFX] {"sound": "civ_move_2", "volume": 0.11}
[2026-09-25 21:11:02.848] [SFX] {"sound": "civ_move_1", "volume": 0.03}
[2026-09-25 21:11:02.900] [SFX] {"sound": "player_move", "volume": 0.4}
[2026-09-25 21:11:03.082] [SFX] {"sound": "civ_move_2", "volume": 0.02}
[2026-09-25 21:11:03.083] [SFX] {"sound": "civ_move_1", "volume": 0.17}
[2026-09-25 21:11:03.200] [SFX] {"sound": "player_move", "volume": 0.4}
[2026-09-25 21:11:03.224] [SFX] {"sound": "civ_move_2", "volume": 0.06}
[2026-09-25 21:11:03.256] [SFX] {"sound": "civ_move_1", "volume": 0.08}
[2026-09-25 21:11:03.488] [SFX] {"sound": "civ_move_1", "volume": 0.12}
[2026-09-25 21:11:03.488] [SFX] {"sound": "civ_move_1", "volume": 0.04}
[2026-09-25 21:11:03.509] [SFX] {"sound": "player_move", "volume": 0.4}
[2026-09-25 21:11:03.622] [SFX] {"sound": "civ_move_2", "volume": 0.01}
[2026-09-25 21:11:03.659] [SFX] {"sound": "civ_move_1", "volume": 0.12}
[2026-09-25 21:11:03.816] [SFX] {"sound": "player_move", "volume": 0.4}
[2026-09-25 21:11:03.901] [SFX] {"sound": "civ_move_1", "volume": 0.08}
[2026-09-25 21:11:03.902] [SFX] {"sound": "civ_move_1", "volume": 0.1}
[2026-09-25 21:11:04.002] [C] {"civ_pos": [94, 74]}
[2026-09-25 21:11:04.057] [SFX] {"sound": "civ_move_1", "volume": 0.01}
[2026-09-25 21:11:04.058] [SFX] {"sound": "civ_move_2", "volume": 0.28}
[2026-09-25 21:11:04.080] [SFX] {"sound": "civ_move_1", "volume": 0.17}
[2026-09-25 21:11:04.125] [SFX] {"sound": "player_move", "volume": 0.4}
[2026-09-25 21:11:04.279] [SFX] {"sound": "civ_move_2", "volume": 0.02}
[2026-09-25 21:11:04.313] [SFX] {"sound": "civ_move_1", "volume": 0.04}
[2026-09-25 21:11:04.313] [SFX] {"sound": "civ_move_1", "volume": 0.14}
[2026-09-25 21:11:04.429] [SFX] {"sound": "player_move", "volume": 0.4}
[2026-09-25 21:11:04.463] [SFX] {"sound": "civ_move_1", "volume": 0.04}
[2026-09-25 21:11:04.464] [SFX] {"sound": "civ_move_2", "volume": 0.25}
[2026-09-25 21:11:04.486] [SFX] {"sound": "civ_move_1", "volume": 0.19}
[2026-09-25 21:11:04.581] [SFX] {"sound": "civ_move_2", "volume": 0.05}
[2026-09-25 21:11:04.714] [SFX] {"sound": "civ_move_2", "volume": 0.02}
[2026-09-25 21:11:04.715] [SFX] {"sound": "civ_move_1", "volume": 0.19}
[2026-09-25 21:11:04.737] [SFX] {"sound": "player_move", "volume": 0.4}
[2026-09-25 21:11:04.785] [SFX] {"sound": "civ_move_2", "volume": 0.01}
[2026-09-25 21:11:04.867] [SFX] {"sound": "civ_move_1", "volume": 0.08}
[2026-09-25 21:11:04.868] [SFX] {"sound": "civ_move_2", "volume": 0.17}
[2026-09-25 21:11:04.891] [SFX] {"sound": "civ_move_1", "volume": 0.17}
[2026-09-25 21:11:04.987] [SFX] {"sound": "civ_move_2", "volume": 0.09}
[2026-09-25 21:11:05.038] [SFX] {"sound": "player_move", "volume": 0.4}
[2026-09-25 21:11:05.090] [SFX] {"sound": "civ_move_2", "volume": 0.05}
[2026-09-25 21:11:05.124] [SFX] {"sound": "civ_move_2", "volume": 0.06}
[2026-09-25 21:11:05.125] [SFX] {"sound": "civ_move_1", "volume": 0.22}
[2026-09-25 21:11:05.190] [SFX] {"sound": "civ_move_2", "volume": 0.05}
[2026-09-25 21:11:05.274] [SFX] {"sound": "civ_move_1", "volume": 0.13}
[2026-09-25 21:11:05.297] [SFX] {"sound": "civ_move_2", "volume": 0.13}
[2026-09-25 21:11:05.343] [SFX] {"sound": "player_move", "volume": 0.4}
[2026-09-25 21:11:05.394] [SFX] {"sound": "civ_move_2", "volume": 0.13}
[2026-09-25 21:11:05.491] [SFX] {"sound": "civ_move_2", "volume": 0.05}
[2026-09-25 21:11:05.525] [SFX] {"sound": "civ_move_2", "volume": 0.09}
[2026-09-25 21:11:05.594] [SFX] {"sound": "civ_move_2", "volume": 0.08}
[2026-09-25 21:11:05.645] [SFX] {"sound": "player_move", "volume": 0.4}
[2026-09-25 21:11:05.680] [SFX] {"sound": "civ_move_1", "volume": 0.15}
[2026-09-25 21:11:05.702] [SFX] {"sound": "civ_move_2", "volume": 0.1}
[2026-09-25 21:11:05.801] [SFX] {"sound": "civ_move_2", "volume": 0.14}
[2026-09-25 21:11:05.935] [SFX] {"sound": "civ_move_2", "volume": 0.16}
[2026-09-25 21:11:05.957] [SFX] {"sound": "player_move", "volume": 0.4}
[2026-09-25 21:11:06.010] [SFX] {"sound": "civ_move_2", "volume": 0.11}
[2026-09-25 21:11:06.095] [SFX] {"sound": "civ_move_1", "volume": 0.13}
[2026-09-25 21:11:06.119] [SFX] {"sound": "civ_move_2", "volume": 0.08}
[2026-09-25 21:11:06.201] [SFX] {"sound": "civ_move_2", "volume": 0.11}
[2026-09-25 21:11:06.253] [SFX] {"sound": "player_move", "volume": 0.4}
[2026-09-25 21:11:06.338] [SFX] {"sound": "civ_move_2", "volume": 0.23}
[2026-09-25 21:11:06.421] [SFX] {"sound": "civ_move_2", "volume": 0.14}
[2026-09-25 21:11:06.506] [SFX] {"sound": "civ_move_1", "volume": 0.09}
[2026-09-25 21:11:06.529] [SFX] {"sound": "civ_move_2", "volume": 0.05}
[2026-09-25 21:11:06.562] [SFX] {"sound": "player_move", "volume": 0.4}
[2026-09-25 21:11:06.598] [SFX] {"sound": "civ_move_1", "volume": 0.11}
[2026-09-25 21:11:06.621] [SFX] {"sound": "civ_move_2", "volume": 0.07}
[2026-09-25 21:11:06.621] [C] {"civ_pos": [118, 46]}
[2026-09-25 21:11:06.670] [JACK] Sieht aus wie ein harmloses Datenpaket. Oder verbirgt er was?
[2026-09-25 21:11:06.750] [SFX] {"sound": "civ_move_2", "volume": 0.23}
[2026-09-25 21:11:06.836] [SFX] {"sound": "civ_move_2", "volume": 0.15}
[2026-09-25 21:11:06.871] [SFX] {"sound": "player_move", "volume": 0.4}
[2026-09-25 21:11:06.920] [SFX] {"sound": "civ_move_1", "volume": 0.04}
[2026-09-25 21:11:06.943] [SFX] {"sound": "civ_move_2", "volume": 0.01}
[2026-09-25 21:11:07.009] [SFX] {"sound": "civ_move_1", "volume": 0.14}
[2026-09-25 21:11:07.032] [SFX] {"sound": "civ_move_2", "volume": 0.02}
[2026-09-25 21:11:07.165] [SFX] {"sound": "civ_move_2", "volume": 0.17}
[2026-09-25 21:11:07.188] [SFX] {"sound": "player_move", "volume": 0.4}
[2026-09-25 21:11:07.237] [SFX] {"sound": "civ_move_2", "volume": 0.12}
[2026-09-25 21:11:07.337] [SFX] {"sound": "civ_move_1", "volume": 0.01}
[2026-09-25 21:11:07.436] [SFX] {"sound": "civ_move_1", "volume": 0.15}
[2026-09-25 21:11:07.569] [SFX] {"sound": "civ_move_2", "volume": 0.16}
[2026-09-25 21:11:07.641] [SFX] {"sound": "civ_move_2", "volume": 0.11}
[2026-09-25 21:11:07.743] [SFX] {"sound": "civ_move_1", "volume": 0.01}
[2026-09-25 21:11:07.842] [SFX] {"sound": "civ_move_1", "volume": 0.14}
[2026-09-25 21:11:07.925] [M] {"button": 4, "pos": [327, 170], "ui_clicked": false}
[2026-09-25 21:11:07.978] [SFX] {"sound": "civ_move_2", "volume": 0.15}
[2026-09-25 21:11:08.011] [M] {"button": 4, "pos": [327, 170], "ui_clicked": false}
[2026-09-25 21:11:08.047] [SFX] {"sound": "civ_move_2", "volume": 0.11}
[2026-09-25 21:11:08.149] [SFX] {"sound": "civ_move_1", "volume": 0.01}
[2026-09-25 21:11:08.250] [SFX] {"sound": "civ_move_1", "volume": 0.13}
[2026-09-25 21:11:08.386] [SFX] {"sound": "civ_move_2", "volume": 0.14}
[2026-09-25 21:11:08.454] [SFX] {"sound": "civ_move_2", "volume": 0.11}
[2026-09-25 21:11:08.554] [SFX] {"sound": "civ_move_1", "volume": 0.01}
[2026-09-25 21:11:08.655] [SFX] {"sound": "civ_move_1", "volume": 0.11}
[2026-09-25 21:11:08.794] [SFX] {"sound": "civ_move_2", "volume": 0.13}
[2026-09-25 21:11:08.962] [SFX] {"sound": "civ_move_1", "volume": 0.01}
[2026-09-25 21:11:09.064] [SFX] {"sound": "civ_move_1", "volume": 0.1}
[2026-09-25 21:11:09.197] [SFX] {"sound": "civ_move_2", "volume": 0.12}
[2026-09-25 21:11:09.267] [SFX] {"sound": "civ_move_2", "volume": 0.13}
[2026-09-25 21:11:09.368] [SFX] {"sound": "civ_move_1", "volume": 0.02}
[2026-09-25 21:11:09.471] [SFX] {"sound": "civ_move_1", "volume": 0.09}
[2026-09-25 21:11:09.611] [SFX] {"sound": "civ_move_2", "volume": 0.11}
[2026-09-25 21:11:09.683] [SFX] {"sound": "civ_move_2", "volume": 0.13}
[2026-09-25 21:11:09.768] [SFX] {"sound": "civ_move_1", "volume": 0.03}
[2026-09-25 21:11:09.885] [SFX] {"sound": "civ_move_1", "volume": 0.08}
[2026-09-25 21:11:09.921] [M] {"button": 1, "pos": [232, 158], "ui_clicked": false}
[2026-09-25 21:11:09.929] [P] {"start": [116, 36], "goal": [111, 36], "length": 1, "is_direction_change": false}
[2026-09-25 21:11:09.930] [SFX] {"sound": "click_target", "volume": 0.71}
[2026-09-25 21:11:10.017] [SFX] {"sound": "civ_move_2", "volume": 0.1}
[2026-09-25 21:11:10.052] [SFX] {"sound": "player_move", "volume": 0.4}
[2026-09-25 21:11:10.178] [SFX] {"sound": "civ_move_1", "volume": 0.04}
[2026-09-25 21:11:10.294] [SFX] {"sound": "civ_move_1", "volume": 0.1}
[2026-09-25 21:11:10.430] [SFX] {"sound": "civ_move_2", "volume": 0.08}
[2026-09-25 21:11:10.583] [SFX] {"sound": "civ_move_1", "volume": 0.05}
[2026-09-25 21:11:10.701] [SFX] {"sound": "civ_move_1", "volume": 0.09}
[2026-09-25 21:11:10.834] [SFX] {"sound": "civ_move_2", "volume": 0.07}
[2026-09-25 21:11:10.983] [SFX] {"sound": "civ_move_1", "volume": 0.06}
[2026-09-25 21:11:11.101] [SFX] {"sound": "civ_move_1", "volume": 0.08}
[2026-09-25 21:11:11.136] [M] {"button": 1, "pos": [194, 183], "ui_clicked": false}
[2026-09-25 21:11:11.144] [P] {"start": [111, 36], "goal": [105, 36], "length": 1, "is_direction_change": false}
[2026-09-25 21:11:11.145] [SFX] {"sound": "click_target", "volume": 0.7}
[2026-09-25 21:11:11.246] [SFX] {"sound": "civ_move_2", "volume": 0.06}
[2026-09-25 21:11:11.332] [SFX] {"sound": "player_move", "volume": 0.4}
[2026-09-25 21:11:11.385] [SFX] {"sound": "civ_move_1", "volume": 0.06}
[2026-09-25 21:11:11.517] [SFX] {"sound": "civ_move_1", "volume": 0.11}
[2026-09-25 21:11:11.652] [SFX] {"sound": "civ_move_2", "volume": 0.04}
[2026-09-25 21:11:11.786] [SFX] {"sound": "civ_move_1", "volume": 0.06}
[2026-09-25 21:11:11.919] [SFX] {"sound": "civ_move_1", "volume": 0.1}
[2026-09-25 21:11:12.053] [SFX] {"sound": "civ_move_2", "volume": 0.03}
[2026-09-25 21:11:12.189] [SFX] {"sound": "civ_move_1", "volume": 0.07}
[2026-09-25 21:11:12.323] [SFX] {"sound": "civ_move_1", "volume": 0.09}
[2026-09-25 21:11:12.455] [SFX] {"sound": "civ_move_2", "volume": 0.02}
[2026-09-25 21:11:12.590] [SFX] {"sound": "civ_move_1", "volume": 0.08}
[2026-09-25 21:11:12.738] [SFX] {"sound": "civ_move_1", "volume": 0.07}
[2026-09-25 21:11:12.859] [SFX] {"sound": "civ_move_2", "volume": 0.02}
[2026-09-25 21:11:12.992] [SFX] {"sound": "civ_move_1", "volume": 0.09}
[2026-09-25 21:11:13.140] [SFX] {"sound": "civ_move_1", "volume": 0.06}
[2026-09-25 21:11:13.274] [SFX] {"sound": "civ_move_2", "volume": 0.01}
[2026-09-25 21:11:13.376] [SFX] {"sound": "civ_move_2", "volume": 0.24}
[2026-09-25 21:11:13.399] [SFX] {"sound": "civ_move_1", "volume": 0.1}
[2026-09-25 21:11:13.549] [SFX] {"sound": "civ_move_1", "volume": 0.05}
[2026-09-25 21:11:13.782] [SFX] {"sound": "civ_move_2", "volume": 0.24}
[2026-09-25 21:11:13.804] [SFX] {"sound": "civ_move_1", "volume": 0.11}
[2026-09-25 21:11:13.947] [SFX] {"sound": "civ_move_1", "volume": 0.04}
[2026-09-25 21:11:14.182] [SFX] {"sound": "civ_move_2", "volume": 0.24}
[2026-09-25 21:11:14.204] [SFX] {"sound": "civ_move_1", "volume": 0.11}
[2026-09-25 21:11:14.297] [SFX] {"sound": "civ_move_2", "volume": 0.0}
[2026-09-25 21:11:14.348] [SFX] {"sound": "civ_move_1", "volume": 0.03}
[2026-09-25 21:11:14.613] [SFX] {"sound": "civ_move_1", "volume": 0.12}
[2026-09-25 21:11:14.614] [SFX] {"sound": "civ_move_2", "volume": 0.23}
[2026-09-25 21:11:14.697] [SFX] {"sound": "civ_move_2", "volume": 0.01}
[2026-09-25 21:11:14.750] [SFX] {"sound": "civ_move_1", "volume": 0.01}
[2026-09-25 21:11:15.014] [SFX] {"sound": "civ_move_1", "volume": 0.13}
[2026-09-25 21:11:15.015] [SFX] {"sound": "civ_move_2", "volume": 0.22}
[2026-09-25 21:11:15.082] [M] {"button": 1, "pos": [102, 193], "ui_clicked": false}
[2026-09-25 21:11:15.090] [JACK] JACK // HIGH THREAT POTENTIAL. SWITCHES FREQUENCIES FREQUENTLY. KEEP DISTANCE.
[2026-09-25 21:11:15.090] [SFX] {"sound": "click_target", "volume": 0.59}
[2026-09-25 21:11:15.109] [SFX] {"sound": "civ_move_2", "volume": 0.03}
[2026-09-25 21:11:15.155] [SFX] {"sound": "civ_move_1", "volume": 0.01}
[2026-09-25 21:11:15.290] [SFX] {"sound": "player_move", "volume": 0.4}
[2026-09-25 21:11:15.425] [SFX] {"sound": "civ_move_1", "volume": 0.1}
[2026-09-25 21:11:15.426] [SFX] {"sound": "civ_move_2", "volume": 0.26}
[2026-09-25 21:11:15.510] [SFX] {"sound": "civ_move_2", "volume": 0.1}
[2026-09-25 21:11:15.565] [SFX] {"sound": "civ_move_1", "volume": 0.06}
[2026-09-25 21:11:15.601] [SFX] {"sound": "player_move", "volume": 0.4}
[2026-09-25 21:11:15.650] [C] {"civ_pos": [91, 36]}
[2026-09-25 21:11:15.840] [SFX] {"sound": "civ_move_1", "volume": 0.07}
[2026-09-25 21:11:15.841] [SFX] {"sound": "civ_move_2", "volume": 0.29}
[2026-09-25 21:11:15.908] [SFX] {"sound": "player_move", "volume": 0.4}
[2026-09-25 21:11:15.930] [SFX] {"sound": "civ_move_2", "volume": 0.15}
[2026-09-25 21:11:15.975] [SFX] {"sound": "civ_move_1", "volume": 0.08}
[2026-09-25 21:11:16.058] [SFX] {"sound": "threat_pulse", "volume": 0.31}
[2026-09-25 21:11:16.209] [SFX] {"sound": "player_move", "volume": 0.4}
[2026-09-25 21:11:16.244] [SFX] {"sound": "civ_move_1", "volume": 0.07}
[2026-09-25 21:11:16.246] [SFX] {"sound": "civ_move_2", "volume": 0.29}
[2026-09-25 21:11:16.333] [SFX] {"sound": "civ_move_2", "volume": 0.17}
[2026-09-25 21:11:16.387] [SFX] {"sound": "civ_move_1", "volume": 0.08}
[2026-09-25 21:11:16.523] [SFX] {"sound": "player_move", "volume": 0.4}
[2026-09-25 21:11:16.644] [SFX] {"sound": "civ_move_1", "volume": 0.06}
[2026-09-25 21:11:16.645] [SFX] {"sound": "civ_move_2", "volume": 0.29}
[2026-09-25 21:11:16.748] [SFX] {"sound": "civ_move_2", "volume": 0.2}
[2026-09-25 21:11:16.799] [SFX] {"sound": "civ_move_1", "volume": 0.08}
[2026-09-25 21:11:16.832] [SFX] {"sound": "player_move", "volume": 0.4}
[2026-09-25 21:11:16.965] [SFX] {"sound": "threat_pulse", "volume": 0.32}
[2026-09-25 21:11:17.032] [M] {"button": 1, "pos": [331, 204], "ui_clicked": true}
[2026-09-25 21:11:17.058] [SFX] {"sound": "civ_move_1", "volume": 0.05}
[2026-09-25 21:11:17.058] [SFX] {"sound": "civ_move_2", "volume": 0.29}
[2026-09-25 21:11:17.140] [SFX] {"sound": "player_move", "volume": 0.4}
[2026-09-25 21:11:17.163] [SFX] {"sound": "civ_move_2", "volume": 0.22}
[2026-09-25 21:11:17.211] [SFX] {"sound": "civ_move_1", "volume": 0.08}
[2026-09-25 21:11:17.444] [SFX] {"sound": "player_move", "volume": 0.4}
[2026-09-25 21:11:17.481] [SFX] {"sound": "civ_move_1", "volume": 0.04}
[2026-09-25 21:11:17.482] [SFX] {"sound": "civ_move_2", "volume": 0.29}
[2026-09-25 21:11:17.566] [SFX] {"sound": "civ_move_2", "volume": 0.25}
[2026-09-25 21:11:17.617] [SFX] {"sound": "civ_move_1", "volume": 0.08}
[2026-09-25 21:11:17.750] [SFX] {"sound": "player_move", "volume": 0.4}
[2026-09-25 21:11:17.869] [SFX] {"sound": "civ_move_1", "volume": 0.03}
[2026-09-25 21:11:17.870] [SFX] {"sound": "civ_move_2", "volume": 0.29}
[2026-09-25 21:11:17.870] [SFX] {"sound": "threat_pulse", "volume": 0.33}
[2026-09-25 21:11:17.886] [M] {"button": 1, "pos": [344, 218], "ui_clicked": true}
[2026-09-25 21:11:17.978] [SFX] {"sound": "civ_move_2", "volume": 0.27}
[2026-09-25 21:11:18.032] [SFX] {"sound": "civ_move_1", "volume": 0.08}
[2026-09-25 21:11:18.055] [SFX] {"sound": "player_move", "volume": 0.4}
[2026-09-25 21:11:18.166] [C] {"civ_pos": [80, 36]}
[2026-09-25 21:11:18.273] [SFX] {"sound": "civ_move_1", "volume": 0.03}
[2026-09-25 21:11:18.274] [SFX] {"sound": "civ_move_2", "volume": 0.29}
[2026-09-25 21:11:18.359] [SFX] {"sound": "player_move", "volume": 0.4}
[2026-09-25 21:11:18.395] [SFX] {"sound": "civ_move_2", "volume": 0.3}
[2026-09-25 21:11:18.433] [SFX] {"sound": "civ_move_1", "volume": 0.08}
[2026-09-25 21:11:18.666] [M] {"button": 1, "pos": [346, 223], "ui_clicked": true}
[2026-09-25 21:11:18.696] [SFX] {"sound": "player_move", "volume": 0.4}
[2026-09-25 21:11:18.716] [SFX] {"sound": "civ_move_1", "volume": 0.03}
[2026-09-25 21:11:18.717] [SFX] {"sound": "civ_move_2", "volume": 0.29}
[2026-09-25 21:11:18.784] [SFX] {"sound": "threat_pulse", "volume": 0.34}
[2026-09-25 21:11:18.807] [SFX] {"sound": "civ_move_2", "volume": 0.28}
[2026-09-25 21:11:18.808] [SFX] {"sound": "infiltrate 2", "volume": 0.5}
[2026-09-25 21:11:18.839] [SFX] {"sound": "civ_move_1", "volume": 0.08}
[2026-09-25 21:11:18.973] [SFX] {"sound": "player_move", "volume": 0.4}
[2026-09-25 21:11:19.124] [SFX] {"sound": "civ_move_1", "volume": 0.03}
[2026-09-25 21:11:19.125] [SFX] {"sound": "civ_move_2", "volume": 0.29}
[2026-09-25 21:11:19.208] [SFX] {"sound": "civ_move_2", "volume": 0.25}
[2026-09-25 21:11:19.242] [SFX] {"sound": "civ_move_1", "volume": 0.08}
[2026-09-25 21:11:19.277] [SFX] {"sound": "player_move", "volume": 0.4}
[2026-09-25 21:11:19.528] [SFX] {"sound": "civ_move_1", "volume": 0.03}
[2026-09-25 21:11:19.528] [SFX] {"sound": "civ_move_2", "volume": 0.29}
[2026-09-25 21:11:19.577] [SFX] {"sound": "player_move", "volume": 0.4}
[2026-09-25 21:11:19.612] [SFX] {"sound": "civ_move_2", "volume": 0.23}
[2026-09-25 21:11:19.646] [SFX] {"sound": "civ_move_1", "volume": 0.08}
[2026-09-25 21:11:19.695] [SFX] {"sound": "threat_pulse", "volume": 0.35}
[2026-09-25 21:11:19.876] [SFX] {"sound": "player_move", "volume": 0.4}
[2026-09-25 21:11:19.928] [SFX] {"sound": "civ_move_1", "volume": 0.03}
[2026-09-25 21:11:19.928] [SFX] {"sound": "civ_move_2", "volume": 0.29}
[2026-09-25 21:11:19.978] [M] {"button": 1, "pos": [351, 223], "ui_clicked": true}
[2026-09-25 21:11:20.018] [SFX] {"sound": "civ_move_2", "volume": 0.2}
[2026-09-25 21:11:20.053] [SFX] {"sound": "civ_move_1", "volume": 0.08}
[2026-09-25 21:11:20.185] [SFX] {"sound": "player_move", "volume": 0.4}
[2026-09-25 21:11:20.335] [SFX] {"sound": "civ_move_1", "volume": 0.03}
[2026-09-25 21:11:20.336] [SFX] {"sound": "civ_move_2", "volume": 0.29}
[2026-09-25 21:11:20.357] [SFX] {"sound": "infiltrate 1", "volume": 0.5}
[2026-09-25 21:11:20.421] [SFX] {"sound": "civ_move_2", "volume": 0.18}
[2026-09-25 21:11:20.455] [SFX] {"sound": "civ_move_1", "volume": 0.08}
[2026-09-25 21:11:20.488] [SFX] {"sound": "player_move", "volume": 0.4}
[2026-09-25 21:11:20.604] [SFX] {"sound": "threat_pulse", "volume": 0.36}
[2026-09-25 21:11:20.671] [C] {"civ_pos": [71, 36]}
[2026-09-25 21:11:20.743] [SFX] {"sound": "civ_move_1", "volume": 0.03}
[2026-09-25 21:11:20.744] [SFX] {"sound": "civ_move_2", "volume": 0.29}
[2026-09-25 21:11:20.767] [SFX] {"sound": "infiltrate 1", "volume": 0.5}
[2026-09-25 21:11:20.796] [SFX] {"sound": "player_move", "volume": 0.4}
[2026-09-25 21:11:20.829] [SFX] {"sound": "civ_move_2", "volume": 0.16}
[2026-09-25 21:11:20.861] [SFX] {"sound": "civ_move_1", "volume": 0.08}
[2026-09-25 21:11:21.100] [JACK] Überall Wacheinheiten... Ihr bedrohliches Summen brennt sich ins Deck.
[2026-09-25 21:11:21.118] [SFX] {"sound": "player_move", "volume": 0.4}
[2026-09-25 21:11:21.151] [SFX] {"sound": "civ_move_1", "volume": 0.03}
[2026-09-25 21:11:21.152] [SFX] {"sound": "civ_move_2", "volume": 0.29}
[2026-09-25 21:11:21.174] [SFX] {"sound": "infiltrate 1", "volume": 0.5}
[2026-09-25 21:11:21.238] [SFX] {"sound": "civ_move_2", "volume": 0.14}
[2026-09-25 21:11:21.274] [SFX] {"sound": "civ_move_1", "volume": 0.07}
[2026-09-25 21:11:21.422] [SFX] {"sound": "player_move", "volume": 0.4}
[2026-09-25 21:11:21.506] [SFX] {"sound": "threat_pulse", "volume": 0.42}
[2026-09-25 21:11:21.556] [SFX] {"sound": "civ_move_1", "volume": 0.05}
[2026-09-25 21:11:21.557] [SFX] {"sound": "civ_move_2", "volume": 0.29}
[2026-09-25 21:11:21.580] [SFX] {"sound": "infiltrate 1", "volume": 0.5}
[2026-09-25 21:11:21.644] [SFX] {"sound": "civ_move_2", "volume": 0.13}
[2026-09-25 21:11:21.676] [SFX] {"sound": "civ_move_1", "volume": 0.06}
[2026-09-25 21:11:21.727] [SFX] {"sound": "player_move", "volume": 0.4}
[2026-09-25 21:11:21.962] [SFX] {"sound": "civ_move_1", "volume": 0.06}
[2026-09-25 21:11:21.963] [SFX] {"sound": "civ_move_2", "volume": 0.29}
[2026-09-25 21:11:21.986] [SFX] {"sound": "infiltrate 1", "volume": 0.5}
[2026-09-25 21:11:22.035] [SFX] {"sound": "player_move", "volume": 0.4}
[2026-09-25 21:11:22.058] [SFX] {"sound": "civ_move_2", "volume": 0.11}
[2026-09-25 21:11:22.088] [SFX] {"sound": "civ_move_1", "volume": 0.05}
[2026-09-25 21:11:22.323] [SFX] {"sound": "threat_pulse", "volume": 0.5}
[2026-09-25 21:11:22.346] [SFX] {"sound": "player_move", "volume": 0.4}
[2026-09-25 21:11:22.375] [SFX] {"sound": "civ_move_1", "volume": 0.07}
[2026-09-25 21:11:22.376] [SFX] {"sound": "civ_move_2", "volume": 0.29}
[2026-09-25 21:11:22.399] [SFX] {"sound": "infiltrate 2", "volume": 0.5}
[2026-09-25 21:11:22.461] [SFX] {"sound": "civ_move_2", "volume": 0.1}
[2026-09-25 21:11:22.495] [SFX] {"sound": "civ_move_1", "volume": 0.03}
[2026-09-25 21:11:22.644] [SFX] {"sound": "player_move", "volume": 0.4}
[2026-09-25 21:11:22.776] [SFX] {"sound": "civ_move_1", "volume": 0.08}
[2026-09-25 21:11:22.777] [SFX] {"sound": "civ_move_2", "volume": 0.29}
[2026-09-25 21:11:22.802] [SFX] {"sound": "infiltrate 2", "volume": 0.5}
[2026-09-25 21:11:22.836] [SFX] {"sound": "threat_pulse", "volume": 0.55}
[2026-09-25 21:11:22.869] [SFX] {"sound": "civ_move_2", "volume": 0.09}
[2026-09-25 21:11:22.903] [SFX] {"sound": "civ_move_1", "volume": 0.02}
[2026-09-25 21:11:22.952] [SFX] {"sound": "player_move", "volume": 0.4}
[2026-09-25 21:11:22.986] [SFX] {"sound": "hack_success", "volume": 1.0}
[2026-09-25 21:11:22.987] [JACK] JACK // STOLE 1 DATA FROM KIRA VANCE (DATA COURIER). TARGET FLEEING TO GUARD SPOT!
[2026-09-25 21:11:22.988] [JACK] JACK // HIGH THREAT POTENTIAL. SWITCHES FREQUENCIES FREQUENTLY. KEEP DISTANCE.
[2026-09-25 21:11:23.186] [SFX] {"sound": "civ_move_1", "volume": 0.09}
[2026-09-25 21:11:23.187] [SFX] {"sound": "civ_move_2", "volume": 0.29}
[2026-09-25 21:11:23.188] [C] {"civ_pos": [70, 36]}
[2026-09-25 21:11:23.240] [SFX] {"sound": "threat_pulse", "volume": 0.55}
[2026-09-25 21:11:23.273] [SFX] {"sound": "civ_move_2", "volume": 0.08}
[2026-09-25 21:11:23.307] [SFX] {"sound": "civ_move_1", "volume": 0.01}
[2026-09-25 21:11:23.589] [SFX] {"sound": "civ_move_1", "volume": 0.11}
[2026-09-25 21:11:23.589] [SFX] {"sound": "civ_move_2", "volume": 0.29}
[2026-09-25 21:11:23.654] [SFX] {"sound": "threat_pulse", "volume": 0.53}
[2026-09-25 21:11:23.691] [SFX] {"sound": "civ_move_2", "volume": 0.06}
[2026-09-25 21:11:23.992] [SFX] {"sound": "civ_move_1", "volume": 0.12}
[2026-09-25 21:11:23.993] [SFX] {"sound": "civ_move_2", "volume": 0.29}
[2026-09-25 21:11:24.095] [SFX] {"sound": "civ_move_2", "volume": 0.05}
[2026-09-25 21:11:24.162] [SFX] {"sound": "threat_pulse", "volume": 0.51}
[2026-09-25 21:11:24.394] [SFX] {"sound": "civ_move_1", "volume": 0.13}
[2026-09-25 21:11:24.395] [SFX] {"sound": "civ_move_2", "volume": 0.29}
[2026-09-25 21:11:24.494] [SFX] {"sound": "civ_move_2", "volume": 0.04}
[2026-09-25 21:11:24.674] [M] {"button": 1, "pos": [312, 185], "ui_clicked": false}
[2026-09-25 21:11:24.683] [SFX] {"sound": "threat_pulse", "volume": 0.48}
[2026-09-25 21:11:24.683] [P] {"start": [71, 36], "goal": [70, 36], "length": 1, "is_direction_change": false}
[2026-09-25 21:11:24.684] [SFX] {"sound": "click_target", "volume": 0.79}
[2026-09-25 21:11:24.723] [JACK] Diese Bedrohung ist greifbar... Die Wachen dürfen unser Signal nicht isolieren.
[2026-09-25 21:11:24.802] [SFX] {"sound": "civ_move_1", "volume": 0.13}
[2026-09-25 21:11:24.803] [SFX] {"sound": "civ_move_2", "volume": 0.3}
[2026-09-25 21:11:24.903] [SFX] {"sound": "civ_move_2", "volume": 0.02}
[2026-09-25 21:11:25.216] [SFX] {"sound": "civ_move_1", "volume": 0.15}
[2026-09-25 21:11:25.216] [SFX] {"sound": "civ_move_2", "volume": 0.3}
[2026-09-25 21:11:25.284] [SFX] {"sound": "threat_pulse", "volume": 0.45}
[2026-09-25 21:11:25.319] [SFX] {"sound": "civ_move_2", "volume": 0.01}
[2026-09-25 21:11:25.453] [M] {"button": 1, "pos": [378, 183], "ui_clicked": false}
[2026-09-25 21:11:25.461] [P] {"start": [70, 36], "goal": [74, 36], "length": 1, "is_direction_change": false}
[2026-09-25 21:11:25.462] [SFX] {"sound": "click_target", "volume": 0.7}
[2026-09-25 21:11:25.498] [JACK] Achtung! Guardians patrouillieren den Sektor. Wir müssen extrem vorsichtig sein!
[2026-09-25 21:11:25.629] [SFX] {"sound": "civ_move_1", "volume": 0.18}
[2026-09-25 21:11:25.630] [SFX] {"sound": "civ_move_2", "volume": 0.28}
[2026-09-25 21:11:25.729] [SFX] {"sound": "civ_move_2", "volume": 0.02}
[2026-09-25 21:11:25.995] [SFX] {"sound": "threat_pulse", "volume": 0.42}
[2026-09-25 21:11:26.031] [SFX] {"sound": "civ_move_1", "volume": 0.2}
[2026-09-25 21:11:26.032] [SFX] {"sound": "civ_move_2", "volume": 0.27}
[2026-09-25 21:11:26.129] [SFX] {"sound": "civ_move_2", "volume": 0.01}
[2026-09-25 21:11:26.445] [SFX] {"sound": "civ_move_1", "volume": 0.21}
[2026-09-25 21:11:26.445] [SFX] {"sound": "civ_move_2", "volume": 0.27}
[2026-09-25 21:11:26.808] [SFX] {"sound": "threat_pulse", "volume": 0.38}
[2026-09-25 21:11:26.856] [SFX] {"sound": "civ_move_1", "volume": 0.22}
[2026-09-25 21:11:26.857] [SFX] {"sound": "civ_move_2", "volume": 0.27}
[2026-09-25 21:11:27.023] [M] {"button": 1, "pos": [403, 189], "ui_clicked": false}
[2026-09-25 21:11:27.032] [P] {"start": [74, 36], "goal": [77, 36], "length": 1, "is_direction_change": false}
[2026-09-25 21:11:27.033] [SFX] {"sound": "click_target", "volume": 0.73}
[2026-09-25 21:11:27.071] [JACK] Verdammt, die Sentinels kreisen um uns... Ich habe echte Angst, ertappt zu werden!
[2026-09-25 21:11:27.072] [SFX] {"sound": "player_move", "volume": 0.4}
[2026-09-25 21:11:27.256] [SFX] {"sound": "civ_move_1", "volume": 0.26}
[2026-09-25 21:11:27.257] [SFX] {"sound": "civ_move_2", "volume": 0.25}
[2026-09-25 21:11:27.672] [SFX] {"sound": "civ_move_1", "volume": 0.27}
[2026-09-25 21:11:27.673] [SFX] {"sound": "civ_move_2", "volume": 0.25}
[2026-09-25 21:11:27.723] [SFX] {"sound": "threat_pulse", "volume": 0.33}
[2026-09-25 21:11:27.910] [C] {"civ_pos": [79, 36]}
[2026-09-25 21:11:28.087] [SFX] {"sound": "civ_move_1", "volume": 0.28}
[2026-09-25 21:11:28.087] [SFX] {"sound": "civ_move_2", "volume": 0.25}
[2026-09-25 21:11:28.490] [SFX] {"sound": "civ_move_1", "volume": 0.3}
[2026-09-25 21:11:28.491] [SFX] {"sound": "civ_move_2", "volume": 0.25}
[2026-09-25 21:11:28.905] [SFX] {"sound": "civ_move_1", "volume": 0.29}
[2026-09-25 21:11:28.906] [SFX] {"sound": "civ_move_2", "volume": 0.25}
[2026-09-25 21:11:29.318] [SFX] {"sound": "civ_move_1", "volume": 0.28}
[2026-09-25 21:11:29.319] [SFX] {"sound": "civ_move_2", "volume": 0.25}
[2026-09-25 21:11:29.733] [SFX] {"sound": "civ_move_1", "volume": 0.27}
[2026-09-25 21:11:29.734] [SFX] {"sound": "civ_move_2", "volume": 0.25}
[2026-09-25 21:11:30.148] [SFX] {"sound": "civ_move_1", "volume": 0.25}
[2026-09-25 21:11:30.149] [SFX] {"sound": "civ_move_2", "volume": 0.25}
[2026-09-25 21:11:30.559] [SFX] {"sound": "civ_move_1", "volume": 0.24}
[2026-09-25 21:11:30.560] [SFX] {"sound": "civ_move_2", "volume": 0.25}
[2026-09-25 21:11:30.964] [SFX] {"sound": "civ_move_1", "volume": 0.23}
[2026-09-25 21:11:30.965] [SFX] {"sound": "civ_move_2", "volume": 0.25}
[2026-09-25 21:11:31.367] [SFX] {"sound": "civ_move_1", "volume": 0.22}
[2026-09-25 21:11:31.367] [SFX] {"sound": "civ_move_2", "volume": 0.25}
[2026-09-25 21:11:31.782] [SFX] {"sound": "civ_move_1", "volume": 0.21}
[2026-09-25 21:11:31.783] [SFX] {"sound": "civ_move_2", "volume": 0.25}
[2026-09-25 21:11:32.195] [SFX] {"sound": "civ_move_1", "volume": 0.19}
[2026-09-25 21:11:32.196] [SFX] {"sound": "civ_move_2", "volume": 0.25}
[2026-09-25 21:11:32.599] [SFX] {"sound": "civ_move_1", "volume": 0.18}
[2026-09-25 21:11:32.600] [SFX] {"sound": "civ_move_2", "volume": 0.25}
[2026-09-25 21:11:32.982] [SFX] {"sound": "civ_move_1", "volume": 0.0}
[2026-09-25 21:11:33.016] [SFX] {"sound": "civ_move_1", "volume": 0.17}
[2026-09-25 21:11:33.017] [SFX] {"sound": "civ_move_2", "volume": 0.25}
[2026-09-25 21:11:33.395] [SFX] {"sound": "civ_move_1", "volume": 0.0}
[2026-09-25 21:11:33.432] [SFX] {"sound": "civ_move_1", "volume": 0.16}
[2026-09-25 21:11:33.433] [SFX] {"sound": "civ_move_2", "volume": 0.25}
[2026-09-25 21:11:33.850] [SFX] {"sound": "civ_move_1", "volume": 0.14}
[2026-09-25 21:11:33.851] [SFX] {"sound": "civ_move_2", "volume": 0.25}
[2026-09-25 21:11:34.047] [M] {"button": 1, "pos": [270, 187], "ui_clicked": false}
[2026-09-25 21:11:34.055] [P] {"start": [77, 36], "goal": [70, 36], "length": 1, "is_direction_change": false}
[2026-09-25 21:11:34.056] [SFX] {"sound": "click_target", "volume": 0.68}
[2026-09-25 21:11:34.082] [JACK] Kurzer Blick um die Ecke...
[2026-09-25 21:11:34.199] [SFX] {"sound": "civ_move_1", "volume": 0.01}
[2026-09-25 21:11:34.233] [SFX] {"sound": "player_move", "volume": 0.4}
[2026-09-25 21:11:34.256] [SFX] {"sound": "civ_move_1", "volume": 0.16}
[2026-09-25 21:11:34.257] [SFX] {"sound": "civ_move_2", "volume": 0.28}
[2026-09-25 21:11:34.275] [C] {"civ_pos": [70, 36]}
[2026-09-25 21:11:34.436] [SFX] {"sound": "civ_move_1", "volume": 0.02}
[2026-09-25 21:11:34.651] [SFX] {"sound": "civ_move_1", "volume": 0.17}
[2026-09-25 21:11:34.652] [SFX] {"sound": "civ_move_2", "volume": 0.3}
[2026-09-25 21:11:34.869] [SFX] {"sound": "civ_move_1", "volume": 0.03}
[2026-09-25 21:11:35.016] [SFX] {"sound": "civ_move_1", "volume": 0.01}
[2026-09-25 21:11:35.067] [SFX] {"sound": "civ_move_1", "volume": 0.16}
[2026-09-25 21:11:35.068] [SFX] {"sound": "civ_move_2", "volume": 0.3}
[2026-09-25 21:11:35.285] [SFX] {"sound": "civ_move_1", "volume": 0.02}
[2026-09-25 21:11:35.418] [SFX] {"sound": "civ_move_1", "volume": 0.0}
[2026-09-25 21:11:35.468] [SFX] {"sound": "civ_move_1", "volume": 0.15}
[2026-09-25 21:11:35.469] [SFX] {"sound": "civ_move_2", "volume": 0.3}
[2026-09-25 21:11:35.569] [M] {"button": 1, "pos": [136, 183], "ui_clicked": false}
[2026-09-25 21:11:35.577] [P] {"start": [70, 36], "goal": [60, 36], "length": 1, "is_direction_change": false}
[2026-09-25 21:11:35.578] [SFX] {"sound": "click_target", "volume": 0.62}
[2026-09-25 21:11:35.698] [SFX] {"sound": "civ_move_1", "volume": 0.03}
[2026-09-25 21:11:35.733] [SFX] {"sound": "player_move", "volume": 0.4}
[2026-09-25 21:11:35.832] [SFX] {"sound": "civ_move_1", "volume": 0.01}
[2026-09-25 21:11:35.868] [SFX] {"sound": "civ_move_1", "volume": 0.18}
[2026-09-25 21:11:35.869] [SFX] {"sound": "civ_move_2", "volume": 0.25}
[2026-09-25 21:11:36.034] [SFX] {"sound": "player_move", "volume": 0.4}
[2026-09-25 21:11:36.103] [SFX] {"sound": "civ_move_1", "volume": 0.04}
[2026-09-25 21:11:36.236] [SFX] {"sound": "civ_move_1", "volume": 0.03}
[2026-09-25 21:11:36.272] [SFX] {"sound": "civ_move_1", "volume": 0.2}
[2026-09-25 21:11:36.272] [SFX] {"sound": "civ_move_2", "volume": 0.22}
[2026-09-25 21:11:36.273] [SFX] {"sound": "civ_move_2", "volume": 0.02}
[2026-09-25 21:11:36.507] [SFX] {"sound": "civ_move_1", "volume": 0.03}
[2026-09-25 21:11:36.676] [SFX] {"sound": "civ_move_1", "volume": 0.19}
[2026-09-25 21:11:36.677] [SFX] {"sound": "civ_move_2", "volume": 0.22}
[2026-09-25 21:11:36.678] [SFX] {"sound": "civ_move_2", "volume": 0.02}
[2026-09-25 21:11:36.907] [SFX] {"sound": "civ_move_1", "volume": 0.02}
[2026-09-25 21:11:37.055] [SFX] {"sound": "civ_move_1", "volume": 0.03}
[2026-09-25 21:11:37.091] [SFX] {"sound": "civ_move_1", "volume": 0.17}
[2026-09-25 21:11:37.092] [SFX] {"sound": "civ_move_2", "volume": 0.22}
[2026-09-25 21:11:37.092] [SFX] {"sound": "civ_move_2", "volume": 0.02}
[2026-09-25 21:11:37.306] [SFX] {"sound": "civ_move_1", "volume": 0.02}
[2026-09-25 21:11:37.456] [SFX] {"sound": "civ_move_1", "volume": 0.04}
[2026-09-25 21:11:37.506] [SFX] {"sound": "civ_move_1", "volume": 0.16}
[2026-09-25 21:11:37.507] [SFX] {"sound": "civ_move_2", "volume": 0.22}
[2026-09-25 21:11:37.530] [SFX] {"sound": "civ_move_2", "volume": 0.03}
[2026-09-25 21:11:37.710] [SFX] {"sound": "civ_move_1", "volume": 0.02}
[2026-09-25 21:11:37.864] [SFX] {"sound": "civ_move_1", "volume": 0.03}
[2026-09-25 21:11:37.915] [SFX] {"sound": "civ_move_1", "volume": 0.15}
[2026-09-25 21:11:37.916] [SFX] {"sound": "civ_move_2", "volume": 0.22}
[2026-09-25 21:11:37.939] [SFX] {"sound": "civ_move_2", "volume": 0.05}
[2026-09-25 21:11:38.002] [M] {"button": 1, "pos": [99, 192], "ui_clicked": false}
[2026-09-25 21:11:38.009] [P] {"start": [60, 36], "goal": [49, 36], "length": 1, "is_direction_change": false}
[2026-09-25 21:11:38.010] [SFX] {"sound": "click_target", "volume": 0.58}
[2026-09-25 21:11:38.112] [SFX] {"sound": "civ_move_1", "volume": 0.03}
[2026-09-25 21:11:38.268] [SFX] {"sound": "player_move", "volume": 0.4}
[2026-09-25 21:11:38.269] [SFX] {"sound": "civ_move_1", "volume": 0.04}
[2026-09-25 21:11:38.316] [SFX] {"sound": "civ_move_1", "volume": 0.18}
[2026-09-25 21:11:38.317] [SFX] {"sound": "civ_move_2", "volume": 0.17}
[2026-09-25 21:11:38.338] [SFX] {"sound": "civ_move_2", "volume": 0.01}
[2026-09-25 21:11:38.467] [SFX] {"sound": "civ_move_2", "volume": 0.0}
[2026-09-25 21:11:38.516] [SFX] {"sound": "civ_move_1", "volume": 0.04}
[2026-09-25 21:11:38.730] [SFX] {"sound": "civ_move_1", "volume": 0.21}
[2026-09-25 21:11:38.731] [SFX] {"sound": "civ_move_2", "volume": 0.14}
[2026-09-25 21:11:38.870] [SFX] {"sound": "civ_move_2", "volume": 0.01}
[2026-09-25 21:11:38.921] [SFX] {"sound": "civ_move_1", "volume": 0.05}
[2026-09-25 21:11:39.085] [SFX] {"sound": "civ_move_1", "volume": 0.04}
[2026-09-25 21:11:39.134] [SFX] {"sound": "civ_move_1", "volume": 0.2}
[2026-09-25 21:11:39.135] [SFX] {"sound": "civ_move_2", "volume": 0.14}
[2026-09-25 21:11:39.157] [SFX] {"sound": "civ_move_2", "volume": 0.0}
[2026-09-25 21:11:39.270] [SFX] {"sound": "civ_move_2", "volume": 0.02}
[2026-09-25 21:11:39.322] [SFX] {"sound": "civ_move_1", "volume": 0.05}
[2026-09-25 21:11:39.487] [SFX] {"sound": "civ_move_1", "volume": 0.03}
[2026-09-25 21:11:39.539] [SFX] {"sound": "civ_move_1", "volume": 0.18}
[2026-09-25 21:11:39.540] [SFX] {"sound": "civ_move_2", "volume": 0.14}
[2026-09-25 21:11:39.560] [SFX] {"sound": "civ_move_2", "volume": 0.01}
[2026-09-25 21:11:39.674] [SFX] {"sound": "civ_move_2", "volume": 0.02}
[2026-09-25 21:11:39.723] [SFX] {"sound": "civ_move_1", "volume": 0.05}
[2026-09-25 21:11:39.889] [SFX] {"sound": "civ_move_1", "volume": 0.02}
[2026-09-25 21:11:39.939] [SFX] {"sound": "civ_move_1", "volume": 0.17}
[2026-09-25 21:11:39.940] [SFX] {"sound": "civ_move_2", "volume": 0.14}
[2026-09-25 21:11:39.962] [SFX] {"sound": "civ_move_2", "volume": 0.02}
[2026-09-25 21:11:40.124] [SFX] {"sound": "civ_move_1", "volume": 0.05}
[2026-09-25 21:11:40.289] [SFX] {"sound": "civ_move_1", "volume": 0.02}
[2026-09-25 21:11:40.341] [SFX] {"sound": "civ_move_1", "volume": 0.16}
[2026-09-25 21:11:40.342] [SFX] {"sound": "civ_move_2", "volume": 0.14}
[2026-09-25 21:11:40.366] [SFX] {"sound": "civ_move_2", "volume": 0.04}
[2026-09-25 21:11:40.483] [SFX] {"sound": "civ_move_2", "volume": 0.02}
[2026-09-25 21:11:40.536] [SFX] {"sound": "civ_move_1", "volume": 0.04}
[2026-09-25 21:11:40.700] [SFX] {"sound": "civ_move_1", "volume": 0.02}
[2026-09-25 21:11:40.749] [SFX] {"sound": "civ_move_1", "volume": 0.15}
[2026-09-25 21:11:40.750] [SFX] {"sound": "civ_move_2", "volume": 0.14}
[2026-09-25 21:11:40.774] [SFX] {"sound": "civ_move_2", "volume": 0.05}
[2026-09-25 21:11:40.889] [SFX] {"sound": "civ_move_2", "volume": 0.03}
[2026-09-25 21:11:40.942] [SFX] {"sound": "civ_move_1", "volume": 0.04}
[2026-09-25 21:11:41.106] [SFX] {"sound": "civ_move_1", "volume": 0.01}
[2026-09-25 21:11:41.156] [SFX] {"sound": "civ_move_1", "volume": 0.13}
[2026-09-25 21:11:41.157] [SFX] {"sound": "civ_move_2", "volume": 0.14}
[2026-09-25 21:11:41.179] [SFX] {"sound": "civ_move_2", "volume": 0.06}
[2026-09-25 21:11:41.294] [SFX] {"sound": "civ_move_2", "volume": 0.04}
[2026-09-25 21:11:41.348] [SFX] {"sound": "civ_move_1", "volume": 0.03}
[2026-09-25 21:11:41.516] [M] {"button": 1, "pos": [86, 182], "ui_clicked": false}
[2026-09-25 21:11:41.525] [SFX] {"sound": "civ_move_1", "volume": 0.01}
[2026-09-25 21:11:41.526] [P] {"start": [49, 36], "goal": [37, 36], "length": 1, "is_direction_change": false}
[2026-09-25 21:11:41.527] [SFX] {"sound": "click_target", "volume": 0.57}
[2026-09-25 21:11:41.551] [SFX] {"sound": "player_move", "volume": 0.4}
[2026-09-25 21:11:41.570] [SFX] {"sound": "civ_move_1", "volume": 0.13}
[2026-09-25 21:11:41.570] [SFX] {"sound": "civ_move_2", "volume": 0.13}
[2026-09-25 21:11:41.590] [SFX] {"sound": "civ_move_2", "volume": 0.06}
[2026-09-25 21:11:41.702] [SFX] {"sound": "civ_move_2", "volume": 0.08}
[2026-09-25 21:11:41.752] [SFX] {"sound": "civ_move_1", "volume": 0.02}
[2026-09-25 21:11:41.852] [SFX] {"sound": "player_move", "volume": 0.4}
[2026-09-25 21:11:41.968] [SFX] {"sound": "civ_move_1", "volume": 0.18}
[2026-09-25 21:11:41.969] [SFX] {"sound": "civ_move_2", "volume": 0.07}
[2026-09-25 21:11:41.990] [SFX] {"sound": "civ_move_2", "volume": 0.01}
[2026-09-25 21:11:42.071] [M] {"button": 1, "pos": [90, 182], "ui_clicked": false}
[2026-09-25 21:11:42.079] [P] {"start": [38, 36], "goal": [26, 36], "length": 1, "is_direction_change": false}
[2026-09-25 21:11:42.080] [SFX] {"sound": "click_target", "volume": 0.58}
[2026-09-25 21:11:42.131] [SFX] {"sound": "civ_move_2", "volume": 0.16}
[2026-09-25 21:11:42.168] [SFX] {"sound": "player_move", "volume": 0.4}
[2026-09-25 21:11:42.169] [SFX] {"sound": "civ_move_1", "volume": 0.01}
[2026-09-25 21:11:42.369] [SFX] {"sound": "civ_move_1", "volume": 0.23}
[2026-09-25 21:11:42.369] [SFX] {"sound": "civ_move_2", "volume": 0.01}
[2026-09-25 21:11:42.470] [SFX] {"sound": "player_move", "volume": 0.4}
[2026-09-25 21:11:42.492] [SFX] {"sound": "civ_move_1", "volume": 0.01}
[2026-09-25 21:11:42.540] [SFX] {"sound": "civ_move_2", "volume": 0.23}
[2026-09-25 21:11:42.775] [SFX] {"sound": "civ_move_1", "volume": 0.26}
[2026-09-25 21:11:42.955] [SFX] {"sound": "civ_move_2", "volume": 0.26}
[2026-09-25 21:11:43.188] [SFX] {"sound": "civ_move_1", "volume": 0.25}
[2026-09-25 21:11:43.306] [SFX] {"sound": "civ_move_1", "volume": 0.0}
[2026-09-25 21:11:43.360] [SFX] {"sound": "civ_move_2", "volume": 0.27}
[2026-09-25 21:11:43.595] [SFX] {"sound": "civ_move_1", "volume": 0.23}
[2026-09-25 21:11:43.732] [SFX] {"sound": "civ_move_1", "volume": 0.0}
[2026-09-25 21:11:43.732] [C] {"civ_pos": [24, 36]}
[2026-09-25 21:11:43.792] [SFX] {"sound": "civ_move_2", "volume": 0.29}
[2026-09-25 21:11:44.004] [SFX] {"sound": "civ_move_1", "volume": 0.22}
[2026-09-25 21:11:44.040] [M] {"button": 1, "pos": [238, 190], "ui_clicked": false}
[2026-09-25 21:11:44.056] [JACK] JACK // RETAINS OLD HARDWARE SCHEMATICS. WEARS HIGH-FREQ JAMMER WEAVE.
[2026-09-25 21:11:44.057] [SFX] {"sound": "click_target", "volume": 0.77}
[2026-09-25 21:11:44.205] [SFX] {"sound": "civ_move_2", "volume": 0.3}
[2026-09-25 21:11:44.293] [SFX] {"sound": "threat_pulse", "volume": 0.3}
[2026-09-25 21:11:44.346] [SFX] {"sound": "player_move", "volume": 0.4}
[2026-09-25 21:11:44.413] [SFX] {"sound": "civ_move_1", "volume": 0.21}
[2026-09-25 21:11:44.617] [SFX] {"sound": "civ_move_2", "volume": 0.29}
[2026-09-25 21:11:44.653] [SFX] {"sound": "player_move", "volume": 0.4}
[2026-09-25 21:11:44.821] [SFX] {"sound": "civ_move_1", "volume": 0.19}
[2026-09-25 21:11:44.846] [SFX] {"sound": "civ_move_2", "volume": 0.01}
[2026-09-25 21:11:44.964] [SFX] {"sound": "player_move", "volume": 0.4}
[2026-09-25 21:11:45.032] [SFX] {"sound": "civ_move_2", "volume": 0.29}
[2026-09-25 21:11:45.151] [M] {"button": 1, "pos": [356, 219], "ui_clicked": true}
[2026-09-25 21:11:45.208] [SFX] {"sound": "threat_pulse", "volume": 0.31}
[2026-09-25 21:11:45.231] [SFX] {"sound": "civ_move_1", "volume": 0.14}
[2026-09-25 21:11:45.249] [SFX] {"sound": "civ_move_2", "volume": 0.03}
[2026-09-25 21:11:45.283] [SFX] {"sound": "player_move", "volume": 0.4}
[2026-09-25 21:11:45.370] [SFX] {"sound": "infiltrate 2", "volume": 0.5}
[2026-09-25 21:11:45.439] [SFX] {"sound": "civ_move_2", "volume": 0.29}
[2026-09-25 21:11:45.588] [SFX] {"sound": "player_move", "volume": 0.4}
[2026-09-25 21:11:45.638] [SFX] {"sound": "civ_move_1", "volume": 0.13}
[2026-09-25 21:11:45.638] [SFX] {"sound": "civ_move_2", "volume": 0.0}
[2026-09-25 21:11:45.661] [SFX] {"sound": "civ_move_2", "volume": 0.06}
[2026-09-25 21:11:45.774] [SFX] {"sound": "infiltrate 1", "volume": 0.5}
[2026-09-25 21:11:45.840] [SFX] {"sound": "civ_move_2", "volume": 0.29}
[2026-09-25 21:11:45.891] [SFX] {"sound": "player_move", "volume": 0.4}
[2026-09-25 21:11:46.040] [SFX] {"sound": "civ_move_1", "volume": 0.12}
[2026-09-25 21:11:46.040] [SFX] {"sound": "civ_move_2", "volume": 0.01}
[2026-09-25 21:11:46.063] [SFX] {"sound": "civ_move_2", "volume": 0.08}
[2026-09-25 21:11:46.111] [SFX] {"sound": "threat_pulse", "volume": 0.32}
[2026-09-25 21:11:46.180] [SFX] {"sound": "infiltrate 2", "volume": 0.5}
[2026-09-25 21:11:46.201] [SFX] {"sound": "player_move", "volume": 0.4}
[2026-09-25 21:11:46.233] [C] {"civ_pos": [34, 36]}
[2026-09-25 21:11:46.286] [SFX] {"sound": "civ_move_2", "volume": 0.29}
[2026-09-25 21:11:46.450] [SFX] {"sound": "civ_move_1", "volume": 0.1}
[2026-09-25 21:11:46.450] [SFX] {"sound": "civ_move_2", "volume": 0.03}
[2026-09-25 21:11:46.472] [SFX] {"sound": "civ_move_2", "volume": 0.11}
[2026-09-25 21:11:46.503] [SFX] {"sound": "player_move", "volume": 0.4}
[2026-09-25 21:11:46.587] [SFX] {"sound": "civ_move_1", "volume": 0.01}
[2026-09-25 21:11:46.587] [SFX] {"sound": "infiltrate 2", "volume": 0.5}
[2026-09-25 21:11:46.653] [SFX] {"sound": "civ_move_2", "volume": 0.29}
[2026-09-25 21:11:46.818] [SFX] {"sound": "player_move", "volume": 0.4}
[2026-09-25 21:11:46.851] [SFX] {"sound": "civ_move_1", "volume": 0.09}
[2026-09-25 21:11:46.852] [SFX] {"sound": "civ_move_2", "volume": 0.04}
[2026-09-25 21:11:46.874] [SFX] {"sound": "civ_move_2", "volume": 0.13}
[2026-09-25 21:11:47.002] [SFX] {"sound": "civ_move_1", "volume": 0.02}
[2026-09-25 21:11:47.002] [SFX] {"sound": "infiltrate 2", "volume": 0.5}
[2026-09-25 21:11:47.024] [SFX] {"sound": "threat_pulse", "volume": 0.34}
[2026-09-25 21:11:47.054] [SFX] {"sound": "civ_move_2", "volume": 0.29}
[2026-09-25 21:11:47.121] [SFX] {"sound": "player_move", "volume": 0.4}
[2026-09-25 21:11:47.254] [SFX] {"sound": "civ_move_1", "volume": 0.08}
[2026-09-25 21:11:47.255] [SFX] {"sound": "civ_move_2", "volume": 0.05}
[2026-09-25 21:11:47.278] [SFX] {"sound": "civ_move_2", "volume": 0.15}
[2026-09-25 21:11:47.407] [SFX] {"sound": "civ_move_1", "volume": 0.03}
[2026-09-25 21:11:47.408] [SFX] {"sound": "infiltrate 1", "volume": 0.5}
[2026-09-25 21:11:47.430] [SFX] {"sound": "player_move", "volume": 0.4}
[2026-09-25 21:11:47.462] [SFX] {"sound": "civ_move_2", "volume": 0.29}
[2026-09-25 21:11:47.663] [SFX] {"sound": "civ_move_1", "volume": 0.07}
[2026-09-25 21:11:47.664] [SFX] {"sound": "civ_move_2", "volume": 0.06}
[2026-09-25 21:11:47.685] [SFX] {"sound": "civ_move_2", "volume": 0.18}
[2026-09-25 21:11:47.731] [SFX] {"sound": "player_move", "volume": 0.4}
[2026-09-25 21:11:47.816] [SFX] {"sound": "civ_move_1", "volume": 0.04}
[2026-09-25 21:11:47.817] [SFX] {"sound": "infiltrate 1", "volume": 0.5}
[2026-09-25 21:11:47.869] [SFX] {"sound": "civ_move_2", "volume": 0.29}
[2026-09-25 21:11:47.919] [SFX] {"sound": "threat_pulse", "volume": 0.35}
[2026-09-25 21:11:48.035] [SFX] {"sound": "player_move", "volume": 0.4}
[2026-09-25 21:11:48.074] [SFX] {"sound": "civ_move_1", "volume": 0.05}
[2026-09-25 21:11:48.075] [SFX] {"sound": "civ_move_2", "volume": 0.07}
[2026-09-25 21:11:48.099] [SFX] {"sound": "civ_move_2", "volume": 0.2}
[2026-09-25 21:11:48.165] [SFX] {"sound": "hack_success", "volume": 1.0}
[2026-09-25 21:11:48.166] [JACK] JACK // STOLE 1 DATA FROM SORA TAKEDA (DATA COURIER). TARGET FLEEING TO GUARD SPOT!
[2026-09-25 21:11:48.167] [JACK] JACK // RETAINS OLD HARDWARE SCHEMATICS. WEARS HIGH-FREQ JAMMER WEAVE.
[2026-09-25 21:11:48.216] [SFX] {"sound": "civ_move_1", "volume": 0.04}
[2026-09-25 21:11:48.268] [SFX] {"sound": "civ_move_2", "volume": 0.3}
[2026-09-25 21:11:48.488] [SFX] {"sound": "civ_move_1", "volume": 0.05}
[2026-09-25 21:11:48.489] [SFX] {"sound": "civ_move_2", "volume": 0.08}
[2026-09-25 21:11:48.512] [SFX] {"sound": "civ_move_2", "volume": 0.22}
[2026-09-25 21:11:48.622] [SFX] {"sound": "civ_move_1", "volume": 0.04}
[2026-09-25 21:11:48.672] [SFX] {"sound": "civ_move_2", "volume": 0.29}
[2026-09-25 21:11:48.740] [C] {"civ_pos": [39, 36]}
[2026-09-25 21:11:48.828] [SFX] {"sound": "threat_pulse", "volume": 0.32}
[2026-09-25 21:11:48.895] [SFX] {"sound": "civ_move_1", "volume": 0.04}
[2026-09-25 21:11:48.896] [SFX] {"sound": "civ_move_2", "volume": 0.08}
[2026-09-25 21:11:48.918] [SFX] {"sound": "civ_move_2", "volume": 0.23}
[2026-09-25 21:11:49.031] [SFX] {"sound": "civ_move_1", "volume": 0.04}
[2026-09-25 21:11:49.084] [SFX] {"sound": "civ_move_2", "volume": 0.28}
[2026-09-25 21:11:49.301] [SFX] {"sound": "civ_move_1", "volume": 0.04}
[2026-09-25 21:11:49.302] [SFX] {"sound": "civ_move_2", "volume": 0.08}
[2026-09-25 21:11:49.324] [SFX] {"sound": "civ_move_2", "volume": 0.24}
[2026-09-25 21:11:49.436] [SFX] {"sound": "civ_move_1", "volume": 0.03}
[2026-09-25 21:11:49.486] [SFX] {"sound": "civ_move_2", "volume": 0.27}
[2026-09-25 21:11:49.703] [SFX] {"sound": "civ_move_1", "volume": 0.03}
[2026-09-25 21:11:49.704] [SFX] {"sound": "civ_move_2", "volume": 0.08}
[2026-09-25 21:11:49.727] [SFX] {"sound": "civ_move_2", "volume": 0.26}
[2026-09-25 21:11:49.841] [SFX] {"sound": "civ_move_1", "volume": 0.03}
[2026-09-25 21:11:49.894] [SFX] {"sound": "civ_move_2", "volume": 0.26}
[2026-09-25 21:11:50.109] [SFX] {"sound": "civ_move_1", "volume": 0.03}
[2026-09-25 21:11:50.110] [SFX] {"sound": "civ_move_2", "volume": 0.08}
[2026-09-25 21:11:50.133] [SFX] {"sound": "civ_move_2", "volume": 0.27}
[2026-09-25 21:11:50.245] [SFX] {"sound": "civ_move_1", "volume": 0.02}
[2026-09-25 21:11:50.297] [SFX] {"sound": "civ_move_2", "volume": 0.24}
[2026-09-25 21:11:50.511] [SFX] {"sound": "civ_move_1", "volume": 0.02}
[2026-09-25 21:11:50.512] [SFX] {"sound": "civ_move_2", "volume": 0.08}
[2026-09-25 21:11:50.533] [SFX] {"sound": "civ_move_2", "volume": 0.28}
[2026-09-25 21:11:50.648] [SFX] {"sound": "civ_move_1", "volume": 0.02}
[2026-09-25 21:11:50.699] [SFX] {"sound": "civ_move_2", "volume": 0.23}
[2026-09-25 21:11:50.919] [SFX] {"sound": "civ_move_1", "volume": 0.02}
[2026-09-25 21:11:50.920] [SFX] {"sound": "civ_move_2", "volume": 0.08}
[2026-09-25 21:11:50.942] [SFX] {"sound": "civ_move_2", "volume": 0.29}
[2026-09-25 21:11:51.058] [SFX] {"sound": "civ_move_1", "volume": 0.02}
[2026-09-25 21:11:51.110] [SFX] {"sound": "civ_move_2", "volume": 0.22}
[2026-09-25 21:11:51.245] [C] {"civ_pos": [40, 36]}
[2026-09-25 21:11:51.334] [SFX] {"sound": "civ_move_1", "volume": 0.01}
[2026-09-25 21:11:51.334] [SFX] {"sound": "civ_move_2", "volume": 0.08}
[2026-09-25 21:11:51.356] [SFX] {"sound": "civ_move_2", "volume": 0.3}
[2026-09-25 21:11:51.467] [SFX] {"sound": "civ_move_1", "volume": 0.01}
[2026-09-25 21:11:51.516] [SFX] {"sound": "civ_move_2", "volume": 0.21}
[2026-09-25 21:11:51.749] [SFX] {"sound": "civ_move_1", "volume": 0.0}
[2026-09-25 21:11:51.749] [SFX] {"sound": "civ_move_2", "volume": 0.08}
[2026-09-25 21:11:51.773] [SFX] {"sound": "civ_move_2", "volume": 0.28}
[2026-09-25 21:11:51.869] [SFX] {"sound": "civ_move_1", "volume": 0.01}
[2026-09-25 21:11:51.918] [SFX] {"sound": "civ_move_2", "volume": 0.2}
[2026-09-25 21:11:52.164] [SFX] {"sound": "civ_move_2", "volume": 0.08}
[2026-09-25 21:11:52.187] [SFX] {"sound": "civ_move_2", "volume": 0.27}
[2026-09-25 21:11:52.333] [SFX] {"sound": "civ_move_2", "volume": 0.18}
[2026-09-25 21:11:52.568] [SFX] {"sound": "civ_move_2", "volume": 0.08}
[2026-09-25 21:11:52.592] [SFX] {"sound": "civ_move_2", "volume": 0.26}
[2026-09-25 21:11:52.739] [SFX] {"sound": "civ_move_2", "volume": 0.17}
[2026-09-25 21:11:52.975] [SFX] {"sound": "civ_move_2", "volume": 0.08}
[2026-09-25 21:11:52.999] [SFX] {"sound": "civ_move_2", "volume": 0.25}
[2026-09-25 21:11:53.377] [SFX] {"sound": "civ_move_2", "volume": 0.08}
[2026-09-25 21:11:53.400] [SFX] {"sound": "civ_move_2", "volume": 0.24}
[2026-09-25 21:11:53.631] [SENTINEL_ALARM_DISPATCHED] {"guard": [22, 34], "investigate": [12, 36]}
[2026-09-25 21:11:53.780] [SFX] {"sound": "civ_move_2", "volume": 0.08}
[2026-09-25 21:11:53.802] [SFX] {"sound": "civ_move_2", "volume": 0.22}
[2026-09-25 21:11:54.049] [SFX] {"sound": "guardian_move", "volume": 0.21}
[2026-09-25 21:11:54.183] [SFX] {"sound": "civ_move_2", "volume": 0.08}
[2026-09-25 21:11:54.206] [SFX] {"sound": "civ_move_2", "volume": 0.21}
[2026-09-25 21:11:54.587] [SFX] {"sound": "civ_move_2", "volume": 0.08}
[2026-09-25 21:11:54.610] [SFX] {"sound": "civ_move_2", "volume": 0.2}
[2026-09-25 21:11:54.656] [SFX] {"sound": "guardian_move", "volume": 0.19}
[2026-09-25 21:11:55.001] [SFX] {"sound": "civ_move_2", "volume": 0.08}
[2026-09-25 21:11:55.023] [SFX] {"sound": "civ_move_2", "volume": 0.19}
[2026-09-25 21:11:55.269] [SFX] {"sound": "guardian_move", "volume": 0.17}
[2026-09-25 21:11:55.403] [SFX] {"sound": "civ_move_2", "volume": 0.08}
[2026-09-25 21:11:55.427] [SFX] {"sound": "civ_move_2", "volume": 0.17}
[2026-09-25 21:11:55.818] [SFX] {"sound": "civ_move_2", "volume": 0.08}
[2026-09-25 21:11:55.840] [SFX] {"sound": "civ_move_2", "volume": 0.16}
[2026-09-25 21:11:55.873] [SFX] {"sound": "guardian_move", "volume": 0.14}
[2026-09-25 21:11:56.227] [SFX] {"sound": "civ_move_2", "volume": 0.08}
[2026-09-25 21:11:56.250] [SFX] {"sound": "civ_move_2", "volume": 0.15}
[2026-09-25 21:11:56.482] [SFX] {"sound": "guardian_move", "volume": 0.12}
[2026-09-25 21:11:56.630] [SFX] {"sound": "civ_move_2", "volume": 0.08}
[2026-09-25 21:11:56.654] [SFX] {"sound": "civ_move_2", "volume": 0.14}
[2026-09-25 21:11:57.034] [SFX] {"sound": "civ_move_2", "volume": 0.08}
[2026-09-25 21:11:57.056] [SFX] {"sound": "civ_move_2", "volume": 0.13}
[2026-09-25 21:11:57.105] [SFX] {"sound": "guardian_move", "volume": 0.13}
[2026-09-25 21:11:57.435] [SFX] {"sound": "civ_move_2", "volume": 0.08}
[2026-09-25 21:11:57.458] [SFX] {"sound": "civ_move_2", "volume": 0.11}
[2026-09-25 21:11:57.719] [SFX] {"sound": "guardian_move", "volume": 0.15}
[2026-09-25 21:11:57.849] [SFX] {"sound": "civ_move_2", "volume": 0.08}
[2026-09-25 21:11:57.872] [SFX] {"sound": "civ_move_2", "volume": 0.1}
[2026-09-25 21:11:58.250] [SFX] {"sound": "civ_move_2", "volume": 0.08}
[2026-09-25 21:11:58.272] [SFX] {"sound": "civ_move_2", "volume": 0.09}
[2026-09-25 21:11:58.332] [SFX] {"sound": "guardian_move", "volume": 0.18}
[2026-09-25 21:11:58.650] [SFX] {"sound": "civ_move_2", "volume": 0.08}
[2026-09-25 21:11:58.672] [SFX] {"sound": "civ_move_2", "volume": 0.07}
[2026-09-25 21:11:58.934] [SFX] {"sound": "guardian_move", "volume": 0.2}
[2026-09-25 21:11:59.066] [SFX] {"sound": "civ_move_2", "volume": 0.08}
[2026-09-25 21:11:59.087] [SFX] {"sound": "civ_move_2", "volume": 0.07}
[2026-09-25 21:11:59.472] [SFX] {"sound": "civ_move_2", "volume": 0.08}
[2026-09-25 21:11:59.496] [SFX] {"sound": "civ_move_2", "volume": 0.07}
[2026-09-25 21:11:59.543] [SFX] {"sound": "guardian_move", "volume": 0.23}
[2026-09-25 21:11:59.875] [SFX] {"sound": "civ_move_2", "volume": 0.08}
[2026-09-25 21:11:59.899] [SFX] {"sound": "civ_move_2", "volume": 0.06}
[2026-09-25 21:12:00.148] [SFX] {"sound": "guardian_move", "volume": 0.25}
[2026-09-25 21:12:00.282] [SFX] {"sound": "civ_move_2", "volume": 0.08}
[2026-09-25 21:12:00.304] [SFX] {"sound": "civ_move_2", "volume": 0.06}
[2026-09-25 21:12:00.698] [SFX] {"sound": "civ_move_2", "volume": 0.08}
[2026-09-25 21:12:00.719] [SFX] {"sound": "civ_move_2", "volume": 0.06}
[2026-09-25 21:12:00.754] [SFX] {"sound": "guardian_move", "volume": 0.28}
[2026-09-25 21:12:01.098] [M] {"button": 1, "pos": [124, 192], "ui_clicked": false}
[2026-09-25 21:12:01.106] [SFX] {"sound": "civ_move_2", "volume": 0.08}
[2026-09-25 21:12:01.107] [P] {"start": [40, 36], "goal": [27, 36], "length": 1, "is_direction_change": false}
[2026-09-25 21:12:01.107] [SFX] {"sound": "click_target", "volume": 0.53}
[2026-09-25 21:12:01.149] [JACK] Vorsichtig vorantasten...
[2026-09-25 21:12:01.149] [SFX] {"sound": "civ_move_2", "volume": 0.06}
[2026-09-25 21:12:01.281] [SFX] {"sound": "player_move", "volume": 0.4}
[2026-09-25 21:12:01.367] [SFX] {"sound": "guardian_move", "volume": 0.35}
[2026-09-25 21:12:01.499] [SFX] {"sound": "civ_move_2", "volume": 0.02}
[2026-09-25 21:12:01.536] [SFX] {"sound": "civ_move_2", "volume": 0.1}
[2026-09-25 21:12:01.585] [SFX] {"sound": "player_move", "volume": 0.4}
[2026-09-25 21:12:01.919] [SFX] {"sound": "threat_pulse", "volume": 0.32}
[2026-09-25 21:12:01.942] [SFX] {"sound": "civ_move_2", "volume": 0.12}
[2026-09-25 21:12:01.975] [SFX] {"sound": "guardian_move", "volume": 0.37}
[2026-09-25 21:12:02.338] [SFX] {"sound": "civ_move_2", "volume": 0.11}
[2026-09-25 21:12:02.584] [M] {"button": 1, "pos": [124, 192], "ui_clicked": false}
[2026-09-25 21:12:02.592] [SFX] {"sound": "guardian_move", "volume": 0.39}
[2026-09-25 21:12:02.593] [P] {"start": [27, 36], "goal": [17, 36], "length": 1, "is_direction_change": false}
[2026-09-25 21:12:02.594] [SFX] {"sound": "click_target", "volume": 0.62}
[2026-09-25 21:12:02.636] [JACK] Überall Wacheinheiten... Ihr bedrohliches Summen brennt sich ins Deck.
[2026-09-25 21:12:02.699] [SFX] {"sound": "player_move", "volume": 0.4}
[2026-09-25 21:12:02.751] [SFX] {"sound": "civ_move_2", "volume": 0.12}
[2026-09-25 21:12:02.832] [SFX] {"sound": "threat_pulse", "volume": 0.36}
[2026-09-25 21:12:03.015] [SFX] {"sound": "player_move", "volume": 0.4}
[2026-09-25 21:12:03.151] [SFX] {"sound": "civ_move_2", "volume": 0.12}
[2026-09-25 21:12:03.200] [SFX] {"sound": "guardian_move", "volume": 0.32}
[2026-09-25 21:12:03.567] [SFX] {"sound": "civ_move_2", "volume": 0.11}
[2026-09-25 21:12:03.736] [SFX] {"sound": "threat_pulse", "volume": 0.31}
[2026-09-25 21:12:03.819] [SFX] {"sound": "guardian_move", "volume": 0.32}
[2026-09-25 21:12:03.970] [SFX] {"sound": "civ_move_2", "volume": 0.1}
[2026-09-25 21:12:04.385] [SFX] {"sound": "civ_move_2", "volume": 0.09}
[2026-09-25 21:12:04.420] [SFX] {"sound": "guardian_move", "volume": 0.3}
[2026-09-25 21:12:04.421] [SFX] {"sound": "civ_move_1", "volume": 0.0}
[2026-09-25 21:12:04.786] [SFX] {"sound": "civ_move_2", "volume": 0.08}
[2026-09-25 21:12:04.820] [SFX] {"sound": "civ_move_1", "volume": 0.01}
[2026-09-25 21:12:05.020] [SFX] {"sound": "guardian_move", "volume": 0.27}
[2026-09-25 21:12:05.200] [SFX] {"sound": "civ_move_2", "volume": 0.08}
[2026-09-25 21:12:05.234] [SFX] {"sound": "civ_move_1", "volume": 0.02}
[2026-09-25 21:12:05.601] [SFX] {"sound": "civ_move_2", "volume": 0.07}
[2026-09-25 21:12:05.636] [SFX] {"sound": "guardian_move", "volume": 0.25}
[2026-09-25 21:12:05.637] [SFX] {"sound": "civ_move_1", "volume": 0.03}
[2026-09-25 21:12:06.004] [SFX] {"sound": "civ_move_2", "volume": 0.06}
[2026-09-25 21:12:06.037] [SFX] {"sound": "civ_move_1", "volume": 0.04}
[2026-09-25 21:12:06.241] [SFX] {"sound": "guardian_move", "volume": 0.22}
[2026-09-25 21:12:06.410] [M] {"button": 1, "pos": [401, 189], "ui_clicked": false}
[2026-09-25 21:12:06.418] [SFX] {"sound": "civ_move_2", "volume": 0.05}
[2026-09-25 21:12:06.419] [P] {"start": [17, 36], "goal": [26, 36], "length": 1, "is_direction_change": false}
[2026-09-25 21:12:06.420] [SFX] {"sound": "click_target", "volume": 0.62}
[2026-09-25 21:12:06.472] [SFX] {"sound": "civ_move_1", "volume": 0.05}
[2026-09-25 21:12:06.671] [SFX] {"sound": "player_move", "volume": 0.4}
[2026-09-25 21:12:06.821] [SFX] {"sound": "civ_move_2", "volume": 0.02}
[2026-09-25 21:12:06.855] [SFX] {"sound": "guardian_move", "volume": 0.29}
[2026-09-25 21:12:06.888] [SFX] {"sound": "civ_move_1", "volume": 0.05}
[2026-09-25 21:12:06.986] [SFX] {"sound": "civ_move_2", "volume": 0.01}
[2026-09-25 21:12:07.299] [SFX] {"sound": "civ_move_1", "volume": 0.05}
[2026-09-25 21:12:07.400] [SFX] {"sound": "civ_move_2", "volume": 0.02}
[2026-09-25 21:12:07.470] [SFX] {"sound": "guardian_move", "volume": 0.27}
[2026-09-25 21:12:07.637] [SFX] {"sound": "civ_move_2", "volume": 0.0}
[2026-09-25 21:12:07.706] [SFX] {"sound": "civ_move_1", "volume": 0.06}
[2026-09-25 21:12:07.805] [SFX] {"sound": "civ_move_2", "volume": 0.03}
[2026-09-25 21:12:08.070] [SFX] {"sound": "guardian_move", "volume": 0.24}
[2026-09-25 21:12:08.105] [SFX] {"sound": "civ_move_1", "volume": 0.07}
[2026-09-25 21:12:08.221] [SFX] {"sound": "civ_move_2", "volume": 0.05}
[2026-09-25 21:12:08.519] [SFX] {"sound": "civ_move_1", "volume": 0.08}
[2026-09-25 21:12:08.621] [SFX] {"sound": "civ_move_2", "volume": 0.06}
[2026-09-25 21:12:08.673] [SFX] {"sound": "guardian_move", "volume": 0.22}
[2026-09-25 21:12:08.923] [SFX] {"sound": "civ_move_1", "volume": 0.09}
[2026-09-25 21:12:09.022] [SFX] {"sound": "civ_move_2", "volume": 0.07}
[2026-09-25 21:12:09.137] [SFX] {"sound": "civ_move_2", "volume": 0.0}
[2026-09-25 21:12:09.221] [M] {"button": 1, "pos": [152, 242], "ui_clicked": false}
[2026-09-25 21:12:09.232] [P] {"start": [26, 36], "goal": [12, 40], "length": 2, "is_direction_change": false}
[2026-09-25 21:12:09.233] [SFX] {"sound": "click_target", "volume": 0.51}
[2026-09-25 21:12:09.271] [JACK] Kurzer Blick um die Ecke...
[2026-09-25 21:12:09.289] [SFX] {"sound": "guardian_move", "volume": 0.18}
[2026-09-25 21:12:09.338] [SFX] {"sound": "player_move", "volume": 0.4}
[2026-09-25 21:12:09.339] [SFX] {"sound": "civ_move_1", "volume": 0.1}
[2026-09-25 21:12:09.438] [SFX] {"sound": "civ_move_2", "volume": 0.05}
[2026-09-25 21:12:09.540] [SFX] {"sound": "civ_move_2", "volume": 0.02}
[2026-09-25 21:12:09.642] [SFX] {"sound": "player_move", "volume": 0.4}
[2026-09-25 21:12:09.741] [SFX] {"sound": "civ_move_1", "volume": 0.13}
[2026-09-25 21:12:09.845] [SFX] {"sound": "civ_move_2", "volume": 0.0}
[2026-09-25 21:12:09.895] [SFX] {"sound": "guardian_move", "volume": 0.03}
[2026-09-25 21:12:09.946] [SFX] {"sound": "player_move", "volume": 0.4}
[2026-09-25 21:12:09.947] [SFX] {"sound": "civ_move_2", "volume": 0.04}
[2026-09-25 21:12:10.147] [SFX] {"sound": "civ_move_1", "volume": 0.17}
[2026-09-25 21:12:10.348] [SFX] {"sound": "civ_move_2", "volume": 0.07}
[2026-09-25 21:12:10.498] [SFX] {"sound": "guardian_move", "volume": 0.0}
[2026-09-25 21:12:10.552] [SFX] {"sound": "civ_move_1", "volume": 0.18}
[2026-09-25 21:12:10.654] [SFX] {"sound": "civ_move_2", "volume": 0.01}
[2026-09-25 21:12:10.757] [SFX] {"sound": "civ_move_2", "volume": 0.08}
[2026-09-25 21:12:10.956] [SFX] {"sound": "civ_move_1", "volume": 0.19}
[2026-09-25 21:12:11.063] [SFX] {"sound": "civ_move_2", "volume": 0.02}
[2026-09-25 21:12:11.171] [SFX] {"sound": "civ_move_2", "volume": 0.09}
[2026-09-25 21:12:11.238] [M] {"button": 1, "pos": [308, 285], "ui_clicked": false}
[2026-09-25 21:12:11.246] [P] {"start": [12, 40], "goal": [12, 44], "length": 1, "is_direction_change": false}
[2026-09-25 21:12:11.247] [SFX] {"sound": "click_target", "volume": 0.71}
[2026-09-25 21:12:11.362] [SFX] {"sound": "player_move", "volume": 0.4}
[2026-09-25 21:12:11.363] [SFX] {"sound": "civ_move_1", "volume": 0.21}
[2026-09-25 21:12:11.448] [C] {"civ_pos": [12, 46]}
[2026-09-25 21:12:11.477] [SFX] {"sound": "civ_move_2", "volume": 0.03}
[2026-09-25 21:12:11.573] [SFX] {"sound": "civ_move_2", "volume": 0.12}
[2026-09-25 21:12:11.775] [SFX] {"sound": "civ_move_1", "volume": 0.23}
[2026-09-25 21:12:11.877] [SFX] {"sound": "civ_move_2", "volume": 0.04}
[2026-09-25 21:12:11.979] [SFX] {"sound": "civ_move_2", "volume": 0.13}
[2026-09-25 21:12:12.181] [M] {"button": 1, "pos": [331, 244], "ui_clicked": false}
[2026-09-25 21:12:12.190] [SFX] {"sound": "civ_move_1", "volume": 0.3}
[2026-09-25 21:12:12.190] [JACK] JACK // HIGH THREAT POTENTIAL. SWITCHES FREQUENCIES FREQUENTLY. KEEP DISTANCE.
[2026-09-25 21:12:12.191] [SFX] {"sound": "click_target", "volume": 0.77}
[2026-09-25 21:12:12.292] [SFX] {"sound": "civ_move_2", "volume": 0.05}
[2026-09-25 21:12:12.378] [SFX] {"sound": "civ_move_2", "volume": 0.14}
[2026-09-25 21:12:12.412] [SFX] {"sound": "player_move", "volume": 0.4}
[2026-09-25 21:12:12.582] [SFX] {"sound": "civ_move_1", "volume": 0.29}
[2026-09-25 21:12:12.699] [SFX] {"sound": "civ_move_2", "volume": 0.07}
[2026-09-25 21:12:12.722] [SFX] {"sound": "player_move", "volume": 0.4}
[2026-09-25 21:12:12.785] [SFX] {"sound": "civ_move_2", "volume": 0.15}
[2026-09-25 21:12:12.836] [SFX] {"sound": "threat_pulse", "volume": 0.31}
[2026-09-25 21:12:12.988] [SFX] {"sound": "civ_move_1", "volume": 0.29}
[2026-09-25 21:12:13.020] [SFX] {"sound": "player_move", "volume": 0.4}
[2026-09-25 21:12:13.104] [SFX] {"sound": "civ_move_2", "volume": 0.08}
[2026-09-25 21:12:13.186] [SFX] {"sound": "civ_move_2", "volume": 0.14}
[2026-09-25 21:12:13.336] [SFX] {"sound": "player_move", "volume": 0.4}
[2026-09-25 21:12:13.387] [SFX] {"sound": "civ_move_1", "volume": 0.29}
[2026-09-25 21:12:13.403] [M] {"button": 1, "pos": [369, 224], "ui_clicked": true}
[2026-09-25 21:12:13.464] [SFX] {"sound": "infiltrate 2", "volume": 0.5}
[2026-09-25 21:12:13.515] [SFX] {"sound": "civ_move_2", "volume": 0.1}
[2026-09-25 21:12:13.598] [SFX] {"sound": "civ_move_2", "volume": 0.14}
[2026-09-25 21:12:13.648] [SFX] {"sound": "player_move", "volume": 0.4}
[2026-09-25 21:12:13.748] [SFX] {"sound": "threat_pulse", "volume": 0.32}
[2026-09-25 21:12:13.799] [SFX] {"sound": "civ_move_1", "volume": 0.29}
[2026-09-25 21:12:13.866] [SFX] {"sound": "infiltrate 2", "volume": 0.5}
[2026-09-25 21:12:13.915] [SFX] {"sound": "civ_move_2", "volume": 0.11}
[2026-09-25 21:12:13.949] [SFX] {"sound": "player_move", "volume": 0.4}
[2026-09-25 21:12:13.950] [C] {"civ_pos": [12, 36]}
[2026-09-25 21:12:14.009] [SFX] {"sound": "civ_move_2", "volume": 0.14}
[2026-09-25 21:12:14.207] [SFX] {"sound": "civ_move_1", "volume": 0.29}
[2026-09-25 21:12:14.258] [SFX] {"sound": "player_move", "volume": 0.4}
[2026-09-25 21:12:14.281] [SFX] {"sound": "infiltrate 2", "volume": 0.5}
[2026-09-25 21:12:14.326] [SFX] {"sound": "civ_move_2", "volume": 0.12}
[2026-09-25 21:12:14.413] [SFX] {"sound": "civ_move_2", "volume": 0.15}
[2026-09-25 21:12:14.561] [SFX] {"sound": "player_move", "volume": 0.4}
[2026-09-25 21:12:14.613] [SFX] {"sound": "civ_move_1", "volume": 0.29}
[2026-09-25 21:12:14.649] [SFX] {"sound": "threat_pulse", "volume": 0.38}
[2026-09-25 21:12:14.692] [SFX] {"sound": "infiltrate 1", "volume": 0.5}
[2026-09-25 21:12:14.729] [SFX] {"sound": "civ_move_2", "volume": 0.13}
[2026-09-25 21:12:14.815] [SFX] {"sound": "civ_move_2", "volume": 0.16}
[2026-09-25 21:12:14.869] [SFX] {"sound": "player_move", "volume": 0.4}
[2026-09-25 21:12:15.016] [SFX] {"sound": "civ_move_1", "volume": 0.29}
[2026-09-25 21:12:15.100] [SFX] {"sound": "infiltrate 1", "volume": 0.5}
[2026-09-25 21:12:15.135] [SFX] {"sound": "civ_move_2", "volume": 0.15}
[2026-09-25 21:12:15.184] [SFX] {"sound": "player_move", "volume": 0.4}
[2026-09-25 21:12:15.218] [SFX] {"sound": "civ_move_2", "volume": 0.17}
[2026-09-25 21:12:15.418] [SFX] {"sound": "civ_move_1", "volume": 0.29}
[2026-09-25 21:12:15.485] [SFX] {"sound": "player_move", "volume": 0.4}
[2026-09-25 21:12:15.507] [SFX] {"sound": "infiltrate 1", "volume": 0.5}
[2026-09-25 21:12:15.537] [SFX] {"sound": "civ_move_2", "volume": 0.16}
[2026-09-25 21:12:15.560] [SFX] {"sound": "threat_pulse", "volume": 0.47}
[2026-09-25 21:12:15.623] [SFX] {"sound": "civ_move_2", "volume": 0.18}
[2026-09-25 21:12:15.792] [SFX] {"sound": "player_move", "volume": 0.4}
[2026-09-25 21:12:15.827] [SFX] {"sound": "civ_move_1", "volume": 0.29}
[2026-09-25 21:12:15.911] [SFX] {"sound": "infiltrate 1", "volume": 0.5}
[2026-09-25 21:12:15.945] [SFX] {"sound": "civ_move_2", "volume": 0.17}
[2026-09-25 21:12:16.029] [SFX] {"sound": "civ_move_2", "volume": 0.19}
[2026-09-25 21:12:16.097] [SFX] {"sound": "player_move", "volume": 0.4}
[2026-09-25 21:12:16.166] [SFX] {"sound": "threat_pulse", "volume": 0.53}
[2026-09-25 21:12:16.233] [SFX] {"sound": "civ_move_1", "volume": 0.29}
[2026-09-25 21:12:16.319] [SFX] {"sound": "infiltrate 2", "volume": 0.5}
[2026-09-25 21:12:16.352] [SFX] {"sound": "civ_move_2", "volume": 0.18}
[2026-09-25 21:12:16.402] [SFX] {"sound": "player_move", "volume": 0.4}
[2026-09-25 21:12:16.440] [SFX] {"sound": "hack_success", "volume": 1.0}
[2026-09-25 21:12:16.441] [JACK] JACK // STOLE 1 DATA FROM KIRA VANCE (DATA COURIER). TARGET FLEEING TO GUARD SPOT!
[2026-09-25 21:12:16.441] [JACK] JACK // HIGH THREAT POTENTIAL. SWITCHES FREQUENCIES FREQUENTLY. KEEP DISTANCE.
[2026-09-25 21:12:16.459] [SFX] {"sound": "civ_move_2", "volume": 0.2}
[2026-09-25 21:12:16.460] [C] {"civ_pos": [12, 36]}
[2026-09-25 21:12:16.645] [SFX] {"sound": "civ_move_1", "volume": 0.29}
[2026-09-25 21:12:16.677] [SFX] {"sound": "threat_pulse", "volume": 0.54}
[2026-09-25 21:12:16.761] [SFX] {"sound": "civ_move_2", "volume": 0.2}
[2026-09-25 21:12:16.865] [SFX] {"sound": "civ_move_2", "volume": 0.21}
[2026-09-25 21:12:17.048] [SFX] {"sound": "civ_move_1", "volume": 0.29}
[2026-09-25 21:12:17.082] [SFX] {"sound": "threat_pulse", "volume": 0.52}
[2026-09-25 21:12:17.167] [SFX] {"sound": "civ_move_2", "volume": 0.21}
[2026-09-25 21:12:17.268] [SFX] {"sound": "civ_move_2", "volume": 0.22}
[2026-09-25 21:12:17.452] [SFX] {"sound": "civ_move_1", "volume": 0.29}
[2026-09-25 21:12:17.571] [SFX] {"sound": "civ_move_2", "volume": 0.22}
[2026-09-25 21:12:17.596] [SFX] {"sound": "threat_pulse", "volume": 0.5}
[2026-09-25 21:12:17.678] [SFX] {"sound": "civ_move_2", "volume": 0.23}
[2026-09-25 21:12:17.864] [SFX] {"sound": "civ_move_1", "volume": 0.29}
[2026-09-25 21:12:17.981] [SFX] {"sound": "civ_move_2", "volume": 0.23}
[2026-09-25 21:12:18.087] [SFX] {"sound": "civ_move_2", "volume": 0.3}
[2026-09-25 21:12:18.189] [SFX] {"sound": "threat_pulse", "volume": 0.47}
[2026-09-25 21:12:18.273] [SFX] {"sound": "civ_move_1", "volume": 0.29}
[2026-09-25 21:12:18.390] [SFX] {"sound": "civ_move_2", "volume": 0.24}
[2026-09-25 21:12:18.490] [SFX] {"sound": "civ_move_2", "volume": 0.29}
[2026-09-25 21:12:18.687] [SFX] {"sound": "civ_move_1", "volume": 0.29}
[2026-09-25 21:12:18.804] [SFX] {"sound": "civ_move_2", "volume": 0.26}
[2026-09-25 21:12:18.805] [SFX] {"sound": "threat_pulse", "volume": 0.44}
[2026-09-25 21:12:18.905] [SFX] {"sound": "civ_move_2", "volume": 0.28}
[2026-09-25 21:12:18.956] [C] {"civ_pos": [12, 36]}
[2026-09-25 21:12:19.101] [SFX] {"sound": "civ_move_1", "volume": 0.29}
[2026-09-25 21:12:19.218] [SFX] {"sound": "civ_move_2", "volume": 0.27}
[2026-09-25 21:12:19.503] [SFX] {"sound": "civ_move_1", "volume": 0.29}
[2026-09-25 21:12:19.527] [SFX] {"sound": "threat_pulse", "volume": 0.4}
[2026-09-25 21:12:19.621] [SFX] {"sound": "civ_move_2", "volume": 0.28}
[2026-09-25 21:12:19.708] [SFX] {"sound": "civ_move_2", "volume": 0.26}
[2026-09-25 21:12:19.907] [SFX] {"sound": "civ_move_1", "volume": 0.29}
[2026-09-25 21:12:19.940] [M] {"button": 1, "pos": [327, 237], "ui_clicked": false}
[2026-09-25 21:12:19.949] [P] {"start": [12, 37], "goal": [12, 41], "length": 1, "is_direction_change": false}
[2026-09-25 21:12:19.950] [SFX] {"sound": "click_target", "volume": 0.73}
[2026-09-25 21:12:19.992] [JACK] Verdammt, die Sentinels kreisen um uns... Ich habe echte Angst, ertappt zu werden!
[2026-09-25 21:12:20.026] [SFX] {"sound": "civ_move_2", "volume": 0.28}
[2026-09-25 21:12:20.109] [SFX] {"sound": "civ_move_2", "volume": 0.24}
[2026-09-25 21:12:20.312] [SFX] {"sound": "civ_move_1", "volume": 0.27}
[2026-09-25 21:12:20.335] [SFX] {"sound": "threat_pulse", "volume": 0.36}
[2026-09-25 21:12:20.431] [SFX] {"sound": "civ_move_2", "volume": 0.27}
[2026-09-25 21:12:20.513] [SFX] {"sound": "civ_move_2", "volume": 0.23}
[2026-09-25 21:12:20.712] [SFX] {"sound": "civ_move_1", "volume": 0.27}
[2026-09-25 21:12:20.847] [SFX] {"sound": "civ_move_2", "volume": 0.28}
[2026-09-25 21:12:20.915] [SFX] {"sound": "civ_move_2", "volume": 0.22}
[2026-09-25 21:12:21.114] [SFX] {"sound": "civ_move_1", "volume": 0.27}
[2026-09-25 21:12:21.230] [SFX] {"sound": "threat_pulse", "volume": 0.32}
[2026-09-25 21:12:21.253] [SFX] {"sound": "civ_move_2", "volume": 0.29}
[2026-09-25 21:12:21.318] [SFX] {"sound": "civ_move_2", "volume": 0.21}
[2026-09-25 21:12:21.470] [C] {"civ_pos": [12, 40]}
[2026-09-25 21:12:21.534] [SFX] {"sound": "civ_move_1", "volume": 0.27}
[2026-09-25 21:12:21.653] [SFX] {"sound": "civ_move_2", "volume": 0.24}
[2026-09-25 21:12:21.725] [SFX] {"sound": "civ_move_2", "volume": 0.19}
[2026-09-25 21:12:21.944] [SFX] {"sound": "civ_move_1", "volume": 0.27}
[2026-09-25 21:12:22.061] [SFX] {"sound": "civ_move_2", "volume": 0.23}
[2026-09-25 21:12:22.131] [SFX] {"sound": "civ_move_2", "volume": 0.18}
[2026-09-25 21:12:22.350] [SFX] {"sound": "civ_move_1", "volume": 0.27}
[2026-09-25 21:12:22.468] [SFX] {"sound": "civ_move_2", "volume": 0.22}
[2026-09-25 21:12:22.535] [SFX] {"sound": "civ_move_2", "volume": 0.17}
[2026-09-25 21:12:22.765] [SFX] {"sound": "civ_move_1", "volume": 0.27}
[2026-09-25 21:12:22.868] [SFX] {"sound": "civ_move_2", "volume": 0.21}
[2026-09-25 21:12:22.938] [SFX] {"sound": "civ_move_2", "volume": 0.16}
[2026-09-25 21:12:23.172] [SFX] {"sound": "civ_move_1", "volume": 0.27}
[2026-09-25 21:12:23.270] [SFX] {"sound": "civ_move_2", "volume": 0.2}
[2026-09-25 21:12:23.354] [SFX] {"sound": "civ_move_2", "volume": 0.15}
[2026-09-25 21:12:23.468] [M] {"button": 1, "pos": [321, 150], "ui_clicked": false}
[2026-09-25 21:12:23.476] [P] {"start": [12, 41], "goal": [12, 36], "length": 1, "is_direction_change": false}
[2026-09-25 21:12:23.477] [SFX] {"sound": "click_target", "volume": 0.89}
[2026-09-25 21:12:23.580] [SFX] {"sound": "civ_move_1", "volume": 0.28}
[2026-09-25 21:12:23.604] [SFX] {"sound": "player_move", "volume": 0.4}
[2026-09-25 21:12:23.682] [SFX] {"sound": "civ_move_2", "volume": 0.16}
[2026-09-25 21:12:23.769] [SFX] {"sound": "civ_move_2", "volume": 0.14}
[2026-09-25 21:12:23.986] [SFX] {"sound": "civ_move_1", "volume": 0.24}
[2026-09-25 21:12:23.987] [C] {"civ_pos": [12, 36]}
[2026-09-25 21:12:24.083] [SFX] {"sound": "civ_move_2", "volume": 0.15}
[2026-09-25 21:12:24.083] [SFX] {"sound": "civ_move_2", "volume": 0.0}
[2026-09-25 21:12:24.169] [SFX] {"sound": "civ_move_2", "volume": 0.13}
[2026-09-25 21:12:24.392] [SFX] {"sound": "civ_move_1", "volume": 0.24}
[2026-09-25 21:12:24.493] [SFX] {"sound": "civ_move_2", "volume": 0.14}
[2026-09-25 21:12:24.494] [SFX] {"sound": "civ_move_2", "volume": 0.02}
[2026-09-25 21:12:24.578] [SFX] {"sound": "civ_move_2", "volume": 0.12}
[2026-09-25 21:12:24.794] [SFX] {"sound": "civ_move_1", "volume": 0.24}
[2026-09-25 21:12:24.898] [SFX] {"sound": "civ_move_2", "volume": 0.13}
[2026-09-25 21:12:24.899] [SFX] {"sound": "civ_move_2", "volume": 0.03}
[2026-09-25 21:12:24.985] [SFX] {"sound": "civ_move_2", "volume": 0.1}
[2026-09-25 21:12:25.204] [SFX] {"sound": "civ_move_1", "volume": 0.24}
[2026-09-25 21:12:25.304] [SFX] {"sound": "civ_move_2", "volume": 0.12}
[2026-09-25 21:12:25.305] [SFX] {"sound": "civ_move_2", "volume": 0.04}
[2026-09-25 21:12:25.388] [SFX] {"sound": "civ_move_2", "volume": 0.09}
[2026-09-25 21:12:25.609] [SFX] {"sound": "civ_move_1", "volume": 0.24}
[2026-09-25 21:12:25.707] [SFX] {"sound": "civ_move_2", "volume": 0.11}
[2026-09-25 21:12:25.708] [SFX] {"sound": "civ_move_2", "volume": 0.05}
[2026-09-25 21:12:25.792] [SFX] {"sound": "civ_move_2", "volume": 0.08}
[2026-09-25 21:12:26.023] [SFX] {"sound": "civ_move_1", "volume": 0.24}
[2026-09-25 21:12:26.107] [SFX] {"sound": "civ_move_2", "volume": 0.1}
[2026-09-25 21:12:26.108] [SFX] {"sound": "civ_move_2", "volume": 0.07}
[2026-09-25 21:12:26.425] [SFX] {"sound": "civ_move_1", "volume": 0.24}
[2026-09-25 21:12:26.494] [C] {"civ_pos": [12, 36]}
[2026-09-25 21:12:26.523] [JACK] Subroutine gesichtet. Ob der wertvollen Loot geladen hat?
[2026-09-25 21:12:26.524] [SFX] {"sound": "civ_move_2", "volume": 0.09}
[2026-09-25 21:12:26.524] [SFX] {"sound": "civ_move_2", "volume": 0.08}
[2026-09-25 21:12:26.604] [SFX] {"sound": "civ_move_2", "volume": 0.06}
[2026-09-25 21:12:26.836] [SFX] {"sound": "civ_move_1", "volume": 0.24}
[2026-09-25 21:12:26.924] [SFX] {"sound": "civ_move_2", "volume": 0.08}
[2026-09-25 21:12:26.925] [SFX] {"sound": "civ_move_2", "volume": 0.09}
[2026-09-25 21:12:27.007] [SFX] {"sound": "civ_move_2", "volume": 0.04}
[2026-09-25 21:12:27.240] [SFX] {"sound": "civ_move_1", "volume": 0.24}
[2026-09-25 21:12:27.326] [SFX] {"sound": "civ_move_2", "volume": 0.07}
[2026-09-25 21:12:27.326] [SFX] {"sound": "civ_move_2", "volume": 0.1}
[2026-09-25 21:12:27.407] [SFX] {"sound": "civ_move_2", "volume": 0.03}
[2026-09-25 21:12:27.655] [SFX] {"sound": "civ_move_1", "volume": 0.24}
[2026-09-25 21:12:27.740] [SFX] {"sound": "civ_move_2", "volume": 0.06}
[2026-09-25 21:12:27.741] [SFX] {"sound": "civ_move_2", "volume": 0.11}
[2026-09-25 21:12:27.808] [SFX] {"sound": "civ_move_2", "volume": 0.02}
[2026-09-25 21:12:28.057] [SFX] {"sound": "civ_move_1", "volume": 0.24}
[2026-09-25 21:12:28.143] [SFX] {"sound": "civ_move_2", "volume": 0.05}
[2026-09-25 21:12:28.144] [SFX] {"sound": "civ_move_2", "volume": 0.13}
[2026-09-25 21:12:28.213] [SFX] {"sound": "civ_move_2", "volume": 0.01}
[2026-09-25 21:12:28.464] [SFX] {"sound": "civ_move_1", "volume": 0.24}
[2026-09-25 21:12:28.551] [SFX] {"sound": "civ_move_2", "volume": 0.04}
[2026-09-25 21:12:28.552] [SFX] {"sound": "civ_move_2", "volume": 0.14}
[2026-09-25 21:12:28.868] [SFX] {"sound": "civ_move_1", "volume": 0.24}
[2026-09-25 21:12:28.953] [SFX] {"sound": "civ_move_2", "volume": 0.03}
[2026-09-25 21:12:28.953] [SFX] {"sound": "civ_move_2", "volume": 0.15}
[2026-09-25 21:12:29.004] [C] {"civ_pos": [12, 36]}
